Unnamed: 0.1,event,particle_track_id,particle_parent_track_id,particle_pdg_code,particle_mass,particle_charge,particle_process_key,particle_initial_energy,particle_initial_x,particle_initial_y,particle_initial_z,particle_initial_t,particle_final_x,particle_final_y,particle_final_z,particle_final_t,particle_final_kinetic_energy,particle_final_momentum,particle_decay_flag,particle_detector_x_tag,particle_detector_y_tag,Unnamed: 0
1,0.0,2.0,0.0,321.0,493.6,1.0,20.0,594.6775606118613,115.0,300.0,180.0,0.0,124.0834321261694,295.88011201243705,187.9101753326227,24.14687911194638,0.0,0.0,1.0,310.0,739.0,
224,1.0,2.0,0.0,321.0,493.6,1.0,20.0,532.441866199107,115.0,300.0,180.0,0.0,113.29563860080891,301.6375779146796,180.00954578140968,27.023654751220416,0.0,0.0,1.0,283.0,754.0,1.0
960,2.0,2.0,0.0,321.0,493.6,1.0,20.0,549.8946709648693,115.0,300.0,180.0,0.0,119.61832499480752,299.77548334311393,179.8466994484201,9.40753977044437,0.0,0.0,1.0,299.0,749.0,1.0
1430,3.0,2.0,0.0,321.0,493.6,1.0,20.0,589.5728870747442,115.0,300.0,180.0,0.0,110.9161400791171,294.42950113779415,189.54314209268537,5.7938890023229614,0.0,0.0,1.0,277.0,736.0,1.0
2777,4.0,2.0,0.0,321.0,493.60000000000014,1.0,20.0,645.3795484890788,115.0,300.0,180.0,0.0,119.68498633931418,281.2824112821543,164.03414265862426,18.467555838257976,0.0,0.0,1.0,299.0,703.0,1.0
4607,5.0,2.0,0.0,321.0,493.6,1.0,20.0,558.0546348417403,115.0,300.0,180.0,0.0,109.291659554976,298.65490348389307,179.58293376818284,28.12385257245959,0.0,0.0,1.0,273.0,746.0,1.0
6079,6.0,2.0,0.0,321.0,493.5999999999999,1.0,20.0,629.4887237113855,115.0,300.0,180.0,0.0,133.01830933947207,292.32199778661095,172.89760184028515,7.178892273493191,0.0,0.0,1.0,332.0,730.0,1.0
6222,7.0,2.0,0.0,321.0,493.6,1.0,20.0,534.9002740348599,115.0,300.0,180.0,0.0,113.244301991028,300.1297727603284,182.04329237056183,6.65848900426346,0.0,0.0,1.0,283.0,750.0,1.0
7608,8.0,2.0,0.0,321.0,493.6,1.0,20.0,544.6122128774012,115.0,300.0,180.0,0.0,112.1103292932508,298.1173840762784,181.70800049275007,25.56314941426869,0.0,0.0,1.0,280.0,745.0,1.0
11651,9.0,2.0,0.0,321.0,493.59999999999985,1.0,20.0,603.9036371973425,115.0,300.0,180.0,0.0,115.4552032733592,306.6431696294295,166.67593140560408,1.2081675125585154,0.0,0.0,1.0,288.0,766.0,1.0
11779,10.0,2.0,0.0,321.0,493.6,1.0,20.0,532.0116422766162,115.0,300.0,180.0,0.0,112.84040762944817,299.37076751721514,179.5558065512859,31.126076781170667,0.0,0.0,1.0,282.0,748.0,1.0
11956,11.0,2.0,0.0,321.0,493.60000000000014,1.0,20.0,579.378908035292,115.0,300.0,180.0,0.0,112.68153629054063,304.64661620304173,171.8720240015771,17.080961301220242,0.0,0.0,1.0,281.0,761.0,1.0
13514,12.0,2.0,0.0,321.0,493.6,1.0,20.0,566.9602299889984,115.0,300.0,180.0,0.0,107.96787777760387,301.00004621550346,181.1664404913989,3.8261295607308736,0.0,0.0,1.0,269.0,752.0,1.0
14858,13.0,2.0,0.0,321.0,493.5999999999999,1.0,20.0,523.3212015595283,115.0,300.0,180.0,0.0,114.0309492573216,301.0457317650909,180.4026173155833,0.8574953124357179,0.0,0.0,1.0,285.0,752.0,1.0
19329,14.0,2.0,0.0,321.0,493.60000000000014,1.0,20.0,622.3348862185405,115.0,300.0,180.0,0.0,104.79765252618388,285.8773359625885,188.7273359428629,2.047120451064303,0.0,0.0,1.0,261.0,714.0,1.0
19638,15.0,2.0,0.0,321.0,493.6,1.0,20.0,624.1903494790747,115.0,300.0,180.0,0.0,126.77911384301024,291.7535283061882,166.7795753347877,2.8699055321784908,0.0,0.0,1.0,316.0,729.0,1.0
19904,16.0,2.0,0.0,321.0,493.6,1.0,20.0,664.292253832957,115.0,300.0,180.0,0.0,130.46223272403626,293.4695034479506,164.52158697064775,1.2614876357850544,76.06264787218183,284.3845501794101,1.0,326.0,733.0,1.0
20273,17.0,2.0,0.0,321.0,493.5999999999999,1.0,20.0,575.5008276438291,115.0,300.0,180.0,0.0,114.16439625761195,299.676933953751,188.74315079129832,24.77848586841309,0.0,0.0,1.0,285.0,749.0,1.0
20492,18.0,2.0,0.0,321.0,493.6000000000001,1.0,20.0,674.3783237342745,115.0,300.0,180.0,0.0,84.6923069607367,308.52903634309445,193.41105525692183,4.393124757161566,0.0,0.0,1.0,211.0,771.0,1.0
21799,19.0,2.0,0.0,321.0,493.6,1.0,20.0,576.2012608172821,115.0,300.0,180.0,0.0,114.56743478356152,291.2709011735508,178.42172864157408,5.586233849859925,0.0,0.0,1.0,286.0,728.0,1.0
24033,20.0,2.0,0.0,321.0,493.5999999999999,1.0,20.0,554.0262134451826,115.0,300.0,180.0,0.0,113.23635482374452,295.3881519977511,181.4191484643197,57.198289441365176,0.0,0.0,1.0,283.0,738.0,1.0
25074,21.0,2.0,0.0,321.0,493.5999999999999,1.0,20.0,663.8723818778135,115.0,300.0,180.0,0.0,102.29662099489433,290.9772481978898,206.4520811793157,5.333511655468946,0.0,0.0,1.0,255.0,727.0,1.0
25200,22.0,2.0,0.0,321.0,493.60000000000014,1.0,20.0,610.3802303024274,115.0,300.0,180.0,0.0,129.4305802763704,293.8053100961087,176.08441008045227,7.570755723755921,0.0,0.0,1.0,323.0,734.0,1.0
25471,23.0,2.0,0.0,321.0,493.5999999999999,1.0,20.0,642.7859518104552,115.0,300.0,180.0,0.0,110.23639433708048,301.4735453038296,156.12027978090242,42.2805555563448,0.0,0.0,1.0,275.0,753.0,1.0
26935,24.0,2.0,0.0,321.0,493.6,1.0,20.0,554.6065859352324,115.0,300.0,180.0,0.0,114.60061361387896,303.80939148052636,176.48113610082817,26.50390103947215,0.0,0.0,1.0,286.0,759.0,1.0
27120,25.0,2.0,0.0,321.0,493.5999999999999,1.0,20.0,582.2987682017717,115.0,300.0,180.0,0.0,115.32482789923009,300.03338892496106,178.5695927573397,0.0928550577426744,81.50745603618539,295.1400108226821,1.0,288.0,750.0,1.0
29394,26.0,2.0,0.0,321.0,493.60000000000014,1.0,20.0,527.0157528526261,115.0,300.0,180.0,0.0,113.6432943906144,300.7087799768473,181.0439878638468,16.73807453547536,0.0,0.0,1.0,284.0,751.0,1.0
30377,27.0,2.0,0.0,321.0,493.6,1.0,20.0,552.729854971373,115.0,300.0,180.0,0.0,114.31130132787112,304.7507588455112,177.98111403219568,1.9162066449549808,0.0,0.0,1.0,285.0,761.0,1.0
32746,28.0,2.0,0.0,321.0,493.6,1.0,20.0,543.8230168344709,115.0,300.0,180.0,0.0,118.20802731223804,300.4073355109317,178.06260380392305,16.765960450229194,0.0,0.0,1.0,295.0,751.0,1.0
32858,29.0,2.0,0.0,321.0,493.6,1.0,20.0,586.4252239717146,115.0,300.0,180.0,0.0,111.72416816091152,307.8161274252821,173.09464764407974,6.46519647857458,0.0,0.0,1.0,279.0,769.0,1.0
33094,30.0,2.0,0.0,321.0,493.6,1.0,20.0,567.9815119266244,115.0,300.0,180.0,0.0,111.9097827398184,294.3149427190979,184.5004617576112,2.142782723302839,0.0,0.0,1.0,279.0,735.0,1.0
33259,31.0,2.0,0.0,321.0,493.6,1.0,20.0,500.5754898322048,115.0,300.0,180.0,0.0,115.06628177543824,300.08813914559795,180.04759829114352,7.595524982254145,0.0,0.0,1.0,287.0,750.0,1.0
33942,32.0,2.0,0.0,321.0,493.6,1.0,20.0,635.8522863967519,115.0,300.0,180.0,0.0,113.7607201830392,286.96711854082287,198.8404787115956,11.493945717013968,0.0,0.0,1.0,284.0,717.0,1.0
35719,33.0,2.0,0.0,321.0,493.6,1.0,20.0,500.4904496693161,115.0,300.0,180.0,0.0,115.05987517299364,300.0751802544176,179.93724312747008,8.901959760608847,0.0,0.0,1.0,287.0,750.0,1.0
36555,34.0,2.0,0.0,321.0,493.6,1.0,20.0,532.6031554677464,115.0,300.0,180.0,0.0,113.24050906613763,301.7156279517294,180.1306045190389,1.4367615355697767,0.0,0.0,1.0,283.0,754.0,1.0
37510,35.0,2.0,0.0,321.0,493.6,1.0,20.0,522.3773535865398,115.0,300.0,180.0,0.0,115.14252535337512,300.23721168208124,178.6161157999773,2.2936862621004166,0.0,0.0,1.0,287.0,750.0,1.0
38448,36.0,2.0,0.0,321.0,493.6,1.0,20.0,588.2636679617144,115.0,300.0,180.0,0.0,109.94168075767296,289.9193448092756,182.0541834612911,47.653695249925384,0.0,0.0,1.0,274.0,724.0,1.0
40330,37.0,2.0,0.0,321.0,493.60000000000014,1.0,20.0,598.8032213338223,115.0,300.0,180.0,0.0,105.7264559811457,303.9835160692975,170.61736657645957,17.311180930873252,0.0,0.0,1.0,264.0,759.0,1.0
40530,38.0,2.0,0.0,321.0,493.5999999999999,1.0,20.0,693.887595688197,115.0,300.0,180.0,0.0,96.01932645043284,333.74941750516,184.93553164019684,5.881838065842187,0.0,0.0,1.0,240.0,834.0,1.0
40782,39.0,2.0,0.0,321.0,493.5999999999999,1.0,20.0,580.871892215517,115.0,300.0,180.0,0.0,123.8155002020018,295.6352629959366,180.11085151897282,11.220513110381354,0.0,0.0,1.0,309.0,739.0,1.0
40960,40.0,3.0,2.0,321.0,493.677,1.0,20.0,507.8756823295053,113.37634774195092,298.7932804416553,179.67125995618616,0.1504293747355881,113.67114621539892,299.00149148453437,179.51542659937556,25.093040108883702,0.0,0.0,1.0,284.0,747.0,2.0
42543,41.0,2.0,0.0,321.0,493.6,1.0,20.0,625.4786579895012,115.0,300.0,180.0,0.0,132.12355886305022,305.4093043656666,171.2850574697938,7.203789137554809,0.0,0.0,1.0,330.0,763.0,1.0
42791,42.0,2.0,0.0,321.0,493.59999999999985,1.0,20.0,528.5317795796645,115.0,300.0,180.0,0.0,114.81232767742696,301.8399849632543,180.71699415993868,13.77561768499465,0.0,0.0,1.0,287.0,754.0,1.0
43220,43.0,2.0,0.0,321.0,493.5999999999999,1.0,20.0,608.4367114048553,115.0,300.0,180.0,0.0,104.02499225179103,310.39629875609995,183.99473427769368,10.45581658846255,0.0,0.0,1.0,260.0,775.0,1.0
45856,44.0,2.0,0.0,321.0,493.6,1.0,20.0,505.93959327562345,115.0,300.0,180.0,0.0,115.06181429864009,300.25552975296665,180.1612804874099,3.0974699505951673,0.0,0.0,1.0,287.0,750.0,1.0
46790,45.0,2.0,0.0,321.0,493.5999999999999,1.0,20.0,584.8356078051684,115.0,300.0,180.0,0.0,121.16320230956444,294.3798895449183,175.19255183579577,0.7162999815260428,23.6764711590698,154.70613308715318,1.0,302.0,735.0,1.0
51966,46.0,2.0,0.0,321.0,493.6,1.0,20.0,525.1513290645389,115.0,300.0,180.0,0.0,115.16169957930526,299.04930090604637,181.35545340961136,3.5158434412750483,0.0,0.0,1.0,287.0,747.0,1.0
52373,47.0,2.0,0.0,321.0,493.6,1.0,20.0,690.4353973420853,115.0,300.0,180.0,0.0,110.07798545980545,263.7594429096293,192.46723019074017,8.765897537482317,0.0,0.0,1.0,275.0,659.0,1.0
52566,48.0,2.0,0.0,321.0,493.6,1.0,20.0,600.2311165410285,115.0,300.0,180.0,0.0,119.41669054038218,287.64468090690366,174.78202647751468,3.072293086834203,0.0,0.0,1.0,298.0,719.0,1.0
53653,49.0,2.0,0.0,321.0,493.60000000000014,1.0,20.0,639.5600212057128,115.0,300.0,180.0,0.0,114.93738285828668,276.62128769261403,175.18976365503173,14.36473405850658,0.0,0.0,1.0,287.0,691.0,1.0
53823,50.0,2.0,0.0,321.0,493.60000000000014,1.0,20.0,556.7249045389281,115.0,300.0,180.0,0.0,111.88026235968432,296.48333669351064,183.0728794740492,3.1920529233005923,0.0,0.0,1.0,279.0,741.0,1.0
54072,51.0,8.0,2.0,321.0,493.67700000000013,1.0,20.0,522.999006451971,126.2483390711109,294.4965216469679,199.0915322261011,1.3328835256590834,125.53088740529412,294.9951664445499,200.27993457199597,2.6133907133602245,0.0,0.0,1.0,313.0,737.0,7.0
55974,52.0,2.0,0.0,321.0,493.6,1.0,20.0,562.5536151674687,115.0,300.0,180.0,0.0,111.15545346163746,304.22526265206756,176.72056492328875,5.995432231030526,0.0,0.0,1.0,277.0,760.0,1.0
56118,53.0,2.0,0.0,321.0,493.6,1.0,20.0,566.795280062152,115.0,300.0,180.0,0.0,112.46039682681187,304.15343205521594,174.68775748140655,12.206884828210288,0.0,0.0,1.0,281.0,760.0,1.0
56421,54.0,2.0,0.0,321.0,493.6,1.0,20.0,573.3682147926904,115.0,300.0,180.0,0.0,116.3236756781699,306.7039098181179,184.77440126202868,4.31448862215688,0.0,0.0,1.0,290.0,766.0,1.0
57594,55.0,2.0,0.0,321.0,493.6000000000001,1.0,20.0,588.2931178047063,115.0,300.0,180.0,0.0,123.32138316611496,305.2625908095163,185.2363264241859,2.183129508168496,0.0,0.0,1.0,308.0,763.0,1.0
57717,56.0,2.0,0.0,321.0,493.6,1.0,20.0,493.8841922196851,115.0,300.0,180.0,0.0,115.00049254226532,300.0001732389374,180.00040818792382,11.933164578862671,0.0,0.0,1.0,287.0,750.0,1.0
60675,57.0,7.0,2.0,321.0,493.677,1.0,20.0,576.0386051908896,111.99480688756212,309.3112134863486,178.36148659500992,0.5349326939558864,106.77878814541428,312.82929510505517,172.14040728380914,16.45915382785732,0.0,0.0,1.0,266.0,782.0,6.0
61187,58.0,2.0,0.0,321.0,493.59999999999985,1.0,20.0,601.3250778757449,115.0,300.0,180.0,0.0,128.6454873702949,297.93995662451454,181.8418495182836,1.0129610296286946,14.32179100178636,119.76471005459972,1.0,321.0,744.0,1.0
61371,59.0,2.0,0.0,321.0,493.6,1.0,20.0,634.2074505273828,115.0,300.0,180.0,0.0,128.35371316026885,301.291292957097,197.70808291250128,3.180542119075517,0.0,0.0,1.0,320.0,753.0,1.0
62547,60.0,2.0,0.0,321.0,493.6,1.0,20.0,592.6377187775007,115.0,300.0,180.0,0.0,103.52323682271256,302.84326928544795,183.83216945587057,6.891569717747548,0.0,0.0,1.0,258.0,757.0,1.0
62772,61.0,2.0,0.0,321.0,493.6,1.0,20.0,601.4491100299963,115.0,300.0,180.0,0.0,113.17871389971758,291.28633446076765,191.34614950697156,26.316996357527923,0.0,0.0,1.0,282.0,728.0,1.0
62925,62.0,2.0,0.0,321.0,493.6,1.0,20.0,509.55068250916247,115.0,300.0,180.0,0.0,115.21745085126832,300.3877382332402,180.18589333100968,12.25997728619507,0.0,0.0,1.0,288.0,750.0,1.0
63384,63.0,2.0,0.0,321.0,493.6,1.0,20.0,526.726511175952,115.0,300.0,180.0,0.0,115.96516441900194,299.93538282944644,181.4810473290044,24.040681401206193,0.0,0.0,1.0,289.0,749.0,1.0
65429,64.0,2.0,0.0,321.0,493.6,1.0,20.0,577.7141219330402,115.0,300.0,180.0,0.0,112.49818217028694,305.89148610183577,172.97111197142397,13.051077362446074,0.0,0.0,1.0,281.0,764.0,1.0
65737,65.0,2.0,0.0,321.0,493.60000000000014,1.0,20.0,627.4188035415027,115.0,300.0,180.0,0.0,106.65568381905209,286.728082841067,167.27874427408045,11.003767568590597,0.0,0.0,1.0,266.0,716.0,1.0
66795,66.0,2.0,0.0,321.0,493.6,1.0,20.0,551.2457541583601,115.0,300.0,180.0,0.0,116.9823792168676,298.5469641538066,184.10782496339937,1.5131508327209011,0.0,0.0,1.0,292.0,746.0,1.0
67033,67.0,2.0,0.0,321.0,493.59999999999985,1.0,20.0,562.4812243671031,115.0,300.0,180.0,0.0,108.75455688262336,301.8033374343873,180.75099106079537,1.8214625569926524,0.0,0.0,1.0,271.0,754.0,1.0
68564,68.0,2.0,0.0,321.0,493.59999999999985,1.0,20.0,602.772618702963,115.0,300.0,180.0,0.0,101.98089993212456,293.9791026293488,178.33064377600795,1.9547063409219811,0.0,0.0,1.0,254.0,734.0,1.0
68696,69.0,2.0,0.0,321.0,493.6,1.0,20.0,536.6071549272194,115.0,300.0,180.0,0.0,112.66287242461758,298.51881012762743,180.86477618041437,9.670329089241198,0.0,0.0,1.0,281.0,746.0,1.0
69017,70.0,2.0,0.0,321.0,493.59999999999985,1.0,20.0,631.9832546922215,115.0,300.0,180.0,0.0,110.0860543879833,302.0851230629046,181.12398852092377,0.2969609061377997,116.49549204630472,358.57432899640577,1.0,275.0,755.0,1.0
69199,71.0,2.0,0.0,321.0,493.5999999999999,1.0,20.0,618.5921917093242,115.0,300.0,180.0,0.0,119.71640396674027,292.3252731504416,163.83579001247136,9.778441425287578,0.0,0.0,1.0,299.0,730.0,1.0
70378,72.0,2.0,0.0,321.0,493.6,1.0,20.0,499.0988281844331,115.0,300.0,180.0,0.0,114.99658405435996,299.92267341391414,180.0045795511353,19.17420114635952,0.0,0.0,1.0,287.0,749.0,1.0
71081,73.0,2.0,0.0,321.0,493.5999999999999,1.0,20.0,562.0802810667373,115.0,300.0,180.0,0.0,115.86993641592952,305.6268329761454,182.6789532390628,16.790577494444868,0.0,0.0,1.0,289.0,764.0,1.0
71236,74.0,2.0,0.0,321.0,493.59999999999985,1.0,20.0,582.4837337773231,115.0,300.0,180.0,0.0,114.09750278730064,300.3634359080453,170.28163170150577,7.5949095766735075,0.0,0.0,1.0,285.0,750.0,1.0
71431,75.0,2.0,0.0,321.0,493.5999999999999,1.0,20.0,627.0442619236051,115.0,300.0,180.0,0.0,110.31425137705888,290.75969173518206,162.91231214998123,1.4550890647586805,0.0,0.0,1.0,275.0,726.0,1.0
72533,76.0,2.0,0.0,321.0,493.6,1.0,20.0,504.98738555114306,115.0,300.0,180.0,0.0,115.15284152830414,300.21858873043925,179.92188259387748,3.4222757957916445,0.0,0.0,1.0,287.0,750.0,1.0
74317,77.0,2.0,0.0,321.0,493.6000000000002,1.0,20.0,632.870660099539,115.0,300.0,180.0,0.0,121.8073812975753,310.0921348366741,162.00095682626483,2.306790120010324,0.0,0.0,1.0,304.0,775.0,1.0
74576,78.0,2.0,0.0,321.0,493.6000000000001,1.0,20.0,573.7854224435513,115.0,300.0,180.0,0.0,112.66179414269172,305.5869475805572,178.5893183677603,0.4528435240151619,40.640905403218355,204.3829371695458,1.0,281.0,763.0,1.0
74781,79.0,2.0,0.0,321.0,493.6,1.0,20.0,579.7575534124043,115.0,300.0,180.0,0.0,106.36640327711146,300.63675009156793,184.46840833412213,5.128485365880168,0.0,0.0,1.0,265.0,751.0,1.0
74932,80.0,6.0,2.0,321.0,493.67699999999985,1.0,20.0,534.3858778637693,125.22774970004475,293.03745698661294,174.72830876821436,0.7931529581746745,127.14837900517392,292.0657694774708,176.27005129690664,13.085963666391836,0.0,0.0,1.0,317.0,730.0,5.0
75332,81.0,2.0,0.0,321.0,493.60000000000014,1.0,20.0,607.9134586208248,115.0,300.0,180.0,0.0,125.00111163422552,294.1589956712925,190.2327630308486,22.994645181832,0.0,0.0,1.0,312.0,735.0,1.0
75522,82.0,2.0,0.0,321.0,493.6,1.0,20.0,574.3330459555165,115.0,300.0,180.0,0.0,116.07581185977983,305.6278939512239,173.42714150027308,22.20956264957996,0.0,0.0,1.0,290.0,764.0,1.0
75807,83.0,2.0,0.0,321.0,493.6,1.0,20.0,591.6030031478016,115.0,300.0,180.0,0.0,118.91870893317882,296.4194323920311,169.10482497187004,13.148462913724044,0.0,0.0,1.0,297.0,741.0,1.0
84792,84.0,2.0,0.0,321.0,493.6,1.0,20.0,498.680862387466,115.0,300.0,180.0,0.0,114.9739806335618,300.0167497914614,180.05931169720705,11.081772928513992,0.0,0.0,1.0,287.0,750.0,1.0
85605,85.0,2.0,0.0,321.0,493.6,1.0,20.0,514.3220415254939,115.0,300.0,180.0,0.0,114.35448342838812,300.31658053415924,180.32091895170092,4.908687141807312,0.0,0.0,1.0,285.0,750.0,1.0
87002,86.0,2.0,0.0,321.0,493.6,1.0,20.0,561.6335863331009,115.0,300.0,180.0,0.0,115.65670903970474,306.1790825609106,182.0803468891872,15.33644754753088,0.0,0.0,1.0,289.0,765.0,1.0
89017,87.0,2.0,0.0,321.0,493.5999999999999,1.0,20.0,556.3156699741312,115.0,300.0,180.0,0.0,120.12945735581424,302.1564106145991,180.00035857244447,47.83070942528746,0.0,0.0,1.0,300.0,755.0,1.0
90101,88.0,2.0,0.0,321.0,493.59999999999985,1.0,20.0,539.9783477439904,115.0,300.0,180.0,0.0,115.99428784224696,300.8143353386946,177.02671793305586,13.979025986066018,0.0,0.0,1.0,289.0,752.0,1.0
91058,89.0,2.0,0.0,321.0,493.6,1.0,20.0,663.7012335561459,115.0,300.0,180.0,0.0,130.6584246385782,280.56864776171113,196.56056745512993,6.794265460635142,0.0,0.0,1.0,326.0,701.0,1.0
93161,90.0,2.0,0.0,321.0,493.59999999999985,1.0,20.0,605.5592873887571,115.0,300.0,180.0,0.0,115.74756444053574,289.6170940471796,190.63897523244373,16.785148942060662,0.0,0.0,1.0,289.0,724.0,1.0
93646,91.0,2.0,0.0,321.0,493.6000000000001,1.0,20.0,540.2301809651289,115.0,300.0,180.0,0.0,115.83845005180872,302.2755666748154,182.18596252491287,4.39244531284665,0.0,0.0,1.0,289.0,755.0,1.0
93801,92.0,2.0,0.0,321.0,493.5999999999999,1.0,20.0,555.3581955597848,115.0,300.0,180.0,0.0,115.28942279032614,297.571371863308,184.7888242555761,2.2617190199629804,0.0,0.0,1.0,288.0,743.0,1.0
97976,93.0,2.0,0.0,321.0,493.6,1.0,20.0,592.6872266145137,115.0,300.0,180.0,0.0,124.4586564804404,293.59611153913625,175.79745665295533,5.148951892346772,0.0,0.0,1.0,311.0,733.0,1.0
98159,94.0,2.0,0.0,321.0,493.6,1.0,20.0,573.8824601749357,115.0,300.0,180.0,0.0,118.89689660627684,292.80905196088116,183.06345812741128,5.207728207542356,0.0,0.0,1.0,297.0,732.0,1.0
99442,95.0,2.0,0.0,321.0,493.5999999999998,1.0,20.0,638.2889150552725,115.0,300.0,180.0,0.0,108.99293186848578,301.0563139011116,179.23315374811276,0.3298242792889481,122.01433740185637,367.8859230994393,1.0,272.0,752.0,1.0
99540,96.0,2.0,0.0,321.0,493.6,1.0,20.0,585.0807737934578,115.0,300.0,180.0,0.0,113.49625818937474,300.88944827558277,190.5061422824959,2.3051320777426914,0.0,0.0,1.0,283.0,752.0,1.0
99984,97.0,2.0,0.0,321.0,493.5999999999999,1.0,20.0,621.0744369278683,115.0,300.0,180.0,0.0,122.6297412373996,317.42924606924026,179.94806360927095,8.533706964638613,0.0,0.0,1.0,306.0,793.0,1.0
101216,98.0,2.0,0.0,321.0,493.60000000000014,1.0,20.0,632.9166865660726,115.0,300.0,180.0,0.0,100.64349898088616,315.6669139221477,173.93557686532353,20.443586935699077,0.0,0.0,1.0,251.0,789.0,1.0
103219,100.0,2.0,0.0,321.0,493.6,1.0,20.0,507.4784201620044,115.0,300.0,180.0,0.0,115.0947114865772,300.0995708060828,179.646991900309,1.427484117989105,0.0,0.0,1.0,287.0,750.0,1.0
103799,101.0,2.0,0.0,321.0,493.59999999999985,1.0,20.0,626.3006610113946,115.0,300.0,180.0,0.0,109.28758672995596,302.5914279150926,161.25382460694158,13.036196368131185,0.0,0.0,1.0,273.0,756.0,1.0
104016,102.0,2.0,0.0,321.0,493.6,1.0,20.0,652.2958237071002,115.0,300.0,180.0,0.0,93.100912971206,289.8183958530723,191.96842361857088,5.134520698081851,0.0,0.0,1.0,232.0,724.0,1.0
104932,103.0,2.0,0.0,321.0,493.6,1.0,20.0,509.37179072463,115.0,300.0,180.0,0.0,115.39901923614728,299.9022546371608,180.25572789757,6.163848144007362,0.0,0.0,1.0,288.0,749.0,1.0
106039,104.0,2.0,0.0,321.0,493.6,1.0,20.0,557.530100838577,115.0,300.0,180.0,0.0,110.46072861793236,301.14895038495007,176.57833015007012,1.365760925657629,0.0,0.0,1.0,276.0,752.0,1.0
107362,105.0,7.0,2.0,321.0,493.677,1.0,20.0,537.396763946383,114.06892638257064,292.7057177530442,182.6381161086756,0.4585385361022702,115.33267072399283,290.60283181103347,181.04854774332568,0.8453679292925844,0.0,0.0,1.0,288.0,726.0,6.0
108079,106.0,2.0,0.0,321.0,493.5999999999998,1.0,20.0,577.2353961300383,115.0,300.0,180.0,0.0,112.82815903110198,293.75587711017516,186.3223143935149,6.172835206705053,0.0,0.0,1.0,282.0,734.0,1.0
108194,107.0,2.0,0.0,321.0,493.6,1.0,20.0,640.9710170611172,115.0,300.0,180.0,0.0,107.64258155391448,291.5975341425292,201.1212883117432,13.516554233477498,0.0,0.0,1.0,269.0,728.0,1.0
109438,108.0,2.0,0.0,321.0,493.6,1.0,20.0,520.5183942526825,115.0,300.0,180.0,0.0,114.20415593021896,300.6706506527504,179.30952167391945,37.249045850631845,0.0,0.0,1.0,285.0,751.0,1.0
110912,109.0,2.0,0.0,321.0,493.6000000000001,1.0,20.0,527.3350692705087,115.0,300.0,180.0,0.0,115.17939610941376,300.8426837431969,178.3201407521856,10.874585780268983,0.0,0.0,1.0,287.0,752.0,1.0
112495,110.0,2.0,0.0,321.0,493.6,1.0,20.0,614.0209030567555,115.0,300.0,180.0,0.0,113.77270705790116,300.4455202676986,162.86902118455342,4.9374506652423245,0.0,0.0,1.0,284.0,751.0,1.0
113248,111.0,2.0,0.0,321.0,493.5999999999999,1.0,20.0,595.4570822420901,115.0,300.0,180.0,0.0,118.60699771768418,289.5780388649994,173.2402990092253,12.32807650339101,0.0,0.0,1.0,296.0,723.0,1.0
113447,112.0,2.0,0.0,321.0,493.59999999999985,1.0,20.0,597.5059055050956,115.0,300.0,180.0,0.0,110.35026380169332,287.9600473219572,176.75328201323603,7.174909720175917,0.0,0.0,1.0,275.0,719.0,1.0
113686,113.0,2.0,0.0,321.0,493.6,1.0,20.0,583.785854128298,115.0,300.0,180.0,0.0,125.12094247479575,299.16624182317844,179.15513533322624,1.874231441543304,0.0,0.0,1.0,312.0,747.0,1.0
113849,114.0,2.0,0.0,321.0,493.6,1.0,20.0,533.8454543571763,115.0,300.0,180.0,0.0,113.1847379798622,299.63427355783193,181.71224630909057,5.668997858584581,0.0,0.0,1.0,282.0,749.0,1.0
114242,115.0,6.0,2.0,321.0,493.677,1.0,20.0,552.926823049089,130.34702258427978,306.48524303412785,177.99649724497286,0.9774193718765932,133.3161578569322,309.65399626392934,175.24225677441896,3.399239593985485,0.0,0.0,1.0,333.0,774.0,5.0
116155,116.0,2.0,0.0,321.0,493.6,1.0,20.0,494.585917687727,115.0,300.0,180.0,0.0,114.99796340940443,299.9989265168754,179.99607138256576,3.724550063969197,0.0,0.0,1.0,287.0,749.0,1.0
116641,117.0,2.0,0.0,321.0,493.6,1.0,20.0,541.4323702517223,115.0,300.0,180.0,0.0,114.40105155922508,301.75383212011764,176.96172458214113,1.1378676567803376,0.0,0.0,1.0,286.0,754.0,1.0
117296,118.0,2.0,0.0,321.0,493.6,1.0,20.0,524.4039867362546,115.0,300.0,180.0,0.0,115.15963467866496,301.5729066390241,179.62390786618604,18.67000496019631,0.0,0.0,1.0,287.0,753.0,1.0
118004,119.0,2.0,0.0,321.0,493.6000000000001,1.0,20.0,567.4257731018618,115.0,300.0,180.0,0.0,116.62395686813664,294.9209336835007,184.96104687451924,2.0915654856877044,0.0,0.0,1.0,291.0,737.0,1.0
119493,120.0,2.0,0.0,321.0,493.60000000000014,1.0,20.0,602.557795352533,115.0,300.0,180.0,0.0,108.3944722985892,310.5821108993383,172.74737173903674,18.82094908225704,0.0,0.0,1.0,270.0,776.0,1.0
120391,121.0,2.0,0.0,321.0,493.6000000000002,1.0,20.0,664.9364792089674,115.0,300.0,180.0,0.0,87.8907445500595,286.6108097003136,180.32812708921847,19.07540508185177,0.0,0.0,1.0,219.0,716.0,1.0
120650,122.0,2.0,0.0,321.0,493.6000000000001,1.0,20.0,540.6107006815945,115.0,300.0,180.0,0.0,114.18778790159274,299.55038636677654,183.27809206485443,2.306376774325563,0.0,0.0,1.0,285.0,748.0,1.0
120824,123.0,2.0,0.0,321.0,493.6000000000001,1.0,20.0,664.0118171873017,115.0,300.0,180.0,0.0,128.06845998731396,322.64896064600583,193.991447227434,22.065467230704023,0.0,0.0,1.0,320.0,806.0,1.0
121007,124.0,2.0,0.0,321.0,493.6,1.0,20.0,549.882381905955,115.0,300.0,180.0,0.0,113.18876982387704,302.54959686272645,176.60393816180712,11.575242069123412,0.0,0.0,1.0,282.0,756.0,1.0
121249,125.0,2.0,0.0,321.0,493.6000000000001,1.0,20.0,542.6091780117475,115.0,300.0,180.0,0.0,112.63876078106776,301.2258853814718,182.5536952412645,20.313569613678208,0.0,0.0,1.0,281.0,753.0,1.0
121446,126.0,2.0,0.0,321.0,493.6000000000001,1.0,20.0,583.7269931715095,115.0,300.0,180.0,0.0,110.19013668540882,301.3861607892852,189.02642723106504,8.617893859085992,0.0,0.0,1.0,275.0,753.0,1.0
121555,127.0,2.0,0.0,321.0,493.5999999999999,1.0,20.0,586.7152909592289,115.0,300.0,180.0,0.0,125.06735465568444,304.0957943289664,177.65881074066937,26.072908675146213,0.0,0.0,1.0,312.0,760.0,1.0
122591,128.0,2.0,0.0,321.0,493.6,1.0,20.0,663.1312151458011,115.0,300.0,180.0,0.0,99.07306805471931,287.5346751969954,202.89012645646577,18.35589136603771,0.0,0.0,1.0,247.0,718.0,1.0
122808,129.0,2.0,0.0,321.0,493.5999999999998,1.0,20.0,637.6548461221747,115.0,300.0,180.0,0.0,106.91337610781925,321.97277758750664,181.93073900731684,11.90678228034805,0.0,0.0,1.0,267.0,804.0,1.0
123012,130.0,2.0,0.0,321.0,493.6,1.0,20.0,608.9473609191574,115.0,300.0,180.0,0.0,99.04920334603511,300.45681023237324,178.42707924542566,6.575683513713557,0.0,0.0,1.0,247.0,751.0,1.0
124036,131.0,2.0,0.0,321.0,493.6000000000001,1.0,20.0,574.7927200539357,115.0,300.0,180.0,0.0,123.3387330695256,298.4343204619969,182.32379774276225,11.287267593593214,0.0,0.0,1.0,308.0,746.0,1.0
124330,132.0,2.0,0.0,321.0,493.6,1.0,20.0,517.1846557584008,115.0,300.0,180.0,0.0,114.23134666438322,299.81937084879337,179.38826020265796,48.865042575146255,0.0,0.0,1.0,285.0,749.0,1.0
124592,133.0,2.0,0.0,321.0,493.6,1.0,20.0,568.4199300484241,115.0,300.0,180.0,0.0,114.94912805090624,292.8560219596191,182.25025369990843,7.243694175417685,0.0,0.0,1.0,287.0,732.0,1.0
126234,134.0,2.0,0.0,321.0,493.5999999999999,1.0,20.0,575.5568636238442,115.0,300.0,180.0,0.0,106.94105101568412,303.77919000733937,180.6422715001129,1.74463085615693,0.0,0.0,1.0,267.0,759.0,1.0
127485,135.0,2.0,0.0,321.0,493.6,1.0,20.0,535.6379466458668,115.0,300.0,180.0,0.0,116.03753286338092,297.4240817655138,180.26963897226057,1.6792777797586484,0.0,0.0,1.0,290.0,743.0,1.0
127687,136.0,2.0,0.0,321.0,493.6,1.0,20.0,498.3188301894201,115.0,300.0,180.0,0.0,114.9734327212918,300.04656119774165,180.02669495067096,3.016417109119602,0.0,0.0,1.0,287.0,750.0,1.0
129636,137.0,2.0,0.0,321.0,493.6,1.0,20.0,515.5610840401683,115.0,300.0,180.0,0.0,115.37560820719416,299.4919684260991,179.4145328825143,1.342359751871176,0.0,0.0,1.0,288.0,748.0,1.0
130336,138.0,2.0,0.0,321.0,493.60000000000014,1.0,20.0,553.6524635182585,115.0,300.0,180.0,0.0,116.509019769733,298.52279527171515,175.14146301114462,13.3289236747495,0.0,0.0,1.0,291.0,746.0,1.0
130435,139.0,2.0,0.0,321.0,493.6,1.0,20.0,577.800632049608,115.0,300.0,180.0,0.0,114.5481336330606,299.9370424793105,177.60938219966712,0.1604715910946198,69.5369356685733,271.0760932177363,1.0,286.0,749.0,1.0
130696,140.0,9.0,2.0,321.0,493.677,1.0,20.0,504.9285898024627,105.59388915459296,305.8957588846963,180.34693445891844,0.6632436257450445,105.83228456196125,305.7666803040328,180.32085242871287,9.899322704545044,0.0,0.0,1.0,264.0,764.0,8.0
132429,141.0,2.0,0.0,321.0,493.60000000000014,1.0,20.0,612.2587702825896,115.0,300.0,180.0,0.0,104.73295124622788,287.7563891121835,174.53778266382548,1.419290626028746,0.0,0.0,1.0,261.0,719.0,1.0
134049,142.0,2.0,0.0,321.0,493.6,1.0,20.0,565.0223284121889,115.0,300.0,180.0,0.0,110.78896050451416,295.54530891925333,176.410810358274,5.627295574289006,0.0,0.0,1.0,276.0,738.0,1.0
134195,143.0,2.0,0.0,321.0,493.6,1.0,20.0,509.049241486207,115.0,300.0,180.0,0.0,114.63624640965756,300.19788119923555,180.2128283156468,16.392270252532427,0.0,0.0,1.0,286.0,750.0,1.0
138150,145.0,2.0,0.0,321.0,493.60000000000014,1.0,20.0,643.3484560020307,115.0,300.0,180.0,0.0,135.0171318986035,288.1094114574108,189.38113551695977,15.091080157672998,0.0,0.0,1.0,337.0,720.0,1.0
138585,146.0,2.0,0.0,321.0,493.5999999999999,1.0,20.0,636.3243623148016,115.0,300.0,180.0,0.0,125.82699786462176,306.71318750379993,198.86339738364947,12.613026383616052,0.0,0.0,1.0,314.0,766.0,1.0
138842,147.0,2.0,0.0,321.0,493.5999999999998,1.0,20.0,561.7758472625909,115.0,300.0,180.0,0.0,112.2911321458829,295.1017831709053,176.7548818137578,26.84613075792997,0.0,0.0,1.0,280.0,737.0,1.0
139100,148.0,2.0,0.0,321.0,493.5999999999999,1.0,20.0,562.0091920268529,115.0,300.0,180.0,0.0,114.78206762192458,299.9886281246706,173.59589902183276,5.7534819281897,0.0,0.0,1.0,286.0,749.0,1.0
139244,149.0,2.0,0.0,321.0,493.6000000000001,1.0,20.0,579.7172927474428,115.0,300.0,180.0,0.0,107.35561607733806,294.24635606328025,181.34866824239032,7.5366233276551,0.0,0.0,1.0,268.0,735.0,1.0
139367,150.0,2.0,0.0,321.0,493.6000000000002,1.0,20.0,591.3376068205328,115.0,300.0,180.0,0.0,106.50731323513172,308.46090755874656,179.36537992483397,3.5646472920911094,0.0,0.0,1.0,266.0,771.0,1.0
139546,151.0,2.0,0.0,321.0,493.6,1.0,20.0,639.8746661596934,115.0,300.0,180.0,0.0,91.79720028957313,301.5586137533608,177.25510863858125,21.73996205890184,0.0,0.0,1.0,229.0,753.0,1.0
139740,152.0,2.0,0.0,321.0,493.5999999999999,1.0,20.0,628.1435206626875,115.0,300.0,180.0,0.0,114.6063511203506,306.15591744477285,160.63219729155406,9.632695874706984,0.0,0.0,1.0,286.0,765.0,1.0
141713,153.0,2.0,0.0,321.0,493.6,1.0,20.0,535.5883960553875,115.0,300.0,180.0,0.0,113.82152868669996,302.0579531091665,181.51809115677537,7.823394734718827,0.0,0.0,1.0,284.0,755.0,1.0
141986,154.0,2.0,0.0,321.0,493.6,1.0,20.0,537.1665635883533,115.0,300.0,180.0,0.0,117.22638046883938,299.47241668333066,181.79595489981443,24.329746140607934,0.0,0.0,1.0,293.0,748.0,1.0
143113,155.0,2.0,0.0,321.0,493.6000000000001,1.0,20.0,630.9925240441225,115.0,300.0,180.0,0.0,124.84577783686828,281.1437451010659,182.1252405588481,5.685834098990012,0.0,0.0,1.0,312.0,702.0,1.0
143383,156.0,2.0,0.0,321.0,493.6,1.0,20.0,522.9370294687017,115.0,300.0,180.0,0.0,113.96850419138433,299.1585461485935,179.4313566484592,35.91161228084782,0.0,0.0,1.0,284.0,747.0,1.0
144462,157.0,2.0,0.0,321.0,493.6000000000002,1.0,20.0,569.8916635471069,115.0,300.0,180.0,0.0,113.7862047867709,300.9213776569672,180.12805675865408,0.1032828614270716,67.43060266983899,266.6727903856762,1.0,284.0,752.0,1.0
145657,158.0,2.0,0.0,321.0,493.59999999999985,1.0,20.0,559.1134383848821,115.0,300.0,180.0,0.0,116.66307389995328,296.4492675569511,184.47651502939848,6.696583840098395,0.0,0.0,1.0,291.0,741.0,1.0
145824,159.0,2.0,0.0,321.0,493.59999999999985,1.0,20.0,672.9715114436619,115.0,300.0,180.0,0.0,99.9983846168727,324.0698277939551,162.46037277714387,8.39976837017555,0.0,0.0,1.0,249.0,810.0,1.0
146033,160.0,2.0,0.0,321.0,493.6,1.0,20.0,581.6293666610516,115.0,300.0,180.0,0.0,123.495810280834,304.96826231943965,178.91029126032052,16.52221790211701,0.0,0.0,1.0,308.0,762.0,1.0
148256,161.0,6.0,2.0,321.0,493.677,1.0,20.0,499.4286088406694,112.1117484865438,309.9319460359551,193.23842578559712,1.077106310730417,112.13160690587648,309.8929749028729,193.3068666062052,16.43176526434472,0.0,0.0,1.0,280.0,774.0,5.0
148443,162.0,2.0,0.0,321.0,493.5999999999999,1.0,20.0,552.5081085286929,115.0,300.0,180.0,0.0,114.57122560982044,300.0631322589369,184.89990165264396,13.575927385690186,0.0,0.0,1.0,286.0,750.0,1.0
151066,163.0,2.0,0.0,321.0,493.6,1.0,20.0,575.9611855841497,115.0,300.0,180.0,0.0,117.63779366537094,308.4685049036711,179.64846669682146,20.611246698739514,0.0,0.0,1.0,294.0,771.0,1.0
152097,164.0,2.0,0.0,321.0,493.6,1.0,20.0,533.9540815969848,115.0,300.0,180.0,0.0,117.01155293201506,299.0768929552608,181.36435343097455,1.3784981994563392,0.0,0.0,1.0,292.0,747.0,1.0
153343,165.0,2.0,0.0,321.0,493.6,1.0,20.0,566.9997433178095,115.0,300.0,180.0,0.0,112.08359673673267,306.5649825625271,181.78604241560495,13.61743670241463,0.0,0.0,1.0,280.0,766.0,1.0
153545,166.0,2.0,0.0,321.0,493.5999999999999,1.0,20.0,621.1479915596085,115.0,300.0,180.0,0.0,121.2186955892715,311.765737672955,193.23433883756624,43.20019496091073,0.0,0.0,1.0,303.0,779.0,1.0
155131,168.0,2.0,0.0,321.0,493.59999999999985,1.0,20.0,614.1731627900667,115.0,300.0,180.0,0.0,124.05151898507808,310.69778638844997,189.87531307790204,50.37375369744338,0.0,0.0,1.0,310.0,776.0,1.0
155311,169.0,2.0,0.0,321.0,493.60000000000014,1.0,20.0,663.859197384106,115.0,300.0,180.0,0.0,112.50652900607297,326.1605206384325,195.18267092334307,7.650627069742203,0.0,0.0,1.0,281.0,815.0,1.0
155533,170.0,2.0,0.0,321.0,493.6,1.0,20.0,507.23787827723334,115.0,300.0,180.0,0.0,115.33219148814382,300.1387551143289,179.8844081115532,17.32546616567485,0.0,0.0,1.0,288.0,750.0,1.0
156954,171.0,2.0,0.0,321.0,493.5999999999999,1.0,20.0,517.510312885191,115.0,300.0,180.0,0.0,114.8196391909009,299.27313316343236,180.66025993464615,19.926613082288448,0.0,0.0,1.0,287.0,748.0,1.0
158081,172.0,2.0,0.0,321.0,493.6000000000001,1.0,20.0,583.619004711989,115.0,300.0,180.0,0.0,105.31293689611992,302.1436008704669,183.1848002933994,34.08444507513745,0.0,0.0,1.0,263.0,755.0,1.0
158244,173.0,2.0,0.0,321.0,493.6,1.0,20.0,596.868275287288,115.0,300.0,180.0,0.0,121.7512956121092,308.49932176719506,187.58773337236445,1.6308601322808864,0.0,0.0,1.0,304.0,771.0,1.0
159313,174.0,2.0,0.0,321.0,493.6,1.0,20.0,565.7541385415653,115.0,300.0,180.0,0.0,110.64580168452537,295.1321779485964,177.32233588731054,21.849679986932923,0.0,0.0,1.0,276.0,737.0,1.0
159552,175.0,2.0,0.0,321.0,493.60000000000014,1.0,20.0,605.3567376200507,115.0,300.0,180.0,0.0,110.3242435719052,304.3616131633961,193.39863158939428,10.840148032282327,0.0,0.0,1.0,275.0,760.0,1.0
162131,176.0,2.0,0.0,321.0,493.6,1.0,20.0,677.0058181042833,115.0,300.0,180.0,0.0,115.08474525531751,279.51180799114167,183.0636378019364,1.0815886242973864,106.78029923884044,341.7828897328238,1.0,287.0,698.0,1.0
164874,177.0,2.0,0.0,321.0,493.6,1.0,20.0,504.5736219535624,115.0,300.0,180.0,0.0,114.99901121812503,300.25127199583096,179.99090111507556,24.77704135848919,0.0,0.0,1.0,287.0,750.0,1.0
167638,178.0,2.0,0.0,321.0,493.6,1.0,20.0,734.9356767165966,115.0,300.0,180.0,0.0,122.647412685692,319.1751712923996,131.0530647571047,38.664324306283,0.0,0.0,1.0,306.0,797.0,1.0
169011,179.0,2.0,0.0,321.0,493.5999999999999,1.0,20.0,641.7284484931332,115.0,300.0,180.0,0.0,103.62280627200724,315.70151511114636,193.95586137439787,25.86980062405805,0.0,0.0,1.0,259.0,789.0,1.0
169195,180.0,2.0,0.0,321.0,493.6,1.0,20.0,595.2439992476718,115.0,300.0,180.0,0.0,107.22632887379544,295.5165694204849,171.20361833986777,20.68993060530574,0.0,0.0,1.0,268.0,738.0,1.0
169456,181.0,2.0,0.0,321.0,493.59999999999985,1.0,20.0,541.432727233961,115.0,300.0,180.0,0.0,118.0486315257178,299.0971875143106,181.4115389723672,0.5189801601939272,0.0,0.0,1.0,295.0,747.0,1.0
169630,182.0,2.0,0.0,321.0,493.59999999999985,1.0,20.0,591.9148830922453,115.0,300.0,180.0,0.0,120.73395503685886,307.53011464108994,172.20900140347354,15.078536622213344,0.0,0.0,1.0,301.0,768.0,1.0
171510,183.0,2.0,0.0,321.0,493.6,1.0,20.0,548.9048302132779,115.0,300.0,180.0,0.0,116.60328435842314,301.5396073076465,175.92655466059645,11.617129051834564,0.0,0.0,1.0,291.0,753.0,1.0
174317,184.0,2.0,0.0,321.0,493.6,1.0,20.0,544.5377486642205,115.0,300.0,180.0,0.0,114.76025096305302,297.15394479251864,182.80466306457896,3.670050686120028,0.0,0.0,1.0,286.0,742.0,1.0
176003,185.0,2.0,0.0,321.0,493.6,1.0,20.0,524.02833834773,115.0,300.0,180.0,0.0,114.4181722606226,301.44697809251267,179.9644864818198,11.797153843861205,0.0,0.0,1.0,286.0,753.0,1.0
178547,186.0,5.0,2.0,321.0,493.6770000000001,1.0,20.0,530.069583375755,120.201710418872,297.1181223331181,181.83405855679,0.3653012955432055,119.9119493699695,295.0186977368379,182.07073696894776,24.43139312749063,0.0,0.0,1.0,299.0,737.0,4.0
180146,187.0,2.0,0.0,321.0,493.6,1.0,20.0,601.823298923284,115.0,300.0,180.0,0.0,117.24047625593224,288.68964258762026,171.3410616465912,7.793132759290593,0.0,0.0,1.0,293.0,721.0,1.0
180373,188.0,4.0,2.0,321.0,493.677,1.0,20.0,495.3953837689122,115.23030628402262,302.0612974721079,179.96438959483731,0.1871236662475301,115.2292168301586,302.06842470591107,179.95641739026627,4.899214213903563,0.0,0.0,1.0,288.0,755.0,3.0
180819,189.0,3.0,2.0,321.0,493.677,1.0,20.0,497.5070137735994,113.58509689982438,300.51075171379205,176.0466600671113,0.3293466941636455,113.58339596946556,300.5526466870793,176.04758314537474,16.750611114836868,0.0,0.0,1.0,283.0,751.0,2.0
181467,190.0,2.0,0.0,321.0,493.5999999999999,1.0,20.0,640.1969892779186,115.0,300.0,180.0,0.0,125.5070341425823,289.1904842104121,177.67048374049182,0.8650024028890481,82.12777474676743,296.34694298214805,1.0,313.0,722.0,1.0
181698,191.0,2.0,0.0,321.0,493.5999999999999,1.0,20.0,622.5075063749296,115.0,300.0,180.0,0.0,118.7868756486765,309.0874173267486,188.59646914244345,0.7825432287916108,67.03233308215273,265.83388214661016,1.0,296.0,772.0,1.0
182032,192.0,7.0,2.0,321.0,493.677,1.0,20.0,505.2785255608861,124.25305460854486,291.9347348676094,177.0336232471518,0.7039094610440528,124.43098317090696,292.03526673806476,176.8389322418038,19.766981814061452,0.0,0.0,1.0,311.0,730.0,6.0
182803,193.0,2.0,0.0,321.0,493.6,1.0,20.0,549.9833122356639,115.0,300.0,180.0,0.0,117.84200685428964,298.2041419631863,176.7839335943546,25.322661327484862,0.0,0.0,1.0,294.0,745.0,1.0
182911,194.0,2.0,0.0,321.0,493.6,1.0,20.0,622.508607159014,115.0,300.0,180.0,0.0,109.70966440387916,284.25583755506375,189.64911321294983,24.76544623961179,0.0,0.0,1.0,274.0,710.0,1.0
185764,195.0,2.0,0.0,321.0,493.6,1.0,20.0,558.1157199561018,115.0,300.0,180.0,0.0,110.20939078306505,302.8063323348684,178.0995217925978,20.4960664693208,0.0,0.0,1.0,275.0,757.0,1.0
187592,196.0,2.0,0.0,321.0,493.6,1.0,20.0,526.4926068190807,115.0,300.0,180.0,0.0,116.81236341644548,300.0335706959731,180.02209926275594,1.323737680888288,0.0,0.0,1.0,292.0,750.0,1.0
189130,197.0,2.0,0.0,321.0,493.5999999999999,1.0,20.0,605.9948106509229,115.0,300.0,180.0,0.0,127.79686801784295,295.3558856468382,173.27650632688267,26.585413959229395,0.0,0.0,1.0,319.0,738.0,1.0
189297,198.0,2.0,0.0,321.0,493.6,1.0,20.0,546.3822171825028,115.0,300.0,180.0,0.0,116.44959919351274,301.0619945204481,176.3001258777868,11.44520384131691,0.0,0.0,1.0,291.0,752.0,1.0
190815,199.0,2.0,0.0,321.0,493.5999999999997,1.0,20.0,619.5200018644944,115.0,300.0,180.0,0.0,104.11838734456371,299.0257624940519,165.3445796812601,10.503453881348378,0.0,0.0,1.0,260.0,747.0,1.0
190943,200.0,2.0,0.0,321.0,493.6000000000001,1.0,20.0,661.8833960246872,115.0,300.0,180.0,0.0,141.16996428743036,307.3435743045805,166.56116401778243,11.50553377691073,0.0,0.0,1.0,352.0,768.0,1.0
192412,201.0,2.0,0.0,321.0,493.6000000000001,1.0,20.0,602.49423356748,115.0,300.0,180.0,0.0,109.4107290155683,310.452756199105,178.98288219008998,0.7905197393552525,41.84422576435397,207.50797311040475,1.0,273.0,776.0,1.0
200774,202.0,2.0,0.0,321.0,493.5999999999999,1.0,20.0,545.858154553019,115.0,300.0,180.0,0.0,113.73759723756775,298.0708511689949,183.28089440643868,13.25925301965815,0.0,0.0,1.0,284.0,745.0,1.0
201202,203.0,2.0,0.0,321.0,493.59999999999985,1.0,20.0,527.2345550285456,115.0,300.0,180.0,0.0,116.52456463423974,300.9914573371457,180.32764066044643,1.1757053392510513,0.0,0.0,1.0,291.0,752.0,1.0
201395,204.0,2.0,0.0,321.0,493.5999999999999,1.0,20.0,567.0395664353167,115.0,300.0,180.0,0.0,112.67775893587154,297.75929897266366,186.6506636040304,23.42303939784396,0.0,0.0,1.0,281.0,744.0,1.0
204178,205.0,2.0,0.0,321.0,493.60000000000014,1.0,20.0,578.2009574912827,115.0,300.0,180.0,0.0,108.72619190647843,293.4749932502135,182.4869610901996,38.298004014768814,0.0,0.0,1.0,271.0,733.0,1.0
204412,206.0,2.0,0.0,321.0,493.6,1.0,20.0,530.555020441767,115.0,300.0,180.0,0.0,115.40067634460144,301.2601431568611,178.20031989561443,4.9288367901395365,0.0,0.0,1.0,288.0,753.0,1.0
204498,207.0,2.0,0.0,321.0,493.6,1.0,20.0,636.4764432213417,115.0,300.0,180.0,0.0,106.39476009569223,291.38983850119445,161.05699681179073,3.0106188342934272,0.0,0.0,1.0,265.0,728.0,1.0
204628,208.0,2.0,0.0,321.0,493.6,1.0,20.0,575.5585009845721,115.0,300.0,180.0,0.0,114.66227784528482,308.6072173339993,176.98121455731663,6.124681708923763,0.0,0.0,1.0,286.0,771.0,1.0
207240,209.0,2.0,0.0,321.0,493.6,1.0,20.0,648.383520200172,115.0,300.0,180.0,0.0,99.4394769887546,314.4906652369682,166.0141158176205,22.727615458314407,0.0,0.0,1.0,248.0,786.0,1.0
208582,210.0,2.0,0.0,321.0,493.6,1.0,20.0,498.7761450603243,115.0,300.0,180.0,0.0,114.95688491044086,299.95031279176914,180.01930410825267,0.106448522827215,0.0,0.0,1.0,287.0,749.0,1.0
209327,211.0,2.0,0.0,321.0,493.5999999999999,1.0,20.0,566.9158606430375,115.0,300.0,180.0,0.0,108.22384636631902,301.8149067180882,178.33031186561442,5.275071772889895,0.0,0.0,1.0,270.0,754.0,1.0
209539,212.0,2.0,0.0,321.0,493.5999999999999,1.0,20.0,619.2492773819326,115.0,300.0,180.0,0.0,116.7730062170779,285.62933284594226,168.65392204039327,26.211028992269213,0.0,0.0,1.0,291.0,714.0,1.0
211183,213.0,2.0,0.0,321.0,493.6,1.0,20.0,591.8487326994106,115.0,300.0,180.0,0.0,109.81531139187942,294.363479339846,170.2405009699216,8.14145016033944,0.0,0.0,1.0,274.0,735.0,1.0
214284,214.0,2.0,0.0,321.0,493.5999999999999,1.0,20.0,591.8273184535303,115.0,300.0,180.0,0.0,105.17546517787366,301.88051524063997,173.28716801458108,4.439104086564455,0.0,0.0,1.0,262.0,754.0,1.0
214419,215.0,2.0,0.0,321.0,493.5999999999999,1.0,20.0,603.1727516967027,115.0,300.0,180.0,0.0,102.5546753589346,292.4378981544075,179.9074564936124,3.1285390761207585,0.0,0.0,1.0,256.0,731.0,1.0
216005,216.0,2.0,0.0,321.0,493.6,1.0,20.0,615.0995842654086,115.0,300.0,180.0,0.0,112.66424616142936,303.17799196603636,188.1592193852131,0.5362325055573798,81.15531903182124,294.453250543054,1.0,281.0,757.0,1.0
217560,217.0,2.0,0.0,321.0,493.6,1.0,20.0,546.3735554638264,115.0,300.0,180.0,0.0,114.06387113999396,296.20050844145084,178.53377057833978,2.3605717585930974,0.0,0.0,1.0,285.0,740.0,1.0
218356,218.0,2.0,0.0,321.0,493.6,1.0,20.0,506.0599094582382,115.0,300.0,180.0,0.0,114.89158131086644,300.13756009830297,179.73732690575133,5.820454304676644,0.0,0.0,1.0,287.0,750.0,1.0
219103,219.0,2.0,0.0,321.0,493.5999999999999,1.0,20.0,589.0222168864703,115.0,300.0,180.0,0.0,106.56246687636552,307.1040314354411,183.2572932246163,6.967377811530621,0.0,0.0,1.0,266.0,767.0,1.0
221401,220.0,2.0,0.0,321.0,493.6,1.0,20.0,627.503711986106,115.0,300.0,180.0,0.0,113.16517501500508,316.913700940404,191.31093830962263,15.869416707611888,0.0,0.0,1.0,282.0,792.0,1.0
221668,221.0,2.0,0.0,321.0,493.6,1.0,20.0,562.079121534903,115.0,300.0,180.0,0.0,115.75944296560706,293.6230745008203,181.41999870688832,19.332035647452447,0.0,0.0,1.0,289.0,734.0,1.0
221897,222.0,2.0,0.0,321.0,493.6,1.0,20.0,644.7722796806959,115.0,300.0,180.0,0.0,135.1382789820278,303.77630609281994,193.9491938209845,31.25889664351466,0.0,0.0,1.0,337.0,759.0,1.0
223198,223.0,2.0,0.0,321.0,493.6,1.0,20.0,614.3815636078357,115.0,300.0,180.0,0.0,98.75406007782736,302.9510591242482,183.92303653525744,8.659516586836528,0.0,0.0,1.0,246.0,757.0,1.0
226497,225.0,2.0,0.0,321.0,493.6,1.0,20.0,553.2332431129603,115.0,300.0,180.0,0.0,110.1107312976965,300.50746754510044,181.0969170223004,48.817780155295125,0.0,0.0,1.0,275.0,751.0,1.0
227017,226.0,2.0,0.0,321.0,493.6,1.0,20.0,561.9152236250748,115.0,300.0,180.0,0.0,120.46232495197758,303.0827367055909,181.44156248743883,18.216280732259793,0.0,0.0,1.0,301.0,757.0,1.0
227180,227.0,2.0,0.0,321.0,493.6,1.0,20.0,570.5382242623245,115.0,300.0,180.0,0.0,107.91587490902828,297.21160018242784,177.46581287658137,1.981109921034943,0.0,0.0,1.0,269.0,743.0,1.0
228696,228.0,2.0,0.0,321.0,493.6,1.0,20.0,603.8481297976185,115.0,300.0,180.0,0.0,102.93278797789826,302.59590030813666,174.693577852676,0.9268837944733804,28.12111319479741,168.97325218275998,1.0,257.0,756.0,1.0
230405,229.0,2.0,0.0,321.0,493.6,1.0,20.0,510.3663447276586,115.0,300.0,180.0,0.0,115.42195419692516,300.29884964371394,180.1571744280193,1.7881766422352108,0.0,0.0,1.0,288.0,750.0,1.0
231997,230.0,2.0,0.0,321.0,493.5999999999999,1.0,20.0,551.8799763039866,115.0,300.0,180.0,0.0,113.054570748138,298.42387788799266,175.7347915215422,11.027225722177176,0.0,0.0,1.0,282.0,746.0,1.0
232829,231.0,2.0,0.0,321.0,493.6,1.0,20.0,514.9281624375292,115.0,300.0,180.0,0.0,114.94488516417884,300.43809428856014,180.7274732701017,10.02729952812474,0.0,0.0,1.0,287.0,751.0,1.0
236404,232.0,2.0,0.0,321.0,493.6,1.0,20.0,651.9905096951638,115.0,300.0,180.0,0.0,125.44677256788718,278.2294183352255,193.3027126064998,7.093134636692062,0.0,0.0,1.0,313.0,695.0,1.0
237336,233.0,2.0,0.0,321.0,493.6000000000001,1.0,20.0,585.1854198551255,115.0,300.0,180.0,0.0,109.51179676102178,303.317026115867,188.75439993047368,1.6921858689730105,0.0,0.0,1.0,273.0,758.0,1.0
238713,234.0,2.0,0.0,321.0,493.6000000000001,1.0,20.0,557.158741382541,115.0,300.0,180.0,0.0,113.65393670858892,297.61047240320374,175.06425478578188,6.809902448322237,0.0,0.0,1.0,284.0,744.0,1.0
240074,235.0,2.0,0.0,321.0,493.6,1.0,20.0,691.7346912133669,115.0,300.0,180.0,0.0,107.84616445067422,331.30380460095495,157.21011046520584,3.1131988488022637,0.0,0.0,1.0,269.0,828.0,1.0
240188,236.0,2.0,0.0,321.0,493.5999999999999,1.0,20.0,581.7627072350333,115.0,300.0,180.0,0.0,123.8344084760304,302.6608164284837,175.7665588265956,31.99605003877806,0.0,0.0,1.0,309.0,756.0,1.0
240419,237.0,2.0,0.0,321.0,493.6,1.0,20.0,557.481215378106,115.0,300.0,180.0,0.0,113.78426575187316,298.6416538075254,174.45658938267042,4.220458715710064,0.0,0.0,1.0,284.0,746.0,1.0
240873,238.0,2.0,0.0,321.0,493.6,1.0,20.0,571.6752257647994,115.0,300.0,180.0,0.0,110.96161087771456,294.06805889190156,176.06912658230735,1.9924757459007325,0.0,0.0,1.0,277.0,735.0,1.0
242069,239.0,2.0,0.0,321.0,493.59999999999985,1.0,20.0,610.5396286126406,115.0,300.0,180.0,0.0,108.70694134833488,301.54196648417167,167.23010868905138,0.9454444463089025,37.15272317606763,195.08329800065263,1.0,271.0,753.0,1.0
242257,240.0,2.0,0.0,321.0,493.5999999999999,1.0,20.0,563.3896197422556,115.0,300.0,180.0,0.0,110.70334907637736,297.73963163941755,184.823884387982,6.726383079034111,0.0,0.0,1.0,276.0,744.0,1.0
242671,241.0,2.0,0.0,321.0,493.6,1.0,20.0,545.6323935161269,115.0,300.0,180.0,0.0,115.9823679721527,303.11302347582244,177.69119363464037,3.9176556361228623,0.0,0.0,1.0,289.0,757.0,1.0
244869,242.0,14.0,2.0,321.0,493.677,1.0,20.0,495.39853996109446,124.9736078581166,288.6651994581184,193.01378289205996,1.224758862788592,124.96333477017676,288.6673005065841,193.01630694116653,18.05032984169053,0.0,0.0,1.0,312.0,721.0,13.0
245220,243.0,2.0,0.0,321.0,493.59999999999985,1.0,20.0,626.2128126079919,115.0,300.0,180.0,0.0,112.43614220744732,300.9436344061399,159.73540236725532,1.9792198913966517,0.0,0.0,1.0,281.0,752.0,1.0
247311,244.0,2.0,0.0,321.0,493.5999999999998,1.0,20.0,615.1188480835116,115.0,300.0,180.0,0.0,108.06673838825805,314.50924753958327,186.458314630359,6.006139292749589,0.0,0.0,1.0,270.0,786.0,1.0
247506,245.0,2.0,0.0,321.0,493.6,1.0,20.0,556.5738161757056,115.0,300.0,180.0,0.0,109.76398690039352,297.6163719771312,180.02119149375454,7.820330511998232,0.0,0.0,1.0,274.0,744.0,1.0
248784,246.0,2.0,0.0,321.0,493.5999999999999,1.0,20.0,556.5343432005354,115.0,300.0,180.0,0.0,112.11512304703942,302.40649979190334,175.7362374869372,26.11167575841954,0.0,0.0,1.0,280.0,756.0,1.0
249867,247.0,2.0,0.0,321.0,493.6000000000001,1.0,20.0,576.5475177550263,115.0,300.0,180.0,0.0,110.92524471979786,295.2809162312454,187.04775904118432,2.256586878683969,0.0,0.0,1.0,277.0,738.0,1.0
250069,248.0,2.0,0.0,321.0,493.6,1.0,20.0,629.2404525587314,115.0,300.0,180.0,0.0,120.50864337812872,293.51633838863836,199.47566823530855,4.612656786124557,0.0,0.0,1.0,301.0,733.0,1.0
250347,249.0,2.0,0.0,321.0,493.5999999999998,1.0,20.0,621.6326157740368,115.0,300.0,180.0,0.0,124.18830138499835,312.4284323236935,190.49774611356133,3.220435765859713,0.0,0.0,1.0,310.0,781.0,1.0
250553,250.0,2.0,0.0,321.0,493.60000000000014,1.0,20.0,548.08492196814,115.0,300.0,180.0,0.0,118.90377168367972,301.30936463960313,178.72179909231875,12.375523712752852,0.0,0.0,1.0,297.0,753.0,1.0
250738,251.0,2.0,0.0,321.0,493.5999999999999,1.0,20.0,596.2845588220838,115.0,300.0,180.0,0.0,113.7037028001527,300.76785201383456,177.3956917490379,0.1821947966301561,87.84678301504927,307.30994367014836,1.0,284.0,751.0,1.0
250956,252.0,2.0,0.0,321.0,493.5999999999999,1.0,20.0,615.5304893898098,115.0,300.0,180.0,0.0,113.84370971815255,299.04917856893917,197.6105239895052,6.051952013552008,0.0,0.0,1.0,284.0,747.0,1.0
252036,253.0,2.0,0.0,321.0,493.6,1.0,20.0,626.3141749574307,115.0,300.0,180.0,0.0,97.6146658381034,310.3389418701724,181.59137219384368,4.202843881308779,0.0,0.0,1.0,244.0,775.0,1.0
253122,254.0,2.0,0.0,321.0,493.5999999999999,1.0,20.0,601.7939227456177,115.0,300.0,180.0,0.0,114.11754462727312,313.7674315951583,183.03665001364337,4.094374680898026,0.0,0.0,1.0,285.0,784.0,1.0
253316,255.0,2.0,0.0,321.0,493.6,1.0,20.0,625.8386593734966,115.0,300.0,180.0,0.0,131.57523356757247,289.63962852305133,174.74568566749622,17.370919130392014,0.0,0.0,1.0,328.0,724.0,1.0
255993,256.0,2.0,0.0,321.0,493.6,1.0,20.0,616.321790152339,115.0,300.0,180.0,0.0,114.81223887751874,295.71316958001194,162.74039596886684,29.919599123556974,0.0,0.0,1.0,287.0,739.0,1.0
257935,257.0,2.0,0.0,321.0,493.6,1.0,20.0,548.5104186296422,115.0,300.0,180.0,0.0,115.62309106772663,295.4695577075013,179.43942158226824,22.12289216576588,0.0,0.0,1.0,289.0,738.0,1.0
258715,258.0,2.0,0.0,321.0,493.5999999999999,1.0,20.0,590.144021311971,115.0,300.0,180.0,0.0,119.14429326672742,289.19980686982296,177.79663207224522,27.21075928007582,0.0,0.0,1.0,297.0,722.0,1.0
259736,259.0,2.0,0.0,321.0,493.6,1.0,20.0,604.5430954636048,115.0,300.0,180.0,0.0,129.74290583278002,299.67559912631043,182.95607883131407,2.66079172000911,0.0,0.0,1.0,324.0,749.0,1.0
261049,260.0,2.0,0.0,321.0,493.6,1.0,20.0,627.0877097490729,115.0,300.0,180.0,0.0,117.75952951594586,300.92109404592526,180.6782034004948,0.1629083311156161,121.2970465714452,366.68435729150775,1.0,294.0,752.0,1.0
265838,261.0,2.0,0.0,321.0,493.5999999999999,1.0,20.0,645.2255291930511,115.0,300.0,180.0,0.0,114.91321587030436,318.26810774470573,196.85869272862084,21.742188113306767,0.0,0.0,1.0,287.0,795.0,1.0
265988,262.0,2.0,0.0,321.0,493.6,1.0,20.0,534.0437489284672,115.0,300.0,180.0,0.0,112.6710453827372,299.97259243808605,179.05049601216422,14.974058688763238,0.0,0.0,1.0,281.0,749.0,1.0
266220,263.0,2.0,0.0,321.0,493.6,1.0,20.0,506.4730524964195,115.0,300.0,180.0,0.0,114.78741513614844,299.8465406524499,180.22549581161147,0.8714409138759923,0.0,0.0,1.0,286.0,749.0,1.0
269720,264.0,2.0,0.0,321.0,493.6,1.0,20.0,563.8977043890026,115.0,300.0,180.0,0.0,120.62108960703615,296.08993765894127,179.50541539432234,13.927448486272548,0.0,0.0,1.0,301.0,740.0,1.0
270629,265.0,2.0,0.0,321.0,493.5999999999999,1.0,20.0,562.9170259976235,115.0,300.0,180.0,0.0,114.37780489287164,300.5118597166944,179.2879925750611,0.0752768462702577,63.148009266935055,257.54103716242037,1.0,285.0,751.0,1.0
271318,266.0,2.0,0.0,321.0,493.6,1.0,20.0,589.0603416883097,115.0,300.0,180.0,0.0,104.4885793673936,295.4112565123717,182.40440590040456,6.747839933483565,0.0,0.0,1.0,261.0,738.0,1.0
271490,267.0,2.0,0.0,321.0,493.6,1.0,20.0,569.4115928049697,115.0,300.0,180.0,0.0,118.70618901376854,293.1207841147179,180.26360955751989,11.584141880856343,0.0,0.0,1.0,296.0,732.0,1.0
271970,268.0,2.0,0.0,321.0,493.6,1.0,20.0,563.7657089696748,115.0,300.0,180.0,0.0,111.57993795996344,294.05386146466003,178.9821049661793,9.786605163525396,0.0,0.0,1.0,278.0,735.0,1.0
275996,269.0,2.0,0.0,321.0,493.6,1.0,20.0,504.016909008177,115.0,300.0,180.0,0.0,114.90821185306513,299.9371191809202,180.2015404884765,36.54815341209793,0.0,0.0,1.0,287.0,749.0,1.0
276136,270.0,2.0,0.0,321.0,493.59999999999985,1.0,20.0,599.3779188803718,115.0,300.0,180.0,0.0,123.37793069659465,299.0936398871453,169.21519892475482,2.5670832541745705,0.0,0.0,1.0,308.0,747.0,1.0
276388,271.0,2.0,0.0,321.0,493.6,1.0,20.0,574.95062404472,115.0,300.0,180.0,0.0,120.87861880325406,304.1036787826643,174.95342643242512,13.683271850462996,0.0,0.0,1.0,302.0,760.0,1.0
276652,272.0,2.0,0.0,321.0,493.6,1.0,20.0,500.40716706793944,115.0,300.0,180.0,0.0,115.05711694240384,300.08278829042223,180.04992083536973,15.872092684702768,0.0,0.0,1.0,287.0,750.0,1.0
276986,273.0,2.0,0.0,321.0,493.5999999999999,1.0,20.0,645.5625116791009,115.0,300.0,180.0,0.0,108.23516653005636,292.4740849198959,202.8878370103716,9.831178041962817,0.0,0.0,1.0,270.0,731.0,1.0
277202,274.0,2.0,0.0,321.0,493.5999999999999,1.0,20.0,558.2320757766768,115.0,300.0,180.0,0.0,109.91455454925968,302.46446339949074,178.3350757138533,4.618250977484628,0.0,0.0,1.0,274.0,756.0,1.0
277301,275.0,2.0,0.0,321.0,493.59999999999985,1.0,20.0,574.4993209744099,115.0,300.0,180.0,0.0,115.5199588346683,301.1891621328424,188.69339080306423,14.729809152872528,0.0,0.0,1.0,288.0,752.0,1.0
277495,276.0,2.0,0.0,321.0,493.5999999999999,1.0,20.0,567.8349154887728,115.0,300.0,180.0,0.0,119.58971240053822,303.38501961959156,175.14935721466466,45.2219283417762,0.0,0.0,1.0,298.0,758.0,1.0
278076,277.0,2.0,0.0,321.0,493.6,1.0,20.0,528.3404780537912,115.0,300.0,180.0,0.0,116.7695521153205,299.83155391805957,179.12285958244843,47.13199681859176,0.0,0.0,1.0,291.0,749.0,1.0
280714,278.0,2.0,0.0,321.0,493.6,1.0,20.0,501.0870170478301,115.0,300.0,180.0,0.0,114.88237771823022,300.0388010786786,179.95460051041223,15.198547357084085,0.0,0.0,1.0,287.0,750.0,1.0
283326,279.0,2.0,0.0,321.0,493.60000000000014,1.0,20.0,675.2734421417794,115.0,300.0,180.0,0.0,99.29382839599684,294.4809760535162,209.50738760369657,19.842041058376328,0.0,0.0,1.0,248.0,736.0,1.0
283533,280.0,2.0,0.0,321.0,493.60000000000014,1.0,20.0,590.7422023947528,115.0,300.0,180.0,0.0,122.6392100998334,296.68030125488997,188.46650085677643,10.48849458768236,0.0,0.0,1.0,306.0,741.0,1.0
283824,281.0,2.0,0.0,321.0,493.59999999999985,1.0,20.0,553.50298537048,115.0,300.0,180.0,0.0,114.52978301749285,304.8908951330801,178.6156686734418,6.573371463243306,0.0,0.0,1.0,286.0,762.0,1.0
283984,282.0,2.0,0.0,321.0,493.5999999999999,1.0,20.0,511.30172061194247,115.0,300.0,180.0,0.0,114.4203002737484,299.84083158762894,180.03586258132896,1.097407721378319,0.0,0.0,1.0,286.0,749.0,1.0
285026,283.0,2.0,0.0,321.0,493.59999999999985,1.0,20.0,605.3831423583111,115.0,300.0,180.0,0.0,128.73789669825004,298.07379022042903,174.09724890019476,9.839508699725014,0.0,0.0,1.0,321.0,745.0,1.0
286581,284.0,2.0,0.0,321.0,493.6,1.0,20.0,624.6499476174985,115.0,300.0,180.0,0.0,96.76473684683415,295.29877434159704,183.52428990924503,1.300087669182346,16.59633215341141,129.0710554028055,1.0,241.0,738.0,1.0
287932,285.0,2.0,0.0,321.0,493.59999999999985,1.0,20.0,672.3520911888687,115.0,300.0,180.0,0.0,94.04889945183932,321.8242621584532,194.4769218481388,4.405237827346115,0.0,0.0,1.0,235.0,804.0,1.0
289022,286.0,2.0,0.0,321.0,493.5999999999999,1.0,20.0,610.9013792744958,115.0,300.0,180.0,0.0,113.82193607979627,302.1142862902676,163.8032962159781,6.457865655275175,0.0,0.0,1.0,284.0,755.0,1.0
289259,287.0,2.0,0.0,321.0,493.6,1.0,20.0,600.0166647697381,115.0,300.0,180.0,0.0,111.22900935221264,299.489527958386,178.5975218793653,0.2441110342002568,87.99482059309996,307.5899467484595,1.0,278.0,748.0,1.0
290476,288.0,2.0,0.0,321.0,493.6,1.0,20.0,667.9165572323516,115.0,300.0,180.0,0.0,103.9585010025788,313.26103856865814,153.91232000655896,11.090551337566025,0.0,0.0,1.0,259.0,783.0,1.0
290689,289.0,2.0,0.0,321.0,493.59999999999985,1.0,20.0,627.7441883782908,115.0,300.0,180.0,0.0,122.9834240537174,318.7514541280678,176.59648239134472,16.472917472821067,0.0,0.0,1.0,307.0,796.0,1.0
290822,290.0,2.0,0.0,321.0,493.6,1.0,20.0,622.0815130068677,115.0,300.0,180.0,0.0,121.28640120944335,291.55916236048796,191.22831539529935,0.9595468699240762,49.41535143796859,226.32876948656028,1.0,303.0,728.0,1.0
295623,291.0,2.0,0.0,321.0,493.6,1.0,20.0,584.8442021957925,115.0,300.0,180.0,0.0,105.43937050475355,295.14808483340005,177.88844991491402,4.376428393538621,0.0,0.0,1.0,263.0,737.0,1.0
296670,292.0,9.0,2.0,321.0,493.677,1.0,20.0,529.7443013483577,133.54546584678388,303.291459892754,184.2372937433443,1.0194213573495796,133.5177451233247,303.20148605994166,186.36359344977024,21.05678296663639,0.0,0.0,1.0,333.0,758.0,8.0
299367,293.0,2.0,0.0,321.0,493.60000000000025,1.0,20.0,684.808511359958,115.0,300.0,180.0,0.0,137.0019598806531,287.93160375182026,206.5044853158197,3.203121360604924,0.0,0.0,1.0,342.0,719.0,1.0
300606,294.0,2.0,0.0,321.0,493.6,1.0,20.0,618.1633362619716,115.0,300.0,180.0,0.0,98.22874283734434,305.5735793771282,176.37567378627122,7.646955465178936,0.0,0.0,1.0,245.0,763.0,1.0
300767,295.0,2.0,0.0,321.0,493.6,1.0,20.0,596.8069418144327,115.0,300.0,180.0,0.0,113.66590596610042,310.8290427999505,187.4781467605856,26.03003127828365,0.0,0.0,1.0,284.0,777.0,1.0
302961,296.0,2.0,0.0,321.0,493.5999999999999,1.0,20.0,692.3109589251135,115.0,300.0,180.0,0.0,109.6302175416223,285.96824997839593,215.96593580428504,3.05722180444038,0.0,0.0,1.0,274.0,714.0,1.0
303855,297.0,2.0,0.0,321.0,493.6000000000001,1.0,20.0,588.6314124813873,115.0,300.0,180.0,0.0,103.98870256607212,299.4540217526477,175.61266823801813,17.429399051165603,0.0,0.0,1.0,259.0,748.0,1.0
304001,298.0,2.0,0.0,321.0,493.6,1.0,20.0,611.4527312971996,115.0,300.0,180.0,0.0,121.8910185253624,299.81740434636714,172.85151128284696,0.606341362397109,68.17939868305238,268.24453915167015,1.0,304.0,749.0,1.0
304220,299.0,2.0,0.0,321.0,493.6,1.0,20.0,545.9912139175897,115.0,300.0,180.0,0.0,111.87115965441495,297.53057306206165,179.45989543359696,4.951171917137043,0.0,0.0,1.0,279.0,743.0,1.0
304761,300.0,2.0,0.0,321.0,493.5999999999999,1.0,20.0,572.5828981686999,115.0,300.0,180.0,0.0,114.4009716838678,308.0974562151485,181.7773934520152,12.228727237012048,0.0,0.0,1.0,286.0,770.0,1.0
306927,301.0,2.0,0.0,321.0,493.6,1.0,20.0,529.2818833644288,115.0,300.0,180.0,0.0,114.52551616059354,299.23001865017784,181.85206647763408,8.271124011320126,0.0,0.0,1.0,286.0,748.0,1.0
307038,302.0,2.0,0.0,321.0,493.5999999999999,1.0,20.0,605.1772912253381,115.0,300.0,180.0,0.0,115.88698252032752,304.48325636822847,165.80335788127678,17.242069893973586,0.0,0.0,1.0,289.0,761.0,1.0
307188,303.0,2.0,0.0,321.0,493.59999999999985,1.0,20.0,558.4404635502627,115.0,300.0,180.0,0.0,119.07465280992888,296.5708047546674,177.24001208493158,44.24819616951106,0.0,0.0,1.0,297.0,741.0,1.0
307460,304.0,2.0,0.0,321.0,493.5999999999999,1.0,20.0,620.0931562744247,115.0,300.0,180.0,0.0,110.4173282825632,286.2392175819468,191.5318844950128,26.15682804854094,0.0,0.0,1.0,276.0,715.0,1.0
308173,306.0,2.0,0.0,321.0,493.6,1.0,20.0,624.841232755145,115.0,300.0,180.0,0.0,118.97281971836188,302.82350257027963,160.93236305535962,7.537379943310719,0.0,0.0,1.0,297.0,757.0,1.0
308350,307.0,2.0,0.0,321.0,493.6,1.0,20.0,509.9805469406348,115.0,300.0,180.0,0.0,114.6685742166406,299.73474634957245,180.2997803809964,17.181477425653167,0.0,0.0,1.0,286.0,749.0,1.0
310732,308.0,2.0,0.0,321.0,493.6000000000001,1.0,20.0,568.494070784255,115.0,300.0,180.0,0.0,115.83775994134848,307.0947130406324,177.22297115224436,0.903125259598673,0.0,0.0,1.0,289.0,767.0,1.0
310941,309.0,2.0,0.0,321.0,493.5999999999998,1.0,20.0,620.2140996503002,115.0,300.0,180.0,0.0,109.74891907936612,308.2996257020742,164.14348955870557,5.494224640341856,0.0,0.0,1.0,274.0,770.0,1.0
311092,310.0,2.0,0.0,321.0,493.6,1.0,20.0,516.2036793260904,115.0,300.0,180.0,0.0,115.37110793659213,300.5453830568659,179.35106042281183,18.73485058162059,0.0,0.0,1.0,288.0,751.0,1.0
312381,311.0,2.0,0.0,321.0,493.6,1.0,20.0,624.5463281016972,115.0,300.0,180.0,0.0,110.75534277736286,298.4374024968555,160.6038584772949,18.349856984883793,0.0,0.0,1.0,276.0,746.0,1.0
313376,312.0,2.0,0.0,321.0,493.6,1.0,20.0,642.5579147198406,115.0,300.0,180.0,0.0,127.5958445529906,283.64758078894994,167.1473486717048,5.980638921398927,0.0,0.0,1.0,318.0,709.0,1.0
315034,313.0,2.0,0.0,321.0,493.6,1.0,20.0,533.9513927852186,115.0,300.0,180.0,0.0,117.34594813521262,300.97388308269126,179.80746942452578,12.459773978407158,0.0,0.0,1.0,293.0,752.0,1.0
315219,314.0,2.0,0.0,321.0,493.60000000000014,1.0,20.0,647.6053519058576,115.0,300.0,180.0,0.0,126.8852024360304,318.3945054406671,194.04185755254255,29.813156838970094,0.0,0.0,1.0,317.0,795.0,1.0
315454,315.0,2.0,0.0,321.0,493.5999999999999,1.0,20.0,557.9788897224515,115.0,300.0,180.0,0.0,115.20224916676632,305.70706138184505,182.0352169281936,9.23294811143732,0.0,0.0,1.0,288.0,764.0,1.0
315708,316.0,2.0,0.0,321.0,493.6,1.0,20.0,527.3257960175879,115.0,300.0,180.0,0.0,115.41261466250606,299.17522889204884,178.38183283623525,18.113531668501576,0.0,0.0,1.0,288.0,747.0,1.0
315937,317.0,2.0,0.0,321.0,493.6,1.0,20.0,581.4211205987431,115.0,300.0,180.0,0.0,119.72209388104444,301.73029840988045,171.10279973395726,1.9613378406156663,0.0,0.0,1.0,299.0,754.0,1.0
317431,318.0,2.0,0.0,321.0,493.6,1.0,20.0,557.2204594472134,115.0,300.0,180.0,0.0,117.53162341949512,298.2954494821778,175.19170096937572,8.902161448404689,0.0,0.0,1.0,293.0,745.0,1.0
318951,319.0,2.0,0.0,321.0,493.6,1.0,20.0,599.5286902265842,115.0,300.0,180.0,0.0,124.28569885409118,290.8276474793149,176.68488361593452,17.039862491949595,0.0,0.0,1.0,310.0,727.0,1.0
320511,320.0,2.0,0.0,321.0,493.5999999999998,1.0,20.0,587.2107652563432,115.0,300.0,180.0,0.0,119.48901948672406,310.3605399373503,178.5499994775206,1.3340288997308516,0.0,0.0,1.0,298.0,775.0,1.0
323331,321.0,2.0,0.0,321.0,493.59999999999985,1.0,20.0,545.1353126553648,115.0,300.0,180.0,0.0,111.21722195040972,298.90939951608937,179.4924781830341,9.523346256238073,0.0,0.0,1.0,278.0,747.0,1.0
323588,322.0,2.0,0.0,321.0,493.60000000000014,1.0,20.0,609.755473792075,115.0,300.0,180.0,0.0,110.10577754079188,294.2738854790547,194.1031958494852,20.11845199614058,0.0,0.0,1.0,275.0,735.0,1.0
323679,323.0,2.0,0.0,321.0,493.60000000000014,1.0,20.0,608.1190764551676,115.0,300.0,180.0,0.0,109.35724347468984,285.68236525368945,177.154574495114,5.640631998700574,0.0,0.0,1.0,273.0,714.0,1.0
326476,324.0,2.0,0.0,321.0,493.6,1.0,20.0,612.5702966199765,115.0,300.0,180.0,0.0,99.01497246929576,301.021162318539,184.00688103584383,33.81272362516625,0.0,0.0,1.0,247.0,752.0,1.0
328642,325.0,2.0,0.0,321.0,493.6,1.0,20.0,576.524508163237,115.0,300.0,180.0,0.0,115.59095827077932,297.10421139805806,188.79262166237612,17.6691170171428,0.0,0.0,1.0,288.0,742.0,1.0
329701,326.0,2.0,0.0,321.0,493.5999999999999,1.0,20.0,570.2260681489817,115.0,300.0,180.0,0.0,115.69514324858442,307.1998329652509,183.65828219883448,26.643504321637828,0.0,0.0,1.0,289.0,767.0,1.0
331653,327.0,2.0,0.0,321.0,493.6000000000001,1.0,20.0,574.4479063905633,115.0,300.0,180.0,0.0,111.94208211086972,302.6822378658348,176.53047085904595,0.3825054400860256,44.98888873429154,215.49253135094747,1.0,279.0,756.0,1.0
334598,328.0,2.0,0.0,321.0,493.59999999999985,1.0,20.0,647.2049020997675,115.0,300.0,180.0,0.0,113.6189861258616,291.2035791111323,183.13229824684623,0.5028073725404674,118.31186153088392,361.65614370862227,1.0,284.0,728.0,1.0
334847,329.0,2.0,0.0,321.0,493.6000000000001,1.0,20.0,593.111157212411,115.0,300.0,180.0,0.0,112.80369325523483,287.55297616237243,182.35063183910145,17.268338452327388,0.0,0.0,1.0,282.0,718.0,1.0
335905,330.0,2.0,0.0,321.0,493.6000000000001,1.0,20.0,632.4983564268524,115.0,300.0,180.0,0.0,96.61195884838044,293.3775433876344,189.84876990202443,7.245537149133317,0.0,0.0,1.0,241.0,733.0,1.0
336035,331.0,2.0,0.0,321.0,493.60000000000014,1.0,20.0,552.4058030181194,115.0,300.0,180.0,0.0,119.39220743071462,301.2571939118991,181.92949574525252,12.863595894157587,0.0,0.0,1.0,298.0,753.0,1.0
336245,332.0,2.0,0.0,321.0,493.6000000000001,1.0,20.0,663.150756659529,115.0,300.0,180.0,0.0,108.9148814023822,328.2142599767058,171.22045694927118,45.081181177439376,0.0,0.0,1.0,272.0,820.0,1.0
336440,333.0,2.0,0.0,321.0,493.6,1.0,20.0,554.3018120701959,115.0,300.0,180.0,0.0,116.09137829724152,295.62895627405624,182.6242321871092,11.779227298163097,0.0,0.0,1.0,290.0,739.0,1.0
336584,334.0,2.0,0.0,321.0,493.6000000000001,1.0,20.0,615.6576330040998,115.0,300.0,180.0,0.0,100.93058348172454,310.56944528459627,181.52320911823136,20.21161544772807,0.0,0.0,1.0,252.0,776.0,1.0
336766,335.0,2.0,0.0,321.0,493.6,1.0,20.0,522.2552877269916,115.0,300.0,180.0,0.0,115.09466203636676,301.34617109445975,179.6992460468827,10.63565909853839,0.0,0.0,1.0,287.0,753.0,1.0
337616,336.0,2.0,0.0,321.0,493.6,1.0,20.0,578.1028982201685,115.0,300.0,180.0,0.0,121.28975399429844,293.5634783496456,182.1534024707069,12.564254185783357,0.0,0.0,1.0,303.0,733.0,1.0
338761,337.0,2.0,0.0,321.0,493.6,1.0,20.0,522.9926728061823,115.0,300.0,180.0,0.0,115.00764972101776,299.54179234984497,178.58911227892602,13.32918989076794,0.0,0.0,1.0,287.0,748.0,1.0
340164,338.0,2.0,0.0,321.0,493.59999999999985,1.0,20.0,612.3869875728843,115.0,300.0,180.0,0.0,122.39289918284284,299.1544581312035,165.0475203001783,10.135727289539531,0.0,0.0,1.0,305.0,747.0,1.0
340305,339.0,2.0,0.0,321.0,493.6,1.0,20.0,589.6637591643776,115.0,300.0,180.0,0.0,113.3013155413646,310.40700675059736,175.807411193561,24.28831290552247,0.0,0.0,1.0,283.0,776.0,1.0
340547,340.0,6.0,2.0,321.0,493.677,1.0,20.0,553.7805199210605,109.2484405360196,294.8207614047493,177.29494619948724,0.4454908338941236,113.28572479022402,292.65745110552405,179.84642918311923,21.041853549073647,0.0,0.0,1.0,283.0,731.0,5.0
341395,341.0,2.0,0.0,321.0,493.6,1.0,20.0,586.8659566414098,115.0,300.0,180.0,0.0,119.81842656008337,308.9012426649823,184.8017769657319,6.053935828575257,0.0,0.0,1.0,299.0,772.0,1.0
342370,342.0,2.0,0.0,321.0,493.6000000000002,1.0,20.0,622.2692590369095,115.0,300.0,180.0,0.0,124.96819004741096,311.2203578447995,191.8632424629147,6.307940434214846,0.0,0.0,1.0,312.0,778.0,1.0
342563,343.0,2.0,0.0,321.0,493.6,1.0,20.0,561.743048717537,115.0,300.0,180.0,0.0,112.27192035944324,295.1564991879287,183.30372381926583,9.815497349633189,0.0,0.0,1.0,280.0,737.0,1.0
343394,344.0,2.0,0.0,321.0,493.59999999999974,1.0,20.0,692.0514080850387,115.0,300.0,180.0,0.0,118.1798343766574,298.4569508580806,179.98406804063083,0.1682048398337096,187.7659915512561,469.7006008540188,1.0,295.0,746.0,1.0
343546,345.0,2.0,0.0,321.0,493.59999999999985,1.0,20.0,594.4281558916949,115.0,300.0,180.0,0.0,114.58870467224158,304.53471562325245,168.24867536718165,1.0263293518180716,0.0,0.0,1.0,286.0,761.0,1.0
343686,346.0,2.0,0.0,321.0,493.6,1.0,20.0,613.7686693884996,115.0,300.0,180.0,0.0,120.22973236880624,285.00288040443223,174.91157809317332,1.975485065515759,0.0,0.0,1.0,300.0,712.0,1.0
343915,347.0,2.0,0.0,321.0,493.5999999999999,1.0,20.0,539.1638963341863,115.0,300.0,180.0,0.0,116.15635354292117,302.630746640595,181.3703987468958,28.615121200235855,0.0,0.0,1.0,290.0,756.0,1.0
344154,348.0,2.0,0.0,321.0,493.5999999999999,1.0,20.0,632.936509662203,115.0,300.0,180.0,0.0,136.88274277399333,301.8833745973374,178.39074910248095,1.8468683414097635,0.0,0.0,1.0,342.0,754.0,1.0
344326,349.0,2.0,0.0,321.0,493.6,1.0,20.0,636.9490691268657,115.0,300.0,180.0,0.0,116.95420011714737,277.5938296628574,181.2440176942299,23.20402686622554,0.0,0.0,1.0,292.0,693.0,1.0
345945,350.0,2.0,0.0,321.0,493.6,1.0,20.0,502.545807884905,115.0,300.0,180.0,0.0,114.8967559579434,299.86372964928063,180.02143999985813,9.67582957978035,0.0,0.0,1.0,287.0,749.0,1.0
346805,351.0,2.0,0.0,321.0,493.5999999999999,1.0,20.0,643.2411348697015,115.0,300.0,180.0,0.0,90.90793059511128,302.9358465883411,182.49205970101755,31.561740539120223,0.0,0.0,1.0,227.0,757.0,1.0
346943,352.0,2.0,0.0,321.0,493.5999999999999,1.0,20.0,660.7011396337591,115.0,300.0,180.0,0.0,120.947095722851,328.2149212838367,184.2010703892568,8.136108133534577,0.0,0.0,1.0,302.0,820.0,1.0
347229,353.0,2.0,0.0,321.0,493.6,1.0,20.0,667.9471813694107,115.0,300.0,180.0,0.0,107.22760625042528,327.5670243939235,193.93159944976804,16.352014005059846,0.0,0.0,1.0,268.0,818.0,1.0
347498,354.0,2.0,0.0,321.0,493.6,1.0,20.0,549.9474635155599,115.0,300.0,180.0,0.0,116.43287584818802,300.6733976678805,184.4108376277479,2.398869355884343,0.0,0.0,1.0,291.0,751.0,1.0
353139,356.0,2.0,0.0,321.0,493.6,1.0,20.0,570.8078396252207,115.0,300.0,180.0,0.0,107.743544214459,301.45926589997714,183.0210870983832,3.0721663427825243,0.0,0.0,1.0,269.0,753.0,1.0
353802,357.0,2.0,0.0,321.0,493.6,1.0,20.0,616.284563424995,115.0,300.0,180.0,0.0,116.05258323200287,297.9855073797984,189.37595568555255,0.5738031711471939,77.28297201790056,286.8212121513872,1.0,290.0,744.0,1.0
354031,358.0,2.0,0.0,321.0,493.6,1.0,20.0,531.3429777833976,115.0,300.0,180.0,0.0,113.43301912133492,298.91418589349905,178.61763888642082,0.3156761672703971,0.0,0.0,1.0,283.0,747.0,1.0
356368,359.0,2.0,0.0,321.0,493.6,1.0,20.0,667.9633945748782,115.0,300.0,180.0,0.0,135.98095749607467,283.2984414862091,196.1257816579861,7.611214618445179,0.0,0.0,1.0,339.0,708.0,1.0
356611,360.0,2.0,0.0,321.0,493.6,1.0,20.0,544.6504476131946,115.0,300.0,180.0,0.0,117.2230009637822,303.174530341994,180.41367706056,26.91883758241048,0.0,0.0,1.0,293.0,757.0,1.0
357907,361.0,2.0,0.0,321.0,493.6,1.0,20.0,546.6788138424149,115.0,300.0,180.0,0.0,118.11061299163131,297.4575960414815,178.6741551242341,4.892099487262833,0.0,0.0,1.0,295.0,743.0,1.0
358134,362.0,2.0,0.0,321.0,493.6,1.0,20.0,521.8836938919541,115.0,300.0,180.0,0.0,113.66557311807392,300.2367946953933,179.87466347795527,46.66950692778561,0.0,0.0,1.0,284.0,750.0,1.0
362226,363.0,6.0,2.0,321.0,493.677,1.0,20.0,496.55303498358217,113.62033670730077,300.62593319823236,181.97654850377103,0.1746371640013267,113.6393528335177,300.63529331384507,181.9904833532216,24.953219629562387,0.0,0.0,1.0,284.0,751.0,5.0
363136,364.0,2.0,0.0,321.0,493.59999999999985,1.0,20.0,522.7114231358814,115.0,300.0,180.0,0.0,114.97989319257042,299.60732478839844,178.59286306213852,10.172725904583816,0.0,0.0,1.0,287.0,749.0,1.0
364597,365.0,6.0,2.0,321.0,493.677,1.0,20.0,501.9225002501617,117.80272349907234,306.5028205051591,178.53061905907435,0.560389276285285,117.74045795155364,306.6207973533485,178.44478589110366,6.426300297170894,0.0,0.0,1.0,294.0,766.0,5.0
366282,366.0,2.0,0.0,321.0,493.6,1.0,20.0,571.8237745517728,115.0,300.0,180.0,0.0,114.26422498780512,297.1888016115641,187.59914202542285,15.798274044391867,0.0,0.0,1.0,285.0,742.0,1.0
366490,367.0,2.0,0.0,321.0,493.6000000000002,1.0,20.0,566.2724703014152,115.0,300.0,180.0,0.0,110.58745580046516,304.35732313981714,183.779380310716,5.6826856247993325,0.0,0.0,1.0,276.0,760.0,1.0
368758,368.0,2.0,0.0,321.0,493.60000000000014,1.0,20.0,615.3186535535483,115.0,300.0,180.0,0.0,119.6316375404418,289.58552918320953,166.7142736658077,1.5017289933472815,0.0,0.0,1.0,299.0,723.0,1.0
373379,369.0,2.0,0.0,321.0,493.6,1.0,20.0,559.0925838419872,115.0,300.0,180.0,0.0,119.75333702783932,299.69731784133626,183.64606080259645,8.727861969618884,0.0,0.0,1.0,299.0,749.0,1.0
374627,370.0,2.0,0.0,321.0,493.60000000000014,1.0,20.0,655.9838790306452,115.0,300.0,180.0,0.0,132.0825910765316,321.7459656449229,174.09226628622395,26.90929564021374,0.0,0.0,1.0,330.0,804.0,1.0
374863,371.0,2.0,0.0,321.0,493.59999999999985,1.0,20.0,566.2770623768446,115.0,300.0,180.0,0.0,117.25371748521636,303.22203288688775,180.5249962203638,0.2889375335408695,47.49209346864709,221.67474735360167,1.0,293.0,758.0,1.0
375050,372.0,2.0,0.0,321.0,493.59999999999985,1.0,20.0,578.5244603637456,115.0,300.0,180.0,0.0,118.68718389590228,291.58262491402513,182.1333830148392,17.397665493979662,0.0,0.0,1.0,296.0,728.0,1.0
376659,373.0,2.0,0.0,321.0,493.6,1.0,20.0,612.3867646684674,115.0,300.0,180.0,0.0,112.20333112016802,285.27414100728754,187.97288340039955,13.886774276111703,0.0,0.0,1.0,280.0,713.0,1.0
376899,374.0,2.0,0.0,321.0,493.6,1.0,20.0,628.8799587005402,115.0,300.0,180.0,0.0,123.95632297180676,281.79017032352374,185.5288679940123,8.987182143717583,0.0,0.0,1.0,309.0,704.0,1.0
378714,375.0,2.0,0.0,321.0,493.5999999999999,1.0,20.0,596.8613527013057,115.0,300.0,180.0,0.0,107.68774185992469,310.49621848619256,183.3895438923273,13.621410304613512,0.0,0.0,1.0,269.0,776.0,1.0
379763,376.0,2.0,0.0,321.0,493.59999999999985,1.0,20.0,593.3698860956077,115.0,300.0,180.0,0.0,127.20396424978398,300.9895016380058,181.4374036573554,1.614444130430478,0.0,0.0,1.0,318.0,752.0,1.0
381315,377.0,2.0,0.0,321.0,493.6,1.0,20.0,561.0965312811676,115.0,300.0,180.0,0.0,113.52522287209123,293.6699105345398,180.87295784049445,34.0075653860213,0.0,0.0,1.0,283.0,734.0,1.0
383261,378.0,2.0,0.0,321.0,493.6,1.0,20.0,580.0511448400641,115.0,300.0,180.0,0.0,108.15548493463264,304.76342605885696,174.9853499710059,2.540288064937306,0.0,0.0,1.0,270.0,761.0,1.0
383496,379.0,2.0,0.0,321.0,493.6,1.0,20.0,551.0243081939077,115.0,300.0,180.0,0.0,112.36404423099114,296.56091772108505,181.8017221304204,3.302929968874289,0.0,0.0,1.0,280.0,741.0,1.0
384522,380.0,2.0,0.0,321.0,493.6,1.0,20.0,560.8435364415119,115.0,300.0,180.0,0.0,120.55593376917491,298.0959854956901,182.4654968607288,2.7516530633779053,0.0,0.0,1.0,301.0,745.0,1.0
385910,381.0,2.0,0.0,321.0,493.6,1.0,20.0,560.5919420093073,115.0,300.0,180.0,0.0,117.4152892824867,296.8481449232555,175.08140120525854,1.9812924433023773,0.0,0.0,1.0,293.0,742.0,1.0
387583,382.0,2.0,0.0,321.0,493.6,1.0,20.0,495.6059030133402,115.0,300.0,180.0,0.0,115.00878643162592,300.0101357912705,179.99806709507274,6.723635509864596,0.0,0.0,1.0,287.0,750.0,1.0
389246,383.0,2.0,0.0,321.0,493.6000000000001,1.0,20.0,548.8298832695689,115.0,300.0,180.0,0.0,112.87973010820042,303.711562184851,181.6501351767673,0.504065963274494,0.0,0.0,1.0,282.0,759.0,1.0
390291,384.0,2.0,0.0,321.0,493.5999999999999,1.0,20.0,531.1300005827917,115.0,300.0,180.0,0.0,116.66446034446452,299.26373468468296,178.59312172723884,11.709688814735996,0.0,0.0,1.0,291.0,748.0,1.0
390444,385.0,2.0,0.0,321.0,493.6,1.0,20.0,593.7809910339097,115.0,300.0,180.0,0.0,113.25294815658484,310.982603864986,174.5217714070008,21.17916527639052,0.0,0.0,1.0,283.0,777.0,1.0
390560,386.0,2.0,0.0,321.0,493.5999999999999,1.0,20.0,518.7768443789931,115.0,300.0,180.0,0.0,114.11051451822746,299.59191287368094,179.44568692128854,1.0021878262830648,0.0,0.0,1.0,285.0,748.0,1.0
391463,387.0,2.0,0.0,321.0,493.5999999999999,1.0,20.0,596.0578614118145,115.0,300.0,180.0,0.0,102.07617020940964,302.15528021330687,180.066908045454,10.457423737649622,0.0,0.0,1.0,255.0,755.0,1.0
392709,388.0,2.0,0.0,321.0,493.6,1.0,20.0,507.0490546541586,115.0,300.0,180.0,0.0,114.65962005316626,300.04876100073193,179.8793937406679,2.655436489143492,0.0,0.0,1.0,286.0,750.0,1.0
393407,389.0,2.0,0.0,321.0,493.6000000000001,1.0,20.0,573.0605799189136,115.0,300.0,180.0,0.0,107.8848853442521,302.9967280539766,176.33512360733792,20.25354102526806,0.0,0.0,1.0,269.0,757.0,1.0
393563,390.0,2.0,0.0,321.0,493.6,1.0,20.0,516.527081474617,115.0,300.0,180.0,0.0,115.69514629524754,300.5729217413208,180.33958060051836,2.611847234665326,0.0,0.0,1.0,289.0,751.0,1.0
395903,391.0,2.0,0.0,321.0,493.6,1.0,20.0,551.9655490945369,115.0,300.0,180.0,0.0,117.49988095314256,298.758645499562,176.86487125065247,0.3693305847311626,19.13870563516397,138.78047505475448,1.0,293.0,746.0,1.0
396550,392.0,2.0,0.0,321.0,493.5999999999999,1.0,20.0,622.8383168824465,115.0,300.0,180.0,0.0,126.44985662481557,286.97018317244914,188.39605340758447,3.3573011272106577,0.0,0.0,1.0,316.0,717.0,1.0
396725,393.0,2.0,0.0,321.0,493.6,1.0,20.0,638.9209861789269,115.0,300.0,180.0,0.0,101.49352560734836,294.2326072846281,174.8666162470222,0.9014070306577238,74.09113674033492,280.414455286338,1.0,253.0,735.0,1.0
397009,394.0,2.0,0.0,321.0,493.6,1.0,20.0,624.7927353057629,115.0,300.0,180.0,0.0,105.48627822521924,292.09801940021237,182.05650046259777,0.7401146432831167,74.25884766484421,280.7538261025924,1.0,263.0,730.0,1.0
398621,395.0,2.0,0.0,321.0,493.60000000000014,1.0,20.0,635.6327556558163,115.0,300.0,180.0,0.0,113.8397404486659,282.0796455256425,165.90006801524282,19.126297354542732,0.0,0.0,1.0,284.0,705.0,1.0
398890,396.0,2.0,0.0,321.0,493.59999999999985,1.0,20.0,600.7281370302761,115.0,300.0,180.0,0.0,116.1156696591194,313.2763983500822,183.90873315890863,39.60417623415616,0.0,0.0,1.0,290.0,783.0,1.0
399072,397.0,2.0,0.0,321.0,493.5999999999999,1.0,20.0,592.6751785359655,115.0,300.0,180.0,0.0,106.06049942746372,297.80309364015693,172.23826453510304,0.9696404370757244,0.0,0.0,1.0,265.0,744.0,1.0
399190,398.0,2.0,0.0,321.0,493.59999999999985,1.0,20.0,645.857131300347,115.0,300.0,180.0,0.0,134.11032612763893,315.69467556310303,185.52531726001183,34.42632395710167,0.0,0.0,1.0,335.0,789.0,1.0
401997,399.0,2.0,0.0,321.0,493.59999999999985,1.0,20.0,644.6380599170641,115.0,300.0,180.0,0.0,99.9495919143155,289.73374857757295,162.8764139795925,4.038224111833722,0.0,0.0,1.0,249.0,724.0,1.0
402200,400.0,2.0,0.0,321.0,493.6,1.0,20.0,564.0506157102934,115.0,300.0,180.0,0.0,121.3191854892519,297.284306885826,181.6994507372687,11.825962325936658,0.0,0.0,1.0,303.0,743.0,1.0
404073,401.0,2.0,0.0,321.0,493.5999999999999,1.0,20.0,521.9888789989757,115.0,300.0,180.0,0.0,113.6961431610808,299.59722922046143,179.72792609981005,20.746294844847025,0.0,0.0,1.0,284.0,748.0,1.0
404504,402.0,2.0,0.0,321.0,493.6000000000001,1.0,20.0,590.4874689755379,115.0,300.0,180.0,0.0,112.901693531118,301.97036450958706,191.3615977905529,4.01039836132767,0.0,0.0,1.0,282.0,754.0,1.0
404727,403.0,2.0,0.0,321.0,493.6,1.0,20.0,498.8420250754673,115.0,300.0,180.0,0.0,114.93628603773796,300.0238704958274,180.0215788409404,14.806555816716855,0.0,0.0,1.0,287.0,750.0,1.0
406157,404.0,2.0,0.0,321.0,493.6,1.0,20.0,624.7987621216065,115.0,300.0,180.0,0.0,130.33641794143983,311.6600997685298,183.20645836800503,10.978285312193604,0.0,0.0,1.0,325.0,779.0,1.0
406392,405.0,2.0,0.0,321.0,493.6,1.0,20.0,634.2336058970421,115.0,300.0,180.0,0.0,106.24229775231132,297.9043172557243,159.87069607547272,12.267280489680944,0.0,0.0,1.0,265.0,744.0,1.0
407727,406.0,2.0,0.0,321.0,493.6,1.0,20.0,560.4826819214218,115.0,300.0,180.0,0.0,112.1662493854904,300.05857798331783,185.59904765357248,3.392790370585466,0.0,0.0,1.0,280.0,750.0,1.0
407922,407.0,2.0,0.0,321.0,493.59999999999985,1.0,20.0,563.8457793737578,115.0,300.0,180.0,0.0,115.2051979859712,302.34577933388925,173.56601944345513,10.901655601503634,0.0,0.0,1.0,288.0,755.0,1.0
408113,408.0,2.0,0.0,321.0,493.6000000000002,1.0,20.0,561.2418554766987,115.0,300.0,180.0,0.0,117.57317858382802,294.69307704860256,182.74850373009875,6.293137422869956,0.0,0.0,1.0,293.0,736.0,1.0
408319,409.0,2.0,0.0,321.0,493.5999999999999,1.0,20.0,647.5579828915556,115.0,300.0,180.0,0.0,100.1774893057622,280.22032040767897,172.27693915379663,15.740183012613732,0.0,0.0,1.0,250.0,700.0,1.0
409729,410.0,2.0,0.0,321.0,493.5999999999999,1.0,20.0,546.5093947016621,115.0,300.0,180.0,0.0,116.6355167417998,303.67980103274067,178.5988047509412,1.507948974279783,0.0,0.0,1.0,291.0,759.0,1.0
410618,411.0,3.0,2.0,321.0,493.677,1.0,20.0,495.0043701137794,115.16286050427566,295.4475364928829,180.27564740628804,0.4264962093342619,115.15908247679243,295.4441688178993,180.27092588184215,6.572069840961459,0.0,0.0,1.0,287.0,738.0,2.0
410979,412.0,2.0,0.0,321.0,493.6,1.0,20.0,519.9200450753947,115.0,300.0,180.0,0.0,113.82642109328876,299.76463065425264,179.8628436752589,3.0171581788264863,0.0,0.0,1.0,284.0,749.0,1.0
414270,413.0,2.0,0.0,321.0,493.59999999999985,1.0,20.0,566.7911322645068,115.0,300.0,180.0,0.0,120.71007124885216,302.45441700088554,176.0106009779647,2.673918156466857,0.0,0.0,1.0,301.0,756.0,1.0
414484,414.0,2.0,0.0,321.0,493.6,1.0,20.0,573.8356806899121,115.0,300.0,180.0,0.0,106.55262855343138,297.9355181742049,181.04057310220216,3.646846013671525,0.0,0.0,1.0,266.0,744.0,1.0
415537,415.0,2.0,0.0,321.0,493.6,1.0,20.0,578.744621722691,115.0,300.0,180.0,0.0,111.1223573382227,304.75254450920147,172.80616833648,15.954508647998429,0.0,0.0,1.0,277.0,761.0,1.0
415813,416.0,2.0,0.0,321.0,493.5999999999999,1.0,20.0,588.3223787258868,115.0,300.0,180.0,0.0,114.2684446783275,288.9674631484135,182.5119559637214,6.489083706249462,0.0,0.0,1.0,285.0,722.0,1.0
415973,417.0,2.0,0.0,321.0,493.6,1.0,20.0,530.8099191865755,115.0,300.0,180.0,0.0,115.6695292601216,299.75745902816453,182.11548785685252,4.297519939402308,0.0,0.0,1.0,289.0,749.0,1.0
417665,418.0,2.0,0.0,321.0,493.6,1.0,20.0,547.1232339658816,115.0,300.0,180.0,0.0,118.944838705056,301.55424207358226,179.93571208467458,18.84689173235252,0.0,0.0,1.0,297.0,753.0,1.0
418190,419.0,2.0,0.0,321.0,493.6,1.0,20.0,664.6877550442304,115.0,300.0,180.0,0.0,85.71269358027122,308.1086602272572,174.21291322925794,25.739675179057556,0.0,0.0,1.0,214.0,770.0,1.0
420277,420.0,2.0,0.0,321.0,493.59999999999985,1.0,20.0,589.5812272702296,115.0,300.0,180.0,0.0,105.41654885474668,305.6241607778418,183.39673198156677,6.550001897389268,0.0,0.0,1.0,263.0,764.0,1.0
421841,421.0,2.0,0.0,321.0,493.6,1.0,20.0,600.3062580411786,115.0,300.0,180.0,0.0,102.49072168261492,306.62409432793874,180.6097601334531,21.10825367815448,0.0,0.0,1.0,256.0,766.0,1.0
422296,422.0,2.0,0.0,321.0,493.59999999999974,1.0,20.0,661.8753271073226,115.0,300.0,180.0,0.0,95.87102962945998,320.22078322159155,170.18114603536395,6.406318597260458,0.0,0.0,1.0,239.0,800.0,1.0
422523,423.0,2.0,0.0,321.0,493.59999999999974,1.0,20.0,605.3982037257483,115.0,300.0,180.0,0.0,122.6650104197417,286.948048289539,180.64407864683736,19.14024538875187,0.0,0.0,1.0,306.0,717.0,1.0
424386,424.0,2.0,0.0,321.0,493.6,1.0,20.0,499.8945446701813,115.0,300.0,180.0,0.0,114.94993284355924,300.06543941101853,180.05254820557496,12.409532866781738,0.0,0.0,1.0,287.0,750.0,1.0
425687,425.0,2.0,0.0,321.0,493.6,1.0,20.0,552.0161876250919,115.0,300.0,180.0,0.0,111.49232784761264,296.4230711133403,180.6291464303806,3.6174529887115,0.0,0.0,1.0,278.0,741.0,1.0
426154,426.0,2.0,0.0,321.0,493.6,1.0,20.0,652.2626284653218,115.0,300.0,180.0,0.0,142.0046893222687,297.81813139099916,180.8467098857957,14.800155582151524,0.0,0.0,1.0,355.0,744.0,1.0
432041,427.0,2.0,0.0,321.0,493.6,1.0,20.0,533.6033165013295,115.0,300.0,180.0,0.0,117.4508925508164,300.6650924613444,180.56410214771464,2.425794335997989,0.0,0.0,1.0,293.0,751.0,1.0
432599,428.0,2.0,0.0,321.0,493.6,1.0,20.0,614.1028143219911,115.0,300.0,180.0,0.0,120.3873806263392,283.6668580410845,180.7047642230919,20.95603577578821,0.0,0.0,1.0,300.0,709.0,1.0
432731,429.0,2.0,0.0,321.0,493.5999999999999,1.0,20.0,593.5339600979945,115.0,300.0,180.0,0.0,115.85267358197102,291.9692096975645,189.10970635115785,25.07862001701639,0.0,0.0,1.0,289.0,729.0,1.0
432919,430.0,2.0,0.0,321.0,493.6,1.0,20.0,555.7660678023917,115.0,300.0,180.0,0.0,117.95296030635618,303.3601348257911,183.13280290176175,8.726381633134688,0.0,0.0,1.0,294.0,758.0,1.0
433076,431.0,2.0,0.0,321.0,493.6,1.0,20.0,555.5410946857214,115.0,300.0,180.0,0.0,110.80335348942111,296.5916737070804,180.30641600210296,2.964136347289251,0.0,0.0,1.0,277.0,741.0,1.0
435534,432.0,2.0,0.0,321.0,493.6,1.0,20.0,512.6415891159501,115.0,300.0,180.0,0.0,115.18288982199805,300.4103649006745,180.51663355737628,7.244641465895276,0.0,0.0,1.0,287.0,751.0,1.0
436578,433.0,2.0,0.0,321.0,493.6,1.0,20.0,517.3088667679656,115.0,300.0,180.0,0.0,115.0758657378272,299.2962520229301,180.68153502815215,5.716878089652769,0.0,0.0,1.0,287.0,748.0,1.0
437600,434.0,2.0,0.0,321.0,493.5999999999999,1.0,20.0,578.8732735984237,115.0,300.0,180.0,0.0,122.2137530432736,305.0982526143011,183.10693755089693,5.12479380212087,0.0,0.0,1.0,305.0,762.0,1.0
441357,435.0,2.0,0.0,321.0,493.6,1.0,20.0,559.8357321243639,115.0,300.0,180.0,0.0,117.67830322889674,299.864671874257,174.57549315028328,30.448812751267315,0.0,0.0,1.0,294.0,749.0,1.0
442607,436.0,2.0,0.0,321.0,493.5999999999999,1.0,20.0,561.4715782715118,115.0,300.0,180.0,0.0,113.07238019632454,299.6141528078425,186.30974903240784,14.80531462583689,0.0,0.0,1.0,282.0,749.0,1.0
442829,437.0,2.0,0.0,321.0,493.5999999999999,1.0,20.0,589.4350279596467,115.0,300.0,180.0,0.0,118.89663519006236,300.20832115197993,190.8389007289842,7.492551784532107,0.0,0.0,1.0,297.0,750.0,1.0
443088,438.0,2.0,0.0,321.0,493.6,1.0,20.0,660.4234722211215,115.0,300.0,180.0,0.0,131.84886931355703,303.90456562221453,203.28118116047472,10.57090548232822,0.0,0.0,1.0,329.0,759.0,1.0
443294,439.0,2.0,0.0,321.0,493.6000000000002,1.0,20.0,606.8104253235608,115.0,300.0,180.0,0.0,116.83944377360967,310.8943070628774,169.33269662615936,29.602352338488423,0.0,0.0,1.0,292.0,777.0,1.0
443496,440.0,2.0,0.0,321.0,493.5999999999999,1.0,20.0,524.560639131075,115.0,300.0,180.0,0.0,115.14044881176292,301.57597628306286,179.7636933289864,12.10739603031013,0.0,0.0,1.0,287.0,753.0,1.0
445587,441.0,2.0,0.0,321.0,493.59999999999985,1.0,20.0,636.0003534227767,115.0,300.0,180.0,0.0,104.42366552087302,281.22062193308415,170.37671338500442,11.234893543471545,0.0,0.0,1.0,261.0,703.0,1.0
445725,442.0,2.0,0.0,321.0,493.6,1.0,20.0,664.0910123060132,115.0,300.0,180.0,0.0,112.2340822757902,299.51013364571116,186.49199050846707,0.3580309644846622,146.12115953651352,406.9425044877241,1.0,280.0,748.0,1.0
445848,443.0,2.0,0.0,321.0,493.5999999999999,1.0,20.0,553.6767189584067,115.0,300.0,180.0,0.0,111.564858165039,296.4541176368917,178.86821287218672,8.355717503220648,0.0,0.0,1.0,278.0,741.0,1.0
445984,444.0,2.0,0.0,321.0,493.6,1.0,20.0,511.36681226043777,115.0,300.0,180.0,0.0,115.19373991047408,299.8074529242177,179.46332623531947,66.06591549991666,0.0,0.0,1.0,287.0,749.0,1.0
446471,445.0,2.0,0.0,321.0,493.6,1.0,20.0,583.0337900157967,115.0,300.0,180.0,0.0,116.61980941078416,310.0006870646394,181.52639192607575,16.112766844702627,0.0,0.0,1.0,291.0,775.0,1.0
446742,446.0,2.0,0.0,321.0,493.5999999999999,1.0,20.0,527.8609022590105,115.0,300.0,180.0,0.0,114.3386915123638,298.3388100012561,180.83266705029635,26.795715992752974,0.0,0.0,1.0,285.0,745.0,1.0
449292,447.0,2.0,0.0,321.0,493.6,1.0,20.0,536.6400240589219,115.0,300.0,180.0,0.0,117.86864405508452,299.6880658893587,180.6840275902433,3.2543112968515313,0.0,0.0,1.0,294.0,749.0,1.0
449446,448.0,2.0,0.0,321.0,493.6000000000002,1.0,20.0,656.7468233582904,115.0,300.0,180.0,0.0,108.47217815220104,293.7352581979086,153.40412336450797,33.817020372287466,0.0,0.0,1.0,271.0,734.0,1.0
450627,449.0,2.0,0.0,321.0,493.60000000000014,1.0,20.0,631.5986678636958,115.0,300.0,180.0,0.0,133.3081969774916,310.02063248810134,175.94578661139204,6.150681476085951,0.0,0.0,1.0,333.0,775.0,1.0
450798,450.0,2.0,0.0,321.0,493.6,1.0,20.0,571.7358933422406,115.0,300.0,180.0,0.0,119.05289053138584,298.4763257284617,187.06476352923795,1.7896823584851345,0.0,0.0,1.0,297.0,746.0,1.0
451445,451.0,2.0,0.0,321.0,493.5999999999999,1.0,20.0,607.2100136080402,115.0,300.0,180.0,0.0,110.347702251223,286.0612292380849,184.03536980042273,7.355218828705633,0.0,0.0,1.0,275.0,715.0,1.0
452483,452.0,2.0,0.0,321.0,493.60000000000014,1.0,20.0,563.4036245848954,115.0,300.0,180.0,0.0,115.81902481303044,293.3231257226309,179.8979944586549,20.499735213216972,0.0,0.0,1.0,289.0,733.0,1.0
452610,453.0,2.0,0.0,321.0,493.6,1.0,20.0,511.3201866507354,115.0,300.0,180.0,0.0,115.19076063999536,299.50764227735925,179.69918934534206,1.4382385895804322,0.0,0.0,1.0,287.0,748.0,1.0
454420,454.0,2.0,0.0,321.0,493.6000000000001,1.0,20.0,588.865702706011,115.0,300.0,180.0,0.0,110.2335604566666,305.5946755489848,189.00139767201728,3.7476093058842066,0.0,0.0,1.0,275.0,763.0,1.0
455598,455.0,2.0,0.0,321.0,493.5999999999999,1.0,20.0,542.101840743612,115.0,300.0,180.0,0.0,112.57219328794716,302.02402325662615,178.37496307353592,3.386117042339832,0.0,0.0,1.0,281.0,755.0,1.0
456818,456.0,7.0,2.0,321.0,493.677,1.0,20.0,511.6509234743668,115.38257415583678,299.83203285819775,183.7326055189574,0.1942441754938569,115.51042695105882,299.4535969908077,183.2637075006075,4.098325497422195,0.0,0.0,1.0,288.0,748.0,6.0
459926,457.0,2.0,0.0,321.0,493.6,1.0,20.0,515.6821446196711,115.0,300.0,180.0,0.0,114.43656214209366,300.0904515176006,180.68124888487813,5.166869950961456,0.0,0.0,1.0,286.0,750.0,1.0
462816,458.0,2.0,0.0,321.0,493.6,1.0,20.0,592.471756069482,115.0,300.0,180.0,0.0,112.66206690988274,292.592035772174,190.10585698925937,10.05730951010997,0.0,0.0,1.0,281.0,731.0,1.0
464442,459.0,2.0,0.0,321.0,493.60000000000025,1.0,20.0,620.1453729850276,115.0,300.0,180.0,0.0,120.26253353952268,317.929218715652,179.69550513794889,29.60995077944252,0.0,0.0,1.0,300.0,794.0,1.0
464658,460.0,2.0,0.0,321.0,493.5999999999999,1.0,20.0,575.6874829143412,115.0,300.0,180.0,0.0,112.68384892049474,305.5138739003529,186.52729030417973,4.480145967329711,0.0,0.0,1.0,281.0,763.0,1.0
466179,461.0,2.0,0.0,321.0,493.6,1.0,20.0,544.114041225965,115.0,300.0,180.0,0.0,112.78707604428436,299.67442679088975,183.0908862574063,17.98985383157142,0.0,0.0,1.0,281.0,749.0,1.0
471809,462.0,2.0,0.0,321.0,493.5999999999999,1.0,20.0,620.7568364157562,115.0,300.0,180.0,0.0,99.3066989787158,296.2421887800979,169.96570702765015,3.247113473830229,0.0,0.0,1.0,248.0,740.0,1.0
472063,463.0,2.0,0.0,321.0,493.6,1.0,20.0,507.0709043777716,115.0,300.0,180.0,0.0,115.12418246951968,300.19084019160846,180.28471528938616,29.287605247642706,0.0,0.0,1.0,287.0,750.0,1.0
473296,464.0,2.0,0.0,321.0,493.6,1.0,20.0,589.1300854443416,115.0,300.0,180.0,0.0,111.1891744988326,290.362297718449,174.6076170549632,19.84894105272087,0.0,0.0,1.0,277.0,725.0,1.0
473398,465.0,2.0,0.0,321.0,493.6,1.0,20.0,550.3537865125037,115.0,300.0,180.0,0.0,116.25921093451868,298.9575209711196,175.61397198265232,6.092092444744324,0.0,0.0,1.0,290.0,747.0,1.0
474219,466.0,2.0,0.0,321.0,493.5999999999999,1.0,20.0,531.6559779299511,115.0,300.0,180.0,0.0,116.03318097349948,301.0040542914099,178.1010545653696,1.984394151965169,0.0,0.0,1.0,290.0,752.0,1.0
474890,467.0,2.0,0.0,321.0,493.6000000000001,1.0,20.0,618.2580480056234,115.0,300.0,180.0,0.0,110.42471139112487,290.0685030461302,194.5683961550104,3.879063281686036,0.0,0.0,1.0,276.0,725.0,1.0
475201,468.0,2.0,0.0,321.0,493.59999999999985,1.0,20.0,515.720448297718,115.0,300.0,180.0,0.0,114.40889519596928,299.5213522464119,180.43471590852545,0.8227899736361112,0.0,0.0,1.0,286.0,748.0,1.0
475313,469.0,2.0,0.0,321.0,493.5999999999999,1.0,20.0,585.6009395538716,115.0,300.0,180.0,0.0,111.9351575710097,293.35952996851546,181.3287964882052,0.5113091032154813,46.87178510049466,220.15628650964132,1.0,279.0,733.0,1.0
476687,470.0,2.0,0.0,321.0,493.6,1.0,20.0,552.6000805383877,115.0,300.0,180.0,0.0,118.91634869440284,302.88048899227823,180.8450069525781,0.66320655370038,0.0,0.0,1.0,297.0,757.0,1.0
476838,471.0,8.0,2.0,321.0,493.6770000000001,1.0,20.0,568.3463246992621,111.52855382708776,292.38888818475823,185.14752894222545,0.5626347967655452,107.47273779021984,289.8075269509895,191.05976099984497,4.158000827674647,0.0,0.0,1.0,268.0,724.0,7.0
480673,473.0,2.0,0.0,321.0,493.6,1.0,20.0,555.2359779207699,115.0,300.0,180.0,0.0,110.6131613026916,296.93853100536654,180.3746836117004,11.857389789615244,0.0,0.0,1.0,276.0,742.0,1.0
481022,474.0,2.0,0.0,321.0,493.6,1.0,20.0,508.930965907335,115.0,300.0,180.0,0.0,115.21032608357125,299.60753040066476,180.11622352840922,1.697797554357542,0.0,0.0,1.0,288.0,749.0,1.0
481587,475.0,2.0,0.0,321.0,493.6,1.0,20.0,498.6740734252589,115.0,300.0,180.0,0.0,114.98708151222544,300.0131804087797,179.93510071364523,33.77732913251832,0.0,0.0,1.0,287.0,750.0,1.0
482334,476.0,2.0,0.0,321.0,493.59999999999985,1.0,20.0,595.0842277272338,115.0,300.0,180.0,0.0,105.256192803557,297.28709718692284,187.5695542628036,46.4899549560492,0.0,0.0,1.0,263.0,743.0,1.0
482557,477.0,22.0,2.0,321.0,493.677,1.0,20.0,495.2030839846387,115.4806312284375,334.4213301687529,216.54576722630176,2.7229385405113007,115.48113962311736,334.4213230649936,216.55448498863635,27.49918528928888,0.0,0.0,1.0,288.0,836.0,21.0
483145,478.0,2.0,0.0,321.0,493.6000000000001,1.0,20.0,532.0049025927955,115.0,300.0,180.0,0.0,113.63778076112786,301.03438726600876,178.30906402380936,7.660058158197744,0.0,0.0,1.0,284.0,752.0,1.0
483416,479.0,2.0,0.0,321.0,493.5999999999999,1.0,20.0,543.2921554404857,115.0,300.0,180.0,0.0,114.78967573947082,297.6682018428986,182.88663414465788,18.675821570443414,0.0,0.0,1.0,286.0,744.0,1.0
484184,480.0,2.0,0.0,321.0,493.59999999999985,1.0,20.0,645.5387642910403,115.0,300.0,180.0,0.0,102.21763819087354,282.7125716705375,167.8773677820731,17.32157849916226,0.0,0.0,1.0,255.0,706.0,1.0
484445,481.0,3.0,2.0,321.0,493.677,1.0,20.0,536.395871675074,115.51916975613663,299.12000776323623,180.0186123818856,0.0691989449626775,114.3528828813854,299.08848403224266,177.4166946865147,10.870240422662722,0.0,0.0,1.0,285.0,747.0,2.0
485032,482.0,2.0,0.0,321.0,493.59999999999985,1.0,20.0,606.0805071127354,115.0,300.0,180.0,0.0,111.68053465898664,307.3433556952483,167.0577679379853,7.068531092645342,0.0,0.0,1.0,279.0,768.0,1.0
485330,483.0,2.0,0.0,321.0,493.60000000000014,1.0,20.0,583.8799857465305,115.0,300.0,180.0,0.0,113.8873273824541,300.89493113558734,169.42183775768936,4.379662300656986,0.0,0.0,1.0,284.0,752.0,1.0
486403,484.0,2.0,0.0,321.0,493.6,1.0,20.0,663.8180317184964,115.0,300.0,180.0,0.0,92.45727259117848,279.31200963144886,188.94065929306663,2.234082628603297,0.0,0.0,1.0,231.0,698.0,1.0
487950,485.0,2.0,0.0,321.0,493.59999999999985,1.0,20.0,583.7606487934697,115.0,300.0,180.0,0.0,122.21125669193418,296.61947594545836,173.1513257931552,3.3583183120049243,0.0,0.0,1.0,305.0,741.0,1.0
488985,486.0,2.0,0.0,321.0,493.59999999999985,1.0,20.0,650.9814596505176,115.0,300.0,180.0,0.0,141.82997103009455,302.89863497496907,180.35696867145668,15.473069010493052,0.0,0.0,1.0,354.0,757.0,1.0
489086,487.0,2.0,0.0,321.0,493.6,1.0,20.0,652.4807963327813,115.0,300.0,180.0,0.0,98.84357500262828,290.1635174172193,159.6787835025429,36.93432592766691,0.0,0.0,1.0,247.0,725.0,1.0
489327,488.0,2.0,0.0,321.0,493.6,1.0,20.0,520.415761390568,115.0,300.0,180.0,0.0,114.2792253210981,300.9679773573788,179.71856396037458,8.398875002220919,0.0,0.0,1.0,285.0,752.0,1.0
491451,489.0,7.0,2.0,321.0,493.6769999999998,1.0,20.0,530.5333416078389,121.13406762611532,305.67049066954496,179.43082950528873,0.4952586005925536,121.20455665886736,307.5438024221745,178.30811667374428,15.786346266760985,0.0,0.0,1.0,303.0,768.0,6.0
493524,490.0,2.0,0.0,321.0,493.6,1.0,20.0,504.5636304015955,115.0,300.0,180.0,0.0,115.17511022787116,299.86937202627644,179.8853497124649,21.956700940397383,0.0,0.0,1.0,287.0,749.0,1.0
496072,491.0,2.0,0.0,321.0,493.6,1.0,20.0,543.7535536770679,115.0,300.0,180.0,0.0,117.33535801866768,299.9777168994723,177.03346310126057,5.249259901531072,0.0,0.0,1.0,293.0,749.0,1.0
497220,492.0,2.0,0.0,321.0,493.6,1.0,20.0,576.7424259512426,115.0,300.0,180.0,0.0,109.32087215875669,299.81930167533295,172.71153990855063,30.01855482096827,0.0,0.0,1.0,273.0,749.0,1.0
498807,493.0,2.0,0.0,321.0,493.6,1.0,20.0,591.7876004197122,115.0,300.0,180.0,0.0,120.23505222681416,289.3895383187788,179.0638982218197,1.494988497597482,0.0,0.0,1.0,300.0,723.0,1.0
499801,494.0,2.0,0.0,321.0,493.6,1.0,20.0,582.3660036631899,115.0,300.0,180.0,0.0,114.49435558694658,300.08539611517375,178.43122456673,0.1049738290826909,80.03455085159393,292.2595386479454,1.0,286.0,750.0,1.0
501407,495.0,2.0,0.0,321.0,493.6000000000002,1.0,20.0,573.6827665303167,115.0,300.0,180.0,0.0,117.97372884073198,297.0038743759271,187.230324772931,0.7350594083283163,0.0,0.0,1.0,294.0,742.0,1.0
501571,496.0,2.0,0.0,321.0,493.6,1.0,20.0,531.251274528426,115.0,300.0,180.0,0.0,113.49406662892852,298.26524995427525,180.19102003789095,11.035397438064336,0.0,0.0,1.0,283.0,745.0,1.0
503418,497.0,2.0,0.0,321.0,493.6,1.0,20.0,602.6233837395939,115.0,300.0,180.0,0.0,118.69870053241398,312.0240636754109,187.32288270603624,14.2524071962472,0.0,0.0,1.0,296.0,780.0,1.0
503662,498.0,2.0,0.0,321.0,493.6,1.0,20.0,495.86667361064974,115.0,300.0,180.0,0.0,114.9885393199947,299.9892964728452,180.00664837741388,14.804738681194529,0.0,0.0,1.0,287.0,749.0,1.0
504460,499.0,2.0,0.0,321.0,493.6,1.0,20.0,513.3886215017493,115.0,300.0,180.0,0.0,115.313646613776,300.4410727142291,180.4720792648001,9.6989845225005,0.0,0.0,1.0,288.0,751.0,1.0
504991,500.0,2.0,0.0,321.0,493.5999999999999,1.0,20.0,599.2904019233291,115.0,300.0,180.0,0.0,105.73772893921914,289.92984154232244,183.02761347097336,17.256588373688174,0.0,0.0,1.0,264.0,724.0,1.0
506540,501.0,2.0,0.0,321.0,493.6,1.0,20.0,526.3657586615028,115.0,300.0,180.0,0.0,115.03050264222873,301.74721347189046,179.61455744618942,4.8464555154958235,0.0,0.0,1.0,287.0,754.0,1.0
509609,502.0,2.0,0.0,321.0,493.6,1.0,20.0,551.2245044660359,115.0,300.0,180.0,0.0,110.48926142852528,299.25904421177927,178.53300383345763,2.8095821735681503,0.0,0.0,1.0,276.0,748.0,1.0
510681,503.0,2.0,0.0,321.0,493.59999999999985,1.0,20.0,536.7631175249825,115.0,300.0,180.0,0.0,112.64777309441574,301.102444776633,178.9565168164759,3.99656918113363,0.0,0.0,1.0,281.0,752.0,1.0
511710,504.0,2.0,0.0,321.0,493.59999999999985,1.0,20.0,649.3777672975491,115.0,300.0,180.0,0.0,135.96767822259287,284.7910670098303,186.40982891564784,16.505468805524018,0.0,0.0,1.0,339.0,711.0,1.0
511942,505.0,2.0,0.0,321.0,493.6,1.0,20.0,563.6454847389133,115.0,300.0,180.0,0.0,116.72899774149025,303.9587495636176,185.28045877175177,10.555137147268349,0.0,0.0,1.0,291.0,759.0,1.0
512158,506.0,2.0,0.0,321.0,493.5999999999999,1.0,20.0,551.849628856036,115.0,300.0,180.0,0.0,112.66559848958964,301.1273354009335,175.87366520409765,5.999897982574092,0.0,0.0,1.0,281.0,752.0,1.0
513378,507.0,2.0,0.0,321.0,493.6,1.0,20.0,534.1473727903029,115.0,300.0,180.0,0.0,112.63481608169188,299.65932807279654,178.9034444087477,23.412260003102308,0.0,0.0,1.0,281.0,749.0,1.0
515064,508.0,2.0,0.0,321.0,493.60000000000014,1.0,20.0,568.8004562891165,115.0,300.0,180.0,0.0,109.85744622616924,302.1642798831482,185.4749893219528,14.336093919858495,0.0,0.0,1.0,274.0,755.0,1.0
516040,509.0,8.0,2.0,321.0,493.677,1.0,20.0,499.53953894206546,125.34703926030932,303.7458122830428,169.86260699404642,0.8880987513426197,125.40305772996297,303.6996085843187,169.82027978756224,1.7585802553150385,0.0,0.0,1.0,313.0,759.0,7.0
517898,510.0,2.0,0.0,321.0,493.5999999999999,1.0,20.0,574.1925474606824,115.0,300.0,180.0,0.0,111.99595869800592,300.3541821817806,188.2820862333872,5.72379357609584,0.0,0.0,1.0,279.0,750.0,1.0
517967,511.0,2.0,0.0,321.0,493.6,1.0,20.0,563.4693685010824,115.0,300.0,180.0,0.0,118.19408855870068,305.54014522156734,178.23991993531874,12.786547307264993,0.0,0.0,1.0,295.0,763.0,1.0
518197,512.0,2.0,0.0,321.0,493.6000000000001,1.0,20.0,590.062166545546,115.0,300.0,180.0,0.0,105.0482550879564,305.5928889861399,177.0695597227656,14.464593871545592,0.0,0.0,1.0,262.0,763.0,1.0
518270,513.0,2.0,0.0,321.0,493.6,1.0,20.0,553.4466749007396,115.0,300.0,180.0,0.0,118.96347759974684,301.27684574201203,176.88087591650705,12.155924237170373,0.0,0.0,1.0,297.0,753.0,1.0
519856,514.0,2.0,0.0,321.0,493.5999999999999,1.0,20.0,514.9729633436312,115.0,300.0,180.0,0.0,115.77645211137732,300.34351668330913,180.05342485089452,66.53120324062265,0.0,0.0,1.0,289.0,750.0,1.0
522734,515.0,2.0,0.0,321.0,493.6,1.0,20.0,524.9556577394469,115.0,300.0,180.0,0.0,114.14797743675572,299.18767170956784,178.84460582898245,34.84921982666441,0.0,0.0,1.0,285.0,747.0,1.0
522964,516.0,2.0,0.0,321.0,493.6,1.0,20.0,552.5147208735489,115.0,300.0,180.0,0.0,115.59332041261412,302.7337226852412,184.13992573039775,0.8504892280898066,0.0,0.0,1.0,288.0,756.0,1.0
524319,517.0,2.0,0.0,321.0,493.60000000000014,1.0,20.0,571.5870470806003,115.0,300.0,180.0,0.0,120.28835497662187,302.1125931311768,186.066121418315,41.954078570539245,0.0,0.0,1.0,300.0,755.0,1.0
526289,518.0,2.0,0.0,321.0,493.6,1.0,20.0,514.0840362635879,115.0,300.0,180.0,0.0,114.6469904957715,299.3885894902159,180.31338566627363,2.339361940411808,0.0,0.0,1.0,286.0,748.0,1.0
526718,519.0,2.0,0.0,321.0,493.6,1.0,20.0,610.8372263628784,115.0,300.0,180.0,0.0,114.98578836007592,314.7941968886878,173.30781136620882,20.576652986491514,0.0,0.0,1.0,287.0,786.0,1.0
526925,520.0,2.0,0.0,321.0,493.6,1.0,20.0,553.6701281536724,115.0,300.0,180.0,0.0,115.66311584933828,301.1571070468831,185.080392826381,4.276854652068042,0.0,0.0,1.0,289.0,752.0,1.0
528287,521.0,2.0,0.0,321.0,493.6,1.0,20.0,511.3631887369073,115.0,300.0,180.0,0.0,114.6607844837329,300.46442784607484,180.17146161347392,51.446381162387695,0.0,0.0,1.0,286.0,751.0,1.0
528673,522.0,2.0,0.0,321.0,493.59999999999985,1.0,20.0,576.1801066579512,115.0,300.0,180.0,0.0,119.69646337580096,304.2999809374329,186.54716575641933,11.332841973481248,0.0,0.0,1.0,299.0,760.0,1.0
529893,523.0,2.0,0.0,321.0,493.59999999999985,1.0,20.0,589.0940102156541,115.0,300.0,180.0,0.0,114.5534843277671,293.6834726517564,170.3446220171064,14.7497233226746,0.0,0.0,1.0,286.0,734.0,1.0
530113,524.0,2.0,0.0,321.0,493.6,1.0,20.0,640.1409314297035,115.0,300.0,180.0,0.0,118.90021681123508,318.93581918626165,194.35629425943657,8.8268184312598,0.0,0.0,1.0,297.0,797.0,1.0
531312,525.0,2.0,0.0,321.0,493.6,1.0,20.0,551.4862649159763,115.0,300.0,180.0,0.0,119.01531631788691,302.09482110596707,178.30855498976388,29.700015759873263,0.0,0.0,1.0,297.0,755.0,1.0
532704,526.0,2.0,0.0,321.0,493.6,1.0,20.0,498.51769056923126,115.0,300.0,180.0,0.0,114.99760015352578,300.05457955081476,180.03230139658703,1.1957811562503449,0.0,0.0,1.0,287.0,750.0,1.0
533374,527.0,2.0,0.0,321.0,493.6,1.0,20.0,513.2399275882827,115.0,300.0,180.0,0.0,114.57849018674152,299.7336861422605,180.54385130219455,7.18900154904125,0.0,0.0,1.0,286.0,749.0,1.0
534955,528.0,2.0,0.0,321.0,493.5999999999999,1.0,20.0,590.3560047811865,115.0,300.0,180.0,0.0,122.18333593400008,302.88374173488603,171.26683168971385,2.828923453540731,0.0,0.0,1.0,305.0,757.0,1.0
535094,529.0,2.0,0.0,321.0,493.5999999999999,1.0,20.0,612.3789501343406,115.0,300.0,180.0,0.0,108.7688680050461,307.61976452150566,193.64114947511743,9.436521592713811,0.0,0.0,1.0,271.0,769.0,1.0
536381,530.0,2.0,0.0,321.0,493.6,1.0,20.0,658.0680133347753,115.0,300.0,180.0,0.0,97.69294233945394,283.44114045915506,196.8087006427296,16.579809100168887,0.0,0.0,1.0,244.0,708.0,1.0
537425,531.0,2.0,0.0,321.0,493.5999999999999,1.0,20.0,572.909739816472,115.0,300.0,180.0,0.0,114.68358110425496,293.1119319019032,184.6083166711767,7.331364863422189,0.0,0.0,1.0,286.0,732.0,1.0
541245,532.0,2.0,0.0,321.0,493.6000000000001,1.0,20.0,633.3351228440615,115.0,300.0,180.0,0.0,110.34886563248264,299.6163147975355,158.61594319251435,10.06215983797676,0.0,0.0,1.0,275.0,749.0,1.0
543026,533.0,2.0,0.0,321.0,493.6,1.0,20.0,512.0415164164098,115.0,300.0,180.0,0.0,115.3783034168105,300.5170482300574,180.05697676792263,15.295254271237422,0.0,0.0,1.0,288.0,751.0,1.0
543850,534.0,2.0,0.0,321.0,493.5999999999999,1.0,20.0,544.9660933533785,115.0,300.0,180.0,0.0,114.06219964586384,303.52646806153854,181.27753226979831,10.006584848060816,0.0,0.0,1.0,285.0,758.0,1.0
544720,535.0,6.0,2.0,321.0,493.6770000000001,1.0,20.0,564.8515131229647,120.19507430227203,292.65559323919007,183.2679146692181,0.4814990752765662,120.54799557916913,292.0145757990853,182.93608950159995,0.5368188822083376,66.42708441204329,264.57438471260457,1.0,301.0,730.0,5.0
547578,536.0,2.0,0.0,321.0,493.5999999999999,1.0,20.0,558.7557568464832,115.0,300.0,180.0,0.0,120.70380841616972,299.5187322172408,178.74048372092514,3.035456276204073,0.0,0.0,1.0,301.0,748.0,1.0
548815,537.0,2.0,0.0,321.0,493.6,1.0,20.0,611.1024712748665,115.0,300.0,180.0,0.0,107.85563821629562,293.10725182578835,193.1194134410152,11.062688127547425,0.0,0.0,1.0,269.0,732.0,1.0
549038,538.0,2.0,0.0,321.0,493.6,1.0,20.0,534.0731227137256,115.0,300.0,180.0,0.0,112.95165815908608,301.56649704002064,179.45091617029564,2.4217414636910544,0.0,0.0,1.0,282.0,753.0,1.0
549610,539.0,2.0,0.0,321.0,493.6,1.0,20.0,730.1083651586636,115.0,300.0,180.0,0.0,75.31900373395163,268.18803816400793,171.57320980273,7.749012712172233,0.0,0.0,1.0,188.0,670.0,1.0
549857,540.0,2.0,0.0,321.0,493.5999999999998,1.0,20.0,622.5768536820037,115.0,300.0,180.0,0.0,103.95941991465156,290.5559907195627,167.15330206909658,3.616392515956683,0.0,0.0,1.0,259.0,726.0,1.0
549979,541.0,2.0,0.0,321.0,493.6,1.0,20.0,578.3093224163977,115.0,300.0,180.0,0.0,124.38217887856456,299.9398821151341,180.52320601248204,6.419315056530127,0.0,0.0,1.0,310.0,749.0,1.0
550877,542.0,2.0,0.0,321.0,493.6,1.0,20.0,610.5578163137602,115.0,300.0,180.0,0.0,101.75299118839804,290.8230011363972,178.5421342097485,21.926744940797793,0.0,0.0,1.0,254.0,727.0,1.0
551022,543.0,2.0,0.0,321.0,493.59999999999985,1.0,20.0,559.9414921005648,115.0,300.0,180.0,0.0,116.9016023776472,304.4440151662309,176.03837925378318,8.888372756992306,0.0,0.0,1.0,292.0,761.0,1.0
551269,544.0,2.0,0.0,321.0,493.6,1.0,20.0,618.8480481163108,115.0,300.0,180.0,0.0,103.28638611794538,304.0759554139879,193.4646807601128,6.335596537236825,0.0,0.0,1.0,258.0,760.0,1.0
551506,545.0,2.0,0.0,321.0,493.6,1.0,20.0,541.2311778779152,115.0,300.0,180.0,0.0,115.6600796017964,303.43428878500856,179.47056107177417,2.4924530701157175,0.0,0.0,1.0,289.0,758.0,1.0
551716,546.0,2.0,0.0,321.0,493.6,1.0,20.0,663.528384444553,115.0,300.0,180.0,0.0,124.48373418306494,329.5732230982485,182.0818130940652,2.721858201266472,0.0,0.0,1.0,311.0,823.0,1.0
551835,547.0,2.0,0.0,321.0,493.6,1.0,20.0,578.1297860187914,115.0,300.0,180.0,0.0,118.52267932056418,303.7885651571588,172.53121784352263,25.268974895922444,0.0,0.0,1.0,296.0,759.0,1.0
552055,548.0,2.0,0.0,321.0,493.6,1.0,20.0,662.57909113635,115.0,300.0,180.0,0.0,126.13769725469824,288.8476715879612,154.15112740746412,8.063939707451931,0.0,0.0,1.0,315.0,722.0,1.0
552281,549.0,2.0,0.0,321.0,493.59999999999985,1.0,20.0,627.0023689230671,115.0,300.0,180.0,0.0,114.71943991348364,306.6851341181609,160.44306531348906,2.0931450636776265,0.0,0.0,1.0,286.0,766.0,1.0
552418,550.0,2.0,0.0,321.0,493.5999999999999,1.0,20.0,613.4950624657899,115.0,300.0,180.0,0.0,114.14045993347156,314.1678591012562,188.90682215857905,21.32770960214147,0.0,0.0,1.0,285.0,785.0,1.0
553609,551.0,2.0,0.0,321.0,493.59999999999985,1.0,20.0,629.3819761505716,115.0,300.0,180.0,0.0,119.6066935092784,319.70633019459746,175.18743904632873,2.741783760084766,0.0,0.0,1.0,299.0,799.0,1.0
553786,552.0,2.0,0.0,321.0,493.5999999999999,1.0,20.0,539.1788414770084,115.0,300.0,180.0,0.0,112.50760448389164,299.1453835019586,178.09645051759827,0.8715864412060582,0.0,0.0,1.0,281.0,747.0,1.0
554653,553.0,3.0,2.0,321.0,493.677,1.0,20.0,537.1697690206981,114.80138519823308,299.2655270598575,180.86086756103603,0.0844103596315444,115.69287808957836,297.2207886707746,182.7477152292414,6.56400379977635,0.0,0.0,1.0,289.0,743.0,2.0
554949,554.0,2.0,0.0,321.0,493.5999999999999,1.0,20.0,571.2060090908423,115.0,300.0,180.0,0.0,119.64429688994774,306.328744694086,177.96884972285272,34.623320863150404,0.0,0.0,1.0,299.0,765.0,1.0
556362,555.0,2.0,0.0,321.0,493.6,1.0,20.0,519.1846110826459,115.0,300.0,180.0,0.0,114.38530980288805,299.909613925616,180.9433116838447,3.6401533428530337,0.0,0.0,1.0,285.0,749.0,1.0
557304,556.0,2.0,0.0,321.0,493.5999999999998,1.0,20.0,586.9955443123854,115.0,300.0,180.0,0.0,114.98235807547836,290.91621108024816,186.4284934390373,8.823874770349518,0.0,0.0,1.0,287.0,727.0,1.0
557815,557.0,326.0,2.0,321.0,493.677,1.0,20.0,499.777250122912,114.7573855175256,300.49527255044836,178.31539392176174,0.187703789238752,114.70230713969308,300.53948085416846,178.37506318102433,3.282269025931966,0.0,0.0,1.0,286.0,751.0,325.0
558797,558.0,2.0,0.0,321.0,493.5999999999999,1.0,20.0,539.7588461797445,115.0,300.0,180.0,0.0,116.69212821641295,298.52159304736,182.42682090787815,6.557991900158709,0.0,0.0,1.0,291.0,746.0,1.0
560022,559.0,2.0,0.0,321.0,493.5999999999999,1.0,20.0,620.3257246080111,115.0,300.0,180.0,0.0,117.11581560154823,283.418618831414,172.01123429764522,3.366591089119683,0.0,0.0,1.0,292.0,708.0,1.0
560216,560.0,2.0,0.0,321.0,493.6,1.0,20.0,572.5380292897702,115.0,300.0,180.0,0.0,114.72982890484418,300.5116509303314,188.16518958294176,23.847815317903297,0.0,0.0,1.0,286.0,751.0,1.0
560756,561.0,2.0,0.0,321.0,493.59999999999985,1.0,20.0,621.5404296060983,115.0,300.0,180.0,0.0,120.42990988608764,313.2177827464785,167.36908229372708,25.39884339284503,0.0,0.0,1.0,301.0,783.0,1.0
560975,562.0,2.0,0.0,321.0,493.5999999999999,1.0,20.0,573.7497723018746,115.0,300.0,180.0,0.0,116.95402969356049,291.6795337641908,179.9232469736104,21.326360491766085,0.0,0.0,1.0,292.0,729.0,1.0
561153,563.0,2.0,0.0,321.0,493.5999999999999,1.0,20.0,577.9718504021472,115.0,300.0,180.0,0.0,117.79327274566478,297.6896766149915,171.51166252601018,4.6039089553076025,0.0,0.0,1.0,294.0,744.0,1.0
561390,564.0,2.0,0.0,321.0,493.6,1.0,20.0,561.1521727678493,115.0,300.0,180.0,0.0,108.84527969800816,300.4280694823871,178.55690887625684,10.386052779020856,0.0,0.0,1.0,272.0,751.0,1.0
561571,565.0,2.0,0.0,321.0,493.6000000000001,1.0,20.0,590.7496377888491,115.0,300.0,180.0,0.0,111.10306007051966,289.77012372236237,175.17724861760362,8.570402981593334,0.0,0.0,1.0,277.0,724.0,1.0
561743,566.0,2.0,0.0,321.0,493.6,1.0,20.0,550.9840098671846,115.0,300.0,180.0,0.0,112.44077546235448,298.9663845203287,176.06695697040232,10.899499986138167,0.0,0.0,1.0,281.0,747.0,1.0
564436,567.0,2.0,0.0,321.0,493.6000000000002,1.0,20.0,559.7425479581141,115.0,300.0,180.0,0.0,110.9530970619691,301.6369569258581,175.70469953807392,19.44385536110498,0.0,0.0,1.0,277.0,754.0,1.0
564620,568.0,2.0,0.0,321.0,493.6,1.0,20.0,568.0186581968272,115.0,300.0,180.0,0.0,111.30065032269104,294.7406417630443,183.65278454100857,56.18344240939746,0.0,0.0,1.0,278.0,736.0,1.0
566590,569.0,2.0,0.0,321.0,493.59999999999985,1.0,20.0,622.2437343691204,115.0,300.0,180.0,0.0,108.64296738487651,311.53894333841845,193.67384989710405,9.936893122880544,0.0,0.0,1.0,271.0,778.0,1.0
566849,570.0,2.0,0.0,321.0,493.6,1.0,20.0,510.2466506117552,115.0,300.0,180.0,0.0,115.05542104527242,300.41009914335336,180.3408855286661,28.022324804369564,0.0,0.0,1.0,287.0,751.0,1.0
568325,571.0,2.0,0.0,321.0,493.60000000000014,1.0,20.0,583.0998782256495,115.0,300.0,180.0,0.0,121.49776594971264,300.5753066205779,188.10944904237311,4.216253876030507,0.0,0.0,1.0,303.0,751.0,1.0
568602,572.0,2.0,0.0,321.0,493.6,1.0,20.0,534.6571424919132,115.0,300.0,180.0,0.0,112.99114313131356,301.1492335900708,178.6849881043342,13.19796208895797,0.0,0.0,1.0,282.0,752.0,1.0
569533,573.0,2.0,0.0,321.0,493.60000000000014,1.0,20.0,655.0393006999174,115.0,300.0,180.0,0.0,92.96586722830943,290.92453717040377,195.31976274403752,13.81523558861815,0.0,0.0,1.0,232.0,727.0,1.0
569704,574.0,2.0,0.0,321.0,493.5999999999998,1.0,20.0,601.6203188133312,115.0,300.0,180.0,0.0,116.16570587354602,313.85766873933187,182.66304437762727,9.832169793882384,0.0,0.0,1.0,290.0,784.0,1.0
571226,575.0,2.0,0.0,321.0,493.6,1.0,20.0,671.8138910183021,115.0,300.0,180.0,0.0,121.817302037036,294.91464791541256,211.07902904723596,6.759499759447664,0.0,0.0,1.0,304.0,737.0,1.0
571548,576.0,2.0,0.0,321.0,493.6,1.0,20.0,516.109487610304,115.0,300.0,180.0,0.0,114.41590573590884,300.6372736537839,180.28843385179457,18.787470432553295,0.0,0.0,1.0,286.0,751.0,1.0
572930,577.0,2.0,0.0,321.0,493.6000000000001,1.0,20.0,590.3938597589257,115.0,300.0,180.0,0.0,119.23809301536124,296.3701143080406,172.74868299306664,0.6384441058293953,37.26295759100572,195.3830078135505,1.0,298.0,740.0,1.0
573147,578.0,2.0,0.0,321.0,493.59999999999985,1.0,20.0,602.1565053533614,115.0,300.0,180.0,0.0,115.68036519143058,314.10891579338505,175.7100864101622,10.106797039898815,0.0,0.0,1.0,289.0,785.0,1.0
573329,579.0,5.0,2.0,321.0,493.677,1.0,20.0,521.4765675538332,117.72730555271389,292.35734284226174,182.87207749637673,0.5701638502661399,118.76314327610956,292.05631961958255,183.65227915983897,7.850199928435183,0.0,0.0,1.0,296.0,730.0,4.0
573875,580.0,2.0,0.0,321.0,493.6,1.0,20.0,583.2505146033697,115.0,300.0,180.0,0.0,107.1109452537648,299.433055621154,173.464952896762,2.964488558182688,0.0,0.0,1.0,267.0,748.0,1.0
574881,581.0,2.0,0.0,321.0,493.6,1.0,20.0,501.7853255902059,115.0,300.0,180.0,0.0,114.95765863359097,300.1371334009952,179.94565568421783,12.023421724642125,0.0,0.0,1.0,287.0,750.0,1.0
575335,582.0,2.0,0.0,321.0,493.5999999999999,1.0,20.0,524.2586873634184,115.0,300.0,180.0,0.0,116.4656016127644,300.2585493093673,179.52953675485642,10.824618870155136,0.0,0.0,1.0,291.0,750.0,1.0
575537,583.0,2.0,0.0,321.0,493.59999999999985,1.0,20.0,562.3428792103128,115.0,300.0,180.0,0.0,114.5507788908345,295.70988175738904,184.9834228800541,24.545865617707506,0.0,0.0,1.0,286.0,739.0,1.0
575781,584.0,3.0,2.0,321.0,493.677,1.0,20.0,514.3772656642409,116.89545348019897,288.8257197839767,184.13829244990944,0.8282393736068674,117.61481033627832,288.63519419339576,184.44747739669685,12.608289335356751,0.0,0.0,1.0,294.0,721.0,2.0
577660,585.0,2.0,0.0,321.0,493.6,1.0,20.0,618.6602124756523,115.0,300.0,180.0,0.0,104.14910547389948,308.28090230504694,191.9353697656174,6.96425492166791,0.0,0.0,1.0,260.0,770.0,1.0
579229,586.0,2.0,0.0,321.0,493.5999999999998,1.0,20.0,615.9163196475421,115.0,300.0,180.0,0.0,120.86880443161392,288.99492129023207,167.8198302669702,4.540321444811932,0.0,0.0,1.0,302.0,722.0,1.0
580411,587.0,2.0,0.0,321.0,493.6,1.0,20.0,542.9788187800331,115.0,300.0,180.0,0.0,114.2040082519392,301.7593879009272,176.9072574068268,10.346457757784863,0.0,0.0,1.0,285.0,754.0,1.0
581848,588.0,2.0,0.0,321.0,493.6,1.0,20.0,620.6822098342601,115.0,300.0,180.0,0.0,109.8029566657588,293.1617295052903,163.18565088629651,11.20805787061384,0.0,0.0,1.0,274.0,732.0,1.0
582083,589.0,2.0,0.0,321.0,493.6,1.0,20.0,547.522342354291,115.0,300.0,180.0,0.0,116.50466873042578,296.915932981272,177.2319343895507,2.2845665628089304,0.0,0.0,1.0,291.0,742.0,1.0
582249,590.0,2.0,0.0,321.0,493.60000000000014,1.0,20.0,574.8983026998045,115.0,300.0,180.0,0.0,122.66688711337774,299.08025730214945,175.76417535305907,10.049221305257293,0.0,0.0,1.0,306.0,747.0,1.0
582514,591.0,2.0,0.0,321.0,493.6000000000001,1.0,20.0,622.0197108294172,115.0,300.0,180.0,0.0,114.11313592569456,309.88444128888074,196.3847061104289,2.2394695057179534,0.0,0.0,1.0,285.0,774.0,1.0
582663,592.0,2.0,0.0,321.0,493.6,1.0,20.0,536.522551279346,115.0,300.0,180.0,0.0,115.47251038871131,299.84027154697736,180.11095388603755,0.0440470331229836,38.31237169872605,198.2165764162112,1.0,288.0,749.0,1.0
583252,593.0,2.0,0.0,321.0,493.60000000000014,1.0,20.0,602.9393283830896,115.0,300.0,180.0,0.0,113.6883058615119,285.92919346368933,176.66346564957706,16.51766569055296,0.0,0.0,1.0,284.0,714.0,1.0
583547,594.0,2.0,0.0,321.0,493.6,1.0,20.0,521.6677206835865,115.0,300.0,180.0,0.0,114.45866408846707,298.9391499224993,180.67412060187505,1.4482297583892,0.0,0.0,1.0,286.0,747.0,1.0
585014,595.0,2.0,0.0,321.0,493.59999999999985,1.0,20.0,642.0133298255694,115.0,300.0,180.0,0.0,97.60203698265036,303.5499987753108,197.06664743294692,2.8791315049373134,0.0,0.0,1.0,244.0,758.0,1.0
585143,596.0,2.0,0.0,321.0,493.6,1.0,20.0,606.5133052608754,115.0,300.0,180.0,0.0,115.81264930420942,308.9375305018823,192.75496993490543,2.855303891317167,0.0,0.0,1.0,289.0,772.0,1.0
586471,597.0,2.0,0.0,321.0,493.6000000000001,1.0,20.0,542.4750772253624,115.0,300.0,180.0,0.0,118.05813218270848,301.6787850071486,179.03717626713163,3.78609317463485,0.0,0.0,1.0,295.0,754.0,1.0
588894,598.0,3.0,2.0,321.0,493.677,1.0,20.0,508.275647112559,121.83233244862784,290.932115781029,174.0437525869541,0.9268081720316096,121.80151251315051,290.51916975071003,173.9497053421987,17.291197390959866,0.0,0.0,1.0,304.0,726.0,2.0
589191,599.0,2.0,0.0,321.0,493.5999999999999,1.0,20.0,529.9728693749662,115.0,300.0,180.0,0.0,116.13343181571398,300.06863843721317,178.0786628064955,13.502320617808714,0.0,0.0,1.0,290.0,750.0,1.0
590841,600.0,2.0,0.0,321.0,493.6,1.0,20.0,675.9255459477112,115.0,300.0,180.0,0.0,109.3942065236885,274.72674603788323,157.5881581186106,18.204978430891323,0.0,0.0,1.0,273.0,686.0,1.0
591062,601.0,2.0,0.0,321.0,493.60000000000014,1.0,20.0,592.0388677717352,115.0,300.0,180.0,0.0,120.11444331770905,300.0540122864851,191.190537527549,22.917203763581895,0.0,0.0,1.0,300.0,750.0,1.0
591287,602.0,2.0,0.0,321.0,493.5999999999999,1.0,20.0,554.1753175211268,115.0,300.0,180.0,0.0,120.06173695519723,301.3941907826681,180.03040718405748,6.616650677504035,0.0,0.0,1.0,300.0,753.0,1.0
591395,603.0,2.0,0.0,321.0,493.6,1.0,20.0,557.9368337365042,115.0,300.0,180.0,0.0,117.39438819505884,294.69445079391244,180.32429378641524,8.111216175128078,0.0,0.0,1.0,293.0,736.0,1.0
591628,604.0,2.0,0.0,321.0,493.6,1.0,20.0,520.4216270684256,115.0,300.0,180.0,0.0,114.59671242679562,300.25144915435345,181.09462885567,12.770600865143804,0.0,0.0,1.0,286.0,750.0,1.0
593486,605.0,2.0,0.0,321.0,493.59999999999985,1.0,20.0,618.1549355447555,115.0,300.0,180.0,0.0,109.39652785463166,292.34927033702064,185.28705750613676,0.6474012523870826,73.90039935833613,280.02811157430415,1.0,273.0,730.0,1.0
594275,606.0,2.0,0.0,321.0,493.6,1.0,20.0,601.7446311417857,115.0,300.0,180.0,0.0,104.438927697432,290.5573706053327,177.62354939940502,7.81279079475037,0.0,0.0,1.0,261.0,726.0,1.0
594542,607.0,2.0,0.0,321.0,493.6,1.0,20.0,599.7606781449036,115.0,300.0,180.0,0.0,124.54234029059776,303.4316066043238,189.6974798761994,10.604489371034123,0.0,0.0,1.0,311.0,758.0,1.0
594755,608.0,2.0,0.0,321.0,493.6000000000001,1.0,20.0,656.9170951738112,115.0,300.0,180.0,0.0,143.35619009528716,300.15675743876955,180.03177100505994,18.45784706393388,0.0,0.0,1.0,358.0,750.0,1.0
595493,609.0,2.0,0.0,321.0,493.6,1.0,20.0,568.9055791385786,115.0,300.0,180.0,0.0,108.3391951714187,302.27545777697634,182.5848360457964,37.0379215351418,0.0,0.0,1.0,270.0,755.0,1.0
596011,610.0,2.0,0.0,321.0,493.6,1.0,20.0,721.1366684784234,115.0,300.0,180.0,0.0,142.6822803193182,338.7136627035715,175.47864459242794,4.583111508358208,0.0,0.0,1.0,356.0,846.0,1.0
596289,611.0,2.0,0.0,321.0,493.6,1.0,20.0,576.8742784815803,115.0,300.0,180.0,0.0,122.41263855196983,298.7169758864677,185.35039016875743,17.679672681581614,0.0,0.0,1.0,306.0,746.0,1.0
597043,612.0,2.0,0.0,321.0,493.6,1.0,20.0,580.5184664501784,115.0,300.0,180.0,0.0,108.99979014246014,305.31973013217475,185.2631922120872,12.867080057793796,0.0,0.0,1.0,272.0,763.0,1.0
597254,613.0,2.0,0.0,321.0,493.6,1.0,20.0,685.140719973168,115.0,300.0,180.0,0.0,111.955348579637,273.1219697931256,154.06552515277298,6.7220172834446075,0.0,0.0,1.0,279.0,682.0,1.0
597831,614.0,2.0,0.0,321.0,493.5999999999999,1.0,20.0,586.7211488415413,115.0,300.0,180.0,0.0,104.90502115161613,300.1178957108933,184.034275141096,4.322236598019455,0.0,0.0,1.0,262.0,750.0,1.0
598068,615.0,2.0,0.0,321.0,493.59999999999985,1.0,20.0,579.8275495788731,115.0,300.0,180.0,0.0,115.84655193760848,303.5170941177453,189.0029051863125,11.505085886973092,0.0,0.0,1.0,289.0,758.0,1.0
599584,616.0,2.0,0.0,321.0,493.6000000000001,1.0,20.0,674.7775386109497,115.0,300.0,180.0,0.0,138.68269221677582,280.7450626202751,193.51010951811563,4.674843529840734,0.0,0.0,1.0,346.0,701.0,1.0
602154,617.0,2.0,0.0,321.0,493.6,1.0,20.0,518.3061411410272,115.0,300.0,180.0,0.0,115.11262513474348,299.1985179590018,179.31529525648426,16.9565033914905,0.0,0.0,1.0,287.0,747.0,1.0
602383,618.0,2.0,0.0,321.0,493.6,1.0,20.0,501.438782375372,115.0,300.0,180.0,0.0,115.01787376593776,299.9051203738223,180.1025736103946,1.4039141555271415,0.0,0.0,1.0,287.0,749.0,1.0
605835,619.0,2.0,0.0,321.0,493.60000000000014,1.0,20.0,618.3917320077975,115.0,300.0,180.0,0.0,116.96963952477547,315.9300592810547,188.1936758548904,7.478769805639225,0.0,0.0,1.0,292.0,789.0,1.0
610021,620.0,2.0,0.0,321.0,493.6,1.0,20.0,533.1980903796899,115.0,300.0,180.0,0.0,117.1964738232009,299.70420085783184,181.06551629376304,1.1936504470417884,0.0,0.0,1.0,292.0,749.0,1.0
612907,621.0,2.0,0.0,321.0,493.6,1.0,20.0,575.3787287594101,115.0,300.0,180.0,0.0,111.74373389472012,308.4950490730729,180.31064225882812,15.293344479917964,0.0,0.0,1.0,279.0,771.0,1.0
613104,622.0,2.0,0.0,321.0,493.6,1.0,20.0,555.6945941730947,115.0,300.0,180.0,0.0,119.34958977628352,300.16721040218783,183.3588551890172,60.512900415474,0.0,0.0,1.0,298.0,750.0,1.0
614390,623.0,2.0,0.0,321.0,493.6,1.0,20.0,506.2711586624644,115.0,300.0,180.0,0.0,114.97874246705638,299.8102755445204,180.26577986397868,4.681480983860677,0.0,0.0,1.0,287.0,749.0,1.0
615799,624.0,2.0,0.0,321.0,493.5999999999998,1.0,20.0,562.419362765348,115.0,300.0,180.0,0.0,118.02707088052266,295.99790394888726,175.78668238849164,8.69338990612095,0.0,0.0,1.0,295.0,739.0,1.0
615958,625.0,2.0,0.0,321.0,493.6,1.0,20.0,638.4434175012202,115.0,300.0,180.0,0.0,127.1652828688386,290.2980441596736,161.8626104111683,23.51184803307607,0.0,0.0,1.0,317.0,725.0,1.0
622865,626.0,2.0,0.0,321.0,493.5999999999999,1.0,20.0,616.8174593609408,115.0,300.0,180.0,0.0,112.28876345771,315.4633293109049,171.45356247308536,19.09960007820837,0.0,0.0,1.0,280.0,788.0,1.0
622987,627.0,2.0,0.0,321.0,493.5999999999999,1.0,20.0,607.5739779647275,115.0,300.0,180.0,0.0,119.8907637027927,314.75416951786514,178.37622630630295,12.206072069575042,0.0,0.0,1.0,299.0,786.0,1.0
624148,628.0,2.0,0.0,321.0,493.5999999999999,1.0,20.0,670.4006399031002,115.0,300.0,180.0,0.0,88.47737921420077,301.52600310921133,162.33545718226392,14.129692805373535,0.0,0.0,1.0,221.0,753.0,1.0
625086,629.0,2.0,0.0,321.0,493.5999999999999,1.0,20.0,589.2509824703775,115.0,300.0,180.0,0.0,114.28164459377192,290.16890849935976,185.9836796663049,2.9013258910667465,0.0,0.0,1.0,285.0,725.0,1.0
625349,630.0,2.0,0.0,321.0,493.6,1.0,20.0,510.0068623860049,115.0,300.0,180.0,0.0,114.81334826936344,300.27514391874513,179.60706628130484,0.9512400444216944,0.0,0.0,1.0,287.0,750.0,1.0
626157,631.0,2.0,0.0,321.0,493.6,1.0,20.0,612.1863830449117,115.0,300.0,180.0,0.0,123.26179002985884,296.7893210124978,194.51157763191435,3.376245802035352,0.0,0.0,1.0,308.0,741.0,1.0
626301,632.0,2.0,0.0,321.0,493.5999999999999,1.0,20.0,534.6898149430907,115.0,300.0,180.0,0.0,116.85185051544966,299.4411357754178,181.82284799099145,16.66287212987851,0.0,0.0,1.0,292.0,748.0,1.0
626787,633.0,2.0,0.0,321.0,493.6,1.0,20.0,537.9480940397165,115.0,300.0,180.0,0.0,116.94786713213692,300.63755959773795,182.22002804094535,2.335561099539522,0.0,0.0,1.0,292.0,751.0,1.0
626963,634.0,2.0,0.0,321.0,493.5999999999999,1.0,20.0,593.8423286819324,115.0,300.0,180.0,0.0,115.95185056074982,295.1734110614919,168.57655824353068,2.3197445821892635,0.0,0.0,1.0,289.0,737.0,1.0
627269,635.0,2.0,0.0,321.0,493.6,1.0,20.0,622.6611431649186,115.0,300.0,180.0,0.0,99.85016549307836,304.3824251161817,168.4257550759943,4.819888955711898,0.0,0.0,1.0,249.0,760.0,1.0
627477,636.0,2.0,0.0,321.0,493.6,1.0,20.0,582.4163241960124,115.0,300.0,180.0,0.0,118.24169206151107,299.50659805156357,189.3959749429212,26.918814540255784,0.0,0.0,1.0,295.0,748.0,1.0
629095,637.0,2.0,0.0,321.0,493.6,1.0,20.0,633.8416676876293,115.0,300.0,180.0,0.0,117.91093895506594,315.9450418282669,196.0728738068355,21.628045804311135,0.0,0.0,1.0,294.0,789.0,1.0
629294,638.0,2.0,0.0,321.0,493.59999999999985,1.0,20.0,641.9641367753904,115.0,300.0,180.0,0.0,100.09759918726748,318.0877826226186,173.5329905466134,10.318685589664987,0.0,0.0,1.0,250.0,795.0,1.0
629467,639.0,2.0,0.0,321.0,493.5999999999999,1.0,20.0,595.9157754593772,115.0,300.0,180.0,0.0,122.0491100618984,310.7670021840446,177.28989391627303,16.324048363169666,0.0,0.0,1.0,305.0,776.0,1.0
629736,640.0,2.0,0.0,321.0,493.5999999999999,1.0,20.0,578.8050413929049,115.0,300.0,180.0,0.0,111.4694220466777,298.34483310325226,188.85588218411587,11.720618122127908,0.0,0.0,1.0,278.0,745.0,1.0
631100,641.0,2.0,0.0,321.0,493.6,1.0,20.0,510.2492468349914,115.0,300.0,180.0,0.0,115.11760845287549,300.431152490946,180.30334070096825,23.020536770020964,0.0,0.0,1.0,287.0,751.0,1.0
633417,642.0,2.0,0.0,321.0,493.5999999999998,1.0,20.0,550.8362084717252,115.0,300.0,180.0,0.0,118.89608507386606,300.3217909194219,182.75966618617693,3.155287383320373,0.0,0.0,1.0,297.0,750.0,1.0
633619,643.0,2.0,0.0,321.0,493.60000000000014,1.0,20.0,638.6127684022408,115.0,300.0,180.0,0.0,113.1132932654286,296.744080256187,157.69201718628918,2.986280272773789,0.0,0.0,1.0,282.0,741.0,1.0
633845,644.0,2.0,0.0,321.0,493.59999999999985,1.0,20.0,568.3338700364238,115.0,300.0,180.0,0.0,111.2409078459239,297.0853132934596,186.04580468011207,5.72973420186821,0.0,0.0,1.0,278.0,742.0,1.0
635569,645.0,2.0,0.0,321.0,493.6,1.0,20.0,569.1056381143096,115.0,300.0,180.0,0.0,116.24016417381858,301.57939423994424,180.1842788357065,0.1379887434605616,63.423353709372265,258.13573285703103,1.0,290.0,753.0,1.0
636997,646.0,2.0,0.0,321.0,493.6,1.0,20.0,493.82812489131834,115.0,300.0,180.0,0.0,114.99987526662656,300.00012145409397,180.00045654193005,19.38874560887997,0.0,0.0,1.0,287.0,750.0,1.0
638739,647.0,2.0,0.0,321.0,493.6000000000002,1.0,20.0,621.4093118770946,115.0,300.0,180.0,0.0,118.89813692967634,310.92551910378745,194.815634550276,6.526803376928748,0.0,0.0,1.0,297.0,777.0,1.0
638813,648.0,2.0,0.0,321.0,493.6,1.0,20.0,604.722877192808,115.0,300.0,180.0,0.0,119.14804873472023,290.4527186147387,191.1586818442691,25.371744596816484,0.0,0.0,1.0,297.0,726.0,1.0
638969,649.0,2.0,0.0,321.0,493.6,1.0,20.0,556.1551858999935,115.0,300.0,180.0,0.0,113.59982083384112,296.66214098057264,175.81407340227912,3.4869974835196933,0.0,0.0,1.0,283.0,741.0,1.0
641067,650.0,2.0,0.0,321.0,493.5999999999998,1.0,20.0,555.5868968746183,115.0,300.0,180.0,0.0,111.12840177025062,303.58250317233694,178.9243506312549,13.051492855964502,0.0,0.0,1.0,277.0,758.0,1.0
641342,651.0,2.0,0.0,321.0,493.59999999999985,1.0,20.0,576.3463413686137,115.0,300.0,180.0,0.0,115.67550220868402,299.84067139015986,179.59112971352283,0.0520456209985272,78.53407082041389,289.3033615316945,1.0,289.0,749.0,1.0
641474,652.0,2.0,0.0,321.0,493.59999999999985,1.0,20.0,527.1624774884435,115.0,300.0,180.0,0.0,113.34408085322518,299.40027631092687,179.50458344632506,0.9072590916666808,0.0,0.0,1.0,283.0,748.0,1.0
641756,653.0,2.0,0.0,321.0,493.5999999999999,1.0,20.0,545.7045273784403,115.0,300.0,180.0,0.0,117.88850416851116,301.9991460767342,178.06453551873852,0.9508822827774598,0.0,0.0,1.0,294.0,754.0,1.0
641953,654.0,2.0,0.0,321.0,493.60000000000014,1.0,20.0,613.4731364695512,115.0,300.0,180.0,0.0,127.64899978522936,293.53922966075277,188.79435937955648,6.922906696447961,0.0,0.0,1.0,319.0,733.0,1.0
642203,655.0,2.0,0.0,321.0,493.6,1.0,20.0,566.5156657473298,115.0,300.0,180.0,0.0,115.6921594572539,300.2606184082005,187.0880533006693,6.017764622017043,0.0,0.0,1.0,289.0,750.0,1.0
643171,656.0,2.0,0.0,321.0,493.6,1.0,20.0,552.542537833039,115.0,300.0,180.0,0.0,116.65811539509028,300.1909580662039,184.65357421357425,4.011883805270639,0.0,0.0,1.0,291.0,750.0,1.0
643359,657.0,2.0,0.0,321.0,493.6,1.0,20.0,527.9534708244944,115.0,300.0,180.0,0.0,114.00246295753018,298.8190199260215,178.76492272641286,5.9381800442389014,0.0,0.0,1.0,285.0,747.0,1.0
644888,658.0,2.0,0.0,321.0,493.59999999999985,1.0,20.0,548.0921890719696,115.0,300.0,180.0,0.0,118.52393625854089,297.8218132274818,181.6128780034588,13.893522804775456,0.0,0.0,1.0,296.0,744.0,1.0
645128,659.0,2.0,0.0,321.0,493.6,1.0,20.0,548.1733484730753,115.0,300.0,180.0,0.0,116.22518478385771,297.657816251136,183.3233397956214,27.090667980237622,0.0,0.0,1.0,290.0,744.0,1.0
645245,660.0,2.0,0.0,321.0,493.6,1.0,20.0,652.631882319957,115.0,300.0,180.0,0.0,126.25804621847388,323.5933103589981,186.30793168269855,16.394246111208503,0.0,0.0,1.0,315.0,808.0,1.0
645377,661.0,2.0,0.0,321.0,493.6,1.0,20.0,673.5167590562407,115.0,300.0,180.0,0.0,110.21462336818516,321.8154801198669,203.72610354781423,16.17411819406641,0.0,0.0,1.0,275.0,804.0,1.0
645604,662.0,2.0,0.0,321.0,493.6,1.0,20.0,526.2370346631992,115.0,300.0,180.0,0.0,115.51127139826473,298.8672480247073,181.2565326769536,3.6845972793741297,0.0,0.0,1.0,288.0,747.0,1.0
646194,663.0,2.0,0.0,321.0,493.6000000000002,1.0,20.0,624.7560259756199,115.0,300.0,180.0,0.0,132.45521568409325,305.6013610218063,173.07407162357956,23.88276862006563,0.0,0.0,1.0,331.0,764.0,1.0
648418,664.0,2.0,0.0,321.0,493.6,1.0,20.0,579.4017348052196,115.0,300.0,180.0,0.0,118.68650466132448,308.41373382230347,182.23395144473687,26.71264938926249,0.0,0.0,1.0,296.0,771.0,1.0
649886,665.0,2.0,0.0,321.0,493.60000000000014,1.0,20.0,659.4270472616678,115.0,300.0,180.0,0.0,110.02829304906138,328.6615478138941,184.7634150805805,44.52947992082559,0.0,0.0,1.0,275.0,821.0,1.0
651021,666.0,2.0,0.0,321.0,493.6,1.0,20.0,546.4374993678841,115.0,300.0,180.0,0.0,116.20802891674133,302.98632609567363,182.75660123986736,9.92872295718784,0.0,0.0,1.0,290.0,757.0,1.0
655314,667.0,2.0,0.0,321.0,493.6,1.0,20.0,510.51404678986313,115.0,300.0,180.0,0.0,114.95589060797413,299.652350394932,180.42316626857956,5.883785746415066,0.0,0.0,1.0,287.0,749.0,1.0
655704,668.0,2.0,0.0,321.0,493.5999999999999,1.0,20.0,597.0738355985246,115.0,300.0,180.0,0.0,118.65766886303908,298.77609310290586,167.40612415870268,1.6061067986412678,0.0,0.0,1.0,296.0,746.0,1.0
656663,669.0,2.0,0.0,321.0,493.6,1.0,20.0,574.296997727693,115.0,300.0,180.0,0.0,115.36421088036928,308.2888390712316,182.56607786742157,11.78581533828799,0.0,0.0,1.0,288.0,770.0,1.0
656879,670.0,2.0,0.0,321.0,493.6,1.0,20.0,544.6280746679123,115.0,300.0,180.0,0.0,111.86093907905266,297.5703323794674,179.91018006874106,0.5581462870928601,0.0,0.0,1.0,279.0,743.0,1.0
657071,671.0,8.0,2.0,321.0,493.6770000000001,1.0,20.0,519.9170981213214,116.64737378292833,299.9706297834838,184.18778936426753,0.2767887878535892,115.47023206840936,299.6879792611498,183.92069186905456,10.938218300319694,0.0,0.0,1.0,288.0,749.0,7.0
657869,672.0,2.0,0.0,321.0,493.6,1.0,20.0,696.3654031391003,115.0,300.0,180.0,0.0,116.1950190140868,322.8136683938991,146.52014728783504,3.24471436498984,0.0,0.0,1.0,290.0,807.0,1.0
659269,673.0,2.0,0.0,321.0,493.6,1.0,20.0,576.1848998539044,115.0,300.0,180.0,0.0,112.63774637972632,291.80441433259847,176.839583878988,4.296727766085018,0.0,0.0,1.0,281.0,729.0,1.0
659497,674.0,2.0,0.0,321.0,493.6,1.0,20.0,630.4668722847607,115.0,300.0,180.0,0.0,106.36220237404088,287.9092202234704,164.49601440733002,6.489778787345449,0.0,0.0,1.0,265.0,719.0,1.0
660516,675.0,2.0,0.0,321.0,493.6,1.0,20.0,516.5382861281313,115.0,300.0,180.0,0.0,114.52371890523617,300.74032041525896,179.66818933436392,2.6441019260314165,0.0,0.0,1.0,286.0,751.0,1.0
662468,676.0,2.0,0.0,321.0,493.6,1.0,20.0,569.2748826633141,115.0,300.0,180.0,0.0,116.68062358858064,306.10425808488253,184.55372630578785,7.2668804455397105,0.0,0.0,1.0,291.0,765.0,1.0
662609,677.0,2.0,0.0,321.0,493.5999999999999,1.0,20.0,562.6465155202583,115.0,300.0,180.0,0.0,111.98724512733116,297.59393079103114,181.4336049259635,0.3125723207344146,39.28879068724911,200.8220686083051,1.0,279.0,743.0,1.0
663512,678.0,2.0,0.0,321.0,493.6,1.0,20.0,567.7655917955142,115.0,300.0,180.0,0.0,110.5532847817099,295.868306872451,184.81344110267233,3.947750590476243,0.0,0.0,1.0,276.0,739.0,1.0
665140,679.0,2.0,0.0,321.0,493.6,1.0,20.0,537.9605315626221,115.0,300.0,180.0,0.0,112.84379526268596,301.68077831377263,181.25978440101235,44.53891226987893,0.0,0.0,1.0,282.0,754.0,1.0
666110,680.0,2.0,0.0,321.0,493.59999999999985,1.0,20.0,566.1282916867686,115.0,300.0,180.0,0.0,111.04904406002268,294.05956011815033,180.22332067984593,3.062751268473186,0.0,0.0,1.0,277.0,735.0,1.0
667478,681.0,2.0,0.0,321.0,493.5999999999999,1.0,20.0,592.6725428449713,115.0,300.0,180.0,0.0,124.87213405732072,294.6950258183796,185.01014651341575,9.757839758142635,0.0,0.0,1.0,312.0,736.0,1.0
668627,682.0,2.0,0.0,321.0,493.6000000000001,1.0,20.0,624.809684495197,115.0,300.0,180.0,0.0,117.9452723566407,318.8780599262738,174.10682832043466,16.33888822427171,0.0,0.0,1.0,294.0,797.0,1.0
668783,683.0,2.0,0.0,321.0,493.59999999999985,1.0,20.0,602.0679418815334,115.0,300.0,180.0,0.0,114.35727463416772,313.8292545091403,177.76215338585706,8.561860067743876,0.0,0.0,1.0,285.0,784.0,1.0
668918,684.0,2.0,0.0,321.0,493.59999999999985,1.0,20.0,542.3889907832211,115.0,300.0,180.0,0.0,117.52103815365932,297.6102222874471,179.6578702256932,100.48978071117392,0.0,0.0,1.0,293.0,744.0,1.0
669063,685.0,2.0,0.0,321.0,493.6,1.0,20.0,599.4356545482483,115.0,300.0,180.0,0.0,105.63922251668438,295.92605875117965,189.2318709868902,7.592287705597061,0.0,0.0,1.0,264.0,739.0,1.0
670359,686.0,2.0,0.0,321.0,493.6000000000001,1.0,20.0,565.4376821519116,115.0,300.0,180.0,0.0,119.70219520559505,303.27606134053815,183.92394579086596,3.615280262545033,0.0,0.0,1.0,299.0,758.0,1.0
671370,687.0,2.0,0.0,321.0,493.6,1.0,20.0,648.9194037530019,115.0,300.0,180.0,0.0,131.3463233964962,313.1079205633039,194.5607899926418,2.668596176459232,0.0,0.0,1.0,328.0,782.0,1.0
672102,688.0,2.0,0.0,321.0,493.6,1.0,20.0,513.8440559468728,115.0,300.0,180.0,0.0,115.52319239901053,300.55994116151805,180.00276749116898,3.100024641689868,0.0,0.0,1.0,288.0,751.0,1.0
672811,689.0,2.0,0.0,321.0,493.6,1.0,20.0,501.4640490833829,115.0,300.0,180.0,0.0,114.95434377523762,300.1134796189937,180.0596934175815,10.88776310358689,0.0,0.0,1.0,287.0,750.0,1.0
674912,690.0,2.0,0.0,321.0,493.59999999999985,1.0,20.0,605.6158122577986,115.0,300.0,180.0,0.0,110.05726394762684,299.2838196912875,194.22513776100052,14.795392832399424,0.0,0.0,1.0,275.0,748.0,1.0
677766,691.0,2.0,0.0,321.0,493.5999999999999,1.0,20.0,605.4580425664132,115.0,300.0,180.0,0.0,126.93487795875834,308.3669760723955,184.17184027569851,7.830059180056253,0.0,0.0,1.0,317.0,770.0,1.0
678036,692.0,2.0,0.0,321.0,493.6000000000002,1.0,20.0,660.3551096416293,115.0,300.0,180.0,0.0,104.17743447036923,274.37621090569985,185.4847313724222,36.05462937211956,0.0,0.0,1.0,260.0,685.0,1.0
678274,693.0,2.0,0.0,321.0,493.6,1.0,20.0,597.0648753551399,115.0,300.0,180.0,0.0,117.46257455786618,299.3182799053292,178.73696704657186,0.1719809604502593,89.96860035712508,311.3058806427755,1.0,293.0,748.0,1.0
679788,694.0,2.0,0.0,321.0,493.6,1.0,20.0,504.930207406026,115.0,300.0,180.0,0.0,115.20148801730592,299.9928530352523,180.17849215706093,18.141974125277837,0.0,0.0,1.0,288.0,749.0,1.0
680546,695.0,2.0,0.0,321.0,493.5999999999999,1.0,20.0,648.6178205396508,115.0,300.0,180.0,0.0,103.72899361299804,278.2179847488914,188.10619216258425,25.214868908114536,0.0,0.0,1.0,259.0,695.0,1.0
682105,696.0,2.0,0.0,321.0,493.6,1.0,20.0,509.3991008614586,115.0,300.0,180.0,0.0,114.67639489776276,299.6443278156969,179.9082906489876,18.106975726589106,0.0,0.0,1.0,286.0,749.0,1.0
683396,697.0,2.0,0.0,321.0,493.6000000000001,1.0,20.0,547.2286847730246,115.0,300.0,180.0,0.0,114.37066812773188,297.25790898078617,176.75083985911297,1.1561532488417878,0.0,0.0,1.0,285.0,743.0,1.0
683658,698.0,2.0,0.0,321.0,493.6,1.0,20.0,560.574421800351,115.0,300.0,180.0,0.0,117.91164102066357,305.5928837456342,178.94516490639325,3.727317275492216,0.0,0.0,1.0,294.0,763.0,1.0
686238,699.0,2.0,0.0,321.0,493.5999999999999,1.0,20.0,602.8777854476087,115.0,300.0,180.0,0.0,108.77709437213696,313.1846917338286,177.02769945317604,11.065997582399428,0.0,0.0,1.0,271.0,782.0,1.0
686461,700.0,2.0,0.0,321.0,493.60000000000014,1.0,20.0,530.0493064301909,115.0,300.0,180.0,0.0,114.47311470470702,301.8601676562413,179.0656795801693,6.699849949125435,0.0,0.0,1.0,286.0,754.0,1.0
686590,701.0,2.0,0.0,321.0,493.6000000000002,1.0,20.0,574.4640969766468,115.0,300.0,180.0,0.0,118.77841687566172,292.13460667562435,179.6581175923107,5.149279036583004,0.0,0.0,1.0,296.0,730.0,1.0
686765,702.0,2.0,0.0,321.0,493.5999999999999,1.0,20.0,613.7229756420708,115.0,300.0,180.0,0.0,121.80827926865024,291.01256234879435,166.78181445241464,6.329386598431373,0.0,0.0,1.0,304.0,727.0,1.0
688079,703.0,2.0,0.0,321.0,493.6,1.0,20.0,536.9651993578054,115.0,300.0,180.0,0.0,114.28013928117772,300.2383136294045,177.11323222392315,0.3828987865357123,0.0,0.0,1.0,285.0,750.0,1.0
688989,704.0,2.0,0.0,321.0,493.59999999999974,1.0,20.0,540.0364518289948,115.0,300.0,180.0,0.0,116.4100679863018,298.8973724833364,177.21554919185022,22.942898048068425,0.0,0.0,1.0,291.0,747.0,1.0
690381,705.0,2.0,0.0,321.0,493.6,1.0,20.0,670.3318239940047,115.0,300.0,180.0,0.0,137.97529753194033,320.35093083330986,187.4226032176656,8.324018121866175,0.0,0.0,1.0,344.0,800.0,1.0
690631,706.0,2.0,0.0,321.0,493.5999999999999,1.0,20.0,593.9897879890834,115.0,300.0,180.0,0.0,105.87756994914818,301.12970435762657,171.4070243676492,5.032062568951111,0.0,0.0,1.0,264.0,752.0,1.0
690874,707.0,2.0,0.0,321.0,493.5999999999999,1.0,20.0,644.5457556863655,115.0,300.0,180.0,0.0,103.1470365297988,310.4802045089335,199.51512964660088,46.221324757047825,0.0,0.0,1.0,257.0,776.0,1.0
691025,708.0,2.0,0.0,321.0,493.6,1.0,20.0,515.61577590157,115.0,300.0,180.0,0.0,114.86640399327943,299.72717162018654,179.1937523567763,4.2394935820998,0.0,0.0,1.0,287.0,749.0,1.0
693890,709.0,2.0,0.0,321.0,493.6,1.0,20.0,622.2006810238138,115.0,300.0,180.0,0.0,123.68308184998966,284.56862178774725,186.85666798653003,4.083271622567366,0.0,0.0,1.0,309.0,711.0,1.0
694023,710.0,2.0,0.0,321.0,493.5999999999999,1.0,20.0,597.3997864525933,115.0,300.0,180.0,0.0,120.48003014396254,288.0651185202011,179.31069444654582,5.156535868751723,0.0,0.0,1.0,301.0,720.0,1.0
694202,711.0,2.0,0.0,321.0,493.6,1.0,20.0,526.9295009955564,115.0,300.0,180.0,0.0,115.5029025160131,298.2267862989164,180.15767962984975,2.4944438538170064,0.0,0.0,1.0,288.0,745.0,1.0
694467,712.0,2.0,0.0,321.0,493.6,1.0,20.0,534.9904271145446,115.0,300.0,180.0,0.0,113.96042260776944,301.9007375191181,181.6119864556705,21.29395935109617,0.0,0.0,1.0,284.0,754.0,1.0
696031,713.0,2.0,0.0,321.0,493.6,1.0,20.0,535.7791196533876,115.0,300.0,180.0,0.0,116.99045770829056,300.3115503794128,178.19097671906104,10.469901307703315,0.0,0.0,1.0,292.0,750.0,1.0
696597,714.0,2.0,0.0,321.0,493.6,1.0,20.0,556.7058074996366,115.0,300.0,180.0,0.0,120.01789971194664,300.0109087619365,182.67448385867775,9.23177447412697,0.0,0.0,1.0,300.0,750.0,1.0
698572,715.0,2.0,0.0,321.0,493.6,1.0,20.0,527.4956452067426,115.0,300.0,180.0,0.0,114.26984718654133,301.6757883541352,180.29126119675544,0.2431811519274829,0.0,0.0,1.0,285.0,754.0,1.0
700140,716.0,2.0,0.0,321.0,493.6,1.0,20.0,551.5516520221394,115.0,300.0,180.0,0.0,110.39631088840493,299.6258229749905,178.2659058089707,26.721034220591587,0.0,0.0,1.0,275.0,749.0,1.0
700297,717.0,5.0,2.0,321.0,493.67700000000013,1.0,20.0,533.2619197925758,115.93846996923372,298.26307378693514,177.13637257695086,0.2074388701523403,118.13522667574702,297.03063959715337,177.15082864028287,18.38282514113991,0.0,0.0,1.0,295.0,742.0,4.0
703555,718.0,2.0,0.0,321.0,493.6,1.0,20.0,547.128184387733,115.0,300.0,180.0,0.0,115.28892522586123,296.47546478889416,180.07190426649845,0.3221915757240508,18.502212864206136,136.41010380619426,1.0,288.0,741.0,1.0
704623,719.0,2.0,0.0,321.0,493.6,1.0,20.0,621.9649913605082,115.0,300.0,180.0,0.0,122.15529146339134,307.4040431398235,184.82936020989763,0.6711404257941866,77.79980341462695,287.84852846987826,1.0,305.0,768.0,1.0
706559,720.0,2.0,0.0,321.0,493.59999999999985,1.0,20.0,609.3156837493256,115.0,300.0,180.0,0.0,105.52817952311896,300.2992289809988,166.48942375137875,6.729868085129347,0.0,0.0,1.0,263.0,750.0,1.0
706730,721.0,2.0,0.0,321.0,493.5999999999999,1.0,20.0,598.5710948828345,115.0,300.0,180.0,0.0,105.26962474396196,305.79318808582383,187.67253969193845,16.159230324970085,0.0,0.0,1.0,263.0,764.0,1.0
706871,722.0,2.0,0.0,321.0,493.6,1.0,20.0,548.4395736111296,115.0,300.0,180.0,0.0,114.09824760928588,304.34223221538616,179.5338890455542,0.8279154171210266,0.0,0.0,1.0,285.0,760.0,1.0
707515,723.0,2.0,0.0,321.0,493.59999999999985,1.0,20.0,557.9253433061581,115.0,300.0,180.0,0.0,118.72476963469836,297.922218113667,184.0659468143668,14.589542689999714,0.0,0.0,1.0,296.0,744.0,1.0
707811,724.0,2.0,0.0,321.0,493.5999999999999,1.0,20.0,555.9406484628281,115.0,300.0,180.0,0.0,113.59987629136712,295.1387539275646,181.81659857780912,14.699767026400634,0.0,0.0,1.0,283.0,737.0,1.0
708087,725.0,2.0,0.0,321.0,493.59999999999985,1.0,20.0,602.4895765144935,115.0,300.0,180.0,0.0,122.21426661267762,288.41668755058953,175.52683646935645,1.356704331498206,0.0,0.0,1.0,305.0,721.0,1.0
708292,726.0,2.0,0.0,321.0,493.59999999999985,1.0,20.0,566.8921288405638,115.0,300.0,180.0,0.0,113.3874295290818,294.37646195873367,175.63901787480333,0.8063373997797085,0.0,0.0,1.0,283.0,735.0,1.0
709413,727.0,2.0,0.0,321.0,493.6,1.0,20.0,548.6682659653727,115.0,300.0,180.0,0.0,111.29854994314752,302.57908250238506,179.9051157303313,1.6558035240359994,0.0,0.0,1.0,278.0,756.0,1.0
711854,728.0,2.0,0.0,321.0,493.6,1.0,20.0,620.6369435860579,115.0,300.0,180.0,0.0,97.89405696523838,298.4131629068884,187.3757948219116,8.137008452130154,0.0,0.0,1.0,244.0,746.0,1.0
712089,729.0,2.0,0.0,321.0,493.6,1.0,20.0,532.1230658964988,115.0,300.0,180.0,0.0,114.22364312794016,301.975651898178,180.95075199262064,10.211141617857,0.0,0.0,1.0,285.0,754.0,1.0
712522,730.0,2.0,0.0,321.0,493.6000000000001,1.0,20.0,590.9428872589294,115.0,300.0,180.0,0.0,123.40371958692285,308.35031369138295,180.22622694100545,6.565052652116075,0.0,0.0,1.0,308.0,770.0,1.0
712799,731.0,2.0,0.0,321.0,493.6,1.0,20.0,560.623476248411,115.0,300.0,180.0,0.0,110.72849818618492,304.4709487703861,181.42021939944576,1.8877610070875672,0.0,0.0,1.0,276.0,761.0,1.0
712966,732.0,13.0,2.0,321.0,493.67700000000013,1.0,20.0,500.45193588377225,137.3710355819523,291.55426764711956,188.1381379589337,1.4982012800446918,137.360467983687,291.48435698340865,188.22395817866123,6.917411554514796,0.0,0.0,1.0,343.0,728.0,12.0
714292,733.0,2.0,0.0,321.0,493.6,1.0,20.0,502.19748454268074,115.0,300.0,180.0,0.0,114.9427680093164,299.84485433195795,180.00672740980053,5.953938739554559,0.0,0.0,1.0,287.0,749.0,1.0
716087,734.0,2.0,0.0,321.0,493.6,1.0,20.0,517.997634182516,115.0,300.0,180.0,0.0,115.86525219114462,300.52856603083376,179.9192908455125,16.460078650235257,0.0,0.0,1.0,289.0,751.0,1.0
716715,735.0,2.0,0.0,321.0,493.59999999999974,1.0,20.0,569.6667467240185,115.0,300.0,180.0,0.0,122.24419854554132,299.895075649932,177.50786480392574,22.662706839313397,0.0,0.0,1.0,305.0,749.0,1.0
717017,736.0,2.0,0.0,321.0,493.6,1.0,20.0,512.7204395048639,115.0,300.0,180.0,0.0,115.06621099964572,300.0994790481161,179.30332065897915,12.206081522865585,0.0,0.0,1.0,287.0,750.0,1.0
718576,737.0,2.0,0.0,321.0,493.5999999999998,1.0,20.0,593.9088873641174,115.0,300.0,180.0,0.0,121.48038999223056,305.2556484294885,189.0550103921513,2.6028827254208036,0.0,0.0,1.0,303.0,763.0,1.0
719899,738.0,2.0,0.0,321.0,493.6,1.0,20.0,569.4369583564453,115.0,300.0,180.0,0.0,107.84637790477522,301.541322602376,182.2764617565811,8.379528023573242,0.0,0.0,1.0,269.0,753.0,1.0
722250,739.0,2.0,0.0,321.0,493.6,1.0,20.0,586.5473592095094,115.0,300.0,180.0,0.0,124.03740321020078,305.3152952515733,184.1253543577094,2.165605280126115,0.0,0.0,1.0,310.0,763.0,1.0
723685,740.0,2.0,0.0,321.0,493.6,1.0,20.0,559.3010075007579,115.0,300.0,180.0,0.0,111.56172224247992,297.1083672975563,175.84135876502552,19.10805991431804,0.0,0.0,1.0,278.0,742.0,1.0
723842,741.0,2.0,0.0,321.0,493.6,1.0,20.0,503.56647985975434,115.0,300.0,180.0,0.0,114.7941610336178,300.0785388387976,180.05003801504387,17.679129490696045,0.0,0.0,1.0,286.0,750.0,1.0
724940,742.0,2.0,0.0,321.0,493.5999999999999,1.0,20.0,521.5456788955046,115.0,300.0,180.0,0.0,114.12382461034127,300.95609664866913,179.61160212727484,8.693477891752869,0.0,0.0,1.0,285.0,752.0,1.0
727404,743.0,2.0,0.0,321.0,493.6,1.0,20.0,592.3758283034699,115.0,300.0,180.0,0.0,125.67073177444642,294.37008188598264,179.122700664943,3.885834318045025,0.0,0.0,1.0,314.0,735.0,1.0
728484,744.0,2.0,0.0,321.0,493.5999999999999,1.0,20.0,537.328896391523,115.0,300.0,180.0,0.0,117.41327563082666,301.3806453916565,181.11407891952456,1.5637872264268708,0.0,0.0,1.0,293.0,753.0,1.0
728656,745.0,2.0,0.0,321.0,493.6,1.0,20.0,508.9874811110455,115.0,300.0,180.0,0.0,114.69090634112057,300.27454115735907,180.24589589428336,15.628066836676629,0.0,0.0,1.0,286.0,750.0,1.0
729457,746.0,2.0,0.0,321.0,493.6,1.0,20.0,529.9172143448831,115.0,300.0,180.0,0.0,114.07715818532576,301.4092783648236,181.40244314746784,1.4418016313124893,0.0,0.0,1.0,285.0,753.0,1.0
730082,747.0,2.0,0.0,321.0,493.6,1.0,20.0,637.8037054705751,115.0,300.0,180.0,0.0,118.15389318008071,303.9779625536237,157.39154987114983,2.2835693201325937,0.0,0.0,1.0,295.0,759.0,1.0
730209,748.0,2.0,0.0,321.0,493.5999999999999,1.0,20.0,592.0585912709304,115.0,300.0,180.0,0.0,105.1487304514737,292.25583623062244,179.80429845743632,3.7293602871888463,0.0,0.0,1.0,262.0,730.0,1.0
733020,749.0,2.0,0.0,321.0,493.6,1.0,20.0,505.18841382301827,115.0,300.0,180.0,0.0,115.08508341580678,300.0715134720199,180.2706259582518,13.652067274133628,0.0,0.0,1.0,287.0,750.0,1.0
737107,750.0,2.0,0.0,321.0,493.59999999999985,1.0,20.0,655.1489306977259,115.0,300.0,180.0,0.0,100.57488166396648,292.2432163542895,157.15739493385962,13.811502059951374,0.0,0.0,1.0,251.0,730.0,1.0
737390,751.0,2.0,0.0,321.0,493.6,1.0,20.0,508.10240466686975,115.0,300.0,180.0,0.0,115.2586201201998,299.9174794973201,180.32679312294903,6.316263320544659,0.0,0.0,1.0,288.0,749.0,1.0
737721,752.0,2.0,0.0,321.0,493.6,1.0,20.0,643.7350294431566,115.0,300.0,180.0,0.0,107.09104187171468,292.43671641182516,201.9534263651519,4.034678421679544,0.0,0.0,1.0,267.0,731.0,1.0
737954,753.0,2.0,0.0,321.0,493.6,1.0,20.0,663.1603910725044,115.0,300.0,180.0,0.0,90.195493389822,313.6045889840408,171.34257312227967,16.09159406607934,0.0,0.0,1.0,225.0,784.0,1.0
738075,754.0,2.0,0.0,321.0,493.6,1.0,20.0,635.4795075026058,115.0,300.0,180.0,0.0,110.907088901947,302.6337058465756,178.74586414299955,0.2704985660172664,122.33070491764737,368.4150828350409,1.0,277.0,756.0,1.0
738319,755.0,2.0,0.0,321.0,493.6,1.0,20.0,668.5423168507813,115.0,300.0,180.0,0.0,116.02559640186348,322.7974469997587,158.27529046812705,14.035933029912478,0.0,0.0,1.0,290.0,806.0,1.0
738450,756.0,2.0,0.0,321.0,493.6,1.0,20.0,600.4700409960542,115.0,300.0,180.0,0.0,103.56412201527436,294.04747119507397,185.50864414441693,66.31794738115977,0.0,0.0,1.0,258.0,735.0,1.0
739543,757.0,2.0,0.0,321.0,493.6,1.0,20.0,513.6997480140209,115.0,300.0,180.0,0.0,114.3631981192498,300.3723916082576,180.01121789722268,4.628152591633869,0.0,0.0,1.0,285.0,750.0,1.0
741344,758.0,2.0,0.0,321.0,493.6,1.0,20.0,505.14698130957726,115.0,300.0,180.0,0.0,115.1483391750144,299.8386634906109,179.8190342299308,6.133969546703644,0.0,0.0,1.0,287.0,749.0,1.0
741545,759.0,2.0,0.0,321.0,493.59999999999985,1.0,20.0,650.277273535444,115.0,300.0,180.0,0.0,125.37835680062594,303.3756285265579,204.50782378881547,4.012413661974,0.0,0.0,1.0,313.0,758.0,1.0
741666,760.0,2.0,0.0,321.0,493.6,1.0,20.0,579.6446089923558,115.0,300.0,180.0,0.0,115.93158833037778,299.36038435232274,189.5397968801988,12.880970718816696,0.0,0.0,1.0,289.0,748.0,1.0
742178,761.0,2.0,0.0,321.0,493.6,1.0,20.0,606.6322036873876,115.0,300.0,180.0,0.0,114.80778011655784,314.9851628438273,183.0432150689476,7.452083420728369,0.0,0.0,1.0,287.0,787.0,1.0
742322,762.0,2.0,0.0,321.0,493.5999999999999,1.0,20.0,632.2648370129195,115.0,300.0,180.0,0.0,118.10403575613478,309.8585697072569,161.4555175329318,7.748260575646426,0.0,0.0,1.0,295.0,774.0,1.0
742556,763.0,2.0,0.0,321.0,493.5999999999999,1.0,20.0,596.6080202189497,115.0,300.0,180.0,0.0,105.71310245819043,303.36753010449314,188.54088746464984,1.4100208972835373,0.0,0.0,1.0,264.0,758.0,1.0
742787,764.0,2.0,0.0,321.0,493.60000000000014,1.0,20.0,588.8512500944429,115.0,300.0,180.0,0.0,116.38946494296084,307.67346115802576,188.2733950751544,40.39302880532619,0.0,0.0,1.0,290.0,769.0,1.0
745542,765.0,2.0,0.0,321.0,493.5999999999999,1.0,20.0,559.3489018033447,115.0,300.0,180.0,0.0,115.82843032484034,296.5076664047768,175.08340192010206,27.837324371019488,0.0,0.0,1.0,289.0,741.0,1.0
747558,766.0,2.0,0.0,321.0,493.6000000000001,1.0,20.0,615.8768404565949,115.0,300.0,180.0,0.0,104.2471406330494,292.8051112642106,168.36849410417238,1.9437501260167631,0.0,0.0,1.0,260.0,732.0,1.0
747712,767.0,2.0,0.0,321.0,493.6,1.0,20.0,636.011381190777,115.0,300.0,180.0,0.0,112.542069809386,318.96352648288115,191.8663528704205,15.497172554355512,0.0,0.0,1.0,281.0,797.0,1.0
747853,768.0,2.0,0.0,321.0,493.6,1.0,20.0,670.2393641999553,115.0,300.0,180.0,0.0,130.10211535753098,321.80204873191616,161.0636398790121,28.78958950330117,0.0,0.0,1.0,325.0,804.0,1.0
748120,769.0,2.0,0.0,321.0,493.60000000000014,1.0,20.0,683.7809470264032,115.0,300.0,180.0,0.0,130.9121247467422,327.13825250358383,199.24667553492213,10.445409085173049,0.0,0.0,1.0,327.0,817.0,1.0
749528,770.0,2.0,0.0,321.0,493.6,1.0,20.0,516.1923528006804,115.0,300.0,180.0,0.0,114.22567808624385,300.25414249933544,179.58214838519484,2.5356419679197697,0.0,0.0,1.0,285.0,750.0,1.0
750138,771.0,2.0,0.0,321.0,493.6000000000001,1.0,20.0,624.570509187201,115.0,300.0,180.0,0.0,127.55103121737596,291.3888580562156,192.37369096895847,2.4432751269759336,0.0,0.0,1.0,318.0,728.0,1.0
750298,772.0,2.0,0.0,321.0,493.59999999999985,1.0,20.0,620.3843450749529,115.0,300.0,180.0,0.0,108.7281320404755,314.1120158253635,190.69892325694465,40.267623791371,0.0,0.0,1.0,271.0,785.0,1.0
750602,773.0,2.0,0.0,321.0,493.6000000000001,1.0,20.0,546.4142724641405,115.0,300.0,180.0,0.0,113.51194436373468,296.8426546752067,182.232032344014,8.538124198536861,0.0,0.0,1.0,283.0,742.0,1.0
750792,774.0,2.0,0.0,321.0,493.6,1.0,20.0,621.4606648745252,115.0,300.0,180.0,0.0,110.62922683218063,314.9866816175127,190.79917079052743,12.790021194182424,0.0,0.0,1.0,276.0,787.0,1.0
752093,775.0,2.0,0.0,321.0,493.6,1.0,20.0,563.4920754429733,115.0,300.0,180.0,0.0,114.2459422070817,298.6279456431662,186.61701256623115,14.40248171161174,0.0,0.0,1.0,285.0,746.0,1.0
753153,776.0,2.0,0.0,321.0,493.6,1.0,20.0,601.992498687134,115.0,300.0,180.0,0.0,105.33807542610786,303.23354683224204,190.22528936345577,10.173598371920026,0.0,0.0,1.0,263.0,758.0,1.0
760246,777.0,2.0,0.0,321.0,493.6,1.0,20.0,616.9857490488772,115.0,300.0,180.0,0.0,117.45510049570696,288.96824705089324,193.27002123491897,2.685535617738565,0.0,0.0,1.0,293.0,722.0,1.0
760397,778.0,2.0,0.0,321.0,493.6,1.0,20.0,535.0626415317348,115.0,300.0,180.0,0.0,116.14786062118564,298.81769529381313,177.95463381438324,3.1738105306506146,0.0,0.0,1.0,290.0,747.0,1.0
760667,779.0,2.0,0.0,321.0,493.5999999999999,1.0,20.0,571.7662122771814,115.0,300.0,180.0,0.0,113.10340405360397,300.4668154378622,188.12339238397504,11.508370923701705,0.0,0.0,1.0,282.0,751.0,1.0
762156,780.0,2.0,0.0,321.0,493.6,1.0,20.0,572.731439828875,115.0,300.0,180.0,0.0,112.05870989832196,307.63660269859736,182.5489827328664,2.673071013351416,0.0,0.0,1.0,280.0,769.0,1.0
762288,781.0,2.0,0.0,321.0,493.6,1.0,20.0,515.0522967794959,115.0,300.0,180.0,0.0,115.5205389028118,299.68201332737965,180.5808111160999,45.21382405296545,0.0,0.0,1.0,288.0,749.0,1.0
763765,782.0,2.0,0.0,321.0,493.6,1.0,20.0,637.2481837772995,115.0,300.0,180.0,0.0,106.45818838024442,319.9414118837783,172.1951683932728,32.700290530820055,0.0,0.0,1.0,266.0,799.0,1.0
763906,783.0,2.0,0.0,321.0,493.5999999999999,1.0,20.0,557.5989831354244,115.0,300.0,180.0,0.0,116.7633932766967,296.16732817096096,183.98404218145964,24.00681607843607,0.0,0.0,1.0,291.0,740.0,1.0
764531,784.0,2.0,0.0,321.0,493.6,1.0,20.0,581.3969746824558,115.0,300.0,180.0,0.0,116.4218459051245,295.51593445018005,171.19618240441017,31.86855387236983,0.0,0.0,1.0,291.0,738.0,1.0
768370,785.0,2.0,0.0,321.0,493.5999999999999,1.0,20.0,548.7988593572459,115.0,300.0,180.0,0.0,115.31304294914676,297.9801725856263,184.0357032122112,4.824072848362211,0.0,0.0,1.0,288.0,744.0,1.0
769112,786.0,2.0,0.0,321.0,493.6,1.0,20.0,501.52646517974654,115.0,300.0,180.0,0.0,114.89890736459544,300.0520727911943,179.91695701374488,2.5516145210188745,0.0,0.0,1.0,287.0,750.0,1.0
769964,787.0,2.0,0.0,321.0,493.6,1.0,20.0,516.3892055470237,115.0,300.0,180.0,0.0,114.7187028553662,299.09156384314235,179.994691553861,1.9824338469398624,0.0,0.0,1.0,286.0,747.0,1.0
770308,788.0,2.0,0.0,321.0,493.6,1.0,20.0,626.5884696762715,115.0,300.0,180.0,0.0,102.43237063324072,306.61806265964503,166.06838326843766,1.3558884699445104,11.14375105104529,105.47651030006436,1.0,256.0,766.0,1.0
770502,789.0,2.0,0.0,321.0,493.6,1.0,20.0,547.8530623076114,115.0,300.0,180.0,0.0,112.99862670662527,296.3390379847884,180.76481865205736,22.50147068158913,0.0,0.0,1.0,282.0,740.0,1.0
770695,790.0,2.0,0.0,321.0,493.5999999999999,1.0,20.0,682.8244545670235,115.0,300.0,180.0,0.0,90.75833501814816,327.4511614414134,178.23276410701104,2.440214449230724,0.0,0.0,1.0,226.0,818.0,1.0
771844,791.0,2.0,0.0,321.0,493.5999999999999,1.0,20.0,555.1950074800229,115.0,300.0,180.0,0.0,110.8166018598396,297.9721127710668,177.35204766630667,2.1795009544624344,0.0,0.0,1.0,277.0,744.0,1.0
772038,792.0,2.0,0.0,321.0,493.6000000000001,1.0,20.0,660.086379795067,115.0,300.0,180.0,0.0,142.35428449139854,288.8825568798802,179.08093017727333,4.0282748426777655,0.0,0.0,1.0,355.0,722.0,1.0
772234,793.0,2.0,0.0,321.0,493.5999999999999,1.0,20.0,531.5840277739402,115.0,300.0,180.0,0.0,113.41789914595502,299.0161549264863,181.44352108327124,12.674830780226216,0.0,0.0,1.0,283.0,747.0,1.0
775308,794.0,2.0,0.0,321.0,493.6,1.0,20.0,662.4405588681154,115.0,300.0,180.0,0.0,143.32070689327935,290.0707312968086,181.0525053973725,13.154200600144923,0.0,0.0,1.0,358.0,725.0,1.0
775546,795.0,2.0,0.0,321.0,493.6000000000001,1.0,20.0,578.9188304523544,115.0,300.0,180.0,0.0,107.05776864877848,300.8894864621618,174.52131312046888,1.9927582001136508,0.0,0.0,1.0,267.0,752.0,1.0
777786,796.0,2.0,0.0,321.0,493.6,1.0,20.0,577.323839060893,115.0,300.0,180.0,0.0,113.16690677251316,305.4015894065856,187.14385928553853,14.235396458810683,0.0,0.0,1.0,282.0,763.0,1.0
778017,797.0,2.0,0.0,321.0,493.6,1.0,20.0,517.9812993116752,115.0,300.0,180.0,0.0,114.0155184915058,300.22205565679485,179.8091556843022,7.716900770822161,0.0,0.0,1.0,285.0,750.0,1.0
779821,798.0,2.0,0.0,321.0,493.5999999999999,1.0,20.0,517.1849674882696,115.0,300.0,180.0,0.0,114.74619595429708,299.55848046357266,179.1331928017202,33.24000006363256,0.0,0.0,1.0,286.0,748.0,1.0
781035,799.0,7.0,2.0,321.0,493.677,1.0,20.0,502.0683786770675,112.86571053235494,301.8640999222881,173.14794399075635,0.3852939284528923,112.78471677945694,301.79007693750293,173.2673925043268,11.413439596654475,0.0,0.0,1.0,281.0,754.0,6.0
781275,800.0,2.0,0.0,321.0,493.6,1.0,20.0,567.6718139591169,115.0,300.0,180.0,0.0,118.89411140124552,296.2532053058905,174.7564379892333,30.82760236234692,0.0,0.0,1.0,297.0,740.0,1.0
781545,801.0,2.0,0.0,321.0,493.5999999999999,1.0,20.0,533.9991169610824,115.0,300.0,180.0,0.0,114.23206433181268,297.86411088593746,181.14764515936344,4.577162249101177,0.0,0.0,1.0,285.0,744.0,1.0
781713,802.0,2.0,0.0,321.0,493.6,1.0,20.0,497.4169831695816,115.0,300.0,180.0,0.0,115.02385251756309,300.0322513876771,179.99031665983375,10.860001525162769,0.0,0.0,1.0,287.0,750.0,1.0
782093,803.0,2.0,0.0,321.0,493.5999999999999,1.0,20.0,628.7300933044427,115.0,300.0,180.0,0.0,104.03757192603416,289.1750678825733,165.58114854978572,1.753587011908678,0.0,0.0,1.0,260.0,722.0,1.0
783970,804.0,2.0,0.0,321.0,493.6,1.0,20.0,516.7026762946955,115.0,300.0,180.0,0.0,115.79359166856378,299.8747061824585,179.5452704806175,22.45980822820256,0.0,0.0,1.0,289.0,749.0,1.0
784498,805.0,2.0,0.0,321.0,493.6,1.0,20.0,529.9819188919748,115.0,300.0,180.0,0.0,115.621561453282,298.09512981230733,180.68407273150436,0.7752596521728452,0.0,0.0,1.0,289.0,745.0,1.0
784667,806.0,2.0,0.0,321.0,493.59999999999985,1.0,20.0,583.5515994307623,115.0,300.0,180.0,0.0,120.87331266138617,291.0484667463661,180.76671337587888,13.296155997008931,0.0,0.0,1.0,302.0,727.0,1.0
786309,807.0,2.0,0.0,321.0,493.6,1.0,20.0,564.520904736178,115.0,300.0,180.0,0.0,109.35979304054754,302.3564015295334,183.27628669184108,21.12829504961792,0.0,0.0,1.0,273.0,755.0,1.0
786464,808.0,2.0,0.0,321.0,493.6,1.0,20.0,549.1314160309851,115.0,300.0,180.0,0.0,116.46217977062642,301.40740423799616,183.9437080532055,25.450048349731688,0.0,0.0,1.0,291.0,753.0,1.0
787673,809.0,2.0,0.0,321.0,493.6,1.0,20.0,572.1474960701287,115.0,300.0,180.0,0.0,108.9329258044831,294.3708651190232,179.76982244255942,23.3150543366726,0.0,0.0,1.0,272.0,735.0,1.0
787856,810.0,2.0,0.0,321.0,493.5999999999999,1.0,20.0,512.7034138701066,115.0,300.0,180.0,0.0,115.0519844631829,300.11528610348375,180.68048013958577,10.29692616227333,0.0,0.0,1.0,287.0,750.0,1.0
788849,811.0,4.0,2.0,321.0,493.677,1.0,20.0,494.9831278523142,111.38075526477957,296.0634033878678,179.12850174462625,0.4885058787432624,111.387395610054,296.0615585073826,179.12703835183345,0.7050688485056757,0.0,0.0,1.0,278.0,740.0,3.0
789086,812.0,2.0,0.0,321.0,493.6,1.0,20.0,547.9664061514416,115.0,300.0,180.0,0.0,111.11133567182247,300.6312395964033,178.13544865707664,1.6501128037111883,0.0,0.0,1.0,277.0,751.0,1.0
789888,813.0,2.0,0.0,321.0,493.6,1.0,20.0,541.2489546187551,115.0,300.0,180.0,0.0,114.89976834943364,301.52398675536153,183.12565353524093,16.17786593043723,0.0,0.0,1.0,287.0,753.0,1.0
791007,814.0,3.0,2.0,321.0,493.67700000000025,1.0,20.0,513.3828433163104,116.3794301570545,298.628053309433,183.0025569898309,0.2457711057972348,115.97518244666736,298.3325741770257,183.51555298435736,59.58070845171654,0.0,0.0,1.0,289.0,745.0,2.0
792403,815.0,2.0,0.0,321.0,493.5999999999999,1.0,20.0,617.348536018539,115.0,300.0,180.0,0.0,110.70893532668212,296.8612971101226,196.92763295989556,16.292309875588398,0.0,0.0,1.0,276.0,742.0,1.0
793896,816.0,2.0,0.0,321.0,493.59999999999985,1.0,20.0,578.1374511828577,115.0,300.0,180.0,0.0,105.86876995945856,298.41338732249153,181.03520191150443,5.06184788362641,0.0,0.0,1.0,264.0,746.0,1.0
796170,817.0,2.0,0.0,321.0,493.6,1.0,20.0,566.3572409239247,115.0,300.0,180.0,0.0,121.121420928051,298.5527573721473,176.5517252723498,2.2826879341482034,0.0,0.0,1.0,302.0,746.0,1.0
797244,818.0,2.0,0.0,321.0,493.6,1.0,20.0,594.2955310370163,115.0,300.0,180.0,0.0,112.85169254495976,289.3593632731375,186.0345543273678,1.0960607477749635,0.0,0.0,1.0,282.0,723.0,1.0
798944,819.0,5.0,2.0,321.0,493.677,1.0,20.0,497.300615578317,113.77699848116508,303.0395076898674,178.20037976451349,0.2831640169913216,113.75835231881972,303.0186941745058,178.17488141470136,10.070931185113936,0.0,0.0,1.0,284.0,757.0,4.0
801671,820.0,2.0,0.0,321.0,493.5999999999999,1.0,20.0,556.6453936190949,115.0,300.0,180.0,0.0,119.83937821726091,298.040884467762,178.08936337051026,3.008362854649284,0.0,0.0,1.0,299.0,745.0,1.0
803354,821.0,2.0,0.0,321.0,493.6,1.0,20.0,511.9656110656576,115.0,300.0,180.0,0.0,115.1931436041888,300.51297012215474,180.30616544304627,13.704741605056029,0.0,0.0,1.0,287.0,751.0,1.0
804865,822.0,2.0,0.0,321.0,493.59999999999985,1.0,20.0,573.41835542433,115.0,300.0,180.0,0.0,120.40191592204955,304.8497582925528,184.15127829153008,68.19529928941118,0.0,0.0,1.0,301.0,762.0,1.0
805808,823.0,2.0,0.0,321.0,493.5999999999999,1.0,20.0,687.2524775786508,115.0,300.0,180.0,0.0,119.29241131118228,319.00691558062624,173.00016368289866,1.0583937161969488,116.65011584647236,358.83735018895806,1.0,298.0,797.0,1.0
807127,824.0,2.0,0.0,321.0,493.6,1.0,20.0,601.8184079549835,115.0,300.0,180.0,0.0,124.64801720870132,289.61230990280416,179.01408426880673,5.553292945492136,0.0,0.0,1.0,311.0,724.0,1.0
807988,825.0,2.0,0.0,321.0,493.6,1.0,20.0,564.7364105583587,115.0,300.0,180.0,0.0,115.03323954702516,307.00535291175095,179.35809154270572,12.532361090054067,0.0,0.0,1.0,287.0,767.0,1.0
809568,826.0,2.0,0.0,321.0,493.59999999999985,1.0,20.0,587.9639051506949,115.0,300.0,180.0,0.0,105.34100962490432,305.25505894360265,181.17432336331817,6.140259737495693,0.0,0.0,1.0,263.0,763.0,1.0
809681,827.0,2.0,0.0,321.0,493.5999999999999,1.0,20.0,582.2119104862632,115.0,300.0,180.0,0.0,118.2227614174262,300.9692544727541,170.43347908281388,1.3483048925158547,0.0,0.0,1.0,295.0,752.0,1.0
810013,828.0,2.0,0.0,321.0,493.6,1.0,20.0,593.8738205631586,115.0,300.0,180.0,0.0,124.7876690801194,307.5949646557532,184.12354921010473,2.1997382750628987,0.0,0.0,1.0,311.0,768.0,1.0
810266,829.0,2.0,0.0,321.0,493.59999999999985,1.0,20.0,601.36292091234,115.0,300.0,180.0,0.0,102.71780633254936,298.8594005519932,173.5593242492342,11.35307724641551,0.0,0.0,1.0,256.0,747.0,1.0
811310,830.0,2.0,0.0,321.0,493.60000000000014,1.0,20.0,633.0753150419655,115.0,300.0,180.0,0.0,126.21892670027788,283.1897101651853,187.5664116434291,12.528971557054389,0.0,0.0,1.0,315.0,707.0,1.0
811519,831.0,2.0,0.0,321.0,493.6,1.0,20.0,541.7598558691282,115.0,300.0,180.0,0.0,112.26471678191452,297.81825669428315,180.75102861143847,9.448214494560975,0.0,0.0,1.0,280.0,744.0,1.0
811748,832.0,2.0,0.0,321.0,493.6,1.0,20.0,562.5054755079162,115.0,300.0,180.0,0.0,113.89963783026356,305.14142478959866,175.8761907092403,19.39212199634818,0.0,0.0,1.0,284.0,762.0,1.0
812432,833.0,2.0,0.0,321.0,493.59999999999974,1.0,20.0,592.6806053408254,115.0,300.0,180.0,0.0,109.52937836749332,290.4617955448049,174.65646848877174,9.143334109187744,0.0,0.0,1.0,273.0,726.0,1.0
815679,834.0,2.0,0.0,321.0,493.6000000000001,1.0,20.0,611.2886258272329,115.0,300.0,180.0,0.0,128.83781196291017,306.66446154394896,185.32268790439457,6.32844253765893,0.0,0.0,1.0,322.0,766.0,1.0
815824,835.0,2.0,0.0,321.0,493.6,1.0,20.0,573.9906635445731,115.0,300.0,180.0,0.0,110.40190931949768,297.8260135041306,187.25184718241115,3.589705568196812,0.0,0.0,1.0,276.0,744.0,1.0
817577,836.0,2.0,0.0,321.0,493.5999999999999,1.0,20.0,635.386225971125,115.0,300.0,180.0,0.0,120.45998913800231,280.77612784423695,191.10022692525513,8.732766848508293,0.0,0.0,1.0,301.0,701.0,1.0
817732,837.0,2.0,0.0,321.0,493.6,1.0,20.0,501.256846269073,115.0,300.0,180.0,0.0,114.93962179518545,300.07786836298834,180.09606781007042,11.315092229474567,0.0,0.0,1.0,287.0,750.0,1.0
818662,838.0,2.0,0.0,321.0,493.5999999999999,1.0,20.0,610.9213860094131,115.0,300.0,180.0,0.0,101.84840424683242,290.9182121167012,184.59631436669488,14.250043456123915,0.0,0.0,1.0,254.0,727.0,1.0
819655,839.0,2.0,0.0,321.0,493.6,1.0,20.0,696.4343772740432,115.0,300.0,180.0,0.0,138.93582490933431,296.41074678895694,147.15910654064098,3.0310154700615386,0.0,0.0,1.0,347.0,741.0,1.0
819853,840.0,2.0,0.0,321.0,493.6,1.0,20.0,515.9606232274414,115.0,300.0,180.0,0.0,115.11823213835709,300.9155541586357,180.15896059151555,23.74095836209137,0.0,0.0,1.0,287.0,752.0,1.0
824081,841.0,2.0,0.0,321.0,493.60000000000014,1.0,20.0,619.1212023586434,115.0,300.0,180.0,0.0,97.30830088968126,296.16844526619604,181.3156644745663,8.471825578424854,0.0,0.0,1.0,243.0,740.0,1.0
824212,842.0,2.0,0.0,321.0,493.6000000000001,1.0,20.0,590.9867987188297,115.0,300.0,180.0,0.0,106.90802286867049,298.19286449465045,170.98310639961434,20.37830107554726,0.0,0.0,1.0,267.0,745.0,1.0
824430,843.0,2.0,0.0,321.0,493.6,1.0,20.0,580.9747801103113,115.0,300.0,180.0,0.0,115.2541693078286,309.4747844753905,177.0568420383032,1.7052208749784148,0.0,0.0,1.0,288.0,773.0,1.0
826210,844.0,2.0,0.0,321.0,493.6,1.0,20.0,593.8335576336235,115.0,300.0,180.0,0.0,119.28000942699808,298.8717880762547,191.87741130485287,13.65745119896329,0.0,0.0,1.0,298.0,747.0,1.0
827663,845.0,2.0,0.0,321.0,493.60000000000014,1.0,20.0,671.046898537155,115.0,300.0,180.0,0.0,99.1470472351255,305.3342991288399,207.8752805321194,12.534100280996162,0.0,0.0,1.0,247.0,763.0,1.0
827892,846.0,2.0,0.0,321.0,493.6,1.0,20.0,568.7760739935296,115.0,300.0,180.0,0.0,111.72511494076466,294.7451556036991,184.49593095002953,18.924950798096507,0.0,0.0,1.0,279.0,736.0,1.0
829417,847.0,2.0,0.0,321.0,493.6,1.0,20.0,537.3781723692787,115.0,300.0,180.0,0.0,112.82861546803706,302.0084793639691,180.48360167071752,11.170455104382816,0.0,0.0,1.0,282.0,755.0,1.0
830643,848.0,2.0,0.0,321.0,493.60000000000014,1.0,20.0,530.84687403791,115.0,300.0,180.0,0.0,117.00206806147987,299.3818685953346,179.31474168494404,9.314578211551876,0.0,0.0,1.0,292.0,748.0,1.0
830772,849.0,2.0,0.0,321.0,493.5999999999999,1.0,20.0,687.8797968365404,115.0,300.0,180.0,0.0,78.71368707758059,296.8017182405741,182.6295509006399,12.309037255623997,0.0,0.0,1.0,196.0,742.0,1.0
831027,850.0,2.0,0.0,321.0,493.5999999999999,1.0,20.0,601.3645497940802,115.0,300.0,180.0,0.0,127.00548036218844,295.3290014418902,174.0108219578328,15.04201798933866,0.0,0.0,1.0,317.0,738.0,1.0
831244,851.0,2.0,0.0,321.0,493.60000000000014,1.0,20.0,589.5698306043021,115.0,300.0,180.0,0.0,120.46824387616314,289.74027268560485,179.83589789821505,41.498604897784425,0.0,0.0,1.0,301.0,724.0,1.0
836875,852.0,2.0,0.0,321.0,493.6,1.0,20.0,510.14971377160913,115.0,300.0,180.0,0.0,114.82902629308852,299.5456913066343,179.78516508877618,49.66548566163576,0.0,0.0,1.0,287.0,748.0,1.0
839002,853.0,2.0,0.0,321.0,493.6,1.0,20.0,576.1028272666916,115.0,300.0,180.0,0.0,108.31569397236947,296.9557613348562,185.20551991230465,3.7827842782283048,0.0,0.0,1.0,270.0,742.0,1.0
839166,854.0,2.0,0.0,321.0,493.5999999999999,1.0,20.0,603.3411917615852,115.0,300.0,180.0,0.0,111.30544010359117,296.38597257975516,166.33992234458236,4.048208261713171,0.0,0.0,1.0,278.0,740.0,1.0
840280,855.0,2.0,0.0,321.0,493.6,1.0,20.0,607.0279544028018,115.0,300.0,180.0,0.0,114.34105234793668,284.84886574979276,179.77694566727752,9.951174706138488,0.0,0.0,1.0,285.0,712.0,1.0
842444,856.0,2.0,0.0,321.0,493.6,1.0,20.0,552.5469816717272,115.0,300.0,180.0,0.0,116.36822281290412,304.01941347425907,182.5001627105373,0.5293459945395659,0.0,0.0,1.0,290.0,760.0,1.0
842711,857.0,2.0,0.0,321.0,493.5999999999998,1.0,20.0,580.5183282533218,115.0,300.0,180.0,0.0,108.49219205809416,296.941962169523,173.2673543890773,4.958231439180469,0.0,0.0,1.0,271.0,742.0,1.0
842908,858.0,2.0,0.0,321.0,493.5999999999999,1.0,20.0,578.8256964673183,115.0,300.0,180.0,0.0,109.54075432072644,292.41321797491764,181.82130575713504,11.964242282007302,0.0,0.0,1.0,273.0,731.0,1.0
843537,859.0,2.0,0.0,321.0,493.5999999999999,1.0,20.0,524.0620524356282,115.0,300.0,180.0,0.0,116.0887052915128,300.7506982589711,180.82365508646467,20.19761667391624,0.0,0.0,1.0,290.0,751.0,1.0
843712,860.0,2.0,0.0,321.0,493.6,1.0,20.0,585.9404769802916,115.0,300.0,180.0,0.0,121.32577289047488,302.86350630070865,171.28031260680373,21.53585629307479,0.0,0.0,1.0,303.0,757.0,1.0
844799,861.0,2.0,0.0,321.0,493.6,1.0,20.0,508.0025032507146,115.0,300.0,180.0,0.0,114.84453607150462,299.6243581466463,179.8630671111369,16.65442161645606,0.0,0.0,1.0,287.0,749.0,1.0
852020,862.0,2.0,0.0,321.0,493.5999999999998,1.0,20.0,566.3583300925528,115.0,300.0,180.0,0.0,115.05287716654796,297.87487827272,172.96990161101527,29.807660916000216,0.0,0.0,1.0,287.0,744.0,1.0
852297,863.0,2.0,0.0,321.0,493.6,1.0,20.0,540.5273449511212,115.0,300.0,180.0,0.0,116.14787057843792,300.9140856994271,183.05098496032787,13.32894066379961,0.0,0.0,1.0,290.0,752.0,1.0
855036,864.0,2.0,0.0,321.0,493.6,1.0,20.0,497.38675971601185,115.0,300.0,180.0,0.0,114.99865071663956,300.0315982265879,179.97706584993614,43.415790255624714,0.0,0.0,1.0,287.0,750.0,1.0
856520,865.0,2.0,0.0,321.0,493.60000000000014,1.0,20.0,617.6733903616488,115.0,300.0,180.0,0.0,121.40530800540546,313.06116138459,191.53938176685213,14.54509130000714,0.0,0.0,1.0,303.0,782.0,1.0
857357,866.0,2.0,0.0,321.0,493.60000000000014,1.0,20.0,649.8906362249979,115.0,300.0,180.0,0.0,107.61429972222648,283.64276331161744,198.49990108623993,18.1921731066306,0.0,0.0,1.0,269.0,709.0,1.0
858421,867.0,2.0,0.0,321.0,493.6000000000002,1.0,20.0,635.9178403314742,115.0,300.0,180.0,0.0,126.52353946732292,284.2961448215501,191.89418809442756,9.206886408309227,0.0,0.0,1.0,316.0,710.0,1.0
858703,868.0,2.0,0.0,321.0,493.6,1.0,20.0,560.6070965994415,115.0,300.0,180.0,0.0,113.3391053174732,294.18464210380216,181.9049156036495,35.29512671420219,0.0,0.0,1.0,283.0,735.0,1.0
858833,869.0,2.0,0.0,321.0,493.6,1.0,20.0,502.5734672677205,115.0,300.0,180.0,0.0,114.84383438199514,299.9455497562607,180.06781322408452,0.1919922676572387,0.0,0.0,1.0,287.0,749.0,1.0
859425,870.0,2.0,0.0,321.0,493.6,1.0,20.0,543.3191038276522,115.0,300.0,180.0,0.0,116.183445539548,299.4181301289785,183.54139453106097,13.110723756590946,0.0,0.0,1.0,290.0,748.0,1.0
859528,871.0,8.0,2.0,321.0,493.677,1.0,20.0,493.97268383955935,107.60586127125188,291.09657743976055,173.50819228708804,0.6854060351898194,107.6061484683438,291.0971382797337,173.50784170759624,1.3811203909929122,0.0,0.0,1.0,269.0,727.0,7.0
862098,872.0,2.0,0.0,321.0,493.5999999999999,1.0,20.0,607.9474830857234,115.0,300.0,180.0,0.0,111.30822087694578,297.98316880833903,165.0340351477452,2.9482968052386687,0.0,0.0,1.0,278.0,744.0,1.0
863176,873.0,2.0,0.0,321.0,493.6,1.0,20.0,567.8487538752382,115.0,300.0,180.0,0.0,109.22426474502332,303.9188505489259,182.7829981863111,8.553808469758446,0.0,0.0,1.0,273.0,759.0,1.0
863394,874.0,2.0,0.0,321.0,493.5999999999998,1.0,20.0,648.6481076465301,115.0,300.0,180.0,0.0,125.45678435883326,323.16874074835135,186.99822809466235,14.973467376685935,0.0,0.0,1.0,313.0,807.0,1.0
863545,875.0,2.0,0.0,321.0,493.59999999999985,1.0,20.0,615.5127224009552,115.0,300.0,180.0,0.0,98.9537082000034,293.75358834327056,179.22395152806408,19.13892858000132,0.0,0.0,1.0,247.0,734.0,1.0
863680,876.0,2.0,0.0,321.0,493.6,1.0,20.0,600.8111459134743,115.0,300.0,180.0,0.0,125.72221984535976,307.65390807443924,174.25969255880017,12.856145212389237,0.0,0.0,1.0,314.0,769.0,1.0
863825,877.0,2.0,0.0,321.0,493.6,1.0,20.0,513.3252347009721,115.0,300.0,180.0,0.0,115.33043642103398,300.13303666192525,180.5888444820884,6.994260737169775,0.0,0.0,1.0,288.0,750.0,1.0
868327,878.0,2.0,0.0,321.0,493.5999999999999,1.0,20.0,542.3104066627773,115.0,300.0,180.0,0.0,117.98531585343262,298.03591149198274,179.70884153369417,43.76369345955609,0.0,0.0,1.0,294.0,745.0,1.0
868777,879.0,2.0,0.0,321.0,493.6,1.0,20.0,620.4196367904894,115.0,300.0,180.0,0.0,108.96486120100042,307.4977746527594,164.0592244748481,19.553950002216396,0.0,0.0,1.0,272.0,768.0,1.0
868941,880.0,2.0,0.0,321.0,493.6,1.0,20.0,564.7240263869587,115.0,300.0,180.0,0.0,114.21985911666802,293.341146428417,177.7883154023237,11.77887926658158,0.0,0.0,1.0,285.0,733.0,1.0
869145,881.0,2.0,0.0,321.0,493.6,1.0,20.0,572.0549465397349,115.0,300.0,180.0,0.0,118.79204804230804,303.2559602582843,173.69588934617016,35.27960825124918,0.0,0.0,1.0,296.0,758.0,1.0
871084,882.0,2.0,0.0,321.0,493.5999999999998,1.0,20.0,667.7363283058671,115.0,300.0,180.0,0.0,128.41151578405888,305.56889036097516,208.01160807524107,8.463162436579832,0.0,0.0,1.0,321.0,763.0,1.0
872910,883.0,2.0,0.0,321.0,493.6,1.0,20.0,648.198522772208,115.0,300.0,180.0,0.0,118.4104999412159,318.2798225132183,161.32153233984312,14.55750444108322,0.0,0.0,1.0,296.0,795.0,1.0
873163,884.0,2.0,0.0,321.0,493.6000000000001,1.0,20.0,554.7422638406779,115.0,300.0,180.0,0.0,113.44049858790048,299.28328305305274,174.86112842443123,4.285846522802712,0.0,0.0,1.0,283.0,748.0,1.0
874429,885.0,2.0,0.0,321.0,493.5999999999999,1.0,20.0,516.7686079726436,115.0,300.0,180.0,0.0,115.62548891271254,299.3467373124944,180.35822030736304,9.031528281017334,0.0,0.0,1.0,289.0,748.0,1.0
876509,886.0,2.0,0.0,321.0,493.6,1.0,20.0,591.9302179617102,115.0,300.0,180.0,0.0,120.1606845710379,289.21381519427126,179.43398523457932,3.4666458865584255,0.0,0.0,1.0,300.0,723.0,1.0
876773,887.0,2.0,0.0,321.0,493.5999999999999,1.0,20.0,582.8911509198065,115.0,300.0,180.0,0.0,120.25985577897586,291.2647363523381,179.84049856324475,2.3271793229577074,0.0,0.0,1.0,300.0,728.0,1.0
878026,888.0,2.0,0.0,321.0,493.6,1.0,20.0,587.6562973536103,115.0,300.0,180.0,0.0,109.18047025256378,294.0980308872323,187.5315097491727,36.76239288089798,0.0,0.0,1.0,272.0,735.0,1.0
878180,889.0,13.0,2.0,321.0,493.677,1.0,20.0,496.25827293336926,134.79809707925037,293.1780590099487,176.013948022841,1.1666196401824402,134.79344214834495,293.1660937759899,175.9968982271981,16.387757506409084,0.0,0.0,1.0,336.0,732.0,12.0
878486,890.0,2.0,0.0,321.0,493.59999999999974,1.0,20.0,555.1398270556381,115.0,300.0,180.0,0.0,112.88231336008776,295.0231660047095,179.93360990351408,15.994051192655087,0.0,0.0,1.0,282.0,737.0,1.0
879665,891.0,2.0,0.0,321.0,493.6,1.0,20.0,544.6403177674906,115.0,300.0,180.0,0.0,111.82555419195695,302.13504703232763,180.73639969859545,11.225636407254736,0.0,0.0,1.0,279.0,755.0,1.0
882054,892.0,2.0,0.0,321.0,493.6000000000002,1.0,20.0,667.796831588965,115.0,300.0,180.0,0.0,101.17990886409332,314.5549395040538,156.4209998917855,4.180581803850966,0.0,0.0,1.0,252.0,786.0,1.0
883457,893.0,2.0,0.0,321.0,493.6,1.0,20.0,566.1557826722634,115.0,300.0,180.0,0.0,119.6003581780756,296.34182490740477,184.07931188876597,26.568404922190513,0.0,0.0,1.0,299.0,740.0,1.0
884788,894.0,2.0,0.0,321.0,493.6,1.0,20.0,526.6881666454922,115.0,300.0,180.0,0.0,114.93574012051728,299.28260349477694,181.633492762877,12.113834766066924,0.0,0.0,1.0,287.0,748.0,1.0
888135,895.0,2.0,0.0,321.0,493.6,1.0,20.0,549.1613299423788,115.0,300.0,180.0,0.0,118.2590327107246,297.806732894069,182.35043379746244,14.055403369082043,0.0,0.0,1.0,295.0,744.0,1.0
888867,896.0,7.0,2.0,321.0,493.677,1.0,20.0,494.8764412979713,110.30835409435686,285.1353972207667,167.9556917170819,1.3269542430552197,110.30332381796204,285.1356389812412,167.95887682070844,26.04646862021079,0.0,0.0,1.0,275.0,712.0,6.0
889213,897.0,2.0,0.0,321.0,493.6,1.0,20.0,591.6922153392517,115.0,300.0,180.0,0.0,104.1433403892751,304.0926841079095,177.3620210876134,10.823720293256198,0.0,0.0,1.0,260.0,760.0,1.0
889442,898.0,2.0,0.0,321.0,493.5999999999999,1.0,20.0,589.6785401954803,115.0,300.0,180.0,0.0,122.95967039086317,308.53830248522115,180.4565664216909,11.39851262948938,0.0,0.0,1.0,307.0,771.0,1.0
889606,899.0,2.0,0.0,321.0,493.59999999999985,1.0,20.0,545.6718290968167,115.0,300.0,180.0,0.0,111.9538863354563,300.7196031071176,182.67262335367428,4.458281248225051,0.0,0.0,1.0,279.0,751.0,1.0
890049,900.0,2.0,0.0,321.0,493.6000000000002,1.0,20.0,539.013878325858,115.0,300.0,180.0,0.0,112.15523341862416,299.4941418960678,178.6437228623412,7.110171698805122,0.0,0.0,1.0,280.0,748.0,1.0
891088,901.0,2.0,0.0,321.0,493.5999999999999,1.0,20.0,543.5553378010692,115.0,300.0,180.0,0.0,114.2596112234329,297.3832309037176,177.43637449931845,15.780918580165428,0.0,0.0,1.0,285.0,743.0,1.0
892098,902.0,2.0,0.0,321.0,493.6,1.0,20.0,617.5995986866376,115.0,300.0,180.0,0.0,113.19626428079542,282.63483235756394,178.07455626979055,5.948773248935157,0.0,0.0,1.0,282.0,706.0,1.0
892329,903.0,2.0,0.0,321.0,493.6,1.0,20.0,654.5345100244409,115.0,300.0,180.0,0.0,89.00904702033948,310.3591454306409,175.8426429981203,9.320730873763836,0.0,0.0,1.0,222.0,775.0,1.0
892478,904.0,2.0,0.0,321.0,493.6,1.0,20.0,544.6885781345388,115.0,300.0,180.0,0.0,115.4946666962353,303.80491238544823,180.56841201662817,1.3925492888707471,0.0,0.0,1.0,288.0,759.0,1.0
894656,905.0,2.0,0.0,321.0,493.5999999999999,1.0,20.0,580.3102288151886,115.0,300.0,180.0,0.0,114.6846647067459,303.0574525559097,189.36631663974825,14.49710932843933,0.0,0.0,1.0,286.0,757.0,1.0
895252,906.0,2.0,0.0,321.0,493.6000000000001,1.0,20.0,550.5164842045475,115.0,300.0,180.0,0.0,111.24836381945,298.4812496748781,177.48394631322657,24.393259767651124,0.0,0.0,1.0,278.0,746.0,1.0
898403,907.0,2.0,0.0,321.0,493.59999999999985,1.0,20.0,583.5475260283004,115.0,300.0,180.0,0.0,111.64507306840068,303.8485375931352,188.98717978257184,2.8671722426900352,0.0,0.0,1.0,279.0,759.0,1.0
898565,908.0,2.0,0.0,321.0,493.60000000000014,1.0,20.0,593.8301706246534,115.0,300.0,180.0,0.0,122.07628786307964,310.03782060874187,177.0933548145303,7.439273084185864,0.0,0.0,1.0,305.0,775.0,1.0
899582,909.0,2.0,0.0,321.0,493.6,1.0,20.0,540.5434011073038,115.0,300.0,180.0,0.0,113.08786225636072,297.353307374094,179.58513960787312,4.627516605008206,0.0,0.0,1.0,282.0,743.0,1.0
901576,910.0,2.0,0.0,321.0,493.6,1.0,20.0,542.892067635195,115.0,300.0,180.0,0.0,113.92167322300996,301.3845876353479,176.6772702258706,13.496768508990431,0.0,0.0,1.0,284.0,753.0,1.0
901765,911.0,2.0,0.0,321.0,493.6,1.0,20.0,657.886513906913,115.0,300.0,180.0,0.0,136.63171484582,283.59482726957816,189.29928472171977,7.31670277892324,0.0,0.0,1.0,341.0,708.0,1.0
901961,912.0,2.0,0.0,321.0,493.6,1.0,20.0,517.6350818958463,115.0,300.0,180.0,0.0,114.82399394350088,299.5335562183513,179.1009373502214,3.2667803704064498,0.0,0.0,1.0,287.0,748.0,1.0
902702,913.0,2.0,0.0,321.0,493.5999999999999,1.0,20.0,598.3896791381758,115.0,300.0,180.0,0.0,126.04537549735976,292.2813343089332,179.93991979856483,4.011008751039972,0.0,0.0,1.0,315.0,730.0,1.0
903458,914.0,2.0,0.0,321.0,493.5999999999999,1.0,20.0,521.6339940858013,115.0,300.0,180.0,0.0,115.5691920511542,299.3212962927313,178.96513100198777,7.446077212163122,0.0,0.0,1.0,288.0,748.0,1.0
909525,915.0,2.0,0.0,321.0,493.6,1.0,20.0,628.6538693533157,115.0,300.0,180.0,0.0,96.02862691442256,298.7397577016513,189.19027048379905,21.07608938157642,0.0,0.0,1.0,240.0,746.0,1.0
910670,916.0,2.0,0.0,321.0,493.6,1.0,20.0,647.5700892362962,115.0,300.0,180.0,0.0,139.46502226714105,305.97994385925,174.75077231768825,13.831420564792534,0.0,0.0,1.0,348.0,764.0,1.0
910890,917.0,2.0,0.0,321.0,493.6,1.0,20.0,556.6009475602243,115.0,300.0,180.0,0.0,111.0344396786662,297.53920247561416,176.8004059094263,13.309620129173872,0.0,0.0,1.0,277.0,743.0,1.0
911051,918.0,2.0,0.0,321.0,493.6,1.0,20.0,661.4486306603565,115.0,300.0,180.0,0.0,116.50877161261351,313.08613899894885,154.08419302617543,15.70784646336889,0.0,0.0,1.0,291.0,782.0,1.0
911321,919.0,2.0,0.0,321.0,493.5999999999999,1.0,20.0,610.7820430261944,115.0,300.0,180.0,0.0,111.15335296367356,312.3079416649333,169.90254377084517,3.362513415312195,0.0,0.0,1.0,277.0,780.0,1.0
911548,920.0,2.0,0.0,321.0,493.6000000000002,1.0,20.0,627.3831978139273,115.0,300.0,180.0,0.0,114.18315949915691,285.88912357904314,194.42292662830909,15.27743076970335,0.0,0.0,1.0,285.0,714.0,1.0
911835,921.0,2.0,0.0,321.0,493.5999999999999,1.0,20.0,538.1597754892459,115.0,300.0,180.0,0.0,113.19509661071974,301.7499113232594,181.6440258694915,3.2905370165648713,0.0,0.0,1.0,282.0,754.0,1.0
913566,922.0,2.0,0.0,321.0,493.6,1.0,20.0,539.3273854889896,115.0,300.0,180.0,0.0,113.24803254259544,302.46811564043026,179.09784831311168,9.171053264454155,0.0,0.0,1.0,283.0,756.0,1.0
916317,923.0,2.0,0.0,321.0,493.6,1.0,20.0,522.3817180619586,115.0,300.0,180.0,0.0,114.72553839798724,299.1334397238792,178.8827228794713,8.41390938988893,0.0,0.0,1.0,286.0,747.0,1.0
917167,924.0,2.0,0.0,321.0,493.5999999999999,1.0,20.0,582.6560636058997,115.0,300.0,180.0,0.0,119.0323097527302,305.7457774697358,187.47656774202477,2.343994440917168,0.0,0.0,1.0,297.0,764.0,1.0
917287,925.0,2.0,0.0,321.0,493.5999999999999,1.0,20.0,566.8450379736911,115.0,300.0,180.0,0.0,110.59766295796184,303.32661578564387,175.16666355239133,11.303060597211038,0.0,0.0,1.0,276.0,758.0,1.0
920193,926.0,2.0,0.0,321.0,493.6000000000002,1.0,20.0,647.2495043714646,115.0,300.0,180.0,0.0,112.37265466541112,277.3077933337291,192.2321911408742,20.23937644164777,0.0,0.0,1.0,280.0,693.0,1.0
920293,927.0,2.0,0.0,321.0,493.6,1.0,20.0,521.4719308988203,115.0,300.0,180.0,0.0,115.08055391239388,301.32444283415145,180.30627015971476,7.265242974224002,0.0,0.0,1.0,287.0,753.0,1.0
920920,928.0,2.0,0.0,321.0,493.60000000000014,1.0,20.0,624.0106683727402,115.0,300.0,180.0,0.0,100.88806353485828,304.1944269830795,192.24617361271953,1.566971670820498,0.0,0.0,1.0,252.0,760.0,1.0
921080,929.0,2.0,0.0,321.0,493.6,1.0,20.0,646.8485070014701,115.0,300.0,180.0,0.0,104.93012748395948,279.0274391329022,191.46730301147363,25.722748493963003,0.0,0.0,1.0,262.0,697.0,1.0
924489,931.0,2.0,0.0,321.0,493.6,1.0,20.0,585.5616224415152,115.0,300.0,180.0,0.0,105.0704318970134,305.0880753102541,179.84714978912976,12.65320254582844,0.0,0.0,1.0,262.0,762.0,1.0
924787,932.0,2.0,0.0,321.0,493.6,1.0,20.0,620.1102115410768,115.0,300.0,180.0,0.0,114.60188613140228,298.186549145415,181.03347058604413,0.1180703631213385,117.60066164787126,360.4515068615966,1.0,286.0,745.0,1.0
926689,933.0,2.0,0.0,321.0,493.6,1.0,20.0,631.6060773686506,115.0,300.0,180.0,0.0,127.222368473799,289.43849743553903,169.9009475591276,1.2072455757802305,34.89143425981058,188.84447592130329,1.0,318.0,723.0,1.0
928229,934.0,5.0,2.0,321.0,493.677,1.0,20.0,511.1225821766576,117.79825681502744,301.2630471712359,179.22085576018867,0.1645030430982303,117.60509962928192,301.0569414562577,179.72612921097726,0.5513618449010429,0.0,0.0,1.0,294.0,752.0,4.0
928515,935.0,2.0,0.0,321.0,493.6,1.0,20.0,622.1488769017008,115.0,300.0,180.0,0.0,125.4072001966351,297.50311755476446,195.7877292648552,52.43566498601218,0.0,0.0,1.0,313.0,743.0,1.0
928731,936.0,2.0,0.0,321.0,493.6,1.0,20.0,612.2368562907641,115.0,300.0,180.0,0.0,125.59964291348822,303.63328331660813,168.38430381452048,23.687678313057276,0.0,0.0,1.0,313.0,759.0,1.0
928872,937.0,2.0,0.0,321.0,493.5999999999999,1.0,20.0,604.6505307031033,115.0,300.0,180.0,0.0,104.97927182340834,310.79426699586963,176.0243432872423,7.516781884005019,0.0,0.0,1.0,262.0,776.0,1.0
929959,938.0,2.0,0.0,321.0,493.6,1.0,20.0,588.6343945913351,115.0,300.0,180.0,0.0,109.90418707474016,298.0315437511659,169.97804180807248,3.2926386394564524,0.0,0.0,1.0,274.0,745.0,1.0
930080,939.0,2.0,0.0,321.0,493.60000000000014,1.0,20.0,548.8539064789502,115.0,300.0,180.0,0.0,112.39897357550936,299.12095852206284,176.52705527792577,1.9602828016153715,0.0,0.0,1.0,280.0,747.0,1.0
930341,940.0,2.0,0.0,321.0,493.5999999999998,1.0,20.0,616.6558110543878,115.0,300.0,180.0,0.0,111.69386986867316,299.2003201802408,162.5565801706996,62.03644008002732,0.0,0.0,1.0,279.0,748.0,1.0
936582,941.0,2.0,0.0,321.0,493.5999999999998,1.0,20.0,591.4383822209126,115.0,300.0,180.0,0.0,113.3642172752284,310.9857038150625,185.4155829572823,1.9356678824389837,0.0,0.0,1.0,283.0,777.0,1.0
938356,942.0,2.0,0.0,321.0,493.6,1.0,20.0,580.1573714291177,115.0,300.0,180.0,0.0,115.45952502019529,309.66125121497873,181.72978630159773,19.17313780020204,0.0,0.0,1.0,288.0,774.0,1.0
940318,943.0,2.0,0.0,321.0,493.5999999999999,1.0,20.0,570.6838367822347,115.0,300.0,180.0,0.0,122.90770332518936,300.1779702877769,180.47004518575451,2.4775920793823376,0.0,0.0,1.0,307.0,750.0,1.0
941604,944.0,2.0,0.0,321.0,493.60000000000014,1.0,20.0,598.927181386108,115.0,300.0,180.0,0.0,111.78596480111092,297.7015101058737,166.88804592104103,8.703479458287932,0.0,0.0,1.0,279.0,744.0,1.0
941872,945.0,2.0,0.0,321.0,493.5999999999999,1.0,20.0,520.3021052756922,115.0,300.0,180.0,0.0,114.30533734439216,300.8998758926899,179.45029779157397,36.95732397667129,0.0,0.0,1.0,285.0,752.0,1.0
944806,946.0,2.0,0.0,321.0,493.5999999999999,1.0,20.0,588.0359116724998,115.0,300.0,180.0,0.0,119.2800324261562,308.16072831505716,172.88455031875668,23.05702883005286,0.0,0.0,1.0,298.0,770.0,1.0
945003,947.0,2.0,0.0,321.0,493.59999999999985,1.0,20.0,573.2195895617624,115.0,300.0,180.0,0.0,113.86987790101666,292.51445368110967,176.39862762319257,1.651814657617944,0.0,0.0,1.0,284.0,731.0,1.0
945144,948.0,2.0,0.0,321.0,493.6,1.0,20.0,584.4441620006384,115.0,300.0,180.0,0.0,109.76781466192044,302.3642913902095,182.19969612697628,0.4116320553275566,55.93753646294054,241.55857256938268,1.0,274.0,755.0,1.0
946587,949.0,2.0,0.0,321.0,493.59999999999985,1.0,20.0,597.7392413622742,115.0,300.0,180.0,0.0,127.93466339696224,299.6706108370596,176.24334685294272,5.400769128964969,0.0,0.0,1.0,319.0,749.0,1.0
948226,950.0,2.0,0.0,321.0,493.5999999999999,1.0,20.0,629.8548251041035,115.0,300.0,180.0,0.0,128.91430000980145,312.25318998600727,188.5171739107084,19.97541510271597,0.0,0.0,1.0,322.0,780.0,1.0
949743,951.0,2.0,0.0,321.0,493.5999999999999,1.0,20.0,546.098410206265,115.0,300.0,180.0,0.0,114.00807565581776,298.96494727323466,183.9034963066119,21.581349020687963,0.0,0.0,1.0,285.0,747.0,1.0
950020,952.0,2.0,0.0,321.0,493.59999999999985,1.0,20.0,653.3276492463999,115.0,300.0,180.0,0.0,109.41698318019192,275.74084957735556,169.02077858990958,34.15667014235483,0.0,0.0,1.0,273.0,689.0,1.0
950895,953.0,2.0,0.0,321.0,493.5999999999999,1.0,20.0,630.8786745219406,115.0,300.0,180.0,0.0,99.30266427335737,289.0328248682275,188.08982816211835,4.812041703480988,0.0,0.0,1.0,248.0,722.0,1.0
951085,954.0,2.0,0.0,321.0,493.6,1.0,20.0,587.7997268207185,115.0,300.0,180.0,0.0,123.30904263286092,307.29802564473437,179.59183909259752,12.48628647360564,0.0,0.0,1.0,308.0,768.0,1.0
951370,955.0,2.0,0.0,321.0,493.6,1.0,20.0,619.9721347318135,115.0,300.0,180.0,0.0,132.19429824545904,296.1521736649387,185.71681872075905,2.721538283442521,0.0,0.0,1.0,330.0,740.0,1.0
951596,956.0,2.0,0.0,321.0,493.6,1.0,20.0,546.3678819153081,115.0,300.0,180.0,0.0,114.67039029173068,302.48186411394755,183.18624763044275,0.6558340232648401,0.0,0.0,1.0,286.0,756.0,1.0
951712,957.0,5.0,2.0,321.0,493.677,1.0,20.0,496.04863467878295,114.19982021122824,300.95424126418004,181.7434772508041,0.1267162679467769,114.21148210504836,300.96504222799416,181.75352879438793,7.078914915323239,0.0,0.0,1.0,285.0,752.0,4.0
955075,958.0,2.0,0.0,321.0,493.5999999999999,1.0,20.0,586.3814963767742,115.0,300.0,180.0,0.0,125.6874722147772,298.0690514230361,179.41350771742506,8.17688742754448,0.0,0.0,1.0,314.0,745.0,1.0
957468,959.0,2.0,0.0,321.0,493.6,1.0,20.0,508.94489000521,115.0,300.0,180.0,0.0,114.90305012412011,299.6286198950698,180.2789207179258,0.402714785442947,0.0,0.0,1.0,287.0,749.0,1.0
961450,960.0,2.0,0.0,321.0,493.6,1.0,20.0,546.694418642685,115.0,300.0,180.0,0.0,111.17637667110124,301.0246449388692,178.5760860489196,14.510981439075064,0.0,0.0,1.0,277.0,752.0,1.0
961609,961.0,2.0,0.0,321.0,493.5999999999999,1.0,20.0,631.5760002062319,115.0,300.0,180.0,0.0,117.2257305430344,287.4239512850926,196.4438791614512,7.991456633299876,0.0,0.0,1.0,293.0,718.0,1.0
962874,962.0,2.0,0.0,321.0,493.6,1.0,20.0,561.7832130057382,115.0,300.0,180.0,0.0,118.08642795794267,297.43148210308357,185.1768417566419,5.611378812103567,0.0,0.0,1.0,295.0,743.0,1.0
965187,963.0,2.0,0.0,321.0,493.6,1.0,20.0,570.2270730031215,115.0,300.0,180.0,0.0,108.56615126916684,303.220892811877,183.00805277788967,0.7599266774529145,0.0,0.0,1.0,271.0,758.0,1.0
966405,964.0,2.0,0.0,321.0,493.6,1.0,20.0,618.3643557761902,115.0,300.0,180.0,0.0,129.8175569513133,289.8523622490329,181.13322176164104,8.138568501205167,0.0,0.0,1.0,324.0,724.0,1.0
966638,965.0,2.0,0.0,321.0,493.6,1.0,20.0,532.8612634519627,115.0,300.0,180.0,0.0,116.87261534303022,298.93863480314224,181.1600281963863,11.62285300111267,0.0,0.0,1.0,292.0,747.0,1.0
967717,966.0,2.0,0.0,321.0,493.59999999999985,1.0,20.0,628.810417312171,115.0,300.0,180.0,0.0,113.58704608499797,304.6432123313872,160.10454910151688,8.171372463023685,0.0,0.0,1.0,283.0,761.0,1.0
968005,967.0,2.0,0.0,321.0,493.6,1.0,20.0,582.2132542927839,115.0,300.0,180.0,0.0,106.52186351232284,303.65180911440814,175.88420638050945,12.233283727257602,0.0,0.0,1.0,266.0,759.0,1.0
969763,968.0,2.0,0.0,321.0,493.59999999999985,1.0,20.0,597.8584153835495,115.0,300.0,180.0,0.0,119.73587521157384,312.74414730488695,181.81790933551275,2.564643963495061,0.0,0.0,1.0,299.0,781.0,1.0
970131,969.0,2.0,0.0,321.0,493.59999999999985,1.0,20.0,598.968736392568,115.0,300.0,180.0,0.0,121.61946342351848,289.0917123078706,175.0671477011733,21.254736960130515,0.0,0.0,1.0,304.0,722.0,1.0
970339,970.0,2.0,0.0,321.0,493.6,1.0,20.0,595.4834756944053,115.0,300.0,180.0,0.0,123.48164638271588,309.6438623340851,181.0603304109738,6.752822024720308,0.0,0.0,1.0,308.0,774.0,1.0
971430,971.0,2.0,0.0,321.0,493.6,1.0,20.0,585.3893921750152,115.0,300.0,180.0,0.0,125.40469069391077,302.7602056696254,182.5643188084454,11.576062979365986,0.0,0.0,1.0,313.0,756.0,1.0
971703,972.0,2.0,0.0,321.0,493.6,1.0,20.0,543.8546630566551,115.0,300.0,180.0,0.0,112.37205858341088,298.2082060814929,177.92835733599082,1.7716987066510597,0.0,0.0,1.0,280.0,745.0,1.0
973196,973.0,2.0,0.0,321.0,493.6,1.0,20.0,591.8815546622993,115.0,300.0,180.0,0.0,117.03796802204116,304.32900912617447,169.09385810153873,10.360169495424168,0.0,0.0,1.0,292.0,760.0,1.0
974328,974.0,2.0,0.0,321.0,493.6,1.0,20.0,495.81667114864666,115.0,300.0,180.0,0.0,115.0153681380231,300.00014386282146,179.9944126559254,2.5127370607690955,0.0,0.0,1.0,287.0,750.0,1.0
975181,975.0,2.0,0.0,321.0,493.5999999999999,1.0,20.0,622.0906192566612,115.0,300.0,180.0,0.0,109.46097686589889,313.22356992613925,193.13292976168157,1.3925141670832764,0.0,0.0,1.0,273.0,783.0,1.0
975324,976.0,2.0,0.0,321.0,493.6,1.0,20.0,585.3205002102133,115.0,300.0,180.0,0.0,112.88177398606646,309.28415782400504,174.38952639270025,67.95441813677942,0.0,0.0,1.0,282.0,773.0,1.0
976111,977.0,2.0,0.0,321.0,493.6,1.0,20.0,526.7940525230644,115.0,300.0,180.0,0.0,116.11055902106956,298.4279561921552,179.99587887341949,7.468257886436254,0.0,0.0,1.0,290.0,746.0,1.0
976537,978.0,2.0,0.0,321.0,493.5999999999999,1.0,20.0,619.1492554888549,115.0,300.0,180.0,0.0,115.84650290989444,300.26293167927207,178.14390860284917,0.1143364457722588,116.76873477557412,359.039040205289,1.0,289.0,750.0,1.0
977761,979.0,2.0,0.0,321.0,493.59999999999985,1.0,20.0,625.651017186967,115.0,300.0,180.0,0.0,100.81635706015727,300.1022626626824,166.88092084242697,17.95305153258371,0.0,0.0,1.0,252.0,750.0,1.0
977958,980.0,9.0,2.0,321.0,493.677,1.0,20.0,494.0320830934001,117.53559660614836,295.12640187539694,177.40405342443304,0.3872973153091973,117.53561722838268,295.1261693849841,177.40522339458778,14.611339365774011,0.0,0.0,1.0,293.0,737.0,8.0
978846,981.0,2.0,0.0,321.0,493.5999999999999,1.0,20.0,516.2196271425785,115.0,300.0,180.0,0.0,114.67844758419804,299.18748585235306,180.3222520431939,0.4185972045798196,0.0,0.0,1.0,286.0,747.0,1.0
979395,982.0,2.0,0.0,321.0,493.6,1.0,20.0,537.0609189944138,115.0,300.0,180.0,0.0,114.7856188452519,297.1015991923997,179.27675681675106,5.721068204914413,0.0,0.0,1.0,286.0,742.0,1.0
979566,983.0,2.0,0.0,321.0,493.6000000000001,1.0,20.0,645.6362062994592,115.0,300.0,180.0,0.0,123.1965461899756,323.3921601536612,174.10707458769602,3.015353095950082,0.0,0.0,1.0,307.0,808.0,1.0
980910,984.0,2.0,0.0,321.0,493.5999999999999,1.0,20.0,559.2468727594903,115.0,300.0,180.0,0.0,118.80647704362528,296.6931601724144,183.42470885641492,29.10654959524005,0.0,0.0,1.0,297.0,741.0,1.0
982294,985.0,2.0,0.0,321.0,493.59999999999985,1.0,20.0,561.7362603701248,115.0,300.0,180.0,0.0,119.91224134634516,298.5141312054267,184.02239237809832,10.332615740060216,0.0,0.0,1.0,299.0,746.0,1.0
982493,986.0,2.0,0.0,321.0,493.6,1.0,20.0,688.4778337827249,115.0,300.0,180.0,0.0,118.52924866861636,291.06188879249487,179.99514634770748,0.4683373081157826,163.25841388625784,433.3843743066545,1.0,296.0,727.0,1.0
984543,987.0,2.0,0.0,321.0,493.6,1.0,20.0,532.5359843767195,115.0,300.0,180.0,0.0,115.1350782347496,301.2814492909554,177.98879587152035,16.93026202376291,0.0,0.0,1.0,287.0,753.0,1.0
984839,988.0,2.0,0.0,321.0,493.6,1.0,20.0,525.4236087883726,115.0,300.0,180.0,0.0,116.0856764187332,299.6180577172208,178.6898512157307,34.48035623725755,0.0,0.0,1.0,290.0,749.0,1.0
985907,989.0,2.0,0.0,321.0,493.6,1.0,20.0,573.8114937046058,115.0,300.0,180.0,0.0,113.8413653734896,291.8829358465187,183.32885704689917,4.3147427598075145,0.0,0.0,1.0,284.0,729.0,1.0
987228,990.0,2.0,0.0,321.0,493.6,1.0,20.0,501.84460723690904,115.0,300.0,180.0,0.0,114.85646587074348,300.01983410872674,179.9379285997197,4.612112501338248,0.0,0.0,1.0,287.0,750.0,1.0
987937,991.0,2.0,0.0,321.0,493.5999999999999,1.0,20.0,577.6540957427185,115.0,300.0,180.0,0.0,116.12660749528,291.3689097190548,176.62722989951027,12.185773128252096,0.0,0.0,1.0,290.0,728.0,1.0
989951,992.0,2.0,0.0,321.0,493.6,1.0,20.0,641.2443782882812,115.0,300.0,180.0,0.0,105.2240091938402,305.82611911950704,159.42164063265471,18.173592445368673,0.0,0.0,1.0,263.0,764.0,1.0
990175,993.0,2.0,0.0,321.0,493.5999999999999,1.0,20.0,564.9690704743928,115.0,300.0,180.0,0.0,118.52894649320172,298.7482658228829,174.23587514337902,4.530977874781737,0.0,0.0,1.0,296.0,746.0,1.0
990782,994.0,2.0,0.0,321.0,493.5999999999999,1.0,20.0,616.1654508484696,115.0,300.0,180.0,0.0,125.27517435609816,299.77146542896486,174.69495882367468,0.7036925851012372,65.90295917770568,263.4437346543079,1.0,313.0,749.0,1.0
990965,995.0,2.0,0.0,321.0,493.5999999999999,1.0,20.0,547.2452043139042,115.0,300.0,180.0,0.0,113.54368658888636,299.26058796801937,183.8714579569573,0.6993660821411508,0.0,0.0,1.0,283.0,748.0,1.0
991107,996.0,2.0,0.0,321.0,493.6,1.0,20.0,640.2954107112787,115.0,300.0,180.0,0.0,123.2738796286524,320.9232987842323,172.07455300962462,13.448798117820656,0.0,0.0,1.0,308.0,802.0,1.0
994425,997.0,2.0,0.0,321.0,493.6,1.0,20.0,643.9979554688041,115.0,300.0,180.0,0.0,95.16525160568928,313.4460966476771,185.46935267461592,6.511124302480617,0.0,0.0,1.0,237.0,783.0,1.0
995941,998.0,2.0,0.0,321.0,493.6,1.0,20.0,520.5282181807654,115.0,300.0,180.0,0.0,114.59867108649144,301.0465039686633,179.52384446823137,5.106559741323229,0.0,0.0,1.0,286.0,752.0,1.0
996596,999.0,2.0,0.0,321.0,493.6,1.0,20.0,524.0392244709224,115.0,300.0,180.0,0.0,116.4273207103928,299.80380897490625,180.5120739383247,4.230414304756346,0.0,0.0,1.0,291.0,749.0,1.0
