,event,pixel_x,pixel_y,reset_time,TSLR,nMCParticles,MC_TrackIDs,MC_Weights
0,7,146,123,0.0011772806420666567,0.0011772806420666567,1,[167],[6306]
1,7,146,123,0.0011786906420666484,1.4099999999916263e-06,1,[167],[6204]
2,7,146,124,0.0011767456031608235,0.0011767456031608235,1,[167],[6290]
3,7,146,124,0.001177675603160818,9.299999999944769e-07,1,[167],[6267]
4,7,155,199,0.0009851694739273337,0.0009851694739273337,1,[133],[6258]
5,7,155,200,0.000987965764960391,0.000987965764960391,2,"[133, 154]","[5597, 655]"
6,7,156,199,0.0009823312602701003,0.0009823312602701003,1,[133],[6294]
7,7,156,199,0.0009829412602700967,6.099999999963773e-07,1,[133],[6311]
8,7,156,199,0.0009833712602700941,4.299999999974463e-07,1,[133],[6156]
9,7,156,199,0.0009837512602700919,3.7999999999774325e-07,1,[133],[6347]
10,7,156,199,0.0009840912602700899,3.399999999979808e-07,1,[133],[6275]
11,7,156,199,0.0009844512602700877,3.5999999999786203e-07,1,[133],[6273]
12,7,156,199,0.0009848412602700854,3.8999999999768387e-07,1,[133],[6180]
13,7,156,199,0.000985411260270082,5.699999999966149e-07,2,"[133, 154]","[6169, 1]"
14,7,156,199,0.000987941260270067,2.529999999984975e-06,2,"[133, 154]","[3614, 2652]"
15,7,156,199,0.000989301260270059,1.3599999999919232e-06,1,[154],[6271]
16,7,156,199,0.000990451260270052,1.1499999999931704e-06,1,[154],[6253]
17,7,156,199,0.0009919212602700434,1.46999999999127e-06,1,[154],[6239]
18,7,156,200,0.000983236414299,0.000983236414299,1,[133],[6263]
19,7,156,200,0.0009839964142989955,7.599999999954865e-07,1,[133],[6312]
20,7,156,200,0.0009846264142989918,6.299999999962586e-07,1,[133],[6249]
21,7,156,200,0.000985426414298987,7.99999999995249e-07,1,[133],[6191]
22,7,156,200,0.0009888264142989668,3.399999999979808e-06,2,"[133, 154]","[2584, 3659]"
23,7,157,198,0.000993270712812774,0.000993270712812774,2,"[133, 154]","[3464, 2800]"
24,7,157,198,0.0009955607128127604,2.2899999999864e-06,1,[154],[6261]
25,7,157,198,0.0009977607128127473,2.1999999999869346e-06,1,[154],[6242]
26,7,157,199,0.0009799467787624803,0.0009799467787624803,2,"[133, 151]","[6258, 1]"
27,7,157,199,0.0009805667787624766,6.199999999963179e-07,1,[133],[6267]
28,7,157,199,0.0009810367787624738,4.6999999999720876e-07,1,[133],[6331]
29,7,157,199,0.0009814367787624714,3.999999999976245e-07,1,[133],[6223]
30,7,157,199,0.000981826778762469,3.8999999999768387e-07,1,[133],[6180]
31,7,157,199,0.0009822267787624667,3.999999999976245e-07,1,[133],[6364]
32,7,157,199,0.0009826667787624641,4.399999999973869e-07,1,[133],[6246]
33,7,157,199,0.000983206778762461,5.39999999996793e-07,1,[133],[6194]
34,7,157,199,0.0009841267787624554,9.199999999945363e-07,1,[133],[6192]
35,7,157,199,0.000990786778762416,6.6599999999604476e-06,2,"[133, 154]","[2723, 3533]"
36,7,157,199,0.000992466778762406,1.6799999999900228e-06,1,[154],[6246]
37,7,157,199,0.0009937567787623983,1.289999999992339e-06,1,[154],[6281]
38,7,157,199,0.00099513677876239,1.3799999999918044e-06,1,[154],[6226]
39,7,157,199,0.000998686778762369,3.5499999999789172e-06,1,[154],[6237]
40,7,157,200,0.0009813029900036356,0.0009813029900036356,1,[133],[6290]
41,7,157,200,0.0009826429900036276,1.339999999992042e-06,1,[133],[6216]
42,7,157,200,0.0009873429900035997,4.699999999972088e-06,2,"[133, 154]","[6211, 34]"
43,7,158,197,0.0010035649789635601,0.0010035649789635601,2,"[133, 154]","[2, 6251]"
44,7,158,198,0.0009960949012641103,0.0009960949012641103,3,"[133, 151, 154]","[3353, 63, 2845]"
45,7,158,198,0.0009977449012641005,1.649999999990201e-06,1,[154],[6257]
46,7,158,198,0.000998834901264094,1.0899999999935267e-06,1,[154],[6245]
47,7,158,198,0.000999844901264088,1.0099999999940018e-06,1,[154],[6288]
48,7,158,198,0.0010009949012640812,1.1499999999931704e-06,1,[154],[6216]
49,7,158,198,0.0010029649012640695,1.9699999999883006e-06,1,[154],[6237]
50,7,158,199,0.0009780013905213917,0.0009780013905213917,2,"[133, 151]","[5819, 499]"
51,7,158,199,0.0009785413905213885,5.39999999996793e-07,2,"[133, 151]","[6065, 192]"
52,7,158,199,0.000978961390521386,4.199999999975057e-07,2,"[133, 151]","[6256, 58]"
53,7,158,199,0.0009793513905213837,3.8999999999768387e-07,2,"[133, 151]","[6232, 22]"
54,7,158,199,0.0009797413905213814,3.8999999999768387e-07,2,"[133, 151]","[6106, 8]"
55,7,158,199,0.0009802013905213787,4.5999999999726815e-07,2,"[133, 151]","[6338, 2]"
56,7,158,199,0.000980831390521375,6.299999999962586e-07,1,[133],[6171]
57,7,158,199,0.0009827113905213638,1.879999999988835e-06,1,[133],[6239]
58,7,158,199,0.0009975913905212754,1.487999999991163e-05,2,"[133, 154]","[304, 5943]"
59,7,158,200,0.0009793608161018136,0.0009793608161018136,2,"[133, 151]","[6072, 180]"
60,7,158,200,0.0009817808161017992,2.419999999985628e-06,2,"[133, 151]","[6253, 2]"
61,7,159,197,0.0010033214435553153,0.0010033214435553153,2,"[133, 154]","[1, 6263]"
62,7,159,197,0.0010046914435553071,1.3699999999918638e-06,2,"[154, 155]","[6005, 262]"
63,7,159,197,0.0010056314435553015,9.399999999944175e-07,2,"[154, 155]","[4501, 1758]"
64,7,159,197,0.0010064814435552965,8.49999999994952e-07,2,"[154, 155]","[3758, 2489]"
65,7,159,197,0.0010083414435552854,1.8599999999889538e-06,2,"[154, 155]","[4968, 1251]"
66,7,159,198,0.001000291729250391,0.001000291729250391,3,"[133, 151, 154]","[3003, 323, 2948]"
67,7,159,198,0.0010022417292503793,1.9499999999884193e-06,1,[154],[6237]
68,7,159,198,0.0010037817292503702,1.5399999999908542e-06,2,"[154, 155]","[6233, 7]"
69,7,159,198,0.0010056117292503593,1.829999999989132e-06,2,"[154, 155]","[5164, 1085]"
70,7,159,199,0.0009765301675088107,0.0009765301675088107,2,"[133, 151]","[6122, 191]"
71,7,159,199,0.000977030167508808,4.999999999973559e-07,2,"[133, 151]","[5736, 555]"
72,7,159,199,0.0009774101675088058,3.7999999999774325e-07,2,"[133, 151]","[5463, 744]"
73,7,159,199,0.0009777701675088037,3.5999999999786203e-07,2,"[133, 151]","[5359, 872]"
74,7,159,199,0.0009781501675088014,3.7999999999774325e-07,2,"[133, 151]","[5411, 895]"
75,7,159,199,0.0009786301675087986,4.799999999971494e-07,2,"[133, 151]","[5439, 791]"
76,7,159,199,0.0009796901675087923,1.0599999999937049e-06,2,"[133, 151]","[5764, 429]"
77,7,159,200,0.000977834204104632,0.000977834204104632,2,"[133, 151]","[5679, 605]"
78,7,159,238,0.0011688310264643537,0.0011688310264643537,1,[282],[6261]
79,7,160,196,0.0010089291230515613,0.0010089291230515613,2,"[154, 155]","[6217, 75]"
80,7,160,196,0.0010102291230515536,1.2999999999922796e-06,1,[154],[6255]
81,7,160,196,0.0010117891230515443,1.5599999999907355e-06,1,[154],[6222]
82,7,160,197,0.0010060627665422872,0.0010060627665422872,3,"[133, 154, 155]","[1, 4399, 1889]"
83,7,160,197,0.0010072027665422804,1.1399999999932298e-06,2,"[154, 155]","[4983, 1280]"
84,7,160,197,0.0010083527665422736,1.1499999999931704e-06,2,"[154, 155]","[6084, 124]"
85,7,160,197,0.0010100227665422637,1.6699999999900822e-06,1,[154],[6255]
86,7,160,198,0.0010065799311977475,0.0010065799311977475,4,"[133, 151, 154, 155]","[2278, 31, 2289, 1665]"
87,7,160,199,0.0009752224619884255,0.0009752224619884255,1,[133],[6288]
88,7,160,199,0.000975742461988428,5.200000000025497e-07,1,[133],[6294]
89,7,160,199,0.0009761724619884301,4.300000000021084e-07,2,"[133, 151]","[6271, 2]"
90,7,160,199,0.000976602461988432,4.300000000017831e-07,2,"[133, 151]","[6149, 12]"
91,7,160,199,0.0009772024619884283,5.999999999964367e-07,2,"[133, 151]","[6227, 84]"
92,7,160,200,0.0009763150811759588,0.0009763150811759588,2,"[133, 151]","[6262, 1]"
93,7,161,195,0.0010134258832157736,0.0010134258832157736,1,[154],[6279]
94,7,161,195,0.0010147558832157657,1.3299999999921014e-06,1,[154],[6259]
95,7,161,195,0.0010163458832157563,1.5899999999905573e-06,1,[154],[6216]
96,7,161,196,0.0010110365238435411,0.0010110365238435411,2,"[154, 155]","[6250, 1]"
97,7,161,196,0.0010122565238435339,1.2199999999927547e-06,1,[154],[6253]
98,7,161,196,0.0010135365238435263,1.2799999999923983e-06,1,[154],[6266]
99,7,161,199,0.0009741002601486079,0.0009741002601486079,1,[133],[6274]
100,7,161,199,0.0009746202601486105,5.200000000025497e-07,1,[133],[6242]
101,7,161,199,0.0009750802601486127,4.600000000022555e-07,1,[133],[6329]
102,7,161,199,0.0009755902601486152,5.100000000025006e-07,1,[133],[6196]
103,7,161,199,0.0009768002601486187,1.2100000000034392e-06,1,[133],[6215]
104,7,161,200,0.0009746942575246621,0.0009746942575246621,1,[133],[6274]
105,7,161,200,0.0009761842575246694,1.4900000000073058e-06,1,[133],[6238]
106,7,162,194,0.001017955976116981,0.001017955976116981,1,[154],[6257]
107,7,162,194,0.0010193159761169729,1.3599999999919232e-06,1,[154],[6286]
108,7,162,194,0.0010210959761169623,1.779999999989429e-06,1,[154],[6219]
109,7,162,195,0.0010155096760441188,0.0010155096760441188,1,[154],[6287]
110,7,162,195,0.0010167296760441116,1.2199999999927547e-06,1,[154],[6225]
111,7,162,195,0.0010179796760441042,1.2499999999925765e-06,1,[154],[6273]
112,7,162,199,0.0009732322984356679,0.0009732322984356679,1,[133],[6258]
113,7,162,199,0.0009737922984356706,5.600000000027458e-07,1,[133],[6342]
114,7,162,199,0.0009743122984356732,5.200000000025497e-07,1,[133],[6172]
115,7,162,199,0.0009751522984356773,8.400000000041187e-07,1,[133],[6258]
116,7,162,200,0.0009736077213493123,0.0009736077213493123,1,[133],[6272]
117,7,162,200,0.000974547721349317,9.40000000004609e-07,1,[133],[6283]
118,7,163,193,0.0010223054555693056,0.0010223054555693056,2,"[154, 157]","[6127, 130]"
119,7,163,193,0.0010233754555692993,1.0699999999936455e-06,3,"[154, 157, 243]","[5151, 1093, 3]"
120,7,163,193,0.0010243254555692936,9.499999999943581e-07,3,"[154, 157, 243]","[4105, 2184, 6]"
121,7,163,193,0.0010258754555692844,1.5499999999907949e-06,3,"[154, 157, 243]","[3657, 2546, 7]"
122,7,163,194,0.001019986190083605,0.001019986190083605,1,[154],[6256]
123,7,163,194,0.0010212361900835975,1.2499999999925765e-06,1,[154],[6256]
124,7,163,194,0.0010223661900835908,1.1299999999932892e-06,2,"[154, 157]","[6213, 61]"
125,7,163,194,0.0010239261900835816,1.5599999999907355e-06,2,"[154, 157]","[4912, 1315]"
126,7,163,199,0.000972281394181295,0.000972281394181295,2,"[133, 150]","[6209, 47]"
127,7,163,199,0.0009728813941812979,6.000000000029419e-07,2,"[133, 150]","[6286, 5]"
128,7,163,199,0.000973511394181301,6.30000000003089e-07,2,"[133, 150]","[6255, 2]"
129,7,163,200,0.0009726074229125584,0.0009726074229125584,2,"[133, 150]","[6235, 39]"
130,7,163,200,0.000973547422912563,9.40000000004609e-07,2,"[133, 150]","[6260, 2]"
131,7,164,192,0.0010268063697997357,0.0010268063697997357,4,"[154, 157, 237, 243]","[6002, 272, 3, 1]"
132,7,164,192,0.0010298563697997175,3.0499999999818866e-06,3,"[154, 157, 328]","[6179, 43, 5]"
133,7,164,193,0.0010239796781831164,0.0010239796781831164,3,"[154, 157, 243]","[4412, 1875, 5]"
134,7,164,193,0.0010248496781831112,8.699999999948332e-07,3,"[154, 157, 243]","[3545, 2681, 6]"
135,7,164,193,0.0010255396781831071,6.899999999959022e-07,4,"[154, 157, 243, 277]","[3301, 2939, 3, 1]"
136,7,164,193,0.001026219678183103,6.799999999959616e-07,4,"[154, 157, 243, 277]","[3283, 3011, 1, 5]"
137,7,164,193,0.0010270496781830982,8.299999999950708e-07,4,"[154, 157, 277, 278]","[3202, 3030, 14, 1]"
138,7,164,193,0.0010295296781830834,2.4799999999852718e-06,5,"[154, 157, 277, 278, 328]","[3149, 3008, 26, 2, 1]"
139,7,164,194,0.0010249371800126993,0.0010249371800126993,3,"[154, 157, 243]","[3071, 3200, 4]"
140,7,164,194,0.0010264271800126904,1.4899999999911512e-06,4,"[154, 157, 277, 278]","[401, 5848, 9, 1]"
141,7,164,199,0.0009711794705972499,0.0009711794705972499,3,"[133, 149, 150]","[5277, 98, 957]"
142,7,164,199,0.0009717194705972526,5.400000000026477e-07,3,"[133, 149, 150]","[5285, 12, 875]"
143,7,164,199,0.0009722694705972553,5.500000000026968e-07,3,"[133, 149, 150]","[5562, 2, 708]"
144,7,164,199,0.0009732994705972603,1.0300000000050503e-06,2,"[133, 150]","[5924, 327]"
145,7,164,200,0.0009713862965895372,0.0009713862965895372,3,"[133, 149, 150]","[5304, 87, 902]"
146,7,164,200,0.000972156296589541,7.700000000037755e-07,3,"[133, 149, 150]","[5458, 6, 771]"
147,7,165,192,0.0010281888889513502,0.0010281888889513502,2,"[154, 157]","[6147, 129]"
148,7,165,192,0.0010292788889513437,1.0899999999935267e-06,3,"[154, 157, 328]","[6207, 45, 13]"
149,7,165,192,0.0010305088889513364,1.2299999999926953e-06,4,"[154, 157, 328, 329]","[6141, 7, 62, 1]"
150,7,165,193,0.0010271264134577224,0.0010271264134577224,6,"[154, 157, 237, 240, 277, 278]","[2122, 4117, 1, 2, 25, 1]"
151,7,165,193,0.0010280964134577167,9.699999999942394e-07,4,"[154, 157, 277, 278]","[1788, 4458, 17, 1]"
152,7,165,193,0.0010292964134577095,1.1999999999928734e-06,4,"[154, 157, 240, 277]","[2029, 4211, 3, 2]"
153,7,165,194,0.0010275155978588524,0.0010275155978588524,5,"[154, 157, 240, 277, 278]","[61, 6165, 2, 28, 2]"
154,7,165,194,0.0010285355978588463,1.0199999999939424e-06,5,"[154, 157, 240, 241, 277]","[6, 6238, 2, 2, 5]"
155,7,165,194,0.0010294755978588407,9.399999999944175e-07,4,"[154, 157, 240, 277]","[7, 6229, 2, 1]"
156,7,165,194,0.001030945597858832,1.46999999999127e-06,6,"[154, 157, 240, 252, 253, 260]","[2, 6244, 1, 4, 1, 1]"
157,7,165,199,0.0009701945844792161,0.0009701945844792161,4,"[133, 149, 150, 191]","[4948, 1280, 64, 2]"
158,7,165,199,0.0009707545844792188,5.600000000027458e-07,3,"[133, 149, 150]","[4996, 958, 270]"
159,7,165,199,0.0009712745844792214,5.200000000025497e-07,3,"[133, 149, 150]","[5082, 595, 564]"
160,7,165,199,0.0009722045844792259,9.3000000000456e-07,3,"[133, 149, 150]","[4981, 266, 997]"
161,7,165,200,0.0009702444767833927,0.0009702444767833927,4,"[133, 149, 150, 191]","[5219, 977, 62, 15]"
162,7,165,200,0.0009708744767833958,6.30000000003089e-07,3,"[133, 149, 150]","[5253, 775, 269]"
163,7,165,200,0.0009716444767833996,7.700000000037755e-07,3,"[133, 149, 150]","[5121, 433, 658]"
164,7,166,191,0.001031059761461827,0.001031059761461827,2,"[154, 328]","[6237, 26]"
165,7,166,191,0.0010320797614618209,1.0199999999939424e-06,2,"[154, 328]","[6252, 4]"
166,7,166,192,0.001030509461926459,0.001030509461926459,3,"[154, 157, 328]","[6252, 20, 15]"
167,7,166,192,0.001032219461926449,1.7099999999898446e-06,2,"[154, 328]","[6209, 4]"
168,7,166,194,0.0010301656091362623,0.0010301656091362623,7,"[157, 240, 241, 252, 253, 260, 277]","[5993, 245, 5, 5, 3, 2, 2]"
169,7,166,194,0.0010314156091362548,1.2499999999925765e-06,4,"[157, 252, 253, 260]","[6240, 4, 3, 59]"
170,7,166,194,0.00103224560913625,8.299999999950708e-07,3,"[157, 252, 260]","[6190, 1, 77]"
171,7,166,194,0.0010329356091362458,6.899999999959022e-07,2,"[157, 260]","[6151, 38]"
172,7,166,194,0.0010337856091362408,8.49999999994952e-07,2,"[157, 260]","[6237, 3]"
173,7,166,195,0.001032736452102119,0.001032736452102119,3,"[157, 240, 260]","[6251, 17, 7]"
174,7,166,199,0.0009694673752875036,0.0009694673752875036,3,"[133, 149, 191]","[6038, 120, 175]"
175,7,166,199,0.0009701973752875071,7.300000000035793e-07,3,"[133, 149, 150]","[5819, 398, 2]"
176,7,166,199,0.0009720173752875161,1.8200000000089239e-06,3,"[133, 149, 150]","[5469, 718, 12]"
177,7,166,200,0.0009690837558390128,0.0009690837558390128,4,"[133, 149, 191, 192]","[4979, 36, 1245, 6]"
178,7,166,200,0.0009697537558390161,6.700000000032852e-07,2,"[133, 149]","[6148, 135]"
179,7,166,200,0.0009704137558390194,6.600000000032361e-07,3,"[133, 149, 150]","[5881, 332, 1]"
180,7,167,190,0.001033253550607947,0.001033253550607947,2,"[154, 162]","[5588, 706]"
181,7,167,190,0.001034933550607937,1.6799999999900228e-06,2,"[154, 162]","[4781, 1432]"
182,7,167,191,0.0010320863057556031,0.0010320863057556031,2,"[154, 162]","[6247, 20]"
183,7,167,191,0.0010329963057555977,9.099999999945957e-07,2,"[154, 162]","[6081, 204]"
184,7,167,191,0.0010365163057555768,3.5199999999790954e-06,2,"[154, 162]","[5394, 804]"
185,7,167,194,0.001033113102550956,0.001033113102550956,5,"[157, 240, 241, 252, 260]","[6104, 137, 2, 2, 46]"
186,7,167,194,0.0010340231025509506,9.099999999945957e-07,2,"[157, 260]","[6259, 2]"
187,7,167,195,0.001034918318768735,0.001034918318768735,2,"[157, 240]","[6229, 22]"
188,7,167,199,0.0009688425298787007,0.0009688425298787007,2,"[133, 191]","[6076, 207]"
189,7,167,199,0.0009704325298787085,1.5900000000077961e-06,2,"[133, 149]","[6220, 4]"
190,7,167,200,0.0009680470048379894,0.0009680470048379894,3,"[133, 191, 192]","[4960, 1375, 3]"
191,7,167,200,0.0009686270048379922,5.800000000028439e-07,1,[133],[6163]
192,7,167,200,0.0009691670048379949,5.400000000026477e-07,1,[133],[6351]
193,7,167,200,0.000970007004837999,8.400000000041187e-07,2,"[133, 149]","[6152, 1]"
194,7,168,190,0.0010337948518703377,0.0010337948518703377,2,"[154, 162]","[4152, 2155]"
195,7,168,190,0.0010346548518703326,8.599999999948926e-07,2,"[154, 162]","[5138, 1085]"
196,7,168,190,0.001035754851870326,1.0999999999934673e-06,2,"[154, 162]","[5999, 224]"
197,7,168,191,0.0010345931884987193,0.0010345931884987193,2,"[154, 162]","[4769, 1488]"
198,7,168,199,0.0009689491710704559,0.0009689491710704559,1,[133],[6267]
199,7,168,200,0.0009672626255847926,0.0009672626255847926,3,"[133, 191, 192]","[6314, 13, 1]"
200,7,168,200,0.0009677826255847952,5.200000000025497e-07,1,[133],[6203]
201,7,168,200,0.0009682526255847975,4.700000000023045e-07,1,[133],[6278]
202,7,168,200,0.0009689526255848009,7.000000000034323e-07,1,[133],[6195]
203,7,169,190,0.0010357973234808,0.0010357973234808,2,"[154, 162]","[6202, 106]"
204,7,169,190,0.0010366873234807948,8.899999999947145e-07,1,[154],[6230]
205,7,169,200,0.0009663512367704166,0.0009663512367704166,1,[133],[6315]
206,7,169,200,0.0009668712367704191,5.200000000025497e-07,1,[133],[6222]
207,7,169,200,0.0009673712367704216,5.000000000024516e-07,1,[133],[6249]
208,7,169,200,0.0009681012367704252,7.300000000035793e-07,1,[133],[6220]
209,7,170,190,0.0010368100175767248,0.0010368100175767248,1,[154],[6314]
210,7,170,190,0.0010378100175767188,9.999999999940612e-07,1,[154],[6203]
211,7,170,200,0.0009654498145308582,0.0009654498145308582,1,[133],[6265]
212,7,170,200,0.0009660498145308611,6.000000000029419e-07,1,[133],[6326]
213,7,170,200,0.000966639814530864,5.900000000028929e-07,1,[133],[6167]
214,7,170,201,0.0009662714872141834,0.0009662714872141834,1,[133],[6271]
215,7,171,189,0.0010373730441795219,0.0010373730441795219,1,[154],[6330]
216,7,171,189,0.0010384230441795156,1.0499999999937643e-06,1,[154],[6199]
217,7,171,190,0.0010375695757968715,0.0010375695757968715,1,[154],[6304]
218,7,171,200,0.0009647005910940808,0.0009647005910940808,1,[133],[6301]
219,7,171,200,0.0009654405910940844,7.400000000036284e-07,1,[133],[6200]
220,7,171,201,0.0009646384752272503,0.0009646384752272503,1,[133],[6283]
221,7,171,201,0.000965588475227255,9.500000000046581e-07,1,[133],[6239]
222,7,172,189,0.0010377575641473693,0.0010377575641473693,2,"[154, 206]","[6304, 2]"
223,7,172,189,0.0010385075641473648,7.499999999955459e-07,2,"[154, 206]","[6235, 8]"
224,7,172,189,0.0010398675641473567,1.3599999999919232e-06,2,"[154, 206]","[6188, 38]"
225,7,172,200,0.0009643092685457005,0.0009643092685457005,1,[133],[6294]
226,7,172,201,0.000963380511141151,0.000963380511141151,1,[133],[6259]
227,7,172,201,0.000963990511141154,6.10000000002991e-07,1,[133],[6252]
228,7,172,201,0.0009646805111411574,6.900000000033832e-07,1,[133],[6244]
229,7,173,189,0.0010390964898310331,0.0010390964898310331,3,"[154, 206, 207]","[6168, 113, 4]"
230,7,173,201,0.000962419094078026,0.000962419094078026,1,[133],[6277]
231,7,173,201,0.0009629490940780286,5.300000000025987e-07,1,[133],[6289]
232,7,173,201,0.0009634690940780312,5.200000000025497e-07,1,[133],[6292]
233,7,173,201,0.0009643490940780355,8.800000000043148e-07,1,[133],[6158]
234,7,174,201,0.0009616280467765792,0.0009616280467765792,1,[133],[6344]
235,7,174,201,0.000962188046776582,5.600000000027458e-07,1,[133],[6194]
236,7,174,201,0.0009627680467765848,5.800000000028439e-07,1,[133],[6249]
237,7,174,202,0.000962370874904123,0.000962370874904123,1,[133],[6274]
238,7,175,201,0.0009610385331193322,0.0009610385331193322,2,"[133, 148]","[6285, 43]"
239,7,175,201,0.0009617885331193359,7.500000000036774e-07,2,"[133, 148]","[6232, 2]"
240,7,175,202,0.0009607410779903164,0.0009607410779903164,2,"[133, 148]","[6097, 156]"
241,7,175,202,0.00096147107799032,7.300000000035793e-07,2,"[133, 148]","[6252, 30]"
242,7,176,201,0.0009607179677971261,0.0009607179677971261,2,"[133, 148]","[5310, 943]"
243,7,176,202,0.0009595748448567389,0.0009595748448567389,2,"[133, 148]","[4865, 1479]"
244,7,176,202,0.0009600448448567412,4.700000000023045e-07,2,"[133, 148]","[4928, 1277]"
245,7,176,202,0.0009604748448567433,4.300000000021084e-07,2,"[133, 148]","[5277, 1019]"
246,7,176,202,0.0009609848448567458,5.100000000025006e-07,2,"[133, 148]","[5445, 724]"
247,7,177,202,0.0009589068993860353,0.0009589068993860353,2,"[133, 148]","[6124, 136]"
248,7,177,202,0.0009594368993860379,5.300000000025987e-07,2,"[133, 148]","[6043, 335]"
249,7,177,202,0.0009599068993860402,4.700000000023045e-07,2,"[133, 148]","[5711, 481]"
250,7,177,202,0.0009606368993860438,7.300000000035793e-07,2,"[133, 148]","[5449, 744]"
251,7,178,202,0.0009582854465898045,0.0009582854465898045,1,[133],[6317]
252,7,178,202,0.0009588854465898075,6.000000000029419e-07,2,"[133, 148]","[6201, 1]"
253,7,178,202,0.0009596354465898112,7.500000000036774e-07,2,"[133, 148]","[6262, 2]"
254,7,178,203,0.0009587198519309441,0.0009587198519309441,1,[133],[6292]
255,7,179,202,0.0009578407646551751,0.0009578407646551751,1,[133],[6303]
256,7,179,202,0.0009588007646551798,9.60000000004707e-07,1,[133],[6217]
257,7,179,203,0.0009575250506816358,0.0009575250506816358,1,[133],[6265]
258,7,179,203,0.0009582950506816396,7.700000000037755e-07,1,[133],[6303]
259,7,180,202,0.0009577785845439622,0.0009577785845439622,1,[133],[6276]
260,7,180,203,0.0009566601087393059,0.0009566601087393059,1,[133],[6271]
261,7,180,203,0.0009572501087393088,5.900000000028929e-07,1,[133],[6292]
262,7,180,203,0.0009579801087393124,7.300000000035793e-07,1,[133],[6230]
263,7,181,203,0.0009558437226963516,0.0009558437226963516,1,[133],[6254]
264,7,181,203,0.0009563937226963543,5.500000000026968e-07,1,[133],[6273]
265,7,181,203,0.0009569737226963571,5.800000000028439e-07,1,[133],[6271]
266,7,182,174,0.0011196993153161135,0.0011196993153161135,2,"[334, 353]","[4624, 1693]"
267,7,182,174,0.0011205293153161086,8.299999999950708e-07,2,"[334, 353]","[4365, 1862]"
268,7,182,203,0.0009551530219742662,0.0009551530219742662,1,[133],[6298]
269,7,182,203,0.0009557130219742689,5.600000000027458e-07,1,[133],[6307]
270,7,182,203,0.0009563130219742719,6.000000000029419e-07,1,[133],[6196]
271,7,183,203,0.0009545844139724848,0.0009545844139724848,1,[133],[6253]
272,7,183,203,0.0009551644139724877,5.800000000028439e-07,1,[133],[6255]
273,7,183,203,0.0009559144139724914,7.500000000036774e-07,1,[133],[6250]
274,7,183,204,0.0009552113277044408,0.0009552113277044408,1,[133],[6259]
275,7,184,203,0.0009542059348490059,0.0009542059348490059,1,[133],[6338]
276,7,184,203,0.0009549359348490095,7.300000000035793e-07,1,[133],[6203]
277,7,184,204,0.0009542376167239037,0.0009542376167239037,1,[133],[6268]
278,7,184,204,0.0009551776167239084,9.40000000004609e-07,1,[133],[6233]
279,7,185,203,0.0009539815934875898,0.0009539815934875898,1,[133],[6266]
280,7,185,204,0.0009534815949187507,0.0009534815949187507,1,[133],[6290]
281,7,185,204,0.0009541015949187538,6.2000000000304e-07,1,[133],[6235]
282,7,185,204,0.0009552515949187594,1.1500000000056387e-06,1,[133],[6241]
283,7,186,204,0.0009528515240076793,0.0009528515240076793,1,[133],[6330]
284,7,186,204,0.0009534215240076821,5.700000000027948e-07,1,[133],[6264]
285,7,186,204,0.0009541015240076854,6.800000000033342e-07,1,[133],[6160]
286,7,187,204,0.0009522816689451144,0.0009522816689451144,1,[133],[6319]
287,7,187,204,0.0009528516689451172,5.700000000027948e-07,1,[133],[6257]
288,7,187,204,0.0009535216689451205,6.700000000032852e-07,1,[133],[6206]
289,7,188,204,0.0009518642375793747,0.0009518642375793747,1,[133],[6260]
290,7,188,204,0.000952554237579378,6.900000000033832e-07,1,[133],[6256]
291,7,188,205,0.0009521610269213729,0.0009521610269213729,1,[133],[6257]
292,7,189,204,0.0009517655260380928,0.0009517655260380928,1,[133],[6298]
293,7,189,205,0.0009511828556834518,0.0009511828556834518,1,[133],[6335]
294,7,189,205,0.0009519028556834553,7.200000000035303e-07,1,[133],[6201]
295,7,190,205,0.0009503337002935404,0.0009503337002935404,1,[133],[6277]
296,7,190,205,0.0009509037002935432,5.700000000027948e-07,1,[133],[6306]
297,7,190,205,0.0009515337002935463,6.30000000003089e-07,1,[133],[6202]
298,7,191,205,0.0009496550721650555,0.0009496550721650555,1,[133],[6270]
299,7,191,205,0.0009502350721650583,5.800000000028439e-07,1,[133],[6266]
300,7,191,205,0.0009509350721650618,7.000000000034323e-07,1,[133],[6255]
301,7,191,206,0.0009507879988268081,0.0009507879988268081,1,[133],[6254]
302,7,192,205,0.0009492342063181705,0.0009492342063181705,1,[133],[6267]
303,7,192,205,0.0009501242063181749,8.900000000043639e-07,1,[133],[6262]
304,7,192,206,0.0009490697113775567,0.0009490697113775567,1,[133],[6264]
305,7,192,206,0.0009500197113775613,9.500000000046581e-07,1,[133],[6261]
306,7,193,205,0.0009494890633101239,0.0009494890633101239,1,[133],[6252]
307,7,193,206,0.0009481149094418572,0.0009481149094418572,1,[133],[6302]
308,7,193,206,0.0009487349094418603,6.2000000000304e-07,1,[133],[6274]
309,7,193,206,0.0009495649094418643,8.300000000040697e-07,1,[133],[6195]
310,7,194,206,0.0009471961543838641,0.0009471961543838641,1,[133],[6309]
311,7,194,206,0.0009478261543838672,6.30000000003089e-07,1,[133],[6196]
312,7,194,206,0.0009486261543838711,8.000000000039226e-07,1,[133],[6282]
313,7,195,206,0.0009463275859137488,0.0009463275859137488,1,[133],[6311]
314,7,195,206,0.0009470575859137524,7.300000000035793e-07,1,[133],[6223]
315,7,195,206,0.0009492475859137631,2.190000000010738e-06,1,[133],[6217]
316,7,195,207,0.0009470784103963769,0.0009470784103963769,1,[133],[6263]
317,7,196,180,0.0010737101855135193,0.0010737101855135193,1,[195],[6309]
318,7,196,206,0.0009456248203719067,0.0009456248203719067,1,[133],[6251]
319,7,196,206,0.0009469648203719133,1.3400000000065703e-06,1,[133],[6249]
320,7,196,207,0.0009453823725923217,0.0009453823725923217,1,[133],[6281]
321,7,196,207,0.0009465023725923272,1.1200000000054916e-06,1,[133],[6230]
322,7,197,206,0.000945494110809438,0.000945494110809438,1,[133],[6272]
323,7,197,207,0.0009441447558164491,0.0009441447558164491,1,[133],[6306]
324,7,197,207,0.0009448447558164525,7.000000000034323e-07,1,[133],[6197]
325,7,197,207,0.000946154755816459,1.3100000000064232e-06,1,[133],[6248]
326,7,198,207,0.0009429601403100222,0.0009429601403100222,1,[133],[6302]
327,7,198,207,0.0009435601403100252,6.000000000029419e-07,1,[133],[6274]
328,7,198,207,0.0009441901403100283,6.30000000003089e-07,1,[133],[6188]
329,7,199,207,0.0009419129880728926,0.0009419129880728926,1,[133],[6259]
330,7,199,207,0.0009425029880728955,5.900000000028929e-07,1,[133],[6266]
331,7,199,207,0.0009431129880728985,6.10000000002991e-07,1,[133],[6266]
332,7,199,208,0.0009439822492681284,0.0009439822492681284,1,[133],[6253]
333,7,200,207,0.0009410068218483576,0.0009410068218483576,1,[133],[6322]
334,7,200,207,0.0009416768218483609,6.700000000032852e-07,1,[133],[6197]
335,7,200,207,0.0009425468218483651,8.700000000042658e-07,1,[133],[6239]
336,7,200,208,0.0009413884431424165,0.0009413884431424165,1,[133],[6253]
337,7,201,207,0.000940226269894375,0.000940226269894375,1,[133],[6269]
338,7,201,207,0.0009411962698943798,9.700000000047561e-07,1,[133],[6250]
339,7,201,208,0.0009399508963891965,0.0009399508963891965,1,[133],[6306]
340,7,201,208,0.0009407808963892006,8.300000000040697e-07,1,[133],[6264]
341,7,202,207,0.0009398052273107199,0.0009398052273107199,1,[133],[6251]
342,7,202,208,0.0009387729939556678,0.0009387729939556678,1,[133],[6256]
343,7,202,208,0.000939412993955671,6.400000000031381e-07,1,[133],[6246]
344,7,202,208,0.0009402529939556751,8.400000000041187e-07,1,[133],[6294]
345,7,203,208,0.0009377238675262417,0.0009377238675262417,1,[133],[6294]
346,7,203,208,0.0009383738675262449,6.500000000031871e-07,1,[133],[6265]
347,7,203,208,0.0009391638675262488,7.900000000038735e-07,1,[133],[6219]
348,7,204,208,0.0009367332035432727,0.0009367332035432727,1,[133],[6301]
349,7,204,208,0.0009373932035432759,6.600000000032361e-07,1,[133],[6217]
350,7,204,208,0.0009382432035432801,8.500000000041677e-07,1,[133],[6250]
351,7,205,208,0.0009358928907082244,0.0009358928907082244,1,[133],[6269]
352,7,205,208,0.0009366828907082283,7.900000000038735e-07,1,[133],[6265]
353,7,205,209,0.0009362320312822364,0.0009362320312822364,1,[133],[6267]
354,7,206,208,0.0009352769338509703,0.0009352769338509703,1,[133],[6275]
355,7,206,209,0.0009347771850899998,0.0009347771850899998,2,"[133, 147]","[6303, 5]"
356,7,206,209,0.0009356971850900043,9.20000000004511e-07,1,[133],[6229]
357,7,207,208,0.0009353733644592738,0.0009353733644592738,2,"[133, 147]","[5916, 339]"
358,7,207,209,0.0009333541606226485,0.0009333541606226485,2,"[133, 147]","[4370, 1919]"
359,7,207,209,0.0009340241606226518,6.700000000032852e-07,2,"[133, 147]","[5815, 444]"
360,7,207,209,0.0009347841606226555,7.600000000037264e-07,2,"[133, 147]","[6193, 80]"
361,7,208,209,0.0009323480870838163,0.0009323480870838163,2,"[133, 147]","[4093, 2248]"
362,7,208,209,0.0009328080870838186,4.600000000022555e-07,2,"[133, 147]","[3873, 2307]"
363,7,208,209,0.0009332280870838207,4.2000000000205935e-07,2,"[133, 147]","[4129, 2249]"
364,7,208,209,0.0009337380870838232,5.100000000025006e-07,2,"[133, 147]","[4268, 1870]"
365,7,209,209,0.000931823484960372,0.000931823484960372,2,"[133, 147]","[6262, 38]"
366,7,209,209,0.0009325134849603754,6.900000000033832e-07,2,"[133, 147]","[6089, 154]"
367,7,209,209,0.0009339834849603826,1.4700000000072077e-06,2,"[133, 147]","[5865, 347]"
368,7,209,210,0.0009333149423497535,0.0009333149423497535,2,"[133, 147]","[6212, 44]"
369,7,210,209,0.0009312457725189862,0.0009312457725189862,1,[133],[6290]
370,7,210,209,0.0009324457725189921,1.2000000000058839e-06,1,[133],[6223]
371,7,210,210,0.0009311877490318803,0.0009311877490318803,2,"[133, 145]","[6274, 2]"
372,7,211,209,0.0009309813380098647,0.0009309813380098647,5,"[133, 144, 145, 146, 360]","[5962, 1, 160, 130, 2]"
373,7,211,210,0.000929937980062615,0.000929937980062615,6,"[133, 144, 145, 146, 356, 360]","[5278, 2, 495, 545, 1, 2]"
374,7,211,210,0.0009306579800626185,7.200000000035303e-07,5,"[133, 144, 145, 146, 356]","[5830, 1, 195, 206, 1]"
375,7,212,210,0.0009288517699907291,0.0009288517699907291,8,"[133, 144, 145, 146, 355, 356, 360, 361]","[4152, 641, 805, 656, 1, 1, 1, 1]"
376,7,212,210,0.0009293017699907313,4.5000000000220645e-07,7,"[133, 144, 145, 146, 355, 360, 361]","[3722, 589, 1127, 894, 1, 6, 2]"
377,7,212,210,0.0009296617699907331,3.6000000000176516e-07,7,"[133, 144, 145, 146, 356, 360, 361]","[3397, 475, 1353, 925, 1, 6, 1]"
378,7,212,210,0.0009300717699907351,4.100000000020103e-07,7,"[133, 144, 145, 146, 355, 356, 360]","[3446, 405, 1445, 968, 3, 2, 1]"
379,7,212,210,0.0009308117699907387,7.400000000036284e-07,8,"[133, 144, 145, 146, 355, 356, 360, 361]","[3595, 332, 1372, 947, 1, 1, 9, 1]"
380,7,213,210,0.0009281389547049761,0.0009281389547049761,5,"[133, 143, 144, 145, 146]","[4521, 1, 1755, 15, 10]"
381,7,213,210,0.0009285889547049783,4.5000000000220645e-07,4,"[133, 144, 145, 146]","[3836, 2356, 48, 19]"
382,7,213,210,0.0009289489547049801,3.6000000000176516e-07,4,"[133, 144, 145, 146]","[3326, 2760, 82, 50]"
383,7,213,210,0.0009293289547049819,3.800000000018632e-07,5,"[133, 144, 145, 146, 360]","[2932, 3181, 125, 80, 1]"
384,7,213,210,0.0009297989547049842,4.700000000023045e-07,5,"[133, 144, 145, 146, 360]","[2352, 3550, 221, 109, 1]"
385,7,213,211,0.0009291037662801951,0.0009291037662801951,4,"[133, 144, 145, 146]","[3638, 2641, 10, 5]"
386,7,214,210,0.0009276062351505269,0.0009276062351505269,3,"[133, 143, 144]","[5927, 151, 179]"
387,7,214,210,0.0009283862351505307,7.800000000038245e-07,3,"[133, 143, 144]","[5588, 26, 653]"
388,7,214,211,0.0009280215637016294,0.0009280215637016294,3,"[133, 143, 144]","[5925, 211, 125]"
389,7,215,210,0.0009268308819002291,0.0009268308819002291,3,"[133, 142, 143]","[4850, 307, 1107]"
390,7,215,210,0.0009280008819002348,1.1700000000057368e-06,4,"[133, 142, 143, 144]","[5141, 27, 1088, 1]"
391,7,215,211,0.0009265222054677747,0.0009265222054677747,3,"[133, 142, 143]","[4828, 558, 925]"
392,7,215,211,0.0009273022054677785,7.800000000038245e-07,3,"[133, 142, 143]","[4839, 98, 1334]"
393,7,216,210,0.0009264699578209287,0.0009264699578209287,3,"[133, 142, 143]","[4658, 1494, 122]"
394,7,216,211,0.000925501163071627,0.000925501163071627,3,"[133, 142, 143]","[5137, 1104, 14]"
395,7,216,211,0.0009260911630716299,5.900000000028929e-07,3,"[133, 142, 143]","[4896, 1342, 56]"
396,7,216,211,0.0009268111630716334,7.200000000035303e-07,3,"[133, 142, 143]","[4786, 1266, 166]"
397,7,217,211,0.0009247161804852767,0.0009247161804852767,2,"[133, 142]","[6338, 9]"
398,7,217,211,0.0009253161804852796,6.000000000029419e-07,2,"[133, 142]","[6195, 59]"
399,7,217,211,0.0009260861804852834,7.700000000037755e-07,2,"[133, 142]","[6041, 145]"
400,7,218,211,0.0009239091826923549,0.0009239091826923549,1,[133],[6300]
401,7,218,211,0.0009245091826923579,6.000000000029419e-07,1,[133],[6214]
402,7,218,211,0.0009252791826923617,7.700000000037755e-07,1,[133],[6246]
403,7,219,211,0.0009231778323661479,0.0009231778323661479,1,[133],[6276]
404,7,219,211,0.0009238878323661513,7.100000000034813e-07,1,[133],[6271]
405,7,219,212,0.0009239741663229294,0.0009239741663229294,1,[133],[6263]
406,7,220,211,0.0009225666123149228,0.0009225666123149228,3,"[133, 141, 378]","[6159, 115, 4]"
407,7,220,211,0.0009236066123149279,1.0400000000050993e-06,1,[133],[6225]
408,7,220,212,0.0009225371884337528,0.0009225371884337528,3,"[133, 141, 378]","[6091, 194, 15]"
409,7,220,212,0.0009242371884337612,1.7000000000083355e-06,1,[133],[6207]
410,7,221,211,0.0009210197140071076,0.0009210197140071076,3,"[133, 141, 378]","[1229, 4484, 539]"
411,7,221,211,0.0009221497140071131,1.1300000000055406e-06,3,"[133, 141, 378]","[4722, 847, 714]"
412,7,221,212,0.0009203750563626739,0.0009203750563626739,3,"[133, 141, 378]","[658, 5273, 383]"
413,7,221,212,0.000921005056362677,6.30000000003089e-07,3,"[133, 141, 378]","[2291, 3014, 918]"
414,7,221,212,0.0009215450563626797,5.400000000026477e-07,3,"[133, 141, 378]","[3862, 1401, 1046]"
415,7,221,212,0.0009221250563626825,5.800000000028439e-07,3,"[133, 141, 378]","[4934, 508, 723]"
416,7,222,211,0.0009209247540414398,0.0009209247540414398,3,"[133, 141, 378]","[2032, 3198, 1026]"
417,7,222,212,0.0009201600273920736,0.0009201600273920736,3,"[133, 141, 378]","[2940, 2823, 489]"
418,7,222,212,0.0009206000273920757,4.400000000021574e-07,3,"[133, 141, 378]","[3300, 2068, 943]"
419,7,222,212,0.0009209500273920775,3.500000000017161e-07,3,"[133, 141, 378]","[3289, 1734, 1201]"
420,7,222,212,0.0009213000273920792,3.500000000017161e-07,3,"[133, 141, 378]","[3364, 1387, 1480]"
421,7,222,212,0.0009217500273920814,4.5000000000220645e-07,3,"[133, 141, 378]","[3385, 1180, 1707]"
422,7,223,212,0.0009198112507054578,0.0009198112507054578,3,"[133, 141, 378]","[6272, 12, 3]"
423,7,223,212,0.0009204212507054608,6.10000000002991e-07,3,"[133, 141, 378]","[6257, 39, 21]"
424,7,223,212,0.0009212512507054648,8.300000000040697e-07,3,"[133, 141, 378]","[5970, 88, 91]"
425,7,224,212,0.0009191468392367306,0.0009191468392367306,1,[133],[6287]
426,7,224,212,0.0009198268392367339,6.800000000033342e-07,1,[133],[6250]
427,7,224,213,0.0009203841540926524,0.0009203841540926524,1,[133],[6251]
428,7,225,212,0.0009186548532478227,0.0009186548532478227,1,[133],[6282]
429,7,225,212,0.0009198848532478288,1.230000000006031e-06,1,[133],[6243]
430,7,225,213,0.0009186763610919686,0.0009186763610919686,1,[133],[6288]
431,7,226,212,0.0009185503216833246,0.0009185503216833246,1,[133],[6268]
432,7,226,213,0.0009176203897917004,0.0009176203897917004,1,[133],[6255]
433,7,226,213,0.0009184903897917047,8.700000000042658e-07,1,[133],[6254]
434,7,227,213,0.000916789157139944,0.000916789157139944,1,[133],[6332]
435,7,227,213,0.0009174291571399471,6.400000000031381e-07,1,[133],[6192]
436,7,227,213,0.000918829157139954,1.4000000000068645e-06,1,[133],[6226]
437,7,228,213,0.0009160546102931917,0.0009160546102931917,1,[133],[6293]
438,7,228,213,0.0009166846102931947,6.30000000003089e-07,1,[133],[6220]
439,7,228,213,0.0009178146102932003,1.1300000000055406e-06,1,[133],[6243]
440,7,229,213,0.000915444069441171,0.000915444069441171,1,[133],[6256]
441,7,229,213,0.0009161940694411747,7.500000000036774e-07,1,[133],[6309]
442,7,229,214,0.0009163729925781734,0.0009163729925781734,1,[133],[6250]
443,7,230,213,0.0009149497623558623,0.0009149497623558623,1,[133],[6268]
444,7,230,213,0.000916709762355871,1.7600000000086297e-06,1,[133],[6236]
445,7,230,214,0.0009148454959129312,0.0009148454959129312,1,[133],[6280]
446,7,231,213,0.0009149320419442671,0.0009149320419442671,1,[133],[6270]
447,7,231,214,0.0009138795576077233,0.0009138795576077233,1,[133],[6323]
448,7,231,214,0.000914649557607727,7.700000000037755e-07,1,[133],[6206]
449,7,232,214,0.0009130467626856463,0.0009130467626856463,1,[133],[6313]
450,7,232,214,0.0009136867626856495,6.400000000031381e-07,1,[133],[6209]
451,7,232,214,0.0009148767626856553,1.1900000000058348e-06,1,[133],[6236]
452,7,233,214,0.0009123509346356004,0.0009123509346356004,1,[133],[6316]
453,7,233,214,0.0009130009346356036,6.500000000031871e-07,1,[133],[6254]
454,7,233,214,0.0009142909346356099,1.2900000000063251e-06,1,[133],[6182]
455,7,234,214,0.0009118078397593956,0.0009118078397593956,1,[133],[6260]
456,7,234,214,0.0009126778397593999,8.700000000042658e-07,1,[133],[6290]
457,7,234,215,0.0009126297478074097,0.0009126297478074097,1,[133],[6259]
458,7,235,214,0.000911294566556858,0.000911294566556858,1,[133],[6250]
459,7,235,215,0.0009110784410068523,0.0009110784410068523,1,[133],[6288]
460,7,236,214,0.0009115616459363399,0.0009115616459363399,1,[133],[6258]
461,7,236,215,0.0009100602136280898,0.0009100602136280898,1,[133],[6251]
462,7,236,215,0.0009108302136280936,7.700000000037755e-07,1,[133],[6308]
463,7,237,215,0.000909210664528429,0.000909210664528429,1,[133],[6300]
464,7,237,215,0.0009098606645284321,6.500000000031871e-07,1,[133],[6288]
465,7,237,215,0.0009112306645284389,1.3700000000067174e-06,1,[133],[6166]
466,7,238,215,0.0009084788586383768,0.0009084788586383768,1,[133],[6319]
467,7,238,215,0.00090914885863838,6.700000000032852e-07,1,[133],[6219]
468,7,239,215,0.000907833629979459,0.000907833629979459,1,[133],[6277]
469,7,239,215,0.0009087036299794633,8.700000000042658e-07,1,[133],[6246]
470,7,239,216,0.0009083854096449891,0.0009083854096449891,1,[133],[6274]
471,7,240,215,0.0009074577730010218,0.0009074577730010218,1,[133],[6323]
472,7,240,216,0.0009070806797559338,0.0009070806797559338,1,[133],[6311]
473,7,240,216,0.0009083806797559402,1.3000000000063742e-06,1,[133],[6205]
474,7,241,216,0.0009060947807009784,0.0009060947807009784,1,[133],[6266]
475,7,241,216,0.0009068347807009821,7.400000000036284e-07,1,[133],[6256]
476,7,242,216,0.0009052589848648488,0.0009052589848648488,1,[133],[6261]
477,7,242,216,0.000905918984864852,6.600000000032361e-07,2,"[133, 140]","[6287, 1]"
478,7,242,216,0.0009072589848648586,1.3400000000065703e-06,1,[133],[6215]
479,7,243,216,0.0009044469574648618,0.0009044469574648618,3,"[133, 139, 140]","[5504, 171, 590]"
480,7,243,216,0.000905106957464865,6.600000000032361e-07,3,"[133, 139, 140]","[5981, 28, 277]"
481,7,243,216,0.0009062169574648705,1.1100000000054426e-06,3,"[133, 139, 140]","[6093, 11, 113]"
482,7,244,216,0.0009036609392435,0.0009036609392435,3,"[133, 139, 140]","[4112, 1426, 734]"
483,7,244,216,0.0009042009392435026,5.400000000026477e-07,3,"[133, 139, 140]","[3880, 1277, 1140]"
484,7,244,216,0.0009048209392435056,6.2000000000304e-07,3,"[133, 139, 140]","[3818, 999, 1376]"
485,7,244,217,0.0009039203231028519,0.0009039203231028519,3,"[133, 139, 140]","[4528, 1179, 590]"
486,7,244,217,0.0009051403231028579,1.220000000005982e-06,3,"[133, 139, 140]","[3929, 992, 1286]"
487,7,245,216,0.0009034580661725488,0.0009034580661725488,3,"[133, 139, 140]","[5982, 249, 27]"
488,7,245,217,0.0009030081790866073,0.0009030081790866073,3,"[133, 139, 140]","[6204, 64, 5]"
489,7,245,217,0.0009039081790866117,9.000000000044129e-07,3,"[133, 139, 140]","[6012, 249, 22]"
490,7,246,217,0.0009020311268366432,0.0009020311268366432,1,[133],[6267]
491,7,246,217,0.0009027111268366465,6.800000000033342e-07,1,[133],[6324]
492,7,247,217,0.0009011979708221434,0.0009011979708221434,1,[133],[6299]
493,7,247,217,0.0009018179708221465,6.2000000000304e-07,1,[133],[6225]
494,7,247,217,0.000902737970822151,9.20000000004511e-07,1,[133],[6248]
495,7,248,217,0.0009004545684364911,0.0009004545684364911,2,"[133, 138]","[6173, 104]"
496,7,248,217,0.0009011245684364944,6.700000000032852e-07,2,"[133, 138]","[6221, 27]"
497,7,248,217,0.000902674568436502,1.5500000000076e-06,2,"[133, 138]","[6220, 5]"
498,7,249,217,0.000899706674114242,0.000899706674114242,2,"[133, 138]","[5025, 1228]"
499,7,249,217,0.0009004266741142455,7.200000000035303e-07,2,"[133, 138]","[5210, 1076]"
500,7,249,218,0.0008998928018522637,0.0008998928018522637,2,"[133, 138]","[4856, 1403]"
501,7,250,217,0.0008994221144501474,0.0008994221144501474,2,"[133, 138]","[6054, 242]"
502,7,250,218,0.0008990086770295584,0.0008990086770295584,2,"[133, 138]","[6219, 89]"
503,7,250,218,0.0009000686770295636,1.0600000000051974e-06,2,"[133, 138]","[5793, 405]"
504,7,251,218,0.0008980221613961377,0.0008980221613961377,2,"[133, 137]","[6279, 38]"
505,7,251,218,0.0008987621613961414,7.400000000036284e-07,2,"[133, 137]","[6200, 3]"
506,7,252,218,0.000897024231847145,0.000897024231847145,2,"[133, 137]","[4514, 1797]"
507,7,252,218,0.0008976042318471478,5.800000000028439e-07,2,"[133, 137]","[4975, 1245]"
508,7,252,218,0.0008983042318471512,7.000000000034323e-07,2,"[133, 137]","[5570, 686]"
509,7,253,218,0.0008963596280569339,0.0008963596280569339,2,"[133, 137]","[5813, 462]"
510,7,253,218,0.0008970196280569372,6.600000000032361e-07,2,"[133, 137]","[5329, 978]"
511,7,253,218,0.0008980196280569421,1.0000000000049032e-06,2,"[133, 137]","[4705, 1463]"
512,7,254,218,0.0008956414023850936,0.0008956414023850936,1,[133],[6303]
513,7,254,218,0.000896531402385098,8.900000000043639e-07,2,"[133, 137]","[6213, 2]"
514,7,254,219,0.0008962112115501752,0.0008962112115501752,1,[133],[6268]
515,7,255,218,0.0008951193685868849,0.0008951193685868849,1,[133],[6273]
516,7,255,219,0.0008947745249388255,0.0008947745249388255,1,[133],[6291]
517,7,255,219,0.0008963745249388333,1.6000000000078451e-06,1,[133],[6210]
518,7,256,218,0.0008960317290736541,0.0008960317290736541,1,[133],[6250]
519,7,256,219,0.0008936716519460678,0.0008936716519460678,1,[133],[6321]
520,7,256,219,0.0008944616519460717,7.900000000038735e-07,1,[133],[6250]
521,7,257,219,0.0008927206169326529,0.0008927206169326529,1,[133],[6259]
522,7,257,219,0.0008934106169326563,6.900000000033832e-07,1,[133],[6280]
523,7,257,219,0.0008953206169326657,1.910000000009365e-06,1,[133],[6213]
524,7,258,219,0.0008918719394516924,0.0008918719394516924,1,[133],[6306]
525,7,258,219,0.0008925619394516957,6.900000000033832e-07,1,[133],[6219]
526,7,259,219,0.0008911298922316282,0.0008911298922316282,1,[133],[6265]
527,7,259,219,0.0008920498922316327,9.20000000004511e-07,1,[133],[6260]
528,7,259,220,0.0008916534467652912,0.0008916534467652912,1,[133],[6273]
529,7,260,219,0.0008906548542291475,0.0008906548542291475,1,[133],[6258]
530,7,260,220,0.0008902738275396328,0.0008902738275396328,1,[133],[6328]
531,7,260,220,0.00089174382753964,1.4700000000072077e-06,1,[133],[6191]
532,7,261,220,0.0008891447674778632,0.0008891447674778632,1,[133],[6309]
533,7,261,220,0.0008899047674778669,7.600000000037264e-07,1,[133],[6241]
534,7,262,220,0.0008882048453316855,0.0008882048453316855,1,[133],[6299]
535,7,262,220,0.0008888748453316888,6.700000000032852e-07,1,[133],[6258]
536,7,262,220,0.0008904048453316963,1.530000000007502e-06,1,[133],[6198]
537,7,263,220,0.0008873770353130333,0.0008873770353130333,1,[133],[6298]
538,7,263,220,0.0008880770353130367,7.000000000034323e-07,1,[133],[6258]
539,7,264,220,0.0008867184481445947,0.0008867184481445947,1,[133],[6293]
540,7,264,220,0.0008877984481446,1.0800000000052955e-06,1,[133],[6226]
541,7,264,221,0.0008871874032932082,0.0008871874032932082,1,[133],[6277]
542,7,265,220,0.0008862750827658202,0.0008862750827658202,1,[133],[6253]
543,7,265,221,0.0008857227469659948,0.0008857227469659948,1,[133],[6296]
544,7,265,221,0.0008871427469660018,1.4200000000069626e-06,1,[133],[6219]
545,7,266,221,0.0008846500183313249,0.0008846500183313249,1,[133],[6313]
546,7,266,221,0.0008853900183313285,7.400000000036284e-07,1,[133],[6240]
547,7,267,221,0.000883729913008274,0.000883729913008274,1,[133],[6305]
548,7,267,221,0.0008844199130082774,6.900000000033832e-07,1,[133],[6218]
549,7,268,221,0.0008829182622160235,0.0008829182622160235,1,[133],[6272]
550,7,268,221,0.0008836982622160274,7.800000000038245e-07,1,[133],[6259]
551,7,269,221,0.0008823119893817763,0.0008823119893817763,1,[133],[6315]
552,7,269,221,0.0008838419893817838,1.530000000007502e-06,1,[133],[6191]
553,7,269,222,0.0008823824967816153,0.0008823824967816153,1,[133],[6289]
554,7,270,221,0.0008820207888570259,0.0008820207888570259,2,"[133, 136]","[6238, 23]"
555,7,270,222,0.0008811232609545046,0.0008811232609545046,2,"[133, 136]","[6179, 142]"
556,7,270,222,0.0008820432609545091,9.20000000004511e-07,2,"[133, 136]","[6174, 38]"
557,7,271,221,0.0008813987368732154,0.0008813987368732154,2,"[133, 136]","[3451, 2802]"
558,7,271,222,0.0008797149427415016,0.0008797149427415016,2,"[133, 136]","[3329, 3004]"
559,7,271,222,0.0008801449427415037,4.300000000021084e-07,2,"[133, 136]","[3182, 3064]"
560,7,271,222,0.0008804849427415054,3.400000000016671e-07,2,"[133, 136]","[3067, 3127]"
561,7,271,222,0.0008808349427415071,3.500000000017161e-07,2,"[133, 136]","[2996, 3323]"
562,7,271,222,0.0008812649427415092,4.300000000021084e-07,2,"[133, 136]","[2887, 3344]"
563,7,272,221,0.0008806716348747065,0.0008806716348747065,2,"[133, 136]","[1355, 4937]"
564,7,272,222,0.000878904358025319,0.000878904358025319,2,"[133, 136]","[3623, 2712]"
565,7,272,222,0.000879294358025321,3.9000000000191225e-07,2,"[133, 136]","[2989, 3185]"
566,7,272,222,0.0008795943580253224,3.0000000000147097e-07,2,"[133, 136]","[2757, 3666]"
567,7,272,222,0.0008798543580253237,2.6000000000127484e-07,2,"[133, 136]","[2329, 3881]"
568,7,272,222,0.0008801043580253249,2.500000000012258e-07,2,"[133, 136]","[1942, 4261]"
569,7,272,222,0.0008803743580253262,2.7000000000132387e-07,2,"[133, 136]","[1673, 4665]"
570,7,272,222,0.0008806743580253277,3.0000000000147097e-07,2,"[133, 136]","[1414, 4746]"
571,7,272,222,0.0008810943580253298,4.2000000000205935e-07,2,"[133, 136]","[977, 5270]"
572,7,272,223,0.0008804774233792413,0.0008804774233792413,2,"[133, 136]","[3044, 3216]"
573,7,273,222,0.0008783973596963963,0.0008783973596963963,2,"[133, 136]","[5964, 360]"
574,7,273,222,0.0008790673596963996,6.700000000032852e-07,2,"[133, 136]","[5094, 1129]"
575,7,273,222,0.000879967359696404,9.000000000044129e-07,2,"[133, 136]","[4024, 2188]"
576,7,273,223,0.0008793845355323778,0.0008793845355323778,2,"[133, 136]","[5833, 438]"
577,7,274,222,0.0008777361257014272,0.0008777361257014272,3,"[133, 135, 136]","[6275, 1, 1]"
578,7,274,222,0.0008798461257014375,2.1100000000103458e-06,2,"[133, 136]","[6214, 10]"
579,7,274,223,0.000877750556740591,0.000877750556740591,2,"[133, 135]","[6257, 6]"
580,7,275,222,0.0008771379716829875,0.0008771379716829875,3,"[133, 135, 380]","[5595, 690, 5]"
581,7,275,223,0.0008761797647667094,0.0008761797647667094,5,"[133, 134, 135, 380, 381]","[4210, 1, 2075, 6, 2]"
582,7,275,223,0.0008770097647667135,8.300000000040697e-07,4,"[133, 135, 380, 381]","[5809, 429, 1, 1]"
583,7,276,222,0.0008766580582541872,0.0008766580582541872,5,"[133, 134, 135, 380, 381]","[4087, 34, 2137, 11, 2]"
584,7,276,223,0.0008751284251738674,0.0008751284251738674,5,"[133, 134, 135, 380, 381]","[3989, 253, 1993, 31, 3]"
585,7,276,223,0.0008756284251738699,5.000000000024516e-07,4,"[133, 134, 135, 380]","[3964, 75, 2222, 14]"
586,7,276,223,0.0008761284251738723,5.000000000024516e-07,5,"[133, 134, 135, 380, 381]","[4168, 26, 2059, 10, 1]"
587,7,276,223,0.0008770584251738769,9.3000000000456e-07,4,"[133, 134, 135, 380]","[4555, 9, 1631, 4]"
588,7,277,223,0.0008743473662985226,0.0008743473662985226,3,"[133, 134, 135]","[5140, 1183, 10]"
589,7,277,223,0.0008748773662985252,5.300000000025987e-07,4,"[133, 134, 135, 380]","[4731, 1422, 36, 1]"
590,7,277,223,0.0008754673662985281,5.900000000028929e-07,3,"[133, 134, 135]","[4775, 1388, 88]"
591,7,278,223,0.0008736049643243782,0.0008736049643243782,3,"[1, 133, 134]","[57, 6191, 26]"
592,7,278,223,0.0008742849643243815,6.800000000033342e-07,3,"[1, 133, 134]","[1, 6138, 141]"
593,7,278,223,0.000875794964324389,1.5100000000074039e-06,3,"[1, 133, 134]","[1, 5688, 513]"
594,7,279,223,0.0008723237829564209,0.0008723237829564209,2,"[1, 133]","[4076, 2239]"
595,7,279,223,0.0008728937829564237,5.700000000027948e-07,2,"[1, 133]","[2880, 3371]"
596,7,279,223,0.0008735337829564268,6.400000000031381e-07,2,"[1, 133]","[1659, 4553]"
597,7,279,224,0.0008716689208856076,0.0008716689208856076,2,"[1, 133]","[6037, 240]"
598,7,279,224,0.0008719989208856092,3.3000000000161806e-07,2,"[1, 133]","[5852, 372]"
599,7,279,224,0.0008722589208856105,2.6000000000127484e-07,2,"[1, 133]","[5914, 495]"
600,7,279,224,0.0008724889208856116,2.3000000000112774e-07,2,"[1, 133]","[5567, 626]"
601,7,279,224,0.0008727389208856128,2.500000000012258e-07,2,"[1, 133]","[5504, 855]"
602,7,279,224,0.0008730189208856142,2.800000000013729e-07,2,"[1, 133]","[4994, 1049]"
603,7,279,224,0.0008734789208856165,4.600000000022555e-07,2,"[1, 133]","[4719, 1577]"
604,7,279,225,0.000871679801275363,0.000871679801275363,2,"[1, 133]","[6355, 1]"
605,7,279,225,0.0008720098012753646,3.3000000000161806e-07,2,"[1, 133]","[6324, 1]"
606,7,279,225,0.0008722598012753658,2.500000000012258e-07,2,"[1, 133]","[6142, 2]"
607,7,279,225,0.000872489801275367,2.3000000000112774e-07,2,"[1, 133]","[6193, 1]"
608,7,279,225,0.0008727398012753682,2.500000000012258e-07,2,"[1, 133]","[6304, 5]"
609,7,279,225,0.0008730598012753698,3.2000000000156903e-07,2,"[1, 133]","[6302, 5]"
610,7,279,225,0.0008737798012753733,7.200000000035303e-07,2,"[1, 133]","[6118, 9]"
611,7,279,226,0.0008719047516426383,0.0008719047516426383,1,[1],[6402]
612,7,279,226,0.0008722347516426399,3.3000000000161806e-07,1,[1],[6296]
613,7,279,226,0.0008724847516426411,2.500000000012258e-07,1,[1],[6274]
614,7,279,226,0.0008727147516426422,2.3000000000112774e-07,1,[1],[6248]
615,7,279,226,0.0008729547516426434,2.4000000000117677e-07,1,[1],[6264]
616,7,279,226,0.0008732347516426448,2.800000000013729e-07,1,[1],[6175]
617,7,279,226,0.0008736647516426469,4.300000000021084e-07,1,[1],[6102]
618,7,279,227,0.0008722883763348606,0.0008722883763348606,1,[1],[6390]
619,7,279,227,0.0008726083763348621,3.2000000000156903e-07,1,[1],[6110]
620,7,279,227,0.0008728683763348634,2.6000000000127484e-07,1,[1],[6289]
621,7,279,227,0.0008730983763348645,2.3000000000112774e-07,1,[1],[6271]
622,7,279,227,0.0008733383763348657,2.4000000000117677e-07,1,[1],[6331]
623,7,279,227,0.0008736183763348671,2.800000000013729e-07,1,[1],[6191]
624,7,279,227,0.0008740483763348692,4.300000000021084e-07,1,[1],[6174]
625,7,279,228,0.0008727342815510328,0.0008727342815510328,1,[1],[6377]
626,7,279,228,0.0008730942815510346,3.6000000000176516e-07,1,[1],[6244]
627,7,279,228,0.000873374281551036,2.800000000013729e-07,1,[1],[6197]
628,7,279,228,0.0008736542815510373,2.800000000013729e-07,1,[1],[6362]
629,7,279,228,0.0008739642815510389,3.1000000000152e-07,1,[1],[6101]
630,7,279,228,0.0008745242815510416,5.600000000027458e-07,1,[1],[6251]
631,7,279,229,0.0008731748593519213,0.0008731748593519213,1,[1],[6290]
632,7,279,229,0.0008735748593519233,4.000000000019613e-07,1,[1],[6240]
633,7,279,229,0.000873914859351925,3.400000000016671e-07,1,[1],[6324]
634,7,279,229,0.0008743048593519269,3.9000000000191225e-07,1,[1],[6212]
635,7,279,229,0.0008752348593519314,9.3000000000456e-07,1,[1],[6184]
636,7,279,230,0.0008735790482400803,0.0008735790482400803,1,[1],[6296]
637,7,279,230,0.0008740190482400825,4.400000000021574e-07,1,[1],[6338]
638,7,279,230,0.0008744190482400844,4.000000000019613e-07,1,[1],[6148]
639,7,279,230,0.0008750890482400877,6.700000000032852e-07,1,[1],[6270]
640,7,279,231,0.000874003803121273,0.000874003803121273,1,[1],[6317]
641,7,279,231,0.0008745138031212755,5.100000000025006e-07,1,[1],[6275]
642,7,279,231,0.0008751538031212786,6.400000000031381e-07,1,[1],[6161]
643,7,279,232,0.0008744345643239249,0.0008744345643239249,1,[1],[6303]
644,7,279,232,0.0008751245643239283,6.900000000033832e-07,1,[1],[6254]
645,7,279,233,0.0008749473292211532,0.0008749473292211532,1,[1],[6284]
646,7,279,234,0.0008759839270127385,0.0008759839270127385,1,[1],[6267]
647,7,280,223,0.0008723167769321336,0.0008723167769321336,2,"[1, 133]","[5435, 860]"
648,7,280,223,0.0008731167769321375,8.000000000039226e-07,2,"[1, 133]","[4948, 1292]"
649,7,280,224,0.0008716460091461974,0.0008716460091461974,2,"[1, 133]","[6262, 130]"
650,7,280,224,0.0008719660091461989,3.2000000000156903e-07,2,"[1, 133]","[6153, 142]"
651,7,280,224,0.0008722060091462001,2.4000000000117677e-07,2,"[1, 133]","[6108, 211]"
652,7,280,224,0.0008724260091462012,2.200000000010787e-07,2,"[1, 133]","[5949, 216]"
653,7,280,224,0.0008726460091462023,2.200000000010787e-07,2,"[1, 133]","[5878, 261]"
654,7,280,224,0.0008729160091462036,2.7000000000132387e-07,2,"[1, 133]","[6099, 302]"
655,7,280,224,0.0008732960091462055,3.800000000018632e-07,2,"[1, 133]","[5729, 366]"
656,7,280,225,0.0008717486838624517,0.0008717486838624517,2,"[1, 133]","[6260, 2]"
657,7,280,225,0.0008721086838624534,3.6000000000176516e-07,2,"[1, 133]","[6364, 2]"
658,7,280,225,0.0008723986838624549,2.9000000000142193e-07,1,[1],[6169]
659,7,280,225,0.0008726986838624563,3.0000000000147097e-07,2,"[1, 133]","[6350, 3]"
660,7,280,225,0.0008730686838624582,3.700000000018142e-07,2,"[1, 133]","[6108, 2]"
661,7,280,226,0.0008721221156374641,0.0008721221156374641,1,[1],[6273]
662,7,280,226,0.0008725621156374663,4.400000000021574e-07,1,[1],[6242]
663,7,280,226,0.0008729721156374683,4.100000000020103e-07,1,[1],[6237]
664,7,280,226,0.0008736021156374714,6.30000000003089e-07,1,[1],[6295]
665,7,280,227,0.0008726258321518042,0.0008726258321518042,1,[1],[6296]
666,7,280,227,0.0008731158321518066,4.900000000024026e-07,1,[1],[6291]
667,7,280,227,0.000873615832151809,5.000000000024516e-07,1,[1],[6214]
668,7,280,228,0.0008729562130162501,0.0008729562130162501,1,[1],[6297]
669,7,280,228,0.0008734062130162523,4.5000000000220645e-07,1,[1],[6257]
670,7,280,228,0.0008738362130162544,4.300000000021084e-07,1,[1],[6253]
671,7,280,228,0.0008746062130162582,7.700000000037755e-07,1,[1],[6214]
672,7,280,229,0.000873214523174536,0.000873214523174536,1,[1],[6355]
673,7,280,229,0.000873614523174538,4.000000000019613e-07,1,[1],[6283]
674,7,280,229,0.0008739545231745396,3.400000000016671e-07,1,[1],[6126]
675,7,280,229,0.0008743645231745416,4.100000000020103e-07,1,[1],[6270]
676,7,280,230,0.0008734759521751267,0.0008734759521751267,1,[1],[6343]
677,7,280,230,0.0008738559521751286,3.800000000018632e-07,1,[1],[6191]
678,7,280,230,0.0008741659521751301,3.1000000000152e-07,1,[1],[6275]
679,7,280,230,0.0008745059521751317,3.400000000016671e-07,1,[1],[6235]
680,7,280,230,0.0008749959521751341,4.900000000024026e-07,1,[1],[6255]
681,7,280,231,0.0008737569675488933,0.0008737569675488933,1,[1],[6269]
682,7,280,231,0.0008741269675488951,3.700000000018142e-07,1,[1],[6236]
683,7,280,231,0.0008744369675488966,3.1000000000152e-07,1,[1],[6400]
684,7,280,231,0.0008747469675488981,3.1000000000152e-07,1,[1],[6151]
685,7,280,231,0.0008751669675489002,4.2000000000205935e-07,1,[1],[6206]
686,7,280,232,0.0008739835777054698,0.0008739835777054698,1,[1],[6334]
687,7,280,232,0.0008743335777054715,3.500000000017161e-07,1,[1],[6303]
688,7,280,232,0.0008746135777054729,2.800000000013729e-07,1,[1],[6280]
689,7,280,232,0.0008748835777054742,2.7000000000132387e-07,1,[1],[6210]
690,7,280,232,0.0008751935777054757,3.1000000000152e-07,1,[1],[6322]
691,7,280,232,0.0008757435777054784,5.500000000026968e-07,1,[1],[6080]
692,7,280,233,0.0008742033635098428,0.0008742033635098428,1,[1],[6252]
693,7,280,233,0.0008745433635098445,3.400000000016671e-07,1,[1],[6254]
694,7,280,233,0.0008748133635098458,2.7000000000132387e-07,1,[1],[6433]
695,7,280,233,0.000875053363509847,2.4000000000117677e-07,1,[1],[6171]
696,7,280,233,0.0008753133635098483,2.6000000000127484e-07,1,[1],[6167]
697,7,280,233,0.00087567336350985,3.6000000000176516e-07,1,[1],[6270]
698,7,280,234,0.0008744465548512039,0.0008744465548512039,1,[1],[6290]
699,7,280,234,0.0008747765548512055,3.3000000000161806e-07,1,[1],[6280]
700,7,280,234,0.0008750265548512067,2.500000000012258e-07,1,[1],[6336]
701,7,280,234,0.0008752565548512079,2.3000000000112774e-07,1,[1],[6263]
702,7,280,234,0.000875486554851209,2.3000000000112774e-07,1,[1],[6186]
703,7,280,234,0.0008757665548512104,2.800000000013729e-07,1,[1],[6313]
704,7,280,234,0.0008762065548512125,4.400000000021574e-07,1,[1],[6159]
705,7,280,235,0.000874793281201544,0.000874793281201544,1,[1],[6268]
706,7,280,235,0.0008751332812015457,3.400000000016671e-07,1,[1],[6253]
707,7,280,235,0.000875403281201547,2.7000000000132387e-07,1,[1],[6323]
708,7,280,235,0.0008756432812015482,2.4000000000117677e-07,1,[1],[6178]
709,7,280,235,0.0008759132812015495,2.7000000000132387e-07,1,[1],[6428]
710,7,280,235,0.0008762532812015512,3.400000000016671e-07,1,[1],[6174]
711,7,280,235,0.0008775632812015576,1.3100000000064232e-06,1,[1],[6127]
712,7,280,236,0.0008751925880588499,0.0008751925880588499,1,[1],[6338]
713,7,280,236,0.0008755525880588516,3.6000000000176516e-07,1,[1],[6275]
714,7,280,236,0.000875832588058853,2.800000000013729e-07,1,[1],[6171]
715,7,280,236,0.0008761225880588544,2.9000000000142193e-07,1,[1],[6373]
716,7,280,236,0.0008764625880588561,3.400000000016671e-07,1,[1],[6218]
717,7,280,236,0.0008771425880588594,6.800000000033342e-07,1,[1],[6127]
718,7,280,237,0.0008755537857849094,0.0008755537857849094,1,[1],[6320]
719,7,280,237,0.0008759437857849113,3.9000000000191225e-07,1,[1],[6367]
720,7,280,237,0.0008762537857849128,3.1000000000152e-07,1,[1],[6112]
721,7,280,237,0.0008766037857849146,3.500000000017161e-07,1,[1],[6282]
722,7,280,237,0.0008771537857849173,5.500000000026968e-07,1,[1],[6184]
723,7,280,238,0.0008759973944175028,0.0008759973944175028,1,[1],[6371]
724,7,280,238,0.000876447394417505,4.5000000000220645e-07,1,[1],[6159]
725,7,280,238,0.0008769273944175073,4.800000000023535e-07,1,[1],[6316]
726,7,280,239,0.000876505693173535,0.000876505693173535,1,[1],[6305]
727,7,280,239,0.0008771556931735382,6.500000000031871e-07,1,[1],[6264]
728,7,280,240,0.0008771377575341889,0.0008771377575341889,1,[1],[6296]
729,7,280,241,0.000879389876303965,0.000879389876303965,1,[1],[6251]
730,7,281,235,0.0008761378888199256,0.0008761378888199256,1,[1],[6277]
731,7,281,236,0.0008758457991847374,0.0008758457991847374,1,[1],[6333]
732,7,281,236,0.0008768357991847422,9.900000000048542e-07,1,[1],[6194]
733,7,281,237,0.0008758460684212809,0.0008758460684212809,1,[1],[6326]
734,7,281,237,0.0008763560684212834,5.100000000025006e-07,1,[1],[6176]
735,7,281,237,0.0008770260684212867,6.700000000032852e-07,1,[1],[6283]
736,7,281,238,0.0008759751983059876,0.0008759751983059876,1,[1],[6311]
737,7,281,238,0.0008763951983059897,4.2000000000205935e-07,1,[1],[6303]
738,7,281,238,0.0008767851983059916,3.9000000000191225e-07,1,[1],[6189]
739,7,281,238,0.0008773551983059944,5.700000000027948e-07,1,[1],[6229]
740,7,281,239,0.0008761646115147624,0.0008761646115147624,1,[1],[6328]
741,7,281,239,0.0008765446115147642,3.800000000018632e-07,1,[1],[6178]
742,7,281,239,0.0008768646115147658,3.2000000000156903e-07,1,[1],[6276]
743,7,281,239,0.0008772046115147675,3.400000000016671e-07,1,[1],[6289]
744,7,281,239,0.00087771461151477,5.100000000025006e-07,1,[1],[6241]
745,7,281,240,0.0008764092878207013,0.0008764092878207013,1,[1],[6306]
746,7,281,240,0.000876759287820703,3.500000000017161e-07,1,[1],[6251]
747,7,281,240,0.0008770492878207044,2.9000000000142193e-07,1,[1],[6271]
748,7,281,240,0.0008773292878207058,2.800000000013729e-07,1,[1],[6227]
749,7,281,240,0.0008776492878207074,3.2000000000156903e-07,1,[1],[6263]
750,7,281,240,0.0008782392878207103,5.900000000028929e-07,1,[1],[6206]
751,7,281,241,0.0008767070882500901,0.0008767070882500901,1,[1],[6365]
752,7,281,241,0.0008770570882500918,3.500000000017161e-07,1,[1],[6202]
753,7,281,241,0.0008773370882500932,2.800000000013729e-07,1,[1],[6321]
754,7,281,241,0.0008776170882500945,2.800000000013729e-07,1,[1],[6298]
755,7,281,241,0.0008779370882500961,3.2000000000156903e-07,1,[1],[6152]
756,7,281,241,0.0008784970882500989,5.600000000027458e-07,1,[1],[6171]
757,7,281,242,0.0008769921547265356,0.0008769921547265356,1,[1],[6256]
758,7,281,242,0.0008773621547265374,3.700000000018142e-07,1,[1],[6408]
759,7,281,242,0.0008776521547265388,2.9000000000142193e-07,1,[1],[6172]
760,7,281,242,0.0008779321547265402,2.800000000013729e-07,1,[1],[6276]
761,7,281,242,0.0008782821547265419,3.500000000017161e-07,1,[1],[6215]
762,7,281,242,0.0008791021547265459,8.200000000040206e-07,1,[1],[6189]
763,7,281,243,0.0008773166496404716,0.0008773166496404716,1,[1],[6293]
764,7,281,243,0.0008776966496404734,3.800000000018632e-07,1,[1],[6268]
765,7,281,243,0.000878006649640475,3.1000000000152e-07,1,[1],[6367]
766,7,281,243,0.0008783266496404765,3.2000000000156903e-07,1,[1],[6083]
767,7,281,243,0.0008788066496404789,4.800000000023535e-07,1,[1],[6290]
768,7,281,244,0.0008776567768646921,0.0008776567768646921,1,[1],[6253]
769,7,281,244,0.0008780667768646941,4.100000000020103e-07,1,[1],[6282]
770,7,281,244,0.0008784267768646959,3.6000000000176516e-07,1,[1],[6337]
771,7,281,244,0.0008788267768646979,4.000000000019613e-07,1,[1],[6136]
772,7,281,245,0.0008780683758900341,0.0008780683758900341,1,[1],[6349]
773,7,281,245,0.0008785183758900363,4.5000000000220645e-07,1,[1],[6295]
774,7,281,245,0.0008789383758900384,4.2000000000205935e-07,1,[1],[6127]
775,7,281,245,0.0008798383758900428,9.000000000044129e-07,1,[1],[6256]
776,7,281,246,0.0008785274040120794,0.0008785274040120794,1,[1],[6310]
777,7,281,246,0.000879067404012082,5.400000000026477e-07,1,[1],[6190]
778,7,281,246,0.0008799174040120862,8.500000000041677e-07,1,[1],[6257]
779,7,281,247,0.0008790388734216586,0.0008790388734216586,1,[1],[6275]
780,7,281,247,0.000879938873421663,9.000000000044129e-07,1,[1],[6241]
781,7,281,248,0.0008797902757817453,0.0008797902757817453,1,[1],[6290]
782,7,282,243,0.0008782099982003426,0.0008782099982003426,1,[1],[6299]
783,7,282,244,0.0008781561562215963,0.0008781561562215963,1,[1],[6282]
784,7,282,244,0.0008790161562216005,8.600000000042168e-07,1,[1],[6258]
785,7,282,245,0.0008782341274757676,0.0008782341274757676,1,[1],[6271]
786,7,282,245,0.0008787941274757703,5.600000000027458e-07,1,[1],[6293]
787,7,282,245,0.0008796941274757747,9.000000000044129e-07,1,[1],[6187]
788,7,282,246,0.0008783947270036155,0.0008783947270036155,1,[1],[6253]
789,7,282,246,0.0008788447270036177,4.5000000000220645e-07,1,[1],[6266]
790,7,282,246,0.0008792747270036198,4.300000000021084e-07,1,[1],[6239]
791,7,282,246,0.0008800347270036236,7.600000000037264e-07,1,[1],[6253]
792,7,282,247,0.0008786224688947,0.0008786224688947,1,[1],[6354]
793,7,282,247,0.000879022468894702,4.000000000019613e-07,1,[1],[6250]
794,7,282,247,0.0008793724688947037,3.500000000017161e-07,1,[1],[6327]
795,7,282,247,0.0008797824688947057,4.100000000020103e-07,1,[1],[6192]
796,7,282,248,0.0008788675847903305,0.0008788675847903305,1,[1],[6267]
797,7,282,248,0.0008792575847903324,3.9000000000191225e-07,1,[1],[6345]
798,7,282,248,0.000879577584790334,3.2000000000156903e-07,1,[1],[6221]
799,7,282,248,0.0008799375847903357,3.6000000000176516e-07,1,[1],[6226]
800,7,282,248,0.0008805475847903387,6.10000000002991e-07,1,[1],[6251]
801,7,282,249,0.0008790936739709478,0.0008790936739709478,4,"[1, 130, 131, 385]","[6287, 5, 9, 2]"
802,7,282,249,0.0008794836739709497,3.9000000000191225e-07,4,"[1, 130, 131, 385]","[6362, 14, 11, 3]"
803,7,282,249,0.0008797836739709512,3.0000000000147097e-07,4,"[1, 130, 131, 385]","[6039, 16, 13, 3]"
804,7,282,249,0.0008801036739709528,3.2000000000156903e-07,4,"[1, 130, 131, 385]","[6199, 19, 19, 8]"
805,7,282,249,0.000880553673970955,4.5000000000220645e-07,4,"[1, 130, 131, 385]","[6232, 26, 20, 5]"
806,7,282,250,0.0008793010418498071,0.0008793010418498071,4,"[1, 130, 131, 385]","[5400, 507, 374, 9]"
807,7,282,250,0.0008796410418498088,3.400000000016671e-07,5,"[1, 130, 131, 385, 386]","[5243, 577, 483, 10, 2]"
808,7,282,250,0.0008799110418498101,2.7000000000132387e-07,5,"[1, 130, 131, 385, 386]","[5164, 619, 576, 9, 1]"
809,7,282,250,0.0008801510418498113,2.4000000000117677e-07,5,"[1, 130, 131, 385, 386]","[4956, 662, 608, 10, 1]"
810,7,282,250,0.0008804110418498126,2.6000000000127484e-07,5,"[1, 130, 131, 385, 386]","[4714, 740, 668, 18, 1]"
811,7,282,250,0.0008807410418498142,3.3000000000161806e-07,4,"[1, 130, 131, 385]","[4639, 832, 742, 13]"
812,7,282,250,0.0008815810418498183,8.400000000041187e-07,5,"[1, 130, 131, 385, 386]","[4352, 905, 902, 21, 2]"
813,7,282,251,0.0008795831151438221,0.0008795831151438221,4,"[1, 130, 131, 385]","[5506, 408, 339, 1]"
814,7,282,251,0.0008799531151438239,3.700000000018142e-07,4,"[1, 130, 131, 385]","[5606, 394, 360, 1]"
815,7,282,251,0.0008802531151438254,3.0000000000147097e-07,3,"[1, 130, 131]","[5571, 398, 359]"
816,7,282,251,0.0008805431151438268,2.9000000000142193e-07,4,"[1, 130, 131, 385]","[5502, 348, 307, 1]"
817,7,282,251,0.0008809131151438286,3.700000000018142e-07,4,"[1, 130, 131, 385]","[5561, 327, 321, 1]"
818,7,282,252,0.0008799289984782206,0.0008799289984782206,1,[1],[6334]
819,7,282,252,0.0008803289984782225,4.000000000019613e-07,2,"[1, 131]","[6303, 2]"
820,7,282,252,0.0008806889984782243,3.6000000000176516e-07,3,"[1, 130, 131]","[6233, 1, 1]"
821,7,282,252,0.0008810989984782263,4.100000000020103e-07,2,"[1, 130]","[6163, 1]"
822,7,282,253,0.0008802313635691441,0.0008802313635691441,1,[1],[6301]
823,7,282,253,0.0008806613635691462,4.300000000021084e-07,1,[1],[6220]
824,7,282,253,0.0008810713635691482,4.100000000020103e-07,1,[1],[6266]
825,7,282,253,0.0008817413635691515,6.700000000032852e-07,1,[1],[6245]
826,7,282,254,0.0008805191595178802,0.0008805191595178802,1,[1],[6281]
827,7,282,254,0.0008809991595178826,4.800000000023535e-07,1,[1],[6327]
828,7,282,254,0.0008814791595178849,4.800000000023535e-07,1,[1],[6204]
829,7,282,255,0.0008808336171651108,0.0008808336171651108,1,[1],[6354]
830,7,282,255,0.0008813436171651133,5.100000000025006e-07,1,[1],[6189]
831,7,282,255,0.0008819936171651165,6.500000000031871e-07,1,[1],[6233]
832,7,282,256,0.000881193266997566,0.000881193266997566,1,[1],[6308]
833,7,282,256,0.000881793266997569,6.000000000029419e-07,1,[1],[6214]
834,7,282,257,0.0008815792863620459,0.0008815792863620459,1,[1],[6320]
835,7,282,257,0.0008823792863620498,8.000000000039226e-07,1,[1],[6190]
836,7,282,258,0.0008818899029127949,0.0008818899029127949,1,[1],[6259]
837,7,282,259,0.0008822325855743186,0.0008822325855743186,1,[1],[6275]
838,7,282,260,0.0008826511833110836,0.0008826511833110836,1,[1],[6258]
839,7,282,261,0.0008835017634538384,0.0008835017634538384,1,[1],[6253]
840,7,283,250,0.0008810246825297314,0.0008810246825297314,5,"[1, 130, 131, 385, 386]","[4688, 913, 589, 57, 4]"
841,7,283,251,0.0008806761711183079,0.0008806761711183079,4,"[1, 130, 131, 385]","[5708, 327, 221, 3]"
842,7,283,252,0.0008806119729109503,0.0008806119729109503,1,[1],[6301]
843,7,283,253,0.0008806144105269414,0.0008806144105269414,1,[1],[6311]
844,7,283,253,0.0008814344105269454,8.200000000040206e-07,1,[1],[6197]
845,7,283,254,0.0008806961283701186,0.0008806961283701186,1,[1],[6265]
846,7,283,254,0.0008812861283701215,5.900000000028929e-07,1,[1],[6248]
847,7,283,255,0.0008808271211969938,0.0008808271211969938,1,[1],[6272]
848,7,283,255,0.0008813371211969963,5.100000000025006e-07,1,[1],[6280]
849,7,283,255,0.0008819371211969992,6.000000000029419e-07,1,[1],[6276]
850,7,283,256,0.000881028240785314,0.000881028240785314,1,[1],[6301]
851,7,283,256,0.0008814882407853162,4.600000000022555e-07,1,[1],[6261]
852,7,283,256,0.0008819582407853185,4.700000000023045e-07,1,[1],[6208]
853,7,283,257,0.0008812230188219993,0.0008812230188219993,1,[1],[6292]
854,7,283,257,0.0008816530188220014,4.300000000021084e-07,1,[1],[6210]
855,7,283,257,0.0008820830188220035,4.300000000021084e-07,1,[1],[6336]
856,7,283,257,0.0008828330188220072,7.500000000036774e-07,1,[1],[6172]
857,7,283,258,0.0008814033073557988,0.0008814033073557988,1,[1],[6296]
858,7,283,258,0.0008818233073558009,4.2000000000205935e-07,1,[1],[6305]
859,7,283,258,0.0008822033073558027,3.800000000018632e-07,1,[1],[6266]
860,7,283,258,0.0008827333073558053,5.300000000025987e-07,1,[1],[6213]
861,7,283,259,0.0008815617418593325,0.0008815617418593325,1,[1],[6302]
862,7,283,259,0.0008819717418593345,4.100000000020103e-07,1,[1],[6343]
863,7,283,259,0.0008823217418593363,3.500000000017161e-07,1,[1],[6154]
864,7,283,259,0.0008827617418593384,4.400000000021574e-07,1,[1],[6291]
865,7,283,260,0.0008817398874633281,0.0008817398874633281,1,[1],[6262]
866,7,283,260,0.00088213988746333,4.000000000019613e-07,1,[1],[6274]
867,7,283,260,0.0008824898874633317,3.500000000017161e-07,1,[1],[6316]
868,7,283,260,0.0008828898874633337,4.000000000019613e-07,1,[1],[6220]
869,7,283,261,0.0008819305681755706,0.0008819305681755706,1,[1],[6327]
870,7,283,261,0.0008823405681755726,4.100000000020103e-07,1,[1],[6288]
871,7,283,261,0.0008826905681755743,3.500000000017161e-07,1,[1],[6286]
872,7,283,261,0.0008831105681755764,4.2000000000205935e-07,1,[1],[6184]
873,7,283,262,0.0008821048524187281,0.0008821048524187281,1,[1],[6263]
874,7,283,262,0.0008824948524187301,3.9000000000191225e-07,1,[1],[6278]
875,7,283,262,0.0008828448524187318,3.500000000017161e-07,1,[1],[6322]
876,7,283,262,0.0008832248524187336,3.800000000018632e-07,1,[1],[6164]
877,7,283,262,0.0008843348524187391,1.1100000000054426e-06,1,[1],[6224]
878,7,283,263,0.0008822791487404169,0.0008822791487404169,1,[1],[6301]
879,7,283,263,0.0008826691487404188,3.9000000000191225e-07,1,[1],[6214]
880,7,283,263,0.0008830091487404205,3.400000000016671e-07,1,[1],[6344]
881,7,283,263,0.0008833791487404223,3.700000000018142e-07,1,[1],[6162]
882,7,283,263,0.0008842691487404267,8.900000000043639e-07,1,[1],[6250]
883,7,283,264,0.0008824379640208496,0.0008824379640208496,2,"[1, 129]","[6161, 158]"
884,7,283,264,0.0008828279640208515,3.9000000000191225e-07,2,"[1, 129]","[6206, 172]"
885,7,283,264,0.0008831479640208531,3.2000000000156903e-07,2,"[1, 129]","[5931, 181]"
886,7,283,264,0.0008835079640208549,3.6000000000176516e-07,2,"[1, 129]","[6043, 208]"
887,7,283,264,0.000884157964020858,6.500000000031871e-07,2,"[1, 129]","[5975, 236]"
888,7,283,265,0.0008825670763851386,0.0008825670763851386,2,"[1, 129]","[5013, 1320]"
889,7,283,265,0.0008829370763851404,3.700000000018142e-07,2,"[1, 129]","[5026, 1284]"
890,7,283,265,0.0008832370763851419,3.0000000000147097e-07,2,"[1, 129]","[5069, 1246]"
891,7,283,265,0.0008835270763851433,2.9000000000142193e-07,2,"[1, 129]","[4934, 1154]"
892,7,283,265,0.0008839270763851452,4.000000000019613e-07,2,"[1, 129]","[5081, 1131]"
893,7,283,266,0.0008828678983470189,0.0008828678983470189,2,"[1, 129]","[6160, 230]"
894,7,283,266,0.0008832578983470208,3.9000000000191225e-07,2,"[1, 129]","[5992, 155]"
895,7,283,266,0.0008836378983470227,3.800000000018632e-07,2,"[1, 129]","[6226, 144]"
896,7,283,266,0.0008840978983470249,4.600000000022555e-07,2,"[1, 129]","[6038, 94]"
897,7,283,267,0.0008830884200275893,0.0008830884200275893,1,[1],[6345]
898,7,283,267,0.0008835084200275913,4.2000000000205935e-07,1,[1],[6156]
899,7,283,267,0.0008839084200275933,4.000000000019613e-07,1,[1],[6425]
900,7,283,267,0.0008844384200275959,5.300000000025987e-07,1,[1],[6154]
901,7,283,268,0.0008833141069193312,0.0008833141069193312,2,"[1, 128]","[6276, 28]"
902,7,283,268,0.0008837441069193333,4.300000000021084e-07,2,"[1, 128]","[6288, 42]"
903,7,283,268,0.0008841441069193353,4.000000000019613e-07,2,"[1, 128]","[6057, 66]"
904,7,283,268,0.0008847541069193383,6.10000000002991e-07,2,"[1, 128]","[6215, 75]"
905,7,283,269,0.000883476945594205,0.000883476945594205,2,"[1, 128]","[5486, 871]"
906,7,283,269,0.000883866945594207,3.9000000000191225e-07,2,"[1, 128]","[5222, 950]"
907,7,283,269,0.0008842169455942087,3.500000000017161e-07,2,"[1, 128]","[5253, 1007]"
908,7,283,269,0.0008846169455942106,4.000000000019613e-07,2,"[1, 128]","[5150, 1126]"
909,7,283,270,0.0008837435937472596,0.0008837435937472596,2,"[1, 128]","[5978, 341]"
910,7,283,270,0.0008841735937472617,4.300000000021084e-07,2,"[1, 128]","[5909, 331]"
911,7,283,270,0.0008845835937472637,4.100000000020103e-07,2,"[1, 128]","[5944, 272]"
912,7,283,270,0.000885263593747267,6.800000000033342e-07,2,"[1, 128]","[6006, 270]"
913,7,283,271,0.0008839903537201681,0.0008839903537201681,2,"[1, 128]","[6335, 1]"
914,7,283,271,0.0008844403537201704,4.5000000000220645e-07,2,"[1, 128]","[6181, 2]"
915,7,283,271,0.0008848903537201726,4.5000000000220645e-07,1,[1],[6324]
916,7,283,271,0.0008859003537201775,1.0100000000049522e-06,1,[1],[6157]
917,7,283,272,0.0008842248570364868,0.0008842248570364868,2,"[1, 127]","[6282, 6]"
918,7,283,272,0.0008846948570364891,4.700000000023045e-07,2,"[1, 127]","[6315, 19]"
919,7,283,272,0.0008851548570364913,4.600000000022555e-07,2,"[1, 127]","[6136, 15]"
920,7,283,273,0.0008844233519052818,0.0008844233519052818,2,"[1, 127]","[5749, 606]"
921,7,283,273,0.0008848633519052839,4.400000000021574e-07,2,"[1, 127]","[5482, 701]"
922,7,283,273,0.000885293351905286,4.300000000021084e-07,2,"[1, 127]","[5591, 728]"
923,7,283,273,0.0008859933519052895,7.000000000034323e-07,2,"[1, 127]","[5386, 763]"
924,7,283,274,0.0008846739160318663,0.0008846739160318663,2,"[1, 127]","[5864, 461]"
925,7,283,274,0.0008851439160318687,4.700000000023045e-07,2,"[1, 127]","[5830, 396]"
926,7,283,274,0.000885623916031871,4.800000000023535e-07,2,"[1, 127]","[5934, 362]"
927,7,283,275,0.0008849671710950842,0.0008849671710950842,2,"[1, 127]","[6329, 1]"
928,7,283,275,0.0008854371710950865,4.700000000023045e-07,1,[1],[6182]
929,7,283,275,0.000885947171095089,5.100000000025006e-07,1,[1],[6320]
930,7,283,276,0.0008852035597730825,0.0008852035597730825,1,[1],[6306]
931,7,283,276,0.0008856735597730848,4.700000000023045e-07,1,[1],[6247]
932,7,283,276,0.0008861635597730872,4.900000000024026e-07,1,[1],[6242]
933,7,283,277,0.0008854562536141277,0.0008854562536141277,1,[1],[6278]
934,7,283,277,0.00088592625361413,4.700000000023045e-07,1,[1],[6310]
935,7,283,277,0.0008863962536141323,4.700000000023045e-07,1,[1],[6208]
936,7,283,278,0.0008857013907489724,0.0008857013907489724,1,[1],[6284]
937,7,283,278,0.0008861613907489746,4.600000000022555e-07,2,"[1, 126]","[6218, 1]"
938,7,283,278,0.000886641390748977,4.800000000023535e-07,2,"[1, 126]","[6293, 4]"
939,7,283,279,0.000885926687188302,0.000885926687188302,2,"[1, 126]","[6014, 330]"
940,7,283,279,0.0008863466871883041,4.2000000000205935e-07,2,"[1, 126]","[5692, 499]"
941,7,283,279,0.0008867566871883061,4.100000000020103e-07,2,"[1, 126]","[5711, 646]"
942,7,283,279,0.000887356687188309,6.000000000029419e-07,2,"[1, 126]","[5332, 804]"
943,7,283,280,0.0008861577089480748,0.0008861577089480748,2,"[1, 126]","[5494, 780]"
944,7,283,280,0.0008865877089480769,4.300000000021084e-07,2,"[1, 126]","[5426, 857]"
945,7,283,280,0.0008869877089480788,4.000000000019613e-07,2,"[1, 126]","[5391, 907]"
946,7,283,280,0.0008875577089480816,5.700000000027948e-07,2,"[1, 126]","[5297, 854]"
947,7,283,281,0.0008864244986576018,0.0008864244986576018,2,"[1, 126]","[6303, 31]"
948,7,283,281,0.000886874498657604,4.5000000000220645e-07,2,"[1, 126]","[6293, 13]"
949,7,283,281,0.0008873144986576061,4.400000000021574e-07,2,"[1, 126]","[6172, 12]"
950,7,283,281,0.0008882644986576108,9.500000000046581e-07,2,"[1, 126]","[6169, 8]"
951,7,283,282,0.0008866543736418879,0.0008866543736418879,1,[1],[6358]
952,7,283,282,0.00088709437364189,4.400000000021574e-07,1,[1],[6250]
953,7,283,282,0.0008875143736418921,4.2000000000205935e-07,1,[1],[6214]
954,7,283,282,0.0008882843736418959,7.700000000037755e-07,1,[1],[6185]
955,7,283,283,0.0008868810522632077,0.0008868810522632077,1,[1],[6275]
956,7,283,283,0.0008873310522632099,4.5000000000220645e-07,1,[1],[6297]
957,7,283,283,0.000887751052263212,4.2000000000205935e-07,1,[1],[6248]
958,7,283,283,0.0008884410522632154,6.900000000033832e-07,1,[1],[6213]
959,7,283,284,0.0008871032439240197,0.0008871032439240197,2,"[1, 125]","[6264, 63]"
960,7,283,284,0.0008875232439240218,4.2000000000205935e-07,2,"[1, 125]","[6094, 112]"
961,7,283,284,0.0008879232439240238,4.000000000019613e-07,2,"[1, 125]","[6139, 136]"
962,7,283,284,0.0008884932439240266,5.700000000027948e-07,2,"[1, 125]","[6103, 138]"
963,7,283,285,0.0008872407114559208,0.0008872407114559208,2,"[1, 125]","[5155, 1149]"
964,7,283,285,0.0008876307114559228,3.9000000000191225e-07,2,"[1, 125]","[5054, 1181]"
965,7,283,285,0.0008879607114559244,3.3000000000161806e-07,2,"[1, 125]","[5130, 1188]"
966,7,283,285,0.0008883107114559261,3.500000000017161e-07,2,"[1, 125]","[4949, 1212]"
967,7,283,285,0.0008889407114559292,6.30000000003089e-07,2,"[1, 125]","[5014, 1218]"
968,7,283,286,0.0008875128094121005,0.0008875128094121005,2,"[1, 125]","[6030, 303]"
969,7,283,286,0.0008879328094121026,4.2000000000205935e-07,2,"[1, 125]","[5989, 286]"
970,7,283,286,0.0008883128094121044,3.800000000018632e-07,2,"[1, 125]","[6041, 199]"
971,7,283,286,0.000888832809412107,5.200000000025497e-07,2,"[1, 125]","[5987, 186]"
972,7,283,287,0.0008877024969103416,0.0008877024969103416,1,[1],[6340]
973,7,283,287,0.0008881224969103437,4.2000000000205935e-07,1,[1],[6250]
974,7,283,287,0.0008885124969103456,3.9000000000191225e-07,1,[1],[6303]
975,7,283,287,0.0008890624969103483,5.500000000026968e-07,1,[1],[6115]
976,7,283,288,0.0008878775344680251,0.0008878775344680251,2,"[1, 124]","[6339, 16]"
977,7,283,288,0.0008882875344680271,4.100000000020103e-07,2,"[1, 124]","[6137, 23]"
978,7,283,288,0.000888667534468029,3.800000000018632e-07,2,"[1, 124]","[6223, 36]"
979,7,283,288,0.0008892075344680316,5.400000000026477e-07,2,"[1, 124]","[6186, 52]"
980,7,283,289,0.0008879870344296428,0.0008879870344296428,2,"[1, 124]","[5556, 750]"
981,7,283,289,0.0008883670344296446,3.800000000018632e-07,2,"[1, 124]","[5329, 870]"
982,7,283,289,0.0008886970344296462,3.3000000000161806e-07,2,"[1, 124]","[5322, 1026]"
983,7,283,289,0.000889047034429648,3.500000000017161e-07,2,"[1, 124]","[5150, 1037]"
984,7,283,289,0.000889677034429651,6.30000000003089e-07,2,"[1, 124]","[5042, 1214]"
985,7,283,290,0.0008881700649575488,0.0008881700649575488,2,"[1, 124]","[5900, 452]"
986,7,283,290,0.0008885800649575508,4.100000000020103e-07,2,"[1, 124]","[5873, 454]"
987,7,283,290,0.0008889300649575525,3.500000000017161e-07,2,"[1, 124]","[5700, 432]"
988,7,283,290,0.0008893800649575547,4.5000000000220645e-07,2,"[1, 124]","[5762, 509]"
989,7,283,291,0.000888341652120685,0.000888341652120685,1,[1],[6303]
990,7,283,291,0.000888761652120687,4.2000000000205935e-07,2,"[1, 124]","[6225, 3]"
991,7,283,291,0.000889161652120689,4.000000000019613e-07,2,"[1, 124]","[6306, 2]"
992,7,283,291,0.0008897016521206917,5.400000000026477e-07,1,[1],[6209]
993,7,283,292,0.0008884953318293011,0.0008884953318293011,1,[1],[6344]
994,7,283,292,0.0008889153318293032,4.2000000000205935e-07,1,[1],[6241]
995,7,283,292,0.0008893053318293051,3.9000000000191225e-07,1,[1],[6302]
996,7,283,292,0.0008898753318293079,5.700000000027948e-07,1,[1],[6170]
997,7,283,293,0.0008886732628167001,0.0008886732628167001,1,[1],[6326]
998,7,283,293,0.0008891132628167023,4.400000000021574e-07,1,[1],[6259]
999,7,283,293,0.0008895432628167044,4.300000000021084e-07,1,[1],[6224]
1000,7,283,293,0.0008904132628167087,8.700000000042658e-07,1,[1],[6197]
1001,7,283,294,0.0008887484202286106,0.0008887484202286106,1,[1],[6275]
1002,7,283,294,0.0008891884202286127,4.400000000021574e-07,1,[1],[6341]
1003,7,283,294,0.0008895984202286147,4.100000000020103e-07,1,[1],[6159]
1004,7,283,294,0.0008903184202286183,7.200000000035303e-07,1,[1],[6243]
1005,7,283,295,0.0008888226969355457,0.0008888226969355457,1,[1],[6365]
1006,7,283,295,0.0008892626969355478,4.400000000021574e-07,1,[1],[6243]
1007,7,283,295,0.0008896726969355498,4.100000000020103e-07,1,[1],[6198]
1008,7,283,295,0.0008903826969355533,7.100000000034813e-07,1,[1],[6237]
1009,7,283,296,0.0008889144198235096,0.0008889144198235096,1,[1],[6322]
1010,7,283,296,0.0008893544198235118,4.400000000021574e-07,1,[1],[6255]
1011,7,283,296,0.0008897744198235138,4.2000000000205935e-07,1,[1],[6225]
1012,7,283,296,0.0008905344198235175,7.600000000037264e-07,1,[1],[6216]
1013,7,283,297,0.0008889811353678549,0.0008889811353678549,1,[1],[6281]
1014,7,283,297,0.0008894211353678571,4.400000000021574e-07,1,[1],[6267]
1015,7,283,297,0.0008898311353678591,4.100000000020103e-07,1,[1],[6218]
1016,7,283,297,0.0008905211353678624,6.900000000033832e-07,1,[1],[6245]
1017,7,283,298,0.0008890734950191069,0.0008890734950191069,1,[1],[6320]
1018,7,283,298,0.000889513495019109,4.400000000021574e-07,1,[1],[6318]
1019,7,283,298,0.0008899334950191111,4.2000000000205935e-07,1,[1],[6197]
1020,7,283,298,0.0008906834950191148,7.500000000036774e-07,1,[1],[6169]
1021,7,283,299,0.0008891592155603863,0.0008891592155603863,1,[1],[6256]
1022,7,283,299,0.0008895992155603885,4.400000000021574e-07,1,[1],[6252]
1023,7,283,299,0.0008900292155603906,4.300000000021084e-07,1,[1],[6282]
1024,7,283,299,0.0008908092155603944,7.800000000038245e-07,1,[1],[6225]
1025,7,283,300,0.0008892418773616581,0.0008892418773616581,1,[1],[6268]
1026,7,283,300,0.0008896918773616603,4.5000000000220645e-07,1,[1],[6365]
1027,7,283,300,0.0008901118773616623,4.2000000000205935e-07,1,[1],[6178]
1028,7,283,300,0.0008909518773616665,8.400000000041187e-07,1,[1],[6189]
1029,7,283,301,0.0008893449196091655,0.0008893449196091655,1,[1],[6356]
1030,7,283,301,0.0008897949196091677,4.5000000000220645e-07,1,[1],[6220]
1031,7,283,301,0.00089026491960917,4.700000000023045e-07,1,[1],[6290]
1032,7,283,302,0.000889426151654982,0.000889426151654982,1,[1],[6371]
1033,7,283,302,0.0008898561516549841,4.300000000021084e-07,1,[1],[6194]
1034,7,283,302,0.0008903061516549863,4.5000000000220645e-07,1,[1],[6229]
1035,7,283,303,0.0008894632971957721,0.0008894632971957721,1,[1],[6257]
1036,7,283,303,0.0008899132971957743,4.5000000000220645e-07,1,[1],[6384]
1037,7,283,303,0.0008903432971957764,4.300000000021084e-07,1,[1],[6173]
1038,7,283,303,0.0008912532971957808,9.100000000044619e-07,1,[1],[6208]
1039,7,283,304,0.0008895244524993259,0.0008895244524993259,1,[1],[6358]
1040,7,283,304,0.0008899644524993281,4.400000000021574e-07,1,[1],[6259]
1041,7,283,304,0.0008903844524993301,4.2000000000205935e-07,1,[1],[6244]
1042,7,283,304,0.000891164452499334,7.800000000038245e-07,1,[1],[6173]
1043,7,283,305,0.0008895852099860392,0.0008895852099860392,1,[1],[6350]
1044,7,283,305,0.0008900152099860413,4.300000000021084e-07,1,[1],[6221]
1045,7,283,305,0.0008904452099860434,4.300000000021084e-07,1,[1],[6230]
1046,7,283,305,0.0008912352099860473,7.900000000038735e-07,1,[1],[6206]
1047,7,283,306,0.0008896379765513901,0.0008896379765513901,1,[1],[6302]
1048,7,283,306,0.0008900779765513922,4.400000000021574e-07,1,[1],[6266]
1049,7,283,306,0.0008904979765513943,4.2000000000205935e-07,1,[1],[6214]
1050,7,283,306,0.0008912779765513981,7.800000000038245e-07,1,[1],[6254]
1051,7,283,307,0.0008897071998245601,0.0008897071998245601,1,[1],[6265]
1052,7,283,307,0.0008901471998245623,4.400000000021574e-07,1,[1],[6302]
1053,7,283,307,0.0008905671998245643,4.2000000000205935e-07,1,[1],[6270]
1054,7,283,307,0.0008912871998245679,7.200000000035303e-07,1,[1],[6184]
1055,7,283,308,0.0008897812987196998,0.0008897812987196998,1,[1],[6321]
1056,7,283,308,0.0008902112987197019,4.300000000021084e-07,1,[1],[6227]
1057,7,283,308,0.0008906312987197039,4.2000000000205935e-07,1,[1],[6294]
1058,7,283,308,0.0008913512987197075,7.200000000035303e-07,1,[1],[6184]
1059,7,283,309,0.0008898414840510932,0.0008898414840510932,1,[1],[6315]
1060,7,283,309,0.0008902714840510953,4.300000000021084e-07,1,[1],[6268]
1061,7,283,309,0.0008906814840510973,4.100000000020103e-07,1,[1],[6230]
1062,7,283,309,0.0008913814840511008,7.000000000034323e-07,1,[1],[6214]
1063,7,283,310,0.0008899388725643242,0.0008899388725643242,1,[1],[6364]
1064,7,283,310,0.0008903988725643265,4.600000000022555e-07,1,[1],[6216]
1065,7,283,310,0.0008908588725643287,4.600000000022555e-07,1,[1],[6205]
1066,7,283,311,0.000889961987826429,0.000889961987826429,1,[1],[6296]
1067,7,283,311,0.0008904019878264312,4.400000000021574e-07,1,[1],[6205]
1068,7,283,311,0.0008908319878264333,4.300000000021084e-07,1,[1],[6274]
1069,7,283,311,0.0008916319878264372,8.000000000039226e-07,1,[1],[6241]
1070,7,283,312,0.000890016112728884,0.000890016112728884,1,[1],[6340]
1071,7,283,312,0.0008904461127288862,4.300000000021084e-07,1,[1],[6173]
1072,7,283,312,0.0008908661127288882,4.2000000000205935e-07,1,[1],[6240]
1073,7,283,312,0.0008916561127288921,7.900000000038735e-07,1,[1],[6252]
1074,7,283,313,0.0008900600801549849,0.0008900600801549849,1,[1],[6340]
1075,7,283,313,0.000890500080154987,4.400000000021574e-07,1,[1],[6163]
1076,7,283,313,0.0008909200801549891,4.2000000000205935e-07,1,[1],[6271]
1077,7,283,313,0.0008917400801549931,8.200000000040206e-07,1,[1],[6233]
1078,7,283,314,0.0008901262354750286,0.0008901262354750286,1,[1],[6312]
1079,7,283,314,0.0008905762354750308,4.5000000000220645e-07,1,[1],[6285]
1080,7,283,314,0.0008910062354750329,4.300000000021084e-07,1,[1],[6206]
1081,7,283,314,0.0008918962354750372,8.900000000043639e-07,1,[1],[6197]
1082,7,283,315,0.0008901892491936975,0.0008901892491936975,1,[1],[6329]
1083,7,283,315,0.0008906392491936997,4.5000000000220645e-07,1,[1],[6184]
1084,7,283,315,0.0008910992491937019,4.600000000022555e-07,1,[1],[6291]
1085,7,283,316,0.000890243693080353,0.000890243693080353,1,[1],[6285]
1086,7,283,316,0.0008906936930803552,4.5000000000220645e-07,1,[1],[6302]
1087,7,283,316,0.0008911536930803574,4.600000000022555e-07,1,[1],[6265]
1088,7,283,317,0.000890299851204888,0.000890299851204888,1,[1],[6275]
1089,7,283,317,0.0008907698512048903,4.700000000023045e-07,1,[1],[6296]
1090,7,283,317,0.0008912498512048927,4.800000000023535e-07,1,[1],[6257]
1091,7,283,318,0.0008903751172127495,0.0008903751172127495,1,[1],[6266]
1092,7,283,318,0.0008908551172127518,4.800000000023535e-07,1,[1],[6249]
1093,7,283,318,0.0008913751172127544,5.200000000025497e-07,1,[1],[6266]
1094,7,283,319,0.0008904282065638474,0.0008904282065638474,2,"[1, 123]","[6182, 124]"
1095,7,283,319,0.0008909082065638497,4.800000000023535e-07,2,"[1, 123]","[6102, 138]"
1096,7,283,319,0.0008914282065638523,5.200000000025497e-07,3,"[1, 122, 123]","[6179, 1, 103]"
1097,7,283,320,0.0008903279574422326,0.0008903279574422326,4,"[1, 122, 123, 390]","[4329, 212, 1847, 1]"
1098,7,283,320,0.0008907279574422346,4.000000000019613e-07,3,"[1, 122, 123]","[4339, 232, 1642]"
1099,7,283,320,0.0008910879574422363,3.6000000000176516e-07,3,"[1, 122, 123]","[4308, 283, 1600]"
1100,7,283,320,0.0008915479574422386,4.600000000022555e-07,3,"[1, 122, 123]","[4497, 328, 1472]"
1101,7,283,321,0.0008904633017085019,0.0008904633017085019,5,"[1, 122, 123, 390, 391]","[4913, 809, 578, 2, 2]"
1102,7,283,321,0.0008909233017085042,4.600000000022555e-07,5,"[1, 122, 123, 390, 391]","[4778, 957, 459, 1, 1]"
1103,7,283,321,0.0008914133017085066,4.900000000024026e-07,5,"[1, 122, 123, 390, 391]","[4767, 1088, 407, 2, 1]"
1104,7,283,322,0.0008905878899095134,0.0008905878899095134,2,"[1, 122]","[6302, 38]"
1105,7,283,322,0.0008911778899095162,5.900000000028929e-07,3,"[1, 122, 123]","[6146, 52, 3]"
1106,7,283,323,0.0008906113844800801,0.0008906113844800801,1,[1],[6305]
1107,7,283,323,0.0008912913844800834,6.800000000033342e-07,1,[1],[6260]
1108,7,283,324,0.0008906684094315502,0.0008906684094315502,3,"[1, 120, 121]","[6262, 71, 4]"
1109,7,283,324,0.0008915084094315544,8.400000000041187e-07,3,"[1, 120, 121]","[6077, 109, 2]"
1110,7,283,325,0.0008904541346084634,0.0008904541346084634,3,"[1, 120, 121]","[4183, 1694, 424]"
1111,7,283,325,0.000890984134608466,5.300000000025987e-07,3,"[1, 120, 121]","[3756, 2136, 320]"
1112,7,283,325,0.0008916641346084694,6.800000000033342e-07,3,"[1, 120, 121]","[3391, 2624, 262]"
1113,7,283,326,0.0008905671869137171,0.0008905671869137171,3,"[1, 120, 121]","[4459, 1143, 711]"
1114,7,283,326,0.000891367186913721,8.000000000039226e-07,3,"[1, 120, 121]","[4149, 1515, 572]"
1115,7,283,327,0.000890914958338979,0.000890914958338979,3,"[1, 120, 121]","[6255, 20, 13]"
1116,7,283,328,0.0008910496325135839,0.0008910496325135839,1,[1],[6250]
1117,7,283,329,0.0008914507350137411,0.0008914507350137411,1,[1],[6258]
1118,7,284,265,0.0008836806686132867,0.0008836806686132867,2,"[1, 129]","[4241, 2017]"
1119,7,284,266,0.0008843806288497537,0.0008843806288497537,2,"[1, 129]","[6008, 243]"
1120,7,284,267,0.0008842969762615965,0.0008842969762615965,1,[1],[6265]
1121,7,284,268,0.000884204400420338,0.000884204400420338,2,"[1, 128]","[6199, 57]"
1122,7,284,269,0.000884149812314896,0.000884149812314896,2,"[1, 128]","[5332, 954]"
1123,7,284,270,0.0008843701669658025,0.0008843701669658025,2,"[1, 128]","[5924, 346]"
1124,7,284,271,0.0008845780460855454,0.0008845780460855454,1,[1],[6287]
1125,7,284,272,0.000884727460679918,0.000884727460679918,2,"[1, 127]","[6290, 13]"
1126,7,284,273,0.0008847905168424407,0.0008847905168424407,2,"[1, 127]","[5539, 717]"
1127,7,284,273,0.0008856305168424448,8.400000000041187e-07,2,"[1, 127]","[5492, 768]"
1128,7,284,274,0.0008850421206047986,0.0008850421206047986,2,"[1, 127]","[5734, 529]"
1129,7,284,274,0.0008860121206048033,9.700000000047561e-07,2,"[1, 127]","[5871, 378]"
1130,7,284,275,0.0008853470252377207,0.0008853470252377207,2,"[1, 127]","[6285, 1]"
1131,7,284,275,0.0008864670252377262,1.1200000000054916e-06,2,"[1, 127]","[6225, 1]"
1132,7,284,276,0.0008856112799541482,0.0008856112799541482,1,[1],[6322]
1133,7,284,276,0.0008868712799541544,1.260000000006178e-06,1,[1],[6194]
1134,7,284,277,0.0008859037929651221,0.0008859037929651221,1,[1],[6268]
1135,7,284,278,0.0008861647782313297,0.0008861647782313297,2,"[1, 126]","[6274, 1]"
1136,7,284,279,0.0008863939057553693,0.0008863939057553693,2,"[1, 126]","[5860, 397]"
1137,7,284,279,0.0008876339057553754,1.24000000000608e-06,2,"[1, 126]","[5553, 694]"
1138,7,284,280,0.0008866775874081744,0.0008866775874081744,2,"[1, 126]","[5514, 818]"
1139,7,284,281,0.0008870999167456542,0.0008870999167456542,2,"[1, 126]","[6251, 14]"
1140,7,284,282,0.0008874357966342346,0.0008874357966342346,1,[1],[6288]
1141,7,284,283,0.0008878043504397296,0.0008878043504397296,1,[1],[6282]
1142,7,284,284,0.0008881788033619257,0.0008881788033619257,2,"[1, 125]","[6141, 142]"
1143,7,284,285,0.0008881715424643709,0.0008881715424643709,2,"[1, 125]","[4737, 1521]"
1144,7,284,286,0.0008895299852158369,0.0008895299852158369,2,"[1, 125]","[5861, 390]"
1145,7,284,315,0.0008917892332659086,0.0008917892332659086,1,[1],[6255]
1146,7,284,316,0.0008914663277669252,0.0008914663277669252,1,[1],[6254]
1147,7,284,317,0.0008912819715897282,0.0008912819715897282,1,[1],[6283]
1148,7,284,318,0.000891164218989902,0.000891164218989902,1,[1],[6291]
1149,7,284,319,0.0008910700857143263,0.0008910700857143263,2,"[1, 123]","[6190, 112]"
1150,7,284,320,0.0008908051246226124,0.0008908051246226124,4,"[1, 122, 123, 390]","[4615, 341, 1341, 1]"
1151,7,284,320,0.000891735124622617,9.3000000000456e-07,3,"[1, 122, 123]","[4623, 447, 1174]"
1152,7,284,321,0.0008907833603711587,0.0008907833603711587,4,"[1, 122, 123, 391]","[5090, 932, 313, 1]"
1153,7,284,321,0.0008915733603711626,7.900000000038735e-07,3,"[1, 122, 123]","[4749, 1198, 242]"
1154,7,284,322,0.0008907431998134675,0.0008907431998134675,4,"[1, 122, 123, 390]","[6265, 28, 1, 1]"
1155,7,284,322,0.0008916031998134717,8.600000000042168e-07,2,"[1, 122]","[6156, 52]"
1156,7,284,323,0.0008906378154961538,0.0008906378154961538,1,[1],[6329]
1157,7,284,323,0.0008913578154961573,7.200000000035303e-07,1,[1],[6198]
1158,7,284,324,0.0008905169141651211,0.0008905169141651211,3,"[1, 120, 121]","[6212, 64, 1]"
1159,7,284,324,0.0008911369141651242,6.2000000000304e-07,3,"[1, 120, 121]","[6199, 88, 1]"
1160,7,284,325,0.0008902146889015745,0.0008902146889015745,3,"[1, 120, 121]","[4289, 1440, 567]"
1161,7,284,325,0.0008906346889015766,4.2000000000205935e-07,3,"[1, 120, 121]","[4219, 1598, 474]"
1162,7,284,325,0.0008909946889015783,3.6000000000176516e-07,3,"[1, 120, 121]","[4022, 1787, 392]"
1163,7,284,325,0.0008914346889015805,4.400000000021574e-07,3,"[1, 120, 121]","[3774, 2113, 333]"
1164,7,284,326,0.0008901876622923286,0.0008901876622923286,3,"[1, 120, 121]","[4578, 926, 796]"
1165,7,284,326,0.0008906176622923307,4.300000000021084e-07,3,"[1, 120, 121]","[4514, 989, 708]"
1166,7,284,326,0.0008910376622923328,4.2000000000205935e-07,3,"[1, 120, 121]","[4525, 1167, 652]"
1167,7,284,326,0.0008916476622923357,6.10000000002991e-07,3,"[1, 120, 121]","[4223, 1353, 572]"
1168,7,284,327,0.000890232719892096,0.000890232719892096,3,"[1, 120, 121]","[6281, 14, 19]"
1169,7,284,327,0.0008907527198920986,5.200000000025497e-07,3,"[1, 120, 121]","[6277, 12, 7]"
1170,7,284,327,0.0008914127198921018,6.600000000032361e-07,3,"[1, 120, 121]","[6152, 16, 12]"
1171,7,284,328,0.0008901220563990029,0.0008901220563990029,1,[1],[6340]
1172,7,284,328,0.0008906120563990053,4.900000000024026e-07,1,[1],[6164]
1173,7,284,328,0.0008911820563990081,5.700000000027948e-07,1,[1],[6293]
1174,7,284,329,0.0008900289989716838,0.0008900289989716838,1,[1],[6289]
1175,7,284,329,0.0008904989989716861,4.700000000023045e-07,1,[1],[6238]
1176,7,284,329,0.0008910189989716886,5.200000000025497e-07,1,[1],[6270]
1177,7,284,330,0.0008899345154483799,0.0008899345154483799,2,"[1, 119]","[6319, 1]"
1178,7,284,330,0.0008903945154483822,4.600000000022555e-07,1,[1],[6200]
1179,7,284,330,0.0008908845154483846,4.900000000024026e-07,1,[1],[6258]
1180,7,284,331,0.0008898409740610724,0.0008898409740610724,2,"[1, 119]","[6132, 208]"
1181,7,284,331,0.0008902909740610746,4.5000000000220645e-07,2,"[1, 119]","[6085, 197]"
1182,7,284,331,0.0008907409740610768,4.5000000000220645e-07,2,"[1, 119]","[5975, 182]"
1183,7,284,332,0.0008897086967721943,0.0008897086967721943,2,"[1, 119]","[5361, 994]"
1184,7,284,332,0.0008901186967721963,4.100000000020103e-07,2,"[1, 119]","[5092, 1072]"
1185,7,284,332,0.0008904986967721982,3.800000000018632e-07,2,"[1, 119]","[5221, 1025]"
1186,7,284,332,0.0008909986967722006,5.000000000024516e-07,2,"[1, 119]","[5182, 1083]"
1187,7,284,333,0.0008897416169446165,0.0008897416169446165,2,"[1, 119]","[6218, 85]"
1188,7,284,333,0.0008902016169446187,4.600000000022555e-07,2,"[1, 119]","[6203, 107]"
1189,7,284,333,0.000890661616944621,4.600000000022555e-07,2,"[1, 119]","[6087, 105]"
1190,7,284,334,0.0008897218136180727,0.0008897218136180727,1,[1],[6363]
1191,7,284,334,0.0008901818136180749,4.600000000022555e-07,1,[1],[6146]
1192,7,284,334,0.0008906718136180773,4.900000000024026e-07,1,[1],[6320]
1193,7,284,335,0.0008897055382540731,0.0008897055382540731,1,[1],[6313]
1194,7,284,335,0.0008901655382540754,4.600000000022555e-07,1,[1],[6219]
1195,7,284,335,0.0008906555382540778,4.900000000024026e-07,1,[1],[6298]
1196,7,284,336,0.0008897061525032704,0.0008897061525032704,1,[1],[6356]
1197,7,284,336,0.0008901861525032728,4.800000000023535e-07,1,[1],[6214]
1198,7,284,336,0.0008907061525032753,5.200000000025497e-07,1,[1],[6203]
1199,7,284,337,0.0008897284000453033,0.0008897284000453033,1,[1],[6256]
1200,7,284,337,0.0008902484000453059,5.200000000025497e-07,1,[1],[6278]
1201,7,284,337,0.0008909584000453093,7.100000000034813e-07,1,[1],[6244]
1202,7,284,338,0.0008896897233495415,0.0008896897233495415,1,[1],[6333]
1203,7,284,338,0.000890179723349544,4.900000000024026e-07,1,[1],[6247]
1204,7,284,338,0.0008907797233495469,6.000000000029419e-07,1,[1],[6212]
1205,7,284,339,0.000889677442196331,0.000889677442196331,1,[1],[6321]
1206,7,284,339,0.0008901874421963336,5.100000000025006e-07,1,[1],[6245]
1207,7,284,339,0.0008908274421963367,6.400000000031381e-07,1,[1],[6230]
1208,7,284,340,0.0008896916399545786,0.0008896916399545786,1,[1],[6309]
1209,7,284,340,0.0008902316399545812,5.400000000026477e-07,1,[1],[6278]
1210,7,284,340,0.0008910616399545853,8.300000000040697e-07,1,[1],[6177]
1211,7,284,341,0.0008897127637438822,0.0008897127637438822,1,[1],[6350]
1212,7,284,341,0.0008903027637438851,5.900000000028929e-07,1,[1],[6236]
1213,7,284,342,0.0008897463141835059,0.0008897463141835059,1,[1],[6312]
1214,7,284,342,0.0008903563141835089,6.10000000002991e-07,1,[1],[6223]
1215,7,284,343,0.0008898064859417768,0.0008898064859417768,1,[1],[6332]
1216,7,284,343,0.0008905264859417803,7.200000000035303e-07,1,[1],[6175]
1217,7,284,344,0.0008898319588696291,0.0008898319588696291,1,[1],[6254]
1218,7,284,344,0.0008907319588696335,9.000000000044129e-07,1,[1],[6266]
1219,7,284,345,0.0008899072743281739,0.0008899072743281739,1,[1],[6257]
1220,7,284,345,0.0008915272743281818,1.6200000000079432e-06,1,[1],[6243]
1221,7,284,346,0.0008899880727512151,0.0008899880727512151,1,[1],[6271]
1222,7,284,347,0.0008901106436462597,0.0008901106436462597,1,[1],[6261]
1223,7,284,348,0.0008902747429628423,0.0008902747429628423,1,[1],[6251]
1224,7,284,349,0.0008905015965150707,0.0008905015965150707,2,"[1, 118]","[6167, 108]"
1225,7,284,350,0.0008906449078815116,0.0008906449078815116,2,"[1, 118]","[5111, 1144]"
1226,7,285,338,0.0008908112415048327,0.0008908112415048327,1,[1],[6268]
1227,7,285,339,0.000890427748858598,0.000890427748858598,1,[1],[6288]
1228,7,285,340,0.0008902218834103506,0.0008902218834103506,1,[1],[6291]
1229,7,285,341,0.0008900743790483154,0.0008900743790483154,1,[1],[6324]
1230,7,285,342,0.0008899650405904794,0.0008899650405904794,1,[1],[6306]
1231,7,285,342,0.0008912650405904858,1.3000000000063742e-06,1,[1],[6196]
1232,7,285,343,0.0008898318962587509,0.0008898318962587509,1,[1],[6285]
1233,7,285,343,0.000890671896258755,8.400000000041187e-07,1,[1],[6265]
1234,7,285,344,0.0008897411386050423,0.0008897411386050423,1,[1],[6307]
1235,7,285,344,0.0008904411386050457,7.000000000034323e-07,1,[1],[6208]
1236,7,285,345,0.0008896555590308931,0.0008896555590308931,1,[1],[6278]
1237,7,285,345,0.0008902855590308962,6.30000000003089e-07,1,[1],[6237]
1238,7,285,346,0.0008895940648545427,0.0008895940648545427,1,[1],[6310]
1239,7,285,346,0.0008901640648545455,5.700000000027948e-07,1,[1],[6292]
1240,7,285,346,0.0008914240648545517,1.260000000006178e-06,1,[1],[6154]
1241,7,285,347,0.000889522084464068,0.000889522084464068,1,[1],[6262]
1242,7,285,347,0.0008900720844640707,5.500000000026968e-07,1,[1],[6306]
1243,7,285,347,0.0008908620844640746,7.900000000038735e-07,1,[1],[6197]
1244,7,285,348,0.0008894846169796369,0.0008894846169796369,1,[1],[6306]
1245,7,285,348,0.0008899946169796394,5.100000000025006e-07,1,[1],[6267]
1246,7,285,348,0.0008906446169796426,6.500000000031871e-07,1,[1],[6215]
1247,7,285,349,0.0008894365819116745,0.0008894365819116745,2,"[1, 118]","[6238, 98]"
1248,7,285,349,0.0008899265819116769,4.900000000024026e-07,2,"[1, 118]","[6204, 93]"
1249,7,285,349,0.0008904765819116796,5.500000000026968e-07,2,"[1, 118]","[6018, 105]"
1250,7,285,350,0.0008893580941490886,0.0008893580941490886,2,"[1, 118]","[5339, 977]"
1251,7,285,350,0.0008898080941490908,4.5000000000220645e-07,2,"[1, 118]","[5207, 1077]"
1252,7,285,350,0.000890248094149093,4.400000000021574e-07,2,"[1, 118]","[5156, 1029]"
1253,7,285,350,0.0008915480941490994,1.3000000000063742e-06,2,"[1, 118]","[5164, 1051]"
1254,7,285,351,0.0008894259528397166,0.0008894259528397166,2,"[1, 118]","[6078, 198]"
1255,7,285,351,0.0008899259528397191,5.000000000024516e-07,2,"[1, 118]","[6095, 210]"
1256,7,285,351,0.0008905059528397219,5.800000000028439e-07,2,"[1, 118]","[6009, 211]"
1257,7,285,352,0.0008894475542899315,0.0008894475542899315,1,[1],[6300]
1258,7,285,352,0.000889957554289934,5.100000000025006e-07,1,[1],[6331]
1259,7,285,352,0.0008905275542899368,5.700000000027948e-07,2,"[1, 118]","[6153, 1]"
1260,7,285,353,0.0008894542840452976,0.0008894542840452976,1,[1],[6375]
1261,7,285,353,0.0008899342840453,4.800000000023535e-07,1,[1],[6157]
1262,7,285,353,0.0008904942840453027,5.600000000027458e-07,1,[1],[6275]
1263,7,285,354,0.0008894627870307483,0.0008894627870307483,1,[1],[6284]
1264,7,285,354,0.0008899627870307508,5.000000000024516e-07,1,[1],[6342]
1265,7,285,354,0.0008905127870307535,5.500000000026968e-07,1,[1],[6145]
1266,7,285,355,0.0008894728242626056,0.0008894728242626056,1,[1],[6302]
1267,7,285,355,0.000889952824262608,4.800000000023535e-07,1,[1],[6238]
1268,7,285,355,0.0008905228242626108,5.700000000027948e-07,1,[1],[6271]
1269,7,285,356,0.0008894666521797849,0.0008894666521797849,1,[1],[6267]
1270,7,285,356,0.0008899466521797872,4.800000000023535e-07,1,[1],[6235]
1271,7,285,356,0.0008904966521797899,5.500000000026968e-07,1,[1],[6317]
1272,7,285,357,0.0008894896009073946,0.0008894896009073946,1,[1],[6257]
1273,7,285,357,0.000889969600907397,4.800000000023535e-07,1,[1],[6299]
1274,7,285,357,0.0008904996009073996,5.300000000025987e-07,1,[1],[6219]
1275,7,285,358,0.0008894921693589011,0.0008894921693589011,1,[1],[6275]
1276,7,285,358,0.0008899821693589035,4.900000000024026e-07,1,[1],[6340]
1277,7,285,358,0.0008905321693589062,5.500000000026968e-07,1,[1],[6196]
1278,7,285,359,0.0008895079884316305,0.0008895079884316305,2,"[1, 117]","[6263, 43]"
1279,7,285,359,0.0008899979884316329,4.900000000024026e-07,2,"[1, 117]","[6218, 81]"
1280,7,285,359,0.0008905379884316355,5.400000000026477e-07,2,"[1, 117]","[6113, 83]"
1281,7,285,360,0.0008894070425861324,0.0008894070425861324,2,"[1, 117]","[4798, 1567]"
1282,7,285,360,0.0008897970425861343,3.9000000000191225e-07,2,"[1, 117]","[4563, 1730]"
1283,7,285,360,0.0008901270425861359,3.3000000000161806e-07,2,"[1, 117]","[4342, 1789]"
1284,7,285,360,0.0008905170425861378,3.9000000000191225e-07,2,"[1, 117]","[4271, 2064]"
1285,7,285,360,0.0008914670425861425,9.500000000046581e-07,2,"[1, 117]","[3812, 2318]"
1286,7,285,361,0.0008894967110273418,0.0008894967110273418,2,"[1, 117]","[5340, 1006]"
1287,7,285,361,0.0008899267110273439,4.300000000021084e-07,2,"[1, 117]","[5049, 1117]"
1288,7,285,361,0.0008903467110273459,4.2000000000205935e-07,2,"[1, 117]","[5082, 1166]"
1289,7,285,361,0.0008911167110273497,7.700000000037755e-07,2,"[1, 117]","[4956, 1317]"
1290,7,285,362,0.000889580973800549,0.000889580973800549,2,"[1, 117]","[6249, 11]"
1291,7,285,362,0.0008900909738005515,5.100000000025006e-07,2,"[1, 117]","[6318, 9]"
1292,7,285,362,0.0008907009738005545,6.10000000002991e-07,2,"[1, 117]","[6178, 7]"
1293,7,285,363,0.0008896018360436519,0.0008896018360436519,1,[1],[6302]
1294,7,285,363,0.0008901118360436544,5.100000000025006e-07,1,[1],[6273]
1295,7,285,363,0.0008907318360436574,6.2000000000304e-07,1,[1],[6205]
1296,7,285,364,0.0008896429576701721,0.0008896429576701721,1,[1],[6269]
1297,7,285,364,0.0008901529576701746,5.100000000025006e-07,2,"[1, 116]","[6275, 1]"
1298,7,285,364,0.0008907929576701777,6.400000000031381e-07,1,[1],[6261]
1299,7,285,365,0.0008896466947193837,0.0008896466947193837,2,"[1, 116]","[6069, 225]"
1300,7,285,365,0.0008901666947193863,5.200000000025497e-07,2,"[1, 116]","[6028, 290]"
1301,7,285,365,0.0008907766947193892,6.10000000002991e-07,2,"[1, 116]","[5860, 340]"
1302,7,285,366,0.0008896667881838671,0.0008896667881838671,2,"[1, 116]","[5219, 1100]"
1303,7,285,366,0.0008901467881838695,4.800000000023535e-07,2,"[1, 116]","[5025, 1174]"
1304,7,285,366,0.0008906767881838721,5.300000000025987e-07,2,"[1, 116]","[5002, 1270]"
1305,7,285,367,0.0008897854923074789,0.0008897854923074789,2,"[1, 116]","[6180, 70]"
1306,7,285,367,0.0008903154923074815,5.300000000025987e-07,2,"[1, 116]","[6199, 98]"
1307,7,285,367,0.0008910954923074853,7.800000000038245e-07,2,"[1, 116]","[6157, 88]"
1308,7,285,368,0.0008898623431365866,0.0008898623431365866,1,[1],[6287]
1309,7,285,368,0.0008904123431365893,5.500000000026968e-07,1,[1],[6310]
1310,7,285,368,0.0008912123431365932,8.000000000039226e-07,1,[1],[6157]
1311,7,285,369,0.0008899413590859333,0.0008899413590859333,1,[1],[6274]
1312,7,285,369,0.000890501359085936,5.600000000027458e-07,1,[1],[6245]
1313,7,285,369,0.0008914313590859406,9.3000000000456e-07,1,[1],[6231]
1314,7,285,370,0.0008900294357682032,0.0008900294357682032,1,[1],[6267]
1315,7,285,370,0.000890599435768206,5.700000000027948e-07,1,[1],[6250]
1316,7,285,370,0.0008917294357682115,1.1300000000055406e-06,1,[1],[6241]
1317,7,285,371,0.0008901343585545556,0.0008901343585545556,1,[1],[6324]
1318,7,285,371,0.0008907043585545584,5.700000000027948e-07,1,[1],[6202]
1319,7,285,372,0.0008901979266420586,0.0008901979266420586,1,[1],[6251]
1320,7,285,372,0.0008907879266420615,5.900000000028929e-07,1,[1],[6323]
1321,7,285,373,0.0008902924632232899,0.0008902924632232899,1,[1],[6310]
1322,7,285,373,0.0008908924632232928,6.000000000029419e-07,1,[1],[6255]
1323,7,285,374,0.0008903822572071616,0.0008903822572071616,1,[1],[6292]
1324,7,285,374,0.0008909922572071646,6.10000000002991e-07,1,[1],[6216]
1325,7,285,375,0.0008904745011414181,0.0008904745011414181,1,[1],[6345]
1326,7,285,375,0.0008911245011414213,6.500000000031871e-07,1,[1],[6195]
1327,7,285,376,0.000890556498098067,0.000890556498098067,1,[1],[6320]
1328,7,285,376,0.0008911964980980702,6.400000000031381e-07,1,[1],[6192]
1329,7,285,377,0.0008906374012694556,0.0008906374012694556,2,"[1, 115]","[6244, 48]"
1330,7,285,377,0.0008913074012694589,6.700000000032852e-07,2,"[1, 115]","[6197, 68]"
1331,7,285,378,0.0008906358184238415,0.0008906358184238415,2,"[1, 115]","[5287, 1028]"
1332,7,285,378,0.0008911958184238442,5.600000000027458e-07,2,"[1, 115]","[5158, 1050]"
1333,7,285,378,0.0008921858184238491,9.900000000048542e-07,2,"[1, 115]","[5051, 1190]"
1334,7,285,379,0.0008908003506716354,0.0008908003506716354,3,"[1, 114, 115]","[5800, 117, 346]"
1335,7,285,379,0.0008914603506716386,6.600000000032361e-07,3,"[1, 114, 115]","[5811, 139, 354]"
1336,7,285,380,0.0008908579844322255,0.0008908579844322255,3,"[1, 114, 115]","[5286, 1062, 1]"
1337,7,285,380,0.0008914379844322284,5.800000000028439e-07,2,"[1, 114]","[5038, 1214]"
1338,7,285,381,0.0008910687786402191,0.0008910687786402191,2,"[1, 114]","[6147, 190]"
1339,7,285,381,0.0008918087786402227,7.400000000036284e-07,2,"[1, 114]","[6051, 178]"
1340,7,285,382,0.0008912126430077225,0.0008912126430077225,2,"[1, 113]","[6278, 17]"
1341,7,285,382,0.0008920526430077267,8.400000000041187e-07,2,"[1, 113]","[6220, 19]"
1342,7,285,383,0.0008912761603634122,0.0008912761603634122,2,"[1, 113]","[5399, 888]"
1343,7,285,383,0.0008920161603634158,7.400000000036284e-07,2,"[1, 113]","[5188, 1085]"
1344,7,285,384,0.0008914732995260005,0.0008914732995260005,2,"[1, 113]","[5617, 660]"
1345,7,285,384,0.000892383299526005,9.100000000044619e-07,2,"[1, 113]","[5544, 695]"
1346,7,285,385,0.0008916418437496451,0.0008916418437496451,2,"[1, 113]","[6271, 6]"
1347,7,285,385,0.0008928218437496509,1.1800000000057858e-06,2,"[1, 113]","[6226, 2]"
1348,7,285,386,0.00089174048879476,0.00089174048879476,1,[1],[6295]
1349,7,285,386,0.0008930904887947666,1.3500000000066193e-06,1,[1],[6211]
1350,7,285,387,0.0008918719784350977,0.0008918719784350977,1,[1],[6309]
1351,7,285,387,0.0008933719784351051,1.5000000000073548e-06,1,[1],[6192]
1352,7,285,388,0.0008919834794734558,0.0008919834794734558,1,[1],[6251]
1353,7,285,388,0.000893463479473463,1.4800000000072568e-06,1,[1],[6255]
1354,7,285,389,0.0008920834659404275,0.0008920834659404275,1,[1],[6300]
1355,7,285,389,0.0008937834659404359,1.7000000000083355e-06,1,[1],[6204]
1356,7,285,390,0.0008922042719477438,0.0008922042719477438,1,[1],[6269]
1357,7,285,390,0.0008938342719477518,1.6300000000079922e-06,1,[1],[6231]
1358,7,285,391,0.0008923274630394574,0.0008923274630394574,1,[1],[6251]
1359,7,285,392,0.0008924388591008861,0.0008924388591008861,2,"[1, 112]","[6271, 3]"
1360,7,285,393,0.0008924709064904695,0.0008924709064904695,2,"[1, 112]","[5775, 543]"
1361,7,285,393,0.0008934309064904742,9.60000000004707e-07,2,"[1, 112]","[5355, 842]"
1362,7,285,394,0.000892504417194791,0.000892504417194791,2,"[1, 112]","[5344, 927]"
1363,7,285,394,0.0008932944171947949,7.900000000038735e-07,2,"[1, 112]","[5210, 1079]"
1364,7,285,395,0.0008926693214223786,0.0008926693214223786,2,"[1, 112]","[6304, 17]"
1365,7,285,395,0.0008937093214223837,1.0400000000050993e-06,2,"[1, 112]","[6165, 19]"
1366,7,285,396,0.0008927759848055859,0.0008927759848055859,1,[1],[6332]
1367,7,285,396,0.0008937359848055906,9.60000000004707e-07,1,[1],[6185]
1368,7,285,397,0.0008928716995032768,0.0008928716995032768,2,"[1, 111]","[6303, 2]"
1369,7,285,397,0.0008938016995032813,9.3000000000456e-07,2,"[1, 111]","[6207, 16]"
1370,7,285,398,0.0008929047871193062,0.0008929047871193062,2,"[1, 111]","[5621, 659]"
1371,7,285,398,0.0008936247871193097,7.200000000035303e-07,2,"[1, 111]","[5272, 997]"
1372,7,285,399,0.0008930109448644477,0.0008930109448644477,2,"[1, 111]","[5387, 868]"
1373,7,285,399,0.0008937209448644512,7.100000000034813e-07,2,"[1, 111]","[5155, 1097]"
1374,7,285,400,0.0008932396902367256,0.0008932396902367256,3,"[1, 110, 111]","[6206, 82, 14]"
1375,7,285,400,0.0008942496902367306,1.0100000000049522e-06,3,"[1, 110, 111]","[6097, 104, 18]"
1376,7,285,401,0.0008932556255520883,0.0008932556255520883,2,"[1, 110]","[5248, 1032]"
1377,7,285,401,0.000893995625552092,7.400000000036284e-07,2,"[1, 110]","[5163, 1090]"
1378,7,285,402,0.0008934625536819857,0.0008934625536819857,2,"[1, 110]","[5989, 279]"
1379,7,285,402,0.00089434255368199,8.800000000043148e-07,2,"[1, 110]","[6032, 214]"
1380,7,285,403,0.0008936306990060096,0.0008936306990060096,1,[1],[6292]
1381,7,285,403,0.0008946206990060145,9.900000000048542e-07,2,"[1, 110]","[6242, 1]"
1382,7,285,404,0.0008937442560156237,0.0008937442560156237,1,[1],[6306]
1383,7,285,404,0.0008946742560156282,9.3000000000456e-07,1,[1],[6200]
1384,7,285,405,0.0008938670726250075,0.0008938670726250075,1,[1],[6304]
1385,7,285,405,0.0008947770726250119,9.100000000044619e-07,1,[1],[6204]
1386,7,285,406,0.0008939876621042141,0.0008939876621042141,1,[1],[6271]
1387,7,285,406,0.0008948976621042185,9.100000000044619e-07,1,[1],[6229]
1388,7,285,407,0.0008941285612516862,0.0008941285612516862,1,[1],[6265]
1389,7,285,407,0.0008950185612516906,8.900000000043639e-07,1,[1],[6272]
1390,7,285,408,0.0008942746032319656,0.0008942746032319656,1,[1],[6305]
1391,7,285,408,0.0008951146032319697,8.400000000041187e-07,1,[1],[6215]
1392,7,285,409,0.0008943941833252888,0.0008943941833252888,2,"[1, 109]","[6262, 42]"
1393,7,285,409,0.0008952141833252929,8.200000000040206e-07,2,"[1, 109]","[6195, 37]"
1394,7,285,410,0.0008944427569721604,0.0008944427569721604,2,"[1, 109]","[5358, 966]"
1395,7,285,410,0.0008951127569721637,6.700000000032852e-07,2,"[1, 109]","[5295, 939]"
1396,7,285,411,0.0008946457577479109,0.0008946457577479109,2,"[1, 109]","[5806, 483]"
1397,7,285,411,0.0008954457577479148,8.000000000039226e-07,2,"[1, 109]","[5876, 365]"
1398,7,285,412,0.0008948044841219212,0.0008948044841219212,2,"[1, 109]","[6294, 1]"
1399,7,285,412,0.0008956444841219253,8.400000000041187e-07,2,"[1, 109]","[6232, 5]"
1400,7,285,413,0.0008949441249495424,0.0008949441249495424,1,[1],[6286]
1401,7,285,413,0.0008958141249495467,8.700000000042658e-07,1,[1],[6229]
1402,7,285,414,0.0008950458360184256,0.0008950458360184256,2,"[1, 108]","[6196, 103]"
1403,7,285,414,0.0008958558360184296,8.100000000039716e-07,2,"[1, 108]","[6164, 55]"
1404,7,285,415,0.0008950104426748733,0.0008950104426748733,2,"[1, 108]","[4337, 1974]"
1405,7,285,415,0.0008956604426748765,6.500000000031871e-07,2,"[1, 108]","[4751, 1447]"
1406,7,285,416,0.0008952336596720396,0.0008952336596720396,2,"[1, 108]","[5520, 775]"
1407,7,285,416,0.0008960236596720435,7.900000000038735e-07,2,"[1, 108]","[5816, 416]"
1408,7,285,417,0.0008953755694133745,0.0008953755694133745,2,"[1, 108]","[6326, 2]"
1409,7,285,417,0.0008961855694133785,8.100000000039716e-07,1,[1],[6180]
1410,7,285,418,0.0008954803615812777,0.0008954803615812777,1,[1],[6309]
1411,7,285,418,0.000896360361581282,8.800000000043148e-07,1,[1],[6197]
1412,7,285,419,0.0008955679782237343,0.0008955679782237343,1,[1],[6290]
1413,7,285,419,0.0008965479782237391,9.800000000048052e-07,1,[1],[6210]
1414,7,285,420,0.0008956596850828991,0.0008956596850828991,1,[1],[6272]
1415,7,285,420,0.0008966896850829041,1.0300000000050503e-06,1,[1],[6233]
1416,7,285,421,0.0008957784992427559,0.0008957784992427559,1,[1],[6270]
1417,7,285,421,0.000897008499242762,1.230000000006031e-06,1,[1],[6237]
1418,7,285,422,0.0008958883949010348,0.0008958883949010348,1,[1],[6329]
1419,7,285,422,0.0008975183949010428,1.6300000000079922e-06,1,[1],[6175]
1420,7,285,423,0.0008959939551197317,0.0008959939551197317,1,[1],[6310]
1421,7,285,424,0.0008960692235043402,0.0008960692235043402,1,[1],[6258]
1422,7,285,425,0.0008962055200931762,0.0008962055200931762,1,[1],[6320]
1423,7,285,426,0.0008963192930709522,0.0008963192930709522,1,[1],[6311]
1424,7,285,427,0.0008964045886566113,0.0008964045886566113,1,[1],[6263]
1425,7,285,428,0.0008965581976711694,0.0008965581976711694,1,[1],[6297]
1426,7,285,429,0.0008966450788185086,0.0008966450788185086,1,[1],[6264]
1427,7,285,430,0.0008967571935560447,0.0008967571935560447,1,[1],[6256]
1428,7,285,431,0.0008969005152936311,0.0008969005152936311,1,[1],[6261]
1429,7,285,432,0.0008970091262906967,0.0008970091262906967,1,[1],[6279]
1430,7,285,433,0.0008971423337671995,0.0008971423337671995,1,[1],[6259]
1431,7,285,434,0.0008972972466954929,0.0008972972466954929,1,[1],[6257]
1432,7,285,435,0.0008974622418304009,0.0008974622418304009,2,"[1, 107]","[6240, 22]"
1433,7,285,436,0.0008973544733738529,0.0008973544733738529,2,"[1, 107]","[5424, 826]"
1434,7,285,437,0.0008974640774257277,0.0008974640774257277,2,"[1, 107]","[5608, 660]"
1435,7,285,438,0.0008976995975021912,0.0008976995975021912,2,"[1, 107]","[6266, 2]"
1436,7,285,439,0.0008978040396791548,0.0008978040396791548,2,"[1, 106]","[6264, 7]"
1437,7,285,440,0.0008977162165608243,0.0008977162165608243,2,"[1, 106]","[5719, 543]"
1438,7,285,441,0.0008977626229568857,0.0008977626229568857,2,"[1, 106]","[5404, 872]"
1439,7,285,442,0.0008979925213031339,0.0008979925213031339,2,"[1, 106]","[6247, 22]"
1440,7,285,443,0.0008980993116781136,0.0008980993116781136,1,[1],[6253]
1441,7,285,444,0.0008981295127210997,0.0008981295127210997,1,[1],[6254]
1442,7,285,445,0.0008980247982578074,0.0008980247982578074,2,"[1, 105]","[5908, 352]"
1443,7,285,446,0.0008975878284589852,0.0008975878284589852,4,"[1, 103, 104, 105]","[4629, 97, 164, 1367]"
1444,7,285,447,0.0008976892650578532,0.0008976892650578532,4,"[1, 103, 104, 105]","[4254, 1044, 840, 125]"
1445,7,285,448,0.0008983814941695546,0.0008983814941695546,3,"[1, 103, 104]","[5927, 249, 83]"
1446,7,285,449,0.0008983968941509025,0.0008983968941509025,2,"[1, 103]","[6258, 1]"
1447,7,285,450,0.0008983252284511186,0.0008983252284511186,1,[1],[6257]
1448,7,285,451,0.0008982398402909806,0.0008982398402909806,1,[1],[6258]
1449,7,285,452,0.0008983339647226069,0.0008983339647226069,1,[1],[6252]
1450,7,285,453,0.0008981065071305126,0.0008981065071305126,1,[1],[6266]
1451,7,285,454,0.0008982123389294398,0.0008982123389294398,1,[1],[6251]
1452,7,285,455,0.0008980397027928145,0.0008980397027928145,1,[1],[6252]
1453,7,285,456,0.0008980203591701445,0.0008980203591701445,1,[1],[6261]
1454,7,285,457,0.0008979784774801987,0.0008979784774801987,1,[1],[6269]
1455,7,285,458,0.0008979298918905203,0.0008979298918905203,1,[1],[6270]
1456,7,285,459,0.0008978973062986511,0.0008978973062986511,1,[1],[6286]
1457,7,285,460,0.0008978880763485552,0.0008978880763485552,1,[1],[6286]
1458,7,285,461,0.0008978177986519594,0.0008978177986519594,1,[1],[6277]
1459,7,285,462,0.0008978286660777132,0.0008978286660777132,1,[1],[6280]
1460,7,285,463,0.0008977931143196989,0.0008977931143196989,1,[1],[6269]
1461,7,285,464,0.000897750712039512,0.000897750712039512,2,"[1, 102]","[6201, 59]"
1462,7,285,465,0.0008975199677022321,0.0008975199677022321,2,"[1, 102]","[4825, 1462]"
1463,7,285,466,0.0008976819320407134,0.0008976819320407134,2,"[1, 102]","[5603, 673]"
1464,7,285,467,0.0008977394151356428,0.0008977394151356428,1,[1],[6251]
1465,7,285,468,0.0008977079110957082,0.0008977079110957082,1,[1],[6274]
1466,7,285,469,0.0008976730317843535,0.0008976730317843535,1,[1],[6258]
1467,7,285,470,0.0008976593770965107,0.0008976593770965107,1,[1],[6281]
1468,7,285,471,0.0008976605270586826,0.0008976605270586826,1,[1],[6257]
1469,7,285,472,0.0008976321998503345,0.0008976321998503345,1,[1],[6281]
1470,7,285,473,0.0008975771334131064,0.0008975771334131064,1,[1],[6278]
1471,7,285,474,0.0008975720895938715,0.0008975720895938715,1,[1],[6255]
1472,7,285,475,0.0008975435227388375,0.0008975435227388375,1,[1],[6275]
1473,7,285,476,0.0008975531767184411,0.0008975531767184411,1,[1],[6304]
1474,7,285,477,0.0008975001336362554,0.0008975001336362554,2,"[1, 101]","[6102, 200]"
1475,7,285,478,0.0008970584745080576,0.0008970584745080576,2,"[1, 101]","[3803, 2469]"
1476,7,285,478,0.0008981284745080628,1.0700000000052464e-06,2,"[1, 101]","[4803, 1447]"
1477,7,285,479,0.0008972941616606477,0.0008972941616606477,3,"[1, 100, 101]","[5310, 149, 802]"
1478,7,285,480,0.0008964917961795955,0.0008964917961795955,3,"[1, 100, 101]","[1309, 4989, 2]"
1479,7,285,480,0.0008974417961796001,9.500000000046581e-07,2,"[1, 100]","[4930, 1315]"
1480,7,285,481,0.0008967573122109112,0.0008967573122109112,2,"[1, 100]","[2025, 4233]"
1481,7,285,481,0.0008975673122109152,8.100000000039716e-07,2,"[1, 100]","[4276, 2002]"
1482,7,285,482,0.0008974610903248648,0.0008974610903248648,2,"[1, 100]","[5846, 438]"
1483,7,285,483,0.0008974683913547642,0.0008974683913547642,2,"[1, 100]","[6307, 1]"
1484,7,285,484,0.0008974541940800679,0.0008974541940800679,1,[1],[6278]
1485,7,285,485,0.0008974210002815267,0.0008974210002815267,1,[1],[6264]
1486,7,285,486,0.000897373415867018,0.000897373415867018,1,[1],[6267]
1487,7,285,487,0.0008973311866280416,0.0008973311866280416,1,[1],[6312]
1488,7,285,488,0.0008973113552182437,0.0008973113552182437,1,[1],[6262]
1489,7,285,489,0.0008972852845725923,0.0008972852845725923,1,[1],[6285]
1490,7,285,490,0.000897261190049949,0.000897261190049949,1,[1],[6323]
1491,7,285,491,0.000897223527830193,0.000897223527830193,1,[1],[6321]
1492,7,285,492,0.0008972024673812996,0.0008972024673812996,1,[1],[6264]
1493,7,285,493,0.0008971830350100282,0.0008971830350100282,1,[1],[6341]
1494,7,285,493,0.0008990230350100372,1.840000000009022e-06,1,[1],[6159]
1495,7,285,494,0.0008971464373936409,0.0008971464373936409,2,"[1, 99]","[6222, 49]"
1496,7,285,494,0.0008985164373936476,1.3700000000067174e-06,2,"[1, 99]","[6186, 47]"
1497,7,285,495,0.0008970002263531189,0.0008970002263531189,2,"[1, 99]","[5114, 1196]"
1498,7,285,495,0.0008977802263531227,7.800000000038245e-07,2,"[1, 99]","[5237, 1000]"
1499,7,285,496,0.0008970764891714909,0.0008970764891714909,2,"[1, 99]","[5855, 443]"
1500,7,285,496,0.0008981064891714959,1.0300000000050503e-06,2,"[1, 99]","[5878, 358]"
1501,7,285,497,0.0008971044441311525,0.0008971044441311525,3,"[1, 98, 99]","[6236, 19, 1]"
1502,7,285,497,0.0008981744441311577,1.0700000000052464e-06,2,"[1, 98]","[6228, 16]"
1503,7,285,498,0.0008969509668828437,0.0008969509668828437,2,"[1, 98]","[5211, 1073]"
1504,7,285,498,0.0008976609668828472,7.100000000034813e-07,2,"[1, 98]","[5153, 1087]"
1505,7,285,499,0.0008969480880978867,0.0008969480880978867,2,"[1, 98]","[5354, 900]"
1506,7,285,499,0.0008976380880978901,6.900000000033832e-07,2,"[1, 98]","[5402, 880]"
1507,7,285,500,0.000897016480072148,0.000897016480072148,2,"[1, 98]","[6335, 7]"
1508,7,285,500,0.000897826480072152,8.100000000039716e-07,2,"[1, 98]","[6153, 11]"
1509,7,285,501,0.0008969914209540224,0.0008969914209540224,2,"[1, 97]","[6179, 106]"
1510,7,285,501,0.0008977814209540263,7.900000000038735e-07,2,"[1, 97]","[6118, 117]"
1511,7,285,502,0.0008968152384556634,0.0008968152384556634,2,"[1, 97]","[4908, 1342]"
1512,7,285,502,0.0008973552384556661,5.400000000026477e-07,2,"[1, 97]","[4731, 1565]"
1513,7,285,502,0.0008980852384556697,7.300000000035793e-07,2,"[1, 97]","[4422, 1797]"
1514,7,285,503,0.0008969269095113018,0.0008969269095113018,2,"[1, 97]","[5906, 347]"
1515,7,285,503,0.000897586909511305,6.600000000032361e-07,3,"[1, 96, 97]","[5728, 1, 556]"
1516,7,285,504,0.0008969075580339604,0.0008969075580339604,3,"[1, 95, 96]","[5867, 2, 442]"
1517,7,285,504,0.0008975375580339634,6.30000000003089e-07,4,"[1, 95, 96, 97]","[5676, 1, 559, 1]"
1518,7,285,505,0.0008966496453540993,0.0008966496453540993,3,"[1, 95, 96]","[3544, 229, 2526]"
1519,7,285,505,0.0008970596453541013,4.100000000020103e-07,3,"[1, 95, 96]","[3303, 209, 2768]"
1520,7,285,505,0.000897409645354103,3.500000000017161e-07,3,"[1, 95, 96]","[3115, 199, 2878]"
1521,7,285,505,0.000897819645354105,4.100000000020103e-07,3,"[1, 95, 96]","[2885, 208, 3139]"
1522,7,285,506,0.000896821964568307,0.000896821964568307,4,"[1, 94, 95, 96]","[4381, 39, 1323, 509]"
1523,7,285,506,0.0008973619645683096,5.400000000026477e-07,4,"[1, 94, 95, 96]","[4296, 30, 1351, 590]"
1524,7,285,506,0.0008981019645683132,7.400000000036284e-07,4,"[1, 94, 95, 96]","[4345, 29, 1236, 637]"
1525,7,285,507,0.0008969208846346217,0.0008969208846346217,4,"[1, 94, 95, 96]","[4976, 1222, 102, 1]"
1526,7,285,507,0.0008975308846346247,6.10000000002991e-07,4,"[1, 93, 94, 95]","[5167, 1, 981, 80]"
1527,7,285,508,0.0008969852407256474,0.0008969852407256474,3,"[1, 93, 94]","[5440, 315, 511]"
1528,7,285,508,0.0008976252407256506,6.400000000031381e-07,3,"[1, 93, 94]","[5423, 453, 423]"
1529,7,285,509,0.0008969977279413156,0.0008969977279413156,3,"[1, 93, 94]","[5311, 1013, 2]"
1530,7,285,509,0.0008975977279413185,6.000000000029419e-07,2,"[1, 93]","[5068, 1182]"
1531,7,285,510,0.0008970888482754229,0.0008970888482754229,3,"[1, 92, 93]","[6175, 32, 46]"
1532,7,285,510,0.0008978688482754267,7.800000000038245e-07,3,"[1, 92, 93]","[6196, 25, 67]"
1533,7,285,511,0.0008969785846753687,0.0008969785846753687,2,"[1, 92]","[5021, 1307]"
1534,7,285,511,0.0008975485846753715,5.700000000027948e-07,2,"[1, 92]","[4959, 1274]"
1535,7,285,511,0.0008990485846753788,1.5000000000073548e-06,2,"[1, 92]","[4943, 1246]"
1536,7,285,512,0.0008970012529262381,0.0008970012529262381,2,"[1, 92]","[5503, 855]"
1537,7,285,512,0.0008976012529262411,6.000000000029419e-07,2,"[1, 92]","[5417, 747]"
1538,7,285,513,0.0008970680819429732,0.0008970680819429732,2,"[1, 92]","[6309, 1]"
1539,7,285,513,0.0008977180819429764,6.500000000031871e-07,2,"[1, 92]","[6230, 4]"
1540,7,285,514,0.000897060933758265,0.000897060933758265,1,[1],[6274]
1541,7,285,514,0.0008977309337582683,6.700000000032852e-07,1,[1],[6252]
1542,7,285,515,0.0008970572298708007,0.0008970572298708007,1,[1],[6315]
1543,7,285,515,0.0008977072298708039,6.500000000031871e-07,1,[1],[6248]
1544,7,285,516,0.0008970527531882233,0.0008970527531882233,1,[1],[6336]
1545,7,285,516,0.0008976827531882264,6.30000000003089e-07,1,[1],[6193]
1546,7,285,517,0.0008970460227448481,0.0008970460227448481,1,[1],[6321]
1547,7,285,517,0.0008976760227448512,6.30000000003089e-07,1,[1],[6256]
1548,7,285,518,0.0008970327678090198,0.0008970327678090198,2,"[1, 91]","[6288, 41]"
1549,7,285,518,0.0008976427678090228,6.10000000002991e-07,2,"[1, 91]","[6195, 34]"
1550,7,285,519,0.0008969365726990755,0.0008969365726990755,2,"[1, 91]","[5124, 1183]"
1551,7,285,519,0.0008974765726990782,5.400000000026477e-07,2,"[1, 91]","[5196, 1012]"
1552,7,285,519,0.0008982765726990821,8.000000000039226e-07,2,"[1, 91]","[5385, 882]"
1553,7,285,520,0.0008970028965183991,0.0008970028965183991,2,"[1, 91]","[5790, 500]"
1554,7,285,520,0.0008976228965184021,6.2000000000304e-07,2,"[1, 91]","[5829, 423]"
1555,7,285,521,0.0008970172506910305,0.0008970172506910305,2,"[1, 91]","[6273, 5]"
1556,7,285,521,0.0008976472506910336,6.30000000003089e-07,2,"[1, 91]","[6262, 1]"
1557,7,285,522,0.0008970114552959157,0.0008970114552959157,1,[1],[6266]
1558,7,285,522,0.0008976614552959189,6.500000000031871e-07,1,[1],[6281]
1559,7,285,523,0.0008969996811262194,0.0008969996811262194,1,[1],[6338]
1560,7,285,523,0.0008976296811262225,6.30000000003089e-07,1,[1],[6228]
1561,7,285,524,0.0008969700833320972,0.0008969700833320972,2,"[1, 90]","[6245, 27]"
1562,7,285,524,0.0008976000833321003,6.30000000003089e-07,2,"[1, 90]","[6217, 64]"
1563,7,285,525,0.0008968046655243787,0.0008968046655243787,2,"[1, 90]","[4957, 1391]"
1564,7,285,525,0.0008972346655243808,4.300000000021084e-07,2,"[1, 90]","[4218, 1945]"
1565,7,285,525,0.0008976446655243829,4.100000000020103e-07,2,"[1, 90]","[3842, 2496]"
1566,7,285,525,0.0008981646655243854,5.200000000025497e-07,2,"[1, 90]","[3120, 3100]"
1567,7,285,526,0.0008967737890117911,0.0008967737890117911,2,"[1, 90]","[5005, 1280]"
1568,7,285,526,0.0008972037890117932,4.300000000021084e-07,2,"[1, 90]","[4645, 1699]"
1569,7,285,526,0.0008976337890117954,4.300000000021084e-07,2,"[1, 90]","[4286, 1959]"
1570,7,285,526,0.0008982837890117985,6.500000000031871e-07,2,"[1, 90]","[3595, 2539]"
1571,7,285,527,0.0008968268513837567,0.0008968268513837567,2,"[1, 90]","[6223, 30]"
1572,7,285,527,0.0008973868513837594,5.600000000027458e-07,2,"[1, 90]","[6314, 40]"
1573,7,285,527,0.0008982468513837636,8.600000000042168e-07,3,"[1, 89, 90]","[6108, 1, 40]"
1574,7,285,528,0.0008967877103769046,0.0008967877103769046,2,"[1, 89]","[6086, 268]"
1575,7,285,528,0.0008973277103769072,5.400000000026477e-07,2,"[1, 89]","[6074, 180]"
1576,7,285,528,0.0008980577103769108,7.300000000035793e-07,2,"[1, 89]","[6006, 153]"
1577,7,285,529,0.0008966162793929664,0.0008966162793929664,2,"[1, 89]","[4239, 2073]"
1578,7,285,529,0.0008970762793929686,4.600000000022555e-07,2,"[1, 89]","[4436, 1773]"
1579,7,285,529,0.0008975362793929709,4.600000000022555e-07,2,"[1, 89]","[4724, 1517]"
1580,7,285,530,0.0008968027232232131,0.0008968027232232131,2,"[1, 89]","[5867, 473]"
1581,7,285,530,0.0008974027232232161,6.000000000029419e-07,2,"[1, 89]","[5902, 336]"
1582,7,285,531,0.0008968170598285458,0.0008968170598285458,1,[1],[6301]
1583,7,285,531,0.0008974470598285489,6.30000000003089e-07,2,"[1, 89]","[6251, 1]"
1584,7,285,532,0.0008967770505660528,0.0008967770505660528,1,[1],[6257]
1585,7,285,532,0.000897417050566056,6.400000000031381e-07,1,[1],[6254]
1586,7,285,533,0.0008967336290087362,0.0008967336290087362,2,"[1, 88]","[6295, 3]"
1587,7,285,533,0.0008973736290087393,6.400000000031381e-07,1,[1],[6213]
1588,7,285,534,0.0008966579772119056,0.0008966579772119056,2,"[1, 88]","[5752, 528]"
1589,7,285,534,0.0008972379772119085,5.800000000028439e-07,2,"[1, 88]","[5663, 564]"
1590,7,285,535,0.0008966378699242279,0.0008966378699242279,2,"[1, 88]","[5219, 1067]"
1591,7,285,535,0.0008972078699242307,5.700000000027948e-07,2,"[1, 88]","[5060, 1181]"
1592,7,285,535,0.0008986378699242377,1.4300000000070116e-06,2,"[1, 88]","[4994, 1230]"
1593,7,285,536,0.0008967238575821845,0.0008967238575821845,3,"[1, 87, 88]","[6111, 188, 31]"
1594,7,285,536,0.0008974738575821882,7.500000000036774e-07,3,"[1, 87, 88]","[6043, 126, 39]"
1595,7,285,537,0.0008964576591513083,0.0008964576591513083,2,"[1, 87]","[4126, 2129]"
1596,7,285,537,0.0008969876591513109,5.300000000025987e-07,2,"[1, 87]","[4568, 1751]"
1597,7,285,537,0.0008976676591513143,6.800000000033342e-07,2,"[1, 87]","[4738, 1466]"
1598,7,285,538,0.0008965562997616881,0.0008965562997616881,2,"[1, 87]","[5738, 554]"
1599,7,285,538,0.000897156299761691,6.000000000029419e-07,2,"[1, 87]","[5832, 422]"
1600,7,285,539,0.0008966025489374649,0.0008966025489374649,3,"[1, 86, 87]","[6283, 4, 1]"
1601,7,285,539,0.000897242548937468,6.400000000031381e-07,3,"[1, 86, 87]","[6209, 8, 1]"
1602,7,285,540,0.0008964310303414319,0.0008964310303414319,2,"[1, 86]","[4896, 1368]"
1603,7,285,540,0.0008969310303414343,5.000000000024516e-07,2,"[1, 86]","[4842, 1404]"
1604,7,285,540,0.0008975310303414373,6.000000000029419e-07,2,"[1, 86]","[4834, 1406]"
1605,7,285,541,0.0008962942802252193,0.0008962942802252193,2,"[1, 86]","[3536, 2746]"
1606,7,285,541,0.0008967342802252214,4.400000000021574e-07,2,"[1, 86]","[3608, 2723]"
1607,7,285,541,0.0008971242802252234,3.9000000000191225e-07,2,"[1, 86]","[3506, 2666]"
1608,7,285,541,0.0008976842802252261,5.600000000027458e-07,2,"[1, 86]","[3437, 2783]"
1609,7,285,542,0.0008965983540545032,0.0008965983540545032,2,"[1, 86]","[6076, 177]"
1610,7,285,542,0.0008972983540545067,7.000000000034323e-07,2,"[1, 86]","[6151, 161]"
1611,7,285,543,0.0008966045034459832,0.0008966045034459832,1,[1],[6293]
1612,7,285,543,0.0008973345034459868,7.300000000035793e-07,1,[1],[6239]
1613,7,285,544,0.0008965984672881859,0.0008965984672881859,2,"[1, 85]","[6294, 2]"
1614,7,285,544,0.0008973384672881895,7.400000000036284e-07,2,"[1, 85]","[6236, 1]"
1615,7,285,545,0.0008964748807168489,0.0008964748807168489,4,"[1, 84, 85, 419]","[5420, 41, 821, 6]"
1616,7,285,545,0.0008971348807168522,6.600000000032361e-07,4,"[1, 84, 85, 420]","[5686, 69, 486, 1]"
1617,7,285,546,0.00089615601999798,0.00089615601999798,5,"[1, 84, 85, 419, 420]","[2911, 494, 2848, 10, 1]"
1618,7,285,546,0.0008966160199979823,4.600000000022555e-07,5,"[1, 84, 85, 419, 420]","[3401, 686, 2222, 5, 2]"
1619,7,285,546,0.0008970660199979845,4.5000000000220645e-07,4,"[1, 84, 85, 419]","[3616, 796, 1821, 4]"
1620,7,285,546,0.0008980260199979892,9.60000000004707e-07,5,"[1, 84, 85, 419, 420]","[3699, 1022, 1468, 2, 1]"
1621,7,285,547,0.0008964619065606016,0.0008964619065606016,5,"[1, 84, 85, 419, 420]","[5725, 216, 347, 1, 1]"
1622,7,285,547,0.0008971019065606048,6.400000000031381e-07,4,"[1, 84, 85, 420]","[5658, 289, 270, 1]"
1623,7,285,548,0.0008964723655543101,0.0008964723655543101,2,"[1, 85]","[6274, 1]"
1624,7,285,548,0.0008971923655543136,7.200000000035303e-07,1,[1],[6267]
1625,7,285,549,0.0008964692647248721,0.0008964692647248721,1,[1],[6301]
1626,7,285,549,0.0008971992647248757,7.300000000035793e-07,1,[1],[6252]
1627,7,285,550,0.0008964455397408186,0.0008964455397408186,1,[1],[6322]
1628,7,285,550,0.0008971655397408221,7.200000000035303e-07,1,[1],[6245]
1629,7,285,551,0.0008964313791943597,0.0008964313791943597,1,[1],[6283]
1630,7,285,551,0.0008971913791943634,7.600000000037264e-07,1,[1],[6258]
1631,7,285,552,0.000896407229094512,0.000896407229094512,1,[1],[6294]
1632,7,285,552,0.0008971772290945158,7.700000000037755e-07,1,[1],[6221]
1633,7,285,553,0.0008963877905023612,0.0008963877905023612,1,[1],[6325]
1634,7,285,553,0.0008971577905023649,7.700000000037755e-07,1,[1],[6190]
1635,7,285,554,0.0008963909045804384,0.0008963909045804384,1,[1],[6300]
1636,7,285,554,0.0008972009045804424,8.100000000039716e-07,1,[1],[6205]
1637,7,285,555,0.0008963693419689877,0.0008963693419689877,1,[1],[6251]
1638,7,285,555,0.0008971793419689917,8.100000000039716e-07,1,[1],[6274]
1639,7,285,556,0.0008963517294043221,0.0008963517294043221,1,[1],[6320]
1640,7,285,556,0.0008971717294043261,8.200000000040206e-07,1,[1],[6218]
1641,7,285,557,0.0008963325032153582,0.0008963325032153582,1,[1],[6260]
1642,7,285,557,0.0008971825032153623,8.500000000041677e-07,1,[1],[6255]
1643,7,285,558,0.0008963051352166378,0.0008963051352166378,1,[1],[6325]
1644,7,285,558,0.0008971351352166419,8.300000000040697e-07,1,[1],[6175]
1645,7,285,559,0.0008963101244288816,0.0008963101244288816,1,[1],[6266]
1646,7,285,559,0.0008972401244288861,9.3000000000456e-07,1,[1],[6246]
1647,7,285,560,0.000896272807484056,0.000896272807484056,2,"[1, 83]","[6251, 5]"
1648,7,285,560,0.0008971828074840605,9.100000000044619e-07,2,"[1, 83]","[6249, 4]"
1649,7,285,561,0.0008961264742430894,0.0008961264742430894,2,"[1, 83]","[5044, 1242]"
1650,7,285,561,0.0008968464742430929,7.200000000035303e-07,2,"[1, 83]","[5535, 717]"
1651,7,285,562,0.0008960027187489058,0.0008960027187489058,2,"[1, 83]","[4161, 2180]"
1652,7,285,562,0.0008966227187489088,6.2000000000304e-07,2,"[1, 83]","[4751, 1428]"
1653,7,285,563,0.0008962128339396152,0.0008962128339396152,2,"[1, 83]","[6218, 67]"
1654,7,285,563,0.0008972928339396205,1.0800000000052955e-06,3,"[1, 82, 83]","[6192, 1, 37]"
1655,7,285,564,0.0008961928853938645,0.0008961928853938645,2,"[1, 82]","[6233, 47]"
1656,7,285,564,0.00089730288539387,1.1100000000054426e-06,2,"[1, 82]","[6161, 70]"
1657,7,285,565,0.000896044480646135,0.000896044480646135,2,"[1, 82]","[5271, 1017]"
1658,7,285,565,0.0008967644806461385,7.200000000035303e-07,2,"[1, 82]","[4876, 1336]"
1659,7,285,566,0.000896119332588902,0.000896119332588902,2,"[1, 82]","[5924, 378]"
1660,7,285,566,0.0008971093325889068,9.900000000048542e-07,2,"[1, 82]","[5684, 548]"
1661,7,285,567,0.0008961442868956548,0.0008961442868956548,2,"[1, 82]","[6271, 1]"
1662,7,285,568,0.0008961106953199001,0.0008961106953199001,1,[1],[6263]
1663,7,285,569,0.0008960638377095541,0.0008960638377095541,3,"[1, 80, 81]","[5938, 122, 200]"
1664,7,285,569,0.000897473837709561,1.4100000000069135e-06,3,"[1, 80, 81]","[5992, 150, 105]"
1665,7,285,570,0.0008957332534008691,0.0008957332534008691,4,"[1, 79, 80, 81]","[3598, 31, 1011, 1683]"
1666,7,285,570,0.000896323253400872,5.900000000028929e-07,4,"[1, 79, 80, 81]","[3839, 34, 1172, 1192]"
1667,7,285,571,0.0008958790472697305,0.0008958790472697305,4,"[1, 79, 80, 81]","[4199, 1566, 216, 327]"
1668,7,285,571,0.0008965690472697339,6.900000000033832e-07,4,"[1, 79, 80, 81]","[4035, 1738, 224, 210]"
1669,7,285,572,0.0008960179953562844,0.0008960179953562844,2,"[1, 79]","[5092, 1183]"
1670,7,285,572,0.0008972479953562904,1.230000000006031e-06,3,"[1, 79, 80]","[4706, 1518, 2]"
1671,7,285,573,0.0008962303303337829,0.0008962303303337829,2,"[1, 79]","[6284, 6]"
1672,7,285,574,0.0008963201428106297,0.0008963201428106297,2,"[1, 78]","[6281, 1]"
1673,7,285,575,0.0008962408912051738,0.0008962408912051738,3,"[1, 77, 78]","[5877, 33, 376]"
1674,7,285,576,0.0008958568909725146,0.0008958568909725146,3,"[1, 77, 78]","[4214, 1362, 703]"
1675,7,285,576,0.0008969768909725201,1.1200000000054916e-06,3,"[1, 77, 78]","[4601, 813, 818]"
1676,7,285,577,0.0008962053312115552,0.0008962053312115552,3,"[1, 77, 78]","[5229, 989, 40]"
1677,7,285,578,0.0008966672231212142,0.0008966672231212142,2,"[1, 77]","[6250, 3]"
1678,7,285,579,0.0008966483477386525,0.0008966483477386525,2,"[1, 76]","[5627, 646]"
1679,7,285,580,0.0008961490470198422,0.0008961490470198422,2,"[1, 76]","[3468, 2790]"
1680,7,286,366,0.0008907616139945617,0.0008907616139945617,2,"[1, 116]","[5097, 1153]"
1681,7,286,367,0.0008909726735939344,0.0008909726735939344,2,"[1, 116]","[6160, 97]"
1682,7,286,368,0.0008909910274423228,0.0008909910274423228,1,[1],[6267]
1683,7,286,369,0.0008908791238638599,0.0008908791238638599,1,[1],[6256]
1684,7,286,370,0.0008908539069700464,0.0008908539069700464,1,[1],[6280]
1685,7,286,371,0.000890856214946818,0.000890856214946818,1,[1],[6275]
1686,7,286,372,0.0008908533997362033,0.0008908533997362033,1,[1],[6297]
1687,7,286,373,0.0008908501270496991,0.0008908501270496991,1,[1],[6290]
1688,7,286,374,0.0008908827844497714,0.0008908827844497714,1,[1],[6275]
1689,7,286,375,0.0008908989380084254,0.0008908989380084254,1,[1],[6272]
1690,7,286,376,0.0008909261967207945,0.0008909261967207945,1,[1],[6261]
1691,7,286,377,0.0008909662668835922,0.0008909662668835922,2,"[1, 115]","[6219, 55]"
1692,7,286,378,0.0008908892176458597,0.0008908892176458597,2,"[1, 115]","[5482, 816]"
1693,7,286,378,0.0008920292176458653,1.1400000000055897e-06,2,"[1, 115]","[5205, 1006]"
1694,7,286,379,0.0008909824082265605,0.0008909824082265605,3,"[1, 114, 115]","[5891, 133, 281]"
1695,7,286,379,0.0008921324082265662,1.1500000000056387e-06,3,"[1, 114, 115]","[5712, 209, 276]"
1696,7,286,380,0.0008909592352170498,0.0008909592352170498,3,"[1, 114, 115]","[5102, 1206, 1]"
1697,7,286,380,0.0008916992352170534,7.400000000036284e-07,2,"[1, 114]","[4868, 1372]"
1698,7,286,381,0.0008911410046317494,0.0008911410046317494,2,"[1, 114]","[6124, 210]"
1699,7,286,381,0.0008920510046317539,9.100000000044619e-07,2,"[1, 114]","[6027, 175]"
1700,7,286,382,0.0008912612689265392,0.0008912612689265392,2,"[1, 113]","[6292, 13]"
1701,7,286,382,0.0008922212689265439,9.60000000004707e-07,2,"[1, 113]","[6170, 25]"
1702,7,286,383,0.0008912847781715324,0.0008912847781715324,2,"[1, 113]","[5502, 825]"
1703,7,286,383,0.0008919847781715359,7.000000000034323e-07,2,"[1, 113]","[5187, 998]"
1704,7,286,384,0.0008914326088228692,0.0008914326088228692,2,"[1, 113]","[5701, 605]"
1705,7,286,384,0.0008922326088228732,8.000000000039226e-07,2,"[1, 113]","[5574, 638]"
1706,7,286,385,0.0008915847950556475,0.0008915847950556475,2,"[1, 113]","[6299, 7]"
1707,7,286,385,0.0008925347950556521,9.500000000046581e-07,2,"[1, 113]","[6203, 2]"
1708,7,286,386,0.000891702922815486,0.000891702922815486,1,[1],[6327]
1709,7,286,386,0.0008925929228154904,8.900000000043639e-07,1,[1],[6176]
1710,7,286,387,0.0008917804948294453,0.0008917804948294453,1,[1],[6252]
1711,7,286,387,0.0008927004948294498,9.20000000004511e-07,1,[1],[6278]
1712,7,286,388,0.0008918994897666087,0.0008918994897666087,1,[1],[6280]
1713,7,286,388,0.0008927994897666131,9.000000000044129e-07,1,[1],[6251]
1714,7,286,389,0.0008920006171809044,0.0008920006171809044,1,[1],[6259]
1715,7,286,389,0.0008929106171809088,9.100000000044619e-07,1,[1],[6267]
1716,7,286,390,0.00089211257370268,0.00089211257370268,1,[1],[6325]
1717,7,286,390,0.0008930025737026844,8.900000000043639e-07,1,[1],[6201]
1718,7,286,391,0.0008922153692988184,0.0008922153692988184,1,[1],[6339]
1719,7,286,391,0.0008930753692988227,8.600000000042168e-07,1,[1],[6201]
1720,7,286,392,0.0008923312741435411,0.0008923312741435411,2,"[1, 112]","[6299, 2]"
1721,7,286,392,0.0008932112741435454,8.800000000043148e-07,2,"[1, 112]","[6234, 7]"
1722,7,286,393,0.0008923493810061524,0.0008923493810061524,2,"[1, 112]","[5751, 533]"
1723,7,286,393,0.0008930193810061557,6.700000000032852e-07,2,"[1, 112]","[5454, 795]"
1724,7,286,394,0.0008923832325841123,0.0008923832325841123,2,"[1, 112]","[5311, 953]"
1725,7,286,394,0.0008929832325841152,6.000000000029419e-07,2,"[1, 112]","[5236, 1077]"
1726,7,286,395,0.0008925582617435324,0.0008925582617435324,2,"[1, 112]","[6231, 20]"
1727,7,286,395,0.0008932682617435359,7.100000000034813e-07,2,"[1, 112]","[6249, 22]"
1728,7,286,396,0.0008926793163224249,0.0008926793163224249,1,[1],[6252]
1729,7,286,396,0.0008934293163224286,7.500000000036774e-07,1,[1],[6300]
1730,7,286,397,0.000892784660962931,0.000892784660962931,2,"[1, 111]","[6286, 2]"
1731,7,286,397,0.0008935346609629346,7.500000000036774e-07,2,"[1, 111]","[6256, 7]"
1732,7,286,398,0.0008928502763228449,0.0008928502763228449,2,"[1, 111]","[5732, 541]"
1733,7,286,398,0.000893490276322848,6.400000000031381e-07,2,"[1, 111]","[5579, 729]"
1734,7,286,399,0.0008929860309296757,0.0008929860309296757,2,"[1, 111]","[5492, 789]"
1735,7,286,399,0.0008936660309296791,6.800000000033342e-07,2,"[1, 111]","[5312, 966]"
1736,7,286,400,0.000893216526940767,0.000893216526940767,3,"[1, 110, 111]","[6152, 95, 10]"
1737,7,286,400,0.0008941465269407716,9.3000000000456e-07,3,"[1, 110, 111]","[6127, 123, 15]"
1738,7,286,401,0.0008932591883893336,0.0008932591883893336,2,"[1, 110]","[4968, 1314]"
1739,7,286,401,0.0008939591883893371,7.000000000034323e-07,2,"[1, 110]","[4775, 1481]"
1740,7,286,402,0.0008934868722486738,0.0008934868722486738,2,"[1, 110]","[5929, 353]"
1741,7,286,402,0.0008945668722486791,1.0800000000052955e-06,2,"[1, 110]","[5929, 299]"
1742,7,286,403,0.0008936893049861608,0.0008936893049861608,2,"[1, 110]","[6323, 1]"
1743,7,286,403,0.000894959304986167,1.270000000006227e-06,1,[1],[6184]
1744,7,286,404,0.0008938174375302769,0.0008938174375302769,1,[1],[6278]
1745,7,286,404,0.0008954474375302849,1.6300000000079922e-06,1,[1],[6222]
1746,7,286,405,0.000893947278841526,0.000893947278841526,1,[1],[6313]
1747,7,286,405,0.0008953872788415331,1.4400000000070606e-06,1,[1],[6193]
1748,7,286,406,0.0008941138249534175,0.0008941138249534175,1,[1],[6294]
1749,7,286,407,0.0008942514405438079,0.0008942514405438079,1,[1],[6294]
1750,7,286,408,0.0008944093507391479,0.0008944093507391479,1,[1],[6285]
1751,7,286,409,0.0008945494898369539,0.0008945494898369539,2,"[1, 109]","[6272, 24]"
1752,7,286,410,0.0008945847719036243,0.0008945847719036243,2,"[1, 109]","[5368, 891]"
1753,7,286,410,0.0008956547719036295,1.0700000000052464e-06,2,"[1, 109]","[5367, 874]"
1754,7,286,411,0.0008948515042632233,0.0008948515042632233,2,"[1, 109]","[5865, 458]"
1755,7,286,412,0.0008950333611808439,0.0008950333611808439,2,"[1, 109]","[6289, 3]"
1756,7,286,413,0.0008951637991870432,0.0008951637991870432,1,[1],[6306]
1757,7,286,414,0.0008953112982566442,0.0008953112982566442,2,"[1, 108]","[6220, 92]"
1758,7,286,415,0.0008951941395139426,0.0008951941395139426,2,"[1, 108]","[4216, 2090]"
1759,7,286,415,0.0008963441395139482,1.1500000000056387e-06,2,"[1, 108]","[4814, 1387]"
1760,7,286,416,0.0008954636011653617,0.0008954636011653617,2,"[1, 108]","[5452, 809]"
1761,7,286,417,0.0008955509660554346,0.0008955509660554346,2,"[1, 108]","[6306, 1]"
1762,7,286,418,0.0008956133834104843,0.0008956133834104843,1,[1],[6265]
1763,7,286,419,0.0008956733109207255,0.0008956733109207255,1,[1],[6300]
1764,7,286,420,0.0008957190607927927,0.0008957190607927927,1,[1],[6296]
1765,7,286,420,0.0008971890607927999,1.4700000000072077e-06,1,[1],[6210]
1766,7,286,421,0.0008957574749040135,0.0008957574749040135,1,[1],[6265]
1767,7,286,421,0.000896877474904019,1.1200000000054916e-06,1,[1],[6251]
1768,7,286,422,0.0008958290733376577,0.0008958290733376577,1,[1],[6333]
1769,7,286,422,0.0008968490733376627,1.0200000000050013e-06,1,[1],[6200]
1770,7,286,423,0.0008958882277014805,0.0008958882277014805,1,[1],[6334]
1771,7,286,423,0.0008968282277014851,9.40000000004609e-07,1,[1],[6184]
1772,7,286,424,0.0008959440173201254,0.0008959440173201254,1,[1],[6287]
1773,7,286,424,0.0008968240173201298,8.800000000043148e-07,1,[1],[6240]
1774,7,286,425,0.000895983849126667,0.000895983849126667,1,[1],[6261]
1775,7,286,425,0.0008968138491266711,8.300000000040697e-07,1,[1],[6264]
1776,7,286,426,0.0008960730296185535,0.0008960730296185535,1,[1],[6289]
1777,7,286,426,0.0008968730296185575,8.000000000039226e-07,1,[1],[6233]
1778,7,286,427,0.0008961285426244746,0.0008961285426244746,1,[1],[6273]
1779,7,286,427,0.0008968885426244783,7.600000000037264e-07,1,[1],[6275]
1780,7,286,428,0.0008961776694003809,0.0008961776694003809,1,[1],[6280]
1781,7,286,428,0.0008968976694003844,7.200000000035303e-07,1,[1],[6266]
1782,7,286,429,0.0008962597267181646,0.0008962597267181646,1,[1],[6287]
1783,7,286,429,0.0008969697267181681,7.100000000034813e-07,1,[1],[6280]
1784,7,286,430,0.0008963376012623559,0.0008963376012623559,1,[1],[6260]
1785,7,286,430,0.0008970176012623592,6.800000000033342e-07,1,[1],[6257]
1786,7,286,431,0.0008963832415842828,0.0008963832415842828,1,[1],[6332]
1787,7,286,431,0.000897043241584286,6.600000000032361e-07,1,[1],[6190]
1788,7,286,432,0.0008964536637792434,0.0008964536637792434,1,[1],[6283]
1789,7,286,432,0.0008971036637792466,6.500000000031871e-07,1,[1],[6239]
1790,7,286,433,0.0008965224475024916,0.0008965224475024916,1,[1],[6329]
1791,7,286,433,0.0008971624475024948,6.400000000031381e-07,1,[1],[6229]
1792,7,286,434,0.0008965948216753083,0.0008965948216753083,1,[1],[6287]
1793,7,286,434,0.0008972148216753114,6.2000000000304e-07,1,[1],[6255]
1794,7,286,435,0.0008966533043062358,0.0008966533043062358,2,"[1, 107]","[6270, 18]"
1795,7,286,435,0.0008972533043062387,6.000000000029419e-07,2,"[1, 107]","[6196, 19]"
1796,7,286,436,0.0008966472826662123,0.0008966472826662123,2,"[1, 107]","[5373, 980]"
1797,7,286,436,0.0008971372826662147,4.900000000024026e-07,2,"[1, 107]","[4986, 1209]"
1798,7,286,436,0.0008977072826662174,5.700000000027948e-07,2,"[1, 107]","[4926, 1277]"
1799,7,286,437,0.0008966993691213404,0.0008966993691213404,2,"[1, 107]","[5569, 753]"
1800,7,286,437,0.0008971993691213429,5.000000000024516e-07,2,"[1, 107]","[5495, 800]"
1801,7,286,437,0.0008977693691213457,5.700000000027948e-07,2,"[1, 107]","[5243, 896]"
1802,7,286,438,0.000896788388507825,0.000896788388507825,2,"[1, 107]","[6326, 3]"
1803,7,286,438,0.0008973483885078278,5.600000000027458e-07,2,"[1, 107]","[6188, 8]"
1804,7,286,438,0.0008983383885078326,9.900000000048542e-07,2,"[1, 107]","[6218, 7]"
1805,7,286,439,0.0008968402989564192,0.0008968402989564192,2,"[1, 106]","[6313, 3]"
1806,7,286,439,0.0008973802989564218,5.400000000026477e-07,2,"[1, 106]","[6259, 1]"
1807,7,286,439,0.0008982502989564261,8.700000000042658e-07,2,"[1, 106]","[6188, 3]"
1808,7,286,440,0.0008968347852820525,0.0008968347852820525,2,"[1, 106]","[5777, 560]"
1809,7,286,440,0.000897354785282055,5.200000000025497e-07,2,"[1, 106]","[5715, 485]"
1810,7,286,440,0.0008980047852820582,6.500000000031871e-07,2,"[1, 106]","[5732, 509]"
1811,7,286,441,0.0008968337049724713,0.0008968337049724713,2,"[1, 106]","[5411, 907]"
1812,7,286,441,0.0008973237049724737,4.900000000024026e-07,2,"[1, 106]","[5456, 801]"
1813,7,286,441,0.0008978937049724765,5.700000000027948e-07,2,"[1, 106]","[5463, 726]"
1814,7,286,442,0.0008969303558990412,0.0008969303558990412,2,"[1, 106]","[6287, 34]"
1815,7,286,442,0.0008974603558990438,5.300000000025987e-07,2,"[1, 106]","[6244, 17]"
1816,7,286,442,0.0008982603558990478,8.000000000039226e-07,2,"[1, 106]","[6174, 15]"
1817,7,286,443,0.0008969452750113886,0.0008969452750113886,1,[1],[6270]
1818,7,286,443,0.0008974852750113912,5.400000000026477e-07,1,[1],[6281]
1819,7,286,443,0.0008982752750113951,7.900000000038735e-07,1,[1],[6202]
1820,7,286,444,0.0008969712678858311,0.0008969712678858311,1,[1],[6336]
1821,7,286,444,0.0008975012678858337,5.300000000025987e-07,1,[1],[6274]
1822,7,286,444,0.0008983112678858377,8.100000000039716e-07,1,[1],[6141]
1823,7,286,445,0.0008969491118996698,0.0008969491118996698,2,"[1, 105]","[5998, 309]"
1824,7,286,445,0.0008974691118996724,5.200000000025497e-07,2,"[1, 105]","[5944, 310]"
1825,7,286,445,0.0008981091118996755,6.400000000031381e-07,2,"[1, 105]","[5797, 415]"
1826,7,286,446,0.0008968228043123805,0.0008968228043123805,4,"[1, 103, 104, 105]","[4846, 95, 159, 1176]"
1827,7,286,446,0.0008972428043123826,4.2000000000205935e-07,4,"[1, 103, 104, 105]","[4747, 79, 184, 1378]"
1828,7,286,446,0.0008976128043123844,3.700000000018142e-07,4,"[1, 103, 104, 105]","[4552, 56, 160, 1417]"
1829,7,286,446,0.0008981128043123868,5.000000000024516e-07,4,"[1, 103, 104, 105]","[4436, 63, 162, 1509]"
1830,7,286,447,0.0008968471553121827,0.0008968471553121827,4,"[1, 103, 104, 105]","[4184, 1065, 907, 102]"
1831,7,286,447,0.0008972871553121849,4.400000000021574e-07,4,"[1, 103, 104, 105]","[4368, 932, 944, 125]"
1832,7,286,447,0.0008977071553121869,4.2000000000205935e-07,4,"[1, 103, 104, 105]","[4193, 854, 951, 136]"
1833,7,286,447,0.0008984971553121908,7.900000000038735e-07,4,"[1, 103, 104, 105]","[4331, 764, 1010, 142]"
1834,7,286,448,0.0008970334928365167,0.0008970334928365167,4,"[1, 103, 104, 105]","[5997, 242, 96, 1]"
1835,7,286,448,0.0008976034928365195,5.700000000027948e-07,3,"[1, 103, 104]","[5989, 187, 84]"
1836,7,286,448,0.0008986734928365247,1.0700000000052464e-06,3,"[1, 103, 104]","[5896, 166, 101]"
1837,7,286,449,0.0008970412414179108,0.0008970412414179108,1,[1],[6298]
1838,7,286,449,0.0008976112414179136,5.700000000027948e-07,1,[1],[6251]
1839,7,286,449,0.0008988112414179195,1.2000000000058839e-06,1,[1],[6206]
1840,7,286,450,0.0008970392020090852,0.0008970392020090852,1,[1],[6284]
1841,7,286,450,0.0008976192020090881,5.800000000028439e-07,1,[1],[6315]
1842,7,286,451,0.0008970439817857084,0.0008970439817857084,1,[1],[6339]
1843,7,286,451,0.0008976139817857112,5.700000000027948e-07,1,[1],[6207]
1844,7,286,451,0.0008989539817857178,1.3400000000065703e-06,1,[1],[6204]
1845,7,286,452,0.00089704929425752,0.00089704929425752,1,[1],[6355]
1846,7,286,452,0.0008976092942575227,5.600000000027458e-07,1,[1],[6161]
1847,7,286,453,0.0008970324591230537,0.0008970324591230537,1,[1],[6330]
1848,7,286,453,0.0008976024591230565,5.700000000027948e-07,1,[1],[6214]
1849,7,286,453,0.0008990324591230635,1.4300000000070116e-06,1,[1],[6209]
1850,7,286,454,0.0008970293975219278,0.0008970293975219278,1,[1],[6251]
1851,7,286,454,0.0008976093975219307,5.800000000028439e-07,1,[1],[6265]
1852,7,286,455,0.0008970341551654837,0.0008970341551654837,1,[1],[6262]
1853,7,286,455,0.0008976141551654865,5.800000000028439e-07,1,[1],[6305]
1854,7,286,456,0.0008970287420465975,0.0008970287420465975,1,[1],[6276]
1855,7,286,456,0.0008976287420466004,6.000000000029419e-07,1,[1],[6295]
1856,7,286,457,0.0008970378625918261,0.0008970378625918261,1,[1],[6327]
1857,7,286,457,0.0008976378625918291,6.000000000029419e-07,1,[1],[6260]
1858,7,286,458,0.0008970454840654716,0.0008970454840654716,1,[1],[6266]
1859,7,286,458,0.0008976454840654745,6.000000000029419e-07,1,[1],[6274]
1860,7,286,459,0.0008970347636222693,0.0008970347636222693,1,[1],[6329]
1861,7,286,459,0.0008976347636222722,6.000000000029419e-07,1,[1],[6189]
1862,7,286,460,0.0008970420270711041,0.0008970420270711041,1,[1],[6326]
1863,7,286,460,0.000897642027071107,6.000000000029419e-07,1,[1],[6190]
1864,7,286,461,0.0008970392513315315,0.0008970392513315315,1,[1],[6310]
1865,7,286,461,0.0008976492513315345,6.10000000002991e-07,1,[1],[6264]
1866,7,286,462,0.0008970523277832772,0.0008970523277832772,1,[1],[6329]
1867,7,286,462,0.0008976523277832801,6.000000000029419e-07,1,[1],[6203]
1868,7,286,463,0.0008970459661969106,0.0008970459661969106,1,[1],[6279]
1869,7,286,463,0.0008976659661969137,6.2000000000304e-07,1,[1],[6287]
1870,7,286,464,0.0008970270151705251,0.0008970270151705251,2,"[1, 102]","[6245, 44]"
1871,7,286,464,0.0008976370151705281,6.10000000002991e-07,2,"[1, 102]","[6216, 55]"
1872,7,286,465,0.0008969213749677132,0.0008969213749677132,2,"[1, 102]","[4856, 1429]"
1873,7,286,465,0.0008974413749677157,5.200000000025497e-07,2,"[1, 102]","[4880, 1422]"
1874,7,286,465,0.000898111374967719,6.700000000032852e-07,2,"[1, 102]","[4822, 1387]"
1875,7,286,466,0.0008970252511756072,0.0008970252511756072,2,"[1, 102]","[5695, 651]"
1876,7,286,466,0.0008976152511756101,5.900000000028929e-07,2,"[1, 102]","[5537, 668]"
1877,7,286,467,0.0008970373200738404,0.0008970373200738404,1,[1],[6255]
1878,7,286,467,0.0008976973200738437,6.600000000032361e-07,2,"[1, 102]","[6321, 1]"
1879,7,286,468,0.0008970634609000431,0.0008970634609000431,1,[1],[6328]
1880,7,286,468,0.0008977234609000463,6.600000000032361e-07,1,[1],[6236]
1881,7,286,469,0.0008970625269867607,0.0008970625269867607,1,[1],[6276]
1882,7,286,469,0.0008977225269867639,6.600000000032361e-07,1,[1],[6240]
1883,7,286,470,0.0008970587708795057,0.0008970587708795057,1,[1],[6296]
1884,7,286,470,0.000897728770879509,6.700000000032852e-07,1,[1],[6232]
1885,7,286,471,0.0008970569425182182,0.0008970569425182182,1,[1],[6270]
1886,7,286,471,0.0008977369425182216,6.800000000033342e-07,1,[1],[6293]
1887,7,286,472,0.0008970569542133308,0.0008970569542133308,1,[1],[6310]
1888,7,286,472,0.000897706954213334,6.500000000031871e-07,1,[1],[6191]
1889,7,286,473,0.0008970570408809636,0.0008970570408809636,1,[1],[6255]
1890,7,286,473,0.0008977370408809669,6.800000000033342e-07,1,[1],[6257]
1891,7,286,474,0.0008970563760061793,0.0008970563760061793,1,[1],[6317]
1892,7,286,474,0.0008977663760061828,7.100000000034813e-07,1,[1],[6187]
1893,7,286,475,0.0008970492600257345,0.0008970492600257345,1,[1],[6257]
1894,7,286,475,0.000897759260025738,7.100000000034813e-07,1,[1],[6286]
1895,7,286,476,0.0008970490330541755,0.0008970490330541755,1,[1],[6324]
1896,7,286,476,0.000897749033054179,7.000000000034323e-07,1,[1],[6211]
1897,7,286,477,0.0008970065619330334,0.0008970065619330334,2,"[1, 101]","[5903, 378]"
1898,7,286,477,0.0008976865619330367,6.800000000033342e-07,2,"[1, 101]","[6081, 166]"
1899,7,286,478,0.0008965450150826602,0.0008965450150826602,2,"[1, 101]","[2546, 3746]"
1900,7,286,478,0.0008969950150826624,4.5000000000220645e-07,2,"[1, 101]","[3467, 2833]"
1901,7,286,478,0.0008974350150826645,4.400000000021574e-07,2,"[1, 101]","[4018, 2199]"
1902,7,286,478,0.0008981050150826678,6.700000000032852e-07,2,"[1, 101]","[4529, 1666]"
1903,7,286,479,0.0008968385146410922,0.0008968385146410922,3,"[1, 100, 101]","[4606, 299, 1387]"
1904,7,286,479,0.000897418514641095,5.800000000028439e-07,3,"[1, 100, 101]","[5402, 21, 850]"
1905,7,286,479,0.0008983085146410994,8.900000000043639e-07,3,"[1, 100, 101]","[5659, 6, 524]"
1906,7,286,480,0.0008957484867525218,0.0008957484867525218,2,"[1, 100]","[219, 6110]"
1907,7,286,480,0.0008963284867525246,5.800000000028439e-07,3,"[1, 100, 101]","[1128, 5051, 1]"
1908,7,286,480,0.0008968684867525273,5.400000000026477e-07,3,"[1, 100, 101]","[3197, 3135, 1]"
1909,7,286,480,0.0008973884867525298,5.200000000025497e-07,3,"[1, 100, 101]","[4882, 1350, 1]"
1910,7,286,480,0.0008981884867525337,8.000000000039226e-07,3,"[1, 100, 101]","[5672, 518, 1]"
1911,7,286,481,0.0008960353980781198,0.0008960353980781198,2,"[1, 100]","[455, 5798]"
1912,7,286,481,0.0008966153980781227,5.800000000028439e-07,2,"[1, 100]","[1839, 4455]"
1913,7,286,481,0.0008970553980781248,4.400000000021574e-07,2,"[1, 100]","[3089, 3196]"
1914,7,286,481,0.0008975153980781271,4.600000000022555e-07,2,"[1, 100]","[3865, 2320]"
1915,7,286,481,0.0008982853980781309,7.700000000037755e-07,2,"[1, 100]","[4522, 1712]"
1916,7,286,482,0.0008971117211607389,0.0008971117211607389,2,"[1, 100]","[5686, 601]"
1917,7,286,482,0.0008978517211607425,7.400000000036284e-07,2,"[1, 100]","[5827, 394]"
1918,7,286,483,0.0008971690781465917,0.0008971690781465917,1,[1],[6280]
1919,7,286,483,0.0008979890781465957,8.200000000040206e-07,1,[1],[6258]
1920,7,286,484,0.0008971428917748728,0.0008971428917748728,1,[1],[6290]
1921,7,286,484,0.0008979728917748768,8.300000000040697e-07,1,[1],[6222]
1922,7,286,485,0.0008971670555660881,0.0008971670555660881,1,[1],[6280]
1923,7,286,485,0.0008980670555660925,9.000000000044129e-07,1,[1],[6249]
1924,7,286,486,0.000897143718292516,0.000897143718292516,1,[1],[6266]
1925,7,286,486,0.0008980437182925204,9.000000000044129e-07,1,[1],[6285]
1926,7,286,487,0.0008971596670898365,0.0008971596670898365,1,[1],[6324]
1927,7,286,487,0.0008980896670898411,9.3000000000456e-07,1,[1],[6210]
1928,7,286,488,0.0008971679251894049,0.0008971679251894049,1,[1],[6315]
1929,7,286,488,0.0008981379251894097,9.700000000047561e-07,1,[1],[6203]
1930,7,286,489,0.0008971659543261694,0.0008971659543261694,1,[1],[6262]
1931,7,286,489,0.0008982259543261746,1.0600000000051974e-06,1,[1],[6259]
1932,7,286,490,0.0008971584153227608,0.0008971584153227608,1,[1],[6296]
1933,7,286,490,0.0008982884153227663,1.1300000000055406e-06,1,[1],[6213]
1934,7,286,491,0.0008971689922481109,0.0008971689922481109,1,[1],[6312]
1935,7,286,491,0.0008983989922481169,1.230000000006031e-06,1,[1],[6201]
1936,7,286,492,0.000897153977142558,0.000897153977142558,1,[1],[6261]
1937,7,286,492,0.0008984939771425646,1.3400000000065703e-06,1,[1],[6254]
1938,7,286,493,0.0008971504101483454,0.0008971504101483454,1,[1],[6279]
1939,7,286,493,0.0008985504101483523,1.4000000000068645e-06,1,[1],[6221]
1940,7,286,494,0.0008971800269081583,0.0008971800269081583,2,"[1, 99]","[6236, 57]"
1941,7,286,495,0.000897069032769636,0.000897069032769636,2,"[1, 99]","[5391, 927]"
1942,7,286,495,0.0008979890327696405,9.20000000004511e-07,2,"[1, 99]","[5358, 846]"
1943,7,286,496,0.0008971621646304232,0.0008971621646304232,2,"[1, 99]","[5960, 356]"
1944,7,286,497,0.0008972320938863604,0.0008972320938863604,3,"[1, 98, 99]","[6262, 23, 2]"
1945,7,286,498,0.0008970907446009479,0.0008970907446009479,2,"[1, 98]","[5319, 974]"
1946,7,286,498,0.000898140744600953,1.0500000000051484e-06,2,"[1, 98]","[5273, 942]"
1947,7,286,499,0.0008971221264537225,0.0008971221264537225,2,"[1, 98]","[5430, 866]"
1948,7,286,499,0.0008982721264537281,1.1500000000056387e-06,2,"[1, 98]","[5389, 824]"
1949,7,286,500,0.0008972074977085853,0.0008972074977085853,2,"[1, 98]","[6246, 6]"
1950,7,286,501,0.0008972271259619374,0.0008972271259619374,2,"[1, 97]","[6181, 97]"
1951,7,286,502,0.0008970562215150419,0.0008970562215150419,2,"[1, 97]","[4964, 1361]"
1952,7,286,502,0.0008979262215150462,8.700000000042658e-07,2,"[1, 97]","[4538, 1653]"
1953,7,286,503,0.0008971960977799348,0.0008971960977799348,2,"[1, 97]","[5823, 446]"
1954,7,286,504,0.0008972578871660602,0.0008972578871660602,3,"[1, 95, 96]","[6141, 1, 165]"
1955,7,286,505,0.0008970979394024206,0.0008970979394024206,3,"[1, 95, 96]","[4727, 261, 1329]"
1956,7,286,505,0.0008980479394024252,9.500000000046581e-07,4,"[1, 94, 95, 96]","[4428, 1, 258, 1504]"
1957,7,286,506,0.0008972241917986852,0.0008972241917986852,4,"[1, 94, 95, 96]","[4708, 40, 1277, 265]"
1958,7,286,507,0.0008973190443744063,0.0008973190443744063,5,"[1, 93, 94, 95, 96]","[5059, 1, 1145, 73, 1]"
1959,7,286,508,0.0008974156653465631,0.0008974156653465631,3,"[1, 93, 94]","[5376, 385, 507]"
1960,7,286,509,0.0008974425511762559,0.0008974425511762559,3,"[1, 93, 94]","[5196, 1097, 2]"
1961,7,286,510,0.0008976881847656278,0.0008976881847656278,3,"[1, 92, 93]","[6172, 31, 59]"
1962,7,286,511,0.0008975189842232183,0.0008975189842232183,2,"[1, 92]","[4959, 1328]"
1963,7,286,512,0.0008976135092924419,0.0008976135092924419,2,"[1, 92]","[5477, 805]"
1964,7,286,513,0.0008977349689997307,0.0008977349689997307,2,"[1, 92]","[6255, 4]"
1965,7,286,514,0.0008977430141637469,0.0008977430141637469,1,[1],[6253]
1966,7,286,515,0.0008977875803944673,0.0008977875803944673,1,[1],[6277]
1967,7,286,516,0.0008978871180569908,0.0008978871180569908,1,[1],[6256]
1968,7,286,517,0.0008979162861499223,0.0008979162861499223,1,[1],[6286]
1969,7,286,518,0.0008979624538584863,0.0008979624538584863,2,"[1, 91]","[6193, 58]"
1970,7,286,519,0.0008977406279620625,0.0008977406279620625,2,"[1, 91]","[5155, 1098]"
1971,7,286,520,0.0008980554849523717,0.0008980554849523717,2,"[1, 91]","[5794, 464]"
1972,7,286,521,0.000898444695829779,0.000898444695829779,2,"[1, 91]","[6250, 3]"
1973,7,286,522,0.0008983898965408793,0.0008983898965408793,1,[1],[6257]
1974,7,286,523,0.0008989161054706515,0.0008989161054706515,1,[1],[6251]
1975,7,286,524,0.0008987101920898854,0.0008987101920898854,2,"[1, 90]","[6063, 188]"
1976,7,286,525,0.0008974402263034608,0.0008974402263034608,2,"[1, 90]","[3928, 2333]"
1977,7,286,525,0.0008985802263034664,1.1400000000055897e-06,2,"[1, 90]","[2078, 4191]"
1978,7,286,526,0.0008975281446432094,0.0008975281446432094,2,"[1, 90]","[4421, 1845]"
1979,7,286,527,0.0008981102152697225,0.0008981102152697225,2,"[1, 90]","[6219, 36]"
1980,7,286,528,0.0008979324616069355,0.0008979324616069355,2,"[1, 89]","[5986, 284]"
1981,7,286,529,0.0008973216865127468,0.0008973216865127468,2,"[1, 89]","[3924, 2344]"
1982,7,286,530,0.0008981400449491108,0.0008981400449491108,2,"[1, 89]","[5791, 469]"
1983,7,286,533,0.000898231832176674,0.000898231832176674,2,"[1, 88]","[6252, 1]"
1984,7,286,534,0.0008977022633068218,0.0008977022633068218,2,"[1, 88]","[5597, 670]"
1985,7,286,535,0.0008975331471525119,0.0008975331471525119,2,"[1, 88]","[4887, 1367]"
1986,7,286,537,0.000897362422905855,0.000897362422905855,2,"[1, 87]","[4875, 1406]"
1987,7,286,538,0.000897477303584037,0.000897477303584037,2,"[1, 87]","[5892, 358]"
1988,7,286,539,0.0008976235933555117,0.0008976235933555117,2,"[1, 86]","[6257, 1]"
1989,7,286,540,0.000897316340218595,0.000897316340218595,2,"[1, 86]","[5483, 798]"
1990,7,286,541,0.0008971304876248521,0.0008971304876248521,2,"[1, 86]","[4576, 1697]"
1991,7,286,542,0.000897744407342766,0.000897744407342766,2,"[1, 86]","[6184, 68]"
1992,7,286,543,0.0008976364073942181,0.0008976364073942181,1,[1],[6250]
1993,7,286,544,0.0008974891457783344,0.0008974891457783344,2,"[1, 85]","[6272, 1]"
1994,7,286,545,0.0008971737200104149,0.0008971737200104149,5,"[1, 84, 85, 419, 420]","[5405, 59, 805, 5, 1]"
1995,7,286,546,0.0008965487861066626,0.0008965487861066626,5,"[1, 84, 85, 419, 420]","[2832, 516, 2936, 9, 2]"
1996,7,286,546,0.0008975887861066677,1.0400000000050993e-06,5,"[1, 84, 85, 419, 420]","[3364, 867, 2000, 3, 1]"
1997,7,286,547,0.0008970917576806135,0.0008970917576806135,4,"[1, 84, 85, 419]","[5642, 273, 371, 1]"
1998,7,286,548,0.0008971451073306946,0.0008971451073306946,2,"[1, 84]","[6281, 1]"
1999,7,286,549,0.0008971071166125732,0.0008971071166125732,1,[1],[6291]
2000,7,286,550,0.0008970509650427817,0.0008970509650427817,1,[1],[6276]
2001,7,286,551,0.0008969907160545021,0.0008969907160545021,1,[1],[6289]
2002,7,286,552,0.0008969309145271276,0.0008969309145271276,1,[1],[6281]
2003,7,286,553,0.0008969020417145053,0.0008969020417145053,1,[1],[6266]
2004,7,286,554,0.0008968131392992365,0.0008968131392992365,1,[1],[6278]
2005,7,286,555,0.000896779361007055,0.000896779361007055,1,[1],[6255]
2006,7,286,556,0.000896731739112677,0.000896731739112677,1,[1],[6274]
2007,7,286,557,0.0008966994922124819,0.0008966994922124819,1,[1],[6293]
2008,7,286,558,0.0008966609473080086,0.0008966609473080086,1,[1],[6279]
2009,7,286,559,0.0008966130024836287,0.0008966130024836287,1,[1],[6301]
2010,7,286,560,0.0008965797309746079,0.0008965797309746079,2,"[1, 83]","[6256, 6]"
2011,7,286,561,0.0008963655750653357,0.0008963655750653357,2,"[1, 83]","[5190, 1093]"
2012,7,286,562,0.0008962125160809862,0.0008962125160809862,2,"[1, 83]","[4404, 1860]"
2013,7,286,562,0.000897402516080992,1.1900000000058348e-06,2,"[1, 83]","[5076, 1162]"
2014,7,286,563,0.0008964535669796999,0.0008964535669796999,2,"[1, 83]","[6249, 65]"
2015,7,286,564,0.0008964174423194617,0.0008964174423194617,2,"[1, 82]","[6197, 55]"
2016,7,286,565,0.0008962142683833802,0.0008962142683833802,2,"[1, 82]","[5259, 1028]"
2017,7,286,565,0.0008976242683833871,1.4100000000069135e-06,2,"[1, 82]","[4780, 1436]"
2018,7,286,566,0.0008962858624935682,0.0008962858624935682,2,"[1, 82]","[5969, 345]"
2019,7,286,567,0.0008962552170130016,0.0008962552170130016,2,"[1, 82]","[6316, 2]"
2020,7,286,568,0.0008962101079229659,0.0008962101079229659,1,[1],[6262]
2021,7,286,569,0.0008960884885240842,0.0008960884885240842,3,"[1, 80, 81]","[5897, 140, 244]"
2022,7,286,570,0.0008957307298273723,0.0008957307298273723,4,"[1, 79, 80, 81]","[3452, 50, 980, 1824]"
2023,7,286,570,0.0008963007298273751,5.700000000027948e-07,4,"[1, 79, 80, 81]","[3726, 65, 1207, 1254]"
2024,7,286,570,0.0008975107298273811,1.2100000000059329e-06,4,"[1, 79, 80, 81]","[3803, 71, 1350, 970]"
2025,7,286,571,0.0008957321116909691,0.0008957321116909691,4,"[1, 79, 80, 81]","[3599, 2232, 175, 272]"
2026,7,286,571,0.0008962621116909717,5.300000000025987e-07,4,"[1, 79, 80, 81]","[3296, 2612, 184, 169]"
2027,7,286,571,0.0008969621116909751,7.000000000034323e-07,4,"[1, 79, 80, 81]","[3047, 2872, 195, 134]"
2028,7,286,572,0.0008958434609943331,0.0008958434609943331,3,"[1, 79, 80]","[4654, 1626, 1]"
2029,7,286,572,0.0008965234609943364,6.800000000033342e-07,2,"[1, 79]","[4337, 1926]"
2030,7,286,573,0.0008960079764718012,0.0008960079764718012,2,"[1, 79]","[6265, 10]"
2031,7,286,574,0.000895926887900061,0.000895926887900061,2,"[1, 78]","[6261, 1]"
2032,7,286,574,0.0008971368879000669,1.2100000000059329e-06,2,"[1, 78]","[6248, 1]"
2033,7,286,575,0.0008958230880587909,0.0008958230880587909,3,"[1, 77, 78]","[5811, 75, 445]"
2034,7,286,575,0.0008965830880587946,7.600000000037264e-07,3,"[1, 77, 78]","[5756, 32, 411]"
2035,7,286,576,0.0008954037590185531,0.0008954037590185531,3,"[1, 77, 78]","[3578, 2037, 637]"
2036,7,286,576,0.0008958637590185554,4.600000000022555e-07,3,"[1, 77, 78]","[4036, 1498, 813]"
2037,7,286,576,0.0008963037590185575,4.400000000021574e-07,3,"[1, 77, 78]","[4187, 1206, 834]"
2038,7,286,576,0.0008973137590185625,1.0100000000049522e-06,3,"[1, 77, 78]","[4396, 904, 889]"
2039,7,286,577,0.0008955694730123249,0.0008955694730123249,3,"[1, 77, 78]","[4717, 1554, 30]"
2040,7,286,577,0.0008961494730123277,5.800000000028439e-07,3,"[1, 77, 78]","[5212, 1037, 32]"
2041,7,286,577,0.0008972794730123333,1.1300000000055406e-06,3,"[1, 77, 78]","[5394, 734, 42]"
2042,7,286,578,0.0008957396047898058,0.0008957396047898058,2,"[1, 77]","[6287, 8]"
2043,7,286,578,0.0008964696047898094,7.300000000035793e-07,2,"[1, 77]","[6262, 5]"
2044,7,286,579,0.0008957071437367478,0.0008957071437367478,2,"[1, 76]","[6063, 258]"
2045,7,286,579,0.0008963371437367509,6.30000000003089e-07,2,"[1, 76]","[5903, 327]"
2046,7,286,580,0.0008955778582517538,0.0008955778582517538,2,"[1, 76]","[4792, 1497]"
2047,7,286,580,0.0008960878582517563,5.100000000025006e-07,2,"[1, 76]","[4450, 1799]"
2048,7,286,580,0.0008967078582517593,6.2000000000304e-07,2,"[1, 76]","[4188, 2103]"
2049,7,286,581,0.0008956395539981607,0.0008956395539981607,2,"[1, 76]","[6156, 163]"
2050,7,286,581,0.0008962495539981636,6.10000000002991e-07,2,"[1, 76]","[6042, 201]"
2051,7,286,582,0.0008956189434136637,0.0008956189434136637,1,[1],[6319]
2052,7,286,582,0.0008962389434136668,6.2000000000304e-07,1,[1],[6238]
2053,7,286,583,0.0008955924221139177,0.0008955924221139177,1,[1],[6298]
2054,7,286,583,0.0008961824221139206,5.900000000028929e-07,1,[1],[6224]
2055,7,286,584,0.0008955744773002576,0.0008955744773002576,1,[1],[6306]
2056,7,286,584,0.0008961544773002604,5.800000000028439e-07,1,[1],[6312]
2057,7,286,585,0.0008955565487118261,0.0008955565487118261,1,[1],[6284]
2058,7,286,585,0.000896146548711829,5.900000000028929e-07,1,[1],[6306]
2059,7,286,585,0.0008979065487118377,1.7600000000086297e-06,1,[1],[6161]
2060,7,286,586,0.000895530512739616,0.000895530512739616,1,[1],[6341]
2061,7,286,586,0.0008961005127396188,5.700000000027948e-07,1,[1],[6240]
2062,7,286,586,0.0008972905127396247,1.1900000000058348e-06,1,[1],[6175]
2063,7,286,587,0.0008955073404835418,0.0008955073404835418,1,[1],[6331]
2064,7,286,587,0.0008960673404835445,5.600000000027458e-07,1,[1],[6204]
2065,7,286,587,0.00089717734048355,1.1100000000054426e-06,1,[1],[6219]
2066,7,286,588,0.0008954956297584419,0.0008954956297584419,1,[1],[6263]
2067,7,286,588,0.0008960656297584446,5.700000000027948e-07,1,[1],[6268]
2068,7,286,588,0.0008971156297584498,1.0500000000051484e-06,1,[1],[6234]
2069,7,286,589,0.0008954883675317821,0.0008954883675317821,1,[1],[6349]
2070,7,286,589,0.0008960583675317849,5.700000000027948e-07,1,[1],[6193]
2071,7,286,589,0.0008972483675317907,1.1900000000058348e-06,1,[1],[6215]
2072,7,286,590,0.0008954555946346433,0.0008954555946346433,1,[1],[6274]
2073,7,286,590,0.000896015594634646,5.600000000027458e-07,1,[1],[6268]
2074,7,286,590,0.0008969755946346507,9.60000000004707e-07,1,[1],[6208]
2075,7,286,591,0.0008954486930678207,0.0008954486930678207,1,[1],[6305]
2076,7,286,591,0.0008960086930678234,5.600000000027458e-07,1,[1],[6242]
2077,7,286,591,0.0008970486930678285,1.0400000000050993e-06,1,[1],[6214]
2078,7,286,592,0.0008954384478471577,0.0008954384478471577,1,[1],[6301]
2079,7,286,592,0.0008959984478471605,5.600000000027458e-07,1,[1],[6270]
2080,7,286,592,0.0008970684478471657,1.0700000000052464e-06,1,[1],[6191]
2081,7,286,593,0.0008954029472107555,0.0008954029472107555,2,"[1, 75]","[6020, 237]"
2082,7,286,593,0.0008959629472107582,5.600000000027458e-07,2,"[1, 75]","[6091, 175]"
2083,7,286,593,0.0008969029472107628,9.40000000004609e-07,2,"[1, 75]","[6092, 141]"
2084,7,286,594,0.0008952497403570832,0.0008952497403570832,2,"[1, 75]","[4516, 1843]"
2085,7,286,594,0.0008957197403570855,4.700000000023045e-07,2,"[1, 75]","[4696, 1527]"
2086,7,286,594,0.000896219740357088,5.000000000024516e-07,2,"[1, 75]","[4835, 1378]"
2087,7,286,595,0.0008953704175002661,0.0008953704175002661,2,"[1, 75]","[5995, 323]"
2088,7,286,595,0.0008959104175002687,5.400000000026477e-07,2,"[1, 75]","[5941, 247]"
2089,7,286,595,0.0008968004175002731,8.900000000043639e-07,2,"[1, 75]","[6036, 210]"
2090,7,286,596,0.0008953807477483512,0.0008953807477483512,1,[1],[6303]
2091,7,286,596,0.000895960747748354,5.800000000028439e-07,1,[1],[6248]
2092,7,286,597,0.0008953761987707795,0.0008953761987707795,1,[1],[6256]
2093,7,286,597,0.0008959861987707825,6.10000000002991e-07,1,[1],[6263]
2094,7,286,598,0.0008953736557815744,0.0008953736557815744,1,[1],[6266]
2095,7,286,598,0.0008959936557815775,6.2000000000304e-07,1,[1],[6246]
2096,7,286,599,0.0008953585731794833,0.0008953585731794833,2,"[1, 74]","[6262, 2]"
2097,7,286,599,0.0008960085731794865,6.500000000031871e-07,2,"[1, 74]","[6262, 1]"
2098,7,286,600,0.000895293443835237,0.000895293443835237,2,"[1, 74]","[5385, 912]"
2099,7,286,600,0.0008958834438352399,5.900000000028929e-07,2,"[1, 74]","[5590, 640]"
2100,7,286,601,0.0008951684724642233,0.0008951684724642233,2,"[1, 74]","[3932, 2347]"
2101,7,286,601,0.000895698472464226,5.300000000025987e-07,2,"[1, 74]","[4335, 1981]"
2102,7,286,601,0.0008964684724642297,7.700000000037755e-07,2,"[1, 74]","[4566, 1614]"
2103,7,286,602,0.0008953979112632244,0.0008953979112632244,2,"[1, 74]","[6113, 140]"
2104,7,286,602,0.0008962379112632285,8.400000000041187e-07,2,"[1, 74]","[6166, 120]"
2105,7,286,603,0.0008953978151074566,0.0008953978151074566,1,[1],[6253]
2106,7,286,603,0.0008963378151074612,9.40000000004609e-07,1,[1],[6272]
2107,7,286,604,0.0008953848354507932,0.0008953848354507932,1,[1],[6323]
2108,7,286,604,0.0008964348354507984,1.0500000000051484e-06,1,[1],[6186]
2109,7,286,605,0.0008953549368774672,0.0008953549368774672,1,[1],[6253]
2110,7,286,605,0.0008964949368774728,1.1400000000055897e-06,1,[1],[6247]
2111,7,286,606,0.0008953782817398531,0.0008953782817398531,1,[1],[6309]
2112,7,286,606,0.0008969582817398608,1.580000000007747e-06,1,[1],[6193]
2113,7,286,607,0.0008953388957241361,0.0008953388957241361,1,[1],[6255]
2114,7,286,608,0.0008953421064113848,0.0008953421064113848,1,[1],[6286]
2115,7,286,609,0.0008953231984343625,0.0008953231984343625,1,[1],[6302]
2116,7,286,610,0.0008953605192315848,0.0008953605192315848,1,[1],[6258]
2117,7,286,611,0.000895347797384906,0.000895347797384906,1,[1],[6251]
2118,7,286,612,0.0008953524601993635,0.0008953524601993635,2,"[1, 73]","[6129, 174]"
2119,7,286,613,0.0008951424707554173,0.0008951424707554173,2,"[1, 73]","[4826, 1493]"
2120,7,286,613,0.0008963724707554233,1.230000000006031e-06,2,"[1, 73]","[4168, 2019]"
2121,7,286,614,0.0008953428488642722,0.0008953428488642722,3,"[1, 72, 73]","[5903, 46, 351]"
2122,7,286,615,0.0008951100342736558,0.0008951100342736558,2,"[1, 72]","[4489, 1770]"
2123,7,286,615,0.0008965100342736627,1.4000000000068645e-06,2,"[1, 72]","[3777, 2469]"
2124,7,286,616,0.0008952358378225612,0.0008952358378225612,2,"[1, 72]","[5036, 1271]"
2125,7,286,617,0.0008955373362947557,0.0008955373362947557,2,"[1, 72]","[6259, 6]"
2126,7,286,618,0.0008956111182411541,0.0008956111182411541,1,[1],[6279]
2127,7,286,619,0.0008957384753938561,0.0008957384753938561,1,[1],[6269]
2128,7,286,620,0.000895865735020504,0.000895865735020504,1,[1],[6250]
2129,7,286,621,0.0008960524512035077,0.0008960524512035077,1,[1],[6253]
2130,7,286,623,0.0008956645074824251,0.0008956645074824251,2,"[1, 71]","[4837, 1432]"
2131,7,286,624,0.0008950846916696482,0.0008950846916696482,2,"[1, 71]","[2642, 3693]"
2132,7,286,624,0.000895854691669652,7.700000000037755e-07,2,"[1, 71]","[1929, 4279]"
2133,7,286,745,0.0008947697817766094,0.0008947697817766094,3,"[1, 54, 55]","[2975, 137, 3138]"
2134,7,286,753,0.0008938007222411198,0.0008938007222411198,2,"[1, 52]","[3639, 2632]"
2135,7,286,790,0.0008941853913416025,0.0008941853913416025,3,"[1, 46, 47]","[3242, 2948, 84]"
2136,7,286,791,0.0008937526956853592,0.0008937526956853592,3,"[1, 46, 47]","[2183, 3723, 425]"
2137,7,286,806,0.0008956278820404337,0.0008956278820404337,2,"[1, 42]","[2268, 3991]"
2138,7,286,807,0.0008936413256374426,0.0008936413256374426,2,"[1, 42]","[911, 5389]"
2139,7,286,807,0.0008942513256374456,6.10000000002991e-07,2,"[1, 42]","[747, 5455]"
2140,7,286,807,0.0008947713256374481,5.200000000025497e-07,2,"[1, 42]","[375, 5892]"
2141,7,286,807,0.0008954213256374513,6.500000000031871e-07,2,"[1, 42]","[137, 6139]"
2142,7,286,808,0.0008945624832037914,0.0008945624832037914,2,"[1, 42]","[1597, 4654]"
2143,7,286,825,0.0008943500239863008,0.0008943500239863008,3,"[1, 41, 438]","[405, 4097, 1757]"
2144,7,286,934,0.0009021889765232757,0.0009021889765232757,5,"[1, 31, 451, 452, 458]","[72, 6157, 10, 2, 9]"
2145,7,286,1135,0.0009098689315643801,0.0009098689315643801,1,[11],[6285]
2146,7,287,599,0.0008965257315829265,0.0008965257315829265,2,"[1, 74]","[6260, 2]"
2147,7,287,600,0.0008958799759918926,0.0008958799759918926,2,"[1, 74]","[4997, 1271]"
2148,7,287,601,0.0008954970164462774,0.0008954970164462774,2,"[1, 74]","[3363, 2919]"
2149,7,287,602,0.0008960378461733417,0.0008960378461733417,2,"[1, 74]","[6115, 145]"
2150,7,287,603,0.0008958723432129688,0.0008958723432129688,1,[1],[6267]
2151,7,287,604,0.0008957722718232601,0.0008957722718232601,1,[1],[6274]
2152,7,287,605,0.0008956754873340869,0.0008956754873340869,1,[1],[6268]
2153,7,287,606,0.000895584729840309,0.000895584729840309,1,[1],[6280]
2154,7,287,607,0.0008955292009605638,0.0008955292009605638,1,[1],[6309]
2155,7,287,608,0.0008954218235194576,0.0008954218235194576,1,[1],[6303]
2156,7,287,609,0.0008953550305038311,0.0008953550305038311,1,[1],[6306]
2157,7,287,610,0.0008952574579528167,0.0008952574579528167,1,[1],[6256]
2158,7,287,611,0.0008951930710224545,0.0008951930710224545,1,[1],[6295]
2159,7,287,612,0.0008950888889285014,0.0008950888889285014,2,"[1, 73]","[6053, 204]"
2160,7,287,612,0.0008962088889285069,1.1200000000054916e-06,2,"[1, 73]","[5958, 287]"
2161,7,287,613,0.0008948609507561915,0.0008948609507561915,2,"[1, 73]","[4667, 1643]"
2162,7,287,613,0.0008954309507561943,5.700000000027948e-07,2,"[1, 73]","[4234, 2027]"
2163,7,287,613,0.0008965209507561996,1.0900000000053445e-06,2,"[1, 73]","[3820, 2359]"
2164,7,287,614,0.0008949688347599598,0.0008949688347599598,3,"[1, 72, 73]","[5887, 52, 339]"
2165,7,287,614,0.000895828834759964,8.600000000042168e-07,3,"[1, 72, 73]","[5655, 75, 505]"
2166,7,287,615,0.0008948039536700129,0.0008948039536700129,2,"[1, 72]","[4742, 1607]"
2167,7,287,615,0.0008953439536700155,5.400000000026477e-07,2,"[1, 72]","[4227, 1926]"
2168,7,287,615,0.0008961639536700195,8.200000000040206e-07,3,"[1, 72, 73]","[3735, 2550, 1]"
2169,7,287,616,0.0008948410375623741,0.0008948410375623741,2,"[1, 72]","[5276, 1016]"
2170,7,287,616,0.0008954810375623772,6.400000000031381e-07,2,"[1, 72]","[4886, 1395]"
2171,7,287,617,0.0008948996442539579,0.0008948996442539579,2,"[1, 72]","[6319, 6]"
2172,7,287,617,0.0008956896442539618,7.900000000038735e-07,2,"[1, 72]","[6200, 11]"
2173,7,287,618,0.0008948988084093056,0.0008948988084093056,1,[1],[6304]
2174,7,287,618,0.0008956588084093094,7.600000000037264e-07,1,[1],[6226]
2175,7,287,619,0.0008948915659647819,0.0008948915659647819,1,[1],[6303]
2176,7,287,619,0.0008956215659647854,7.300000000035793e-07,1,[1],[6238]
2177,7,287,620,0.0008948592137399996,0.0008948592137399996,1,[1],[6286]
2178,7,287,620,0.000895559213740003,7.000000000034323e-07,1,[1],[6264]
2179,7,287,621,0.0008948719346370926,0.0008948719346370926,1,[1],[6314]
2180,7,287,621,0.000895561934637096,6.900000000033832e-07,1,[1],[6228]
2181,7,287,622,0.0008948400736060482,0.0008948400736060482,2,"[1, 71]","[6260, 2]"
2182,7,287,622,0.0008955100736060515,6.700000000032852e-07,1,[1],[6260]
2183,7,287,623,0.000894800401115666,0.000894800401115666,2,"[1, 71]","[5969, 347]"
2184,7,287,623,0.000895400401115669,6.000000000029419e-07,2,"[1, 71]","[5817, 460]"
2185,7,287,624,0.0008947051431971617,0.0008947051431971617,2,"[1, 71]","[4820, 1490]"
2186,7,287,624,0.000895175143197164,4.700000000023045e-07,2,"[1, 71]","[4472, 1721]"
2187,7,287,624,0.0008956851431971665,5.100000000025006e-07,2,"[1, 71]","[4159, 2138]"
2188,7,287,625,0.0008947990906879215,0.0008947990906879215,2,"[1, 71]","[6146, 136]"
2189,7,287,625,0.0008953990906879245,6.000000000029419e-07,2,"[1, 71]","[6077, 175]"
2190,7,287,626,0.000894807177936644,0.000894807177936644,1,[1],[6257]
2191,7,287,626,0.000895427177936647,6.2000000000304e-07,1,[1],[6288]
2192,7,287,627,0.0008947839499786978,0.0008947839499786978,1,[1],[6284]
2193,7,287,627,0.0008954039499787009,6.2000000000304e-07,1,[1],[6271]
2194,7,287,628,0.0008947862787365568,0.0008947862787365568,1,[1],[6341]
2195,7,287,628,0.0008953762787365597,5.900000000028929e-07,1,[1],[6167]
2196,7,287,629,0.0008947781879045408,0.0008947781879045408,1,[1],[6351]
2197,7,287,629,0.0008953581879045437,5.800000000028439e-07,1,[1],[6191]
2198,7,287,630,0.0008947594269573843,0.0008947594269573843,2,"[1, 70]","[6243, 87]"
2199,7,287,630,0.0008953294269573871,5.700000000027948e-07,2,"[1, 70]","[6096, 84]"
2200,7,287,631,0.0008946344780881386,0.0008946344780881386,4,"[1, 70, 423, 426]","[4858, 1496, 3, 2]"
2201,7,287,631,0.000895124478088141,4.900000000024026e-07,4,"[1, 70, 423, 426]","[5007, 1153, 3, 4]"
2202,7,287,631,0.0008957144780881439,5.900000000028929e-07,4,"[1, 70, 423, 426]","[5220, 1032, 3, 1]"
2203,7,287,632,0.0008947113493568086,0.0008947113493568086,4,"[1, 69, 70, 426]","[5677, 171, 401, 1]"
2204,7,287,632,0.0008952913493568115,5.800000000028439e-07,3,"[1, 69, 70]","[5806, 141, 327]"
2205,7,287,632,0.0008965213493568175,1.230000000006031e-06,4,"[1, 69, 70, 426]","[5819, 136, 273, 1]"
2206,7,287,633,0.0008944456309225075,0.0008944456309225075,3,"[1, 68, 69]","[3505, 148, 2701]"
2207,7,287,633,0.0008948356309225094,3.9000000000191225e-07,3,"[1, 68, 69]","[3698, 126, 2323]"
2208,7,287,633,0.0008952056309225112,3.700000000018142e-07,3,"[1, 68, 69]","[3971, 127, 2268]"
2209,7,287,633,0.0008956656309225135,4.600000000022555e-07,4,"[1, 68, 69, 70]","[4035, 102, 2091, 1]"
2210,7,287,634,0.0008944007708878959,0.0008944007708878959,3,"[1, 68, 69]","[3378, 1953, 922]"
2211,7,287,634,0.0008948107708878979,4.100000000020103e-07,3,"[1, 68, 69]","[3801, 1681, 925]"
2212,7,287,634,0.0008951507708878996,3.400000000016671e-07,3,"[1, 68, 69]","[3841, 1515, 842]"
2213,7,287,634,0.0008955707708879016,4.2000000000205935e-07,3,"[1, 68, 69]","[4099, 1383, 764]"
2214,7,287,635,0.0008946958712865847,0.0008946958712865847,4,"[1, 67, 68, 69]","[5597, 7, 665, 8]"
2215,7,287,635,0.0008952658712865875,5.700000000027948e-07,4,"[1, 67, 68, 69]","[5728, 5, 494, 2]"
2216,7,287,635,0.0008966758712865944,1.4100000000069135e-06,4,"[1, 67, 68, 69]","[5843, 5, 396, 2]"
2217,7,287,636,0.00089468891990451,0.00089468891990451,3,"[1, 67, 68]","[5423, 839, 1]"
2218,7,287,636,0.0008952689199045129,5.800000000028439e-07,2,"[1, 67]","[5556, 742]"
2219,7,287,636,0.000896518919904519,1.250000000006129e-06,2,"[1, 67]","[5575, 623]"
2220,7,287,637,0.0008946464520987139,0.0008946464520987139,2,"[1, 67]","[5450, 831]"
2221,7,287,637,0.0008951764520987165,5.300000000025987e-07,2,"[1, 67]","[5457, 812]"
2222,7,287,637,0.0008959364520987202,7.600000000037264e-07,2,"[1, 67]","[5457, 796]"
2223,7,287,638,0.000894693805425793,0.000894693805425793,2,"[1, 67]","[6333, 12]"
2224,7,287,638,0.0008952738054257959,5.800000000028439e-07,2,"[1, 67]","[6155, 13]"
2225,7,287,639,0.0008946812829115478,0.0008946812829115478,1,[1],[6323]
2226,7,287,639,0.0008952712829115507,5.900000000028929e-07,1,[1],[6231]
2227,7,287,640,0.0008946667025966781,0.0008946667025966781,1,[1],[6333]
2228,7,287,640,0.000895256702596681,5.900000000028929e-07,1,[1],[6205]
2229,7,287,641,0.000894663319007231,0.000894663319007231,1,[1],[6288]
2230,7,287,641,0.0008952633190072339,6.000000000029419e-07,2,"[1, 66]","[6212, 1]"
2231,7,287,642,0.0008946040850759845,0.0008946040850759845,2,"[1, 66]","[5855, 401]"
2232,7,287,642,0.0008951640850759872,5.600000000027458e-07,2,"[1, 66]","[5798, 485]"
2233,7,287,642,0.0008960740850759917,9.100000000044619e-07,2,"[1, 66]","[5668, 546]"
2234,7,287,643,0.0008944509019597995,0.0008944509019597995,2,"[1, 66]","[4483, 1861]"
2235,7,287,643,0.0008948709019598015,4.2000000000205935e-07,2,"[1, 66]","[4122, 2089]"
2236,7,287,643,0.0008952709019598035,4.000000000019613e-07,2,"[1, 66]","[3960, 2266]"
2237,7,287,643,0.0008959209019598067,6.500000000031871e-07,2,"[1, 66]","[3811, 2443]"
2238,7,287,644,0.0008945707776171137,0.0008945707776171137,2,"[1, 66]","[6000, 302]"
2239,7,287,644,0.0008951307776171165,5.600000000027458e-07,2,"[1, 66]","[5896, 356]"
2240,7,287,644,0.0008961407776171214,1.0100000000049522e-06,2,"[1, 66]","[5783, 415]"
2241,7,287,645,0.0008945752204716712,0.0008945752204716712,1,[1],[6262]
2242,7,287,645,0.0008951752204716741,6.000000000029419e-07,2,"[1, 66]","[6318, 1]"
2243,7,287,646,0.0008945422455803797,0.0008945422455803797,1,[1],[6291]
2244,7,287,646,0.0008951522455803827,6.10000000002991e-07,1,[1],[6219]
2245,7,287,647,0.00089449622518297,0.00089449622518297,2,"[1, 65]","[6099, 191]"
2246,7,287,647,0.0008950662251829728,5.700000000027948e-07,2,"[1, 65]","[6082, 206]"
2247,7,287,647,0.0008964962251829798,1.4300000000070116e-06,2,"[1, 65]","[5975, 197]"
2248,7,287,648,0.0008943507069836671,0.0008943507069836671,2,"[1, 65]","[4470, 1878]"
2249,7,287,648,0.0008948107069836693,4.600000000022555e-07,2,"[1, 65]","[4338, 1826]"
2250,7,287,648,0.0008953007069836717,4.900000000024026e-07,2,"[1, 65]","[4461, 1796]"
2251,7,287,649,0.0008944566143089059,0.0008944566143089059,2,"[1, 65]","[5922, 380]"
2252,7,287,649,0.0008950366143089087,5.800000000028439e-07,2,"[1, 65]","[5840, 366]"
2253,7,287,650,0.0008944712356865054,0.0008944712356865054,1,[1],[6317]
2254,7,287,650,0.0008950612356865083,5.900000000028929e-07,2,"[1, 65]","[6198, 1]"
2255,7,287,651,0.0008944512752451437,0.0008944512752451437,1,[1],[6269]
2256,7,287,651,0.0008950712752451468,6.2000000000304e-07,1,[1],[6311]
2257,7,287,652,0.0008944325541407769,0.0008944325541407769,1,[1],[6304]
2258,7,287,652,0.0008950425541407799,6.10000000002991e-07,1,[1],[6250]
2259,7,287,653,0.0008944198055547443,0.0008944198055547443,1,[1],[6351]
2260,7,287,653,0.0008950298055547472,6.10000000002991e-07,1,[1],[6176]
2261,7,287,654,0.0008943891363377912,0.0008943891363377912,1,[1],[6294]
2262,7,287,654,0.0008950291363377943,6.400000000031381e-07,1,[1],[6252]
2263,7,287,655,0.000894391929661829,0.000894391929661829,1,[1],[6341]
2264,7,287,655,0.000895011929661832,6.2000000000304e-07,1,[1],[6168]
2265,7,287,656,0.0008943438189470548,0.0008943438189470548,1,[1],[6285]
2266,7,287,656,0.000894983818947058,6.400000000031381e-07,1,[1],[6294]
2267,7,287,657,0.0008943373852385757,0.0008943373852385757,1,[1],[6259]
2268,7,287,657,0.0008949973852385789,6.600000000032361e-07,1,[1],[6256]
2269,7,287,658,0.000894307406616659,0.000894307406616659,1,[1],[6272]
2270,7,287,658,0.0008949574066166622,6.500000000031871e-07,1,[1],[6256]
2271,7,287,659,0.0008942988275866343,0.0008942988275866343,2,"[1, 64]","[6146, 186]"
2272,7,287,659,0.0008949188275866373,6.2000000000304e-07,2,"[1, 64]","[6014, 188]"
2273,7,287,660,0.0008941065826792599,0.0008941065826792599,2,"[1, 64]","[4326, 1931]"
2274,7,287,660,0.0008945865826792622,4.800000000023535e-07,2,"[1, 64]","[4220, 2162]"
2275,7,287,660,0.0008950665826792646,4.800000000023535e-07,2,"[1, 64]","[4006, 2133]"
2276,7,287,661,0.0008942582066691071,0.0008942582066691071,2,"[1, 64]","[5750, 538]"
2277,7,287,661,0.0008948982066691102,6.400000000031381e-07,2,"[1, 64]","[5655, 602]"
2278,7,287,662,0.0008943140275650348,0.0008943140275650348,1,[1],[6318]
2279,7,287,662,0.0008950740275650385,7.600000000037264e-07,2,"[1, 64]","[6216, 3]"
2280,7,287,663,0.0008942952848601268,0.0008942952848601268,1,[1],[6332]
2281,7,287,663,0.0008950252848601304,7.300000000035793e-07,1,[1],[6243]
2282,7,287,664,0.0008942938808198827,0.0008942938808198827,1,[1],[6261]
2283,7,287,664,0.0008950838808198866,7.900000000038735e-07,1,[1],[6277]
2284,7,287,665,0.000894286273261929,0.000894286273261929,2,"[1, 63]","[6293, 1]"
2285,7,287,665,0.0008950562732619328,7.700000000037755e-07,2,"[1, 63]","[6248, 1]"
2286,7,287,666,0.0008942242962273431,0.0008942242962273431,2,"[1, 63]","[5678, 649]"
2287,7,287,666,0.0008949442962273466,7.200000000035303e-07,2,"[1, 63]","[5865, 339]"
2288,7,287,667,0.0008939592323602394,0.0008939592323602394,2,"[1, 63]","[3788, 2553]"
2289,7,287,667,0.0008944592323602418,5.000000000024516e-07,2,"[1, 63]","[4396, 1814]"
2290,7,287,667,0.0008950392323602447,5.800000000028439e-07,2,"[1, 63]","[4739, 1523]"
2291,7,287,668,0.0008941658174309773,0.0008941658174309773,3,"[1, 62, 63]","[5903, 85, 313]"
2292,7,287,668,0.0008948058174309805,6.400000000031381e-07,3,"[1, 62, 63]","[6035, 93, 159]"
2293,7,287,669,0.0008939956356415036,0.0008939956356415036,2,"[1, 62]","[4393, 1929]"
2294,7,287,669,0.0008944656356415059,4.700000000023045e-07,2,"[1, 62]","[4214, 2054]"
2295,7,287,669,0.0008949556356415083,4.900000000024026e-07,2,"[1, 62]","[4064, 2142]"
2296,7,287,670,0.0008941756196921026,0.0008941756196921026,2,"[1, 62]","[5001, 1332]"
2297,7,287,670,0.0008947756196921056,6.000000000029419e-07,2,"[1, 62]","[4758, 1500]"
2298,7,287,671,0.0008942439298420587,0.0008942439298420587,2,"[1, 62]","[6294, 7]"
2299,7,287,671,0.0008950339298420626,7.900000000038735e-07,2,"[1, 62]","[6217, 17]"
2300,7,287,672,0.0008942552105494878,0.0008942552105494878,1,[1],[6311]
2301,7,287,672,0.0008950152105494916,7.600000000037264e-07,1,[1],[6225]
2302,7,287,673,0.0008942433755466243,0.0008942433755466243,1,[1],[6317]
2303,7,287,673,0.000895013375546628,7.700000000037755e-07,1,[1],[6184]
2304,7,287,674,0.0008942338719734531,0.0008942338719734531,1,[1],[6268]
2305,7,287,674,0.0008949938719734568,7.600000000037264e-07,1,[1],[6279]
2306,7,287,675,0.0008942318533653166,0.0008942318533653166,1,[1],[6261]
2307,7,287,675,0.0008950218533653204,7.900000000038735e-07,1,[1],[6279]
2308,7,287,676,0.0008942367429490766,0.0008942367429490766,1,[1],[6301]
2309,7,287,676,0.0008949667429490802,7.300000000035793e-07,1,[1],[6255]
2310,7,287,677,0.0008942237130673472,0.0008942237130673472,1,[1],[6281]
2311,7,287,677,0.0008949537130673508,7.300000000035793e-07,1,[1],[6224]
2312,7,287,678,0.0008942253793596026,0.0008942253793596026,1,[1],[6284]
2313,7,287,678,0.0008949753793596062,7.500000000036774e-07,1,[1],[6229]
2314,7,287,679,0.0008942149859537682,0.0008942149859537682,1,[1],[6274]
2315,7,287,679,0.0008949349859537718,7.200000000035303e-07,1,[1],[6265]
2316,7,287,680,0.0008942081056242642,0.0008942081056242642,1,[1],[6288]
2317,7,287,680,0.0008949081056242676,7.000000000034323e-07,1,[1],[6245]
2318,7,287,681,0.0008942105552544496,0.0008942105552544496,1,[1],[6345]
2319,7,287,681,0.0008949405552544532,7.300000000035793e-07,1,[1],[6207]
2320,7,287,682,0.0008942023794098434,0.0008942023794098434,1,[1],[6330]
2321,7,287,682,0.0008949223794098469,7.200000000035303e-07,1,[1],[6172]
2322,7,287,683,0.0008941954772756088,0.0008941954772756088,1,[1],[6273]
2323,7,287,683,0.0008949254772756123,7.300000000035793e-07,1,[1],[6257]
2324,7,287,684,0.0008941855041902632,0.0008941855041902632,1,[1],[6301]
2325,7,287,684,0.0008948855041902667,7.000000000034323e-07,1,[1],[6201]
2326,7,287,685,0.0008941693192108363,0.0008941693192108363,2,"[1, 61]","[6249, 11]"
2327,7,287,685,0.0008948593192108396,6.900000000033832e-07,2,"[1, 61]","[6234, 17]"
2328,7,287,686,0.0008941169796386088,0.0008941169796386088,2,"[1, 61]","[5423, 920]"
2329,7,287,686,0.0008946969796386116,5.800000000028439e-07,2,"[1, 61]","[5119, 1088]"
2330,7,287,687,0.0008941021341726992,0.0008941021341726992,2,"[1, 61]","[5468, 873]"
2331,7,287,687,0.000894662134172702,5.600000000027458e-07,2,"[1, 61]","[5209, 995]"
2332,7,287,687,0.0008957821341727075,1.1200000000054916e-06,2,"[1, 61]","[5065, 1143]"
2333,7,287,688,0.0008941252305047088,0.0008941252305047088,2,"[1, 61]","[6315, 12]"
2334,7,287,688,0.0008947552305047119,6.30000000003089e-07,2,"[1, 61]","[6219, 17]"
2335,7,287,689,0.0008941009314768869,0.0008941009314768869,1,[1],[6330]
2336,7,287,689,0.0008947109314768899,6.10000000002991e-07,1,[1],[6171]
2337,7,287,690,0.0008940897491191086,0.0008940897491191086,1,[1],[6281]
2338,7,287,690,0.0008946997491191116,6.10000000002991e-07,1,[1],[6274]
2339,7,287,691,0.0008940844000534889,0.0008940844000534889,1,[1],[6328]
2340,7,287,691,0.0008946844000534918,6.000000000029419e-07,1,[1],[6231]
2341,7,287,692,0.0008940660844216759,0.0008940660844216759,1,[1],[6281]
2342,7,287,692,0.0008946760844216789,6.10000000002991e-07,1,[1],[6329]
2343,7,287,693,0.0008940605920392396,0.0008940605920392396,1,[1],[6290]
2344,7,287,693,0.0008946605920392425,6.000000000029419e-07,1,[1],[6248]
2345,7,287,694,0.0008940404053006653,0.0008940404053006653,1,[1],[6320]
2346,7,287,694,0.0008946204053006682,5.800000000028439e-07,1,[1],[6225]
2347,7,287,695,0.0008940285451046803,0.0008940285451046803,1,[1],[6256]
2348,7,287,695,0.0008946285451046832,6.000000000029419e-07,1,[1],[6296]
2349,7,287,696,0.0008940187320488209,0.0008940187320488209,1,[1],[6321]
2350,7,287,696,0.0008945987320488237,5.800000000028439e-07,1,[1],[6182]
2351,7,287,697,0.0008939943859159199,0.0008939943859159199,1,[1],[6255]
2352,7,287,697,0.0008945743859159228,5.800000000028439e-07,1,[1],[6260]
2353,7,287,698,0.000894010519712429,0.000894010519712429,1,[1],[6340]
2354,7,287,698,0.0008946005197124319,5.900000000028929e-07,1,[1],[6173]
2355,7,287,699,0.0008939684081826408,0.0008939684081826408,2,"[1, 60]","[6219, 40]"
2356,7,287,699,0.0008945484081826436,5.800000000028439e-07,2,"[1, 60]","[6260, 41]"
2357,7,287,699,0.0008959984081826507,1.4500000000071097e-06,2,"[1, 60]","[6153, 37]"
2358,7,287,700,0.0008938975000670345,0.0008938975000670345,2,"[1, 60]","[5149, 1206]"
2359,7,287,700,0.0008943975000670369,5.000000000024516e-07,2,"[1, 60]","[5082, 1082]"
2360,7,287,700,0.00089502750006704,6.30000000003089e-07,2,"[1, 60]","[5176, 1060]"
2361,7,287,701,0.0008939865907195533,0.0008939865907195533,2,"[1, 60]","[5752, 561]"
2362,7,287,701,0.0008945865907195562,6.000000000029419e-07,2,"[1, 60]","[5726, 551]"
2363,7,287,702,0.000894043782252528,0.000894043782252528,3,"[1, 59, 60]","[6292, 31, 4]"
2364,7,287,702,0.0008947137822525313,6.700000000032852e-07,2,"[1, 59]","[6216, 16]"
2365,7,287,703,0.0008937914513778526,0.0008937914513778526,2,"[1, 59]","[3982, 2312]"
2366,7,287,703,0.0008943214513778552,5.300000000025987e-07,2,"[1, 59]","[4692, 1558]"
2367,7,287,703,0.0008949814513778585,6.600000000032361e-07,2,"[1, 59]","[5127, 1111]"
2368,7,287,704,0.0008937544837638807,0.0008937544837638807,2,"[1, 59]","[3501, 2773]"
2369,7,287,704,0.0008942744837638833,5.200000000025497e-07,2,"[1, 59]","[4269, 1971]"
2370,7,287,704,0.0008948944837638863,6.2000000000304e-07,2,"[1, 59]","[4757, 1537]"
2371,7,287,705,0.0008939561261590704,0.0008939561261590704,2,"[1, 59]","[6221, 53]"
2372,7,287,705,0.0008945761261590734,6.2000000000304e-07,2,"[1, 59]","[6263, 29]"
2373,7,287,706,0.0008939495953351157,0.0008939495953351157,1,[1],[6325]
2374,7,287,706,0.0008945795953351188,6.30000000003089e-07,1,[1],[6245]
2375,7,287,707,0.0008939381606700716,0.0008939381606700716,1,[1],[6321]
2376,7,287,707,0.0008945581606700746,6.2000000000304e-07,1,[1],[6248]
2377,7,287,708,0.0008939094233001941,0.0008939094233001941,1,[1],[6311]
2378,7,287,708,0.0008945294233001971,6.2000000000304e-07,1,[1],[6239]
2379,7,287,709,0.00089388035170476,0.00089388035170476,1,[1],[6304]
2380,7,287,709,0.000894490351704763,6.10000000002991e-07,1,[1],[6220]
2381,7,287,710,0.0008938418619449601,0.0008938418619449601,1,[1],[6307]
2382,7,287,710,0.0008944718619449632,6.30000000003089e-07,1,[1],[6267]
2383,7,287,711,0.0008938119223953435,0.0008938119223953435,1,[1],[6267]
2384,7,287,711,0.0008944419223953466,6.30000000003089e-07,1,[1],[6294]
2385,7,287,712,0.0008938020140439129,0.0008938020140439129,1,[1],[6334]
2386,7,287,712,0.000894422014043916,6.2000000000304e-07,1,[1],[6235]
2387,7,287,713,0.0008937791771874519,0.0008937791771874519,1,[1],[6328]
2388,7,287,713,0.000894399177187455,6.2000000000304e-07,1,[1],[6256]
2389,7,287,714,0.0008937562408112052,0.0008937562408112052,1,[1],[6338]
2390,7,287,714,0.0008943762408112082,6.2000000000304e-07,1,[1],[6211]
2391,7,287,715,0.0008937303607394364,0.0008937303607394364,1,[1],[6321]
2392,7,287,715,0.0008943403607394394,6.10000000002991e-07,1,[1],[6191]
2393,7,287,716,0.0008936993160330179,0.0008936993160330179,1,[1],[6312]
2394,7,287,716,0.0008943093160330209,6.10000000002991e-07,1,[1],[6198]
2395,7,287,717,0.0008936701036597755,0.0008936701036597755,1,[1],[6282]
2396,7,287,717,0.0008943001036597786,6.30000000003089e-07,1,[1],[6310]
2397,7,287,718,0.0008936495963538224,0.0008936495963538224,1,[1],[6286]
2398,7,287,718,0.0008942695963538254,6.2000000000304e-07,1,[1],[6293]
2399,7,287,719,0.0008936250555026994,0.0008936250555026994,1,[1],[6347]
2400,7,287,719,0.0008942350555027024,6.10000000002991e-07,1,[1],[6201]
2401,7,287,720,0.0008935946156444782,0.0008935946156444782,1,[1],[6273]
2402,7,287,720,0.0008942146156444812,6.2000000000304e-07,1,[1],[6257]
2403,7,287,721,0.0008935730236760347,0.0008935730236760347,1,[1],[6270]
2404,7,287,721,0.0008942030236760378,6.30000000003089e-07,1,[1],[6302]
2405,7,287,722,0.000893547959993395,0.000893547959993395,2,"[1, 58]","[6321, 19]"
2406,7,287,722,0.000894167959993398,6.2000000000304e-07,2,"[1, 58]","[6206, 23]"
2407,7,287,723,0.0008934340340201741,0.0008934340340201741,2,"[1, 58]","[5413, 954]"
2408,7,287,723,0.0008939440340201766,5.100000000025006e-07,2,"[1, 58]","[5050, 1202]"
2409,7,287,723,0.0008945340340201795,5.900000000028929e-07,2,"[1, 58]","[4833, 1300]"
2410,7,287,724,0.0008934131114223296,0.0008934131114223296,2,"[1, 58]","[5699, 617]"
2411,7,287,724,0.0008939431114223322,5.300000000025987e-07,2,"[1, 58]","[5456, 835]"
2412,7,287,724,0.0008946131114223355,6.700000000032852e-07,2,"[1, 58]","[5184, 1022]"
2413,7,287,725,0.0008934357382169878,0.0008934357382169878,2,"[1, 57]","[6272, 4]"
2414,7,287,725,0.0008940357382169907,6.000000000029419e-07,3,"[1, 57, 58]","[6280, 3, 2]"
2415,7,287,726,0.0008933429618631589,0.0008933429618631589,2,"[1, 57]","[5497, 824]"
2416,7,287,726,0.0008938429618631613,5.000000000024516e-07,2,"[1, 57]","[5225, 1000]"
2417,7,287,726,0.0008944429618631643,6.000000000029419e-07,2,"[1, 57]","[4990, 1255]"
2418,7,287,727,0.0008932204265226665,0.0008932204265226665,2,"[1, 57]","[4285, 1975]"
2419,7,287,727,0.0008936404265226685,4.2000000000205935e-07,2,"[1, 57]","[3792, 2479]"
2420,7,287,727,0.0008940304265226705,3.9000000000191225e-07,2,"[1, 57]","[3534, 2784]"
2421,7,287,727,0.000894540426522673,5.100000000025006e-07,2,"[1, 57]","[3016, 3162]"
2422,7,287,728,0.0008933633815091051,0.0008933633815091051,2,"[1, 57]","[6200, 112]"
2423,7,287,728,0.000893953381509108,5.900000000028929e-07,2,"[1, 57]","[6043, 185]"
2424,7,287,729,0.0008933308044763492,0.0008933308044763492,1,[1],[6296]
2425,7,287,729,0.0008939308044763521,6.000000000029419e-07,1,[1],[6214]
2426,7,287,730,0.0008933151507171146,0.0008933151507171146,1,[1],[6268]
2427,7,287,730,0.0008939151507171175,6.000000000029419e-07,1,[1],[6263]
2428,7,287,731,0.0008932740566881504,0.0008932740566881504,1,[1],[6281]
2429,7,287,731,0.0008938840566881534,6.10000000002991e-07,1,[1],[6287]
2430,7,287,732,0.0008932561518840198,0.0008932561518840198,1,[1],[6288]
2431,7,287,732,0.0008938361518840227,5.800000000028439e-07,1,[1],[6230]
2432,7,287,733,0.0008932161714241523,0.0008932161714241523,1,[1],[6269]
2433,7,287,733,0.0008938061714241552,5.900000000028929e-07,1,[1],[6244]
2434,7,287,734,0.0008931802122377214,0.0008931802122377214,1,[1],[6251]
2435,7,287,734,0.0008937902122377243,6.10000000002991e-07,1,[1],[6306]
2436,7,287,735,0.0008931635325558755,0.0008931635325558755,1,[1],[6320]
2437,7,287,735,0.0008937435325558783,5.800000000028439e-07,1,[1],[6218]
2438,7,287,736,0.0008931434922762134,0.0008931434922762134,1,[1],[6280]
2439,7,287,736,0.0008937334922762163,5.900000000028929e-07,1,[1],[6281]
2440,7,287,737,0.0008931156245741929,0.0008931156245741929,1,[1],[6286]
2441,7,287,737,0.0008937156245741959,6.000000000029419e-07,1,[1],[6222]
2442,7,287,738,0.0008930800901859194,0.0008930800901859194,1,[1],[6250]
2443,7,287,738,0.0008936700901859223,5.900000000028929e-07,1,[1],[6261]
2444,7,287,739,0.000893067448052862,0.000893067448052862,1,[1],[6334]
2445,7,287,739,0.0008936474480528648,5.800000000028439e-07,1,[1],[6217]
2446,7,287,740,0.0008930432469212812,0.0008930432469212812,1,[1],[6334]
2447,7,287,740,0.0008936332469212841,5.900000000028929e-07,1,[1],[6194]
2448,7,287,741,0.0008930040547026206,0.0008930040547026206,1,[1],[6295]
2449,7,287,741,0.0008936140547026235,6.10000000002991e-07,1,[1],[6274]
2450,7,287,742,0.0008929307523343279,0.0008929307523343279,2,"[1, 56]","[5765, 523]"
2451,7,287,742,0.0008934607523343305,5.300000000025987e-07,2,"[1, 56]","[5488, 758]"
2452,7,287,742,0.000894190752334334,7.300000000035793e-07,2,"[1, 56]","[5282, 982]"
2453,7,287,743,0.0008928673856937143,0.0008928673856937143,2,"[1, 56]","[5073, 1272]"
2454,7,287,743,0.0008933273856937165,4.600000000022555e-07,2,"[1, 56]","[4624, 1685]"
2455,7,287,743,0.0008937973856937188,4.700000000023045e-07,2,"[1, 56]","[4030, 2130]"
2456,7,287,744,0.0008929407582616487,0.0008929407582616487,3,"[1, 55, 56]","[5966, 292, 36]"
2457,7,287,744,0.0008935307582616516,5.900000000028929e-07,4,"[1, 54, 55, 56]","[5859, 1, 334, 91]"
2458,7,287,745,0.0008926994214651749,0.0008926994214651749,3,"[1, 54, 55]","[3692, 229, 2398]"
2459,7,287,745,0.0008931194214651769,4.2000000000205935e-07,3,"[1, 54, 55]","[3695, 225, 2302]"
2460,7,287,745,0.0008935194214651789,4.000000000019613e-07,3,"[1, 54, 55]","[3702, 225, 2305]"
2461,7,287,745,0.0008940894214651817,5.700000000027948e-07,3,"[1, 54, 55]","[3656, 224, 2380]"
2462,7,287,746,0.0008927286593303519,0.0008927286593303519,4,"[1, 53, 54, 55]","[4179, 3, 1773, 397]"
2463,7,287,746,0.000893168659330354,4.400000000021574e-07,4,"[1, 53, 54, 55]","[4027, 2, 1806, 383]"
2464,7,287,746,0.0008935786593303561,4.100000000020103e-07,4,"[1, 53, 54, 55]","[3972, 1, 1790, 444]"
2465,7,287,746,0.0008943686593303599,7.900000000038735e-07,4,"[1, 53, 54, 55]","[3933, 4, 1871, 438]"
2466,7,287,747,0.0008928112338219477,0.0008928112338219477,3,"[1, 53, 54]","[5511, 619, 196]"
2467,7,287,747,0.00089329123382195,4.800000000023535e-07,3,"[1, 53, 54]","[5187, 818, 209]"
2468,7,287,747,0.0008938512338219528,5.600000000027458e-07,4,"[1, 53, 54, 55]","[5014, 1019, 225, 1]"
2469,7,287,748,0.0008927385347919432,0.0008927385347919432,2,"[1, 53]","[5170, 1099]"
2470,7,287,748,0.0008931885347919454,4.5000000000220645e-07,2,"[1, 53]","[4923, 1404]"
2471,7,287,748,0.0008936285347919475,4.400000000021574e-07,2,"[1, 53]","[4532, 1720]"
2472,7,287,748,0.0008945185347919519,8.900000000043639e-07,2,"[1, 53]","[4049, 2105]"
2473,7,287,749,0.0008927933706835128,0.0008927933706835128,2,"[1, 53]","[6249, 30]"
2474,7,287,749,0.0008933333706835154,5.400000000026477e-07,2,"[1, 53]","[6291, 32]"
2475,7,287,749,0.0008941333706835193,8.000000000039226e-07,2,"[1, 53]","[6106, 54]"
2476,7,287,750,0.000892770198660303,0.000892770198660303,1,[1],[6320]
2477,7,287,750,0.0008933201986603057,5.500000000026968e-07,1,[1],[6281]
2478,7,287,750,0.0008941801986603099,8.600000000042168e-07,1,[1],[6170]
2479,7,287,751,0.00089274543839177,0.00089274543839177,1,[1],[6277]
2480,7,287,751,0.0008932754383917726,5.300000000025987e-07,2,"[1, 52]","[6255, 1]"
2481,7,287,751,0.0008940854383917765,8.100000000039716e-07,2,"[1, 52]","[6224, 2]"
2482,7,287,752,0.0008926701392597212,0.0008926701392597212,2,"[1, 52]","[5790, 554]"
2483,7,287,752,0.0008931701392597236,5.000000000024516e-07,2,"[1, 52]","[5631, 607]"
2484,7,287,752,0.0008937601392597265,5.900000000028929e-07,2,"[1, 52]","[5553, 682]"
2485,7,287,753,0.0008925856209255939,0.0008925856209255939,2,"[1, 52]","[4723, 1643]"
2486,7,287,753,0.000893015620925596,4.300000000021084e-07,2,"[1, 52]","[4374, 1893]"
2487,7,287,753,0.000893425620925598,4.100000000020103e-07,2,"[1, 52]","[4145, 2088]"
2488,7,287,753,0.0008940556209256011,6.30000000003089e-07,2,"[1, 52]","[4008, 2167]"
2489,7,287,754,0.0008927141376799282,0.0008927141376799282,2,"[1, 52]","[6149, 111]"
2490,7,287,754,0.000893294137679931,5.800000000028439e-07,2,"[1, 52]","[6178, 144]"
2491,7,287,754,0.0008944841376799369,1.1900000000058348e-06,2,"[1, 52]","[5968, 202]"
2492,7,287,755,0.0008927144720935381,0.0008927144720935381,1,[1],[6270]
2493,7,287,755,0.0008932844720935408,5.700000000027948e-07,1,[1],[6237]
2494,7,287,756,0.000892716030065585,0.000892716030065585,2,"[1, 51]","[6255, 5]"
2495,7,287,756,0.0008932960300655878,5.800000000028439e-07,2,"[1, 51]","[6301, 2]"
2496,7,287,757,0.0008926377738111614,0.0008926377738111614,2,"[1, 51]","[5643, 680]"
2497,7,287,757,0.000893167773811164,5.300000000025987e-07,2,"[1, 51]","[5535, 714]"
2498,7,287,757,0.0008938777738111674,7.100000000034813e-07,2,"[1, 51]","[5509, 689]"
2499,7,287,758,0.000892584780079546,0.000892584780079546,2,"[1, 51]","[4719, 1558]"
2500,7,287,758,0.0008930747800795484,4.900000000024026e-07,2,"[1, 51]","[4749, 1550]"
2501,7,287,758,0.0008936447800795512,5.700000000027948e-07,2,"[1, 51]","[4688, 1547]"
2502,7,287,759,0.0008927134332853666,0.0008927134332853666,2,"[1, 51]","[6253, 58]"
2503,7,287,759,0.0008933134332853696,6.000000000029419e-07,2,"[1, 51]","[6144, 53]"
2504,7,287,760,0.0008927123443549464,0.0008927123443549464,1,[1],[6274]
2505,7,287,760,0.0008933123443549493,6.000000000029419e-07,1,[1],[6262]
2506,7,287,761,0.0008926906871687069,0.0008926906871687069,1,[1],[6260]
2507,7,287,761,0.0008933006871687099,6.10000000002991e-07,1,[1],[6302]
2508,7,287,762,0.0008926965791442468,0.0008926965791442468,1,[1],[6275]
2509,7,287,762,0.0008933065791442498,6.10000000002991e-07,1,[1],[6287]
2510,7,287,763,0.0008927063388579787,0.0008927063388579787,1,[1],[6326]
2511,7,287,763,0.0008932963388579816,5.900000000028929e-07,1,[1],[6193]
2512,7,287,764,0.0008926851991286639,0.0008926851991286639,1,[1],[6337]
2513,7,287,764,0.0008932851991286669,6.000000000029419e-07,1,[1],[6240]
2514,7,287,765,0.0008926920757870067,0.0008926920757870067,1,[1],[6319]
2515,7,287,765,0.0008932920757870097,6.000000000029419e-07,1,[1],[6246]
2516,7,287,766,0.0008926864197762788,0.0008926864197762788,1,[1],[6307]
2517,7,287,766,0.0008932964197762818,6.10000000002991e-07,1,[1],[6259]
2518,7,287,767,0.0008926414486226277,0.0008926414486226277,3,"[1, 50, 430]","[5962, 371, 1]"
2519,7,287,767,0.0008932114486226305,5.700000000027948e-07,2,"[1, 50]","[5985, 276]"
2520,7,287,767,0.000894331448622636,1.1200000000054916e-06,2,"[1, 50]","[5960, 202]"
2521,7,287,768,0.0008923807146893519,0.0008923807146893519,3,"[1, 50, 430]","[3579, 2689, 7]"
2522,7,287,768,0.0008928307146893541,4.5000000000220645e-07,3,"[1, 50, 430]","[3978, 2291, 1]"
2523,7,287,768,0.0008932507146893561,4.2000000000205935e-07,3,"[1, 50, 430]","[4349, 1906, 3]"
2524,7,287,768,0.0008939807146893597,7.300000000035793e-07,2,"[1, 50]","[4588, 1639]"
2525,7,287,769,0.000892630078525813,0.000892630078525813,3,"[1, 50, 430]","[5667, 606, 1]"
2526,7,287,769,0.0008931900785258157,5.600000000027458e-07,2,"[1, 50]","[5835, 406]"
2527,7,287,769,0.0008940800785258201,8.900000000043639e-07,2,"[1, 50]","[5954, 304]"
2528,7,287,770,0.0008927075275268718,0.0008927075275268718,2,"[1, 50]","[6257, 1]"
2529,7,287,770,0.0008932975275268746,5.900000000028929e-07,1,[1],[6242]
2530,7,287,771,0.0008927165964851405,0.0008927165964851405,2,"[1, 49]","[6219, 63]"
2531,7,287,771,0.0008933065964851434,5.900000000028929e-07,2,"[1, 49]","[6186, 63]"
2532,7,287,772,0.0008925485429058229,0.0008925485429058229,2,"[1, 49]","[4148, 2185]"
2533,7,287,772,0.0008930085429058252,4.600000000022555e-07,2,"[1, 49]","[4365, 1873]"
2534,7,287,772,0.0008934685429058274,4.600000000022555e-07,2,"[1, 49]","[4454, 1747]"
2535,7,287,773,0.0008926932224152104,0.0008926932224152104,2,"[1, 49]","[4913, 1352]"
2536,7,287,773,0.000893223222415213,5.300000000025987e-07,2,"[1, 49]","[5172, 1158]"
2537,7,287,773,0.0008939532224152166,7.300000000035793e-07,2,"[1, 49]","[5164, 1024]"
2538,7,287,774,0.0008928627080405589,0.0008928627080405589,2,"[1, 49]","[6329, 9]"
2539,7,287,774,0.000893492708040562,6.30000000003089e-07,2,"[1, 49]","[6206, 5]"
2540,7,287,775,0.0008928935839239786,0.0008928935839239786,1,[1],[6253]
2541,7,287,775,0.0008935235839239817,6.30000000003089e-07,1,[1],[6325]
2542,7,287,776,0.0008929382038518973,0.0008929382038518973,1,[1],[6324]
2543,7,287,776,0.0008935482038519003,6.10000000002991e-07,1,[1],[6197]
2544,7,287,777,0.0008929674709715601,0.0008929674709715601,1,[1],[6304]
2545,7,287,777,0.0008935874709715631,6.2000000000304e-07,1,[1],[6246]
2546,7,287,778,0.0008930157392031763,0.0008930157392031763,1,[1],[6319]
2547,7,287,778,0.0008936357392031793,6.2000000000304e-07,1,[1],[6227]
2548,7,287,779,0.0008930545126968062,0.0008930545126968062,1,[1],[6283]
2549,7,287,779,0.0008936845126968093,6.30000000003089e-07,1,[1],[6290]
2550,7,287,780,0.0008930875522541173,0.0008930875522541173,1,[1],[6251]
2551,7,287,780,0.0008937175522541204,6.30000000003089e-07,1,[1],[6323]
2552,7,287,781,0.0008931387114597527,0.0008931387114597527,2,"[1, 48]","[6258, 6]"
2553,7,287,781,0.0008937787114597558,6.400000000031381e-07,2,"[1, 48]","[6268, 8]"
2554,7,287,782,0.0008930370798508394,0.0008930370798508394,2,"[1, 48]","[4965, 1291]"
2555,7,287,782,0.000893557079850842,5.200000000025497e-07,2,"[1, 48]","[5086, 1178]"
2556,7,287,782,0.0008942670798508455,7.100000000034813e-07,2,"[1, 48]","[5302, 966]"
2557,7,287,783,0.0008930219388778207,0.0008930219388778207,2,"[1, 48]","[4541, 1789]"
2558,7,287,783,0.0008935219388778231,5.000000000024516e-07,2,"[1, 48]","[4811, 1414]"
2559,7,287,783,0.000894111938877826,5.900000000028929e-07,2,"[1, 48]","[4988, 1267]"
2560,7,287,784,0.0008932081983850097,0.0008932081983850097,2,"[1, 48]","[6240, 34]"
2561,7,287,784,0.0008938181983850127,6.10000000002991e-07,2,"[1, 48]","[6271, 20]"
2562,7,287,785,0.0008932394140620813,0.0008932394140620813,1,[1],[6346]
2563,7,287,785,0.0008938494140620843,6.10000000002991e-07,1,[1],[6245]
2564,7,287,786,0.0008932734946377831,0.0008932734946377831,1,[1],[6307]
2565,7,287,786,0.000893873494637786,6.000000000029419e-07,1,[1],[6262]
2566,7,287,787,0.0008932937655658318,0.0008932937655658318,1,[1],[6322]
2567,7,287,787,0.0008938937655658348,6.000000000029419e-07,1,[1],[6212]
2568,7,287,788,0.0008933231135859044,0.0008933231135859044,1,[1],[6316]
2569,7,287,788,0.0008939231135859073,6.000000000029419e-07,1,[1],[6212]
2570,7,287,789,0.0008933489712086123,0.0008933489712086123,3,"[1, 46, 47]","[6259, 11, 1]"
2571,7,287,789,0.0008939489712086153,6.000000000029419e-07,2,"[1, 46]","[6247, 9]"
2572,7,287,790,0.0008932526639830845,0.0008932526639830845,3,"[1, 46, 47]","[5043, 1132, 105]"
2573,7,287,790,0.0008937326639830869,4.800000000023535e-07,3,"[1, 46, 47]","[4926, 1221, 110]"
2574,7,287,790,0.0008942626639830895,5.300000000025987e-07,3,"[1, 46, 47]","[4806, 1313, 121]"
2575,7,287,791,0.0008931347300989208,0.0008931347300989208,3,"[1, 46, 47]","[3623, 2024, 606]"
2576,7,287,791,0.0008935247300989228,3.9000000000191225e-07,3,"[1, 46, 47]","[3573, 2055, 637]"
2577,7,287,791,0.0008938647300989244,3.400000000016671e-07,3,"[1, 46, 47]","[3503, 2189, 639]"
2578,7,287,791,0.0008942447300989263,3.800000000018632e-07,3,"[1, 46, 47]","[3290, 2262, 601]"
2579,7,287,791,0.000895204730098931,9.60000000004707e-07,3,"[1, 46, 47]","[3186, 2424, 645]"
2580,7,287,792,0.0008933803239497977,0.0008933803239497977,3,"[1, 46, 47]","[6070, 179, 110]"
2581,7,287,792,0.0008939303239498004,5.500000000026968e-07,3,"[1, 46, 47]","[5943, 177, 97]"
2582,7,287,792,0.0008947903239498046,8.600000000042168e-07,3,"[1, 46, 47]","[5911, 190, 106]"
2583,7,287,793,0.0008934187037034891,0.0008934187037034891,1,[1],[6344]
2584,7,287,793,0.0008939887037034919,5.700000000027948e-07,2,"[1, 47]","[6241, 1]"
2585,7,287,793,0.0008952887037034983,1.3000000000063742e-06,1,[1],[6168]
2586,7,287,794,0.0008934062661739582,0.0008934062661739582,1,[1],[6329]
2587,7,287,794,0.0008939562661739609,5.500000000026968e-07,1,[1],[6176]
2588,7,287,794,0.000894986266173966,1.0300000000050503e-06,1,[1],[6250]
2589,7,287,795,0.0008934322530703719,0.0008934322530703719,1,[1],[6304]
2590,7,287,795,0.0008940022530703747,5.700000000027948e-07,1,[1],[6234]
2591,7,287,795,0.0008951422530703803,1.1400000000055897e-06,1,[1],[6221]
2592,7,287,796,0.0008934335262313339,0.0008934335262313339,3,"[1, 44, 45]","[6267, 5, 6]"
2593,7,287,796,0.0008940035262313367,5.700000000027948e-07,3,"[1, 44, 45]","[6255, 3, 6]"
2594,7,287,796,0.000895083526231342,1.0800000000052955e-06,3,"[1, 44, 45]","[6220, 3, 5]"
2595,7,287,797,0.000893297292225477,0.000893297292225477,3,"[1, 44, 45]","[4642, 803, 806]"
2596,7,287,797,0.0008937472922254792,4.5000000000220645e-07,3,"[1, 44, 45]","[4780, 772, 741]"
2597,7,287,797,0.0008941972922254814,4.5000000000220645e-07,3,"[1, 44, 45]","[4732, 684, 821]"
2598,7,287,798,0.0008932534806737397,0.0008932534806737397,3,"[1, 44, 45]","[4066, 1304, 954]"
2599,7,287,798,0.0008936934806737419,4.400000000021574e-07,3,"[1, 44, 45]","[4211, 1128, 952]"
2600,7,287,798,0.0008940834806737438,3.9000000000191225e-07,3,"[1, 44, 45]","[4141, 1056, 986]"
2601,7,287,798,0.0008947034806737468,6.2000000000304e-07,3,"[1, 44, 45]","[4225, 1024, 1013]"
2602,7,287,799,0.000893502087252194,0.000893502087252194,3,"[1, 44, 45]","[6223, 26, 19]"
2603,7,287,799,0.0008940920872521969,5.900000000028929e-07,3,"[1, 44, 45]","[6232, 27, 17]"
2604,7,287,800,0.0008934911628209354,0.0008934911628209354,1,[1],[6312]
2605,7,287,800,0.0008940711628209382,5.800000000028439e-07,1,[1],[6205]
2606,7,287,801,0.0008934983382351038,0.0008934983382351038,1,[1],[6337]
2607,7,287,801,0.0008940883382351067,5.900000000028929e-07,1,[1],[6273]
2608,7,287,802,0.0008934963622180571,0.0008934963622180571,2,"[1, 43]","[6331, 4]"
2609,7,287,802,0.00089407636221806,5.800000000028439e-07,2,"[1, 43]","[6198, 4]"
2610,7,287,803,0.0008934335864571706,0.0008934335864571706,2,"[1, 43]","[5570, 683]"
2611,7,287,803,0.0008939535864571731,5.200000000025497e-07,2,"[1, 43]","[5605, 709]"
2612,7,287,803,0.0008946235864571764,6.700000000032852e-07,2,"[1, 43]","[5351, 844]"
2613,7,287,804,0.0008934019701761367,0.0008934019701761367,2,"[1, 43]","[5247, 1045]"
2614,7,287,804,0.0008939019701761392,5.000000000024516e-07,2,"[1, 43]","[5106, 1182]"
2615,7,287,804,0.0008944519701761419,5.500000000026968e-07,2,"[1, 43]","[4916, 1293]"
2616,7,287,805,0.0008934906430315597,0.0008934906430315597,2,"[1, 43]","[6285, 35]"
2617,7,287,805,0.0008940806430315626,5.900000000028929e-07,2,"[1, 43]","[6242, 28]"
2618,7,287,806,0.0008934831762096033,0.0008934831762096033,2,"[1, 42]","[6098, 221]"
2619,7,287,806,0.000894033176209606,5.500000000026968e-07,2,"[1, 42]","[5967, 265]"
2620,7,287,806,0.0008948731762096101,8.400000000041187e-07,2,"[1, 42]","[5506, 719]"
2621,7,287,807,0.0008930554503228705,0.0008930554503228705,2,"[1, 42]","[2669, 3711]"
2622,7,287,807,0.0008934754503228725,4.2000000000205935e-07,2,"[1, 42]","[3434, 2704]"
2623,7,287,807,0.0008938354503228743,3.6000000000176516e-07,2,"[1, 42]","[3797, 2559]"
2624,7,287,807,0.0008942054503228761,3.700000000018142e-07,2,"[1, 42]","[3703, 2486]"
2625,7,287,807,0.0008947154503228786,5.100000000025006e-07,2,"[1, 42]","[3314, 2884]"
2626,7,287,808,0.0008930378893370837,0.0008930378893370837,2,"[1, 42]","[2196, 4063]"
2627,7,287,808,0.000893487889337086,4.5000000000220645e-07,2,"[1, 42]","[3183, 3190]"
2628,7,287,808,0.0008938778893370879,3.9000000000191225e-07,2,"[1, 42]","[3553, 2568]"
2629,7,287,808,0.0008943978893370904,5.200000000025497e-07,2,"[1, 42]","[4129, 2187]"
2630,7,287,809,0.0008935186352115853,0.0008935186352115853,2,"[1, 42]","[5971, 300]"
2631,7,287,809,0.0008941286352115883,6.10000000002991e-07,2,"[1, 42]","[6081, 174]"
2632,7,287,810,0.0008935590043033885,0.0008935590043033885,1,[1],[6289]
2633,7,287,810,0.0008941890043033916,6.30000000003089e-07,1,[1],[6260]
2634,7,287,811,0.000893571443751411,0.000893571443751411,1,[1],[6339]
2635,7,287,811,0.000894191443751414,6.2000000000304e-07,1,[1],[6195]
2636,7,287,812,0.0008935875357758831,0.0008935875357758831,1,[1],[6313]
2637,7,287,812,0.0008942175357758862,6.30000000003089e-07,1,[1],[6244]
2638,7,287,813,0.000893594474847464,0.000893594474847464,1,[1],[6271]
2639,7,287,813,0.0008942244748474671,6.30000000003089e-07,1,[1],[6248]
2640,7,287,814,0.0008936366817821726,0.0008936366817821726,1,[1],[6300]
2641,7,287,814,0.0008942766817821757,6.400000000031381e-07,1,[1],[6256]
2642,7,287,815,0.0008936223546207628,0.0008936223546207628,1,[1],[6251]
2643,7,287,815,0.000894272354620766,6.500000000031871e-07,1,[1],[6277]
2644,7,287,816,0.0008936514401188142,0.0008936514401188142,1,[1],[6269]
2645,7,287,816,0.0008943014401188174,6.500000000031871e-07,1,[1],[6240]
2646,7,287,817,0.000893658010854865,0.000893658010854865,1,[1],[6318]
2647,7,287,817,0.0008943180108548683,6.600000000032361e-07,1,[1],[6220]
2648,7,287,818,0.0008937130789154615,0.0008937130789154615,1,[1],[6315]
2649,7,287,818,0.0008943730789154647,6.600000000032361e-07,1,[1],[6231]
2650,7,287,819,0.0008937281252933445,0.0008937281252933445,1,[1],[6295]
2651,7,287,819,0.0008943981252933478,6.700000000032852e-07,1,[1],[6279]
2652,7,287,820,0.0008937328024342191,0.0008937328024342191,1,[1],[6264]
2653,7,287,820,0.0008944128024342224,6.800000000033342e-07,1,[1],[6262]
2654,7,287,821,0.0008937569438186664,0.0008937569438186664,1,[1],[6306]
2655,7,287,821,0.0008944569438186699,7.000000000034323e-07,1,[1],[6236]
2656,7,287,822,0.0008937773866762961,0.0008937773866762961,1,[1],[6296]
2657,7,287,822,0.0008944773866762996,7.000000000034323e-07,1,[1],[6237]
2658,7,287,823,0.000893807513769687,0.000893807513769687,3,"[1, 41, 438]","[6266, 17, 4]"
2659,7,287,823,0.0008945175137696905,7.100000000034813e-07,2,"[1, 41]","[6250, 1]"
2660,7,287,824,0.0008933169951592409,0.0008933169951592409,3,"[1, 41, 438]","[2424, 3236, 611]"
2661,7,287,824,0.0008938569951592436,5.400000000026477e-07,3,"[1, 41, 438]","[4018, 1514, 800]"
2662,7,287,824,0.0008943769951592461,5.200000000025497e-07,3,"[1, 41, 438]","[4688, 738, 731]"
2663,7,287,825,0.0008928619932877735,0.0008928619932877735,3,"[1, 41, 438]","[645, 4830, 843]"
2664,7,287,825,0.0008932319932877754,3.700000000018142e-07,3,"[1, 41, 438]","[1206, 3793, 1213]"
2665,7,287,825,0.0008935119932877767,2.800000000013729e-07,3,"[1, 41, 438]","[1584, 3347, 1380]"
2666,7,287,825,0.000893761993287778,2.500000000012258e-07,3,"[1, 41, 438]","[1949, 2931, 1444]"
2667,7,287,825,0.0008940119932877792,2.500000000012258e-07,3,"[1, 41, 438]","[2253, 2466, 1534]"
2668,7,287,825,0.0008942919932877806,2.800000000013729e-07,3,"[1, 41, 438]","[2512, 2132, 1464]"
2669,7,287,825,0.0008947119932877826,4.2000000000205935e-07,3,"[1, 41, 438]","[2888, 1925, 1509]"
2670,7,287,826,0.0008936588489322938,0.0008936588489322938,3,"[1, 41, 438]","[4576, 1452, 240]"
2671,7,287,826,0.0008942088489322965,5.500000000026968e-07,3,"[1, 41, 438]","[5137, 954, 162]"
2672,7,287,826,0.0008950588489323007,8.500000000041677e-07,3,"[1, 41, 438]","[5274, 843, 129]"
2673,7,287,827,0.0008938732935453768,0.0008938732935453768,2,"[1, 41]","[6299, 1]"
2674,7,287,827,0.00089452329354538,6.500000000031871e-07,2,"[1, 41]","[6236, 4]"
2675,7,287,828,0.0008939292729712911,0.0008939292729712911,1,[1],[6292]
2676,7,287,828,0.0008946092729712944,6.800000000033342e-07,1,[1],[6221]
2677,7,287,829,0.0008939605658952927,0.0008939605658952927,1,[1],[6268]
2678,7,287,829,0.0008946805658952962,7.200000000035303e-07,1,[1],[6250]
2679,7,287,830,0.0008940165504377201,0.0008940165504377201,2,"[1, 40]","[6279, 1]"
2680,7,287,830,0.0008947465504377237,7.300000000035793e-07,2,"[1, 40]","[6278, 1]"
2681,7,287,831,0.0008939341754110099,0.0008939341754110099,3,"[1, 40, 440]","[4976, 1305, 6]"
2682,7,287,831,0.000894564175411013,6.30000000003089e-07,2,"[1, 40]","[5505, 742]"
2683,7,287,832,0.0008937446470417761,0.0008937446470417761,3,"[1, 40, 440]","[2787, 3454, 32]"
2684,7,287,832,0.0008942746470417787,5.300000000025987e-07,3,"[1, 40, 440]","[3715, 2541, 5]"
2685,7,287,832,0.0008948946470417817,6.2000000000304e-07,3,"[1, 40, 440]","[4165, 2076, 1]"
2686,7,287,833,0.0008942265652597897,0.0008942265652597897,4,"[1, 40, 440, 441]","[5996, 306, 3, 2]"
2687,7,287,833,0.0008951365652597942,9.100000000044619e-07,2,"[1, 40]","[6068, 133]"
2688,7,287,834,0.0008943059371096947,0.0008943059371096947,1,[1],[6316]
2689,7,287,834,0.0008952759371096995,9.700000000047561e-07,1,[1],[6196]
2690,7,287,835,0.000894379683837079,0.000894379683837079,1,[1],[6261]
2691,7,287,835,0.0008953796838370839,1.0000000000049032e-06,1,[1],[6251]
2692,7,287,836,0.0008944118018400823,0.0008944118018400823,1,[1],[6293]
2693,7,287,836,0.0008954618018400874,1.0500000000051484e-06,1,[1],[6211]
2694,7,287,837,0.0008945007097763066,0.0008945007097763066,1,[1],[6250]
2695,7,287,837,0.0008955407097763117,1.0400000000050993e-06,1,[1],[6258]
2696,7,287,838,0.0008945528781478088,0.0008945528781478088,1,[1],[6282]
2697,7,287,838,0.0008956628781478142,1.1100000000054426e-06,1,[1],[6223]
2698,7,287,839,0.0008946170221821314,0.0008946170221821314,1,[1],[6294]
2699,7,287,839,0.0008957470221821369,1.1300000000055406e-06,1,[1],[6206]
2700,7,287,840,0.0008946690862023218,0.0008946690862023218,1,[1],[6270]
2701,7,287,840,0.0008958090862023274,1.1400000000055897e-06,1,[1],[6238]
2702,7,287,841,0.0008947360187378205,0.0008947360187378205,1,[1],[6317]
2703,7,287,841,0.0008960060187378267,1.270000000006227e-06,1,[1],[6194]
2704,7,287,842,0.0008948118173480533,0.0008948118173480533,1,[1],[6308]
2705,7,287,842,0.0008960918173480596,1.2800000000062761e-06,1,[1],[6207]
2706,7,287,843,0.0008948941096795211,0.0008948941096795211,1,[1],[6329]
2707,7,287,843,0.0008964241096795286,1.530000000007502e-06,1,[1],[6173]
2708,7,287,844,0.0008949354017658363,0.0008949354017658363,1,[1],[6306]
2709,7,287,844,0.000896305401765843,1.3700000000067174e-06,1,[1],[6202]
2710,7,287,845,0.0008949978131338181,0.0008949978131338181,1,[1],[6318]
2711,7,287,846,0.0008950638136267365,0.0008950638136267365,1,[1],[6270]
2712,7,287,847,0.0008951181944972181,0.0008951181944972181,1,[1],[6265]
2713,7,287,848,0.0008952021585671173,0.0008952021585671173,2,"[1, 39]","[6321, 1]"
2714,7,287,849,0.0008952146387051238,0.0008952146387051238,2,"[1, 39]","[5807, 508]"
2715,7,287,849,0.0008964046387051296,1.1900000000058348e-06,2,"[1, 39]","[5505, 689]"
2716,7,287,850,0.0008952250379131538,0.0008952250379131538,2,"[1, 39]","[5287, 1019]"
2717,7,287,850,0.0008961650379131584,9.40000000004609e-07,2,"[1, 39]","[4937, 1284]"
2718,7,287,851,0.0008953586804283303,0.0008953586804283303,2,"[1, 39]","[6214, 41]"
2719,7,287,852,0.0008954045833914252,0.0008954045833914252,1,[1],[6272]
2720,7,287,853,0.0008954644160283734,0.0008954644160283734,1,[1],[6267]
2721,7,287,853,0.0008976444160283841,2.180000000010689e-06,1,[1],[6234]
2722,7,287,854,0.000895506279264642,0.000895506279264642,1,[1],[6256]
2723,7,287,854,0.0008968362792646485,1.3300000000065213e-06,1,[1],[6254]
2724,7,287,855,0.0008955737776590715,0.0008955737776590715,1,[1],[6289]
2725,7,287,855,0.0008969837776590784,1.4100000000069135e-06,1,[1],[6219]
2726,7,287,856,0.0008955977855749586,0.0008955977855749586,2,"[1, 38]","[6242, 75]"
2727,7,287,856,0.000896687785574964,1.0900000000053445e-06,2,"[1, 38]","[6100, 98]"
2728,7,287,857,0.0008953825917252674,0.0008953825917252674,2,"[1, 38]","[4134, 2165]"
2729,7,287,857,0.0008958625917252698,4.800000000023535e-07,2,"[1, 38]","[3806, 2430]"
2730,7,287,857,0.0008964025917252724,5.400000000026477e-07,2,"[1, 38]","[3422, 2819]"
2731,7,287,858,0.0008954241424346285,0.0008954241424346285,2,"[1, 38]","[3967, 2285]"
2732,7,287,858,0.0008959241424346309,5.000000000024516e-07,2,"[1, 38]","[3631, 2686]"
2733,7,287,858,0.0008964441424346335,5.200000000025497e-07,2,"[1, 38]","[3298, 2929]"
2734,7,287,859,0.0008957309683090878,0.0008957309683090878,2,"[1, 38]","[6207, 102]"
2735,7,287,859,0.000896580968309092,8.500000000041677e-07,2,"[1, 38]","[6080, 141]"
2736,7,287,860,0.0008957710423962378,0.0008957710423962378,1,[1],[6338]
2737,7,287,860,0.0008965910423962419,8.200000000040206e-07,1,[1],[6176]
2738,7,287,861,0.0008958441004220588,0.0008958441004220588,1,[1],[6291]
2739,7,287,861,0.0008966641004220628,8.200000000040206e-07,1,[1],[6261]
2740,7,287,862,0.0008958894758867109,0.0008958894758867109,1,[1],[6292]
2741,7,287,862,0.0008966894758867148,8.000000000039226e-07,1,[1],[6235]
2742,7,287,863,0.0008959658041330337,0.0008959658041330337,1,[1],[6287]
2743,7,287,863,0.0008967858041330377,8.200000000040206e-07,1,[1],[6251]
2744,7,287,864,0.0008960449647080359,0.0008960449647080359,1,[1],[6292]
2745,7,287,864,0.0008968449647080398,8.000000000039226e-07,1,[1],[6246]
2746,7,287,865,0.0008960891302336598,0.0008960891302336598,1,[1],[6344]
2747,7,287,865,0.0008968891302336637,8.000000000039226e-07,1,[1],[6208]
2748,7,287,866,0.0008961254694079553,0.0008961254694079553,3,"[1, 36, 37]","[6055, 81, 133]"
2749,7,287,866,0.0008968354694079588,7.100000000034813e-07,3,"[1, 36, 37]","[5901, 93, 298]"
2750,7,287,867,0.0008959444802818352,0.0008959444802818352,4,"[1, 35, 36, 37]","[3866, 211, 1381, 847]"
2751,7,287,867,0.0008963844802818374,4.400000000021574e-07,4,"[1, 35, 36, 37]","[3551, 177, 1313, 1277]"
2752,7,287,867,0.0008967844802818393,4.000000000019613e-07,4,"[1, 35, 36, 37]","[3232, 130, 1212, 1657]"
2753,7,287,867,0.0008973744802818422,5.900000000028929e-07,4,"[1, 35, 36, 37]","[2732, 94, 1038, 2302]"
2754,7,287,868,0.0008960660388652185,0.0008960660388652185,5,"[1, 34, 35, 36, 37]","[3965, 33, 1497, 552, 205]"
2755,7,287,868,0.0008966560388652214,5.900000000028929e-07,5,"[1, 34, 35, 36, 37]","[4236, 36, 1247, 505, 340]"
2756,7,287,868,0.0008976260388652261,9.700000000047561e-07,6,"[1, 34, 35, 36, 37, 446]","[4136, 49, 975, 467, 520, 3]"
2757,7,287,869,0.0008961752995741795,0.0008961752995741795,3,"[1, 34, 35]","[4102, 2038, 144]"
2758,7,287,869,0.0008967352995741823,5.600000000027458e-07,4,"[1, 34, 35, 37]","[4150, 2070, 86, 2]"
2759,7,287,869,0.0008976152995741866,8.800000000043148e-07,4,"[1, 34, 35, 36]","[4084, 2043, 59, 2]"
2760,7,287,870,0.000896299916326711,0.000896299916326711,2,"[1, 34]","[4866, 1417]"
2761,7,287,870,0.0008969299163267141,6.30000000003089e-07,2,"[1, 34]","[4960, 1316]"
2762,7,287,871,0.0008965327455176848,0.0008965327455176848,3,"[1, 33, 34]","[6252, 28, 8]"
2763,7,287,871,0.000897392745517689,8.600000000042168e-07,3,"[1, 33, 34]","[6188, 14, 12]"
2764,7,287,872,0.000896423897155114,0.000896423897155114,2,"[1, 33]","[4187, 2150]"
2765,7,287,872,0.0008970638971551172,6.400000000031381e-07,2,"[1, 33]","[4604, 1645]"
2766,7,287,873,0.0008964258137785439,0.0008964258137785439,2,"[1, 33]","[2806, 3500]"
2767,7,287,873,0.0008970958137785471,6.700000000032852e-07,2,"[1, 33]","[3727, 2522]"
2768,7,287,874,0.000896708920978804,0.000896708920978804,2,"[1, 33]","[5943, 375]"
2769,7,287,874,0.0008975489209788082,8.400000000041187e-07,2,"[1, 33]","[6078, 134]"
2770,7,287,875,0.0008968053680938303,0.0008968053680938303,2,"[1, 33]","[6278, 2]"
2771,7,287,875,0.0008976953680938347,8.900000000043639e-07,1,[1],[6230]
2772,7,287,876,0.0008968555928547073,0.0008968555928547073,1,[1],[6305]
2773,7,287,876,0.0008977655928547117,9.100000000044619e-07,1,[1],[6221]
2774,7,287,877,0.0008969148667361278,0.0008969148667361278,1,[1],[6279]
2775,7,287,877,0.0008978148667361322,9.000000000044129e-07,1,[1],[6239]
2776,7,287,878,0.0008969685319689318,0.0008969685319689318,1,[1],[6302]
2777,7,287,878,0.0008978385319689361,8.700000000042658e-07,1,[1],[6227]
2778,7,287,879,0.0008970190978637828,0.0008970190978637828,1,[1],[6296]
2779,7,287,879,0.0008979390978637873,9.20000000004511e-07,1,[1],[6240]
2780,7,287,880,0.0008970886813538404,0.0008970886813538404,1,[1],[6267]
2781,7,287,880,0.000898018681353845,9.3000000000456e-07,1,[1],[6265]
2782,7,287,881,0.0008971141916470541,0.0008971141916470541,1,[1],[6292]
2783,7,287,881,0.0008980141916470585,9.000000000044129e-07,1,[1],[6209]
2784,7,287,882,0.0008972050019258774,0.0008972050019258774,1,[1],[6293]
2785,7,287,882,0.0008981250019258819,9.20000000004511e-07,1,[1],[6221]
2786,7,287,883,0.0008972367678463506,0.0008972367678463506,1,[1],[6318]
2787,7,287,883,0.0008981167678463549,8.800000000043148e-07,1,[1],[6186]
2788,7,287,884,0.000897305114091009,0.000897305114091009,1,[1],[6317]
2789,7,287,884,0.0008982551140910137,9.500000000046581e-07,1,[1],[6215]
2790,7,287,885,0.0008973598251850113,0.0008973598251850113,1,[1],[6288]
2791,7,287,885,0.0008982798251850158,9.20000000004511e-07,1,[1],[6221]
2792,7,287,886,0.0008974081355713026,0.0008974081355713026,1,[1],[6308]
2793,7,287,886,0.0008983381355713072,9.3000000000456e-07,1,[1],[6199]
2794,7,287,887,0.000897446106708841,0.000897446106708841,1,[1],[6293]
2795,7,287,887,0.0008983961067088456,9.500000000046581e-07,1,[1],[6235]
2796,7,287,888,0.0008975100099895207,0.0008975100099895207,1,[1],[6301]
2797,7,287,888,0.0008984600099895254,9.500000000046581e-07,1,[1],[6220]
2798,7,287,889,0.0008975714369789825,0.0008975714369789825,1,[1],[6269]
2799,7,287,889,0.0008985314369789872,9.60000000004707e-07,1,[1],[6262]
2800,7,287,890,0.0008976245412898262,0.0008976245412898262,1,[1],[6257]
2801,7,287,890,0.000898594541289831,9.700000000047561e-07,1,[1],[6279]
2802,7,287,891,0.0008976723947463062,0.0008976723947463062,1,[1],[6260]
2803,7,287,891,0.000898632394746311,9.60000000004707e-07,1,[1],[6263]
2804,7,287,892,0.0008977407557923702,0.0008977407557923702,1,[1],[6331]
2805,7,287,892,0.0008987107557923749,9.700000000047561e-07,1,[1],[6198]
2806,7,287,893,0.0008977671718162803,0.0008977671718162803,1,[1],[6275]
2807,7,287,893,0.0008987771718162853,1.0100000000049522e-06,1,[1],[6257]
2808,7,287,894,0.0008978505168436968,0.0008978505168436968,1,[1],[6281]
2809,7,287,894,0.0008988305168437016,9.800000000048052e-07,1,[1],[6222]
2810,7,287,895,0.0008978989886501753,0.0008978989886501753,1,[1],[6287]
2811,7,287,895,0.0008989289886501804,1.0300000000050503e-06,1,[1],[6216]
2812,7,287,896,0.0008979600068864777,0.0008979600068864777,1,[1],[6326]
2813,7,287,896,0.0008989400068864825,9.800000000048052e-07,1,[1],[6200]
2814,7,287,897,0.0008980172372431425,0.0008980172372431425,1,[1],[6311]
2815,7,287,897,0.0008990372372431475,1.0200000000050013e-06,1,[1],[6212]
2816,7,287,898,0.000898062527459898,0.000898062527459898,1,[1],[6293]
2817,7,287,898,0.0008990725274599029,1.0100000000049522e-06,1,[1],[6219]
2818,7,287,899,0.0008981245385892335,0.0008981245385892335,1,[1],[6306]
2819,7,287,899,0.0008991245385892384,1.0000000000049032e-06,1,[1],[6203]
2820,7,287,900,0.0008981747771134892,0.0008981747771134892,1,[1],[6267]
2821,7,287,900,0.0008992147771134943,1.0400000000050993e-06,1,[1],[6241]
2822,7,287,901,0.0008982357416279424,0.0008982357416279424,1,[1],[6299]
2823,7,287,901,0.0008992457416279473,1.0100000000049522e-06,1,[1],[6223]
2824,7,287,902,0.0008982943705781749,0.0008982943705781749,1,[1],[6299]
2825,7,287,902,0.0008993443705781801,1.0500000000051484e-06,1,[1],[6211]
2826,7,287,903,0.0008983388095333172,0.0008983388095333172,1,[1],[6314]
2827,7,287,903,0.0008993588095333222,1.0200000000050013e-06,1,[1],[6204]
2828,7,287,904,0.0008983906172505778,0.0008983906172505778,1,[1],[6284]
2829,7,287,904,0.0008994306172505829,1.0400000000050993e-06,1,[1],[6242]
2830,7,287,905,0.0008984740130023321,0.0008984740130023321,1,[1],[6302]
2831,7,287,905,0.0008995440130023373,1.0700000000052464e-06,1,[1],[6204]
2832,7,287,906,0.0008985006822925552,0.0008985006822925552,1,[1],[6290]
2833,7,287,906,0.0008995706822925605,1.0700000000052464e-06,1,[1],[6224]
2834,7,287,907,0.0008985534574500756,0.0008985534574500756,1,[1],[6275]
2835,7,287,907,0.000899643457450081,1.0900000000053445e-06,1,[1],[6232]
2836,7,287,908,0.0008986107457334992,0.0008986107457334992,1,[1],[6288]
2837,7,287,908,0.0008996807457335045,1.0700000000052464e-06,1,[1],[6212]
2838,7,287,909,0.0008986824567486426,0.0008986824567486426,1,[1],[6287]
2839,7,287,909,0.0008997224567486477,1.0400000000050993e-06,1,[1],[6214]
2840,7,287,910,0.0008987269045859376,0.0008987269045859376,1,[1],[6302]
2841,7,287,910,0.0008997969045859428,1.0700000000052464e-06,1,[1],[6198]
2842,7,287,911,0.0008987850868317735,0.0008987850868317735,1,[1],[6264]
2843,7,287,911,0.0008999250868317791,1.1400000000055897e-06,1,[1],[6251]
2844,7,287,912,0.0008988451030175394,0.0008988451030175394,1,[1],[6301]
2845,7,287,912,0.0008999651030175449,1.1200000000054916e-06,1,[1],[6210]
2846,7,287,913,0.0008988837535101485,0.0008988837535101485,1,[1],[6265]
2847,7,287,913,0.000900003753510154,1.1200000000054916e-06,1,[1],[6239]
2848,7,287,914,0.0008989436514552276,0.0008989436514552276,1,[1],[6299]
2849,7,287,914,0.0009000836514552332,1.1400000000055897e-06,1,[1],[6205]
2850,7,287,915,0.0008990193306885134,0.0008990193306885134,1,[1],[6285]
2851,7,287,915,0.0009002593306885195,1.24000000000608e-06,1,[1],[6225]
2852,7,287,916,0.0008990694804841153,0.0008990694804841153,1,[1],[6320]
2853,7,287,916,0.000900229480484121,1.1600000000056877e-06,1,[1],[6191]
2854,7,287,917,0.0008991520205831785,0.0008991520205831785,1,[1],[6327]
2855,7,287,917,0.0009004420205831848,1.2900000000063251e-06,1,[1],[6179]
2856,7,287,918,0.0008991772257293392,0.0008991772257293392,1,[1],[6318]
2857,7,287,918,0.000900347225729345,1.1700000000057368e-06,1,[1],[6194]
2858,7,287,919,0.0008992391494708871,0.0008992391494708871,1,[1],[6325]
2859,7,287,919,0.0009005091494708933,1.270000000006227e-06,1,[1],[6191]
2860,7,287,920,0.0008992957763060595,0.0008992957763060595,1,[1],[6278]
2861,7,287,920,0.0009005957763060659,1.3000000000063742e-06,1,[1],[6223]
2862,7,287,921,0.0008993150113460728,0.0008993150113460728,2,"[1, 32]","[6084, 194]"
2863,7,287,921,0.000900385011346078,1.0700000000052464e-06,2,"[1, 32]","[6009, 238]"
2864,7,287,922,0.0008992686647812427,0.0008992686647812427,2,"[1, 32]","[4874, 1415]"
2865,7,287,922,0.0009000386647812465,7.700000000037755e-07,2,"[1, 32]","[4759, 1516]"
2866,7,287,923,0.000899458892201803,0.000899458892201803,2,"[1, 32]","[6138, 186]"
2867,7,287,923,0.0009005788922018085,1.1200000000054916e-06,2,"[1, 32]","[5991, 199]"
2868,7,287,924,0.0008995420956960345,0.0008995420956960345,2,"[1, 32]","[6315, 2]"
2869,7,287,924,0.0009009020956960411,1.3600000000066684e-06,1,[1],[6191]
2870,7,287,925,0.0008996416803834192,0.0008996416803834192,1,[1],[6274]
2871,7,287,926,0.0008996996133224139,0.0008996996133224139,1,[1],[6277]
2872,7,287,927,0.0008997762780669784,0.0008997762780669784,1,[1],[6255]
2873,7,287,928,0.0008998787612506826,0.0008998787612506826,1,[1],[6286]
2874,7,287,929,0.0008999832722792802,0.0008999832722792802,1,[1],[6285]
2875,7,287,930,0.000900089165181173,0.000900089165181173,1,[1],[6316]
2876,7,287,931,0.0009001590613497679,0.0009001590613497679,1,[1],[6268]
2877,7,287,932,0.0009002727868269092,0.0009002727868269092,1,[1],[6274]
2878,7,287,933,0.0009003039709760492,0.0009003039709760492,2,"[1, 31]","[6007, 260]"
2879,7,287,934,0.0008998335550256421,0.0008998335550256421,3,"[1, 31, 451]","[2810, 3422, 25]"
2880,7,287,934,0.0009002835550256444,4.5000000000220645e-07,3,"[1, 31, 451]","[2475, 3904, 20]"
2881,7,287,934,0.0009006635550256462,3.800000000018632e-07,3,"[1, 31, 451]","[1989, 4196, 32]"
2882,7,287,934,0.0009011035550256484,4.400000000021574e-07,3,"[1, 31, 451]","[1481, 4658, 18]"
2883,7,287,934,0.0009024035550256547,1.3000000000063742e-06,3,"[1, 31, 451]","[884, 5325, 12]"
2884,7,287,935,0.0008997032709399348,0.0008997032709399348,3,"[1, 31, 451]","[1917, 4380, 41]"
2885,7,287,935,0.0009000932709399367,3.9000000000191225e-07,4,"[1, 31, 451, 452]","[1871, 4336, 30, 1]"
2886,7,287,935,0.0009004432709399385,3.500000000017161e-07,4,"[1, 31, 451, 452]","[1898, 4237, 49, 2]"
2887,7,287,935,0.0009008432709399404,4.000000000019613e-07,4,"[1, 31, 451, 452]","[1885, 4408, 50, 1]"
2888,7,287,935,0.0009018132709399452,9.700000000047561e-07,4,"[1, 31, 451, 452]","[1685, 4410, 48, 1]"
2889,7,287,936,0.0009002367199450334,0.0009002367199450334,3,"[1, 31, 451]","[3696, 2609, 2]"
2890,7,287,936,0.0009012867199450385,1.0500000000051484e-06,3,"[1, 31, 451]","[3937, 2264, 1]"
2891,7,287,937,0.0009007898650017546,0.0009007898650017546,2,"[1, 31]","[6206, 60]"
2892,7,287,938,0.0009008358033424276,0.0009008358033424276,1,[1],[6267]
2893,7,287,939,0.0009008734631152772,0.0009008734631152772,1,[1],[6255]
2894,7,287,940,0.0009009625965436213,0.0009009625965436213,1,[1],[6277]
2895,7,287,941,0.0009009765523793383,0.0009009765523793383,1,[1],[6282]
2896,7,287,942,0.0009010543450921996,0.0009010543450921996,1,[1],[6276]
2897,7,287,943,0.0009011064980559617,0.0009011064980559617,1,[1],[6260]
2898,7,287,944,0.0009011096811831789,0.0009011096811831789,1,[1],[6277]
2899,7,287,945,0.000901234964739662,0.000901234964739662,1,[1],[6255]
2900,7,287,946,0.0009012101597068527,0.0009012101597068527,2,"[1, 30]","[6046, 223]"
2901,7,287,947,0.0009009682920249805,0.0009009682920249805,2,"[1, 30]","[4737, 1563]"
2902,7,287,948,0.0009011876251944471,0.0009011876251944471,2,"[1, 30]","[6018, 240]"
2903,7,287,949,0.0009012831543344898,0.0009012831543344898,1,[1],[6272]
2904,7,287,950,0.0009013174423235872,0.0009013174423235872,1,[1],[6293]
2905,7,287,951,0.0009013799786944445,0.0009013799786944445,1,[1],[6261]
2906,7,287,952,0.0009014027853803549,0.0009014027853803549,1,[1],[6271]
2907,7,287,953,0.0009014624464122881,0.0009014624464122881,1,[1],[6277]
2908,7,287,954,0.0009015163907298757,0.0009015163907298757,1,[1],[6256]
2909,7,287,955,0.0009015563350993979,0.0009015563350993979,2,"[1, 29]","[6251, 13]"
2910,7,287,956,0.000901449203798795,0.000901449203798795,2,"[1, 29]","[5445, 844]"
2911,7,287,957,0.0009015790434882611,0.0009015790434882611,2,"[1, 29]","[5409, 851]"
2912,7,287,958,0.0009018642601450515,0.0009018642601450515,2,"[1, 29]","[6265, 11]"
2913,7,287,959,0.0009020019926295633,0.0009020019926295633,1,[1],[6268]
2914,7,287,960,0.0009020481105125289,0.0009020481105125289,1,[1],[6254]
2915,7,287,961,0.0009021540167975258,0.0009021540167975258,1,[1],[6270]
2916,7,287,962,0.0009022754562757578,0.0009022754562757578,2,"[1, 28]","[6254, 7]"
2917,7,287,963,0.0009021441463929499,0.0009021441463929499,2,"[1, 28]","[5570, 705]"
2918,7,287,964,0.0009022028993667221,0.0009022028993667221,2,"[1, 28]","[5255, 1007]"
2919,7,287,965,0.0009026967967123977,0.0009026967967123977,2,"[1, 28]","[6218, 34]"
2920,7,287,966,0.0009032986180533115,0.0009032986180533115,1,[1],[6250]
2921,7,287,975,0.0009029913979601447,0.0009029913979601447,2,"[1, 27]","[4202, 2049]"
2922,7,287,979,0.0009032757473818329,0.0009032757473818329,2,"[1, 26]","[4034, 2218]"
2923,7,287,980,0.0009043567223881038,0.0009043567223881038,2,"[1, 26]","[4638, 1613]"
2924,7,287,1002,0.000905154655930102,0.000905154655930102,2,"[1, 23]","[2018, 4233]"
2925,7,287,1041,0.000905889191301668,0.000905889191301668,2,"[1, 20]","[367, 5915]"
2926,7,287,1041,0.0009067891913016724,9.000000000044129e-07,2,"[1, 20]","[1405, 4835]"
2927,7,287,1042,0.0009066270165600747,0.0009066270165600747,2,"[1, 20]","[1320, 4937]"
2928,7,287,1135,0.0009093965687180193,0.0009093965687180193,2,"[1, 11]","[50, 6257]"
2929,7,287,1135,0.0009098965687180218,5.000000000024516e-07,2,"[1, 11]","[40, 6255]"
2930,7,287,1135,0.0009103665687180241,4.700000000023045e-07,2,"[1, 11]","[25, 6183]"
2931,7,287,1135,0.0009111165687180278,7.500000000036774e-07,2,"[1, 11]","[11, 6183]"
2932,7,287,1136,0.0009097303929447098,0.0009097303929447098,2,"[1, 11]","[80, 6193]"
2933,7,288,658,0.0008958064896351504,0.0008958064896351504,1,[1],[6251]
2934,7,288,659,0.0008953969996733235,0.0008953969996733235,2,"[1, 64]","[5975, 276]"
2935,7,288,660,0.0008946850250544804,0.0008946850250544804,2,"[1, 64]","[3869, 2408]"
2936,7,288,661,0.000895200084798215,0.000895200084798215,2,"[1, 64]","[5544, 737]"
2937,7,288,662,0.0008955028244142043,0.0008955028244142043,1,[1],[6259]
2938,7,288,663,0.0008953120509676149,0.0008953120509676149,1,[1],[6256]
2939,7,288,664,0.0008952482631456018,0.0008952482631456018,1,[1],[6266]
2940,7,288,665,0.0008952064764983287,0.0008952064764983287,2,"[1, 63]","[6261, 1]"
2941,7,288,666,0.0008949516301510021,0.0008949516301510021,2,"[1, 63]","[5695, 577]"
2942,7,288,667,0.0008943826530731133,0.0008943826530731133,2,"[1, 63]","[3771, 2491]"
2943,7,288,668,0.000894781263014756,0.000894781263014756,3,"[1, 62, 63]","[5895, 106, 253]"
2944,7,288,669,0.0008943847875009632,0.0008943847875009632,2,"[1, 62]","[4067, 2252]"
2945,7,288,669,0.0008954547875009685,1.0700000000052464e-06,2,"[1, 62]","[3666, 2519]"
2946,7,288,670,0.0008946366074604242,0.0008946366074604242,2,"[1, 62]","[4608, 1649]"
2947,7,288,671,0.0008950137514870743,0.0008950137514870743,2,"[1, 62]","[6256, 14]"
2948,7,288,672,0.000895051773557442,0.000895051773557442,1,[1],[6252]
2949,7,288,673,0.0008950754504917656,0.0008950754504917656,1,[1],[6254]
2950,7,288,674,0.0008951504001483575,0.0008951504001483575,1,[1],[6266]
2951,7,288,675,0.0008950986824202559,0.0008950986824202559,1,[1],[6271]
2952,7,288,676,0.0008951788613173341,0.0008951788613173341,1,[1],[6258]
2953,7,288,677,0.0008951765117556788,0.0008951765117556788,1,[1],[6263]
2954,7,288,678,0.0008952786093982203,0.0008952786093982203,1,[1],[6250]
2955,7,288,679,0.0008953742762904559,0.0008953742762904559,1,[1],[6250]
2956,7,288,680,0.0008954052562852396,0.0008954052562852396,1,[1],[6252]
2957,7,288,681,0.0008954779097127002,0.0008954779097127002,1,[1],[6253]
2958,7,288,682,0.0008954797812840159,0.0008954797812840159,1,[1],[6251]
2959,7,288,683,0.0008954054566515266,0.0008954054566515266,1,[1],[6253]
2960,7,288,684,0.0008957297571070046,0.0008957297571070046,1,[1],[6253]
2961,7,288,685,0.0008958904389595048,0.0008958904389595048,2,"[1, 61]","[6243, 10]"
2962,7,288,686,0.0008950350685357684,0.0008950350685357684,2,"[1, 61]","[5025, 1240]"
2963,7,288,687,0.000895045483367913,0.000895045483367913,2,"[1, 61]","[5018, 1242]"
2964,7,288,688,0.0008956054203677354,0.0008956054203677354,2,"[1, 61]","[6245, 11]"
2965,7,288,689,0.0008957851573719046,0.0008957851573719046,1,[1],[6252]
2966,7,288,825,0.0008941553445995702,0.0008941553445995702,3,"[1, 41, 438]","[3309, 2455, 521]"
2967,7,288,826,0.0008947856483450825,0.0008947856483450825,3,"[1, 41, 438]","[5438, 780, 43]"
2968,7,288,827,0.0008949767517364348,0.0008949767517364348,2,"[1, 41]","[6263, 2]"
2969,7,288,828,0.0008948792160834984,0.0008948792160834984,1,[1],[6272]
2970,7,288,829,0.0008947896544423781,0.0008947896544423781,1,[1],[6266]
2971,7,288,830,0.0008947663899436659,0.0008947663899436659,2,"[1, 40]","[6261, 2]"
2972,7,288,831,0.0008942003776380662,0.0008942003776380662,3,"[1, 40, 440]","[3828, 2448, 8]"
2973,7,288,832,0.0008937070078196012,0.0008937070078196012,4,"[1, 40, 440, 441]","[1416, 4826, 93, 8]"
2974,7,288,832,0.000894287007819604,5.800000000028439e-07,4,"[1, 40, 440, 441]","[2282, 3912, 15, 1]"
2975,7,288,832,0.0008953370078196092,1.0500000000051484e-06,3,"[1, 40, 440]","[3056, 3148, 4]"
2976,7,288,833,0.0008947816932549809,0.0008947816932549809,3,"[1, 40, 440]","[5763, 510, 13]"
2977,7,288,834,0.0008949313062514328,0.0008949313062514328,1,[1],[6259]
2978,7,288,835,0.0008949383780955688,0.0008949383780955688,1,[1],[6254]
2979,7,288,836,0.0008949615082543607,0.0008949615082543607,1,[1],[6258]
2980,7,288,837,0.0008950236788867718,0.0008950236788867718,1,[1],[6275]
2981,7,288,838,0.0008950412536492397,0.0008950412536492397,1,[1],[6297]
2982,7,288,839,0.0008951185230867436,0.0008951185230867436,1,[1],[6251]
2983,7,288,840,0.0008951381981500016,0.0008951381981500016,1,[1],[6298]
2984,7,288,841,0.0008951654155264438,0.0008951654155264438,1,[1],[6270]
2985,7,288,842,0.0008952292329629156,0.0008952292329629156,1,[1],[6261]
2986,7,288,843,0.0008952349318962506,0.0008952349318962506,1,[1],[6284]
2987,7,288,844,0.0008952500287330528,0.0008952500287330528,1,[1],[6271]
2988,7,288,845,0.0008953164471750727,0.0008953164471750727,1,[1],[6292]
2989,7,288,846,0.0008953264085836635,0.0008953264085836635,1,[1],[6293]
2990,7,288,847,0.0008954335834760441,0.0008954335834760441,1,[1],[6296]
2991,7,288,848,0.0008954464946296176,0.0008954464946296176,2,"[1, 39]","[6271, 4]"
2992,7,288,849,0.0008953734558644981,0.0008953734558644981,2,"[1, 39]","[5795, 493]"
2993,7,288,850,0.0008954007562832833,0.0008954007562832833,2,"[1, 39]","[5302, 995]"
2994,7,288,851,0.0008955939859558521,0.0008955939859558521,2,"[1, 39]","[6251, 34]"
2995,7,288,852,0.0008956994752247442,0.0008956994752247442,1,[1],[6297]
2996,7,288,853,0.0008957958733945258,0.0008957958733945258,1,[1],[6274]
2997,7,288,854,0.000895860855103945,0.000895860855103945,1,[1],[6269]
2998,7,288,855,0.0008959600968833188,0.0008959600968833188,2,"[1, 38]","[6255, 1]"
2999,7,288,856,0.0008960283711805367,0.0008960283711805367,2,"[1, 38]","[6118, 142]"
3000,7,288,857,0.0008955477981354447,0.0008955477981354447,2,"[1, 38]","[3358, 2892]"
3001,7,288,857,0.0008961877981354478,6.400000000031381e-07,2,"[1, 38]","[2950, 3325]"
3002,7,288,858,0.0008956933608067111,0.0008956933608067111,2,"[1, 38]","[3652, 2643]"
3003,7,288,858,0.0008964533608067149,7.600000000037264e-07,2,"[1, 38]","[3121, 3110]"
3004,7,288,859,0.0008961702987240429,0.0008961702987240429,2,"[1, 38]","[6162, 118]"
3005,7,288,860,0.0008962957515214479,0.0008962957515214479,1,[1],[6256]
3006,7,288,861,0.0008963559986765967,0.0008963559986765967,1,[1],[6295]
3007,7,288,862,0.0008964650327587337,0.0008964650327587337,1,[1],[6278]
3008,7,288,863,0.0008964892242494799,0.0008964892242494799,1,[1],[6288]
3009,7,288,864,0.0008965900413803415,0.0008965900413803415,1,[1],[6251]
3010,7,288,865,0.0008966528979446892,0.0008966528979446892,1,[1],[6273]
3011,7,288,866,0.0008966423222888506,0.0008966423222888506,4,"[1, 35, 36, 37]","[5801, 1, 101, 381]"
3012,7,288,867,0.0008961897961609605,0.0008961897961609605,4,"[1, 35, 36, 37]","[3249, 165, 1573, 1349]"
3013,7,288,867,0.0008967697961609634,5.800000000028439e-07,4,"[1, 35, 36, 37]","[2610, 108, 1268, 2192]"
3014,7,288,867,0.0008976697961609678,9.000000000044129e-07,5,"[1, 35, 36, 37, 446]","[1822, 74, 905, 3451, 13]"
3015,7,288,868,0.0008964985482317624,0.0008964985482317624,5,"[1, 34, 35, 36, 37]","[3876, 27, 1379, 662, 350]"
3016,7,288,869,0.000896762480330756,0.000896762480330756,4,"[1, 34, 35, 36]","[4532, 1576, 154, 1]"
3017,7,288,870,0.0008969420869535419,0.0008969420869535419,2,"[1, 34]","[5191, 1082]"
3018,7,288,871,0.0008972969493818203,0.0008972969493818203,3,"[1, 33, 34]","[6212, 41, 10]"
3019,7,288,872,0.0008965944918132776,0.0008965944918132776,2,"[1, 33]","[2808, 3501]"
3020,7,288,872,0.000897894491813284,1.3000000000063742e-06,2,"[1, 33]","[3490, 2708]"
3021,7,288,873,0.0008960990789530891,0.0008960990789530891,2,"[1, 33]","[785, 5478]"
3022,7,288,873,0.0008966090789530916,5.100000000025006e-07,2,"[1, 33]","[1263, 5083]"
3023,7,288,873,0.0008971590789530943,5.500000000026968e-07,2,"[1, 33]","[1596, 4602]"
3024,7,288,874,0.000897104528748583,0.000897104528748583,2,"[1, 33]","[4757, 1499]"
3025,7,288,875,0.0008975369107609983,0.0008975369107609983,2,"[1, 33]","[6270, 1]"
3026,7,288,876,0.0008975904208498129,0.0008975904208498129,1,[1],[6250]
3027,7,288,877,0.000897641359265245,0.000897641359265245,1,[1],[6262]
3028,7,288,878,0.0008977086576407434,0.0008977086576407434,1,[1],[6262]
3029,7,288,879,0.0008977326102793642,0.0008977326102793642,1,[1],[6256]
3030,7,288,880,0.000897783638406943,0.000897783638406943,1,[1],[6277]
3031,7,288,881,0.000897787213735375,0.000897787213735375,1,[1],[6264]
3032,7,288,882,0.0008978702827650704,0.0008978702827650704,1,[1],[6255]
3033,7,288,883,0.0008979322447232482,0.0008979322447232482,1,[1],[6263]
3034,7,288,884,0.0008979589417813484,0.0008979589417813484,1,[1],[6251]
3035,7,288,885,0.0008980017707343369,0.0008980017707343369,1,[1],[6253]
3036,7,288,886,0.0008980712474858911,0.0008980712474858911,1,[1],[6269]
3037,7,288,887,0.0008981308108061182,0.0008981308108061182,1,[1],[6254]
3038,7,288,888,0.0008981586579926513,0.0008981586579926513,1,[1],[6259]
3039,7,288,889,0.000898228191402985,0.000898228191402985,1,[1],[6256]
3040,7,288,890,0.0008982356175220546,0.0008982356175220546,1,[1],[6257]
3041,7,288,891,0.0008983047211776806,0.0008983047211776806,1,[1],[6252]
3042,7,288,892,0.0008983111713349764,0.0008983111713349764,1,[1],[6263]
3043,7,288,893,0.0008983822254367892,0.0008983822254367892,1,[1],[6258]
3044,7,288,894,0.0008984871865051518,0.0008984871865051518,1,[1],[6277]
3045,7,288,895,0.0008984763930757661,0.0008984763930757661,1,[1],[6250]
3046,7,288,896,0.0008984919206230128,0.0008984919206230128,1,[1],[6267]
3047,7,288,897,0.0008985867421951592,0.0008985867421951592,1,[1],[6272]
3048,7,288,898,0.0008986196194335258,0.0008986196194335258,1,[1],[6268]
3049,7,288,899,0.0008986625470282724,0.0008986625470282724,1,[1],[6269]
3050,7,288,900,0.0008987236022732749,0.0008987236022732749,1,[1],[6280]
3051,7,288,901,0.0008987865675112921,0.0008987865675112921,1,[1],[6266]
3052,7,288,902,0.0008988264711462348,0.0008988264711462348,1,[1],[6259]
3053,7,288,903,0.0008988911102424107,0.0008988911102424107,1,[1],[6282]
3054,7,288,904,0.0008989080619334701,0.0008989080619334701,1,[1],[6258]
3055,7,288,905,0.0008989417228941038,0.0008989417228941038,1,[1],[6260]
3056,7,288,906,0.0008990096301185905,0.0008990096301185905,1,[1],[6251]
3057,7,288,907,0.0008990813931764044,0.0008990813931764044,1,[1],[6278]
3058,7,288,908,0.0008991002983103243,0.0008991002983103243,1,[1],[6257]
3059,7,288,909,0.0008991718276483964,0.0008991718276483964,1,[1],[6270]
3060,7,288,910,0.0008992197956837213,0.0008992197956837213,1,[1],[6280]
3061,7,288,911,0.0008992497278803719,0.0008992497278803719,1,[1],[6267]
3062,7,288,912,0.0008993151647095914,0.0008993151647095914,1,[1],[6263]
3063,7,288,913,0.0008993762762470202,0.0008993762762470202,1,[1],[6277]
3064,7,288,914,0.0008993862569704499,0.0008993862569704499,1,[1],[6250]
3065,7,288,915,0.0008994414860739424,0.0008994414860739424,1,[1],[6273]
3066,7,288,916,0.0008994732989461759,0.0008994732989461759,1,[1],[6257]
3067,7,288,917,0.000899534446646529,0.000899534446646529,1,[1],[6259]
3068,7,288,918,0.0008995762533755285,0.0008995762533755285,1,[1],[6288]
3069,7,288,919,0.000899629539888608,0.000899629539888608,1,[1],[6267]
3070,7,288,920,0.0008996969025944587,0.0008996969025944587,1,[1],[6258]
3071,7,288,921,0.0008996746796741779,0.0008996746796741779,2,"[1, 32]","[6085, 191]"
3072,7,288,922,0.0008996168783058729,0.0008996168783058729,2,"[1, 32]","[4935, 1341]"
3073,7,288,923,0.0008997842456935907,0.0008997842456935907,2,"[1, 32]","[6121, 157]"
3074,7,288,924,0.0008997988266678131,0.0008997988266678131,1,[1],[6250]
3075,7,288,925,0.0008998646502287282,0.0008998646502287282,1,[1],[6301]
3076,7,288,926,0.0008998997766298733,0.0008998997766298733,1,[1],[6300]
3077,7,288,927,0.0008998931139626698,0.0008998931139626698,1,[1],[6286]
3078,7,288,928,0.0008999637077705741,0.0008999637077705741,1,[1],[6292]
3079,7,288,929,0.0008999714404214729,0.0008999714404214729,1,[1],[6281]
3080,7,288,930,0.0009000217259099195,0.0009000217259099195,1,[1],[6303]
3081,7,288,931,0.0009000610135900983,0.0009000610135900983,1,[1],[6275]
3082,7,288,932,0.0009000970242174384,0.0009000970242174384,1,[1],[6298]
3083,7,288,933,0.0009001691159284098,0.0009001691159284098,2,"[1, 31]","[6287, 10]"
3084,7,288,934,0.0009001063362957622,0.0009001063362957622,3,"[1, 31, 451]","[5719, 553, 6]"
3085,7,288,934,0.0009009863362957665,8.800000000043148e-07,3,"[1, 31, 451]","[5577, 673, 10]"
3086,7,288,935,0.0008999983280955966,0.0008999983280955966,3,"[1, 31, 451]","[4262, 2029, 8]"
3087,7,288,935,0.0009005983280955996,6.000000000029419e-07,4,"[1, 31, 451, 452]","[4343, 1846, 12, 1]"
3088,7,288,936,0.0009001516661002835,0.0009001516661002835,3,"[1, 31, 451]","[4554, 1734, 1]"
3089,7,288,936,0.0009009316661002873,7.800000000038245e-07,2,"[1, 31]","[4822, 1437]"
3090,7,288,937,0.0009003918891648818,0.0009003918891648818,2,"[1, 31]","[6225, 43]"
3091,7,288,938,0.0009004422573660326,0.0009004422573660326,1,[1],[6258]
3092,7,288,939,0.0009004780154187181,0.0009004780154187181,1,[1],[6316]
3093,7,288,940,0.0009005121097781027,0.0009005121097781027,1,[1],[6270]
3094,7,288,941,0.000900550577430281,0.000900550577430281,1,[1],[6296]
3095,7,288,942,0.0009005764039933651,0.0009005764039933651,1,[1],[6308]
3096,7,288,942,0.0009030564039933772,2.48000000001216e-06,1,[1],[6192]
3097,7,288,943,0.0009006037608983563,0.0009006037608983563,1,[1],[6262]
3098,7,288,944,0.0009006654470494656,0.0009006654470494656,1,[1],[6315]
3099,7,288,944,0.0009025354470494748,1.870000000009169e-06,1,[1],[6185]
3100,7,288,945,0.0009006747783406507,0.0009006747783406507,1,[1],[6254]
3101,7,288,945,0.0009021947783406581,1.5200000000074529e-06,2,"[1, 30]","[6246, 1]"
3102,7,288,946,0.000900703259986922,0.000900703259986922,2,"[1, 30]","[6032, 247]"
3103,7,288,946,0.000901743259986927,1.0400000000050993e-06,2,"[1, 30]","[5804, 434]"
3104,7,288,947,0.0009005766880187677,0.0009005766880187677,2,"[1, 30]","[4703, 1614]"
3105,7,288,947,0.0009011566880187705,5.800000000028439e-07,2,"[1, 30]","[4011, 2198]"
3106,7,288,947,0.0009027066880187781,1.5500000000076e-06,2,"[1, 30]","[3524, 2700]"
3107,7,288,948,0.0009007323642345054,0.0009007323642345054,2,"[1, 30]","[6010, 302]"
3108,7,288,948,0.0009016423642345099,9.100000000044619e-07,2,"[1, 30]","[5826, 408]"
3109,7,288,949,0.0009007734707609338,0.0009007734707609338,2,"[1, 30]","[6268, 1]"
3110,7,288,949,0.0009017634707609387,9.900000000048542e-07,2,"[1, 30]","[6251, 1]"
3111,7,288,950,0.000900818338522976,0.000900818338522976,1,[1],[6284]
3112,7,288,950,0.0009017883385229807,9.700000000047561e-07,1,[1],[6218]
3113,7,288,951,0.0009008506278672752,0.0009008506278672752,1,[1],[6259]
3114,7,288,951,0.00090182062786728,9.700000000047561e-07,1,[1],[6241]
3115,7,288,952,0.0009009018929867011,0.0009009018929867011,1,[1],[6259]
3116,7,288,952,0.0009018418929867058,9.40000000004609e-07,1,[1],[6250]
3117,7,288,953,0.0009009401402321815,0.0009009401402321815,1,[1],[6254]
3118,7,288,953,0.0009018901402321861,9.500000000046581e-07,1,[1],[6266]
3119,7,288,954,0.0009009721161212265,0.0009009721161212265,1,[1],[6295]
3120,7,288,954,0.0009019221161212311,9.500000000046581e-07,1,[1],[6209]
3121,7,288,955,0.0009010113500285605,0.0009010113500285605,2,"[1, 29]","[6293, 10]"
3122,7,288,955,0.0009019513500285651,9.40000000004609e-07,2,"[1, 29]","[6186, 13]"
3123,7,288,956,0.0009009575527199395,0.0009009575527199395,2,"[1, 29]","[5343, 939]"
3124,7,288,956,0.0009016475527199428,6.900000000033832e-07,2,"[1, 29]","[5203, 1068]"
3125,7,288,957,0.0009010389643829143,0.0009010389643829143,2,"[1, 29]","[5341, 946]"
3126,7,288,957,0.0009018289643829182,7.900000000038735e-07,2,"[1, 29]","[5300, 929]"
3127,7,288,958,0.0009011910193185259,0.0009011910193185259,2,"[1, 29]","[6289, 7]"
3128,7,288,958,0.0009023110193185314,1.1200000000054916e-06,2,"[1, 29]","[6198, 6]"
3129,7,288,959,0.0009012209276836812,0.0009012209276836812,1,[1],[6289]
3130,7,288,959,0.0009022209276836861,1.0000000000049032e-06,1,[1],[6235]
3131,7,288,960,0.0009012682616886368,0.0009012682616886368,1,[1],[6270]
3132,7,288,960,0.0009022882616886418,1.0200000000050013e-06,1,[1],[6238]
3133,7,288,961,0.0009013183357393551,0.0009013183357393551,1,[1],[6289]
3134,7,288,961,0.00090231833573936,1.0000000000049032e-06,1,[1],[6221]
3135,7,288,962,0.0009013743859345552,0.0009013743859345552,2,"[1, 28]","[6313, 8]"
3136,7,288,962,0.00090235438593456,9.800000000048052e-07,2,"[1, 28]","[6206, 6]"
3137,7,288,963,0.0009013490497954496,0.0009013490497954496,2,"[1, 28]","[5502, 778]"
3138,7,288,963,0.0009021290497954535,7.800000000038245e-07,2,"[1, 28]","[5564, 697]"
3139,7,288,964,0.0009013819761181256,0.0009013819761181256,2,"[1, 28]","[5233, 1051]"
3140,7,288,964,0.0009021419761181293,7.600000000037264e-07,2,"[1, 28]","[5286, 977]"
3141,7,288,965,0.0009015195085613155,0.0009015195085613155,2,"[1, 28]","[6284, 15]"
3142,7,288,965,0.00090242950856132,9.100000000044619e-07,2,"[1, 28]","[6195, 9]"
3143,7,288,966,0.0009015726795315874,0.0009015726795315874,1,[1],[6258]
3144,7,288,966,0.0009024626795315917,8.900000000043639e-07,1,[1],[6285]
3145,7,288,967,0.0009016115653774414,0.0009016115653774414,1,[1],[6293]
3146,7,288,967,0.0009024615653774456,8.500000000041677e-07,1,[1],[6223]
3147,7,288,968,0.0009016665314234423,0.0009016665314234423,1,[1],[6337]
3148,7,288,968,0.0009025065314234464,8.400000000041187e-07,1,[1],[6182]
3149,7,288,969,0.000901709354249798,0.000901709354249798,1,[1],[6331]
3150,7,288,969,0.0009025393542498021,8.300000000040697e-07,1,[1],[6186]
3151,7,288,970,0.0009017582270474851,0.0009017582270474851,1,[1],[6266]
3152,7,288,970,0.0009025882270474892,8.300000000040697e-07,1,[1],[6263]
3153,7,288,971,0.0009018126182513109,0.0009018126182513109,1,[1],[6298]
3154,7,288,971,0.0009026226182513149,8.100000000039716e-07,1,[1],[6213]
3155,7,288,972,0.0009018498660478311,0.0009018498660478311,1,[1],[6329]
3156,7,288,972,0.000902639866047835,7.900000000038735e-07,1,[1],[6196]
3157,7,288,973,0.0009018922023977897,0.0009018922023977897,2,"[1, 27]","[6274, 2]"
3158,7,288,973,0.0009026622023977934,7.700000000037755e-07,1,[1],[6247]
3159,7,288,974,0.0009018796998166471,0.0009018796998166471,2,"[1, 27]","[5526, 739]"
3160,7,288,974,0.00090247969981665,6.000000000029419e-07,2,"[1, 27]","[5108, 1146]"
3161,7,288,974,0.0009039296998166571,1.4500000000071097e-06,2,"[1, 27]","[4372, 1860]"
3162,7,288,975,0.0009017942682457413,0.0009017942682457413,2,"[1, 27]","[4395, 1945]"
3163,7,288,975,0.0009022242682457434,4.300000000021084e-07,2,"[1, 27]","[3826, 2368]"
3164,7,288,975,0.0009026242682457454,4.000000000019613e-07,2,"[1, 27]","[3433, 2808]"
3165,7,288,975,0.0009032342682457484,6.10000000002991e-07,2,"[1, 27]","[2974, 3284]"
3166,7,288,976,0.0009020245478315103,0.0009020245478315103,2,"[1, 27]","[6204, 129]"
3167,7,288,976,0.0009026745478315135,6.500000000031871e-07,2,"[1, 27]","[5958, 214]"
3168,7,288,977,0.0009020957563935451,0.0009020957563935451,1,[1],[6258]
3169,7,288,977,0.0009027857563935485,6.900000000033832e-07,1,[1],[6301]
3170,7,288,978,0.000902154575007111,0.000902154575007111,2,"[1, 26]","[6148, 114]"
3171,7,288,978,0.0009028345750071143,6.800000000033342e-07,2,"[1, 26]","[6236, 65]"
3172,7,288,979,0.0009017577612062252,0.0009017577612062252,2,"[1, 26]","[2582, 3735]"
3173,7,288,979,0.0009022177612062275,4.600000000022555e-07,2,"[1, 26]","[3488, 2804]"
3174,7,288,979,0.0009026377612062295,4.2000000000205935e-07,2,"[1, 26]","[3975, 2269]"
3175,7,288,979,0.0009032477612062325,6.10000000002991e-07,2,"[1, 26]","[4539, 1623]"
3176,7,288,980,0.000901918475363958,0.000901918475363958,2,"[1, 26]","[3260, 3024]"
3177,7,288,980,0.0009023984753639603,4.800000000023535e-07,2,"[1, 26]","[4219, 2001]"
3178,7,288,980,0.0009028784753639627,4.800000000023535e-07,2,"[1, 26]","[4776, 1502]"
3179,7,288,981,0.0009023207567746984,0.0009023207567746984,2,"[1, 26]","[6253, 24]"
3180,7,288,981,0.0009029307567747014,6.10000000002991e-07,2,"[1, 26]","[6302, 3]"
3181,7,288,982,0.0009024017750447256,0.0009024017750447256,2,"[1, 25]","[6268, 5]"
3182,7,288,982,0.0009030117750447286,6.10000000002991e-07,2,"[1, 25]","[6218, 13]"
3183,7,288,983,0.0009024512017762749,0.0009024512017762749,2,"[1, 25]","[5631, 669]"
3184,7,288,983,0.0009029812017762775,5.300000000025987e-07,2,"[1, 25]","[5278, 984]"
3185,7,288,983,0.000903701201776281,7.200000000035303e-07,2,"[1, 25]","[4971, 1226]"
3186,7,288,984,0.0009025756412294468,0.0009025756412294468,2,"[1, 25]","[5348, 985]"
3187,7,288,984,0.0009031456412294496,5.700000000027948e-07,2,"[1, 25]","[5037, 1133]"
3188,7,288,984,0.0009042056412294548,1.0600000000051974e-06,2,"[1, 25]","[4823, 1432]"
3189,7,288,985,0.0009027076579225349,0.0009027076579225349,2,"[1, 25]","[6277, 17]"
3190,7,288,985,0.0009033876579225382,6.800000000033342e-07,2,"[1, 25]","[6247, 19]"
3191,7,288,986,0.0009028027810315848,0.0009028027810315848,1,[1],[6327]
3192,7,288,986,0.000903472781031588,6.700000000032852e-07,1,[1],[6206]
3193,7,288,987,0.0009028594526194407,0.0009028594526194407,1,[1],[6297]
3194,7,288,987,0.0009035394526194441,6.800000000033342e-07,1,[1],[6257]
3195,7,288,988,0.0009029342412990817,0.0009029342412990817,1,[1],[6286]
3196,7,288,988,0.0009036142412990851,6.800000000033342e-07,1,[1],[6279]
3197,7,288,989,0.0009030096554672563,0.0009030096554672563,1,[1],[6299]
3198,7,288,989,0.0009036896554672596,6.800000000033342e-07,1,[1],[6271]
3199,7,288,990,0.0009030912922689837,0.0009030912922689837,1,[1],[6263]
3200,7,288,990,0.000903771292268987,6.800000000033342e-07,1,[1],[6289]
3201,7,288,991,0.0009031868514641255,0.0009031868514641255,1,[1],[6263]
3202,7,288,991,0.0009038568514641288,6.700000000032852e-07,1,[1],[6312]
3203,7,288,992,0.0009032409977190245,0.0009032409977190245,1,[1],[6312]
3204,7,288,992,0.0009039109977190278,6.700000000032852e-07,1,[1],[6251]
3205,7,288,993,0.0009033235568241125,0.0009033235568241125,1,[1],[6259]
3206,7,288,993,0.0009039835568241157,6.600000000032361e-07,1,[1],[6287]
3207,7,288,994,0.0009034121595897911,0.0009034121595897911,1,[1],[6285]
3208,7,288,994,0.0009040621595897943,6.500000000031871e-07,1,[1],[6219]
3209,7,288,995,0.0009034774530207986,0.0009034774530207986,2,"[1, 24]","[6310, 1]"
3210,7,288,995,0.0009041274530208018,6.500000000031871e-07,2,"[1, 24]","[6224, 1]"
3211,7,288,996,0.0009034930847427524,0.0009034930847427524,3,"[1, 24, 465]","[5656, 638, 1]"
3212,7,288,996,0.0009040830847427553,5.900000000028929e-07,3,"[1, 24, 466]","[5508, 781, 1]"
3213,7,288,996,0.000905453084742762,1.3700000000067174e-06,3,"[1, 24, 465]","[5309, 858, 2]"
3214,7,288,997,0.0009035074272642898,0.0009035074272642898,4,"[1, 24, 465, 466]","[4891, 1402, 5, 2]"
3215,7,288,997,0.0009040274272642924,5.200000000025497e-07,3,"[1, 24, 465]","[4890, 1358, 5]"
3216,7,288,997,0.0009046974272642957,6.700000000032852e-07,4,"[1, 24, 465, 466]","[4772, 1443, 1, 2]"
3217,7,288,998,0.0009036790339005692,0.0009036790339005692,2,"[1, 24]","[6264, 63]"
3218,7,288,998,0.0009043090339005723,6.30000000003089e-07,2,"[1, 24]","[6175, 56]"
3219,7,288,999,0.0009037675928753828,0.0009037675928753828,1,[1],[6334]
3220,7,288,999,0.000904417592875386,6.500000000031871e-07,1,[1],[6190]
3221,7,288,1000,0.0009038435485166939,0.0009038435485166939,1,[1],[6288]
3222,7,288,1000,0.0009045035485166971,6.600000000032361e-07,1,[1],[6283]
3223,7,288,1001,0.0009038845441353031,0.0009038845441353031,2,"[1, 23]","[6209, 97]"
3224,7,288,1001,0.0009045145441353062,6.30000000003089e-07,2,"[1, 23]","[6118, 126]"
3225,7,288,1002,0.0009037713803465915,0.0009037713803465915,2,"[1, 23]","[4178, 2086]"
3226,7,288,1002,0.0009042113803465937,4.400000000021574e-07,2,"[1, 23]","[3897, 2389]"
3227,7,288,1002,0.0009046413803465958,4.300000000021084e-07,2,"[1, 23]","[3521, 2781]"
3228,7,288,1002,0.0009053613803465993,7.200000000035303e-07,2,"[1, 23]","[3290, 2877]"
3229,7,288,1003,0.0009039678511127633,0.0009039678511127633,2,"[1, 23]","[4824, 1515]"
3230,7,288,1003,0.000904517851112766,5.500000000026968e-07,2,"[1, 23]","[4551, 1611]"
3231,7,288,1003,0.0009054678511127706,9.500000000046581e-07,2,"[1, 23]","[4531, 1729]"
3232,7,288,1004,0.0009040565601600996,0.0009040565601600996,2,"[1, 23]","[6294, 4]"
3233,7,288,1004,0.0009046565601601025,6.000000000029419e-07,2,"[1, 23]","[6223, 6]"
3234,7,288,1005,0.0009041349063516647,0.0009041349063516647,1,[1],[6268]
3235,7,288,1005,0.0009047549063516678,6.2000000000304e-07,1,[1],[6315]
3236,7,288,1006,0.0009041836241073383,0.0009041836241073383,1,[1],[6308]
3237,7,288,1006,0.0009048036241073414,6.2000000000304e-07,1,[1],[6281]
3238,7,288,1007,0.0009042589507470061,0.0009042589507470061,1,[1],[6342]
3239,7,288,1007,0.000904848950747009,5.900000000028929e-07,1,[1],[6166]
3240,7,288,1008,0.0009043022925392624,0.0009043022925392624,1,[1],[6307]
3241,7,288,1008,0.0009049022925392653,6.000000000029419e-07,1,[1],[6199]
3242,7,288,1009,0.0009043786267279751,0.0009043786267279751,1,[1],[6341]
3243,7,288,1009,0.0009049886267279781,6.10000000002991e-07,1,[1],[6239]
3244,7,288,1010,0.0009044505507338206,0.0009044505507338206,1,[1],[6338]
3245,7,288,1010,0.0009050605507338236,6.10000000002991e-07,1,[1],[6220]
3246,7,288,1011,0.0009045076417980744,0.0009045076417980744,1,[1],[6307]
3247,7,288,1011,0.0009051176417980773,6.10000000002991e-07,1,[1],[6199]
3248,7,288,1012,0.000904590674459987,0.000904590674459987,1,[1],[6264]
3249,7,288,1012,0.00090520067445999,6.10000000002991e-07,1,[1],[6252]
3250,7,288,1013,0.0009046581167490923,0.0009046581167490923,1,[1],[6325]
3251,7,288,1013,0.0009052681167490953,6.10000000002991e-07,1,[1],[6250]
3252,7,288,1014,0.000904707068608499,0.000904707068608499,1,[1],[6286]
3253,7,288,1014,0.000905317068608502,6.10000000002991e-07,1,[1],[6258]
3254,7,288,1015,0.0009047729287531403,0.0009047729287531403,1,[1],[6346]
3255,7,288,1015,0.0009053629287531432,5.900000000028929e-07,1,[1],[6163]
3256,7,288,1016,0.0009048286992880812,0.0009048286992880812,1,[1],[6269]
3257,7,288,1016,0.0009054586992880843,6.30000000003089e-07,1,[1],[6315]
3258,7,288,1017,0.0009049061988476796,0.0009049061988476796,1,[1],[6328]
3259,7,288,1017,0.0009055261988476826,6.2000000000304e-07,1,[1],[6246]
3260,7,288,1018,0.0009049694460583853,0.0009049694460583853,1,[1],[6277]
3261,7,288,1018,0.0009055794460583882,6.10000000002991e-07,1,[1],[6312]
3262,7,288,1019,0.0009050267297360974,0.0009050267297360974,1,[1],[6291]
3263,7,288,1019,0.0009056367297361004,6.10000000002991e-07,1,[1],[6221]
3264,7,288,1020,0.0009051067407342964,0.0009051067407342964,1,[1],[6334]
3265,7,288,1020,0.0009057067407342994,6.000000000029419e-07,1,[1],[6210]
3266,7,288,1021,0.0009051743041546072,0.0009051743041546072,1,[1],[6353]
3267,7,288,1021,0.0009057843041546102,6.10000000002991e-07,1,[1],[6158]
3268,7,288,1022,0.0009052238961350501,0.0009052238961350501,1,[1],[6312]
3269,7,288,1022,0.0009058438961350531,6.2000000000304e-07,1,[1],[6271]
3270,7,288,1023,0.0009052996317312318,0.0009052996317312318,1,[1],[6335]
3271,7,288,1023,0.0009059196317312349,6.2000000000304e-07,1,[1],[6175]
3272,7,288,1024,0.0009053625081685646,0.0009053625081685646,1,[1],[6282]
3273,7,288,1024,0.0009059625081685675,6.000000000029419e-07,1,[1],[6229]
3274,7,288,1025,0.0009054085335684607,0.0009054085335684607,1,[1],[6268]
3275,7,288,1025,0.0009060285335684637,6.2000000000304e-07,1,[1],[6233]
3276,7,288,1026,0.0009054857089246667,0.0009054857089246667,1,[1],[6259]
3277,7,288,1026,0.0009061057089246698,6.2000000000304e-07,1,[1],[6304]
3278,7,288,1027,0.0009055624233638994,0.0009055624233638994,1,[1],[6306]
3279,7,288,1027,0.0009061824233639025,6.2000000000304e-07,1,[1],[6278]
3280,7,288,1028,0.0009055982685718416,0.0009055982685718416,1,[1],[6272]
3281,7,288,1028,0.0009062282685718447,6.30000000003089e-07,1,[1],[6297]
3282,7,288,1029,0.0009056748811107785,0.0009056748811107785,1,[1],[6254]
3283,7,288,1029,0.0009062948811107815,6.2000000000304e-07,1,[1],[6267]
3284,7,288,1030,0.000905740970188569,0.000905740970188569,1,[1],[6267]
3285,7,288,1030,0.000906370970188572,6.30000000003089e-07,1,[1],[6288]
3286,7,288,1031,0.0009058171422519002,0.0009058171422519002,1,[1],[6330]
3287,7,288,1031,0.0009064271422519032,6.10000000002991e-07,1,[1],[6197]
3288,7,288,1032,0.0009058798122567338,0.0009058798122567338,1,[1],[6301]
3289,7,288,1032,0.0009064898122567368,6.10000000002991e-07,1,[1],[6248]
3290,7,288,1033,0.000905935557244844,0.000905935557244844,2,"[1, 22]","[6250, 1]"
3291,7,288,1033,0.000906555557244847,6.2000000000304e-07,2,"[1, 22]","[6292, 1]"
3292,7,288,1034,0.000905945129109861,0.000905945129109861,3,"[1, 21, 22]","[5667, 1, 642]"
3293,7,288,1034,0.0009065151291098637,5.700000000027948e-07,2,"[1, 22]","[5715, 573]"
3294,7,288,1034,0.0009074951291098685,9.800000000048052e-07,2,"[1, 22]","[5636, 528]"
3295,7,288,1035,0.0009058756035971521,0.0009058756035971521,3,"[1, 21, 22]","[4173, 217, 1931]"
3296,7,288,1035,0.0009063656035971545,4.900000000024026e-07,3,"[1, 21, 22]","[4359, 270, 1610]"
3297,7,288,1035,0.0009069056035971571,5.400000000026477e-07,3,"[1, 21, 22]","[4459, 315, 1476]"
3298,7,288,1036,0.0009060562302221495,0.0009060562302221495,3,"[1, 21, 22]","[4686, 1543, 121]"
3299,7,288,1036,0.0009065862302221521,5.300000000025987e-07,3,"[1, 21, 22]","[4565, 1596, 77]"
3300,7,288,1036,0.0009072862302221556,7.000000000034323e-07,3,"[1, 21, 22]","[4526, 1617, 65]"
3301,7,288,1037,0.0009062756961223168,0.0009062756961223168,2,"[1, 21]","[6155, 157]"
3302,7,288,1037,0.0009069856961223203,7.100000000034813e-07,2,"[1, 21]","[6081, 137]"
3303,7,288,1038,0.000906365960651748,0.000906365960651748,1,[1],[6353]
3304,7,288,1038,0.0009071159606517517,7.500000000036774e-07,1,[1],[6151]
3305,7,288,1039,0.0009064149573680215,0.0009064149573680215,2,"[1, 20]","[6259, 1]"
3306,7,288,1039,0.0009071649573680252,7.500000000036774e-07,1,[1],[6264]
3307,7,288,1040,0.0009064224153619036,0.0009064224153619036,2,"[1, 20]","[5696, 578]"
3308,7,288,1040,0.000907132415361907,7.100000000034813e-07,2,"[1, 20]","[6005, 254]"
3309,7,288,1041,0.0009055979665296333,0.0009055979665296333,2,"[1, 20]","[756, 5528]"
3310,7,288,1041,0.0009060379665296355,4.400000000021574e-07,2,"[1, 20]","[1672, 4585]"
3311,7,288,1041,0.0009063979665296372,3.6000000000176516e-07,2,"[1, 20]","[2411, 3859]"
3312,7,288,1041,0.0009067479665296389,3.500000000017161e-07,2,"[1, 20]","[3012, 3331]"
3313,7,288,1041,0.000907157966529641,4.100000000020103e-07,2,"[1, 20]","[3508, 2704]"
3314,7,288,1042,0.0009060444950201736,0.0009060444950201736,2,"[1, 20]","[2048, 4291]"
3315,7,288,1042,0.0009066044950201763,5.600000000027458e-07,2,"[1, 20]","[3749, 2518]"
3316,7,288,1042,0.0009071244950201789,5.200000000025497e-07,2,"[1, 20]","[4463, 1720]"
3317,7,288,1043,0.0009066730070069301,0.0009066730070069301,2,"[1, 20]","[6268, 32]"
3318,7,288,1043,0.0009074030070069336,7.300000000035793e-07,2,"[1, 20]","[6236, 15]"
3319,7,288,1044,0.000906736351863553,0.000906736351863553,1,[1],[6277]
3320,7,288,1044,0.0009074663518635566,7.300000000035793e-07,1,[1],[6285]
3321,7,288,1045,0.0009068026466980699,0.0009068026466980699,1,[1],[6273]
3322,7,288,1045,0.0009075326466980735,7.300000000035793e-07,1,[1],[6240]
3323,7,288,1046,0.0009068663075611778,0.0009068663075611778,1,[1],[6295]
3324,7,288,1046,0.0009075763075611813,7.100000000034813e-07,1,[1],[6208]
3325,7,288,1047,0.0009069140137880775,0.0009069140137880775,1,[1],[6308]
3326,7,288,1047,0.0009076340137880811,7.200000000035303e-07,1,[1],[6200]
3327,7,288,1048,0.0009070000190197636,0.0009070000190197636,1,[1],[6318]
3328,7,288,1048,0.0009077200190197671,7.200000000035303e-07,1,[1],[6248]
3329,7,288,1049,0.0009070544862291268,0.0009070544862291268,2,"[1, 19]","[6329, 1]"
3330,7,288,1049,0.0009077544862291302,7.000000000034323e-07,1,[1],[6181]
3331,7,288,1050,0.000907055968459644,0.000907055968459644,2,"[1, 19]","[5877, 406]"
3332,7,288,1050,0.0009076859684596471,6.30000000003089e-07,2,"[1, 19]","[5653, 599]"
3333,7,288,1051,0.0009069594563451073,0.0009069594563451073,2,"[1, 19]","[5074, 1228]"
3334,7,288,1051,0.0009074294563451096,4.700000000023045e-07,2,"[1, 19]","[4842, 1428]"
3335,7,288,1051,0.000907919456345112,4.900000000024026e-07,2,"[1, 19]","[4607, 1617]"
3336,7,288,1052,0.000907057573084502,0.000907057573084502,3,"[1, 18, 19]","[6205, 6, 58]"
3337,7,288,1052,0.0009075975730845047,5.400000000026477e-07,3,"[1, 18, 19]","[6228, 15, 77]"
3338,7,288,1052,0.0009083275730845082,7.300000000035793e-07,3,"[1, 18, 19]","[6098, 15, 96]"
3339,7,288,1053,0.0009070882203420768,0.0009070882203420768,2,"[1, 18]","[5428, 858]"
3340,7,288,1053,0.0009075682203420792,4.800000000023535e-07,2,"[1, 18]","[5173, 1070]"
3341,7,288,1053,0.0009081082203420818,5.400000000026477e-07,2,"[1, 18]","[5045, 1249]"
3342,7,288,1054,0.0009071856432663688,0.0009071856432663688,2,"[1, 18]","[5095, 1193]"
3343,7,288,1054,0.0009077256432663714,5.400000000026477e-07,2,"[1, 18]","[4931, 1382]"
3344,7,288,1054,0.0009084756432663751,7.500000000036774e-07,2,"[1, 18]","[4664, 1506]"
3345,7,288,1055,0.0009073025794271911,0.0009073025794271911,2,"[1, 18]","[6324, 12]"
3346,7,288,1055,0.0009079525794271943,6.500000000031871e-07,2,"[1, 18]","[6219, 26]"
3347,7,288,1056,0.0009073463021640339,0.0009073463021640339,1,[1],[6338]
3348,7,288,1056,0.0009079563021640369,6.10000000002991e-07,1,[1],[6175]
3349,7,288,1057,0.0009073685628357621,0.0009073685628357621,1,[1],[6297]
3350,7,288,1057,0.0009080085628357653,6.400000000031381e-07,1,[1],[6249]
3351,7,288,1058,0.0009073960542341364,0.0009073960542341364,1,[1],[6263]
3352,7,288,1058,0.0009080360542341395,6.400000000031381e-07,1,[1],[6315]
3353,7,288,1059,0.0009074363413586773,0.0009074363413586773,1,[1],[6264]
3354,7,288,1059,0.0009080663413586804,6.30000000003089e-07,1,[1],[6241]
3355,7,288,1060,0.0009074666633714579,0.0009074666633714579,1,[1],[6322]
3356,7,288,1060,0.000908096663371461,6.30000000003089e-07,1,[1],[6213]
3357,7,288,1061,0.0009075060892692402,0.0009075060892692402,1,[1],[6293]
3358,7,288,1061,0.0009081260892692432,6.2000000000304e-07,1,[1],[6236]
3359,7,288,1062,0.0009075492285576432,0.0009075492285576432,1,[1],[6320]
3360,7,288,1062,0.0009081892285576463,6.400000000031381e-07,1,[1],[6248]
3361,7,288,1063,0.0009075919242169677,0.0009075919242169677,1,[1],[6292]
3362,7,288,1063,0.0009082219242169708,6.30000000003089e-07,1,[1],[6264]
3363,7,288,1064,0.0009076297123144061,0.0009076297123144061,1,[1],[6278]
3364,7,288,1064,0.0009082597123144092,6.30000000003089e-07,1,[1],[6252]
3365,7,288,1065,0.000907665306516292,0.000907665306516292,1,[1],[6263]
3366,7,288,1065,0.0009082953065162951,6.30000000003089e-07,1,[1],[6272]
3367,7,288,1066,0.0009077072348169864,0.0009077072348169864,1,[1],[6257]
3368,7,288,1066,0.0009083372348169895,6.30000000003089e-07,1,[1],[6336]
3369,7,288,1067,0.0009077386297184175,0.0009077386297184175,1,[1],[6337]
3370,7,288,1067,0.0009083686297184206,6.30000000003089e-07,1,[1],[6243]
3371,7,288,1068,0.0009077842449355862,0.0009077842449355862,1,[1],[6327]
3372,7,288,1068,0.0009084142449355892,6.30000000003089e-07,1,[1],[6235]
3373,7,288,1069,0.0009078266899109303,0.0009078266899109303,1,[1],[6310]
3374,7,288,1069,0.0009084666899109334,6.400000000031381e-07,1,[1],[6216]
3375,7,288,1070,0.0009078665337759169,0.0009078665337759169,1,[1],[6308]
3376,7,288,1070,0.0009085065337759201,6.400000000031381e-07,1,[1],[6237]
3377,7,288,1071,0.0009079088352518403,0.0009079088352518403,1,[1],[6306]
3378,7,288,1071,0.0009085388352518434,6.30000000003089e-07,1,[1],[6279]
3379,7,288,1072,0.0009079519835988719,0.0009079519835988719,1,[1],[6325]
3380,7,288,1072,0.0009086019835988751,6.500000000031871e-07,1,[1],[6212]
3381,7,288,1073,0.000907977122155907,0.000907977122155907,1,[1],[6313]
3382,7,288,1073,0.0009086471221559103,6.700000000032852e-07,2,"[1, 16]","[6245, 1]"
3383,7,288,1074,0.0009080285178737159,0.0009080285178737159,2,"[1, 16]","[6253, 24]"
3384,7,288,1074,0.0009086785178737191,6.500000000031871e-07,2,"[1, 16]","[6151, 87]"
3385,7,288,1075,0.0009080320285962378,0.0009080320285962378,4,"[1, 16, 17, 469]","[5946, 333, 49, 4]"
3386,7,288,1075,0.0009085820285962405,5.500000000026968e-07,4,"[1, 16, 17, 469]","[5342, 796, 47, 6]"
3387,7,288,1075,0.000909302028596244,7.200000000035303e-07,4,"[1, 16, 17, 469]","[4438, 1779, 52, 11]"
3388,7,288,1076,0.0009078403529648571,0.0009078403529648571,4,"[1, 16, 17, 469]","[4033, 1145, 940, 262]"
3389,7,288,1076,0.000908230352964859,3.9000000000191225e-07,4,"[1, 16, 17, 469]","[3503, 1426, 962, 429]"
3390,7,288,1076,0.0009085503529648606,3.2000000000156903e-07,4,"[1, 16, 17, 469]","[3107, 1595, 878, 579]"
3391,7,288,1076,0.0009088903529648623,3.400000000016671e-07,4,"[1, 16, 17, 469]","[2816, 1774, 837, 738]"
3392,7,288,1076,0.0009093703529648646,4.800000000023535e-07,4,"[1, 16, 17, 469]","[2331, 2037, 771, 1119]"
3393,7,288,1077,0.0009079244363893506,0.0009079244363893506,4,"[1, 16, 17, 469]","[4027, 1295, 422, 506]"
3394,7,288,1077,0.0009083444363893527,4.2000000000205935e-07,4,"[1, 16, 17, 469]","[3680, 1412, 396, 763]"
3395,7,288,1077,0.0009087344363893546,3.9000000000191225e-07,4,"[1, 16, 17, 469]","[3375, 1463, 389, 1057]"
3396,7,288,1077,0.0009092444363893571,5.100000000025006e-07,4,"[1, 16, 17, 469]","[2979, 1463, 352, 1485]"
3397,7,288,1078,0.0009081724657067609,0.0009081724657067609,4,"[1, 16, 17, 469]","[6191, 62, 3, 17]"
3398,7,288,1078,0.0009088524657067642,6.800000000033342e-07,4,"[1, 16, 17, 469]","[6182, 88, 3, 31]"
3399,7,288,1079,0.0009082106961869868,0.0009082106961869868,1,[1],[6314]
3400,7,288,1079,0.0009089106961869902,7.000000000034323e-07,1,[1],[6275]
3401,7,288,1080,0.0009082583683740639,0.0009082583683740639,1,[1],[6312]
3402,7,288,1080,0.0009089583683740673,7.000000000034323e-07,1,[1],[6226]
3403,7,288,1081,0.0009082609657447886,0.0009082609657447886,1,[1],[6311]
3404,7,288,1081,0.0009089809657447922,7.200000000035303e-07,1,[1],[6255]
3405,7,288,1082,0.0009083103484062337,0.0009083103484062337,1,[1],[6287]
3406,7,288,1082,0.0009090403484062373,7.300000000035793e-07,1,[1],[6243]
3407,7,288,1083,0.0009083226231302855,0.0009083226231302855,1,[1],[6314]
3408,7,288,1083,0.0009091026231302893,7.800000000038245e-07,1,[1],[6238]
3409,7,288,1084,0.0009083627919132078,0.0009083627919132078,1,[1],[6285]
3410,7,288,1084,0.0009091327919132115,7.700000000037755e-07,1,[1],[6239]
3411,7,288,1085,0.00090840001771447,0.00090840001771447,1,[1],[6292]
3412,7,288,1085,0.000909210017714474,8.100000000039716e-07,1,[1],[6234]
3413,7,288,1086,0.0009084249492797437,0.0009084249492797437,1,[1],[6282]
3414,7,288,1086,0.0009092549492797478,8.300000000040697e-07,1,[1],[6223]
3415,7,288,1087,0.0009084728838993744,0.0009084728838993744,1,[1],[6304]
3416,7,288,1087,0.0009093328838993786,8.600000000042168e-07,1,[1],[6199]
3417,7,288,1088,0.0009085064538511231,0.0009085064538511231,1,[1],[6322]
3418,7,288,1088,0.0009094264538511276,9.20000000004511e-07,1,[1],[6196]
3419,7,288,1089,0.0009085418862442997,0.0009085418862442997,2,"[1, 15]","[6294, 1]"
3420,7,288,1089,0.0009094918862443044,9.500000000046581e-07,2,"[1, 15]","[6227, 1]"
3421,7,288,1090,0.0009085279557904823,0.0009085279557904823,2,"[1, 15]","[5751, 580]"
3422,7,288,1090,0.0009093979557904865,8.700000000042658e-07,2,"[1, 15]","[5633, 549]"
3423,7,288,1091,0.0009085316860958153,0.0009085316860958153,2,"[1, 15]","[4880, 1402]"
3424,7,288,1091,0.0009093516860958193,8.200000000040206e-07,2,"[1, 15]","[4919, 1344]"
3425,7,288,1092,0.0009086721542943283,0.0009086721542943283,2,"[1, 15]","[6241, 54]"
3426,7,288,1092,0.0009103121542943363,1.6400000000080413e-06,2,"[1, 15]","[6148, 63]"
3427,7,288,1093,0.0009087027081954511,0.0009087027081954511,1,[1],[6250]
3428,7,288,1094,0.0009087473676747258,0.0009087473676747258,1,[1],[6268]
3429,7,288,1095,0.0009087884504485726,0.0009087884504485726,1,[1],[6290]
3430,7,288,1096,0.00090879511916505,0.00090879511916505,1,[1],[6254]
3431,7,288,1097,0.0009088527197010922,0.0009088527197010922,1,[1],[6250]
3432,7,288,1098,0.0009088448053784432,0.0009088448053784432,1,[1],[6321]
3433,7,288,1099,0.0009088912028745226,0.0009088912028745226,1,[1],[6300]
3434,7,288,1100,0.0009089375798537602,0.0009089375798537602,1,[1],[6273]
3435,7,288,1101,0.000908938636244715,0.000908938636244715,1,[1],[6301]
3436,7,288,1102,0.0009089860236817432,0.0009089860236817432,1,[1],[6254]
3437,7,288,1103,0.0009089814913233542,0.0009089814913233542,2,"[1, 14]","[6158, 94]"
3438,7,288,1104,0.0009088700748273292,0.0009088700748273292,2,"[1, 14]","[4819, 1476]"
3439,7,288,1104,0.0009099100748273343,1.0400000000050993e-06,2,"[1, 14]","[4767, 1463]"
3440,7,288,1105,0.0009089936195604019,0.0009089936195604019,2,"[1, 14]","[5831, 475]"
3441,7,288,1106,0.0009090917677522566,0.0009090917677522566,2,"[1, 14]","[6271, 2]"
3442,7,288,1107,0.0009091056620887774,0.0009091056620887774,1,[1],[6282]
3443,7,288,1108,0.0009091453625271924,0.0009091453625271924,1,[1],[6269]
3444,7,288,1109,0.0009091914647608285,0.0009091914647608285,1,[1],[6313]
3445,7,288,1110,0.0009092306629300483,0.0009092306629300483,1,[1],[6302]
3446,7,288,1111,0.0009092411558088365,0.0009092411558088365,1,[1],[6311]
3447,7,288,1112,0.0009092760409727904,0.0009092760409727904,1,[1],[6260]
3448,7,288,1113,0.0009093018487429535,0.0009093018487429535,1,[1],[6276]
3449,7,288,1114,0.000909334410514643,0.000909334410514643,1,[1],[6312]
3450,7,288,1115,0.0009093677742926402,0.0009093677742926402,1,[1],[6297]
3451,7,288,1116,0.0009094289802012137,0.0009094289802012137,2,"[1, 13]","[6275, 1]"
3452,7,288,1117,0.0009093252791790471,0.0009093252791790471,2,"[1, 13]","[5531, 746]"
3453,7,288,1117,0.0009109052791790548,1.580000000007747e-06,2,"[1, 13]","[5362, 862]"
3454,7,288,1118,0.0009091455020573008,0.0009091455020573008,2,"[1, 13]","[3757, 2502]"
3455,7,288,1118,0.0009098255020573041,6.800000000033342e-07,2,"[1, 13]","[3871, 2392]"
3456,7,288,1119,0.0009094496460181896,0.0009094496460181896,2,"[1, 13]","[6015, 238]"
3457,7,288,1120,0.0009094883373528186,0.0009094883373528186,2,"[1, 13]","[6291, 1]"
3458,7,288,1121,0.0009095075296078786,0.0009095075296078786,1,[1],[6286]
3459,7,288,1122,0.0009095304027120132,0.0009095304027120132,1,[1],[6274]
3460,7,288,1123,0.0009095617627632262,0.0009095617627632262,1,[1],[6300]
3461,7,288,1124,0.0009095701615935495,0.0009095701615935495,1,[1],[6263]
3462,7,288,1125,0.0009096039468476941,0.0009096039468476941,1,[1],[6303]
3463,7,288,1126,0.0009096176712499875,0.0009096176712499875,1,[1],[6285]
3464,7,288,1127,0.0009096511529082156,0.0009096511529082156,1,[1],[6312]
3465,7,288,1128,0.0009096682383541015,0.0009096682383541015,1,[1],[6292]
3466,7,288,1129,0.0009096736968390826,0.0009096736968390826,2,"[1, 12]","[6245, 47]"
3467,7,288,1130,0.0009094337635774853,0.0009094337635774853,2,"[1, 12]","[4512, 1811]"
3468,7,288,1130,0.0009103337635774897,9.000000000044129e-07,2,"[1, 12]","[4580, 1622]"
3469,7,288,1131,0.0009094900720469634,0.0009094900720469634,2,"[1, 12]","[4911, 1397]"
3470,7,288,1131,0.0009105500720469686,1.0600000000051974e-06,2,"[1, 12]","[4944, 1276]"
3471,7,288,1132,0.0009096684305158076,0.0009096684305158076,2,"[1, 12]","[6315, 14]"
3472,7,288,1133,0.0009096608346292702,0.0009096608346292702,1,[1],[6313]
3473,7,288,1134,0.0009096331367683989,0.0009096331367683989,2,"[1, 11]","[6209, 67]"
3474,7,288,1135,0.0009093957897072639,0.0009093957897072639,2,"[1, 11]","[4729, 1525]"
3475,7,288,1135,0.0009100457897072671,6.500000000031871e-07,2,"[1, 11]","[4156, 2110]"
3476,7,288,1136,0.0009089257790995843,0.0009089257790995843,2,"[1, 11]","[2106, 4173]"
3477,7,288,1136,0.0009093757790995865,4.5000000000220645e-07,2,"[1, 11]","[2527, 3736]"
3478,7,288,1136,0.0009097757790995885,4.000000000019613e-07,2,"[1, 11]","[2753, 3491]"
3479,7,288,1136,0.0009103357790995912,5.600000000027458e-07,2,"[1, 11]","[2958, 3282]"
3480,7,288,1137,0.0009088940959121628,0.0009088940959121628,2,"[1, 11]","[1928, 4390]"
3481,7,288,1137,0.0009092940959121648,4.000000000019613e-07,2,"[1, 11]","[2207, 4085]"
3482,7,288,1137,0.0009096240959121664,3.3000000000161806e-07,2,"[1, 11]","[2349, 3920]"
3483,7,288,1137,0.0009100040959121682,3.800000000018632e-07,2,"[1, 11]","[2387, 3807]"
3484,7,288,1137,0.0009108040959121722,8.000000000039226e-07,2,"[1, 11]","[2647, 3555]"
3485,7,288,1138,0.000909327284522004,0.000909327284522004,2,"[1, 11]","[4114, 2151]"
3486,7,288,1138,0.0009099872845220072,6.600000000032361e-07,2,"[1, 11]","[4309, 2002]"
3487,7,288,1139,0.0009095888754994956,0.0009095888754994956,2,"[1, 11]","[6238, 37]"
3488,7,288,1140,0.0009095971046161308,0.0009095971046161308,1,[1],[6316]
3489,7,288,1141,0.0009095790536284688,0.0009095790536284688,2,"[1, 10]","[6217, 51]"
3490,7,288,1141,0.0009109190536284754,1.3400000000065703e-06,2,"[1, 10]","[6195, 50]"
3491,7,288,1142,0.0009092120905768208,0.0009092120905768208,3,"[1, 9, 10]","[3470, 49, 2778]"
3492,7,288,1142,0.0009097120905768233,5.000000000024516e-07,3,"[1, 9, 10]","[3735, 10, 2561]"
3493,7,288,1142,0.0009103020905768262,5.900000000028929e-07,3,"[1, 9, 10]","[3838, 4, 2327]"
3494,7,288,1143,0.0009087441579285387,0.0009087441579285387,3,"[1, 9, 10]","[1285, 3673, 1336]"
3495,7,288,1143,0.000909204157928541,4.600000000022555e-07,3,"[1, 9, 10]","[2304, 1839, 2129]"
3496,7,288,1143,0.0009095941579285429,3.9000000000191225e-07,3,"[1, 9, 10]","[2853, 1016, 2465]"
3497,7,288,1143,0.0009100041579285449,4.100000000020103e-07,3,"[1, 9, 10]","[3101, 531, 2527]"
3498,7,288,1143,0.0009108341579285489,8.300000000040697e-07,3,"[1, 9, 10]","[3344, 258, 2607]"
3499,7,288,1144,0.0009086988603707869,0.0009086988603707869,3,"[1, 9, 10]","[976, 5239, 46]"
3500,7,288,1144,0.0009092388603707895,5.400000000026477e-07,3,"[1, 9, 10]","[2511, 3681, 82]"
3501,7,288,1144,0.000909738860370792,5.000000000024516e-07,3,"[1, 9, 10]","[3650, 2479, 148]"
3502,7,288,1144,0.000910558860370796,8.200000000040206e-07,3,"[1, 9, 10]","[4525, 1528, 159]"
3503,7,288,1145,0.000909602313295846,0.000909602313295846,3,"[1, 8, 9]","[5368, 392, 514]"
3504,7,288,1145,0.0009106623132958512,1.0600000000051974e-06,4,"[1, 8, 9, 10]","[5384, 629, 222, 1]"
3505,7,288,1146,0.0009094152604715171,0.0009094152604715171,2,"[1, 8]","[4208, 2059]"
3506,7,288,1146,0.0009099652604715198,5.500000000026968e-07,2,"[1, 8]","[3767, 2585]"
3507,7,288,1146,0.0009106952604715234,7.300000000035793e-07,2,"[1, 8]","[3139, 3053]"
3508,7,288,1147,0.0009095726621658158,0.0009095726621658158,3,"[1, 7, 8]","[5625, 324, 325]"
3509,7,288,1147,0.0009104926621658203,9.20000000004511e-07,3,"[1, 7, 8]","[5491, 235, 505]"
3510,7,288,1148,0.0009093892173200072,0.0009093892173200072,2,"[1, 7]","[4121, 2186]"
3511,7,288,1148,0.0009100092173200102,6.2000000000304e-07,3,"[1, 7, 8]","[4381, 1855, 1]"
3512,7,288,1149,0.0009096159488582606,0.0009096159488582606,3,"[1, 6, 7]","[5925, 4, 348]"
3513,7,288,1149,0.0009105959488582654,9.800000000048052e-07,3,"[1, 6, 7]","[5991, 7, 251]"
3514,7,288,1150,0.0009095965210092894,0.0009095965210092894,2,"[1, 6]","[5531, 732]"
3515,7,288,1150,0.0009103765210092932,7.800000000038245e-07,2,"[1, 6]","[5310, 971]"
3516,7,288,1151,0.0009095811115664053,0.0009095811115664053,2,"[1, 6]","[5198, 1075]"
3517,7,288,1151,0.0009102711115664087,6.900000000033832e-07,2,"[1, 6]","[4969, 1286]"
3518,7,288,1152,0.0009097369631317678,0.0009097369631317678,2,"[1, 6]","[6283, 17]"
3519,7,288,1152,0.0009107369631317727,1.0000000000049032e-06,2,"[1, 6]","[6167, 35]"
3520,7,288,1153,0.0009097673577483998,0.0009097673577483998,1,[1],[6286]
3521,7,288,1153,0.0009107173577484045,9.500000000046581e-07,1,[1],[6214]
3522,7,288,1154,0.0009097745600271307,0.0009097745600271307,2,"[1, 5]","[6210, 108]"
3523,7,288,1154,0.000910644560027135,8.700000000042658e-07,2,"[1, 5]","[6073, 112]"
3524,7,288,1155,0.0009096540703765379,0.0009096540703765379,2,"[1, 5]","[4802, 1492]"
3525,7,288,1155,0.0009103140703765411,6.600000000032361e-07,2,"[1, 5]","[4835, 1380]"
3526,7,288,1156,0.0009098003206174896,0.0009098003206174896,2,"[1, 5]","[5873, 437]"
3527,7,288,1156,0.0009106003206174935,8.000000000039226e-07,2,"[1, 5]","[5856, 339]"
3528,7,288,1157,0.0009098803454727055,0.0009098803454727055,2,"[1, 5]","[6275, 1]"
3529,7,288,1157,0.00091080034547271,9.20000000004511e-07,1,[1],[6242]
3530,7,288,1158,0.0009098794416168575,0.0009098794416168575,1,[1],[6253]
3531,7,288,1158,0.0009107794416168619,9.000000000044129e-07,1,[1],[6282]
3532,7,288,1159,0.0009098977484576628,0.0009098977484576628,1,[1],[6306]
3533,7,288,1159,0.0009107277484576669,8.300000000040697e-07,1,[1],[6219]
3534,7,288,1160,0.0009099017899674053,0.0009099017899674053,1,[1],[6263]
3535,7,288,1160,0.0009107417899674094,8.400000000041187e-07,1,[1],[6252]
3536,7,288,1161,0.0009099318043002115,0.0009099318043002115,2,"[1, 4]","[6266, 4]"
3537,7,288,1161,0.0009107718043002156,8.400000000041187e-07,2,"[1, 4]","[6270, 1]"
3538,7,288,1162,0.0009098651634430869,0.0009098651634430869,2,"[1, 4]","[5576, 758]"
3539,7,288,1162,0.0009104551634430898,5.900000000028929e-07,2,"[1, 4]","[5124, 1048]"
3540,7,288,1163,0.0009097266918059388,0.0009097266918059388,2,"[1, 4]","[4741, 1534]"
3541,7,288,1163,0.0009101966918059411,4.700000000023045e-07,2,"[1, 4]","[4333, 2008]"
3542,7,288,1163,0.0009106466918059434,4.5000000000220645e-07,2,"[1, 4]","[3816, 2340]"
3543,7,288,1163,0.000911596691805948,9.500000000046581e-07,2,"[1, 4]","[3272, 2957]"
3544,7,288,1164,0.0009098723568980777,0.0009098723568980777,3,"[1, 3, 4]","[6176, 17, 76]"
3545,7,288,1164,0.0009104823568980806,6.10000000002991e-07,3,"[1, 3, 4]","[6157, 31, 116]"
3546,7,288,1165,0.0009098575288095252,0.0009098575288095252,2,"[1, 3]","[5410, 871]"
3547,7,288,1165,0.000910427528809528,5.700000000027948e-07,2,"[1, 3]","[5244, 988]"
3548,7,288,1165,0.0009116175288095338,1.1900000000058348e-06,2,"[1, 3]","[5110, 1143]"
3549,7,288,1166,0.0009099265485616199,0.0009099265485616199,2,"[1, 3]","[5763, 541]"
3550,7,288,1166,0.0009105465485616229,6.2000000000304e-07,2,"[1, 3]","[5536, 662]"
3551,7,288,1167,0.0009099321078850819,0.0009099321078850819,1,[1],[6262]
3552,7,288,1167,0.0009106021078850851,6.700000000032852e-07,2,"[1, 3]","[6286, 7]"
3553,7,288,1168,0.0009099355962007889,0.0009099355962007889,1,[1],[6301]
3554,7,288,1168,0.0009105955962007921,6.600000000032361e-07,1,[1],[6230]
3555,7,288,1169,0.0009099285455609616,0.0009099285455609616,1,[1],[6277]
3556,7,288,1169,0.0009105785455609648,6.500000000031871e-07,1,[1],[6309]
3557,7,288,1170,0.0009099461471612651,0.0009099461471612651,1,[1],[6334]
3558,7,288,1170,0.0009105861471612682,6.400000000031381e-07,1,[1],[6220]
3559,7,288,1171,0.0009099372823315205,0.0009099372823315205,1,[1],[6315]
3560,7,288,1171,0.0009105772823315236,6.400000000031381e-07,1,[1],[6203]
3561,7,288,1172,0.0009099301343883326,0.0009099301343883326,1,[1],[6314]
3562,7,288,1172,0.0009105801343883358,6.500000000031871e-07,1,[1],[6241]
3563,7,288,1173,0.0009099363556163819,0.0009099363556163819,1,[1],[6272]
3564,7,288,1173,0.000910576355616385,6.400000000031381e-07,1,[1],[6236]
3565,7,288,1174,0.000909941752121345,0.000909941752121345,1,[1],[6277]
3566,7,288,1174,0.000910571752121348,6.30000000003089e-07,1,[1],[6258]
3567,7,288,1175,0.0009099430896288358,0.0009099430896288358,1,[1],[6292]
3568,7,288,1175,0.0009105830896288389,6.400000000031381e-07,1,[1],[6279]
3569,7,288,1176,0.0009099289666616928,0.0009099289666616928,1,[1],[6251]
3570,7,288,1176,0.000910568966661696,6.400000000031381e-07,1,[1],[6294]
3571,7,288,1177,0.0009099497766112941,0.0009099497766112941,1,[1],[6310]
3572,7,288,1177,0.0009105797766112972,6.30000000003089e-07,1,[1],[6210]
3573,7,288,1178,0.0009099357929300495,0.0009099357929300495,1,[1],[6261]
3574,7,288,1178,0.0009105757929300526,6.400000000031381e-07,1,[1],[6261]
3575,7,288,1179,0.0009099465453594702,0.0009099465453594702,1,[1],[6278]
3576,7,288,1179,0.0009105565453594732,6.10000000002991e-07,1,[1],[6248]
3577,7,288,1180,0.0009099348218112781,0.0009099348218112781,1,[1],[6256]
3578,7,288,1180,0.0009105748218112813,6.400000000031381e-07,1,[1],[6260]
3579,7,288,1181,0.0009099536664594575,0.0009099536664594575,1,[1],[6316]
3580,7,288,1181,0.0009105636664594605,6.10000000002991e-07,1,[1],[6262]
3581,7,288,1182,0.0009099483467887121,0.0009099483467887121,1,[1],[6288]
3582,7,288,1182,0.0009105783467887151,6.30000000003089e-07,1,[1],[6212]
3583,7,288,1183,0.0009099502016981417,0.0009099502016981417,1,[1],[6320]
3584,7,288,1183,0.0009105902016981448,6.400000000031381e-07,1,[1],[6258]
3585,7,288,1184,0.0009099479573621799,0.0009099479573621799,2,"[1, 2]","[6211, 58]"
3586,7,288,1184,0.000910577957362183,6.30000000003089e-07,2,"[1, 2]","[6214, 37]"
3587,7,288,1185,0.0009097605445208271,0.0009097605445208271,2,"[1, 2]","[4489, 1797]"
3588,7,288,1185,0.0009102605445208296,5.000000000024516e-07,2,"[1, 2]","[4829, 1438]"
3589,7,288,1185,0.0009108205445208323,5.600000000027458e-07,2,"[1, 2]","[5001, 1214]"
3590,7,288,1186,0.0009098317851798692,0.0009098317851798692,2,"[1, 2]","[5292, 1045]"
3591,7,288,1186,0.0009103517851798717,5.200000000025497e-07,2,"[1, 2]","[5414, 771]"
3592,7,288,1186,0.0009110317851798751,6.800000000033342e-07,2,"[1, 2]","[5628, 653]"
3593,7,288,1187,0.0009099212670572574,0.0009099212670572574,2,"[1, 2]","[6330, 7]"
3594,7,288,1187,0.0009105112670572603,5.900000000028929e-07,2,"[1, 2]","[6211, 3]"
3595,7,288,1188,0.0009104846239375325,0.0009104846239375325,1,[1],[6269]
3596,7,289,1074,0.0009090140596242425,0.0009090140596242425,2,"[1, 16]","[3542, 2739]"
3597,7,289,1074,0.0009100340596242475,1.0200000000050013e-06,2,"[1, 16]","[493, 5766]"
3598,7,289,1075,0.0009084439162996271,0.0009084439162996271,4,"[1, 16, 17, 469]","[2472, 3747, 24, 14]"
3599,7,289,1075,0.0009089439162996295,5.000000000024516e-07,4,"[1, 16, 17, 469]","[995, 5312, 9, 12]"
3600,7,289,1075,0.0009093539162996316,4.100000000020103e-07,4,"[1, 16, 17, 469]","[412, 5771, 7, 17]"
3601,7,289,1075,0.0009098139162996338,4.600000000022555e-07,4,"[1, 16, 17, 469]","[203, 5998, 2, 8]"
3602,7,289,1076,0.0009081785383899935,0.0009081785383899935,4,"[1, 16, 17, 469]","[1781, 3465, 474, 643]"
3603,7,289,1076,0.0009086085383899957,4.300000000021084e-07,4,"[1, 16, 17, 469]","[1061, 3739, 295, 1046]"
3604,7,289,1076,0.0009090085383899976,4.000000000019613e-07,4,"[1, 16, 17, 469]","[790, 3949, 263, 1276]"
3605,7,289,1076,0.0009095085383900001,5.000000000024516e-07,4,"[1, 16, 17, 469]","[470, 3856, 164, 1750]"
3606,7,289,1077,0.0009084774113888897,0.0009084774113888897,4,"[1, 16, 17, 469]","[2519, 1877, 243, 1657]"
3607,7,289,1077,0.0009092574113888936,7.800000000038245e-07,4,"[1, 16, 17, 469]","[1450, 1645, 180, 2949]"
3608,7,289,1083,0.0009097716051666851,0.0009097716051666851,1,[1],[6256]
3609,7,289,1084,0.0009095954089858018,0.0009095954089858018,1,[1],[6252]
3610,7,289,1085,0.0009094182434497769,0.0009094182434497769,1,[1],[6251]
3611,7,289,1086,0.0009093150211050904,0.0009093150211050904,1,[1],[6261]
3612,7,289,1087,0.0009092236837807579,0.0009092236837807579,1,[1],[6267]
3613,7,289,1088,0.0009091693198082348,0.0009091693198082348,1,[1],[6256]
3614,7,289,1089,0.0009091217643297948,0.0009091217643297948,2,"[1, 15]","[6299, 3]"
3615,7,289,1090,0.0009089813281156483,0.0009089813281156483,2,"[1, 15]","[5721, 552]"
3616,7,289,1091,0.000908931656262014,0.000908931656262014,2,"[1, 15]","[4979, 1290]"
3617,7,289,1092,0.0009091259273691728,0.0009091259273691728,2,"[1, 15]","[6222, 46]"
3618,7,289,1093,0.0009091439445542871,0.0009091439445542871,1,[1],[6256]
3619,7,289,1094,0.0009091378976412056,0.0009091378976412056,1,[1],[6291]
3620,7,289,1095,0.0009091420303323006,0.0009091420303323006,1,[1],[6265]
3621,7,289,1096,0.0009091275218391623,0.0009091275218391623,1,[1],[6255]
3622,7,289,1097,0.000909146719606872,0.000909146719606872,1,[1],[6284]
3623,7,289,1098,0.0009091917350515997,0.0009091917350515997,1,[1],[6268]
3624,7,289,1099,0.0009091637373805388,0.0009091637373805388,1,[1],[6284]
3625,7,289,1100,0.0009091606792700715,0.0009091606792700715,1,[1],[6285]
3626,7,289,1101,0.0009091769723337488,0.0009091769723337488,1,[1],[6284]
3627,7,289,1102,0.0009091860816269311,0.0009091860816269311,1,[1],[6260]
3628,7,289,1103,0.000909165772690776,0.000909165772690776,2,"[1, 14]","[6195, 84]"
3629,7,289,1104,0.0009090070247017342,0.0009090070247017342,2,"[1, 14]","[4775, 1490]"
3630,7,289,1105,0.0009091598846885599,0.0009091598846885599,2,"[1, 14]","[5843, 423]"
3631,7,289,1106,0.0009092077983247103,0.0009092077983247103,2,"[1, 14]","[6308, 1]"
3632,7,289,1107,0.0009092391791903477,0.0009092391791903477,1,[1],[6286]
3633,7,289,1108,0.0009092901518771957,0.0009092901518771957,1,[1],[6299]
3634,7,289,1109,0.0009093035487611583,0.0009093035487611583,1,[1],[6290]
3635,7,289,1110,0.0009093358453375375,0.0009093358453375375,1,[1],[6301]
3636,7,289,1111,0.0009093307258390634,0.0009093307258390634,1,[1],[6257]
3637,7,289,1112,0.0009094101618347155,0.0009094101618347155,1,[1],[6311]
3638,7,289,1113,0.0009093916646383852,0.0009093916646383852,1,[1],[6263]
3639,7,289,1114,0.0009094414866693007,0.0009094414866693007,1,[1],[6261]
3640,7,289,1115,0.0009094440928416224,0.0009094440928416224,1,[1],[6252]
3641,7,289,1116,0.0009094737386546708,0.0009094737386546708,2,"[1, 13]","[6258, 2]"
3642,7,289,1117,0.0009094215939207864,0.0009094215939207864,2,"[1, 13]","[5699, 558]"
3643,7,289,1118,0.0009092708395838687,0.0009092708395838687,2,"[1, 13]","[4252, 2039]"
3644,7,289,1118,0.0009101908395838732,9.20000000004511e-07,2,"[1, 13]","[4338, 1893]"
3645,7,289,1119,0.0009094807688345111,0.0009094807688345111,2,"[1, 13]","[6102, 169]"
3646,7,289,1120,0.0009095454967310238,0.0009095454967310238,1,[1],[6274]
3647,7,289,1121,0.0009095270328604011,0.0009095270328604011,1,[1],[6275]
3648,7,289,1122,0.0009095547866423381,0.0009095547866423381,1,[1],[6302]
3649,7,289,1123,0.0009095468920917427,0.0009095468920917427,1,[1],[6266]
3650,7,289,1124,0.000909582808140945,0.000909582808140945,1,[1],[6266]
3651,7,289,1125,0.0009095753057991507,0.0009095753057991507,1,[1],[6280]
3652,7,289,1126,0.000909584250020563,0.000909584250020563,1,[1],[6300]
3653,7,289,1127,0.0009095897707353267,0.0009095897707353267,1,[1],[6255]
3654,7,289,1128,0.0009095991130667619,0.0009095991130667619,1,[1],[6272]
3655,7,289,1129,0.0009096213295817241,0.0009096213295817241,2,"[1, 12]","[6258, 47]"
3656,7,289,1130,0.0009093659686977326,0.0009093659686977326,2,"[1, 12]","[4344, 1924]"
3657,7,289,1130,0.0009100859686977361,7.200000000035303e-07,2,"[1, 12]","[4384, 1862]"
3658,7,289,1131,0.0009094266415636576,0.0009094266415636576,2,"[1, 12]","[4762, 1505]"
3659,7,289,1131,0.0009102866415636618,8.600000000042168e-07,2,"[1, 12]","[4739, 1542]"
3660,7,289,1132,0.000909648999189003,0.000909648999189003,2,"[1, 12]","[6262, 12]"
3661,7,289,1133,0.0009096805974060702,0.0009096805974060702,1,[1],[6257]
3662,7,289,1134,0.0009096997276636288,0.0009096997276636288,2,"[1, 11]","[6290, 1]"
3663,7,289,1135,0.0009097114085630307,0.0009097114085630307,2,"[1, 11]","[6266, 24]"
3664,7,289,1136,0.0009096195585066972,0.0009096195585066972,2,"[1, 11]","[5719, 532]"
3665,7,289,1137,0.0009093823943248006,0.0009093823943248006,2,"[1, 11]","[3998, 2327]"
3666,7,289,1137,0.0009101623943248044,7.800000000038245e-07,2,"[1, 11]","[4214, 1973]"
3667,7,289,1138,0.0009095377821011316,0.0009095377821011316,2,"[1, 11]","[4757, 1502]"
3668,7,289,1138,0.000911047782101139,1.5100000000074039e-06,2,"[1, 11]","[4877, 1372]"
3669,7,289,1139,0.00090979051958519,0.00090979051958519,2,"[1, 11]","[6273, 32]"
3670,7,289,1140,0.0009098378711071967,0.0009098378711071967,1,[1],[6293]
3671,7,289,1141,0.0009098977030884133,0.0009098977030884133,2,"[1, 10]","[6243, 39]"
3672,7,289,1142,0.0009095166705533398,0.0009095166705533398,4,"[1, 9, 10, 471]","[4173, 11, 2111, 14]"
3673,7,289,1142,0.0009105466705533449,1.0300000000050503e-06,3,"[1, 9, 10]","[4417, 2, 1780]"
3674,7,289,1143,0.0009092478004138809,0.0009092478004138809,4,"[1, 9, 10, 471]","[2523, 1576, 1839, 385]"
3675,7,289,1143,0.0009099478004138843,7.000000000034323e-07,3,"[1, 9, 10]","[3591, 399, 2257]"
3676,7,289,1144,0.0009092863869537881,0.0009092863869537881,5,"[1, 8, 9, 10, 471]","[2516, 1, 3528, 67, 172]"
3677,7,289,1144,0.000910296386953793,1.0100000000049522e-06,3,"[1, 9, 10]","[4411, 1671, 140]"
3678,7,289,1145,0.0009101699239347885,0.0009101699239347885,4,"[1, 8, 9, 471]","[5504, 389, 376, 1]"
3679,7,289,1146,0.00090983366349846,0.00090983366349846,2,"[1, 8]","[4247, 2049]"
3680,7,289,1147,0.0009101812585771657,0.0009101812585771657,3,"[1, 7, 8]","[5622, 285, 362]"
3681,7,289,1148,0.0009098860400236005,0.0009098860400236005,3,"[1, 7, 8]","[4331, 1927, 1]"
3682,7,289,1149,0.0009104380750861801,0.0009104380750861801,3,"[1, 6, 7]","[5962, 4, 285]"
3683,7,289,1150,0.0009104248522308864,0.0009104248522308864,2,"[1, 6]","[5451, 812]"
3684,7,289,1151,0.0009103325274934992,0.0009103325274934992,2,"[1, 6]","[5117, 1139]"
3685,7,289,1152,0.0009114985357359257,0.0009114985357359257,2,"[1, 6]","[6223, 27]"
3686,7,289,1155,0.0009108712567149701,0.0009108712567149701,2,"[1, 5]","[5048, 1215]"
