event,track_id,particle_type,particle_label,pdg,parent_track_id,n_g4_steps,total_energy_MeV,inside_energy_MeV,outside_energy_MeV,outside_percent,track_length_cm,pc1_explained_variance,pc2_explained_variance,pc3_explained_variance,pc1_pc2_explained_variance,pc1_pc2_explained_variance_percent,pc1_low_cm,pc1_high_cm,pc2_low_cm,pc2_high_cm,particle_initial_energy_MeV,particle_final_kinetic_energy_MeV,particle_decay_flag,endpoint_status,n_descendant_tracks
3,5,pion_plus,Pion+,211,2,3,5.479217882643898,1.1125100866704871,4.366707795973411,79.6958231904867,2.5934643286346226,0.9999981187804753,1.8812195246256848e-06,8.832793616920848e-17,0.9999999999999999,99.99999999999999,-1.0288184191758778,0.5556303490748695,-0.0011740006556018128,0.001460387219190174,248.0774820365174,0.0,0,No decay recorded,
4,12,pion_plus,Pion+,211,2,18,54.50219935694008,46.40603854485363,8.096160812086453,14.854741473942962,20.887863353854733,0.9991396089126104,0.000756188671588467,0.00010420241580118595,0.9998957975841989,99.9895797584199,-9.440278500174639,9.115534248640065,-0.23142148559179196,0.23398638099109031,248.0774820365175,0.0,0,No decay recorded,
11,5,pion_plus,Pion+,211,2,37,28.412651260890303,26.49192423107969,1.9207270298106143,6.760111938073424,3.6679323042070453,0.9963710814117747,0.003256437998295608,0.0003724805899297319,0.9996275194100702,99.96275194100703,-1.2965226502101979,2.078011572787104,-0.08424829738349755,0.12193610231775942,167.9827512608903,0.0,1,Decay at rest,
12,463,pion_plus,Pion+,211,2,65,102.33962180105517,92.3488626288731,9.990759172182068,9.762356940896042,29.763686338710315,0.9989862991643412,0.0009410893738125692,7.261146184620185e-05,0.9999273885381538,99.99273885381538,-11.43783985633545,16.38692591584442,-0.6581456861373477,0.3819940188041595,248.0774820365174,0.0,1,Decay at rest,
13,237,pion_plus,Pion+,211,2,12,41.575346848426065,35.82102307672486,5.754323771701205,13.84071140207228,16.605402319950723,0.9999318630184979,5.649043751608686e-05,1.164654398595503e-05,0.999988353456014,99.9988353456014,-7.686683350612795,7.482707580468082,-0.06123105079862019,0.05414298975565908,248.07748203651735,0.0,0,No decay recorded,
18,11,pion_plus,Pion+,211,2,4,15.794445948186517,12.008726348571066,3.78571959961545,23.96867615384836,6.640517184498612,0.9998781233860222,0.00012150321094697383,3.7340303077051085e-07,0.9999996265969692,99.99996265969692,-3.176534709769799,2.6605026340630995,-0.021937118894386105,0.04307861427027067,248.07748203651747,0.0,0,No decay recorded,
19,88,pion_plus,Pion+,211,2,64,103.24302699222044,98.0696784654066,5.173348526813838,5.010845456132993,29.904877267198813,0.9981855412078151,0.0017682252502587003,4.623354192621501e-05,0.9999537664580738,99.99537664580738,-18.004260610082234,11.433736877915745,-0.6857505637335907,0.5481784315387737,248.0774820365174,0.0,1,Decay at rest,
23,13,pion_plus,Pion+,211,2,22,11.172973316808882,9.72221761971406,1.4507556970948225,12.984508742290398,0.6811168611770754,0.9991033551226273,0.0006042620649985733,0.0002923828123741746,0.9997076171876258,99.97076171876257,-0.24921973930717256,0.3794981464196784,-0.00746279547028597,0.00650882398115713,150.74307331680888,0.0,1,Decay at rest,
25,4,pion_plus,Pion+,211,2,50,57.10425441382125,52.56629157338021,4.537962840441037,7.946803416003781,11.661033246527891,0.9982598313064841,0.0016724113246113022,6.775736890460571e-05,0.9999322426310954,99.99322426310954,-6.6645701339767855,4.326970496910586,-0.23895466176474375,0.19127501011836978,197.28871859285184,0.0,1,Decay at rest,
26,4,pion_plus,Pion+,211,2,63,104.73885129462272,101.44148150934423,3.2973697852784936,3.148182116302989,30.885941619931007,0.9980820007231734,0.0018706335195551932,4.7365757271382975e-05,0.9999526342427286,99.99526342427286,-17.442400199538003,11.646261104961738,-0.6281935778286482,0.5794796283297987,248.0774820365175,0.0,1,Decay at rest,
32,5,pion_plus,Pion+,211,2,16,52.095844337606536,40.77303521214925,11.322809125457287,21.73457263132151,20.219518866941517,0.999498811208097,0.00042126770706201155,7.99210848409405e-05,0.999920078915159,99.9920078915159,-9.51327126474248,8.84312912236794,-0.18057214250030124,0.14805142873570112,248.0774820365174,0.0,0,No decay recorded,
36,277,pion_plus,Pion+,211,2,11,3.679660457923602,3.2480685186012823,0.4315919393223195,11.729124038957194,0.10385254208328153,0.9978617076731267,0.0018278277714479964,0.0003104645554253922,0.9996895354445746,99.96895354445746,-0.05717944212485414,0.03649653178730166,-0.001937178120629132,0.0019025443050343354,143.2497604579236,0.0,1,Decay at rest,
36,279,pion_plus,Pion+,211,2,44,34.642034818168234,33.896091542128744,0.7459432760394893,2.1532894356663905,5.170172683347599,0.9968766123782551,0.0029402017844325007,0.0001831858373123853,0.9998168141626876,99.98168141626877,-1.849085048846312,3.0041709733050697,-0.11888031981588,0.16173827679432207,174.8637766681726,0.0,1,Decay at rest,
40,206,pion_plus,Pion+,211,3,41,32.55202974885942,31.046118209551018,1.5059115393084008,4.6261678639599,4.572204167900262,0.9978097761423417,0.0021147914084840517,7.543244917426504e-05,0.9999245675508257,99.99245675508257,-2.6611605274384944,1.6336137273603673,-0.1221563052156167,0.06564111822615909,172.46784820850627,0.0,1,Decay at rest,
43,9,pion_plus,Pion+,211,2,47,45.49710100325682,43.149077850262714,2.3480231529941067,5.160819263684576,8.031871698950866,0.9988443117818105,0.001137119023202579,1.8569194986851414e-05,0.9999814308050131,99.99814308050131,-2.962142977410003,4.692050786525346,-0.11374167439178691,0.1680151671105672,186.6923609905458,0.0,1,Decay at rest,
43,11,pion_plus,Pion+,211,2,17,7.65424376830552,6.554892336105928,1.0993514321995925,14.362639412553811,0.3480089572650614,0.9983584634477832,0.0015742877290929253,6.724882312385436e-05,0.9999327511768762,99.99327511768762,-0.19727765939510966,0.12446635334220482,-0.0052895727067711175,0.006995572217047749,147.22434376830552,0.0,1,Decay at rest,
45,106,pion_plus,Pion+,211,2,11,56.9513536998458,42.40244670980731,14.548906990038487,25.546200476140537,27.770392691073692,0.9994673876773325,0.0005273133887380724,5.298933929353146e-06,0.9999947010660706,99.99947010660706,-12.53269757594795,10.70024920749152,-0.3463561670654327,0.28081838435578016,320.924077296967,0.0,0,No decay recorded,
48,5,pion_plus,Pion+,211,2,64,101.55711299017018,97.86111668495423,3.6959963052159615,3.6393278583782713,29.645337494353868,0.9953017076182871,0.004498162949550685,0.00020012943216219823,0.9997998705678377,99.97998705678377,-11.094448627762555,17.01640466079499,-1.2970160759116316,1.0320658683735244,248.0774820365174,0.0,1,Decay at rest,
51,342,pion_plus,Pion+,211,8,14,6.293297221272354,5.4365683560210165,0.8567288652513381,13.613354575967858,0.2582703566003752,0.995646428738926,0.004038721003579094,0.000314850257495061,0.999685149742505,99.9685149742505,-0.14903869634575223,0.08757175997667993,-0.006750224114002169,0.007859840026186697,145.86339722127235,0.0,1,Decay at rest,
51,344,pion_plus,Pion+,211,8,38,29.6286694250922,26.901691736767873,2.726977688324326,9.203847966304146,3.8012827403268217,0.9970588677662767,0.002766743456063185,0.00017438877765993014,0.9998256112223399,99.98256112223399,-1.3756329639847222,2.1282211331813965,-0.10822763360278656,0.0675632451700143,169.1987694250922,0.0,1,Decay at rest,
54,4,pion_plus,Pion+,211,2,17,57.306354301542854,44.23528682264581,13.071067478897042,22.80910666575963,22.084108649149766,0.9874896726576071,0.01219311204709148,0.00031721529530149574,0.9996827847046986,99.96827847046987,-10.083622503329545,9.558233229640704,-1.2256076871078012,0.9595456189547661,248.0774820365174,0.0,0,No decay recorded,
56,1462,pion_plus,Pion+,211,2,45,41.638964744798656,38.008136067712066,3.6308286770865927,8.719786141033055,6.71165618187646,0.9989249003475089,0.0009453915434944246,0.00012970810899670334,0.9998702918910033,99.98702918910033,-2.4899583307199817,3.7261467170487452,-0.10206981876923595,0.11284201406787202,181.84187093777848,0.0,1,Decay at rest,
56,1464,pion_plus,Pion+,211,2,26,13.378378103111654,12.318768803773951,1.059609299337703,7.920312097407759,0.9790249157855828,0.9982751616514627,0.0016263888215031896,9.844952703427517e-05,0.9999015504729659,99.9901550472966,-0.5705922600250245,0.3484851856748468,-0.025410699821641864,0.014326673388176898,152.94847810311165,0.0,1,Decay at rest,
59,8,pion_plus,Pion+,211,2,62,103.49857571227199,101.22412243363847,2.274453278633509,2.197569640916154,30.650738545761065,0.9963575068312857,0.0036059640349628006,3.6529133751562074e-05,0.9999634708662485,99.99634708662485,-11.685109767722993,17.775620595147092,-0.5728931983271446,1.2762018884253437,248.0774820365174,0.0,1,Decay at rest,
63,369,pion_plus,Pion+,211,2,47,42.88821533045889,39.69354903422173,3.194666296237159,7.448820781237616,7.505740790825499,0.9947819199185496,0.005173710840273155,4.43692411772224e-05,0.9999556307588228,99.99556307588227,-4.373602099549123,2.691742984146379,-0.2344419363339364,0.25280657550155466,183.92214685149744,0.0,1,Decay at rest,
63,371,pion_plus,Pion+,211,2,12,4.625012244053949,4.008078455575559,0.6169337884783908,13.339073626703126,0.14503850661349957,0.999488141303555,0.0004396366268583564,7.222206958656989e-05,0.9999277779304133,99.99277779304133,-0.08089663975777661,0.04941721640162899,-0.001251236964310569,0.0014756372479581698,144.19511224405397,0.0,1,Decay at rest,
65,11,pion_plus,Pion+,211,2,44,43.22898263633991,40.03386076474828,3.195121871591621,7.391156758118295,7.406174091239142,0.9952877470139925,0.004316494569294157,0.0003957584167132831,0.9996042415832866,99.96042415832866,-2.6371037176542016,4.268449244595102,-0.25984944362752527,0.21282365173644935,183.73668311407027,0.0,1,Decay at rest,
65,13,pion_plus,Pion+,211,2,35,23.24407871903347,21.92525515849006,1.3188235605434107,5.673804397605523,2.656671085997875,0.9996774108627815,0.0002501951936372543,7.239394358138758e-05,0.9999276060564187,99.99276060564188,-0.9503586698355968,1.5208548389729823,-0.01663672621576428,0.019542994277650327,162.81417871903346,0.0,1,Decay at rest,
67,3,pion_plus,Pion+,211,2,41,35.02253516059782,33.6113882714101,1.4111468891877184,4.029253972383279,5.301199353957767,0.9995441322237875,0.00038379362929529903,7.207414691714332e-05,0.9999279258530828,99.99279258530828,-1.925500124122117,3.0745086557913486,-0.062400509198320034,0.06733797898776972,174.95816437733495,0.0,1,Decay at rest,
67,5,pion_plus,Pion+,211,2,36,27.647624322723253,27.3357494980281,0.3118748246951531,1.1280348034779497,3.4381755353431513,0.9955347741058024,0.004431701664201656,3.352422999590085e-05,0.9999664757700041,99.9966475770004,-1.9902894042415409,1.2091167608506006,-0.073197069843942,0.12323101752041458,167.4955106424431,0.0,1,Decay at rest,
71,6,pion_plus,Pion+,211,2,63,104.51058947836081,94.44637271743132,10.064216760929492,9.62985359776706,30.6429993984981,0.9991152497016731,0.0007465513222660328,0.0001381989760609581,0.9998618010239392,99.98618010239392,-11.779964427273972,16.607038461510484,-0.67336708520718,0.42505796055936235,248.07748203651735,0.0,1,Decay at rest,
75,11,pion_plus,Pion+,211,2,63,105.21718176584109,99.01098523810687,6.206196527734224,5.8984629920481995,31.023274521256873,0.9992043568576472,0.000732946811389288,6.269633096365908e-05,0.9999373036690364,99.99373036690365,-18.82741316867623,11.80893515755582,-0.48468218791738893,0.3889517756181094,248.07748203651735,0.0,1,Decay at rest,
76,821,pion_plus,Pion+,211,2,65,103.94541591013223,96.27052248538462,7.6748934247476095,7.3835804662930675,30.950480948062605,0.9979957651864448,0.0019683947998038395,3.5840013751385944e-05,0.9999641599862487,99.99641599862487,-11.812058544933535,17.216309342237,-0.6429483893043608,0.568456860024405,248.0774820365174,0.0,1,Decay at rest,
83,3051,pion_plus,Pion+,211,2,4,19.771017133391503,13.651972857130929,6.119044276260573,30.949567414647817,8.526349362407613,0.9999480315260191,5.1685805459254385e-05,2.826685214842376e-07,0.9999997173314783,99.99997173314783,-3.7258802252024537,3.339796015882598,-0.014126085549435684,0.02541736790190389,248.0774820365174,0.0,0,No decay recorded,
85,340,pion_plus,Pion+,211,2,61,104.17821649935308,101.2993800554981,2.878836443854983,2.7633765873433433,30.822477070578582,0.999237198311672,0.000694068983789858,6.873270453811529e-05,0.9999312672954619,99.99312672954619,-17.779702372222413,11.848476256986999,-0.45415270003699465,0.40928879529940715,248.0774820365174,0.0,1,Decay at rest,
87,4,pion_plus,Pion+,211,2,65,100.0409290656966,98.52219932452078,1.5187297411758227,1.518108393594063,29.32061546569391,0.9993979924724457,0.0004122611109434005,0.00018974641661093723,0.999810253583389,99.98102535833891,-16.522994433536198,11.08226898186241,-0.2752882586360604,0.4317334139259647,248.07748203651735,0.0,1,Decay at rest,
89,13,pion_plus,Pion+,211,2,63,98.90234899343214,90.01663904055208,8.885709952880065,8.984326503175515,28.30191190495709,0.9977912092379476,0.001769397078855394,0.0004393936831967976,0.999560606316803,99.9560606316803,-10.540327247492426,15.620363704368895,-0.4598159653972704,0.7043772773555199,248.0774820365174,0.0,1,Decay at rest,
92,4,pion_plus,Pion+,211,2,9,36.492433226270435,34.2228588135031,2.2695744127673354,6.2193014061158785,15.302802178629701,0.9994111378668419,0.0005871031632368862,1.758969921218207e-06,0.9999982410300787,99.99982410300787,-6.316276583170647,6.796289502127565,-0.13766454509301448,0.1714221101491123,248.07748203651735,0.0,0,No decay recorded,
94,4,pion_plus,Pion+,211,2,62,104.98325709309144,99.94021438513474,5.043042707956697,4.803663791346173,30.67570605416575,0.9965482718907838,0.003405305613052443,4.6422496163750057e-05,0.9999535775038362,99.99535775038362,-17.723177768665277,11.698441901423552,-0.8544845925274701,0.7923457592258999,248.0774820365174,0.0,1,Decay at rest,
99,519,pion_plus,Pion+,211,501,62,99.7441354439702,92.69322994216414,7.050905501806051,7.068992548205296,28.913023585877507,0.9962726663392595,0.0036046549489899523,0.00012267871175063709,0.9998773212882495,99.98773212882494,-17.340302926052264,10.931860792425171,-1.3905545607118532,0.8286140064033046,243.57121328794295,0.0,1,Decay at rest,
102,11,pion_plus,Pion+,211,2,64,102.27784106925975,101.08881157516026,1.189029494099489,1.1625484872078116,29.690078034072652,0.9993387445642555,0.0004499789748299848,0.00021127646091461373,0.9997887235390855,99.97887235390856,-17.086049471449044,11.231952263009406,-0.36053009953374376,0.3798873492723162,248.0774820365174,0.0,1,Decay at rest,
104,270,pion_plus,Pion+,211,2,66,102.51667660267289,97.01014482560265,5.506531777070233,5.371352212686402,30.246744958956302,0.9931998721148133,0.006635901824421336,0.00016422606076539172,0.9998357739392346,99.98357739392347,-11.222248601441112,16.88039799432603,-1.0723759641435529,1.200301387123353,248.0774820365174,0.0,1,Decay at rest,
107,5,pion_plus,Pion+,211,2,14,5.9161294697198334,4.792707302499508,1.1234221672203253,18.98914100798958,0.23005959793196235,0.9995171669095303,0.0004260766472972507,5.675644317254386e-05,0.9999432435568275,99.99432435568275,-0.13178795158240206,0.07934043755681236,-0.0021724423220494107,0.00202810915279307,145.48622946971983,0.0,1,Decay at rest,
107,7,pion_plus,Pion+,211,2,44,42.31029616783125,37.72090413803112,4.589392029800121,10.846986302330498,6.882861711586262,0.9990236988853587,0.000938685941707399,3.761517293383281e-05,0.9999623848270661,99.99623848270662,-2.5600178216091956,3.8112255893439135,-0.1579452460054162,0.093310415220647,182.16467831274525,0.0,1,Decay at rest,
109,3,pion_plus,Pion+,211,2,23,11.05557219599865,9.855370078757282,1.2002021172413686,10.856083212732837,0.7226457366988951,0.9989489666632215,0.0010071103834427976,4.392295333559118e-05,0.9999560770466643,99.99560770466644,-0.42944834273537763,0.24896629801598166,-0.010808487859497973,0.01056305891853749,150.62567219599865,0.0,1,Decay at rest,
109,5,pion_plus,Pion+,211,2,37,25.18878451880587,22.87006941868921,2.318715100116663,9.205347317912532,2.9335222966014993,0.9993593527354618,0.0005701081751654756,7.053908937272062e-05,0.9999294609106273,99.99294609106273,-1.7040594278096737,1.065627774282581,-0.03755381182971785,0.04493507309148995,164.75888451880587,0.0,1,Decay at rest,
115,132,pion_plus,Pion+,211,6,6,14.704583491632691,14.077518476667692,0.627065014965,4.264418746180857,6.687205192694793,0.9999547640674761,4.2611495402281706e-05,2.6244371215921647e-06,0.9999973755628784,99.99973755628784,-2.9731814230226523,2.9456052621099267,-0.023939932611327746,0.02987948547406247,248.1157827845433,0.0,0,No decay recorded,
115,137,pion_plus,Pion+,211,132,60,82.63565473423837,77.0886052223724,5.547049511865983,6.712658754511782,21.665811795788464,0.996867743482577,0.0028885864486571863,0.0002436700687657585,0.9997563299312342,99.97563299312343,-8.034349075362272,12.24826673458599,-0.4477464824560363,0.5730205981710348,228.44857128202503,0.0,1,Decay at rest,
127,4,pion_plus,Pion+,211,2,67,103.32368115224754,99.01296508239957,4.310716069847976,4.172050416492741,30.965410948632456,0.9903610674156768,0.009600743412603177,3.8189171720090584e-05,0.99996181082828,99.996181082828,-18.323702122437293,11.40055020108088,-1.6448764760827295,1.168195200281372,248.07748203651735,0.0,1,Decay at rest,
133,246,pion_plus,Pion+,211,2,62,101.92737441624439,97.53740751441475,4.389966901829643,4.3069557388010224,29.715795655832824,0.9991233704350603,0.000731541733919801,0.00014508783101996255,0.99985491216898,99.985491216898,-17.68922828992701,11.242560765087559,-0.38444120323667574,0.39705158652687955,248.0774820365174,0.0,1,Decay at rest,
136,385,pion_plus,Pion+,211,2,4,20.26541687647426,10.415957593229034,9.849459283245224,48.60230284568819,8.354258189163183,0.9974506791488527,0.002549206873319895,1.1397782728364566e-07,0.9999998860221726,99.99998860221726,-2.9381307280736366,3.4392927131074846,-0.14709117019117476,0.14054647483941285,248.0774820365174,0.0,0,No decay recorded,
140,261,pion_plus,Pion+,211,9,64,103.07220089909251,98.10097383317836,4.971227065914151,4.82305318267238,29.707465896971314,0.9985411330876012,0.0012626472306111886,0.00019621968178763348,0.9998037803182124,99.98037803182123,-16.523450489099883,11.431080027777675,-0.42906229472560814,0.48146810053342376,248.1157827845433,0.0,1,Decay at rest,
141,7,pion_plus,Pion+,211,2,18,7.344161601391875,7.170910174960791,0.1732514264310841,2.359036141010967,0.34969539002564515,0.9980085120388484,0.0018016132635019705,0.00018987469764963032,0.9998101253023504,99.98101253023503,-0.20216512731812533,0.12246631376373811,-0.007171681536628517,0.006593296056358763,146.91426160139187,0.0,1,Decay at rest,
141,9,pion_plus,Pion+,211,2,33,22.897404601670047,21.43021880594323,1.4671857957268153,6.407651090813168,2.527036971712247,0.9986124244350194,0.0012258424621359467,0.00016173310284474726,0.9998382668971554,99.98382668971554,-1.490548628466666,0.8907949649522224,-0.04619554778635493,0.03376524707617408,162.46750460167004,0.0,1,Decay at rest,
154,4,pion_plus,Pion+,211,2,62,104.35944689089833,99.3534595331804,5.005987357717929,4.796870342702559,30.65162190986765,0.9947479576223311,0.005055895131559527,0.0001961472461093409,0.9998038527538907,99.98038527538907,-11.708122785657642,17.437430120283086,-0.9677691288944971,1.3917133037164735,248.0774820365174,0.0,1,Decay at rest,
157,4,pion_plus,Pion+,211,2,69,144.11973821807007,140.11736895266387,4.002369265406209,2.7771138880020407,48.9337155788054,0.9980413577849573,0.0018926027663191452,6.603944872364905e-05,0.9999339605512765,99.99339605512765,-19.11998464890336,28.45217845916615,-0.8318374269954842,1.1370494054121365,292.0123172498709,0.0,1,Decay at rest,
160,5,pion_plus,Pion+,211,2,20,59.51032420234197,54.82389480194346,4.686429400398511,7.874985497414046,22.898999315847316,0.999615098196757,0.00037971080452819115,5.190998714936387e-06,0.9999948090012851,99.99948090012852,-11.055491889767245,10.11660775789096,-0.16650227292880962,0.20391741523875465,248.0774820365174,0.0,0,No decay recorded,
162,331,pion_plus,Pion+,211,2,9,34.81770329373916,30.529481159597836,4.288222134141323,12.316211951040497,14.452995749185023,0.9983831317906013,0.0015207348595112228,9.613334988755463e-05,0.9999038666501125,99.99038666501126,-6.61803133776808,6.533737694982325,-0.34737875143860264,0.20400528850093133,248.07748203651735,0.0,0,No decay recorded,
162,336,pion_plus,Pion+,211,331,46,42.46338844001708,39.46460080901873,2.9987876309983483,7.062054492505644,7.0754599652696815,0.9993512897096773,0.0005154808943391173,0.00013322939598362144,0.9998667706040165,99.98667706040165,-4.066702460004374,2.5959067800656213,-0.08239915331022897,0.08891799745357117,182.9720844760597,0.0,1,Decay at rest,
163,4,pion_plus,Pion+,211,2,65,102.57801387331895,92.66260282503785,9.915411048281095,9.666214692484061,30.257587636829882,0.999561363820028,0.0002654125158217524,0.00017322366415013874,0.9998267763358498,99.98267763358498,-11.534670897145428,16.589773964758656,-0.253691102944365,0.18534765628872982,248.0774820365174,0.0,1,Decay at rest,
164,293,pion_plus,Pion+,211,2,63,102.05767675877186,91.23719206610599,10.820484692665872,10.602323153251529,29.710776856283598,0.9983686237082625,0.0014721026913933621,0.00015927360034417577,0.9998407263996558,99.98407263996558,-11.317585221145379,16.178535589052636,-0.7705298503428681,0.5537012138349492,248.0774820365174,0.0,1,Decay at rest,
167,169,pion_plus,Pion+,211,4,66,100.6514797169568,94.06798725256962,6.583492464387175,6.54087995814934,29.166111854224166,0.9984731604198026,0.0013460014600062465,0.00018083812019128111,0.9998191618798089,99.98191618798089,-10.989246222027905,16.789914472664982,-0.7307318490090735,0.4280104859349923,247.59008793397743,0.0,1,Decay at rest,
170,205,pion_plus,Pion+,211,2,66,101.94964170052467,99.30069218337206,2.6489495171526025,2.598292130279228,29.62892006892247,0.9966144108850084,0.003339366472540102,4.6222642451573954e-05,0.9999537773575484,99.99537773575484,-11.231306276200527,17.47355187583327,-0.6272972063647002,0.9891569694316562,248.0774820365174,0.0,1,Decay at rest,
173,8,pion_plus,Pion+,211,2,62,103.76612074594424,102.28995469046416,1.4761660554800842,1.4225896129375937,30.132328433380533,0.9987916672883748,0.0010882847411572086,0.00012004797046793371,0.999879952029532,99.9879952029532,-18.12452628859103,11.503418804766685,-0.32562340758080954,0.5850012669750937,248.0774820365174,0.0,1,Decay at rest,
175,10,pion_plus,Pion+,211,2,16,54.18171837625852,48.56669673860328,5.615021637655249,10.363314058558268,20.673795778252327,0.9996732686070817,0.0002578952116847515,6.88361812335208e-05,0.9999311638187665,99.99311638187665,-9.38861541877625,10.414669152917064,-0.19020345609310063,0.13134909639918002,248.0774820365175,0.0,0,No decay recorded,
176,10,pion_plus,Pion+,211,2,51,55.51393671579555,53.64182798717289,1.87210872862266,3.3723220498790227,11.286534306821139,0.996693759234529,0.0030287425520003543,0.0002774982134706971,0.9997225017865293,99.97225017865293,-4.17606625557876,6.42871207198736,-0.23912482961198345,0.35289227035051535,197.37947708167624,0.0,1,Decay at rest,
177,1611,pion_plus,Pion+,211,2,64,103.45233012184234,97.8713360102284,5.580994111613927,5.394749547971359,30.22149253875515,0.9969486268311896,0.002938207779395697,0.00011316538941478685,0.9998868346105853,99.98868346105853,-11.354753619901786,17.518660733261683,-0.9398770089117151,0.9524547120991248,248.0774820365174,0.0,1,Decay at rest,
178,24,pion_plus,Pion+,211,2,43,34.98430923975701,32.5862912537708,2.398017985986207,6.854552906995922,4.960170173709886,0.9981104746604413,0.00145484159194106,0.00043468374761751515,0.9995653162523824,99.95653162523824,-1.8266156789055465,2.7227137434347304,-0.08220392291583856,0.14431320399973874,175.2616465103372,0.0,1,Decay at rest,
182,8,pion_plus,Pion+,211,2,62,101.91058864861479,99.80318427944484,2.1074043691699584,2.067895394497462,29.230058108217165,0.9988870295553275,0.0009089228524006784,0.00020404759227179956,0.9997959524077281,99.97959524077281,-17.53282979037242,11.069220461242942,-0.44114157898771167,0.4962130994924963,248.07748203651735,0.0,1,Decay at rest,
183,1346,pion_plus,Pion+,211,2,63,103.98868801343534,99.51310440335824,4.4755836100770985,4.303913911769762,30.6394264750864,0.9993971554889043,0.0005363455622518641,6.649894884392251e-05,0.9999335010511562,99.99335010511562,-11.628124426924176,18.278285257158853,-0.3330870790904568,0.3222572495213197,248.0774820365174,0.0,1,Decay at rest,
184,235,pion_plus,Pion+,211,2,11,37.12258648572928,36.033406809334465,1.0891796763948105,2.934008051441983,15.481285634841925,0.9995491003923601,0.0004201032162518964,3.0796391387884905e-05,0.999969203608612,99.9969203608612,-6.903950027504066,7.276434013201783,-0.11811259590237974,0.16414014282785683,248.0774820365174,0.0,0,No decay recorded,
185,1325,pion_plus,Pion+,211,2,44,39.128177091848336,37.03291557860504,2.095261513243295,5.354866157768964,6.282092006809921,0.9986934320032551,0.0007638574064089194,0.0005427105903360185,0.999457289409664,99.9457289409664,-3.7915046459996415,2.278019671933287,-0.07868329481578965,0.0836703467374265,179.18634560324685,0.0,1,Decay at rest,
186,543,pion_plus,Pion+,211,5,68,100.4771247403631,89.26801714481398,11.209107595549117,11.155880131436781,29.35976607183244,0.9960758123389797,0.003548537383616164,0.00037565027740423543,0.9996243497225958,99.96243497225959,-11.03666215463033,16.128969385962062,-0.877056628856532,0.6908418802013284,248.1157827845434,0.0,1,Decay at rest,
194,10,pion_plus,Pion+,211,2,61,104.7863196341416,99.50222789147448,5.284091742667129,5.042730540700715,30.189810643435795,0.9989645332936455,0.0007185018652817592,0.0003169648410725805,0.9996830351589273,99.96830351589273,-16.810255574314933,11.575641919791764,-0.38091043590059653,0.4260072713429528,248.0774820365174,0.0,1,Decay at rest,
200,13,pion_plus,Pion+,211,2,31,19.415433981956397,17.526575349261698,1.8888586326947008,9.728644924703197,1.8252060994726083,0.9960173863764452,0.0036042223583797827,0.0003783912651749712,0.999621608734825,99.9621608734825,-1.0451788478821982,0.6609241907537614,-0.05226072476264849,0.05561009174463491,158.9855339819564,0.0,1,Decay at rest,
201,6,pion_plus,Pion+,211,2,17,64.15833344680944,59.55609096677213,4.602242480037301,7.173257522115653,26.3315740479279,0.995871546007102,0.0040746672733478866,5.378671955008797e-05,0.99994621328045,99.994621328045,-12.029959468256953,11.592782644827901,-0.7863391821888934,0.723967287665667,261.10627240111927,0.0,0,No decay recorded,
204,3,pion_plus,Pion+,211,2,29,18.650467579486904,17.08664892584155,1.5638186536453516,8.384876395084857,1.6731793838322608,0.9924444716539073,0.00752885625799989,2.6672088092861003e-05,0.9999733279119072,99.99733279119071,-0.5928647162761044,0.9267281689274923,-0.06488957080151112,0.07003032565086402,158.2205675794869,0.0,1,Decay at rest,
204,5,pion_plus,Pion+,211,2,44,36.63373861360175,35.32124255797685,1.3124960556248981,3.5827521440511156,5.733499577560436,0.9984066983398032,0.001540564167290516,5.27374929063121e-05,0.9999472625070938,99.99472625070938,-3.581963642817812,2.014348881628794,-0.08761471256251216,0.10437731300263973,177.62103606354458,0.0,1,Decay at rest,
212,256,pion_plus,Pion+,211,2,20,8.69099099023876,8.064442952474934,0.6265480377638252,7.20916680810657,0.4455043833427485,0.9986929798073152,0.0009651030894813953,0.0003419171032034499,0.9996580828967966,99.96580828967966,-0.1604844015523913,0.24780779053607724,-0.007055893845987525,0.00910980117494536,148.26109099023876,0.0,1,Decay at rest,
212,258,pion_plus,Pion+,211,2,45,43.81110910646544,39.47790961599821,4.333199490467231,9.890640932958616,7.692368087448999,0.9909554440061213,0.008659741246376652,0.00038481474750205595,0.999615185252498,99.9615185252498,-2.767951560241844,4.258496511455742,-0.38598229281777796,0.3163353530570494,183.7413878026905,0.0,1,Decay at rest,
213,4,pion_plus,Pion+,211,2,25,11.476061161657329,10.205533994183888,1.27052716747344,11.071108367027518,0.7528209447573783,0.9993320986474684,0.0005190483671626767,0.00014885298536897467,0.9998511470146311,99.9851147014631,-0.44585517093404564,0.25956159621840436,-0.010488063433865014,0.007307407991648933,151.04616116165732,0.0,1,Decay at rest,
213,6,pion_plus,Pion+,211,2,30,18.162272799268717,17.03894005302212,1.1233327462465974,6.184978932217267,1.6306213508528282,0.9983774761691051,0.0013940864270051536,0.00022843740388975487,0.9997715625961102,99.97715625961102,-0.9298723258275358,0.6022191390163647,-0.04146998405190458,0.024560294876056436,157.73237279926872,0.0,1,Decay at rest,
215,8,pion_plus,Pion+,211,2,65,100.97730204310874,98.18557195551095,2.7917300875977844,2.764710515246241,29.231190350240933,0.9980133413696248,0.001244095054431231,0.0007425635759439887,0.9992574364240561,99.9257436424056,-17.69364151677574,10.936588290847933,-0.41942399764869415,0.5094522467798991,248.07748203651735,0.0,1,Decay at rest,
216,3,pion_plus,Pion+,211,2,58,76.78385861779198,73.10561076831169,3.6782478494802846,4.790392037719213,19.322300933197045,0.9964341456001803,0.003441217369184851,0.00012463703063478963,0.9998753629693652,99.98753629693653,-10.964772005234881,7.151724581447206,-0.6019643926600622,0.41842032919924027,218.4218032174994,0.0,1,Decay at rest,
216,5,pion_plus,Pion+,211,2,23,11.164642115364304,10.185773561671711,0.9788685536925928,8.767576636832056,0.7369845079058531,0.9995346032685449,0.00042658493747199595,3.8811793983107205e-05,0.9999611882060169,99.99611882060168,-0.2612919659528943,0.4196273230273288,-0.005250701440134806,0.009803299391462746,150.7347421153643,0.0,1,Decay at rest,
219,4,pion_plus,Pion+,211,2,12,44.44779439660406,33.366254758696094,11.081539637907966,24.93158499391058,18.033652817558686,0.9992647207379937,0.0007334544837671011,1.8247782391985698e-06,0.9999981752217607,99.99981752217607,-8.29679041759603,8.049608140843686,-0.2325328785304127,0.17321297169688182,248.07748203651735,0.0,0,No decay recorded,
219,12,pion_plus,Pion+,211,4,46,39.09893204113999,36.05847113900654,3.0404609021334474,7.776327238130872,6.4138649487904695,0.9984152614204587,0.0014782632449167363,0.00010647533462454543,0.9998935246653754,99.98935246653754,-2.3025805530695633,3.7805127451961944,-0.1087639501848207,0.11222275141371242,179.79286693121404,0.0,1,Decay at rest,
222,10,pion_plus,Pion+,211,2,34,24.03076096817062,21.677734315587493,2.3530266525831243,9.791727593228407,2.7881068797023696,0.9957041455104196,0.004249772150548456,4.608233903194397e-05,0.9999539176609681,99.9953917660968,-0.9686021389517878,1.5969443503646887,-0.13055167586606922,0.07040005584212305,163.60086096817062,0.0,1,Decay at rest,
222,12,pion_plus,Pion+,211,2,41,31.182226562827797,27.967621097162137,3.2146054656656595,10.309095340541774,4.284475140446477,0.9885401673772701,0.011412314915606717,4.7517707123273665e-05,0.9999524822928768,99.99524822928768,-1.5433649993141516,2.340911437030144,-0.31628105063882817,0.19281705628745707,170.7523265628278,0.0,1,Decay at rest,
223,11,pion_plus,Pion+,211,2,63,103.97422642617887,95.06336526107208,8.91086116510679,8.57025964163672,30.225496767058754,0.9992762417706477,0.000543523095869682,0.00018023513348275723,0.9998197648665174,99.98197648665173,-11.617975426901301,16.59224322679799,-0.5764432289985184,0.25877403374736846,248.0774820365174,0.0,1,Decay at rest,
224,691,pion_plus,Pion+,211,157,54,63.27889592390028,58.233539458268254,5.045356465632023,7.973205587688524,14.312932535344519,0.9979188346092422,0.0019130238082452574,0.000168141582512545,0.9998318584174875,99.98318584174875,-8.222723560527875,5.2259800035983215,-0.28764236465670406,0.33611163316971665,206.25143992127047,0.0,1,Decay at rest,
227,3,pion_plus,Pion+,211,2,40,32.27410338766923,30.07369381449296,2.200409573176269,6.817879792803063,4.536355777690191,0.9967440743039209,0.0032229557515937824,3.2969944485376955e-05,0.9999670300555147,99.99670300555147,-1.6256726925668565,2.619494143353828,-0.12596995838756384,0.08617591343493743,172.3435727405164,0.0,1,Decay at rest,
227,5,pion_plus,Pion+,211,2,19,8.58774178318913,7.84782092182381,0.7399208613653212,8.616011985988537,0.425693701976882,0.9994754710617095,0.0003947405544635317,0.0001297883838269377,0.9998702116161731,99.9870211616173,-0.1548480914127778,0.2369523332298475,-0.003811859018924611,0.005044706149713389,148.15784178318913,0.0,1,Decay at rest,
228,10,pion_plus,Pion+,211,2,60,91.48621701650013,85.8060222212636,5.680194795236535,6.20879841846786,25.041875083423882,0.9984270708771585,0.0010814053334826598,0.0004915237893588757,0.9995084762106412,99.95084762106413,-14.197750733760147,9.391994512432777,-0.5073146659918362,0.41870298090303426,234.93245420414095,0.0,1,Decay at rest,
231,786,pion_plus,Pion+,211,2,5,27.65698307220134,19.234797978101604,8.422185094099735,30.452291459675024,11.684999896002372,0.999652997859917,0.00034189262295024683,5.1095171328105155e-06,0.9999948904828673,99.99948904828673,-4.368782563811854,4.875379965788016,-0.08669293716450388,0.07234057045953507,248.0774820365174,0.0,0,No decay recorded,
232,13,pion_plus,Pion+,211,2,62,104.58730114762555,99.23156200855574,5.355739139069818,5.120831191073725,30.86230514172034,0.99687622208162,0.002599990368827145,0.0005237875495528696,0.9994762124504472,99.94762124504472,-11.679743369262956,17.288957519013557,-0.6927038467591559,0.7551610559073715,248.0774820365174,0.0,1,Decay at rest,
234,5,pion_plus,Pion+,211,2,62,103.05135761914251,94.77428067919774,8.277076939944765,8.031992135935957,29.941804474705226,0.9973833499927507,0.0025269785580041195,8.967144924525901e-05,0.9999103285507548,99.99103285507547,-16.700763332175274,11.398723907622253,-0.7460673193425756,0.7067342182473648,248.07748203651747,0.0,1,Decay at rest,
238,4,pion_plus,Pion+,211,2,65,104.35841204388097,98.39253973679136,5.965872307089605,5.716714340748166,30.379262761201826,0.9968448484091449,0.003137588210302668,1.7563380552499765e-05,0.9999824366194475,99.99824366194476,-16.93118922715384,11.594705367447478,-0.9301286361086073,0.7125953115014148,248.0774820365174,0.0,1,Decay at rest,
241,424,pion_plus,Pion+,211,2,68,101.63059718302789,96.08974083233869,5.540856350689203,5.451956895137201,29.707967963605167,0.9924841946545877,0.007403432520139408,0.0001123728252728238,0.9998876271747271,99.98876271747271,-11.164656582111222,16.786035444238852,-1.1685443207295478,1.4766374380898593,248.0774820365174,0.0,1,Decay at rest,
243,8,pion_plus,Pion+,211,2,10,33.02121435160069,23.81322261760887,9.207991733991822,27.885079076582986,13.776533629237846,0.9984536827402415,0.0015406840365179714,5.633223240549262e-06,0.9999943667767595,99.99943667767594,-5.758130767844153,6.190281400320184,-0.3136549221334986,0.1953352234182081,248.07748203651735,0.0,0,No decay recorded,
245,4,pion_plus,Pion+,211,2,62,102.63247209282294,99.04012824205157,3.5923438507713783,3.500202009674276,29.883471707391596,0.9932669465070717,0.004903586952087922,0.001829466540840314,0.9981705334591596,99.81705334591597,-11.006366807037637,17.379084449239475,-0.7901213642880215,1.1114190082128415,248.0774820365174,0.0,1,Decay at rest,
246,4,pion_plus,Pion+,211,2,61,106.40872146261935,99.47156569085786,6.93715577176149,6.519348862018293,31.160552727811158,0.9988684644824741,0.0010076274739107597,0.0001239080436150674,0.9998760919563849,99.9876091956385,-18.623693640881356,11.842596944954051,-0.5119819082606432,0.39186443329365855,248.07748203651735,0.0,1,Decay at rest,
252,6,pion_plus,Pion+,211,2,65,103.25388374733838,98.10133726125278,5.152546486085595,4.9901720875641296,29.953812235985094,0.998225748773417,0.0017181928182519583,5.6058408331219956e-05,0.9999439415916689,99.99439415916689,-17.68505452217674,11.45970325251208,-0.6749203797932567,0.5477798816975267,248.07748203651735,0.0,1,Decay at rest,
253,8,pion_plus,Pion+,211,2,60,105.76733291083283,100.14646677140807,5.620866139424757,5.314368798694612,32.01489363142629,0.9967768244216593,0.0030231613946684922,0.00020001418367219975,0.9997999858163278,99.97999858163278,-18.359460354854768,12.243671837783296,-0.6279017713914944,1.373870327017947,248.0774820365174,0.0,1,Decay at rest,
255,8,pion_plus,Pion+,211,2,3,13.810769715493969,3.3361359468750997,10.474633768618869,75.84395355508413,5.940067302468751,0.9999702392513921,2.9760748607897348e-05,0.0,1.0,100.0,-2.2904627320137654,1.6639165451475384,-0.009387270228335076,0.011645989671785926,248.0774820365174,0.0,0,No decay recorded,
258,5,pion_plus,Pion+,211,2,61,104.63230382837489,95.13805540342308,9.494248424951806,9.0739170194751,30.607061282040856,0.9997727108455531,0.00015469079017562483,7.259836427134895e-05,0.9999274016357287,99.99274016357288,-11.759405066376496,16.887794679907227,-0.17438006217681057,0.23648132786184128,248.07748203651735,0.0,1,Decay at rest,
259,4,pion_plus,Pion+,211,2,64,104.86949263254726,101.3002320974665,3.5692605350807614,3.403526083211932,30.973826124431355,0.9990590801848875,0.0009147186801901973,2.6201134922301754e-05,0.9999737988650778,99.99737988650777,-17.28042231613011,11.925452673495641,-0.45078623451440875,0.41862327053922677,248.0774820365174,0.0,1,Decay at rest,
260,5,pion_plus,Pion+,211,2,9,36.52476829393985,21.684890155853083,14.839878138086767,40.629629786177134,16.354126882229615,0.9995462700025676,0.00039136685708279366,6.236314034960897e-05,0.9999376368596503,99.99376368596504,-7.527156054916978,6.334138343276931,-0.1259512943578005,0.10045256066448198,278.1043689836278,0.0,0,No decay recorded,
263,2181,pion_plus,Pion+,211,2,67,103.53739419876702,95.08351878985175,8.453875408915266,8.165045560916715,30.582201232769872,0.9975089488746808,0.0024298494368629256,6.120168845639356e-05,0.9999387983115438,99.99387983115437,-11.676050693496398,16.844066626906272,-0.57722016313653,0.6983607176255943,248.0774820365174,0.0,1,Decay at rest,
268,351,pion_plus,Pion+,211,2,6,6.9009110744423205,4.858688803603234,2.042222270839087,29.59351669379574,2.9738492905856444,0.9999827452179728,1.7109088162883368e-05,1.456938644152848e-07,0.9999998543061357,99.99998543061356,-1.3641358938172328,1.0992260264035363,-0.005634253793642237,0.003797194749147499,248.0774820365174,0.0,0,No decay recorded,
282,4,pion_plus,Pion+,211,2,61,103.75356570243468,99.96496233015012,3.7886033722845736,3.651540404066971,30.507694493145646,0.9996817807949941,0.00021749224655541173,0.00010072695845053512,0.9998992730415496,99.98992730415496,-11.70308690790487,17.48168814127679,-0.2217550358045536,0.20074097252543685,248.07748203651735,0.0,1,Decay at rest,
285,10,pion_plus,Pion+,211,2,62,105.7755597696755,99.10754917521602,6.6680105944594805,6.3039237126033285,31.865494162836583,0.9959050517312228,0.0036869194381546305,0.000408028830622537,0.9995919711693774,99.95919711693773,-17.6556863236507,12.110895484172433,-1.2093566729303655,0.9635804992208462,248.07748203651735,0.0,1,Decay at rest,
287,6,pion_plus,Pion+,211,2,67,129.79954133890257,121.73181219650645,8.067729142396123,6.2155297770517794,42.34215785087026,0.9981262873414101,0.0017192482230519587,0.00015446443553792578,0.999845535564462,99.9845535564462,-16.084893655525022,23.827718218396832,-1.3176539812932073,0.5326216781277927,276.1605641147381,0.0,1,Decay at rest,
290,6,pion_plus,Pion+,211,2,17,82.03789961480135,79.53495900270826,2.50294061209308,3.050956477244448,37.83565715891446,0.9861656097619127,0.013824186060285884,1.0204177801445319e-05,0.9999897958221986,99.99897958221986,-15.728453295573766,16.57632270693727,-3.0599447101809156,1.7180314992155303,324.96326936445115,0.0,0,No decay recorded,
291,4,pion_plus,Pion+,211,2,63,103.88780533653316,98.1966005838827,5.691204752650458,5.478222139946477,30.226756349628616,0.9828364488513227,0.016585088892560808,0.0005784622561164021,0.9994215377438835,99.94215377438836,-17.68436940913148,11.033991449615007,-2.0438477390924765,2.0081221334891266,248.0774820365174,0.0,1,Decay at rest,
293,14,pion_plus,Pion+,211,2,65,104.87109543866596,103.52208979944167,1.3490056392242844,1.2863464747664932,30.913267804312728,0.9968249371428839,0.002972418313151164,0.00020264454396502917,0.9997973554560351,99.9797355456035,-17.31506620877193,11.900551170428875,-0.7454495324235598,0.958793093859151,248.07748203651752,0.0,1,Decay at rest,
300,4,pion_plus,Pion+,211,2,23,11.842156147917505,11.02664901735176,0.8155071305657446,6.886475067373226,0.7381761178527579,0.9985752055720888,0.0012527601257413163,0.00017203430216975905,0.9998279656978301,99.982796569783,-0.42131212653213995,0.2675232955576012,-0.012156631394269089,0.00836831102276714,151.4122561479175,0.0,1,Decay at rest,
300,6,pion_plus,Pion+,211,2,41,31.50289972510597,29.66378458272188,1.8391151423840884,5.837923360808659,4.390650271130941,0.9961132011548417,0.0038214456562769474,6.53531888814164e-05,0.9999346468111187,99.99346468111186,-2.5670447631876123,1.5501866284845385,-0.13186444221348392,0.10301217894468885,171.427430237699,0.0,1,Decay at rest,
305,31,pion_plus,Pion+,211,3,65,98.37951851637072,91.22588414703313,7.153634369337598,7.271467148060098,28.716283861070163,0.9992297757135371,0.0006789575541209093,9.126673234195634e-05,0.9999087332676581,99.99087332676581,-10.931229946349564,15.987159479047305,-0.5624643372515777,0.4747232027006631,245.2717892219792,0.0,1,Decay at rest,
311,9,pion_plus,Pion+,211,2,64,105.31270077746157,104.19269567452068,1.1200051029408982,1.0635043016393664,30.98063279382037,0.99867010586079,0.001299249240951392,3.064489825864945e-05,0.9999693551017413,99.99693551017414,-17.389809487831823,11.801599550501734,-0.4470497029067008,0.5939374868674089,248.0774820365174,0.0,1,Decay at rest,
318,368,pion_plus,Pion+,211,2,60,102.70004585861116,100.11358203545682,2.5864638231543524,2.5184641365352256,29.79560937280582,0.9992748211240725,0.00039173308773006823,0.0003334457881974247,0.9996665542118026,99.96665542118026,-17.315154519821462,11.433649170510101,-0.251571922569411,0.31222724943550095,248.0774820365174,0.0,1,Decay at rest,
319,9,pion_plus,Pion+,211,2,26,14.183411863950397,12.965451472393163,1.2179603915572346,8.58721725943031,1.0977441096667604,0.973054963433768,0.02674884119806697,0.00019619536816502112,0.9998038046318349,99.9803804631835,-0.6166928780186133,0.35707031025790903,-0.08958606525738941,0.07374780372898118,153.7535118639504,0.0,1,Decay at rest,
320,3,pion_plus,Pion+,211,2,34,20.97156521082681,18.83078528803227,2.140779922794541,10.208012140597589,2.1458209870233587,0.9963845074900278,0.003566025337172318,4.946717279980478e-05,0.9999505328272001,99.99505328272001,-0.7617281316173723,1.2096892249480746,-0.08116023394429231,0.047222563405257045,160.5416652108268,0.0,1,Decay at rest,
320,5,pion_plus,Pion+,211,2,43,40.3008486866503,36.308800642390025,3.992048044260276,9.905617807951142,6.634681908185147,0.9975215532003546,0.0023654773855866455,0.00011296941405875551,0.9998870305859413,99.98870305859413,-2.366862687776162,3.7842391885542543,-0.16875967656382568,0.1155432413239267,180.25776969280145,0.0,1,Decay at rest,
323,7,pion_plus,Pion+,211,2,3,5.544623747904367,5.319554420968639,0.225069326935729,4.059235345244042,2.314432177921483,0.9999959829866495,4.017013350442078e-06,0.0,0.9999999999999999,99.99999999999999,-0.5925979307712057,0.9897177972228691,-0.0007058174788418488,0.003988245746859602,248.0774820365175,0.0,0,No decay recorded,
324,9,pion_plus,Pion+,211,2,61,103.57236378169657,91.5027907834689,12.069572998227672,11.653275601266737,30.20579865804655,0.9900475979348691,0.009784673208702278,0.00016772885642869594,0.9998322711435713,99.98322711435713,-11.236860067163272,16.43392945699829,-1.736812790276038,1.2290946355432424,248.0774820365174,0.0,1,Decay at rest,
326,177,pion_plus,Pion+,211,2,30,17.86095266993581,16.838318143733265,1.022634526202544,5.725531807291997,1.6176275977102663,0.9963480141145769,0.00355132781429162,0.00010065807113161352,0.9998993419288684,99.98993419288684,-0.5826653087508141,0.906901334767698,-0.04213365323315484,0.047541418577178,157.4310526699358,0.0,1,Decay at rest,
327,5,pion_plus,Pion+,211,2,4,5.165435294869602,4.969714297778565,0.1957209970910366,3.78905137550421,1.9789687052390437,0.9999767909847773,2.3191399469535445e-05,1.761575314103727e-08,0.9999999823842468,99.99999823842468,-0.6735294415090048,0.9024736666895379,-0.0026837074153262734,0.00448497602745235,240.8664999695084,0.0,0,No decay recorded,
329,5,pion_plus,Pion+,211,2,65,101.11180117185346,98.66187519460532,2.4499259772481383,2.422987177415771,29.15077081587145,0.9980071803341891,0.0019358600229464854,5.695964286435919e-05,0.9999430403571355,99.99430403571355,-17.65295535427319,11.067462202474394,-0.586985364890625,0.6955414647563697,248.07748203651747,0.0,1,Decay at rest,
336,6,pion_plus,Pion+,211,2,59,104.53982535050814,97.5612690060968,6.978556344411351,6.675500289973873,30.670598324846065,0.9994589223985882,0.0004738997344068041,6.71778670049084e-05,0.9999328221329951,99.99328221329951,-11.775261811771646,17.271410357850755,-0.24390113943388084,0.42046825457916376,248.0774820365174,0.0,1,Decay at rest,
337,229,pion_plus,Pion+,211,2,61,102.72146598143674,94.43614041317652,8.285325568260223,8.065817099765205,30.279506385444094,0.9994258676089538,0.0004746303446632224,9.950204638288946e-05,0.999900497953617,99.9900497953617,-11.520571028856798,16.636263112189194,-0.3091356055154287,0.4356822768237521,248.0774820365174,0.0,1,Decay at rest,
349,10,pion_plus,Pion+,211,2,37,26.329918488221328,24.861904655435655,1.4680138327856713,5.575459086371218,3.162719819289623,0.9986523507146223,0.001137427775409475,0.0002102215099682589,0.9997897784900318,99.97897784900319,-1.1386266237940281,1.812198326203631,-0.046713254578811536,0.05037076960922522,165.90001848822132,0.0,1,Decay at rest,
349,12,pion_plus,Pion+,211,2,43,34.98210168508449,34.54658736362583,0.43551432145865326,1.2449632825930121,5.235007041575175,0.998480488037536,0.0010803837462469742,0.0004391282162171274,0.999560871783783,99.9560871783783,-3.2286212242415595,1.8781440165445167,-0.08728426823865701,0.08915044843175991,175.66012411416472,0.0,1,Decay at rest,
355,551,pion_plus,Pion+,211,462,67,118.77288737303304,111.19551722323763,7.577370149795419,6.379713684990227,37.115176349877494,0.9995043192743851,0.0003574476664398194,0.00013823305917505744,0.999861766940825,99.9861766940825,-22.231234968361406,14.271813223062129,-0.4561332037861824,0.2801914857332602,266.19490906085605,0.0,1,Decay at rest,
358,265,pion_plus,Pion+,211,2,40,31.006970536934496,28.825036776697765,2.181933760236732,7.036913708282734,4.309713371264239,0.9976257786580737,0.002032856612183793,0.0003413647297425428,0.9996586352702574,99.96586352702575,-2.525176549300913,1.507168016169224,-0.16486360607523548,0.09104351834295325,170.87536939876773,0.0,1,Decay at rest,
358,267,pion_plus,Pion+,211,2,6,2.751200589519641,1.84605767059607,0.9051429189235709,32.89992457735002,0.05864450028039363,0.9989927206245943,0.0009898014461289656,1.7477929276624518e-05,0.9999825220707232,99.99825220707233,-0.029815314497126287,0.019869107813125696,-0.000784587779724194,0.0006301102127671254,142.32130058951964,0.0,1,Decay at rest,
364,3,pion_plus,Pion+,211,2,43,36.585318781491964,35.42097971017407,1.164339071317891,3.1825308897046294,5.644646755449838,0.9996354692060226,0.00031839907961615836,4.6131714361122965e-05,0.9999538682856388,99.99538682856388,-3.2823296459486917,2.056861218441018,-0.055981638607334176,0.044958721891181073,176.57118150668387,0.0,1,Decay at rest,
364,5,pion_plus,Pion+,211,2,35,26.392491402133633,23.59331550025305,2.799175901880586,10.605955531936988,3.1373803533507925,0.9977450578452294,0.0021859166759138197,6.902547885683152e-05,0.9999309745211432,99.99309745211433,-1.1406297158568561,1.7615813158988702,-0.09857946979331693,0.06998602500165194,165.96259140213365,0.0,1,Decay at rest,
367,3,pion_plus,Pion+,211,2,31,19.82367478609453,18.230109713853253,1.5935650722412769,8.038696606136293,1.9651401002626008,0.9987945238495395,0.0011968979039010338,8.578246559365752e-06,0.9999914217534405,99.99914217534405,-1.1630721559274841,0.6906807566593796,-0.023588346923097053,0.036743264104392645,159.39377478609453,0.0,1,Decay at rest,
367,5,pion_plus,Pion+,211,2,43,39.55873946155071,36.13178264547533,3.4269568160753767,8.662957573272077,6.258296463700371,0.9967756426752395,0.0026908946719582734,0.0005334626528022474,0.9994665373471978,99.94665373471977,-2.2586875435386378,3.5195789379520046,-0.136551741068092,0.1949152335564492,179.1288394615507,0.0,1,Decay at rest,
368,7,pion_plus,Pion+,211,2,6,27.82094207416526,20.65740829923713,7.163533774928129,25.74871029108767,11.525655692278534,0.9998181783553688,0.000156898321346209,2.4923323284972182e-05,0.999975076676715,99.9975076676715,-5.644016469536921,4.803186884717169,-0.08299324051800341,0.04551934811360301,248.0774820365175,0.0,0,No decay recorded,
372,7,pion_plus,Pion+,211,2,26,15.277754245922182,13.675164426104772,1.6025898198174107,10.48969497755314,1.1795254932074983,0.9984423216513452,0.001503104140301459,5.457420835329684e-05,0.9999454257916466,99.99454257916466,-0.4262424295721463,0.660034436078569,-0.022677393998546486,0.021410999289304736,154.84785424592218,0.0,1,Decay at rest,
374,7,pion_plus,Pion+,211,2,63,102.24152574359141,97.80899364076765,4.432532102823752,4.335354026249542,30.394263696246615,0.9995898464107934,0.0003484217640174063,6.173182518909939e-05,0.9999382681748108,99.99382681748108,-17.7242250924415,11.622937582278452,-0.26992511313752016,0.27399130002996486,248.0774820365174,0.0,1,Decay at rest,
375,4,pion_plus,Pion+,211,2,64,104.36644104660856,101.89301493058771,2.47342611602084,2.3699439122545565,29.792181718743826,0.9940984986275548,0.0058402325832651,6.126878918005133e-05,0.9999387312108199,99.99387312108199,-11.360267690875531,17.359552166477666,-1.0168636690087611,1.299829252887458,248.07748203651735,0.0,1,Decay at rest,
377,5,pion_plus,Pion+,211,2,33,21.57812857097878,20.506607917159286,1.0715206538194937,4.96577194029987,2.2631628331126787,0.9994411349830884,0.00040197110883445083,0.00015689390807720533,0.9998431060919228,99.98431060919228,-1.3100344690306416,0.8271038059952851,-0.03153285800629788,0.023769283265056177,161.14822857097877,0.0,1,Decay at rest,
379,4,pion_plus,Pion+,211,2,60,104.30434014114981,93.59824943547541,10.706090705674399,10.264281132679988,30.314477354074736,0.9996220946460503,0.00034561008615326827,3.2295267796351136e-05,0.9999677047322036,99.99677047322037,-11.706008270279575,16.673141810847437,-0.3005303649478439,0.28081905877940594,248.0774820365174,0.0,1,Decay at rest,
381,5,pion_plus,Pion+,211,2,61,104.50099989008986,103.3478722534795,1.1531276366103684,1.1034608643201345,30.67953301346902,0.9955622454801282,0.004361578470461748,7.617604941013265e-05,0.9999238239505899,99.99238239505898,-17.089585500357444,11.443215371907689,-0.991206485546939,1.0561765693191376,248.0774820365174,0.0,1,Decay at rest,
382,539,pion_plus,Pion+,211,2,63,103.05970886453125,98.18657691802821,4.87313194650303,4.728454990018077,30.70886377885974,0.9997361219792764,0.00020460431751338916,5.9273703210252764e-05,0.9999407262967898,99.99407262967898,-11.68293849839615,17.280590735310156,-0.20832169017384627,0.2979170015426357,248.0774820365174,0.0,1,Decay at rest,
387,5,pion_plus,Pion+,211,2,6,17.464143297387373,3.270224391057617,14.193918906329756,81.27463606218325,7.552662599735585,0.9998568248499067,0.00014211203552956357,1.063114563786701e-06,0.9999989368854363,99.99989368854362,-3.7899972087158496,2.0379262309971087,-0.061432605367838004,0.027324620758461603,248.07748203651735,88.90819000829349,1,Decay in flight,
394,7,pion_plus,Pion+,211,2,71,127.08840406514781,122.85856249555357,4.229841569594247,3.328267122959506,41.50408948213571,0.9735549678451323,0.02638672240832837,5.830974653949378e-05,0.9999416902534607,99.99416902534607,-23.707300235224576,15.068218346077922,-3.056176924745552,3.416185525463855,276.28731979200205,0.0,1,Decay at rest,
398,13,pion_plus,Pion+,211,2,18,60.682031006335556,50.6916269026744,9.99040410366116,16.46352954570374,23.677317774810234,0.9995955508671995,0.00038893480687796116,1.551432592247621e-05,0.9999844856740775,99.99844856740775,-10.93904183911589,11.198172985012194,-0.2567892692630438,0.19463190166321115,248.07748203651735,0.0,0,No decay recorded,
400,4,pion_plus,Pion+,211,2,7,28.226311584077358,25.463487759738015,2.762823824339342,9.788114951221146,11.853151801344861,0.9995408681586024,0.0004566257581470113,2.5060832505655783e-06,0.9999974939167494,99.99974939167494,-4.3986712840573725,5.130679183035067,-0.08973991674450263,0.11900789905324397,248.0774820365174,0.0,0,No decay recorded,
403,251,pion_plus,Pion+,211,2,63,101.74811052808481,97.20221145154952,4.5458990765352905,4.46779704600069,29.606357021696205,0.9993748245795859,0.0004234799381105486,0.00020169548230333738,0.9997983045176965,99.97983045176964,-17.618245787492793,11.340929690977426,-0.41596561653535286,0.29244784388243317,248.0774820365174,0.0,1,Decay at rest,
405,12,pion_plus,Pion+,211,2,39,33.25219656332237,30.44830563499022,2.803890928332153,8.4321976233741,4.497648828343196,0.9996580462060507,0.0001823796473380933,0.000159574146611245,0.9998404258533888,99.98404258533888,-2.5938874675289854,1.6462106809883146,-0.0330852267602162,0.025570301950653674,172.82229656332237,0.0,1,Decay at rest,
409,13,pion_plus,Pion+,211,2,3,8.915926501063684,7.9270997213738426,0.9888267796898416,11.090566746729833,3.9762533453592064,0.9996448590212161,0.0003551409787836766,1.0567813394092581e-16,0.9999999999999998,99.99999999999997,-1.571086154473791,1.5725905198537602,-0.010922403766133234,0.03459258243502066,248.07748203651735,0.0,0,No decay recorded,
410,4,pion_plus,Pion+,211,2,43,35.07099359947636,33.857863480412554,1.2131301190638055,3.459069717037953,5.168469307017956,0.998330496374253,0.000949435918665995,0.0007200677070809733,0.999279932292919,99.9279932292919,-3.0366092747993414,1.8829016475887161,-0.09778609040821075,0.07470020100749646,175.13025137008646,0.0,1,Decay at rest,
410,6,pion_plus,Pion+,211,2,40,36.40521012905582,34.69247633186152,1.7127337971942997,4.704639229172663,5.182324507839468,0.9963705258250403,0.003535568782217704,9.390539274203918e-05,0.999906094607258,99.99060946072579,-1.878770766224885,2.9584562477824163,-0.18858348382807588,0.10737678187250924,176.255394413473,0.0,1,Decay at rest,
414,4,pion_plus,Pion+,211,2,64,103.82812359392716,91.6937713500879,12.134352243839261,11.686960934878142,31.390480221999972,0.9888236507417041,0.010275166490944171,0.0009011827673516848,0.9990988172326483,99.90988172326483,-11.695872850909364,16.834650127989438,-1.7471877746424906,1.5014902360204934,248.0774820365174,0.0,1,Decay at rest,
417,5,pion_plus,Pion+,211,2,19,63.598014744061665,62.55837944096827,1.039635303093395,1.6346977296024303,23.22161787309508,0.9998199724927737,0.00013534561988137321,4.4681887345020386e-05,0.999955318112655,99.99553181126551,-12.010371239676767,10.417778499365532,-0.12147524555160598,0.16925153261713596,248.0774820365174,0.0,0,No decay recorded,
419,11,pion_plus,Pion+,211,2,62,104.99664590930703,99.56996107439605,5.426684834910991,5.168436370432632,30.843076011488485,0.9961902006130576,0.003023926595093201,0.0007858727918490699,0.9992141272081508,99.92141272081508,-17.846839513356827,11.66234661154236,-0.8425014918140197,0.9182300867834786,248.0774820365174,0.0,1,Decay at rest,
420,7,pion_plus,Pion+,211,2,10,44.353376279275786,39.709489211170236,4.6438870681055455,10.470199695429752,18.17442136106061,0.997683966775034,0.0022524452186293395,6.358800633655739e-05,0.9999364119936633,99.99364119936634,-7.922130119402501,7.826809683648444,-0.4846486922840181,0.2900732829847143,248.07748203651735,0.0,0,No decay recorded,
423,5,pion_plus,Pion+,211,2,33,18.43690490848417,17.404340171622678,1.0325647368614932,5.600531878788042,1.7866754885059732,0.987957161157571,0.011359978639466257,0.0006828602029627899,0.9993171397970373,99.93171397970373,-0.6093247000116006,1.0005396451180628,-0.0769562386058117,0.09063024605719286,158.00700490848416,0.0,1,Decay at rest,
423,7,pion_plus,Pion+,211,2,26,13.583218211189603,12.738261359646751,0.8449568515428528,6.220593959440283,1.023459671496366,0.9954397695734681,0.0043395896688185175,0.0002206407577133323,0.9997793592422867,99.97793592422866,-0.35510893394842147,0.579905793305597,-0.023369434840793547,0.03553275259171225,153.1533182111896,0.0,1,Decay at rest,
426,10,pion_plus,Pion+,211,2,62,101.63671335112453,91.7119004103297,9.924812940794821,9.764988077199577,29.652580253175373,0.9996136144392027,0.0003551106191054036,3.1274941691806204e-05,0.9999687250583081,99.99687250583081,-11.406498166149877,16.888853717899988,-0.4628441485916909,0.18758716573691023,248.0774820365174,0.0,1,Decay at rest,
431,186,pion_plus,Pion+,211,2,3,9.06271629310242,3.2746196202407525,5.788096672861668,63.86712863633339,4.041840030948735,0.9999617039620098,3.829603799028682e-05,0.0,1.0,100.0,-1.3005789128262153,1.4545235684934765,-0.006435286664448984,0.00854757791107687,248.0774820365174,0.0,0,No decay recorded,
431,189,pion_plus,Pion+,211,186,10,18.164214708490583,15.338315532801271,2.8258991756893117,15.55750810613568,4.996636027736501,0.9997881102175848,0.00020420819702206053,7.681585393014741e-06,0.9999923184146069,99.99923184146068,-2.1273396679152947,2.261689638271382,-0.03944432778545013,0.022584116050588125,189.2387508805228,0.0,0,No decay recorded,
434,4,pion_plus,Pion+,211,2,61,105.68732717011078,99.45908842974733,6.22823874036345,5.893080000347331,31.72750905529904,0.9985781100160567,0.0012317361103218625,0.000190153873621435,0.9998098461263786,99.98098461263785,-18.00762237791275,11.633049976145026,-0.5399734399987053,0.4682167760473858,248.07748203651735,0.0,1,Decay at rest,
435,4,pion_plus,Pion+,211,2,31,18.915062729158684,17.12512685118036,1.7899358779783217,9.463018461043907,1.7450751017200197,0.9983410059448276,0.0011292266335269428,0.0005297674216454461,0.9994702325783545,99.94702325783545,-1.0150519118928434,0.6075536307024729,-0.04715021871245281,0.02496923072815626,158.48516272915867,0.0,1,Decay at rest,
435,6,pion_plus,Pion+,211,2,25,13.034238470322702,11.581154314566799,1.4530841557559027,11.148209073083862,0.9071273821758582,0.996978368522128,0.0029949103887543533,2.672108911787083e-05,0.9999732789108823,99.99732789108823,-0.518629643923197,0.32838692914160567,-0.022555915072665016,0.023119053756735206,152.60485086016448,0.0,1,Decay at rest,
440,718,pion_plus,Pion+,211,2,9,26.90906942131759,20.3233533593054,6.585716062012187,24.47396436829186,11.508528746842,0.9998923299325997,7.544563510135866e-05,3.2224432299004375e-05,0.999967775567701,99.9967775567701,-4.551147060551208,5.200653684535239,-0.0920326255358221,0.0381059672184935,248.07748203651735,77.07448770033098,1,Decay in flight,
446,1065,pion_plus,Pion+,211,2,64,102.80598518903025,91.21602989620749,11.589955292822772,11.273619207590123,29.480923176388213,0.9984752345828973,0.001259740022165171,0.000265025394937544,0.9997349746050626,99.97349746050625,-11.304249302936988,15.903742826600833,-0.7170127453761512,0.44279201322285755,248.07748203651735,0.0,1,Decay at rest,
448,13,pion_plus,Pion+,211,2,60,105.47648005489505,100.12575785479959,5.350722200095466,5.072905539994027,30.69642952432364,0.998743310629805,0.0012398721282950434,1.6817241899885294e-05,0.9999831827581,99.99831827581,-11.8298622794678,17.43933572481362,-0.3887565227328823,0.7060859975962589,248.0774820365175,0.0,1,Decay at rest,
451,8,pion_plus,Pion+,211,2,64,103.65966643713327,98.47653728712612,5.183129150007153,5.000140679741216,31.155501202705317,0.9957678095823779,0.004044222381026381,0.00018796803659568067,0.9998120319634043,99.98120319634043,-11.952640860542317,17.276846201961366,-0.8713370163610016,1.0090201207638345,248.07748203651735,0.0,1,Decay at rest,
454,6,pion_plus,Pion+,211,2,62,104.7136777516306,96.18916240848625,8.52451534314434,8.140784973061074,31.357317235309747,0.9984140231463565,0.0014649308897079437,0.0001210459639354486,0.9998789540360644,99.98789540360644,-12.015317897968648,17.27766204347896,-0.5016166224122529,0.5886273787859814,248.07748203651747,0.0,1,Decay at rest,
456,63,pion_plus,Pion+,211,7,6,23.403001435645947,15.015425014885047,8.387576420760901,35.83974664029838,9.481745298055433,0.9997685867798677,0.00021975331566945013,1.1659904462850479e-05,0.9999883400955372,99.99883400955372,-3.632137410527089,3.1459342557124637,-0.03865439733199488,0.06816449287854807,248.1157827845433,0.0,0,No decay recorded,
460,6,pion_plus,Pion+,211,2,62,102.23883937765585,95.64979747958914,6.58904189806671,6.444754203172943,29.246190357688622,0.9818280880911643,0.018058964970493807,0.00011294693834181156,0.9998870530616581,99.98870530616581,-11.032744143369277,16.02190708399909,-2.8891343104063765,1.9760670329668282,248.07748203651735,0.0,1,Decay at rest,
461,4,pion_plus,Pion+,211,2,61,104.45408683285694,100.21314542595144,4.2409414069055,4.060100983594521,30.563209212730985,0.9989358114740429,0.0010073953685091274,5.6793157447818634e-05,0.999943206842552,99.9943206842552,-17.043696292040163,11.770178215874449,-0.5022010397415185,0.5163828641048784,248.0774820365174,0.0,1,Decay at rest,
471,162,pion_plus,Pion+,211,8,40,29.6122624898344,27.121279894693114,2.490982595141286,8.411996874593475,3.9200585444508254,0.9997754136685173,0.0001763148836338842,4.8271447848873206e-05,0.9999517285521512,99.99517285521512,-2.297158072975774,1.405697499066465,-0.02526578592962203,0.029946453917372436,169.799247260607,0.0,1,Decay at rest,
471,164,pion_plus,Pion+,211,8,25,13.164305683396378,11.840369598916604,1.323936084479774,10.057014143553372,0.9212001997902054,0.9995045824537537,0.0003557176411570102,0.00013969990508928173,0.9998603000949108,99.98603000949107,-0.5354914500307899,0.3252544305941507,-0.009418703260174062,0.00962473587868776,152.73440568339635,0.0,1,Decay at rest,
472,345,pion_plus,Pion+,211,6,68,110.11787338919649,97.9949440720805,12.122929317115984,11.009047799415047,33.83450239893591,0.9928916977327321,0.0070477729331990145,6.052933406890857e-05,0.9999394706659311,99.99394706659311,-12.687424291159129,18.553154325270693,-1.4861435717296305,1.110943058413331,257.12767875786113,0.0,1,Decay at rest,
483,5,pion_plus,Pion+,211,2,64,105.81830426435484,96.81384294835051,9.00446131600432,8.50936081295483,31.57638904967697,0.9975664882336186,0.0023664933092358994,6.701845714559138e-05,0.9999329815428545,99.99329815428545,-12.013900118763127,18.3239331585758,-1.1647664205614001,0.7515742890808006,248.0774820365175,0.0,1,Decay at rest,
488,860,pion_plus,Pion+,211,2,64,102.66875401875308,100.45804039803166,2.210713620721418,2.1532487092593113,31.228761697868123,0.9997148486763665,0.0001901179047396797,9.503341889377124e-05,0.9999049665811062,99.99049665811062,-18.571915859413757,12.081345657247294,-0.18281191197002003,0.2572803162774082,248.0774820365174,0.0,1,Decay at rest,
489,618,pion_plus,Pion+,211,7,64,102.53647254924661,96.17464877992975,6.361823769316859,6.204449608173694,29.893942828720558,0.9978949097544428,0.0015474204455480358,0.0005576698000091688,0.9994423301999908,99.94423301999909,-11.468144717094036,17.63611175046354,-0.6941601814248647,0.5194540605347713,248.11578278454323,0.0,1,Decay at rest,
494,6,pion_plus,Pion+,211,2,55,72.51992129981161,69.2516224730192,3.268298826792421,4.506760029813919,17.930204061837,0.9971799874210314,0.0027641851492136464,5.582742975485848e-05,0.999944172570245,99.99441725702451,-10.273796794563788,6.61880047714864,-0.46008243436646495,0.3766109226800659,213.9521265786863,0.0,1,Decay at rest,
496,432,pion_plus,Pion+,211,2,17,55.81284795070071,52.49398336270422,3.3188645879964884,5.9464168374422135,21.571674497044828,0.9982266598196676,0.0017715406967395318,1.799483592913618e-06,0.9999982005164072,99.99982005164073,-10.581106486157344,9.639986864137793,-0.5571884385484898,0.33083898332830364,248.0774820365174,0.0,0,No decay recorded,
500,5,pion_plus,Pion+,211,2,23,11.88477158806117,11.656857972878306,0.2279136151828643,1.9176945345067848,0.7768049005673953,0.9975982853847286,0.002073738584481744,0.0003279760307895788,0.9996720239692104,99.96720239692104,-0.4495056732644899,0.2699047853107744,-0.012156089206160521,0.022425310133246508,151.45487158806117,0.0,1,Decay at rest,
500,7,pion_plus,Pion+,211,2,43,32.64430657056564,30.401780483865203,2.2425260867004377,6.869577951833273,4.480661095669003,0.997021635022409,0.002926507430171535,5.18575474195643e-05,0.9999481424525806,99.99481424525806,-1.648752140950893,2.48000908846556,-0.11558224329938595,0.1638027796222134,172.49582231402326,0.0,1,Decay at rest,
501,727,pion_plus,Pion+,211,2,5,11.46403361576704,7.103049524078696,4.360984091688343,38.04057313379185,5.043838310538379,0.9995645275520393,0.0004354028067960963,6.964116463013582e-08,0.9999999303588354,99.99999303588353,-1.3819974276658311,1.5311624814453348,-0.015894970552517942,0.06855554136149768,248.0774820365174,0.0,0,No decay recorded,
502,4,pion_plus,Pion+,211,2,62,103.9284273416443,102.5979467932913,1.330480548352992,1.2801892440643776,31.198500355274533,0.9992126143624451,0.0007380170730476001,4.936856450727344e-05,0.9999506314354927,99.99506314354927,-17.60891318079761,11.824054070162942,-0.40269136898103836,0.5407073733547259,248.0774820365174,0.0,1,Decay at rest,
503,4,pion_plus,Pion+,211,2,60,105.9476693269918,100.48361397412704,5.464055352864764,5.157315293081876,31.96074936159223,0.9982498018637691,0.0017215635724670256,2.8634563763869125e-05,0.9999713654362361,99.99713654362361,-17.96249910014763,12.225947832652544,-0.6747009955201924,0.5229588838544624,248.07748203651735,0.0,1,Decay at rest,
507,188,pion_plus,Pion+,211,2,38,30.336846503064443,27.580423051200178,2.756423451864264,9.086057944703734,4.051932212158644,0.9986500448537498,0.0011084333087758946,0.0002415218374743766,0.9997584781625256,99.97584781625257,-1.4547400169960432,2.292020930571918,-0.08546374351817017,0.040265735317852366,169.90694650306443,0.0,1,Decay at rest,
507,190,pion_plus,Pion+,211,2,40,30.5099043987277,29.194050653995486,1.3158537447322136,4.312874034397454,4.164982831142978,0.9997575947912194,0.00014567600115256726,9.672920762795155e-05,0.999903270792372,99.99032707923719,-2.458972824831793,1.4821157359872135,-0.024086511312224296,0.01970178093767897,170.38749081415827,0.0,1,Decay at rest,
508,3,pion_plus,Pion+,211,2,46,46.8523428602499,46.093649641255496,0.7586932189943993,1.6193282399076867,8.45298508264047,0.9992671378841426,0.0006455253754800484,8.73367403774631e-05,0.9999126632596226,99.99126632596226,-4.884033448269372,3.1052931947438767,-0.0800750470520172,0.12456682873138883,186.4224428602499,0.0,1,Decay at rest,
508,5,pion_plus,Pion+,211,2,24,12.286829362745465,11.485141506282641,0.8016878564628238,6.524774071442695,0.8365501595608369,0.9977266090931631,0.0017182433228157513,0.0005551475840210977,0.9994448524159789,99.94448524159789,-0.2955119852257761,0.4716780251689601,-0.014906666141764308,0.02057349760405711,151.85692936274546,0.0,1,Decay at rest,
509,422,pion_plus,Pion+,211,8,63,104.5258539440774,98.64590870402438,5.879945240053024,5.625350110221406,31.181791348254848,0.9986627584477495,0.0011061596976349292,0.00023108185461547846,0.9997689181453845,99.97689181453845,-11.70083173165709,17.512113600867604,-0.4532463808898899,0.5698959300712685,248.1157827845433,0.0,1,Decay at rest,
514,983,pion_plus,Pion+,211,2,35,22.312099457917494,21.188910132371962,1.123189325545532,5.033992106677196,2.48288416025254,0.9966656465699774,0.0023432611161496417,0.000991092313873086,0.999008907686127,99.9008907686127,-1.447247648424654,0.8749440423746645,-0.0638428943843084,0.051724691257042696,161.8821994579175,0.0,1,Decay at rest,
514,985,pion_plus,Pion+,211,2,47,46.03075083885038,42.06237216542149,3.968378673428885,8.621146953091925,8.094847305421451,0.9992870953931794,0.0004539177564297897,0.0002589868503908153,0.9997410131496092,99.97410131496092,-4.644180895351034,2.9783424606113265,-0.08255506590556844,0.12130464431206688,185.93287124989735,0.0,1,Decay at rest,
516,4,pion_plus,Pion+,211,2,6,23.03279258568073,18.295404477379435,4.737388108301296,20.568014454515104,9.997411831067998,0.9997721564250671,0.00022192369334320298,5.919881589785673e-06,0.9999940801184103,99.99940801184103,-4.275491706550045,4.584226322894429,-0.04579857332314822,0.06713184089100437,248.0774820365174,0.0,0,No decay recorded,
516,8,pion_plus,Pion+,211,4,50,57.39914210575311,56.7319844233277,0.667157682425403,1.1623129857868273,11.850143222032528,0.9992121380234156,0.000502137575098591,0.0002857244014857624,0.9997142755985141,99.9714275598514,-6.814746945103472,4.345119802223605,-0.13433412485680502,0.17055267955104295,198.46246568733596,0.0,1,Decay at rest,
517,4,pion_plus,Pion+,211,2,21,9.892186024299692,9.024771074709536,0.8674149495901559,8.768688209657517,0.5470932958918606,0.9978177328012755,0.001977559324204037,0.0002047078745204005,0.9997952921254796,99.97952921254796,-0.1961178118949966,0.30653131840719966,-0.009413850152369545,0.011141966893420917,149.4622860242997,0.0,1,Decay at rest,
517,6,pion_plus,Pion+,211,2,44,36.808908074721785,33.613177181443525,3.195730893278258,8.681949724753993,5.792915464371283,0.9979221428665035,0.001807581474223175,0.0002702756592733182,0.9997297243407267,99.97297243407267,-3.3286619243806728,2.1299042226151106,-0.10367804093354661,0.12608609966345768,176.9008046110376,0.0,1,Decay at rest,
520,4,pion_plus,Pion+,211,2,68,101.11937090916238,96.68913653527194,4.430234373890445,4.381192578690206,29.331612071799537,0.9857857207030019,0.014000792263661355,0.0002134870333367485,0.9997865129666632,99.97865129666633,-15.625150898597193,10.917460138491835,-2.2908922070562405,1.5493973418952849,248.0774820365174,0.0,1,Decay at rest,
522,5,pion_plus,Pion+,211,2,62,102.81040854828206,94.10446017951018,8.705948368771873,8.46796398507002,30.042846941492545,0.9994482372505837,0.0004223583708553081,0.00012940437856096365,0.9998705956214391,99.98705956214391,-11.364837691288535,16.79633231725983,-0.3631313108786406,0.33596872141699036,248.07748203651735,0.0,1,Decay at rest,
529,8,pion_plus,Pion+,211,2,65,103.43049434990597,97.17639324396299,6.254101105942977,6.0466704188663325,30.71989253961317,0.9985550589388819,0.0013302174886314464,0.00011472357248682276,0.9998852764275133,99.98852764275134,-11.778289120119155,17.05925529710181,-0.5520282986285748,0.5551728718000548,248.07748203651735,0.0,1,Decay at rest,
530,8,pion_plus,Pion+,211,2,62,102.10439731821629,97.48615141409002,4.618245904126264,4.52306269409058,28.699882989248387,0.9974535932223785,0.0022738408215540115,0.00027256595606757505,0.9997274340439325,99.97274340439326,-16.08560733206472,10.84602585277148,-0.7087646194423181,0.640251012637485,248.0774820365174,0.0,1,Decay at rest,
532,10,pion_plus,Pion+,211,2,67,102.16383926901418,95.4841320563228,6.679707212691366,6.538230415462951,29.99957413717246,0.9985159741447673,0.0012857990844217103,0.00019822677081092629,0.9998017732291891,99.9801773229189,-16.716895242571553,11.47253264241562,-0.7389014203936861,0.38779954509839554,248.07748203651747,0.0,1,Decay at rest,
536,160,pion_plus,Pion+,211,2,61,106.00595023379448,97.54363867961412,8.462311554180355,7.982864674593131,31.412268247140446,0.9789152856627688,0.02070426820127945,0.0003804461359518049,0.9996195538640482,99.96195538640482,-11.331673955173562,16.577857772479152,-2.1676285746921975,2.4834584745549044,248.07748203651735,0.0,1,Decay at rest,
550,13,pion_plus,Pion+,211,2,5,18.54590676606199,9.394940030190376,9.150966735871613,49.34224490234896,8.155126110703574,0.9997277255332767,0.0002717203523171539,5.541144062780137e-07,0.9999994458855939,99.99994458855939,-3.5748251124832278,2.5224339880140847,-0.06244923567924427,0.05681371258819736,248.07748203651735,0.0,0,No decay recorded,
554,4,pion_plus,Pion+,211,2,65,102.56088992105032,98.67608547738719,3.884804443663132,3.7878029789460586,30.518264746003844,0.9863402238828651,0.013560080848342398,9.969526879246687e-05,0.9999003047312075,99.99003047312075,-16.54420123466836,11.318968310451893,-2.167017359053937,1.7976647697747308,248.07748203651735,0.0,1,Decay at rest,
566,5,pion_plus,Pion+,211,2,29,17.40457582397118,16.254230782102777,1.1503450418684003,6.609440261589366,1.5187152139950597,0.9978693651511258,0.0019667219801573197,0.00016391286871682994,0.9998360871312831,99.98360871312832,-0.8851563058796483,0.5378699027061207,-0.03611292123403719,0.02301957702340895,156.97467582397118,0.0,1,Decay at rest,
568,3,pion_plus,Pion+,211,2,37,27.41992059016086,24.80371719154224,2.6162033986186177,9.541250821701485,3.337025291260776,0.9979834971732332,0.0019463411447612708,7.016168200556531e-05,0.9999298383179944,99.99298383179945,-1.2116065054345193,1.8691280000633628,-0.04643461496800544,0.09530342931403904,166.99064085601128,0.0,1,Decay at rest,
568,5,pion_plus,Pion+,211,2,43,38.44336702095641,36.752242277454364,1.6911247435020456,4.399002674714139,6.267998627085178,0.9998154649729514,0.00015468978324485313,2.9845243803751323e-05,0.9999701547561962,99.99701547561962,-3.6913152602009345,2.235265598411312,-0.048339739159782014,0.03582648109132908,179.28687208782503,0.0,1,Decay at rest,
594,179,pion_plus,Pion+,211,2,62,105.01534324137985,97.78833186856917,7.227011372810684,6.881862354341169,31.407633705319736,0.9989238227543039,0.0009554146227720724,0.00012076262292401901,0.999879237377076,99.98792373770759,-17.924040774628903,12.062813135883468,-0.3680841036648518,0.5772913534218432,248.0774820365174,0.0,1,Decay at rest,
597,4,pion_plus,Pion+,211,2,43,38.62860967026863,35.45471505646175,3.173894613806881,8.216435022898946,6.1933613385023785,0.9969106251210184,0.003057264912758322,3.210996622328367e-05,0.9999678900337767,99.99678900337767,-2.252484539945878,3.505206086548963,-0.12958571305288163,0.16733889874180854,178.61913722139784,0.0,1,Decay at rest,
597,6,pion_plus,Pion+,211,2,10,4.584760895286621,4.029385275764569,0.555375619522052,12.113513271608294,0.13887202382401403,0.9994858281317219,0.0004444552875206112,6.971658075736946e-05,0.9999302834192425,99.99302834192424,-0.07409506747881456,0.05045461933650941,-0.0013151588297245134,0.0013079257194691073,144.15486089528662,0.0,1,Decay at rest,
604,718,pion_plus,Pion+,211,2,66,102.22189584898773,93.2572371120335,8.964658736954236,8.769802851433822,30.60144237666974,0.9975365929583639,0.0022165055694743337,0.00024690147216156776,0.9997530985278382,99.97530985278382,-11.518184913114903,17.31887820254892,-0.8702001700768387,0.5666835622036184,248.0774820365174,0.0,1,Decay at rest,
616,14,pion_plus,Pion+,211,2,37,25.034917943205215,24.18779014430918,0.8471277988960368,3.383785003081896,2.870212185838781,0.9988627850492788,0.0011304546118506029,6.760338870485286e-06,0.9999932396611294,99.99932396611294,-1.653100579434122,1.0518478696533877,-0.04804274117766994,0.04762788326161267,164.6050179432052,0.0,1,Decay at rest,
616,16,pion_plus,Pion+,211,2,40,32.4081658875622,30.791326595335747,1.6168392922264516,4.988987336821094,4.570038110994021,0.9986689498973864,0.001287524675925259,4.352542668828265e-05,0.9999564745733117,99.99564745733117,-1.6698506197803646,2.6250553485405748,-0.07081544845332043,0.11472489627586659,172.4638392345671,0.0,1,Decay at rest,
618,723,pion_plus,Pion+,211,2,7,11.873315493226267,7.696293879481967,4.1770216137443,35.17990923535463,2.637748462969504,0.9992903382666153,0.0006986787583184075,1.0982975066251022e-05,0.9999890170249337,99.99890170249337,-1.0994517410898208,1.0793497124657427,-0.030451087925284986,0.030870011459368605,176.54161998969292,0.0,0,No decay recorded,
618,725,pion_plus,Pion+,211,2,35,23.017894204241912,20.7595598663884,2.258334337853513,9.811211737333165,2.4876040717077466,0.990485252472369,0.00841250511276706,0.0011022424148639722,0.998897757585136,99.8897757585136,-0.875669028550698,1.3659388809210327,-0.11781263791219385,0.08043164822088887,162.5879942042419,0.0,1,Decay at rest,
619,11,pion_plus,Pion+,211,2,3,14.869209847696805,0.9299340100359608,13.939275837660844,93.74590835988501,6.5592798140674216,0.9999922339754082,7.766024591847586e-06,0.0,1.0,100.0,-3.0088694122080244,1.6662928737406177,-0.016069628907295685,0.003223790373217512,248.0774820365175,0.0,0,No decay recorded,
620,4,pion_plus,Pion+,211,2,12,5.59641717440519,4.76110609273739,0.8353110816677995,14.925818709299131,0.19727348609668852,0.9991464958408109,0.0008162234446275269,3.7280714561577195e-05,0.9999627192854385,99.99627192854385,-0.0702213172426394,0.10677411319492928,-0.003252357902811533,0.0024074302827461745,145.1665171744052,0.0,1,Decay at rest,
620,6,pion_plus,Pion+,211,2,39,29.577394656589053,27.270094408491147,2.3073002480979055,7.800890764338841,3.9685722041051457,0.9974989128919762,0.002357170682865848,0.00014391642515788983,0.9998560835748421,99.98560835748421,-2.490367520115126,1.3998807496553003,-0.061928288200854345,0.10377828949881908,169.88497233105312,0.0,1,Decay at rest,
623,259,pion_plus,Pion+,211,2,64,102.45343571726733,92.58116441931475,9.872271297952583,9.635861627126213,30.252628426146558,0.9990164334072024,0.0008969389305267069,8.662766227088696e-05,0.999913372337729,99.99133723377291,-11.556781924593876,17.11858458011419,-0.6557435044839989,0.3147250218475058,248.0774820365174,0.0,1,Decay at rest,
625,6,pion_plus,Pion+,211,2,6,19.865002458813944,15.84540616616323,4.019596292650715,20.234562270931168,8.57872726426379,0.9997664689711624,0.00022733289952548024,6.198129312080408e-06,0.9999938018706879,99.99938018706878,-3.080096892856657,3.463867972372698,-0.04565475057961466,0.039194444222173025,248.0774820365174,0.0,0,No decay recorded,
625,12,pion_plus,Pion+,211,6,50,59.02834688688269,56.45645143382133,2.571895453061362,4.357051465442427,12.744026134783793,0.9989841085225036,0.0007788150199590676,0.00023707645753730518,0.9997629235424627,99.97629235424627,-7.340765128489698,4.678369493157043,-0.2051937479302578,0.1597452057239568,200.5840107066726,0.0,1,Decay at rest,
628,15,pion_plus,Pion+,211,2,42,32.524174176774274,30.498722839264303,2.0254513375099705,6.227525798199539,4.626045752045519,0.9969203781094168,0.002571317640034576,0.0005083042505486158,0.9994916957494514,99.94916957494515,-2.6493933917039056,1.646280302434071,-0.12073925832549556,0.1128943399204837,172.09427417677426,0.0,1,Decay at rest,
628,17,pion_plus,Pion+,211,2,35,24.78060974526948,23.17909676359071,1.6015129816787694,6.4627666475579435,2.8977106812468607,0.9920705800414469,0.007850859555459656,7.856040309337639e-05,0.9999214395969065,99.99214395969065,-1.0118026773167101,1.6419673268696044,-0.10590831384573818,0.11174694438839239,164.35070974526948,0.0,1,Decay at rest,
636,5,pion_plus,Pion+,211,2,13,42.078957084168266,39.98193985761246,2.0970172265558036,4.983529469043763,17.0499100573005,0.9999260889210668,5.056724758758884e-05,2.3343831345659323e-05,0.9999766561686544,99.99766561686543,-8.096910289038693,7.666216134335644,-0.039695607022561974,0.08185479839227168,248.0774820365174,0.0,0,No decay recorded,
640,301,pion_plus,Pion+,211,2,36,27.670872194798335,26.800816902498003,0.870055292300332,3.1443002091704497,3.372748300320723,0.9917009031633116,0.008169783575847233,0.00012931326084106862,0.9998706867391588,99.98706867391589,-1.9321199840816223,1.1830028082045383,-0.11286865794317674,0.15268465831642225,167.24097219479833,0.0,1,Decay at rest,
641,1128,pion_plus,Pion+,211,2,62,105.23166472178238,100.25408091847302,4.977583803309365,4.730119794711403,30.55682643944975,0.9939576763578787,0.005844928118858083,0.000197395523263302,0.9998026044767367,99.98026044767367,-17.385319222247148,11.450123233258148,-1.2592273583494664,0.858799256899318,248.0774820365174,0.0,1,Decay at rest,
645,5,pion_plus,Pion+,211,2,38,28.283732218014976,26.093700224733702,2.1900319932812717,7.743079931602371,3.6198219433010257,0.9960268229241515,0.003939039167535619,3.413790831286148e-05,0.999965862091687,99.9965862091687,-2.1146914422991485,1.277895340143096,-0.09444236784410952,0.13165805745143075,168.15079912101163,0.0,1,Decay at rest,
646,590,pion_plus,Pion+,211,2,34,24.41137744787136,22.893920381677532,1.517457066193826,6.216187797817802,2.8485876014080693,0.9983619686558303,0.0015125352885271978,0.0001254960556424486,0.9998745039443575,99.98745039443575,-1.6780042097494825,1.0057286359324966,-0.0544072961394463,0.04965253415671795,163.98147744787136,0.0,1,Decay at rest,
646,592,pion_plus,Pion+,211,2,32,21.97090030915732,20.805791995842768,1.165108313314553,5.302961175555214,2.243675159659123,0.9974558334463797,0.002489934987015901,5.4231566604358846e-05,0.9999457684333956,99.99457684333956,-1.3053223345029439,0.7939879344147567,-0.06461041989937538,0.037142470825102074,161.5410003091573,0.0,1,Decay at rest,
649,829,pion_plus,Pion+,211,2,3,12.312726111743423,7.642521302609389,4.6702048091340345,37.92990087450874,5.298579806828647,0.9996760549717343,0.0003239450282656142,1.2636163889990682e-16,0.9999999999999999,99.99999999999999,-0.9913961560277297,2.2947841444501913,-0.06970091481023824,0.022983719477634775,248.0774820365174,0.0,0,No decay recorded,
649,831,pion_plus,Pion+,211,829,56,69.92953061233545,66.66413264375593,3.265397968579518,4.66955510781522,16.542345913026058,0.9983626296870406,0.001591326488935385,4.604382402409695e-05,0.9999539561759759,99.9953956175976,-9.54956058301262,6.122680734031636,-0.29190029119873445,0.28233567304236146,212.4975473168392,0.0,1,Decay at rest,
655,5,pion_plus,Pion+,211,2,68,100.35579279551494,99.31846625624374,1.037326539271199,1.03364889098615,29.34915845750136,0.9990564335052246,0.000802612615437899,0.00014095387933749914,0.9998590461206625,99.98590461206625,-17.230757080911324,11.016603694727046,-0.5297501237546347,0.4446404771914342,248.0774820365174,0.0,1,Decay at rest,
663,10,pion_plus,Pion+,211,2,59,106.43754370792817,97.2515256827593,9.186018025168876,8.630430302277485,31.04721677329849,0.9983321287009442,0.0016002062721414594,6.766502691427408e-05,0.9999323349730856,99.99323349730857,-11.968558064628164,16.892455439951508,-0.5278165869482463,0.5904467866381723,248.0774820365175,0.0,1,Decay at rest,
664,4,pion_plus,Pion+,211,2,39,33.5299292177368,30.13879214923692,3.391137068499879,10.113761488962588,4.744223381559453,0.999376410697927,0.0005871096948295729,3.647960724336113e-05,0.9999635203927566,99.99635203927566,-1.6981146633760467,2.708552296080938,-0.07753042247053421,0.06063777065882681,173.1000292177368,0.0,1,Decay at rest,
664,6,pion_plus,Pion+,211,2,37,26.701252525659697,24.107445254565867,2.593807271093831,9.714178271604307,3.218780974845223,0.9982480194597966,0.0015449097680683547,0.00020707077213505534,0.9997929292278649,99.97929292278648,-1.1452330824786474,1.8256573628146653,-0.08280026749411934,0.055817581421300076,166.2713525256597,0.0,1,Decay at rest,
665,10,pion_plus,Pion+,211,2,62,101.80979316623134,94.27603593272926,7.533757233502087,7.399835516020783,30.129521612656564,0.9979567318486695,0.0013331917418283115,0.0007100764095022256,0.9992899235904978,99.92899235904979,-11.53374599974753,17.09228627125856,-0.7655797706903592,0.44630074206819087,248.0774820365175,0.0,1,Decay at rest,
666,4,pion_plus,Pion+,211,2,9,34.368789368650596,23.52597602754444,10.842813341106154,31.548429666237823,13.9589530692425,0.99973879093134,0.0002569110390236487,4.298029636479323e-06,0.9999957019703637,99.99957019703636,-6.10892924981085,5.606394593306419,-0.09140210912158139,0.07736930709749293,248.0774820365174,0.0,0,No decay recorded,
668,6,pion_plus,Pion+,211,2,65,100.99059567676491,96.14423946626644,4.846356210498467,4.79881931383981,29.520575200434333,0.997452352587455,0.002510628804820668,3.701860772437463e-05,0.9999629813922757,99.99629813922756,-11.117343353982173,16.632331627236542,-0.5791454072488178,0.9119552657696678,248.07748203651735,0.0,1,Decay at rest,
672,13,pion_plus,Pion+,211,2,10,46.66918520032813,34.87732731137995,11.791857888948178,25.26690328603652,18.878436074946546,0.999155937590822,0.0007906024035099438,5.346000566805649e-05,0.9999465399943319,99.9946539994332,-8.589107914115425,7.985055917653023,-0.25931796521883105,0.18501219321286605,248.0774820365174,0.0,0,No decay recorded,
674,9,pion_plus,Pion+,211,2,65,103.81165894788256,101.83507866481418,1.9765802830683834,1.9040060655043596,30.90414755625057,0.995074653109308,0.004867173372877714,5.8173517814303995e-05,0.9999418264821857,99.99418264821857,-17.205943932920622,11.704320383030318,-0.8489904087096329,1.0227236693015795,248.0774820365174,0.0,1,Decay at rest,
675,297,pion_plus,Pion+,211,2,18,8.43764922379765,7.441265303766571,0.9963839200310787,11.80878576014828,0.4397720239090285,0.9978244834316998,0.0015157662076779343,0.0006597503606223757,0.9993402496393777,99.93402496393777,-0.2560868250985647,0.15154865056439618,-0.009401683103431563,0.007460502042753651,148.00774922379765,0.0,1,Decay at rest,
675,299,pion_plus,Pion+,211,2,43,40.28811722783357,37.4035657667872,2.8845514610463616,7.159807058577392,6.507673793839804,0.9980652196878014,0.0017807410379092543,0.00015403927428945835,0.9998459607257106,99.98459607257107,-2.4210418728685514,3.6309852702494836,-0.11736166726873255,0.1509596110156471,180.1331728602738,0.0,1,Decay at rest,
679,4,pion_plus,Pion+,211,2,64,105.16371317769438,96.5576866533869,8.606026524307483,8.183456312317483,30.865179622494217,0.9990411390743895,0.0009403098431208208,1.855108248957688e-05,0.9999814489175103,99.99814489175102,-11.912205549372219,16.82008859246758,-0.41703658231263013,0.5691421406670883,248.0774820365174,0.0,1,Decay at rest,
680,4,pion_plus,Pion+,211,2,64,101.62998433766325,89.96660477712366,11.663379560539584,11.476317384629597,29.639345959000558,0.9984934488293717,0.0011682481408991612,0.0003383030297289821,0.9996616969702709,99.96616969702708,-11.213010651595722,16.647149863378633,-0.7496317165256596,0.43840965102237,248.07748203651735,0.0,1,Decay at rest,
685,3,pion_plus,Pion+,211,2,44,41.19032198486652,39.307649276487155,1.8826727083793662,4.570667617191891,6.5908762767627485,0.9977529768483463,0.002136569640255868,0.00011045351139778543,0.9998895464886022,99.98895464886022,-3.9231787372579356,2.469573204582471,-0.1378758206949626,0.19219638547438272,181.7397026510492,0.0,1,Decay at rest,
685,5,pion_plus,Pion+,211,2,32,20.691185365002326,19.441271112507835,1.2499142524944897,6.040805446596749,2.0226726875204513,0.9995604174815037,0.0002737938650497339,0.00016578865344667567,0.9998342113465535,99.98342113465534,-1.15200604483925,0.7537932870281728,-0.02004291947214472,0.0166871451779136,160.26128536500232,0.0,1,Decay at rest,
689,410,pion_plus,Pion+,211,2,61,105.18604858174702,95.85940951593086,9.326639065816153,8.866802386409455,30.80383286037012,0.9982222465423222,0.0016824761194596607,9.527733821826442e-05,0.9999047226617819,99.99047226617819,-17.096005694999697,11.915131659343833,-0.582060047425572,0.7206928421534067,248.0774820365174,0.0,1,Decay at rest,
690,8,pion_plus,Pion+,211,2,5,18.26465641546938,17.845958229337242,0.4186981861321349,2.292395633446001,8.005924183988762,0.9999792657171728,2.0051447169843114e-05,6.828356574648852e-07,0.9999993171643426,99.99993171643426,-3.459227083744452,3.1976709083746537,-0.010699851108206844,0.022868747052099642,248.07748203651735,0.0,0,No decay recorded,
693,70,pion_plus,Pion+,211,2,65,124.92774028647207,118.24728026828716,6.680460018184923,5.347459261542669,40.649586178809614,0.999062489397364,0.0007586364268561675,0.00017887417577991312,0.9998211258242201,99.982112582422,-23.212147116485387,15.691162264199068,-0.49629032067041384,0.621904774921395,269.8493345858524,0.0,1,Decay at rest,
702,4,pion_plus,Pion+,211,2,39,32.649085007897014,30.67898601322541,1.970098994671604,6.0341629610602725,4.495819828791725,0.998078723316471,0.0018441578379864675,7.711884554265354e-05,0.9999228811544574,99.99228811544573,-2.616556112153369,1.6106460477651043,-0.1201607006211608,0.08251928939772125,172.219185007897,0.0,1,Decay at rest,
702,6,pion_plus,Pion+,211,2,37,27.945940201181227,26.33617897734719,1.60976122383404,5.760268619504161,3.600344830140724,0.9971906101277971,0.0027903181143261614,1.9071757876849762e-05,0.9999809282421233,99.99809282421232,-1.276155542742962,2.0482254299811498,-0.06071951416413944,0.115368835431429,167.51604020118123,0.0,1,Decay at rest,
704,4,pion_plus,Pion+,211,2,65,105.00825457038249,96.83567233378619,8.1725822365963,7.7827998094364785,30.95126039930348,0.9941666383491089,0.005796683788646064,3.667786224491688e-05,0.999963322137755,99.9963322137755,-11.815926711172816,16.535254892750523,-1.2461299243734925,1.606677069188024,248.0774820365173,0.0,1,Decay at rest,
714,4,pion_plus,Pion+,211,2,15,53.568142578833445,49.291191213225005,4.276951365608439,7.984132284060946,21.359565669879657,0.9959519084376327,0.004014938675395733,3.3152886971583004e-05,0.9999668471130284,99.99668471130285,-9.887351405528486,10.21777714914735,-0.6116199145781184,0.6923337549747146,248.0774820365174,0.0,0,No decay recorded,
726,4,pion_plus,Pion+,211,2,67,102.77283901679229,98.77166852943198,4.001170487360307,3.8932178245134854,30.834662812549052,0.9904789769249129,0.009142058831918355,0.00037896424316867446,0.9996210357568313,99.96210357568313,-16.986859057381842,11.16929180892456,-1.5395960303022898,1.2187883079325492,248.07748203651735,0.0,1,Decay at rest,
727,3,pion_plus,Pion+,211,2,26,14.571007284132435,12.961626722151822,1.609380561980613,11.045087896793515,1.1494001404597622,0.9970082807678531,0.0020955715966648795,0.0008961476354820068,0.9991038523645179,99.91038523645179,-0.6698298208993945,0.4024765426190564,-0.019265035630223023,0.03136931852495332,154.14110728413243,0.0,1,Decay at rest,
727,5,pion_plus,Pion+,211,2,39,30.82575913783072,27.841736722960313,2.9840224148704078,9.680288493555006,4.15371723947812,0.9992105510255217,0.0006632017604545278,0.00012624721402372467,0.9998737527859762,99.98737527859763,-1.50692152959511,2.3391765348783546,-0.08032612921623827,0.05045523605365417,170.73374062888894,0.0,1,Decay at rest,
732,65,pion_plus,Pion+,211,13,25,75.9654639291672,72.15480806508123,3.8106558640859696,5.016300390976557,26.730305291810552,0.9984515738401846,0.0014823286811045193,6.609747871088941e-05,0.9999339025212891,99.9933902521289,-14.380005769085393,11.529961939732686,-0.32320798076028207,0.6035241602986096,248.1157827845434,28.24785356098953,1,Decay in flight,
733,481,pion_plus,Pion+,211,2,40,28.379834828228276,26.36070858940787,2.019126238820404,7.114651128314744,3.7256953713115806,0.9988965982095834,0.0010583664107323726,4.503537968406225e-05,0.9999549646203159,99.99549646203158,-2.1763962908043286,1.3452667898570807,-0.06543173270719332,0.04894996800076062,167.9499348282283,0.0,1,Decay at rest,
736,4,pion_plus,Pion+,211,2,23,62.09468093527837,55.400611368971326,6.694069566307046,10.780423484717334,23.223408965287028,0.9998539499894411,0.00013338956622759406,1.2660444331419024e-05,0.9999873395556687,99.99873395556686,-12.178311659651563,10.253379423944054,-0.16236715950775635,0.10288071227160935,248.0774820365174,0.0,0,No decay recorded,
737,8,pion_plus,Pion+,211,2,61,104.6865448545881,100.74878707340574,3.937757781182376,3.7614745874477062,31.31679147923846,0.9993949681712749,0.0005833047415114131,2.1727087213689226e-05,0.9999782729127863,99.99782729127863,-12.064577901518158,18.005641099537343,-0.3933191584178654,0.4841995728578272,248.07748203651732,0.0,1,Decay at rest,
738,237,pion_plus,Pion+,211,2,67,101.98263945399856,96.83353493742787,5.149104516570693,5.049001030114843,30.0403588812952,0.9995681928695391,0.00030651387709551813,0.00012529325336541327,0.9998747067466347,99.98747067466347,-18.262034769694658,11.441945750542098,-0.4432839825157789,0.29561256020710236,248.0774820365174,0.0,1,Decay at rest,
739,403,pion_plus,Pion+,211,2,28,82.69493743870903,81.08122327728081,1.613714161428226,1.951406230428872,28.499590291605813,0.9985774454255958,0.0013178114783804749,0.00010474309602371862,0.9998952569039763,99.98952569039763,-15.308876773505434,11.902969422870656,-0.3621502726781868,0.8373560462738626,248.0774820365174,0.0,0,No decay recorded,
739,414,pion_plus,Pion+,211,403,29,15.892004905353817,14.150660141140921,1.741344764212895,10.95736362141606,1.3190500293777871,0.9978493065645316,0.00212917141444931,2.1522021019092616e-05,0.999978477978981,99.9978477978981,-0.4670769923308767,0.7521758150190955,-0.02487675666712486,0.02843511718623291,155.4621049053538,0.0,1,Decay at rest,
743,7,pion_plus,Pion+,211,2,5,22.237993976342874,13.300381037962508,8.937612938380367,40.19073369607141,9.657346379878065,0.9999774256726391,1.583332005791809e-05,6.7410073029344086e-06,0.9999932589926971,99.9993258992697,-4.929344476858796,4.042046353286258,-0.04277812722146188,0.015648779252657934,248.0774820365174,0.0,0,No decay recorded,
743,9,pion_plus,Pion+,211,7,57,72.28900177344651,66.07813210446696,6.2108696689795595,8.591721446706932,17.577544452443036,0.9957971117218675,0.004177208532796752,2.5679745335827944e-05,0.9999743202546643,99.99743202546642,-9.959611600517313,6.522944757119596,-0.6337135803028843,0.45037880839504285,214.7242450460004,0.0,1,Decay at rest,
748,570,pion_plus,Pion+,211,2,9,3.9121074731247343,3.338382852205948,0.5737246209187862,14.665359396697061,0.10733103777979684,0.9946974350141518,0.005296587294725748,5.9776911224461155e-06,0.9999940223088775,99.99940223088774,-0.05713293123125692,0.037779025956451544,-0.003971293792023392,0.002911698233380339,143.48220747312473,0.0,1,Decay at rest,
748,572,pion_plus,Pion+,211,2,38,25.946414445462324,24.97496745415106,0.9714469913112659,3.7440510069442707,3.0810719413755905,0.9991235692569209,0.0008105960078072878,6.583473527177171e-05,0.9999341652647282,99.99341652647283,-1.803259273842808,1.1036776010699743,-0.038515479081250525,0.041030079967392726,165.51651444546232,0.0,1,Decay at rest,
756,6,pion_plus,Pion+,211,2,64,101.25326131911879,99.83142691380534,1.4218344053134477,1.4042356629207902,28.994329308092397,0.9991696697969411,0.0007931457708373847,3.718443222134736e-05,0.9999628155677784,99.99628155677784,-16.07884438783386,11.098183450859139,-0.306826840969674,0.5897050578051248,248.0774820365174,0.0,1,Decay at rest,
757,215,pion_plus,Pion+,211,2,30,17.885173666910447,16.808546618942955,1.076627047967493,6.019662252200393,1.5379648982666403,0.9993600749936822,0.0005677843721613137,7.214063415650472e-05,0.9999278593658435,99.99278593658435,-0.8885618923105435,0.5537118850532115,-0.016661640836017632,0.018520595669844278,157.45527366691044,0.0,1,Decay at rest,
757,217,pion_plus,Pion+,211,2,29,16.10108967137873,14.854875279344087,1.2462143920346425,7.739938212069653,1.333952219316418,0.9945190541305831,0.0053744586176803204,0.00010648725173666013,0.9998935127482633,99.98935127482633,-0.7806170323109466,0.45041570273178255,-0.05650646280792839,0.03794881126847469,155.67197023465204,0.0,1,Decay at rest,
764,5,pion_plus,Pion+,211,2,34,21.397346212483388,20.191605999125855,1.2057402133575315,5.63499885165242,2.252382679752344,0.9991893526217737,0.0007541565884007405,5.649078982569584e-05,0.9999435092101744,99.99435092101744,-1.3049613731744507,0.8148819978103732,-0.041199541704325215,0.023395150909295698,161.2557528365382,0.0,1,Decay at rest,
764,7,pion_plus,Pion+,211,2,24,10.65966541797732,9.790503149149902,0.8691622688274174,8.153748121977562,0.6828185132033859,0.9995280207793554,0.0004027023639739396,6.927685667061648e-05,0.9999307231433294,99.99307231433295,-0.40674513206018265,0.23566958036871943,-0.006494265752280803,0.007600995895148892,150.22976541797732,0.0,1,Decay at rest,
765,3,pion_plus,Pion+,211,2,11,4.517563197759159,3.6671188505420558,0.8504443472171036,18.825289431234705,0.1449866331295687,0.9958110616238696,0.0033331835146513293,0.0008557548614790806,0.9991442451385208,99.91442451385208,-0.051346605904013735,0.07822564548470592,-0.003837500935384952,0.0032896752938770383,144.08766319775916,0.0,1,Decay at rest,
765,5,pion_plus,Pion+,211,2,38,33.33608856833998,32.419198996636155,0.9168895717038283,2.7504413717409504,4.627434207611307,0.9962731537903496,0.0036591863227418424,6.765988690845942e-05,0.9999323401130915,99.99323401130916,-2.703323496895218,1.630858316986709,-0.10334150046510136,0.11743949916559841,173.23828527855923,0.0,1,Decay at rest,
774,9,pion_plus,Pion+,211,2,32,19.634109998568476,17.766152947821954,1.8679570507465222,9.513836129484428,1.9340681977286118,0.9940603958769778,0.005869038066455815,7.056605656627204e-05,0.9999294339434336,99.99294339434336,-0.6836015852990773,1.0846159530808441,-0.09982970367911391,0.07234994963942769,159.20420999856847,0.0,1,Decay at rest,
775,5,pion_plus,Pion+,211,2,64,101.35915623997596,94.01053044224619,7.348625797729768,7.250085804119467,29.220667516756805,0.9978725041734834,0.0017409538428626154,0.00038654198365395637,0.999613458016346,99.96134580163461,-11.191386900378484,16.237996677536657,-0.4802573322892494,0.7681730444635051,248.0774820365174,0.0,1,Decay at rest,
776,7,pion_plus,Pion+,211,2,4,14.02804231449537,2.3142228678052152,11.713819446690154,83.50288075896451,6.265885347873875,0.9999915122551828,8.4597080850654e-06,2.8036732114211198e-08,0.9999999719632678,99.99999719632679,-1.999580148913075,1.6106524945125729,-0.011222868818468216,0.0029173432294718692,248.0774820365174,0.0,0,No decay recorded,
781,304,pion_plus,Pion+,211,2,39,33.6836063952487,31.76871708143072,1.9148893138179834,5.684929610411584,4.758082642071476,0.9969266417899556,0.003006720988978114,6.66372210663173e-05,0.9999333627789337,99.99333627789338,-1.6808216415470132,2.6898943322188926,-0.11671388834439914,0.16159511887199704,173.6917176872261,0.0,1,Decay at rest,
781,306,pion_plus,Pion+,211,2,16,7.60959396320888,6.548339456810086,1.0612545063987937,13.946269821094038,0.34833680349571705,0.9967510281718254,0.0031106470416631896,0.0001383247865115701,0.9998616752134886,99.98616752134886,-0.1224027351735551,0.1936092739411159,-0.007646413264097675,0.008731225652523444,147.17969396320888,0.0,1,Decay at rest,
790,11,pion_plus,Pion+,211,2,63,104.49273477159221,95.32875331673522,9.163981454856998,8.769969964790656,30.410641704993125,0.9982545560383086,0.001581809538294304,0.0001636344233970407,0.9998363655766029,99.98363655766029,-11.68576744001277,16.962571634685677,-0.5367763166718296,0.5557140303183469,248.07748203651735,0.0,1,Decay at rest,
793,804,pion_plus,Pion+,211,2,3,16.870395349370344,6.708948707657921,10.161446641712423,60.23241560898974,7.5034986111864175,0.9999859197954628,1.408020453722971e-05,0.0,1.0,100.0,-2.851585832966969,2.3171913921841836,-0.00923111184258952,0.007915421407734458,248.07748203651735,0.0,0,No decay recorded,
795,5,pion_plus,Pion+,211,2,62,102.41355792437597,101.15734944150559,1.2562084828703763,1.2266036922552612,30.494999737922736,0.9975011009990022,0.002469970501089479,2.892849990831892e-05,0.9999710715000917,99.99710715000917,-17.859382036982836,11.487844756897557,-0.5249824277831246,0.8677999437019895,248.07748203651747,0.0,1,Decay at rest,
797,574,pion_plus,Pion+,211,2,8,3.166147595093434,2.3359819137845967,0.8301656813088376,26.22005627897265,0.075084383531901,0.9992032873415987,0.0005557709721507045,0.00024094168625066352,0.9997590583137494,99.97590583137494,-0.0269249452296295,0.03829365846431407,-0.0007533479030738754,0.0008039338622845644,142.73624759509343,0.0,1,Decay at rest,
797,576,pion_plus,Pion+,211,2,42,39.07976763539375,35.758957358897035,3.3208102764967125,8.497517967555984,6.275294630699954,0.9318005530436507,0.06805873619686297,0.00014071075948622082,0.9998592892405137,99.98592892405136,-2.012625587873472,3.077413083949329,-0.8213133705127608,0.7562080238494793,179.14796387308888,0.0,1,Decay at rest,
803,9,pion_plus,Pion+,211,2,38,31.566611489667437,29.025317406239598,2.5412940834278404,8.050576110329965,4.210282418273021,0.9972933438697897,0.002633772331428945,7.288379878134994e-05,0.9999271162012187,99.99271162012187,-1.5129640022709498,2.362256189521618,-0.11245521824688948,0.06044613542243123,171.4164068678898,0.0,1,Decay at rest,
803,11,pion_plus,Pion+,211,2,31,18.288858502196913,17.496039012003973,0.7928194901929411,4.334986188983337,1.6847988884218106,0.9956538665962839,0.0040709133727519515,0.00027522003096429115,0.9997247799690359,99.97247799690359,-1.0548017579376232,0.5867779249375156,-0.03931674520527147,0.05261364531216436,158.1355288611436,0.0,1,Decay at rest,
806,3,pion_plus,Pion+,211,2,40,29.024584027161414,27.65289838750722,1.3716856396541919,4.725944180183801,3.8029877097851665,0.9981228935456985,0.001727538578086699,0.0001495678762147575,0.9998504321237852,99.98504321237853,-1.376561487468149,2.1613052731142153,-0.08643213877129396,0.07004068750472202,168.90346408098657,0.0,1,Decay at rest,
806,5,pion_plus,Pion+,211,2,32,21.42850944471394,20.158044694687682,1.2704647500262571,5.928852649803227,2.2112066098798184,0.9973748591460316,0.00209874042741395,0.0005264004265543279,0.9994735995734456,99.94735995734456,-0.7848271557044374,1.2456067870878078,-0.058937580822767954,0.05120103043895248,160.99860944471394,0.0,1,Decay at rest,
808,4,pion_plus,Pion+,211,2,64,102.94992348360712,97.31428414977444,5.635639333832684,5.474155922738549,30.723410796733624,0.9992571865351901,0.0005944209260183921,0.00014839253879151952,0.9998516074612085,99.98516074612085,-11.639025353423804,17.34370110097629,-0.3242455427672664,0.5356664882765014,248.0774820365174,0.0,1,Decay at rest,
813,5,pion_plus,Pion+,211,2,61,103.87721136045376,95.10647024064383,8.770741119809934,8.443373676422134,30.15681637784412,0.9975746871016362,0.002320022146380142,0.00010529075198354702,0.9998947092480164,99.98947092480164,-16.932043824758026,11.436260523507908,-0.6476881760040948,0.6509703550985252,248.0774820365174,0.0,1,Decay at rest,
814,205,pion_plus,Pion+,211,203,60,98.36865192217532,93.1469851335419,5.221666788633409,5.308263035631055,27.59341645337503,0.9990937160471399,0.0008661236713141282,4.0160281546060786e-05,0.999959839718454,99.9959839718454,-15.366414946451556,10.666494482405353,-0.46827256599325007,0.35541203619411077,240.81819377152777,0.0,1,Decay at rest,
816,5,pion_plus,Pion+,211,2,10,38.288453932777685,35.89356629701929,2.394887635758395,6.254855941592873,15.621899630028242,0.9998820355973338,0.00010297744322176064,1.4986959444506696e-05,0.9999850130405555,99.99850130405555,-7.18907336976258,6.977112076747159,-0.06332154640913959,0.07767086279233287,248.07748203651735,0.0,0,No decay recorded,
817,4,pion_plus,Pion+,211,2,64,104.70698464774578,100.00724637338814,4.699738274357649,4.488466829761608,31.01712522062373,0.9979147393354397,0.002008742410174071,7.651825438623133e-05,0.9999234817456139,99.99234817456139,-17.182419558744623,11.963112325712345,-0.8223569379553304,0.5525748657204627,248.0774820365174,0.0,1,Decay at rest,
818,6,pion_plus,Pion+,211,2,40,28.27582794275316,27.475691614927133,0.8001363278260276,2.829753842914776,3.7884496842305815,0.9991894769742303,0.0004498347206042869,0.0003606883051653244,0.9996393116948347,99.96393116948347,-1.3115310797850448,2.2413535222375893,-0.033514449222220626,0.04414181538380141,168.7730743858856,0.0,1,Decay at rest,
818,8,pion_plus,Pion+,211,2,38,29.961156714988814,29.087168868749938,0.8739878462388748,2.917069773216201,4.023015515176284,0.9984200869417784,0.0014887787749072383,9.113428331430645e-05,0.9999088657166857,99.99088657166857,-2.367680401505485,1.4282506651381055,-0.06134571919976504,0.07658027258391402,169.5312567149888,0.0,1,Decay at rest,
819,498,pion_plus,Pion+,211,5,64,101.33389974838516,98.65480985015196,2.679089898233208,2.6438239373846866,29.67859943171662,0.9937577592689493,0.004988814466746078,0.0012534262643045598,0.9987465737356953,99.87465737356953,-16.284368363629188,11.193770238135127,-1.269386040743726,1.01507742403712,248.1157827845433,0.0,1,Decay at rest,
820,416,pion_plus,Pion+,211,2,64,103.55891025180182,101.4220254132028,2.136884838599018,2.0634485563851697,30.433444718370193,0.993062233760211,0.0066567216961180955,0.0002810445436709248,0.999718955456329,99.9718955456329,-18.06629002131128,11.565919818317676,-0.9637148203370394,1.114861700415585,248.07748203651735,0.0,1,Decay at rest,
821,244,pion_plus,Pion+,211,2,63,106.60227495997003,99.54624289774445,7.056032062225578,6.619025780524076,31.537861027446308,0.9983756852937967,0.0015755581742620314,4.87565319412844e-05,0.9999512434680587,99.99512434680588,-12.224060843759156,17.411841344179102,-0.7781138585827686,0.5555395696093529,248.0774820365174,0.0,1,Decay at rest,
822,5,pion_plus,Pion+,211,2,68,102.57087697365428,99.77023677133533,2.8006402023189465,2.730443850098212,30.307739929560412,0.9989690715135373,0.0009533297846972385,7.759870176540476e-05,0.9999224012982345,99.99224012982346,-17.220819221690117,11.610306231477388,-0.3972703509288114,0.535962054624242,248.07748203651735,0.0,1,Decay at rest,
823,17,pion_plus,Pion+,211,2,4,15.058143419865798,5.465639294579974,9.592504125285824,63.70309976348541,7.240708821051808,0.9999318293095161,6.815713398023761e-05,1.3556503551583358e-08,0.9999999864434963,99.99999864434963,-2.702258281855669,2.11666409328564,-0.023397028142572975,0.01626722343150211,275.40529377246315,0.0,0,No decay recorded,
825,641,pion_plus,Pion+,211,2,13,5.502992827892767,4.965520951509147,0.5374718763836196,9.7669012697847,0.2073021206931262,0.9976146304409382,0.002341820908243401,4.354865081838396e-05,0.9999564513491817,99.99564513491816,-0.07169430181672033,0.11592141821674888,-0.004637926280028052,0.004095771042327215,145.07309282789276,0.0,1,Decay at rest,
825,643,pion_plus,Pion+,211,2,43,41.78190311418024,39.87896352014437,1.9029395940358709,4.554458873822906,6.866649927299066,0.9975906425676576,0.002219237831837023,0.00019011960050524073,0.9998098803994946,99.98098803994947,-3.970362357122844,2.467340302569457,-0.1955821076808689,0.1626457081055748,181.35200311418023,0.0,1,Decay at rest,
829,5,pion_plus,Pion+,211,2,67,98.43918492347943,93.38742494894544,5.051759974533997,5.131858800396331,28.754120607866962,0.9968269007727704,0.0029755859206639823,0.0001975133065655788,0.9998024866934343,99.98024866934342,-16.725009715462672,10.728884081426267,-0.832658628973005,0.7824558226327184,248.07748203651735,0.0,1,Decay at rest,
833,7,pion_plus,Pion+,211,2,34,20.687824952568675,19.508857393784634,1.178967558784042,5.698847324390461,2.187811358725115,0.9969776972898695,0.0028231309214942052,0.00019917178863630483,0.9998008282113637,99.98008282113638,-1.3151493547844781,0.7809475019390661,-0.049239121725942046,0.06354406517942739,160.53858018509305,0.0,1,Decay at rest,
833,9,pion_plus,Pion+,211,2,47,45.073523090829795,41.75156539658421,3.321957694245581,7.370086619480235,8.032910532245952,0.9957426791645799,0.003133279291054589,0.0011240415443654003,0.9988759584556345,99.88759584556345,-2.874654253268939,4.501663992033899,-0.18241784163578426,0.1890937416714022,185.2737582429233,0.0,1,Decay at rest,
843,795,pion_plus,Pion+,211,2,66,101.91038451329489,91.57213282504257,10.33825168825231,10.14445361738736,29.0096703793759,0.919761581008534,0.07991331179814073,0.0003251071933253195,0.9996748928066748,99.96748928066748,-9.104934886912673,13.832821692055324,-3.338188002369611,3.5940648665303314,248.0774820365174,0.0,1,Decay at rest,
844,6,pion_plus,Pion+,211,2,61,106.66468832150059,97.64628343323713,9.018404888263454,8.454911395869704,31.9255386105553,0.9958670414177552,0.003830935197124411,0.0003020233851204289,0.9996979766148796,99.96979766148796,-12.112439467166855,17.381133544856144,-0.7429924276704944,0.9730387892950114,248.0774820365174,0.0,1,Decay at rest,
847,4,pion_plus,Pion+,211,2,64,101.5805598499849,94.41353779682532,7.167022053159568,7.055505564985951,29.410928814238876,0.9943808886048316,0.005505199006613544,0.00011391238855480511,0.9998860876114452,99.98860876114452,-10.931985327258555,16.702880734142745,-1.1978065027358311,0.83165332193194,248.0774820365174,0.0,1,Decay at rest,
851,4,pion_plus,Pion+,211,2,25,72.59318225592484,68.54257526757956,4.050606988345283,5.579872465247498,26.75463545352063,0.999571714937693,0.00040276933456360103,2.5515727743396593e-05,0.9999744842722567,99.99744842722566,-11.962955524074825,13.884832951977243,-0.2627417450624397,0.26155502303752814,248.0774820365175,0.0,0,No decay recorded,
852,817,pion_plus,Pion+,211,2,7,26.500612087809984,20.656141735035103,5.844470352774881,22.054095706956442,10.775712236340068,0.9996745137814949,0.00031086299366774435,1.46232248374372e-05,0.9999853767751626,99.99853767751627,-4.363690167619773,4.952948458756708,-0.08199029631792305,0.07537778443471492,248.0774820365174,0.0,0,No decay recorded,
855,9,pion_plus,Pion+,211,2,30,18.358337849778366,17.146612154674642,1.2117256951037236,6.600410696322121,1.6727387069867654,0.9996555847736238,0.0002922908184155659,5.212440796061489e-05,0.9999478755920393,99.99478755920393,-0.602983994192508,0.9518817598416953,-0.011758069012092271,0.01633030230205309,157.92843784977836,0.0,1,Decay at rest,
855,11,pion_plus,Pion+,211,2,3,3.2481041471169516,2.5325790279744687,0.7155251191424828,22.029007899195282,0.7984899093848403,0.9998458470461329,0.00015415295386713983,9.960485699380255e-18,1.0,100.0,-0.21209186795511756,0.2979111467582712,-0.0037194756980980024,0.0030763629926375685,168.84216768776972,0.0,0,No decay recorded,
860,5,pion_plus,Pion+,211,2,60,105.77965263018947,99.31249255068388,6.467160079505582,6.113803476094851,31.12086017511693,0.9961609787029985,0.003568201300468261,0.0002708199965332888,0.9997291800034668,99.97291800034668,-12.06971354081823,17.66134523150878,-1.0515257040195336,0.9009045352684123,248.0774820365174,0.0,1,Decay at rest,
863,351,pion_plus,Pion+,211,2,35,26.137973453414073,23.22753015992871,2.9104432934853635,11.134923289568224,3.0932026060414555,0.9993243938830474,0.0004904405548208992,0.00018516556213160062,0.9998148344378683,99.98148344378683,-1.7919727776016054,1.1231661194664153,-0.03112878122077758,0.047062571465881574,165.98923555347082,0.0,1,Decay at rest,
863,353,pion_plus,Pion+,211,2,19,8.152874722826226,7.072343447469487,1.0805312753567389,13.25337763784709,0.4033658541439897,0.9988581181491311,0.0008332327183149943,0.0003086491325539292,0.9996913508674461,99.96913508674461,-0.14748999628541554,0.22357588305287335,-0.005204999211786691,0.0048858259003169546,147.72297472282622,0.0,1,Decay at rest,
864,145,pion_plus,Pion+,211,2,64,103.30286141498182,92.78728351856411,10.515577896417705,10.179367495131796,29.28702182212251,0.9965753237047317,0.002478144701755338,0.0009465315935129998,0.999053468406487,99.9053468406487,-9.884402542491445,15.652050109211165,-0.5553867449093163,1.160287320193789,248.0774820365174,0.0,1,Decay at rest,
866,13,pion_plus,Pion+,211,2,69,100.34752575498074,92.89114192467511,7.456383830305631,7.430560718070853,28.795644590628054,0.9973956293272624,0.0021678837456249483,0.00043648692711257506,0.9995635130728874,99.95635130728874,-17.335285868360547,10.979326194573163,-0.6369010362909754,0.6150069788883266,248.0774820365175,0.0,1,Decay at rest,
871,104,pion_plus,Pion+,211,8,35,23.8254335912371,22.528922703797022,1.2965108874400801,5.441709518004036,2.4717664072948873,0.9921318343768517,0.007821356810374545,4.680881277361743e-05,0.9999531911872263,99.99531911872262,-1.3663739583972692,0.9188723648120319,-0.11794246012333849,0.10272150571564563,163.3955335912371,0.0,1,Decay at rest,
871,106,pion_plus,Pion+,211,8,43,40.81695786287159,36.52622728934472,4.290730573526871,10.51212730733629,6.580066892617917,0.998896588304932,0.0010732231327055515,3.0188562362513103e-05,0.9999698114376375,99.99698114376375,-2.3765809195978296,3.7261817834011635,-0.13168346082012017,0.0845597195213226,180.3870578628716,0.0,1,Decay at rest,
881,776,pion_plus,Pion+,211,2,63,102.62929187449512,91.05689264537459,11.572399229120535,11.275922319791865,29.58939783470994,0.9951960199718956,0.004690053657310409,0.00011392637079397409,0.999886073629206,99.9886073629206,-11.312475171177711,15.99092609861959,-1.6066708801293523,0.6980084008953038,248.0774820365174,0.0,1,Decay at rest,
882,9,pion_plus,Pion+,211,2,41,35.56355300990763,34.11103176535425,1.45252124455338,4.0842973258288415,5.187227965220362,0.9982166877935482,0.0015137872580213876,0.0002695249484303952,0.9997304750515696,99.97304750515697,-3.0017613597876314,1.8636893067341225,-0.13061437720247543,0.088069690193103,175.13365300990762,0.0,1,Decay at rest,
882,11,pion_plus,Pion+,211,2,7,1.826083693730936,1.3105440802066144,0.5155396135243215,28.231981660764102,0.02794885592348827,0.9989958937374501,0.0010025309341380846,1.5753284118915083e-06,0.9999984246715882,99.99984246715881,-0.010721950574346916,0.01116357275059951,-0.00039441524321439373,0.0002638721040222693,141.39618369373093,0.0,1,Decay at rest,
884,3,pion_plus,Pion+,211,2,45,43.80532076168716,38.4479420032549,5.357378758432263,12.229972672903957,7.635395097494103,0.9990747421977014,0.0005760587019116836,0.0003491991003868716,0.9996508008996131,99.9650800899613,-2.8015557555783106,4.288306298592404,-0.09858604556290819,0.09057455100294781,183.9765139436329,0.0,1,Decay at rest,
884,5,pion_plus,Pion+,211,2,8,2.795061841059038,1.9585347657092391,0.8365270753497989,29.928750164355648,0.05962700597985663,0.9995222126797022,0.00044697074559539487,3.0816574702378607e-05,0.9999691834252976,99.99691834252977,-0.030248171227234943,0.020424526493118128,-0.0004742781990071982,0.0006084796363418078,142.36516184105903,0.0,1,Decay at rest,
885,305,pion_plus,Pion+,211,2,44,39.61934853481826,37.841679912648814,1.777668622169443,4.4868698954178745,6.721289710462979,0.9978051257736801,0.0015617854533594364,0.0006330887729607331,0.9993669112270395,99.93669112270395,-3.9225008436280637,2.4111588140718663,-0.16460718818153003,0.1226546003848551,179.82107634564315,0.0,1,Decay at rest,
885,307,pion_plus,Pion+,211,2,34,20.69123460600809,19.56230564093469,1.128928965073402,5.456073485076604,2.113295762021757,0.9985739702291454,0.001325996062512461,0.00010003370834216149,0.9998999662916579,99.98999662916579,-0.7640567359336127,1.1938942532438326,-0.032176282007520984,0.034958219719307446,160.2613346060081,0.0,1,Decay at rest,
887,5,pion_plus,Pion+,211,2,61,103.9078992134749,94.64720738130265,9.260691832172258,8.912404063859007,30.95895701924344,0.9748057499082028,0.02497256175177608,0.00022168834002121252,0.9997783116599789,99.97783116599788,-11.226953428894168,16.16832813355994,-2.3843889751018885,2.2186870375481687,248.07748203651735,0.0,1,Decay at rest,
890,4,pion_plus,Pion+,211,2,63,103.46695958009471,98.55710242055181,4.909857159542893,4.745338202136043,30.929269305914985,0.9944246782917905,0.0054215896016565806,0.00015373210655310215,0.9998462678934471,99.98462678934472,-17.799349541921206,11.518531419736751,-1.2141129658117449,0.9713378710242193,248.0774820365173,0.0,1,Decay at rest,
891,4,pion_plus,Pion+,211,2,13,36.134157836877286,35.74032600932471,0.39383182755257673,1.089915612065671,14.671957033771879,0.9998520902344377,0.00011370047944696374,3.420928611544521e-05,0.9999657907138846,99.99657907138845,-6.931915392179901,7.264461104703558,-0.12153035874206353,0.0669975643046554,248.0774820365174,0.0,0,No decay recorded,
892,11,pion_plus,Pion+,211,2,63,102.2272847342669,93.89406711545551,8.333217618811391,8.151657006711115,29.398192747511725,0.9988929917300103,0.0008766002654347851,0.00023040800455486265,0.9997695919954451,99.97695919954451,-16.394065112203293,11.21071257677099,-0.48246100573488115,0.5656186644034067,248.0774820365175,0.0,1,Decay at rest,
893,4,pion_plus,Pion+,211,2,63,103.4114827836401,94.82094338008328,8.590539403556818,8.307142661835865,30.468538326717677,0.9991790665166127,0.0007748924356780739,4.6041047709128676e-05,0.9999539589522908,99.99539589522908,-17.14682613213613,11.607272059531809,-0.4087173919086586,0.4334686724864243,248.0774820365174,0.0,1,Decay at rest,
900,4,pion_plus,Pion+,211,2,66,101.5632047526444,97.2552486278542,4.307956124790195,4.241650443467352,29.61190591293415,0.9976710890826403,0.0017575289132409182,0.000571382004118711,0.9994286179958812,99.94286179958813,-11.228544511440244,17.137299793746653,-0.610905700449885,0.595863640493001,248.0774820365175,0.0,1,Decay at rest,
901,4,pion_plus,Pion+,211,2,64,103.87030404840434,92.30579982458396,11.564504223820375,11.13360005033896,30.407654039194508,0.9972090574619926,0.002642840033460059,0.00014810250454731932,0.9998518974954527,99.98518974954527,-11.568035723155846,16.741950992404977,-0.687907335908873,0.7203782675313541,248.07748203651735,0.0,1,Decay at rest,
906,4,pion_plus,Pion+,211,2,4,10.754854519129236,8.464451217685173,2.2904033014440612,21.29646009967137,4.900156969141892,0.9999595708824696,4.0358975746261e-05,7.014178417471797e-08,0.9999999298582158,99.99999298582158,-2.067341639494808,1.9145978509420565,-0.01105829016599912,0.009607766356854055,248.07748203651747,0.0,0,No decay recorded,
908,4,pion_plus,Pion+,211,2,61,104.99482437703377,95.67326924431784,9.321555132715933,8.87810917159351,30.589114728927576,0.9996173649639482,0.00026580020312125924,0.00011683483293063942,0.9998831651670694,99.98831651670694,-11.915161554609407,16.658062838490807,-0.2697750902695422,0.29066672373676056,248.0774820365175,0.0,1,Decay at rest,
909,520,pion_plus,Pion+,211,519,59,90.5431310664451,84.79236649444144,5.750764572003668,6.3514089962091855,24.69619313569759,0.9956101716548127,0.004246391563599504,0.00014343678158777075,0.9998565632184122,99.98565632184122,-9.171700998941308,13.809853830096191,-0.6828271262247156,0.7973597443981557,231.67989206219357,0.0,1,Decay at rest,
914,187,pion_plus,Pion+,211,184,41,29.920664416492112,28.219103216885138,1.7015611996069726,5.686909808958256,4.066910144195069,0.9977741486394036,0.002145565737523721,8.028562307271021e-05,0.9999197143769273,99.99197143769273,-2.409044184706793,1.4199218998653709,-0.10763050138929661,0.07376484964754841,169.4907644164921,0.0,1,Decay at rest,
922,1414,pion_plus,Pion+,211,2,46,41.05949287092483,39.12807664628749,1.9314162246373352,4.703945639827947,6.861532826907603,0.996316148334708,0.003647929879479673,3.5921785812237015e-05,0.9999640782141878,99.99640782141877,-4.1564932224718,2.486680443402474,-0.2420009117910705,0.15645129496057042,181.18015228963787,0.0,1,Decay at rest,
932,6,pion_plus,Pion+,211,2,6,44.05368625609822,37.963937492012505,6.0897487640857095,13.82347149948825,22.61177728060014,0.9998333884510606,0.00015835879265327195,8.252756286182371e-06,0.9999917472437139,99.99917472437139,-10.068940651219975,9.29353467608127,-0.19791042195279757,0.10304616463674594,356.5054526765373,0.0,0,No decay recorded,
933,12,pion_plus,Pion+,211,2,51,102.18835588853035,98.16658265098842,4.021773237541936,3.935647268783723,32.5431273919569,0.9988024918744244,0.0011129101875326979,8.459793804286484e-05,0.9999154020619571,99.99154020619571,-17.698072885284187,12.92345366179525,-0.5300397487936772,0.5356255650472016,252.29102040700263,0.0,0,No decay recorded,
937,6,pion_plus,Pion+,211,2,61,103.68116546560366,91.97354410166314,11.707621363940516,11.29194614216073,30.8598988957891,0.9963753802882321,0.003595562197277411,2.9057514490502295e-05,0.9999709424855096,99.99709424855095,-11.63898936786889,16.94301622777164,-0.7774861113088665,1.0321828170254006,248.07748203651735,0.0,1,Decay at rest,
940,6,pion_plus,Pion+,211,2,8,22.57615405869074,18.80720503332761,3.7689490253631317,16.69438034292766,9.14015909003621,0.9999319949736296,6.763693325843067e-05,3.68093111981505e-07,0.999999631906888,99.9999631906888,-4.374917314483123,3.9210203967734296,-0.02849157928683539,0.03897278419384556,248.07748203651732,0.0,0,No decay recorded,
941,6,pion_plus,Pion+,211,2,6,15.907712089026095,12.956816566240851,2.9508955227852436,18.55009385555144,6.833413893750002,0.9998897994448916,0.00010751512294297862,2.685432165453833e-06,0.9999973145678346,99.99973145678346,-2.4537520682552936,2.7299893679656546,-0.030368870180343323,0.02199871244411114,248.07748203651732,0.0,0,No decay recorded,
941,11,pion_plus,Pion+,211,6,45,44.080580176947244,41.02895392684247,3.0516262501047757,6.922835946929483,7.586217482497812,0.9966123977711987,0.0032725332568144497,0.00011506897198684769,0.9998849310280131,99.98849310280131,-2.784513316228729,4.232941756852458,-0.1791102057750887,0.21233153320998926,185.17434669970064,0.0,1,Decay at rest,
942,385,pion_plus,Pion+,211,2,12,36.95014189826891,30.043622053224585,6.906519845044326,18.691456893614507,15.355695969173814,0.9994736293744637,0.000514537043647487,1.1833581888824575e-05,0.9999881664181112,99.99881664181112,-7.152342934350081,6.678266455439626,-0.12138980466066675,0.1733462250163363,248.0774820365174,0.0,0,No decay recorded,
942,393,pion_plus,Pion+,211,385,5,10.231229001554238,5.617703549130994,4.613525452423245,45.09258322458034,2.37085786540559,0.9994983161331856,0.00047136166116810074,3.032220564632937e-05,0.9999696777943538,99.99696777943538,-1.0040407737888315,0.8795669146438116,-0.02256709253241604,0.017874698752846297,177.5253353819352,27.724006380380978,1,Decay in flight,
945,1293,pion_plus,Pion+,211,2,48,50.11679701161441,46.16846490685737,3.9483321047570326,7.878261062537614,9.566894111171827,0.9995576333900963,0.00035609068117522385,8.62759287284881e-05,0.9999137240712715,99.99137240712716,-5.570259869582286,3.516794618032726,-0.08454444336415895,0.13241739261869953,191.2498357121135,0.0,1,Decay at rest,
948,350,pion_plus,Pion+,211,2,67,119.65273563181438,113.48049144747887,6.172244184335507,5.158464745284414,37.314514557164834,0.9971971082360219,0.0026709342158121622,0.0001319575481658895,0.9998680424518341,99.98680424518341,-22.129261706881994,14.571357731712403,-1.16082993116488,0.9189887446119726,265.46035350204914,0.0,1,Decay at rest,
949,5,pion_plus,Pion+,211,2,61,105.1100013441579,100.85369985082475,4.25630149333314,4.049378212256782,31.118214494787996,0.9996290849133534,0.00035115023439362034,1.9764852252925403e-05,0.999980235147747,99.9980235147747,-17.574379457857397,11.838145153057532,-0.24596064250006355,0.30237980018447747,248.07748203651735,0.0,1,Decay at rest,
957,1153,pion_plus,Pion+,211,5,9,40.042137557082434,31.393567431292404,8.64857012579003,21.5986724321622,16.064562718058728,0.9998528055104217,0.00012735120759491082,1.9843281983364467e-05,0.9999801567180165,99.99801567180165,-7.393714258074634,7.018403502067025,-0.1331598142352648,0.05553556096239047,248.1157827845433,0.0,0,No decay recorded,
958,5,pion_plus,Pion+,211,2,14,54.68963684365743,46.39799563330375,8.291641210353681,15.161265806275498,20.80287559929495,0.9976941021458067,0.0021761506246572664,0.00012974722953610688,0.9998702527704639,99.9870252770464,-9.354830494128255,10.015736309896992,-0.5049105787129583,0.3939641399544712,248.07748203651735,0.0,0,No decay recorded,
959,665,pion_plus,Pion+,211,2,15,61.70989388187321,54.300732341005876,7.409161540867328,12.006440255836692,23.813283706464723,0.9917199559237246,0.008096972710303952,0.00018307136597133094,0.9998169286340286,99.98169286340286,-10.506016632717113,10.621805515030704,-0.8965593449953562,0.9152775376441339,248.0774820365174,0.0,0,No decay recorded,
961,12,pion_plus,Pion+,211,2,13,51.475805786058125,48.733156496275875,2.74264928978225,5.328035662387005,20.448748456029968,0.9974872707667293,0.0023950857405366107,0.0001176434927341008,0.9998823565072659,99.98823565072658,-10.619256533479625,8.785993090980812,-0.4245122108403412,0.5946871028093137,248.07748203651735,0.0,0,No decay recorded,
963,5,pion_plus,Pion+,211,2,30,18.456143320623024,17.41044636747664,1.0456969531463818,5.665847598712093,1.6191186464139022,0.9986996565332775,0.0011673586235446901,0.00013298484317772534,0.9998670151568222,99.98670151568221,-0.9316015791255957,0.5883785785878002,-0.02092484047439057,0.02750043632996258,158.02624332062302,0.0,1,Decay at rest,
963,7,pion_plus,Pion+,211,2,46,42.0789652120602,39.33587030187605,2.7430949101841495,6.518921975291243,7.182181958580126,0.9957274509255231,0.00406134602349779,0.0002112030509791406,0.9997887969490209,99.97887969490209,-2.59405329946152,4.045783881573161,-0.1940405840837977,0.22131277109452957,182.0295014293804,0.0,1,Decay at rest,
967,3,pion_plus,Pion+,211,2,41,33.04287596030354,30.622660910799517,2.420215049504021,7.324468525111361,4.776203507298873,0.9906905937981482,0.009088631082600516,0.00022077511925123198,0.9997792248807487,99.97792248807487,-1.6794662120330803,2.6716701092765307,-0.23444705088676202,0.20445650637124738,173.33314489231822,0.0,1,Decay at rest,
967,5,pion_plus,Pion+,211,2,41,33.85680731038389,31.817287650201294,2.039519660182598,6.023957431913778,4.781263848410278,0.9990591424265755,0.0007900322065837341,0.00015082536684082887,0.9998491746331591,99.98491746331591,-2.7634282069566125,1.7459944014215845,-0.06819835148450262,0.046699980187850536,173.42690731038388,0.0,1,Decay at rest,
970,7,pion_plus,Pion+,211,2,64,102.71605787260043,94.02490469228599,8.691153180314446,8.46133833435679,30.05171979386931,0.9985983690569723,0.001117010866581287,0.0002846200764463637,0.9997153799235536,99.97153799235537,-11.388073655793029,16.84490621877113,-0.69213235923168,0.3859451837501929,248.0774820365174,0.0,1,Decay at rest,
972,5,pion_plus,Pion+,211,2,43,42.13831547567865,37.268249223421265,4.8700662522573905,11.557334927325916,7.03455898814097,0.9995583850452902,0.00029343754324825315,0.0001481774114616879,0.9998518225885384,99.98518225885384,-2.5050753403936823,4.0420017459836854,-0.09636595426450556,0.05587840587984138,181.70841547567863,0.0,1,Decay at rest,
973,6,pion_plus,Pion+,211,2,60,104.95045285990892,93.92865451476216,11.02179834514676,10.501906418506831,30.481791378722797,0.9980532551571343,0.0016842738296374616,0.000262471013228218,0.9997375289867717,99.97375289867718,-11.78215611406851,16.769296301919,-0.5487968102704907,0.5309530127127047,248.0774820365174,0.0,1,Decay at rest,
983,12,pion_plus,Pion+,211,2,35,24.024102992354006,22.62128816970273,1.402814822651277,5.839197505512451,2.754544334053558,0.9998121538790967,0.00014260601838578433,4.524010251744017e-05,0.9999547598974825,99.99547598974826,-0.9996087454215156,1.5598005832319894,-0.02225528903075831,0.017186678244905038,163.90208106879822,0.0,1,Decay at rest,
983,14,pion_plus,Pion+,211,2,41,34.361295833942286,32.67506791301622,1.6862279209260647,4.907346710889754,5.056795183729811,0.9978752935862836,0.0019261405876876423,0.00019856582602866216,0.9998014341739713,99.98014341739713,-2.953177823463836,1.8055204521308668,-0.10631865171050184,0.09387642302764221,174.32553822939582,0.0,1,Decay at rest,
986,7,pion_plus,Pion+,211,2,64,109.27088243245915,96.93543178716642,12.335450645292728,11.288872543806287,33.331258519143624,0.9967595666216629,0.003117411438144882,0.0001230219401923018,0.9998769780598078,99.98769780598079,-12.847778520532078,18.02063912344749,-0.9088409610923576,0.6501285224919099,254.22087393777105,0.0,1,Decay at rest,
986,9,pion_plus,Pion+,211,2,28,15.377201046163549,14.23005713266949,1.1471439134940586,7.4600306652052195,1.3062184948178606,0.9977344809763405,0.002008004685072371,0.00025751433858710917,0.9997424856614129,99.97424856614128,-0.7685778710762398,0.4608673622780224,-0.028245980000968805,0.023746996271639276,154.94730104616357,0.0,1,Decay at rest,
988,4,pion_plus,Pion+,211,2,63,103.5853066409201,99.18736351954604,4.397943121374057,4.245721004253613,30.565750225317807,0.9986657635144001,0.0012489471078406943,8.528937775926688e-05,0.9999147106222408,99.99147106222408,-17.989588196306016,11.79367298035565,-0.4265828093841287,0.5407948763706603,248.0774820365174,0.0,1,Decay at rest,
991,4,pion_plus,Pion+,211,2,40,29.638354605880295,27.201985882183337,2.4363687236969573,8.220323820586106,3.9810326144786843,0.9968401536589986,0.0030665890527943607,9.325728820706564e-05,0.9999067427117929,99.99067427117929,-2.3355607977501553,1.4131945691428172,-0.09266850897504271,0.11916703847616351,169.2084546058803,0.0,1,Decay at rest,
991,6,pion_plus,Pion+,211,2,28,16.505735304238442,14.890429800487139,1.615305503751303,9.786328654722308,1.4324417467422705,0.9981407501789805,0.0017199369075426368,0.00013931291347693857,0.9998606870865232,99.98606870865233,-0.49914982465642804,0.8230779253345939,-0.03207717003022822,0.02511642130784734,156.07583530423844,0.0,1,Decay at rest,
