event,track_id,particle_type,particle_label,pdg,parent_track_id,n_g4_steps,total_energy_MeV,inside_energy_MeV,outside_energy_MeV,outside_percent,track_length_cm,pc1_explained_variance,pc2_explained_variance,pc3_explained_variance,pc1_pc2_explained_variance,pc1_pc2_explained_variance_percent,pc1_low_cm,pc1_high_cm,pc2_low_cm,pc2_high_cm,particle_initial_energy_MeV,particle_final_kinetic_energy_MeV,particle_decay_flag,endpoint_status,n_descendant_tracks
0,6,muon_plus,Muon+,-13,2,76,141.66793905932758,133.54181004788765,8.126129011439916,5.736039548113185,53.765823371205514,0.9991049278804294,0.0006509209729975457,0.00024415114657326575,0.9997558488534269,99.9755848853427,-22.005066630026743,29.687760401008322,-1.065694627162646,0.6372619219693124,258.10843949354944,0.0,1,Decay at rest,
1,631,muon_plus,Muon+,-13,2,73,137.73750935654542,126.7216442361565,11.015865120388922,7.997723475508335,53.40998977923534,0.9997731044327239,0.00020014189926888154,2.6753668007026796e-05,0.9999732463319928,99.99732463319928,-29.20500981844185,21.608444530019565,-0.28123521766669823,0.4623289660887004,258.10843949354944,0.0,1,Decay at rest,
2,298,muon_plus,Muon+,-13,2,73,141.8667532629046,133.6256275043018,8.241125758602807,5.809060663657059,54.671126454347146,0.9971582155351078,0.0026421102705237306,0.00019967419436868583,0.9998003258056315,99.98003258056315,-30.41608493905371,21.991745374923887,-1.1278166733064514,1.6082879990564238,258.10843949354944,0.0,1,Decay at rest,
6,10,muon_plus,Muon+,-13,2,70,142.9009266119898,130.716137188446,12.184789423543803,8.52673926784843,53.82422007981625,0.998051189939924,0.0018626016749997115,8.62083850762357e-05,0.9999137916149238,99.99137916149238,-21.643191049988136,29.430001901200754,-1.6550458802217636,0.9586117925888245,258.10843949354944,0.0,1,Decay at rest,
7,1214,muon_plus,Muon+,-13,2,69,145.534930094707,135.1171857845669,10.417744310140067,7.1582432501673035,56.099239419431925,0.999739297675195,0.00021412166806955945,4.6580656735303656e-05,0.9999534193432645,99.99534193432645,-22.803810192391786,30.495687468499778,-0.4159500229412157,0.4775162686422839,258.1084394935495,0.0,1,Decay at rest,
8,3287,muon_plus,Muon+,-13,2,46,38.97121730636527,34.54793930982088,4.423277996544383,11.350115039444553,7.589786509234038,0.9954972077828106,0.004271269595883608,0.0002315226213058045,0.9997684773786942,99.97684773786942,-2.749492043075625,4.220400519420678,-0.2754282087877091,0.19307221356272244,145.412172445762,0.0,1,Decay at rest,
9,5,muon_plus,Muon+,-13,2,74,143.00938112537048,124.34337746340707,18.666003661963416,13.052293153831421,54.1096394163874,0.9966339400731398,0.0029863456244245776,0.00037971430243572345,0.9996202856975643,99.96202856975643,-21.869666943530376,28.43717788195865,-1.6898054757458705,1.2324946344984844,258.1084394935494,0.0,1,Decay at rest,
10,4,muon_plus,Muon+,-13,2,74,140.47058057953953,136.5763463669776,3.8942342125619493,2.7722774380909554,52.38347077204433,0.999338808631929,0.0006129244976148001,4.826687045613165e-05,0.9999517331295439,99.99517331295439,-21.051621200612235,28.807418809462273,-0.722080867383651,0.9198206857802085,258.1084394935495,0.0,1,Decay at rest,
11,7,muon_plus,Muon+,-13,5,10,4.1198126599383045,3.692730958403757,0.4270817015345477,10.366532092285562,0.14361244725571082,0.9997637233819999,0.0002037964965803219,3.248012141977431e-05,0.9999675198785802,99.99675198785802,-0.05085884565207503,0.07650958812588138,-0.0009020389342946532,0.0010062485342260544,109.7781841599383,0.0,1,Decay at rest,
12,480,muon_plus,Muon+,-13,463,11,4.1198126599383045,3.327903283174928,0.7919093767633767,19.221975418057863,0.14831696832821054,0.9987320568438258,0.0010159800950782106,0.0002519630610959405,0.999748036938904,99.97480369389041,-0.05308324904429728,0.07990717912874934,-0.0023644320100841454,0.0014841446948428846,109.7781841599383,0.0,1,Decay at rest,
14,7,muon_plus,Muon+,-13,2,69,143.21708871456553,140.20786287299342,3.0092258415721034,2.1011639522777545,54.01648644928406,0.9979718443840659,0.00184180500293843,0.00018635061299555598,0.9998136493870043,99.98136493870044,-21.800848177263653,28.65352153788618,-1.0549392872109458,1.0941297343639027,258.10843949354955,0.0,1,Decay at rest,
15,12,muon_plus,Muon+,-13,2,75,138.31744422242573,130.08909946707692,8.228344755348822,5.94888432301928,53.60945680095832,0.9968701248163455,0.0030412560301205454,8.861915353390689e-05,0.999911380846466,99.99113808464661,-29.89748102467236,21.498602019494804,-1.5976681231180627,1.4933370478763934,258.1084394935495,0.0,1,Decay at rest,
16,8,muon_plus,Muon+,-13,2,93,291.98133379139864,281.74251123933533,10.238822552063306,3.506670244673335,137.11078581106767,0.9957318831511104,0.004154724252260784,0.00011339259662877212,0.9998866074033712,99.98866074033712,-59.02842448850872,73.28783334899985,-3.7637714868708865,4.59513599242243,425.73351596288626,0.0,1,Decay at rest,
17,4,muon_plus,Muon+,-13,2,68,145.0205132745057,137.50377527650647,7.516737997999227,5.183223964854531,54.38217871616297,0.9984801322041942,0.0014711520570483403,4.8715738757506426e-05,0.9999512842612425,99.99512842612425,-30.946619720040196,21.767101960720225,-1.0677107405442332,0.8884862347628795,258.10843949354944,0.0,1,Decay at rest,
19,100,muon_plus,Muon+,-13,88,12,4.119812659938304,3.299979840443436,0.8198328194948676,19.899759701868216,0.14076616579957252,0.9934558617363191,0.006292068028007124,0.0002520702356738913,0.9997479297643261,99.97479297643261,-0.04988965575958612,0.07373924386307752,-0.003964206722392228,0.00550205192016134,109.7781841599383,0.0,1,Decay at rest,
20,3,muon_plus,Muon+,-13,2,65,112.35053140665046,102.6278669677113,9.722664438939162,8.653866000640598,38.677749972689824,0.9986020268602159,0.0011931900131818942,0.00020478312660231776,0.9997952168733978,99.97952168733978,-20.991627412399247,15.283448726029667,-0.7021748666789961,0.9486621931367416,224.2687787506943,0.0,1,Decay at rest,
21,11,muon_plus,Muon+,-13,2,70,142.44616441537252,136.48017991164417,5.965984503728358,4.1882380815334335,54.081487718216984,0.9989916124608726,0.0008982370864372581,0.00011015045269004235,0.9998898495473099,99.98898495473098,-21.67464151983526,30.246127627176723,-1.2946741957720025,0.4625696474877126,258.10843949354944,0.0,1,Decay at rest,
22,7,muon_plus,Muon+,-13,2,73,140.8227200914883,136.0890167574539,4.733703334034409,3.3614627887879625,52.56819385504501,0.9985533350732663,0.0009510849964112931,0.0004955799303223926,0.9995044200696775,99.95044200696775,-30.471841997013946,21.07618115084797,-1.1330937564265482,0.8302392478879047,258.10843949354955,0.0,1,Decay at rest,
23,15,muon_plus,Muon+,-13,13,11,4.1198126599383045,3.577191600846758,0.5426210590915463,13.171012953284926,0.1502488596711654,0.9963439363478587,0.00353984312053637,0.00011622053160485026,0.999883779468395,99.9883779468395,-0.08352254655260395,0.052381513819717236,-0.004852865649386926,0.0033547395599813363,109.7781841599383,0.0,1,Decay at rest,
24,5,muon_plus,Muon+,-13,2,74,142.62070285847767,134.832795744695,7.787907113782659,5.460572664201908,55.11679070746085,0.9974719075959506,0.0019719412343228164,0.0005561511697266056,0.9994438488302735,99.94438488302735,-30.839195438071886,22.284057864829233,-1.0328438549645942,1.6436262340924035,258.1084394935495,0.0,1,Decay at rest,
25,8,muon_plus,Muon+,-13,4,12,4.1198126599383045,3.6000375970832583,0.519775062855046,12.61647326611278,0.15046684760129456,0.995317684685906,0.004581482642074984,0.00010083267201910199,0.999899167327981,99.98991673279811,-0.08315761543926531,0.05272480850137638,-0.005190355884135397,0.0040017706663232205,109.7781841599383,0.0,1,Decay at rest,
26,16,muon_plus,Muon+,-13,4,12,4.119812659938304,3.7210339455815027,0.39877871435680073,9.679535145726083,0.1453909868861702,0.9994061146773963,0.00041789565628381,0.00017598966631991004,0.9998240103336801,99.982401033368,-0.0790333086517607,0.052413138136682955,-0.0009501942977132349,0.001617315936180077,109.7781841599383,0.0,1,Decay at rest,
27,3,muon_plus,Muon+,-13,2,41,29.541892948246286,27.946832264861893,1.5950606833843919,5.399317796522854,4.771771576247856,0.9978926040215321,0.0020329081884677227,7.448779000026836e-05,0.9999255122099998,99.99255122099999,-2.7825320694528566,1.7037207850909202,-0.08668436797019274,0.12157383390710029,135.78514754497144,0.0,1,Decay at rest,
28,4,muon_plus,Muon+,-13,2,69,143.9799209930489,131.09354059850523,12.886380394543666,8.950123257232374,55.52837301498386,0.9994168530551848,0.0005430674140739107,4.0079530741438395e-05,0.9999599204692587,99.99599204692588,-22.248347312045567,29.44299496726838,-0.4972720393461014,1.0001378644572598,258.10843949354944,0.0,1,Decay at rest,
29,5,muon_plus,Muon+,-13,2,72,144.4017888782467,141.85673343529618,2.545055442950512,1.7624819351070449,53.81365987595556,0.9981432383710542,0.00167281348704111,0.00018394814190458123,0.9998160518580953,99.98160518580953,-28.809571187051606,21.45387264672215,-1.0017853223898427,1.4332866286625714,258.1084394935495,0.0,1,Decay at rest,
30,4,muon_plus,Muon+,-13,2,71,144.22320746290524,123.91323133819232,20.309976124712914,14.082321758054588,55.04491562834253,0.999640821232063,0.00029962686338983325,5.9551904547273136e-05,0.9999404480954528,99.99404480954527,-22.40150108680121,29.002042672101794,-0.49927861319724504,0.4580621318404878,258.1084394935495,0.0,1,Decay at rest,
31,524,muon_plus,Muon+,-13,2,71,145.0431959804677,129.16265217583683,15.880543804630863,10.948837480642267,55.53347860036327,0.9973906156032719,0.0025306134007542125,7.877099597391178e-05,0.9999212290040261,99.99212290040262,-22.512970476061913,28.965081109933823,-1.712065593928622,1.089973397778448,258.10843949354944,0.0,1,Decay at rest,
33,594,muon_plus,Muon+,-13,2,75,141.023066503582,128.40499480596768,12.618071697614315,8.947523274353006,52.650961751073346,0.9987428942067906,0.0011990343345988973,5.8071458610589866e-05,0.9999419285413895,99.99419285413896,-21.26463603285945,27.91898197723284,-0.8568071056780628,1.0390685969864784,258.10843949354944,0.0,1,Decay at rest,
34,863,muon_plus,Muon+,-13,2,76,138.55881337341734,129.50324452513834,9.055568848279005,6.535541570981962,52.370448984171276,0.9990647691769091,0.000686733507723298,0.00024849731536747777,0.9997515026846324,99.97515026846324,-20.775087447221622,30.09330853992874,-0.8196066232233274,0.8431566530322697,258.1084394935495,0.0,1,Decay at rest,
35,785,muon_plus,Muon+,-13,2,83,137.96631685889017,130.94213445310464,7.024182405785516,5.091229921698745,52.53326025439757,0.9990350431630954,0.0008635287445101726,0.0001014280923943236,0.9998985719076056,99.98985719076056,-20.889888402463622,29.80800383982734,-1.0431892580553326,0.7320233729005751,258.10843949354944,0.0,1,Decay at rest,
36,283,muon_plus,Muon+,-13,279,12,4.119812659938304,3.726590843580248,0.3932218163580552,9.54465284749001,0.15253053861217555,0.9979768485974829,0.0020072794022198606,1.5872000297296076e-05,0.9999841279997028,99.99841279997028,-0.05412238199997743,0.0833637680479996,-0.0023645868586575814,0.0035075243404782156,109.7781841599383,0.0,1,Decay at rest,
36,1690,muon_plus,Muon+,-13,277,11,4.119812659938304,3.8924852720299152,0.2273273879083883,5.517905950407771,0.15059020056012354,0.9924267207461609,0.007492460741448798,8.08185123903811e-05,0.9999191814876097,99.99191814876097,-0.08192047375521601,0.05272400419621654,-0.005387850425393963,0.006066616248850704,109.7781841599383,0.0,1,Decay at rest,
37,7,muon_plus,Muon+,-13,2,74,143.48518086115837,138.10326031001918,5.38192055113919,3.750854631006765,55.11320484421296,0.9975976711085786,0.002044874626328515,0.00035745426509300906,0.9996425457349071,99.9642545734907,-29.894000009497258,21.68515748024616,-1.959234609467667,0.8556471566277061,258.10843949354955,0.0,1,Decay at rest,
38,14,muon_plus,Muon+,-13,2,74,141.76708922781785,135.01754612354782,6.749543104270028,4.761008454806885,54.88049560392118,0.9992908554838122,0.0004542415491732248,0.0002549029670145977,0.9997450970329854,99.97450970329854,-22.050907742657515,31.030337677955064,-0.7239908831682913,0.6296043476502284,258.10843949354944,0.0,1,Decay at rest,
39,5,muon_plus,Muon+,-13,2,71,144.9156504086699,138.78307334809088,6.132577060579025,4.2318252330130175,55.24532459426962,0.9950760052285103,0.004806465005518964,0.00011752976597073932,0.9998824702340292,99.98824702340292,-21.983948724929853,30.56556143704244,-1.4646431951847783,2.4251612229981534,258.10843949354944,0.0,1,Decay at rest,
40,209,muon_plus,Muon+,-13,206,12,4.1198126599383045,3.7969021761693655,0.322910483768939,7.8379895015365735,0.15026664582660781,0.9972509254046118,0.002640698850384998,0.00010837574500313967,0.9998916242549968,99.98916242549967,-0.05300299798257056,0.0813447742096085,-0.003131854899449858,0.003861846058620625,109.7781841599383,0.0,1,Decay at rest,
41,9,muon_plus,Muon+,-13,2,82,134.03071213469016,126.36661527795582,7.664096856734352,5.718164691263109,51.723458844474415,0.9986365045914553,0.0012301111733022888,0.00013338423524239583,0.9998666157647575,99.98666157647575,-20.41962765418469,28.990233680156685,-1.3641605094800309,0.6181529575423681,258.1084394935495,0.0,1,Decay at rest,
42,139,muon_plus,Muon+,-13,2,69,145.077530780341,137.27695361119524,7.800577169145756,5.376833426367351,54.588748204375,0.9948206215119002,0.004773099174460232,0.0004062793136395067,0.9995937206863604,99.95937206863604,-30.184315894338532,21.66173834639607,-2.2243700448264137,1.501966730338274,258.1084394935494,0.0,1,Decay at rest,
43,13,muon_plus,Muon+,-13,11,11,4.119812659938304,3.167036108547373,0.9527765513909309,23.126696042659358,0.1469597537301833,0.9990393319402505,0.0006753487426947753,0.0002853193170546705,0.9997146806829453,99.97146806829453,-0.08129239982248682,0.05013604557169797,-0.0016295863334607522,0.0016487125283922764,109.7781841599383,0.0,1,Decay at rest,
43,2422,muon_plus,Muon+,-13,9,14,4.1198126599383045,3.746068333220159,0.37374432671814506,9.071876747030094,0.1502650042227257,0.9964012948130623,0.0035520778876073048,4.6627299330189046e-05,0.9999533727006695,99.99533727006695,-0.05405185540911783,0.08044577886827722,-0.003748017416207332,0.0045441816369255605,109.7781841599383,0.0,1,Decay at rest,
44,740,muon_plus,Muon+,-13,2,75,139.202926388425,132.8905934738278,6.312332914597196,4.534626590380415,54.32037031835371,0.9890358754410277,0.010725559939411485,0.00023856461956087822,0.9997614353804392,99.97614353804391,-29.70095842849558,21.41713374075918,-3.2080614933689136,2.1895078089909035,258.10843949354944,0.0,1,Decay at rest,
46,176,muon_plus,Muon+,-13,2,71,143.37238499223076,128.38020099415405,14.992183998076724,10.456814259516669,54.12166320933185,0.9946095905476597,0.005320118820799319,7.029063154084099e-05,0.999929709368459,99.99297093684591,-21.73467489919371,29.171579051183937,-1.962653343690634,1.5467651707747698,258.1084394935495,0.0,1,Decay at rest,
47,21,muon_plus,Muon+,-13,2,73,145.0628274869624,138.32341778122876,6.739409705733627,4.645855745738402,53.95104192777034,0.9979493077741926,0.0020350739375133253,1.5618288294135213e-05,0.9999843817117059,99.99843817117059,-31.348690744321658,21.857780357409272,-1.2477962850225106,0.9607125439747615,258.1084394935495,0.0,1,Decay at rest,
48,22,muon_plus,Muon+,-13,5,12,4.119812659938304,3.591848835549305,0.5279638243889988,12.815238652063014,0.1501958802915621,0.9985473754448195,0.0014269054347340556,2.5719120446354637e-05,0.9999742808795535,99.99742808795536,-0.0832193210683325,0.053335293896452314,-0.0020417361970300535,0.003050917436429783,109.7781841599383,0.0,1,Decay at rest,
49,7,muon_plus,Muon+,-13,2,72,145.73692157902502,136.39129542060425,9.345626158420773,6.412668839963907,55.09017400077755,0.9990830298299913,0.0008531851323634193,6.378503764529023e-05,0.9999362149623547,99.99362149623548,-22.208086636763287,30.533603886722467,-0.8773065432766394,0.719252872375493,258.10843949354955,0.0,1,Decay at rest,
50,4,muon_plus,Muon+,-13,2,73,140.9498761756631,129.328658519206,11.621217656457095,8.244929312299499,53.356994037039705,0.998767721157081,0.0010671440746954255,0.00016513476822372063,0.9998348652317764,99.98348652317765,-21.747556992290804,29.7805114825022,-0.9053889496407409,0.8799400910286156,258.10843949354955,0.0,1,Decay at rest,
51,346,muon_plus,Muon+,-13,344,13,4.119812659938304,3.5016616505828204,0.6181510093554831,15.004347536636296,0.1517237164521332,0.9978380236162571,0.002020737444909334,0.00014123893883354074,0.9998587610611664,99.98587610611665,-0.08509571526837462,0.052953124987870706,-0.0028003104652239586,0.0028386930764388273,109.7781841599383,0.0,1,Decay at rest,
51,1832,muon_plus,Muon+,-13,342,11,4.119812659938304,3.6915196163251873,0.4282930436131164,10.395934936020375,0.14896668085929082,0.9964423957413183,0.00265088511457108,0.0009067191441106295,0.9990932808558894,99.90932808558894,-0.08263624910312403,0.05025727744975254,-0.003359209435568846,0.0037401098931365193,109.7781841599383,0.0,1,Decay at rest,
52,5,muon_plus,Muon+,-13,2,79,142.70044447874716,133.79610211313104,8.904342365616104,6.239884113985544,54.35446633305613,0.9996218208259188,0.0002469820213858214,0.0001311971526955267,0.9998688028473046,99.98688028473046,-31.841842223163038,21.866912849611328,-0.9231299794064701,0.2951851280503939,258.10843949354944,0.0,1,Decay at rest,
53,4,muon_plus,Muon+,-13,2,73,144.817090648053,138.76416898191948,6.05292166613354,4.179701193448135,56.395463999975604,0.9990367950550094,0.0008062230303845245,0.00015698191460604145,0.999843018085394,99.9843018085394,-32.236783213263465,22.76928060982061,-0.9189598031958831,0.7876461621547735,258.10843949354944,0.0,1,Decay at rest,
55,7,muon_plus,Muon+,-13,2,71,144.72201329886886,142.62257495519046,2.099438343678393,1.4506696637385723,55.30043440750837,0.998162424417729,0.0018094244236188282,2.8151158652231704e-05,0.9999718488413478,99.99718488413478,-29.56180116037819,22.526021809717943,-1.0753228447069583,0.9158879768882089,258.1084394935495,0.0,1,Decay at rest,
56,1466,muon_plus,Muon+,-13,1464,12,4.119812659938304,3.3638237870761545,0.7559888728621491,18.350078881340938,0.149125092999126,0.9981134234189072,0.0018441893516299983,4.238722946281682e-05,0.9999576127705372,99.99576127705372,-0.054103644955535636,0.08005309233213556,-0.0034094824933010555,0.0024788326844003197,109.7781841599383,0.0,1,Decay at rest,
56,2697,muon_plus,Muon+,-13,1462,11,4.1198126599383045,3.3452388038740617,0.774573856064243,18.801191219113406,0.1342274428116513,0.9715188708435067,0.02841133945884677,6.978969764652678e-05,0.9999302103023535,99.99302103023535,-0.030213176773498954,0.06194857175902341,-0.011419137484336563,0.005809107158543549,109.7781841599383,0.0,1,Decay at rest,
57,437,muon_plus,Muon+,-13,7,74,142.16082023381122,138.32746917308003,3.8333510607311942,2.6964891271916556,54.39928350169855,0.9955419577609405,0.004255008794885964,0.00020303344417350161,0.9997969665558264,99.97969665558264,-31.26673629537997,22.035933314395585,-1.415965790171593,2.1810972792464973,258.14517568879245,0.0,1,Decay at rest,
58,5,muon_plus,Muon+,-13,2,80,168.80574463979815,158.44244979773157,10.363294842066592,6.139183748858811,67.06871282732288,0.997079363817569,0.0025991620372964753,0.00032147414513458114,0.9996785258548655,99.96785258548655,-38.70647400184456,27.26614444078186,-1.668793030749828,1.5706691480651471,293.2270822356828,0.0,1,Decay at rest,
59,19,muon_plus,Muon+,-13,8,11,4.1198126599383045,3.6253391856586323,0.4944734742796721,12.002329112874685,0.15146677010507942,0.9921736681513856,0.007715679267988514,0.00011065258062587018,0.9998893474193742,99.98893474193741,-0.0849697174273705,0.05040306772038701,-0.006779656453799618,0.004276831607942685,109.7781841599383,0.0,1,Decay at rest,
60,5,muon_plus,Muon+,-13,2,71,141.65195189092915,139.22855655694235,2.4233953339868157,1.7108097005629759,53.70712525527444,0.9934762706673682,0.006413141236985836,0.00011058809564603483,0.9998894119043541,99.98894119043541,-31.10368143566362,21.24090378427331,-1.748085711844283,2.201089683276328,258.10843949354944,0.0,1,Decay at rest,
61,6,muon_plus,Muon+,-13,2,78,140.50486046676656,130.31151209213368,10.193348374632869,7.254801250839211,54.211165823397224,0.9977992954700579,0.002085271126332621,0.00011543340360947455,0.9998845665963905,99.98845665963904,-29.634115363028044,21.98434942093932,-1.0946562266027164,1.301282206147113,258.10843949354944,0.0,1,Decay at rest,
62,210,muon_plus,Muon+,-13,2,77,139.31280392402002,136.8971275133091,2.4156764107109057,1.7339945379524444,52.8090267568115,0.9916366008856986,0.007973592234640926,0.00038980687966059136,0.9996101931203395,99.96101931203395,-30.83529580750502,20.335233103298794,-2.0744381775778185,2.435228173118817,258.10843949354944,0.0,1,Decay at rest,
63,373,muon_plus,Muon+,-13,371,12,4.119812659938304,3.7436339053224583,0.3761787546158454,9.130967489708109,0.15058366184066369,0.9966925006547463,0.002183500818075799,0.0011239985271778172,0.9988760014728222,99.88760014728221,-0.08273251618787246,0.053477364428900276,-0.0033272449893648375,0.004623711584889398,109.7781841599383,0.0,1,Decay at rest,
63,1940,muon_plus,Muon+,-13,369,13,4.119812659938304,3.363653475619541,0.7561591843187627,18.354212842534604,0.15678236858876815,0.9943927559188555,0.005267642151070161,0.00033960193007448827,0.9996603980699256,99.96603980699255,-0.08780412727220324,0.05332360769152844,-0.005483006831820276,0.0044758226668517994,109.7781841599383,0.0,1,Decay at rest,
64,4,muon_plus,Muon+,-13,2,72,141.49857549618184,133.634564860821,7.864010635360848,5.5576606391864685,53.141595485566626,0.9980647737808519,0.001794967115953171,0.00014025910319492973,0.9998597408968051,99.98597408968051,-21.411532966441765,29.9548406684019,-1.5422843483319681,0.7521248967106537,258.10843949354944,0.0,1,Decay at rest,
65,15,muon_plus,Muon+,-13,13,10,4.1198126599383045,3.228031023408148,0.8917816365301563,21.646169623244738,0.1446084293958512,0.9986012294305573,0.0012129084244716817,0.00018586214497101,0.9998141378550289,99.9814137855029,-0.05019217797245132,0.07714103489933245,-0.002753718782046572,0.0019065880954512522,109.7781841599383,0.0,1,Decay at rest,
65,966,muon_plus,Muon+,-13,11,14,4.119812659938304,3.588499387462882,0.5313132724754219,12.8965396325419,0.15005444188447306,0.9973868308586572,0.0025769120837747165,3.625705756807321e-05,0.999963742942432,99.9963742942432,-0.08292581481130276,0.05365215826270248,-0.003935626055332979,0.002895722972318954,109.7781841599383,0.0,1,Decay at rest,
66,4,muon_plus,Muon+,-13,2,66,147.93671979890067,146.3246389271186,1.6120808717820603,1.089709758316569,56.02448478777817,0.998401206036449,0.0012730926872471396,0.00032570127630395765,0.9996742987236962,99.96742987236962,-29.752727725679712,22.889825286432465,-0.7326460657884505,1.0919245670466604,258.10843949354944,0.0,1,Decay at rest,
67,8,muon_plus,Muon+,-13,5,12,4.1198126599383045,3.9130187847094997,0.2067938752288049,5.019497057225454,0.15078876133311828,0.9985199872336177,0.0014272241551477121,5.2788611234529764e-05,0.9999472113887654,99.99472113887654,-0.0842152226982448,0.052644198292187055,-0.002308071642380872,0.0029122800408636403,109.7781841599383,0.0,1,Decay at rest,
67,1387,muon_plus,Muon+,-13,3,11,4.119812659938305,3.7548000177233045,0.3650126422150009,8.859933019878312,0.15006806476930598,0.9958674132146881,0.004081961712831075,5.062507248072973e-05,0.9999493749275191,99.99493749275192,-0.05301171691150579,0.08091511366904902,-0.0034092537046565134,0.0050332796967166825,109.7781841599383,0.0,1,Decay at rest,
68,5,muon_plus,Muon+,-13,2,67,148.46860473047545,128.70013970528615,19.768465025189293,13.31491264505129,56.64037278938691,0.9982249313530444,0.0017023951345446731,7.267351241104148e-05,0.999927326487589,99.9927326487589,-22.901218274587528,29.783225878760987,-0.9386629418810939,1.0734386984878201,258.1084394935494,0.0,1,Decay at rest,
69,182,muon_plus,Muon+,-13,2,72,145.562453355112,139.20395809509876,6.358495260013247,4.368224850196194,55.92366753689573,0.9991381902379589,0.0005970884869756267,0.00026472127506539764,0.9997352787249345,99.97352787249345,-22.32945108791744,30.259412635467232,-1.2021423802172753,0.7178662059094534,258.10843949354944,0.0,1,Decay at rest,
70,5,muon_plus,Muon+,-13,2,53,64.25495141303395,60.56744535040422,3.6875060626297316,5.738866782306415,16.785936596363126,0.9995490395764465,0.0004029931114510072,4.796731210251654e-05,0.9999520326878975,99.99520326878975,-9.574709919450392,6.288942272563641,-0.2347559038187636,0.20704787405491426,171.05622173993277,0.0,1,Decay at rest,
71,16,muon_plus,Muon+,-13,6,11,4.119812659938304,3.4011703896906953,0.7186422702476084,17.44356672418135,0.15026156005809496,0.9979988824557854,0.0017809642377571067,0.00022015330645739492,0.9997798466935425,99.97798466935424,-0.05242242368815696,0.08184294552516468,-0.0035492374171149053,0.00263782678619896,109.7781841599383,0.0,1,Decay at rest,
72,515,muon_plus,Muon+,-13,2,75,141.7674424097089,136.79643642136884,4.971005988340068,3.5064510608675765,53.71999422906882,0.9963139154744756,0.0036521436254438903,3.3940900080472805e-05,0.9999660590999194,99.99660590999194,-30.74927942999145,21.707022931716676,-1.4109900343848054,2.2443208272586586,258.10843949354944,0.0,1,Decay at rest,
73,4,muon_plus,Muon+,-13,2,76,143.0012797687074,136.43565049194842,6.565629276758973,4.591308054989668,55.037954053205986,0.9984754597396331,0.001411354171014132,0.00011318608935277252,0.9998868139106473,99.98868139106473,-21.533083018260545,29.598369647993316,-1.6747828224120767,0.9524562400520034,258.10843949354944,0.0,1,Decay at rest,
74,6,muon_plus,Muon+,-13,2,80,137.3564003079935,118.306483340759,19.049916967234513,13.868969283207035,50.99157587433015,0.9986582963284956,0.0012813156984128574,6.0387973091673174e-05,0.9999396120269084,99.99396120269084,-20.742342447696508,26.610332138312348,-1.065680990865956,0.7436327706456062,258.1084394935494,0.0,1,Decay at rest,
75,22,muon_plus,Muon+,-13,11,14,4.1198126599383045,3.1824570127006298,0.9373556472376748,22.752385232286557,0.14714879483454774,0.9940659388725112,0.005483006181165337,0.0004510549463234686,0.9995489450536765,99.95489450536765,-0.08231449340378189,0.048339546669071386,-0.003902593212491503,0.0058184214647800155,109.7781841599383,0.0,1,Decay at rest,
76,835,muon_plus,Muon+,-13,821,13,4.1198126599383045,3.375539438692818,0.7442732212454867,18.065705474496802,0.15441519553248076,0.9994031843734131,0.0003864782893639907,0.00021033733722285625,0.9997896626627771,99.97896626627771,-0.05569129780047322,0.08389890807649386,-0.0015091507730449042,0.0015122347362413755,109.7781841599383,0.0,1,Decay at rest,
77,8,muon_plus,Muon+,-13,2,72,141.5972776052377,134.20783402471278,7.389443580524924,5.218633935269661,54.264226612998414,0.9984943672999453,0.001155133478220745,0.00035049922183390627,0.9996495007781661,99.96495007781661,-30.225759807508645,21.646173203777316,-0.7385870210482974,0.9141881784097047,258.10843949354955,0.0,1,Decay at rest,
78,4,muon_plus,Muon+,-13,2,85,231.4461111901008,223.72313851615198,7.722972673948821,3.3368340622519566,102.94732213105291,0.9986780835958001,0.001239947759618702,8.19686445811983e-05,0.9999180313554188,99.99180313554189,-58.52677633071965,43.11774336789074,-1.7226667517764682,1.9468828833731524,356.54191280409896,0.0,1,Decay at rest,
79,4,muon_plus,Muon+,-13,2,75,141.86056415612546,133.81383178882348,8.046732367301995,5.672282790618341,53.48659048224157,0.9986444761590397,0.0012243077300058843,0.00013121611095445943,0.9998687838890457,99.98687838890457,-21.208920077382377,30.230210653538798,-1.3809448765400096,0.7694748390369645,258.10843949354944,0.0,1,Decay at rest,
80,206,muon_plus,Muon+,-13,6,74,137.5582338295904,129.82472354038043,7.733510289209953,5.6219901011453555,51.13852883538569,0.9991548604308531,0.0006012597679300415,0.00024387980121689149,0.9997561201987831,99.97561201987831,-20.601015878049136,28.404500846181083,-0.44330283434200896,0.7688342803521008,258.1451756887924,0.0,1,Decay at rest,
81,9,muon_plus,Muon+,-13,2,78,139.28491825708122,129.8103433995487,9.474574857532511,6.802297747732516,53.06211120747608,0.9993845058273106,0.0004945816655168129,0.00012091250717239173,0.9998790874928275,99.98790874928275,-29.5616366675703,21.185293737969214,-0.5574861773497424,0.5898920204056366,258.10843949354955,0.0,1,Decay at rest,
82,4,muon_plus,Muon+,-13,2,72,141.70004154538165,130.822338838261,10.877702707120642,7.67656987851827,54.68216791201143,0.9972708788910744,0.0022357314887492697,0.0004933896201764078,0.9995066103798236,99.95066103798236,-21.690041579211716,29.285129847213987,-1.0809741642033448,1.465699874145949,258.10843949354944,0.0,1,Decay at rest,
84,653,muon_plus,Muon+,-13,2,69,148.56832680631817,142.05933086727686,6.508995939041327,4.381146425325777,56.78259713900485,0.999375644325285,0.000572851246851716,5.1504427863352875e-05,0.9999484955721367,99.99484955721367,-23.004115658590575,31.039829120872074,-0.5882700010175976,0.8517481378339202,258.10843949354944,0.0,1,Decay at rest,
85,352,muon_plus,Muon+,-13,340,11,4.1198126599383045,3.315822190685118,0.8039904692531861,19.515219152349175,0.13955240468709393,0.9993369019072462,0.000654935989231242,8.162103522580268e-06,0.9999918378964775,99.99918378964774,-0.050607899301558776,0.07444348935990117,-0.0019420352891677197,0.001456676834312698,109.7781841599383,0.0,1,Decay at rest,
87,17,muon_plus,Muon+,-13,4,11,4.119812659938304,3.6692503680279103,0.4505622919103932,10.93647525023967,0.1469909713693816,0.9969625782563358,0.0028049017155622664,0.00023252002810182043,0.9997674799718981,99.9767479971898,-0.08108236315956976,0.05080206412718477,-0.003235064280234514,0.003862703223023261,109.7781841599383,0.0,1,Decay at rest,
88,782,muon_plus,Muon+,-13,2,75,139.9979021786268,131.43114853120025,8.566753647426536,6.119201440958738,53.14980349219322,0.9962601917901333,0.0035573674234879843,0.00018244078637865614,0.9998175592136213,99.98175592136212,-21.326843723425807,29.290029317096657,-2.2417660730270024,1.2060035183135058,258.1084394935494,0.0,1,Decay at rest,
89,30,muon_plus,Muon+,-13,13,11,4.1198126599383045,3.171946098326239,0.9478665616120657,23.007516114246332,0.144912672602727,0.9994618356565856,0.0004399675274269235,9.819681598752166e-05,0.9999018031840126,99.99018031840126,-0.08019815529642037,0.05012336759341942,-0.0016868396126974263,0.0013104336099290115,109.7781841599383,0.0,1,Decay at rest,
90,344,muon_plus,Muon+,-13,2,65,150.15820722954663,146.65547227178942,3.502734957757215,2.3326963090353026,58.26825981306943,0.9958897686097141,0.004081569308867497,2.866208141837971e-05,0.9999713379185816,99.99713379185816,-31.388006450113615,23.046541725657388,-1.4108119896637665,2.203444148812258,258.1084394935494,0.0,1,Decay at rest,
91,4,muon_plus,Muon+,-13,2,74,144.23944312543833,139.70317722293905,4.5362659024992835,3.1449552245943604,55.828984784033764,0.9942556125745197,0.005362405804713774,0.00038198162076638343,0.9996180183792335,99.96180183792335,-31.428640017432695,22.285184286511413,-2.2147327662764478,3.2752994218429654,258.1084394935495,0.0,1,Decay at rest,
93,7,muon_plus,Muon+,-13,2,74,143.34201176940888,141.02546349600982,2.3165482733990728,1.6160986195210185,54.15579443253291,0.9990960169137866,0.0007476579281807217,0.00015632515803271684,0.9998436748419673,99.98436748419674,-31.66482406186462,21.73797417065201,-0.7614088354727166,0.9597150573092277,258.1084394935495,0.0,1,Decay at rest,
94,14,muon_plus,Muon+,-13,4,11,4.119812659938304,3.3447126715372475,0.7750999884010561,18.8139620021621,0.14600744976845234,0.9923373840369877,0.007633719293244289,2.8896669768099806e-05,0.999971103330232,99.9971103330232,-0.050748643119149964,0.07863677799146873,-0.005157007348944004,0.00532821514541331,109.7781841599383,0.0,1,Decay at rest,
95,5,muon_plus,Muon+,-13,2,61,97.49724635819015,91.24896566743067,6.2482806907594926,6.408674013011868,31.803189560722863,0.9964909760923388,0.0034144829747296277,9.454093293157895e-05,0.9999054590670685,99.99054590670686,-12.41228992806406,17.48911556417448,-0.751296965400804,1.2655351053477013,209.95738381850956,0.0,1,Decay at rest,
96,5,muon_plus,Muon+,-13,2,76,137.67442734190467,131.7934261594936,5.881001182411071,4.2716728850493215,52.798524578129474,0.9972434853369633,0.0025593586105841968,0.00019715605245238432,0.9998028439475475,99.98028439475475,-21.039145195505725,29.30861630595048,-1.0891897630247072,1.3183948393158016,258.10843949354944,0.0,1,Decay at rest,
98,8,muon_plus,Muon+,-13,2,79,136.0849803688606,129.78270112675492,6.302279242105689,4.631135063563411,52.04298007925681,0.9993661699154369,0.0005455281498818313,8.830193468122744e-05,0.9999116980653188,99.99116980653187,-20.928990279394608,29.121282835745127,-0.46359999055860174,0.6724589794351405,258.10843949354955,0.0,1,Decay at rest,
99,531,muon_plus,Muon+,-13,519,11,4.119812659938304,3.359349978008561,0.7604626819297426,18.45867141786809,0.15054933172129792,0.9992770497846819,0.0006767556827566777,4.6194532561528756e-05,0.9999538054674386,99.99538054674386,-0.08374066719189689,0.05325645900362728,-0.0016846575367383948,0.0014955282192984736,109.7781841599383,0.0,1,Decay at rest,
100,380,muon_plus,Muon+,-13,2,73,143.6885385010565,135.0491548528837,8.63938364817282,6.012576742931585,54.21778438222003,0.9940151487877141,0.005883860796932388,0.00010099041535334939,0.9998990095846465,99.98990095846464,-28.942344948366543,21.509857183798605,-1.993104399666322,1.6186852018623927,258.10843949354944,0.0,1,Decay at rest,
101,12,muon_plus,Muon+,-13,2,70,146.5781965891488,138.7118730472563,7.866323541892513,5.36663959916318,56.15913786386058,0.9969285308474155,0.002995415227886216,7.605392469817423e-05,0.9999239460753018,99.99239460753017,-31.84370717537313,22.512207474366452,-1.6339292797425826,1.5880906797228078,258.1084394935494,0.0,1,Decay at rest,
102,25,muon_plus,Muon+,-13,11,11,4.1198126599383045,3.672406732045056,0.4474059278932484,10.859860989405972,0.14095563979156578,0.9985468993645008,0.0013368887902852945,0.00011621184521403855,0.9998837881547861,99.98837881547861,-0.07691557360609215,0.049758902172737186,-0.002130569804673342,0.002616443293690835,109.7781841599383,0.0,1,Decay at rest,
103,906,muon_plus,Muon+,-13,2,76,137.45775139310916,130.0712582125921,7.386493180517047,5.373646160843089,51.388294783220495,0.9989629009244209,0.0010101456140904205,2.695346148870331e-05,0.9999730465385113,99.99730465385113,-20.48720604725036,28.67360012091009,-0.6750589726053365,0.7788670676296278,258.10843949354944,0.0,1,Decay at rest,
104,285,muon_plus,Muon+,-13,270,13,4.119812659938305,4.039492310814623,0.08032034912368191,1.9496116875587424,0.14632865349183122,0.9997801148620359,0.0001778091434271052,4.207599453696279e-05,0.999957924005463,99.9957924005463,-0.08004891258998126,0.053060091787114204,-0.0009346323222291649,0.0009160993771644423,109.7781841599383,0.0,1,Decay at rest,
105,461,muon_plus,Muon+,-13,7,80,136.08647411384044,129.10185231443614,6.984621799404292,5.132487886754598,51.415552464763266,0.998932042738059,0.0009502469582770484,0.00011771030366390557,0.9998822896963361,99.98822896963361,-20.491883011370504,29.40988297284605,-1.0789328423453235,0.8314689962136205,258.14517568879245,0.0,1,Decay at rest,
106,5,muon_plus,Muon+,-13,2,71,139.46185408650123,135.22827872555735,4.233575360943898,3.035651138208748,53.65567895683062,0.9963640250378692,0.0032826270499750555,0.00035334791215549675,0.9996466520878443,99.96466520878442,-21.485665652612077,30.221509564791535,-1.5436427550467036,1.4095124030331183,258.1084394935494,0.0,1,Decay at rest,
107,10,muon_plus,Muon+,-13,7,12,4.119812659938304,3.777659860463425,0.342152799474879,8.305057237238621,0.1481760661441306,0.9929157082340279,0.006852526093803674,0.00023176567216848124,0.9997682343278316,99.97682343278316,-0.05231208960161028,0.07890011056236175,-0.005338474189436327,0.005624885208440447,109.7781841599383,0.0,1,Decay at rest,
107,1221,muon_plus,Muon+,-13,5,13,4.119812659938305,3.4049995958290484,0.7148130641092572,17.3506206012766,0.15688853077174644,0.9985913122743538,0.0011615344056301567,0.00024715332001612445,0.999752846679984,99.9752846679984,-0.05554890254530724,0.08557728078250992,-0.0020774043714593482,0.002750814139455397,109.7781841599383,0.0,1,Decay at rest,
108,1311,muon_plus,Muon+,-13,2,78,137.02549540278778,135.35849227089753,1.667003131890258,1.216564207259449,51.7241890450775,0.9987856407149349,0.0011602352126679019,5.4124072397290215e-05,0.9999458759276029,99.99458759276028,-28.556902332886057,20.61775281778277,-0.9707919083330326,0.8153209810437955,258.1084394935495,0.0,1,Decay at rest,
109,7,muon_plus,Muon+,-13,5,10,4.1198126599383045,3.655513802268172,0.4642988576701325,11.269902201744426,0.13923866190638043,0.9719095799987464,0.02772585243298319,0.0003645675682705045,0.9996354324317296,99.96354324317296,-0.0722178981822267,0.0396282045487042,-0.00969338298595057,0.01045761668627719,109.7781841599383,0.0,1,Decay at rest,
109,1245,muon_plus,Muon+,-13,3,11,4.1198126599383045,3.6889649394607695,0.430847720477535,10.457944475659414,0.14891350764027775,0.995712717254729,0.003980765440413888,0.0003065173048572461,0.9996934826951429,99.96934826951428,-0.053311496069343954,0.07988985214661026,-0.003705223027121724,0.003968158248225447,109.7781841599383,0.0,1,Decay at rest,
110,509,muon_plus,Muon+,-13,2,75,134.6079051893644,126.50159936291229,8.106305826452111,6.022161785407982,51.52837875616364,0.9972602129682329,0.0022806411888161584,0.00045914584295096765,0.9995408541570491,99.95408541570491,-28.845225845919337,20.303982968217507,-1.1023073801024212,1.1057719784909896,258.10843949354944,0.0,1,Decay at rest,
111,5,muon_plus,Muon+,-13,2,68,140.14098482107508,131.91205868579112,8.228926135283947,5.871891185715745,53.09802892590774,0.9970986477849164,0.002553532509492592,0.000347819705591177,0.999652180294409,99.9652180294409,-29.593355201365487,21.210896250742167,-0.9627657688755018,1.544956877080996,258.10843949354944,0.0,1,Decay at rest,
112,4,muon_plus,Muon+,-13,2,74,141.48840976923782,139.73399798768418,1.7544117815536489,1.2399685489539585,55.0325549299601,0.9996603480960743,0.00030566948804445956,3.3982415881310774e-05,0.9999660175841187,99.99660175841187,-31.646202394909437,22.288897934892013,-0.42142500174091424,0.5005075484376723,258.1084394935494,0.0,1,Decay at rest,
113,7,muon_plus,Muon+,-13,2,70,144.43355288436234,141.60835629473755,2.8251965896247824,1.9560528237415276,55.04738801014899,0.9967766058805343,0.003134764546664262,8.862957280159932e-05,0.9999113704271986,99.99113704271986,-32.01882982225923,22.132481911634308,-1.3362261115770353,1.5118574583156466,258.1084394935495,0.0,1,Decay at rest,
114,255,muon_plus,Muon+,-13,2,71,144.31776310330423,131.14802634540393,13.169736757900292,9.125513363502765,55.270792551767464,0.9965382364978115,0.0033331905650664114,0.0001285729371221538,0.9998714270628779,99.98714270628778,-22.05283452248816,29.226045758790725,-1.2077667769134364,1.8798582127602468,258.10843949354944,0.0,1,Decay at rest,
115,189,muon_plus,Muon+,-13,137,11,4.1198126599383045,3.4120652651684122,0.7077473947698923,17.179115974183425,0.14717935416076006,0.9978037746905916,0.0016820855988231493,0.0005141397105853227,0.9994858602894147,99.94858602894146,-0.051066565484708976,0.08018158823028282,-0.0017327694940796937,0.0034267627223717404,109.7781841599383,0.0,1,Decay at rest,
116,346,muon_plus,Muon+,-13,2,72,142.35978014634296,132.26551553008744,10.094264616255519,7.090671681200139,55.372736877868185,0.999785708420323,0.00014783003956633033,6.646154011057149e-05,0.9999335384598893,99.99335384598893,-32.34432998508186,22.114440942653566,-0.4764493297905738,0.28997183634956825,258.10843949354944,0.0,1,Decay at rest,
117,481,muon_plus,Muon+,-13,2,73,138.51282345026786,124.65680736637078,13.856016083897078,10.003417545576198,52.306458946960205,0.998251870162155,0.0012377579336996765,0.0005103719041453841,0.9994896280958546,99.94896280958547,-21.11336665337862,27.92636911846614,-1.4521701787509793,0.8522320211124091,258.1084394935495,0.0,1,Decay at rest,
118,532,muon_plus,Muon+,-13,2,82,140.2452101964987,126.9563945562927,13.288815640206012,9.475414968958258,53.467373419051356,0.9991553973548115,0.0007358637798928557,0.00010873886529569485,0.9998912611347044,99.98912611347043,-21.680227520175034,27.96522376545833,-0.7191092258023198,0.7283034009531947,258.10843949354944,0.0,1,Decay at rest,
119,1216,muon_plus,Muon+,-13,2,75,141.03746850640275,135.1448491642262,5.892619342176531,4.178052403081115,53.48169031975799,0.9987617480214596,0.000718511854356329,0.0005197401241839997,0.9994802598758159,99.94802598758159,-21.568362947134144,29.925141001214413,-0.6177617611823382,0.9884134154728641,258.1084394935495,0.0,1,Decay at rest,
120,5,muon_plus,Muon+,-13,2,48,48.18868019811879,44.44437663684505,3.7443035612737363,7.770089460594748,10.483452032206216,0.995662839463396,0.0042394860754938115,9.767446111019805e-05,0.9999023255388898,99.99023255388899,-3.8158695151724245,5.827302415872703,-0.26500305605306096,0.3476736901369108,155.84799710324205,0.0,1,Decay at rest,
121,11,muon_plus,Muon+,-13,2,73,140.52491548013197,136.2246954329184,4.300220047213564,3.060112174784797,53.89917539855459,0.9953112372070648,0.004579365708151843,0.00010939708478344167,0.9998906029152167,99.98906029152167,-21.497451451577096,29.579503508531793,-1.6123096077506462,2.1496813689962475,258.10843949354955,0.0,1,Decay at rest,
122,4,muon_plus,Muon+,-13,2,73,143.79878388723526,130.0792604869171,13.719523400318165,9.540778461017306,54.28864736568882,0.99592759543411,0.004041207717020653,3.119684886917464e-05,0.9999688031511307,99.99688031511307,-28.618365304952015,21.990698537637837,-1.4032228963050026,1.7955202576424019,258.1084394935495,0.0,1,Decay at rest,
123,16,muon_plus,Muon+,-13,2,78,139.8326073219456,126.74855804626206,13.08404927568354,9.35693721676754,54.11440249038825,0.9987316520112248,0.0008550434640272926,0.0004133045247479222,0.9995866954752521,99.95866954752522,-22.066437708448124,28.39097595675776,-0.7272110410634297,0.8052852074492252,258.1084394935495,0.0,1,Decay at rest,
124,78,muon_plus,Muon+,-13,2,71,142.1446128785858,132.65531802634908,9.489294852236721,6.675803366774156,53.7911291666522,0.9934216995092081,0.0065011918913208495,7.710859947090524e-05,0.9999228914005289,99.99228914005289,-21.42458258690699,28.800024224715198,-1.9696780482806326,2.4495405408370865,258.10843949354944,0.0,1,Decay at rest,
125,4,muon_plus,Muon+,-13,2,76,142.65251849911084,136.01044857403573,6.642069925075106,4.656118233984426,54.66554071498,0.9930996294275659,0.006852842824088121,4.752774834615294e-05,0.9999524722516541,99.9952472251654,-31.158170933277894,21.143813083612383,-2.6866920881397442,1.626125696208402,258.1084394935495,0.0,1,Decay at rest,
126,5,muon_plus,Muon+,-13,2,68,145.710349691048,133.1665649553608,12.54378473568722,8.608712258452476,55.66770633754351,0.9998019972736967,0.00012695124515993192,7.105148114320761e-05,0.9999289485188566,99.99289485188567,-22.734850875611674,29.632302944335887,-0.3534013523183486,0.4365079296207162,258.1084394935495,0.0,1,Decay at rest,
127,20,muon_plus,Muon+,-13,4,15,4.119812659938304,3.7149242429405724,0.4048884169977313,9.827835642502121,0.15141095698546345,0.9993388009594141,0.0006189398471167606,4.225919346923599e-05,0.9999577408065309,99.99577408065309,-0.08492779490392441,0.053680643072117076,-0.0015559480476089451,0.0018688299083217366,109.7781841599383,0.0,1,Decay at rest,
128,13,muon_plus,Muon+,-13,2,77,140.19450787818045,134.5457866897661,5.6487211884143465,4.029202908093021,52.27351608575461,0.99584178184083,0.004091750084095962,6.646807507399501e-05,0.9999335319249261,99.9933531924926,-20.991113656387537,29.167297613518738,-1.3379962714671834,1.7518348786086002,258.10843949354944,0.0,1,Decay at rest,
129,8,muon_plus,Muon+,-13,2,74,141.0838908699887,137.28809157861224,3.795799291376463,2.6904554928063047,53.993531960716474,0.9986795713688428,0.0012867846533000948,3.3643977857092035e-05,0.9999663560221429,99.99663560221428,-21.613423380247834,29.51888988294078,-0.7028889747949834,1.142719848387758,258.1084394935494,0.0,1,Decay at rest,
131,4,muon_plus,Muon+,-13,2,72,142.3938037259755,134.56573155882927,7.828072167146211,5.497480903179366,54.18088414756342,0.9974101031424505,0.00243935503856466,0.00015054181898489576,0.9998494581810151,99.98494581810151,-31.076030712985716,21.85711753811535,-1.6005223792001322,1.2616976197009628,258.1084394935495,0.0,1,Decay at rest,
132,5,muon_plus,Muon+,-13,2,70,145.95391535386557,140.21571298968368,5.738202364181901,3.931516568274046,55.94460502571415,0.9937899473043598,0.005778626182254217,0.0004314265133860124,0.999568573486614,99.9568573486614,-32.27274401275496,21.86641754562054,-2.4869442378105617,1.564660729266354,258.1084394935495,0.0,1,Decay at rest,
133,260,muon_plus,Muon+,-13,246,11,4.1198126599383045,3.544573870273974,0.5752387896643306,13.96274144351372,0.15257438156539893,0.9940976152037689,0.005792869293441599,0.0001095155027895378,0.9998904844972105,99.98904844972105,-0.08611928814504308,0.051518358250674606,-0.005859721085556165,0.00434069886844694,109.7781841599383,0.0,1,Decay at rest,
134,4,muon_plus,Muon+,-13,2,50,57.60593488264396,52.80218342167848,4.803751460965481,8.33898706921741,14.001826811878914,0.9989054979645771,0.0010551698122599374,3.933222316299471e-05,0.999960667776837,99.9960667776837,-8.037694649246788,5.166521495288697,-0.21838012654318129,0.24830438891895706,164.9542721633772,0.0,1,Decay at rest,
135,4,muon_plus,Muon+,-13,2,69,147.27669940792592,145.6229754705598,1.6537239373661194,1.1228686846013889,54.682384901369446,0.9970122403543463,0.0029468774533681487,4.088219228557793e-05,0.9999591178077145,99.99591178077145,-29.314952247994473,22.026582212396082,-1.27316833799343,1.302456373462272,258.10843949354944,0.0,1,Decay at rest,
137,484,muon_plus,Muon+,-13,2,80,135.92925263700846,128.81060691547873,7.118645721529743,5.2370226301028024,51.04717601602087,0.994573543669578,0.005110658986228891,0.00031579734419317736,0.9996842026558068,99.96842026558068,-29.525866255658574,20.38231483125913,-2.1458356631944424,1.3839005553146628,258.1084394935495,0.0,1,Decay at rest,
138,4,muon_plus,Muon+,-13,2,74,143.02641679212053,138.44001853706507,4.586398255055448,3.20667912817915,54.378218205685236,0.9942816720057497,0.005592150403266851,0.00012617759098346705,0.9998738224090166,99.98738224090165,-21.790949352076094,29.962318897962668,-1.6884817560510852,2.105186936816349,258.10843949354955,0.0,1,Decay at rest,
139,7,muon_plus,Muon+,-13,2,92,251.00899111143244,233.32575124868714,17.683239862745303,7.044863127988528,112.91911670205138,0.9991038273574634,0.0006951461822760948,0.00020102646026062427,0.9997989735397395,99.97989735397394,-48.11762369001081,60.12375750579582,-2.3432670579266968,1.1673194527211685,382.4143125508401,0.0,1,Decay at rest,
140,274,muon_plus,Muon+,-13,261,15,4.1198126599383045,3.3497629718299,0.7700496881084048,18.691376323891788,0.15302591047542338,0.9627256249073082,0.03714851290746492,0.00012586218522682557,0.9998741378147731,99.9874137814773,-0.05181087439421825,0.07577726244200762,-0.01290268609619729,0.013681873352819163,109.7781841599383,0.0,1,Decay at rest,
141,11,muon_plus,Muon+,-13,9,11,4.119812659938304,4.047395836627877,0.0724168233104267,1.7577698135310644,0.14795662844682003,0.998735351277669,0.0009817744824521006,0.00028287423987893363,0.9997171257601211,99.97171257601211,-0.08216316797142995,0.05118298425302635,-0.0016101924565041074,0.002553866864211196,109.7781841599383,0.0,1,Decay at rest,
141,1371,muon_plus,Muon+,-13,7,10,4.1198126599383045,3.4213369979535333,0.6984756619847714,16.954063682964442,0.13890634254621834,0.6090925183730513,0.39067683495660366,0.00023064667034505468,0.999769353329655,99.9769353329655,-0.04800658077619259,0.020247997902041483,-0.024785057824094972,0.02104699227228674,109.7781841599383,0.0,1,Decay at rest,
142,4,muon_plus,Muon+,-13,2,74,144.81958597806675,140.42612190641046,4.393464071656293,3.0337499185515506,55.276044083503265,0.9959268508682821,0.0040313862009953945,4.176293072246504e-05,0.9999582370692776,99.99582370692775,-22.072478147691907,29.918365790637917,-1.5230123754937468,1.849467108830421,258.10843949354944,0.0,1,Decay at rest,
143,1663,muon_plus,Muon+,-13,2,73,141.00755222341647,135.7009270849604,5.30662513845607,3.76336235526456,52.89714135865253,0.9992534359890749,0.0006991310411300336,4.743296979503797e-05,0.999952567030205,99.9952567030205,-30.45952399014992,21.478391722658984,-0.9451553772052286,0.5344401877477674,258.10843949354944,0.0,1,Decay at rest,
145,10,muon_plus,Muon+,-13,2,69,143.5747434684289,141.95061185083563,1.6241316175932559,1.131209834235498,55.17580885474015,0.9954295241203172,0.004103566292335785,0.00046690958734704567,0.9995330904126529,99.9533090412653,-29.511875961397717,21.88969532280737,-1.5570817357667819,1.9750236894571493,258.10843949354955,0.0,1,Decay at rest,
146,11,muon_plus,Muon+,-13,2,73,142.81085512683302,139.85855343784485,2.9523016889881695,2.0672810105129433,53.7303247662678,0.9994345209252344,0.0003768262541541608,0.00018865282061148798,0.9998113471793886,99.98113471793886,-31.35026425965194,21.43703747956228,-0.4917705353749328,1.0013407434317283,258.10843949354944,0.0,1,Decay at rest,
147,4,muon_plus,Muon+,-13,2,73,140.23064300672524,133.82011372678696,6.4105292799382765,4.571418302368362,53.5616847514158,0.9946673605209811,0.005313698145877967,1.894133314074669e-05,0.9999810586668592,99.99810586668592,-31.231289537422647,20.8065888688432,-2.5145383308231275,1.476255681145834,258.1084394935494,0.0,1,Decay at rest,
148,5,muon_plus,Muon+,-13,2,77,138.00368470532337,133.14077869357035,4.86290601175301,3.52375084921586,52.840403071143754,0.9987179655957179,0.0012545050639223838,2.7529340359602278e-05,0.9999724706596402,99.99724706596402,-29.951820685356495,21.211997147578195,-1.0614226408951315,0.6408288291377752,258.10843949354944,0.0,1,Decay at rest,
149,4,muon_plus,Muon+,-13,2,82,137.38427171393158,127.73938542485114,9.644886289080443,7.020371523432834,52.09448129709946,0.9984022967219947,0.0015586393337043661,3.906394430100514e-05,0.999960936055699,99.9960936055699,-21.202083124188324,29.00001970469883,-1.1713467037746834,0.7939561366945292,258.1084394935495,0.0,1,Decay at rest,
150,5,muon_plus,Muon+,-13,2,72,143.63178230512167,137.8992903151432,5.732491989978486,3.991102733655959,54.794530493622446,0.9981887872289553,0.0017574360194703908,5.377675157439173e-05,0.9999462232484257,99.99462232484258,-21.98027599135448,30.633934249158788,-1.4725815795034376,0.9280606661246359,258.10843949354955,0.0,1,Decay at rest,
151,12,muon_plus,Muon+,-13,2,74,139.47105413778047,136.19137822828193,3.2796759094985255,2.3515100891534124,52.05495546426426,0.9918078506837488,0.007288468706470127,0.0009036806097809667,0.9990963193902189,99.90963193902189,-20.12433186505615,27.155346335639408,-2.8299310740321784,2.090719844119806,258.1084394935495,0.0,1,Decay at rest,
153,4,muon_plus,Muon+,-13,2,75,134.69530977497288,128.70641303772067,5.988896737252231,4.446254845293062,51.44484945247449,0.9958132008546222,0.004151661007134988,3.513813824285397e-05,0.9999648618617571,99.99648618617572,-29.236612593231467,20.649680988197957,-1.7118470367289251,1.3753195468695798,258.10843949354944,0.0,1,Decay at rest,
154,13,muon_plus,Muon+,-13,4,12,4.119812659938304,3.3062923232337664,0.813520336704537,19.74653713299478,0.1530449250787889,0.9952173941984833,0.004568310347754541,0.00021429545376214568,0.9997857045462378,99.97857045462378,-0.05621988554840252,0.08109990101869372,-0.005069858168914843,0.004442488130447652,109.7781841599383,0.0,1,Decay at rest,
155,10,muon_plus,Muon+,-13,2,74,142.07405485887017,129.52524434578547,12.548810513084709,8.83258419389108,54.23685213523308,0.9893266625806644,0.010410799022053467,0.0002625383972823578,0.9997374616027178,99.97374616027179,-21.28791087235411,28.409860343048848,-2.1618835637158043,2.7501597822544603,258.1084394935495,0.0,1,Decay at rest,
156,761,muon_plus,Muon+,-13,2,73,142.9076787231175,141.26297584226725,1.644702880850244,1.1508848898433532,54.70999468107674,0.9973534211363208,0.0025540720601079188,9.250680357141904e-05,0.9999074931964287,99.99074931964287,-31.28425021141677,21.987137461653,-1.1905142825965596,1.7771680032648394,258.10843949354944,0.0,1,Decay at rest,
157,25,muon_plus,Muon+,-13,4,11,4.119812659938304,3.352405083510215,0.767407576428089,18.627244483480503,0.14760034590829907,0.997818487101703,0.002149592423439516,3.192047485753058e-05,0.9999680795251424,99.99680795251425,-0.052799743777393715,0.07946003335730605,-0.0035180902608988687,0.003052182028736931,109.7781841599383,0.0,1,Decay at rest,
158,4,muon_plus,Muon+,-13,2,74,141.05784049172658,134.04050531451347,7.017335177213101,4.974792718186188,53.604020536548596,0.9982869818684051,0.0014460826528817526,0.0002669354787131025,0.9997330645212869,99.97330645212868,-21.524307789491026,30.291977766251758,-0.9164840474697095,0.8803159028391104,258.1084394935494,0.0,1,Decay at rest,
159,14,muon_plus,Muon+,-13,2,71,145.27780206743986,136.38226148987246,8.895540577567395,6.123124421608449,56.00084648395388,0.998199762549437,0.0016682177693360181,0.0001320196812269737,0.999867980318773,99.9867980318773,-30.097425514218894,22.578953009696388,-1.3627060918939689,0.9996527189534209,258.1084394935494,0.0,1,Decay at rest,
161,91,muon_plus,Muon+,-13,6,69,144.08147268677476,133.53630826971218,10.54516441706258,7.318889944987715,55.22444072016349,0.9939778524256249,0.005683312335908617,0.0003388352384666219,0.9996611647615334,99.96611647615335,-21.800026892992513,30.693558051898464,-2.0960485637932678,1.6626414904028013,258.14517568879245,0.0,1,Decay at rest,
162,429,muon_plus,Muon+,-13,336,14,4.119812659938304,3.7051751601246568,0.41463749981364667,10.064474626374299,0.1641353734699306,0.9992906299777214,0.0006039282912450115,0.00010544173103354797,0.9998945582689664,99.98945582689664,-0.09459742852921173,0.055091825714980724,-0.002394102709066146,0.001790343976211596,109.7781841599383,0.0,1,Decay at rest,
163,16,muon_plus,Muon+,-13,4,11,4.1198126599383045,3.561531630216469,0.5582810297218355,13.551126611912395,0.15308557191747788,0.997745373997801,0.0021551913278899356,9.943467430890679e-05,0.9999005653256909,99.9900565325691,-0.08664360711475423,0.05235841325455342,-0.002700398994282322,0.0039314357079452715,109.7781841599383,0.0,1,Decay at rest,
164,307,muon_plus,Muon+,-13,293,12,4.1198126599383045,3.685406413743812,0.4344062461944922,10.544320386670144,0.1489312948362002,0.999865241169226,9.757427219850416e-05,3.718455857542689e-05,0.9999628154414245,99.99628154414245,-0.08439506562085472,0.050473604291006925,-0.0005744648421177497,0.0007982502303393107,109.7781841599383,0.0,1,Decay at rest,
165,4,muon_plus,Muon+,-13,2,71,144.58128082459595,134.53028989480944,10.050990929786508,6.951792702666837,55.56268664563956,0.9993118313863427,0.0006291877870199137,5.898082663732142e-05,0.9999410191733626,99.99410191733627,-22.46558416202503,31.538436499051297,-0.7785876762092391,0.6408859686329398,258.10843949354944,0.0,1,Decay at rest,
166,10,muon_plus,Muon+,-13,2,72,137.09413319413156,131.3958365828461,5.6982966112854525,4.156484656580019,51.04064469489825,0.9951689273500254,0.004757945995817316,7.312665415734787e-05,0.9999268733458427,99.99268733458428,-27.823607093251788,20.151666006787057,-2.2539445008904826,1.3321804121292111,258.10843949354944,0.0,1,Decay at rest,
167,188,muon_plus,Muon+,-13,169,11,4.1198126599383045,3.3286469718087215,0.7911656881295832,19.20392390224441,0.14615445441858327,0.9993350334839751,0.0005408365354204824,0.00012412998060439462,0.9998758700193956,99.98758700193956,-0.051396877097703554,0.07938059690294863,-0.0027801127421299915,0.0016595992453947556,109.7781841599383,0.0,1,Decay at rest,
168,9,muon_plus,Muon+,-13,2,75,142.09789840591836,134.42342891668756,7.67446948923079,5.400832507253429,54.65010186932104,0.9960642627528528,0.003437810123132375,0.0004979271240149335,0.9995020728759851,99.95020728759852,-21.633083399955737,30.928857535028197,-1.8229157174262947,1.4532854002587035,258.1084394935494,0.0,1,Decay at rest,
169,14,muon_plus,Muon+,-13,2,71,139.62720467661936,134.38012521578196,5.247079460837411,3.757920580727659,52.87304712931897,0.9964094998669598,0.0035245368825925923,6.596325044757299e-05,0.9999340367495524,99.99340367495523,-21.265765322608594,29.1177621824458,-1.072360912667835,2.136688076531857,258.10843949354955,0.0,1,Decay at rest,
170,222,muon_plus,Muon+,-13,205,10,4.1198126599383045,3.390862751129048,0.7289499088092564,17.69376350283298,0.1467567289666174,0.9953470118780166,0.004439256268389877,0.00021373185359353498,0.9997862681464065,99.97862681464065,-0.04806411273581417,0.07959470957077838,-0.004872881072314677,0.0035756392950920097,109.7781841599383,0.0,1,Decay at rest,
171,881,muon_plus,Muon+,-13,2,72,145.39721614050677,143.03939123770846,2.357824902798324,1.6216437737843652,55.78648853249162,0.9969666909895832,0.0029463941706042757,8.691483981241148e-05,0.9999130851601875,99.99130851601875,-29.862730547444094,22.332853320323636,-1.1797178588488444,1.8285200637680612,258.10843949354944,0.0,1,Decay at rest,
172,6,muon_plus,Muon+,-13,2,79,138.95030641335785,130.2476123515505,8.702694061807355,6.2631701119953265,52.16446548165885,0.9993065530453129,0.0006639393742885738,2.9507580398607095e-05,0.9999704924196015,99.99704924196014,-29.013377412878555,21.136338625174723,-0.4743713946149549,0.8580483365157221,258.1084394935495,0.0,1,Decay at rest,
173,19,muon_plus,Muon+,-13,8,12,4.119812659938304,3.4521373541668297,0.6676753057714737,16.20644822673739,0.15215213211647333,0.9988163730239045,0.000922570681075198,0.00026105629502023444,0.9997389437049796,99.97389437049796,-0.052630729162405944,0.08297268019141033,-0.002608899766341965,0.0019401682818549273,109.7781841599383,0.0,1,Decay at rest,
174,4,muon_plus,Muon+,-13,2,76,141.85836182673916,139.42969371038294,2.4286681163562194,1.712037334339522,53.83071138064205,0.996805980399259,0.0029494662494327375,0.0002445533513080793,0.9997554466486918,99.97554466486918,-28.983186439615274,21.21115001913248,-1.1838672017985237,1.365299941330561,258.10843949354944,0.0,1,Decay at rest,
176,17,muon_plus,Muon+,-13,10,11,4.1198126599383045,3.58886803620455,0.5309446237337544,12.887591440667729,0.15116014154208024,0.9937551097373682,0.0060046965014626,0.0002401937611690945,0.9997598062388309,99.97598062388309,-0.08487046427849425,0.050914855567377335,-0.006316795774685887,0.003938079292775748,109.7781841599383,0.0,1,Decay at rest,
177,1623,muon_plus,Muon+,-13,1611,11,4.1198126599383045,3.7552714057922416,0.3645412541460628,8.848491041617459,0.15055230680669546,0.9986132043040601,0.0013022081242182603,8.458757172164611e-05,0.9999154124282783,99.99154124282784,-0.05309752172161223,0.08225613847684615,-0.0023402473215689648,0.0021049352240575777,109.7781841599383,0.0,1,Decay at rest,
178,28,muon_plus,Muon+,-13,24,13,4.119812659938304,3.4673507151131147,0.652461944825189,15.837175101912521,0.15350035680726812,0.9984150227462123,0.0015366320318632603,4.834522192437059e-05,0.9999516547780756,99.99516547780756,-0.08572298113530144,0.053609628054171236,-0.0036963636349511488,0.00265597682853674,109.7781841599383,0.0,1,Decay at rest,
179,11,muon_plus,Muon+,-13,2,70,142.88579861836968,130.04516410944933,12.840634508920346,8.98664152286827,54.18901865504567,0.9981837498921371,0.0014921124278846904,0.00032413767997822174,0.9996758623200218,99.96758623200218,-21.601538231499465,30.075332354126804,-1.2011752203904995,0.8312014491950253,258.10843949354944,0.0,1,Decay at rest,
180,6,muon_plus,Muon+,-13,2,74,138.8014023353706,129.05044878941413,9.750953545956472,7.025111693321595,53.75110011014281,0.9965639402894637,0.003388921791249981,4.713791928649093e-05,0.9999528620807137,99.99528620807136,-29.620342995410173,21.400009682802974,-1.3914886246760934,1.6042668076906565,258.1084394935495,0.0,1,Decay at rest,
181,4,muon_plus,Muon+,-13,2,70,141.53224208256964,137.2830711823222,4.249170900247445,3.00226353919306,54.034771439283055,0.9967761492518862,0.003032420290826439,0.00019143045728740835,0.9998085695427126,99.98085695427126,-29.86443410740141,21.6314417362923,-1.8571197371206893,1.3552522830685496,258.1084394935494,0.0,1,Decay at rest,
182,22,muon_plus,Muon+,-13,8,11,4.119812659938305,3.4915944538049732,0.6282182061333323,15.248708084283134,0.1485473655159101,0.9976770920873255,0.00204102274996644,0.0002818851627082085,0.9997181148372919,99.97181148372918,-0.08089332141256315,0.05359134330783324,-0.0036305523852459285,0.0028824804865451845,109.7781841599383,0.0,1,Decay at rest,
183,1357,muon_plus,Muon+,-13,1346,12,4.1198126599383045,3.3892449785787058,0.7305676813595989,17.733031612426267,0.15092402182504008,0.9981862346435697,0.0014466774770847614,0.0003670878793455505,0.9996329121206544,99.96329121206544,-0.05449993925454673,0.08124141284671885,-0.0034748322871503276,0.0028754972208188383,109.7781841599383,0.0,1,Decay at rest,
185,1328,muon_plus,Muon+,-13,1325,11,4.119812659938304,3.331239724454832,0.7885729354834713,19.14099015112208,0.14485754167911977,0.993272703554838,0.0066519757535254045,7.532069163661485e-05,0.9999246793083634,99.99246793083634,-0.05112220027136554,0.07746299567070523,-0.005764984032535634,0.004449661146474381,109.7781841599383,0.0,1,Decay at rest,
186,559,muon_plus,Muon+,-13,543,12,4.1198126599383045,3.7434581580911224,0.3763545018471823,9.135233393180998,0.15073917817405147,0.9997333327636764,0.00020826145315497497,5.840578316858773e-05,0.9999415942168314,99.99415942168314,-0.0544472318192019,0.08136644279494613,-0.0009608584990089895,0.0010002758254711907,109.7781841599383,0.0,1,Decay at rest,
187,4,muon_plus,Muon+,-13,2,76,141.22892711654114,133.266511408021,7.962415708520167,5.637949583763131,54.93510459664407,0.997997921241669,0.0017275967948805137,0.00027448196345047763,0.9997255180365495,99.97255180365495,-21.671434494194404,29.910161253390736,-1.6067336394518719,1.0354897633186027,258.1084394935495,0.0,1,Decay at rest,
188,282,muon_plus,Muon+,-13,4,69,145.09112892466297,126.68917918861187,18.401949736051094,12.683028847067632,56.814554714147356,0.9994739698678041,0.0004652866086889379,6.074352350693635e-05,0.9999392564764931,99.9939256476493,-23.045721718078074,30.408639380172236,-0.7606888736839895,0.5970367640669769,258.14517568879245,0.0,1,Decay at rest,
189,470,muon_plus,Muon+,-13,3,75,140.78849940383748,128.54007239308837,12.248427010749111,8.699877520262323,53.607379868365214,0.997966308411184,0.0019840567139369344,4.9634874878961316e-05,0.999950365125121,99.9950365125121,-21.447224664731543,28.492427756289135,-0.9525637806212476,1.4773936442649604,258.14517568879245,0.0,1,Decay at rest,
190,7,muon_plus,Muon+,-13,2,66,122.71822112432073,119.75580983567555,2.9624112886451877,2.41399464684555,43.61421232008233,0.9976188863262072,0.0021936012137208144,0.0001875124600719294,0.999812487539928,99.9812487539928,-17.17730364956338,24.48752551789685,-0.7989669182534052,1.3546890820074313,233.0402882810325,0.0,1,Decay at rest,
191,7,muon_plus,Muon+,-13,2,87,204.61748151529042,199.28138029826184,5.336101217028575,2.6078422906548306,88.08063435921564,0.9946494807214897,0.0052193369842797824,0.00013118229423044934,0.9998688177057695,99.98688177057696,-49.99722982957891,36.35607747718418,-3.103184258701409,2.559475400065646,337.4787684655884,0.0,1,Decay at rest,
192,687,muon_plus,Muon+,-13,7,70,145.01041411590344,139.05227915782552,5.958134958077931,4.10876349426582,55.57791954178714,0.9993954747792299,0.0004464597089382765,0.00015806551183194533,0.9998419344881682,99.98419344881681,-31.423376751112627,22.550191861110243,-0.7442531958427175,0.6539123091485873,258.14517568879245,0.0,1,Decay at rest,
193,4,muon_plus,Muon+,-13,2,75,139.39913635766928,132.22970347777888,7.169432879890387,5.143097057283848,52.80301783605904,0.9966049154611107,0.003187959838107672,0.00020712470078158182,0.9997928752992185,99.97928752992185,-30.453283918495337,20.843597685252284,-1.429030526717863,1.486330468935843,258.1084394935495,0.0,1,Decay at rest,
194,20,muon_plus,Muon+,-13,10,11,4.1198126599383045,3.3210675769592326,0.7987450829790719,19.38789816212258,0.15632132878638266,0.9971656194572894,0.0027483949090937503,8.598563361683143e-05,0.9999140143663832,99.99140143663831,-0.08678932730162685,0.054438459272143164,-0.003562539878451431,0.0036613116530986567,109.7781841599383,0.0,1,Decay at rest,
195,1620,muon_plus,Muon+,-13,2,74,142.54262225543445,130.2400549677176,12.302567287716839,8.630799050175185,54.96882552341379,0.9988962885007062,0.0010106700617309565,9.304143756294041e-05,0.9999069585624372,99.99069585624372,-21.82716822753506,29.560335295294003,-0.7336036433362295,0.9484752989693526,258.1084394935495,0.0,1,Decay at rest,
196,1334,muon_plus,Muon+,-13,2,73,145.54908794606982,143.90006234784622,1.6490255982236108,1.1329686922082416,55.9731532170337,0.9963913319916696,0.003389166396755674,0.00021950161157466687,0.9997804983884253,99.97804983884254,-29.975103219284026,22.468609112123097,-1.2658332044799365,1.6213093628498436,258.10843949354944,0.0,1,Decay at rest,
197,8,muon_plus,Muon+,-13,2,76,141.77364549855824,138.1043490600993,3.669296438458928,2.5881371855506408,53.3064677484324,0.9973406060232967,0.0022878653117328197,0.00037152866497069145,0.9996284713350295,99.96284713350295,-30.83703305534356,21.415255957489148,-1.196488060223666,1.9222104080355826,258.10843949354944,0.0,1,Decay at rest,
199,11,muon_plus,Muon+,-13,2,69,139.69087327411242,133.24134161487572,6.4495316592367,4.617002892222544,52.75399914543213,0.9986994217055339,0.0012694143902532967,3.1163904212831555e-05,0.9999688360957872,99.99688360957873,-21.073198950106732,29.791852748606008,-0.9660667557348458,1.0311958131996692,258.1084394935493,0.0,1,Decay at rest,
200,15,muon_plus,Muon+,-13,13,11,4.1198126599383045,3.3108914372376512,0.808921222700653,19.6349030762182,0.14731981464553506,0.9973553674255903,0.001875152886304857,0.000769479688104912,0.9992305203118952,99.92305203118951,-0.05321370578992748,0.07767221391332979,-0.002613579713727795,0.002602952140004692,109.7781841599383,0.0,1,Decay at rest,
202,210,muon_plus,Muon+,-13,2,71,140.17743108908851,137.9214706286807,2.2559604604078096,1.6093606815879327,54.6734748652657,0.9928105033077316,0.007062621955492924,0.00012687473677545132,0.9998731252632245,99.98731252632244,-31.655337048152518,21.651614438505767,-1.9075238220296484,2.488659881412568,258.10843949354944,0.0,1,Decay at rest,
203,4,muon_plus,Muon+,-13,2,67,136.8237965007899,126.87781506072821,9.945981440061699,7.2691897860064705,51.050453252930666,0.9969780162879073,0.0029589877205859166,6.299599150677789e-05,0.9999370040084932,99.99370040084932,-20.410246158618143,27.48900151650143,-1.0427493046398015,1.5677891910346622,258.1084394935494,0.0,1,Decay at rest,
204,11,muon_plus,Muon+,-13,5,13,4.119812659938304,3.2599114152741797,0.8599012446641239,20.87233851737815,0.14578362666967556,0.9639431554419372,0.034893335353733464,0.0011635092043294013,0.9988364907956707,99.88364907956708,-0.04946340003926493,0.07166842975706732,-0.01398223840020934,0.011364253027700761,109.7781841599383,0.0,1,Decay at rest,
204,2660,muon_plus,Muon+,-13,3,10,4.1198126599383045,3.1496835182160656,0.9701291417222389,23.54789457190432,0.14372934406799073,0.9960275179424634,0.0032470834196844716,0.0007253986378521781,0.9992746013621479,99.92746013621479,-0.07840685471770202,0.04884966314280364,-0.0041764852274756665,0.0028656933944687705,109.7781841599383,0.0,1,Decay at rest,
205,5,muon_plus,Muon+,-13,2,73,140.5648658786956,131.96083618738243,8.604029691313182,6.1210385949062625,53.45985374574229,0.9973702807896953,0.0024498254538524024,0.00017989375645238262,0.9998201062435477,99.98201062435477,-21.514153779419093,28.606071451977282,-1.5807062131496799,1.1219949900740644,258.10843949354955,0.0,1,Decay at rest,
206,5,muon_plus,Muon+,-13,2,76,139.96095849956131,137.18721629124045,2.7737422083208623,1.9817970940300156,53.57100088202727,0.9869384383126646,0.012529942038672429,0.0005316196486629803,0.999468380351337,99.9468380351337,-30.350244199350712,20.79738429422179,-2.8821288028187158,2.989450270673257,258.10843949354944,0.0,1,Decay at rest,
207,15,muon_plus,Muon+,-13,2,70,143.73326332378056,142.1822052063958,1.5510581173847682,1.079122592444575,54.677796187827475,0.9958252754814075,0.003725007918066307,0.0004497166005261584,0.9995502833994738,99.95502833994738,-31.12108783994429,21.051503561235712,-1.2687981909490906,2.1641886338298617,258.1084394935495,0.0,1,Decay at rest,
210,527,muon_plus,Muon+,-13,2,72,141.52815349612885,140.11072610156933,1.4174273945595302,1.0015162068784431,53.74055530023684,0.9992638966216301,0.00045088809920605557,0.0002852152791638807,0.9997147847208361,99.9714784720836,-30.024723961517704,21.734254623679302,-0.6597603098447926,0.6857214617725941,258.1084394935495,0.0,1,Decay at rest,
211,5,muon_plus,Muon+,-13,2,68,138.02277177412932,134.95191272416287,3.0708590499664696,2.2248930451794218,51.6974453398316,0.9979236558291658,0.0018152201824744917,0.000261123988359694,0.9997388760116402,99.97388760116402,-29.917584574303774,20.781375963883193,-1.15141855137747,1.059674468040305,258.10843949354944,0.0,1,Decay at rest,
212,261,muon_plus,Muon+,-13,258,12,4.1198126599383045,3.9504072666933023,0.169405393245002,4.111968364297878,0.15017593769932353,0.9978214114162761,0.0020554612093526756,0.0001231273743712549,0.9998768726256287,99.98768726256287,-0.08281891026286652,0.05400763624101741,-0.002872022621377428,0.003529083779392487,109.7781841599383,0.0,1,Decay at rest,
212,1531,muon_plus,Muon+,-13,256,11,4.1198126599383045,3.5459296237054976,0.5738830362328068,13.929833310464192,0.14839875683273285,0.998214964799688,0.0015984331875126445,0.00018660201279933775,0.9998133979872006,99.98133979872006,-0.08124404715744402,0.053305040185469874,-0.0023049545686952056,0.00269410519776688,109.7781841599383,0.0,1,Decay at rest,
213,8,muon_plus,Muon+,-13,6,11,4.1198126599383045,3.6413161528803863,0.47849650705791835,11.614521012348266,0.14696681293721073,0.9981732567154351,0.0017668959182529798,5.984736631184508e-05,0.9999401526336881,99.99401526336881,-0.0799771011052392,0.053193480927224944,-0.003015852676890368,0.0024146375319577915,109.7781841599383,0.0,1,Decay at rest,
213,2852,muon_plus,Muon+,-13,4,11,4.119812659938304,3.8931574200318546,0.2266552399064489,5.501590936657862,0.15279861614315113,0.9994800651489135,0.0003008747822285883,0.00021906006885799294,0.9997809399311421,99.97809399311421,-0.0864542432071777,0.05288680528394817,-0.0011059841241686918,0.001411431326255811,109.7781841599383,0.0,1,Decay at rest,
214,5,muon_plus,Muon+,-13,2,71,144.51699421313975,142.48816725954444,2.0288269535953205,1.403867389189621,54.809324389896894,0.9990156091106479,0.0007033123767936449,0.0002810785125584176,0.9997189214874416,99.97189214874416,-30.87414880318334,22.177614152242697,-0.7650710833976094,0.6054322558949206,258.10843949354944,0.0,1,Decay at rest,
215,24,muon_plus,Muon+,-13,8,11,4.119812659938304,3.644162467105082,0.4756501928332218,11.545432574119642,0.14921992678119467,0.999780217916262,0.00012955658557992582,9.022549815812258e-05,0.9999097745018419,99.99097745018419,-0.05400550899525058,0.08032512489736435,-0.00045853135584192627,0.0010963930993255389,109.7781841599383,0.0,1,Decay at rest,
216,7,muon_plus,Muon+,-13,5,10,4.1198126599383045,3.1784443097661446,0.9413683501721598,22.849785363450415,0.14273827942418435,0.9983131098082944,0.0013721073970879773,0.00031478279461775023,0.9996852172053823,99.96852172053823,-0.07599261675735339,0.05097752732000249,-0.0022119065236236484,0.002495107414372412,109.7781841599383,0.0,1,Decay at rest,
216,1432,muon_plus,Muon+,-13,3,11,4.119812659938304,3.7611196636184236,0.3586929963198799,8.70653658133211,0.1495610511997072,0.9941652080141505,0.005800277856050919,3.451412979852482e-05,0.9999654858702015,99.99654858702016,-0.053312048599364496,0.07924166650750906,-0.00400980153986861,0.007035429109304781,109.7781841599383,0.0,1,Decay at rest,
217,511,muon_plus,Muon+,-13,2,70,138.91499494931628,126.29672402005009,12.618270929266192,9.083447711220822,52.73575714276015,0.9938380650694906,0.006076906560898142,8.502836961130612e-05,0.9999149716303887,99.99149716303887,-20.45739868018761,27.907776889309872,-1.8257947885614394,2.4609461714798004,258.10843949354944,0.0,1,Decay at rest,
218,619,muon_plus,Muon+,-13,2,76,141.97877775316846,129.71645993597238,12.26231781719608,8.636725862307564,53.716762721233124,0.9879644245595083,0.0119170073193716,0.00011856812112023376,0.9998814318788799,99.98814318788799,-21.45732479788175,26.60355947225522,-1.7796790932269542,3.9548149520468883,258.1084394935495,0.0,1,Decay at rest,
219,1002,muon_plus,Muon+,-13,12,14,4.119046153834354,3.3805557486063607,0.7384904052279934,17.92867517496847,0.15013825928976846,0.9995957824890762,0.0002695712218908496,0.00013464628903292106,0.9998653537109671,99.9865353710967,-0.05408683815847749,0.08089175333928271,-0.001042285489226692,0.0011830692520499993,109.7781841599383,0.0,1,Decay at rest,
220,9,muon_plus,Muon+,-13,2,73,141.82858008928966,129.95920675414524,11.869373335144425,8.368816304634748,54.1934507957762,0.9988449169901609,0.0007445023471781641,0.0004105806626610486,0.999589419337339,99.9589419337339,-21.764510450508926,28.94797776618995,-0.8093889363157711,0.5774823177892373,258.10843949354944,0.0,1,Decay at rest,
221,4,muon_plus,Muon+,-13,2,74,142.2664196317969,132.6589469065761,9.607472725220811,6.753155628774618,54.72050021794659,0.9983985523704249,0.0013698270485596447,0.00023162058101542553,0.9997683794189844,99.97683794189844,-21.673733706408925,31.120943345420145,-1.1329601124490805,1.0569035132949676,258.1084394935495,0.0,1,Decay at rest,
222,14,muon_plus,Muon+,-13,12,12,4.1198126599383045,3.5749135275739197,0.5448991323643849,13.22630850822583,0.15049764042396482,0.9989415232787782,0.000991560098172935,6.691662304897336e-05,0.9999330833769511,99.99330833769511,-0.083868339540371,0.05319035209716252,-0.001961081646115895,0.002036668067771749,109.7781841599383,0.0,1,Decay at rest,
222,1205,muon_plus,Muon+,-13,10,11,4.1198126599383045,3.7881760949052117,0.3316365650330929,8.049797221557625,0.15627607045991204,0.9996992613917395,0.0002372681934060764,6.347041485445107e-05,0.9999365295851456,99.99365295851456,-0.05452542690812451,0.08566169595748635,-0.0009897890072005228,0.0014123881686195767,109.7781841599383,0.0,1,Decay at rest,
223,23,muon_plus,Muon+,-13,11,11,4.119812659938304,3.389474386953683,0.7303382729846204,17.727463194784143,0.13663544086824186,0.998838757715095,0.000733475741753334,0.000427766543151678,0.9995722334568483,99.95722334568484,-0.050876390795955996,0.07116726872107712,-0.0015542601084238695,0.0015751546665631298,109.7781841599383,0.0,1,Decay at rest,
224,701,muon_plus,Muon+,-13,691,10,4.1198126599383045,3.2502690335951163,0.8695436263431883,21.10638755006423,0.13382453900643265,0.9985015931417913,0.0014430557967310398,5.535106147765565e-05,0.9999446489385223,99.99446489385222,-0.05112837620510101,0.0674264168179931,-0.0029581378631725608,0.002095682093706905,109.7781841599383,0.0,1,Decay at rest,
225,346,muon_plus,Muon+,-13,2,71,143.88863397307372,139.19983844103837,4.688795532035368,3.258628150513122,55.139149754302174,0.9997329723130889,0.00019506757673524305,7.196011017594845e-05,0.9999280398898241,99.99280398898242,-31.936536354558367,22.6233206154814,-0.466704646808387,0.39964281187879885,258.10843949354944,0.0,1,Decay at rest,
226,4,muon_plus,Muon+,-13,2,77,139.03665444548793,134.31163051324907,4.725023932238868,3.398401630910507,53.70141869845072,0.9905850238664622,0.009234501142819401,0.00018047499071837926,0.9998195250092816,99.98195250092816,-30.640558296461272,21.13484052926849,-2.6320838719746105,2.1390741387832173,258.10843949354944,0.0,1,Decay at rest,
227,7,muon_plus,Muon+,-13,5,11,4.1198126599383045,3.7209226197213323,0.3988900402169723,9.682237352582575,0.1514140896251024,0.9971476663205033,0.002771729854427192,8.06038250694532e-05,0.9999193961749305,99.99193961749306,-0.053626305684654284,0.08210291838764544,-0.003557709036201873,0.004107131602488598,109.7781841599383,0.0,1,Decay at rest,
227,1360,muon_plus,Muon+,-13,3,12,4.119812659938304,3.0919134257956764,1.0278992341426272,24.950145042712222,0.14493679821975602,0.9997953548328322,0.00019163879829711954,1.300636887070762e-05,0.9999869936311293,99.99869936311293,-0.05314904122118592,0.07747878673416264,-0.000876816405789579,0.0010312789212787877,109.7781841599383,0.0,1,Decay at rest,
228,21,muon_plus,Muon+,-13,10,11,4.1198126599383045,3.3285891707549493,0.7912234891833553,19.205326904238508,0.1462875263791745,0.9739317141418505,0.026004748450505103,6.3537407644407e-05,0.9999364625923557,99.99364625923558,-0.046750089131910116,0.07519438835738419,-0.011711119047340058,0.010355539972365779,109.7781841599383,0.0,1,Decay at rest,
229,1395,muon_plus,Muon+,-13,2,73,144.04465297802864,139.95952047253164,4.0851325054969925,2.8360181520379686,54.562471317301664,0.9985172363822161,0.0014227266158675896,6.003700191610505e-05,0.9999399629980837,99.99399629980837,-31.66904330048707,22.153235340583155,-0.9157605809833549,1.1819406368501175,258.10843949354944,0.0,1,Decay at rest,
230,638,muon_plus,Muon+,-13,2,74,140.23787428153324,133.78361653589909,6.45425774563415,4.602364217726921,53.687852940995185,0.9977533046946485,0.0022341583861062316,1.2536919245246003e-05,0.9999874630807547,99.99874630807547,-30.417097513877025,21.619677554412664,-1.0708530587472198,1.327946348867978,258.10843949354944,0.0,1,Decay at rest,
232,23,muon_plus,Muon+,-13,13,13,4.1198126599383045,3.5289699630675018,0.5908426968708028,14.341494277549282,0.1508044145517872,0.9964738565568254,0.003441560765601646,8.458267757299706e-05,0.9999154173224271,99.99154173224271,-0.08424863638104853,0.052417231928642435,-0.003926507750078842,0.0035307041630997286,109.7781841599383,0.0,1,Decay at rest,
234,16,muon_plus,Muon+,-13,5,12,4.119759694030753,3.220405647135677,0.8993540468950758,21.83025500730486,0.1403417167077216,0.996445658543224,0.0034252926824605793,0.00012904877431539993,0.9998709512256846,99.98709512256846,-0.05256168244322686,0.07284989423867409,-0.003885297838775823,0.0035757846737480927,109.7781841599383,0.0,1,Decay at rest,
235,13,muon_plus,Muon+,-13,2,70,143.4705626695463,141.78759802851917,1.6829646410271204,1.1730382942063655,54.46419382253446,0.9878078736318938,0.011540269371111293,0.000651856996994818,0.9993481430030051,99.93481430030052,-31.14021356112092,20.56582483034757,-2.0990621017457824,3.505689931940072,258.1084394935495,0.0,1,Decay at rest,
236,5,muon_plus,Muon+,-13,2,78,139.77430841548446,123.15909384917556,16.61521456630889,11.887173511829893,53.882337947728864,0.9984108656977578,0.0014458889029659188,0.00014324539927610994,0.9998567546007238,99.98567546007237,-21.786932969058597,28.452842879068175,-1.1575525430214049,0.8724245078994814,258.10843949354944,0.0,1,Decay at rest,
237,273,muon_plus,Muon+,-13,2,71,141.47993664797107,136.17238027181716,5.307556376153914,3.7514551546344843,53.686131425348115,0.9997536843438732,0.00019557453846081804,5.0741117665979744e-05,0.9999492588823341,99.99492588823341,-21.63522480711483,30.0266485882922,-0.389473807544771,0.47627619653979214,258.1084394935495,0.0,1,Decay at rest,
238,15,muon_plus,Muon+,-13,4,12,4.119812659938304,3.1905343336850702,0.9292783262532336,22.556324837041256,0.14303173587904056,0.9960873300523451,0.0028305179242497586,0.0010821520234051327,0.9989178479765948,99.89178479765948,-0.07626842766534482,0.05006758814027638,-0.003697656837874564,0.0035794001585876534,109.7781841599383,0.0,1,Decay at rest,
239,6,muon_plus,Muon+,-13,2,81,227.62726444455998,196.89582519933987,30.731439245220127,13.500772554732764,99.34339372500703,0.9989503574762707,0.0009337053930378072,0.00011593713069154425,0.9998840628693085,99.98840628693085,-41.7013553867278,50.92505255490956,-1.6349305590069105,1.2435586228667104,351.72692785676225,0.0,1,Decay at rest,
240,5,muon_plus,Muon+,-13,2,75,141.2927379956882,134.76906896700953,6.523669028678693,4.617129741570847,54.45650705340806,0.9967128902653032,0.0032529149046084194,3.419483008855686e-05,0.9999658051699116,99.99658051699116,-29.952577782101123,21.787783823357707,-1.5841188038672782,1.3866252281675207,258.10843949354944,0.0,1,Decay at rest,
241,442,muon_plus,Muon+,-13,424,12,4.1198126599383045,3.1408060199762304,0.9790066399620739,23.763377628358832,0.1421027002866478,0.9988388170903597,0.0010489227591699924,0.00011226015047031049,0.9998877398495297,99.98877398495297,-0.0770143734787878,0.05016659830305179,-0.001771939220845599,0.002043786183866161,109.7781841599383,0.0,1,Decay at rest,
242,103,muon_plus,Muon+,-13,14,73,142.33919501100112,138.33663090898173,4.002564102019378,2.811990120999369,55.08781588458148,0.9904937162999443,0.008125639512051941,0.0013806441880037813,0.9986193558119962,99.86193558119962,-21.200532818639886,29.516895468306494,-1.8453206266413569,2.6924284102133584,258.14517568879245,0.0,1,Decay at rest,
244,7,muon_plus,Muon+,-13,2,70,142.93273160049347,135.38720313120592,7.54552846928754,5.279076657107343,53.82537153701141,0.9952601209309089,0.004657703269379859,8.217579971112685e-05,0.9999178242002887,99.99178242002887,-29.843345735320803,21.403393146609194,-1.832561941345242,1.568425138517249,258.1084394935494,0.0,1,Decay at rest,
245,18,muon_plus,Muon+,-13,4,13,4.1198126599383045,3.3852745678728295,0.7345380920654752,17.82940518650853,0.1555208983660583,0.99764495477817,0.0019212222172090693,0.00043382300462102504,0.999566176995379,99.9566176995379,-0.05428272999822526,0.08509930276181098,-0.004285316902389143,0.003011273107756877,109.7781841599383,0.0,1,Decay at rest,
246,8,muon_plus,Muon+,-13,4,12,4.1198126599383045,3.472335621223349,0.6474770387149555,15.716176733255919,0.1482096687857072,0.9896859589316341,0.010308202955220534,5.8381131454557255e-06,0.9999941618868546,99.99941618868546,-0.05354746510651737,0.07744223878100398,-0.006927794971026308,0.006372816860420047,109.7781841599383,0.0,1,Decay at rest,
247,5,muon_plus,Muon+,-13,2,73,143.22976914334373,137.82938114613256,5.400387997211158,3.7704368508801225,55.32200127090127,0.9994271990589154,0.00040797680941901,0.00016482413166548493,0.9998351758683345,99.98351758683344,-22.34352281769671,30.38602402267508,-0.5155729013775432,0.8652827200625436,258.1084394935495,0.0,1,Decay at rest,
248,11,muon_plus,Muon+,-13,2,73,143.75443697414372,140.2137617219676,3.5406752521761344,2.463002413492792,54.85036172881677,0.9987955564217981,0.0009794223353395126,0.0002250212428623867,0.9997749787571376,99.97749787571377,-30.577055162653192,22.022275594472653,-0.7514652336735755,0.9685826176332678,258.1084394935495,0.0,1,Decay at rest,
249,9,muon_plus,Muon+,-13,2,71,144.83666094025207,139.89096337336613,4.945697566885945,3.4146724557024557,53.82758182456162,0.9945962433669583,0.005276531917891599,0.00012722471515022243,0.9998727752848499,99.98727752848498,-30.933085958806625,21.648148677047963,-1.7062865354890366,2.0410279491058354,258.1084394935494,0.0,1,Decay at rest,
250,4,muon_plus,Muon+,-13,2,84,136.2719116042787,129.02297546210488,7.248936142173831,5.31946463275872,52.101562468662515,0.9957783388561302,0.004052844470989715,0.00016881667288003903,0.99983118332712,99.983118332712,-20.682971549981634,29.07114180838148,-1.5210011067008087,1.8412730375939799,258.10843949354955,0.0,1,Decay at rest,
251,5,muon_plus,Muon+,-13,2,60,97.98830481018281,96.7745416731015,1.2137631370813187,1.2386816359692612,31.71737194235951,0.9933340459513944,0.006602235080754304,6.37189678513835e-05,0.9999362810321487,99.99362810321487,-18.71703545147672,12.112724761189726,-0.9726314213467614,1.3925367407491722,208.1516675085791,0.0,1,Decay at rest,
252,17,muon_plus,Muon+,-13,6,12,4.1198126599383045,3.7118323748419213,0.4079802850963832,9.902884397235985,0.14216430691423063,0.9985493690451384,0.0013416303701727164,0.00010900058468891203,0.9998909994153111,99.98909994153111,-0.050854393421430284,0.0763748220249006,-0.0022090824201006563,0.0024128637642228173,109.7781841599383,0.0,1,Decay at rest,
253,16,muon_plus,Muon+,-13,8,13,4.119812659938305,3.2178432683636524,0.9019693915746532,21.893456475473823,0.14691138535776938,0.9940322832851999,0.0048886889271758235,0.0010790277876242872,0.9989209722123757,99.89209722123758,-0.0810488843254603,0.04849332213781727,-0.003661864953329638,0.006476161284225522,109.7781841599383,0.0,1,Decay at rest,
254,7,muon_plus,Muon+,-13,2,75,142.57164558712998,139.94096523754197,2.6306803495880025,1.8451637692435217,54.54895838459103,0.998884819423687,0.0010268501361907776,8.833044012225646e-05,0.9999116695598778,99.99116695598778,-30.719167680386903,21.96452881655997,-0.8944835432414531,0.9579196702286836,258.10843949354944,0.0,1,Decay at rest,
257,497,muon_plus,Muon+,-13,2,73,143.95892925468277,132.15852866007785,11.800400594604914,8.19706054754576,54.94582955707454,0.9991824132315563,0.0005567972787325888,0.00026078948971097873,0.9997392105102889,99.9739210510289,-29.873607160951874,22.27686645506828,-0.5303328856043588,0.9153731351008088,258.10843949354944,0.0,1,Decay at rest,
258,16,muon_plus,Muon+,-13,5,11,4.1198126599383045,3.465595454331223,0.6542172056070815,15.879780456252073,0.13627339520391898,0.9973591096525914,0.002325990826547961,0.0003148995208605992,0.9996851004791394,99.96851004791394,-0.07318672391534752,0.0481648990409194,-0.004379832219643947,0.002253019248253651,109.7781841599383,0.0,1,Decay at rest,
259,15,muon_plus,Muon+,-13,4,11,4.1198126599383045,3.078573854035872,1.0412388059024325,25.27393577935229,0.14658425902672226,0.9983981035652488,0.001398075484606125,0.00020382095014500695,0.999796179049855,99.9796179049855,-0.08105806456335245,0.050054240684947134,-0.002060998414025055,0.002284246058941923,109.7781841599383,0.0,1,Decay at rest,
261,12,muon_plus,Muon+,-13,2,76,139.33174868944482,132.0054937214705,7.326254967974345,5.2581375292315915,52.36901803451342,0.9966382524547505,0.0030891521225961116,0.0002725954226534051,0.9997274045773465,99.97274045773466,-20.746403541742445,29.752513343506248,-1.4072606501415421,1.2013249781351742,258.10843949354944,0.0,1,Decay at rest,
262,4,muon_plus,Muon+,-13,2,73,142.89674777446768,137.22582473164877,5.6709230428189255,3.968545912443913,54.8329160801684,0.9895106936354554,0.010369648873647195,0.00011965749089733276,0.9998803425091026,99.98803425091026,-31.54089497883307,20.800085955754597,-3.376788927323437,2.140249868424876,258.10843949354944,0.0,1,Decay at rest,
263,2193,muon_plus,Muon+,-13,2181,11,4.1198126599383045,3.0326596348924895,1.0871530250458148,26.3884092501938,0.1450683057837499,0.9958399028941629,0.00406151567519274,9.858143064439784e-05,0.9999014185693557,99.99014185693557,-0.05318682212653031,0.0763795426931398,-0.0035380999683591974,0.003803365122646004,109.7781841599383,0.0,1,Decay at rest,
264,737,muon_plus,Muon+,-13,2,72,141.16198739026535,135.37430634318093,5.787681047084423,4.100028027434492,52.69096564320171,0.997737525868539,0.0021946430150668545,6.783111639397392e-05,0.9999321688836059,99.99321688836059,-29.756622096033865,21.1203389239391,-1.4680792810584118,0.9699885720369282,258.10843949354944,0.0,1,Decay at rest,
265,561,muon_plus,Muon+,-13,2,91,231.02234048426783,223.26424225323476,7.758098231033064,3.358159308216936,101.65497520371659,0.9967381722010815,0.0029469485402974674,0.00031487925862095647,0.9996851207413789,99.96851207413789,-42.70248087379985,56.362419305180794,-3.258656091798396,2.3059881986333606,356.0298589532573,0.0,1,Decay at rest,
266,4,muon_plus,Muon+,-13,2,71,142.73112824320603,131.0553790830852,11.67574916012083,8.180240220777904,53.656759085124776,0.9981341370284108,0.001673689657358488,0.00019217331423058683,0.9998078266857693,99.98078266857692,-21.408236353751185,28.94973489274966,-0.7917038566287432,1.668171249536488,258.10843949354944,0.0,1,Decay at rest,
267,300,muon_plus,Muon+,-13,2,77,137.19748740242827,127.83097601671088,9.366511385717388,6.827028368415739,51.20773725088762,0.9954034083973812,0.004467306736195974,0.000129284866422856,0.9998707151335772,99.98707151335772,-20.348366200567824,29.079884424004085,-2.0301326050020934,1.2289933019044275,258.10843949354944,0.0,1,Decay at rest,
269,4,muon_plus,Muon+,-13,2,77,141.83070955301457,135.28712462903204,6.543584923982523,4.6136587376633065,54.448756973753596,0.9981467516816335,0.0010083965595772502,0.0008448517587891886,0.9991551482412108,99.91551482412108,-31.426359640121387,21.816986642114628,-1.2803423608311244,0.5301471965789869,258.1084394935495,0.0,1,Decay at rest,
270,5,muon_plus,Muon+,-13,2,76,134.7057671234728,117.50563771272577,17.20012941074704,12.76866594359038,50.9377575038602,0.9961336411079852,0.0037881536458141416,7.82052462006264e-05,0.9999217947537994,99.99217947537994,-20.33120782806603,26.790449387941496,-1.4653295333533176,1.274412509295834,258.1084394935494,0.0,1,Decay at rest,
271,4,muon_plus,Muon+,-13,2,76,139.86780845290133,133.38343479519833,6.484373657703003,4.636072967345114,52.77007738211435,0.9911875126104939,0.008736549543627488,7.593784587873114e-05,0.9999240621541213,99.99240621541213,-30.66155831131186,20.669278878507004,-2.748851306913831,2.1546247558536358,258.10843949354944,0.0,1,Decay at rest,
272,180,muon_plus,Muon+,-13,2,71,144.7523700886415,135.994626809321,8.757743279320481,6.050155361157494,55.040082632863424,0.9973174404958715,0.0018848976532078365,0.0007976618509205834,0.9992023381490793,99.92023381490793,-22.249997290818698,30.951389449081066,-1.151595860120241,1.1179598587473596,258.1084394935495,0.0,1,Decay at rest,
273,11,muon_plus,Muon+,-13,2,73,142.51649901809117,129.85700871444845,12.659490303642714,8.882824368311004,54.16454429854836,0.9957919072183055,0.00362883546476731,0.0005792573169272165,0.9994207426830728,99.94207426830728,-28.86050784968506,21.662858093933135,-1.4440324313731694,1.7281292832243493,258.10843949354944,0.0,1,Decay at rest,
274,4,muon_plus,Muon+,-13,2,75,140.45242031030256,136.3015317681462,4.150888542156372,2.9553698918009275,53.29934059917769,0.9981906299090911,0.0015979686794810384,0.00021140141142781175,0.9997885985885722,99.97885985885722,-30.97006385509828,21.53829053144284,-1.3686495814518274,1.0364132502782026,258.10843949354944,0.0,1,Decay at rest,
275,5,muon_plus,Muon+,-13,2,71,142.08621445470595,139.1296470112662,2.956567443439745,2.0808263875467214,53.146926689993904,0.9971914244286649,0.0027455182230914726,6.305734824363504e-05,0.9999369426517564,99.99369426517563,-28.759586372386718,21.273015191033256,-1.5138275943928172,1.109901302500994,258.1084394935494,0.0,1,Decay at rest,
276,4,muon_plus,Muon+,-13,2,70,142.86058518056885,139.58756102233167,3.2730241582371726,2.2910617047383846,54.4784696965119,0.9987998036342477,0.0010937961920654247,0.00010640017368678044,0.9998935998263131,99.98935998263131,-30.723503252438793,21.802700796782414,-0.8694634674682467,0.7232635583622694,258.10843949354944,0.0,1,Decay at rest,
277,1662,muon_plus,Muon+,-13,2,55,58.72790171991222,52.13765634390316,6.590245376009058,11.221659863550984,14.591495836470694,0.9936370229357363,0.006121561842675171,0.00024141522158852832,0.9997585847784115,99.97585847784116,-5.364022765623198,8.052043389734115,-0.6404556646819367,0.5182588112516505,167.61729551299618,0.0,1,Decay at rest,
278,2406,muon_plus,Muon+,-13,2,74,144.26506868031166,139.37662397933167,4.888444700979986,3.388515838031919,55.57230921631218,0.995991966547398,0.003911620629470828,9.641282313120245e-05,0.9999035871768688,99.99035871768687,-32.32525672946051,21.84776644645585,-2.1427221689739,1.6487197030429839,258.10843949354944,0.0,1,Decay at rest,
279,16,muon_plus,Muon+,-13,2,73,143.60240590731374,136.11585938021568,7.486546527098071,5.213385165656739,54.267831603927974,0.998664153344585,0.0011752687492648528,0.00016057790615000328,0.9998394220938499,99.98394220938499,-31.092880791842205,21.911124686135842,-1.2747370193970857,0.7800488711539941,258.10843949354955,0.0,1,Decay at rest,
280,6,muon_plus,Muon+,-13,2,79,137.14176470786958,132.9887515657258,4.153013142143768,3.028262871627943,51.49620448696717,0.9966209243553747,0.0032873358117122987,9.173983291288177e-05,0.999908260167087,99.9908260167087,-20.04703084991918,29.49982208739263,-1.1838592041549012,2.112517441272335,258.10843949354955,0.0,1,Decay at rest,
281,4,muon_plus,Muon+,-13,2,78,136.77867927294534,135.23959392298354,1.5390853499618027,1.1252377623054237,52.192266780081745,0.9959331279247786,0.0038767283786983165,0.00019014369652305734,0.999809856303477,99.9809856303477,-30.344255189985542,20.745801866752593,-1.362839391647211,1.9107817077326432,258.1084394935494,0.0,1,Decay at rest,
282,14,muon_plus,Muon+,-13,4,12,4.11934922042545,3.370666806590652,0.7486824138347982,18.174774066799646,0.15072671889043276,0.9915761659430129,0.00823317136069228,0.00019066269629486245,0.9998093373037051,99.98093373037051,-0.05106717148744899,0.08232117876069259,-0.005993684560626261,0.005425574579073639,109.7781841599383,0.0,1,Decay at rest,
285,19,muon_plus,Muon+,-13,10,13,4.119812659938304,3.414050947002383,0.7057617129359204,17.13091762154276,0.15139972857524295,0.9987752810619966,0.0011142374509538,0.00011048148704940023,0.9998895185129505,99.98895185129506,-0.05449306450761405,0.08160458545872884,-0.0029533713972208046,0.002285461864906791,109.7781841599383,0.0,1,Decay at rest,
286,6,muon_plus,Muon+,-13,2,74,143.01681563453238,134.15176398643302,8.865051648099346,6.198607911081765,53.572109572443814,0.9971200063988742,0.002859115036333985,2.0878564791760055e-05,0.9999791214352082,99.99791214352082,-21.45799730398558,29.99951406001323,-1.8229571335955221,1.0447155499288068,258.10843949354944,0.0,1,Decay at rest,
287,21,muon_plus,Muon+,-13,6,11,4.1198126599383045,3.434326029455986,0.6854866304823185,16.638781591893643,0.1552327143382184,0.9984289502391118,0.0015001626039090118,7.088715697914633e-05,0.9999291128430209,99.99291128430208,-0.08862791849928889,0.05276495040371032,-0.0020042885812631677,0.0028703804729345844,109.7781841599383,0.0,1,Decay at rest,
288,17,muon_plus,Muon+,-13,2,73,141.5246746904006,132.73540166043355,8.789273029967033,6.2104174054414525,54.15014532661003,0.994032052659129,0.005869970728423988,9.797661244705429e-05,0.999902023387553,99.9902023387553,-21.96553867940446,29.689016946008874,-3.074895587803626,1.7868330869686753,258.10843949354944,0.0,1,Decay at rest,
289,9,muon_plus,Muon+,-13,2,69,143.15260377018816,134.41015460551063,8.742449164677552,6.1070835838322255,54.406589149761,0.9970772129307054,0.0022955354651427767,0.0006272516041518372,0.9993727483958482,99.93727483958482,-31.508854375804976,21.909259695826645,-1.620466198868474,0.9024270778224015,258.1084394935494,0.0,1,Decay at rest,
291,16,muon_plus,Muon+,-13,4,12,4.1198126599383045,3.9484499059226814,0.1713627540156231,4.159479281229969,0.1481045482651876,0.9977954653376314,0.0020296694642468888,0.00017486519812170815,0.9998251348018783,99.98251348018783,-0.08098130878531798,0.05394882065837359,-0.0022831386882789266,0.003156704088273706,109.7781841599383,0.0,1,Decay at rest,
292,36,muon_plus,Muon+,-13,9,69,144.51834062959298,132.71189381915184,11.806446810441152,8.169514512141824,55.636800983780724,0.9967631977575708,0.0029875791839169136,0.0002492230585122087,0.9997507769414877,99.97507769414878,-22.53003389524979,30.39722716606956,-1.7500731453685923,1.354920357914686,258.14517568879245,0.0,1,Decay at rest,
293,24,muon_plus,Muon+,-13,14,13,4.119812659938304,3.4609620114491593,0.6588506484891443,15.992247776116375,0.15141084175197175,0.9990736048833635,0.0008548224259895607,7.157269064702035e-05,0.999928427309353,99.99284273093531,-0.08343237949065907,0.05413958977244566,-0.0022899705370233964,0.0018025665150716115,109.7781841599383,0.0,1,Decay at rest,
294,8,muon_plus,Muon+,-13,2,73,145.01762308514213,141.05125272352083,3.9663703616213004,2.735095416156822,54.67699724671049,0.997479883140064,0.0020316198396250693,0.0004884970203110023,0.999511502979689,99.95115029796891,-30.285759163933456,21.707392534728736,-1.905425259846333,0.758349596417103,258.1084394935495,0.0,1,Decay at rest,
295,7,muon_plus,Muon+,-13,2,50,54.17772778320099,49.967344683782414,4.210383099418577,7.771427986546345,12.861598417111262,0.991241986064994,0.00874079410356767,1.721983143824119e-05,0.9999827801685617,99.99827801685616,-4.681440892316952,7.158285079139808,-0.6175619580649355,0.5323043567694533,161.54459158474126,0.0,1,Decay at rest,
296,18,muon_plus,Muon+,-13,2,38,25.393305265935837,23.93873780790203,1.4545674580338075,5.728153317579555,3.5805221964340213,0.9971653049146321,0.0025268844706818985,0.000307810614686079,0.999692189385314,99.9692189385314,-1.2775304896915578,2.0735462059280723,-0.1305372298214696,0.05444700085500212,131.69891887805204,0.0,1,Decay at rest,
297,4,muon_plus,Muon+,-13,2,76,142.23671543384052,140.70364764797205,1.5330677858684594,1.0778284504056517,54.012489718968176,0.9968038987524758,0.0028872215066115168,0.00030887974091280476,0.9996911202590872,99.96911202590873,-30.86376834667828,21.232349327730105,-1.1736182103849448,1.8047602236033147,258.1084394935495,0.0,1,Decay at rest,
298,8,muon_plus,Muon+,-13,2,63,91.24640765384645,87.97133502155562,3.2750726322908306,3.5892619956230916,28.383632749368658,0.9935271786786204,0.0060633222882429325,0.0004094990331367117,0.9995905009668633,99.95905009668633,-16.32675024402577,10.78234446916732,-1.2331706983906132,1.0088674815673975,201.6730125822255,0.0,1,Decay at rest,
299,325,muon_plus,Muon+,-13,2,75,140.9229081144068,135.99840151159373,4.9245066028130795,3.494468478336517,53.60242873848494,0.9989593450816291,0.0007868696178836868,0.0002537853004871764,0.9997462146995127,99.97462146995127,-31.22453961614458,21.640537360632013,-0.6834376115179466,0.9473198059954564,258.1084394935495,0.0,1,Decay at rest,
300,9,muon_plus,Muon+,-13,6,13,4.119812659938305,3.476997475976214,0.6428151839620917,15.603019773518485,0.16198201862560133,0.9994739961101182,0.0004924272982521977,3.3576591629575414e-05,0.9999664234083704,99.99664234083704,-0.056473809904388654,0.0902187782655027,-0.001289402127008729,0.001939380776869016,109.7781841599383,0.0,1,Decay at rest,
300,1730,muon_plus,Muon+,-13,4,11,4.1198126599383045,3.129602858555883,0.9902098013824215,24.035311387126285,0.1475702476081701,0.9990641546240266,0.0008649200588358098,7.092531713753931e-05,0.9999290746828624,99.99290746828623,-0.08250321164596806,0.04984178091650339,-0.0017382021949739201,0.0020971234506197006,109.7781841599383,0.0,1,Decay at rest,
301,4,muon_plus,Muon+,-13,2,75,143.86677839549094,142.26644417556759,1.6003342199233421,1.112372319566377,56.21777201348646,0.998489392719029,0.0014216982036423722,8.89090773285698e-05,0.9999110909226714,99.99110909226714,-31.463434017611238,22.481185162352116,-0.9386505639058625,1.336329896035011,258.10843949354944,0.0,1,Decay at rest,
302,10,muon_plus,Muon+,-13,2,72,143.0100077773135,139.4501541874919,3.5598535898215813,2.4892338970883556,55.30052308894019,0.9986342193903682,0.0012117489348871036,0.00015403167474453336,0.9998459683252553,99.98459683252553,-32.11688662176584,22.298284545910636,-0.682448536827653,1.026183471988633,258.10843949354944,0.0,1,Decay at rest,
303,4,muon_plus,Muon+,-13,2,74,142.3587334428215,136.56688267655406,5.791850766267427,4.068489952247102,54.904424618131145,0.989675381032469,0.009877799286905688,0.0004468196806251802,0.9995531803193747,99.95531803193747,-29.230405369174985,21.05796882869414,-2.9634740421355454,2.1475044950466673,258.1084394935494,0.0,1,Decay at rest,
304,8,muon_plus,Muon+,-13,2,72,141.94881437607683,134.31406065280348,7.6347537232733576,5.378525884017579,52.465851730045046,0.9971975857299443,0.0025471312222836817,0.00025528304777202475,0.999744716952228,99.9744716952228,-21.00390194166113,28.898771948980986,-1.0730619059673079,1.66228461309654,258.10843949354944,0.0,1,Decay at rest,
305,49,muon_plus,Muon+,-13,31,13,4.119812659938304,3.2893150611841286,0.8304975987541751,20.158625338235943,0.1473075127358596,0.9992170108807205,0.0004481193799539233,0.0003348697393257746,0.9996651302606744,99.96651302606743,-0.053977736572712785,0.07866956378608206,-0.0022547722732475903,0.0014777117608188613,109.7781841599383,0.0,1,Decay at rest,
306,12,muon_plus,Muon+,-13,2,70,143.64328463780632,139.37478718259624,4.26849745521007,2.9715955507234475,55.977931044595344,0.9996090794600551,0.00021224719351764366,0.00017867334642728818,0.9998213266535727,99.98213266535727,-30.417698977805003,22.446077998023792,-0.49914208527518844,0.3657438494984587,258.10843949354944,0.0,1,Decay at rest,
307,1394,muon_plus,Muon+,-13,2,60,91.66132441678508,83.51049498607696,8.15082943070812,8.892332161431801,29.379493149535545,0.9970539370128919,0.0025989565176874683,0.00034710646942045614,0.9996528935305794,99.96528935305794,-11.209605273659244,16.42339885058072,-0.6837836938669569,0.5258015359782451,200.91789081801105,0.0,1,Decay at rest,
308,5,muon_plus,Muon+,-13,2,78,135.14670120069277,133.50539008107154,1.6413111196212429,1.2144662837044737,51.30291307393163,0.9986746419945647,0.0008981706626108534,0.00042718734282451686,0.9995728126571756,99.95728126571755,-28.189608141910377,20.304575297460588,-0.6809459839537738,0.7143019443139467,258.1084394935495,0.0,1,Decay at rest,
309,8,muon_plus,Muon+,-13,2,72,137.13423321051994,131.46474553703516,5.6694876734847846,4.134261402680788,52.29015153786024,0.9979752656092002,0.0019171642173824762,0.0001075701734173808,0.9998924298265828,99.98924298265828,-29.75124741186164,20.69312834256767,-1.4687201616504377,0.9482002375542312,258.1084394935494,0.0,1,Decay at rest,
310,1052,muon_plus,Muon+,-13,2,78,138.91450322288222,132.80613088102206,6.108372341860153,4.3972171372628654,52.222991596838455,0.9987072342280585,0.0012300316928400687,6.273407910128521e-05,0.9999372659208986,99.99372659208986,-29.70091772773656,21.18770290772678,-0.7643756702576574,0.79755474206448,258.10843949354944,0.0,1,Decay at rest,
311,18,muon_plus,Muon+,-13,9,11,4.119812659938304,4.045954526289192,0.0738581336491117,1.7927546649710466,0.14637488340519866,0.9990991770334745,0.0008288542504248043,7.196871610071743e-05,0.9999280312838993,99.99280312838992,-0.08074329092931673,0.05155092706298207,-0.00196659012665467,0.0020171879757862076,109.7781841599383,0.0,1,Decay at rest,
312,497,muon_plus,Muon+,-13,2,67,93.13103223524408,83.89246916237057,9.2385630728735,9.919962069718476,30.43777205082974,0.9907021175833527,0.00911736266450353,0.0001805197521438513,0.9998194802478563,99.98194802478562,-17.871750334508373,11.651696928573056,-1.2184153682170895,1.4469630585660238,206.36355701950805,0.0,1,Decay at rest,
313,5,muon_plus,Muon+,-13,2,69,144.23100514466995,134.32358511883334,9.907420025836617,6.869133315613412,54.97150442218563,0.9952315692213122,0.00474336970252071,2.5061076167171616e-05,0.9999749389238329,99.99749389238329,-29.889598464053655,22.254709977061243,-1.9833569839580603,1.7124279953232493,258.1084394935495,0.0,1,Decay at rest,
314,11,muon_plus,Muon+,-13,2,70,140.43083744823298,134.2926688035474,6.138168644685568,4.370954952788258,53.26576617842694,0.9987413223366323,0.0009226578586930759,0.0003360198046747204,0.9996639801953253,99.96639801953253,-21.60550412797279,29.482442920607642,-0.7602159933712417,1.0629837679264535,258.10843949354955,0.0,1,Decay at rest,
315,12,muon_plus,Muon+,-13,2,72,142.69941825541179,135.84730824359238,6.852110011819418,4.801778518504617,54.672030455305126,0.9968166278130285,0.003059053141889667,0.00012431904508203838,0.9998756809549182,99.98756809549182,-30.71124938553836,22.15038746581415,-1.5493185545656993,1.6140012973128248,258.10843949354944,0.0,1,Decay at rest,
316,4,muon_plus,Muon+,-13,2,71,142.2375769565745,137.7848946172461,4.452682339328383,3.1304542966784363,54.38507503562957,0.9964976531637122,0.0034373010118431955,6.504582444448875e-05,0.9999349541755553,99.99349541755554,-31.487483352866985,22.006567814227875,-2.2430473842434946,1.5710885816826634,258.10843949354944,0.0,1,Decay at rest,
317,3,muon_plus,Muon+,-13,2,61,83.88669073958255,76.79962259970267,7.087068139879874,8.44838207038222,25.73184995134872,0.9966010423259246,0.0031749644641497388,0.0002239932099256517,0.9997760067900744,99.97760067900744,-9.676213283969977,13.857477205505498,-0.5815226726988187,0.9837666530701838,194.781608580688,0.0,1,Decay at rest,
318,380,muon_plus,Muon+,-13,368,11,4.119812659938304,3.4357085479294263,0.6841041120088771,16.60522379236346,0.1564759328142225,0.9982187431474504,0.0017591810007936894,2.207585175592227e-05,0.999977924148244,99.9977924148244,-0.09038411701145747,0.0522565822192622,-0.003262294361068057,0.0026005350368642206,109.7781841599383,0.0,1,Decay at rest,
319,11,muon_plus,Muon+,-13,9,13,4.119208280099999,3.405962289353596,0.713245990746403,17.31512325298317,0.15420976445788007,0.9949092387908421,0.004808325443716036,0.000282435765441771,0.9997175642345582,99.97175642345582,-0.08609866349366783,0.053024326790701154,-0.005330667620395225,0.0038799112707969038,109.7781841599383,0.0,1,Decay at rest,
320,8,muon_plus,Muon+,-13,5,11,4.1198126599383045,3.3804682668651584,0.7393443930731459,17.94606828273152,0.15336942649710247,0.9981592486054273,0.0018174100913983717,2.3341303174429032e-05,0.9999766586968256,99.99766586968256,-0.05481606207385021,0.08270549865400387,-0.0035758729105385455,0.0031872685673441665,109.7781841599383,0.0,1,Decay at rest,
320,2664,muon_plus,Muon+,-13,3,12,4.1198126599383045,3.5240600060127423,0.5957526539255622,14.460673411651776,0.15293339658822455,0.9980574465480772,0.0014548792532979229,0.00048767419862506,0.9995123258013751,99.9512325801375,-0.08491675053095135,0.05371630664952043,-0.0035108074588372073,0.0020235304245446446,109.7781841599383,0.0,1,Decay at rest,
321,4,muon_plus,Muon+,-13,2,69,145.0863532436056,132.13633721875004,12.950016024855563,8.925729908664797,55.36757751248099,0.995084583522481,0.004695485191732602,0.00021993128578641673,0.9997800687142135,99.97800687142136,-21.978072172665893,29.36323941538334,-1.4002575405589428,1.880169147800649,258.1084394935494,0.0,1,Decay at rest,
322,9,muon_plus,Muon+,-13,2,75,142.9719767635435,140.92725180628355,2.044724957259936,1.430157855788507,55.64396469161848,0.9990845495863656,0.0008476640937455519,6.778631988889583e-05,0.9999322136801112,99.99322136801112,-31.666808933245374,22.191668528789386,-0.7835454091821515,1.3824511680627252,258.10843949354955,0.0,1,Decay at rest,
324,20,muon_plus,Muon+,-13,9,11,4.1198126599383045,3.750237002835808,0.3695756571024967,8.970690844666494,0.14981905545902233,0.99862917718799,0.0010642522263544095,0.0003065705856555605,0.9996934294143445,99.96934294143445,-0.053446853663744597,0.08099235241145039,-0.0019348115952899758,0.003174179649004634,109.7781841599383,0.0,1,Decay at rest,
325,811,muon_plus,Muon+,-13,2,74,142.9278338065845,133.5584766275576,9.369357179026883,6.555306219575022,54.283662117159345,0.9989859430915516,0.0009456549037449913,6.84020047034146e-05,0.9999315979952966,99.99315979952966,-21.64028882875133,30.21655661972341,-1.2920503163908892,0.6170321855436268,258.10843949354944,0.0,1,Decay at rest,
326,179,muon_plus,Muon+,-13,177,13,4.119812659938304,4.051831706380789,0.06798095355751399,1.6500981760304616,0.1531761793995968,0.9981826471832669,0.0017718861210718193,4.54666956613659e-05,0.9999545333043387,99.99545333043388,-0.0880706945479843,0.0519708062709646,-0.001748838570664472,0.00374003210735081,109.7781841599383,0.0,1,Decay at rest,
328,6,muon_plus,Muon+,-13,2,105,305.2876134902344,298.3641530222293,6.923460468005076,2.267848468810067,144.50973891786248,0.9959442272445734,0.004038012168562612,1.776058686408219e-05,0.999982239413136,99.9982239413136,-60.76083663883431,76.76995028736782,-4.919732901444023,6.6130271070185245,448.3430979662945,0.0,1,Decay at rest,
329,23,muon_plus,Muon+,-13,5,12,4.119812659938305,4.023290021500123,0.09652263843818279,2.3428890196096495,0.14543017496196411,0.9974606535481142,0.0024997618753553512,3.9584576530385145e-05,0.9999604154234696,99.99604154234696,-0.07818079579300062,0.05302950923388598,-0.002567713998015125,0.003607383489725528,109.7781841599383,0.0,1,Decay at rest,
330,9,muon_plus,Muon+,-13,2,74,141.81153314115363,137.76543688120503,4.04609625994859,2.8531503540838705,54.979795476615706,0.9986325137704021,0.001344179446917361,2.330678268048173e-05,0.9999766932173194,99.99766932173195,-31.7709120192103,22.29390859669803,-0.9341166774290466,1.3574262998066187,258.1084394935495,0.0,1,Decay at rest,
331,4,muon_plus,Muon+,-13,2,68,143.1742610829724,130.36571099467747,12.808550088294927,8.94612620411717,54.39308356833559,0.9980996218038396,0.0010813336620763621,0.0008190445340839004,0.999180955465916,99.9180955465916,-21.596963816829934,30.674731839087634,-1.5386520410644915,0.6395513304954504,258.10843949354955,0.0,1,Decay at rest,
332,13,muon_plus,Muon+,-13,2,75,142.1606006828644,129.0417907615494,13.118809921314998,9.228161570997285,53.42142627446235,0.9966005887437908,0.003278370512291637,0.00012104074391753491,0.9998789592560824,99.98789592560824,-21.05878891017616,28.377098608605372,-1.3408357533501298,1.6503558252363044,258.1084394935495,0.0,1,Decay at rest,
333,4,muon_plus,Muon+,-13,2,68,143.9389970726578,141.9602528196429,1.9787442530148935,1.3747103239965326,54.233518930029405,0.9937636858251928,0.005974417228203138,0.0002618969466039583,0.9997381030533959,99.9738103053396,-29.63192281443734,21.634469504229624,-1.5381114716461082,2.280929585349601,258.10843949354944,0.0,1,Decay at rest,
334,7,muon_plus,Muon+,-13,2,79,135.02705390560845,116.86257787877085,18.16447602683761,13.45247156139214,51.44920919212539,0.997063015145377,0.002684275629595356,0.00025270922502762066,0.9997472907749724,99.97472907749724,-20.369672633939256,27.25718997542976,-1.4188870143675534,1.1163623524793012,258.1084394935495,0.0,1,Decay at rest,
335,767,muon_plus,Muon+,-13,2,73,138.82562724320033,135.3409509986183,3.484676244582034,2.5101102107591693,52.73374248021275,0.9977924043494217,0.001796712151569474,0.00041088349900876694,0.9995891165009912,99.95891165009913,-30.60096265901236,21.046370944769755,-1.3418740613187043,1.0426009503031604,258.10843949354944,0.0,1,Decay at rest,
336,16,muon_plus,Muon+,-13,6,12,4.119812659938304,3.4668849701241835,0.6529276898141202,15.848480105983707,0.15591289460902147,0.9992370051961194,0.0005166964279184178,0.0002462983759623322,0.9997537016240378,99.97537016240378,-0.08911894826175769,0.05304803133930391,-0.0021080791157721546,0.001558263815894311,109.7781841599383,0.0,1,Decay at rest,
337,245,muon_plus,Muon+,-13,229,12,4.119812659938304,3.6672863231635917,0.45252633677471177,10.984148409832999,0.14950288047570173,0.9978035388688088,0.0012506772249517213,0.0009457839062394808,0.9990542160937605,99.90542160937605,-0.0836979800159687,0.05233315853435119,-0.003294167820272808,0.0021904776557483967,109.7781841599383,0.0,1,Decay at rest,
338,9,muon_plus,Muon+,-13,2,75,138.3517147721332,120.26506333916439,18.086651432968804,13.072950677017426,51.97140543583752,0.9992170405655195,0.000559171581336306,0.00022378785314415152,0.9997762121468559,99.97762121468558,-20.79512123360762,27.483990752078807,-0.6066948182941231,0.5538241234860128,258.1084394935494,0.0,1,Decay at rest,
339,8,muon_plus,Muon+,-13,2,72,144.82175936607888,136.50452927104527,8.31723009503361,5.743080412391211,55.487667643323704,0.9977456944550003,0.002115418152219192,0.00013888739278063725,0.9998611126072194,99.98611126072194,-30.77345831032148,22.549946745190095,-1.0384093851422511,1.5632154250952468,258.1084394935495,0.0,1,Decay at rest,
340,596,muon_plus,Muon+,-13,6,71,144.06425064829043,140.65443215981094,3.409818488479475,2.3668734423253937,53.91464285501297,0.9980217649506604,0.00180088821025722,0.00017734683908245954,0.9998226531609177,99.98226531609177,-21.683755369348212,29.139944602682288,-1.0593896182375773,1.3936573238829055,258.14517568879245,0.0,1,Decay at rest,
341,802,muon_plus,Muon+,-13,2,71,143.6526019234326,139.76447759896237,3.888124324470237,2.7066160114124647,54.542023517996014,0.9981401100965597,0.0018144784599747887,4.5411443465606043e-05,0.9999545885565344,99.99545885565344,-21.74593251397126,29.414310700355543,-1.0443332758247645,1.495077543454085,258.10843949354944,0.0,1,Decay at rest,
342,7,muon_plus,Muon+,-13,2,69,141.7652975704813,129.26194153097626,12.503356039505038,8.819757905342637,54.95955985140377,0.9989128242247051,0.0010624823125518865,2.4693462742967126e-05,0.999975306537257,99.9975306537257,-29.71026877145451,22.054858372255065,-0.9251952306097938,1.0761852284824138,258.10843949354955,0.0,1,Decay at rest,
343,624,muon_plus,Muon+,-13,2,73,139.70282442384658,133.57713966941242,6.125684754434147,4.3847966422277445,53.30838148271807,0.9981545739198603,0.001435926878913828,0.0004094992012258811,0.9995905007987741,99.95905007987741,-21.281454541580665,29.952769734142,-0.8871573881942998,1.5636497889076058,258.1084394935495,0.0,1,Decay at rest,
344,5,muon_plus,Muon+,-13,2,72,127.27273339580599,111.78889963317303,15.483833762632957,12.165868799627113,46.326526334865676,0.9986676481961244,0.0008907114923710087,0.0004416403115045924,0.9995583596884954,99.95583596884954,-18.485234700409002,24.607872676037438,-0.5801647100646418,0.8203562081367127,242.66697816739185,0.0,1,Decay at rest,
345,6,muon_plus,Muon+,-13,2,75,138.95985127397296,134.8598285559987,4.100022717974263,2.9505088558929633,54.53436882046347,0.9976491975210166,0.0020902551037556005,0.00026054737522784546,0.9997394526247722,99.97394526247722,-21.817730942363294,30.330491039643167,-1.021162042145177,1.3175342885526036,258.1084394935494,0.0,1,Decay at rest,
346,8,muon_plus,Muon+,-13,2,74,140.19887469148378,127.63770054686961,12.561174144614165,8.959539919457841,53.894022457493996,0.9983135481860077,0.0015094339134911058,0.00017701790050134148,0.9998229820994988,99.98229820994989,-29.209525706254905,21.68479993025857,-0.7554345829791445,1.2179442120244217,258.1084394935495,0.0,1,Decay at rest,
347,4,muon_plus,Muon+,-13,2,75,137.11886590041237,129.7076656107589,7.411200289653456,5.404945731564111,52.363409828206265,0.9976603600931905,0.002102319151185997,0.00023732075562348553,0.9997626792443765,99.97626792443765,-21.140381626621515,28.53950372648011,-1.469799568180817,0.9042809519262395,258.10843949354944,0.0,1,Decay at rest,
348,8,muon_plus,Muon+,-13,2,77,141.24443000223252,130.73990829791964,10.504521704312875,7.437122797795877,54.53088895727022,0.9909271049358858,0.008107300993077878,0.0009655940710363595,0.9990344059289636,99.90344059289636,-21.59290358251456,28.77958863400987,-2.063489708356067,2.982519275463763,258.10843949354944,0.0,1,Decay at rest,
349,17,muon_plus,Muon+,-13,12,11,4.1198126599383045,3.535456847757249,0.584355812181055,14.184038460375184,0.15858075938607602,0.9208715957434924,0.0787992677783579,0.0003291364781497657,0.9996708635218503,99.96708635218504,-0.08025778293292658,0.03725086448583787,-0.017154028770289254,0.015984769814055024,109.7781841599383,0.0,1,Decay at rest,
349,1473,muon_plus,Muon+,-13,10,12,4.1198126599383045,3.267654472927592,0.8521581870107124,20.684391678709822,0.14710056919526085,0.9972417959860645,0.0015963292609623148,0.0011618747529731353,0.9988381252470269,99.88381252470269,-0.05239744538480712,0.07883403555935956,-0.0025172609254797643,0.002311049969118602,109.7781841599383,0.0,1,Decay at rest,
350,734,muon_plus,Muon+,-13,2,73,143.3830829063385,134.80572150331497,8.577361403023525,5.982129292495738,53.90091865616275,0.9967717841748615,0.003115320855617046,0.00011289496952145943,0.9998871050304785,99.98871050304786,-30.989319051103532,21.693563805722846,-1.9602906316131203,1.4072345693483799,258.10843949354944,0.0,1,Decay at rest,
351,10,muon_plus,Muon+,-13,2,72,146.15376134869922,136.5422524004502,9.611508948249018,6.576299412040114,55.58833417241847,0.9952983607110525,0.004534972855774793,0.00016666643317260062,0.9998333335668272,99.98333335668272,-32.22994462600202,22.130479864282865,-1.9046192185820454,1.5335279801835295,258.10843949354944,0.0,1,Decay at rest,
352,15,muon_plus,Muon+,-13,2,78,139.75740794370748,136.04418761124904,3.7132203324584343,2.6569041220012273,53.52300894335527,0.9956161389229916,0.0034315724806045825,0.0009522885964038725,0.9990477114035962,99.90477114035961,-21.16557840296674,30.596667369193383,-1.3626003296113163,1.5472264002564788,258.10843949354944,0.0,1,Decay at rest,
353,11,muon_plus,Muon+,-13,2,77,134.86645414212109,128.21211576856547,6.654338373555629,4.934020409955574,50.17021448230211,0.999077874378867,0.000896830829345131,2.5294791787763757e-05,0.9999747052082121,99.99747052082121,-20.526987320578503,27.25415778208243,-0.7818740201079243,0.8054899271582802,258.1084394935495,0.0,1,Decay at rest,
354,5,muon_plus,Muon+,-13,2,76,142.92514194178622,129.07193075140037,13.853211190385842,9.692634201495697,55.166764428745594,0.9989610273287731,0.0009537821148425183,8.519055638421685e-05,0.9999148094436157,99.99148094436157,-21.578355996719107,29.25607512527241,-1.6067108481490942,0.6024252052302657,258.10843949354944,0.0,1,Decay at rest,
355,3508,muon_plus,Muon+,-13,551,11,4.1198126599383045,3.723633727779375,0.3961789321589296,9.616430766656814,0.15007048355119632,0.9945032639730323,0.005294072399347575,0.00020266362761993276,0.9997973363723799,99.97973363723798,-0.05332445255540966,0.08041167861836457,-0.004634127764638972,0.00523589340702324,109.7781841599383,0.0,1,Decay at rest,
356,455,muon_plus,Muon+,-13,2,72,141.17685079830045,133.95626825667432,7.220582541626139,5.114565526002698,53.53472210015272,0.9985588135885175,0.0013842801559049722,5.690625557756229e-05,0.9999430937444225,99.99430937444225,-29.738504303998813,21.65746251222478,-1.1806205492085267,0.9368235788044469,258.10843949354944,0.0,1,Decay at rest,
357,5,muon_plus,Muon+,-13,2,101,254.73365367897597,242.45628814490894,12.277365534067028,4.819687291707197,115.88854242436834,0.999809928067896,0.00010975001951263016,8.032191259121385e-05,0.9999196780874087,99.99196780874087,-64.46023615861237,50.01770210375456,-0.9459484306026426,0.6555500153309275,384.6428753783063,0.0,1,Decay at rest,
358,269,muon_plus,Muon+,-13,267,11,4.119812659938304,3.3606615970109193,0.7591510629273842,18.42683455753915,0.15385453796636978,0.9907798507244745,0.009069850527782697,0.00015029874774279177,0.9998497012522571,99.98497012522571,-0.052159608220682226,0.08358973179135858,-0.00764852733793453,0.005477193828715725,109.7781841599383,0.0,1,Decay at rest,
358,2216,muon_plus,Muon+,-13,265,12,4.1198126599383045,3.154254347501911,0.9655583124363933,23.436947068628427,0.1462602242045548,0.9964568369728785,0.0030995869744317945,0.0004435760526897652,0.9995564239473103,99.95564239473103,-0.08131533766662924,0.04905482210864171,-0.003920642180994548,0.0033608685614809736,109.7781841599383,0.0,1,Decay at rest,
359,12,muon_plus,Muon+,-13,2,75,138.85632425695323,134.0661709641986,4.790153292754635,3.4497192104051884,54.04693416334338,0.9968751062262996,0.00294986859342241,0.0001750251802780154,0.999824974819722,99.9824974819722,-30.387160970463786,21.385849011081437,-1.3486645749210755,1.3843560746446362,258.10843949354944,0.0,1,Decay at rest,
360,1158,muon_plus,Muon+,-13,2,71,143.6961283958735,134.81160563065762,8.884522765215877,6.182854656139095,54.22064882725604,0.9921666505879614,0.007777685644972793,5.566376706576582e-05,0.9999443362329342,99.99443362329342,-21.253106991881292,30.770682444335513,-2.407014533843456,2.093381328366026,258.1084394935495,0.0,1,Decay at rest,
361,4,muon_plus,Muon+,-13,2,70,144.42326569639323,135.09147765700826,9.331788039384964,6.461416029050514,55.50304314845396,0.9957081300985761,0.0033859232688481337,0.0009059466325758668,0.9990940533674242,99.90940533674242,-32.25971887067217,21.754106349241653,-2.0201862593812083,1.1301156349789405,258.10843949354944,0.0,1,Decay at rest,
362,3888,muon_plus,Muon+,-13,2,72,145.05840941418586,133.66256096309326,11.395848451092595,7.85604122995309,55.06531719311489,0.9982740855207548,0.0016839341821935454,4.198029705174827e-05,0.9999580197029484,99.99580197029483,-29.97456279307184,22.3018085740454,-0.9767978350283499,1.1642898387430385,258.10843949354944,0.0,1,Decay at rest,
363,36,muon_plus,Muon+,-13,6,71,144.5585631310201,133.21466737407803,11.343895756942056,7.847266541146069,55.19038098162636,0.9983976944856224,0.0015026323617862785,9.967315259137606e-05,0.9999003268474087,99.99003268474087,-22.260315893677255,31.273052195260167,-1.2234396204302989,0.9057719611570082,258.14517568879245,0.0,1,Decay at rest,
364,7,muon_plus,Muon+,-13,5,11,4.119812659938304,3.6094874661525287,0.5103251937857749,12.387097082065312,0.15025675390148865,0.9938374564131282,0.00566352044219448,0.0004990231446772902,0.9995009768553226,99.95009768553226,-0.08297637080309538,0.05190314632144303,-0.005312727088535385,0.006165656324233969,109.7781841599383,0.0,1,Decay at rest,
364,1365,muon_plus,Muon+,-13,3,12,4.1198126599383045,3.5361250946954197,0.583687565242885,14.16781813694475,0.1517935395114411,0.9972325275454849,0.002723841994069354,4.3630460445917e-05,0.9999563695395542,99.99563695395543,-0.05352840739404799,0.08276682957263161,-0.003558563943949216,0.0033023168226734147,109.7781841599383,0.0,1,Decay at rest,
365,1472,muon_plus,Muon+,-13,6,70,142.7429684323126,135.2508334759939,7.492134956318736,5.24868933202229,53.89616831320431,0.9979813883305642,0.0019514886356232092,6.712303381256503e-05,0.9999328769661874,99.99328769661874,-21.83770495241224,29.852272140435762,-1.740716053842385,0.9746069332553714,258.14517568879245,0.0,1,Decay at rest,
366,5,muon_plus,Muon+,-13,2,79,139.21543169607423,137.46904170655029,1.7463899895239603,1.254451441372219,53.41289778178338,0.9969523192679193,0.00301318791110061,3.449282098016949e-05,0.9999655071790199,99.99655071790198,-30.381939952305803,21.31157938269985,-1.0575780262191659,1.8138490032248475,258.1084394935495,0.0,1,Decay at rest,
367,7,muon_plus,Muon+,-13,5,11,4.1198126599383045,3.492568429485473,0.6272442304528316,15.225066822874048,0.15222870562192378,0.9995225774741202,0.0003976100904200075,7.981243545970878e-05,0.9999201875645403,99.99201875645403,-0.08520967284980277,0.05364116458564936,-0.0014598363384828797,0.0011700574471071555,109.7781841599383,0.0,1,Decay at rest,
367,2032,muon_plus,Muon+,-13,3,11,4.1198126599383045,3.713802486276185,0.4060101736621195,9.855063984103579,0.14138482506573324,0.9978900649936728,0.002011061271934213,9.887373439299986e-05,0.999901126265607,99.9901126265607,-0.051289762987726355,0.07479016892643137,-0.0026526903900470737,0.0031100007919926615,109.7781841599383,0.0,1,Decay at rest,
369,3,muon_plus,Muon+,-13,2,61,91.02086843545864,87.39464807074198,3.626220364716663,3.9839439318115875,28.348547027193277,0.9988831855868107,0.001074427736790434,4.2386676398882383e-05,0.9999576133236011,99.99576133236012,-16.983440003885793,10.934572030925525,-0.4406429339147213,0.6823436604239717,201.97865059059924,0.0,1,Decay at rest,
370,10,muon_plus,Muon+,-13,2,69,143.62950412271888,134.76218305082944,8.867321071889457,6.17374621325233,54.60386188616609,0.996240780234951,0.0034775238324452405,0.00028169593260392214,0.9997183040673963,99.97183040673963,-21.637222501838536,29.380095491560006,-2.06348762747535,1.1323013819397594,258.10843949354955,0.0,1,Decay at rest,
371,4,muon_plus,Muon+,-13,2,81,154.6424753142902,149.89202535740557,4.750449956884627,3.0718920834848067,60.743411491801,0.9962150439271282,0.00309289562391805,0.0006920604489536806,0.9993079395510462,99.93079395510462,-34.88666454950103,24.490561907690253,-2.8512296601206146,1.4250059415694158,275.00491288706723,0.0,1,Decay at rest,
372,9,muon_plus,Muon+,-13,7,12,4.1198126599383045,3.5484154313771716,0.5713972285611331,13.869495429185122,0.14986944483045433,0.9982763592183799,0.0016761218007034237,4.751898091670623e-05,0.9999524810190833,99.99524810190833,-0.08290045743234488,0.05353728398247667,-0.0035619605476634175,0.002780615765400176,109.7781841599383,0.0,1,Decay at rest,
373,6,muon_plus,Muon+,-13,2,75,139.23479603884957,131.867718549198,7.367077489651565,5.291118096367224,52.851380365643536,0.9940011852423093,0.005871315513609619,0.00012749924408102215,0.9998725007559189,99.98725007559189,-20.65810542551016,29.688243689987925,-2.2928505077471995,1.8466392111848697,258.1084394935495,0.0,1,Decay at rest,
374,22,muon_plus,Muon+,-13,7,11,4.1198126599383045,3.407373054106996,0.7124396058313087,17.293009771031134,0.15953422978539586,0.9955221515133804,0.004458593269775997,1.9255216843659393e-05,0.9999807447831565,99.99807447831564,-0.053968429531025916,0.08783638286875022,-0.005681556118299815,0.0039047169033334787,109.7781841599383,0.0,1,Decay at rest,
375,16,muon_plus,Muon+,-13,4,10,4.119812659938305,3.5224258555401127,0.5973868043981929,14.50033906170721,0.1453871351140725,0.9843301472833615,0.01546277952564765,0.00020707319099078902,0.9997929268090092,99.97929268090093,-0.07814684508032964,0.047695899600036167,-0.0076898450184594335,0.007055002476498849,109.7781841599383,0.0,1,Decay at rest,
376,7,muon_plus,Muon+,-13,2,49,43.74776516106901,38.8638146267725,4.8839505342965115,11.163885780942069,9.211260804996018,0.9964856696116207,0.002606592719957288,0.0009077376684219712,0.999092262331578,99.9092262331578,-3.334570089631263,5.149035062079446,-0.19299152763840388,0.22175772921412337,150.96883863003825,0.0,1,Decay at rest,
377,7,muon_plus,Muon+,-13,5,13,4.119812659938304,3.7241927148630536,0.39561994507525017,9.602862502033643,0.15150792601113688,0.9974604565863933,0.0024838513473467035,5.5692066260044355e-05,0.99994430793374,99.994430793374,-0.05485993304605526,0.08151094458020691,-0.0029669529383085113,0.0038488435578459055,109.7781841599383,0.0,1,Decay at rest,
378,4,muon_plus,Muon+,-13,2,73,146.03235906554679,140.40136796857274,5.630991096974057,3.855988585685027,54.915836949090014,0.9499258973804839,0.04940627275999133,0.0006678298595247389,0.9993321701404753,99.93321701404753,-29.096014673274215,19.946125507555852,-5.760986285929088,5.404499374828895,258.10843949354944,0.0,1,Decay at rest,
379,15,muon_plus,Muon+,-13,4,11,4.119812659938304,3.1092677149109202,1.0105449450273833,24.528905278972488,0.1438808003072708,0.9975032983384546,0.00214417809806594,0.00035252356347940017,0.9996474764365205,99.96474764365205,-0.07803013570493013,0.05056002059369904,-0.002655022025369771,0.0033216193305362685,109.7781841599383,0.0,1,Decay at rest,
380,1224,muon_plus,Muon+,-13,2,73,139.2061803959666,134.86049589292608,4.345684503040525,3.1217611823551175,53.2739056029501,0.9982243456522567,0.0015841233573014727,0.0001915309904418282,0.9998084690095582,99.98084690095583,-31.011357819993428,21.36842964687863,-1.3364790147314574,0.8657496188713347,258.1084394935495,0.0,1,Decay at rest,
381,16,muon_plus,Muon+,-13,5,12,4.1198126599383045,3.1433170036407363,0.9764956562975681,23.702428651505514,0.14674606533547913,0.9978776156653131,0.0011223805307333105,0.001000003803953504,0.9989999961960464,99.89999961960464,-0.05195662218591443,0.07898998438332837,-0.0014199452247205492,0.0022720592319232023,109.7781841599383,0.0,1,Decay at rest,
382,551,muon_plus,Muon+,-13,539,11,4.119812659938304,3.1282234202331516,0.991589239705152,24.068794422317293,0.1476470982321588,0.9972204546207426,0.0026944746583640244,8.507072089332732e-05,0.9999149292791066,99.99149292791067,-0.0824005961734437,0.04968682696262685,-0.004438445338794504,0.002499837636943841,109.7781841599383,0.0,1,Decay at rest,
383,322,muon_plus,Muon+,-13,2,60,71.44581043500952,70.34653070917852,1.0992797258309996,1.5386202761755448,19.787145703879222,0.9967916897774277,0.002719861167171066,0.0004884490554012488,0.9995115509445988,99.95115509445988,-11.04679456759786,7.202357961626177,-0.5126728663146279,0.4544278166176912,180.19781971991188,0.0,1,Decay at rest,
384,4,muon_plus,Muon+,-13,2,72,143.19486207091148,134.71624273880246,8.478619332109014,5.92103599912008,54.04164797224,0.9985829352061738,0.0013492315649636228,6.783322886258024e-05,0.9999321667711374,99.99321667711374,-30.07175618341444,21.933187816882935,-0.9839428313801654,1.2814781841236642,258.10843949354944,0.0,1,Decay at rest,
385,5,muon_plus,Muon+,-13,2,77,141.75111859840854,137.8318470106163,3.919271587792249,2.7648964089629775,54.5540477210848,0.9960494743463874,0.003797512357888659,0.0001530132957240193,0.999846986704276,99.98469867042759,-21.612311433476442,30.38067185115721,-1.3063147904145302,2.0433688286159692,258.1084394935495,0.0,1,Decay at rest,
386,701,muon_plus,Muon+,-13,2,73,140.85537570877895,138.13478730350596,2.7205884052729914,1.9314764463784877,52.649188595229404,0.9945017818392625,0.005336763652359085,0.0001614545083785373,0.9998385454916217,99.98385454916216,-30.400277286117902,20.82965309977919,-1.5056326932347357,2.045477074187433,258.10843949354944,0.0,1,Decay at rest,
387,10,muon_plus,Muon+,-13,5,47,43.23777304973049,39.24020391270822,3.997569137022272,9.245548174797106,8.951228131179485,0.9986993082371554,0.0012282083420696807,7.248342077495781e-05,0.9999275165792251,99.99275165792251,-3.317707258315394,4.980155613393568,-0.2019018192410682,0.09883180419385673,149.64132119677095,0.0,1,Decay at rest,
388,519,muon_plus,Muon+,-13,2,75,137.50192968884758,130.04421362492207,7.457716063925526,5.423717384040757,52.965820901512124,0.9969975146627188,0.0029646475940281274,3.7837743253052465e-05,0.999962162256747,99.9962162256747,-28.467528106057962,21.03071625595823,-1.6589346109499783,1.1231711049310962,258.10843949354944,0.0,1,Decay at rest,
389,6,muon_plus,Muon+,-13,2,72,142.95279686237947,141.34249837046266,1.6102984919168175,1.1264546950186995,54.6902042409265,0.9979029107395797,0.001689986317205307,0.00040710294321507555,0.999592897056785,99.9592897056785,-30.230244116959476,22.129902806084324,-0.956198531664261,1.165192555711466,258.1084394935495,0.0,1,Decay at rest,
391,453,muon_plus,Muon+,-13,2,80,154.74543726542385,151.01966804888053,3.725769216543307,2.4076762988189175,60.422830503957336,0.9997690689924927,0.00017146698918651284,5.946401832071825e-05,0.9999405359816792,99.99405359816792,-34.88531360910973,24.595848308585328,-0.7843447255370416,0.3260137097104124,273.26703581109257,0.0,1,Decay at rest,
392,8,muon_plus,Muon+,-13,2,66,147.45169180499386,134.21247373242605,13.239218072567802,8.978681702802557,56.16005094138933,0.9983393276230285,0.0016327590850629512,2.7913291908601205e-05,0.9999720867080915,99.99720867080914,-22.72192704585574,29.727770750450734,-1.3985250590128302,0.9902293331596548,258.10843949354944,0.0,1,Decay at rest,
393,13,muon_plus,Muon+,-13,2,72,155.54107244347915,148.82548959222518,6.715582851253971,4.317562394135025,61.57783934246863,0.9978930302951596,0.0015500098357870357,0.0005569598690532189,0.9994430401309466,99.94430401309467,-24.87145622357635,33.50205377625703,-0.9939835233568818,1.285086223306217,271.7782830737138,0.0,1,Decay at rest,
394,30,muon_plus,Muon+,-13,7,13,4.119812659938304,3.5076562887636635,0.6121563711746401,14.8588399935595,0.15209466163741833,0.9986158877697012,0.001234786914312877,0.00014932531598599606,0.9998506746840141,99.98506746840141,-0.08421864732882234,0.053936305097347634,-0.00344801552738666,0.0024524067346678147,109.7781841599383,0.0,1,Decay at rest,
395,7,muon_plus,Muon+,-13,2,81,134.17987321693553,126.15030320902109,8.029570007914442,5.984183630083344,50.64614010232181,0.9997622845832072,0.00019418346384533118,4.353195294739872e-05,0.9999564680470525,99.99564680470525,-20.501120259488737,28.354687076393933,-0.3183436283056533,0.3648125479187283,258.10843949354955,0.0,1,Decay at rest,
396,7,muon_plus,Muon+,-13,2,76,143.3694664160534,137.87664382933906,5.492822586714334,3.8312359835213075,54.695453828031745,0.9972336325829978,0.002382370140795018,0.00038399727620731767,0.9996160027237928,99.96160027237929,-21.877018887477153,30.029215922081,-1.3457762494792753,1.038347271210386,258.1084394935494,0.0,1,Decay at rest,
397,5,muon_plus,Muon+,-13,2,72,139.60004883784723,136.61600937749702,2.9840394603501936,2.137563335537448,52.318314002843216,0.9967892798697695,0.003128243308844646,8.247682138578618e-05,0.9999175231786142,99.99175231786141,-30.369086899979663,20.723838953242144,-1.2611770217633615,1.8785170682163124,258.10843949354944,0.0,1,Decay at rest,
399,8,muon_plus,Muon+,-13,2,73,142.57014260974321,134.3857928077796,8.184349801963616,5.740577691899075,55.86871671363809,0.9970534771400392,0.002790793336720071,0.00015572952324067625,0.9998442704767593,99.98442704767592,-31.97202315673464,22.033058702750054,-1.6755139123742842,1.530262439208647,258.1084394935494,0.0,1,Decay at rest,
401,194,muon_plus,Muon+,-13,2,74,142.06349504539426,137.54881344338477,4.514681602009489,3.1779322341512786,53.58806556193398,0.999394925041924,0.0005283319048507847,7.67430532253127e-05,0.9999232569467748,99.99232569467748,-31.062318672872426,21.865720635678226,-0.6684187128092256,0.8633092141790948,258.10843949354944,0.0,1,Decay at rest,
402,6,muon_plus,Muon+,-13,2,70,146.12485427489705,138.2409120868223,7.883942188074735,5.395346484481748,55.44299112607865,0.9953941583146495,0.004478442725252333,0.00012739896009809678,0.9998726010399018,99.98726010399018,-22.405853312762222,30.19599218182467,-2.506908089901027,1.4417232439894854,258.1084394935495,0.0,1,Decay at rest,
403,268,muon_plus,Muon+,-13,251,11,4.1198126599383045,3.268100016425143,0.8517126435131616,20.673577024395964,0.142407436670465,0.9953689120432193,0.004609990658515943,2.1097298264674882e-05,0.9999789027017353,99.99789027017353,-0.07737597144380291,0.04944589912015805,-0.004981927696400636,0.003702653444217487,109.7781841599383,0.0,1,Decay at rest,
404,12,muon_plus,Muon+,-13,2,74,144.24349198141954,142.3241241029596,1.919367878459954,1.3306443515019684,54.86515294411092,0.9961104373906956,0.003834317074465865,5.524553483856094e-05,0.9999447544651615,99.99447544651615,-32.00836615331423,21.529352572899864,-1.2750726137156536,1.7621676775839854,258.10843949354944,0.0,1,Decay at rest,
405,14,muon_plus,Muon+,-13,12,12,4.1198126599383045,3.757516760323133,0.36229589961517134,8.793989667010656,0.15544817681797668,0.9910876646578755,0.008455918022073006,0.00045641732005155376,0.9995435826799485,99.95435826799485,-0.08615559825996529,0.052860986196187044,-0.006486831194192427,0.005357790093182577,109.7781841599383,0.0,1,Decay at rest,
406,4,muon_plus,Muon+,-13,2,84,134.92819312065802,126.48989332526705,8.43829979539098,6.253918918076021,51.13608214681583,0.9990798360455159,0.0007716435119077494,0.00014852044257634747,0.9998514795574236,99.98514795574236,-30.058527664839037,20.345264917977158,-0.48718979247130817,0.7832791392893345,258.10843949354944,0.0,1,Decay at rest,
407,4,muon_plus,Muon+,-13,2,75,143.2219447268212,134.78919357776,8.432751149061215,5.887890410331798,55.07073934415286,0.9984170297570701,0.0015440153633723558,3.8954879557663336e-05,0.9999610451204425,99.99610451204425,-31.927857030484766,22.053676045263554,-1.1672504419429457,0.8547569250509965,258.1084394935494,0.0,1,Decay at rest,
408,4,muon_plus,Muon+,-13,2,74,141.65550160606168,129.24750556773336,12.407996038328335,8.759275776548714,53.28296857318758,0.9993815787771061,0.0005142081042806033,0.00010421311861333413,0.9998957868813867,99.98957868813866,-21.550137154758648,29.33594524637071,-1.1132264432040804,0.6185954490508527,258.10843949354955,0.0,1,Decay at rest,
410,9,muon_plus,Muon+,-13,6,11,4.119812659938304,3.6642160722520325,0.45559658768627087,11.0586724517006,0.14790167790267966,0.9991521472899197,0.0007815117440740419,6.634096600623882e-05,0.9999336590339938,99.99336590339938,-0.08090402193361661,0.05319766773517209,-0.0021927983713693477,0.001502590047478395,109.7781841599383,0.0,1,Decay at rest,
410,662,muon_plus,Muon+,-13,4,13,4.119812659938304,3.598130549032181,0.5216821109061225,12.662762945000877,0.1505216426895511,0.9914976387059389,0.007945930924607084,0.0005564303694539829,0.9994435696305459,99.94435696305459,-0.08312259608808129,0.051129370604268094,-0.0068979472472239685,0.005271790848491701,109.7781841599383,0.0,1,Decay at rest,
411,116,muon_plus,Muon+,-13,3,71,143.96880078158588,136.70337162991416,7.2654291516717295,5.04653029839018,54.53672453175841,0.9993212971080833,0.0006169066533215288,6.179623859525994e-05,0.9999382037614047,99.99382037614048,-31.5269055803403,22.249576879229135,-0.7871909608497216,0.5703272768850605,258.14517568879245,0.0,1,Decay at rest,
412,3018,muon_plus,Muon+,-13,2,75,142.09804076238515,139.20811358401576,2.8899271783693874,2.033755822996809,54.54574713944155,0.9989183876554644,0.0007855416627174588,0.0002960706818181779,0.9997039293181819,99.97039293181818,-30.999863237950954,22.183953731809545,-0.6360568604943877,0.7862218524825603,258.10843949354944,0.0,1,Decay at rest,
413,4,muon_plus,Muon+,-13,2,73,138.40981401316768,134.78534663192931,3.6244673812383494,2.6186491233154423,52.32455565296013,0.9988140651492494,0.001051354743052868,0.00013458010769763713,0.9998654198923023,99.98654198923023,-30.36251659866904,21.07076650973205,-0.5505545467077951,1.1072225774839906,258.1084394935494,0.0,1,Decay at rest,
414,17,muon_plus,Muon+,-13,4,11,4.119812659938304,3.7669003246847503,0.3529123352535533,8.566222893708918,0.15240654619228564,0.9972271145058953,0.0026166718648330325,0.00015621362927181065,0.9998437863707283,99.98437863707284,-0.05365863672342608,0.08264392941928486,-0.0033605994936164595,0.003944005721243861,109.7781841599383,0.0,1,Decay at rest,
415,4,muon_plus,Muon+,-13,2,70,138.95465525584737,132.25749218674952,6.6971630690978445,4.819675207546542,52.99480483638461,0.9986941205974854,0.001172790975872827,0.00013308842664173744,0.9998669115733583,99.98669115733583,-30.56354832983094,21.08714968028947,-1.0876608648107808,0.823871415767353,258.10843949354944,0.0,1,Decay at rest,
416,8,muon_plus,Muon+,-13,2,74,141.32056541229107,132.85428427798269,8.466281134308398,5.990834461784612,53.96662269239057,0.9967883268417358,0.0030114442730146177,0.00020022888524946008,0.9997997711147504,99.97997711147504,-30.013202403855093,21.70003118117535,-1.2282661651052507,1.591984744429749,258.10843949354944,0.0,1,Decay at rest,
418,408,muon_plus,Muon+,-13,2,75,139.12354942526974,132.18608549998982,6.937463925279925,4.986548973153093,52.40871425987906,0.9991961289983656,0.0006947068317957894,0.0001091641698385008,0.9998908358301615,99.98908358301615,-29.86886342872918,21.168789141041266,-0.5809695120500034,0.7159076799227835,258.10843949354944,0.0,1,Decay at rest,
419,21,muon_plus,Muon+,-13,11,11,4.119812659938304,4.005671503621679,0.1141411563166246,2.770542394477081,0.14709498398364002,0.9992246094005801,0.000665890413986774,0.00010950018543311272,0.9998904998145669,99.98904998145669,-0.08027818177992464,0.05290610032083391,-0.0015929564816707501,0.0024073285685008543,109.7781841599383,0.0,1,Decay at rest,
421,294,muon_plus,Muon+,-13,2,71,144.14255166975866,135.49000848869127,8.65254318106739,6.002768149193732,54.27681978047439,0.99544320458976,0.0044904002740072165,6.639513623281095e-05,0.9999336048637673,99.99336048637673,-31.685342624418507,21.56772062791248,-1.825554780627483,1.4891847272865846,258.1084394935495,0.0,1,Decay at rest,
422,18,muon_plus,Muon+,-13,2,75,135.49007783192775,131.44964661828575,4.040431213641984,2.9820864216005867,51.688897574353916,0.9977244532576871,0.0019921830748444516,0.0002833636674684834,0.9997166363325316,99.97166363325316,-20.587747636433427,29.80128863023028,-0.9898530603934951,1.2661751936499834,258.1084394935493,0.0,1,Decay at rest,
423,9,muon_plus,Muon+,-13,7,11,4.1198126599383045,3.6994550655862866,0.4203575943520179,10.203318185791314,0.14502892983211538,0.9942893576085923,0.005677263003323814,3.337938808385842e-05,0.9999666206119161,99.99666206119161,-0.08029450247211485,0.04983561424582981,-0.005177315817123011,0.004162157997630639,109.7781841599383,0.0,1,Decay at rest,
423,1765,muon_plus,Muon+,-13,5,11,4.1198126599383045,3.0118480641367156,1.107964595801589,26.893567432704113,0.14447727557025455,0.9991337501373478,0.0008261055758404499,4.0144286811661335e-05,0.9999598557131882,99.99598557131883,-0.0776013556092878,0.05159240381483543,-0.0020772507287788403,0.0017474355149480908,109.7781841599383,0.0,1,Decay at rest,
424,1189,muon_plus,Muon+,-13,2,75,143.45502760450591,128.43825940589832,15.016768198607604,10.467927439955355,53.85381075781118,0.9980173650065528,0.0017195810284860124,0.0002630539649612051,0.9997369460350388,99.97369460350389,-21.492146351511643,28.15876085933354,-1.709360827815864,0.712578189575264,258.10843949354944,0.0,1,Decay at rest,
425,245,muon_plus,Muon+,-13,2,75,142.56596909111946,138.50336023026193,4.0626088608575195,2.8496343740075503,54.48730851689068,0.962055951892314,0.03776756258369377,0.00017648552399221346,0.9998235144760077,99.98235144760076,-26.82368128287655,20.621484643760635,-5.301027396156731,5.29887539122255,258.1084394935495,0.0,1,Decay at rest,
426,23,muon_plus,Muon+,-13,10,11,4.119812659938304,3.3058842755213993,0.8139283844169044,19.756441654050683,0.15718159745217405,0.9948212221950903,0.005151723394162172,2.7054410747628586e-05,0.9999729455892524,99.99729455892525,-0.08782882418877268,0.053466107157437964,-0.004488968740282497,0.005001436024247793,109.7781841599383,0.0,1,Decay at rest,
427,404,muon_plus,Muon+,-13,2,69,145.3527669590939,123.97919456238728,21.37357239670664,14.704620244843172,54.847947958881825,0.9989029145016858,0.0009149614412648112,0.00018212405704953549,0.9998178759429506,99.98178759429506,-22.304427074358866,28.60782924131428,-1.5457494528888291,0.7750929402939669,258.1084394935495,0.0,1,Decay at rest,
428,5,muon_plus,Muon+,-13,2,69,144.04601531305605,136.68400568208418,7.362009630971863,5.110873504533926,53.596072936649364,0.9983578479135135,0.0016257733606176957,1.6378725868852802e-05,0.9999836212741311,99.99836212741312,-29.677739522446405,21.769749636273055,-1.1314330124015293,0.8684950000826726,258.10843949354944,0.0,1,Decay at rest,
429,8,muon_plus,Muon+,-13,2,73,141.2172817878094,125.93801275647532,15.27926903133409,10.819687815753634,53.4619665364327,0.9972391146765374,0.0026035184839357695,0.00015736683952693604,0.9998426331604732,99.98426331604732,-21.178038132127053,28.978243219529308,-1.131477843629973,1.3879293887835602,258.10843949354944,0.0,1,Decay at rest,
430,4,muon_plus,Muon+,-13,2,79,137.76641723851577,131.48767238087248,6.278744857643282,4.557529319190218,52.054879219681546,0.998910345811736,0.0010202863378495528,6.936785041438789e-05,0.9999306321495856,99.99306321495855,-20.830096787754766,28.860998271574744,-1.4231089724636274,0.6406085283582237,258.10843949354944,0.0,1,Decay at rest,
432,834,muon_plus,Muon+,-13,2,71,144.59405641237834,135.80017047794706,8.793885934431268,6.081775525649093,54.88893726925712,0.9971392440369511,0.0023519997612409865,0.000508756201807785,0.9994912437981921,99.94912437981921,-30.40046362484576,22.188711651243903,-1.169994670002863,1.5209653293349776,258.10843949354944,0.0,1,Decay at rest,
433,877,muon_plus,Muon+,-13,2,77,143.69597202851674,140.54787854650198,3.1480934820147524,2.190801480079071,54.42220139885239,0.9964307233663209,0.002853276338550265,0.0007160002951286701,0.9992839997048711,99.92839997048712,-21.696015840478367,30.635321667606,-1.2787467557431622,1.586871424068717,258.10843949354944,0.0,1,Decay at rest,
434,14,muon_plus,Muon+,-13,4,11,4.119812659938303,3.0590746619131863,1.0607379980251166,25.747238663056148,0.1445859645065565,0.9975255302509849,0.0024109586263800628,6.351112263499813e-05,0.999936488877365,99.9936488877365,-0.07863089930382201,0.050511575743429814,-0.0034230663055612974,0.0027374018758005653,109.7781841599383,0.0,1,Decay at rest,
435,8,muon_plus,Muon+,-13,6,12,4.1198126599383045,3.6262411892493884,0.49357147068891605,11.980434826284249,0.14370188202228457,0.9975660236183203,0.002109051880265297,0.00032492450141442006,0.9996750754985856,99.96750754985855,-0.07899664902365508,0.05097389903330984,-0.002948405859742481,0.0024964288845741012,109.7781841599383,0.0,1,Decay at rest,
435,1042,muon_plus,Muon+,-13,4,12,4.1198126599383045,3.1970044278427903,0.9228082320955141,22.399276575584228,0.1421111113869948,0.9967555224476177,0.0031785778344107377,6.58997179715343e-05,0.9999341002820284,99.99341002820285,-0.07670153544016678,0.05017414657362598,-0.003710078451084631,0.00431658979686194,109.7781841599383,0.0,1,Decay at rest,
436,4,muon_plus,Muon+,-13,2,74,142.2230738130828,136.64334296657896,5.5797308465038515,3.923224760165874,53.72446604762995,0.9938868601173677,0.006086794267521932,2.6345615110511936e-05,0.9999736543848896,99.99736543848896,-31.123214777382803,21.320171036922698,-2.264949395143486,1.7152853876372007,258.10843949354944,0.0,1,Decay at rest,
437,5,muon_plus,Muon+,-13,2,76,131.38432918906463,127.67305260465143,3.7112765844132034,2.8247482841523692,49.99414580081555,0.9993513866565706,0.0005423700655534415,0.00010624327787583666,0.9998937567221241,99.9893756722124,-29.48996276763631,19.958315371373377,-0.4415957612401127,0.6755995996310923,258.10843949354944,0.0,1,Decay at rest,
438,15,muon_plus,Muon+,-13,2,72,141.23849820223077,135.1551539149865,6.083344287244287,4.30714314062864,53.712370998086925,0.9917534606922284,0.00813648534695358,0.00011005396081805858,0.9998899460391819,99.98899460391819,-30.647844085620182,21.259649682138907,-2.472504743498956,2.0155040012787238,258.1084394935495,0.0,1,Decay at rest,
439,7,muon_plus,Muon+,-13,2,71,142.53795164105358,136.73112552816738,5.806826112886201,4.073880707581129,53.9847763480218,0.9964802411388517,0.0034136387962834906,0.00010612006486476983,0.9998938799351352,99.98938799351352,-31.45424527439349,21.534246805561523,-1.9354577483958664,1.1633216807974396,258.10843949354955,0.0,1,Decay at rest,
440,727,muon_plus,Muon+,-13,718,60,71.2867385043871,66.453682568729,4.833055935658104,6.779740575956732,20.111072793936426,0.9831669757678311,0.016645781307415515,0.00018724292475349913,0.9998127570752466,99.98127570752466,-7.1119514913605535,11.611058898656205,-1.5202613675254883,0.8862262075411809,182.7903514641614,0.0,1,Decay at rest,
441,7,muon_plus,Muon+,-13,2,71,144.91845508960333,132.4711568119536,12.447298277649743,8.589174008205896,55.00683295152276,0.9994806489109797,0.000488097897026057,3.125319199438382e-05,0.9999687468080057,99.99687468080057,-22.503091826633497,29.9973842555424,-0.6814818342100979,0.7147589392914673,258.1084394935494,0.0,1,Decay at rest,
442,4,muon_plus,Muon+,-13,2,49,45.193190713265885,41.55751295386018,3.635677759405702,8.044746790446233,9.936317098092244,0.9988015280346952,0.0011304381009908286,6.803386431388109e-05,0.999931966135686,99.9931966135686,-3.6157846904936073,5.751056587013372,-0.1585514931049865,0.12911041910113746,153.62628558314867,0.0,1,Decay at rest,
443,4,muon_plus,Muon+,-13,2,84,138.41853329708565,130.19134446967945,8.227188827406204,5.943704669770132,53.117404055215154,0.9908581411170743,0.009041306873502391,0.0001005520094231893,0.9998994479905766,99.98994479905767,-30.850203167452033,20.775769764952532,-1.9652498137790781,2.8051079143915096,258.10843949354944,0.0,1,Decay at rest,
444,341,muon_plus,Muon+,-13,2,68,143.69141413212918,129.594416122166,14.0969980099632,9.810605661518876,54.231785274925855,0.999340527490473,0.00044321957999780587,0.0002162529295293342,0.9997837470704708,99.97837470704708,-21.85836524626167,28.869569512104697,-0.7680395272224435,0.4508553634863812,258.10843949354944,0.0,1,Decay at rest,
445,6,muon_plus,Muon+,-13,2,80,140.4462560367299,132.07747679889553,8.368779237834367,5.9587058238460555,53.44255220979902,0.9968787279379442,0.0029886509386270114,0.00013262112342881107,0.9998673788765712,99.98673788765711,-28.64477965944028,21.75158363792991,-1.621029475090039,1.312541186430898,258.1084394935495,0.0,1,Decay at rest,
446,1077,muon_plus,Muon+,-13,1065,11,4.1198126599383045,3.3617456450438095,0.7580670148944948,18.400521515603263,0.14001489712248996,0.9990605492320939,0.0008719473118756015,6.750345603061761e-05,0.9999324965439694,99.99324965439695,-0.07646018017236278,0.04937321592210694,-0.0021342162474816792,0.0018896373575430997,109.7781841599383,0.0,1,Decay at rest,
447,4,muon_plus,Muon+,-13,2,72,148.29683867700717,141.92689638960232,6.369942287404854,4.295399918321042,56.11612196620102,0.9958551260971141,0.003930960035130539,0.00021391386775540639,0.9997860861322446,99.97860861322447,-22.478751127935777,31.522765638560127,-1.8757561064625055,1.6934555761852852,258.10843949354944,0.0,1,Decay at rest,
448,22,muon_plus,Muon+,-13,13,11,4.1198126599383045,3.429770788927286,0.6900418710110183,16.74935071007214,0.13892058959611223,0.9972991417424142,0.0026585268000321365,4.233145755373522e-05,0.9999576685424463,99.99576685424462,-0.07671865020847797,0.04823081306542029,-0.0031767209488255815,0.0027158447327451504,109.7781841599383,0.0,1,Decay at rest,
449,11,muon_plus,Muon+,-13,2,69,144.2173697636918,140.74257588148345,3.474793882208373,2.4094142667433305,54.32274435276204,0.9990694905908276,0.0006118359822065175,0.000318673426965837,0.9996813265730341,99.96813265730341,-31.466632723344507,22.131319830901294,-0.6156538409454348,0.7148291120111571,258.10843949354955,0.0,1,Decay at rest,
450,406,muon_plus,Muon+,-13,2,70,140.79416975951443,136.48380535303795,4.310364406476494,3.0614651258918433,54.09391375775935,0.9990580518778946,0.0007476184385070362,0.00019432968359827608,0.9998056703164017,99.98056703164016,-31.2796092439108,21.77579629365336,-0.6890460962803269,0.728238720345361,258.10843949354944,0.0,1,Decay at rest,
451,19,muon_plus,Muon+,-13,8,12,4.1198126599383045,3.902801652316008,0.21701100762229658,5.26749698433002,0.15221213755308666,0.9965224955644766,0.0031378919591893762,0.0003396124763339475,0.9996603875236659,99.96603875236659,-0.08531735253312905,0.05189743660891678,-0.002744654144697457,0.004545746161474331,109.7781841599383,0.0,1,Decay at rest,
452,4,muon_plus,Muon+,-13,2,71,138.63556997273426,131.55436582346766,7.0812041492665845,5.107783053554913,53.173041694337705,0.9970020614973198,0.002879513729647075,0.00011842477303309221,0.999881575226967,99.9881575226967,-31.24801624446234,21.04907630638031,-1.4796787587340987,1.0376495422826446,258.10843949354955,0.0,1,Decay at rest,
453,1596,muon_plus,Muon+,-13,2,73,137.3075692419899,133.4577124409411,3.849856801048813,2.8038197910734635,52.6054653455181,0.9970691025716616,0.0028210981824123346,0.00010979924592602661,0.999890200754074,99.9890200754074,-30.956333519888915,20.706564167172864,-2.2388179306795806,1.0234646426119234,258.10843949354944,0.0,1,Decay at rest,
454,16,muon_plus,Muon+,-13,6,10,4.1198126599383045,3.749900252672169,0.3699124072661351,8.978864764003,0.14807804323755655,0.9966457146128711,0.0033178493681208002,3.643601900804378e-05,0.999963563980992,99.9963563980992,-0.04940029733426846,0.08075119254864148,-0.0034585917440375195,0.0038303830487901804,109.7781841599383,0.0,1,Decay at rest,
455,1129,muon_plus,Muon+,-13,2,70,139.52478570943282,136.28671611082274,3.238069598610082,2.3207844987151742,52.5718985686589,0.9986239323781724,0.0012791552046501381,9.691241717750653e-05,0.9999030875828225,99.99030875828225,-28.310747405531238,21.053586788717848,-0.9068164066506588,0.8166359581659903,258.10843949354944,0.0,1,Decay at rest,
457,2746,muon_plus,Muon+,-13,2,73,141.92392684768276,134.23907171071875,7.684855136964011,5.414770650484917,54.38369012084735,0.9954073428119131,0.004420677462165307,0.00017197972592151677,0.9998280202740785,99.98280202740784,-30.541857468621835,21.618971132774824,-1.8524165766308953,1.4305005061435891,258.1084394935495,0.0,1,Decay at rest,
459,8,muon_plus,Muon+,-13,2,70,145.19333510976995,136.01878278223575,9.174552327534197,6.318852253512874,56.83204529458265,0.9956688626355842,0.004318643715822238,1.2493648593542566e-05,0.9999875063514064,99.99875063514064,-32.18333922895051,22.60523146773419,-2.344644601822735,1.3690590785798433,258.1084394935496,0.0,1,Decay at rest,
460,21,muon_plus,Muon+,-13,6,12,4.119812659938304,3.7055152499920267,0.41429740994627673,10.05621964258154,0.14715336541046803,0.9976603522155154,0.0022911879751996884,4.845980928502842e-05,0.9999515401907151,99.9951540190715,-0.08045517015088954,0.052290354127534786,-0.00392134900503185,0.0031316220223289795,109.7781841599383,0.0,1,Decay at rest,
461,16,muon_plus,Muon+,-13,4,12,4.1198126599383045,3.3923217096370015,0.727490950301303,17.658350278291472,0.1573430845475989,0.9985299805431822,0.0011309196925598387,0.00033909976425777554,0.9996609002357421,99.96609002357421,-0.09011260881944762,0.05210135633521667,-0.0038676661610715433,0.0018376874534387002,109.7781841599383,0.0,1,Decay at rest,
462,8,muon_plus,Muon+,-13,2,77,139.69642715711112,131.91192601030036,7.7845011468107685,5.572441117664265,54.64823859728426,0.9988010025849403,0.0009897249616301936,0.00020927245342955853,0.9997907275465705,99.97907275465705,-22.159364930567882,29.3261924227829,-0.6991834431351287,0.8818086528259463,258.10843949354944,0.0,1,Decay at rest,
463,1060,muon_plus,Muon+,-13,2,73,141.19289534175866,132.42153891279992,8.771356428958747,6.212321383259122,53.508954535010886,0.9985022221117613,0.0014772993125603188,2.0478575678477767e-05,0.9999795214243217,99.99795214243217,-31.293321182563897,21.505084532914395,-0.7371002646037953,1.2649628011154683,258.10843949354944,0.0,1,Decay at rest,
464,5,muon_plus,Muon+,-13,2,68,146.3765856615772,135.1192893542323,11.257296307344882,7.6906400408681215,55.80800075092374,0.9994318932882263,0.0005175139480514295,5.059276372231544e-05,0.9999494072362778,99.99494072362778,-31.926684046029827,22.363650315207472,-0.751498370443082,0.42113049910828565,258.1084394935495,0.0,1,Decay at rest,
465,673,muon_plus,Muon+,-13,2,70,142.14017565281742,136.83865962200738,5.3015160308100455,3.729780131803968,53.84757942330654,0.9980687518953661,0.0017393225364676222,0.00019192556816635204,0.9998080744318337,99.98080744318337,-21.64733495547141,29.64804385482745,-0.9135153223966282,1.2894487677515636,258.1084394935495,0.0,1,Decay at rest,
466,417,muon_plus,Muon+,-13,2,72,145.90059845962952,142.7666041254549,3.1339943341746297,2.1480339129944013,55.7016555394352,0.9986103392764824,0.001328390762753415,6.126996076430253e-05,0.9999387300392357,99.99387300392357,-30.001948287502646,22.430618217534995,-0.9512711325734241,0.9478321273256882,258.10843949354944,0.0,1,Decay at rest,
467,8,muon_plus,Muon+,-13,2,73,144.02165643066525,139.99212078944007,4.029535641225175,2.797867863132841,55.13790397192945,0.9992709671573992,0.0005325227869137349,0.0001965100556871284,0.9998034899443129,99.9803489944313,-32.212077126511204,22.29379583385576,-0.6973891412980943,0.5103833421743846,258.1084394935495,0.0,1,Decay at rest,
468,4,muon_plus,Muon+,-13,2,72,142.6707429695452,139.33254818968794,3.338194779857246,2.339789301139214,53.45779503504179,0.9925933909082946,0.0073245629142701845,8.204617743516582e-05,0.9999179538225648,99.99179538225647,-30.260839829463222,20.97367546511394,-2.4021925833602165,1.8084825369101087,258.1084394935494,0.0,1,Decay at rest,
470,4,muon_plus,Muon+,-13,2,77,142.81084201541205,134.09480426251517,8.716037752896879,6.103204511570802,55.53086933000951,0.9987734047187576,0.0010437659939847052,0.00018282928725766302,0.9998171707127423,99.98171707127423,-31.41506664939199,22.6014226407916,-1.2673186357506687,0.8262249792421948,258.10843949354944,0.0,1,Decay at rest,
471,166,muon_plus,Muon+,-13,164,12,4.1198126599383045,3.5330157377470304,0.586796922191274,14.243291397625383,0.1518556869467425,0.9981584696903694,0.0016161643224397696,0.000225365987191007,0.9997746340128091,99.97746340128091,-0.0840718112094065,0.05371421273076023,-0.0029867081162251626,0.0028062758951131247,109.7781841599383,0.0,1,Decay at rest,
471,1968,muon_plus,Muon+,-13,162,12,4.1198126599383045,3.4931691675246475,0.626643492413657,15.210485139463627,0.15080235827909896,0.9984381485159431,0.001438523929686623,0.000123327554370394,0.9998766724456297,99.98766724456297,-0.08350143414876034,0.05349563060014096,-0.0039761208092938555,0.0018873467698128838,109.7781841599383,0.0,1,Decay at rest,
472,363,muon_plus,Muon+,-13,345,11,4.1198126599383045,3.6492113072870573,0.4706013526512473,11.42288233704041,0.14048925314658162,0.9990682334689871,0.0008318404431170965,9.992608789578275e-05,0.9999000739121042,99.99000739121043,-0.07559058194413897,0.05030881486030218,-0.0012394182500376281,0.002106712164638735,109.7781841599383,0.0,1,Decay at rest,
473,106,muon_plus,Muon+,-13,2,71,141.27007696696234,136.16726905992806,5.102807907034264,3.6120939526546842,52.60222291948911,0.9948464989213149,0.005104315061756066,4.918601692891407e-05,0.999950813983071,99.9950813983071,-29.94567193101706,21.314570156427752,-3.232927816170732,1.111316207700735,258.1084394935495,0.0,1,Decay at rest,
474,310,muon_plus,Muon+,-13,2,69,147.0209311918448,132.66094247896538,14.359988712879426,9.76730904672434,56.48645871669819,0.9981138284067489,0.0016192572074829297,0.0002669143857682094,0.9997330856142318,99.97330856142318,-22.748290109115008,30.949526743178808,-1.496069559159219,0.8407028093539035,258.10843949354944,0.0,1,Decay at rest,
475,515,muon_plus,Muon+,-13,2,80,136.75087259330036,119.60292870220545,17.14794389109492,12.53954988798735,50.398407494049636,0.9948166205972923,0.005050135997680763,0.00013324340502696518,0.999866756594973,99.98667565949731,-20.005628177482542,26.36811801533149,-1.6414215722046097,1.5747205560363418,258.10843949354944,0.0,1,Decay at rest,
476,8,muon_plus,Muon+,-13,2,74,140.70282336148188,128.61485288159102,12.087970479890854,8.591135693727663,54.33338331260835,0.9989066338326827,0.0007175549675553911,0.00037581119976196097,0.9996241888002382,99.96241888002382,-21.95734569223525,28.55106800558968,-0.7152768810830274,0.7091966624303817,258.1084394935494,0.0,1,Decay at rest,
477,50,muon_plus,Muon+,-13,22,71,143.5890757212473,139.27818531718057,4.310890404066722,3.002241209794783,54.83739626129343,0.9995467737942519,0.0003350387969136373,0.00011818740883444682,0.9998818125911656,99.98818125911656,-30.41444616231022,22.340066200929613,-0.649727438013497,0.6174445388271912,258.14517568879245,0.0,1,Decay at rest,
478,4,muon_plus,Muon+,-13,2,75,141.80181817244596,137.65159010802478,4.1502280644211895,2.926780571582005,53.003354847945694,0.9980682978503592,0.0018086785867470006,0.00012302356289380987,0.9998769764371063,99.98769764371063,-30.807611791010302,21.23678769986642,-0.884521941409449,1.313645704121105,258.1084394935495,0.0,1,Decay at rest,
479,623,muon_plus,Muon+,-13,2,74,141.1143770262552,129.61075380529064,11.503623220964545,8.151985264282622,53.51474633468725,0.9965939172060476,0.0033220863060656005,8.39964878867327e-05,0.9999160035121132,99.99160035121132,-21.49705765441385,28.928465672338326,-1.6333799580720423,1.2405349867290676,258.10843949354944,0.0,1,Decay at rest,
480,10,muon_plus,Muon+,-13,2,78,136.4797651869759,131.14264013974423,5.337125047231665,3.9105614227280197,50.933783584644345,0.9997629886580591,0.00022228469831185132,1.4726643628920515e-05,0.999985273356371,99.9985273356371,-29.605971590941333,20.570360007637387,-0.27644795899601277,0.549242698863386,258.1084394935494,0.0,1,Decay at rest,
481,328,muon_plus,Muon+,-13,3,79,139.4441047257024,136.74685751548785,2.6972472102145453,1.9342855802475436,53.130657211680784,0.9980153857538383,0.0019151833592758424,6.943088688599068e-05,0.9999305691131142,99.99305691131141,-21.16506483337843,28.637318646171998,-1.006578464541349,1.5276195706132563,258.14517568879245,0.0,1,Decay at rest,
482,5,muon_plus,Muon+,-13,2,72,144.45627327639647,134.9440277206347,9.512245555761774,6.584861522463236,55.77858751143857,0.9986390825639864,0.001337111404166517,2.3806031847080724e-05,0.9999761939681528,99.99761939681528,-22.461890869827865,30.837726953564296,-1.1852470478888006,1.102365581937131,258.1084394935494,0.0,1,Decay at rest,
483,15,muon_plus,Muon+,-13,5,14,4.1198126599383045,3.3870737334874006,0.732738926450904,17.785734132432054,0.15129120856454853,0.9993031146330984,0.0006476846605980495,4.920070630360999e-05,0.9999507992936965,99.99507992936965,-0.05311509480265379,0.08304883540053812,-0.002100293746331486,0.0016366849426926841,109.7781841599383,0.0,1,Decay at rest,
485,3,muon_plus,Muon+,-13,2,48,46.58770811041576,42.98043418438842,3.6072739260273403,7.742973570362975,10.112245943080541,0.9986256625599483,0.0012974277361027216,7.690970394890979e-05,0.9999230902960511,99.99230902960511,-5.815454309367139,3.731225192672004,-0.19919540954456186,0.20906605332239314,152.54451957175874,0.0,1,Decay at rest,
486,9,muon_plus,Muon+,-13,2,72,140.03791792275413,135.41418146787487,4.623736454879269,3.30177463608803,52.13538902544039,0.9989711833323071,0.0009640170857710119,6.479958192190846e-05,0.999935200418078,99.9935200418078,-29.532962804144745,20.80350758051557,-1.2181457192884853,0.8826199237372812,258.1084394935494,0.0,1,Decay at rest,
487,11,muon_plus,Muon+,-13,2,72,143.38074673821825,138.76811350484408,4.612633233374178,3.217052036837159,53.985684638998855,0.9983268118633071,0.0011437473848525264,0.0005294407518402831,0.9994705592481596,99.94705592481597,-21.83979078065563,30.743241727691082,-0.895505386937718,0.7824897635111404,258.1084394935495,0.0,1,Decay at rest,
488,876,muon_plus,Muon+,-13,860,11,4.1198126599383045,3.347699522129396,0.7721131378089083,18.741462331941836,0.15853924433849215,0.9986835343937711,0.001273677089500048,4.278851672873048e-05,0.9999572114832712,99.99572114832712,-0.09041242173911225,0.05374300173064063,-0.0019715230064185525,0.0031687209294155305,109.7781841599383,0.0,1,Decay at rest,
489,633,muon_plus,Muon+,-13,618,12,4.1198126599383045,3.333136296426371,0.7866763635119336,19.094954757571777,0.15119358237303704,0.9993527257189162,0.0006144285861498054,3.284569493394646e-05,0.999967154305066,99.9967154305066,-0.05508246243287535,0.08145060037921041,-0.002046391502612856,0.001881163768551708,109.7781841599383,0.0,1,Decay at rest,
490,2426,muon_plus,Muon+,-13,2,71,141.808507370779,125.3861184162057,16.422388954573307,11.580679649659226,53.354014266857455,0.9950725313444497,0.004853041294050345,7.44273615000226e-05,0.9999255726385001,99.99255726385002,-21.19234713746786,27.783207693345975,-2.1941689405105627,1.3318467575658113,258.10843949354944,0.0,1,Decay at rest,
491,960,muon_plus,Muon+,-13,2,71,142.79899260968403,134.39942115906146,8.399571450622581,5.88209433212273,55.052256104943915,0.9986582431037994,0.0013075327136108027,3.4224182589937584e-05,0.9999657758174102,99.99657758174102,-29.739521125716774,22.142263201855208,-1.486481166388712,0.9354143445207371,258.10843949354944,0.0,1,Decay at rest,
493,5,muon_plus,Muon+,-13,2,57,78.90292745151802,76.48688501051161,2.4160424410064048,3.06204410792102,23.102160299953237,0.9988560096416149,0.001059855206371878,8.413515201333319e-05,0.9999158648479868,99.99158648479867,-13.532111046651172,8.658569723391807,-0.44622067961663164,0.3717728230745236,190.3686331851991,0.0,1,Decay at rest,
494,14,muon_plus,Muon+,-13,6,12,4.119812659938304,3.450879000485984,0.6689336594523193,16.23699218066719,0.15089356468848183,0.9990384013216587,0.0007723899917148043,0.00018920868662651195,0.9998107913133735,99.98107913133735,-0.05320661592100923,0.08220229750510864,-0.002279858211450681,0.001965619078712868,109.7781841599383,0.0,1,Decay at rest,
495,4,muon_plus,Muon+,-13,2,72,142.2642467089966,123.81483844489365,18.449408264102953,12.968408219839986,53.92449320229617,0.9618723234152602,0.03801161638842506,0.00011606019631466523,0.9998839398036853,99.98839398036853,-18.61705607522973,26.46095454781167,-4.96832189863603,5.177689927697206,258.10843949354955,0.0,1,Decay at rest,
497,7,muon_plus,Muon+,-13,2,73,142.62695773755212,133.9319057799662,8.695051957585918,6.096359408847298,53.49114964421157,0.9950113860311317,0.004911256517785514,7.735745108274846e-05,0.9999226425489173,99.99226425489172,-21.329018974606978,30.124049604945245,-2.168410110459423,1.4644045165403534,258.1084394935495,0.0,1,Decay at rest,
498,619,muon_plus,Muon+,-13,2,71,143.16088066844364,141.42266581694082,1.7382148515028202,1.2141688730795632,54.38081429938344,0.9973688492783536,0.0025991567371842048,3.199398446205037e-05,0.9999680060155378,99.99680060155379,-31.0479803244382,21.986342722363492,-1.1835628512655256,1.7735513940860743,258.10843949354944,0.0,1,Decay at rest,
499,300,muon_plus,Muon+,-13,2,78,143.36923034105342,127.12677937473141,16.242450966322014,11.329105225496233,54.66318144132771,0.9984882331183549,0.001151474978581291,0.00036029190306370687,0.9996397080969361,99.96397080969362,-22.067929508716794,28.756691400712004,-1.0932151661342842,0.9465998745515918,258.1084394935495,0.0,1,Decay at rest,
500,10,muon_plus,Muon+,-13,7,11,4.119812659938304,3.7183753717128356,0.4014372882254681,9.744066571985336,0.14597433192655795,0.999343152831433,0.0004501565871191827,0.00020669058144783288,0.9997933094185523,99.97933094185522,-0.07930778707807358,0.05298669300902765,-0.0012624478983224176,0.001594839491875584,109.7781841599383,0.0,1,Decay at rest,
500,1293,muon_plus,Muon+,-13,5,13,4.118273448922101,3.7255764048790194,0.3926970440430813,9.535477644056495,0.1523524545414627,0.9958988713357853,0.0037476276956674745,0.0003535009685470871,0.9996464990314528,99.96464990314527,-0.05439971573481297,0.08193434832275223,-0.003697036943751971,0.004126893817658613,109.7781841599383,0.0,1,Decay at rest,
502,18,muon_plus,Muon+,-13,4,11,4.119812659938304,3.844218994992674,0.2755936649456295,6.689470801076586,0.15354866414358737,0.9956536667852202,0.004221087409132769,0.0001252458056469965,0.9998747541943529,99.98747541943528,-0.08570236802135875,0.05227339062871356,-0.0030934615071736005,0.005323937614665924,109.7781841599383,0.0,1,Decay at rest,
503,12,muon_plus,Muon+,-13,4,12,4.1198126599383045,3.9475457160371796,0.1722669439011249,4.1814266356399,0.15040815864871604,0.9915919850229565,0.008395758166558914,1.2256810484557012e-05,0.9999877431895154,99.99877431895155,-0.08291505275345014,0.051872827526894746,-0.005372784791775539,0.006383725922501787,109.7781841599383,0.0,1,Decay at rest,
504,10,muon_plus,Muon+,-13,2,75,139.95411541441482,132.33336200210923,7.620753412305577,5.445179936109734,54.12690262923259,0.9982822883288943,0.0016413093571944243,7.640231391137163e-05,0.9999235976860887,99.99235976860888,-31.723788881755393,21.724816043561237,-1.1140818008846463,1.2123020323605609,258.1084394935494,0.0,1,Decay at rest,
505,4,muon_plus,Muon+,-13,2,81,137.46308457574662,127.07450535304129,10.388579222705333,7.557359311969236,52.29954819874581,0.997757138758002,0.0017693913150843043,0.0004734699269137002,0.9995265300730863,99.95265300730864,-20.88090100141169,29.295944440300165,-1.7988275861685192,0.8471611579694667,258.10843949354944,0.0,1,Decay at rest,
506,3,muon_plus,Muon+,-13,2,63,89.77276264360053,86.18049256341114,3.592270080189396,4.001514462076624,28.633731047083163,0.9985401502733083,0.0014251407505030374,3.470897618872889e-05,0.9999652910238114,99.99652910238113,-16.675833822831777,10.881491217638626,-0.47264742370260193,0.7473645905132932,201.9525672089428,0.0,1,Decay at rest,
507,193,muon_plus,Muon+,-13,190,12,4.1198126599383045,3.7774002681227254,0.342412391815579,8.311358308722385,0.1514420542859806,0.998993181880897,0.0009899710031061226,1.6847115996846646e-05,0.9999831528840032,99.99831528840032,-0.05336083438526102,0.08278415399539318,-0.0019570752602287326,0.002406002323969308,109.7781841599383,0.0,1,Decay at rest,
507,1491,muon_plus,Muon+,-13,188,11,4.1198126599383045,3.6251121855167954,0.494700474421509,12.007839075598095,0.14991372288373797,0.9967363759476252,0.0028446752127811487,0.00041894883959362416,0.9995810511604064,99.95810511604064,-0.08364643242609625,0.051719127313254,-0.0032628398901039957,0.004133027254236201,109.7781841599383,0.0,1,Decay at rest,
508,7,muon_plus,Muon+,-13,5,11,4.1198126599383045,3.546802955854356,0.5730097040839484,13.908634964302705,0.15365579809437616,0.9984490565789923,0.001405738172971798,0.00014520524803590857,0.9998547947519641,99.98547947519641,-0.08754806178759492,0.05228404404708301,-0.0022322310192462425,0.003110664085291934,109.7781841599383,0.0,1,Decay at rest,
508,850,muon_plus,Muon+,-13,3,12,4.1198126599383045,3.325368035192846,0.7944446247454585,19.283513361439002,0.14531583643586268,0.9940032529712437,0.005594745838046431,0.0004020011907099155,0.9995979988092901,99.95979988092901,-0.052847213388111235,0.07619932298040631,-0.006022400284333535,0.003919366603029611,109.7781841599383,0.0,1,Decay at rest,
509,435,muon_plus,Muon+,-13,422,11,4.1198126599383045,3.7802169991047503,0.3395956608335543,8.242987943015834,0.1547195333116942,0.9990391753378924,0.0009370360104268441,2.3788651680567128e-05,0.9999762113483193,99.99762113483193,-0.053972902199681004,0.08489670960200485,-0.0021715726847963994,0.0021262561000221316,109.7781841599383,0.0,1,Decay at rest,
510,4,muon_plus,Muon+,-13,2,73,139.1665649357088,131.89220726320602,7.274357672502782,5.227087178492434,52.563095583735254,0.9966985222648702,0.0031830255928643083,0.0001184521422655781,0.9998815478577345,99.98815478577345,-20.90055183236168,29.22762491482746,-1.15697972386495,1.6085572289695993,258.10843949354944,0.0,1,Decay at rest,
511,4,muon_plus,Muon+,-13,2,75,138.8765528389315,132.92698414985279,5.949568689078724,4.284069965344698,52.488828518374646,0.9976847398804966,0.002203600840888389,0.00011165927861498367,0.999888340721385,99.9888340721385,-30.167226619942983,20.517822527236923,-1.758903164086691,1.1004477751650061,258.10843949354944,0.0,1,Decay at rest,
512,7,muon_plus,Muon+,-13,2,73,141.54127446926307,132.48462763129584,9.056646837967236,6.398590709266198,53.590837681967294,0.995697228246728,0.004264241905582395,3.852984768974253e-05,0.9999614701523104,99.99614701523105,-29.59388953717238,21.679537596526963,-1.4193522098636628,2.1452180009214863,258.1084394935495,0.0,1,Decay at rest,
513,460,muon_plus,Muon+,-13,2,46,49.84767369034796,44.746318825831594,5.1013548645163675,10.233887535466167,11.1677178717622,0.9991112746171679,0.0005282554433175743,0.0003604699395145856,0.9996395300604854,99.96395300604854,-4.068838336262475,6.282109783543836,-0.11775386527363221,0.13030876666771193,155.87890652499817,0.0,1,Decay at rest,
514,988,muon_plus,Muon+,-13,985,13,4.1198126599383045,3.598865171887443,0.5209474880508614,12.644931482361695,0.15204410771884605,0.9969645567546851,0.002599785795623978,0.0004356574496908483,0.9995643425503091,99.95643425503091,-0.053264514979238495,0.08307329581122125,-0.0030390729191317953,0.003330213687496313,109.7781841599383,0.0,1,Decay at rest,
514,2647,muon_plus,Muon+,-13,983,12,4.119812659938304,3.994230228402319,0.125582431535985,3.048255877194806,0.15004766254048119,0.9991347623661664,0.0007056632574518701,0.00015957437638184082,0.9998404256236183,99.98404256236184,-0.08443586874208843,0.052076646668380945,-0.0017240014520683764,0.0017296745901621531,109.7781841599383,0.0,1,Decay at rest,
515,4,muon_plus,Muon+,-13,2,76,140.91638074668532,139.37247565310764,1.5439050935776903,1.0956179014794962,53.21166622045642,0.9977439732952069,0.0021899295425841054,6.60971622089006e-05,0.999933902837791,99.9933902837791,-30.967812172333378,21.060270686135905,-1.2959088883291674,1.541633162734642,258.1084394935495,0.0,1,Decay at rest,
516,296,muon_plus,Muon+,-13,8,12,4.119812659938304,3.3542802541025356,0.765532405835768,18.58172856450303,0.157065202699305,0.997013339552548,0.0027224439484683544,0.0002642164989836671,0.9997357835010163,99.97357835010163,-0.05570013885772608,0.08585287316083849,-0.0037158209585686406,0.0033172245824013586,109.7781841599383,0.0,1,Decay at rest,
517,9,muon_plus,Muon+,-13,6,11,4.119812659938305,3.6871926245416775,0.4326200353966281,10.500963784190775,0.14456199719934415,0.9899846995448256,0.009797102398839786,0.00021819805633457547,0.9997818019436654,99.97818019436654,-0.050743958521590825,0.07640213393712256,-0.00662196903421956,0.006005916046000629,109.7781841599383,0.0,1,Decay at rest,
517,1810,muon_plus,Muon+,-13,4,12,4.1198126599383045,3.3835247632025136,0.736287896735791,17.87187810493347,0.15515002576012774,0.9997154053303867,0.00023009094614832564,5.4503723464952506e-05,0.9999454962765351,99.99454962765351,-0.05642503130505938,0.08385967574681473,-0.0014168798793430964,0.0009134789194202816,109.7781841599383,0.0,1,Decay at rest,
518,317,muon_plus,Muon+,-13,2,70,143.78448977891603,138.28494149690877,5.4995482820072485,3.824855024671569,54.90509554213327,0.9986483857049173,0.0009172746127413993,0.0004343396823413291,0.9995656603176587,99.95656603176587,-30.39543838649381,22.07039664009433,-0.8144441966650223,0.966615265246835,258.10843949354944,0.0,1,Decay at rest,
519,5,muon_plus,Muon+,-13,2,69,142.30589232222601,135.21959448900995,7.086297833216069,4.979623624558304,54.66225426374114,0.9991496887276688,0.0007574698123894658,9.284145994166594e-05,0.9999071585400583,99.99071585400583,-31.951246923796944,22.079482693102598,-0.7250019475173649,0.7557571610554666,258.1084394935495,0.0,1,Decay at rest,
520,22,muon_plus,Muon+,-13,4,10,4.1198126599383045,3.2057139044821445,0.9140987554561599,22.18787189876369,0.14490283471071966,0.9980890739173375,0.0016554611308034395,0.00025546495185910917,0.9997445350481409,99.9744535048141,-0.049506545421887434,0.0776443198454303,-0.0026188273320190015,0.0027381359276753415,109.7781841599383,0.0,1,Decay at rest,
521,209,muon_plus,Muon+,-13,2,71,143.82035425172458,134.28995273475454,9.53040151697005,6.626601336476523,55.74604144976784,0.9969243210101246,0.0027830183419321505,0.00029266064794303325,0.9997073393520568,99.97073393520569,-22.61098112112348,29.99452367015711,-2.13993741998863,1.2731908674679175,258.10843949354944,0.0,1,Decay at rest,
522,19,muon_plus,Muon+,-13,5,11,4.119812659938304,4.0643429969108595,0.0554696630274442,1.3464122669178575,0.14607157625586853,0.9984106135426908,0.001411149857057821,0.00017823660025137608,0.9998217633997486,99.98217633997486,-0.08166126963850129,0.050228256015652686,-0.0021880300252157376,0.002349893898668074,109.7781841599383,0.0,1,Decay at rest,
523,5,muon_plus,Muon+,-13,2,76,139.1939868175734,125.81916119500022,13.374825622573178,9.608766821301069,52.538517951693514,0.9974829469281444,0.0024799996551126352,3.705341674272142e-05,0.999962946583257,99.9962946583257,-21.236680430962533,28.287257631400102,-1.3709972967462984,1.0731584109245236,258.1084394935494,0.0,1,Decay at rest,
524,7,muon_plus,Muon+,-13,2,62,77.48368475099873,72.56936908956301,4.914315661435722,6.342387661645607,22.750624799192757,0.9965722127570791,0.0032209754211617184,0.0002068118217592344,0.9997931881782408,99.97931881782408,-8.612385270405925,13.16228504355721,-0.6826204811748079,0.5776685959740981,189.6605482204258,0.0,1,Decay at rest,
525,491,muon_plus,Muon+,-13,2,53,69.11928433364699,65.67313890717139,3.446145426475603,4.985794427269602,18.396362983918507,0.9991279817134567,0.0006491743838423755,0.00022284390270085872,0.9997771560972991,99.97771560972991,-11.032609032830843,7.161374134766414,-0.2936335575039389,0.21257967370271766,176.5402251184652,0.0,1,Decay at rest,
526,191,muon_plus,Muon+,-13,2,79,138.50926017146327,130.60840977342366,7.900850398039619,5.70420373934494,52.72676348932808,0.9930908587553013,0.006878790617200452,3.03506274980795e-05,0.9999696493725018,99.99696493725018,-21.12726164898024,28.913768738656763,-2.11679440088938,2.0933588510460295,258.10843949354944,0.0,1,Decay at rest,
528,6,muon_plus,Muon+,-13,2,74,143.43621659220437,136.78123246318975,6.65498412901461,4.639681864960947,54.24769689964892,0.9998370723776902,0.00012749110922042752,3.543651308928548e-05,0.9999645634869105,99.99645634869105,-31.856555377446366,21.807707880883935,-0.656573764879711,0.2543082468276073,258.10843949354944,0.0,1,Decay at rest,
529,19,muon_plus,Muon+,-13,8,11,4.1198126599383045,3.466836886408296,0.6529757735300087,15.849647239537035,0.1542044123096246,0.9977962753544116,0.002162560830431665,4.116381515675826e-05,0.9999588361848433,99.99588361848433,-0.08711603504494986,0.05301950019013052,-0.003327505863708882,0.002630739522377314,109.7781841599383,0.0,1,Decay at rest,
530,22,muon_plus,Muon+,-13,8,10,4.1198126599383045,3.5798383440786714,0.5399743158596331,13.106768691460823,0.1439162867468237,0.9978852471302861,0.001741109749866762,0.00037364311984699425,0.9996263568801529,99.96263568801528,-0.07886149356440975,0.04960544244459596,-0.002261659344060218,0.002581548484209254,109.7781841599383,0.0,1,Decay at rest,
532,25,muon_plus,Muon+,-13,10,12,4.1198126599383045,3.677815742466608,0.44199691747169656,10.728568358696087,0.15174144401933679,0.9992103665579481,0.0007008825530189425,8.875088903281066e-05,0.9999112491109671,99.9911249110967,-0.0852140452285281,0.05375744312480672,-0.0027179732193487473,0.0013981903288242832,109.7781841599383,0.0,1,Decay at rest,
533,633,muon_plus,Muon+,-13,2,72,144.76535968337117,132.9078344136022,11.857525269768972,8.190858155365062,54.86737934720007,0.9997603247725055,0.00017908884093755482,6.0586386556731725e-05,0.9999394136134431,99.99394136134431,-22.37501060071818,30.927054042962343,-0.39430968909520386,0.3294315951314999,258.1084394935495,0.0,1,Decay at rest,
534,600,muon_plus,Muon+,-13,2,70,146.7399325204698,140.1590145498795,6.580917970590309,4.484749214173374,56.02024105091821,0.9933884542762736,0.006444369039076132,0.00016717668465004575,0.9998328233153497,99.98328233153498,-22.28524280392307,30.15258797861229,-1.5594101887121752,2.7050079213887,258.10843949354944,0.0,1,Decay at rest,
536,169,muon_plus,Muon+,-13,160,12,4.1198126599383045,3.7526570050856503,0.3671556548526543,8.911950254994181,0.15425377333344953,0.9977036034337804,0.002227552374067933,6.884419215161373e-05,0.9999311558078483,99.99311558078483,-0.05372553152864297,0.08500187870522509,-0.003535803519295917,0.0038405381335596678,109.7781841599383,0.0,1,Decay at rest,
537,7,muon_plus,Muon+,-13,2,75,140.94414643790398,133.91289786247157,7.031248575432428,4.988677254879966,54.09704898417336,0.9966544621435306,0.003262816819380129,8.272103708916724e-05,0.9999172789629107,99.99172789629107,-21.668362355181046,30.165214494819992,-1.3657791022305326,1.4930465412548577,258.1084394935495,0.0,1,Decay at rest,
538,411,muon_plus,Muon+,-13,2,73,141.0962646063502,126.33510685624596,14.761157750104227,10.461763669851175,52.678023370614156,0.9977455978956458,0.002064508775230808,0.00018989332912346961,0.9998101066708766,99.98101066708766,-21.139873075491472,28.361909894453973,-1.6552127845304097,0.8712889683109166,258.10843949354944,0.0,1,Decay at rest,
539,15,muon_plus,Muon+,-13,2,80,138.08054565559607,131.28393087216995,6.796614783426111,4.922210258625713,52.251844175507905,0.9988917246416406,0.0010027631331743934,0.00010551222518506699,0.9998944877748149,99.9894487774815,-29.3583297237096,20.828595319060497,-1.020852082739452,0.7787709314503581,258.1084394935495,0.0,1,Decay at rest,
540,8,muon_plus,Muon+,-13,2,71,141.75338314352106,139.9608432337225,1.792539909798573,1.2645482386714395,54.578065007987135,0.9946556649916032,0.005053259393156139,0.00029107561524054006,0.9997089243847593,99.97089243847593,-30.336783173763965,20.831893652978632,-1.4302802989484609,2.5898897680522652,258.1084394935494,0.0,1,Decay at rest,
541,3,muon_plus,Muon+,-13,2,57,82.45179846349758,78.79798843986534,3.653810023632246,4.4314497581879095,25.22005976710188,0.9990649269279738,0.0008719698939123749,6.310317811384265e-05,0.9999368968218861,99.99368968218862,-14.80487387465158,9.642532211559972,-0.37589352257590825,0.4862343601983684,191.61253102835371,0.0,1,Decay at rest,
542,7,muon_plus,Muon+,-13,2,75,138.41737987801457,136.4732167409654,1.9441631370491725,1.4045657696761333,52.26458083442449,0.9999066643223169,6.26549671196214e-05,3.068071056337339e-05,0.9999693192894366,99.99693192894365,-30.573396955061185,21.17637912717757,-0.16117464631726275,0.356939634313165,258.1084394935495,0.0,1,Decay at rest,
543,4,muon_plus,Muon+,-13,2,79,138.9692601225555,130.04395790939847,8.925302213157035,6.422501066268833,52.90366631875331,0.9976338601311806,0.0023230633978065045,4.3076471013013374e-05,0.9999569235289871,99.99569235289871,-20.99785146624517,30.16221450768223,-1.361341556416517,1.1637591550933508,258.1084394935494,0.0,1,Decay at rest,
544,7,muon_plus,Muon+,-13,2,73,141.413034484411,138.0735337527813,3.3395007316297294,2.361522573789241,54.13277211172274,0.999844652514531,0.00012236889830448535,3.297858716467474e-05,0.9999670214128356,99.99670214128355,-31.613000197441167,21.973345525416487,-0.30681425786223554,0.2867702303646279,258.1084394935495,0.0,1,Decay at rest,
545,4,muon_plus,Muon+,-13,2,75,142.54256675985374,139.61071725686605,2.931849502987695,2.0568238454181067,55.043219634130814,0.9936963439572453,0.00619409297448037,0.00010956306827443043,0.9998904369317256,99.98904369317256,-31.808921858238087,21.692401761065295,-1.6709501686675403,2.3027169544286794,258.1084394935495,0.0,1,Decay at rest,
546,6,muon_plus,Muon+,-13,2,71,142.53461605120765,139.21957927413501,3.3150367770726334,2.3257766210852653,54.23070692567543,0.9985067727669173,0.0013847769021184794,0.0001084503309640439,0.9998915496690358,99.98915496690358,-31.414198103893295,21.48335911959607,-1.621719340173991,0.826641202915107,258.10843949354944,0.0,1,Decay at rest,
547,5,muon_plus,Muon+,-13,2,77,140.3642679113414,133.911998656161,6.452269255180406,4.596803268518358,53.54763895319895,0.9970543564027344,0.002616114830642445,0.00032952876662313254,0.9996704712333768,99.96704712333768,-30.805759396148716,21.584377722035633,-1.3966285785293089,1.2804909999270078,258.1084394935495,0.0,1,Decay at rest,
548,5,muon_plus,Muon+,-13,2,74,143.46124788198375,140.18891760362217,3.2723302783615678,2.2809855111908,55.85035158203664,0.9963162597252649,0.003655669960795541,2.8070313939576474e-05,0.9999719296860605,99.99719296860606,-31.22301699325279,22.24939983155138,-1.1807845381335724,1.81174941682718,258.1084394935495,0.0,1,Decay at rest,
549,7,muon_plus,Muon+,-13,2,78,136.6830827934535,131.47498626788158,5.208096525571927,3.8103446448029414,51.88431023333846,0.9982778886781668,0.0016756426896283895,4.646863220477326e-05,0.9999535313677952,99.99535313677951,-20.995756888230186,28.662842650953525,-0.9253849801112087,1.0438119258745968,258.1084394935494,0.0,1,Decay at rest,
551,5,muon_plus,Muon+,-13,2,71,142.03892078971677,137.18974731021052,4.849173479506234,3.4139751643743135,55.04517576952057,0.9987676939824955,0.0011564500402357304,7.585597726878385e-05,0.9999241440227312,99.99241440227313,-31.85033967873969,22.13689045052435,-0.8796363707127175,0.8263580117874622,258.1084394935494,0.0,1,Decay at rest,
552,694,muon_plus,Muon+,-13,2,71,138.75467445711476,132.0219449934021,6.732729463712667,4.852254160124579,53.00043394413645,0.9960053957116571,0.0037731936915645302,0.000221410596778436,0.9997785894032216,99.97785894032216,-21.047239378137714,28.874026134544607,-1.2912334714033329,1.7749265405078827,258.10843949354944,0.0,1,Decay at rest,
553,179,muon_plus,Muon+,-13,3,67,143.39984993208273,134.222728101323,9.177121830759706,6.399673245896833,55.01760654274454,0.9988599498342146,0.0009604375338892889,0.00017961263189612535,0.9998203873681039,99.98203873681038,-30.39303127881934,22.33184725399915,-0.8139686536398733,0.9887827810420255,258.14517568879245,0.0,1,Decay at rest,
554,20,muon_plus,Muon+,-13,4,12,4.119812659938304,3.4720109802030565,0.6478016797352473,15.724056727981132,0.14961675379573888,0.9997754863484657,0.00020956991037825027,1.4943741155994293e-05,0.9999850562588439,99.99850562588439,-0.082087734180959,0.055090797421922584,-0.0012677897534063445,0.0006702082422631966,109.7781841599383,0.0,1,Decay at rest,
555,790,muon_plus,Muon+,-13,2,72,138.7641189364969,134.99366520448004,3.7704537320168803,2.71716763736479,52.71592028532299,0.9846577861509584,0.01499304888350063,0.00034916496554089356,0.9996508350344591,99.96508350344591,-20.41255211296245,28.95618570367708,-2.5988246409751383,3.402093555001955,258.10843949354944,0.0,1,Decay at rest,
556,5,muon_plus,Muon+,-13,2,69,147.13522366097314,142.21324368467702,4.921979976296119,3.3452084781800955,56.59087122032378,0.998232996192526,0.001246753229723121,0.0005202505777509624,0.9994797494222492,99.94797494222492,-32.306443662618335,23.07536163609488,-0.90369094462774,0.8753329202797214,258.1084394935494,0.0,1,Decay at rest,
557,396,muon_plus,Muon+,-13,326,54,52.066070259200565,50.712935368448164,1.3531348907524003,2.598880391810036,12.495923762054474,0.9994238340985069,0.0004406796787231047,0.00013548622277007104,0.99986451377723,99.986451377723,-7.68422818756612,4.641774690050202,-0.12786335223812315,0.10782364839902973,159.04072551600768,0.0,1,Decay at rest,
558,7,muon_plus,Muon+,-13,4,60,76.5674565584855,71.87192170171687,4.695534856768627,6.132546473163799,22.7527842660866,0.9852501333939979,0.014130652565313604,0.0006192140406884279,0.9993807859593116,99.93807859593116,-8.389415810997367,12.985031134727604,-1.6836536737759322,1.0330937811604421,185.99939628091775,0.0,1,Decay at rest,
559,9,muon_plus,Muon+,-13,2,72,142.1320845650749,137.57961275666875,4.552471808406161,3.202986730502655,54.16611401434758,0.9975752679968682,0.0023494114233058275,7.532057982600342e-05,0.999924679420174,99.9924679420174,-28.66955270024178,22.06694706952693,-1.4150309000448515,0.9096108813186712,258.10843949354944,0.0,1,Decay at rest,
560,436,muon_plus,Muon+,-13,2,73,144.54418817128752,139.7431175231903,4.801070648097218,3.321524517061773,55.109875098756014,0.9977856021761167,0.0017070427046010023,0.000507355119282361,0.9994926448807177,99.94926448807176,-22.082631997990873,31.22241289533711,-1.8609317866312296,0.8468823164428753,258.10843949354944,0.0,1,Decay at rest,
561,7,muon_plus,Muon+,-13,2,72,141.26686614311205,139.68818314462894,1.578682998483127,1.1175182415980147,53.79715379326458,0.9968966842818707,0.0030351623541155803,6.815336401355664e-05,0.9999318466359863,99.99318466359864,-31.13767878231332,21.338133618447152,-1.362061440513202,1.5701964694677952,258.1084394935494,0.0,1,Decay at rest,
562,5,muon_plus,Muon+,-13,2,73,139.2949189517356,131.3552049829767,7.939713968758925,5.699930786068343,51.6561791109616,0.9956158073378327,0.004333943113131157,5.024954903605752e-05,0.9999497504509639,99.9949750450964,-30.003497025609562,20.710876723991433,-1.6409681189307541,1.5425302706780628,258.10843949354944,0.0,1,Decay at rest,
563,5,muon_plus,Muon+,-13,2,74,140.84896365065626,131.69600257311652,9.152961077539752,6.498422736174038,53.55474824224023,0.9981137099020948,0.0014402624528069164,0.0004460276450981197,0.9995539723549017,99.95539723549017,-21.371312720743546,29.973214720936095,-0.9520708826648354,0.9076978402627699,258.10843949354944,0.0,1,Decay at rest,
564,5,muon_plus,Muon+,-13,2,76,140.948462221429,131.37003315709023,9.578429064338772,6.795696039089189,54.51092561068786,0.9990661094669114,0.0007863059827977097,0.0001475845502908584,0.9998524154497092,99.98524154497092,-21.678683181692367,29.722330673680606,-0.7474589035055411,0.95016258240163,258.10843949354944,0.0,1,Decay at rest,
565,5,muon_plus,Muon+,-13,2,75,140.84579863689714,137.64874845061206,3.197050186285084,2.2698938961801294,53.817553950821896,0.9995017843301569,0.00040600502757870405,9.221064226443509e-05,0.9999077893577356,99.99077893577356,-31.54803763731131,21.699196500200355,-0.4209270849553241,0.5750458129092573,258.1084394935495,0.0,1,Decay at rest,
566,7,muon_plus,Muon+,-13,5,13,4.1198126599383045,3.401656605274449,0.7181560546638557,17.431764838418896,0.14821886449419697,0.9988108809890455,0.0009057181114738391,0.0002834008994806212,0.9997165991005194,99.97165991005194,-0.05272518216398387,0.08025853332896642,-0.0025618685955966117,0.002078051678257885,109.7781841599383,0.0,1,Decay at rest,
567,5,muon_plus,Muon+,-13,2,81,134.43254889003762,130.0844134044603,4.348135485577324,3.2344365419523418,50.3727555834302,0.9961600146524068,0.0037894134746929292,5.0571872900321185e-05,0.9999494281270997,99.99494281270998,-29.342786519914696,19.574300533553153,-1.9109159234721829,1.330193051451963,258.10843949354955,0.0,1,Decay at rest,
568,11,muon_plus,Muon+,-13,5,11,4.1198126599383045,3.480709243758197,0.6391034161801076,15.512924225774828,0.15139256947412386,0.9988318613733189,0.000914618367566645,0.00025352025911442314,0.9997464797408856,99.97464797408855,-0.054183102154308126,0.08152216099205116,-0.0019849031473351065,0.002641722052994568,109.7781841599383,0.0,1,Decay at rest,
568,1792,muon_plus,Muon+,-13,3,12,4.119812659938304,3.3716909770985564,0.7481216828397471,18.159118984088725,0.15415089681490823,0.995702619137185,0.004251781189516901,4.559967329803669e-05,0.9999544003267019,99.99544003267019,-0.05394940045922193,0.08345097293449878,-0.0059619903673641846,0.004346334768701513,109.7781841599383,0.0,1,Decay at rest,
569,7,muon_plus,Muon+,-13,2,74,140.84610696807204,127.72444645058164,13.121660517490398,9.3163104042804,52.882097178046685,0.9971927785366091,0.0020527380696460174,0.0007544833937449883,0.9992455166062552,99.92455166062551,-21.36746171716278,27.461250919384295,-0.9954681185190422,1.2942859177919392,258.1084394935494,0.0,1,Decay at rest,
570,361,muon_plus,Muon+,-13,2,55,64.47836767227302,61.37026730070711,3.1081003715659077,4.820376947759571,16.647342978229563,0.997727850430227,0.0017346604333573256,0.0005374891364156405,0.9994625108635844,99.94625108635844,-10.092372624820214,6.2276539996586315,-0.38503611003397376,0.3299824434879937,173.6328042026776,0.0,1,Decay at rest,
571,5,muon_plus,Muon+,-13,2,75,143.10424277214457,135.77616931799267,7.3280734541519115,5.120793983599716,54.82972454643286,0.9996598715996097,0.00020431923253174061,0.00013580916785864257,0.9998641908321414,99.98641908321414,-31.759513604158986,22.05235529362017,-0.2501894587209334,0.4011962394057697,258.10843949354955,0.0,1,Decay at rest,
572,761,muon_plus,Muon+,-13,2,73,139.1039750963328,134.4952814133946,4.608693682938201,3.313128672093354,52.999954366932016,0.99501803417096,0.0047516575502515625,0.0002303082787883986,0.9997696917212116,99.97696917212116,-30.13140794365874,21.308258422275646,-1.5743801092927425,2.379381400358032,258.10843949354944,0.0,1,Decay at rest,
573,12,muon_plus,Muon+,-13,2,75,137.74321105145364,123.53409349312719,14.209117558326456,10.315657265328797,51.8499043039884,0.998081258860648,0.0014715568660486691,0.00044718427330325713,0.9995528157266967,99.95528157266968,-20.96165830733712,27.615325988644557,-1.3708506157276037,0.7484689474922949,258.10843949354955,0.0,1,Decay at rest,
575,16,muon_plus,Muon+,-13,2,71,142.71802852707742,136.98963606422848,5.728392462848946,4.013783347464135,54.315319601630115,0.9993540450516031,0.00047065941006317174,0.00017529553833395874,0.9998247044616663,99.98247044616663,-29.24115434307291,21.87247356836182,-0.6765216150742617,0.5801557708444817,258.10843949354944,0.0,1,Decay at rest,
576,1214,muon_plus,Muon+,-13,2,70,143.21283962898798,125.62835596231113,17.584483666676853,12.27856644155078,54.26995077962006,0.9995644520565568,0.0003649036570495968,7.064428639366301e-05,0.9999293557136063,99.99293557136063,-22.011646929307567,28.506305090805128,-0.30721541536428054,0.6376208959906801,258.1084394935495,0.0,1,Decay at rest,
577,6,muon_plus,Muon+,-13,2,74,133.38333990374377,122.29705314303138,11.086286760712396,8.311597811775314,50.05567368761308,0.9971173758812624,0.0021396673438304936,0.0007429567749071502,0.9992570432250929,99.92570432250929,-29.093946191672664,19.494118346143253,-1.1463718021633316,0.9653681448849019,251.87115244216145,0.0,1,Decay at rest,
578,5,muon_plus,Muon+,-13,2,75,139.31846832765257,130.46792209226493,8.850546235387647,6.352744429096591,54.57793786147466,0.9985849173761641,0.0011716796876667269,0.00024340293616927232,0.9997565970638308,99.97565970638308,-31.92484178255356,21.844782053519307,-0.9294819316339836,1.0067380857418349,258.1084394935494,0.0,1,Decay at rest,
579,309,muon_plus,Muon+,-13,5,73,138.43935823149815,131.99059161706592,6.448766614432234,4.658188752687377,52.84795218806381,0.9956518609981684,0.004168309082375385,0.00017982991945621535,0.9998201700805438,99.98201700805438,-21.001192157380974,29.380405831471457,-1.4563286687354713,1.7336075822390085,258.14517568879245,0.0,1,Decay at rest,
580,800,muon_plus,Muon+,-13,2,74,142.96893160120004,129.0166027802282,13.952328820971836,9.75899355525066,54.15044633229594,0.9984456471849958,0.0014224913282399286,0.0001318614867641383,0.9998681385132357,99.98681385132357,-21.8748458069586,29.80638499955468,-1.0581110087230403,1.0089843340857165,258.10843949354944,0.0,1,Decay at rest,
581,177,muon_plus,Muon+,-13,2,70,144.83485370585706,130.87045304412368,13.964400661733384,9.6416023522166,55.51003719176097,0.9987887197092444,0.001084718435114378,0.00012656185564130607,0.9998734381443588,99.98734381443587,-22.621026920757647,28.965701087155157,-0.8034994106207206,1.088150384897374,258.10843949354944,0.0,1,Decay at rest,
582,5,muon_plus,Muon+,-13,2,81,135.3067988385299,119.93151786738439,15.3752809711455,11.363273023326633,51.694125558034294,0.9952038834090052,0.0046524070062392035,0.000143709584755632,0.9998562904152445,99.98562904152445,-20.331156654301225,27.26378078094074,-1.8622272331216794,1.2981077304521362,258.10843949354944,0.0,1,Decay at rest,
583,4,muon_plus,Muon+,-13,2,74,139.5721400818551,138.06135484490042,1.5107852369546781,1.08244040398653,53.44163738557492,0.9948292542182088,0.00503160152504564,0.00013914425674542194,0.9998608557432545,99.98608557432544,-29.215241399281748,21.129937819371662,-1.7804149632760295,1.7513631126635447,258.1084394935494,0.0,1,Decay at rest,
586,5,muon_plus,Muon+,-13,2,50,50.14309718840806,46.58683317234042,3.556264016067641,7.092230467346895,11.308721761589096,0.9989983317790191,0.0009002670975696258,0.00010140112341111688,0.9998985988765887,99.98985988765887,-4.232599354734165,6.278313253341748,-0.1360045319689891,0.19651748199642693,156.5280380817927,0.0,1,Decay at rest,
587,1142,muon_plus,Muon+,-13,2,77,139.13411628816712,129.9197832773202,9.214333010846934,6.622626611407587,52.56088957814041,0.9987529049182348,0.0009583596588022666,0.0002887354229629309,0.9997112645770371,99.9711264577037,-21.033246298015644,29.551137491756325,-1.3756283348745044,0.5672034077898254,258.10843949354944,0.0,1,Decay at rest,
588,7,muon_plus,Muon+,-13,2,70,146.24817837545973,141.35464064909007,4.8935377263696545,3.346050378697082,55.619622109017634,0.9863861990477599,0.013350494449439079,0.0002633065028010389,0.999736693497199,99.9736693497199,-28.996715801066465,21.83639515282341,-2.4835079691979858,3.642400578331114,258.10843949354944,0.0,1,Decay at rest,
589,4,muon_plus,Muon+,-13,2,69,145.76046885238185,138.65348133500422,7.10698751737763,4.875799023791008,55.54128418135667,0.9988970436198806,0.0008719946778564448,0.00023096170226304138,0.9997690382977371,99.9769038297737,-31.271644285682097,22.495967322922116,-0.7684034718282894,0.7772910422023559,258.10843949354944,0.0,1,Decay at rest,
590,4,muon_plus,Muon+,-13,2,78,144.67422132993948,141.97308887856232,2.701132451377151,1.8670447482257626,56.31085726214139,0.9965541558095771,0.00333085532805545,0.00011498886236757814,0.9998850111376325,99.98850111376325,-30.24038797647505,22.527935008297327,-1.611636046601985,1.7222688142018208,258.10843949354955,0.0,1,Decay at rest,
591,9,muon_plus,Muon+,-13,2,76,143.58794954984862,135.45363019921282,8.134319350635787,5.66504318512595,55.053785702855315,0.9957047443205365,0.0042426214350941615,5.263424436935782e-05,0.9999473657556306,99.99473657556305,-22.17909537009977,30.585836062156933,-1.7139017661450289,1.8194188584183248,258.1084394935495,0.0,1,Decay at rest,
592,381,muon_plus,Muon+,-13,2,90,243.7834628447281,232.64776017836053,11.135702666367568,4.567866309069611,108.04069108489018,0.9990531592204286,0.0006847093088544293,0.0002621314707169543,0.999737868529283,99.9737868529283,-59.489259484104814,45.751569114725854,-2.054309017851609,1.2063347768620587,370.2792191091204,0.0,1,Decay at rest,
593,7,muon_plus,Muon+,-13,2,77,136.78619035674666,129.9856293044534,6.80056105229325,4.971672238664572,51.53793096391598,0.9979411735676603,0.0012561081514436273,0.0008027182808960712,0.9991972817191039,99.91972817191039,-20.42922096405321,29.068876617843696,-1.4554760814731806,0.7215705538028602,258.10843949354955,0.0,1,Decay at rest,
594,188,muon_plus,Muon+,-13,179,11,4.1198126599383045,3.3395483863072304,0.7802642736310739,18.939314430932367,0.15552306846714564,0.998519102209697,0.0010227669409237942,0.0004581308493792116,0.9995418691506208,99.95418691506208,-0.053633507709174445,0.08466152512582273,-0.0029056190103293484,0.0022982859651616183,109.7781841599383,0.0,1,Decay at rest,
595,7,muon_plus,Muon+,-13,2,74,141.52277033215097,132.98999544247778,8.532774889673203,6.02925936910856,53.357630338842476,0.9991587652968981,0.0007496727090595402,9.156199404230057e-05,0.9999084380059576,99.99084380059577,-29.08661644417907,21.490884793512574,-0.6713088814057961,0.7983470078802523,258.1084394935494,0.0,1,Decay at rest,
596,3,muon_plus,Muon+,-13,2,57,76.59159837439974,72.26177674234356,4.329821632056185,5.653128703347965,22.382908313254383,0.9994647029259218,0.0005166754015228268,1.8621672555375104e-05,0.9999813783274446,99.99813783274446,-13.619019382074049,8.50431258137464,-0.1975463574153112,0.2901985556285142,184.43667978499,0.0,1,Decay at rest,
597,8,muon_plus,Muon+,-13,6,10,4.1198126599383045,3.4660878220074625,0.653724837930842,15.86782924106631,0.1364153563118541,0.9990598195453132,0.0008590739342127866,8.110652047398167e-05,0.999918893479526,99.9918893479526,-0.07283376697496013,0.04966998915930377,-0.0020253355447011853,0.0019800435012716313,109.7781841599383,0.0,1,Decay at rest,
597,2240,muon_plus,Muon+,-13,4,11,4.119812659938304,3.7011042717930387,0.4187083881452647,10.16328708867881,0.14703324076524774,0.9995110083831609,0.00042919361877840197,5.9797998060726435e-05,0.9999402020019392,99.99402020019392,-0.08100194272292792,0.05216570242060395,-0.0011009268200430841,0.0017714362037993293,109.7781841599383,0.0,1,Decay at rest,
598,59,muon_plus,Muon+,-13,3,75,141.96600610006337,140.21862017246772,1.7473859275956325,1.2308481273777643,53.74119467518353,0.9985668228967105,0.0011857916075361916,0.0002473854957532711,0.9997526145042467,99.97526145042467,-31.093344120774557,21.689921063569038,-0.7589539233316063,1.2009447378318818,258.14517568879245,0.0,1,Decay at rest,
599,1423,muon_plus,Muon+,-13,2,74,139.6934362715221,138.1383946002088,1.5550416713133037,1.1131816303027793,53.49408334918222,0.997520773859671,0.00238721167633198,9.20144639971079e-05,0.9999079855360029,99.99079855360029,-29.77307984336423,21.270830547243456,-0.9954801477274359,1.818788053821784,258.10843949354944,0.0,1,Decay at rest,
600,10,muon_plus,Muon+,-13,2,72,144.18362169383224,139.7500126831856,4.433609010646649,3.074974091066479,54.15814932827493,0.9982237379754899,0.001553533101938738,0.00022272892257121628,0.9997772710774286,99.97772710774287,-21.742491674187992,30.478903639972895,-0.9282016054739501,1.3574521201268877,258.10843949354944,0.0,1,Decay at rest,
601,5,muon_plus,Muon+,-13,2,72,139.52011900541856,135.82363184885483,3.696487156563732,2.6494294750566914,52.928060569760945,0.9987389642496168,0.0011657216404942752,9.531410988910171e-05,0.9999046858901111,99.9904685890111,-21.09655404237758,30.240672918659104,-0.7533330856043403,1.4624913092222245,258.10843949354955,0.0,1,Decay at rest,
602,4,muon_plus,Muon+,-13,2,73,143.3432948419599,138.60397905692895,4.73931578503096,3.3062696028134355,54.702851123057705,0.998957897638232,0.0008500698342830621,0.00019203252748494883,0.999807967472515,99.9807967472515,-31.45601012966263,22.234759340499192,-1.0227738005699094,0.8089076325424878,258.10843949354944,0.0,1,Decay at rest,
603,4,muon_plus,Muon+,-13,2,73,135.50037778835846,126.33826859039361,9.162109197964847,6.761685352844832,51.13640138059155,0.999552058585991,0.00038682647465057487,6.111493935830887e-05,0.9999388850606417,99.99388850606417,-20.54792435497547,28.506249518808875,-0.7612180933396027,0.4842241441415434,258.1084394935495,0.0,1,Decay at rest,
604,735,muon_plus,Muon+,-13,718,12,4.1198126599383045,3.3767047650610906,0.743107894877214,18.03741956772234,0.15228797000272176,0.9993773996789496,0.0005527100131544272,6.989030789618669e-05,0.9999301096921039,99.99301096921039,-0.055102271201918684,0.08202614069619951,-0.0014790396162798164,0.0017778264204611912,109.7781841599383,0.0,1,Decay at rest,
605,7,muon_plus,Muon+,-13,2,97,294.70994409313545,290.66580833244717,4.044135760688275,1.3722427226311136,136.71876780077736,0.9883367221978401,0.011572478161414367,9.079964074552318e-05,0.9999092003592545,99.99092003592544,-71.8570242404231,57.785898306621284,-7.568433086054873,6.7855376782901375,421.0166005818883,0.0,1,Decay at rest,
606,4,muon_plus,Muon+,-13,2,72,145.51003983660289,131.56196865959024,13.948071177012649,9.585641782983023,56.25260313840957,0.9981726840388878,0.0015225939821600092,0.00030472197895218666,0.9996952780210479,99.96952780210478,-31.80950062771986,22.872093489127014,-1.1960657414060596,0.8432104096464418,258.1084394935495,0.0,1,Decay at rest,
607,7,muon_plus,Muon+,-13,2,72,144.51899342789827,142.99077028699654,1.5282231409017388,1.0574548747214891,55.07301701467861,0.9954367848650081,0.004469294027401719,9.392110759020028e-05,0.9999060788924098,99.99060788924098,-29.529410494529902,21.80495445850278,-1.2165455300653987,2.3540100735621916,258.10843949354944,0.0,1,Decay at rest,
608,13,muon_plus,Muon+,-13,2,73,143.55656632056576,139.1567307834064,4.399835537159356,3.064879336368635,54.85752512236815,0.9938888066032469,0.005866582310745689,0.00024461108600748303,0.9997553889139925,99.97553889139925,-31.38874830129394,21.961312587081107,-1.898733052214792,2.3204333490273235,258.1084394935495,0.0,1,Decay at rest,
609,292,muon_plus,Muon+,-13,2,71,142.95745311368444,141.52398113451815,1.4334719791662853,1.0027262992901402,55.094946694917134,0.9977506471348427,0.0019357121549082924,0.00031364071024910157,0.999686359289751,99.9686359289751,-29.66043670255915,21.95416092735345,-0.8720683785839901,1.2893358603054408,258.1084394935495,0.0,1,Decay at rest,
610,18,muon_plus,Muon+,-13,2,79,139.101556845294,133.42415077333288,5.67740607196112,4.081482767497289,54.04444278747059,0.998462811537743,0.0015155780466266306,2.1610415630379826e-05,0.9999783895843696,99.99783895843696,-21.522917373803146,30.551628315986015,-0.9571776872479804,1.2585179244808984,258.1084394935495,0.0,1,Decay at rest,
611,481,muon_plus,Muon+,-13,2,71,143.62203019222153,123.76116889352559,19.860861298695934,13.828561866250228,54.44086552252364,0.9948912059675092,0.005074975856754683,3.381817573609331e-05,0.9999661818242639,99.99661818242639,-21.82397389531074,28.487355843055592,-1.7940417917993166,1.7542952291485483,258.1084394935495,0.0,1,Decay at rest,
612,5,muon_plus,Muon+,-13,2,70,144.25757442522155,142.63158415121254,1.6259902740090126,1.1271437777098305,55.57677840293569,0.9974289487800403,0.0025000522347867083,7.099898517296396e-05,0.999929001014827,99.99290010148269,-32.25107104598705,21.93759783945801,-1.077733552862339,1.839372410854729,258.1084394935495,0.0,1,Decay at rest,
613,377,muon_plus,Muon+,-13,2,76,136.85718996333816,123.71720926770472,13.139980695633446,9.601235199373475,52.124138355994646,0.998263163936214,0.001571004331038154,0.00016583173274793188,0.9998341682672521,99.98341682672522,-20.93273861694004,27.35088849381268,-0.7869906564792414,1.3591304309372052,258.1084394935495,0.0,1,Decay at rest,
614,4,muon_plus,Muon+,-13,2,73,139.67660509469695,128.22828275510417,11.448322339592782,8.196306268921077,53.54665615086334,0.9985498924817207,0.0014242909135377226,2.5816604741537752e-05,0.9999741833952583,99.99741833952584,-21.34327954995196,29.774213861830958,-1.1284462789589857,0.7724119730998072,258.10843949354944,0.0,1,Decay at rest,
616,19,muon_plus,Muon+,-13,16,11,4.1198126599383045,3.757283797284165,0.3625288626541392,8.799644366828277,0.15961663140577806,0.9927756780101163,0.0070110095461864775,0.0002133124436971533,0.9997866875563028,99.97866875563028,-0.05325654540492273,0.08791897726883259,-0.00549460498502631,0.0057983699572183465,109.7781841599383,0.0,1,Decay at rest,
616,2320,muon_plus,Muon+,-13,14,11,4.119812659938304,3.7671381194908062,0.35267454044749735,8.560450912658219,0.14916805445652312,0.997067787889819,0.002481760819891648,0.0004504512902893506,0.9995495487097106,99.95495487097105,-0.051325651164487715,0.0818695630428247,-0.0029121277961126793,0.0029994152826785287,109.7781841599383,0.0,1,Decay at rest,
617,5,muon_plus,Muon+,-13,2,76,144.0466128451408,137.7556070652979,6.291005779842888,4.3673403043542,55.439705497438105,0.9929123684531058,0.007060810092859731,2.682145403437789e-05,0.9999731785459656,99.99731785459656,-31.707435592425835,21.851994888444494,-2.830888462259735,1.639999522166927,258.10843949354944,0.0,1,Decay at rest,
618,727,muon_plus,Muon+,-13,725,11,4.1198126599383045,3.411950138571585,0.7078625213667195,17.18191043612454,0.14640073247660448,0.9988605670798605,0.0007001516577537208,0.0004392812623858363,0.9995607187376142,99.95607187376142,-0.054516853329279205,0.07666621727039889,-0.0022140337326016263,0.0011689491441856446,109.7781841599383,0.0,1,Decay at rest,
620,10,muon_plus,Muon+,-13,6,11,4.119812659938304,3.6069709380460915,0.5128417218922121,12.448180638871385,0.14927811179090217,0.9776332805213734,0.022302699868158166,6.401961046835401e-05,0.9999359803895316,99.99359803895315,-0.08153023565203632,0.04526262852681669,-0.011672400800255672,0.007373152648474281,109.7781841599383,0.0,1,Decay at rest,
620,2714,muon_plus,Muon+,-13,4,12,4.119812659938304,3.345555650009961,0.7742570099283425,18.7935004292146,0.1464302763426583,0.9992086850779696,0.0007351734113977627,5.614151063262637e-05,0.9999438584893673,99.99438584893673,-0.05344655072770246,0.07797081589822309,-0.00201902368577528,0.0020253083878763374,109.7781841599383,0.0,1,Decay at rest,
621,4,muon_plus,Muon+,-13,2,80,136.57262049258995,130.96445203452646,5.6081684580635,4.106363660473062,52.02709759106277,0.9994900921807321,0.00037994082915789257,0.000129966990109968,0.9998700330098901,99.987003300989,-28.164905753545057,21.122355646912354,-0.617438156548694,0.5456922573488828,258.1084394935495,0.0,1,Decay at rest,
623,274,muon_plus,Muon+,-13,259,11,4.1198126599383045,3.1720840479258463,0.9477286120124584,23.004167670737022,0.14375585386383374,0.9973382033753914,0.002611885488941096,4.991113566757496e-05,0.9999500888643325,99.99500888643324,-0.07880797720465606,0.04998383638811495,-0.0031642423433523447,0.0026391774351128706,109.7781841599383,0.0,1,Decay at rest,
624,6,muon_plus,Muon+,-13,2,73,141.5513282739068,134.24656176733836,7.304766506568434,5.160507213633103,53.01041734624426,0.9994859134863217,0.0004949552464916413,1.9131267186569538e-05,0.9999808687328133,99.99808687328134,-29.665740517166657,21.30028978277544,-0.9860434171221244,0.5319642598767224,258.1084394935494,0.0,1,Decay at rest,
625,350,muon_plus,Muon+,-13,12,12,4.1198126599383045,3.792187869959596,0.3276247899787085,7.952419612779548,0.1508520702993867,0.9922990733449174,0.007679823702561099,2.110295252156043e-05,0.9999788970474786,99.99788970474785,-0.052726255014137934,0.08039449950431247,-0.005004826180323561,0.006685020704560801,109.7781841599383,0.0,1,Decay at rest,
626,8,muon_plus,Muon+,-13,2,73,139.11605228173272,135.0708310109605,4.045221270772233,2.907803380288566,52.129080480794876,0.998914976368359,0.0008387575482276252,0.00024626608341336696,0.9997537339165866,99.97537339165866,-20.863377649929838,28.86726246751442,-0.7531031051540421,0.860763629683895,258.10843949354944,0.0,1,Decay at rest,
627,6,muon_plus,Muon+,-13,2,63,100.58408961656801,96.22981152871189,4.354278087856122,4.328992889884341,32.966050917063136,0.9983101200105191,0.0016666552398406538,2.3224749640327227e-05,0.9999767752503598,99.99767752503598,-18.12440665044465,12.820885961574167,-0.7917295856096674,0.5782937209867106,210.7184502559011,0.0,1,Decay at rest,
628,19,muon_plus,Muon+,-13,17,13,4.1198126599383045,3.734606481125794,0.38520617881251024,9.350089691172482,0.1536381323192736,0.9907870638235607,0.009183967787940615,2.8968388498772873e-05,0.9999710316115014,99.99710316115014,-0.05318251350502162,0.08323692962774126,-0.006240768147071734,0.006004990986499212,109.7781841599383,0.0,1,Decay at rest,
628,831,muon_plus,Muon+,-13,15,12,4.1198126599383045,3.3598999955643105,0.7599126643739942,18.445320870133305,0.15653537000924175,0.9984255899390923,0.0015546853611128264,1.9724699794874547e-05,0.9999802753002051,99.99802753002051,-0.05545275620153513,0.08534967499880712,-0.0019113809519104338,0.0031651163477397722,109.7781841599383,0.0,1,Decay at rest,
629,4,muon_plus,Muon+,-13,2,74,139.19439719761144,137.7228787540035,1.4715184436079602,1.0571678697087754,53.03186204122537,0.9989406643197603,0.0008402799304287047,0.00021905574981116892,0.9997809442501889,99.9780944250189,-29.422646691275496,21.244592034045787,-0.6165742119228176,0.9161365412488237,258.10843949354944,0.0,1,Decay at rest,
630,487,muon_plus,Muon+,-13,2,70,145.96305595952825,133.43510359137343,12.527952368154802,8.582961137528168,56.269499482018354,0.997290242983985,0.0025159320831702153,0.00019382493284461722,0.9998061750671553,99.98061750671553,-22.687919894531458,30.652321904533704,-1.7249989332061924,1.0476689954565508,258.10843949354944,0.0,1,Decay at rest,
631,7,muon_plus,Muon+,-13,2,79,137.74621419350623,132.290146743232,5.456067450274245,3.9609563734430826,52.11412217976882,0.9992633828967147,0.0006968768260118168,3.974027727341755e-05,0.9999602597227265,99.99602597227265,-20.8660766201794,29.486156170788927,-0.5788701628793115,1.0604298920721578,258.1084394935495,0.0,1,Decay at rest,
632,341,muon_plus,Muon+,-13,2,72,143.75587739853756,134.92860883218904,8.82726856634852,6.140457507609578,55.03792985229963,0.9970164958599697,0.002972318303955298,1.1185836075072976e-05,0.9999888141639249,99.99888141639249,-30.801492596900612,22.253077982581782,-1.7680595346145467,1.204162123287265,258.10843949354944,0.0,1,Decay at rest,
633,4,muon_plus,Muon+,-13,2,75,141.96708425716503,123.89888788765589,18.06819636950914,12.727032089198692,54.0328850081225,0.9977322975086429,0.0018650183291858851,0.00040268416217126204,0.9995973158378287,99.95973158378287,-21.76957375882449,29.002900009873485,-1.1278394423643712,0.8885031791950119,258.1084394935495,0.0,1,Decay at rest,
634,4,muon_plus,Muon+,-13,2,77,138.17649852630862,134.12108541605838,4.055413110250238,2.9349514233624125,52.00836243473097,0.9996242914134917,0.00029946331630413087,7.624527020407336e-05,0.9999237547297959,99.99237547297959,-30.058952386377918,21.137739381514162,-0.3517454283144834,0.5689732725787183,258.10843949354944,0.0,1,Decay at rest,
635,6,muon_plus,Muon+,-13,2,73,143.22128546919984,136.9270857790146,6.2941996901852395,4.394737604515375,55.68579308146542,0.9942334182737057,0.0054687061327713445,0.00029787559352297075,0.9997021244064771,99.97021244064771,-21.909973313156225,30.61993370629618,-1.692597805564512,2.29707877360576,258.10843949354944,0.0,1,Decay at rest,
637,6,muon_plus,Muon+,-13,2,76,134.28101938331267,127.6947006952936,6.586318688019059,4.904876890469564,50.84510452410048,0.999304756690993,0.000569881351577453,0.0001253619574296265,0.9998746380425704,99.98746380425703,-20.14113536229239,28.602992748982274,-0.8162330075139214,0.546332304168646,258.1084394935495,0.0,1,Decay at rest,
638,10,muon_plus,Muon+,-13,2,74,142.9537068269854,138.9850169672447,3.96868985974072,2.7762063312873457,54.77170808734174,0.9959288784717023,0.003919586504079413,0.0001515350242183738,0.9998484649757817,99.98484649757818,-31.582388280387715,22.05002112906816,-1.2195902164334715,1.946351395914456,258.1084394935494,0.0,1,Decay at rest,
639,8,muon_plus,Muon+,-13,2,74,137.8108485754445,129.32976320967458,8.481085365769918,6.154149294804574,51.147305274524264,0.9983339526643649,0.001575604324552987,9.044301108207185e-05,0.9999095569889178,99.99095569889178,-29.92420356669544,20.46572916551123,-1.2364383027324675,1.0001171303364966,258.10843949354944,0.0,1,Decay at rest,
640,303,muon_plus,Muon+,-13,301,11,4.119812659938303,4.0158096971387645,0.1040029627995381,2.5244585466441,0.14823414588815242,0.9965091565353466,0.003440892871709119,4.995059294432637e-05,0.9999500494070557,99.99500494070557,-0.08189696969475992,0.051766830841409976,-0.0033023401455859525,0.004338201929167456,109.7781841599383,0.0,1,Decay at rest,
641,1137,muon_plus,Muon+,-13,1128,12,4.119812659938304,3.4578982760015378,0.6619143839367659,16.066613668464196,0.1538066583411265,0.9935567622879439,0.006300549537878245,0.0001426881741779055,0.9998573118258222,99.98573118258221,-0.05369312600504547,0.08308973750207439,-0.004710880238220263,0.005792383066598096,109.7781841599383,0.0,1,Decay at rest,
642,4,muon_plus,Muon+,-13,2,72,143.02366874379572,137.09604706841196,5.927621675383762,4.144504002342548,54.47009594404024,0.9935800325363103,0.006190660058505278,0.00022930740518433204,0.9997706925948157,99.97706925948157,-31.570255148749553,21.366091019280468,-2.243025050663809,1.9694773247562658,258.1084394935494,0.0,1,Decay at rest,
643,12,muon_plus,Muon+,-13,2,74,143.59056252457788,137.1062666804326,6.484295844145252,4.515823136381514,54.292964455519545,0.9957511167984856,0.004018884371552023,0.0002299988299623397,0.9997700011700377,99.97700011700377,-30.336333393060613,21.819364916353013,-2.0536667465614604,1.7135596616074844,258.10843949354955,0.0,1,Decay at rest,
645,8,muon_plus,Muon+,-13,5,13,4.11901705979581,3.5238955737228,0.5951214860730095,14.448143268979596,0.1508684795503121,0.99862141720807,0.0011703848914450777,0.00020819790048488498,0.999791802099515,99.97918020995151,-0.054149027729241475,0.08164362429256804,-0.002292294160464377,0.0028470262476964,109.7781841599383,0.0,1,Decay at rest,
646,594,muon_plus,Muon+,-13,592,11,4.1198126599383045,3.469245220817955,0.6505674391203498,15.791189862747114,0.15478503281631326,0.9933349737009215,0.006520632864894277,0.00014439343418419417,0.9998556065658157,99.98556065658157,-0.08697111279316395,0.05242186705873633,-0.005301648219541712,0.005911076908895238,109.7781841599383,0.0,1,Decay at rest,
646,1609,muon_plus,Muon+,-13,590,11,4.1198126599383045,3.1845361864557655,0.9352764734825391,22.701917555070214,0.14495389179048332,0.9984796273320334,0.0014118846338824675,0.00010848803408411088,0.9998915119659159,99.98915119659159,-0.05012204733962174,0.07748110015865495,-0.002010841409511896,0.003054697474263444,109.7781841599383,0.0,1,Decay at rest,
647,6,muon_plus,Muon+,-13,2,72,142.3437771504086,137.00871002655566,5.335067123852966,3.7480157058187573,54.08732533520498,0.9968059463179628,0.002543179265511298,0.000650874416525799,0.9993491255834741,99.9349125583474,-21.746060811701945,29.75094804542587,-2.4192744080739548,1.0530460015600023,258.10843949354955,0.0,1,Decay at rest,
648,4,muon_plus,Muon+,-13,2,74,137.45487353205522,129.04005831958028,8.414815212474947,6.121874762419804,52.69502081065356,0.997899115986253,0.0020050558362169606,9.582817752987153e-05,0.9999041718224699,99.990417182247,-21.247291857375917,29.5706124833511,-1.4959502353701266,0.9548748293395836,258.1084394935495,0.0,1,Decay at rest,
649,1102,muon_plus,Muon+,-13,831,11,4.1198126599383045,3.7299104288751845,0.3899022310631199,9.46407672500717,0.1541320076297212,0.9977214703500777,0.0021407128615217644,0.00013781678840037,0.9998621832115995,99.98621832115995,-0.05393718766072755,0.08377137067837126,-0.0030176239384018403,0.004412794977646999,109.7781841599383,0.0,1,Decay at rest,
650,4,muon_plus,Muon+,-13,2,73,140.4578988882118,130.65263896904034,9.80525991917144,6.980924530969449,53.51681325842761,0.9977083107734837,0.0019970849695349134,0.0002946042569815191,0.9997053957430185,99.97053957430185,-21.411598296922808,29.09998676704108,-1.6077913407409945,1.0072128897878556,258.1084394935494,0.0,1,Decay at rest,
651,4,muon_plus,Muon+,-13,2,95,262.56027933876044,252.74196678044422,9.81831255831622,3.7394508350779287,120.0328314813329,0.9995444447147032,0.0004193183276294247,3.623695766750174e-05,0.9999637630423326,99.99637630423325,-67.298399694587,51.108892323620786,-1.3504491078198748,1.1910482215931377,401.0185387464671,0.0,1,Decay at rest,
652,4,muon_plus,Muon+,-13,2,69,144.29732385569784,131.4174314386181,12.879892417079725,8.925939908601526,55.03567948947344,0.998478666779708,0.0014973169901505918,2.4016230141569842e-05,0.9999759837698585,99.99759837698585,-29.52273834559003,22.192569321382653,-0.8953920549436175,1.1248433980629449,258.1084394935494,0.0,1,Decay at rest,
653,6,muon_plus,Muon+,-13,2,69,147.67390390002402,142.38407611051895,5.2898277895050745,3.582100594487103,55.78814947634108,0.9993694066251139,0.0005001689723859306,0.00013042440250011304,0.9998695755974998,99.98695755974998,-30.662946605506352,22.842845968544236,-0.6267136917953426,0.705176270235874,258.10843949354944,0.0,1,Decay at rest,
654,9,muon_plus,Muon+,-13,2,73,141.14386428592118,130.56356544250232,10.580298843418847,7.4961096587138085,54.05298399426453,0.9983082240811485,0.0016049525917583515,8.682332709320531e-05,0.9999131766729068,99.99131766729067,-21.784077354384397,29.539270685280787,-1.375409564102326,0.9222457599436047,258.10843949354955,0.0,1,Decay at rest,
655,24,muon_plus,Muon+,-13,5,10,4.1198126599383045,3.1725060787236496,0.9473065812146548,22.993923738970235,0.14492452128776553,0.9980846504137771,0.001736368223562906,0.0001789813626599324,0.9998210186373401,99.982101863734,-0.0494477065078434,0.07776721548934135,-0.002306373602981784,0.003140840756347849,109.7781841599383,0.0,1,Decay at rest,
656,4,muon_plus,Muon+,-13,2,71,144.17753077146662,139.30668858855518,4.8708421829114394,3.378364268585047,54.346477309840104,0.9984889780781032,0.0014569522609577967,5.406966093911501e-05,0.999945930339061,99.9945930339061,-31.52809237992865,22.055316546167845,-0.9081450797969226,1.1800916927168683,258.1084394935495,0.0,1,Decay at rest,
657,1355,muon_plus,Muon+,-13,2,77,136.91802218227795,130.20804595492126,6.709976227356702,4.900725354054384,53.4476895662613,0.9982975007874877,0.0016217857493787961,8.071346313344191e-05,0.9999192865368665,99.99192865368664,-30.050827311253624,21.458267975795714,-1.0561274342630407,0.9008024680955733,258.10843949354944,0.0,1,Decay at rest,
658,4,muon_plus,Muon+,-13,2,80,135.3429086350081,131.56374149261325,3.779167142394843,2.792290472038308,50.533256387475525,0.9987667312627154,0.0009236423936932663,0.0003096263435913871,0.9996903736564087,99.96903736564087,-19.973714250782105,29.180819388232592,-0.8349874287220861,0.786047071785334,258.1084394935494,0.0,1,Decay at rest,
659,5,muon_plus,Muon+,-13,2,71,141.71798666046234,138.2969879366147,3.4209987238476525,2.413948154685485,53.1630001170658,0.9986006956217628,0.0013626195331598752,3.668484507734113e-05,0.9999633151549226,99.99633151549226,-21.38745682722625,29.692281586407468,-0.8762953983820798,1.0190272600246357,258.1084394935495,0.0,1,Decay at rest,
660,10,muon_plus,Muon+,-13,2,78,140.40419983784489,121.72436440173247,18.67983543611241,13.304328116741564,54.336093054631085,0.9964160584596647,0.0034766408059145235,0.00010730073442087499,0.9998926992655792,99.98926992655792,-21.924207208624505,28.316621312654455,-1.4502493909963694,1.4526661023590788,258.10843949354944,0.0,1,Decay at rest,
661,18,muon_plus,Muon+,-13,2,71,141.39083120110416,139.466331897982,1.9244993031221493,1.361120298094068,54.50978226428362,0.999815842176265,0.00016972062511099294,1.4437198624055936e-05,0.999985562801376,99.99855628013759,-32.205408899240055,21.743300252294706,-0.48096731346037813,0.4844335565370762,258.10843949354944,0.0,1,Decay at rest,
662,445,muon_plus,Muon+,-13,2,70,147.73153380422187,137.6772958414696,10.054237962752278,6.80574939137669,56.84268207622834,0.9970181600263095,0.002475536572661059,0.000506303401029442,0.9994936965989706,99.94936965989706,-22.811949042790978,30.372023190848388,-1.027645889586656,1.5878866508260896,258.1084394935495,0.0,1,Decay at rest,
663,18,muon_plus,Muon+,-13,10,10,4.1198126599383045,3.2549717190931,0.8648409408452042,20.99223950775848,0.14273291425091458,0.999696249859352,0.0002692423198568087,3.4507820791122244e-05,0.9999654921792088,99.99654921792089,-0.07848472437773406,0.04969892237343675,-0.001112485709283901,0.0010083559962003853,109.7781841599383,0.0,1,Decay at rest,
664,8,muon_plus,Muon+,-13,6,14,4.119812659938304,3.5694447486499508,0.5503679112883529,13.359051896709182,0.14198188361309852,0.9987512813449105,0.0012196972376550493,2.9021417434423903e-05,0.9999709785825656,99.99709785825655,-0.07588108541821709,0.051242661743989046,-0.002174304099384207,0.0021049748006512787,109.7781841599383,0.0,1,Decay at rest,
664,1374,muon_plus,Muon+,-13,4,12,4.119812659938304,3.7200443263714527,0.39976833356685076,9.70355612172029,0.1473686172776235,0.9986830507577742,0.0012487245657189275,6.822467650689315e-05,0.9999317753234931,99.9931775323493,-0.051253314216200496,0.08079728886839195,-0.0016656645934991783,0.0027484541613873536,109.7781841599383,0.0,1,Decay at rest,
665,24,muon_plus,Muon+,-13,10,12,4.119812659938304,3.351832911919656,0.7679797480186477,18.641132774958475,0.1564035436720389,0.9981190461485956,0.0018280474146927187,5.2906436711585105e-05,0.9999470935632883,99.99470935632883,-0.08826652040200302,0.05376455396317676,-0.002673149045852058,0.0029741447023959207,109.7781841599383,0.0,1,Decay at rest,
667,233,muon_plus,Muon+,-13,2,76,141.12019615335151,128.7775798898601,12.34261626349142,8.74617283700416,54.64643634974984,0.9990744769052423,0.0006548251232999619,0.00027069797145770695,0.9997293020285423,99.97293020285423,-21.73305321857756,29.447286373095043,-0.6853499158247259,0.6109142415581565,258.10843949354944,0.0,1,Decay at rest,
668,24,muon_plus,Muon+,-13,6,15,4.119238512071269,3.4694040695880024,0.6498344424832667,15.775596401591024,0.15339478772413487,0.9946077597316604,0.005353757752780443,3.848251555920373e-05,0.9999615174844408,99.99615174844408,-0.08541770047255634,0.0524806506549426,-0.006313094929598946,0.004443512456839796,109.7781841599383,0.0,1,Decay at rest,
669,4,muon_plus,Muon+,-13,2,80,137.6725828523885,133.00243890425594,4.6701439481325515,3.3922105995061083,52.18230044047477,0.997975493092702,0.0019404441854854707,8.406272181261418e-05,0.9999159372781874,99.99159372781874,-30.239039869064456,20.128373639682728,-0.9527397950314258,1.2187225309160994,258.10843949354944,0.0,1,Decay at rest,
670,4,muon_plus,Muon+,-13,2,73,145.59249764662533,126.57214046747362,19.020357179151723,13.06410528468092,56.56374531491723,0.9984917116180384,0.0014341839658813462,7.410441608023391e-05,0.9999258955839198,99.99258955839197,-22.613626080616655,30.215486204735505,-1.0791561978050095,0.8460770256427238,258.10843949354944,0.0,1,Decay at rest,
671,52,muon_plus,Muon+,-13,8,77,141.62389062514555,135.6309186914734,5.992971933672164,4.2316108583223055,53.834750716919906,0.9977631047799733,0.00215160423823466,8.529098179201194e-05,0.999914709018208,99.9914709018208,-21.418221075530553,30.458984429913723,-1.1912631064316916,1.1768830667202677,258.1451756887925,0.0,1,Decay at rest,
673,5,muon_plus,Muon+,-13,2,73,146.56254604965588,135.70315968228442,10.859386367371458,7.409387091086874,56.80065334482628,0.9991244370118171,0.0007672250649171643,0.00010833792326585047,0.9998916620767342,99.98916620767342,-23.153507263331587,31.010140543964162,-0.8626672135264133,0.5589964402966263,258.10843949354944,0.0,1,Decay at rest,
674,20,muon_plus,Muon+,-13,9,12,4.1198126599383045,4.042743037457649,0.0770696224806553,1.8707069675787016,0.14734517983967113,0.9968085190338497,0.003139975890760097,5.1505075390167e-05,0.9999484949246098,99.99484949246099,-0.0810158510626906,0.051528492953722575,-0.0029060825573435927,0.004364016656101184,109.7781841599383,0.0,1,Decay at rest,
675,302,muon_plus,Muon+,-13,299,11,4.119812659938304,3.3802987343989863,0.7395139255393172,17.9501833355304,0.13938999737555208,0.9996171599574022,0.0003651740048318593,1.766603776605061e-05,0.999982333962234,99.9982333962234,-0.05130296687462619,0.07315761788476537,-0.0015791675282702967,0.001275940506727474,109.7781841599383,0.0,1,Decay at rest,
675,1737,muon_plus,Muon+,-13,297,11,4.119812659938304,3.328333481420172,0.7914791785181319,19.211533238261,0.1488322249973121,0.9977242635918243,0.0016882094602569506,0.0005875269479188231,0.9994124730520813,99.94124730520812,-0.0533053587929162,0.07916867321027417,-0.0033586344242481116,0.0027121322438629597,109.7781841599383,0.0,1,Decay at rest,
676,4,muon_plus,Muon+,-13,2,74,143.52064962677343,134.61007028974512,8.910579337028299,6.20856954048099,54.37549546137099,0.9971896657601674,0.0026148841072528525,0.00019545013257982882,0.9998045498674203,99.98045498674203,-31.47534406637538,21.794521549649875,-1.3750967468448083,1.0469997698060307,258.10843949354944,0.0,1,Decay at rest,
677,4,muon_plus,Muon+,-13,2,99,230.48960633621948,213.33814572699094,17.151460609228526,7.441316284001704,102.25220052742351,0.9985125622158681,0.001211681852722156,0.00027575593140965,0.9997242440685903,99.97242440685903,-43.40963202639472,54.85498280812664,-2.096138325671346,1.3921660414409225,366.48882560679925,0.0,1,Decay at rest,
679,15,muon_plus,Muon+,-13,4,12,4.119659967130456,3.4300940365785557,0.6895659305519003,16.73841860866533,0.15485652186905663,0.9979139119575332,0.0020770448481078284,9.043194359007365e-06,0.999990956805641,99.9990956805641,-0.05442170902064665,0.08490811067248394,-0.003755794110394033,0.002379245827821056,109.7781841599383,0.0,1,Decay at rest,
680,16,muon_plus,Muon+,-13,4,12,4.119812659938304,3.41754855326376,0.7022641066745434,17.04602040533222,0.15310598371042594,0.9937380407039477,0.0054245161451838865,0.000837443150868697,0.9991625568491316,99.91625568491315,-0.08361569515410351,0.05401217371368448,-0.00510571211438559,0.0059372488291413224,109.7781841599383,0.0,1,Decay at rest,
681,7,muon_plus,Muon+,-13,2,59,74.06363092795138,69.79351929134108,4.2701116366103,5.7654635387296045,20.81226162849994,0.9876082470898582,0.010677707189217423,0.0017140457209243822,0.9982859542790756,99.82859542790756,-12.08774713278989,7.757655996111052,-1.5449718881405636,1.1484728248431806,185.0308836598112,0.0,1,Decay at rest,
682,8,muon_plus,Muon+,-13,2,68,146.89100499306446,133.90896650585879,12.982038487205669,8.837871650356414,55.68855349991696,0.995165731819349,0.004816900266595809,1.7367914055205357e-05,0.9999826320859447,99.99826320859448,-22.513360279790064,29.78123895971937,-2.93304215032529,1.7993676225885489,258.1084394935495,0.0,1,Decay at rest,
683,8,muon_plus,Muon+,-13,2,74,140.0357474518321,127.29486248907125,12.740884962760848,9.09830896367609,53.217396760866365,0.9987735796002123,0.0011922433863468518,3.4177013440741265e-05,0.9999658229865591,99.99658229865591,-21.530107058941653,28.126773583018483,-1.0138318459904814,0.8561226526479796,258.1084394935494,0.0,1,Decay at rest,
684,4,muon_plus,Muon+,-13,2,70,148.71893366262927,140.1130404313326,8.605893231296667,5.786682986054245,57.26943895860336,0.9968762056218115,0.0030206636525151767,0.0001031307256734513,0.9998968692743266,99.98968692743266,-22.92765044506865,31.038284864249878,-1.6513960806013672,1.575301096401888,258.1084394935494,0.0,1,Decay at rest,
685,7,muon_plus,Muon+,-13,5,12,4.119812659938304,3.5415256622043687,0.5782869977339349,14.036730440616566,0.15460364764386952,0.9970608232827778,0.0028213552693917075,0.00011782144783059513,0.9998821785521695,99.98821785521696,-0.08791891169700397,0.052267099172187435,-0.002680106936229612,0.004210538530587545,109.7781841599383,0.0,1,Decay at rest,
685,1098,muon_plus,Muon+,-13,3,12,4.1198126599383045,3.997450833229382,0.1223618267089226,2.9700823024985556,0.1506650611835649,0.9948425538121697,0.005096766415734242,6.067977209613196e-05,0.9999393202279039,99.99393202279039,-0.08488439997529022,0.05073192406561436,-0.004264644623575846,0.005560577745572407,109.7781841599383,0.0,1,Decay at rest,
687,13,muon_plus,Muon+,-13,2,71,141.38177949758585,130.10505665359668,11.276722843989186,7.976079296824623,53.39733962257399,0.9988453101963594,0.0011365343936396474,1.815541000105983e-05,0.9999818445899991,99.9981844589999,-21.319186286257505,28.9616502089062,-0.9201082862387879,0.9319843144794124,258.1084394935495,0.0,1,Decay at rest,
688,586,muon_plus,Muon+,-13,2,72,145.41166901058784,143.93414731691905,1.477521693668778,1.016095684563799,55.46135324977067,0.9946664944836359,0.005111437913408995,0.00022206760295520492,0.9997779323970448,99.97779323970448,-31.274536155028397,21.979515348139486,-1.4763743457001286,2.4019103470713605,258.1084394935495,0.0,1,Decay at rest,
689,421,muon_plus,Muon+,-13,410,12,4.119812659938304,3.3569307264613126,0.7628819334769907,18.517393785775088,0.15329291102263345,0.9976012598280671,0.00231220024283838,8.653992909433426e-05,0.9999134600709055,99.99134600709056,-0.08357951174594998,0.055481086723748387,-0.003953774966765171,0.002785169050038592,109.7781841599383,0.0,1,Decay at rest,
691,9,muon_plus,Muon+,-13,2,71,139.34209625416096,126.89366196202546,12.448434292135499,8.93372112719581,53.752774047534906,0.998311201721054,0.0014495997463196632,0.0002391985326263182,0.9997608014673737,99.97608014673737,-21.591794099567103,28.754589948247645,-1.1853026476623096,0.9751697855576854,258.10843949354944,0.0,1,Decay at rest,
692,16,muon_plus,Muon+,-13,2,73,142.80953841856606,134.97657007073244,7.832968347833623,5.484905584440495,53.91779267569497,0.9979494788142197,0.0018243676832751395,0.0002261535025050829,0.9997738464974948,99.97738464974948,-30.601887437645207,21.551269424682665,-1.365452226251294,0.9541333093676638,258.10843949354955,0.0,1,Decay at rest,
693,85,muon_plus,Muon+,-13,70,12,4.119812659938305,3.750170256404919,0.3696424035333866,8.972310977337548,0.1512737518339938,0.9979597010288846,0.001989166568096707,5.11324030186304e-05,0.9999488675969813,99.99488675969813,-0.05370456653551689,0.08234298411366632,-0.002782694901731766,0.0030240898464929306,109.7781841599383,0.0,1,Decay at rest,
694,581,muon_plus,Muon+,-13,2,69,147.48636168153342,138.92678789941053,8.559573782122909,5.803637491990991,57.46406661146105,0.9973844683230405,0.0022722824055445624,0.00034324927141493654,0.9996567507285851,99.9656750728585,-32.293562667033584,22.838833331331955,-1.9409197088990386,1.212129695189135,258.10843949354944,0.0,1,Decay at rest,
696,1005,muon_plus,Muon+,-13,2,76,137.8256307747431,123.10441291673374,14.721217858009368,10.68104515485161,52.84695686631532,0.9974800752541914,0.0024551994182236353,6.472532758485472e-05,0.9999352746724149,99.99352746724149,-21.307463989077196,27.852116735931226,-1.3606174433643576,1.142812777382796,258.10843949354944,0.0,1,Decay at rest,
697,4,muon_plus,Muon+,-13,2,73,141.3172350631924,134.40294289300357,6.914292170188844,4.892745153906387,54.12332561479541,0.9936589130266481,0.005932531335074746,0.00040855563827718247,0.9995914443617229,99.95914443617228,-31.665171024068982,20.912167850883034,-2.4162964434657943,1.8335262254769984,258.1084394935495,0.0,1,Decay at rest,
699,6,muon_plus,Muon+,-13,2,75,141.1239359548645,134.36408118396093,6.759854770903572,4.790012923864007,53.64612194406988,0.9979040474673212,0.0018398901411385612,0.00025606239154039184,0.9997439376084598,99.97439376084598,-29.91464618509969,21.63856841127756,-1.1046102034333423,0.9689961606537758,258.10843949354944,0.0,1,Decay at rest,
700,4,muon_plus,Muon+,-13,2,71,143.98478838028035,139.21000281392065,4.774785566359701,3.3161736181109247,55.02093088604707,0.9985689387416057,0.0011771429265597503,0.00025391833183446003,0.9997460816681655,99.97460816681655,-29.438008479844044,22.323432213739665,-1.0065170622734942,0.7429088267797376,258.10843949354955,0.0,1,Decay at rest,
701,5,muon_plus,Muon+,-13,2,75,142.93969846598395,124.63423140869251,18.305467057291434,12.806426243894501,53.94594025883815,0.9973814167143799,0.0025684608368560123,5.012244876424251e-05,0.9999498775512359,99.99498775512359,-21.56736050098918,28.56564472902507,-1.4527661314921632,1.2521363500479001,258.10843949354955,0.0,1,Decay at rest,
702,8,muon_plus,Muon+,-13,6,12,4.1198126599383045,3.364172788374919,0.7556398715633856,18.341607590834037,0.14834627882446721,0.9910798553398192,0.008743924352346302,0.00017622030783444534,0.9998237796921655,99.98237796921656,-0.05295555226727715,0.07816622317282415,-0.006436735616228811,0.00542565139012513,109.7781841599383,0.0,1,Decay at rest,
702,1092,muon_plus,Muon+,-13,4,11,4.119812659938304,3.446857862552225,0.6729547973860786,16.334597054132953,0.14842531175217555,0.9989040856837769,0.0007427059555957006,0.0003532083606273459,0.9996467916393725,99.96467916393725,-0.0538095608438327,0.07931104163216532,-0.0025136283752342095,0.001667891336329297,109.7781841599383,0.0,1,Decay at rest,
703,641,muon_plus,Muon+,-13,2,76,140.61079161317528,132.634563547787,7.976228065388278,5.6725575426181605,53.42798483477363,0.9981225793228088,0.0018413429486133321,3.60777285778194e-05,0.9999639222714222,99.99639222714222,-21.346316007279693,29.0064104388637,-1.6552062430135304,0.8111132857840968,258.1084394935495,0.0,1,Decay at rest,
704,15,muon_plus,Muon+,-13,4,11,4.1198126599383045,3.369124319540761,0.7506883403975434,18.221419330479584,0.14669986941973565,0.9925810484108235,0.006895331874936055,0.0005236197142404281,0.9994763802857596,99.94763802857595,-0.053949335074262104,0.07590034196028182,-0.005553742241528708,0.004829132254283619,109.7781841599383,0.0,1,Decay at rest,
705,21,muon_plus,Muon+,-13,2,72,139.931451998883,123.73395788630532,16.197494112577687,11.575306252597867,53.60981265509074,0.9948325987815606,0.005098771210557363,6.863000788188733e-05,0.999931369992118,99.9931369992118,-21.08603073881248,28.41362697400675,-1.9328195147209382,1.3722857227437937,258.10843949354944,0.0,1,Decay at rest,
706,5,muon_plus,Muon+,-13,2,78,138.0246983632472,131.80035282151718,6.224345541730028,4.509588222644816,52.50191269134806,0.998544966590491,0.0013408101639256437,0.00011422324558343302,0.9998857767544166,99.98857767544166,-20.914969698861114,29.790136510204256,-0.6705859592011282,1.2164601264638661,258.10843949354944,0.0,1,Decay at rest,
707,9,muon_plus,Muon+,-13,2,74,138.82445280516635,130.03300171931454,8.791451085851799,6.332782811822201,52.33989892586604,0.9979276698153148,0.0019676235048575385,0.00010470667982760018,0.9998952933201724,99.98952933201724,-21.204592867029145,28.546853067229975,-0.8883739536696298,1.2489100139433225,258.10843949354944,0.0,1,Decay at rest,
708,2702,muon_plus,Muon+,-13,2,75,142.79504106686858,140.57610216939912,2.2189388974694615,1.5539327422654465,53.62321739052367,0.9966547230954845,0.0031772753478472274,0.00016800155666834072,0.9998319984433317,99.98319984433317,-31.010368698221388,21.461444454910282,-1.3929451707111524,1.5565179069804354,258.10843949354944,0.0,1,Decay at rest,
709,12,muon_plus,Muon+,-13,2,72,144.15245399884674,138.2627429055256,5.889711093321127,4.085751528980732,54.52241011300314,0.9987126220769095,0.0010054464222399172,0.00028193150085066836,0.9997180684991493,99.97180684991494,-30.922606856354356,22.04172036732283,-0.861051197986081,1.0744942697434772,258.1084394935495,0.0,1,Decay at rest,
710,5,muon_plus,Muon+,-13,2,72,141.5056547207226,134.37489385603223,7.130760864690363,5.039205591298614,53.68182020798811,0.9988083496505328,0.0010271668729054228,0.00016448347656181452,0.9998355165234382,99.98355165234382,-21.736800967304394,29.732600613756293,-0.7097818142469501,0.8774833979987815,258.10843949354944,0.0,1,Decay at rest,
711,5,muon_plus,Muon+,-13,2,73,143.10911034352526,139.5952253439863,3.51388499953896,2.455388752752414,55.72812248428199,0.9979214976880917,0.0019264203078793321,0.0001520820040288849,0.9998479179959711,99.9847917995971,-29.964776186819275,22.125477652863893,-1.6495076029521236,1.2269355099014645,258.10843949354944,0.0,1,Decay at rest,
713,317,muon_plus,Muon+,-13,2,72,144.66984427266593,130.67364200117302,13.99620227149291,9.674581694519295,55.3483068336178,0.9992591867466772,0.00046512835019716893,0.00027568490312565846,0.9997243150968744,99.97243150968744,-22.256986417239002,30.29448047123676,-0.6705979850778913,0.6268011697582774,258.10843949354944,0.0,1,Decay at rest,
715,488,muon_plus,Muon+,-13,2,49,49.913907412502404,46.49944492865844,3.414462483843964,6.84070364523037,11.427999638006039,0.9817353096898409,0.01822657040548421,3.811990467490799e-05,0.9999618800953252,99.99618800953252,-4.087423213872157,6.400096292331223,-0.9737982978375883,0.6507252827768757,157.00639625581186,0.0,1,Decay at rest,
716,4,muon_plus,Muon+,-13,2,76,139.8864455970934,132.87714227446153,7.009303322631853,5.010709431291386,53.41283603482096,0.9994944252737228,0.000371718104681274,0.00013385662159599675,0.9998661433784041,99.98661433784041,-28.710258567094254,21.483801598197523,-0.5319170705177269,0.46793609123624474,258.10843949354944,0.0,1,Decay at rest,
718,907,muon_plus,Muon+,-13,2,77,168.4779188781239,158.49318667801512,9.98473220010877,5.9264337229448305,68.00466231723873,0.9991639009210299,0.0007316957049563289,0.00010440337401387424,0.9998955966259863,99.98955966259862,-39.38441664164108,27.801540856218484,-1.1595376659790897,0.548666804515464,290.00588378504506,0.0,1,Decay at rest,
720,4,muon_plus,Muon+,-13,2,69,143.79147738829977,130.38113571803802,13.410341670261756,9.326242357221199,55.796659623190386,0.9989604999013761,0.000859721740705723,0.00017977835791799967,0.9998202216420818,99.98202216420819,-22.50261363749587,29.61698734213102,-0.7647687009261718,0.8282325627366137,258.1084394935494,0.0,1,Decay at rest,
721,5,muon_plus,Muon+,-13,2,74,141.02760799453682,134.07628665276667,6.95132134177014,4.929050021212459,53.92592962559047,0.9980662126089602,0.0017440564087550477,0.00018973098228470417,0.9998102690177153,99.98102690177153,-21.646963174501813,29.727021133543843,-0.7489573312834763,1.4021438168873623,258.10843949354944,0.0,1,Decay at rest,
722,469,muon_plus,Muon+,-13,2,72,139.24524519032272,123.19019153731475,16.055053653007967,11.5300552137803,52.84991755222399,0.9975322763181871,0.0021026675042727767,0.00036505617754024503,0.9996349438224599,99.96349438224598,-21.077363864327516,27.800318899744823,-1.075495459599408,0.978904393603666,258.10843949354944,0.0,1,Decay at rest,
723,4,muon_plus,Muon+,-13,2,75,142.44303463107698,128.5785612575436,13.86447337353338,9.733345971912165,54.59832297704567,0.9991640362769658,0.0007587466673920314,7.721705564223893e-05,0.9999227829443579,99.99227829443579,-22.17822925925117,29.162851394785715,-0.7081139054848413,0.7348862868495052,258.1084394935494,0.0,1,Decay at rest,
724,4,muon_plus,Muon+,-13,2,72,139.83910550667136,132.81405926150552,7.025046245165852,5.0236636023324,52.67265768837642,0.9964887682202334,0.0033260220660987273,0.00018520971366781558,0.9998147902863321,99.98147902863322,-21.01379907120318,29.038632345472333,-1.2458805486421096,1.9340231780364892,258.10843949354944,0.0,1,Decay at rest,
725,4,muon_plus,Muon+,-13,2,70,144.37909994659472,139.60387595927787,4.77522398731686,3.3074205262972254,54.51988669598681,0.9958320649868277,0.003582384488234075,0.0005855505249380358,0.9994144494750619,99.94144494750618,-21.72639848391748,30.70474011013499,-1.2224328378678229,1.8014375005193997,258.1084394935494,0.0,1,Decay at rest,
726,21,muon_plus,Muon+,-13,4,14,4.119812659938303,3.681541449625731,0.4382712103125718,10.638134461170749,0.14853724835534254,0.9987732148994262,0.0011490531348135181,7.773196576031257e-05,0.9999222680342397,99.99222680342396,-0.053141651553069144,0.0803598822523785,-0.0022734674418271408,0.0025571148128704134,109.7781841599383,0.0,1,Decay at rest,
727,8,muon_plus,Muon+,-13,5,15,4.1188422972170535,3.382735897676328,0.7361063995407252,17.871682050999734,0.147528152654278,0.9950925740229534,0.004498773031825528,0.00040865294522114643,0.9995913470547789,99.9591347054779,-0.052158327013873754,0.0791813459912502,-0.004931895870487265,0.003821774095732572,109.7781841599383,0.0,1,Decay at rest,
727,2275,muon_plus,Muon+,-13,3,15,4.1198126599383045,3.7119873295406745,0.4078253303976298,9.899123189833032,0.15070244245378933,0.9973874071896546,0.0025517751044016705,6.081770594370798e-05,0.9999391822940562,99.99391822940562,-0.08356717364568347,0.05278311043331325,-0.005285854171500847,0.0028767411594297384,109.7781841599383,0.0,1,Decay at rest,
728,152,muon_plus,Muon+,-13,2,69,147.21164196732545,145.61714906123373,1.5944929060917266,1.0831296253360412,57.26225016588036,0.997749509730866,0.0021754938610401876,7.499640809388495e-05,0.9999250035919062,99.99250035919061,-31.076104796693684,22.853551753404787,-1.1446575032330317,1.317337835170321,258.10843949354944,0.0,1,Decay at rest,
729,349,muon_plus,Muon+,-13,2,74,143.1287539760694,129.1322489783269,13.996504997742491,9.77896097669002,54.45131307125011,0.9936950884114404,0.005023397223381214,0.0012815143651784089,0.9987184856348216,99.87184856348216,-21.646448651760398,28.35678922458494,-1.42074215379495,2.038801267809105,258.10843949354944,0.0,1,Decay at rest,
730,5,muon_plus,Muon+,-13,2,72,146.43102268397035,137.35655679866863,9.074465885301734,6.197092473284424,57.32612119038307,0.9987598822326428,0.0011983456645060504,4.1772102851000766e-05,0.9999582278971488,99.99582278971488,-23.158183894678675,31.253969021686736,-1.4411383014123824,0.7597572032720672,258.1084394935495,0.0,1,Decay at rest,
731,4,muon_plus,Muon+,-13,2,77,141.00328885366002,126.5463595112232,14.456929342436828,10.252902226586306,53.691400552639564,0.9985952884858663,0.0009732601883951776,0.00043145132573850926,0.9995685486742615,99.95685486742615,-31.418472575199157,21.624656226425472,-0.9197126691262336,0.885404315849038,258.10843949354944,0.0,1,Decay at rest,
732,77,muon_plus,Muon+,-13,65,37,24.388892485719865,23.908334356607284,0.48055812911257967,1.9703975053149916,3.45328099034726,0.9936138334043981,0.006180401907772568,0.00020576468782946642,0.9997942353121707,99.97942353121707,-2.006725551495817,1.2003093915838985,-0.10660459087654499,0.13392798163373562,130.0472639857199,0.0,1,Decay at rest,
733,483,muon_plus,Muon+,-13,481,11,4.119812659938304,3.6478076755279387,0.4720049844103651,11.456952618263802,0.14867693242674485,0.999571474762021,0.00040979150260140375,1.87337353776222e-05,0.9999812662646225,99.99812662646225,-0.05295514065706148,0.08103804639764327,-0.0011981646034040015,0.001562547589587914,109.7781841599383,0.0,1,Decay at rest,
734,394,muon_plus,Muon+,-13,2,70,143.71258662565373,139.75430701851192,3.9582796071418183,2.75430266762399,55.48505523943256,0.999340205781192,0.00042578338317332965,0.00023401083563457018,0.9997659891643653,99.97659891643653,-32.2665986349924,22.415114691209556,-0.6972363206914876,0.4670565570769163,258.10843949354944,0.0,1,Decay at rest,
735,4,muon_plus,Muon+,-13,2,71,139.44184687553945,133.29042490133048,6.151421974208974,4.411460484813789,52.454554714776286,0.9971400879301482,0.002812425494907365,4.748657494446097e-05,0.9999525134250555,99.99525134250555,-29.91010043610422,21.278026854163734,-1.329409025930291,1.4097956907448614,258.1084394935493,0.0,1,Decay at rest,
737,19,muon_plus,Muon+,-13,8,11,4.1198126599383045,3.147394204185903,0.9724184557524012,23.603462973167414,0.14482808619172324,0.9975253785241256,0.0024177654581792984,5.685601769520225e-05,0.9999431439823049,99.99431439823049,-0.07938188734347593,0.05008258146309846,-0.0031819917712904142,0.0034456498257379293,109.7781841599383,0.0,1,Decay at rest,
738,256,muon_plus,Muon+,-13,237,10,4.1198126599383045,3.7367499177393553,0.3830627421989494,9.298062164911302,0.14580720585477805,0.9962072638677285,0.003708714103419349,8.402202885211195e-05,0.9999159779711478,99.99159779711478,-0.04929612438851481,0.0790115311821888,-0.003485095785499454,0.004763499806393025,109.7781841599383,0.0,1,Decay at rest,
739,437,muon_plus,Muon+,-13,414,14,4.119812659938304,3.7167313292141957,0.4030813307241081,9.783972330677397,0.14946918813433302,0.998144630498232,0.001732726368400336,0.00012264313336770097,0.9998773568666324,99.98773568666324,-0.08358366621674548,0.05283774919143559,-0.003721352892709585,0.0018717863593489183,109.7781841599383,0.0,1,Decay at rest,
740,4,muon_plus,Muon+,-13,2,65,144.64721895099566,132.01323766817015,12.633981282825504,8.734340953423867,55.4190238582504,0.9988787350652136,0.0009032934890145113,0.00021797144577173112,0.9997820285542282,99.97820285542282,-29.95763786926337,22.39016117659348,-0.6279466523976294,1.0207652903070799,258.1084394935495,0.0,1,Decay at rest,
741,836,muon_plus,Muon+,-13,2,73,141.58669779030157,139.3647167676781,2.221981022623495,1.5693430649215243,54.238459269285215,0.9947904719659464,0.005087013790199639,0.00012251424385392417,0.999877485756146,99.9877485756146,-31.586691846544763,21.478174259338196,-1.6589482830865474,2.06069326312841,258.10843949354944,0.0,1,Decay at rest,
742,2387,muon_plus,Muon+,-13,2,71,144.71085264044754,136.17099586774413,8.539856772703427,5.90132434221902,55.44241484267385,0.995024038551778,0.004741667612653205,0.00023429383556870375,0.9997657061644312,99.97657061644311,-21.99975338985786,30.220827516441595,-1.8767101833098427,1.9667755499155768,258.10843949354944,0.0,1,Decay at rest,
743,99,muon_plus,Muon+,-13,9,11,4.119812659938305,3.449405688569986,0.6704069713683194,16.27275380474118,0.15581215166905205,0.9984688945283168,0.0009539217721022166,0.0005771836995811291,0.999422816300419,99.94228163004189,-0.05375013617258915,0.08528339442050617,-0.002507754439727316,0.0015752869374141647,109.7781841599383,0.0,1,Decay at rest,
744,4,muon_plus,Muon+,-13,2,69,141.99909407092605,138.36328598606173,3.6358080848643315,2.560444563856379,53.286866624588676,0.9994438489754416,0.00044431351037371405,0.0001118375141848688,0.9998881624858152,99.98881624858153,-21.485760286095314,30.070509053955313,-0.528505510653674,0.8798736454950139,258.10843949354944,0.0,1,Decay at rest,
745,586,muon_plus,Muon+,-13,2,76,133.64230078447605,130.36955884275073,3.272741941725326,2.4488817706028967,50.3949661945055,0.995111866154527,0.004808557176258123,7.957666921488561e-05,0.9999204233307851,99.99204233307852,-19.65980200609394,28.854262493624862,-1.6483683004312044,1.7519737024452473,258.1084394935495,0.0,1,Decay at rest,
746,193,muon_plus,Muon+,-13,2,77,140.53860372279053,134.43026005123969,6.108343671550842,4.346381356968242,53.38159289071002,0.9962947098012612,0.00361268498206891,9.26052166699691e-05,0.9999073947833301,99.99073947833301,-30.310115778238497,21.218087390176304,-2.121787928124842,1.4071833385084613,258.1084394935495,0.0,1,Decay at rest,
747,9,muon_plus,Muon+,-13,2,72,144.11890546404575,142.46171584162607,1.6571896224196745,1.1498766362981463,55.457770224915095,0.9951864942252086,0.004751045557471266,6.246021732006882e-05,0.9999375397826799,99.99375397826799,-32.08187771236508,21.913745628002914,-1.5756940565679343,2.313744075727525,258.10843949354944,0.0,1,Decay at rest,
748,574,muon_plus,Muon+,-13,572,11,4.1198126599383045,3.2412659316791603,0.878546728259144,21.324919378064646,0.1447495279782004,0.9973542940870828,0.002464832986264336,0.0001808729266529445,0.9998191270733471,99.98191270733471,-0.07992129034576638,0.049341452900083,-0.003840753611420465,0.002901634903568612,109.7781841599383,0.0,1,Decay at rest,
748,2723,muon_plus,Muon+,-13,570,11,4.119812659938304,3.4880219363838743,0.6317907235544296,15.335423615206109,0.15429638878665558,0.998453102264846,0.0013401273982395845,0.00020677033691447774,0.9997932296630856,99.97932296630856,-0.08677555418006581,0.05313468551655338,-0.0029211045683721925,0.002509301449642685,109.7781841599383,0.0,1,Decay at rest,
750,12,muon_plus,Muon+,-13,2,71,145.89910140558985,133.23251836744242,12.666583038147408,8.681741639336863,54.835898918954776,0.9990257307355681,0.0009573400415006139,1.692922293121328e-05,0.9999830707770687,99.99830707770687,-22.13119045022075,29.14650437032158,-0.8229864878060987,0.7074152488640097,258.1084394935494,0.0,1,Decay at rest,
751,169,muon_plus,Muon+,-13,2,75,141.33418541649482,123.90457464239837,17.429610774096442,12.33219742465949,53.26136397771884,0.9976584606042123,0.0022949214629777183,4.6617932809929225e-05,0.99995338206719,99.995338206719,-21.71796057775899,27.602173413857177,-1.235042330026403,1.0150113786949597,258.10843949354944,0.0,1,Decay at rest,
752,13,muon_plus,Muon+,-13,2,73,142.66593618098074,140.4503797970007,2.2155563839800374,1.5529680337774985,53.527825983665785,0.9989543121435301,0.0010213890178629285,2.4298838606830933e-05,0.9999757011613931,99.99757011613931,-31.244022924534434,21.644494854710768,-0.9608295487019937,0.6288321383908392,258.10843949354944,0.0,1,Decay at rest,
753,14,muon_plus,Muon+,-13,2,77,139.3931049273444,128.88339074963068,10.50971417771374,7.539622697400778,53.64407000419651,0.9982395862471739,0.0016445596840324566,0.00011585406879367756,0.9998841459312063,99.98841459312064,-21.526200717622395,30.04545962855712,-1.1430970140341554,0.9861322246332775,258.1084394935495,0.0,1,Decay at rest,
754,6,muon_plus,Muon+,-13,2,74,148.45294836503345,136.5134539414153,11.939494423618154,8.042611854538537,57.47112613374863,0.9953065624831097,0.004580185437890592,0.00011325207899962643,0.9998867479210003,99.98867479210003,-23.42268379358008,31.553232037525817,-2.195893014499444,1.799508673063115,266.84705451686295,0.0,1,Decay at rest,
755,17,muon_plus,Muon+,-13,2,72,143.75519757787322,140.38118067373668,3.3740169041365253,2.3470573314810386,55.301956502205904,0.9992752942683871,0.0005492674824119293,0.00017543824920082717,0.999824561750799,99.9824561750799,-22.1400808776485,31.37779078945513,-0.7524770191094997,0.5772043488289277,258.10843949354944,0.0,1,Decay at rest,
756,22,muon_plus,Muon+,-13,6,11,4.1198126599383045,3.530479422973263,0.5893332369650416,14.304855235186036,0.15215385941188514,0.9919717084634234,0.007936223634032754,9.206790254395424e-05,0.9999079320974562,99.99079320974562,-0.08479215387015679,0.051194079378969116,-0.006634408296436831,0.004648728966196635,109.7781841599383,0.0,1,Decay at rest,
757,219,muon_plus,Muon+,-13,217,12,4.119812659938304,3.6986193744906823,0.4211932854476214,10.223602872610451,0.14751981915969548,0.9965685284323146,0.0031648624990544697,0.0002666090686310101,0.999733390931369,99.9733390931369,-0.053391079516467474,0.07875023876142205,-0.003432941921051359,0.0036222720932396796,109.7781841599383,0.0,1,Decay at rest,
757,1651,muon_plus,Muon+,-13,215,12,4.1198126599383045,3.4217022967124735,0.6981103632258309,16.945196805048056,0.15002892001143475,0.9988591675250929,0.0010715171556993203,6.931531920778951e-05,0.9999306846807922,99.99306846807922,-0.0528958456935178,0.08183686413150595,-0.003121434919805303,0.001895590136722196,109.7781841599383,0.0,1,Decay at rest,
758,4,muon_plus,Muon+,-13,2,73,138.49741817163743,124.29511190775749,14.202306263879946,10.254563912721661,53.073399901706836,0.9994971496882037,0.0004567370274725207,4.611328432381445e-05,0.9999538867156762,99.99538867156762,-21.210664171260763,29.1152678773444,-0.45079511434558656,0.6490359069095833,258.10843949354944,0.0,1,Decay at rest,
759,10,muon_plus,Muon+,-13,2,74,142.7533222040049,127.43857749934496,15.31474470465993,10.728117894709339,54.60679115003448,0.9976610217206695,0.00227864070595581,6.0337573374758685e-05,0.9999396624266254,99.99396624266254,-21.309623955260605,28.65113224146152,-2.0721566002144374,0.7546778784448464,258.1084394935494,0.0,1,Decay at rest,
760,4,muon_plus,Muon+,-13,2,70,142.29094782067284,134.307711437894,7.9832363827788475,5.610501936384598,54.39913191961144,0.9983765172422527,0.0013989244649692486,0.0002245582927780641,0.999775441707222,99.9775441707222,-20.91419477624124,30.764227517478695,-1.791762240509178,0.7956697190926905,258.1084394935495,0.0,1,Decay at rest,
761,7,muon_plus,Muon+,-13,2,74,138.24143117603444,131.7706791199443,6.470752056090126,4.680761766601196,53.23686846323703,0.9958756526719678,0.004025033654956453,9.931367307565896e-05,0.9999006863269242,99.99006863269241,-31.154176108136237,20.962273655907598,-1.9132414327014642,1.308346820346323,258.10843949354944,0.0,1,Decay at rest,
762,17,muon_plus,Muon+,-13,2,71,140.0666330390846,138.4937057064589,1.5729273326256752,1.122985038261583,52.55264884518163,0.9995075939089734,0.0003349764246212128,0.0001574296664054954,0.9998425703335946,99.98425703335946,-29.15968372460137,20.927397288027997,-0.4498563968592981,0.6445361910065258,258.10843949354944,0.0,1,Decay at rest,
763,8,muon_plus,Muon+,-13,2,74,140.35944246252896,133.19918468370008,7.160257778828873,5.10137234318269,52.598143509853884,0.9922499409054081,0.007538440688164267,0.00021161840642778024,0.9997883815935723,99.97883815935722,-28.70034390193858,21.17810320919536,-1.7142708491443617,3.306720987434751,258.10843949354944,0.0,1,Decay at rest,
764,9,muon_plus,Muon+,-13,7,12,4.119812659938304,3.4501514702327443,0.6696611897055592,16.254651484943683,0.1537155234224805,0.9996265654967383,0.0003380453733843036,3.538912987732281e-05,0.9999646108701227,99.99646108701226,-0.05542224550777584,0.08337913877654492,-0.001605975224615855,0.0011276650558504383,109.7781841599383,0.0,1,Decay at rest,
764,2537,muon_plus,Muon+,-13,5,11,4.1198126599383045,3.4331330583781603,0.6866796015601442,16.667738517275865,0.15425569371631365,0.9979813984632884,0.0015367977653991361,0.00048180377131239546,0.9995181962286875,99.95181962286875,-0.05395196534977901,0.08354403271959392,-0.0028568602683495155,0.0023717201556983127,109.7781841599383,0.0,1,Decay at rest,
765,8,muon_plus,Muon+,-13,5,12,4.119812659938304,3.3012786602133293,0.8185339997249745,19.86823351664812,0.15175439552690304,0.9971413969939829,0.002675562160510287,0.0001830408455066818,0.9998169591544931,99.98169591544931,-0.055091572596437544,0.0816454167038885,-0.0035131980493938435,0.0033667776259415643,109.7781841599383,0.0,1,Decay at rest,
765,1835,muon_plus,Muon+,-13,3,12,4.1198126599383045,3.4166102959445084,0.703202363993796,17.06879467680277,0.1518463968154966,0.9988745912378475,0.000846012581105322,0.0002793961810472794,0.9997206038189528,99.97206038189528,-0.054707959948352446,0.08165384773586991,-0.001731650113678637,0.002826754087340415,109.7781841599383,0.0,1,Decay at rest,
766,8,muon_plus,Muon+,-13,2,74,141.23767943158165,133.88232117250132,7.355358259080325,5.207787531402629,54.29785422057364,0.9963600623429287,0.003538941342574917,0.00010099631449642,0.9998990036855037,99.98990036855037,-31.396081244103275,21.951612523892276,-1.3631297441166068,1.7208990052354396,258.1084394935495,0.0,1,Decay at rest,
767,7,muon_plus,Muon+,-13,2,79,139.36816236374298,131.17560918116462,8.192553182578358,5.878353451483604,53.64250948938792,0.9978158999016027,0.0021555452254406163,2.855487295671899e-05,0.9999714451270433,99.99714451270432,-31.431483170740623,21.535435685688263,-1.2545618414791937,1.1701402795778744,258.1084394935495,0.0,1,Decay at rest,
768,9,muon_plus,Muon+,-13,2,73,142.05286341131557,131.41929352347844,10.633569887837124,7.485642761770674,54.48204801424644,0.999272680533285,0.0006230938087781615,0.00010422565793684785,0.9998957743420631,99.98957743420631,-22.040576966982897,30.386951671154318,-0.8520496135826592,0.7187488404697683,258.10843949354944,0.0,1,Decay at rest,
770,406,muon_plus,Muon+,-13,2,76,138.95222175856458,122.01691905987342,16.935302698691164,12.187860319439135,53.8632444979716,0.9985273573823187,0.0013408801662208745,0.00013176245146053647,0.9998682375485396,99.98682375485396,-21.36044504392989,29.041346594287933,-1.7759958435432681,0.8051258088204221,258.10843949354944,0.0,1,Decay at rest,
771,8,muon_plus,Muon+,-13,2,77,140.5640697756735,136.92195633730555,3.64211343836795,2.5910699968920983,53.696108875879744,0.9834118998583485,0.016523902063102062,6.419807854945216e-05,0.9999358019214506,99.99358019214506,-20.597674440131964,28.251860671621696,-2.7126089670623412,3.0290119465544794,258.1084394935495,0.0,1,Decay at rest,
772,8,muon_plus,Muon+,-13,2,71,145.48266818574567,136.21225552137645,9.270412664369218,6.372176686045637,55.71070699879329,0.9982964872675062,0.0013546964010909097,0.00034881633140300373,0.9996511836685971,99.96511836685971,-29.833405788454222,22.572037924858538,-1.0872288984637417,0.8685835316174553,258.1084394935494,0.0,1,Decay at rest,
773,4,muon_plus,Muon+,-13,2,76,143.11811817829877,135.79090173293787,7.3272164453608974,5.119698706653296,55.580714482556665,0.9995600904367846,0.00034685402121738794,9.305554199808603e-05,0.999906944458002,99.9906944458002,-31.574376153457408,22.262724495350543,-0.5702240837460084,0.7573171644065874,258.1084394935495,0.0,1,Decay at rest,
774,11,muon_plus,Muon+,-13,9,11,4.119812659938304,3.4951094787250137,0.6247031812132902,15.163388065870098,0.15223243503660783,0.99962852700752,0.00022031924257998894,0.00015115374990001373,0.9998488462501001,99.98488462501001,-0.08607820140710781,0.05186265255689551,-0.0012420614159656463,0.0007734388303382305,109.7781841599383,0.0,1,Decay at rest,
775,20,muon_plus,Muon+,-13,5,12,4.1198126599383045,3.3998902847351813,0.7199223752031233,17.474638645678233,0.14519829280136473,0.9923155223966655,0.007667388829875017,1.7088773459434415e-05,0.9999829112265406,99.99829112265405,-0.05219730473725938,0.07591967576225303,-0.00572089295681277,0.005544824815349807,109.7781841599383,0.0,1,Decay at rest,
777,11,muon_plus,Muon+,-13,2,69,138.25918964349407,125.57103262743644,12.688157016057636,9.177080415974135,51.84760710314294,0.9997721408823049,0.0002120103072298885,1.5848810465195584e-05,0.9999841511895348,99.99841511895347,-20.960735866737625,29.67156450341722,-0.7296242153852239,0.38516510274495364,258.10843949354944,0.0,1,Decay at rest,
778,46,muon_plus,Muon+,-13,2,77,133.14889351981685,126.9436160363784,6.205277483438449,4.66040484408149,50.942452313342905,0.997888215441262,0.0018140099003866644,0.0002977746583512827,0.9997022253416488,99.97022253416488,-28.226054950508267,20.18221938229074,-1.2036637124351635,0.9066523110733912,258.1084394935495,0.0,1,Decay at rest,
779,3,muon_plus,Muon+,-13,2,65,90.49471462363448,88.0087764832305,2.4859381404039698,2.747053406094413,28.267646507993714,0.9988951600112022,0.0008071328897336904,0.0002977070990642044,0.9997022929009358,99.97022929009358,-10.873195465045423,16.328588505884778,-0.3907356005017532,0.6589544310685786,202.42637389113077,0.0,1,Decay at rest,
780,4,muon_plus,Muon+,-13,2,73,141.59197512894778,124.03353172469626,17.558443404251516,12.400733437231203,54.24630592476585,0.9953084605648393,0.0042390764601598335,0.0004524629750008548,0.9995475370249992,99.95475370249991,-21.684668826422293,28.579291882879026,-1.6724972281618862,1.4758310882745307,258.1084394935495,0.0,1,Decay at rest,
781,308,muon_plus,Muon+,-13,306,10,4.1198126599383045,3.3293604663693688,0.7904521935689356,19.186605285609584,0.14332781305925402,0.9984590050521489,0.0012702374340226783,0.0002707575138283783,0.9997292424861716,99.97292424861716,-0.04985009476180354,0.07659021573242968,-0.0027157899874261965,0.0021216216073788358,109.7781841599383,0.0,1,Decay at rest,
781,1271,muon_plus,Muon+,-13,304,12,4.1198126599383045,3.5179703933222033,0.601842266616101,14.608486266099142,0.14935585269109083,0.9871526653465169,0.012803347412691011,4.398724079216776e-05,0.9999560127592079,99.99560127592079,-0.08012840630230923,0.05229398023451744,-0.0067009553966939596,0.00822000854167594,109.7781841599383,0.0,1,Decay at rest,
782,11,muon_plus,Muon+,-13,2,70,147.42802159182858,132.346945858634,15.08107573319458,10.22944998539577,56.99143002426387,0.9953752665039582,0.0045178904430172,0.00010684305302448675,0.9998931569469754,99.98931569469754,-22.7722790749201,29.96202329778198,-1.4490026929896385,1.959653665958666,258.10843949354944,0.0,1,Decay at rest,
783,3,muon_plus,Muon+,-13,2,50,51.913503364399986,47.72684216934644,4.186661195053549,8.064686302648145,12.149724735156884,0.9994639033678286,0.00042875952459176,0.00010733710757968055,0.9998926628924204,99.98926628924204,-4.522306173079932,6.788133785971641,-0.09652053423980324,0.13848357979609327,159.33804479431151,0.0,1,Decay at rest,
785,571,muon_plus,Muon+,-13,2,73,143.3160670874102,130.21646655578394,13.09960053162627,9.140357252223971,54.98033774581941,0.9990329512474682,0.0008261071440830725,0.00014094160844863225,0.9998590583915512,99.98590583915512,-22.035804372830704,30.277299656898695,-1.21504290872898,0.6446046850210743,258.10843949354944,0.0,1,Decay at rest,
786,600,muon_plus,Muon+,-13,2,80,139.08651327091417,131.82308543712386,7.2634278337903035,5.222237342050931,53.19530959527758,0.9864243197884386,0.013531850799744059,4.382941181733667e-05,0.9999561705881826,99.99561705881827,-29.785446581004106,21.060964808620593,-3.788454694383762,3.0802167291536913,258.10843949354944,0.0,1,Decay at rest,
787,189,muon_plus,Muon+,-13,2,79,135.0345498782259,129.85131365850748,5.183236219718434,3.838451880939118,51.137681075811955,0.9968315767537086,0.0031310489145112965,3.737433178013599e-05,0.9999626256682199,99.996262566822,-20.389924889162348,28.73397791315093,-1.186377433517098,1.5105546696667922,258.10843949354944,0.0,1,Decay at rest,
788,11,muon_plus,Muon+,-13,2,84,194.8305289364694,171.26440659735218,23.56612233911722,12.095703105544459,80.8023922788507,0.9926992473363506,0.00726292831503709,3.782434861225116e-05,0.9999621756513877,99.99621756513876,-32.99886414772285,40.86646066214955,-4.045116671480862,3.0052450427093977,314.0180187872795,0.0,1,Decay at rest,
789,4,muon_plus,Muon+,-13,2,75,139.8902514854168,134.54357013979507,5.346681345621742,3.822054281015515,52.49602307278505,0.998738091939908,0.0010976120017765134,0.00016429605831545522,0.9998357039416845,99.98357039416845,-21.0316949618462,28.61066321711367,-0.7010055338783814,1.1776840811773728,258.1084394935495,0.0,1,Decay at rest,
790,24,muon_plus,Muon+,-13,11,12,4.119812659938304,3.5286192015815243,0.5911934583567793,14.350008292989534,0.15422744572832053,0.9995312500716839,0.00043940367547839034,2.9346252837781148e-05,0.9999706537471622,99.99706537471621,-0.0534295764689333,0.08589735664871156,-0.0009966049269854015,0.002033733415185433,109.7781841599383,0.0,1,Decay at rest,
791,4,muon_plus,Muon+,-13,2,72,144.25043387920732,134.34437377013782,9.906060109069498,6.867265381929216,55.441340117391576,0.9894758373280523,0.01017461793474532,0.0003495447372023977,0.9996504552627976,99.96504552627977,-18.690085616720868,29.46071444578417,-3.9234840406183493,1.6472444865639622,258.10843949354944,0.0,1,Decay at rest,
792,13,muon_plus,Muon+,-13,2,77,141.7875207048757,137.64117257726454,4.1463481276111755,2.924339255668072,55.13109922575765,0.9983879510128587,0.0014428155577038545,0.00016923342943734926,0.9998307665705626,99.98307665705626,-32.350449726757674,22.006791298245684,-1.4983649337272196,0.8729303028538565,258.1084394935495,0.0,1,Decay at rest,
794,12,muon_plus,Muon+,-13,2,76,140.6635766739707,126.14512089084681,14.518455783123903,10.321403824939487,54.26351463835293,0.9982248091045652,0.0016755724679997212,9.961842743508707e-05,0.999900381572565,99.9900381572565,-21.74800453834181,28.63481327105743,-0.811731829706594,1.1448032637044796,258.10843949354944,0.0,1,Decay at rest,
795,16,muon_plus,Muon+,-13,5,12,4.119812659938304,3.8072303171435604,0.312582342794743,7.587295068883645,0.1531161614500322,0.9916777944402952,0.008105254741498154,0.00021695081820654493,0.9997830491817934,99.97830491817933,-0.05233930448233248,0.08305734208414939,-0.005517472866342647,0.007763264079620327,109.7781841599383,0.0,1,Decay at rest,
796,4,muon_plus,Muon+,-13,2,69,144.03226748268506,140.71298652314894,3.3192809595361026,2.3045398212141124,54.627997992226796,0.9992817093369462,0.0006583882183017831,5.9902444751981395e-05,0.9999400975552479,99.99400975552479,-29.26529243143611,22.064518196226842,-0.7137008418074169,0.8620727412747118,258.10843949354944,0.0,1,Decay at rest,
797,580,muon_plus,Muon+,-13,576,11,4.1198126599383045,4.008724572423887,0.1110880875144177,2.6964354130627215,0.14852622921137287,0.9907115966090959,0.009157599115371704,0.0001308042755325084,0.9998691957244676,99.98691957244677,-0.08227753548615538,0.05025136069450771,-0.005631427404003457,0.005951123583635739,109.7781841599383,0.0,1,Decay at rest,
797,1675,muon_plus,Muon+,-13,574,12,4.1198126599383045,3.607501322900528,0.5123113370377764,12.435306634681988,0.14968076191819515,0.9981374814259625,0.0016741638458957493,0.00018835472814182505,0.9998116452718583,99.98116452718583,-0.08412202747998311,0.05139200705609214,-0.004120282468165796,0.0026454375560642503,109.7781841599383,0.0,1,Decay at rest,
798,1034,muon_plus,Muon+,-13,2,71,139.8523147939303,122.4336281700675,17.418686623862815,12.45505778687247,53.36459173962472,0.9985294460818457,0.0014216625014206337,4.8891416733612506e-05,0.9999511085832663,99.99511085832663,-21.539914619103634,28.19380887062058,-1.0750655191733582,0.8743076941491777,258.10843949354944,0.0,1,Decay at rest,
799,69,muon_plus,Muon+,-13,7,75,143.26125230897566,139.00217341183,4.259078897145669,2.972945460479426,54.85817835867084,0.9994252541261798,0.0004810290008643676,9.371687295586593e-05,0.9999062831270441,99.99062831270442,-32.060851430206675,22.09242562083556,-0.5700249620284851,0.9380925609510481,258.14517568879245,0.0,1,Decay at rest,
800,6,muon_plus,Muon+,-13,2,72,141.82347325947856,131.74328933893983,10.08018392053873,7.107556802036672,53.66240979388627,0.998763575919173,0.0011252716719492163,0.00011115240887795742,0.9998888475911222,99.98888475911222,-30.95471177964664,21.418455344467827,-1.2142751434244157,0.8794512614180494,258.10843949354944,0.0,1,Decay at rest,
801,6,muon_plus,Muon+,-13,2,74,144.491708739136,127.71655452652993,16.77515421260606,11.609769417906028,54.83264874251512,0.9952176533261421,0.004652460048821001,0.00012988662503686315,0.9998701133749631,99.98701133749631,-21.792537010682498,29.233690232317795,-1.9483167121002567,1.3001881980096797,258.10843949354944,0.0,1,Decay at rest,
802,248,muon_plus,Muon+,-13,2,70,143.75256302103142,138.41714626755277,5.335416753478645,3.711528087814377,54.29466187161137,0.9827194864852044,0.017003178334957562,0.00027733517983813844,0.9997226648201619,99.9722664820162,-29.132397874703187,19.865492330590552,-3.7393072840985186,3.6361863366250105,258.10843949354944,0.0,1,Decay at rest,
803,14,muon_plus,Muon+,-13,11,11,4.119812659938304,3.4762199215410945,0.6435927383972092,15.621893312179088,0.15173219046296457,0.9985093465357883,0.0014807612017785565,9.892262433080453e-06,0.9999901077375668,99.99901077375668,-0.053741531619202344,0.082454585570493,-0.002337121369213085,0.0026003794570331877,109.7781841599383,0.0,1,Decay at rest,
803,1707,muon_plus,Muon+,-13,9,11,4.119812659938304,3.2785336076288987,0.8412790523094049,20.420323003765017,0.1458874680639984,0.9971726017122572,0.002684435048956757,0.0001429632387860204,0.999857036761214,99.98570367612139,-0.052851339086485545,0.07803750834045997,-0.0036742673726866035,0.0029470972816298823,109.7781841599383,0.0,1,Decay at rest,
804,318,muon_plus,Muon+,-13,2,71,141.1633635275136,139.48058895001108,1.6827745775025291,1.1920760000696258,53.05508585920957,0.9964222894508807,0.003393624710739474,0.0001840858383799186,0.9998159141616202,99.98159141616202,-30.868557806134216,20.957129597874875,-1.372276273998118,1.9320112488434067,258.1084394935495,0.0,1,Decay at rest,
805,4,muon_plus,Muon+,-13,2,78,138.21292206547895,133.7233825189864,4.489539546492565,3.24827771484755,53.499725071641386,0.9988614530123326,0.0009433373336665898,0.0001952096540007641,0.9998047903459992,99.98047903459992,-31.0901055416787,21.320322233424932,-0.9162452046425675,1.0932247656648357,258.10843949354944,0.0,1,Decay at rest,
806,7,muon_plus,Muon+,-13,5,11,4.1198126599383045,3.409821321334269,0.7099913386040355,17.233583107020888,0.149154470342927,0.9977163344480273,0.0021657805644229975,0.0001178849875495912,0.9998821150124503,99.98821150124503,-0.05345144268573438,0.08010435630967104,-0.0030402679340591106,0.003026259693557843,109.7781841599383,0.0,1,Decay at rest,
806,1390,muon_plus,Muon+,-13,3,10,4.1198126599383045,3.210693076802836,0.9091195831354685,22.067012706084622,0.14594784977084466,0.9945037004403894,0.005439899958600442,5.639960101008001e-05,0.9999436003989898,99.99436003989898,-0.0802193250123169,0.04920569175166721,-0.005532627528066893,0.004503566101318308,109.7781841599383,0.0,1,Decay at rest,
807,4,muon_plus,Muon+,-13,2,73,141.71309074370654,126.81878231529043,14.894308428416105,10.510185297809235,54.42033889080318,0.9968326916749297,0.0031029166943298586,6.439163074049152e-05,0.9999356083692595,99.99356083692595,-22.08861768132411,29.159433581296238,-1.6266531651286447,1.3173265957647557,258.10843949354944,0.0,1,Decay at rest,
808,18,muon_plus,Muon+,-13,4,11,4.1198126599383045,3.4564421052256993,0.6633705547126052,16.10195922652802,0.15222146595147443,0.9974922111445257,0.002372944868948364,0.00013484398652588794,0.999865156013474,99.9865156013474,-0.052963252739620444,0.08282046108375263,-0.003321127118422276,0.0033989051419716036,109.7781841599383,0.0,1,Decay at rest,
809,5,muon_plus,Muon+,-13,2,73,142.05917924210064,134.28369759203517,7.775481650065482,5.473410230545062,54.505252609671096,0.9965176531908301,0.0033090975464745704,0.00017324926269534637,0.9998267507373046,99.98267507373046,-29.97574478510519,21.99209955089727,-1.01980357082435,2.5572928007219,258.1084394935495,0.0,1,Decay at rest,
810,723,muon_plus,Muon+,-13,2,73,138.31432719221078,128.43030852517938,9.884018667031407,7.146055558869124,53.434214488522855,0.9898221026996669,0.009973513493899685,0.0002043838064335253,0.9997956161935665,99.97956161935664,-21.154125578286596,28.494927600522214,-2.151142538096668,2.9061474061804238,258.10843949354944,0.0,1,Decay at rest,
811,39,muon_plus,Muon+,-13,4,83,134.91739588904446,128.65664941557856,6.260746473465897,4.64042937696093,51.30501646932211,0.9986373057851413,0.0012861963989642133,7.649781589440843e-05,0.9999235021841055,99.99235021841055,-20.514795782013913,28.548535399825465,-0.9405279947725387,1.2140478735713072,258.14517568879245,0.0,1,Decay at rest,
812,707,muon_plus,Muon+,-13,2,70,140.95666308338153,131.94506437834121,9.01159870504031,6.393169721753123,53.181032835581675,0.9949903306576936,0.004861106763918792,0.00014856257838754462,0.9998514374216124,99.98514374216124,-21.358960423875313,29.8131039834929,-1.9749145970736968,1.5540295618210083,258.1084394935495,0.0,1,Decay at rest,
813,17,muon_plus,Muon+,-13,5,11,4.1198126599383045,3.3668364759458775,0.7529761839924267,18.276952039943065,0.1496116757093332,0.9985908695471153,0.001192284664788565,0.00021684578809615562,0.9997831542119039,99.97831542119039,-0.05246036767203104,0.08164435214187593,-0.0033970799665426314,0.0018998945291136982,109.7781841599383,0.0,1,Decay at rest,
814,264,muon_plus,Muon+,-13,205,13,4.119812659938304,3.511947317150604,0.6078653427876995,14.754684083057375,0.15324248506057161,0.9982503894292147,0.001691835989733834,5.777458105130018e-05,0.9999422254189486,99.99422254189486,-0.08614011284867755,0.0533284740097322,-0.0020477899005758,0.0032243685358943363,109.7781841599383,0.0,1,Decay at rest,
817,14,muon_plus,Muon+,-13,4,12,4.119812659938304,3.291942510648566,0.8278701492897376,20.094849393033698,0.1444229937228076,0.9960488686640013,0.0038945376995515087,5.659363644715252e-05,0.9999434063635528,99.99434063635529,-0.052878437977179824,0.07583974726188425,-0.004677951638168591,0.0034509990537360266,109.7781841599383,0.0,1,Decay at rest,
818,10,muon_plus,Muon+,-13,8,12,4.1198126599383045,3.7333082380213565,0.38650442191694795,9.381601879021751,0.15618985755356207,0.9983495675231824,0.0014231508652891357,0.00022728161152847157,0.9997727183884715,99.97727183884714,-0.088102658008237,0.053286566239920403,-0.002085266875011877,0.0031596066098409335,109.7781841599383,0.0,1,Decay at rest,
818,1551,muon_plus,Muon+,-13,6,13,4.119812659938304,3.0866371851765484,1.0331754747617552,25.078214958862414,0.14548331383511767,0.998252600515398,0.001662050897174783,8.534858742711322e-05,0.9999146514125727,99.99146514125728,-0.052657458374234925,0.0771124066123422,-0.0017659627350166138,0.0027892259920859054,109.7781841599383,0.0,1,Decay at rest,
819,513,muon_plus,Muon+,-13,498,11,4.1198126599383045,3.2507387598997926,0.869073900038512,21.09498590772151,0.14430334669109673,0.992567725734248,0.0069541451434809685,0.0004781291222710745,0.9995218708777289,99.9521870877729,-0.0527635723855868,0.07525125787510449,-0.005884198444429198,0.005844967289727888,109.7781841599383,0.0,1,Decay at rest,
820,424,muon_plus,Muon+,-13,416,13,4.119812659938304,3.3139534308233687,0.805859229114935,19.560579463994443,0.155542889020309,0.9985831955565545,0.0013808531898800414,3.5951253565494246e-05,0.9999640487464345,99.99640487464345,-0.08659284591205053,0.05479910333381235,-0.003134556265287335,0.0022869544301846903,109.7781841599383,0.0,1,Decay at rest,
821,252,muon_plus,Muon+,-13,244,13,4.119812659938304,3.3484816485728324,0.7713310113654714,18.722477817159348,0.1447895408124376,0.9989914879252811,0.0007023997244808663,0.00030611235023796535,0.999693887649762,99.9693887649762,-0.049837558785758386,0.07940312777983624,-0.0026807905248411876,0.0013150314987648638,109.7781841599383,0.0,1,Decay at rest,
822,21,muon_plus,Muon+,-13,5,12,4.1198126599383045,3.40175898531784,0.7180536746204644,17.429279772911265,0.1564303543434079,0.9965334851523654,0.0033142405335704656,0.00015227431406421315,0.9998477256859358,99.98477256859358,-0.08806164810618779,0.05346698259969502,-0.0034236132952141078,0.0040879438640203875,109.7781841599383,0.0,1,Decay at rest,
824,8,muon_plus,Muon+,-13,2,38,28.14035665450061,26.341224524258436,1.7991321302421752,6.393423339765781,4.157622801710101,0.9993664066491882,0.0005105507377284127,0.0001230426130833491,0.9998769573869166,99.98769573869166,-1.565354759956129,2.3655317167711276,-0.04948150817272948,0.03675651946696983,134.12484847026724,0.0,1,Decay at rest,
825,645,muon_plus,Muon+,-13,643,11,4.119812659938304,3.792192384398789,0.3276202755395147,7.9523100340300665,0.14852265443078777,0.996818361938797,0.0027542868096044394,0.00042735125159861723,0.9995726487484015,99.95726487484015,-0.05320737841547347,0.07928026385732623,-0.0035390570742470386,0.0033840716412692428,109.7781841599383,0.0,1,Decay at rest,
825,1365,muon_plus,Muon+,-13,641,12,4.119812659938304,3.401967071640333,0.7178455882979705,17.4242289043483,0.14978751089478975,0.9956220442269983,0.004128020057539441,0.000249935715462216,0.9997500642845377,99.97500642845377,-0.05195923418487425,0.08141824228433708,-0.005208299121052872,0.0035661751175361626,109.7781841599383,0.0,1,Decay at rest,
826,7,muon_plus,Muon+,-13,2,68,145.3688574845323,134.37531786784405,10.993539616688263,7.562513599488122,55.350742201661234,0.9962760561497581,0.0035172612747542474,0.00020668257548771645,0.9997933174245124,99.97933174245124,-21.96907956899923,29.712621453486435,-0.9963781578455311,1.929958908765105,258.1084394935494,0.0,1,Decay at rest,
827,4,muon_plus,Muon+,-13,2,69,138.34058709931676,120.48624125435171,17.85434584496505,12.90607927819993,52.38138892248443,0.9974283076615439,0.0017958426714704202,0.0007758496669857997,0.9992241503330143,99.92241503330142,-20.944896753472033,27.677131408708107,-1.0688318757865434,0.9704675532368968,258.10843949354944,0.0,1,Decay at rest,
828,4,muon_plus,Muon+,-13,2,73,142.8007770023048,140.1187660034073,2.6820109988975167,1.8781487434443225,53.80387746031838,0.9985998891249342,0.001291717499053142,0.00010839337601260308,0.9998916066239874,99.98916066239873,-31.176828154605,21.642795804397263,-1.0444012889279959,0.8499654760419804,258.10843949354944,0.0,1,Decay at rest,
829,27,muon_plus,Muon+,-13,5,13,4.1198126599383045,3.4603170032255193,0.6594956567127853,16.007904027428797,0.15475647606744403,0.9946980049772797,0.005028446004014888,0.00027354901870551006,0.9997264509812945,99.97264509812945,-0.05439793622252921,0.0834637743711726,-0.005233793244221331,0.004144729063638746,109.7781841599383,0.0,1,Decay at rest,
830,12,muon_plus,Muon+,-13,2,85,136.5650950330756,132.3275122653906,4.237582767685007,3.1029764718859374,50.44061294803414,0.9848392657485271,0.014955819053692813,0.00020491519778018298,0.9997950848022199,99.979508480222,-27.43641197433039,19.18743599705999,-2.0599984818074057,5.092237201080035,258.10843949354955,0.0,1,Decay at rest,
831,5,muon_plus,Muon+,-13,2,74,139.83039866673172,135.6739619361728,4.156436730558936,2.9724843597602,52.20320901577935,0.9980198893665633,0.0019185566296870355,6.155400374960844e-05,0.9999384459962503,99.99384459962502,-30.11032218918187,21.123111615061024,-1.0890270126177055,0.8841897199545505,258.10843949354944,0.0,1,Decay at rest,
832,461,muon_plus,Muon+,-13,2,75,142.12132912568043,138.45334130092226,3.6679878247581605,2.5808848308155725,53.79780823387237,0.996833394488598,0.003046252228459975,0.00012035328294200064,0.999879646717058,99.9879646717058,-30.89893948094045,21.69497919576623,-1.7342379730428998,1.4299830369058542,258.10843949354944,0.0,1,Decay at rest,
833,13,muon_plus,Muon+,-13,9,12,4.119812659938304,3.3598899563515308,0.7599227035867727,18.445564551426788,0.15920697007089074,0.9979517898110046,0.00189180472775845,0.00015640546123696242,0.999843594538763,99.98435945387631,-0.055016703288003004,0.0875192085221787,-0.003518500824596281,0.0029360819109426227,109.7781841599383,0.0,1,Decay at rest,
833,3074,muon_plus,Muon+,-13,7,12,4.119812659938305,3.658826179010723,0.4609864809275824,11.189501052081473,0.15082736243167275,0.9966469211824946,0.00294847844616745,0.00040460037133790327,0.9995953996286621,99.9595399628662,-0.055703889638956776,0.07980079761937732,-0.0030355374056226752,0.003687041260233008,109.7781841599383,0.0,1,Decay at rest,
834,8,muon_plus,Muon+,-13,2,73,142.34540498975858,137.5846197232491,4.760785266509487,3.344530346344523,53.48231549821299,0.9948640681405463,0.0045935945008267216,0.0005423373586268572,0.999457662641373,99.9457662641373,-30.866364839488217,20.990459274953874,-1.3540155496074273,1.9544817596309667,258.1084394935495,0.0,1,Decay at rest,
836,7,muon_plus,Muon+,-13,2,74,141.70317422128062,135.87271038589216,5.830463835388466,4.114561206853235,55.63127768180079,0.9985206454455671,0.0009540935736730932,0.0005252609807599335,0.9994747390192401,99.94747390192401,-32.42896252342568,22.305700575800874,-0.733340722882778,0.9669491586199399,258.10843949354944,0.0,1,Decay at rest,
837,761,muon_plus,Muon+,-13,2,72,145.09979089782257,128.10625421221056,16.993536685612007,11.711620382401957,55.589480487330604,0.9971953106181608,0.0022077578176425477,0.0005969315641966755,0.9994030684358034,99.94030684358034,-22.29238301053867,29.21315401619025,-1.4866660761361328,1.0161230420123848,258.1084394935495,0.0,1,Decay at rest,
839,18,muon_plus,Muon+,-13,2,73,138.08140950120824,127.75923931782037,10.322170183387874,7.4754235350541895,53.00693599564798,0.9998441688352223,0.0001327908569968153,2.304030778092237e-05,0.9999769596922191,99.99769596922191,-21.26231507044251,29.25011098511059,-0.4779435016078432,0.25350889231571927,258.10843949354944,0.0,1,Decay at rest,
840,3978,muon_plus,Muon+,-13,2,70,144.9955265359654,130.16970248910516,14.825824046860241,10.225021696226449,56.412930880346536,0.9984900178625161,0.0011360021799454022,0.00037397995753838336,0.9996260200424615,99.96260200424615,-22.655365301693667,30.00470393500755,-0.830618957346572,0.9184651357858361,258.10843949354944,0.0,1,Decay at rest,
841,6,muon_plus,Muon+,-13,2,74,138.50074696223334,128.94601486057044,9.554732101662903,6.898686332910758,52.76351249934511,0.9989502850008478,0.0007731506592638869,0.00027656433988821407,0.9997234356601117,99.97234356601116,-21.195336293324154,28.50670004885696,-0.6270763579652868,0.9457948967287497,258.10843949354955,0.0,1,Decay at rest,
842,4,muon_plus,Muon+,-13,2,75,139.1054638823345,132.9562008954724,6.149262986862122,4.4205761695051855,52.59697366518449,0.9956016639374325,0.004316728425354296,8.160763721312299e-05,0.9999183923627868,99.99183923627868,-30.40529765144596,20.92506617043595,-1.7254008297918508,1.6587568188307136,258.1084394935495,0.0,1,Decay at rest,
843,810,muon_plus,Muon+,-13,795,14,4.119812659938304,3.6300110703182313,0.4898015896200724,11.888928697728879,0.15100863359402503,0.998884579115153,0.001054174767988366,6.124611685854895e-05,0.9999387538831415,99.99387538831415,-0.04556687624469614,0.0829062937558115,-0.0018649449177065873,0.004087784724722619,109.7781841599383,0.0,1,Decay at rest,
844,13,muon_plus,Muon+,-13,6,12,4.119812659938303,3.2661617403862944,0.8536509195520082,20.720624698618998,0.14566253453887562,0.9983819080577184,0.001489155053522578,0.00012893688875903635,0.999871063111241,99.9871063111241,-0.052925252097810606,0.07785239069885541,-0.0034629205655953093,0.0022400106976948344,109.7781841599383,0.0,1,Decay at rest,
845,9,muon_plus,Muon+,-13,2,66,147.34924299247177,137.6734256808599,9.675817311611866,6.566587730692456,57.17868757135331,0.9986779050012807,0.0011106066109621982,0.00021148838775698125,0.9997885116122429,99.9788511612243,-23.06156479864181,30.81690483832011,-1.067533272879508,0.7346763736616421,258.10843949354955,0.0,1,Decay at rest,
847,20,muon_plus,Muon+,-13,4,11,4.1198126599383045,3.3359630178244126,0.7838496421138917,19.026341895013015,0.14633319446675244,0.9996772984889325,0.00022734576538096775,9.53557456864481e-05,0.9999046442543135,99.99046442543134,-0.05257120694503665,0.07862048926839256,-0.0015423870730732333,0.0008840493547608982,109.7781841599383,0.0,1,Decay at rest,
848,4,muon_plus,Muon+,-13,2,73,142.52026318050318,137.3987025389986,5.121560641504571,3.5935666460411095,55.05291048080744,0.997708355402691,0.0020958590532260185,0.00019578554408306142,0.999804214455917,99.9804214455917,-31.579156072788543,22.021259062550964,-1.5689597509711735,1.1757872256627362,258.10843949354955,0.0,1,Decay at rest,
849,20,muon_plus,Muon+,-13,2,71,144.1260694217632,134.1427444342412,9.983324987522003,6.926800285038864,54.86737356350149,0.9985745631063696,0.0011637214473189672,0.0002617154463113145,0.9997382845536886,99.97382845536886,-22.300087346429617,29.25362794546069,-0.8614926309269082,0.9018191097784556,258.10843949354944,0.0,1,Decay at rest,
850,6,muon_plus,Muon+,-13,2,73,142.65832384460066,139.72490806348068,2.933415781119985,2.0562528018451895,54.500908607270176,0.9993702322541015,0.0005503171507998977,7.945059509849282e-05,0.9999205494049014,99.99205494049014,-30.234401120477333,21.798461996842995,-0.4419748605317816,0.8713769195685993,258.10843949354944,0.0,1,Decay at rest,
853,4,muon_plus,Muon+,-13,2,71,135.45115206551006,128.22522149695175,7.225930568558301,5.334713258890207,50.87553737423213,0.9915172426410331,0.008397198645169784,8.555871379713321e-05,0.9999144412862029,99.99144412862029,-28.24088308014949,20.14269341393009,-2.076120081911615,2.700174635465251,258.1084394935495,0.0,1,Decay at rest,
854,7,muon_plus,Muon+,-13,2,69,105.52702227862217,93.02824300769186,12.49877927093032,11.844150437534275,35.860091271161224,0.9967441512797525,0.003225420891212509,3.0427829035116722e-05,0.9999695721709649,99.9969572170965,-13.982043605434383,19.17125096081425,-1.1387214528505982,0.9157511017278922,218.89060829677777,0.0,1,Decay at rest,
855,2024,muon_plus,Muon+,-13,9,11,4.119812659938304,3.2883109808042272,0.8315016791340766,20.18299732945936,0.14832480688445304,0.9987949596627848,0.001176712288824531,2.8328048390749392e-05,0.9999716719516093,99.99716719516093,-0.05379800019888211,0.07999937749403134,-0.001969705511033976,0.0023576219859086237,109.7781841599383,0.0,1,Decay at rest,
856,4,muon_plus,Muon+,-13,2,72,141.05908906745242,125.99985381624927,15.059235251203148,10.675834751776994,54.40259681580904,0.997337371500388,0.002558688283118779,0.00010394021649307478,0.9998960597835068,99.98960597835068,-21.701722762676614,29.82733084745922,-1.5713026025464294,1.0946978374783258,258.1084394935495,0.0,1,Decay at rest,
857,6,muon_plus,Muon+,-13,2,71,142.85844690321946,131.31089910370568,11.547547799513772,8.083209673514613,55.20901641535599,0.999433753460988,0.0004663049424353973,9.994159657658885e-05,0.9999000584034233,99.99000584034233,-22.154071289042175,29.556535231478456,-0.5165017108349802,0.7205233275249988,258.1084394935494,0.0,1,Decay at rest,
858,486,muon_plus,Muon+,-13,2,70,146.31533921377806,138.51696741302885,7.798371800749208,5.329838855347341,56.266713830252264,0.9990081834276617,0.0008307988264434216,0.0001610177458949627,0.9998389822541052,99.98389822541051,-31.862531258818663,22.800986156624962,-1.2253529189752006,0.5725287932167057,258.10843949354944,0.0,1,Decay at rest,
859,4,muon_plus,Muon+,-13,2,76,137.73649332629196,132.68690303918825,5.049590287103698,3.666123744809904,52.52672624391638,0.9956770143033934,0.004300405004957624,2.258069164894631e-05,0.999977419308351,99.9977419308351,-30.62763564550723,20.948896458832696,-1.4920728637499736,1.4742244249326555,258.10843949354944,0.0,1,Decay at rest,
860,14,muon_plus,Muon+,-13,5,12,4.1198126599383045,3.315176040717213,0.8046366192210915,19.530903117161188,0.15131208749594394,0.9972267967601777,0.0026433968790772317,0.0001298063607451949,0.9998701936392549,99.98701936392548,-0.054014999146205174,0.0814819553321487,-0.004942306124965694,0.003154902803195347,109.7781841599383,0.0,1,Decay at rest,
861,7033,muon_plus,Muon+,-13,2,71,143.54324983751172,133.07905667962405,10.464193157887674,7.289923538538346,54.79210210055701,0.998274631871203,0.0013962899180791413,0.00032907821071798766,0.9996709217892822,99.96709217892821,-21.834320542065676,29.098974485413496,-1.0365605661789472,1.0494303261905094,258.10843949354944,0.0,1,Decay at rest,
862,4,muon_plus,Muon+,-13,2,68,146.29123351592239,135.75038924367476,10.540844272247616,7.205383411508624,57.452048830507934,0.9968519154763942,0.003069897750749776,7.818677285606865e-05,0.9999218132271439,99.99218132271439,-23.124369160042335,30.98756637723135,-1.2867614474103575,1.4138501954100706,258.1084394935494,0.0,1,Decay at rest,
863,355,muon_plus,Muon+,-13,353,11,4.1198126599383045,3.368176429920279,0.7516362300180253,18.244427406300588,0.15020277567308646,0.9915157811131642,0.008304604784712616,0.00017961410212328482,0.9998203858978768,99.98203858978768,-0.05245809179548362,0.08034293919468681,-0.0059656552646963025,0.005434185731985335,109.7781841599383,0.0,1,Decay at rest,
863,2562,muon_plus,Muon+,-13,351,13,4.1198126599383045,3.4040699104636527,0.7157427494746518,17.373186806153708,0.15590271753976512,0.9990941595586587,0.0008973504603009805,8.489981040360047e-06,0.9999915100189596,99.99915100189595,-0.08840823031018671,0.053782814134536505,-0.0025386003777220756,0.0020849795274610386,109.7781841599383,0.0,1,Decay at rest,
864,157,muon_plus,Muon+,-13,145,10,4.119812659938304,3.4642505341864664,0.6555621257518374,15.912425633491178,0.13653299711577946,0.9988758288325209,0.0010765745479875501,4.759661949149009e-05,0.9999524033805085,99.99524033805085,-0.07405681486331199,0.04877593106627882,-0.002330954868555584,0.0019152439796275033,109.7781841599383,0.0,1,Decay at rest,
865,4,muon_plus,Muon+,-13,2,73,144.25882249101076,142.7687757120339,1.4900467789768634,1.0328981987009587,55.158982410167546,0.9972917130918112,0.0018539242160920113,0.0008543626920966922,0.9991456373079032,99.91456373079032,-29.306088098373472,22.258477136693397,-1.2172750474350187,1.486843435656418,258.10843949354955,0.0,1,Decay at rest,
866,32,muon_plus,Muon+,-13,13,11,4.119812659938303,3.0966194275857584,1.0231932323525446,24.83591650421958,0.1468859535015677,0.9994256989531524,0.0005651525913733099,9.148455474279408e-06,0.9999908515445257,99.99908515445257,-0.08136966620318326,0.05054723778504482,-0.002026075714670976,0.0010732204990785681,109.7781841599383,0.0,1,Decay at rest,
867,8,muon_plus,Muon+,-13,2,74,146.09283026407826,131.80913851653168,14.283691747546595,9.777133978257051,56.12580798248394,0.998977814070679,0.0008090592892553575,0.00021312664006570053,0.9997868733599343,99.97868733599343,-22.94579371430253,29.24003513650059,-0.911268512845723,0.9419625208044264,258.10843949354955,0.0,1,Decay at rest,
868,4,muon_plus,Muon+,-13,2,76,137.8552621447554,125.35063573969933,12.504626405056062,9.070837203098955,52.58882512185246,0.9916184796522893,0.008355761517877664,2.5758829832877455e-05,0.999974241170167,99.99742411701669,-27.88617079916077,20.79803316616174,-2.011758017765121,2.444986235266655,258.1084394935495,0.0,1,Decay at rest,
869,422,muon_plus,Muon+,-13,2,80,139.04114389728608,134.855553144616,4.1855907526700795,3.010325314758704,52.900264808795185,0.9955269111021171,0.004422142128480205,5.0946769402764946e-05,0.9999490532305974,99.99490532305974,-30.361007330178957,21.277802242113015,-2.1786263228791096,1.3490782371769177,258.10843949354944,0.0,1,Decay at rest,
870,4,muon_plus,Muon+,-13,2,74,143.12792039641914,139.1918194309757,3.9361009654434516,2.7500580980578038,54.83362179397942,0.9996639587139965,0.00021831338622421695,0.00011772789977909302,0.9998822721002207,99.98822721002207,-31.91162614356131,22.09619089731249,-0.42131744739549654,0.5622277129460885,258.1084394935495,0.0,1,Decay at rest,
871,108,muon_plus,Muon+,-13,106,11,4.119812659938304,3.4957757912320293,0.6240368687062745,15.147214696787204,0.14728049949702254,0.9975166939519367,0.002114301031245047,0.0003690050168183284,0.9996309949831816,99.96309949831816,-0.08181776472018663,0.04944796391324025,-0.0023195814670732727,0.0030540357858346735,109.7781841599383,0.0,1,Decay at rest,
871,2167,muon_plus,Muon+,-13,104,13,4.1198126599383045,3.382277063107766,0.7375355968305387,17.90216346491793,0.15863663370501324,0.9991523074175178,0.0006603783803167402,0.00018731420216539752,0.9998126857978346,99.98126857978346,-0.05730111828831734,0.08633150603797816,-0.0023908267565003467,0.001831643389038792,109.7781841599383,0.0,1,Decay at rest,
872,8,muon_plus,Muon+,-13,2,54,67.79718419363691,63.666051337185074,4.131132856451833,6.09336937158455,18.334105298989485,0.998014736966136,0.0014671747628095598,0.0005180882710545144,0.9994819117289455,99.94819117289455,-10.79089004054891,6.877023318685999,-0.5222328042304601,0.3253719231939843,174.455112087672,0.0,1,Decay at rest,
873,4,muon_plus,Muon+,-13,2,72,141.55027101394614,134.5773305455382,6.972940468407948,4.926123008073184,53.787680077568645,0.9985495781272838,0.0014336422347087112,1.6779638007365438e-05,0.9999832203619926,99.99832203619926,-30.426648016705062,21.623239171408333,-0.9715343968284788,1.186181185620311,258.10843949354944,0.0,1,Decay at rest,
874,7,muon_plus,Muon+,-13,2,75,142.38841966064646,126.34168851657874,16.046731144067724,11.269688351280118,53.403950592019314,0.9953504352714814,0.004303529266942751,0.00034603546157590225,0.9996539645384241,99.96539645384242,-21.29538300334029,28.00512798436436,-1.8280924073944336,1.2642669087214446,258.1084394935494,0.0,1,Decay at rest,
875,8,muon_plus,Muon+,-13,2,67,143.33857460622886,137.60134589585925,5.737228710369598,4.002571342801872,53.76735425055781,0.9990097673439865,0.0009814792253050727,8.753430708473558e-06,0.9999912465692916,99.99912465692915,-28.832379499038552,21.79183400624758,-0.8473834467674237,0.8563663869965819,258.1084394935494,0.0,1,Decay at rest,
876,5,muon_plus,Muon+,-13,2,72,141.85268179466414,128.59863743630157,13.254044358362561,9.343527517899291,54.24362990114424,0.9949363544702607,0.004991613385428034,7.203214431133501e-05,0.9999279678556888,99.99279678556888,-21.673560497470604,28.519198339779276,-1.7498626388809373,1.862243694441549,258.10843949354944,0.0,1,Decay at rest,
878,200,muon_plus,Muon+,-13,2,77,141.68738810279254,137.6543265884394,4.033061514353131,2.8464506039360344,54.21250080967571,0.9982925527897302,0.0010474244308149845,0.00066002277945491,0.9993399772205451,99.93399772205451,-31.559967689119784,21.51485570442912,-0.597373882165269,0.9870539447271178,258.10843949354944,0.0,1,Decay at rest,
879,10,muon_plus,Muon+,-13,2,74,138.26488564746947,126.1113610346462,12.153524612823274,8.79002977213666,51.95703184702897,0.9996904966127708,0.000249637315817441,5.986607141168093e-05,0.9999401339285882,99.99401339285882,-20.701108888131568,29.669678519134607,-0.8864802912858085,0.35423584532718244,258.1084394935495,0.0,1,Decay at rest,
880,4,muon_plus,Muon+,-13,2,74,140.85541103016365,130.02509900634848,10.83031202381516,7.688957026646205,54.02171275517145,0.9970367969800324,0.002854773335327622,0.00010842968463972371,0.99989157031536,99.989157031536,-21.550856255217234,30.344012795598932,-2.1815751324566346,1.3315597882404466,258.10843949354944,0.0,1,Decay at rest,
881,791,muon_plus,Muon+,-13,776,11,4.119812659938304,3.514386296157669,0.6054263637806344,14.695482871536711,0.15294478670603362,0.9933579772596532,0.006431981021610727,0.0002100417187360321,0.9997899582812639,99.97899582812639,-0.052350828226928936,0.08311323422065482,-0.004994926824088902,0.005374025931027099,109.7781841599383,0.0,1,Decay at rest,
882,13,muon_plus,Muon+,-13,11,12,4.1198126599383045,3.1919526247768855,0.9278600351614191,22.521898730592138,0.1435302548453994,0.9938742457075687,0.006050097579335831,7.565671309545242e-05,0.9999243432869045,99.99243432869045,-0.042073591516797945,0.0775760009523911,-0.0032672181222765,0.00554535681420885,109.7781841599383,0.0,1,Decay at rest,
882,1639,muon_plus,Muon+,-13,9,12,4.1198126599383045,3.4416780559702294,0.6781346039680751,16.460326231878476,0.1557435119977599,0.9996423017305268,0.0003350387329969539,2.2659536476253525e-05,0.9999773404635238,99.99773404635238,-0.08897444147064563,0.05325091050477387,-0.0011085568129874355,0.001318305389661786,109.7781841599383,0.0,1,Decay at rest,
883,10,muon_plus,Muon+,-13,2,74,142.17856066675532,135.12751853233397,7.0510421344213645,4.959286478464164,54.60344214294168,0.9963208933453965,0.0035070452869679644,0.00017206136763564064,0.9998279386323645,99.98279386323645,-30.492033056314703,22.114947594987356,-1.4487401930673034,2.236549511194138,258.10843949354944,0.0,1,Decay at rest,
884,7,muon_plus,Muon+,-13,5,12,4.119812659938304,3.1287458460536137,0.9910668138846898,24.056113607348628,0.14562628565787752,0.9994851041022301,0.0004522089979294685,6.268689984039437e-05,0.9999373131001595,99.99373131001596,-0.08060705607056201,0.0502919755251354,-0.001142688589618627,0.001623242970226667,109.7781841599383,0.0,1,Decay at rest,
884,1090,muon_plus,Muon+,-13,3,11,4.1198126599383045,3.5859889146536723,0.5338237452846322,12.957476209430997,0.150973767554858,0.9981759258826653,0.0017816590790014546,4.241503833312699e-05,0.9999575849616668,99.99575849616667,-0.08548498457918999,0.051812193168925845,-0.0023838838262571476,0.0029714306094224463,109.7781841599383,0.0,1,Decay at rest,
885,309,muon_plus,Muon+,-13,307,12,4.1198126599383045,3.598162454212103,0.5216502057262017,12.661988512215835,0.1364797675193082,0.9980941846576873,0.0018428769086384358,6.293843367419532e-05,0.9999370615663258,99.99370615663258,-0.07577566339960115,0.04788744819160251,-0.002309781309409576,0.0025180710688964673,109.7781841599383,0.0,1,Decay at rest,
885,1917,muon_plus,Muon+,-13,305,14,4.119812659938304,3.1884776754631465,0.9313349844751573,22.60624599588236,0.14466616990827008,0.9973922528814199,0.002586162912347106,2.1584206232953832e-05,0.999978415793767,99.9978415793767,-0.08004458626270548,0.0494146088420201,-0.0029750253623267455,0.003249547178959279,109.7781841599383,0.0,1,Decay at rest,
886,6,muon_plus,Muon+,-13,2,75,140.1018514113578,130.74623165041382,9.355619760943997,6.67772742950744,51.99620844481753,0.996254650062015,0.0035558966941005164,0.00018945324388449484,0.9998105467561155,99.98105467561155,-19.70744392413548,28.200984178958073,-1.2584371305213713,2.426738610649987,258.1084394935495,0.0,1,Decay at rest,
887,17,muon_plus,Muon+,-13,5,13,4.119035980526012,3.4231819106982893,0.6958540698277224,16.893614746692744,0.1523830333284881,0.9996032678421356,0.0003769450462773558,1.9787111587129597e-05,0.999980212888413,99.9980212888413,-0.05334851074152484,0.08402083829967678,-0.0015673135468727035,0.001253384440235652,109.7781841599383,0.0,1,Decay at rest,
888,7,muon_plus,Muon+,-13,2,72,143.45107674555038,130.89370420692475,12.557372538625625,8.75376666631757,54.34236154103361,0.9997007196918708,0.00021179757623113183,8.748273189805707e-05,0.9999125172681019,99.99125172681019,-22.25270323865338,30.43529736322981,-0.8089138021118241,0.30194550697690187,258.1084394935495,0.0,1,Decay at rest,
889,120,muon_plus,Muon+,-13,13,72,142.5969316836294,135.03554440539375,7.56138727823566,5.302629719278688,54.62180199867244,0.994041896872473,0.00586450952636962,9.359360115755053e-05,0.9999064063988427,99.99064063988426,-21.673268760043626,29.820448979852884,-1.4589404380044242,2.31148910524827,258.14517568879245,0.0,1,Decay at rest,
890,17,muon_plus,Muon+,-13,4,11,4.119812659938304,3.5685916720302973,0.5512209879080062,13.379758581456008,0.15143880390005315,0.9974053124774616,0.0025427706046312263,5.19169179072593e-05,0.9999480830820928,99.99480830820929,-0.08451437964444773,0.052834735993952636,-0.0036138295325722223,0.0036075356325321467,109.7781841599383,0.0,1,Decay at rest,
892,25,muon_plus,Muon+,-13,11,12,4.1198126599383045,3.8438424625882828,0.27597019735002176,6.69861035268906,0.15502305260157384,0.9961495590110833,0.003494301415895186,0.00035613957302163237,0.9996438604269785,99.96438604269785,-0.08840635570003284,0.05194909438922319,-0.003986282821169315,0.0039106408727700515,109.7781841599383,0.0,1,Decay at rest,
893,14,muon_plus,Muon+,-13,4,11,4.1198126599383045,3.941609400162803,0.1782032597755016,4.32551852438286,0.14909618198757685,0.9996251163572527,0.00031822704053851235,5.66566022088464e-05,0.9999433433977912,99.99433433977913,-0.082316878226163,0.053441121639142816,-0.0009008229628131747,0.0015700136149037365,109.7781841599383,0.0,1,Decay at rest,
894,3155,muon_plus,Muon+,-13,2,71,144.8230492343005,141.1191635780655,3.703885656235013,2.5575249767340003,55.16879820424008,0.9990975052186412,0.0006291477274305326,0.000273347053928373,0.9997266529460717,99.97266529460717,-31.651569163469304,22.056549201384307,-0.7203800100995514,0.5283770672248868,258.1084394935495,0.0,1,Decay at rest,
895,502,muon_plus,Muon+,-13,2,79,138.0672519060113,131.61589588049395,6.451356025517366,4.672618551073284,52.952067688794166,0.9984990077337801,0.001332936641696321,0.00016805562452374784,0.9998319443754764,99.98319443754764,-30.394796255505227,21.253246161360494,-0.8528408913710684,1.0282183104123774,258.10843949354944,0.0,1,Decay at rest,
896,120,muon_plus,Muon+,-13,7,68,142.7439754808068,137.73652644335723,5.0074490374495495,3.5079932589679386,53.588121110786645,0.9967027997069497,0.0031194956008102365,0.0001777046922401349,0.99982229530776,99.982229530776,-28.557982137297405,21.161548955798345,-2.0899666257060927,1.0651860206275567,258.14517568879245,0.0,1,Decay at rest,
897,4,muon_plus,Muon+,-13,2,72,143.0614912993579,135.9096579528508,7.15183334650708,4.999132388143349,55.81981024314952,0.9974823905033211,0.0021244731085275055,0.0003931363881513464,0.9996068636118486,99.96068636118486,-30.284590047542913,22.333128704837794,-1.2847208800085939,0.9863884989890779,258.1084394935495,0.0,1,Decay at rest,
898,4,muon_plus,Muon+,-13,2,75,142.55020126714663,137.79536498920174,4.754836277944903,3.3355521322864266,54.19157355608254,0.9983772509538859,0.0014712765055226223,0.00015147254059143066,0.9998485274594084,99.98485274594084,-31.2006710947814,21.51215354328226,-1.2125770682821757,1.023458096908762,258.10843949354944,0.0,1,Decay at rest,
899,4,muon_plus,Muon+,-13,2,78,140.90408460749737,139.3581723686599,1.545912238837463,1.097137987975124,53.50910669113898,0.9967921910885577,0.002968098848248938,0.00023971006319343664,0.9997602899368065,99.97602899368066,-31.107831136120037,21.03641988919623,-1.0974927195243411,1.9936432274483895,258.1084394935494,0.0,1,Decay at rest,
900,20,muon_plus,Muon+,-13,4,12,4.119812659938304,3.7583560779875427,0.3614565819507607,8.773616952674097,0.15540883701870953,0.9956262867691833,0.0030169631635817255,0.001356750067234904,0.998643249932765,99.8643249932765,-0.053452982972696544,0.08459238062579026,-0.004091288365220455,0.0036138941893460977,109.7781841599383,0.0,1,Decay at rest,
901,16,muon_plus,Muon+,-13,4,11,4.1198126599383045,3.328207049178351,0.7916056107599534,19.21460212153938,0.15342649939694764,0.9978839092062914,0.0020086448914804203,0.00010744590222795153,0.9998925540977719,99.98925540977719,-0.053975133688022855,0.08375864165387698,-0.0023025691215129824,0.003367868865033746,109.7781841599383,0.0,1,Decay at rest,
902,11,muon_plus,Muon+,-13,2,71,142.4047136977197,137.86304532381993,4.541668373899769,3.1892682875233325,54.32279995630822,0.9982456999111644,0.0016834243917991844,7.087569703623564e-05,0.9999291243029635,99.99291243029636,-31.203439970697605,21.978633652914983,-0.9308237959664062,1.2872715926342113,258.1084394935495,0.0,1,Decay at rest,
903,11,muon_plus,Muon+,-13,2,80,136.52848182504061,128.27117459560435,8.257307229436268,6.048047351773746,52.355059823807345,0.9993230904857217,0.0005600125289225131,0.00011689698535597182,0.9998831030146441,99.98831030146441,-30.524802909525487,21.095550577859548,-0.5511966292692448,0.6757331961057547,258.10843949354944,0.0,1,Decay at rest,
904,1987,muon_plus,Muon+,-13,2,76,140.92323660219554,127.06513998263887,13.85809661955667,9.83379104375521,55.1777964342465,0.9989215816446718,0.0008914671897111207,0.0001869511656168886,0.9998130488343829,99.9813048834383,-22.00530915984406,29.509844760750873,-0.9202509186568276,0.8694398911962679,258.10843949354944,0.0,1,Decay at rest,
905,431,muon_plus,Muon+,-13,2,71,142.78503394515351,141.20826774103904,1.5767662041144808,1.1042937488253475,53.674458630148216,0.9990603156843308,0.0007583663981731284,0.0001813179174960175,0.999818682082504,99.9818682082504,-29.30515053859032,21.493364274637806,-0.6168552623796714,1.006599313867539,258.10843949354944,0.0,1,Decay at rest,
907,4,muon_plus,Muon+,-13,2,77,136.25528875061968,130.71647170684264,5.538817043777049,4.065029030846966,51.68898020214585,0.9992776911050208,0.0005818591129602599,0.0001404497820188565,0.9998595502179811,99.9859550217981,-30.101469763721845,20.8128556780584,-0.8401573124533763,0.5560582705767783,258.1084394935494,0.0,1,Decay at rest,
908,15,muon_plus,Muon+,-13,4,13,4.1198126599383045,3.876147521367297,0.2436651385710075,5.914471328768053,0.1519676000287871,0.9981867256513312,0.001785319334961836,2.795501370684704e-05,0.999972044986293,99.9972044986293,-0.08505920976332239,0.05265202822540833,-0.0027857190802391078,0.0035958523942817055,109.7781841599383,0.0,1,Decay at rest,
909,722,muon_plus,Muon+,-13,520,14,4.119812659938304,3.2888133308691385,0.8309993290691653,20.170803812268737,0.15124322697928996,0.9995139434499863,0.00045183879923651094,3.42177507771274e-05,0.9999657822492228,99.99657822492229,-0.05382599871144151,0.0825818369947902,-0.0018383492321013652,0.00116777892648146,109.7781841599383,0.0,1,Decay at rest,
910,4,muon_plus,Muon+,-13,2,79,138.21523736029658,131.7887373018718,6.426500058424768,4.6496321108737835,52.47119247825031,0.9974168102183508,0.0025053308672666457,7.785891438246285e-05,0.9999221410856175,99.99221410856175,-20.819224168883288,29.468161547655463,-1.0652307591403185,1.2998245833599218,258.10843949354944,0.0,1,Decay at rest,
911,13,muon_plus,Muon+,-13,2,76,137.25757489754608,125.41707405342966,11.840500844116416,8.626482620689304,50.848345004369186,0.9979675597779176,0.0019956663474793666,3.677387460298047e-05,0.999963226125397,99.9963226125397,-20.470153317906465,28.36974018176662,-2.121470142943039,0.9621259025899375,258.10843949354944,0.0,1,Decay at rest,
912,537,muon_plus,Muon+,-13,2,71,144.2825081917282,139.19991468894636,5.082593502781819,3.5226678316597266,56.09555585282751,0.9831271846116514,0.016756249370843714,0.00011656601750500071,0.9998834339824951,99.98834339824951,-21.48564704152719,30.05691627380445,-2.8319145028140817,3.4217113519303735,258.10843949354944,0.0,1,Decay at rest,
913,551,muon_plus,Muon+,-13,2,77,139.3601704228459,128.609265884355,10.750904538490893,7.714474304868138,53.71976792407832,0.9975671069102,0.002356908142618256,7.598494718189597e-05,0.9999240150528182,99.99240150528182,-21.760119673602542,29.41413936222025,-1.2363702391979459,1.2957657062594257,258.10843949354944,0.0,1,Decay at rest,
914,384,muon_plus,Muon+,-13,187,11,4.119812659938304,3.170500020630356,0.9493126393079475,23.04261668350143,0.14609123187572348,0.9995664321220644,0.00033585056708291557,9.771731085276811e-05,0.9999022826891474,99.99022826891473,-0.08128831985107665,0.05003511416494136,-0.0011173282973253632,0.001354221951841375,109.7781841599383,0.0,1,Decay at rest,
915,4,muon_plus,Muon+,-13,2,44,35.328402422356504,32.0386699184455,3.289732503911005,9.31186319885554,6.456694976784767,0.9978951134700618,0.0019622151414710226,0.0001426713884671596,0.9998573286115328,99.98573286115328,-2.328517317617981,3.662708679603715,-0.09998292531291672,0.14293050953753408,141.26299657729643,0.0,1,Decay at rest,
916,8,muon_plus,Muon+,-13,2,76,144.33401711602644,128.6357934237902,15.698223692236233,10.876315927392799,54.9941876333271,0.9933490666181855,0.006551844913731759,9.908846808275911e-05,0.9999009115319172,99.99009115319171,-21.98657218069632,28.672109271269182,-2.0758002726764055,2.2956103608524425,258.1084394935495,0.0,1,Decay at rest,
917,4,muon_plus,Muon+,-13,2,73,141.56888552224424,138.14912081944772,3.4197647027965212,2.4156188629875066,53.855118102926404,0.9923510848765513,0.007461364561010761,0.00018755056243785942,0.9998124494375621,99.98124494375621,-31.288297545989206,20.84510664207056,-1.5343005639591833,2.6213768391228887,258.1084394935495,0.0,1,Decay at rest,
918,14,muon_plus,Muon+,-13,2,83,133.84082005394086,128.45648305972043,5.384336994220429,4.022940827806061,49.514975668021776,0.9990222862927222,0.0007175500128857679,0.0002601636943920962,0.9997398363056079,99.9739836305608,-27.43596410342846,19.920497192695173,-1.0411760873810654,0.4533927535376123,258.1084394935495,0.0,1,Decay at rest,
919,5,muon_plus,Muon+,-13,2,77,138.99595361208756,133.85712387998362,5.138829732103942,3.697107432670653,53.531187096217884,0.9984602048395153,0.0014782099204156205,6.158524006896513e-05,0.9999384147599308,99.99384147599308,-21.334614895209146,30.3084170125195,-1.0464132565218565,1.4517463391485756,258.10843949354944,0.0,1,Decay at rest,
920,10,muon_plus,Muon+,-13,2,71,141.72776546269088,139.88767290258417,1.8400925601067253,1.2983289153677655,53.87414245021355,0.9968804224027051,0.002824262060033039,0.00029531553726170294,0.9997046844627382,99.97046844627381,-30.476917769975945,21.23851785088862,-1.0517550721675728,1.533184745051925,258.10843949354955,0.0,1,Decay at rest,
922,1418,muon_plus,Muon+,-13,1414,11,4.119812659938304,3.36661566867265,0.7531969912656535,18.28231168348643,0.15785259511323183,0.9993771871593554,0.000527235263984747,9.557757665989689e-05,0.9999044224233402,99.99044224233403,-0.09046338926096245,0.05335161738856211,-0.002066776124831538,0.0017488122539302282,109.7781841599383,0.0,1,Decay at rest,
923,659,muon_plus,Muon+,-13,2,71,142.94480875265646,137.4744340443927,5.470374708263775,3.826913866966236,54.50976965481678,0.9959676834645482,0.0039803540679111,5.196246754047056e-05,0.9999480375324593,99.99480375324593,-30.95017363179998,21.662819761026032,-2.0853930635326248,1.4254474056681081,258.10843949354944,0.0,1,Decay at rest,
924,4,muon_plus,Muon+,-13,2,78,138.14304049236966,132.45964350422037,5.6833969881492905,4.114139205198118,52.589689825896905,0.9955059638318466,0.004112767268160423,0.0003812688999928527,0.9996187311000071,99.96187311000071,-20.672391725674938,29.863289223242237,-1.6472630477111143,1.7071279587433668,258.10843949354944,0.0,1,Decay at rest,
925,1652,muon_plus,Muon+,-13,2,55,63.232626853379315,60.4827528108201,2.7498740425592123,4.348821454050112,16.39038877195513,0.9980619310178296,0.0018834499582253464,5.4619023945051156e-05,0.9999453809760549,99.99453809760548,-9.74806482541222,6.10234345637615,-0.4085540671611288,0.34508814313268993,173.09381634442752,0.0,1,Decay at rest,
926,7,muon_plus,Muon+,-13,2,72,144.71835076614343,136.1532444296132,8.56510633653021,5.9184659659167425,55.94895639555332,0.9977813547818272,0.002137366781478959,8.127843669378114e-05,0.9999187215633061,99.9918721563306,-22.262452214024677,31.533144663459947,-1.229347976064141,1.2805310676245278,258.10843949354955,0.0,1,Decay at rest,
927,377,muon_plus,Muon+,-13,2,76,139.20031358118405,121.05390919777804,18.146404383406015,13.03618067844561,52.664948548225794,0.9975016878409504,0.002411801811497225,8.651034755254914e-05,0.9999134896524476,99.99134896524477,-21.41573728908419,27.31917649076515,-1.3483384849912516,1.0960451210830013,258.10843949354944,0.0,1,Decay at rest,
928,13,muon_plus,Muon+,-13,2,75,139.0482107912132,126.2408751493152,12.807335641897986,9.210715886973004,51.76661024686811,0.9994856491126133,0.00047920101981300254,3.514986757369648e-05,0.9999648501324263,99.99648501324263,-21.071080319293028,28.85859682223615,-0.5494023806377807,0.6917799038319756,258.10843949354955,0.0,1,Decay at rest,
929,10,muon_plus,Muon+,-13,2,74,137.78122825610546,126.71268674531792,11.068541510787535,8.033417651215528,52.05859899981729,0.9982455364266697,0.001609560782307139,0.00014490279102312865,0.9998550972089768,99.98550972089768,-20.842273671136166,28.27210401188226,-1.1346847053984912,0.9110461525377638,258.10843949354944,0.0,1,Decay at rest,
931,4,muon_plus,Muon+,-13,2,71,141.3688309749381,130.10120579520273,11.267625179735365,7.970374446778082,53.71265615401825,0.993281359416428,0.005597071244695817,0.0011215693388762402,0.9988784306611238,99.88784306611238,-21.164111157038825,28.37110926089941,-1.5685339192196246,2.0592312994985993,258.1084394935495,0.0,1,Decay at rest,
934,214,muon_plus,Muon+,-13,5,70,144.04503547551957,136.23668742165705,7.808348053862514,5.420768600657217,54.355805177398665,0.9996986697291936,0.0002422277634134321,5.91025073928015e-05,0.9999408974926071,99.99408974926071,-30.68900469586774,21.83187788998444,-0.4046190968808215,0.41663477202237625,258.14517568879245,0.0,1,Decay at rest,
935,6,muon_plus,Muon+,-13,2,70,145.46181202588375,142.02855348020088,3.433258545682866,2.3602473376805904,55.2027673311798,0.9982976702953071,0.0013263590319878968,0.0003759706727047874,0.999624029327295,99.9624029327295,-31.466360118741107,22.14134485809471,-0.9885714866151434,0.9844960966246393,258.1084394935495,0.0,1,Decay at rest,
936,11,muon_plus,Muon+,-13,2,71,141.26814236402623,130.134340582376,11.133801781650213,7.88132525517333,53.83853588795365,0.9986622833423392,0.0013053991360091192,3.2317521651628614e-05,0.9999676824783483,99.99676824783484,-21.866631622430646,28.759703537676305,-0.9048180098346694,1.3628781783449821,258.1084394935495,0.0,1,Decay at rest,
937,18,muon_plus,Muon+,-13,6,14,4.1198126599383045,3.6474116260584264,0.4724010338798783,11.466565906590342,0.14663420496205692,0.998316366548755,0.0013221906384152575,0.00036144281282969696,0.9996385571871702,99.96385571871701,-0.05378149503216843,0.07821278650200097,-0.0024259678428021915,0.0022365827457754904,109.7781841599383,0.0,1,Decay at rest,
938,6,muon_plus,Muon+,-13,2,76,137.86281785117185,125.00875892652968,12.85405892464217,9.323803999508131,53.21593748479897,0.9984156499097305,0.0015533426927099876,3.100739755936593e-05,0.9999689926024405,99.99689926024405,-21.141896063750032,28.238798437800952,-0.9552427267509621,0.95126186284727,258.1084394935495,0.0,1,Decay at rest,
939,4,muon_plus,Muon+,-13,2,74,139.39563610961844,132.00604360048496,7.389592509133469,5.301164882466201,53.142534844550596,0.9976560242928053,0.0022995154651152634,4.446024207934157e-05,0.9999555397579206,99.99555397579206,-21.25653223049315,29.882217673509853,-1.3231490458745836,1.296801997943924,258.10843949354955,0.0,1,Decay at rest,
941,538,muon_plus,Muon+,-13,11,10,4.1198126599383045,3.17522301185841,0.9445896480798942,22.92797576125803,0.1461895512004041,0.9989845762943217,0.0009398599682846429,7.556373739363759e-05,0.9999244362626063,99.99244362626062,-0.08094349513372612,0.04993556396132951,-0.0020823479532400906,0.0018135845367583973,109.7781841599383,0.0,1,Decay at rest,
942,833,muon_plus,Muon+,-13,393,41,28.199157641050046,24.922668178216178,3.27648946283387,11.619104033321275,4.582506963812991,0.9996155796801074,0.00036981676398439086,1.460355590816083e-05,0.9999853964440918,99.99853964440918,-1.6531671521263698,2.62236644902215,-0.04862548985891656,0.042006340596009606,134.2093230567161,0.0,1,Decay at rest,
943,5,muon_plus,Muon+,-13,2,58,71.65385684469419,65.76337809598394,5.890478748710246,8.22074206204634,19.873626498049287,0.9996123401373985,0.0003695020353496991,1.8157827251713524e-05,0.9999818421727482,99.99818421727483,-11.102941161963704,7.648170181151515,-0.21494903978934612,0.27120953838761974,179.9881148035064,0.0,1,Decay at rest,
944,4,muon_plus,Muon+,-13,2,67,147.4178488221629,140.54444963195152,6.873399190211387,4.662528482899715,57.29306803818359,0.9986009459173623,0.001233129688767211,0.00016592439387056818,0.9998340756061295,99.98340756061295,-33.28664069305693,23.205958184006626,-1.136689242806243,0.7453267664912792,258.10843949354955,0.0,1,Decay at rest,
945,1298,muon_plus,Muon+,-13,1293,12,4.119812659938304,3.4479174820728633,0.6718951778654402,16.30887696421376,0.15424352756411286,0.9976758340967173,0.0021667699121627674,0.00015739599112004,0.9998426040088801,99.98426040088802,-0.0538129987456463,0.08470004396294094,-0.004403725222324964,0.003070511149221206,109.7781841599383,0.0,1,Decay at rest,
946,4,muon_plus,Muon+,-13,2,74,141.43606426461693,138.69363174535107,2.742432519265873,1.9389909734302098,54.08024614008299,0.9901692448814872,0.009736682597022083,9.407252149069849e-05,0.9999059274785093,99.99059274785093,-31.20267417984735,21.115836397238343,-2.295789977139075,2.6528333946745324,258.10843949354944,0.0,1,Decay at rest,
947,5,muon_plus,Muon+,-13,2,73,142.81503236296817,136.5588146917315,6.256217671236677,4.380643667353122,55.19631906564541,0.9979105629228757,0.0019185879242350702,0.0001708491528892626,0.9998291508471108,99.98291508471108,-22.175567718232504,30.168877609073334,-1.1712790844811392,1.6449168763994049,258.1084394935494,0.0,1,Decay at rest,
948,366,muon_plus,Muon+,-13,350,11,4.1198126599383045,3.236136944506069,0.8836757154322352,21.44941501892148,0.1447620253715246,0.9972500854671627,0.002679426646201624,7.048788663577933e-05,0.9999295121133642,99.99295121133642,-0.05109249806583782,0.07770444777420907,-0.0026193612282098535,0.0036363755014462732,109.7781841599383,0.0,1,Decay at rest,
949,16,muon_plus,Muon+,-13,5,12,4.1198126599383045,3.347584299008209,0.7722283609300953,18.744259136813753,0.1488403413514749,0.9962410087259266,0.0037256865418262538,3.330473224728073e-05,0.9999666952677528,99.99666952677528,-0.053022780281841965,0.07974564855227648,-0.005293627114722165,0.0032983924744406008,109.7781841599383,0.0,1,Decay at rest,
951,4,muon_plus,Muon+,-13,2,75,139.1317768766989,124.20639112854715,14.925385748151736,10.727517525618094,52.39604404987886,0.9985213231687574,0.0014235832921222534,5.509353912017987e-05,0.9999449064608796,99.99449064608797,-21.177457079270688,27.59743061064753,-0.7193561471930114,1.0164701685506494,258.10843949354944,0.0,1,Decay at rest,
952,11,muon_plus,Muon+,-13,2,56,65.0380884156474,59.619376236417935,5.418712179229463,8.331598162294364,16.929288126638564,0.998577609298844,0.0011689820232140102,0.00025340867794195686,0.999746591322058,99.9746591322058,-9.551212686827128,6.356148003796142,-0.29032371221760706,0.22669905357730538,173.65143165461882,0.0,1,Decay at rest,
953,12,muon_plus,Muon+,-13,2,73,144.4206751584902,138.29428333824228,6.126391820247924,4.242046239933926,54.86269960147532,0.9996257647282902,0.0003510631209472626,2.317215076243833e-05,0.9999768278492375,99.99768278492375,-22.328133040741726,30.846492158664937,-0.4810525554181004,0.6652632109917979,258.10843949354944,0.0,1,Decay at rest,
954,8,muon_plus,Muon+,-13,2,74,140.94537548420394,135.28802160701187,5.657353877192063,4.013862716500475,54.02420263221911,0.9949220118211798,0.004891426034088121,0.00018656214473201406,0.9998134378552679,99.98134378552679,-21.172478508227137,29.124019019110055,-2.2760671481259456,1.581155892814115,258.10843949354944,0.0,1,Decay at rest,
955,10,muon_plus,Muon+,-13,2,78,135.7968847939642,121.86766115364489,13.929223640319314,10.257395566513342,52.22332439577919,0.9996684904803362,0.00023459376223187642,9.691575743201823e-05,0.9999030842425681,99.99030842425681,-20.879062822866125,27.963620460737573,-0.39160879997718434,0.5097307802341607,258.1084394935495,0.0,1,Decay at rest,
956,5,muon_plus,Muon+,-13,2,71,143.0482103130186,124.53718972769626,18.51102058532233,12.940406975254323,53.94505781475735,0.9991051312149658,0.000713884423652197,0.00018098436138196347,0.999819015638618,99.9819015638618,-21.564601945205343,28.57765928307057,-0.8298401983837604,0.6056581966937677,258.10843949354944,0.0,1,Decay at rest,
960,4,muon_plus,Muon+,-13,2,75,142.20406307999505,135.44581546066092,6.758247619334131,4.752499663481744,54.840635115812574,0.9938142349264427,0.0060653340144080645,0.0001204310591493755,0.9998795689408508,99.98795689408509,-30.526902993372463,21.7226389945357,-2.296569942252131,1.6069215909954544,258.10843949354944,0.0,1,Decay at rest,
963,10,muon_plus,Muon+,-13,7,13,4.1198126599383045,3.1430229320283387,0.9767897279099658,23.70956663657113,0.14699559526547257,0.9971405178480857,0.0022566349066434465,0.0006028472452708844,0.9993971527547291,99.9397152754729,-0.08106406598412284,0.04991177476375029,-0.003048840836414692,0.0032744557776052596,109.7781841599383,0.0,1,Decay at rest,
963,1081,muon_plus,Muon+,-13,5,12,4.119812659938304,3.229957141316179,0.8898555186221249,21.599417062703306,0.14311761684373167,0.9987830809386563,0.0011856382467536114,3.12808145901511e-05,0.99996871918541,99.996871918541,-0.052307300318922036,0.07632360328900097,-0.0023163820497551653,0.001865939032233368,109.7781841599383,0.0,1,Decay at rest,
964,9,muon_plus,Muon+,-13,2,80,136.89801700130812,120.4018979316444,16.496119069663724,12.049932812033425,51.38412755771547,0.9957706728500599,0.004081082151845024,0.00014824499809498422,0.9998517550019049,99.9851755001905,-19.749212727325354,26.762783086590588,-2.3107671351153396,1.4721448341076662,258.1084394935495,0.0,1,Decay at rest,
965,925,muon_plus,Muon+,-13,2,73,136.91736685103757,134.14370265309745,2.773664197940116,2.0257942887243723,51.19811052780837,0.9975653272004532,0.00210227043100214,0.0003324023685446893,0.9996675976314553,99.96675976314553,-20.558878017563284,28.423774132676755,-1.1041117151798683,1.2671044772423008,258.10843949354944,0.0,1,Decay at rest,
966,11,muon_plus,Muon+,-13,2,74,134.4879966982734,126.47330201585876,8.014694682414648,5.959412645870382,50.618025977220384,0.9939951008597568,0.005465527065552781,0.000539372074690476,0.9994606279253097,99.94606279253097,-19.920369804476348,28.204406804511688,-2.0530550399124645,1.5205564094546533,258.1084394935494,0.0,1,Decay at rest,
967,7,muon_plus,Muon+,-13,5,11,4.119812659938304,3.6973649866175204,0.422447673320783,10.25405056469508,0.14817308018116565,0.9968009577465892,0.0030835219257740873,0.00011552032763675103,0.9998844796723633,99.98844796723633,-0.05155902415346529,0.08052627021844708,-0.003667808623590859,0.003688409689490491,109.7781841599383,0.0,1,Decay at rest,
967,1495,muon_plus,Muon+,-13,3,14,4.1198126599383045,3.714138844038838,0.4056738158994663,9.84689958949593,0.1519066567158391,0.9995675393644197,0.00030959320987662204,0.00012286742570373038,0.9998771325742963,99.98771325742963,-0.08512047237302493,0.054308714910676396,-0.0014645247316419372,0.001099668623387636,109.7781841599383,0.0,1,Decay at rest,
968,4,muon_plus,Muon+,-13,2,73,137.70601412438546,133.1157873592001,4.590226765185356,3.3333524279042384,52.64148191008958,0.9984269014755144,0.0014217924884782963,0.00015130603600745332,0.9998486939639927,99.98486939639926,-30.612794107959083,20.986113687055347,-0.8993151441800891,1.1030447032697495,258.1084394935494,0.0,1,Decay at rest,
969,6,muon_plus,Muon+,-13,2,72,138.82604812793824,134.96652186877762,3.859526259160613,2.7801167801043944,52.441656887815924,0.9911293371104245,0.00873984482868817,0.00013081806088736974,0.9998691819391127,99.98691819391127,-20.641243668040612,29.181037043068812,-2.000237543028831,2.653989992987858,258.1084394935494,0.0,1,Decay at rest,
970,21,muon_plus,Muon+,-13,7,10,4.1198126599383045,3.1828378904577748,0.9369747694805297,22.743140206151054,0.14593007599080918,0.9901177955347717,0.00972452253997664,0.00015768192525158697,0.9998423180747484,99.98423180747484,-0.08008609914275704,0.048105156588385205,-0.0064467879925934665,0.005396479457336495,109.7781841599383,0.0,1,Decay at rest,
971,6,muon_plus,Muon+,-13,2,72,139.92773185247228,135.65876271220992,4.268969140262359,3.0508385176736748,52.74326250217351,0.9985769341540788,0.0013824331235051,4.0632722416050774e-05,0.9999593672775838,99.99593672775838,-30.431204289772577,20.973420042241326,-1.5351970701445177,0.8127284968667471,258.1084394935495,0.0,1,Decay at rest,
972,7,muon_plus,Muon+,-13,5,12,4.1198126599383045,3.7067162229210133,0.4130964370172912,10.027068488679227,0.15083911141499984,0.9908234231106707,0.009089463127713552,8.711376161569876e-05,0.9999128862383843,99.99128862383843,-0.08257870321658718,0.0529933153183928,-0.007553125340093841,0.005469697983198948,109.7781841599383,0.0,1,Decay at rest,
973,14,muon_plus,Muon+,-13,6,12,4.119812659938304,3.6494151564190433,0.4703975035192601,11.417934317583862,0.1435349328651425,0.9995972808466433,0.0003790156667333308,2.3703486623331525e-05,0.9999762965133767,99.99762965133768,-0.05167442685608157,0.07760547336134709,-0.0013989559770789155,0.00143707615191019,109.7781841599383,0.0,1,Decay at rest,
974,735,muon_plus,Muon+,-13,2,70,142.39689410976501,130.50009561120694,11.896798498558057,8.354675551692544,55.29536163484883,0.9997159396544282,0.0002314828554892592,5.2577490082622035e-05,0.9999474225099174,99.99474225099175,-30.492630786216147,22.342277077254398,-0.4862135420834428,0.37846775214622286,258.1084394935495,0.0,1,Decay at rest,
975,10,muon_plus,Muon+,-13,2,76,143.17417901647352,139.42908758016188,3.7450914363116423,2.61575897416582,54.212114381851165,0.9968421927126466,0.0028552444706489467,0.00030256281670431565,0.9996974371832956,99.96974371832957,-21.73496771225615,29.198841446542055,-1.4142035848754857,1.2656714881079103,258.10843949354944,0.0,1,Decay at rest,
976,3,muon_plus,Muon+,-13,2,53,52.579573659111134,47.117503532099235,5.4620701270119,10.388197824547056,12.616287205900981,0.9958300501304685,0.004083661562093215,8.628830743836196e-05,0.9999137116925617,99.99137116925617,-4.628688655418538,7.009435379350125,-0.4375765692609937,0.33342369550211215,159.21806814363975,0.0,1,Decay at rest,
977,233,muon_plus,Muon+,-13,2,68,140.2291049495816,128.18110465223592,12.04800029734567,8.591654565346792,52.166555243346636,0.9981066259736847,0.0017227962325493972,0.00017057779376597766,0.9998294222062342,99.98294222062341,-28.25643930836219,20.94388182027924,-0.8284255929958074,1.11609730890295,258.1084394935495,0.0,1,Decay at rest,
978,6,muon_plus,Muon+,-13,2,88,275.125951803906,272.26268807665343,2.8632637272525527,1.0407101578310298,127.12259766887297,0.9987533675759587,0.0011877587533212005,5.887367072017679e-05,0.9999411263292799,99.994112632928,-68.0413408083409,54.30409380748769,-1.8153870287224791,3.2910824317897847,401.3343080956506,0.0,1,Decay at rest,
979,15,muon_plus,Muon+,-13,2,74,137.7301776113279,130.43221802022234,7.297959591105554,5.29873678933332,52.66268100981925,0.9994823794195546,0.0004123670086034146,0.00010525357184183905,0.999894746428158,99.98947464281581,-21.315041552459792,28.832255781049025,-0.4173455514722026,0.8528781256746325,258.1084394935494,0.0,1,Decay at rest,
980,23,muon_plus,Muon+,-13,9,72,141.2656477659597,131.8999936928522,9.365654073107498,6.629817100774522,54.37294241852982,0.9975958872389729,0.0018734188949826858,0.0005306938660444522,0.9994693061339556,99.94693061339555,-21.78536706716448,30.007245202726402,-1.6996866112593598,1.2248874343771725,258.14517568879245,0.0,1,Decay at rest,
981,340,muon_plus,Muon+,-13,2,72,143.89761618451925,126.17283462731032,17.724781557208928,12.317633903316732,55.65198543294122,0.9988176080248962,0.0011569179988066057,2.5473976297303582e-05,0.9999745260237027,99.99745260237027,-22.350203779836203,29.582956706919198,-1.044981066366591,0.749703268103411,258.10843949354944,0.0,1,Decay at rest,
982,4,muon_plus,Muon+,-13,2,74,140.81097777774534,133.26156837669444,7.549409401050881,5.361378438097912,52.989318788558094,0.9985959314977892,0.0010880000593647982,0.000316068442845889,0.9996839315571541,99.9683931557154,-30.579231319242208,21.33836521325328,-0.8283480284052933,0.8815593979319967,258.1084394935495,0.0,1,Decay at rest,
983,17,muon_plus,Muon+,-13,14,13,4.1198126599383045,3.331518222913097,0.7882944370252074,19.13423017242275,0.14263776648495452,0.9996096082147412,0.00035407647874772976,3.631530651104461e-05,0.999963684693489,99.9963684693489,-0.050800264899448784,0.07700925005130611,-0.0011938233077347185,0.0012094607717651772,109.7781841599383,0.0,1,Decay at rest,
983,1212,muon_plus,Muon+,-13,12,11,4.119812659938304,3.3254609670360287,0.7943516929022747,19.28125763160722,0.15781835319574572,0.997642964229382,0.0022615406654586433,9.549510515950902e-05,0.9999045048948407,99.99045048948408,-0.08896999602163143,0.05386285615985036,-0.0035711809726653044,0.0028763776408080137,109.7781841599383,0.0,1,Decay at rest,
984,309,muon_plus,Muon+,-13,2,55,60.23097802191423,56.11412201272359,4.1168560091906405,6.8351139968087145,15.536829159150821,0.9984487402595352,0.001290360187532887,0.00026089955293200507,0.9997391004470682,99.97391004470681,-5.756030481441201,8.606896908397195,-0.2520957924811041,0.2777374511798941,168.78199395759742,0.0,1,Decay at rest,
985,4,muon_plus,Muon+,-13,2,72,142.2540607484693,130.91510064002634,11.33896010844295,7.970921918701685,54.93765217752813,0.9992557225165587,0.0007067092418200996,3.756824162109021e-05,0.9999624317583788,99.99624317583789,-29.86270785004848,22.3538222551947,-0.6216480294933314,0.7687713390678059,258.1084394935494,0.0,1,Decay at rest,
986,11,muon_plus,Muon+,-13,9,13,4.1198126599383045,3.756083198821808,0.3637294611164964,8.82878643132145,0.1544892236504129,0.9974877036180025,0.002487713219653919,2.458316234345157e-05,0.9999754168376565,99.99754168376565,-0.08569630287152281,0.05430516395654954,-0.0026718660232726977,0.004089591746112769,109.7781841599383,0.0,1,Decay at rest,
986,1909,muon_plus,Muon+,-13,7,13,4.1198126599383045,3.885303501530959,0.2345091584073456,5.6922286949537515,0.15074455053339408,0.9926447957438098,0.007185089956131685,0.0001701143000585075,0.9998298856999415,99.98298856999415,-0.08239621728378736,0.052449259050007024,-0.005342966001506652,0.006371014661097304,109.7781841599383,0.0,1,Decay at rest,
987,4,muon_plus,Muon+,-13,2,74,143.23024201860352,129.50823797544786,13.722004043155673,9.580381803288013,55.58138027134047,0.9991325848078987,0.0008225612151834214,4.48539769178376e-05,0.9999551460230821,99.9955146023082,-22.41662160352865,29.57601428623202,-0.767208403741675,0.8211728663193892,258.10843949354944,0.0,1,Decay at rest,
988,17,muon_plus,Muon+,-13,4,12,4.1198126599383045,3.6522164668740924,0.46759619306421185,11.349938253532486,0.14960276758880003,0.9859388373081763,0.014023530697811116,3.7631994012603374e-05,0.9999623680059875,99.99623680059875,-0.08191731288181707,0.04962296545130498,-0.009511462189361674,0.006199796921486509,109.7781841599383,0.0,1,Decay at rest,
990,438,muon_plus,Muon+,-13,2,73,142.78352193194254,128.7404743885493,14.04304754339325,9.835201816976358,53.724356098496266,0.9984288223374304,0.0011550100605844447,0.0004161676019853095,0.9995838323980148,99.95838323980149,-21.708185308562033,28.188281608892986,-0.8073248921544138,1.0819933409510765,258.10843949354944,0.0,1,Decay at rest,
991,8,muon_plus,Muon+,-13,6,11,4.119812659938304,3.181872649555417,0.9379400103828868,22.76656944874122,0.15181120286294994,0.9992020538682767,0.0006619979461209875,0.0001359481856023688,0.9998640518143976,99.98640518143976,-0.0554002906994807,0.08103368062506318,-0.0020325027719455798,0.0014206684639699227,109.7781841599383,0.0,1,Decay at rest,
991,1896,muon_plus,Muon+,-13,4,14,4.119812659938304,3.735883038241849,0.38392962169645434,9.319103886199619,0.14874075223097544,0.9994960852660636,0.0004894221062566521,1.449262767975955e-05,0.9999855073723203,99.99855073723202,-0.05263493072744014,0.08127722914115701,-0.0014485098107575262,0.001583061564886609,109.7781841599383,0.0,1,Decay at rest,
992,13,muon_plus,Muon+,-13,2,78,141.6152083658826,130.68589433584347,10.929314030039134,7.717613211288529,53.70346952106524,0.9985666181612128,0.0013481133351263943,8.526850366075448e-05,0.9999147314963392,99.99147314963392,-21.624027192301163,30.315192175856463,-0.8907981549343592,0.8964794382763233,258.10843949354944,0.0,1,Decay at rest,
993,450,muon_plus,Muon+,-13,2,71,143.43029766018137,139.1355973079692,4.294700352212185,2.994276957011758,54.305784862741824,0.9994422597238889,0.000492557899456013,6.518237665515939e-05,0.9999348176233449,99.9934817623345,-31.388487891934574,22.079542316535225,-0.4352499014653318,0.7386588578861668,258.10843949354944,0.0,1,Decay at rest,
994,7,muon_plus,Muon+,-13,2,80,188.27897856023435,179.89513115225395,8.383847407980387,4.4528855383067745,78.72099404206904,0.9949974162298042,0.004643651947893479,0.00035893182230233543,0.9996410681776977,99.96410681776977,-32.197639486834,42.73849730087099,-2.395902132810042,2.962788097099622,308.5171408552525,0.0,1,Decay at rest,
995,5,muon_plus,Muon+,-13,2,80,135.37553894830964,128.37988195497547,6.995656993334165,5.167593087851205,51.312944248661324,0.9979754260248201,0.0019557086218217863,6.886535335807007e-05,0.999931134646642,99.99311346466419,-29.497108535063585,20.962519199763136,-1.6102644665123786,1.2329010476414892,258.10843949354944,0.0,1,Decay at rest,
998,465,muon_plus,Muon+,-13,2,73,142.58029949384536,138.69792332825352,3.882376165591847,2.7229401112033957,54.26592394221092,0.9967694324444921,0.0031347629049477167,9.580465056001748e-05,0.9999041953494399,99.99041953494398,-31.20045207117556,21.901064806716143,-2.1308155085233116,1.253087842209233,258.10843949354944,0.0,1,Decay at rest,
999,206,muon_plus,Muon+,-13,2,76,140.18987180293658,138.65866043328953,1.5312113696470397,1.0922410798687705,53.618207634627396,0.9996217570582753,0.0002993678634513315,7.887507827329638e-05,0.9999211249217266,99.99211249217265,-29.28999169159076,21.56653556230123,-0.5242232515085146,0.5033836773301961,258.1084394935495,0.0,1,Decay at rest,
