event,track_id,n_g4_steps,total_energy_MeV,inside_energy_MeV,outside_energy_MeV,outside_percent,track_length_cm,pc1_explained_variance,pc2_explained_variance,pc3_explained_variance,pc1_pc2_explained_variance,pc1_low_cm,pc1_high_cm,pc2_low_cm,pc2_high_cm,particle_initial_energy_MeV,particle_final_kinetic_energy_MeV,particle_decay_flag,decay_mode
0,2,50,100.43475561241499,94.98869829508774,5.446057317327249,5.422482769156106,12.749734384675097,0.9997945209074063,0.00015904566003741423,4.643343255631633e-05,0.9999535665674437,-7.462051930663795,4.61072640780496,-0.08957949927523066,0.07042160498511688,594.6775606118613,0.0,1,Decay at rest
1,2,35,38.841866199107066,36.206978837362676,2.634887361744388,6.783627100298702,2.3702470048742987,0.9989427740113291,0.0010529188402544783,4.3071484163487075e-06,0.9999956928515836,-0.8601701044583963,1.3410897947614735,-0.034778786352269095,0.04512260964754058,532.441866199107,0.0,1,Decay at rest
2,2,40,56.29467096486934,53.6705029495793,2.624168015290042,4.661485661631547,4.636066050660441,0.9994070818970644,0.0005322622201442593,6.06558827913445e-05,0.9999393441172086,-2.705782104238619,1.678867743927877,-0.06096187788094986,0.044794225612129555,549.8946709648693,0.0,1,Decay at rest
3,2,48,95.67708628007136,88.88994921985378,6.787137060217589,7.093795729052511,11.80276549493901,0.9995276647605429,0.0003929881767855563,7.934706267153034e-05,0.9999206529373285,-6.950545521523183,4.227979391851358,-0.11035950980956769,0.08868822650277988,589.5728870747442,0.0,1,Decay at rest
4,2,64,148.70640137248517,144.8798650273875,3.8265363450976793,2.573215618010171,25.11974879185972,0.998898282190981,0.0010798297357455596,2.1888073273412997e-05,0.9999781119267266,-9.231671707317695,14.894994323301583,-0.31482697427109074,0.5728125995398722,645.3795484890788,0.0,1,Decay at rest
5,2,42,64.45463484174026,59.39335078611467,5.061284055625591,7.85247495087498,5.889868141020253,0.9995553362171344,0.0004037425747622536,4.0921208103363856e-05,0.9999590787918967,-2.099345870145284,3.3799367303947507,-0.06150493856691172,0.04823206935666934,558.0546348417403,0.0,1,Decay at rest
6,2,58,133.64593217167752,127.41883757518445,6.227094596493065,4.659397031623774,20.866008009884123,0.9997689180417549,0.0001856511936057963,4.543076463935722e-05,0.9999545692353607,-12.728985306393938,7.5807869636474505,-0.17100020574530503,0.13693065842445737,629.4887237113855,0.0,1,Decay at rest
7,2,34,41.30027403485985,38.27382074380269,3.0264532910571558,7.32792544791023,2.700991165167754,0.9998474755369261,0.00013193922211730553,2.058524095654853e-05,0.9999794147590434,-1.583884559418635,0.9696144724861238,-0.015136563871095446,0.01314621559773877,534.9002740348599,0.0,1,Decay at rest
8,2,37,51.012212877401296,46.494494399213615,4.517718478187684,8.856150759515588,3.8538422882857675,0.999684568509271,0.00027963846585213423,3.5793024876752975e-05,0.9999642069751231,-1.3992398466320677,2.1859118908810284,-0.028775235638688303,0.024856841188232528,544.6122128774012,0.0,1,Decay at rest
9,2,51,109.90101907497208,106.36769311099167,3.5333259639804235,3.2150074619144937,14.948359173904949,0.9988061148307881,0.0011708717653275951,2.301340388427076e-05,0.9999769865961157,-5.387851002750309,8.789775007819046,-0.22302060694447856,0.27597390803462424,603.9036371973425,0.0,1,Decay at rest
10,2,33,38.41164227661613,35.8143202688227,2.597322007793431,6.7618093209584105,2.300135942017427,0.9994318959933588,0.00046653466208828177,0.00010156934455296083,0.999898430655447,-0.8163302888604926,1.3128839599303375,-0.024659429496457448,0.024670908885566806,532.0116422766162,0.0,1,Decay at rest
11,2,49,85.7789080352919,76.01122154200257,9.767686493289329,11.387049237407664,9.653263616024372,0.9999247471660281,6.273666960947188e-05,1.2516164362269097e-05,0.9999874838356375,-3.508808916296047,5.487827642897957,-0.05807981144206669,0.03319587566237868,579.378908035292,0.0,1,Decay at rest
12,2,44,73.08141152331567,67.48498673405855,5.596424789257114,7.657795152836708,7.219806318355533,0.9990991827467002,0.0008851520420115637,1.566521128834493e-05,0.9999843347887117,-2.6280979066333496,4.102664027790668,-0.08348525011797286,0.11134359141652579,566.9602299889984,0.0,1,Decay at rest
13,2,29,29.721201559528375,27.636599147426626,2.0846024121017495,7.013856448321966,1.48580513742294,0.9993161899668116,0.0006638192847634821,1.999074842492977e-05,0.999980009251575,-0.8630495158938701,0.5348303210795052,-0.023530602225311795,0.011507321053501371,523.3212015595283,0.0,1,Decay at rest
14,2,54,127.79603300747517,119.07439255727031,8.721640450204854,6.8246566383595795,19.542537259340484,0.9988792320890892,0.001105404547974668,1.5363362935991622e-05,0.9999846366370639,-6.983201710903619,11.315309552070932,-0.26128820560993654,0.36733805986979984,622.3348862185405,0.0,1,Decay at rest
15,2,59,127.49771370003886,114.7470609564569,12.750652743581957,10.00069128579054,19.555528406514657,0.9996352190311816,0.00034257424141990274,2.2206727398481462e-05,0.9999777932726015,-7.149926466782738,11.390885850843766,-0.13445942948522727,0.1822122988215152,624.1903494790747,0.0,1,Decay at rest
16,2,15,93.32397785333501,83.6225314352427,9.7014464180923,10.395448888107602,22.84261805014794,0.999909729996763,7.80513278497985e-05,1.2218675387211344e-05,0.9999877813246127,-10.774821120414545,9.929938631094137,-0.10218782452082698,0.08439088633651305,664.292253832957,76.06264787218183,1,Decay in flight
17,2,46,81.90082764382922,78.0159587171824,3.8848689266468135,4.743381768425288,8.816331879928624,0.9992496817197016,0.0007013965833911146,4.8921696907240115e-05,0.9999510783030927,-5.113517945440184,3.2179832411067117,-0.1338070391925732,0.0786090965450312,575.5008276438291,0.0,1,Decay at rest
18,2,63,178.26719293709908,173.57872999223034,4.688462944868749,2.6300200657352897,34.257429313327975,0.9997878778719237,0.00016313108480882932,4.8991043267504155e-05,0.9999510089567325,-12.528948744182156,20.44269942421865,-0.20564487323164282,0.23355979444438932,674.3783237342745,0.0,1,Decay at rest
19,2,46,82.30386382215853,75.07646839241849,7.2273954297400405,8.781356177101154,8.90089630238286,0.9996043838340722,0.0002446472663623566,0.00015096889956548137,0.9998490311004345,-3.2571992812952,5.0557251086846,-0.07930842510360002,0.05576576037484997,576.2012608172821,0.0,1,Decay at rest
20,2,40,60.426213445182725,56.88606804193421,3.5401454032485185,5.858625257827974,5.142922859639283,0.9997757623822648,0.00017466209408291186,4.9575523652171516e-05,0.9999504244763477,-1.870749043384875,2.9088391829322044,-0.02466848717526547,0.03595225304865868,554.0262134451826,0.0,1,Decay at rest
21,2,62,167.23269758414045,162.71888974192387,4.51380784221659,2.699117999902824,30.788054404947037,0.9996955496204116,0.00019458940459349424,0.00010986097499492541,0.9998901390250051,-19.016196520170723,11.279923739989442,-0.1745710995280325,0.334668322458352,663.8723818778135,0.0,1,Decay at rest
22,2,54,115.63538491783802,109.17569765074742,6.459687267090606,5.58625482302012,16.242389944189792,0.998541428874475,0.001419684158483691,3.888696704139042e-05,0.9999611130329586,-9.483612197144263,5.861678784262378,-0.3322975456071681,0.2880685607179683,610.3802303024274,0.0,1,Decay at rest
23,2,59,146.17468585543514,140.36550818334322,5.809177672091923,3.974133850944016,24.44683470194208,0.9993582234560199,0.0005794165439168631,6.236000006315626e-05,0.9999376399999368,-8.883532323000402,14.570594890168785,-0.19753375980237775,0.36942290673444644,642.7859518104552,0.0,1,Decay at rest
24,2,42,60.91672989091635,56.53436382562584,4.382366065290511,7.194027113960349,5.26060759135633,0.9980588096055895,0.0016897425211509012,0.00025144787325961546,0.9997485521267404,-3.051142112798074,1.8793249872117015,-0.061751414191522816,0.16952075202734082,554.6065859352324,0.0,1,Decay at rest
26,2,31,33.415752852625936,30.006323328382393,3.409429524243543,10.203060632152171,1.8651839867763345,0.9976545950083271,0.0022810817302154314,6.432326145744577e-05,0.9999356767385426,-0.6672410712254028,1.0556615190618064,-0.0449743864735522,0.03792920435078148,527.0157528526261,0.0,1,Decay at rest
27,2,41,59.129854971373064,54.52906561072609,4.600789360646974,7.780823008739638,5.216104422736312,0.9997103982170721,0.0002455776001253887,4.4024182802660505e-05,0.9999559758171974,-3.075902440225619,1.8685407658490576,-0.04377520077944897,0.041408631808313855,552.729854971373,0.0,1,Decay at rest
28,2,37,50.223016834470904,46.579719105973275,3.643297728497628,7.254239108147374,3.771953543447237,0.9999561849583064,3.298002851362094e-05,1.0835013179893751e-05,0.99998916498682,-2.2255968857339523,1.3439106343648881,-0.011873058032857018,0.010181531973696489,543.8230168344709,0.0,1,Decay at rest
29,2,48,92.46555848992307,89.94131791169323,2.524240578229842,2.729925195341717,11.030551487407898,0.9968877967062033,0.0030311499320745832,8.105336172198109e-05,0.9999189466382779,-6.7343100759531325,3.9474473878517315,-0.2582984861932024,0.28010776062438797,586.4252239717146,0.0,1,Decay at rest
30,2,45,74.38151192662441,67.57702648572135,6.80448544090307,9.148087024119022,7.912307508051923,0.99875104330936,0.001229641064300428,1.931562633955766e-05,0.9999806843736605,-2.803950915084037,4.57692235943739,-0.13721593924970277,0.13279731071632161,567.9815119266244,0.0,1,Decay at rest
31,2,14,6.975489832204802,5.977639393225138,0.9978504389796643,14.305094881978565,0.12079179275634157,0.9979194776750997,0.0019413319408376308,0.0001391903840626699,0.9998608096159374,-0.0660550378639346,0.04309669439131869,-0.002554483402812394,0.002015169020167785,500.5754898322048,0.0,1,Decay at rest
32,2,55,141.74339515932013,131.29623937085861,10.447155788461512,7.370470967425938,22.996780434227883,0.9993339935827205,0.0006638084830914473,2.1979341879781513e-06,0.9999978020658119,-13.387122907877945,8.385429057410317,-0.24311119511430263,0.34645948529426945,635.8522863967519,0.0,1,Decay at rest
33,2,9,6.890449669316127,6.114037749649655,0.776411919666472,11.267942687745231,0.11493540634655545,0.999840399820301,0.00011818478477772245,4.141539492116878e-05,0.9999585846050788,-0.062469621893262675,0.04029980691973191,-0.00036350891576536476,0.0007177594445173665,500.4904496693161,0.0,1,Decay at rest
34,2,33,39.00315546774642,35.71308064057043,3.2900748271759883,8.43540679650063,2.4631766317842363,0.999957550706438,2.75876189253818e-05,1.4861674636865263e-05,0.9999851383253634,-0.8886016512496481,1.4037778722315397,-0.007604739598945573,0.007462552633536482,532.6031554677464,0.0,1,Decay at rest
35,2,28,28.77735358653985,27.072956427929487,1.704397158610362,5.92270291110982,1.4148844987223734,0.9992976761845727,0.0006669436227820414,3.5380192645389614e-05,0.9999646198073547,-0.5042252451839814,0.8066996441677382,-0.013497189197460555,0.02263380825643411,522.3773535865398,0.0,1,Decay at rest
36,2,51,94.66366796171438,84.50282700677829,10.160840954936093,10.733622702054527,11.482744539490552,0.9997297592380291,0.0002406783787995673,2.9562383171254995e-05,0.9999704376168287,-4.1894789342559084,6.516760168182444,-0.10699039631652499,0.06650079352838023,588.2636679617144,0.0,1,Decay at rest
37,2,50,104.27986996757356,94.11037341367651,10.16949655389705,9.75211856042716,13.820965792235702,0.9987970762696695,0.0011877126377887483,1.521109254179658e-05,0.9999847889074582,-4.932169178300377,8.002214419725245,-0.19996501363928626,0.21139457407064588,598.8032213338223,0.0,1,Decay at rest
38,2,65,195.92223977598394,192.87752373152802,3.044716044455912,1.5540430978827202,39.10464211991363,0.9998021484978458,0.0001936858898802651,4.165612274022802e-06,0.999995834387726,-24.221130759581467,14.442281598683477,-0.19922080511767057,0.43098535976150965,693.887595688197,0.0,1,Decay at rest
39,2,46,87.27189221551716,85.92325573494159,1.34863648057557,1.5453274202478895,9.888554595357233,0.9986215294707393,0.001357499983752498,2.0970545508072407e-05,0.9999790294544918,-5.785715316856363,3.540546330982867,-0.1244220336860728,0.20868315357438846,580.871892215517,0.0,1,Decay at rest
40,2,4,14.083431890451056,7.276690169683862,6.806741720767194,48.33155564434793,2.050279485721431,0.9999068036737215,8.90962704272089e-05,4.10005585131589e-06,0.9999958999441487,-0.8344015280263046,0.6981146589026974,-0.0077379095504245595,0.00592892266328997,559.6151990464707,0.0,0,No decay recorded
41,2,54,130.46084535895295,124.02630849781518,6.434536861137773,4.932159410307086,20.051200244540862,0.998455444113464,0.0014415608970128856,0.00010299498952318378,0.9998970050104768,-11.66756581078284,7.262419257908154,-0.344910971931193,0.3649769980583711,625.4786579895012,0.0,1,Decay at rest
42,2,32,34.93177957966469,31.858492319960025,3.0732872597046677,8.7979693467829,1.9854959944854222,0.9998153594125537,0.00015647901932966092,2.816156811655994e-05,0.9999718384318834,-1.1599897229969172,0.7150461203166135,-0.00987638457824282,0.014956048897047545,528.5317795796645,0.0,1,Decay at rest
43,2,57,112.92527591510536,111.0034475042774,1.9218284108279513,1.7018585035583513,15.702628673587407,0.9990142309814788,0.0009699553506666961,1.5813667854572808e-05,0.9999841863321455,-5.779117145633233,9.013051369403552,-0.20978729262069779,0.3753808733880351,608.4367114048553,0.0,1,Decay at rest
44,2,15,12.339593275623487,10.339814366732462,1.9997789088910252,16.2061979209763,0.30956321543186505,0.9983679878929929,0.001625955821418661,6.056285588454226e-06,0.9999939437144115,-0.17506535732512066,0.10988401385366225,-0.005579993792251069,0.006220641735013634,505.93959327562345,0.0,1,Decay at rest
45,2,23,67.2594364734195,62.95992151690544,4.299514956514061,6.392433808471176,9.63489810654904,0.9998649107227563,9.578666191983008e-05,3.930261532397443e-05,0.9999606973846761,-4.956962433720154,4.011561171268276,-0.08933936640901378,0.025172087423626394,584.8356078051684,23.6764711590698,1,Decay in flight
46,2,29,31.55132906453889,30.406908267538746,1.1444207970001457,3.627171440731417,1.6660090888610437,0.9995939529485588,0.0003946394814136367,1.1407570027479985e-05,0.9999885924299724,-0.9779166817671248,0.5926786948820729,-0.012132771691712707,0.01810794455420384,525.1513290645389,0.0,1,Decay at rest
47,2,72,190.04617518261676,183.47356282806308,6.5726123545536765,3.458429167668334,38.752499612420664,0.9986956206148759,0.001288478999941077,1.590038518301032e-05,0.999984099614817,-14.183066696878075,23.174690221913462,-0.7061901116469638,0.7162517544170776,690.4353973420853,0.0,1,Decay at rest
48,2,51,106.30760388657687,96.29672030399064,10.01088358258623,9.416902664147313,14.134856271281732,0.9997962335010225,0.0001736165074673983,3.014999151004131e-05,0.9999698500084899,-5.145619260229242,8.087568326304453,-0.15174699381008508,0.08671993227453222,600.2311165410285,0.0,1,Decay at rest
49,2,56,144.99738965899576,132.51849144004578,12.478898218949984,8.606291636213454,23.895575581261184,0.9998380990618911,0.000128737089807446,3.316384830152511e-05,0.9999668361516986,-8.747264776716358,13.497884097196902,-0.10588035395701134,0.1682656007897733,639.5600212057128,0.0,1,Decay at rest
50,2,41,63.12490453892792,57.41573116418301,5.709173374744914,9.044248726307659,5.622600588344076,0.9997743465937083,0.00021507201002553662,1.0581396266006229e-05,0.9999894186037339,-2.05894031334183,3.1722981851022722,-0.05113145391580423,0.03918570704147597,556.7249045389281,0.0,1,Decay at rest
51,2,20,101.09745855384723,97.77081209965588,3.3266464541913456,3.290534205090313,22.859784156916483,0.9995372154977492,0.0004587714619635448,4.013040287202199e-06,0.9999959869597127,-11.316884150007299,9.739029333093782,-0.16069251230918735,0.2635410822623578,651.6661770352787,0.0,0,No decay recorded
52,2,43,68.95361516746875,62.984039093695856,5.969576073772901,8.657379398127995,6.605133076329089,0.9990867647495905,0.0008825788673145775,3.06563830948784e-05,0.999969343616905,-3.870169390137903,2.3754689028380613,-0.09135328541650006,0.0940196874533738,562.5536151674687,0.0,1,Decay at rest
53,2,43,73.195280062152,69.07143489156418,4.123845170587808,5.634031548326812,7.217671832616094,0.9994032090410664,0.0005934738545404219,3.317104393385193e-06,0.9999966828956068,-2.5999217117328373,4.099657679812226,-0.07553352574459685,0.08768974912467296,566.795280062152,0.0,1,Decay at rest
54,2,45,79.76821479269047,78.19753654487587,1.5706782478146026,1.9690527760921275,8.342394625292377,0.9999076387656964,7.387581590496742e-05,1.848541839851709e-05,0.9999815145816014,-4.825456277897443,3.07196217153238,-0.027679930410058427,0.04423749564521227,573.3682147926904,0.0,1,Decay at rest
55,2,49,93.74283440735657,92.04736240346817,1.695472003888403,1.8086417107048227,11.215590105396588,0.9986639202147487,0.001287151916921895,4.892786832939418e-05,0.9999510721316706,-6.687661733687201,4.021630361549095,-0.16457165939491994,0.25453987845382126,588.2931178047063,0.0,1,Decay at rest
57,2,8,36.75359125021367,31.28623652340331,5.467354726810358,14.87570204932987,9.92286463321265,0.9999165829539898,7.990853970335336e-05,3.508506306906641e-06,0.9999964914936931,-3.7169938717663618,4.439863206894692,-0.053300077766500635,0.030040982485932746,645.0608538600937,0.0,0,No decay recorded
58,2,33,93.09071416401581,88.10994332633447,4.980770837681332,5.350448626815506,13.941528730796586,0.9996662604312705,0.00027766318085858894,5.607638787090501e-05,0.999943923612129,-7.582824241307754,5.535536426057875,-0.10006592894724615,0.12340160521673217,601.3250778757449,14.32179100178636,1,Decay in flight
59,2,57,139.11607623557558,132.2093698881987,6.90670634737688,4.964707555208244,22.259754729457747,0.9994912177309541,0.0004947343733687116,1.4047895677395924e-05,0.9999859521043227,-12.935573261345596,8.131485130680234,-0.25973325261244984,0.20311551444874928,634.2074505273828,0.0,1,Decay at rest
60,2,50,98.75129683127378,90.12660015761736,8.624696673656421,8.733755353504428,12.451180154509846,0.9995835533177314,0.000374490977340328,4.19557049283242e-05,0.9999580442950717,-4.55698178510495,7.0477927548142905,-0.0855749452868795,0.1276012144620922,592.6377187775007,0.0,1,Decay at rest
61,2,52,107.28316324836631,100.88373395904192,6.399429289324387,5.964989375368587,14.435754912843938,0.9998491256655425,9.851203907588644e-05,5.236229538155129e-05,0.9999476377046184,-9.040213223806255,5.257352017230015,-0.13403551695194252,0.07038446788543251,601.4491100299963,0.0,1,Decay at rest
62,2,19,15.950682509162501,14.576233635123554,1.3744488740389467,8.616865599634536,0.4829920591170378,0.9996286054808644,0.000359707748083298,1.1686771052272247e-05,0.9999883132289477,-0.2764417205636392,0.1735337437676618,-0.00396777949371359,0.004245773346347449,509.55068250916247,0.0,1,Decay at rest
63,2,32,33.12651117595203,31.0543396945857,2.0721714813663317,6.255326648677119,1.77324490729309,0.9992325330073437,0.0007573607570709823,1.0106235585204423e-05,0.9999898937644147,-1.021362248734771,0.6484756721747192,-0.027146859325199904,0.020876381755273937,526.726511175952,0.0,1,Decay at rest
64,2,46,84.11412193304028,78.85084781029133,5.263274122748947,6.257301392195259,9.538143447819834,0.9988187104719872,0.0011448857166793194,3.640381133334616e-05,0.9999635961886666,-3.4378730784987304,5.449320820239388,-0.15786990846039706,0.18913619774450308,577.7141219330402,0.0,1,Decay at rest
65,2,57,131.09809161485342,121.56205551440289,9.536036100450533,7.273970187503553,20.219886622813103,0.9995699211557328,0.0003728602097354289,5.7218634531743575e-05,0.9999427813654683,-7.297395959185812,11.64507617811699,-0.22759670241854074,0.12931579007299088,627.4188035415027,0.0,1,Decay at rest
66,2,41,57.64575415836015,54.63202984286885,3.0137243154912965,5.228007438695687,4.799408944391342,0.9992489238857192,0.0006157795110895436,0.00013529660319125899,0.9998647033968088,-2.802970088296284,1.7328120350217269,-0.06933744523316616,0.04500102894604233,551.2457541583601,0.0,1,Decay at rest
67,2,42,68.88122436710326,63.6149227887327,5.266301578370555,7.645481953549115,6.5661739773923555,0.9990390171428231,0.0008743556013015205,8.662725587553369e-05,0.9999133727441246,-2.3471249323288013,3.743110006847792,-0.07900431766906145,0.09364773168933857,562.4812243671031,0.0,1,Decay at rest
68,2,51,108.84579509176976,97.81396299187908,11.031832099890677,10.135285511571254,14.464675581099169,0.9996652354596998,0.00022178114445270264,0.00011298339584747371,0.9998870166041525,-5.258006284587255,8.23118463225591,-0.1314109678807787,0.07316907770497652,602.772618702963,0.0,1,Decay at rest
69,2,37,43.00715492721946,39.81939497450732,3.1877599527121436,7.412161902145713,2.9047680047344158,0.9993246194349719,0.0006495657149705331,2.581485005751032e-05,0.9999741851499424,-1.0512069645536173,1.649793417207343,-0.031925764241166624,0.03443609164784689,536.6071549272194,0.0,1,Decay at rest
70,2,3,21.47667203542169,6.401620356134627,15.075051679287062,70.19268001310273,5.456168342324467,0.9999542759280384,4.572407196153901e-05,3.967424739326263e-18,1.0,-1.9006663292614518,1.6075019713283134,-0.008364312822219833,0.014217776635498952,631.9832546922215,116.49549204630472,1,Decay in flight
71,2,54,124.31435370105008,117.79690658619029,6.517447114859799,5.242714876298911,18.556335313570838,0.9989542195588245,0.0009883457480261554,5.74346931492703e-05,0.9999425653068507,-6.794954343953002,10.783958192945834,-0.35545089437732313,0.24218802596158714,618.5921917093242,0.0,1,Decay at rest
72,2,7,5.498828184433137,4.812936790619205,0.6858913938139313,12.47341016683609,0.07762226891693216,0.9997354080187473,0.0001737676384531348,9.082434279970214e-05,0.9999091756572004,-0.02710979338560208,0.039243473746978536,-0.0004912625644273004,0.0005121293900526738,499.0988281844331,0.0,1,Decay at rest
73,2,42,68.48028106673733,62.99883585160513,5.481445215132206,8.004414014875719,6.326751008469541,0.9975244875498318,0.002356249199915109,0.00011926325025305633,0.9998807367497469,-3.6437488584461315,2.310811591961009,-0.13106362205065344,0.13133790050576166,562.0802810667373,0.0,1,Decay at rest
74,2,47,88.5232535003644,80.81448165722955,7.70877184313485,8.708188570027103,9.943926197749786,0.9935216014164863,0.006068271475992887,0.0004101271075207402,0.9995898728924791,-3.57142458745513,5.686482051266148,-0.4588005240347994,0.386632243218185,582.4837337773231,0.0,1,Decay at rest
75,2,56,130.9736725045498,119.37089195123318,11.602780553316626,8.858864786671965,20.008195512829275,0.9998597496550825,0.00012449834683924538,1.575199807830582e-05,0.9999842480019218,-7.2881628447616595,11.437221513239733,-0.17510113050580284,0.0863827634496714,627.0442619236051,0.0,1,Decay at rest
76,2,19,11.3873855511431,10.259019689659686,1.128365861483413,9.908910666242825,0.2789882359891403,0.9991635029121014,0.0008320438045348371,4.453283363666123e-06,0.9999955467166363,-0.1578015465785809,0.10059684976752066,-0.0051156164806067375,0.0025507512048201547,504.98738555114306,0.0,1,Decay at rest
77,2,56,138.07477427299733,124.25665033980341,13.818123933193922,10.007710681368298,21.82210934253116,0.9988769503178282,0.0010806747605557954,4.237492161617394e-05,0.999957625078384,-7.954655333346526,12.459527410507965,-0.3820604075760726,0.2836593058812393,632.870660099539,0.0,1,Decay at rest
78,2,12,39.54451704033284,37.854470320884815,1.690046719448025,4.273782678201094,6.220676054121824,0.9999233092134081,7.475866962128387e-05,1.9321169706099332e-06,0.9999980678830294,-2.8853911835840966,2.7233062364540794,-0.018191638762081398,0.031922782357348765,573.7854224435513,40.640905403218355,1,Decay in flight
79,2,47,86.15755341240434,81.12951240192766,5.028041010476687,5.835867908654874,9.765225245390122,0.9993595008124043,0.0006090568382721691,3.144234932360005e-05,0.9999685576506765,-3.545416519194314,5.543305281084898,-0.07762805387917356,0.15275457759327318,579.7575534124043,0.0,1,Decay at rest
80,2,14,60.2136797127379,56.79413558720473,3.4195441255331733,5.679015369674852,13.464908537673974,0.9994593785886778,0.0005390782707100574,1.5431406121258359e-06,0.9999984568593879,-7.085251995530597,5.757713961276757,-0.13169330781883917,0.1627436249961856,626.5052386748546,0.0,0,No decay recorded
81,2,55,112.58334064126868,110.77519532035372,1.8081453209149572,1.6060505138823011,15.48889307950623,0.9994270073283366,0.000557850061961514,1.5142609701921766e-05,0.9999848573902981,-9.633914432822692,5.64398241191511,-0.1361265775932529,0.211013273282578,607.9134586208248,0.0,1,Decay at rest
82,2,46,80.73304595551653,75.74315586448736,4.98989009102916,6.1807281417061395,8.787750481571189,0.9972685378418573,0.002691285693109458,4.017646503324995e-05,0.9999598235349668,-3.1301134260728087,5.016251746464398,-0.1585372176968162,0.2354664825353601,574.3330459555165,0.0,1,Decay at rest
83,2,50,97.41459433878055,93.59267357608242,3.821920762698129,3.923355415726071,12.140398643478154,0.9994824371782146,0.0005112535084127804,6.309313372681572e-06,0.9999936906866274,-4.368920823366832,7.089038495619858,-0.10568115956617624,0.14188278098489157,591.6030031478016,0.0,1,Decay at rest
84,2,7,5.080862387466028,4.132806307057439,0.9480560804085896,18.659353631528138,0.06698434587831398,0.9998869580826504,0.00010938931609802803,3.6526012514892784e-06,0.9999963473987484,-0.0343830004285903,0.022526956793967195,-0.0006197439779894193,0.0003204131944104232,498.680862387466,0.0,1,Decay at rest
85,2,25,20.722041525493918,18.89677639854308,1.8252651269508386,8.808326750553274,0.788325332238382,0.9998485616353394,9.94591137913781e-05,5.1979250869171795e-05,0.9999480207491308,-0.28485058360150783,0.44372154437755545,-0.0036644281642538145,0.003184222957804868,514.3220415254939,0.0,1,Decay at rest
86,2,42,68.03358633310091,64.59546613267023,3.4381202004306863,5.053563079266793,6.559231095663836,0.9998206124590122,0.00011865882768409512,6.072871330369959e-05,0.9999392712866964,-3.842578262566971,2.375851870365096,-0.030676016159833702,0.038587649961869475,561.6335863331009,0.0,1,Decay at rest
87,2,43,62.71566997413127,62.07409505729989,0.6415749168313778,1.022989815935973,5.5790660149835825,0.9991522074177608,0.0007570931997315025,9.069938250771382e-05,0.9999093006174923,-3.241497880524428,2.0324603500575766,-0.07091677036378995,0.07062149961344724,556.3156699741312,0.0,1,Decay at rest
88,2,36,46.37834774399056,42.61515771293767,3.7631900310528885,8.114109738936314,3.242554973582349,0.9998965176129756,5.8844110748819594e-05,4.463827627549941e-05,0.9999553617237245,-1.170351502021958,1.8440250490514867,-0.010908637585395405,0.014920747163812488,539.9783477439904,0.0,1,Decay at rest
89,2,62,166.29806748986982,154.0321387450021,12.265928744867722,7.375869683882472,29.987980993328502,0.999813647509655,0.00017464499381294137,1.1707496532001511e-05,0.9999882925034679,-11.049271555529948,17.403531276096203,-0.24618680034964785,0.20535634621336302,663.7012335561459,0.0,1,Decay at rest
90,2,54,110.51020869090625,105.74862634405896,4.761582346847297,4.30872622833,14.913211060530488,0.9994257573933665,0.0005392459801773922,3.4996626456259346e-05,0.9999650033735439,-8.645144523780788,5.456895786462055,-0.1593770369684197,0.13946242737788014,605.5592873887571,0.0,1,Decay at rest
91,2,38,46.63018096512878,42.73031183925949,3.899869125869285,8.363401224596801,3.2741163611684208,0.9992829851451213,0.0007069057042045401,1.0109150674217712e-05,0.9999898908493258,-1.9045855377578182,1.1842404335191667,-0.037029455333696844,0.05764164155141556,540.2301809651289,0.0,1,Decay at rest
92,2,41,61.758195559784895,58.33612657594465,3.4220689838402505,5.541076698925771,5.383486144463717,0.9996012389514247,0.0003684153835102044,3.0345665065092707e-05,0.9999696543349349,-3.1544693836210693,1.9394159732958411,-0.058525737508978375,0.04560656158962084,555.3581955597848,0.0,1,Decay at rest
93,2,51,98.0379643514153,95.62468446423938,2.4132798871759245,2.461576903540721,12.217677966431602,0.9987187377645801,0.0011782129597822184,0.00010304927563770996,0.9998969507243624,-7.613232912842255,4.418037451959277,-0.1718142113962733,0.23346097167387936,592.6872266145137,0.0,1,Decay at rest
94,2,45,80.2824601749357,75.40312906965389,4.879331105281801,6.077705011343356,8.750642602789904,0.9995341492670944,0.00044999196615120527,1.5858766754439078e-05,0.9999841412332456,-3.1673719907234372,4.995324547963416,-0.08142072209631045,0.10835194944238553,573.8824601749357,0.0,1,Decay at rest
95,2,4,22.11345221858103,7.549802731046604,14.563649487534427,65.85877837426571,6.147834428806563,0.9999807221317383,1.9205440100426862e-05,7.24281611613557e-08,0.9999999275718388,-2.242116819256715,1.875269640179963,-0.009941318256936196,0.006927398272541152,638.2889150552725,122.01433740185637,1,Decay in flight
96,2,48,91.1390369081014,86.99889925481924,4.140137653282161,4.542661184204528,10.667876896971066,0.9994970343162493,0.00045105106554811875,5.191461820263353e-05,0.9999480853817974,-6.362751459692193,3.886510862081193,-0.11769651748638574,0.10644544377106796,585.0807737934578,0.0,1,Decay at rest
97,2,55,126.86059828897658,125.16057710035258,1.7000211886239935,1.3400702909752202,19.084058892379037,0.9996230322165687,0.00026786023282448395,0.00010910755060683061,0.9998908924493931,-11.46509610959103,6.907086079204573,-0.17213867182381026,0.21296919448962648,621.0744369278683,0.0,1,Decay at rest
98,2,58,138.14491248474823,130.981130491744,7.163781993004216,5.185700916633558,22.162240747302725,0.9990321681204304,0.0008780642642736684,8.976761529607032e-05,0.999910232384704,-13.62554494175223,8.016820723438595,-0.31243498124721325,0.31339834272481165,632.9166865660726,0.0,1,Decay at rest
99,2,25,53.84351597223075,47.09589436882645,6.747621603404294,12.531911190354494,6.16039522754438,0.9990569966205002,0.0008660171685824444,7.698621091748673e-05,0.9999230137890827,-2.5373267002039,3.177907324385795,-0.11385512613944264,0.06077383909617514,561.4123969170398,0.0,0,No decay recorded
100,2,19,13.878420162004431,12.234439965999094,1.6439801960053382,11.845586001972586,0.38191963450321076,0.9967715800066381,0.003199130843795638,2.928914956627815e-05,0.9999707108504338,-0.13870400514646075,0.20945295647358517,-0.008802837063571283,0.009931115823127834,507.4784201620044,0.0,1,Decay at rest
101,2,57,129.77290893159676,122.58068658865926,7.192222342937497,5.542160071890285,19.816419410976764,0.9993384113542897,0.0006102828445148928,5.130580119550998e-05,0.9999486941988046,-7.287685396361699,11.765020939010217,-0.37647960419637966,0.16941564704979276,626.3006610113946,0.0,1,Decay at rest
102,2,58,156.3453194771304,151.59711750330973,4.748201973820669,3.036996559730858,26.979474923088226,0.9997215307101579,0.00025174087602823566,2.6728413813926738e-05,0.9999732715861861,-9.918611588383971,15.739672773533655,-0.20755897741222626,0.2036339057615389,652.2958237071002,0.0,1,Decay at rest
103,2,19,15.771790724630023,15.519557499118697,0.2522332255113253,1.5992681485268836,0.48436400614929903,0.9998522995301693,0.00012928071857412412,1.8419751256501707e-05,0.9999815802487434,-0.2814848302552484,0.17101802768528562,-0.002899451323464861,0.002122605965917537,509.37179072463,0.0,1,Decay at rest
104,2,42,63.93010083857705,58.91591382560428,5.014187012972766,7.843233386466173,5.803810240866278,0.9998448529916434,0.0001244684033758322,3.067860498081406e-05,0.9999693213950193,-2.0912351683214983,3.310032345910547,-0.02640498122248538,0.02930665716964757,557.530100838577,0.0,1,Decay at rest
105,2,8,35.956980726737015,26.448084952854,9.508895773883015,26.44520085306372,7.823858111860549,0.9994926932985836,0.0005042551542611594,3.0515471551800635e-06,0.9999969484528447,-3.368913943211094,3.3841078815117998,-0.05772822046429324,0.09247037862165547,616.734368105573,0.0,0,No decay recorded
106,2,47,83.29371526377652,80.23006508989528,3.0636501738812356,3.6781288530343437,9.174956593425382,0.9997678643555633,0.00015591718198186075,7.621846245488944e-05,0.9999237815375451,-5.372363922280025,3.299513506811236,-0.08838517595561717,0.06854310616670464,577.2353961300383,0.0,1,Decay at rest
107,2,57,146.71364770462193,145.09056592994085,1.6230817746810937,1.1062922911908226,23.994233365050103,0.9991497808385994,0.0006772944108527321,0.0001729247505478321,0.9998270752494521,-13.850473187876561,8.79355466978359,-0.2725225356504251,0.33569755156015,640.9710170611172,0.0,1,Decay at rest
108,2,27,26.918394252682443,23.932858795051647,2.985535457630797,11.091060743094976,1.251766176843962,0.9992932814444737,0.0005962606401935525,0.0001104579153328223,0.9998895420846673,-0.4521756042412111,0.7100959133729301,-0.015432569210310585,0.013295607951823017,520.5183942526825,0.0,1,Decay at rest
109,2,31,33.73506927050863,30.272752722376254,3.462316548132378,10.263256080399255,1.8917274296515456,0.9994313731457082,0.0005354849402780219,3.314191401384983e-05,0.9999668580859862,-0.6862559267734016,1.0728217809993121,-0.025175734500978566,0.01934006437840457,527.3350692705087,0.0,1,Decay at rest
110,2,53,119.57599600437294,108.38808494232478,11.18791106204816,9.356318522020937,17.24576019061656,0.9993184378618772,0.0005319270841387489,0.0001496350539840656,0.999850364946016,-6.297443768031846,9.819201890926296,-0.2563335294145293,0.13364067892559858,614.0209030567555,0.0,1,Decay at rest
111,2,50,101.56840007142343,95.4544327883009,6.113967283122522,6.019556553832834,12.972202341778157,0.9992033731188439,0.0007246440468050928,7.198283435110186e-05,0.9999280171656489,-4.738410498065233,7.330874186476929,-0.1766770227527585,0.19782782259631373,595.4570822420901,0.0,1,Decay at rest
112,2,51,103.90590550509576,94.76072284647208,9.145182658623682,8.801407979814183,13.337390542912242,0.9992406731953795,0.0007175008109139605,4.1825993706438275e-05,0.9999581740062934,-4.920651537610171,7.505277195611763,-0.16515197955634253,0.1757125914816357,597.5059055050956,0.0,1,Decay at rest
113,2,48,89.4887769600104,82.83818140361589,6.650595556394504,7.431764945638309,10.544911465672092,0.9833797942011936,0.01658125286145097,3.89529373553936e-05,0.9999610470626445,-6.006597333143125,3.654084075142164,-0.6383452581864688,0.6377804488784976,583.785854128298,0.0,1,Decay at rest
114,2,33,40.24545435717636,36.41289477776411,3.832559579412245,9.52296263175084,2.5328048488647763,0.9983570019055142,0.001628630067908259,1.4368026577591534e-05,0.9999856319734225,-0.9136099456940039,1.433266171183736,-0.05988569568643434,0.03991792123366627,533.8454543571763,0.0,1,Decay at rest
115,2,15,72.75360394757838,63.285542522832415,9.468061424745965,13.013872730714546,16.79026965359275,0.999805842835935,0.0001855020907776794,8.655073287253066e-06,0.9999913449267127,-7.784505090061407,7.379574852337161,-0.09076670112953292,0.11153283657934109,637.643478003839,0.0,0,No decay recorded
117,2,37,47.832370251722296,43.71279466113458,4.1195755905877185,8.61252655661442,3.589042398571309,0.9961899710197967,0.003718483495279572,9.154548492362691e-05,0.9999084545150763,-1.2709276357701471,2.041064103216389,-0.1304770137960669,0.09390627046294059,541.4323702517223,0.0,1,Decay at rest
118,2,29,30.803986736254675,28.104573575746972,2.699413160507704,8.76319413983722,1.6300012993207464,0.9989565890212149,0.0010133105937383266,3.010038504681085e-05,0.9999698996149532,-0.964443279654822,0.5719195383103642,-0.02018064104309325,0.025958940155499582,524.4039867362546,0.0,1,Decay at rest
119,2,43,73.82577310186167,66.11819287983765,7.7075802220240215,10.440229608417956,7.292822290122165,0.9998234405242991,0.00015280853291650798,2.3750942784484892e-05,0.9999762490572156,-2.66041092995488,4.125028173074405,-0.05957395693220506,0.03604801359922694,567.4257731018618,0.0,1,Decay at rest
120,2,52,108.37806137605823,100.23563301847636,8.142428357581865,7.512985796386101,14.454953113805386,0.9995506657308277,0.000430397932468916,1.8936336703399817e-05,0.9999810636632966,-9.06556097523127,5.22034210195452,-0.1445713598557072,0.1906521280106978,602.557795352533,0.0,1,Decay at rest
121,2,62,168.35895629145557,153.45640610370728,14.902550187748293,8.851652751962693,30.36608711271988,0.9985589766796743,0.0014287446892373753,1.2278631088166532e-05,0.9999877213689117,-11.155033290128584,17.543775472973547,-0.8794244397050195,0.4301204619549835,664.9364792089674,0.0,1,Decay at rest
122,2,36,47.010700681594415,43.39701276317905,3.6136879184153683,7.686947580064886,3.4134257178873355,0.9996183866972054,0.00026870557405873853,0.00011290772873589473,0.9998870922712642,-2.0015607722964845,1.2268707366226401,-0.026356551534091888,0.03344361760336929,540.6107006815945,0.0,1,Decay at rest
123,2,65,164.8923820467178,156.80283196197715,8.089550084740658,4.905957439834123,29.677803401364088,0.9999389006678971,3.6671877087217106e-05,2.442745501556749e-05,0.9999755725449844,-18.35679595630531,10.825274028190378,-0.08571165229115763,0.08472279108830263,664.0118171873017,0.0,1,Decay at rest
124,2,39,56.282381905954985,50.541436294889806,5.740945611065176,10.200253465921193,4.6241119376996656,0.9997267958733859,0.00016979772168447833,0.00010340640492961289,0.9998965935950703,-1.7166058242866358,2.595338066485766,-0.03323269476327351,0.021693149011856875,549.882381905955,0.0,1,Decay at rest
125,2,36,49.009178011747444,46.64900557341182,2.360172438335625,4.815776420020541,3.7093811080103847,0.9976523463724799,0.00231999564357505,2.7657983945007075e-05,0.999972342016055,-2.206754145450435,1.290955616201187,-0.10385215457715374,0.06848258764149955,542.6091780117475,0.0,1,Decay at rest
126,2,50,89.7625593148933,85.44708410753618,4.3154752073571165,4.807656154519981,10.341893962727628,0.9996605355489545,0.00026002688316122737,7.9437567884202e-05,0.9999205624321157,-5.979745365681763,3.8017934867305794,-0.11173550357451918,0.07790019389606037,583.7269931715095,0.0,1,Decay at rest
127,2,48,93.11529095922901,91.86125555668437,1.2540354025446474,1.3467556076195186,11.137921730031724,0.9996273198757086,0.00029675885232317167,7.592127196821686e-05,0.9999240787280318,-6.521651111211702,4.023786644463612,-0.08543968804271457,0.10859482200327013,586.7152909592289,0.0,1,Decay at rest
128,2,63,166.41486205602126,157.67619402277322,8.738668033248036,5.25113437903538,30.603460662908336,0.999518255953846,0.00042267284339599705,5.907120275797253e-05,0.9999409287972421,-19.035921444603037,11.236363645767488,-0.3470021690206717,0.2554049654862658,663.1312151458011,0.0,1,Decay at rest
129,2,58,142.76667748843556,135.66210935121865,7.1045681372169165,4.976349006785847,23.543565945725874,0.9996035855647667,0.000341609068262315,5.480536697105559e-05,0.999945194633029,-13.795143982936354,8.499172686863623,-0.27642238555982274,0.14401262879392993,637.6548461221747,0.0,1,Decay at rest
130,2,54,114.75482685393642,104.61397807916903,10.140848774767393,8.836969261149239,16.061471590022364,0.9997882235596778,0.00020099753059536033,1.0778909726763775e-05,0.9999892210902731,-5.851998010493624,9.160917143831519,-0.13663436148651847,0.10605932378901449,608.9473609191574,0.0,1,Decay at rest
131,2,44,81.1927200539356,75.55472490162727,5.6379951523083385,6.943966341518142,8.812282776323945,0.9996685307831237,0.0003017236564483181,2.974556042804686e-05,0.999970254439572,-5.177212608749856,3.1675938701222432,-0.07398468781451867,0.09343183711075412,574.7927200539357,0.0,1,Decay at rest
132,2,25,23.584655758400796,21.088954250510717,2.4957015078900775,10.581886517470643,1.004693290567555,0.9978189743525593,0.00214355925104501,3.7466396395758005e-05,0.9999625336036043,-0.3583348483380311,0.5691283086694542,-0.021720959529095366,0.01959400489830618,517.1846557584008,0.0,1,Decay at rest
133,2,43,74.81993004842417,67.1210649803193,7.69886506810487,10.289858682201508,7.500453134985228,0.9996046516646033,0.00033843610987468635,5.691222552197064e-05,0.999943087774478,-2.7244111937891455,4.254897421698963,-0.07208588980801243,0.06358386261302464,568.4199300484241,0.0,1,Decay at rest
134,2,48,81.66446207770204,74.68442125469429,6.980040823007752,8.547219494774103,8.937881143036819,0.9997244208031493,0.0002230571233292224,5.252207352143073e-05,0.9999474779264785,-3.2586675513586325,5.062848352536038,-0.052835032171651516,0.06445241345399869,575.5568636238442,0.0,1,Decay at rest
135,2,35,42.037946645866846,39.64025022919077,2.3976964166760775,5.703647794395348,2.7922496045759875,0.9997847445797001,0.00018636964756218454,2.8885772737610738e-05,0.9999711142272623,-1.003435522087446,1.5927763349904163,-0.020913595811796703,0.018865043196664665,535.6379466458668,0.0,1,Decay at rest
136,2,9,4.718830189420145,4.654113090752202,0.0647170986679427,1.3714648773130615,0.06001376933133103,0.9997342628713318,0.00026538469963593037,3.524290321616935e-07,0.9999996475709677,-0.0304325060683177,0.02124195640042531,-0.00031233344967262843,0.0005497222582560299,498.3188301894201,0.0,1,Decay at rest
137,2,25,21.96108404016832,19.553690037864335,2.407394002303986,10.962090932764058,0.8639278295358169,0.9986442777796758,0.001337850436160351,1.7871784163861814e-05,0.9999821282158361,-0.30973270487438015,0.4874342999871431,-0.01784156685281548,0.013869318008245937,515.5610840401683,0.0,1,Decay at rest
138,2,41,60.05246351825838,54.91767774244934,5.134785775809035,8.550499804638076,5.318353040339501,0.999071508827331,0.0007920596900912398,0.0001364314825777804,0.9998635685174222,-1.8823545522766096,3.0613388455057993,-0.0890940033452489,0.0682740332571255,553.6524635182585,0.0,1,Decay at rest
139,2,5,13.725257588889905,7.637059438002147,6.088198150887758,44.35762397505699,2.4340106696630888,0.999986681455549,1.2821941435562841e-05,4.966030153958174e-07,0.9999995033969846,-1.0461153809527273,0.7335694987536588,-0.0033056814266173573,0.005356410259295698,577.800632049608,69.5369356685733,1,Decay in flight
140,2,12,50.40160577256322,38.05264683786051,12.348958934702718,24.501122028586312,11.111688965323278,0.999852748062185,0.00014225093900610276,5.0009988089155486e-06,0.9999949990011912,-5.152827020285132,4.926832497678281,-0.0970378578105476,0.04936636082242378,619.0862275233754,0.0,0,No decay recorded
141,2,53,117.24931479678109,114.86226210095472,2.3870526958263705,2.0358777362269955,16.94728129435856,0.9990243808040671,0.0006152261571702604,0.00036039303876266244,0.9996396069612373,-6.1242577941218945,9.949906615499044,-0.15290169926149086,0.2265280360126034,612.2587702825896,0.0,1,Decay at rest
142,2,43,71.42232841218896,63.59885640568814,7.823472006500824,10.953818197231536,7.113336610299592,0.9997134066826715,0.00016503860911077213,0.00012155470821774905,0.9998784452917823,-2.580504431383624,4.0519554931530175,-0.0447159289325531,0.034771687432167665,565.0223284121889,0.0,1,Decay at rest
143,2,20,15.449241486207027,13.45404351750647,1.9951979687005565,12.914536745909855,0.4663238304707005,0.9995903990022219,0.00036958589946153696,4.001509831656452e-05,0.9999599849016835,-0.17221670329037733,0.25797732030495,-0.005664870970357936,0.0042520033072285775,509.049241486207,0.0,1,Decay at rest
144,2,21,29.227678227552833,25.209719031028378,4.017959196524454,13.747103568208635,2.1109361016470922,0.9988477380480977,0.0011305188825125872,2.174306938977293e-05,0.9999782569306103,-0.8744334266960784,1.0734557105710976,-0.03496937659657547,0.02541477406226132,531.6767911851703,0.0,0,No decay recorded
145,2,61,147.73304232857694,141.9011246938532,5.83191763472374,3.9476054529174442,25.140709119389438,0.9994134664868477,0.0005609583239781131,2.5575189174223136e-05,0.9999744248108258,-15.446156665980409,9.2263755890389,-0.2636185733143789,0.22993455192159204,643.3484560020307,0.0,1,Decay at rest
146,2,61,140.16064225061473,134.25145982452017,5.909182426094574,4.216006955453756,22.803388507306202,0.9995746928796116,0.0004063824446470424,1.892467574131241e-05,0.9999810753242587,-14.35721456684808,8.179845813495943,-0.2648534699387663,0.17507640748977987,636.3243623148016,0.0,1,Decay at rest
147,2,43,68.1758472625911,63.33501456834751,4.840832694243595,7.100509767921604,6.499651837934833,0.998923599652439,0.0007703683108087047,0.00030603203675226863,0.9996939679632477,-2.3550216775041135,3.677938091626736,-0.0774936073299133,0.11369521592680588,561.7758472625909,0.0,1,Decay at rest
148,2,42,68.40919202685302,63.29626090978621,5.112931117066811,7.4740410836306985,6.420127265522004,0.9995866663423209,0.00038709297285194984,2.6240684827122344e-05,0.9999737593151728,-2.3565096360624906,3.62696716657362,-0.048279392027984584,0.08873247609873698,562.0091920268529,0.0,1,Decay at rest
149,2,48,86.11729274744273,78.59864205241259,7.51865069503015,8.730709541787608,9.735410692266795,0.9968937836183765,0.0030243933936076875,8.182298801571974e-05,0.9999181770119843,-3.496744272262753,5.603481932478102,-0.26971256814518146,0.21562901441966048,579.7172927474428,0.0,1,Decay at rest
150,2,48,97.38981040550975,86.85206236683425,10.537748038675502,10.820175123864228,12.025131162980024,0.9994860608440517,0.0005077307406305628,6.2084153177588264e-06,0.9999937915846823,-4.3594331508214745,6.826770886271645,-0.1964879342054701,0.10936316596181651,591.3376068205328,0.0,1,Decay at rest
151,2,59,143.5961298921174,132.50643572694662,11.089694165170775,7.722836383893055,23.460276338617465,0.9994706965751773,0.0004777761765201456,5.152724830269013e-05,0.9999484727516974,-8.53911392372,13.84884382014578,-0.2829500889624909,0.21469402486650344,639.8746661596934,0.0,1,Decay at rest
152,2,61,130.56493280858254,118.70357550449927,11.861357304083274,9.084642444899709,20.369255021968723,0.9992273816214412,0.0007471381870849187,2.548019147382322e-05,0.9999745198085261,-7.4522619130080825,11.612122872623425,-0.2654152289731253,0.22729504622223465,628.1435206626875,0.0,1,Decay at rest
153,2,36,41.988396055387554,39.157024204000386,2.8313718513871646,6.743224598654012,2.824407637641592,0.9992112075582091,0.0007150674490952019,7.372499269576469e-05,0.9999262750073044,-1.6641619687869438,1.0039215811113458,-0.04633204625854252,0.02479533706698354,535.5883960553875,0.0,1,Decay at rest
154,2,37,43.56656358835329,40.52726871328489,3.0392948750684012,6.976209791953617,2.918799241203787,0.998771640364105,0.001209877529472947,1.8482106422065208e-05,0.999981517893578,-1.6985502869477647,1.0526313122547666,-0.06620801016825509,0.04941368815900519,537.1665635883533,0.0,1,Decay at rest
155,2,57,135.11276905370192,121.51278386497768,13.599985188724244,10.06565499617493,21.450115652122708,0.9987231077602999,0.0012181388302567144,5.8753409443363496e-05,0.9999412465905566,-7.768906377003159,12.161498316831056,-0.32166231919099986,0.3917484845351752,630.9925240441225,0.0,1,Decay at rest
156,2,28,29.337029468701697,26.27165425191521,3.065375216786488,10.448826184180621,1.4550107101926415,0.9977567889833706,0.0022237214019582884,1.9489614671152955e-05,0.9999805103853289,-0.5238914100387345,0.8220929055422814,-0.03878522740540003,0.028582262432233486,522.9370294687017,0.0,1,Decay at rest
157,2,3,8.86106087726769,4.337889381671386,4.523171495596304,51.04548493962074,1.5293164122006968,0.9999994975542078,5.024457920320882e-07,2.0246193395928284e-16,0.9999999999999999,-0.7427555627073027,0.3645085066666147,-6.740313630454002e-05,2.07437308516337e-05,569.8916635471069,67.43060266983899,1,Decay in flight
158,2,41,65.51343838488225,62.50750844080695,3.005929944075297,4.588264664748446,5.959959794485034,0.9996619173351342,0.0003091336673846762,2.8948997481050535e-05,0.9999710510025189,-3.4822983020995455,2.15542055956477,-0.04698545038070918,0.04928211913340407,559.1134383848821,0.0,1,Decay at rest
159,2,64,175.56504141708456,162.285566095859,13.279475321225547,7.563849393956454,33.43886219042429,0.9991946422378982,0.0007518439072860931,5.351385481574948e-05,0.9999464861451843,-19.455653402157548,12.172251091697882,-0.30117379852308224,0.56484563211467,672.9715114436619,0.0,1,Decay at rest
160,2,46,88.02936666105158,86.81114589216949,1.218220768882098,1.383879965390115,9.915077595800385,0.9996262172449131,0.00036529361145159025,8.489143635324122e-06,0.9999915108563646,-5.7610534002652365,3.6215209099069585,-0.089716867504482,0.09785323408502516,581.6293666610516,0.0,1,Decay at rest
161,2,21,88.01686713695469,78.31097065480805,9.705896482146642,11.027314193135526,16.826213602258665,0.9994912357775586,0.000496048901174282,1.2715321267195855e-05,0.9999872846787329,-8.606039034510033,7.020804514939344,-0.11071705898914541,0.21150340898359737,620.6300848087033,0.0,0,No decay recorded
162,2,40,58.90810852869299,55.64413766261315,3.2639708660798474,5.540783684286911,4.927341076624636,0.9994184050177279,0.0005664714189365767,1.5123563335449005e-05,0.9999848764366646,-2.848470273374232,1.8084097936749879,-0.05686501775669017,0.05422157740774762,552.5081085286929,0.0,1,Decay at rest
163,2,48,82.36118558414967,81.08550570074433,1.275679883405331,1.5488847985340735,8.921871112111493,0.99859740311076,0.0013552081086073192,4.738878063260861e-05,0.9999526112193673,-5.182542242369906,3.2314328365348564,-0.13957784472716436,0.1888750790636535,575.9611855841497,0.0,1,Decay at rest
164,2,34,40.35408159698477,38.56038336571446,1.7936982312703127,4.4448991534089,2.6046987477691843,0.9996636166995857,0.00028243503099695765,5.3948269417339e-05,0.9999460517305827,-1.530114827894667,0.9324956981365132,-0.022951882767038273,0.01607880085027354,533.9540815969848,0.0,1,Decay at rest
165,2,44,73.39974331780951,71.1202962785135,2.2794470392959982,3.105524537635433,7.46069045083901,0.998278971410513,0.0015558993191333358,0.0001651292703537104,0.9998348707296464,-4.3563568255853236,2.6651519014703062,-0.17301719545321906,0.14565507587490803,566.9997433178095,0.0,1,Decay at rest
166,2,56,125.41863184563054,121.79674324962349,3.621888596007053,2.8878393446876336,18.79174783048911,0.999831811472187,0.00013335980915243713,3.482871866049011e-05,0.9999651712813394,-11.447840424713267,6.794242064317762,-0.14294851431078057,0.07973972482805144,621.1479915596085,0.0,1,Decay at rest
167,2,12,46.686056421587224,44.29747702494592,2.3885793966413043,5.1162586427772165,7.802032552167397,0.9995751025468755,0.00035413330330081076,7.07641498236888e-05,0.9999292358501763,-3.7258876219097123,3.311101562105296,-0.05202393130708114,0.0792785555531717,584.5436311560729,0.0,0,No decay recorded
168,2,56,118.68272088954834,113.52276571250829,5.159955177040052,4.3476886427655685,17.166305822934994,0.9997497425758519,0.00022660823285168406,2.3649191296389567e-05,0.9999763508087036,-10.388058585394628,6.152342131389565,-0.1794728011947087,0.08783081632133145,614.1731627900667,0.0,1,Decay at rest
169,2,62,166.74093139545784,160.1037467635325,6.637184631925334,3.9805370981069954,30.40649881803741,0.9993371599900324,0.0006416504399944895,2.118956997316888e-05,0.9999788104300269,-18.693618728699743,11.036845441303907,-0.5395999610130952,0.30307899571959773,663.859197384106,0.0,1,Decay at rest
170,2,19,13.637878277233314,12.943358856725624,0.6945194205076904,5.092576765896946,0.3786450646750965,0.9995987197624044,0.00039323709434052953,8.043143255081892e-06,0.999991956856745,-0.2166946095519784,0.13593405394764213,-0.002847521978435283,0.0036558204514887996,507.23787827723334,0.0,1,Decay at rest
171,2,28,23.91031288519105,21.273977411775743,2.636335473415309,11.0259346503497,1.0014707475511186,0.9995744762298686,0.00031725375450106723,0.00010827001563037741,0.9998917299843697,-0.36312264843014397,0.5646056266675079,-0.012430429492198856,0.007054228005365766,517.510312885191,0.0,1,Decay at rest
172,2,48,89.39368633442236,81.62344098648309,7.770245347939272,8.692163469879443,10.461363575383782,0.9992400343025991,0.0006781137680911848,8.185192930977224e-05,0.9999181480706903,-3.7517481136183672,6.029558072404507,-0.14402343462627748,0.1497504762272274,583.619004711989,0.0,1,Decay at rest
173,2,52,102.07650947476294,98.19254987879367,3.8839595959692788,3.804949459924015,13.262800830124737,0.9997142799282639,0.00027695590213771583,8.764169598398657e-06,0.9999912358304016,-7.699246750847671,4.862850342928461,-0.13579091758815762,0.08419068471338785,596.868275287288,0.0,1,Decay at rest
174,2,43,72.15413854156535,64.8258910832264,7.328247458338957,10.156378561871989,7.078756037244725,0.9992743175647922,0.0006987567533052486,2.692568190243079e-05,0.9999730743180975,-2.566807370700343,4.01964883748558,-0.12304206921065608,0.06266996442326546,565.7541385415653,0.0,1,Decay at rest
175,2,54,109.73597365927368,108.05011394857046,1.6858597107032296,1.5362871941499916,14.86164868911886,0.9998522119477206,0.00010126069065411557,4.652736162535008e-05,0.9999534726383746,-9.274720166863075,5.3900930648572585,-0.07888160857492203,0.0684492129007342,605.3567376200507,0.0,1,Decay at rest
176,2,11,74.40213219625552,60.997045627531335,13.405086568724183,18.01707313086765,20.725728254065398,0.9998435716570602,0.00014640714286030503,1.0021200079538069e-05,0.9999899787999205,-9.655729605311288,9.253423644354191,-0.11996561563930253,0.11230578077746109,677.0058181042833,106.78029923884044,1,Decay in flight
177,2,14,10.973621953562368,9.479724758322382,1.493897195239987,13.613528892846752,0.2518992414306711,0.99967205084157,0.00031867882319450597,9.270335235558857e-06,0.9999907296647644,-0.14169830601202946,0.09073388225811427,-0.001953804702420664,0.002736247810984832,504.5736219535624,0.0,1,Decay at rest
178,2,78,232.77715905807324,225.15088741374623,7.62627164432701,3.276211323819967,53.33486958064757,0.9985942738813638,0.001372091419277503,3.363469935861494e-05,0.9999663653006413,-19.876011830623124,32.16614142385136,-0.9489647107182879,0.857397886323523,734.9356767165966,0.0,1,Decay at rest
179,2,58,145.67209713377386,139.76547494067432,5.906622193099538,4.054738216389758,23.92098581433896,0.9997829639472257,0.00018546130132457057,3.157475144972621e-05,0.9999684252485502,-14.808352842267151,8.812859893512725,-0.18267747835630457,0.13740908858542386,641.7284484931332,0.0,1,Decay at rest
180,2,49,100.94956548556385,90.57483535520805,10.374730130355807,10.27714193761382,12.65056342628891,0.9968542534193461,0.0031201297547525137,2.5616825901388417e-05,0.9999743831740986,-4.611141405605492,7.173810838527189,-0.38327753530474185,0.2926553311988137,595.2439992476718,0.0,1,Decay at rest
181,2,37,47.83272723396118,46.81966561320552,1.0130616207556558,2.117925695101038,3.481862548168151,0.9999504363280648,4.1469336671582166e-05,8.094335263766975e-06,0.9999919056647364,-2.0399579553796534,1.2549377523117873,-0.012030502623165552,0.013215486761086751,541.432727233961,0.0,1,Decay at rest
182,2,52,97.05521997446944,89.72243227819507,7.332787696274367,7.555273892741957,12.269897951427437,0.9997955905459754,0.0001622957514235842,4.211370260095565e-05,0.999957886297399,-4.4685407119232865,7.447926406136031,-0.11824823407196261,0.08030303683598358,591.9148830922453,0.0,1,Decay at rest
183,2,40,55.30483021327796,51.271862194698755,4.032968018579201,7.2922527797778836,4.64838193597147,0.9994553421926534,0.0005063945507076459,3.8263256638999477e-05,0.9999617367433611,-1.6571361741949748,2.6831747269297566,-0.042943358708870887,0.05062583486648616,548.9048302132779,0.0,1,Decay at rest
184,2,38,50.93774866422058,47.93117280344357,3.0065758607770063,5.902451403174929,4.010385983126386,0.9997455587937082,0.0002145244387338788,3.991676755791253e-05,0.9999600832324421,-2.3656469394971507,1.4330046724872902,-0.029433784192506977,0.030470391385057537,544.5377486642205,0.0,1,Decay at rest
185,2,32,30.42833834773007,27.661501459144255,2.7668368885858143,9.092960834623486,1.5667594817236736,0.9985858795011091,0.0013721014736339245,4.2019025257050776e-05,0.9999579809747431,-0.911881033402841,0.5622133115256719,-0.02087779159690664,0.03302312234276084,524.02833834773,0.0,1,Decay at rest
186,2,6,28.244587129581138,15.33089316442092,12.913693965160219,45.72095143722402,6.223311239082951,0.9999984070620133,1.250572908760224e-06,3.4236507814365737e-07,0.999999657634922,-2.4409380520874033,2.3488869744010263,-0.005333720350653132,0.0012813190536177712,611.5132279873732,0.0,0,No decay recorded
187,2,49,108.22329892328399,99.60537356964055,8.617925353643447,7.963096153400772,14.46147292477182,0.9993258169720949,0.0006478710360663332,2.6311991838835393e-05,0.9999736880081612,-5.178420195877689,8.286634660693013,-0.14240480587903268,0.22298236823809583,601.823298923284,0.0,1,Decay at rest
188,2,9,19.628493790306326,16.09535104791919,3.5331427423871347,18.00007061230548,2.0750246553872,0.9999536313257575,4.08526919757944e-05,5.515982266711214e-06,0.9999944840177334,-0.9337860147637559,0.8847802009988784,-0.009730250414773689,0.004516258096707423,540.0209193697207,0.0,0,No decay recorded
189,2,11,31.979186542201088,24.852539049767405,7.126647492433683,22.28526821040009,4.232058347892001,0.9998523824119663,0.00011958261210036769,2.8034975933453774e-05,0.9999719650240666,-1.9753163926045108,1.8437165707610181,-0.03120601493292452,0.019173776939258896,561.2951733666206,0.0,0,No decay recorded
190,2,12,63.452117437369324,53.854440521590064,9.597676915779264,15.125857581116486,15.25999700373829,0.9998801353002404,9.419741442100079e-05,2.5667285338474223e-05,0.9999743327146614,-7.077620286939884,6.765087447732658,-0.054350058745468346,0.06757174366649214,640.1969892779186,82.12777474676743,1,Decay in flight
191,2,12,61.0006110694111,48.63021347714365,12.370397592267453,20.27913716830063,13.071712870507158,0.9999803453496866,1.3921935361024865e-05,5.732714952457993e-06,0.9999942672850476,-6.054467923083955,5.561629134753817,-0.02363033816993822,0.020824307467605243,622.5075063749296,67.03233308215273,1,Decay in flight
192,2,10,51.89313196916764,50.375726270551134,1.5174056986165068,2.9240973536114083,12.633037036981806,0.9999220413682218,4.53376859180704e-05,3.262094586013521e-05,0.9999673790541399,-6.336821548072833,5.617701838790182,-0.03256302482898583,0.06069564110879666,640.4952643886711,0.0,0,No decay recorded
193,2,41,56.38331223566387,52.49207686141853,3.89123537424534,6.901395501529325,4.660703230532615,0.9994589060855449,0.0005054612768674362,3.563263758767352e-05,0.9999643673624123,-1.6841093830050968,2.658350342619273,-0.044670292225381956,0.050125599584317275,549.9833122356639,0.0,1,Decay at rest
194,2,55,126.92510081284173,119.93133110543985,6.9937697074018805,5.510154935952811,19.243768498033642,0.9994442875153384,0.0005280390540494183,2.7673430612153452e-05,0.9999723265693878,-6.979156584525115,11.269818955845864,-0.19513363162993844,0.21925046595048275,622.508607159014,0.0,1,Decay at rest
195,2,42,64.51571995610173,58.02474104207287,6.490978914028864,10.061081110844773,5.882726101445043,0.9990430496290337,0.0009470660642016739,9.884306764708962e-06,0.9999901156932354,-2.1509389782933193,3.3245432075123613,-0.10423750985249325,0.09073705634986833,558.1157199561018,0.0,1,Decay at rest
196,2,31,32.89260681908075,32.53920890144976,0.3533979176309876,1.0743992398498017,1.81787911400781,0.9993510876083115,0.0005450686773173583,0.00010384371437111477,0.9998961562856289,-1.0576763528736577,0.6563796981576957,-0.014461671008506595,0.021518343314865934,526.4926068190807,0.0,1,Decay at rest
197,2,52,111.08182405089022,107.54689981517373,3.534924235716486,3.182270606302811,15.199569223425824,0.9998764165491072,0.00010217688342739274,2.1406567465376743e-05,0.9999785934325346,-9.22527132441459,5.576115572033655,-0.105375622804355,0.06790064537726512,605.9948106509229,0.0,1,Decay at rest
198,2,38,52.782217182502855,47.230516268389216,5.55170091411364,10.518127525635684,4.1177581491697035,0.999822484099025,0.00014326341657639198,3.425248439876146e-05,0.9999657475156014,-1.5134338631348165,2.3245497086297817,-0.02823707742478085,0.025629776726112736,546.3822171825028,0.0,1,Decay at rest
199,2,57,123.4361390087603,120.83490499425336,2.601234014506946,2.107352057019813,18.33319400842618,0.9990137525651679,0.0009650907630607608,2.1156671771384215e-05,0.9999788433282286,-6.618590007713894,11.138446098563785,-0.2452231359151086,0.4013211455573476,619.5200018644944,0.0,1,Decay at rest
200,2,62,165.20157386014893,163.1061050478947,2.095468812254242,1.2684315066078953,30.34832376404874,0.9999121405500472,6.266901460934595e-05,2.5190435343578323e-05,0.9999748095646566,-17.64465158056793,11.120642088897899,-0.11706995750379322,0.1628476474556514,661.8833960246872,0.0,1,Decay at rest
201,2,17,66.421210158452,59.94695987539109,6.4742502830609086,9.747263363037462,11.904801945718104,0.9997733214812452,0.00016189758990307264,6.478092885168689e-05,0.9999352190711482,-5.8825351032255595,5.033072475576739,-0.07695146756569217,0.05946954443514241,602.49423356748,41.84422576435397,1,Decay in flight
202,2,38,52.258154553019054,49.3574603332328,2.9006942197862555,5.550701597859384,4.024699224279661,0.9988992700872253,0.001069965261363387,3.076465141120491e-05,0.9999692353485887,-2.334150703257648,1.4617320451530755,-0.07518509114477705,0.0534666867711992,545.858154553019,0.0,1,Decay at rest
203,2,31,33.634555028545776,31.61221987060339,2.0223351579423876,6.01267106470124,1.8546405237301415,0.999267780134809,0.00045852819078696206,0.00027369167440420805,0.999726308325596,-1.0755095979958742,0.6693468497453939,-0.024712706000476065,0.01995148368219446,527.2345550285456,0.0,1,Decay at rest
204,2,44,73.43956643531679,69.45028912355622,3.9892773117605747,5.432054552329366,7.41707231242221,0.9989909111134209,0.0009276191240934368,8.146976248562447e-05,0.9999185302375143,-4.316080596633546,2.696461210987913,-0.1329413050871152,0.08437643268238323,567.0395664353167,0.0,1,Decay at rest
205,2,46,84.23110568175568,77.70531796244845,6.525787719307229,7.747479587841507,9.398019120161205,0.9996562081943692,0.0003083019025467251,3.548990308413486e-05,0.9999645100969159,-3.3745451923701184,5.37240226477835,-0.06334035208660346,0.08060806374409012,578.2009574912827,0.0,1,Decay at rest
206,2,32,36.95502044176709,33.3387806114263,3.6162398303407883,9.7855170613129,2.238237904341478,0.9993726721993521,0.0005728086676279815,5.45191330197715e-05,0.9999454808669801,-0.8029859951236656,1.2783420243081103,-0.03172913694677887,0.02371558399766313,530.555020441767,0.0,1,Decay at rest
207,2,59,138.97259158356928,134.5683262573919,4.404265326177386,3.1691611101092123,22.556704617269638,0.9992511718711254,0.0007393303087351861,9.497820139333798e-06,0.9999905021798606,-8.162707902522984,13.358465351540005,-0.3058156732329001,0.3176331100220439,636.4764432213417,0.0,1,Decay at rest
208,2,46,81.95850098457208,77.80365565594654,4.154845328625541,5.069450122578074,9.156325232154117,0.9988987470586436,0.0010714907745688893,2.9762166787532618e-05,0.9999702378332125,-5.373907694371831,3.2941343998271417,-0.13026838107375122,0.1277471727417285,575.5585009845721,0.0,1,Decay at rest
209,2,58,152.1010812532499,136.56269689840403,15.538384354845867,10.215827676447804,25.483914317189026,0.9996101999487269,0.0003689066769499333,2.0893374323115027e-05,0.9999791066256768,-9.455823177040564,14.48381435625699,-0.3110492488817156,0.23245560309410587,648.383520200172,0.0,1,Decay at rest
210,2,8,5.176145060324302,4.227519130166324,0.948625930157978,18.326880701804434,0.06882062564843416,0.9997975642958888,0.0001849595558767607,1.7476148234381187e-05,0.9999825238517656,-0.025481631565752335,0.03415470638537108,-0.000396580576398454,0.0007246512041900634,498.7761450603243,0.0,1,Decay at rest
211,2,44,73.02832683933782,67.7106148938013,5.317711945536514,7.281711324477514,7.245644461859576,0.9987345243756828,0.0011154612405692356,0.0001500143837480464,0.999849985616252,-2.5987084202421618,4.229820169764587,-0.1336233281370476,0.09615483193133778,566.9158606430375,0.0,1,Decay at rest
212,2,54,124.00062225558773,119.5777405723731,4.422881683214622,3.5668221681164325,18.515186516984848,0.9978113955568483,0.001992264803569664,0.00019633963958205604,0.9998036603604179,-6.664630349833276,10.767748631367281,-0.4040067145813681,0.3434199302600929,619.2492773819326,0.0,1,Decay at rest
213,2,49,97.93719153036909,89.0293069608074,8.907884569561693,9.095507467966824,12.43470170562603,0.9993742063321337,0.0006030155834479465,2.277808441837764e-05,0.9999772219155817,-4.476218437819119,7.132894896053458,-0.1574548184484884,0.15371800130788432,591.8487326994106,0.0,1,Decay at rest
214,2,50,97.92791887192897,92.49876532244035,5.429153549488623,5.544030356234691,12.05751351420703,0.9998346382069342,0.00014708956295765314,1.8272230108179433e-05,0.9999817277698918,-4.390727579676665,7.002608806643475,-0.07351089205989238,0.06921667234891356,591.8273184535303,0.0,1,Decay at rest
215,2,51,108.08059555143404,106.2828362719721,1.797759279461942,1.6633506415186374,14.644124351906825,0.9977715048568536,0.0021108887976706214,0.00011760634547572635,0.9998823936545242,-5.203059006597275,8.426143141056109,-0.2750596727817779,0.31806366798264923,603.1727516967027,0.0,1,Decay at rest
216,2,7,40.34426523358738,30.153240475904983,10.191024757682396,25.260157047545313,9.063485818247232,0.9999785679092454,1.8889253322148104e-05,2.5428374323590495e-06,0.9999974571625676,-3.8364916649291327,3.8813859061372735,-0.015452594723935585,0.01799133313767878,615.0995842654086,81.15531903182124,1,Decay in flight
217,2,38,52.773555463826426,49.39446710967991,3.3790883541465173,6.402995448094661,4.1839576204338105,0.9995395429516748,0.0004189567716754928,4.150027664976394e-05,0.9999584997233503,-1.5229710140647637,2.3789379104022803,-0.034205019678167324,0.03783041747163668,546.3735554638264,0.0,1,Decay at rest
218,2,16,12.459909458238199,10.811892661362394,1.6480167968758048,13.226555155954001,0.3159703543460991,0.999880928393146,9.03352494888083e-05,2.873635736511519e-05,0.9999712636426348,-0.11424658467630563,0.1753274275012548,-0.0012876388792361587,0.0013858601061849268,506.0599094582382,0.0,1,Decay at rest
219,2,49,95.42221688647042,86.05777883315555,9.364438053314867,9.813687376867701,11.53016619488932,0.9996937420312411,0.0002480384480430017,5.821952071593876e-05,0.9999417804792841,-4.220083429550921,6.525706025944943,-0.11054898135414883,0.0714275383154822,589.0222168864703,0.0,1,Decay at rest
220,2,58,131.806329614875,124.98379612118055,6.822533493694468,5.176180471476015,20.468001393910942,0.9994072646618368,0.0005053175328849901,8.741780527824844e-05,0.9999125821947218,-12.668097123176345,7.476496592559472,-0.2893413981900722,0.18884511522168773,627.503711986106,0.0,1,Decay at rest
221,2,44,68.47912153490299,63.55787987631037,4.921241658592614,7.186484797536891,6.589553801008405,0.9994129481817886,0.0005645231663011165,2.2528651910444455e-05,0.9999774713480897,-2.4229882821995745,3.724264079267806,-0.06635467240040038,0.09103498758936655,562.079121534903,0.0,1,Decay at rest
222,2,57,148.8387633699026,144.89188530650483,3.9468780633977785,2.651781010561591,24.96459047250652,0.99693065383805,0.003040593805682154,2.87523562676851e-05,0.9999712476437321,-15.374575745980707,8.993021611492049,-0.7481893808918717,0.5077754308879295,644.7722796806959,0.0,1,Decay at rest
223,2,57,118.37814603239516,112.93458803278777,5.443557999607389,4.598448431619898,16.99739817986797,0.9997006606318767,0.00027584735919715923,2.3492008926162057e-05,0.9999765079910738,-6.163962457465857,9.988916048153017,-0.1480228881312942,0.15893394623404883,614.3815636078357,0.0,1,Decay at rest
225,2,43,59.633243112960315,54.264400876700506,5.368842236259807,9.003102893615685,5.070175346537874,0.9986595158556879,0.0010471024384526024,0.00029338170585947287,0.9997066182941405,-1.8089011711727268,2.8842158648197325,-0.09747431187431076,0.06645548475461244,553.2332431129603,0.0,1,Decay at rest
226,2,45,68.31522362507476,66.30954842976588,2.0056751953088763,2.9359125080470396,6.461616519711875,0.9986829867381187,0.0011231731947189446,0.00019384006716236448,0.9998061599328377,-3.731045731839704,2.3681644512105176,-0.08725186885303214,0.10399997160511221,561.9152236250748,0.0,1,Decay at rest
227,2,46,76.93822426232454,71.21101434238122,5.727209919943323,7.443907075910834,8.074573057109623,0.9993432582996664,0.000610362750615168,4.6378949718432656e-05,0.9999536210502816,-2.9007166556521446,4.581789748901386,-0.07667202342048128,0.1536271911964402,570.5382242623245,0.0,1,Decay at rest
228,2,25,80.51229894809174,73.65283585503809,6.8594630930536535,8.519770498015612,13.466635445931407,0.9991131046675201,0.0008369016477002413,4.9993684779644414e-05,0.9999500063152204,-5.635336491226254,6.846942875955236,-0.14129904471053345,0.20090241444765264,603.8481297976185,28.12111319479741,1,Decay in flight
229,2,20,16.766344727658634,15.538864892822508,1.2274798348361262,7.321093862583009,0.5411474035834225,0.9997772546345851,0.00017721829803505926,4.552706737980061e-05,0.9999544729326202,-0.31440535373765727,0.19180976833863658,-0.003760040563341939,0.0030847409817519058,510.3663447276586,0.0,1,Decay at rest
230,2,39,58.2799763039867,52.1243963267968,6.1555799771899,10.562083870938055,4.964011759498264,0.9988353830924294,0.0010410462637071717,0.00012357064386345884,0.9998764293561365,-1.773276999016202,2.8409332875246323,-0.089416138665778,0.06399593489946033,551.8799763039866,0.0,1,Decay at rest
231,2,24,21.32816243752916,19.685759830559935,1.6424026069692244,7.70062874277084,0.8526335825302804,0.9992697090518792,0.0006901280003555514,4.0162947765213464e-05,0.9999598370522347,-0.5002698769950148,0.3017885399995172,-0.01037842380052744,0.010394757922530432,514.9281624375292,0.0,1,Decay at rest
232,2,61,155.56971413510138,138.97552387219142,16.59419026290996,10.666722861301315,27.6515703167236,0.9991171396453484,0.0008486926039257667,3.416775072583141e-05,0.9999658322492742,-10.0019059000952,15.802676114831804,-0.4647797577378675,0.28809394500093255,651.9905096951638,0.0,1,Decay at rest
233,2,49,91.29157990786389,86.91802052486715,4.373559382996748,4.7907587834614835,10.867955288719855,0.9997274499286616,0.0002588757942030591,1.3674277135383976e-05,0.9999863257228646,-6.425443996287441,3.87070426526811,-0.10798052575080078,0.06841999773225699,585.1854198551255,0.0,1,Decay at rest
234,2,42,63.50192489405648,57.89449821033205,5.607426683724428,8.830325526477482,5.716512407763121,0.9949488036012176,0.005038014196695539,1.318220208688169e-05,0.9999868177979132,-2.027287860215286,3.239256620902722,-0.2235839063395563,0.15629227853923153,557.158741382541,0.0,1,Decay at rest
235,2,64,194.35876142047584,183.15509887489844,11.203662545577398,5.764423720183824,39.48979056032537,0.9987600013463326,0.0012177395096042995,2.2259144062939148e-05,0.9999777408559369,-23.33647637855709,14.613472727133848,-0.6118514175822324,0.6774458147825335,691.7346912133669,0.0,1,Decay at rest
236,2,51,87.77874198392,82.96071737577326,4.818024608146742,5.488828501357818,10.163916422862046,0.9997563426560835,0.0001944286502383923,4.9228693678046e-05,0.9999507713063219,-6.252436395901167,3.671294527448476,-0.05973704274982543,0.08143032183007201,581.7627072350333,0.0,1,Decay at rest
237,2,41,63.88121537810593,59.672021064176754,4.209194313929175,6.589095540865049,5.844228919339662,0.9997109995298855,0.00019624768106523717,9.275278904916644e-05,0.9999072472109507,-2.1048450912405,3.334301035706536,-0.0463703755818043,0.03911141341747174,557.481215378106,0.0,1,Decay at rest
238,2,44,78.0752257647994,70.59067022859885,7.484555536200545,9.586338640566563,8.201449896763414,0.9992606113432941,0.0007229894300410564,1.6399226664914472e-05,0.9999836007733351,-2.983469020520466,4.645545000158733,-0.11448723668872902,0.09299348446776982,571.6752257647994,0.0,1,Decay at rest
239,2,21,79.06025308393518,71.15167770234503,7.908575381590149,10.00322548068993,14.330312153783606,0.9997597656887186,0.00023911316799276306,1.121143288608306e-06,0.9999988788567113,-6.179842239211755,7.414336981454239,-0.15966411613221226,0.0752650344535895,610.5396286126406,37.15272317606763,1,Decay in flight
240,2,44,69.50915255846516,63.75317050752088,5.755982050944279,8.280898038719203,6.856198167259426,0.9994398897781329,0.0005400111184758594,2.009910339112804e-05,0.9999799008966088,-4.299789332755288,2.4841302004569803,-0.08197938136314852,0.08701471670195772,563.3896197422556,0.0,1,Decay at rest
241,2,38,52.03239351612683,49.640031847847844,2.3923616682789866,4.597831286653192,4.006064490184494,0.9997836526227446,0.00021003126433744506,6.316112918061174e-06,0.9999936838870821,-2.3307555402060602,1.4550183821702858,-0.02466313332142124,0.0305763821335707,545.6323935161269,0.0,1,Decay at rest
242,2,24,95.56231278693602,91.91892708686376,3.6433857000722623,3.8125758929626246,19.950937891211403,0.9997252412305683,0.00025821314168844226,1.6545627743369244e-05,0.9999834543722567,-10.41884063344636,8.364638417196705,-0.11379771055349842,0.20510436281449762,635.766373810688,0.0,0,No decay recorded
243,2,57,131.1724814677095,125.16459274800326,6.0078887197062505,4.5801441373091665,20.486691204549327,0.9995239925612649,0.0003861764009873537,8.98310377477657e-05,0.9999101689622523,-7.463023734921378,11.963613917467852,-0.20453603304939666,0.23574166155065407,626.2128126079919,0.0,1,Decay at rest
244,2,55,120.42652755555368,114.32633362121504,6.100193934338632,5.065490185727199,17.403603315592076,0.9986179886318687,0.001047756260775144,0.0003342551073560635,0.9996657448926438,-10.10370091502986,6.327805314248212,-0.35820440986672536,0.2561112627004931,615.1188480835116,0.0,1,Decay at rest
245,2,41,62.973816175705565,58.204218726385385,4.7695974493201785,7.573937453643191,5.775665910652148,0.9993604757685981,0.0006163609713232224,2.316326007866329e-05,0.9999768367399213,-2.080547636903658,3.2990656682703396,-0.04088529659895268,0.08983962801466382,556.5738161757056,0.0,1,Decay at rest
246,2,42,62.93434320053553,57.01455275110533,5.9197904494302,9.406295749472168,5.694104665114678,0.9996622161698442,0.00026178739267909495,7.599643747674841e-05,0.9999240035625233,-2.059895011322098,3.241712522960195,-0.043818679386671396,0.04187653714907868,556.5343432005354,0.0,1,Decay at rest
247,2,47,82.64447885309417,78.06827843854255,4.57620041455162,5.537212501135263,9.42267529093535,0.9996347849995983,0.0002673186965677776,9.789630383382287e-05,0.9999021036961662,-5.559906976224705,3.3807379651390694,-0.1139450010867439,0.08360261569629383,576.5475177550263,0.0,1,Decay at rest
248,2,59,133.22669675845808,130.10454921129073,3.1221475471673488,2.3434849194135974,21.285756025717458,0.9998261880956038,0.00013083614012782753,4.2975764268527846e-05,0.9999570242357316,-13.215568578855514,7.758495286347489,-0.12586530806096483,0.0842292078992886,629.2404525587314,0.0,1,Decay at rest
249,2,55,126.08131579374577,118.96603710256753,7.115278691178251,5.643404533323566,18.71392815537392,0.9996066164692818,0.00036900297991890595,2.438055079918993e-05,0.9999756194492008,-11.577989315763286,6.911048318737372,-0.2910231709750475,0.16676148564698615,621.6326157740368,0.0,1,Decay at rest
250,2,40,54.484921968139815,50.167151570655435,4.317770397484382,7.924706949216534,4.332661884405416,0.9978355838404201,0.0021294195963011847,3.499656327859739e-05,0.9999650034367213,-2.5023089596818138,1.5799685498073557,-0.09772439386284436,0.10545556574710047,548.08492196814,0.0,1,Decay at rest
251,2,4,14.50553163405987,6.251323471065525,8.254208162994345,56.90386516832629,3.0089737508890617,0.9999826300570926,1.7102437537913832e-05,2.675053694318244e-07,0.9999997324946306,-1.4212301056301875,0.8417367493274913,-0.00834155266247088,0.006587527899857034,596.2845588220838,87.84678301504927,1,Decay in flight
252,2,53,121.27979805440654,114.79612417465879,6.483673879747759,5.34604607177789,17.688534500872603,0.9998363456240469,0.00014927005860523025,1.4384317347760439e-05,0.9999856156826521,-10.361573789837662,6.407724102606219,-0.09688247221442178,0.11330414053551392,615.5304893898098,0.0,1,Decay at rest
253,2,54,131.23607758928605,128.7893906176122,2.4466869716738553,1.8643402154481943,20.332229582763336,0.999496562224721,0.00045965619787546896,4.3781577403522456e-05,0.9999562184225965,-7.370105297941923,11.808937218095583,-0.1454603609239764,0.2540003891335349,626.3141749574307,0.0,1,Decay at rest
254,2,52,107.07927977820641,102.19880131280186,4.880478465404544,4.557817792119533,14.143024775901852,0.9997942443247625,0.00016803356327804267,3.7722111959551956e-05,0.9999622778880405,-8.627864864451167,5.129477468646797,-0.07328645019664864,0.1407665267797228,601.7939227456177,0.0,1,Decay at rest
255,2,55,130.9202746360946,127.59835520715468,3.321919428939923,2.537360571671206,20.26789480488249,0.9996252995059551,0.00036202780319623035,1.2672690848766086e-05,0.9999873273091514,-12.675256481698469,7.318612749603119,-0.1744444024680573,0.16776110272682399,625.8386593734966,0.0,1,Decay at rest
256,2,54,122.059853419991,111.14791439533738,10.911939024653625,8.939826420327705,17.800216189815657,0.9998945604254647,9.812726096462672e-05,7.3123135707540196e-06,0.9999926876864292,-6.43903205334898,10.13947388871898,-0.0810968232904561,0.0889331050968312,616.321790152339,0.0,1,Decay at rest
257,2,40,54.910418629642265,50.76547780013722,4.14494082950505,7.548550772234485,4.621030394107395,0.9995461880918924,0.0003691055493467056,8.470635876084032e-05,0.9999152936412391,-1.64349953813168,2.657467334643262,-0.03244133784490527,0.06483958854527727,548.5104186296422,0.0,1,Decay at rest
258,2,48,96.23234728256978,89.79980502935666,6.432542253213113,6.68438673154782,11.789157527394066,0.9998657492075214,0.00013048703398804248,3.763758490622089e-06,0.9999962362415094,-4.2513471889786905,6.91372537672745,-0.10935838304949269,0.07262854005442747,590.144021311971,0.0,1,Decay at rest
259,2,52,110.94309546360485,102.04904997785736,8.894045485747489,8.01676341243354,15.07735278782264,0.9991210841893321,0.0008549679904599971,2.394782020801827e-05,0.9999760521797921,-8.746876544273764,5.521837371377814,-0.19332477025118688,0.1523709853743977,604.5430954636048,0.0,1,Decay at rest
260,2,3,11.733493538654317,11.526372125619172,0.2071214130351452,1.7652152136344843,2.9876708440781186,0.9999949229450585,5.077054941583677e-06,1.368768674246118e-17,1.0000000000000002,-1.0135615997274414,0.894508047258627,-0.0005191393285696338,0.0052278485901064145,627.0877097490729,121.2970465714452,1,Decay in flight
261,2,60,148.86258253348643,140.60665533096395,8.255927202522482,5.5460056261386725,24.910968896892886,0.9997885373753695,0.00015927887308674076,5.2183751543675456e-05,0.9999478162484563,-14.511866732455264,9.044804757551702,-0.19791832848397947,0.1620632298445783,645.2255291930511,0.0,1,Decay at rest
262,2,33,40.44374892846719,36.1728204208074,4.270928507659792,10.560169669764736,2.525147170724966,0.9986966935315894,0.0012620651150732714,4.124135333742443e-05,0.9999587586466627,-0.9209810278459987,1.4220541552671444,-0.04453245947384152,0.03763538548785959,534.0437489284672,0.0,1,Decay at rest
263,2,17,12.873052496419517,11.082640721241344,1.790411775178172,13.908214665295223,0.34615514669361375,0.9998353052978932,0.00015888186656407474,5.812835542629659e-06,0.9999941871644573,-0.19828098175223588,0.12272320683119396,-0.0028495951103410795,0.0015336672609861132,506.4730524964195,0.0,1,Decay at rest
264,2,47,70.29770438900262,68.69703298458813,1.6006714044144845,2.276989580707978,6.880526778066355,0.9993439183088088,0.0006141642876473134,4.191740354396001e-05,0.999958082596456,-4.014452452162066,2.4976465540050987,-0.07765327469475759,0.0774272695251796,563.8977043890026,0.0,1,Decay at rest
266,2,50,95.4603416883097,86.21501442454597,9.245327263763732,9.68499284650679,11.758664867642704,0.9990542788348383,0.00088927704212012,5.6444123041562e-05,0.9999435558769585,-4.280509486086036,6.661359518992538,-0.19344688711116687,0.12861848165352516,589.0603416883097,0.0,1,Decay at rest
267,2,44,75.53566498720438,70.82150388170753,4.714161105496859,6.2409738582369405,7.8282100875981095,0.999740303763901,0.00021568340102886622,4.401283507005918e-05,0.9999559871649298,-2.7888325611228244,4.473138066974216,-0.06177826439509653,0.04793227439080482,569.4115928049697,0.0,1,Decay at rest
268,2,43,70.16570896967488,63.95556585728523,6.21014311238965,8.850681057143781,6.954158300290382,0.9994515668339538,0.0004101822300296659,0.00013825093601656046,0.9998617490639834,-2.474705928998041,3.9899158811676245,-0.06305586231807157,0.061911513686687035,563.7657089696748,0.0,1,Decay at rest
269,2,14,10.41690900817696,8.726991816701755,1.6899171914752054,16.22282761756555,0.23250003999259042,0.9980339559198396,0.0019051119564424486,6.0932123717966385e-05,0.9999390678762821,-0.13267273869550683,0.07919301633644675,-0.0060552102719219954,0.003990508934208961,504.016909008177,0.0,1,Decay at rest
270,2,51,105.47371302927365,97.82427969850234,7.649433330771318,7.252454769131205,13.729643851621482,0.9993191672710964,0.0005754360001436439,0.00010539672876000691,0.99989460327124,-4.970888659254502,7.854387388834801,-0.11329443779987489,0.2127061992876209,599.3779188803718,0.0,1,Decay at rest
271,2,45,81.35062404472006,75.20526652486846,6.145357519851603,7.554161497855723,8.777538281163192,0.9997755997083975,0.00019056357396017443,3.383671764245944e-05,0.9999661632823577,-5.433217581794752,3.152870350388126,-0.07933312725653334,0.04234812270778441,574.95062404472,0.0,1,Decay at rest
272,2,9,6.8071670679394165,6.183301635208883,0.6238654327305334,9.164832102752877,0.1123524362749615,0.9999074134732174,8.458352744465138e-05,8.002999337921016e-06,0.9999919970006621,-0.061430311772465704,0.03931457815226263,-0.00041431625653529406,0.0006116862462061142,500.40716706793944,0.0,1,Decay at rest
273,2,58,149.37964545422992,141.60281524852925,7.776830205700653,5.206084257365226,25.110302138783023,0.9987869745235244,0.001176432680689557,3.659279578604749e-05,0.999963407204214,-15.598300991505027,9.198272207142761,-0.5447553244635457,0.37809346469705724,645.5625116791009,0.0,1,Decay at rest
274,2,41,64.63207577667686,60.21816275008891,4.4139130265879505,6.829291761940834,5.902589706693713,0.9998318056710369,0.00015225116183351626,1.5943167129624715e-05,0.9999840568328704,-2.132500917081025,3.3646013645980157,-0.030512991404587176,0.04229201192490854,558.2320757766768,0.0,1,Decay at rest
275,2,46,80.61401199918888,74.8048624598078,5.809149539381079,7.206128804803227,8.808014692487246,0.9994532138068314,0.0004578457521285878,8.894044104000664e-05,0.99991105955896,-5.161318348820906,3.180028038458321,-0.07794999111054629,0.11779922765771857,574.4993209744099,0.0,1,Decay at rest
276,2,46,74.2349154887729,66.50577258118157,7.729142907591328,10.411735309054489,7.5123051001104235,0.9988431635787697,0.0011103915865685035,4.644483466181612e-05,0.9999535551653381,-2.7298476854724263,4.2590593919121345,-0.16156478380770825,0.09047879349304612,567.8349154887728,0.0,1,Decay at rest
277,2,31,34.740478053791264,32.969834975829826,1.7706430779614388,5.096772344985641,1.9912249063528198,0.9982168167504041,0.0017639995893901866,1.91836602057295e-05,0.9999808163397943,-1.1710800161379225,0.7038512084987181,-0.038833748309294924,0.035510654167422225,528.3404780537912,0.0,1,Decay at rest
278,2,10,7.487017047830136,5.931210135418247,1.5558069124118892,20.78006370858723,0.13207918465355908,0.9998848730634035,7.476499970254333e-05,4.036193689400612e-05,0.999959638063106,-0.04759868901199211,0.07044529352025111,-0.0007331430596982336,0.0005334147580256587,501.0870170478301,0.0,1,Decay at rest
279,2,67,177.67508585962946,170.8308740087621,6.844211850867357,3.852094297719694,34.19260549889163,0.9976494911082721,0.0015298536224113916,0.0008206552693165174,0.9991793447306835,-20.966103597323237,12.39535383918636,-0.5439167177412969,0.896468828628636,675.2734421417794,0.0,1,Decay at rest
280,2,50,96.46385324614116,91.30181228133353,5.16204096480763,5.35126971512941,11.888717127088565,0.9998566436502173,0.00012561061282350845,1.7745736959230068e-05,0.9999822542630408,-7.472986110132583,4.293306403991698,-0.04599278684549765,0.06700624719952784,590.7422023947528,0.0,1,Decay at rest
281,2,44,59.902985370480174,54.868644259056346,5.034341111423828,8.404157289136913,5.137790723095183,0.9974732787451303,0.0025116226669828494,1.5098587886798272e-05,0.9999849014121132,-2.9782179488288567,1.858131550872055,-0.10871584125277749,0.12850780608422915,553.50298537048,0.0,1,Decay at rest
282,2,21,17.701720611942562,15.798232164270807,1.903488447671756,10.753126712369175,0.6036489916302139,0.999336272048388,0.0006449282150503371,1.879973656153719e-05,0.9999812002634384,-0.21901566828855928,0.3375693404813092,-0.00871610749347744,0.006272486899873696,511.30172061194247,0.0,1,Decay at rest
283,2,53,110.82343056327338,106.53992920823461,4.2835013550387675,3.8651585980215177,15.144344068495453,0.9988171017320838,0.0011175959150335959,6.530235288263371e-05,0.9999346976471174,-8.82558128521051,5.469094489476308,-0.3026595905613068,0.19971773933257037,605.3831423583111,0.0,1,Decay at rest
284,2,37,112.66144877558195,96.90131521618127,15.760133559400678,13.988932088734602,19.250687578101882,0.998714071155846,0.0012524997544745811,3.3429089679383394e-05,0.9999665709103206,-7.72924442732664,10.123013124163922,-0.48790752468388293,0.35282167724814767,624.6499476174985,16.59633215341141,1,Decay in flight
285,2,60,176.4489072310485,173.8946231414272,2.5542840896213286,1.4476055021846397,33.63601614400533,0.999035150342346,0.0007950419390884886,0.00016980771856539524,0.9998301922814345,-20.004673110024616,12.357153341696005,-0.41613797515190915,0.44671140172388407,672.3520911888687,0.0,1,Decay at rest
286,2,52,116.69186540951067,108.42585321026998,8.266012199240697,7.083623327326634,16.429303954711646,0.9986644046023166,0.0012704752141407339,6.512018354261142e-05,0.9999348798164573,-6.012249014924022,9.275075880731402,-0.2557267805924449,0.2724658757183244,610.9013792744958,0.0,1,Decay at rest
287,2,5,17.809432886779827,6.1782155707971285,11.631217315982699,65.3093076569367,4.05577431136985,0.9999933240225225,5.918276769350796e-06,7.577007082503359e-07,0.9999992422992918,-1.7162704386771235,1.300181309373028,-0.007873793787249533,0.00363840781817944,600.0166647697381,87.99482059309996,1,Decay in flight
288,2,64,169.01545486296533,158.08488299095973,10.930571872005588,6.467202588584517,31.30222277727746,0.9998905099293838,6.035967531036326e-05,4.9130395305828936e-05,0.9999508696046941,-11.439563033607511,18.598610426262248,-0.12938100600033814,0.1431092746288096,667.9165572323516,0.0,1,Decay at rest
289,2,56,132.38239192921702,126.20280146052362,6.179590468693409,4.667985204556168,20.702912910679466,0.9992607264414181,0.0007202931301729875,1.8980428409071457e-05,0.999981019571591,-12.905912412883287,7.557148815600362,-0.34664311885458454,0.2462342681371155,627.7441883782908,0.0,1,Decay at rest
290,2,17,78.30103026285411,71.61000109700812,6.691029165845994,8.545263253094394,15.42047631814125,0.9992333173641778,0.0007339161764807995,3.2766459341350605e-05,0.9999672335406585,-7.967535620542357,6.546103380433852,-0.26543492723254003,0.16219757159952833,622.0815130068677,49.41535143796859,1,Decay in flight
291,2,48,91.2442021957925,82.32175836831048,8.922443827482015,9.778641944105301,10.951961679174318,0.9996815186740501,0.00018987094345220796,0.00012861038249780638,0.9998713896175023,-3.9475293170003845,6.333645406155139,-0.07801074032567121,0.0674454996626782,584.8442021957925,0.0,1,Decay at rest
292,2,12,71.74741073173561,64.22304989919924,7.524360832536368,10.487292511042718,19.504820817145117,0.9952652040445337,0.00472570704617365,9.088909292702093e-06,0.9999909110907074,-8.512679115877166,8.095329512501806,-0.599062617741255,0.5482409722115225,674.6646579097084,0.0,0,No decay recorded
293,2,64,187.2110384164888,177.6799586407127,9.531079775776096,5.091088568491502,36.560265891360814,0.99941145157561,0.0005746270401914003,1.3921384198669584e-05,0.9999860786158014,-21.762609646083977,13.54232648356111,-0.41805268262146716,0.4898971085202337,684.808511359958,0.0,1,Decay at rest
294,2,54,122.88536442480903,119.4024231769766,3.4829412478324313,2.834301109928815,18.07588190553879,0.9992334251980658,0.0007563093487315129,1.0265453202720087e-05,0.9999897345467973,-6.549228647259255,10.71009678276115,-0.206303363322102,0.2509037034355019,618.1633362619716,0.0,1,Decay at rest
295,2,52,101.95800762867161,94.45232280146509,7.505684827206528,7.36154521039881,13.296337994875865,0.9979689814798534,0.002021655646860931,9.362873285646584e-06,0.9999906371267143,-8.337686065000673,4.758272723816642,-0.22360464520098805,0.29361420450598896,596.8069418144327,0.0,1,Decay at rest
296,2,69,193.16374326415155,188.60523624626072,4.558507017890819,2.359918554517272,39.07043900514577,0.999360341595031,0.0005088174226354525,0.00013084098233351885,0.9998691590176664,-24.066641486012117,14.473099386183844,-0.5718220870936489,0.46142017169533994,692.3109589251135,0.0,1,Decay at rest
297,2,49,95.03141248138724,89.47345457936572,5.557957902021506,5.848548134660298,11.937296018487467,0.9980696659081048,0.0017137464125133496,0.00021658767938190177,0.9997834123206181,-4.263161728812058,6.819016244471125,-0.18075264128811494,0.31274963553332086,588.6314124813873,0.0,1,Decay at rest
298,2,12,48.353524372790964,35.838480741400645,12.515043631390316,25.88238146800456,9.93812686263329,0.9997838215037108,0.00021027711426992485,5.9013820192480714e-06,0.9999940986179807,-4.513196010344864,4.456334823195065,-0.06865715902154758,0.05569227277825757,611.4527312971996,68.17939868305238,1,Decay in flight
299,2,39,52.39121391758965,48.559137818625594,3.8320760989640594,7.31434874746716,4.0315820612969,0.9994538925575488,0.0004930057437396294,5.310169871158363e-05,0.9999468983012885,-1.4487599770664545,2.2943275919090227,-0.04342251446167077,0.042346492697594225,545.9912139175897,0.0,1,Decay at rest
300,2,44,78.66224835241054,77.87455821849662,0.787690133913925,1.0013572589293867,8.323769117823991,0.9996885041195032,0.00029217229908194833,1.9323581414839445e-05,0.9999806764185851,-4.876486224354438,3.009886367294225,-0.06447008057640391,0.0805912545225328,572.5828981686999,0.0,1,Decay at rest
301,2,34,35.68188336442887,32.37074921366421,3.311134150764661,9.279594680995785,2.0780764022294105,0.9967596555606456,0.0032043025334740046,3.6041905880333314e-05,0.9999639580941196,-1.2142212448745242,0.7346091314975759,-0.04365025927279436,0.057946253903567335,529.2818833644288,0.0,1,Decay at rest
302,2,56,109.53885534059458,104.33974046852082,5.199114872073766,4.746365895378312,14.988566713243916,0.9983452513905255,0.00151322200769867,0.0001415266017758674,0.9998584733982242,-5.348514527849955,8.665205406212342,-0.311191319498241,0.24070630462681247,605.1772912253381,0.0,1,Decay at rest
303,2,41,64.8404635502629,61.572704939703485,3.2677586105594143,5.039690390285875,6.018968394362233,0.9988280192200353,0.0009514395259870511,0.00022054125397768195,0.9997794587460224,-3.5138177152713594,2.1764761202673775,-0.08727842463898694,0.08530925566239635,558.4404635502627,0.0,1,Decay at rest
304,2,54,125.06255223077477,115.39920554235427,9.663346688420502,7.72681071675954,18.55481955452845,0.9997695814658483,0.00022162975572625473,8.788778425509855e-06,0.9999912112215745,-6.732513149651777,10.548159641473916,-0.16760198193150427,0.1077164129085249,620.0931562744247,0.0,1,Decay at rest
305,2,5,21.82126532145255,13.687783444605822,8.133481876846728,37.27319088527226,4.0050442683414715,0.9999721236533204,2.7021406434359862e-05,8.549402453722341e-07,0.9999991450597548,-1.6016482758625241,1.5815496816638497,-0.00815732636395776,0.007106713626487741,580.1276344597887,0.0,0,No decay recorded
306,2,58,128.74099999926338,113.5558789116361,15.185121087627278,11.795093317369108,19.71209371251769,0.9994911551399281,0.0004526146380328076,5.6230222039159284e-05,0.999943769777961,-7.197499517287474,11.170728242067952,-0.2800862178826799,0.17447107668595588,624.841232755145,0.0,1,Decay at rest
307,2,20,16.38054694063482,14.51332646421777,1.8672204764170488,11.399011786261427,0.5216592866821372,0.998901395695967,0.0009963539562787183,0.00010225034775427907,0.9998977496522458,-0.18558514823815378,0.293988380302228,-0.009828441240683416,0.006533204700256902,509.9805469406348,0.0,1,Decay at rest
308,2,46,74.61848344102785,73.36602188251877,1.252461558509089,1.6784870192369012,7.678288680775334,0.9994885253481515,0.0004977074993033758,1.3767152545212834e-05,0.9999862328474548,-4.549763354021497,2.721246019593287,-0.06802479716998736,0.0892414155321641,568.494070784255,0.0,1,Decay at rest
309,2,55,125.07203263641799,118.67541059631863,6.396622040099365,5.114350430918656,18.702498242743925,0.9994324651958991,0.0004306514390787054,0.0001368833650220761,0.9998631166349778,-6.784212714545241,11.255586830521375,-0.3185982933017515,0.1562366780473633,620.2140996503002,0.0,1,Decay at rest
310,2,25,22.60367932609045,20.738564915806542,1.8651144102839088,8.251375288849935,0.931396562018113,0.9980783886738007,0.0018339069415690941,8.770438463025325e-05,0.9999122956153698,-0.3367725242215147,0.5231121739819548,-0.014403914514243539,0.021137769655049606,516.2036793260904,0.0,1,Decay at rest
311,2,55,129.35298449966604,119.2196365273053,10.133347972360738,7.833872570900675,19.9433464467221,0.9996935271742797,0.0002842011660672788,2.2271659653159977e-05,0.999977728340347,-7.246770821018695,11.34655267393122,-0.18392778595391984,0.12037995539015181,624.5463281016972,0.0,1,Decay at rest
312,2,58,145.56783685551918,142.32559869730287,3.242238158216298,2.2273039348893566,24.338815278903475,0.9996741295527897,0.0003223153771404324,3.555070069965094e-06,0.9999964449299301,-8.868338820256579,14.255421305837668,-0.19678044005512538,0.2580280846721849,642.5579147198406,0.0,1,Decay at rest
313,2,35,40.305639507073415,36.6338553714035,3.671784135669918,9.109852071756709,2.5744165558166094,0.9973621166412784,0.0026014960068152008,3.638735190628833e-05,0.9999636126480936,-1.485986011183529,0.924455541489262,-0.04797706382476026,0.09663401870477306,533.9513927852186,0.0,1,Decay at rest
314,2,59,151.78537006924,146.1965881236386,5.588781945601383,3.6820293965432547,26.05414941975873,0.9996302367691349,0.00023978973063378556,0.00012997350023137027,0.9998700264997686,-15.434495964502096,9.464797072823606,-0.16140728051986045,0.1902675552286719,647.6053519058576,0.0,1,Decay at rest
315,2,42,64.37888972245162,62.10461109462667,2.2742786278249483,3.5326465517341967,6.077379463826979,0.9997714766510716,0.00014380495119880744,8.471839772945116e-05,0.9999152816022704,-3.57841155457293,2.1797271542417573,-0.05964977383166053,0.03660836494012322,557.9788897224515,0.0,1,Decay at rest
316,2,31,33.725796017587925,30.41983226204297,3.305963755544954,9.802478061069046,1.8655648052858296,0.9997414549108652,0.00023024225590768184,2.830283322725964e-05,0.9999716971667729,-0.6761985968578061,1.0558201019078746,-0.01022370567025139,0.01686241257536966,527.3257960175879,0.0,1,Decay at rest
317,2,48,87.82112059874311,82.55742607165172,5.263694527091389,5.993654477652752,10.270744700883544,0.9977919872393068,0.002118697747677673,8.931501301543485e-05,0.9999106849869845,-3.6786783127095766,5.8615249665578855,-0.1908502374193523,0.24215694801773865,581.4211205987431,0.0,1,Decay at rest
318,2,43,63.62045944721348,59.44314471296521,4.177314734248268,6.565992717663769,5.723547414171222,0.9980193083004932,0.0018725091360670654,0.0001081825634396653,0.9998918174365603,-2.0552183356251814,3.258330824080701,-0.09870165343813381,0.12283719657924808,557.2204594472134,0.0,1,Decay at rest
319,2,53,104.47198986545199,92.10310212294817,12.368887742503821,11.839429648495772,13.50671729294864,0.9994663204974786,0.00035932416691278845,0.00017435533560864532,0.9998256446643914,-4.934738883473022,7.661062451026395,-0.13884803554814976,0.1139488521156868,599.5286902265842,0.0,1,Decay at rest
320,2,48,93.61076525634337,86.74823414624282,6.8625311101005515,7.330920852220599,11.39861367399708,0.999746617441223,0.00018575860382679288,6.762395495028321e-05,0.9999323760450497,-6.690622615055007,4.116577584124976,-0.0725890966900048,0.10955231203210629,587.2107652563432,0.0,1,Decay at rest
321,2,39,51.53531265536497,46.38582904531891,5.149483610046064,9.992145860223067,3.9815722025316442,0.9990503465967694,0.0009080927090473844,4.1560694183078264e-05,0.9999584393058167,-1.4451684175354649,2.2547145976910747,-0.05928062624575686,0.05607517190287605,545.1353126553648,0.0,1,Decay at rest
322,2,56,114.22618486033954,108.10614781546896,6.120037044870588,5.357823210460324,16.11153724074179,0.9973375956629372,0.0026191591689143302,4.3245168148483334e-05,0.9999567548318515,-9.543474777257677,5.8384873208699855,-0.5916554966011396,0.2771991945556659,609.755473792075,0.0,1,Decay at rest
323,2,53,113.41961137762644,107.14743968150141,6.27217169612503,5.530059237499998,15.692177792509872,0.9991686600240706,0.0007641939259230836,6.714605000635046e-05,0.9999328539499936,-5.607437020089287,9.083990254523602,-0.18999269119831105,0.17586491213140876,608.1190764551676,0.0,1,Decay at rest
324,2,55,117.13149121812246,114.89146837365668,2.2400228444657837,1.9124001762211063,16.5508470853863,0.999183219442566,0.0008020338352514128,1.4746722182430942e-05,0.9999852532778175,-6.022729286119611,9.914122061477512,-0.19537833716315353,0.3346116408058547,612.5702966199765,0.0,1,Decay at rest
325,2,47,82.57555201847715,77.40374870640211,5.171803312075037,6.263116849546208,9.29734605002573,0.9991810512779381,0.0006964062450712454,0.000122542476990579,0.9998774575230094,-5.576196226484392,3.3168038492320826,-0.11520011343445788,0.12250813893070782,576.524508163237,0.0,1,Decay at rest
326,2,45,76.62606814898174,70.56596774022667,6.06010040875507,7.908666795968965,8.125487070890665,0.9997110114225856,0.00027978749519702876,9.201082217381077e-06,0.9999907989177826,-4.755386159527955,2.941243142466995,-0.054343633863832945,0.07568638091187732,570.2260681489817,0.0,1,Decay at rest
327,2,10,35.555527481666616,27.031360210832204,8.52416727083441,23.97423937875679,5.352981298207232,0.9996368761264741,0.0003539811044025341,9.142769123255793e-06,0.9999908572308767,-2.3514510042025916,2.3663609223329125,-0.062455568729128434,0.03182283527620286,574.4479063905633,44.98888873429154,1,Decay in flight
328,2,6,34.55490527719233,20.427674424015787,14.127230853176545,40.88343099149255,9.440496996928845,0.999946591742288,5.323429210725731e-05,1.7396560484040206e-07,0.9999998260343952,-3.909260403963352,3.4504771242277292,-0.018494066693815467,0.02776463237345858,647.2049020997675,118.31186153088392,1,Decay in flight
329,2,50,99.19565196541339,88.59001868564452,10.605633279768865,10.691631205233408,12.86864362281965,0.9997685879325319,0.0002060959841292541,2.5316083338862615e-05,0.9999746839166611,-4.639288790347378,7.374129672640274,-0.07406202826787327,0.097055706500194,593.111157212411,0.0,1,Decay at rest
330,2,57,137.04989744564529,129.74156973383805,7.308327711807246,5.332603561199868,21.95090344955022,0.9994606465961243,0.00048398873371400527,5.536467016181835e-05,0.9999446353298383,-7.9037587263466484,12.824493853684256,-0.30075713723988406,0.22966962943131594,632.4983564268524,0.0,1,Decay at rest
331,2,41,58.805803018119256,56.60353560974822,2.202267408371034,3.7449831400014566,4.971602821738815,0.9996682128757608,0.0002459780032607722,8.580912097829252e-05,0.9999141908790216,-2.921425391380828,1.7777223024703246,-0.05544520005776118,0.033985683853013204,552.4058030181194,0.0,1,Decay at rest
332,2,60,166.01910725673844,159.44524647645883,6.573860780279614,3.959701319266546,30.241233690090024,0.9990659764732284,0.0009255888345263688,8.434692245191517e-06,0.9999915653077547,-17.540872149216085,11.053909641090982,-0.4767516653906081,0.3807245673165219,663.150756659529,0.0,1,Decay at rest
333,2,40,60.7018120701959,56.873106875987006,3.8287051942088968,6.307398516837292,5.221651886908288,0.9997884137661498,0.00018086531196771528,3.072092188255188e-05,0.9999692790781175,-1.9070024902379676,2.9551170751787907,-0.035084357559017086,0.03181829314624845,554.3018120701959,0.0,1,Decay at rest
334,2,53,121.08752852944384,113.46353337929301,7.623995150150826,6.296267867336116,17.705944186475516,0.9990846878408658,0.0009099167985317563,5.395360602329133e-06,0.9999946046393976,-6.440543739922315,10.019218868175223,-0.23567891618874867,0.3292984438832633,615.6576330040998,0.0,1,Decay at rest
335,2,30,28.65528772699163,28.34121069927872,0.31407702771291063,1.0960526053872708,1.3875153390689232,0.9991003505979038,0.000837431875721194,6.221752637500042e-05,0.999937782473625,-0.8114538269912712,0.49242111391383897,-0.019046436273641564,0.022944769319925718,522.2552877269916,0.0,1,Decay at rest
336,2,49,83.86783431467161,78.5218330308293,5.346001283842312,6.37431659888122,9.26441370569913,0.9997740242954677,0.0002071936910570212,1.8782013475318884e-05,0.9999812179865247,-3.3594170199482085,5.355917938815892,-0.06117099655578453,0.08181144627873803,578.1028982201685,0.0,1,Decay at rest
337,2,29,29.392672806182365,26.12241940562251,3.270253400559855,11.126083776470985,1.4850733557776017,0.9997617046181381,0.00021739253251950195,2.0902849342419062e-05,0.9999790971506576,-0.5370915123542878,0.8427857855107529,-0.011765103115499496,0.010279099841346416,522.9926728061823,0.0,1,Decay at rest
338,2,54,116.8886095598021,109.7613264788063,7.127283080995811,6.09750009674756,16.716944538189647,0.9998069896545363,0.00018948186698961264,3.5284784740080166e-06,0.9999964715215259,-6.0650026590371375,9.77222512877931,-0.13417363011939723,0.0841179701853898,612.3869875728843,0.0,1,Decay at rest
339,2,50,94.61855575625063,90.18104697815481,4.437508778095821,4.68989274104691,11.394502020608442,0.9987984936765336,0.0011634670804831673,3.80392429832514e-05,0.9999619607570168,-7.021679789577221,4.136046043535446,-0.20254635932824974,0.19571019655517044,589.6637591643776,0.0,1,Decay at rest
340,2,5,31.32390442635504,19.255794344139307,12.068110082215732,38.5268385382442,8.201085318090083,0.9999184314694397,7.916378035494557e-05,2.404750205380905e-06,0.9999975952497947,-3.4456843098991725,3.0545428374347163,-0.023082553216492333,0.02334347411791811,638.6544260280622,0.0,0,No decay recorded
341,2,47,93.2659566414098,89.12284310548526,4.143113535924538,4.44225705189948,11.221594191040955,0.9998684425193519,0.00011975358581707255,1.1803894831104605e-05,0.999988196105169,-6.5776785701378655,4.053212806765906,-0.09050798823694728,0.05442118879538285,586.8659566414098,0.0,1,Decay at rest
342,2,57,127.70613765145924,120.86701464661077,6.8391230048484735,5.355359680138542,19.158399963462657,0.9997203192730267,0.00023839741552488197,4.12833114483175e-05,0.9999587166885516,-11.179223947046536,6.962565320719331,-0.21589078973519701,0.12202752120823114,622.2692590369095,0.0,1,Decay at rest
343,2,42,68.14304871753698,62.569123576590826,5.573925140946156,8.179741361515685,6.481760916966622,0.999402479566965,0.000359145837889195,0.00023837459514590892,0.9997616254048542,-2.3292500657302653,3.698964665347354,-0.054605140962681604,0.07109471516746525,561.743048717537,0.0,1,Decay at rest
345,2,50,100.26789874847076,89.43764424336356,10.830254505107192,10.801317909609,12.625432214622863,0.9994386975573557,0.0005512561000444042,1.0046342599886037e-05,0.9999899536574001,-4.615187704084519,7.146492071005379,-0.17997927261947425,0.1299821241730607,594.4281558916949,0.0,1,Decay at rest
346,2,55,118.64471922619268,115.19727665036172,3.4474425758309692,2.905685645611012,16.78618096200428,0.9978792696005224,0.0020228948525045443,9.78355469731029e-05,0.9999021644530269,-6.112771188272615,9.878741863091086,-0.2942160420429478,0.4085874947670206,613.7686693884996,0.0,1,Decay at rest
347,2,37,45.56389633418644,42.28001150001813,3.2838848341683144,7.207208115133092,3.188751225970188,0.9996102094821978,0.0002494957057434207,0.00014029481205880514,0.9998597051879412,-1.868287127729896,1.1453149385205612,-0.03529586868094607,0.02128559490631289,539.1638963341863,0.0,1,Decay at rest
348,2,58,138.03984137771275,133.8161576201201,4.22368375759266,3.0597570349530954,22.079273902616855,0.9994854429521938,0.00047528613653475567,3.927091127140211e-05,0.9999607290887286,-12.804903682460806,8.090028317735017,-0.3916531922274683,0.20382862630518045,632.936509662203,0.0,1,Decay at rest
349,2,59,140.717764150748,134.78662545320597,5.931138697542035,4.214918232489915,22.607264949703612,0.9990179782208025,0.0008991408565264002,8.288092267115449e-05,0.9999171190773289,-8.176411618467075,13.303380641335707,-0.25999103146428965,0.37029316058537226,636.9490691268657,0.0,1,Decay at rest
350,2,12,8.945807884905035,6.979639514252199,1.9661683706528361,21.97865632650693,0.17260036516405933,0.9995383772352798,0.0003111938116740645,0.0001504289530459887,0.9998495710469539,-0.06449418863113018,0.09162876512512116,-0.0014099167001383642,0.001464235085932544,502.545807884905,0.0,1,Decay at rest
351,2,62,147.33250123734865,142.85912922926838,4.473372008080281,3.0362424926688782,24.451200720027202,0.9991974401531584,0.0007601352641399112,4.242458270176676e-05,0.9999575754172982,-8.85324612430053,14.30534869564982,-0.31649580841915814,0.3281827322163266,643.2411348697015,0.0,1,Decay at rest
352,2,66,162.3808019803051,155.7875547546274,6.593247225677716,4.0603612898016115,29.18598249036905,0.9996576028948196,0.0002709012518280089,7.149585335232914e-05,0.9999285041466477,-17.876556314061954,10.717927203189113,-0.2716648486775615,0.23498724145681485,660.7011396337591,0.0,1,Decay at rest
353,2,59,171.36150379137067,164.39729403990242,6.964209751468246,4.064045656337749,31.888378630910218,0.9997065966274312,0.000263493380118121,2.990999245067152e-05,0.9999700900075493,-18.732897868556112,11.640875416122261,-0.34459290803882625,0.20609365374791297,667.9471813694107,0.0,1,Decay at rest
354,2,39,56.347463515559916,53.27866079530157,3.06880272025835,5.446212710907428,4.693735357502481,0.9995885732131399,0.0003289679560925997,8.245883076748577e-05,0.9999175411692325,-2.7722637169928728,1.6720281749075179,-0.06059612820300673,0.03606309407569481,549.9474635155599,0.0,1,Decay at rest
355,2,24,131.14568411123383,124.36191462478217,6.783769486451666,5.172697471841984,33.81937072680691,0.9998349013232254,0.00016212645078874356,2.9722259859255256e-06,0.9999970277740141,-15.033557799139432,17.586992445269544,-0.29021438870850674,0.18081111767992536,696.330719337184,0.0,0,No decay recorded
356,2,46,76.29344465594139,73.21361925824877,3.0798253976926104,4.036815235675386,8.027042015653205,0.9991660612685042,0.0007852476374695504,4.8691094026369236e-05,0.9999513089059737,-2.831857435443326,4.7046907488116405,-0.14443572207907715,0.07772443209496119,570.8078396252207,0.0,1,Decay at rest
357,2,9,45.02861206307071,33.82872109951842,11.199890963552294,24.872831851589876,9.64980289030418,0.9999234471054171,7.321749443620379e-05,3.3354001466434496e-06,0.9999966645998534,-4.111415025213275,4.08756462548205,-0.03501764393552454,0.030173366324020397,616.284563424995,77.28297201790056,1,Decay in flight
358,2,33,37.74297778339758,33.99805173826911,3.744926045128467,9.922179608138363,2.36073353542667,0.9997881540131719,0.00018044925948506666,3.139672734304766e-05,0.9999686032726569,-0.847604767193652,1.3504479250848154,-0.025177513907148154,0.009785557961899843,531.3429777833976,0.0,1,Decay at rest
359,2,65,171.44760431639872,162.37221475896672,9.075389557432015,5.293389542313929,31.3282511315989,0.9996229594545927,0.0003308238725189328,4.6216672888383663e-05,0.9999537833271116,-18.862145159186717,11.626355353656422,-0.26260642019702723,0.29909569583773427,667.9633945748782,0.0,1,Decay at rest
360,2,40,51.0504476131946,48.44861198455863,2.60183562863597,5.096597092252516,3.907031932138487,0.9991688657899424,0.0008193339293420974,1.1800280715446514e-05,0.9999881997192844,-2.2976431390466105,1.3949422882450522,-0.07654150831041083,0.045160289925358935,544.6504476131946,0.0,1,Decay at rest
361,2,38,53.07881384241495,49.03057375386368,4.048240088551276,7.626847315333849,4.236458136909487,0.99979330241834,0.00017404941531522157,3.2648166344789624e-05,0.9999673518336551,-2.4896741662386854,1.5212986145164866,-0.019244138897272046,0.036519471393804605,546.6788138424149,0.0,1,Decay at rest
362,2,29,28.2836938919541,26.11339717721596,2.170296714738141,7.673314253183627,1.3637362096956258,0.9993567019820896,0.0005665637468234612,7.673427108683084e-05,0.9999232657289131,-0.4944027938098726,0.7733509045389204,-0.017017697072759116,0.011860311823779546,521.8836938919541,0.0,1,Decay at rest
363,2,5,15.6765994859517,14.987461939711372,0.6891375462403274,4.395963211651134,2.4908408370175463,0.999948584970011,4.819597018338001e-05,3.2190598055542272e-06,0.9999967809401944,-0.8837585673287255,1.1023103552787457,-0.00626683840262792,0.009848957335802133,567.3140943824022,0.0,0,No decay recorded
364,2,29,29.111423135881576,26.46840703232469,2.643016103556885,9.078965639090345,1.4644141057085436,0.9994539203152036,0.00045262241553358775,9.345726926279028e-05,0.9999065427307372,-0.5285791872640928,0.8287109079356477,-0.01704941032792814,0.011333643166749187,522.7114231358814,0.0,1,Decay at rest
365,2,21,53.40347180589977,49.65124918255907,3.7522226233406974,7.026177318543116,7.260521683681443,0.9981262175764102,0.0018601322405897554,1.3650183000084331e-05,0.999986349817,-3.9250872625005995,3.0303683839549187,-0.16720847794313476,0.11667125122540166,573.4810155285033,0.0,0,No decay recorded
366,2,48,77.91398961407002,71.61776884596883,6.2962207681011915,8.080988791984788,8.150917098299228,0.9996139526759881,0.00036886347861467137,1.718384539726092e-05,0.9999828161546027,-5.111676236605313,2.940029157074811,-0.06787043919310468,0.09315051579475661,571.8237745517728,0.0,1,Decay at rest
367,2,44,72.67247030141498,67.07529241727212,5.597177884142853,7.701923246764701,7.275790392353601,0.9992752572114502,0.000711340732216834,1.3402056333042338e-05,0.999986597943667,-2.6194566245784654,4.147976815317918,-0.0979930302100004,0.0760637406559522,566.2724703014152,0.0,1,Decay at rest
368,2,54,120.49118573677566,112.0571349428115,8.434050793964156,6.999724288869672,17.5409716887303,0.9992880630750559,0.0006669247487472816,4.5012176196780875e-05,0.9999549878238032,-6.405451288331891,10.070179347432841,-0.19618993788339487,0.24930469450640863,615.3186535535483,0.0,1,Decay at rest
369,2,42,65.4925838419872,61.243390568657134,4.249193273330065,6.488052576429141,6.013808893224178,0.9993593518704309,0.0006024981795009148,3.8149950068118466e-05,0.9999618500499318,-3.5050035372132555,2.1802731653797602,-0.08569549171149786,0.04817516438314755,559.0925838419872,0.0,1,Decay at rest
370,2,61,160.0315129453156,152.49159350363593,7.53991944167968,4.71152168901643,28.41295030477711,0.9980111214959052,0.0019353423632945872,5.35361408002171e-05,0.9999464638591998,-17.11864632729037,10.38292239838675,-0.4758586418221413,0.6389619743734729,655.9838790306452,0.0,1,Decay at rest
371,2,8,25.18496890819764,24.497035137383023,0.6879337708146185,2.73152519394494,3.968018684586715,0.9998747423902724,0.0001223299831396457,2.9276265879516984e-06,0.9999970723734121,-1.708035825612029,1.7527680949578568,-0.016072344692116297,0.019493057749831254,566.2770623768446,47.49209346864709,1,Decay in flight
372,2,52,84.3235865685509,79.23481483070627,5.0887717378446276,6.034814154528055,9.456096990790714,0.9996260790631206,0.00031712843494903503,5.679250193037795e-05,0.9999432074980696,-3.4241140194456468,5.412206523113099,-0.10523014093384904,0.09967529435693694,578.5244603637456,0.0,1,Decay at rest
373,2,52,118.13000666840337,109.59512454636892,8.53488212203444,7.224990806943969,16.989043638547823,0.9999524733894672,3.2774221264651236e-05,1.4752389268183007e-05,0.9999852476107319,-6.161125222302558,9.699619403420492,-0.04838066494541763,0.059957043168585585,612.3867646684674,0.0,1,Decay at rest
374,2,56,134.18594234908156,119.35488834824395,14.83105400083761,11.052613814236201,21.080142413832693,0.9994887851536828,0.00039426881525215954,0.00011694603106506198,0.999883053968935,-7.803065803487748,11.837529014407053,-0.22646652963468708,0.21176297254749313,628.8799587005402,0.0,1,Decay at rest
375,2,49,103.26135270130578,97.50411868758754,5.757234013718248,5.575400537674194,13.254733555317452,0.99974573912339,0.00023428618795719947,1.997468865266672e-05,0.9999800253113472,-7.698382413469105,4.852414802639622,-0.09885422371064127,0.10972524089669936,596.8613527013057,0.0,1,Decay at rest
376,2,52,98.55909319295644,93.29614305422889,5.262950138727553,5.3398930207524185,12.373204934348708,0.9987102390759364,0.0012397100250725202,5.0050898991059163e-05,0.9999499491010089,-7.765505828484154,4.445448387982503,-0.24572913845517397,0.16693237989632903,593.3698860956077,0.0,1,Decay at rest
377,2,45,67.49653128116756,63.13937836276309,4.3571529184044735,6.4553730920690695,6.572825354838577,0.9992467025672872,0.0007130838918106352,4.0213540902098864e-05,0.9999597864590979,-2.3593171257631997,3.7658035919017157,-0.07713261398672626,0.08573189874313265,561.0965312811676,0.0,1,Decay at rest
378,2,47,86.45114484006416,80.78982450066601,5.661320339398149,6.548577638701802,9.790098407849797,0.99748690504874,0.0024476186868084573,6.547626445145227e-05,0.9999345237355485,-3.5560852721390916,5.511631767837954,-0.204931504683464,0.2146092880437369,580.0511448400641,0.0,1,Decay at rest
379,2,39,57.42430819390771,51.63773124928802,5.786576944619694,10.07687706934118,4.718072460510498,0.9987151594401384,0.0012169285984293583,6.791196143224167e-05,0.9999320880385678,-1.6881722641315218,2.680359967808693,-0.10388663321781869,0.05864831205953982,551.0243081939077,0.0,1,Decay at rest
380,2,42,67.24353644151189,62.346721336702856,4.89681510480904,7.282209360104471,6.37972143585402,0.9996189960048214,0.0002831713435179529,9.783265166057397e-05,0.9999021673483394,-3.721307266690046,2.3207612585351836,-0.05596011582062798,0.05314702228063053,560.8435364415119,0.0,1,Decay at rest
381,2,41,66.99194200930732,63.166378562159416,3.8255634471479096,5.710482981097065,6.3311284824691985,0.9994779239278093,0.0005055372502811526,1.653882190963992e-05,0.9999834611780904,-2.242402427970723,3.651497552609228,-0.05986857012537589,0.0649682704847626,560.5919420093073,0.0,1,Decay at rest
383,2,39,55.22988326956881,54.40720277336143,0.822680496207379,1.4895568259523533,4.6068246953846606,0.9984694070782069,0.001422402834974351,0.00010819008681877212,0.9998918099131812,-2.7110791315827925,1.6366432393431993,-0.06528915253141326,0.09791702834548913,548.8298832695689,0.0,1,Decay at rest
384,2,33,37.530000582791786,34.07892228110768,3.451078301684109,9.19551891311852,2.313502060626249,0.9977964829228007,0.002061824735320191,0.00014169234187910696,0.9998583076581209,-1.3656722470545275,0.8120946298730818,-0.04516983085351912,0.053610440974263415,531.1300005827917,0.0,1,Decay at rest
385,2,52,99.82968358956742,98.48741013989219,1.342273449675235,1.3445634618995306,12.419613547416297,0.9995795407924457,0.0003860981902781151,3.4361017276271666e-05,0.9999656389827238,-7.229312258401674,4.519624838961485,-0.11812109724748654,0.14362348890286303,593.7809910339097,0.0,1,Decay at rest
386,2,28,25.176844378993223,23.495304957735073,1.6815394212581527,6.678912559276797,1.1329146834075827,0.9974754899238755,0.0024940126527171697,3.0497423407330718e-05,0.9999695025765927,-0.4057560468449663,0.6397450668355232,-0.030893150509337792,0.03270799169831608,518.7768443789931,0.0,1,Decay at rest
387,2,50,102.1644378107086,92.33902423620867,9.82541357449994,9.617254090610839,13.131336186771179,0.9991551152699911,0.0007841760220248338,6.070870798409637e-05,0.999939291292016,-4.792005349155447,7.448460375105369,-0.17115996505709102,0.13149498261532852,596.0578614118145,0.0,1,Decay at rest
388,2,17,13.44905465415866,12.576929241897636,0.8721254122610244,6.484659589002037,0.36593984028016885,0.9984211445476426,0.0015444214315981566,3.443402075923452e-05,0.9999655659792408,-0.13116644163393598,0.20355269040201268,-0.00624014339528367,0.008530257836785411,507.0490546541586,0.0,1,Decay at rest
389,2,46,79.13700439008548,73.90237399456959,5.234630395515886,6.614643093783439,8.559471715285406,0.9993239260007509,0.0006612021025529036,1.4871896696264503e-05,0.9999851281033039,-3.1024678142115287,4.938523084284985,-0.10677494285690754,0.09664946333802305,573.0605799189136,0.0,1,Decay at rest
390,2,25,22.92708147461701,20.57529593177813,2.3517855428388845,10.25767516656051,0.9658883367594585,0.9991181287554138,0.0008391275881953935,4.2743656390778706e-05,0.9999572563436092,-0.5714875622942892,0.33549920685993856,-0.015530932464602888,0.010978169803985652,516.527081474617,0.0,1,Decay at rest
391,2,18,39.226843459372944,35.315593446024124,3.911250013348816,9.970850745101831,4.200915980503195,0.9998132134618953,0.00017868247774990915,8.104060354845432e-06,0.9999918959396452,-1.8071852841855394,2.0625705327072636,-0.023344261892923067,0.029651843657560253,551.9655490945369,19.13870563516397,1,Decay in flight
392,2,55,127.94946542955576,120.4601104601544,7.489354969401363,5.853369487912964,19.31067900290529,0.9993070477104549,0.0006618155017588164,3.113678778617591e-05,0.9999688632122137,-6.973110234435053,11.072638886621743,-0.2202408791265016,0.2664339112349559,622.8383168824465,0.0,1,Decay at rest
393,2,16,68.11175109418544,59.71576512157887,8.395985972606566,12.326780383309385,15.672377988792105,0.9965710215449028,0.003412630319948097,1.6348135149123822e-05,0.9999836518648509,-6.9780246297464155,7.904403792414378,-0.5732229872716983,0.3644472046431026,638.9209861789269,74.09113674033492,1,Decay in flight
394,2,12,56.00605569178521,53.10835460468418,2.8977010871010287,5.173906734385608,12.546503149172798,0.999843351928597,0.00014997949952043476,6.668571882541847e-06,0.9999933314281174,-5.787682109040518,5.769545319215665,-0.04080715175436191,0.11034422110566496,624.7927353057629,74.25884766484421,1,Decay in flight
395,2,56,140.86719862770016,130.54954342865472,10.317655199045445,7.32438445540052,22.892502384351815,0.9993054458047335,0.0006734693271068696,2.1084868159640463e-05,0.9999789151318403,-8.416809942676334,13.327943466872266,-0.24325567147827457,0.2802861830350908,635.6327556558163,0.0,1,Decay at rest
396,2,52,106.02824299905276,101.38486355161594,4.643379447436834,4.379379791739373,13.8953734741583,0.9997629684593458,0.00022994466380387682,7.086876850292425e-06,0.9999929131231496,-8.114475872272843,5.0438978382620165,-0.09795102085849705,0.09511051724974602,600.7281370302761,0.0,1,Decay at rest
397,2,48,98.78371363069729,88.15806758882498,10.625646041872315,10.756475588269813,12.081773360652072,0.9994691486560756,0.0004492822843370008,8.156905958742414e-05,0.9999184309404127,-4.39392993563285,6.845424903580275,-0.1858099278946411,0.09880800962815899,592.6751785359655,0.0,1,Decay at rest
398,2,60,149.17960964697335,142.6256163362757,6.553993310697648,4.393357326921133,25.402283342374776,0.9992460905072805,0.0007479637777694468,5.945714949999748e-06,0.99999405428505,-15.48019562734448,9.196197990275248,-0.46123274529607516,0.2505569274167324,645.857131300347,0.0,1,Decay at rest
399,2,56,149.5636812590015,138.08853305741448,11.475148201587016,7.67241626108102,25.13301864920735,0.9984944657649217,0.001449812949109985,5.572128596827954e-05,0.9999442787140317,-9.178161151184861,14.730856287325498,-0.5418524951640978,0.32308773986188843,644.6380599170641,0.0,1,Decay at rest
400,2,44,70.45061571029338,69.5246578790012,0.9259578312921745,1.3143360380268259,7.090728996081647,0.9997832011022022,0.00017185644129035825,4.4942456507330714e-05,0.9999550575434926,-4.349475773980962,2.492928914027784,-0.037984027001758715,0.047956860347541624,564.0506157102934,0.0,1,Decay at rest
401,2,28,28.38887899897577,26.682496814937156,1.7063821840386135,6.010741685503599,1.3971085252832223,0.9985222276543652,0.0013616599609431676,0.00011611238469168862,0.9998838876153083,-0.49759836610274294,0.7965186099932601,-0.024761983055294267,0.02955842169051805,521.9888789989757,0.0,1,Decay at rest
402,2,47,96.5856758834124,94.02370804113728,2.561967842275118,2.652533948582235,11.738605374118025,0.9995407220137001,0.00042990515481274705,2.9372831487135786e-05,0.9999706271685129,-6.897847964460774,4.210981531566091,-0.10962833612282841,0.10611876253428947,590.4874689755379,0.0,1,Decay at rest
403,2,7,5.242025075467268,3.770596308766404,1.471428766700864,28.069853644675725,0.0715881173783301,0.999257639334377,0.00069338267471646,4.897799090656677e-05,0.9999510220090934,-0.025862204608847396,0.035932433914144954,-0.0008435353888370757,0.0006982218667507478,498.8420250754673,0.0,1,Decay at rest
404,2,59,128.59126967238643,123.6707964991008,4.920473173285631,3.8264441947121144,19.5513733037872,0.9997555611784963,0.00022135620319683333,2.308261830685592e-05,0.9999769173816931,-12.135975596383197,7.047925984743057,-0.1298890322684672,0.14156997702962798,624.7987621216065,0.0,1,Decay at rest
405,2,61,138.06499142775448,127.98479169528238,10.080199732472098,7.30105411098858,22.16473032017053,0.99859103335667,0.0013576944921075197,5.1272151222404654e-05,0.9999487278487775,-8.063462559605995,12.485748214979981,-0.26718012229021754,0.48248431996758645,634.2336058970421,0.0,1,Decay at rest
406,2,44,66.88268192142182,61.47770576207168,5.404976159350138,8.081279045747985,6.28959654896641,0.999068961564227,0.0008885219328349272,4.2516502938128783e-05,0.9999574834970619,-3.6703542771751754,2.2806290546237764,-0.08394146328551952,0.0942686513492803,560.4826819214218,0.0,1,Decay at rest
407,2,43,70.2457793737579,62.38409227661094,7.861687097146957,11.191686058912019,6.866616966027187,0.999309464833492,0.0006633156327746735,2.721953373336638e-05,0.9999727804662667,-2.5092996997081687,3.892443080410631,-0.10165621779894551,0.07352415120262921,563.8457793737578,0.0,1,Decay at rest
408,2,44,67.6418554766985,60.64498096455569,6.996874512142801,10.34400145122144,6.519365371209626,0.9996160665115877,0.0003404255589290588,4.3507929483199794e-05,0.9999564920705168,-2.358560201198329,3.718156909612719,-0.0706185208750295,0.04860548959769346,561.2418554766987,0.0,1,Decay at rest
409,2,59,150.72285458036953,138.4957194239577,12.22713515641183,8.112329872237119,25.931935729272848,0.9998421120004336,0.00014141527707429847,1.6472722492092e-05,0.9999835272775079,-9.52023711785796,14.968900748842524,-0.2118626262346991,0.14867974791748995,647.5579828915556,0.0,1,Decay at rest
410,2,39,52.90939470166224,52.07850632853754,0.8308883731246932,1.570398561181403,4.275285902921311,0.9994363652657374,0.0005134417460217114,5.019298824078592e-05,0.9999498070117592,-2.534823016648427,1.5108116596880923,-0.04743225442578099,0.052359154831994124,546.5093947016621,0.0,1,Decay at rest
411,2,26,44.66405619492906,40.51124404916554,4.1528121457635185,9.297884024772046,4.586756620168934,0.9979555478557498,0.001987067115299163,5.738502895091616e-05,0.999942614971049,-1.8561905363257285,2.395571127140905,-0.07465569214636938,0.11022445253833142,549.934354525309,0.0,0,No decay recorded
412,2,26,26.320045075394713,23.835072719060683,2.484972356334028,9.441368163374095,1.2083964704380012,0.9989768613369957,0.0008368332716396849,0.00018630539136470656,0.9998136946086353,-0.42747710868051303,0.6902476247788909,-0.016028218513530892,0.013686713241772916,519.9200450753947,0.0,1,Decay at rest
413,2,46,73.19113226450695,67.56695524894862,5.624177015558332,7.684232831967953,7.396469935339825,0.9997452554294735,0.00024539805265652646,9.346517869908604e-06,0.99999065348213,-4.302140979712077,2.7048043233049555,-0.054082810314255894,0.06268529300423001,566.7911322645068,0.0,1,Decay at rest
414,2,45,80.23568068991212,75.70156604449838,4.534114645413744,5.650995425510001,8.770560189025453,0.9995798842119243,0.0004135706691076263,6.5451189680862555e-06,0.999993454881032,-3.1428303254580956,5.024403903644862,-0.07864046037386026,0.10103451003617912,573.8356806899121,0.0,1,Decay at rest
415,2,46,85.14462172269107,76.1859516450945,8.958670077596565,10.521709881775276,9.469245317826939,0.9997647048257066,0.00017426280513440815,6.103236915899241e-05,0.999938967630841,-3.429089693361798,5.379752698185755,-0.09162110463841482,0.04713295099009678,578.744621722691,0.0,1,Decay at rest
416,2,52,93.56839086664844,90.10021313670849,3.4681777299399554,3.7065698125371465,11.370829105762963,0.999550084505739,0.0002831387711017574,0.00016677672315923967,0.9998332232768408,-4.132941356875113,6.642945355796908,-0.07648394462234567,0.1040366327955205,588.3223787258868,0.0,1,Decay at rest
417,2,32,37.209919186575526,34.85857201456382,2.351347172011704,6.319140765186116,2.2363799577062977,0.9996374685576804,0.00029040726165330846,7.212418066629192e-05,0.9999278758193337,-1.3132451014346385,0.7984008180015717,-0.02813718980038086,0.017751330249199514,530.8099191865755,0.0,1,Decay at rest
418,2,38,53.523233965881616,49.91654717887546,3.606686787006152,6.738544216713875,4.265934146992465,0.9976580426042597,0.002114418227152666,0.000227539168587668,0.9997724608314124,-2.494984123993534,1.524089342065386,-0.07669823551046717,0.10348507686034988,547.1232339658816,0.0,1,Decay at rest
419,2,63,168.39342690307407,154.95462544154796,13.438801461526118,7.980597407321241,30.949410098401728,0.9999336030459123,5.7175036272346496e-05,9.221917815322628e-06,0.9999907780821846,-11.396183526773182,17.46280495346888,-0.1292115267380005,0.10612832309322105,664.6877550442304,0.0,1,Decay at rest
420,2,50,95.02046566046123,87.19687964630305,7.823586014158185,8.23357995541127,11.682201168613275,0.9984340029672153,0.0014820112047242708,8.398582806040385e-05,0.9999160141719395,-4.195350854263807,6.633165123582147,-0.17930183822674658,0.23055282275075864,589.5812272702296,0.0,1,Decay at rest
421,2,54,106.36293995253972,94.69173729546566,11.67120265707406,10.972997420231026,14.184573326474347,0.9998818975548923,9.870298157062505e-05,1.9399463537096234e-05,0.999980600536463,-5.057138774256267,8.144515996318901,-0.1105828387733716,0.0697608558602238,600.3062580411786,0.0,1,Decay at rest
422,2,68,163.40904667659606,159.0672823916118,4.341764284984261,2.656991380395894,29.542953914368265,0.9998027511443389,0.00018795981681480904,9.289038846216617e-06,0.9999907109611538,-18.189608939085996,10.770538677546718,-0.14776378261697676,0.19996509081517017,661.8753271073226,0.0,1,Decay at rest
423,2,52,111.19050118015633,101.83678624501312,9.353714935143222,8.412332740534978,15.183029851117185,0.9994800677680893,0.00043535257943780624,8.457965247289593e-05,0.9999154203475271,-5.541557527961898,8.587284001883425,-0.13968639932847168,0.14351322491298388,605.3982037257483,0.0,1,Decay at rest
424,2,9,6.294544670181323,5.445534039618103,0.8490106305632197,13.488038850294835,0.09782994677856771,0.9997024126524469,0.0002873711034502928,1.0216244102878959e-05,0.9999897837558972,-0.05266249886050343,0.03424083321688703,-0.0008826778181770349,0.0005766996103481404,499.8945446701813,0.0,1,Decay at rest
425,2,40,58.41618762509186,52.78469832833714,5.631489296754712,9.640288977598026,5.052457626107291,0.999959640766304,3.0085007319959418e-05,1.0274226376047108e-05,0.9999897257736239,-1.8046708156969418,2.9058901391087257,-0.024074287780465657,0.01439596494812691,552.0161876250919,0.0,1,Decay at rest
426,2,59,156.31509516444586,150.73096864323443,5.584126521211431,3.572352699102313,27.138309838536596,0.9996949161985802,0.00027923152499496933,2.5852276424784385e-05,0.9999741477235752,-16.592334066565723,9.926671757770125,-0.2198348468968018,0.21695901471708195,652.2626284653218,0.0,1,Decay at rest
427,2,34,40.003316501329444,36.47396533319987,3.529351168129571,8.822646412360031,2.6114400688682924,0.9992010472719385,0.0005830778424139296,0.0002158748856476988,0.9997841251143524,-1.5453883590829112,0.9191316746182709,-0.03152241815916774,0.026574473545876085,533.6033165013295,0.0,1,Decay at rest
428,2,51,120.18570442537101,107.87576227004516,12.309942155325855,10.242434584197724,17.26813009139395,0.9989229355786476,0.0010227369850633946,5.432743628897783e-05,0.999945672563711,-6.3030737610749785,9.7696001168018,-0.2758080011790303,0.2667623018158112,614.1028143219911,0.0,1,Decay at rest
429,2,51,98.65778202143123,94.64655723694007,4.0112247844911595,4.065796637937602,12.188560358716227,0.9997143363344217,0.0002680514308877771,1.7612234690453347e-05,0.9999823877653096,-7.056526878701897,4.4721950432105535,-0.09858955924589784,0.10020118172487563,593.5339600979945,0.0,1,Decay at rest
430,2,40,62.16606780239176,60.58196402306084,1.5841037793309152,2.5481807605498394,5.48420263071511,0.998685863908705,0.0012083624085417676,0.00010577368275322996,0.9998942263172467,-3.2226844949009026,1.9527345009011408,-0.07246905852100806,0.09811741438268404,555.7660678023917,0.0,1,Decay at rest
431,2,42,61.874380334511635,55.640882286720284,6.233498047791353,10.07444117272961,5.514994122658228,0.9928580990368571,0.007032373466221536,0.00010952749692132678,0.9998904725030786,-1.9620102379113091,3.0951511310965363,-0.22514931781608674,0.2383459723821409,555.5410946857214,0.0,1,Decay at rest
432,2,24,19.04158911595011,17.146652924289093,1.8949361916610166,9.951565387332778,0.6861806654434147,0.9995129066367622,0.0003293778925089086,0.00015771547072887778,0.999842284529271,-0.3962294609718993,0.24760234448091148,-0.005193498819312037,0.006611368609707589,512.6415891159501,0.0,1,Decay at rest
433,2,25,23.70886676796562,21.87447812379741,1.8343886441682125,7.737141813318374,0.9845475060471957,0.9991525037464466,0.0008402936161403048,7.2026374130635965e-06,0.999992797362587,-0.3562763693904699,0.5544973429040941,-0.01341067246643739,0.010981622201070906,517.3088667679656,0.0,1,Decay at rest
434,2,45,85.27327359842377,79.1895567849695,6.083716813454279,7.134376993786167,9.394095371050298,0.999355907542263,0.000606132620800229,3.7959836936697104e-05,0.9999620401630632,-5.482082209888405,3.3888230360422944,-0.09655947937700904,0.1260796299460867,578.8732735984237,0.0,1,Decay at rest
435,2,41,66.23573212436388,61.3662753967891,4.86945672757478,7.351706656509681,6.067789728694348,0.998987787178293,0.0009386148352309452,7.359798647618083e-05,0.9999264020135239,-2.1779601482950337,3.469479045581228,-0.07552013516229415,0.09533350702281852,559.8357321243639,0.0,1,Decay at rest
436,2,43,67.8715782715119,63.10802549697364,4.763552774538254,7.018479451711358,6.615589373024481,0.9998669916854598,0.00011918837830897364,1.3819936231327854e-05,0.9999861800637687,-3.898645705577128,2.37762754832166,-0.027731401629589952,0.054423255697916985,561.4715782715118,0.0,1,Decay at rest
437,2,49,95.53711270099798,89.0731353758133,6.463977325184691,6.765933303233653,11.536840601371122,0.9993812742150343,0.0006044096488826441,1.4316136083032162e-05,0.999985683863917,-6.747627910831791,4.172306742619925,-0.12222790777183098,0.13938817018329708,589.4350279596467,0.0,1,Decay at rest
438,2,63,162.55624734703727,153.13324690769497,9.423000439342294,5.796763023955251,29.35453089240425,0.9943446481577627,0.005650000588839312,5.351253397910205e-06,0.999994648746602,-18.00046480195656,10.608535926537144,-1.0386831909000023,1.0903717065936773,660.4234722211215,0.0,1,Decay at rest
439,2,54,112.00467791545114,103.32940315139193,8.675274764059214,7.745457534021847,15.402928411749746,0.9988892046006282,0.0010873941074504003,2.340129192138679e-05,0.9999765987080786,-8.91039138145782,5.651567683473212,-0.18067345748290412,0.2929137334120478,606.8104253235608,0.0,1,Decay at rest
440,2,32,30.960639131075144,28.74623795797464,2.2144011731005038,7.152310918794673,1.6030618737512987,0.9994842885973053,0.0003953428752533833,0.00012036852744134613,0.9998796314725586,-0.9308457125261166,0.5790274178136645,-0.017787132654502887,0.013359524974667428,524.560639131075,0.0,1,Decay at rest
441,2,56,141.32290459012088,134.54752753948577,6.775377050635108,4.794252616223639,23.614341531376105,0.9999353947475619,5.6056398929100474e-05,8.548853508927981e-06,0.999991451146491,-8.661829845909494,13.616947133534442,-0.07152225011844233,0.0998943732072027,636.0003534227767,0.0,1,Decay at rest
442,2,3,24.369852769499726,10.715608657518448,13.654244111981278,56.02924334885744,7.073695477191688,0.9999988231800674,1.1768199326182553e-06,0.0,1.0,-1.962247208112324,2.8542157767459355,-0.003608321721525032,0.002050921825339074,664.0910123060132,146.12115953651352,1,Decay in flight
443,2,40,60.076718958406786,56.140424354757656,3.9362946036491335,6.552113151143238,5.0841783698080585,0.9988905594198361,0.0009991882257115712,0.00011025235445242634,0.9998897476455476,-1.8462746626888675,2.8757560345655935,-0.06651697644865029,0.09281128201616451,553.6767189584067,0.0,1,Decay at rest
444,2,22,17.766812260437806,16.54083067945674,1.2259815809810652,6.900402632784137,0.6038225100340013,0.9990495116034401,0.000792788825242537,0.000157699571317135,0.9998423004286827,-0.217630566113101,0.33964232551954937,-0.007035445447554758,0.007744663211711242,511.36681226043777,0.0,1,Decay at rest
445,2,49,88.85155651037377,81.24902158886341,7.6025349215103555,8.556445401857118,10.265967315455695,0.9992562459844021,0.0006920215782369254,5.173243736104944e-05,0.999948267562639,-6.4387982578034775,3.7117843091288263,-0.10092893249779207,0.14874268396539095,583.0337900157967,0.0,1,Decay at rest
446,2,33,34.26090225901055,31.14502103277431,3.11588122623624,9.094568504589715,1.978337197738686,0.9993890312905079,0.0005165694778462605,9.439923164582936e-05,0.9999056007683542,-0.7137289576384382,1.120732314278539,-0.023831181429053896,0.02141179908849083,527.8609022590105,0.0,1,Decay at rest
447,2,36,43.040024058921915,42.39391096700737,0.646113091914543,1.501191288903585,2.9731854801904314,0.9997888879523843,0.0001794655991289266,3.164644848680487e-05,0.9999683535515133,-1.7595165089860112,1.0522326682572836,-0.02497004634909757,0.02121116530518015,536.6400240589219,0.0,1,Decay at rest
448,2,63,159.86874344113366,156.26596670759963,3.602776733534015,2.2535841941239863,28.21573064394868,0.9994579151307248,0.0004897591308923546,5.232573838273888e-05,0.9999476742616171,-10.337747508563456,16.58687172299107,-0.4589455977086687,0.3068174838735814,656.7468233582904,0.0,1,Decay at rest
449,2,59,135.3730325082475,132.61796911838172,2.755063389865779,2.0351641230301385,21.2783293486706,0.9998943371666537,9.95326325695398e-05,6.130200776671067e-06,0.9999938697992232,-13.015685160684926,7.689912625684591,-0.0834459071125463,0.1332516833387819,631.5986678636958,0.0,1,Decay at rest
450,2,46,78.13589334224065,74.24202358626042,3.8938697559802393,4.983458420222853,8.31652289586818,0.9988345923232588,0.0011345298109144092,3.0877865826792725e-05,0.9999691221341732,-4.867526618967338,2.996011289523971,-0.14028455924469635,0.12589656575473718,571.7358933422406,0.0,1,Decay at rest
451,2,53,112.30762826719378,104.780278656703,7.527349610490775,6.702438406572239,15.261307740584067,0.9997402640506452,0.00022449746538761664,3.523848396719104e-05,0.9999647615160329,-5.57393557995913,9.124578907306033,-0.09540457882246424,0.1332118228334963,607.2100136080402,0.0,1,Decay at rest
452,2,42,69.80362458489526,62.786449380429154,7.017175204466105,10.052737585183428,6.7571673473826195,0.9983002718665278,0.001649879534863529,4.984859860873908e-05,0.9999501514013913,-2.383099909729841,3.8804486723640297,-0.17479819788165593,0.09212349425810636,563.4036245848954,0.0,1,Decay at rest
453,2,23,17.72018665073546,15.267187121181008,2.452999529554452,13.842966656633058,0.6092395468651634,0.9997372366560761,0.00024222464641903175,2.053869750498459e-05,0.999979461302495,-0.2140985906228235,0.34890050667790606,-0.0034617941129376655,0.006547149968137219,511.3201866507354,0.0,1,Decay at rest
454,2,51,94.64312336979843,93.21024660428303,1.4328767655154064,1.513978738758163,11.643749937048472,0.9998867666154638,8.822384244309743e-05,2.5009542093089043e-05,0.9999749904579069,-6.799047795074147,4.227250474080179,-0.04761179362253785,0.09256827116495871,588.865702706011,0.0,1,Decay at rest
455,2,40,48.50184074361208,44.59569526865888,3.9061454749532003,8.053602533564993,3.5609440215787753,0.9998029151562483,0.00016599123562181594,3.109360812994004e-05,0.9999689063918701,-1.2782317872659419,2.0332911127678024,-0.01691065926398339,0.03108496604976315,542.101840743612,0.0,1,Decay at rest
456,2,4,13.422760161343788,7.333164433137853,6.089595728205936,45.36768634027571,3.756053618731034,0.9999909373444137,8.941626465121213e-06,1.2102912110789594e-07,0.9999998789708788,-1.5779743991940491,1.5143730445774868,-0.005188330005306319,0.0021421914377389864,651.5123670299878,0.0,0,No decay recorded
457,2,25,22.08214461967111,20.115591925984578,1.966552693686529,8.905623650044816,0.8917140455391805,0.9993854464809316,0.0004266285341831851,0.00018792498488512635,0.9998120750151148,-0.5192718986908494,0.31797144426065593,-0.00975563783963929,0.00906047427530721,515.6821446196711,0.0,1,Decay at rest
458,2,50,98.87175606948202,92.1148107094559,6.756945360026123,6.834050115664667,12.7723748129495,0.9995589304046679,0.0003516096658834763,8.94599294485602e-05,0.9999105400705514,-7.583543793617036,4.616810613052764,-0.12939278201889495,0.15492572290301437,592.471756069482,0.0,1,Decay at rest
459,2,56,125.30619881201126,120.88960177659696,4.416597035414296,3.524643694634955,18.71659454577644,0.9997979678107679,0.00018312281384024238,1.890937539178461e-05,0.9999810906246082,-10.924995138426986,6.7981146795223895,-0.10578168636497519,0.11811038418238734,620.1453729850276,0.0,1,Decay at rest
460,2,47,81.80820341786779,76.69003283616397,5.118170581703816,6.256304829921191,8.879617927511203,0.999439615414544,0.00046121785717969814,9.916672827624468e-05,0.9999008332717236,-5.448479354493734,3.2052416851012113,-0.18090374500872092,0.08376135434245946,575.6874829143412,0.0,1,Decay at rest
461,2,38,50.51404122596506,46.90603807895129,3.6080031470137666,7.142574736545119,3.828105433306341,0.9990911155736472,0.0007601062809507666,0.00014877814540204464,0.999851221854598,-2.243781930845331,1.3701996041775406,-0.03904986098453799,0.05075238507105427,544.114041225965,0.0,1,Decay at rest
462,2,57,126.22389854551112,117.37982354974271,8.84407499576841,7.006656502991471,19.07624516992723,0.9988326302747342,0.0011567233211056095,1.0646404160132683e-05,0.9999893535958398,-6.866614181542397,11.15652021290437,-0.560919794289957,0.2686942478736198,620.7568364157562,0.0,1,Decay at rest
463,2,20,13.470904377771603,11.532660449857023,1.9382439279145816,14.388372699852923,0.366191121341828,0.9994526920433525,0.0004284942175488009,0.0001188137390986834,0.9998811862609013,-0.21101269088333713,0.12747981289636368,-0.004585315944045002,0.003028769068802506,507.0709043777716,0.0,1,Decay at rest
464,2,49,95.17603704201345,88.64788033642063,6.528156705592826,6.859033963256013,11.709224540860443,0.9997379396453591,0.0002466501148293358,1.5410239811469947e-05,0.9999845897601884,-4.216947701000553,6.669575592039764,-0.09087347800045528,0.09567254612021175,589.1300854443416,0.0,1,Decay at rest
465,2,40,56.75378651250367,52.9507312258404,3.803055286663274,6.700971900483514,4.6916851191935525,0.9992763389581186,0.0006963052191605994,2.7355822720754148e-05,0.9999726441772793,-1.685271443584077,2.6749498938424243,-0.045042624640719044,0.07523857626254137,550.3537865125037,0.0,1,Decay at rest
466,2,35,38.05597792995115,34.85863262875372,3.1973453011974273,8.401690023792622,2.3882342235155316,0.9996272068265397,0.0003345239524189118,3.826922104138258e-05,0.9999617307789587,-0.8564286707261748,1.3647127210960162,-0.0295864437422796,0.01762143832397512,531.6559779299511,0.0,1,Decay at rest
467,2,56,123.33810616469304,118.60625552400087,4.73185064069217,3.8364871878069398,18.28044588927972,0.9989251753478741,0.0010378457731856357,3.6978878940238595e-05,0.9999630211210597,-10.813114451843083,6.608484871904013,-0.29596635651073205,0.24727893750629873,618.2580480056234,0.0,1,Decay at rest
468,2,28,22.12044829771816,20.6793271842218,1.4411211134963589,6.514882040817492,0.8807077633828584,0.9981016745239372,0.0018189140961363817,7.941137992629098e-05,0.9999205886200736,-0.3166648180621807,0.49534349330364846,-0.016678349669171037,0.02162842060371194,515.720448297718,0.0,1,Decay at rest
469,2,12,45.129154453377055,38.860571088850975,6.268583364526084,13.890318665292432,7.4356101174594444,0.999933369865445,6.25154975463622e-05,4.1146370087139945e-06,0.9999958853629913,-3.464969858813859,3.3014739734257854,-0.01735904516107503,0.028856233487244184,585.6009395538716,46.87178510049466,1,Decay in flight
470,2,41,59.00008053838775,53.55789961882401,5.442180919563738,9.224022865566841,4.942592257774716,0.9996079356931892,0.00031092794273972267,8.113636407110688e-05,0.9999188636359289,-2.8380888529627306,1.8339048730673835,-0.046466707985894105,0.04026810985401138,552.6000805383877,0.0,1,Decay at rest
471,2,10,41.757201591905776,35.02147292330869,6.735728668597081,16.130699404681216,9.832613386845027,0.9996355302092339,0.00035001572165656287,1.445406910956401e-05,0.9999855459308905,-4.189580737807938,4.231233252427515,-0.09584508243764477,0.06771875353776813,626.8724493994254,0.0,0,No decay recorded
472,2,10,40.76469614240153,34.567404221427395,6.19729192097414,15.202595646304859,7.579957239490253,0.9998852988975498,0.00010769268003339965,7.008422416669089e-06,0.9999929915775833,-3.6821178621679405,3.3077590419523526,-0.038090501741647395,0.029910389427967286,593.4158975828499,0.0,0,No decay recorded
473,2,42,61.63597792076985,57.12031923105555,4.515658689714303,7.326335757208184,5.369216077157547,0.9998484563314612,0.00012768569270988028,2.385797582890315e-05,0.9999761420241712,-1.9384278229908005,3.05640972750782,-0.02630725271461892,0.043413614098864635,555.2359779207699,0.0,1,Decay at rest
474,2,20,15.330965907335042,13.324636358908077,2.0063295484269656,13.08677848841243,0.4609644888771209,0.999637716217665,0.000351667218263503,1.0616564071550063e-05,0.9999893834359285,-0.16859094391036664,0.2568777257653866,-0.004272576243152491,0.00515042102846635,508.930965907335,0.0,1,Decay at rest
475,2,7,5.074073425258917,3.57585515272734,1.4982182725315774,29.526933234221516,0.06756921884829829,0.9996001479810938,0.0003682326994499684,3.16193194561496e-05,0.9999683806805437,-0.025019746014924328,0.033571533630218246,-0.0005965839599710657,0.0004975816826035257,498.6740734252589,0.0,1,Decay at rest
476,2,49,100.15226815964932,91.07880557386349,9.073462585785832,9.059667596666042,12.665254185900787,0.9992847440628536,0.0006731620155621561,4.2093921584174335e-05,0.9999579060784157,-4.581565308501232,7.262955397471982,-0.15947200078880203,0.1390339865953177,595.0842277272338,0.0,1,Decay at rest
477,2,41,198.82624565045828,180.15644748308551,18.669798167372775,9.390006890838128,50.27009241089058,0.9997208390526361,0.0002546787912480127,2.4482156115786413e-05,0.999975517843884,-29.1680887255648,20.381955694784228,-0.3364929317332084,0.44190641906744305,729.8452372835866,0.0,0,No decay recorded
478,2,34,38.404902592795395,35.44848047094664,2.956422121848756,7.698033121436347,2.4065642635045665,0.9998988118106668,8.785592277269233e-05,1.3332266560663452e-05,0.9999866677334395,-0.8512618907775085,1.386909481666962,-0.00995669161441454,0.011499863439129865,532.0049025927955,0.0,1,Decay at rest
479,2,37,49.69215544048574,47.821155466233925,1.870999974251815,3.765181762929634,3.7242594511519687,0.9997427105480566,0.00024640600026983267,1.0883451673410467e-05,0.9999891165483265,-2.16935832648305,1.350807544494789,-0.023302364307705825,0.033122435604584374,543.2921554404857,0.0,1,Decay at rest
480,2,60,149.93798795104843,132.9752085294504,16.96277942159801,11.313196644426094,24.84048155521854,0.9976434875013495,0.00212532399207143,0.0002311885065790995,0.9997688114934209,-9.110184787366515,13.921515642741888,-0.705823050672061,0.5076477997000214,645.5387642910403,0.0,1,Decay at rest
482,2,52,112.17062931372388,100.67049820505383,11.500131108670049,10.252354987245335,15.305157872100562,0.9986890708933972,0.0012343441112531914,7.658499534956276e-05,0.9999234150046504,-5.512945170920161,8.694955590882254,-0.2536832414336231,0.2520761355890312,606.0805071127354,0.0,1,Decay at rest
483,2,47,90.00383795436346,84.34761384483801,5.656224109525452,6.284425462382443,10.681828864277865,0.9999130798779042,6.734810538893904e-05,1.9572016706802688e-05,0.9999804279832931,-3.9070771591767577,6.069868804894728,-0.030881959741718555,0.061012200113868376,583.8799857465305,0.0,1,Decay at rest
484,2,59,168.7226448136156,154.42367483692257,14.298969976693025,8.47483750179995,31.911797000084885,0.9999221133749285,5.408247093167707e-05,2.3804154139853914e-05,0.9999761958458602,-11.639862546387802,18.15125381191182,-0.18112759612112916,0.12280609176939848,663.8180317184964,0.0,1,Decay at rest
485,2,47,90.16064879346987,88.69934529581134,1.4613034976585335,1.620777486867832,10.518272887966729,0.9997579253539238,0.0002352908760635236,6.78377001263165e-06,0.9999932162299874,-6.141839633997819,3.8211532320300248,-0.06151781999397788,0.10964897284295126,583.7606487934697,0.0,1,Decay at rest
486,2,59,155.38093286241616,146.19407812168393,9.186854740732239,5.912472380936756,27.094174873470816,0.9986479446236683,0.001296966793042946,5.508858328872912e-05,0.9999449114167113,-16.05615017678804,9.971572042291179,-0.4203965907636646,0.494909942471421,650.9814596505176,0.0,1,Decay at rest
487,2,63,156.09766915353185,148.05474913274472,8.042920020787134,5.152492067563428,27.858836498453353,0.9992992909698731,0.0005832866693431334,0.00011742236078388614,0.9998825776392163,-10.226858884506894,16.17259595546502,-0.3983039146033942,0.224333808279054,652.4807963327813,0.0,1,Decay at rest
488,2,29,26.815761390568014,24.805495638349946,2.0102657522180696,7.496582785544722,1.243123033148784,0.9988859799197504,0.0010070483425463684,0.00010697173770333358,0.9998930282622968,-0.7214070567129546,0.447545143310348,-0.025322379957628937,0.015044380694883083,520.415761390568,0.0,1,Decay at rest
489,2,9,38.04697003291615,30.781767741249485,7.2652022916666645,19.09535052431563,8.373714897586549,0.999977722914694,2.2149184410525086e-05,1.279008953994967e-07,0.9999998720991046,-3.4259826486871425,3.725792336719936,-0.03321493580063137,0.012315533022962562,615.1829311870752,0.0,0,No decay recorded
490,2,14,10.963630401595594,10.037813658017921,0.9258167435776735,8.444435918260567,0.2470359806123828,0.9997300706940209,0.00016208017002661631,0.00010784913595242693,0.9998921508640475,-0.13914640714427745,0.08806586868252908,-0.0015871372924580807,0.0010484835659202406,504.5636304015955,0.0,1,Decay at rest
491,2,38,50.153553677067926,44.76692781729187,5.386625859776054,10.740267567996922,3.783592473564834,0.9995650855501436,0.00041287612293216684,2.203832692430706e-05,0.9999779616730757,-1.3391576029188024,2.175887620248968,-0.055532687251388345,0.03304316798886559,543.7535536770679,0.0,1,Decay at rest
492,2,45,83.1424259512426,74.46435119964923,8.678074751593368,10.437601083089,9.256536903931607,0.9994554838726407,0.0005016258586102208,4.28902687490457e-05,0.999957109731251,-3.351988924033791,5.277428321397213,-0.12585617020999668,0.08147497329071336,576.7424259512426,0.0,1,Decay at rest
493,2,50,97.55349488421395,89.93629264554167,7.617202238672282,7.808231009778916,11.885481936034779,0.9996775285067772,0.0002481939755389805,7.427751768398346e-05,0.9999257224823161,-4.348135661846408,6.817027370763591,-0.12888480198330357,0.06441522265722499,591.7876004197122,0.0,1,Decay at rest
494,2,3,8.440748937500885,7.074408210546931,1.3663407269539545,16.187434753372692,1.6506071220109966,0.9999891915209774,1.0808479022560656e-05,0.0,1.0,-0.6364609197417392,0.6516760391031939,-0.001074919069393141,0.002063583609236176,582.3660036631899,80.03455085159393,1,Decay in flight
495,2,45,80.08276653031653,76.91979152140186,3.162975008914672,3.9496325438723208,8.391192084349237,0.9996252205614417,0.0002918373719691809,8.294206658923245e-05,0.9999170579334108,-4.890332479142373,3.040143449822266,-0.10080960557944434,0.06869895502943663,573.6827665303167,0.0,1,Decay at rest
496,2,35,37.65127452842604,35.059102603601325,2.5921719248247213,6.884685730539287,2.311955084104038,0.999310415828051,0.0004752588712997117,0.0002143253006492503,0.9997856746993508,-0.8313095786363551,1.3165726435039353,-0.020313570657616593,0.03272024380851598,531.251274528426,0.0,1,Decay at rest
497,2,52,108.00255690515218,101.67797823596794,6.324578669184241,5.855952720395763,14.576978764245041,0.9995074920150964,0.000483814132447747,8.693852455812192e-06,0.9999913061475442,-8.862568099239478,5.274894566308105,-0.2452480223799367,0.13175866737903877,602.6233837395939,0.0,1,Decay at rest
498,2,5,2.266673610649775,1.0954224326901643,1.1712511779596109,51.672687786039674,0.017068694014227913,0.9999387702009541,6.117235814483352e-05,5.744090110925325e-08,0.999999942559099,-0.006749372009051514,0.005383291189449175,-3.20039537992471e-05,6.947931695212282e-05,495.86667361064974,0.0,1,Decay at rest
499,2,22,19.788621501749276,18.006959550928503,1.7816619508207714,9.003466717796769,0.71919673308876,0.9994262684381731,0.0005549534033609942,1.8778158466018677e-05,0.999981221841534,-0.41527530351194814,0.25896143011945305,-0.008657235581001609,0.007814066425059748,513.3886215017493,0.0,1,Decay at rest
500,2,52,105.07641832886468,94.75669661819887,10.319721710665807,9.82115861464509,14.049860062518285,0.9993845926750701,0.0005852547498341493,3.0152575095861448e-05,0.9999698474249042,-5.010975090272713,8.049014489886623,-0.1954711977454209,0.11591882846650402,599.2904019233291,0.0,1,Decay at rest
501,2,30,32.76575866150278,30.233587223062475,2.532171438440304,7.728102573786606,1.7910173991999832,0.9998530927446001,0.00010829713235826753,3.8610123041572046e-05,0.9999613898769584,-1.0541801712237888,0.6374818640358411,-0.009084451726486042,0.01226579069865257,526.3657586615028,0.0,1,Decay at rest
502,2,39,57.62450446603588,51.30974595286946,6.314758513166417,10.95846041832492,4.813128048408653,0.9990518728663336,0.000858791823145729,8.933531052065593e-05,0.9999106646894793,-1.745918648754144,2.737518181742813,-0.05528023055363534,0.06655997611808984,551.2245044660359,0.0,1,Decay at rest
503,2,35,43.16311752498263,38.821263328630394,4.341854196352236,10.059176550070067,2.805123693798698,0.9995412390764056,0.0004309557827313854,2.7805140862994086e-05,0.9999721948591369,-1.0220635923769925,1.5840328243296686,-0.034659692072080604,0.021640572843132352,536.7631175249825,0.0,1,Decay at rest
504,2,60,153.7169624321004,146.16802901221735,7.548933419883049,4.910930648410094,26.72070985826209,0.9996419209339925,0.00025523282612929105,0.00010284623987816103,0.9998971537601218,-15.540614031185337,9.776581486006998,-0.25503900626356096,0.20483091791683997,649.3777672975491,0.0,1,Decay at rest
505,2,45,70.04548473891334,65.87804291075594,4.16744182815741,5.9496223685096625,6.832931501974311,0.9997935318361196,0.00018145746577505334,2.501069810535769e-05,0.9999749893018947,-4.005854642729362,2.4649753501760037,-0.04811934663255886,0.050636822868482714,563.6454847389133,0.0,1,Decay at rest
506,2,39,58.24962885603611,52.17828486944829,6.071343986587824,10.422974542195185,4.880426674087823,0.9997383714287397,0.0002484787432651849,1.3149827995098045e-05,0.9999868501720048,-1.7612202087727227,2.781354245259374,-0.04779394002190336,0.03665442464251045,551.849628856036,0.0,1,Decay at rest
507,2,34,40.54737279030291,36.2323841400317,4.314988650271214,10.641845212973116,2.6348310862707245,0.9991693539284884,0.0008153968264934679,1.5249245018039263e-05,0.9999847507549818,-0.9356498253821623,1.5158152250996844,-0.03869513059152437,0.031184268952635152,534.1473727903029,0.0,1,Decay at rest
508,2,46,75.20045628911635,69.73662839435352,5.463827894762831,7.265684497653246,7.830313045286813,0.9996259762922021,0.00029350677060904627,8.05169371888806e-05,0.9999194830628111,-4.581898355692277,2.8394276912803584,-0.06180657936765598,0.05448995866161438,568.8004562891165,0.0,1,Decay at rest
509,2,15,67.24500025774006,61.02938078669145,6.215619471048613,9.243244028887009,14.993663871049145,0.9990144171089151,0.000980785280512571,4.79761057224584e-06,0.9999952023894277,-7.342823465194819,6.574641746367332,-0.1784062219729822,0.24828608105604738,629.8793531266683,0.0,0,No decay recorded
510,2,46,80.59254746068247,76.17716870520135,4.415378755481115,5.478643987069874,8.83229396009644,0.9995969718087899,0.00034582808045209335,5.7200110757940594e-05,0.9999427998892421,-5.2136366786512225,3.1573452247974836,-0.1041149868952566,0.0744546457141589,574.1925474606824,0.0,1,Decay at rest
511,2,44,69.86936850108242,64.77465228742308,5.0947162136593445,7.291773666997457,6.6395106029861894,0.9998048562758873,0.00018987367824468995,5.2700458679836034e-06,0.9999947299541321,-3.857771133913375,2.4257309540138827,-0.04157446057052722,0.06148101109037103,563.4693685010824,0.0,1,Decay at rest
512,2,49,95.5662603333475,92.26372555028387,3.3025347830636305,3.4557539151829957,11.807847008083789,0.9997747981341756,0.0002161516119029204,9.05025392151907e-06,0.9999909497460785,-4.206935127562897,6.938925589476735,-0.07654080152442143,0.10988062276667773,590.062166545546,0.0,1,Decay at rest
513,2,40,59.84667490073963,55.23719708208361,4.6094778186560195,7.702145234135727,5.220499322143202,0.9988114874472023,0.0010913695932938765,9.714295950393201e-05,0.9999028570404962,-3.0620700805537187,1.873076261661423,-0.05649523119899939,0.10144680250688774,553.4466749007396,0.0,1,Decay at rest
514,2,27,21.372963343631337,21.141844899181706,0.23111844444963148,1.0813589146892892,0.8518756569581463,0.999780535397923,0.0001858633486522978,3.3601253424704594e-05,0.9999663987465753,-0.4990994650688312,0.3017150512385189,-0.005887979129171713,0.0053865369748834265,514.9729633436312,0.0,1,Decay at rest
515,2,32,31.355657739446876,28.355778354316136,2.9998793851307397,9.567266647883939,1.6519268208614593,0.9995161006096193,0.00047706536067795944,6.834029702799737e-06,0.9999931659702972,-0.595123052921886,0.938064063685282,-0.01869904645548209,0.014144125870664563,524.9556577394469,0.0,1,Decay at rest
516,2,41,58.91472087354891,54.1703523825124,4.74436849103651,8.052942321868152,5.00342728740885,0.9997482103619009,0.00021228587287281718,3.950376522639692e-05,0.9999604962347737,-2.923746559733389,1.8114388149526641,-0.02445152200554433,0.0466717235192568,552.5147208735489,0.0,1,Decay at rest
517,2,45,77.71107135501406,73.31089791807733,4.400173436936719,5.66222207494095,8.34547893534154,0.9995705093591543,0.00042422492969286025,5.265711152784178e-06,0.9999947342888471,-5.110671617423852,2.986293588690475,-0.12772610088126415,0.07112795329128536,571.5870470806003,0.0,1,Decay at rest
518,2,26,20.48403626358794,18.622196932166528,1.8618393314214117,9.08922102784491,0.7750935115896713,0.99963860908358,0.00026590256266135505,9.548835375854879e-05,0.9999045116462414,-0.2790003249751984,0.4367942503251532,-0.0067972254442958905,0.005898856110050958,514.0840362635879,0.0,1,Decay at rest
519,2,55,116.89876706462925,112.02589902609368,4.872868038535568,4.168451182929525,16.262344809736142,0.9996943886145999,0.00019916216377791334,0.00010644922162218,0.9998935507783778,-9.440104044247596,5.94948037618625,-0.14687361991848127,0.09281270942608934,610.8372263628784,0.0,1,Decay at rest
520,2,41,60.07012815367245,56.86960272816924,3.200525425503207,5.327981683867175,5.26166026465723,0.9993640421259253,0.000625833907144339,1.0123966930449792e-05,0.9999898760330697,-3.0884956706685633,1.8936840650941134,-0.07222755002088024,0.0704600562967339,553.6701281536724,0.0,1,Decay at rest
521,2,21,17.763188736907352,16.44740275543048,1.3157859814768704,7.4073748861487045,0.6007224322007712,0.999799613324586,0.0001350354525526831,6.535122286142273e-05,0.9999346487771387,-0.3451962871146879,0.21793559873011353,-0.002671238058395007,0.0038403806055518777,511.3631887369073,0.0,1,Decay at rest
522,2,46,82.27711265422478,77.60541213322077,4.671700521004019,5.678007370819102,9.163499924056259,0.998897380586159,0.0010509053527938063,5.171406104725598e-05,0.9999482859389528,-5.373159583193403,3.294905632083499,-0.20442955752928604,0.13433586941925552,576.1801066579512,0.0,1,Decay at rest
523,2,49,95.16701117736201,89.4038523148798,5.763158862482211,6.055836777033438,11.575600624330109,0.9992093840935214,0.0007370073818662058,5.360852461246759e-05,0.9999463914753877,-4.195360170481297,6.604677241912316,-0.10584570242760487,0.17842243556881063,589.0940102156541,0.0,1,Decay at rest
524,2,57,145.3641686242733,139.041420542412,6.322748081861302,4.349591884781373,24.159037257627983,0.9993353432573676,0.0005996910229139282,6.496571971835169e-05,0.9999350342802815,-14.107056118805547,8.741965006635537,-0.38732227940347375,0.21671755493564893,640.1409314297035,0.0,1,Decay at rest
525,2,39,57.88626491597631,55.003422927662804,2.882841988313508,4.98018310992779,4.848555699380936,0.999360219059156,0.0006013095348368341,3.847140600733819e-05,0.9999615285939928,-2.846579092970659,1.734899331518644,-0.06333113403038215,0.0461876330539196,551.4862649159763,0.0,1,Decay at rest
526,2,7,4.917690569231298,4.026416122868245,0.8912744463630534,18.12384154341723,0.06377300609833475,0.9981163812417778,0.0018793864339719116,4.2323242503926995e-06,0.9999957676757497,-0.032451261692286286,0.022593700146936117,-0.0012467392858254616,0.0010718984544143312,498.51769056923126,0.0,1,Decay at rest
527,2,26,19.639927588282777,18.30261609824083,1.3373114900419476,6.809146744715038,0.7394780064068011,0.9992330620325154,0.0007543733988284586,1.2564568656161102e-05,0.9999874354313438,-0.4308713007992685,0.26443712993513685,-0.010400311779648851,0.008446378018035817,513.2399275882827,0.0,1,Decay at rest
528,2,50,96.15857685981332,86.73612639875435,9.422450461058965,9.798866381722423,11.693104919646112,0.999148026680251,0.0008472061641474109,4.7671556015032435e-06,0.9999952328443985,-4.2327049257285765,6.712718931760537,-0.1517219982138963,0.14893681396495456,590.3560047811865,0.0,1,Decay at rest
529,2,53,117.5697842159764,108.77108684806943,8.79869736790697,7.483808383745699,17.054794221052582,0.9932439488363505,0.006739406601951419,1.6644561698037097e-05,0.9999833554383019,-9.922967851351215,6.03771067669963,-0.7145495791653976,0.618634464102331,612.3789501343406,0.0,1,Decay at rest
530,2,62,162.99551965340896,145.22457660913773,17.77094304427124,10.902718726293267,29.283721913375526,0.9997841296796004,0.00018750416234158105,2.8366158057928757e-05,0.999971633841942,-10.803860041685489,16.516739462565674,-0.1462467397247929,0.18488826397784303,658.0680133347753,0.0,1,Decay at rest
531,2,47,78.97164479832216,74.65241117721096,4.319233621111194,5.469347424815142,8.31628922055083,0.999060679692123,0.0007952749041601131,0.0001440454037168943,0.9998559545962831,-3.0544812442078046,4.833579865603431,-0.15533017842367444,0.0883738134228315,572.909739816472,0.0,1,Decay at rest
532,2,57,137.64808026670994,128.38527911727883,9.262801149431102,6.729335513785078,21.91465411130845,0.9997245639069849,0.00025250144795045887,2.293464506458897e-05,0.9999770653549354,-7.977699605630475,13.251751637987432,-0.20612358444556766,0.14720927295463257,633.3351228440615,0.0,1,Decay at rest
533,2,21,18.441516416409744,16.509146322577838,1.932370093831905,10.47836875340919,0.6446787432573763,0.9992709706084363,0.0006676733434927392,6.135604807091375e-05,0.999938643951929,-0.374355459917761,0.22913113512067038,-0.007097275485138368,0.010447545671799213,512.0415164164098,0.0,1,Decay at rest
534,2,37,51.36609335337858,48.96301062103865,2.4030827323399353,4.678344361926978,3.8833317693109564,0.9984600506972102,0.0014017409559353795,0.00013820834685435252,0.9998617916531456,-2.246368518807664,1.4121693757582174,-0.06819299190580619,0.068182378854918,544.9660933533785,0.0,1,Decay at rest
535,2,6,31.716601943450694,18.061812333508183,13.654789609942512,43.05249860715975,9.572012591450042,0.9999812466109503,1.6157030165605773e-05,2.5963588840510305e-06,0.9999974036411159,-4.339359694668532,3.152054795309696,-0.024200571289200917,0.014853527200157816,671.9283357949759,0.0,0,No decay recorded
536,2,43,65.1557568464833,61.42356878604431,3.7321880604389914,5.728101768862242,5.866387110704613,0.9998961026587784,7.815282391870445e-05,2.5744517303013752e-05,0.999974255482697,-3.428480229096192,2.121725858778451,-0.027849235542150345,0.02520919721099335,558.7557568464832,0.0,1,Decay at rest
537,2,53,116.4319443610516,111.44635500076748,4.985589360284117,4.281977242279807,16.46684197136856,0.9999065708144653,8.804844040232516e-05,5.380745132320739e-06,0.9999946192548677,-9.571903525963421,6.077074101596985,-0.08895036028599376,0.08300776832138317,611.1024712748665,0.0,1,Decay at rest
538,2,34,40.47312271372569,37.150599948435264,3.3225227652904192,8.209207845886448,2.63932053701005,0.9998259653597448,0.0001382860837492003,3.5748556506043597e-05,0.999964251443494,-0.9399804896237322,1.5182064782741453,-0.016945289815154096,0.010186426387618413,534.0731227137256,0.0,1,Decay at rest
539,2,71,231.5220378151476,219.53131823856796,11.990719576579632,5.179083464250298,51.61647790112278,0.9996627136799194,0.00031909790123409534,1.8188418846450977e-05,0.9999818115811535,-19.52578089110637,29.642810624926216,-0.6946515676510915,0.4347563158783606,730.1083651586636,0.0,1,Decay at rest
540,2,57,127.62659883138168,114.6580965800369,12.968502251344791,10.16128484978165,19.439023741814278,0.9996084836757548,0.00036612230249420197,2.53940217510591e-05,0.999974605978249,-7.081958196171934,11.012956549937261,-0.24719810942078543,0.1579531863770878,622.5768536820037,0.0,1,Decay at rest
541,2,46,84.7093224163977,80.94698844884053,3.762333967557164,4.44146389114413,9.40615593290827,0.9997279925068259,0.0002548571179318133,1.7150375242389018e-05,0.9999828496247577,-5.480248107410803,3.4302208429669925,-0.05239039004253642,0.07382779001232219,578.3093224163977,0.0,1,Decay at rest
542,2,56,115.85726030518262,112.87283690503551,2.984423400147103,2.575948535539124,16.314824817895285,0.9964675471880208,0.0035050526738889497,2.7400138090189008e-05,0.9999725998619097,-5.932398260971511,9.672681847156694,-0.43262732938933474,0.4817575916448089,610.5578163137602,0.0,1,Decay at rest
543,2,44,66.34149210056495,61.64996343222547,4.691528668339478,7.071786479007344,6.262702510576325,0.9994838592753391,0.00040668967094794126,0.00010945105371290177,0.999890548946287,-3.7173184206115595,2.2127497802878153,-0.05929966291072821,0.06381993115607076,559.9414921005648,0.0,1,Decay at rest
544,2,52,124.17106687116534,116.72578371510137,7.4452831560639625,5.995988714334616,18.33672685431726,0.9997299055969808,0.00018978385519523115,8.031054782395607e-05,0.999919689452176,-11.030672637346763,6.591616045934229,-0.155559820795628,0.13797467152142653,618.8480481163108,0.0,1,Decay at rest
545,2,37,47.63117787791522,44.00525009581003,3.6259277821051943,7.6125091665776345,3.5403417098366337,0.9999254905784877,4.182958683658074e-05,3.2679834675810575e-05,0.9999673201653243,-2.0927103203246675,1.2613117695504086,-0.009248655807910788,0.014871244471853116,541.2311778779152,0.0,1,Decay at rest
546,2,58,169.13854196672733,164.764090301692,4.374451665035328,2.5863127434880355,31.221794568274255,0.9988308539748424,0.0011508399676875391,1.8306057470215243e-05,0.9999816939425299,-19.27873915166243,11.476251173618186,-0.5815988925459851,0.39932697328152916,663.528384444553,0.0,1,Decay at rest
547,2,48,84.24293120194164,75.91999509296973,8.322936108971911,9.879684847409587,9.120031838986728,0.9984947549459706,0.0014931068293310816,1.2138224698325911e-05,0.9999878617753017,-3.3517227306018844,5.117389343070459,-0.16379797546151276,0.1307642152603897,578.1297860187914,0.0,1,Decay at rest
548,2,57,168.69317902262515,151.03855893731043,17.654620085314708,10.465521005414729,30.378738119691246,0.9986329813382061,0.0012650310953450903,0.00010198756644871725,0.9998980124335511,-11.139893095040751,17.138624046876043,-0.5109903276247444,0.4210706331371469,662.57909113635,0.0,1,Decay at rest
549,2,57,132.2850754562676,121.84772358264276,10.43735187362485,7.89004491823823,20.714332884953695,0.9994182840852064,0.0005369519794167049,4.476393537690125e-05,0.9999552360646231,-7.524610313331554,11.917211059948746,-0.22514947189308882,0.22657748379912354,627.0023689230671,0.0,1,Decay at rest
550,2,59,116.90977342342796,109.97815378100604,6.931619642421924,5.929033509727829,16.797615942676156,0.9995162209992821,0.0004692407741903948,1.4538226527562611e-05,0.9999854617734725,-10.405824337357002,5.979079077337934,-0.22024934100853863,0.11113087580019289,613.4950624657899,0.0,1,Decay at rest
551,2,53,135.49638381894192,134.01809016072636,1.4782936582155752,1.0910207464953134,20.853552372278955,0.9991512324768491,0.0007576975204287362,9.107000272209724e-05,0.9999089299972779,-12.09139561833384,7.6241752079214935,-0.20237411609967298,0.2798565265057208,629.3819761505716,0.0,1,Decay at rest
552,2,38,45.578841477008496,42.420617767197214,3.1582237098112826,6.929144329840847,3.2552770295850753,0.9996915820170421,0.00025364804699374216,5.476993596410446e-05,0.9999452300640359,-1.1701304887333908,1.8678330028810155,-0.02908835997741875,0.01781593505211255,539.1788414770084,0.0,1,Decay at rest
553,2,3,7.412626293624651,3.4638032600349744,3.948823033589677,53.27157848205468,1.1490766204073175,0.9999863208986317,1.3679101368380135e-05,0.0,1.0,-0.3033052846995408,0.47437477543703344,-0.004031091874007742,0.0006905635763611889,556.0423426003714,0.0,0,No decay recorded
554,2,45,77.60600909084239,73.99117480559104,3.6148342852513435,4.657930909731446,8.12074553804784,0.999711707142948,0.00025702556304256887,3.126729400938738e-05,0.9999687327059905,-4.7574494966382685,2.933018098360376,-0.05045259994886552,0.06509905312292213,571.2060090908423,0.0,1,Decay at rest
555,2,26,25.584611082645953,25.104402976735564,0.4802081059103895,1.8769411985946298,1.1311667537405439,0.9996236931221544,0.00035501908061371615,2.12877972319345e-05,0.9999787122027681,-0.6580536713472303,0.4063286675031918,-0.008790261041145345,0.010343620884452261,519.1846110826459,0.0,1,Decay at rest
556,2,48,93.12177989930026,86.3411596973826,6.780620201917666,7.2814546814398,11.16655723005232,0.9996682658020437,0.00032524224305629466,6.491954899842457e-06,0.9999935080451,-4.0269280587909435,6.348050190021768,-0.07438078346875483,0.16273549190820535,586.9955443123854,0.0,1,Decay at rest
557,2,15,22.705913709437677,18.195319013274357,4.510594696163319,19.865285995024713,1.7733165662164407,0.9998923976493569,6.55441128983881e-05,4.2058237744745294e-05,0.9999579417622553,-0.7903435049882137,0.8384377189257275,-0.006783451037302617,0.005339024379822542,530.7566674835577,0.0,0,No decay recorded
558,2,36,46.158846179744614,43.03498318089601,3.1238629988485984,6.767636666402224,3.3165461368862936,0.9992171027831881,0.0007685575908213599,1.4339625990494004e-05,0.9999856603740095,-1.954450079460744,1.18037702363273,-0.03313018049154919,0.05843735477038451,539.7588461797445,0.0,1,Decay at rest
559,2,57,124.9358287581444,116.61475593309882,8.321072825045572,6.66027744623508,18.56612392268104,0.9994850775187974,0.0004515985122081389,6.332396899451992e-05,0.9999366760310056,-6.772239591764671,10.966021993629763,-0.3385609164241221,0.17741745564754052,620.3257246080111,0.0,1,Decay at rest
560,2,45,78.62024772174871,74.13649967792372,4.4837480438249955,5.703044920048829,8.196493001585365,0.9995247542440681,0.0004700796284242317,5.166127507608066e-06,0.9999948338724923,-4.961562626187182,2.969697487286478,-0.06837640641715159,0.08309032764629237,572.5380292897702,0.0,1,Decay at rest
561,2,55,126.56542297910079,119.14755186023645,7.417871118864337,5.86089861216615,19.10320807512021,0.9994982937821402,0.0003654554760271085,0.0001362507418326759,0.9998637492581672,-11.397904813767203,6.968010982689928,-0.1396575363212429,0.20954670869181274,621.5404296060983,0.0,1,Decay at rest
562,2,47,79.870228046021,78.12206906028854,1.748158985732464,2.188749210438187,8.560038510061664,0.9998153676332336,0.00017406663047043482,1.0565736295885633e-05,0.9999894342637041,-3.1060037297889025,4.986595811826072,-0.06692624743966848,0.05872098803127756,573.7497723018746,0.0,1,Decay at rest
563,2,47,84.03968388208123,75.49594974412805,8.543734137953177,10.166309228317854,9.256721986506758,0.9990734304428607,0.0008975070910023337,2.906246613700549e-05,0.999970937533863,-3.377780370333867,5.2244856494317515,-0.144178000197311,0.1161791503609328,577.9718504021472,0.0,1,Decay at rest
564,2,43,67.27554269453661,62.912820138124275,4.362722556412338,6.484856727534999,6.3534518046480075,0.9995273885628594,0.00033399278352147353,0.00013861865361912328,0.9998613813463808,-2.298154518245014,3.7423991532008882,-0.07883861879796016,0.04459348545987998,561.1521727678493,0.0,1,Decay at rest
565,2,50,96.87096859562709,91.57571729514395,5.295251300483149,5.466293335609514,11.992434870428978,0.999315722289117,0.000658869341988401,2.5408368894556088e-05,0.9999745916311055,-4.331203474847654,6.804281358893127,-0.1577743151051356,0.1709382361106085,590.7496377888491,0.0,1,Decay at rest
566,2,42,57.38400986718454,53.9073867107137,3.476623156470835,6.058522512660739,4.8156803209637875,0.9991374032827776,0.0008495600739427732,1.3036643279645221e-05,0.9999869633567203,-1.7540301038515314,2.7264583411793346,-0.06308294182773098,0.06801505505300964,550.9840098671846,0.0,1,Decay at rest
567,2,43,65.8638722787997,63.00698722416534,2.8568850546343607,4.337560115720581,6.137147964663229,0.9995504277382712,0.0004219349672160869,2.763729451274351e-05,0.9999723627054873,-2.2346205830988013,3.5911368422609566,-0.05948518793824984,0.07180149381760498,559.7425479581141,0.0,1,Decay at rest
568,2,44,74.41865819682727,67.42704204280778,6.991616154019484,9.394977447090765,7.40745916387684,0.9998371793590409,0.00014368082170252114,1.9139819256548212e-05,0.9999808601807435,-2.6933647890212686,4.212860757631287,-0.04500762789709196,0.0437548664330485,568.0186581968272,0.0,1,Decay at rest
569,2,56,127.63119894359863,125.77364326103472,1.8575556825639161,1.4554087855781928,19.056977069994552,0.9990725700662878,0.0008332862574144179,9.414367629760957e-05,0.9999058563237022,-11.107367515115051,6.887081603137238,-0.23678395488120269,0.31247021065489616,622.2437343691204,0.0,1,Decay at rest
570,2,20,16.646650611755266,15.615835705622223,1.0308149061330436,6.1923261932650835,0.5378622503085606,0.9989422075011448,0.0009517341630878142,0.00010605833576739251,0.9998939416642326,-0.31227083419003177,0.1900982615185793,-0.008682366599941052,0.006200799025340576,510.2466506117552,0.0,1,Decay at rest
571,2,47,89.22533606235928,83.38005975388184,5.845276308477431,6.5511395825869325,10.433363992559155,0.9995396581518557,0.0003855127935107884,7.482905463337203e-05,0.9999251709453665,-6.1151242463515745,3.7586844017133925,-0.1177327824513419,0.07367331462748677,583.0998782256495,0.0,1,Decay at rest
572,2,35,41.05714249191323,37.083776098742405,3.9733663931708287,9.677649617124324,2.668785904669902,0.9998337247871218,0.0001549685159524138,1.1306696925673712e-05,0.9999886933030743,-0.9722220184478956,1.512259481315462,-0.02163956537729416,0.012786099930626389,534.6571424919132,0.0,1,Decay at rest
573,2,60,158.93938044256257,146.50352482869013,12.43585561387243,7.824275883827603,28.372083271467073,0.9995556558066502,0.0004193531331940314,2.4991060155765265e-05,0.9999750089398443,-10.431205049880758,16.676325706202977,-0.32923180602622776,0.23128208291077423,655.0393006999174,0.0,1,Decay at rest
574,2,51,107.35275025552649,102.82672789608154,4.526022359444953,4.216028325936582,14.167545393504666,0.9998848178011036,8.423931459049317e-05,3.0942884306018416e-05,0.9999690571156941,-8.267444915134977,5.155724035248011,-0.0728317982403849,0.06603550336104133,601.6203188133312,0.0,1,Decay at rest
575,2,62,173.86699000698334,163.87757225470142,9.989417752281938,5.745436642044999,32.2962200017313,0.9991638539191291,0.0008067248883090428,2.942119256172154e-05,0.9999705788074381,-19.205588548081018,11.83734089706064,-0.38053749170828083,0.523663795572401,671.8138910183021,0.0,1,Decay at rest
576,2,24,22.50948761030395,21.052574668609342,1.4569129416946067,6.472439386082203,0.9135712681136456,0.9991948412200229,0.0007917539975098502,1.340478246727e-05,0.9999865952175327,-0.5359328127400846,0.3221633596686876,-0.013249456496691986,0.010739522779818487,516.109487610304,0.0,1,Decay at rest
577,2,17,58.93104732827526,52.89244952370215,6.038597804573113,10.246886960849547,9.158335877800253,0.9996550792798371,0.0002931359006719337,5.178481949091507e-05,0.999948215180509,-4.0542497098396355,4.345590988006537,-0.07583880173610251,0.06426597314703146,590.3938597589257,37.26295759100572,1,Decay in flight
578,2,51,108.09076872191389,101.93483281715424,6.155935904759637,5.69515415381777,14.830200550800358,0.997865985032548,0.0020679197262631417,6.609524118902475e-05,0.9999339047588112,-8.658537277361402,5.362099709036712,-0.32775435987219187,0.2848419607858372,602.1565053533614,0.0,1,Decay at rest
579,2,13,47.7487150112164,42.160385933072156,5.588329078144242,11.703621923294726,8.609041021339896,0.9999731638545509,2.1296163713837426e-05,5.5399817351646766e-06,0.9999944600182648,-3.793129593895689,3.925299280808386,-0.01601928091662187,0.020581663279200593,593.4430890715554,0.0,0,No decay recorded
580,2,49,89.03029706963865,87.10794409332976,1.9223529763088858,2.1592121329273333,10.289330322278607,0.9990859330784947,0.0008875485257610558,2.6518395744214904e-05,0.9999734816042557,-3.658903297083576,6.038830834113172,-0.10245472570578362,0.16497944671305795,583.2505146033697,0.0,1,Decay at rest
581,2,12,8.185325590205991,7.166655546082003,1.0186700441239878,12.4450766545299,0.15370073403240178,0.999584590029026,0.00038822021520228323,2.7189755771713296e-05,0.9999728102442282,-0.08574656814241209,0.05444259630506635,-0.0015663396878824788,0.0010994545146054925,501.7853255902059,0.0,1,Decay at rest
582,2,30,30.658687363418498,27.499599412255964,3.159087951162533,10.30405481394455,1.5623201850974857,0.9998936368898242,7.025297041146831e-05,3.61101397643145e-05,0.9999638898602358,-0.9127077765492158,0.559775399085834,-0.00772168215904002,0.006363956910796458,524.2586873634184,0.0,1,Decay at rest
583,2,44,68.74287921031298,65.091982718711,3.6508964916019844,5.310944978653539,6.611081607386518,0.9989622439396014,0.0010269288530890468,1.0827207309519706e-05,0.9999891727926905,-3.862432055575536,2.388794746023906,-0.10928021064271819,0.09105390119453773,562.3428792103128,0.0,1,Decay at rest
584,2,19,70.6926485652307,64.26789376969352,6.424754795537181,9.088292666823515,12.07279413723105,0.9998666342824161,0.00011558052108530185,1.7785196498727496e-05,0.9999822148035014,-5.226937890015612,5.924776697662701,-0.04786177904983156,0.07323785645118541,598.727345262549,0.0,0,No decay recorded
585,2,54,123.6093167733114,117.74588681202356,5.863429961287845,4.7435178143091425,18.17454795913078,0.9994580287408057,0.000511471979334388,3.0499279859827157e-05,0.9999695007201401,-11.325163391324264,6.6325722768075375,-0.23994507965792847,0.20092309245041562,618.6602124756523,0.0,1,Decay at rest
586,2,52,121.55897889742778,112.00883141911734,9.550147478310434,7.85639001325349,17.46086770707866,0.9997804959998844,0.00018487242267541983,3.463157744018676e-05,0.9999653684225598,-6.335497868078928,10.001411310868713,-0.09231483909166485,0.12928947234252913,615.9163196475421,0.0,1,Decay at rest
587,2,39,49.3788187800331,45.14496640473322,4.2338523752998825,8.574227735500003,3.649219380896189,0.9998333516094741,9.29869203715488e-05,7.36614701544644e-05,0.9999263385298456,-1.322016777400578,2.0668005493999733,-0.01447001490486136,0.020680880661200222,542.9788187800331,0.0,1,Decay at rest
588,2,55,125.86033970534994,120.5363522631615,5.323987442188438,4.230075538213513,18.929233276459048,0.9992924021992801,0.0006620022691085016,4.559553161133112e-05,0.9999544044683886,-6.842033655561418,11.057742688109775,-0.22410542322712862,0.24911442197777864,620.6822098342601,0.0,1,Decay at rest
589,2,39,53.92234235429105,49.06653219532659,4.8558101589644584,9.005191441907087,4.418714355338354,0.9992295143290904,0.0007278134485794971,4.2672222330141826e-05,0.9999573277776699,-1.571652215133938,2.5382118514852223,-0.06704419582266705,0.05077188722472281,547.522342354291,0.0,1,Decay at rest
590,2,48,81.29830269980435,77.39552295262932,3.9027797471750367,4.800567315145718,8.837714017023238,0.9993167238914767,0.000614924793929549,6.83513145935656e-05,0.9999316486854063,-5.1792017789819385,3.1758713221750177,-0.1434320012273247,0.08367880740925847,574.8983026998045,0.0,1,Decay at rest
591,2,55,126.63394318521219,123.30046720463847,3.3334759805737257,2.6323716191149895,19.17125653246926,0.9998266049730348,0.00014649191959796123,2.690310736714875e-05,0.9999730968926327,-11.22371591866323,6.943541566654317,-0.09450045671917023,0.11022961390392066,622.0197108294172,0.0,1,Decay at rest
593,2,51,108.41760921129445,101.31135356856089,7.106255642733552,6.554521626541507,14.55205880797766,0.9993831125743172,0.0005995025146337906,1.7384911049076154e-05,0.999982615088951,-5.243052379337961,8.28422716012166,-0.1776803830056747,0.20928927723868093,602.9393283830896,0.0,1,Decay at rest
594,2,29,28.067720683586515,26.110575994458465,1.957144689128049,6.9729377429373915,1.3699804734239558,0.9996876828442759,0.00029013486984888655,2.2182285875064152e-05,0.9999778177141248,-0.4895812837584444,0.7828835055140595,-0.010957559148240467,0.012896755277201744,521.6677206835865,0.0,1,Decay at rest
595,2,56,147.37733225829282,134.87878070650248,12.498551551790355,8.480647166204264,24.666607169784804,0.9993957817849466,0.0005954841438377032,8.73407121577094e-06,0.9999912659287843,-9.04177695352759,13.956211182196,-0.29593331065610484,0.21254249435627826,642.0133298255694,0.0,1,Decay at rest
596,2,52,112.91330526087545,108.7863030330196,4.127002227855839,3.6550185279943697,15.638698952895352,0.998906228960725,0.0010483486295681666,4.542240970692039e-05,0.9999545775902932,-9.602085987386628,5.588721909968129,-0.23767437800008878,0.22769565075578702,606.5133052608754,0.0,1,Decay at rest
597,2,38,48.8750772253623,46.33818862205776,2.5368886033045386,5.190556715863549,3.6315966876779284,0.9986345442972286,0.0013401621222825853,2.5293580488879258e-05,0.9999747064195113,-2.1134503700865417,1.3155564673097535,-0.05598062118658356,0.06184546471983095,542.4750772253624,0.0,1,Decay at rest
598,2,27,83.81594544827658,77.19181302451317,6.624132423763408,7.903188812504904,12.843209225029286,0.9995249265683488,0.0003778644299700392,9.720900168114933e-05,0.9999027909983188,-5.295147790408536,6.648420365593648,-0.07694686617644417,0.14041962688934778,597.2203927599707,0.0,0,No decay recorded
599,2,32,36.37286937496629,33.22196445585457,3.1509049191117264,8.662788977765784,2.2345139620199808,0.9996818206724959,0.0002954517313173229,2.2727596186734805e-05,0.9999772724038132,-0.7881587674750712,1.288277099072128,-0.013549754994250247,0.020384225661996984,529.9728693749662,0.0,1,Decay at rest
600,2,63,180.01178620241106,175.36323466619322,4.648551536217847,2.58235954116408,34.27349161225187,0.9998827378134223,8.834047393688014e-05,2.892171264079481e-05,0.9999710782873592,-12.475184047797521,20.368819497285788,-0.14506168743692072,0.2437788148279637,675.9255459477112,0.0,1,Decay at rest
601,2,49,98.1475655129089,91.08955788913252,7.05800762377638,7.191220268064695,12.315840087676671,0.9997864108849898,0.0002097796899167056,3.809425093577047e-06,0.9999961905749065,-7.19173880384439,4.4844125522051534,-0.07001949244753539,0.1143156433004079,592.0388677717352,0.0,1,Decay at rest
602,2,41,60.57531752112685,57.433157617829615,3.1421599032972334,5.1871951017035,5.265345631200991,0.9988780914185231,0.0010752038995471282,4.6704681929616866e-05,0.9999532953180703,-3.0961663612225467,1.8797755258857871,-0.08363924038826975,0.07464683021794935,554.1753175211268,0.0,1,Decay at rest
603,2,42,64.33683373650425,57.88771726592253,6.449116470581713,10.023987964646341,5.845856758794458,0.9993113971475655,0.0006707656232481514,1.7837229186334694e-05,0.9999821627708136,-2.098230970518526,3.3394930652704367,-0.08111501583521953,0.07008652171767843,557.9368337365042,0.0,1,Decay at rest
604,2,26,26.821627068425524,24.785385045827542,2.0362420225979814,7.591791569554144,1.212994663628516,0.9969550826356508,0.0027434138247525385,0.0003015035395966889,0.9996984964604033,-0.703441838817407,0.41948537982042555,-0.038692598112705895,0.019286811964798437,520.4216270684256,0.0,1,Decay at rest
605,2,11,49.790289597376585,42.230253727373636,7.560035870002951,15.183755569883818,10.86411230444349,0.9997984049468506,0.0001966621019967468,4.93295115263625e-06,0.9999950670488473,-5.048068349317805,4.7160831978857995,-0.05566481061113254,0.06855085439780789,618.1549355447555,73.90039935833613,1,Decay in flight
606,2,50,108.14463114178567,101.1057099902992,7.038921151486456,6.508803143688109,14.373583524003438,0.9999285267901622,5.06377542450151e-05,2.0835455592848193e-05,0.9999791645444072,-5.2187679596125705,8.176149513976867,-0.05635979268216196,0.06590226777440816,601.7446311417857,0.0,1,Decay at rest
607,2,51,105.45882142725678,96.76936764030786,8.689453786948913,8.239665178642937,14.19179226415986,0.9956757851867404,0.004146638880368794,0.0001775759328908974,0.9998224240671092,-8.214473081772832,5.104608251689049,-0.5343661657519082,0.5120560664443955,599.7606781449036,0.0,1,Decay at rest
608,2,63,159.17124219530987,153.29114424495165,5.880097950358233,3.6941961809552906,28.38357428025793,0.999785199267244,0.00020389001883389256,1.091071392231522e-05,0.9999890892860779,-17.180620069698858,10.457157947119006,-0.22143159486988193,0.155402575804355,656.9170951738112,0.0,1,Decay at rest
609,2,45,74.99387635902976,73.9153947894454,1.078481569584354,1.4380928443026104,7.511291933971587,0.9994138876262585,0.0005547838203477838,3.1328553393815116e-05,0.9999686714466063,-2.775051775356615,4.301279536794198,-0.08009053906530063,0.1054625709788428,568.9055791385786,0.0,1,Decay at rest
610,2,71,219.85426055172005,214.1683143880882,5.685946163631868,2.5862342396108655,47.85995047118049,0.9996868615291191,0.00030375662426140003,9.381846619416248e-06,0.9999906181533805,-28.38609128396139,17.762003814174037,-0.331281979536791,0.4068120506133742,721.1366684784234,0.0,1,Decay at rest
611,2,47,82.99082094885846,79.03541068514822,3.9554102637102293,4.766081620216382,9.244447395603506,0.999817967798742,0.00014672246169846354,3.5309739559569154e-05,0.9999646902604404,-5.4258631470131515,3.333500460536564,-0.07471509946298256,0.04857456509516135,576.8742784815803,0.0,1,Decay at rest
612,2,48,86.60217688113966,83.80185472631861,2.800322154821044,3.233547071991561,9.605652847849385,0.9996789949474282,0.00028329210749769525,3.771294507405672e-05,0.9999622870549258,-3.5021213691018174,5.612436637162905,-0.0539608801440769,0.09871162070749917,580.5184664501784,0.0,1,Decay at rest
613,2,62,188.87212979414036,181.5456584506371,7.32647134350327,3.879064291533482,37.52659124678292,0.9997254330968596,0.0002352636498531002,3.930325328726269e-05,0.9999606967467126,-13.878642928006828,21.778969417872354,-0.2711232629794548,0.41153153276083204,685.140719973168,0.0,1,Decay at rest
614,2,48,93.1211488415414,87.2438683142707,5.877280527270698,6.31143472818587,10.899686818289652,0.9993375907215627,0.0006316770266636231,3.073225177364869e-05,0.9999692677482264,-3.9355771310860725,6.1936352481901205,-0.10354264076163548,0.16171726482232202,586.7211488415413,0.0,1,Decay at rest
615,2,47,86.22754957887325,85.08911728631304,1.138432292560211,1.3202651566931924,9.71920975372831,0.9999194891067645,5.705451013544669e-05,2.3456383100169406e-05,0.9999765436169,-5.702458756744775,3.5010785980381667,-0.03982270809024346,0.035225785140677805,579.8275495788731,0.0,1,Decay at rest
616,2,64,176.80419535366923,167.26112795793037,9.543067395738868,5.397534474026168,33.459383470104605,0.9991774419894962,0.0007898791851390185,3.267882536486657e-05,0.9999673211746353,-19.909008153046134,12.259517409718459,-0.4010859721323645,0.4797887874990809,674.7775386109497,0.0,1,Decay at rest
617,2,27,24.706141141027214,22.77686805037775,1.929273090649464,7.808880713652598,1.0614581572880473,0.9997057667517799,0.00027782815207058587,1.640509614939338e-05,0.9999835949038505,-0.38643203915164037,0.5987056041517224,-0.008236771179420198,0.01094535834060621,518.3061411410272,0.0,1,Decay at rest
618,2,12,7.838782375372032,6.9661843727370805,0.8725980026349514,11.131805436728143,0.14105533390630184,0.9997563294407514,0.0001529520136361669,9.071854561245244e-05,0.9999092814543876,-0.07726071735441928,0.05115697030752158,-0.0012438756779829512,0.0008239095457641532,501.438782375372,0.0,1,Decay at rest
619,2,59,122.48105832423003,116.75406147828531,5.726996845944721,4.675822469450175,18.066469409674593,0.9991924115212861,0.000724418659711255,8.316981900252104e-05,0.9999168301809974,-11.072938889111503,6.505902410826745,-0.24715522084036526,0.22354190322314202,618.3917320077975,0.0,1,Decay at rest
620,2,34,39.59809037968989,36.59575258161453,3.00233779807536,7.582026732317571,2.462812731988597,0.999712584719728,0.00025640066539462427,3.1014614877324205e-05,0.9999689853851227,-1.4350053291099614,0.8904351283915152,-0.01852295528192342,0.023001107059709966,533.1980903796899,0.0,1,Decay at rest
621,2,46,81.7787287594101,76.21298887769174,5.565739881718359,6.80585277632837,9.116046975735019,0.9995775336150882,0.00040403005851724605,1.8436326394600367e-05,0.9999815636736054,-5.375989334731064,3.2692801253005923,-0.0848250537385998,0.10944137560420919,575.3787287594101,0.0,1,Decay at rest
622,2,43,62.09459417309473,58.77356646869568,3.321027704399051,5.3483362740746205,5.539111637306346,0.9971268489474123,0.0028554472816705043,1.7703770917227292e-05,0.9999822962290829,-3.2258314652228126,1.9888840968798283,-0.1653959295462091,0.12052822040107039,555.6945941730947,0.0,1,Decay at rest
623,2,16,12.671158662464448,12.279937129517188,0.3912215329472597,3.087496126981413,0.3279579788980128,0.9993362022927095,0.000637437732730032,2.6359974560587235e-05,0.9999736400254395,-0.18801255907102218,0.11641465838725146,-0.0032069755987958943,0.0042929733582498675,506.2711586624644,0.0,1,Decay at rest
624,2,45,68.25750831520688,61.04342009027371,7.214088224933162,10.568929928732775,6.568393744652875,0.9992591289293083,0.0005987615308013552,0.00014210953989024123,0.9998578904601098,-2.3816438802045576,3.7399541772957487,-0.10442835006306471,0.07381415675463378,562.419362765348,0.0,1,Decay at rest
625,2,56,144.24057819358148,133.42625203374706,10.814326159834417,7.497422913350219,23.961379155515107,0.9993819628188638,0.0005980290747396239,2.0008106396592907e-05,0.9999799918936034,-8.694376806598646,13.620202009208938,-0.25902454220705096,0.31855882679712527,638.4434175012202,0.0,1,Decay at rest
626,2,54,121.8569318443735,113.93640279511226,7.920529049261253,6.499859244262572,17.893945910141944,0.9998971867682296,7.25975607442048e-05,3.0215671026310067e-05,0.9999697843289738,-10.44243673123425,6.5117381729111665,-0.11343166281896845,0.06306122535881067,616.8174593609408,0.0,1,Decay at rest
627,2,54,112.94926439328108,104.61016754803458,8.339096845246507,7.383046618356346,15.69059546330796,0.9986861462261437,0.0012197545384002144,9.409923545618048e-05,0.9999059007645439,-9.12102685256895,5.704571270042718,-0.2071665459789667,0.32263383105191773,607.5739779647275,0.0,1,Decay at rest
628,2,69,171.5827359473043,158.4923300820596,13.090405865244703,7.6292091934383,31.970670325253465,0.9994244702487936,0.0005156778974094664,5.9851853796936844e-05,0.999940148146203,-11.758264906592785,18.00031414198207,-0.29944208851169324,0.36227769947381316,670.4006399031002,0.0,1,Decay at rest
629,2,52,95.65098247037757,89.22145184100789,6.4295306293696735,6.721865749116434,11.543107295635563,0.9999225082230887,5.589595349049215e-05,2.1595823420762834e-05,0.9999784041765792,-4.184213483278049,6.547635670468664,-0.04185429481289968,0.04343997682052508,589.2509824703775,0.0,1,Decay at rest
630,2,20,16.406862386004942,14.360743512829483,2.0461188731754594,12.471116201479202,0.5177040306876309,0.9980125401017015,0.0019292305239897456,5.822937430866437e-05,0.9999417706256912,-0.1840535319731756,0.2914129984925652,-0.007238756390545149,0.01120605967000825,510.0068623860049,0.0,1,Decay at rest
631,2,54,117.21782470660482,111.31291691377325,5.904907792831568,5.037551078610698,17.015164081656884,0.9998681970405137,0.00012165570466323949,1.0147254823086387e-05,0.9999898527451769,-10.230877106192342,6.134652772958885,-0.0797541306170125,0.0765320186639667,612.1863830449117,0.0,1,Decay at rest
632,2,34,41.08981494309081,38.295667981960186,2.7941469611306218,6.800096240395586,2.671811680325148,0.9983833437233867,0.0014994230780296582,0.00011723319858372381,0.9998827668014163,-1.574350788877244,0.9410387010989031,-0.06383929646218962,0.045506080620300586,534.6898149430907,0.0,1,Decay at rest
633,2,35,44.34809403971643,42.13970058376822,2.2083934559482152,4.97968064641169,3.0458209060795127,0.9981282193410113,0.0017237025446912935,0.0001480781142974746,0.9998519218857026,-1.7804852934642814,1.0795073577590175,-0.08015606444927587,0.042938377750885236,537.9480940397165,0.0,1,Decay at rest
634,2,49,100.24232868193248,92.63822856024387,7.604100121688598,7.585717751845433,12.454008452686859,0.9999108603706601,7.059200416390475e-05,1.8547625175921256e-05,0.999981452374824,-4.578386912537556,7.0239335405126235,-0.05655449715315973,0.07564405942615106,593.8423286819324,0.0,1,Decay at rest
635,2,54,128.4529284305196,118.39032026417696,10.062608166342631,7.83369308064122,19.618209889328373,0.9991552577876931,0.0008154136211052637,2.9328591201467106e-05,0.9999706714087984,-7.148804753455101,11.127297013845899,-0.21670528385280216,0.2973076173041517,622.6611431649186,0.0,1,Decay at rest
636,2,48,88.52539025419331,83.44715289840744,5.078237355785876,5.736475536797001,10.010208245828712,0.9978747386157114,0.002035896296100079,8.936508818849143e-05,0.9999106349118115,-5.76829166051847,3.660194259933642,-0.28399911814119294,0.1870495646084054,582.4163241960124,0.0,1,Decay at rest
637,2,56,139.45261707656817,130.94483881899782,8.507778257570354,6.100838002128747,22.84254569974498,0.9999205449489857,6.07419074205232e-05,1.8713143593768266e-05,0.9999812868564063,-13.288039756490853,8.39149754093935,-0.10647656345962753,0.08790665994909903,633.8416676876293,0.0,1,Decay at rest
638,2,61,146.15641977370754,135.85040524110235,10.3060145326052,7.051359460338379,24.3820161656051,0.9990562318457012,0.0009163288623509022,2.743929194789375e-05,0.9999725607080522,-14.254820489783608,8.797416321184407,-0.2686162871183457,0.43569243111684475,641.9641367753904,0.0,1,Decay at rest
639,2,52,101.08278432854526,95.55320744799073,5.5295768805545364,5.470344843867753,13.192330393182093,0.9988942140024563,0.0010583687855702125,4.741721197346216e-05,0.9999525827880265,-8.140456749698265,4.721741546861968,-0.2893208890219444,0.20288329354395968,595.9157754593772,0.0,1,Decay at rest
640,2,49,84.85623379951167,79.24374437208584,5.612489427425828,6.614115635495158,9.728511005798149,0.9984453471125849,0.0015147465222344655,3.990636518046428e-05,0.9999600936348194,-5.647986936546298,3.5371762701202014,-0.16997940706337505,0.21882708295217387,578.8050413929049,0.0,1,Decay at rest
641,2,22,16.6492468349914,15.599174594820825,1.0500722401705733,6.307025480357807,0.5417465202460306,0.9990147565340907,0.0009498851313104162,3.535833459899447e-05,0.9999646416654011,-0.315717482795371,0.19119673090233164,-0.007732270631893777,0.006475431557429503,510.2492468349914,0.0,1,Decay at rest
642,2,40,57.23620847172538,56.16412150187968,1.0720869698456963,1.873092223387414,4.808709906946807,0.9993060514938499,0.0006703654152269647,2.3583090923214315e-05,0.9999764169090768,-2.8048680875085528,1.7318883826299607,-0.032566084065852846,0.08353299743448384,550.8362084717252,0.0,1,Decay at rest
643,2,61,141.94447402219132,137.94692685668798,3.9975471655033314,2.8162753027485685,22.658643510368144,0.9993732194809428,0.0005828857169510993,4.3894802106000784e-05,0.9999561051978939,-8.253892301182486,13.73659602826357,-0.2666931385924906,0.29931757186728114,638.6127684022408,0.0,1,Decay at rest
644,2,44,74.73387003642398,73.05732606972964,1.6765439666943376,2.243352265682507,7.712189299127109,0.9991150503522833,0.0008556858888564303,2.9263758860314774e-05,0.9999707362411397,-4.511831969495155,2.789266424619037,-0.08519077244366731,0.10520506588665773,568.3338700364238,0.0,1,Decay at rest
645,2,3,12.08228440493733,4.299509262384892,7.782775142552437,64.41476530193304,2.0167334999777617,0.9999912822546404,8.717745359630527e-06,1.7477902542474882e-17,1.0,-0.6760023740187885,0.6674028757056739,-0.0013390402604424659,0.0022564809767941993,569.1056381143096,63.423353709372265,1,Decay in flight
647,2,52,127.15603250896116,116.83093135516233,10.32510115379882,8.120024626492787,18.882450518204056,0.9984859825763953,0.0015045827105653914,9.43471303923141e-06,0.9999905652869607,-10.940028689137137,6.898749873485701,-0.2860487297394505,0.37301126955795977,621.4093118770946,0.0,1,Decay at rest
648,2,51,111.12287719280799,103.36055922570876,7.7623179670992375,6.985346458975258,15.269238932170957,0.9998927763627646,9.955774705462966e-05,7.665890180794397e-06,0.9999923341098192,-9.000242833362591,5.486477269202133,-0.07857166379668858,0.07146304025460101,604.722877192808,0.0,1,Decay at rest
649,2,41,62.55518589999349,59.07632011904509,3.4788657809483974,5.561274786250391,5.546169901530931,0.9991380823647069,0.0008418044548882433,2.011318040473064e-05,0.9999798868195952,-1.9762815471312785,3.175697094606452,-0.07136607872794909,0.0894467680424264,556.1551858999935,0.0,1,Decay at rest
650,2,41,61.98689687461854,55.73923660631627,6.247660268302271,10.079001504042816,5.403427310844055,0.9997406218843049,0.00019954145248546201,5.983666320972064e-05,0.9999401633367904,-1.967817032587693,3.0585018361427485,-0.03673677658256198,0.040875546093365536,555.5868968746183,0.0,1,Decay at rest
652,2,30,33.562477488443676,30.617818229139594,2.9446592593040806,8.773664757966671,1.842301643400854,0.9979628870422567,0.0017660700489150602,0.0002710429088283242,0.9997289570911717,-0.6580870699442254,1.0390655084785725,-0.029659069029601408,0.041619992747779125,527.1624774884435,0.0,1,Decay at rest
653,2,38,52.104527378440366,49.54832452291909,2.5562028555212812,4.905913140628502,4.020523092094907,0.9988530182426152,0.0011414068599279136,5.574897456967951e-06,0.9999944251025431,-2.337777971455698,1.4606204473226827,-0.07142463846797789,0.05965712217740728,545.7045273784403,0.0,1,Decay at rest
654,2,53,118.13344156609074,110.59198600843501,7.541455557655725,6.383844792532008,16.71717992739653,0.9998735129375417,0.00010332169928260251,2.316536317572563e-05,0.9999768346368243,-9.944201462955434,6.1001109558040465,-0.07872880447479386,0.06261720815729549,613.4731364695512,0.0,1,Decay at rest
655,2,46,72.64056874106934,67.95194473003045,4.688624011038891,6.454553002953084,7.168799981061863,0.9979542921273216,0.0019110291471741514,0.0001346787255042303,0.9998653212744957,-4.288189460764798,2.5686487014185886,-0.11646129911352476,0.17202530224881776,566.5156657473298,0.0,1,Decay at rest
656,2,39,58.942537833038955,57.90078648218592,1.0417513508530305,1.7674015900094133,4.955698487187873,0.999415901076602,0.0005707361514683198,1.3362771929808721e-05,0.9999866372280704,-2.887259515452454,1.795098381750548,-0.04542235029093937,0.062293766833435044,552.542537833039,0.0,1,Decay at rest
657,2,33,34.353470824494416,30.920131258886165,3.4333395656082497,9.99415629107333,1.9853781581810728,0.9987087566993408,0.0012353974693059555,5.5845831353205595e-05,0.9999441541686468,-0.6947319258586183,1.1453117136963553,-0.048223853826984284,0.02983927160937899,527.9534708244944,0.0,1,Decay at rest
658,2,40,54.49218907196979,51.59453096909442,2.897658102875371,5.317565970873973,4.473206947031425,0.9976600511980039,0.002212314484917295,0.00012763431707877866,0.9998723656829213,-2.630367686125866,1.5866531351284687,-0.09997292123503639,0.08570326878556768,548.0921890719696,0.0,1,Decay at rest
659,2,39,54.56489346463512,49.7255267697222,4.839366694912918,8.869011534035952,4.2559506823407185,0.9995685776441642,0.00042024913639350075,1.1173219442423916e-05,0.9999888267805577,-2.477099021551392,1.5402371451534183,-0.034229597458519855,0.06289555685250785,548.1733484730753,0.0,1,Decay at rest
660,2,59,156.8862394733415,150.07652436034778,6.80971511299374,4.340543272535297,26.918925732724205,0.9998815355250488,0.00011181335884484295,6.651116106471177e-06,0.9999933488838936,-15.576583308131895,9.924956883192609,-0.21983354403235325,0.1024051013456325,652.631882319957,0.0,1,Decay at rest
661,2,67,174.96928536452577,169.7948163237804,5.174469040745383,2.957358504359808,32.6294436514157,0.9996375385745165,0.0003173367501406251,4.512467534273899e-05,0.9999548753246572,-20.06769584999085,12.00613193084856,-0.30597929173573407,0.1943574309738023,673.5167590562407,0.0,1,Decay at rest
662,2,33,32.63703466319919,29.701703782052657,2.935330881146529,8.993865133391989,1.7697049412169237,0.9997689547557971,0.000206558892501331,2.448635170166785e-05,0.9999755136482984,-1.0309556811254994,0.6389033836613831,-0.0119312498573655,0.012743741615958688,526.2370346631992,0.0,1,Decay at rest
663,2,57,129.05675774700308,123.51586491965482,5.540892827348259,4.293376746849917,19.745479749410755,0.9967909209610019,0.003143662272986687,6.5416766011478e-05,0.9999345832339885,-11.866471569643846,7.160593638836242,-0.535023478434747,0.6705416939908222,624.7560259756199,0.0,1,Decay at rest
664,2,49,85.50676828383133,78.90017826990808,6.606590013923254,7.726394233487256,9.512046841245171,0.997891136837605,0.002102744431978679,6.1187304162753465e-06,0.9999938812695837,-5.5285699604184995,3.432554656287768,-0.15477700457836852,0.256732041659725,579.4017348052196,0.0,1,Decay at rest
665,2,62,163.85464017034036,156.1831302052641,7.671509965076272,4.681899735705444,29.51416081807052,0.9998255425439853,0.00012160509635181535,5.285235966289801e-05,0.9999471476403371,-17.746780998583088,10.836167794961664,-0.23875389979129774,0.1597197687679438,659.4270472616678,0.0,1,Decay at rest
666,2,41,52.83749936788417,50.48012129678469,2.357378071099479,4.461562525293062,4.244221381749694,0.9998506357247968,0.0001403695968993781,8.994678303832648e-06,0.9999910053216962,-2.506368011609775,1.5160381737593884,-0.02622794887197198,0.021385178400708492,546.4374993678841,0.0,1,Decay at rest
667,2,20,16.91404678986316,15.695524944694453,1.2185218451687077,7.204200510424187,0.5503389661290529,0.9996415729677037,0.00032706105697207627,3.136597532425505e-05,0.9999686340246758,-0.3197609025108361,0.1953168180400283,-0.006117251112294038,0.00399449044897268,510.51404678986313,0.0,1,Decay at rest
668,2,49,103.13466508336855,92.26784697941562,10.866818103952927,10.536533080481496,13.21310103219411,0.999131801344222,0.000757506915383105,0.00011069174039496184,0.9998893082596051,-4.797863225570895,7.474696814998076,-0.2626768254634389,0.16526698692868177,597.0738355985246,0.0,1,Decay at rest
669,2,49,80.69699772769303,77.3379088156305,3.359088912062533,4.162594652402768,8.717801194584746,0.9990103006493557,0.0007711329898300987,0.0002185663608141569,0.9997814336391858,-5.059156599637181,3.177212733242182,-0.1321158204173065,0.09016238915595798,574.296997727693,0.0,1,Decay at rest
670,2,38,51.02807466791234,47.17975806515638,3.8483166027559683,7.541567319168091,3.9877711395720046,0.9990507210004363,0.0009225407480367831,2.673825152681686e-05,0.9999732617484731,-1.4363253354603949,2.270004449725169,-0.03840145488983281,0.07145844328834966,544.6280746679123,0.0,1,Decay at rest
671,2,7,22.345238761053935,21.249860088445836,1.0953786726080994,4.902067435131917,4.501243244057804,0.9999484949969228,4.2442708287364094e-05,9.06229478987007e-06,0.9999909377052102,-2.0436696849673908,1.9501887169824161,-0.0070751669427907785,0.019574016005753734,597.2783481314945,0.0,0,No decay recorded
672,2,68,198.5322837773035,186.05482758331803,12.477456193985455,6.284849978344881,40.66444569594543,0.999034675699716,0.0008702715924357369,9.505270784805977e-05,0.9999049472921517,-14.99911172631817,23.429888852273425,-0.47674872176122274,0.6864259623516401,696.3654031391003,0.0,1,Decay at rest
673,2,46,82.29715960560365,75.14395672660369,7.153202878999959,8.691919518584326,9.126104884626855,0.9989142203038274,0.0010600231864587462,2.5756509713845647e-05,0.9999742434902861,-3.288995688846958,5.201450481762885,-0.10990639856258617,0.14911138369279728,576.1848998539044,0.0,1,Decay at rest
674,2,55,135.19142872577325,132.51122885245655,2.6801998733166936,1.9825220419508247,21.503661324316045,0.9996308240267888,0.0003605134090197947,8.662564191534738e-06,0.9999913374358086,-7.814703506058543,12.459350992402342,-0.15370886487093427,0.2723012447882157,630.4668722847607,0.0,1,Decay at rest
675,2,25,22.938286128131264,21.350252772347027,1.588033355784236,6.923068911572645,0.9635916414759581,0.9886137686627295,0.011308094858871546,7.813647839889802e-05,0.9999218635216011,-0.5500054381784955,0.336482481567445,-0.047715164024133665,0.05288221551028761,516.5382861281313,0.0,1,Decay at rest
676,2,46,75.67488266331414,71.3618589003243,4.313023762989845,5.699412554333201,7.807450175481925,0.9998387323026553,0.00013629408909420735,2.497360825062405e-05,0.9999750263917495,-4.591772964262259,2.806760817245784,-0.029993210473998826,0.052546762252777095,569.2748826633141,0.0,1,Decay at rest
677,2,10,29.75772483300925,22.29212983141494,7.46559500159431,25.08792269398558,4.115233034379449,0.9998895742352641,0.00010585234006187664,4.573424674006216e-06,0.999995426575326,-1.8933968167825943,1.8174703381072572,-0.03218680653395294,0.015024249905554033,562.6465155202583,39.28879068724911,1,Decay in flight
678,2,44,74.16559179551415,68.4221970053858,5.743394790128347,7.744015319076483,7.758561467876352,0.9998661565800955,0.00010442811970524116,2.9415300199223097e-05,0.9999705846998007,-4.593916476818239,2.766935923367073,-0.03473538210638131,0.06369576019697429,567.7655917955142,0.0,1,Decay at rest
679,2,35,44.36053156262211,41.467907874507226,2.8926236881148784,6.520714667342228,3.015861855257413,0.9997630732352664,0.0001571049197526312,7.982184498090617e-05,0.999920178155019,-1.1026888388038387,1.7038061360743484,-0.019820010801697974,0.023729807403291888,537.9605315626221,0.0,1,Decay at rest
680,2,47,72.52829168676878,65.36910420860825,7.1591874781605265,9.870889430402187,7.170416022399534,0.9979400659983646,0.0019997080687113636,6.0225932924118234e-05,0.999939774067076,-2.583949458274334,4.0698082505475615,-0.15677745975501534,0.13065426858393075,566.1282916867686,0.0,1,Decay at rest
681,2,53,97.68304534303604,96.02294499400283,1.6601003490332156,1.6994764477329702,12.313876817543715,0.9993953387633626,0.0005240233400643776,8.063789657307728e-05,0.999919362103427,-7.302305002887397,4.339797917810585,-0.09916869426440152,0.17350722589542647,592.6725428449713,0.0,1,Decay at rest
682,2,55,129.87474112110587,124.66570280869274,5.209038312413132,4.010817089949613,20.022651328443377,0.9996684821405573,0.00031881591635353316,1.2701943089331202e-05,0.9999872980569108,-11.724504513057989,7.245370201401799,-0.14265892007499154,0.19230305635374534,624.809684495197,0.0,1,Decay at rest
683,2,52,107.1831479038962,101.88280191857268,5.300345985323521,4.945129984497171,14.08475265696264,0.9983839245486371,0.001596280072382906,1.9795378979829892e-05,0.99998020462102,-8.189289081804551,5.094991777622504,-0.2769450105174584,0.22286477308114966,602.0679418815334,0.0,1,Decay at rest
684,2,38,48.78899078322122,45.23042103256964,3.558569750651588,7.293796599448,3.4984727739258648,0.9998043962443665,0.00015297718618552538,4.262656944797876e-05,0.999957373430552,-2.0350092967004776,1.2658784250624993,-0.02310451206222517,0.019039687178378766,542.3889907832211,0.0,1,Decay at rest
685,2,49,105.83565454824827,102.41553341453633,3.4201211337119473,3.231539643526072,13.78246362044194,0.999801660514505,0.0001426239279397585,5.571555755521557e-05,0.9999442844424448,-8.000175646374682,5.051735573722783,-0.0775772148525351,0.09002488555690993,599.4356545482483,0.0,1,Decay at rest
686,2,45,71.52985409981285,65.4159963666459,6.113857733166948,8.547281145905405,6.972235519221634,0.9982969297118549,0.0016322752031392527,7.0795085005899e-05,0.9999292049149942,-4.343645676405999,2.5306002690442773,-0.13957451280890001,0.12901077160172938,565.4376821519116,0.0,1,Decay at rest
687,2,62,151.4726091596092,148.03526757982056,3.4373415797886233,2.269282610803013,25.56016909145306,0.9995594652930414,0.00043409838590376516,6.436321054912946e-06,0.9999935636789452,-15.941610331416797,9.308058478017474,-0.20986988835940495,0.3769745251285176,648.9194037530019,0.0,1,Decay at rest
688,2,24,20.24405594687277,18.898213722114644,1.345842224758127,6.648085879085055,0.7671939109618333,0.9996565257107831,0.0003308436410401249,1.2630648176689017e-05,0.9999873693518232,-0.4481219153310899,0.2731289119554569,-0.005280977637093007,0.006615416881194137,513.8440559468728,0.0,1,Decay at rest
689,2,12,7.864049083382953,6.725050672411832,1.1389984109711198,14.483612689776676,0.14209785100015349,0.9822417408217718,0.01775240674641873,5.852431809473753e-06,0.9999941475681906,-0.07514084966532664,0.048804900017505294,-0.009208056682769826,0.007619190034231864,501.4640490833829,0.0,1,Decay at rest
690,2,55,110.6542287446644,106.54650752104637,4.107721223618027,3.7122135052756366,15.087114167214793,0.9998965635000949,7.377852006952133e-05,2.965797983552097e-05,0.9999703420201644,-9.248368641115945,5.471274206857995,-0.06377057816728743,0.06424394364968199,605.6158122577986,0.0,1,Decay at rest
691,2,53,110.30911362891517,104.78013335894096,5.52898026997421,5.012260626600581,15.20181109682749,0.9986945971077059,0.0012820191444606486,2.338374783347811e-05,0.9999766162521666,-8.903127180166411,5.476450714427516,-0.2780237752621382,0.22783434666518018,605.4580425664132,0.0,1,Decay at rest
692,2,66,161.85012549781192,149.24090017015843,12.609225327653487,7.79067998178596,28.397532579207137,0.9994986461993056,0.0004553757866964026,4.597801399809171e-05,0.999954021986002,-10.517713579304159,16.025919876235534,-0.32110153712280737,0.3585062295155628,660.3551096416293,0.0,1,Decay at rest
693,2,3,13.176141201968552,3.96323650636492,9.212904695603632,69.92111388596228,2.8503147296041402,0.9999997522055171,2.4779448299794164e-07,0.0,1.0,-0.9782586298573331,1.0337422857175436,-0.0003931139598301603,0.0003934460834789004,597.0648753551399,89.96860035712508,1,Decay in flight
694,2,14,11.330207406026036,9.386659370190575,1.9435480358354613,17.153684537158377,0.27030173909693156,0.9988027097842933,0.001065919221510013,0.00013137099419658992,0.9998686290058033,-0.15356526246519592,0.09450075841551644,-0.0038992021875279,0.004989093345631448,504.930207406026,0.0,1,Decay at rest
695,2,62,151.68932526086863,137.6688324303439,14.02049283052473,9.24290012261107,26.164141819336407,0.994199874209346,0.005748981826345346,5.1143964308662924e-05,0.9999488560356913,-9.467139947633802,14.818082068163106,-0.956170321154691,0.8569872016406316,648.6178205396508,0.0,1,Decay at rest
696,2,23,15.799100861458614,13.730340380141655,2.0687604813169598,13.094165924110483,0.49956354351537396,0.9904396849758681,0.009532435133558243,2.787989057376586e-05,0.9999721201094264,-0.1757078847945854,0.2769576979754899,-0.02338505433600385,0.02245411359707335,509.3991008614586,0.0,1,Decay at rest
697,2,40,53.62868477302453,47.81841915826113,5.810265614763402,10.834249691847733,4.325053823672819,0.9980177251519696,0.0019163477951956655,6.592705283478723e-05,0.9999340729471653,-1.5623980138529756,2.450812178224928,-0.10810363558225353,0.07543787051399832,547.2286847730246,0.0,1,Decay at rest
698,2,42,66.97442180035104,63.51549089834068,3.4589309020103585,5.164555077939067,6.406624549692242,0.999519348810971,0.0004101384082220436,7.051278080687957e-05,0.9999294872191931,-3.743227878738441,2.325500461915315,-0.09101162240517992,0.06205967525835736,560.574421800351,0.0,1,Decay at rest
699,2,53,108.54412528750295,103.54345746232455,5.0006678251783905,4.607036826666596,14.998520503336396,0.9968664667218763,0.0031078845747859215,2.564870333781357e-05,0.9999743512966622,-9.05572694616309,5.428506746396059,-0.33099204200673793,0.45307039514652653,602.8777854476087,0.0,1,Decay at rest
700,2,32,36.44930643019074,33.81725939439052,2.632047035800221,7.221116925341857,2.1667201367091455,0.9959017553456315,0.004091076133593227,7.16852077518841e-06,0.9999928314792248,-1.2641499425660765,0.7671372150777374,-0.058054862721491324,0.06662231672645008,530.0493064301909,0.0,1,Decay at rest
701,2,46,80.58556878955805,75.25437749052509,5.331191299032961,6.615565763337709,8.743599031502644,0.999734028335608,0.00022537658966820175,4.059507472383432e-05,0.9999594049252761,-3.1925877705164254,4.954828791410453,-0.06906653178265734,0.0812348287437927,574.4640969766468,0.0,1,Decay at rest
702,2,53,119.7901261631178,108.78778522240171,11.002340940716097,9.184680985922201,17.410457314003807,0.9994533257495929,0.0005260957158412685,2.0578534565842274e-05,0.9999794214654342,-6.340111830819301,9.88968908318261,-0.2189563537692706,0.1559824195447265,613.7229756420708,0.0,1,Decay at rest
703,2,36,43.36519935780541,40.122626786516655,3.242572571288753,7.477361154354095,2.986883058397579,0.999791033091361,0.00020428073046539413,4.686178173668795e-06,0.9999953138218264,-1.0788754643685525,1.7029210320520092,-0.024055043598413612,0.014486005360547472,536.9651993578054,0.0,1,Decay at rest
704,2,39,46.436451828995075,42.247986943739214,4.188464885255863,9.019778041354511,3.313961045665941,0.9997377448413781,0.00023232919826799613,2.992596035385742e-05,0.9999700740396461,-1.2019497506460395,1.8772963355643382,-0.018749929979627655,0.026580082630082543,540.0364518289948,0.0,1,Decay at rest
705,2,67,170.21431719236597,163.18487546992432,7.029441722441642,4.129759375351129,31.673004009248427,0.9994238695170794,0.0004274268853650089,0.00014870359755568872,0.9998512964024444,-19.292836724795663,11.608312572426192,-0.3915945848522854,0.19837689678827924,670.3318239940047,0.0,1,Decay at rest
706,2,51,100.07765542283758,96.10758695533468,3.9700684675028977,3.9669878862858865,12.591346355453487,0.999767427622669,0.0002287207469548909,3.851630376089232e-06,0.9999961483696239,-4.596028885096754,7.391306876085046,-0.08327374461691218,0.09138341745340064,593.9897879890834,0.0,1,Decay at rest
707,2,56,149.44327986706318,143.21972274095884,6.223557126104327,4.164494470169869,25.256328142360722,0.9982813025204185,0.0016778783201633716,4.081915941807814e-05,0.9999591808405819,-14.689660984697875,9.133944980981969,-0.5652819634324221,0.4703963459281542,644.5457556863655,0.0,1,Decay at rest
708,2,24,22.015775901570066,20.21640657018004,1.799369331390025,8.173090693849685,0.8631539362563297,0.9995976336987149,0.00036824429431471913,3.412200697036326e-05,0.9999658779930296,-0.3158453782680951,0.4842783513804949,-0.006728837843392189,0.009808089286716847,515.61577590157,0.0,1,Decay at rest
709,2,58,125.66524529634376,117.69815801531061,7.967087281033143,6.3399289614603935,19.024815086285596,0.9992155151730182,0.000743198564103432,4.128626287834862e-05,0.9999587137371216,-6.880283262155244,11.412076356170367,-0.26494547509308936,0.23577001881811077,622.2006810238138,0.0,1,Decay at rest
710,2,49,103.44523395092492,96.94807884843303,6.497155102491889,6.280767952609766,13.162385080013209,0.9998789041668874,0.00010379600201390557,1.729983109863835e-05,0.9999827001689013,-4.826147521168605,7.438259140268036,-0.05447530853595622,0.07071059204268815,597.3997864525933,0.0,1,Decay at rest
711,2,32,33.32950099555643,29.67745869349186,3.6520423020645687,10.95738667840082,1.8533838295548988,0.9992123146754103,0.0007546726836165333,3.301264097313117e-05,0.9999669873590268,-0.6610652480408417,1.0615261010000054,-0.01911412751442236,0.024146426603123387,526.9295009955564,0.0,1,Decay at rest
712,2,37,41.390427114544586,38.82411373102712,2.5663133835174645,6.2002582781168325,2.7236771173862357,0.9964461091964885,0.0034664080161447572,8.748278736681667e-05,0.9999125172126332,-1.5897966592699393,0.9671083013199967,-0.08593203530108733,0.07149486315662285,534.9904271145446,0.0,1,Decay at rest
713,2,35,42.17911965338766,39.3319706140661,2.8471490393215593,6.750138605827654,2.7166460869316005,0.999048220532427,0.0009354267761069404,1.635269146608377e-05,0.999983647308534,-1.5835275580865196,0.9748452454367355,-0.04327060524024664,0.04211524558311671,535.7791196533876,0.0,1,Decay at rest
714,2,42,63.10580749963662,60.10955951130893,2.996247988327689,4.747975039135569,5.704588497891872,0.9991817940024473,0.0006552462805700941,0.00016295971698251498,0.9998370402830175,-3.3373466433715517,2.0571441137974666,-0.09251400577672148,0.05278587728026849,556.7058074996366,0.0,1,Decay at rest
715,2,30,33.895645206742536,30.67146783600486,3.2241773707376744,9.51206962154631,1.868813437488558,0.9955938034971274,0.004361671932470743,4.452457040190638e-05,0.9999554754295982,-1.0814553224202132,0.6661078037349357,-0.056539092276801095,0.061580125811947356,527.4956452067426,0.0,1,Decay at rest
716,2,42,57.95165202213939,53.27270636374042,4.678945658398974,8.07387795711409,4.95257008339521,0.9993987823338127,0.0003351638390751946,0.0002660538271121467,0.9997339461728879,-1.7767071329786266,2.8264960670357415,-0.036606075618081615,0.0542044806458689,551.5516520221394,0.0,1,Decay at rest
717,2,3,15.908837955132128,5.216028907921366,10.692809047210762,67.21301126686821,3.479176611557049,0.9999341304318177,6.586956818229877e-05,0.0,1.0,-1.2435139113863054,1.0259000742693944,-0.010796201674398653,0.0069900078607132024,600.839168992014,0.0,0,No decay recorded
718,2,17,35.025971523526806,28.976984126863236,6.04898739666357,17.270006037093044,3.544104260834285,0.9992511867795931,0.0007296403187577488,1.9172901649127968e-05,0.9999808270983509,-1.5317009639626147,1.721449561062397,-0.048649388450078164,0.03968253842625648,547.128184387733,18.502212864206136,1,Decay in flight
719,2,11,49.35911525933698,46.44628898287426,2.912826276462726,5.901293532427576,11.376897127815266,0.9998747431357906,0.00012130276311320061,3.954101096125899e-06,0.9999960458989038,-5.813293251569644,5.010063352045868,-0.0715951660741732,0.04948723120489238,621.9649913605082,77.79980341462695,1,Decay in flight
720,2,51,115.71568374932572,106.93170675619409,8.783976993131628,7.590999515813527,16.520802073850437,0.9997219388655747,0.0002621707449607766,1.589038946448542e-05,0.9999841096105355,-5.995779151926099,9.424419360600433,-0.10215965305176415,0.14521850662225166,609.3156837493256,0.0,1,Decay at rest
721,2,51,104.66367086369176,97.06814065983416,7.59553020385761,7.2570837055291255,13.687131528585486,0.9999484079109574,3.828832131093229e-05,1.330376773153779e-05,0.9999866962322683,-4.92840199671056,8.026675049104396,-0.07917984605701878,0.04012772064813659,598.5710948828345,0.0,1,Decay at rest
722,2,40,54.83957361112965,50.4146445520708,4.424929059058853,8.068861166639007,4.468437703405677,0.9992327489750843,0.0007453957231868002,2.1855301728949785e-05,0.9999781446982711,-2.628865579062141,1.5984618615228228,-0.05123093674228917,0.07067162384852128,548.4395736111296,0.0,1,Decay at rest
723,2,43,64.32534330615822,62.783369220518054,1.541974085640166,2.397148629741622,5.912769902601083,0.9987149397679437,0.0012673008763668268,1.7759355689591293e-05,0.9999822406443105,-3.44983096480662,2.1390682271825234,-0.09836797025162694,0.09597989800214816,557.9253433061581,0.0,1,Decay at rest
724,2,40,62.34064846282819,56.8696774994007,5.470970963427488,8.775928865561385,5.3833010379464135,0.9996722643391117,0.00031475144333918106,1.298421754922423e-05,0.9999870157824509,-1.9639823223296726,3.0311758192537224,-0.0430298979144434,0.05135254925201051,555.9406484628281,0.0,1,Decay at rest
725,2,50,108.88957651449364,101.60422737636608,7.285349138127563,6.690584508938606,14.40550872651729,0.9989621943573713,0.001026767761447564,1.1037881181220766e-05,0.9999889621188189,-5.222734924929041,8.16437670381371,-0.16993564005762613,0.27879038950727697,602.4895765144935,0.0,1,Decay at rest
726,2,43,73.29212884056396,65.66931535462153,7.62281348594243,10.400589540146553,7.312394403558443,0.9994199411626892,0.00038670251963817363,0.00019335631767257645,0.9998066436823273,-2.6372642623594347,4.156855913870945,-0.08737722374224285,0.06359288952398383,566.8921288405638,0.0,1,Decay at rest
727,2,39,55.06826596537268,50.60905566279997,4.459210302572714,8.09760435416052,4.5233147313071385,0.9992226549686954,0.0006564059031246938,0.00012093912817985001,0.9998790608718201,-1.613714477522321,2.594227620406344,-0.053127327691001244,0.059241479898529584,548.6682659653727,0.0,1,Decay at rest
728,2,57,125.35316745646733,121.98088339279589,3.372284063671446,2.690226447482927,18.76348210289903,0.9992122548562601,0.0006407482500175928,0.00014699689372233546,0.9998530031062777,-6.929397218933161,11.053260606274636,-0.18347560093387386,0.335818962133078,620.6369435860579,0.0,1,Decay at rest
729,2,33,38.52306589649885,35.14276101286903,3.380304883629821,8.774755604114674,2.329422434996673,0.999713176429197,0.00025958741683862653,2.7236153964362084e-05,0.9999727638460356,-1.355065766681699,0.8423720619519864,-0.01504588482139878,0.019702479898188806,532.1230658964988,0.0,1,Decay at rest
730,2,50,97.06350001201727,92.10916883366384,4.954331178353425,5.104216495119213,11.923995137489296,0.9975387135089426,0.0024478962766410436,1.3390214416257573e-05,0.9999866097855836,-6.920775746655324,4.314029344998789,-0.29177893142339106,0.22903307023452776,590.9428872589294,0.0,1,Decay at rest
731,2,43,67.02347624841099,64.59912079760346,2.4243554508075187,3.6171735435238577,6.356875422388227,0.9996637278159857,0.00032953176417960787,6.7404198347232455e-06,0.9999932595801653,-3.7180079807537982,2.3003580011385125,-0.06760873010143299,0.05131954434731648,560.623476248411,0.0,1,Decay at rest
732,2,27,118.77314456280104,114.89765257989201,3.8754919829090277,3.26293624469955,25.271635140739935,0.9998803649164508,0.00010657896203812818,1.3056121510920502e-05,0.999986943878489,-14.069735604142261,10.520504261290494,-0.16675186704066167,0.1475695146893497,657.700690223033,0.0,0,No decay recorded
733,2,11,8.597484542680775,7.812506372432421,0.7849781702483536,9.130323716797172,0.16618514127810782,0.9984868682629969,0.001384587490285106,0.00012854424671790782,0.9998714557532821,-0.05874632367927295,0.0897693012489117,-0.002289233053863123,0.0031608729117997684,502.19748454268074,0.0,1,Decay at rest
734,2,25,24.39763418251602,22.24363302167021,2.154001160845808,8.82872964129211,1.0210746598868852,0.9988535969391692,0.0009517588359931819,0.00019464422483763164,0.9998053557751624,-0.5879014166033922,0.36883293887165985,-0.01045071923478884,0.016647854533126612,517.997634182516,0.0,1,Decay at rest
735,2,44,76.06674672401874,74.96933912920717,1.0974075948115734,1.4426903240559614,7.6752766178056415,0.9996318091306069,0.00035351334985704434,1.4677519536040586e-05,0.9999853224804639,-4.42957320775026,2.827392822364247,-0.07046953522322665,0.08227579339212902,569.6667467240185,0.0,1,Decay at rest
736,2,24,19.120439504863896,17.829182207467007,1.2912572973968879,6.753282512509271,0.708700927129513,0.9990459431219205,0.0009462694167091378,7.787461370317707e-06,0.9999922125386297,-0.25160281778261934,0.4041899551872041,-0.009682159888784899,0.010551822263974265,512.7204395048639,0.0,1,Decay at rest
737,2,50,99.02583860218637,95.41165076287199,3.6141878393143765,3.6497422191328757,12.412650547080963,0.9991749347985703,0.0007098051266204674,0.0001152600748092609,0.9998847399251908,-7.7201373795500485,4.424514297010807,-0.25796635954347935,0.09700494600791833,593.9088873641174,0.0,1,Decay at rest
738,2,45,75.52587887400854,69.42200792480618,6.103870949202356,8.081827103772957,7.6720306877308975,0.999829813448165,0.0001441337835395895,2.6052768295471602e-05,0.9999739472317046,-2.8135468277276248,4.323833407596536,-0.044112151763580194,0.04992064074319606,569.4369583564453,0.0,1,Decay at rest
739,2,48,92.6680507251599,87.6174949990555,5.050555726104405,5.450158589267866,11.285976754964587,0.999626994535452,0.00035137124089788357,2.1634223650148074e-05,0.9999783657763499,-6.628664660788556,4.068636867248806,-0.1240754480120586,0.08241374669470132,586.5473592095094,0.0,1,Decay at rest
740,2,43,65.70100750075788,58.10295118097886,7.598056319779016,11.564596356747453,6.128462165276312,0.9998827767940449,9.976471542646673e-05,1.745849052861286e-05,0.9999825415094714,-2.21024646697299,3.5093032804808693,-0.03420563924458014,0.030506290153661693,559.3010075007579,0.0,1,Decay at rest
741,2,16,9.966479859754372,8.429264281938845,1.5372155778155263,15.42385676233546,0.22650051029587615,0.9992730406511093,0.0005030289814360063,0.00022393036745461172,0.9997760696325454,-0.08100892661701446,0.1257656398505882,-0.0028462494931748563,0.0016492857168815425,503.56647985975434,0.0,1,Decay at rest
742,2,28,27.945678895504678,26.26635145953614,1.6793274359685382,6.009256179633101,1.3555658612157961,0.9995650822580974,0.0004150540055060653,1.986373639661937e-05,0.9999801362636034,-0.7894959279280721,0.48896251311798783,-0.016824425345251994,0.013956053526151844,521.5456788955046,0.0,1,Decay at rest
743,2,50,98.1641018704729,90.72474310033073,7.439358770142182,7.578492166065334,12.121980354412743,0.9994971957357854,0.00046865850561584693,3.4145758598670296e-05,0.9999658542414013,-7.108856205723552,4.355379720598388,-0.0980309751362154,0.1331084247613407,592.3758283034699,0.0,1,Decay at rest
744,2,36,43.728896391523115,41.30538035291695,2.4235160386061634,5.542138582477385,3.0145353116475078,0.9973754101589449,0.0025665560417100666,5.8033799344982734e-05,0.999941966200655,-1.76572092385473,1.0719687405796543,-0.0660166631521185,0.0682906383243043,537.328896391523,0.0,1,Decay at rest
745,2,19,15.387481111045533,13.608682395868055,1.7787987151774778,11.560038334673306,0.48208573896350193,0.9995155964420533,0.0004608901339174946,2.351342402921242e-05,0.9999764865759708,-0.17315041876023302,0.27115009729677214,-0.003860013329471979,0.005966562727708197,508.9874811110455,0.0,1,Decay at rest
746,2,33,36.317214344883034,32.97615863377096,3.341055711112079,9.199647526332981,2.1951598473667127,0.9995877017699337,0.0003916196763127993,2.0678553753492524e-05,0.9999793214462466,-1.2875195643880275,0.7880564375784146,-0.016387851267615546,0.028278770082564818,529.9172143448831,0.0,1,Decay at rest
747,2,57,142.47351377146342,132.4963269525209,9.977186818942515,7.0028362148395935,23.267447505632468,0.9983083291588012,0.001673444453263487,1.822638793542971e-05,0.9999817736120646,-8.446242014100665,13.287221716957067,-0.40468269700092324,0.5134487159146461,637.8037054705751,0.0,1,Decay at rest
748,2,50,98.45859127093048,88.94336301257538,9.515228258355105,9.664192972426205,12.542419525158905,0.9997896588218708,0.00020510568074554722,5.235497383689501e-06,0.9999947645026163,-4.53654436741785,7.164325946117187,-0.0758605722220039,0.0890949744561335,592.0585912709304,0.0,1,Decay at rest
749,2,16,11.588413823018302,9.978187344193012,1.6102264788252896,13.895141331826311,0.2933183808424792,0.9990170501083934,0.0008784188289099496,0.00010453106269672905,0.9998954689373033,-0.16895539167507662,0.10272787867685058,-0.0038118991161904692,0.0032019077803387224,505.18841382301827,0.0,1,Decay at rest
750,2,61,158.428480735945,147.8317836256971,10.59669711024788,6.688631400757764,28.200301301932484,0.9989637378801552,0.001017074238615908,1.918788122872684e-05,0.9999808121187711,-10.352753143654672,15.971157510092622,-0.3680355125570531,0.5170889023297986,655.1489306977259,0.0,1,Decay at rest
751,2,18,14.502404666869776,13.115356644509509,1.387048022360266,9.564262301471475,0.42761315918785897,0.9980556860593306,0.001801210915696679,0.00014310302497268793,0.9998568969750272,-0.24895666143950312,0.14864011927281984,-0.005746868935679907,0.010164632262221349,508.10240466686975,0.0,1,Decay at rest
752,2,64,146.87975726855296,139.48420777864274,7.395549489910222,5.0351046512068365,24.593038607581047,0.9993569573638713,0.0006202513790955646,2.27912570331201e-05,0.9999772087429669,-14.566520063092495,8.9049355017563,-0.35095730171415235,0.2782671464193458,643.7350294431566,0.0,1,Decay at rest
753,2,63,165.27226257832086,158.46663440618238,6.805628172138493,4.11782840385172,29.62734311088864,0.999683482495933,0.0002780079592259378,3.850954484107457e-05,0.9999614904551589,-10.751838919009492,17.886718625626845,-0.18187216791817656,0.25541611110746865,663.1603910725044,0.0,1,Decay at rest
754,2,4,18.668118820548838,9.671111014067288,8.99700780648155,48.19450686470958,5.02647831195182,0.9999901265426425,9.779341846324455e-06,9.411551112224392e-08,0.9999999058844888,-2.238683441885932,1.341446159283086,-0.007895679942604114,0.010385901103000321,635.4795075026058,122.33070491764737,1,Decay in flight
755,2,65,169.9129532346078,165.52567887450925,4.387274360098548,2.5820717470791092,31.56180981772258,0.9995386870097365,0.0004171379344072114,4.417505585624531e-05,0.9999558249441437,-19.21620825705128,11.546472201650896,-0.2731226221290151,0.2772371795490587,668.5423168507813,0.0,1,Decay at rest
756,2,52,106.21006609987622,103.78319333585421,2.426872764022002,2.2849743467251553,14.04491793786375,0.9994610203694949,0.0005218526132073372,1.7127017297627425e-05,0.9999828729827023,-5.102877423263377,8.170669394165776,-0.16483628657908309,0.12593053807924778,600.4700409960542,0.0,1,Decay at rest
757,2,22,20.099748014020864,17.730866911322217,2.3688811026986496,11.785625874743321,0.7389127573329658,0.999589286942221,0.00037823308224660147,3.2479975532229614e-05,0.9999675200244676,-0.2670523730154046,0.4137924503386026,-0.007550550414329715,0.0051012361584034105,513.6997480140209,0.0,1,Decay at rest
758,2,16,11.54698130957729,9.892919304654027,1.6540620049232635,14.324627022227466,0.2858357360778298,0.9975497368054073,0.002409637937422194,4.06252571705505e-05,0.9999593747428295,-0.10306184557443125,0.15811058716393095,-0.007127096149179393,0.006673360170098174,505.14698130957726,0.0,1,Decay at rest
759,2,60,154.76624232912394,144.16901333477784,10.597228994346109,6.847248362992605,26.973882657384888,0.9974850436635867,0.0024689173455949573,4.603899081835183e-05,0.9999539610091817,-15.695692206993966,9.757902596670231,-0.540450951120835,0.6617344847050316,650.277273535444,0.0,1,Decay at rest
760,2,49,86.04460899235573,84.4564192589835,1.5881897333722252,1.8457748276981782,9.657802287165916,0.9989997489452518,0.0009478421408428121,5.240891390534225e-05,0.9999475910860945,-5.609980960590058,3.5010392125217265,-0.11014546637444837,0.19273261222880747,579.6446089923558,0.0,1,Decay at rest
761,2,54,111.99808356209114,103.76063859461507,8.237444967476064,7.35498742968157,15.316910307509833,0.999764063023866,0.0001320862190403849,0.00010385075709353265,0.9998961492429064,-8.915423446308745,5.583620340132375,-0.07580318651843203,0.10702192380659444,606.6322036873876,0.0,1,Decay at rest
762,2,62,134.2311680319859,122.65035984811128,11.580808183874629,8.62751055039247,21.258940732551977,0.9997822135630028,0.0001743023780321249,4.348405896499489e-05,0.999956515941035,-7.7539323339500825,12.230461348079706,-0.15071276909329653,0.1416665851375569,632.2648370129195,0.0,1,Decay at rest
763,2,53,101.56361536616713,98.39337892731153,3.170236438855596,3.1214292908202883,13.112200971958735,0.9991480346849215,0.0007728299310406258,7.913538403792378e-05,0.9999208646159622,-4.756418972698015,7.758575319143417,-0.10584509136506813,0.2224323908430595,596.6080202189497,0.0,1,Decay at rest
764,2,48,94.5619845031766,89.84946841554466,4.712516087631934,4.983520716481608,11.468714369334794,0.9965893328801513,0.003328853746859824,8.181337298881991e-05,0.9999181866270112,-6.921486652489553,4.125747722450902,-0.30055639956826935,0.3651985976955085,588.8512500944429,0.0,1,Decay at rest
765,2,42,65.7489018033448,59.550128191464594,6.198773611880201,9.427950036976672,6.096635899511618,0.9996158421806774,0.0002435296024051621,0.00014062821691732293,0.9998593717830826,-2.20611673180394,3.471940145748536,-0.04750381293443782,0.04688511731891316,559.3489018033447,0.0,1,Decay at rest
766,2,54,120.90602822684176,114.22029803757331,6.685730189268442,5.5296913539536625,17.425521599881687,0.9995398839410614,0.00043383111511100355,2.6284943827564353e-05,0.9999737150561724,-6.33133505957172,10.223400467806703,-0.2245685309280685,0.18535214251326732,615.8768404565949,0.0,1,Decay at rest
767,2,57,141.41563116747102,131.1323638691543,10.283267298316728,7.271662413427834,22.56986141849537,0.9993180965857325,0.0006491684508482907,3.273496341924716e-05,0.9999672650365807,-13.055022247068994,8.273659984864556,-0.28879977539081186,0.33415561913252984,636.011381190777,0.0,1,Decay at rest
768,2,59,174.6087804547482,167.4697367294862,7.139043725262024,4.0885937732737245,32.630112983344894,0.9997448141669801,0.0002474698657862786,7.715967233488982e-06,0.9999922840327664,-19.77470926225954,11.977876873490743,-0.20712294526447797,0.3670561927513593,670.2393641999553,0.0,1,Decay at rest
769,2,62,187.7441437251008,178.1243221971715,9.619821527929307,5.1238996525052025,36.93068389899447,0.9997881311605193,0.00020463884015065856,7.22999933004947e-06,0.99999277000067,-21.540056224360182,13.607153533733102,-0.21684577350943487,0.27169207152946906,683.7809470264032,0.0,1,Decay at rest
770,2,24,22.592352800680434,20.068958140013354,2.52339466066708,11.169242455310279,0.9170945219426202,0.999454041266668,0.0005359547658929936,1.0003967438851477e-05,0.999989996032561,-0.32900312771748297,0.5185242635103137,-0.010222814177684282,0.009164109775556855,516.1923528006804,0.0,1,Decay at rest
771,2,56,129.62993987343012,127.85733621042924,1.7726036630008846,1.3674338387656773,19.69830857106698,0.9993408044268859,0.0006472491717570727,1.1946401357033599e-05,0.999988053598643,-12.260875859357947,7.131629919166703,-0.162612446546986,0.3609281758044667,624.570509187201,0.0,1,Decay at rest
772,2,55,125.4295849342989,119.24677810085277,6.182806833446138,4.9293050253532655,18.84266061798609,0.9990149615777222,0.0009430895227821847,4.1948899495604315e-05,0.9999580511005044,-11.027866340784717,6.794672246139937,-0.29102212524882903,0.2375005142842578,620.3843450749529,0.0,1,Decay at rest
773,2,39,52.814272464140394,47.64636441182099,5.167908052319404,9.785059627259445,4.147253752032768,0.9998184283902047,0.00014327761804850441,3.829399174676789e-05,0.9999617060082533,-1.4978967238940541,2.36782916084494,-0.030884442984775898,0.023818430095258022,546.4142724641405,0.0,1,Decay at rest
774,2,56,126.47495143935669,116.9578111155113,9.517140323845389,7.524921113259925,19.016512083616373,0.999435531171686,0.0005551097704701501,9.35905784372056e-06,0.9999906409421562,-11.079195933314667,6.925233408596529,-0.16927444937140576,0.25370769873785204,621.4606648745252,0.0,1,Decay at rest
775,2,46,69.806735725797,63.89005871038269,5.91667701541431,8.475796717748269,6.880068261826556,0.9967674292502984,0.002941936296665064,0.00029063445303675775,0.9997093655469634,-3.981354706237919,2.4700148128731163,-0.20567059214104355,0.24687392395056662,563.4920754429733,0.0,1,Decay at rest
776,2,52,107.28777872164045,104.43512924864795,2.852649472992494,2.6588764414572608,14.445849760025101,0.9998697622466678,8.905641540462663e-05,4.118133792759263e-05,0.9999588186620724,-8.924219635665787,5.235464798983546,-0.07492308534386462,0.047462833358437616,601.992498687134,0.0,1,Decay at rest
777,2,55,120.96651807445485,115.00195485936435,5.96456321509051,4.930755476833121,17.543569169464387,0.9982762666436265,0.001656567631913897,6.716572445964375e-05,0.9999328342755404,-10.892937605281737,6.328505816422276,-0.41881416911175723,0.2571579445656017,616.9857490488772,0.0,1,Decay at rest
778,2,35,41.46264153173478,37.766450346151586,3.6961911855831944,8.914509662280427,2.632074237283218,0.9994182299660469,0.000530001663525714,5.176837042740039e-05,0.9999482316295726,-0.9537766341008678,1.4881981673787872,-0.024541143773565838,0.02899674825827089,535.0626415317348,0.0,1,Decay at rest
779,2,45,78.16621227718146,77.04780511232659,1.1184071648548741,1.430806396104936,8.382363411077778,0.9991789391060433,0.0006296388633192317,0.00019142203063745266,0.9998085779693625,-4.920818432746932,3.010057198066264,-0.09193926892819743,0.1157871085588131,571.7662122771814,0.0,1,Decay at rest
780,2,45,79.13143982887492,75.84506899943366,3.2863708294412537,4.15305324476361,8.605675305820771,0.9988501627918668,0.0010748198488395155,7.50173592937823e-05,0.9999249826407063,-5.070131916703496,3.0691725856197536,-0.14272227437465657,0.0983358737777122,572.731439828875,0.0,1,Decay at rest
781,2,23,21.452296779495946,19.394297491273104,2.0579992882228413,9.59337505618453,0.8436364923580767,0.9996978412821647,0.0002559419314545858,4.6216786380731934e-05,0.9999537832136193,-0.4933332927089319,0.298330944557911,-0.008122082399274517,0.004837886955369258,515.0522967794959,0.0,1,Decay at rest
782,2,59,141.74395351784312,134.79224212874811,6.951711389094997,4.904414768013293,23.17481061579755,0.9984305072281732,0.001339580736295076,0.0002299120355317795,0.9997700879644682,-14.280960722340765,8.397502586485993,-0.6608365143949502,0.284888148316849,637.2481837772995,0.0,1,Decay at rest
783,2,42,63.99898313542452,58.707199039383966,5.291784096040552,8.268544024899452,5.85064446551354,0.9974861772945324,0.0025042625866054497,9.56011886220407e-06,0.9999904398811378,-3.392416140674294,2.1135566838342337,-0.10384996103462986,0.19051936940564515,557.5989831354244,0.0,1,Decay at rest
784,2,48,87.44179019283075,82.81041715438474,4.63137303844602,5.296521295175565,9.992864175464021,0.9996843088147176,0.0002892933140612368,2.6397871221099673e-05,0.9999736021287788,-3.640715561069812,5.687812512771311,-0.085239265182174,0.07554782840101096,581.3969746824558,0.0,1,Decay at rest
785,2,41,55.19885935724597,50.65145505906136,4.547404298184612,8.238221497936937,4.52912025453121,0.9995474416250036,0.0004447752047142079,7.783170282179775e-06,0.9999922168297178,-2.6655072047303587,1.6234593269387683,-0.041903229724647176,0.04803421224796948,548.7988593572459,0.0,1,Decay at rest
786,2,11,7.926465179746573,6.241825632803818,1.684639546942755,21.25335201430377,0.1415601460537612,0.9991091949698108,0.0008716392748316355,1.916575535766155e-05,0.9999808342446423,-0.0520359549200819,0.07480262292555598,-0.0012248213305818994,0.002174360618423441,501.52646517974654,0.0,1,Decay at rest
787,2,25,22.78920554702375,20.473914349202875,2.315291197820876,10.15959592379582,0.9529873156812135,0.999195831010987,0.0006997007745430818,0.00010446821447000537,0.99989553178553,-0.34461304954075095,0.5385459942044885,-0.01138515991195868,0.011386110927977844,516.3892055470237,0.0,1,Decay at rest
788,2,43,119.2615658029189,105.8441805997177,13.417385203201194,11.25038491057008,19.952416751978728,0.9988801542726278,0.001109149374090565,1.0696353281595393e-05,0.9999893036467183,-7.642350949749665,10.995975108969336,-0.352916906589064,0.2516383425624529,626.5884696762715,11.14375105104529,1,Decay in flight
789,2,39,54.25306230761136,49.50733534388887,4.745726963722492,8.747390030841997,4.25288232799202,0.9994389980825173,0.0005482603531328976,1.2741564349709472e-05,0.9999872584356503,-1.5317743050061088,2.416305606611001,-0.04354141556062276,0.06251972112707269,547.8530623076114,0.0,1,Decay at rest
790,2,64,186.35374845227125,184.06329395305934,2.290454499211917,1.2290895773414219,36.69709118001236,0.9997856123890012,0.00019174402971401636,2.264358128479216e-05,0.9999773564187152,-21.66497268941726,13.422294324906469,-0.2890213119500587,0.2230154165382793,682.8244545670235,0.0,1,Decay at rest
791,2,40,61.595007480023014,56.687332231992166,4.907675248030848,7.9676510301951735,5.359492206239754,0.9996588781486231,0.00031225436673716357,2.8867484639825087e-05,0.9999711325153603,-1.9515679841998275,3.0373458462226566,-0.03647255250029261,0.053261622587361154,555.1950074800229,0.0,1,Decay at rest
792,2,62,163.55297663332234,161.3824419396521,2.1705346936702363,1.3271141487913531,29.613379151032316,0.9997364378591755,0.00017150565015042288,9.205649067416687e-05,0.999907943509326,-18.513188269149193,10.746803466302872,-0.14449936213253622,0.2904468861881551,660.086379795067,0.0,1,Decay at rest
793,2,33,37.98402777394029,35.59059451668542,2.393433257254868,6.30115708502333,2.359891709587135,0.9998028855479414,0.00015325044798318504,4.3864004075305494e-05,0.9999561359959246,-0.8549711090618799,1.343633410264167,-0.008515366517374211,0.021201941334407993,531.5840277739402,0.0,1,Decay at rest
794,2,63,166.01945709305224,161.70112971404825,4.318327379004001,2.601097157295016,30.08974316620787,0.9995775892203947,0.00036792658562423246,5.448419398098344e-05,0.999945515806019,-18.61462451162535,11.0612175880809,-0.24727212441613025,0.3808144790974248,662.4405588681154,0.0,1,Decay at rest
795,2,48,85.31883045235438,77.1395778163986,8.17925263595577,9.586690994930374,9.72619369524851,0.9985937092481245,0.0013996860159537208,6.604735921727833e-06,0.9999933952640783,-3.489824578515491,5.549527592781625,-0.18573635442706077,0.13969265191996613,578.9188304523544,0.0,1,Decay at rest
796,2,47,83.723839060893,77.40053064370998,6.323308417183017,7.552578200079939,9.183946269356179,0.9984521066543695,0.0013103223599282804,0.00023757098570226692,0.9997624290142977,-5.313637650373032,3.352472997605824,-0.13395428859778175,0.16593778738531273,577.323839060893,0.0,1,Decay at rest
797,2,27,24.381299311675267,21.834091407634897,2.5472079040403712,10.447383757028122,1.0283205779517954,0.9996629512028906,0.0003146160444518984,2.2432752657472153e-05,0.9999775672473425,-0.3772492690513325,0.5759692538217241,-0.008366611090165524,0.007084073593350855,517.9812993116752,0.0,1,Decay at rest
798,2,27,23.58496748826974,21.80033193815347,1.7846355501162692,7.566834896015347,1.0084953145207298,0.9991919542916742,0.0005689315706077042,0.00023911413771818637,0.9997608858622818,-0.3647693094094269,0.5704994002452096,-0.010344059452600264,0.015187001383988777,517.1849674882696,0.0,1,Decay at rest
799,2,4,26.126639382104578,12.946728696804197,13.179910685300381,50.446253314645396,7.415607095558485,0.9999728067497262,2.6983994942387862e-05,2.092553314065212e-07,0.9999997907446686,-3.1451941495982116,2.2991839257801274,-0.013005740537955364,0.017924151554718982,653.8810521537674,0.0,0,No decay recorded
800,2,46,73.49312965325191,67.76070465130809,5.73242500194382,7.799946782767297,7.538382065086308,0.9997156551765964,0.000255083625097863,2.9261198305679308e-05,0.9999707388016943,-2.734857183142924,4.510706488710744,-0.0865747833801762,0.044139870178639636,567.6718139591169,0.0,1,Decay at rest
801,2,35,40.39911696108254,36.06881386200394,4.3303030990785984,10.718806312648086,2.550369965113739,0.9990820351485846,0.0008879608065943083,3.0004044820996394e-05,0.9999699959551789,-0.9212049225460064,1.4481983290578497,-0.04840999325744386,0.03661508150197828,533.9991169610824,0.0,1,Decay at rest
802,2,5,3.81698316958159,3.3834741733319644,0.4335089962496259,11.357372484750734,0.04141276112834796,0.9986775648932239,0.0013207758823855422,1.6592243904990853e-06,0.9999983407756095,-0.019506016799018557,0.014551962634943696,-0.00048530580890037035,0.0005777376064701325,497.4169831695816,0.0,1,Decay at rest
803,2,58,132.74105467140882,123.60401391602333,9.137040755385483,6.883357057847391,21.136169162064324,0.9996292293974528,0.0003047580498748082,6.601255267233543e-05,0.9999339874473276,-7.73221031616243,11.970962066887392,-0.16249482414468566,0.23051039999171782,628.7300933044427,0.0,1,Decay at rest
804,2,25,23.102676294695474,21.062216371256554,2.040459923438922,8.832136577645876,0.9247385325322218,0.9994703166605898,0.0005232499514488642,6.433387961270284e-06,0.9999935666120386,-0.5344958057618678,0.3339823476789749,-0.009818432953017486,0.010445792490162868,516.7026762946955,0.0,1,Decay at rest
805,2,33,36.38191889197486,33.13870779094492,3.2432111010299405,8.914348664949966,2.1209621787541093,0.999449618557787,0.0005168359844306068,3.354545778242298e-05,0.9999664545422177,-0.7731443668102627,1.1932387257065102,-0.027299231246784714,0.021151314131558595,529.9819188919748,0.0,1,Decay at rest
806,2,48,89.95159943076243,81.36406469313509,8.587534737627335,9.546839402491486,10.758602928795861,0.999090834126391,0.0008932954150981848,1.5870458510861496e-05,0.9999841295414892,-3.879224133026455,6.14555120622269,-0.12766503922385572,0.17752036418297729,583.5515994307623,0.0,1,Decay at rest
807,2,44,70.92090473617799,65.19633749192306,5.724567244254931,8.07176285405554,6.956989751853016,0.9994430012604557,0.0004960435902280758,6.095514931610054e-05,0.9999390448506837,-2.5309376006432447,3.9478316447352237,-0.05121775620278653,0.09533178276382706,564.520904736178,0.0,1,Decay at rest
808,2,38,55.53141603098505,52.819568848986385,2.7118471819986665,4.883446841127783,4.444142449598446,0.9992772159662153,0.0006885173509167379,3.426668286788153e-05,0.999965733317132,-2.589701579284235,1.6089136815152167,-0.05084909695199082,0.04958582664301002,549.1314160309851,0.0,1,Decay at rest
809,2,46,78.2258465483598,72.53887553800627,5.686971010353527,7.269938596110685,8.298806891723364,0.9991142513911416,0.0007803335840348348,0.00010541502482349864,0.9998945849751765,-3.0046954430455304,4.883828771635274,-0.12105600270842438,0.09251441095288684,572.1474960701287,0.0,1,Decay at rest
810,2,23,19.103413870106696,18.601999589314403,0.5014142807922932,2.624736521972723,0.6961409866526276,0.9979457085793728,0.0019926367094477543,6.165471117936855e-05,0.9999383452888205,-0.4064533246263693,0.2445941882593611,-0.010581757780843326,0.015510505032273397,512.7034138701066,0.0,1,Decay at rest
811,2,28,52.70967112464418,46.434084639102245,6.275586485541935,11.905948854626436,5.423418485267496,0.9997429774949247,0.0002006529384605975,5.636956661467362e-05,0.9999436304333853,-2.2025261727985384,2.8372062495877874,-0.05194598399735578,0.028144944791043455,556.7479462321655,0.0,0,No decay recorded
812,2,42,54.36640615144156,50.45190842123161,3.9144977302099524,7.200214263392426,4.376959033193039,0.9982745696848315,0.0016995414326683661,2.5888882500187165e-05,0.9999741111174999,-1.601755573147522,2.467323428049582,-0.07265643632077826,0.09797312777617125,547.9664061514416,0.0,1,Decay at rest
813,2,36,47.648954618755106,44.181892959209584,3.4670616595455246,7.27625965204461,3.487795888714141,0.9991814540876118,0.0007930453227990325,2.5500589589074234e-05,0.9999744994104108,-2.059864686343675,1.2362523773574563,-0.041772572972551554,0.05580761881690526,541.2489546187551,0.0,1,Decay at rest
814,2,6,21.340937340497515,21.04963249492764,0.2913048455698755,1.3650049242077218,3.5792661850758374,0.9998868594912704,0.00010690502177887911,6.235486950666767e-06,0.9999937645130493,-1.455109662653564,1.445666482036015,-0.011138906172225486,0.01659286407743781,573.1633646189964,0.0,0,No decay recorded
815,2,55,122.7445551757741,120.88844909843607,1.85610607733802,1.512169786008037,17.835291765698457,0.9981382238275399,0.001610873770959541,0.0002509024015005932,0.9997490975984995,-10.865844867676058,6.4586656573623475,-0.339776248260104,0.30136451241015005,617.348536018539,0.0,1,Decay at rest
816,2,46,84.19948990000863,81.91550120985323,2.2839886901554007,2.712592074925583,9.42229180916934,0.997790495218262,0.0021048450334776904,0.00010465974826013547,0.9998953402517398,-3.368506936323768,5.465013305314091,-0.17672477357874342,0.27521987114544444,578.1374511828577,0.0,1,Decay at rest
817,2,45,72.75724092392473,71.31479930226176,1.4424416216629632,1.9825402988703023,7.178554671927191,0.999876022018756,9.974215339445248e-05,2.4235827849385886e-05,0.9999757641721505,-4.21239935453657,2.586793766238624,-0.03580364926053031,0.03435616486025857,566.3572409239247,0.0,1,Decay at rest
818,2,51,99.70237616708386,95.19092581367877,4.511450353405084,4.524917586562508,12.434088581650322,0.9996923455791635,0.00029629338049260237,1.136104034388321e-05,0.9999886389596562,-4.540931356498876,7.167847486773694,-0.09709846433894627,0.140778912664105,594.2955310370163,0.0,1,Decay at rest
819,2,9,26.131812170028667,19.802306377829048,6.329505792199621,24.221457551493938,3.7386126149917898,0.9999630470307833,3.152579608535789e-05,5.427173131411692e-06,0.9999945728268687,-1.6538678964098932,1.5693612015666463,-0.01789804406162241,0.007072031791732208,561.2901974449287,0.0,0,No decay recorded
820,2,43,63.04539361909496,57.858015378085135,5.187378241009824,8.228005161409111,5.5843134351524855,0.9985805640532293,0.0014078104866031707,1.1625460167634805e-05,0.9999883745398325,-3.2468344900163157,2.0207698012392816,-0.08392705238637212,0.10736166993079466,556.6453936190949,0.0,1,Decay at rest
821,2,21,18.365611065657674,16.85820054629799,1.5074105193596854,8.207788534618544,0.6287916892313903,0.9996531442742925,0.00032117333485969,2.5682390847887078e-05,0.9999743176091522,-0.3612426685902788,0.22755570039757225,-0.0065764930521741965,0.0033506759738168336,511.9656110656576,0.0,1,Decay at rest
822,2,45,79.54331234253526,74.74140398306783,4.801908359467431,6.036847370384955,8.377702555110362,0.9998587226662156,0.00010887054597070003,3.2406787813687355e-05,0.9999675932121863,-4.872198963037363,3.0525606270303354,-0.0667765287653981,0.038061792760788825,573.41835542433,0.0,1,Decay at rest
823,2,16,71.63421754909274,65.91478211522961,5.719435433863132,7.984222665576627,20.717514717108564,0.9997716090637301,0.00022472665279705897,3.664283472800181e-06,0.9999963357165271,-10.75652318781198,9.074347453601492,-0.11112924779387949,0.17155698277081785,687.2524775786508,116.65011584647236,1,Decay in flight
824,2,54,106.53141074415798,97.22540772551983,9.306003018638156,8.73545459844432,14.23240592013408,0.999694214317232,0.00022297647702489365,8.280920574292592e-05,0.9999171907942569,-5.149472080284066,8.31080201207378,-0.1238048711502429,0.11180555662134326,601.8184079549835,0.0,1,Decay at rest
825,2,45,71.13641055835869,67.31200929521756,3.8244012631411266,5.376151584150672,7.045345783205834,0.9995169467637925,0.000464372191887731,1.8681044319781345e-05,0.9999813189556803,-4.139054109489968,2.53470090781218,-0.08131642615611942,0.07270539859070771,564.7364105583587,0.0,1,Decay at rest
826,2,50,93.45705151205232,90.70101410288268,2.7560374091696325,2.948988187171956,11.315532973362979,0.9967972748267022,0.003169215288874571,3.3509884423345195e-05,0.9999664901155768,-3.907711916074327,6.5423525392138036,-0.20413709183369427,0.4448790979360147,587.9639051506949,0.0,1,Decay at rest
827,2,46,88.61191048626323,83.14773190312872,5.464178583134507,6.166415500071601,10.154234998954433,0.999829063223608,0.0001423162399573673,2.8620536434695655e-05,0.9999713794635654,-3.707526392250194,5.755001781983425,-0.0543821533646154,0.05981091471603405,582.2119104862632,0.0,1,Decay at rest
828,2,51,100.27382056315862,95.64742891566965,4.626391647488978,4.613758228724308,13.105937397017389,0.9986931734214646,0.001060035326370983,0.00024679125216445664,0.9997532087478356,-7.668757089398558,4.739896138818279,-0.20276792442789582,0.1916907189106392,593.8738205631586,0.0,1,Decay at rest
829,2,49,107.44469796171616,100.54013926368192,6.904558698034236,6.426151154051746,13.960814200155014,0.998718213551127,0.001222933749494919,5.8852699378031737e-05,0.9999411473006219,-5.078817295718964,7.885348043470679,-0.22032231440296893,0.24726699075619354,601.36292091234,0.0,1,Decay at rest
830,2,59,136.76076940547802,127.52469067023729,9.236078735240724,6.753456254590776,21.60574056230226,0.9996822895419749,0.0002667398993400336,5.097055868514454e-05,0.9999490294413149,-7.851750538754974,13.13938625688221,-0.2829530947197937,0.1797569000380794,633.0753150419655,0.0,1,Decay at rest
831,2,38,48.159855869128194,44.475107470310085,3.68474839881811,7.651078543156805,3.5807731302161487,0.999869567309649,0.00011228449901550242,1.81481913355211e-05,0.9999818518086645,-1.271095053452856,2.064573894259244,-0.01429407284516531,0.017947252307112613,541.7598558691282,0.0,1,Decay at rest
832,2,45,68.90547550791628,65.10698684846874,3.79848865944754,5.5126078609110625,6.7025195240957025,0.9992160563520507,0.0007286628534918301,5.528079445754706e-05,0.9999447192055425,-3.9166833280163207,2.4249359659053957,-0.1195191560206041,0.09173726521025656,562.5054755079162,0.0,1,Decay at rest
833,2,52,98.11189018504577,88.48936459209592,9.622525592949842,9.80770584972025,12.277537398395413,0.9981930642081408,0.001783582344220561,2.33534476386714e-05,0.9999766465523614,-4.484368196002921,6.921411355302846,-0.2512192284952118,0.22794556763066345,592.6806053408254,0.0,1,Decay at rest
834,2,53,116.3301561371805,109.3365039017545,6.993652235426,6.011899637767912,16.282067583695614,0.9996005347753014,0.000374904613504782,2.4560611193816687e-05,0.9999754393888062,-9.839905204879917,5.965742567456007,-0.1124005770774798,0.16111806387838606,611.2886258272329,0.0,1,Decay at rest
835,2,46,80.39066354457309,75.35647895222542,5.034184592347666,6.262150815009049,8.872398351892354,0.9998046050165663,0.0001667042884815265,2.8690694952229716e-05,0.9999713093050479,-5.224866379368516,3.1901390088625514,-0.10295984041378767,0.0415211655871702,573.9906635445731,0.0,1,Decay at rest
836,2,55,140.70219824120568,134.19434151616952,6.507856725036162,4.625270114031728,22.8726146416191,0.9999257272517944,4.879549960876232e-05,2.5477248596872834e-05,0.9999745227514032,-8.363120252785158,13.308357639267781,-0.07033520342231289,0.10657760917135692,635.386225971125,0.0,1,Decay at rest
837,2,11,7.6568462690729575,6.167818058434069,1.4890282106388892,19.447017196274093,0.13806700505584185,0.9987234104400293,0.0012557541054806374,2.0835454489983466e-05,0.99997916454551,-0.07552041980344616,0.04896133669454511,-0.002462191072614268,0.0021519082180016533,501.256846269073,0.0,1,Decay at rest
838,2,53,116.57297952525998,105.72458001873115,10.848399506528835,9.30610125151525,16.69732495705466,0.9990611012432774,0.0009111783218844734,2.7720434838082312e-05,0.9999722795651619,-6.00651618045433,9.586330789230766,-0.3232081239537331,0.1858655521904761,610.9213860094131,0.0,1,Decay at rest
839,2,69,197.29243073288404,190.10613289566135,7.1862978372227015,3.6424599821329657,40.88127603432734,0.9994352295672032,0.0005420008421998092,2.2769590596975898e-05,0.999977230409403,-14.905812207066177,24.35171893606071,-0.36572213699894485,0.5407097184029027,696.4343772740432,0.0,1,Decay at rest
840,2,25,22.36062322744141,22.02782743814882,0.3327957892925877,1.4883117787351023,0.9386523788000306,0.9996555941014285,0.00024046194981786138,0.00010394394875364394,0.9998960560512463,-0.5531855921918637,0.3307494016239651,-0.00674636004294276,0.009637266970686433,515.9606232274414,0.0,1,Decay at rest
841,2,55,124.80293099277918,115.91866172297944,8.884269269799752,7.11863831973127,18.16927836038469,0.9997483271251073,0.00021542296670741515,3.624990818528111e-05,0.9999637500918147,-6.697686674081479,10.236361923743244,-0.13880588480128064,0.14368111762002717,619.1212023586434,0.0,1,Decay at rest
842,2,49,97.38679871882967,87.24683817829157,10.1399605405381,10.412048320649383,12.276987118321799,0.9992540159185755,0.0007298052790648791,1.617880235952701e-05,0.9999838211976404,-4.417829420658094,7.0066886965477675,-0.22445257602343321,0.13753751249242352,590.9867987188297,0.0,1,Decay at rest
843,2,48,87.37478011031129,83.27882051488871,4.095959595422583,4.687805325806147,9.943205767718398,0.9994196286795463,0.0005287139976782397,5.165732277548606e-05,0.9999483426772245,-5.780802393672096,3.631964102919649,-0.12788883924421934,0.08710716220294257,580.9747801103113,0.0,1,Decay at rest
844,2,50,99.61920094343832,93.9065667130025,5.712634230435805,5.734471042062783,12.682446204130196,0.9998980355777959,7.419860949120685e-05,2.7765812712899517e-05,0.9999722341872871,-7.468714479668121,4.557762641870218,-0.08037882162679764,0.05336756935092326,593.8335576336235,0.0,1,Decay at rest
845,2,62,175.29411891176625,164.04555030822016,11.248568603546103,6.416968620155497,32.53545555631151,0.9998355488433897,0.00014911206207106296,1.5339094539249642e-05,0.9999846609054607,-20.13505210493906,12.058243532305635,-0.20832328838374742,0.21516875383335013,671.046898537155,0.0,1,Decay at rest
846,2,44,75.1760739935296,70.01848613476132,5.157587858768287,6.860677320303,7.6645203842685214,0.9994552328641987,0.0005352628080628037,9.504327738433856e-06,0.9999904956722615,-2.775097132496024,4.364916896526382,-0.07633877919370624,0.10797131959260244,568.7760739935296,0.0,1,Decay at rest
847,2,35,43.77817236927866,38.67178960389794,5.106382765380715,11.664220978224574,3.000557848679534,0.9999070918020341,7.539849186430754e-05,1.7509706101615594e-05,0.9999824902938984,-1.080896348027241,1.7189193040005997,-0.015816930632796274,0.013393782363031133,537.3781723692787,0.0,1,Decay at rest
848,2,34,37.246874037909826,34.74336443317279,2.503509604737031,6.721395202692611,2.2152527126526644,0.998423454857033,0.0015508830740783173,2.5662068888653987e-05,0.9999743379311113,-1.2896394292494227,0.7936068954526853,-0.03968648014059646,0.046344863963376386,530.84687403791,0.0,1,Decay at rest
849,2,68,187.34912815864638,176.20640978898402,11.142718369662372,5.947568840686982,36.62175705195354,0.9991428534247279,0.0007690130546378263,8.813352063430984e-05,0.9999118664793657,-13.483756900916967,21.619033585305132,-0.5386536508944437,0.4210566221577981,687.8797968365404,0.0,1,Decay at rest
850,2,51,107.13685167476062,101.14756160678611,5.9892900679745145,5.590317406522667,14.246479735449501,0.9991029085350759,0.0008755590205759715,2.1532444347970623e-05,0.9999784675556519,-8.295650371844017,5.17926432213928,-0.22588331671836373,0.15736769327471098,601.3645497940802,0.0,1,Decay at rest
851,2,49,95.96983060430195,89.44970120853397,6.520129395767981,6.793936547258748,11.681472293378212,0.9991898958472197,0.0007270644441123973,8.30397086679056e-05,0.9999169602913321,-4.201110474554989,6.63984541451406,-0.11571877513346446,0.20682665999869934,589.5698306043021,0.0,1,Decay at rest
852,2,21,16.54971377160911,14.47466169287488,2.0750520787342297,12.538295872487918,0.5331406482405324,0.9988190025912211,0.0011213308769851742,5.966653179381144e-05,0.9999403334682063,-0.19425254231806408,0.29768475901688113,-0.009878619978802697,0.0068630188563517155,510.14971377160913,0.0,1,Decay at rest
853,2,46,82.50282726669163,74.65825550407509,7.844571762616542,9.508245986842178,9.040824966968751,0.9990718382246744,0.0009113394183382547,1.6822356987410152e-05,0.9999831776430126,-3.3073549408019915,5.098049529702782,-0.15385141826244647,0.13049540909497157,576.1028272666916,0.0,1,Decay at rest
854,2,54,108.4875492996873,100.61956215684725,7.867987142840057,7.25243329177382,14.720502448566265,0.997772806573321,0.0021424689538923113,8.472447278664719e-05,0.9999152755272134,-5.23494824631955,8.388601702845163,-0.2532268000329423,0.38824271021494533,603.3411917615852,0.0,1,Decay at rest
855,2,55,111.12322052054161,100.94337820755955,10.179842312982055,9.160859688277544,15.228430288317327,0.9984120268930402,0.0015646226749853802,2.3350431974425124e-05,0.9999766495680256,-5.517554026824788,8.782717195618876,-0.2916851182338585,0.24103334307023017,607.0279544028018,0.0,1,Decay at rest
856,2,42,58.94698167172714,56.479430756423554,2.4675509153035846,4.186051338549029,4.976012691015982,0.9967500338244166,0.003155707576275693,9.425859930765063e-05,0.9999057414006923,-2.905302561429068,1.7624088648758247,-0.14913660360291792,0.11088743695835333,552.5469816717272,0.0,1,Decay at rest
857,2,48,86.33018098894152,79.28247476828261,7.047706220658905,8.163664363870247,9.859645592548024,0.9998594721344958,0.00012906643290648757,1.14614325977906e-05,0.9999885385674022,-3.568335474862738,5.639329624359889,-0.04199244895634225,0.055630068626624576,580.5183282533218,0.0,1,Decay at rest
858,2,47,84.35834449985306,75.84051393792828,8.517830561924779,10.097199764203072,9.55767483444145,0.9987604125586202,0.001221056165537796,1.8531275842127266e-05,0.999981468724158,-3.462779162467048,5.422360569272576,-0.22713648213777393,0.1762559708461323,578.8256964673183,0.0,1,Decay at rest
859,2,32,30.462052435628273,27.848926594448685,2.61312584117959,8.5782986773514,1.5767531045146392,0.9953377625903745,0.004298845860855822,0.00036339154876971697,0.9996366084512304,-0.9115291312521232,0.5611278357361625,-0.041291667623475546,0.05849665229060968,524.0620524356282,0.0,1,Decay at rest
860,2,51,91.99008073947127,86.6395007165121,5.350580022959168,5.816474972027426,11.158229133190542,0.9998107999150101,0.00016690956131520208,2.2290523674696395e-05,0.9999777094763252,-4.00075693130301,6.396093051526388,-0.09324804497039685,0.06723839270783782,585.9404769802916,0.0,1,Decay at rest
861,2,18,14.40250325071463,12.710219924759894,1.6922833259547359,11.74992497134668,0.4302461040225098,0.9993443189760203,0.0005620308811343874,9.365014284529549e-05,0.9999063498571547,-0.15182150461458785,0.24305852097125694,-0.0059733434851538285,0.003416420502589046,508.0025032507146,0.0,1,Decay at rest
862,2,48,72.75833009255302,65.6329033846315,7.12542670792152,9.793279613286263,7.360888504770174,0.9992948045338672,0.0006767566244644026,2.8438841668412294e-05,0.9999715611583316,-2.6823660924385955,4.194975849838173,-0.13296899206611365,0.08743375535271718,566.3583300925528,0.0,1,Decay at rest
863,2,36,46.92734495112119,46.364545196537165,0.5627997545840282,1.1993002271281954,3.4099705545993357,0.9974583107644566,0.0024552386346040093,8.645060093962516e-05,0.9999135493990606,-2.014848628927259,1.1937267538218472,-0.06863556920948334,0.08219047524765774,540.5273449511212,0.0,1,Decay at rest
864,2,5,3.7867597160118858,2.7215046307630386,1.0652550852488474,28.131045145128606,0.039146889633693185,0.9994671014868283,0.0005197217671845369,1.3176745987281419e-05,0.9999868232540128,-0.017879294166166206,0.014063171898807807,-0.0005264366819024201,0.0003224393531058133,497.38675971601185,0.0,1,Decay at rest
865,2,53,124.07339036164866,122.6498940150191,1.4234963466295651,1.1473018851829253,18.597394620381095,0.9997335886284817,0.00023980111455877218,2.6610256959540168e-05,0.9999733897430405,-10.878913681619798,6.7554286278396365,-0.12534611339453056,0.14716571414364224,617.6733903616488,0.0,1,Decay at rest
866,2,64,152.77919714568262,144.50180425245134,8.277392893231278,5.417879559439214,25.87631237089426,0.9986269107631764,0.0013138433090438015,5.924592777975381e-05,0.9999407540722203,-15.984483137305206,9.422918894993765,-0.44347517949665777,0.3945482517211628,649.8906362249979,0.0,1,Decay at rest
867,2,59,140.9384694590114,131.03170018914503,9.906769269866361,7.029144922527705,22.84406046697242,0.9998280554146493,0.00011604737181384676,5.589721353682772e-05,0.9999441027864631,-8.332547028520455,13.274595003300607,-0.2072288703918312,0.0892694121363103,635.9178403314742,0.0,1,Decay at rest
868,2,45,67.00709659944152,63.075913272659555,3.93118332678197,5.866816391526408,6.353014164526547,0.9996053431350969,0.00025903726325508076,0.0001356196016481066,0.9998643803983519,-2.2924764343908115,3.614282248076834,-0.04994963715677705,0.052146323236580944,560.6070965994415,0.0,1,Decay at rest
869,2,13,8.973467267720482,8.192693566768162,0.7807737009523197,8.700914347355264,0.1793699643766852,0.9986295390542208,0.0013559726665571554,1.448827922201567e-05,0.999985511720778,-0.06538077157835974,0.09678875210205162,-0.003260336396101554,0.0029908971601009353,502.5734672677205,0.0,1,Decay at rest
870,2,37,49.71910382765212,48.76785442714931,0.9512494005028128,1.913247277747109,3.784326554479587,0.9996006185524352,0.00037144861423900696,2.7932833325750255e-05,0.9999720671666742,-2.2144142809883705,1.3681219411754477,-0.02980286527104403,0.03399502241074867,543.3191038276522,0.0,1,Decay at rest
871,2,6,47.31098845464669,32.17349735607128,15.137491098575413,31.995719373072347,13.274017006763174,0.999920143710966,7.454655849198736e-05,5.309730541925691e-06,0.9999946902694581,-5.522464565478149,5.763183626439108,-0.051991842089083265,0.04073109832344008,667.4575360739672,0.0,0,No decay recorded
872,2,53,112.73490717519864,111.15909811533676,1.5758090598618752,1.3978004677938376,15.665376257067635,0.9976659968634305,0.0022699183530882835,6.408478348114086e-05,0.9999359152165188,-5.614083180197056,8.971996151942063,-0.27049504873868974,0.40936611129042005,607.9474830857234,0.0,1,Decay at rest
873,2,44,74.24875387523828,69.18910889226484,5.059644982973445,6.814451043145144,7.532423666860564,0.9992357894010767,0.0006712591049315052,9.295149399180736e-05,0.9999070485060082,-2.741852159693332,4.270203233202587,-0.09698420450287165,0.10346427226039273,567.8487538752382,0.0,1,Decay at rest
874,2,57,154.14801218167455,152.163669031398,1.9843431502765574,1.28729726850961,26.403985876448267,0.9997527973615646,0.0001812918808410303,6.591075759446248e-05,0.9999340892424057,-15.322064746143834,9.684893583724321,-0.19004049044883586,0.17085064621880783,648.6481076465301,0.0,1,Decay at rest
875,2,55,120.47192879582416,105.99562802420112,14.476300771623038,12.016326887367658,17.289935386093994,0.9992260141658603,0.0006750396872484033,9.894614689142955e-05,0.9999010538531087,-6.262141442312485,9.851686308575106,-0.3907739261033314,0.20870108360040018,615.5127224009552,0.0,1,Decay at rest
876,2,51,107.16581289717514,101.91694942481287,5.248863472362277,4.897889849814815,14.484045349400148,0.9978474452290504,0.002142741249257425,9.813521692133251e-06,0.9999901864783078,-8.426996431369378,5.218816162836836,-0.4973011664570102,0.3613760754855047,600.8111459134743,0.0,1,Decay at rest
877,2,23,19.725234700972177,18.35525452909144,1.3699801718807356,6.945317470991688,0.7069513956461405,0.9899824965151298,0.009621830897809028,0.00039567258706113133,0.9996043274129388,-0.39563226865747875,0.2501518231614098,-0.04605197880400864,0.03279677334644907,513.3252347009721,0.0,1,Decay at rest
878,2,36,48.710406662777366,45.79297000777492,2.9174366550024473,5.989349822513063,3.5971791089625027,0.9986787788475769,0.0013140651862457563,7.155966177248661e-06,0.9999928440338227,-2.110801528470826,1.2851021722881266,-0.0753208331690063,0.060852784966106674,542.3104066627773,0.0,1,Decay at rest
879,2,55,124.83484930688762,111.13341762199947,13.70143168488815,10.975646432836433,18.655293181179317,0.999384280057381,0.0005891771638768754,2.6542778742030477e-05,0.9999734572212579,-6.743367396946097,10.682567958837312,-0.27091269580771665,0.16769070001784836,620.4196367904894,0.0,1,Decay at rest
880,2,43,71.12402638695876,63.355388675348784,7.768637711609979,10.92266299624796,7.072651105423002,0.9992364077285831,0.000752736814249009,1.0855457167995128e-05,0.9999891445428322,-2.5451985087354454,4.051432628472732,-0.11356606959544392,0.07526685216622767,564.7240263869587,0.0,1,Decay at rest
881,2,45,78.1476909012736,72.8361058451637,5.3115850561099105,6.796854769285762,8.053296920978395,0.9999416222355392,5.273790039727759e-05,5.639864063536996e-06,0.9999943601359365,-2.881745169516034,4.589101516685859,-0.02624259413592685,0.04492009619423536,572.0549465397349,0.0,1,Decay at rest
882,2,59,172.0325854703762,166.16549975976685,5.867085710609359,3.4104502321856134,31.607031048264187,0.999714559688351,0.00024534976774525725,4.009054390365517e-05,0.9999599094560963,-18.310515061172726,11.59748093537111,-0.18490090556409527,0.29410965367944736,667.7363283058671,0.0,1,Decay at rest
883,2,62,152.26342395103435,143.3734076759115,8.890016275122873,5.838576359600169,26.41631233598311,0.9992619273886034,0.0007122102925092384,2.5862318887328382e-05,0.9999741376811127,-9.630303149166087,15.842547133655897,-0.3787242050033824,0.27673722764375286,648.198522772208,0.0,1,Decay at rest
884,2,41,61.1422638406778,56.885646399245,4.256617441432802,6.961825052020538,5.437600554005151,0.9987837940093658,0.0011986998079637269,1.7506182670514414e-05,0.9999824938173295,-1.923591419880894,3.1223264230781647,-0.0590965008191841,0.09192656635594851,554.7422638406779,0.0,1,Decay at rest
885,2,25,23.168607972643706,20.567967560247066,2.600640412396639,11.224845340157426,0.9737431923386302,0.999773121368439,0.00020121280529137404,2.566582626972236e-05,0.9999743341737304,-0.3508998951835479,0.5526033441258703,-0.008485323478591614,0.007658393752795004,516.7686079726436,0.0,1,Decay at rest
886,2,50,97.74426152487744,90.3616729099101,7.382588614967341,7.5529637236947735,12.003849375911281,0.9991070820183725,0.0008645169156213872,2.8401066006136203e-05,0.9999715989339939,-4.344483851196004,6.845209826508275,-0.1475135208383207,0.17062015198938052,591.9302179617102,0.0,1,Decay at rest
887,2,47,89.01145241355746,83.27029951332912,5.741152900228349,6.449903629877076,10.206383846625457,0.999806798707264,0.0001646379982651595,2.8563294470954572e-05,0.9999714367055291,-3.7161320967207154,5.797471335330889,-0.06426900311236242,0.05876457467564963,582.8911509198065,0.0,1,Decay at rest
888,2,49,93.19399887784496,87.46169508345379,5.732303794391166,6.150936609024413,11.21640765524431,0.9997054604242425,0.0002294609153511268,6.507866040639308e-05,0.9999349213395936,-6.502064342520327,4.115779788772632,-0.07700037901319139,0.08374117140850235,587.6562973536103,0.0,1,Decay at rest
889,2,16,83.93866157372432,77.67709014408263,6.26157142964169,7.459698918527642,21.335924538150863,0.9997072883862441,0.0002744642722371822,1.8247341518629715e-05,0.9999817526584813,-11.38016049156207,9.20336231535119,-0.25579704662143626,0.1289890710738613,663.7764792191253,0.0,0,No decay recorded
890,2,41,61.539827055638334,56.71061001565617,4.829217039982161,7.847303561019195,5.473644182994381,0.9965195680539798,0.003457163316065525,2.3268629954595055e-05,0.9999767313700453,-1.9208367699873474,3.1103633624089957,-0.1642853751849701,0.15187144579612824,555.1398270556381,0.0,1,Decay at rest
891,2,37,51.04031776749064,47.664491929727106,3.375825837763539,6.61403765772344,3.906497448785754,0.9992314375595399,0.0007298103505343396,3.8752089925822435e-05,0.9999612479100742,-1.419739798685305,2.217129529324175,-0.04893514386436077,0.0526949759149731,544.6403177674906,0.0,1,Decay at rest
892,2,63,171.4742523917111,162.13126988891517,9.342982502795937,5.4486212200844495,30.983506672841177,0.9999133629830452,7.802787556166136e-05,8.609141393042585e-06,0.9999913908586069,-11.421266375010452,17.928610472162248,-0.15092807876072295,0.10374263308904434,667.796831588965,0.0,1,Decay at rest
893,2,47,72.55578267226343,68.64076687786543,3.9150157943980064,5.395870115662932,7.176718151273696,0.9988483765798546,0.0011222173665486855,2.940605359670798e-05,0.9999705939464033,-4.19902985062055,2.583534736661567,-0.13025759950374732,0.0948487004109752,566.1557826722634,0.0,1,Decay at rest
894,2,31,33.08816664549216,32.47187717880594,0.616289466686219,1.8625675858356467,1.791824926250029,0.9989567269621721,0.0009684050852577304,7.486795257028491e-05,0.9999251320474298,-1.0464118453749114,0.6403080076238955,-0.019442154570033118,0.02934644578479282,526.6881666454922,0.0,1,Decay at rest
895,2,41,55.561329942378784,51.586826107427264,3.974503834951517,7.15336338974134,4.589059777547301,0.9992177279456794,0.0007285243180565229,5.374773626394285e-05,0.9999462522637359,-2.6996323206981536,1.641938146779776,-0.04443116244103346,0.07544958762935386,549.1613299423788,0.0,1,Decay at rest
896,2,38,118.27290574971772,107.90227960333387,10.37062614638386,8.768387045744507,19.71743659090899,0.999798251785112,0.00013065218409111072,7.10960307968672e-05,0.9999289039692031,-7.688623245428031,11.128486005127852,-0.1742232180410878,0.11586941211716445,626.8944589997554,0.0,0,No decay recorded
897,2,48,98.09221533925165,88.14360823665852,9.948607102593124,10.142096463196284,11.943568446740965,0.9984088534992887,0.00156709415171584,2.4052348995491122e-05,0.9999759476510045,-4.339290583920509,6.754936603234709,-0.2691588695423498,0.20074329662015467,591.6922153392517,0.0,1,Decay at rest
898,2,49,96.07854019548041,90.83974736434509,5.238792831135328,5.4526149340701195,11.718828728847512,0.9987494112736234,0.0012209507484787759,2.9637977897795358e-05,0.9999703620221021,-6.85786635375378,4.221637233355952,-0.19946961391909512,0.17899584603317434,589.6785401954803,0.0,1,Decay at rest
899,2,40,52.071829096816884,47.88273943626415,4.189089660552729,8.044829100902096,4.121326019856562,0.9997218823178853,0.000265123768412456,1.2993913702183352e-05,0.9999870060862978,-1.4730141770102219,2.3567648941635304,-0.037800280443157995,0.02927185690744701,545.6718290968167,0.0,1,Decay at rest
900,2,35,45.41387832585775,42.862169694611474,2.551708631246277,5.6187859863829015,3.193832026204333,0.9999236567293226,4.867413987153002e-05,2.7669130806000724e-05,0.9999723308691941,-1.147780867996186,1.8220470908492983,-0.011083221235099219,0.01428487033895829,539.013878325858,0.0,1,Decay at rest
901,2,37,49.955337801069284,45.267563917629786,4.6877738834395,9.383929905763061,3.7497583875010494,0.9987721283894389,0.0011791596082631989,4.8712002298063524e-05,0.999951287997702,-1.3693319039675844,2.1104103153381586,-0.056720348561069445,0.056065065559991856,543.5553378010692,0.0,1,Decay at rest
902,2,58,121.39698642645071,112.32813174858386,9.068854677866858,7.470411700344219,17.5830650422269,0.9998164838224498,0.00017384838581306188,9.66779173714416e-06,0.9999903322082628,-6.368923741023484,10.00508123250908,-0.09732314610855022,0.12761311807270065,617.5995986866376,0.0,1,Decay at rest
903,2,62,158.2651173706695,147.53936433240608,10.725753038263393,6.7770796347642595,28.36431263062445,0.9992626893863129,0.0006768627885640516,6.044782512292885e-05,0.999939552174877,-10.456160895474348,16.119182115400402,-0.24961277939769305,0.4442879021623642,654.5345100244409,0.0,1,Decay at rest
904,2,38,51.08857813453889,46.34402081539951,4.744557319139381,9.286923794678444,3.8899464867512865,0.9993843073691833,0.0004277325706503263,0.0001879600601663375,0.9998120399398336,-2.254769886859177,1.4183137229049458,-0.034680274223479246,0.05347843541925349,544.6885781345388,0.0,1,Decay at rest
905,2,47,86.38547304156386,79.71908724718634,6.666385794377517,7.717021808944688,9.866324237244742,0.9997506922676008,0.00020902027030301253,4.0287462096025983e-05,0.9999597125379038,-5.768841377183006,3.582852670620745,-0.07220313006549452,0.07704406456284661,580.3102288151886,0.0,1,Decay at rest
906,2,39,56.91648420454742,52.73189101273782,4.184593191809607,7.352163877113254,4.786639087584319,0.9983958395075108,0.0015924312813512362,1.17292111379298e-05,0.999988270788862,-1.7088982112739755,2.7313661264030227,-0.07944166543098254,0.0933813908487952,550.5164842045475,0.0,1,Decay at rest
907,2,47,89.94752602830049,84.80659970702314,5.14092632127735,5.715472729800087,10.35813043999344,0.9995479343074748,0.00035283897787922417,9.922671464602454e-05,0.999900773285354,-6.043246781153723,3.754533581668581,-0.11825960677345661,0.09513821947485657,583.5475260283004,0.0,1,Decay at rest
908,2,49,100.2301706246533,92.76170690686521,7.468463717788078,7.451312984147593,12.640907305106982,0.999791363657775,0.00014405782152806496,6.457852069691086e-05,0.999935421479303,-7.342313355113294,4.6291522047838845,-0.07557584079303244,0.09490060467412281,593.8301706246534,0.0,1,Decay at rest
909,2,35,46.94340110730383,42.15597213431727,4.78742897298656,10.198300208464643,3.307806202971402,0.9985314765696288,0.0013958411716732462,7.268225869801113e-05,0.9999273177413021,-1.171935485023369,1.8933129990722042,-0.06620946442458792,0.04619610630573854,540.5434011073038,0.0,1,Decay at rest
910,2,38,49.292067635195,44.417019135010285,4.875048500184711,9.890127832056857,3.763973841391546,0.9997038822956715,0.00022873531803922434,6.738238628933028e-05,0.9999326176137108,-1.3495149045414352,2.1590663972229747,-0.04672870521337676,0.020428227491237048,542.892067635195,0.0,1,Decay at rest
911,2,61,160.67628185812998,158.55432141376667,2.1219604443633173,1.3206432336024019,28.75430460750508,0.9996007960787828,0.00030654930759836674,9.265461361872609e-05,0.9999073453863812,-16.709090956753382,10.49242697703567,-0.2541380306938197,0.2855943793509953,657.886513906913,0.0,1,Decay at rest
912,2,25,24.03508189584631,21.628218333027228,2.4068635628190824,10.013960315379792,1.0296307484196645,0.9997579788129425,0.00022165322178217925,2.0367965275371475e-05,0.9999796320347246,-0.3717921281857887,0.5805550472794261,-0.010723906695222468,0.006589921183318705,517.6350818958463,0.0,1,Decay at rest
913,2,50,104.78967913817588,96.87457519706727,7.915103941108613,7.553323959196154,13.525716249649772,0.9987157412975988,0.001164139497960727,0.0001201192044405406,0.9998798807955595,-7.9062314116567745,4.8726590982314075,-0.16502969854912525,0.26148589683681,598.3896791381758,0.0,1,Decay at rest
914,2,29,28.033994085801396,26.080209507309235,1.9537845784921628,6.969340767185622,1.3635213641630182,0.9997680273170086,0.0001947048486113376,3.7267834380005776e-05,0.9999627321656199,-0.49405142395760626,0.7751141882489254,-0.0090638985869292,0.006777925316351524,521.6339940858013,0.0,1,Decay at rest
915,2,55,134.74362888606439,120.79457979551093,13.949049090553462,10.352288420514789,21.13174589332922,0.9998277866796237,0.00014819280740498985,2.4020512971371395e-05,0.9999759794870287,-7.7469897050941565,11.975827803168206,-0.10221120654191514,0.1377643380570568,628.6538693533157,0.0,1,Decay at rest
916,2,58,152.7508045046582,143.58948071516673,9.161323789491455,5.997561727546959,25.744754339655763,0.9998238886081947,0.0001618322515029372,1.4279140302397967e-05,0.9999857208596976,-15.825009968247768,9.454045402491829,-0.1927315650524621,0.1540580242333625,647.5700892362962,0.0,1,Decay at rest
917,2,41,63.000947560224304,59.5403199459316,3.460627614292708,5.492977087343965,5.6653896917179205,0.9997246728205071,0.00023500549865990798,4.0321680832970014e-05,0.9999596783191671,-2.053673804034108,3.2161251234622017,-0.0357499653069142,0.047429733006759886,556.6009475602243,0.0,1,Decay at rest
918,2,61,164.2140179769057,147.66557906640827,16.548438910497413,10.077360699392125,29.258660302951586,0.9977756152646752,0.0021592926251181315,6.509211020682046e-05,0.9999349078897933,-10.664800288682878,16.533492147668266,-0.6695017010580855,0.5742848150950638,661.4486306603565,0.0,1,Decay at rest
919,2,52,116.88696560703545,113.3126961971238,3.5742694099116563,3.0578853607407877,16.38594210025484,0.9999444488103333,3.986959077171231e-05,1.568159889498503e-05,0.999984318401105,-9.607109817191157,5.924195531280317,-0.04433662882413981,0.058301120930457445,610.7820430261944,0.0,1,Decay at rest
920,2,58,131.8005809889468,124.02668879990154,7.773892189045261,5.898223005327423,20.22800892084331,0.9997809639801432,0.00021159990670792562,7.436113148918789e-06,0.9999925638868511,-11.80552859052619,7.3305735284550275,-0.1986774728618896,0.10608801017668021,627.3831978139273,0.0,1,Decay at rest
921,2,36,44.55977548924602,41.702915238193675,2.8568602510523444,6.4112985751955005,3.0140279388178297,0.9991344021449385,0.000832881992469953,3.271586259157702e-05,0.9999672841374085,-1.101183375970727,1.696876065493066,-0.03387901873282514,0.04671776961564198,538.1597754892459,0.0,1,Decay at rest
922,2,36,45.72738548898962,41.863024855760855,3.8643606332287597,8.45086722519754,3.16671219798392,0.9989213962179985,0.001060584630991481,1.801915101008028e-05,0.9999819808489899,-1.8421055706608411,1.1459000115244071,-0.040879508529272315,0.05729868894420884,539.3273854889896,0.0,1,Decay at rest
923,2,28,28.78171806195866,25.686047450555137,3.0956706114035235,10.75568388495588,1.4514915855197967,0.9977569154015603,0.00220147184615378,4.1612752285908475e-05,0.9999583872477141,-0.5139969444048911,0.8273066961417692,-0.028303601617102696,0.03717225276760843,522.3817180619586,0.0,1,Decay at rest
924,2,47,89.05606360589977,85.9253041753885,3.1307594305112554,3.515492717447989,10.263332658335194,0.999878156132974,7.448498961036605e-05,4.7358877415680127e-05,0.9999526411225844,-5.997721410804104,3.728161418936738,-0.05378521361938615,0.040848746824404314,582.6560636058997,0.0,1,Decay at rest
925,2,44,73.24503797369118,65.78673947919368,7.458298494497493,10.182667250683155,7.350486276410765,0.9996121243305235,0.00033396269862471487,5.391297085166838e-05,0.9999460870291482,-2.6629851176805306,4.179509262183894,-0.09513744404145509,0.0587278794473663,566.8450379736911,0.0,1,Decay at rest
926,2,56,152.66052725633605,134.89956140855156,17.760965847784497,11.634288291145243,25.957055522275,0.9997481680458955,0.0002154960212434319,3.6335932861141805e-05,0.9999636640671389,-9.593494439484097,14.614014665213144,-0.1811145104498823,0.1814724672671806,647.2495043714646,0.0,1,Decay at rest
927,2,30,27.871930898820384,25.960515028617763,1.9114158702026218,6.857852357417829,1.367108810678702,0.9988170209486189,0.001105297273093083,7.76817782880773e-05,0.999922318221712,-0.7989714135492794,0.48828120023253463,-0.025314331624233324,0.016185371919458468,521.4719308988203,0.0,1,Decay at rest
928,2,58,127.10608019125466,118.36379775780067,8.742282433453997,6.877941968078642,19.313310388346906,0.9964193610400192,0.0034878584834658237,9.278047651513115e-05,0.9999072195234849,-6.993828989760685,11.539972705378945,-0.7022211112753798,0.442918031031746,624.0106683727402,0.0,1,Decay at rest
929,2,58,151.28118190638565,137.42258873964428,13.858593166741384,9.160817619284085,25.96446527994319,0.9999618803958501,3.2341663575401605e-05,5.777940574558994e-06,0.9999942220594255,-9.463985117789592,14.869402300996423,-0.09521055121714445,0.06886057909749861,646.8485070014701,0.0,1,Decay at rest
930,2,16,80.29717102515883,68.87050744292337,11.426663582235465,14.23046844160331,20.285722008155712,0.9999014277420316,9.79051882175373e-05,6.670697509121256e-07,0.9999993329302491,-9.358483863608846,8.817979632679537,-0.07822569954496308,0.08495089679566258,662.9518445652176,0.0,0,No decay recorded
931,2,48,91.96162244151515,86.21709816281601,5.744524278699135,6.2466539042984826,11.200344481381475,0.9984983066053293,0.001389864237800969,0.0001118291568697,0.9998881708431303,-4.032223312782697,6.406525602620181,-0.16177502403675145,0.20254300012380505,585.5616224415152,0.0,1,Decay at rest
932,2,3,8.11871824533391,4.278180010104915,3.8405382352289963,47.304736033132784,2.125260186783252,0.9999642284633461,3.577153665391404e-05,0.0,1.0,-0.8654546855122172,0.723501191413917,-0.0030777405449757766,0.004571791798456248,620.1102115410768,117.60066164787126,1,Decay in flight
933,2,26,100.26199817069714,93.16896360271765,7.0930345679794815,7.074499508680759,19.098182814224394,0.9990260985765649,0.0009287744386456953,4.512698478935484e-05,0.9999548730152106,-9.857038914078311,7.9065717961825825,-0.29767664355834356,0.2212404189209403,631.6060773686506,34.89143425981058,1,Decay in flight
935,2,55,127.92565465035291,121.50353028493643,6.422124365416487,5.020200508623131,19.117067659445258,0.9992440604039604,0.0007126356074543844,4.330398858523802e-05,0.9999566960114148,-11.048903755721636,7.036708869157175,-0.2858287930885441,0.20753422352269754,622.1488769017008,0.0,1,Decay at rest
936,2,54,116.27411331210487,103.77072312073324,12.503390191371631,10.75337393269113,16.151911522910964,0.9998847528216483,9.129959821701947e-05,2.3947580134593298e-05,0.9999760524198653,-5.819815267437766,9.221919525239029,-0.05810776759199079,0.09890248390477746,612.2368562907641,0.0,1,Decay at rest
937,2,52,110.21993130705563,103.40568321365174,6.814248093403892,6.1824100347336035,15.288219839319828,0.9993829240032734,0.0006083037307044263,8.772266022089595e-06,0.9999912277339779,-9.137168994631656,5.5123289761570655,-0.17663749506935839,0.22843193605945544,604.6505307031033,0.0,1,Decay at rest
938,2,50,94.46847918263634,89.43761892443486,5.030860258201491,5.325437968018206,11.445127164657036,0.9989925465978945,0.0009536412172540833,5.3812184851472365e-05,0.9999461878151485,-4.157475686514881,6.526203177595307,-0.26311061292290183,0.15457723861542366,588.6343945913351,0.0,1,Decay at rest
939,2,39,55.25390647895005,51.986729193882624,3.2671772850674254,5.913024966500992,4.436214449796296,0.9993784528357982,0.0004676872004328318,0.00015385996376894936,0.9998461400362311,-1.6185676486647373,2.5029407129631833,-0.04657022732596805,0.04588546141090935,548.8539064789502,0.0,1,Decay at rest
940,2,53,122.19995264980095,110.23339743422514,11.966555215575802,9.792602170533897,17.869422912790245,0.997928730737776,0.002044691871938813,2.6577390285235187e-05,0.9999734226097148,-6.465258035635384,10.199216257923437,-0.41286246281179956,0.30884632062372136,616.6558110543878,0.0,1,Decay at rest
941,2,52,97.20197668749861,95.73686983343036,1.4651068540682495,1.507280925755783,12.39072771358496,0.9994217789696541,0.0003790278390779584,0.0001991931912679209,0.9998008068087321,-7.796552587354432,4.44285146494807,-0.08674627329712668,0.14176901438135767,591.4383822209126,0.0,1,Decay at rest
942,2,46,86.55737142911768,84.76792302854726,1.7894484005704148,2.0673552939807145,9.877060033336962,0.998716877032036,0.0012485486314043365,3.457433655944681e-05,0.9999654256634404,-5.765375611852327,3.558066602430457,-0.1280285355327957,0.20454440388345937,580.1573714291177,0.0,1,Decay at rest
943,2,46,76.74048427551148,75.94531164599776,0.79517262951371,1.0361840129375575,7.997807991439889,0.99802076643202,0.001942774453052852,3.645911492704473e-05,0.9999635408850728,-4.690064029259592,2.8189812334015434,-0.16191030783155094,0.21569962504044607,570.6838367822347,0.0,1,Decay at rest
944,2,49,105.32718138610792,94.66035593021903,10.666825455888905,10.127324509697551,13.724922100051085,0.9992190198395037,0.0007087492363684595,7.223092412781052e-05,0.9999277690758721,-4.987057977080846,7.7759545562079655,-0.23370666349074953,0.15448739486207977,598.927181386108,0.0,1,Decay at rest
945,2,27,26.70210527569225,24.193616248750942,2.508489026941308,9.39434925089919,1.2643853807339507,0.9995874223019223,0.0003825596753076796,3.001802277003457e-05,0.99996998197723,-0.7421496542203604,0.45005206570827433,-0.011490698946178157,0.01152007287693713,520.3021052756922,0.0,1,Decay at rest
946,2,47,94.43591167249988,89.33105110884587,5.104860563654017,5.405634862040066,11.685878062151659,0.9990197925036003,0.0008504224457641138,0.0001297850506356558,0.9998702149493645,-6.922480381207456,4.141304413693706,-0.22945535091693361,0.12761100764809696,588.0359116724998,0.0,1,Decay at rest
947,2,45,79.32754150810905,73.16121663264296,6.166324875466093,7.773245909600963,8.399951701596576,0.9997311974390211,0.00022729153424140132,4.1511026737613415e-05,0.9999584889732624,-3.074758493521612,4.748227743351152,-0.06071960322081021,0.053771630500454644,573.2195895617624,0.0,1,Decay at rest
948,2,9,34.906625537697764,27.9639798543542,6.942645683343565,19.88919174053586,6.150166200117731,0.9998910498689316,0.0001077827752715748,1.167355796813856e-06,0.9999988326442032,-2.717112506206763,2.7191346961452543,-0.027220707171690162,0.028633827513015096,584.4441620006384,55.93753646294054,1,Decay in flight
949,2,49,103.77021327162709,101.97186035150554,1.7983529201215456,1.7330145746296277,13.568635010568004,0.9980871824674298,0.0018890700744254286,2.374745814490411e-05,0.9999762525418552,-7.970101471494104,4.815729004554076,-0.19272444052808657,0.33988262052877044,597.7392413622742,0.0,1,Decay at rest
950,2,60,132.75640248961005,126.15615544150904,6.600247048101004,4.9716977293186,20.540128691053262,0.9973551360248206,0.0026244394712391372,2.0424503940203216e-05,0.9999795754960598,-12.527530702611669,7.521723355261865,-0.7807920382974782,0.39048122139794816,629.8548251041035,0.0,1,Decay at rest
951,2,41,52.498410206265135,49.51630927747312,2.9821009287920126,5.680364256889688,4.178821999891648,0.9979410138850999,0.0019868172190870967,7.216889581291399e-05,0.999927831104187,-2.4456902969766596,1.4972395570708887,-0.07904103418076615,0.09009343954836907,546.098410206265,0.0,1,Decay at rest
952,2,60,157.07729618867842,146.93365730234976,10.143638886328649,6.457737134808007,27.278343117165218,0.9992493079966024,0.0006540964562622898,9.659554713535718e-05,0.9999034044528646,-9.957115480177949,15.802119624906286,-0.3179055244754746,0.30382324943844524,653.3276492463999,0.0,1,Decay at rest
953,2,57,134.4153663904758,128.09926881824828,6.316097572227536,4.698940115134836,20.86538106740374,0.9987346723493161,0.0011608472790625413,0.00010448037162127664,0.9998955196283786,-7.607945867204624,12.268651647825209,-0.4851333034164475,0.3603394675643515,630.8786745219406,0.0,1,Decay at rest
954,2,49,93.21814876993724,85.9528432786082,7.265305491329043,7.7938744624288185,11.081318186219894,0.9997267435275266,0.00025340777620865896,1.9848696264818794e-05,0.9999801513037352,-6.91956097866573,4.03925463334809,-0.07712527508747742,0.10073904563826597,587.7997268207185,0.0,1,Decay at rest
955,2,56,124.42099147840409,118.3086214932424,6.112369985161692,4.912651725832473,18.54801907154254,0.9997624395891483,0.00023278293992205496,4.777470929658513e-06,0.9999952225290704,-11.58081914043192,6.763051003563197,-0.1852384918742028,0.1302306321163417,619.9721347318135,0.0,1,Decay at rest
956,2,41,52.767881915308116,47.910420624261576,4.85746129104654,9.20533687299163,4.064218815432691,0.999500971962994,0.0004776814450283897,2.1346591977510463e-05,0.9999786534080224,-2.3536774563536422,1.4836131465544644,-0.03296682885887747,0.05760340939152589,546.3678819153081,0.0,1,Decay at rest
958,2,48,92.40630376707605,83.97819715228776,8.428106614788286,9.120705267069866,10.891660201233591,0.9996327904537585,0.00031873356514263486,4.8475981098774703e-05,0.9999515240189012,-6.3224323903803175,3.9853542446540557,-0.09228636641051118,0.06981113903852973,586.3814963767742,0.0,1,Decay at rest
959,2,19,15.344890005210067,13.662802698998561,1.682087306211505,10.961872686219218,0.47489489581516453,0.9998130503263662,9.634976583632514e-05,9.059990779750055e-05,0.9999094000922025,-0.1706752769106703,0.2682434814674564,-0.00257121709384465,0.002264317254223116,508.94489000521,0.0,1,Decay at rest
960,2,38,53.09441864268506,49.72138131084204,3.373037331843022,6.352903785505019,4.217967428758342,0.9992338960895908,0.0005967256169085168,0.00016937829350062233,0.9998306217064993,-1.5207173265713028,2.4064569609938586,-0.042181768950108965,0.05650864954780052,546.694418642685,0.0,1,Decay at rest
961,2,58,135.04005550681728,126.82180323681813,8.218252269999157,6.085788575215945,20.88122664268245,0.9991488454539919,0.0008331804937628545,1.797405224532762e-05,0.9999820259477548,-12.233752986742486,7.618215232097259,-0.22665209905429867,0.349157845918327,631.5760002062319,0.0,1,Decay at rest
962,2,42,68.1832130057382,63.70606002728968,4.477152978448512,6.566356704357305,6.578908627142558,0.9983613073465454,0.0016332983822390944,5.39427121561041e-06,0.9999946057287845,-3.8642976163827543,2.352485230745471,-0.10891994782886842,0.13053691673561282,561.7832130057382,0.0,1,Decay at rest
963,2,47,76.04424870269838,72.29930071581833,3.74494798688005,4.924695885314418,7.823850069911868,0.9996596848281825,0.00031783877706757335,2.247639474989503e-05,0.99997752360525,-2.842047503690732,4.573391449973446,-0.11679756260689245,0.04621675660442012,570.2270730031215,0.0,1,Decay at rest
964,2,55,122.93799461377411,116.5974466312464,6.340547982527708,5.157517008836344,18.010862323262277,0.9998896389703891,9.402697203950229e-05,1.6334057571517533e-05,0.9999836659424286,-11.110573402813381,6.573905775902525,-0.12487959923951174,0.09125005663624715,618.3643557761902,0.0,1,Decay at rest
965,2,33,39.26126345196275,36.937499818890714,2.323763633072031,5.918718423097159,2.4581808968963617,0.9976928280975091,0.0022522926912672795,5.487921122349277e-05,0.9999451207887764,-1.4312414439994285,0.8823815498978999,-0.05999749420654613,0.04793637119048925,532.8612634519627,0.0,1,Decay at rest
966,2,58,132.75905465764006,129.39889371540644,3.360160942233617,2.5310220465932227,20.529707088406003,0.999258704402855,0.0006526442741028135,8.865132304211597e-05,0.9999113486769579,-7.476368615012595,12.472282773919273,-0.22137806057799267,0.3461088982359988,628.810417312171,0.0,1,Decay at rest
967,2,47,88.6132542927839,81.67152961189666,6.941724680887248,7.833731800382076,10.13723308306902,0.9991249029021195,0.0008272334482037161,4.7863649676855925e-05,0.9999521363503232,-3.656550443058068,5.768912894989103,-0.09223052229697459,0.1510782691789711,582.2132542927839,0.0,1,Decay at rest
968,2,51,104.25841538354966,99.99393752331575,4.264477860233915,4.0902960634358365,13.754968173696534,0.9994058649019576,0.000587739489356356,6.395608686001667e-06,0.9999936043913139,-8.122536820000272,4.901512296838321,-0.20550104331008726,0.10749820110245734,597.8584153835495,0.0,1,Decay at rest
969,2,55,104.79893706067577,97.21756734514746,7.581369715528316,7.234204781236385,13.710117671226186,0.9990744914927587,0.0009114249104994199,1.4083596741792183e-05,0.9999859164032582,-5.0378576785806555,7.734855203850619,-0.19237053660505515,0.16359213629558117,598.968736392568,0.0,1,Decay at rest
970,2,51,100.949713214277,96.39645355756608,4.553259656710918,4.510423568065139,12.931961749146454,0.9985669293471992,0.0013611479886514012,7.192266414946412e-05,0.9999280773358505,-7.871839161687031,4.6900577910696075,-0.22908653514924834,0.20041183900414664,595.4834756944053,0.0,1,Decay at rest
971,2,52,91.03585483719945,86.14957130378241,4.886283533417043,5.367427528587768,11.087678092111744,0.9993765724976099,0.0005828508479478201,4.057665444238977e-05,0.9999594233455578,-6.753123360698043,4.001920699834597,-0.11458624659602319,0.12740672937396427,585.3893921750152,0.0,1,Decay at rest
972,2,37,50.25466305665508,45.77764626113933,4.477016795515754,8.908659462045433,3.799809833468911,0.99974413402708,0.00024566078635787435,1.0205186562303491e-05,0.9999897948134379,-1.359734773230233,2.175675511195243,-0.03130073721519404,0.02870353233335136,543.8546630566551,0.0,1,Decay at rest
973,2,50,97.64437575099743,89.82742944516107,7.816946305836349,8.005526427625812,11.951494510554914,0.9990049610146251,0.000972072254072914,2.2966731302055154e-05,0.999977033268698,-4.301315931145283,6.7924124558423795,-0.13248818189518569,0.2131333628170098,591.8815546622993,0.0,1,Decay at rest
974,2,3,2.2166711486466397,1.9367016036548372,0.2799695449918025,12.630179499685116,0.016365580577316727,0.99992284142045,7.715857954992106e-05,0.0,0.9999999999999999,-0.005181771675798173,0.005951254655192809,-3.256056738316104e-05,7.874231232169402e-05,495.81667114864666,0.0,1,Decay at rest
975,2,58,126.44062418812699,117.40409071730888,9.036533470818117,7.146859269986635,19.47115396427949,0.9998529294827206,0.00013020975050487266,1.6860766774485683e-05,0.9999831392332255,-11.461521294562584,6.9936787485617256,-0.09168242145650109,0.10032360295014624,622.0906192566612,0.0,1,Decay at rest
976,2,49,91.72050021021329,85.65920938725192,6.061290822961369,6.608436291853574,11.085978719397763,0.9996526402407303,0.00027752949297630907,6.983026629341328e-05,0.9999301697337066,-6.499077257993239,4.002346032143172,-0.09575180801543397,0.09420167528536762,585.3205002102133,0.0,1,Decay at rest
977,2,32,33.19405252306433,31.272141238432056,1.9219112846322715,5.789926624044665,1.9260269246102522,0.9999293919324739,6.618072325201072e-05,4.427344274237098e-06,0.9999955726557259,-0.6905735827015419,1.1045489038019936,-0.0082109931592007,0.009298459158124953,526.7940525230644,0.0,1,Decay at rest
978,2,3,7.921260940773341,7.712141986334952,0.2091189544383887,2.6399705299693452,2.057078870851556,0.9999952864276433,4.713572356238056e-06,2.888767561011256e-16,0.9999999999999996,-0.21830450437042614,0.9275153343533361,-0.0008965908593751776,0.0031738189766625548,619.1492554888549,116.76873477557412,1,Decay in flight
979,2,61,127.93891019874894,124.455359554519,3.483550644229936,2.72282344661085,19.35296550644905,0.9995382065401619,0.0004414687016856762,2.0324758152445877e-05,0.9999796752418476,-7.023891492839913,11.428029465597467,-0.16883042327291573,0.2293383950499086,625.651017186967,0.0,1,Decay at rest
980,2,8,31.16618180516311,25.003201383836377,6.162980421326733,19.774576365673862,6.0777357954077065,0.9999011763570836,9.592564755706808e-05,2.8979953592890964e-06,0.9999971020046408,-2.8888023464066044,2.4714610758621918,-0.0223732320069958,0.023702686986835572,592.7461738688168,0.0,0,No decay recorded
981,2,26,22.61962714257856,20.26327991966089,2.356347222917674,10.417268189545668,0.9330242904265172,0.999550687203946,0.00040214508884229785,4.716770721157842e-05,0.9999528322927883,-0.3337698377464172,0.5294406263730581,-0.0073814676244843835,0.009499132476013852,516.2196271425785,0.0,1,Decay at rest
982,2,36,43.46091899441376,40.22862441842553,3.2322945759882242,7.437243967168956,3.0059935227000274,0.9985176512884621,0.0013704810404436894,0.00011186767109425014,0.9998881323289058,-1.0752514639331654,1.7203824131284358,-0.05135502875957204,0.04707854401903897,537.0609189944138,0.0,1,Decay at rest
983,2,60,148.52475338932703,141.0671955218953,7.4575578674317535,5.021087527331759,25.54441655299001,0.9992147418457914,0.0005972381090568267,0.00018802004515174647,0.9998119799548483,-15.436746356031595,9.232728885360773,-0.4521455056909536,0.23808219813628112,645.6362062994592,0.0,1,Decay at rest
984,2,42,65.64687275949039,62.09741392176268,3.549458837727715,5.406897066874492,6.106927483620226,0.9994938813165878,0.0004955098648117294,1.0608818600512028e-05,0.9999893911813995,-3.6160068540950125,2.1652741658123493,-0.07639697101165241,0.04512642171981723,559.2468727594903,0.0,1,Decay at rest
985,2,42,68.13626037012493,65.50101715462888,2.6352432154960512,3.867607645592921,6.535299602084144,0.9996601950315979,0.000298738118946135,4.106684945587507e-05,0.999958933150544,-3.846491221872262,2.339606716659012,-0.07880227629361598,0.04585461239763007,561.7362603701248,0.0,1,Decay at rest
986,2,5,30.370877759076922,20.55343081237035,9.817446946706571,32.32519989901325,9.611385070068312,0.9999503405138164,4.961774529506196e-05,4.174088843007808e-08,0.9999999582591115,-4.748401289066789,3.341023775965508,-0.05046773750650334,0.028225619506919458,688.4778337827249,163.25841388625784,1,Decay in flight
987,2,34,38.935984376719546,36.641519260356205,2.294465116363339,5.892916676161492,2.400409825339995,0.9980147883050735,0.001843388530045871,0.0001418231648805923,0.9998581768351193,-0.8548647716265247,1.3640407972456172,-0.043340487689492585,0.055457259103958954,532.5359843767195,0.0,1,Decay at rest
988,2,30,31.823608788372614,29.65050480466795,2.173103983704664,6.828590679818346,1.7465719766070178,0.9997338502637607,0.00022536266856459835,4.078706767460815e-05,0.9999592129323253,-0.6226593645109079,1.0051497003571672,-0.01137895761434952,0.016738108035314926,525.4236087883726,0.0,1,Decay at rest
989,2,46,80.21149370460587,71.77937636590009,8.432117338705783,10.5123554608753,8.873850961572938,0.9991646061389705,0.000757177102379793,7.821675864968711e-05,0.9999217832413503,-3.191401672794039,5.072156350639777,-0.16697238310026,0.10599022569064633,573.8114937046058,0.0,1,Decay at rest
990,2,11,8.244607236909076,6.734064633683946,1.51054260322513,18.321583549338804,0.15819115320211127,0.9987577650336726,0.0012116187154099674,3.06162509173498e-05,0.9999693837490826,-0.056098814644933825,0.08584439012294189,-0.0025857920622543613,0.0022234864226331565,501.84460723690904,0.0,1,Decay at rest
991,2,46,83.77275478117083,77.28128195570217,6.49147282546866,7.74890695957836,9.360441729388677,0.9994069956692331,0.00040964936167443426,0.000183354969092495,0.9998166450309075,-3.3732702108256474,5.329974941698454,-0.09001835984244885,0.11080402197006119,577.6540957427185,0.0,1,Decay at rest
992,2,60,144.3835999123558,138.10499935210666,6.278600560249139,4.348555212683708,23.796769332900794,0.9992048879379456,0.0007879225705464946,7.189491507945175e-06,0.9999928105084921,-8.484166642209061,14.205950990507676,-0.34863770760343615,0.3896526915221281,641.2443782882812,0.0,1,Decay at rest
993,2,43,71.36907047439288,64.83519842043931,6.533872053953574,9.155047152110404,6.879452226802376,0.9998241722640502,0.00015232720497218723,2.3500530977485073e-05,0.9999764994690223,-2.511692718973406,3.8861084639199555,-0.0465168542789779,0.0343975349761478,564.9690704743928,0.0,1,Decay at rest
994,2,12,55.42739759006322,52.397200159653345,3.030197430409877,5.466966810928026,11.57043767768582,0.999895130548981,9.824691501923591e-05,6.622535999666328e-06,0.9999933774640003,-6.12335551036727,4.934626843018564,-0.04646739603223304,0.06702612865662486,616.1654508484696,65.90295917770568,1,Decay in flight
995,2,39,53.64520431390428,49.976729035540906,3.6684752783633723,6.838403032072229,4.206485205515451,0.9998706003750647,9.368608871804087e-05,3.571353621723972e-05,0.9999642864637828,-2.4568187776905233,1.5219012016087283,-0.024885311067789077,0.020960734393532923,547.2452043139042,0.0,1,Decay at rest
996,2,57,144.52914562078684,139.0880023665915,5.44114325419533,3.764737714890885,23.887386426413986,0.999752474668168,0.00023462860136358864,1.2896730468556866e-05,0.9999871032695316,-13.869842868514533,8.74926988754844,-0.21409775164965256,0.12740414857020846,640.2954107112787,0.0,1,Decay at rest
997,2,61,146.95923687642033,142.83138370058563,4.127853175834706,2.8088422773356285,24.669063193026755,0.9986741744301546,0.0012871164091745675,3.870916067090513e-05,0.9999612908393292,-8.955293319940532,14.396632210098609,-0.3566793550692789,0.5793297691422672,643.9979554688041,0.0,1,Decay at rest
998,2,27,26.928218180765437,24.285705947473723,2.6425122332917166,9.813171504898296,1.2216434788369481,0.999168819418107,0.0008154892390894104,1.5691342803638848e-05,0.9999843086571963,-0.7116521343400846,0.434489062696383,-0.01699378100905641,0.021425721342968426,520.5282181807654,0.0,1,Decay at rest
999,2,29,30.439224470922344,29.057290501845586,1.381933969076759,4.539977588446375,1.5301913192000556,0.9998111668376904,0.00016665223299133653,2.2180929318328252e-05,0.9999778190706817,-0.8817484913607567,0.56076008974771,-0.010450246497057352,0.00716363288763665,524.0392244709224,0.0,1,Decay at rest
