event,track_id,particle_type,particle_label,pdg,parent_track_id,n_g4_steps,total_energy_MeV,inside_energy_MeV,outside_energy_MeV,outside_percent,track_length_cm,pc1_explained_variance,pc2_explained_variance,pc3_explained_variance,pc1_pc2_explained_variance,pc1_pc2_explained_variance_percent,pc1_low_cm,pc1_high_cm,pc2_low_cm,pc2_high_cm,particle_initial_energy_MeV,particle_final_kinetic_energy_MeV,particle_decay_flag,endpoint_status
1,3,proton,Proton,2212,0,25,27.690500160663195,24.405983450458685,3.284516710204511,11.861529012287244,0.8234656381159865,0.99973101756107,0.00023780740820093067,3.11750307291426e-05,0.9999688249692709,99.99688249692709,-0.2995165261563833,0.4641621727115686,-0.009044128498897679,0.006376334919579233,965.9625811606631,0.0,0,No decay recorded
2,3,proton,Proton,2212,0,4,4.161244529255782,2.339516567242992,1.8217279620127906,43.778440541166596,0.030730070061172787,0.9998251563703067,0.00017445428348890574,3.8934620445570465e-07,0.9999996106537956,99.99996106537957,-0.013298009021388066,0.010508703441034845,-0.00015288958077290052,0.00014781959843456594,942.433325529256,0.0,0,No decay recorded
3,8,proton,Proton,2212,5,54,154.5832854412631,147.23703280369466,7.3462526375684405,4.752294283692005,16.74107403280548,0.9988082653571798,0.00114162462348188,5.011001933835265e-05,0.9999498899806617,99.99498899806618,-10.31759803737074,6.067878910235076,-0.2836028793424683,0.27241645836771694,1093.5076865088054,0.0,0,No decay recorded
3,9,proton,Proton,2212,5,36,60.976527074385544,56.199326922718704,4.777200151666841,7.83449038650416,3.248021588567002,0.9998652300121009,7.644942702615563e-05,5.832056087300157e-05,0.999941679439127,99.9941679439127,-1.1583302966737752,1.8582178779974052,-0.01861817438531213,0.011458142312603569,999.2485400743856,0.0,0,No decay recorded
4,21,proton,Proton,2212,12,3,12.168543643900197,5.618076900780682,6.5504667431195145,53.83114803884611,1.5606461188920546,0.9999970150434485,2.9849565513647424e-06,2.0189642100298158e-16,0.9999999999999999,99.99999999999999,-0.7378390311000089,0.3766623605116332,-0.0004275169084703636,0.0022641559357896644,1037.155298151468,0.0,0,No decay recorded
4,23,proton,Proton,2212,12,10,8.826984796358602,6.8628497054213735,1.9641350909372282,22.25148378807102,0.1072818846315157,0.9997492497132753,0.00022276205276946498,2.798823395535584e-05,0.9999720117660448,99.99720117660448,-0.04017850697405765,0.055382596235944215,-0.0008655367945043865,0.0006212607493734168,947.0989977963584,0.0,0,No decay recorded
4,24,proton,Proton,2212,12,6,6.061876589482267,4.497684446090447,1.5641921433918202,25.803760936106663,0.056302283554845296,0.9996791948207179,0.0003143470697213558,6.458109560641064e-06,0.9999935418904392,99.99935418904393,-0.02088091575501445,0.02680522047924278,-0.00039748400931950814,0.00038145346840269843,944.3338895894824,0.0,0,No decay recorded
4,661,proton,Proton,2212,21,35,54.546533870162655,50.74278745142203,3.8037464187406256,6.973397114094727,2.714163071717319,0.9989449437956858,0.001051479591137122,3.5766131771747455e-06,0.9999964233868229,99.99964233868229,-1.5972008587719035,0.9671023973116185,-0.03929140659761351,0.04866849619378855,992.8185468701622,0.0,0,No decay recorded
5,3,proton,Proton,2212,0,32,50.18351330205657,47.052804250540966,3.1307090515156046,6.238521070997445,2.301889055621416,0.999799377130557,0.0001612092159992343,3.941365344386684e-05,0.9999605863465563,99.99605863465563,-0.8273665478871984,1.3137077807692843,-0.010746649141840498,0.017610053942047336,988.4555943020564,0.0,0,No decay recorded
5,4,proton,Proton,2212,0,33,52.76490052514941,48.822780512095925,3.942120013053481,7.471102899501427,2.511503604156513,0.9988856593921931,0.001081668849063848,3.267175874314931e-05,0.9999673282412569,99.99673282412569,-1.4701777089831238,0.8990138945828656,-0.03278209628187939,0.042107927632600406,991.0369815251494,0.0,0,No decay recorded
5,175,proton,Proton,2212,174,46,112.01197904090876,102.0234843087477,9.988494732161055,8.917345106913146,9.645308939807087,0.9998728042092446,8.58305907318479e-05,4.1365200023580945e-05,0.9999586347999765,99.99586347999765,-3.4731883252978655,5.5236146177060315,-0.05169462284000811,0.03547710380431739,1050.2839920409083,0.0,0,No decay recorded
5,176,proton,Proton,2212,174,47,110.3698891015473,104.25141218648905,6.118476915058251,5.543610639518596,9.521416516328577,0.9997712322066016,0.000207209684756176,2.1558108642260816e-05,0.9999784418913578,99.99784418913578,-5.589077801243171,3.444425522357204,-0.08746921108082169,0.059234555230529055,1048.6419021015472,0.0,0,No decay recorded
7,3,proton,Proton,2212,0,27,33.26443519643772,31.703894434654536,1.56054076178318,4.6913189794675905,1.139509222039679,0.99965914222643,0.0003066446732506017,3.421310031936403e-05,0.9999657868996806,99.99657868996806,-0.6647950284040959,0.4088005268801389,-0.008112588339106497,0.012493063433604148,971.5365161964378,0.0,0,No decay recorded
7,4,proton,Proton,2212,0,18,19.605324347785654,18.89667288703951,0.7086514607461445,3.614586773343456,0.4335342471460776,0.9999572182233106,3.994967665256513e-05,2.8321000368501294e-06,0.9999971678999632,99.99971678999631,-0.2488862942990812,0.15589728480095216,-0.001540068726541998,0.0014237018771567336,957.8774053477856,0.0,0,No decay recorded
7,8,proton,Proton,2212,5,5,5.068561310469477,2.7800423173240407,2.288518993145436,45.15125403373016,0.04314431718829033,0.9999937019682752,5.105568931772618e-06,1.1924627929829857e-06,0.9999988075372069,99.99988075372069,-0.0154191060806689,0.01977692649709852,-5.9912343563720155e-05,2.5121923807284988e-05,943.3405743104696,0.0,0,No decay recorded
8,3,proton,Proton,2212,0,10,9.340227575535778,8.243879838871836,1.0963477366639416,11.73791246302746,0.12201265889263303,0.9991021293812125,0.0008914344866819628,6.4361321055505595e-06,0.9999935638678944,99.99935638678944,-0.06626983107765241,0.0429968636265595,-0.0018333884013483764,0.0015295613566979414,947.6123085755358,0.0,0,No decay recorded
12,3,proton,Proton,2212,0,32,47.55203395987178,43.091109327551095,4.460924632320683,9.381143687954903,2.1792057112324636,0.9995605340012431,0.00041975313616391833,1.97128625930199e-05,0.999980287137407,99.99802871374071,-0.7773158474200995,1.2514627001158487,-0.01997597440294131,0.020368660674891303,985.8241149598716,0.0,0,No decay recorded
13,3,proton,Proton,2212,0,18,19.061464353766947,16.605645719506786,2.455818634260161,12.883682956786263,0.41682009760698857,0.9998080733049047,0.00018422219468915496,7.704500406055391e-06,0.9999922954995939,99.9992295499594,-0.15091886361361653,0.2330424293838871,-0.0030256006359172223,0.0028209822804292034,957.3335453537668,0.0,0,No decay recorded
13,8,proton,Proton,2212,4,5,5.026862159491202,3.172998885835117,1.853863273656085,36.87913483276664,0.042289523033482865,0.999691345023905,0.0003078559724998935,7.990035949602169e-07,0.9999992009964049,99.99992009964049,-0.019498518183145862,0.015154363717322088,-0.00038167770403098875,0.0002521099095101741,943.2988751594912,0.0,0,No decay recorded
13,244,proton,Proton,2212,237,42,87.32013289817132,81.83296504083869,5.487167857332638,6.2839664521943845,6.181425650930607,0.999407223073247,0.0005679957584544364,2.4781168298622473e-05,0.9999752188317015,99.99752188317015,-2.233129553962166,3.5202691922081955,-0.06470531201618324,0.09239768266922536,1025.592145898171,0.0,0,No decay recorded
13,245,proton,Proton,2212,237,31,45.5297159539873,42.682971462751574,2.8467444912357243,6.25249780629571,1.9430361925673778,0.9998031463460971,0.00015591416393802727,4.093948996496578e-05,0.9999590605100351,99.99590605100352,-1.133417201101088,0.7016930461912971,-0.017511131924352587,0.01005061977401063,983.8017289539868,0.0,0,No decay recorded
13,246,proton,Proton,2212,237,12,9.025234219311871,7.936502346906953,1.0887318724049184,12.063197984106488,0.11377609615843332,0.9995118161629915,0.00046754238354398367,2.064145346459108e-05,0.9999793585465354,99.99793585465355,-0.0608248983127052,0.042440505162039566,-0.001229272236021426,0.0009926452872813004,947.2972472193118,0.0,0,No decay recorded
18,14,proton,Proton,2212,11,45,107.49566894880981,101.90627067219444,5.589398276615368,5.19964974521632,9.017978537025785,0.9998869978293803,0.00010974507995555856,3.257090664166878e-06,0.9999967429093358,99.99967429093358,-5.341274051235252,3.214846294215927,-0.06975492562519589,0.032037738044946154,1045.7676819488097,0.0,0,No decay recorded
18,15,proton,Proton,2212,11,43,96.19513364932541,87.13859348511252,9.056540164212894,9.414759167784997,7.1415648595748955,0.9999321898523498,5.287206216159975e-05,1.4938085488608378e-05,0.9999850619145114,99.99850619145114,-2.590725819929149,4.059288708988177,-0.021893222779075468,0.031023620811002402,1034.4671466493253,0.0,0,No decay recorded
19,3,proton,Proton,2212,0,13,12.189660091201857,10.99211430841177,1.1975457827900873,9.824275441892272,0.1875781991460899,0.9992825885957203,0.000692744789068043,2.4666615211635444e-05,0.9999753333847883,99.99753333847883,-0.0698406952500991,0.10053974207956998,-0.0019807421648853248,0.0023880705631897257,950.4617410912018,0.0,0,No decay recorded
19,4,proton,Proton,2212,0,28,34.826937908774994,34.37992825910061,0.4470096496743864,1.2835169455473656,1.2198284231490115,0.9968651839817216,0.0030737892801864153,6.1026738091759764e-05,0.9999389732619081,99.9938973261908,-0.7135306541648607,0.42634338050529896,-0.026371966233283774,0.03561378838682344,973.0990189087752,0.0,0,No decay recorded
31,3,proton,Proton,2212,0,16,16.4695698730668,14.460274654562788,2.0092952185040116,12.200046716398312,0.32751148181406375,0.9998327827794521,0.00016121896413588704,5.9982564121064726e-06,0.999994001743588,99.9994001743588,-0.11874208756844631,0.1813476260292256,-0.0016640131255685692,0.0025733872889531786,954.7416508730668,0.0,0,No decay recorded
32,16,proton,Proton,2212,5,41,80.39336793954485,75.182359123614,5.2110088159308345,6.481888928760232,5.446270209675772,0.9995401451047066,0.00045167050446985406,8.184390823726655e-06,0.9999918156091764,99.99918156091763,-3.215196893138741,1.945443625768238,-0.03835026284401144,0.0641527526894462,1018.6785439769386,0.0,0,No decay recorded
32,19,proton,Proton,2212,5,8,7.932822743995302,6.058041351914792,1.8747813920805099,23.633219253507377,0.0930518501146306,0.9994297983601802,0.0005417789258015488,2.842271401821688e-05,0.9999715772859817,99.99715772859817,-0.033102057914419836,0.048198861422604024,-0.0010210705267879934,0.0009267010320085161,946.2048357439952,0.0,0,No decay recorded
32,20,proton,Proton,2212,5,6,6.60966387051451,5.202763155165355,1.406900715349154,21.285510774992527,0.06562972285065778,0.9998528382061176,0.00014425016168569696,2.9116321966462337e-06,0.9999970883678033,99.99970883678033,-0.03306761254491501,0.02193151099587771,-0.00037121908175477087,0.0002976394713241678,944.8816768705144,0.0,0,No decay recorded
33,3,proton,Proton,2212,0,14,13.923963094590365,12.671836237704955,1.25212685688541,8.992603961812259,0.23954472828992773,0.9997118284593877,0.00026957206624631305,1.8599474366141046e-05,0.999981400525634,99.9981400525634,-0.08769822224878751,0.1310318511985152,-0.0017333856023811463,0.0016913725538653687,952.1960440945904,0.0,0,No decay recorded
34,3,proton,Proton,2212,0,21,23.98059988405896,21.66153339721008,2.319066486848883,9.67059413885003,0.6317685517516355,0.999449652039854,0.0005461045989949016,4.243361150959544e-06,0.999995756638849,99.9995756638849,-0.36547551980314774,0.22671988890883632,-0.0086828893475444,0.006289347716550573,962.252680884059,0.0,0,No decay recorded
35,3,proton,Proton,2212,0,40,72.92278617737136,67.76348113199126,5.159305045380111,7.075024578505603,4.642915029912206,0.9995974067591931,0.0003820509117164438,2.054232909044687e-05,0.9999794576709095,99.99794576709094,-1.6458352908362135,2.6803025183384426,-0.039688428836943734,0.048971073584136056,1011.1948671773714,0.0,0,No decay recorded
35,4,proton,Proton,2212,0,20,20.493929018601193,17.956873558882208,2.5370554597189847,12.379546437465658,0.48101773285599697,0.9991990583179202,0.0006901610358483871,0.00011078064623141039,0.9998892193537686,99.98892193537687,-0.17396323417601542,0.26953565548016195,-0.005682460185623515,0.004377029928917179,958.7660100186012,0.0,0,No decay recorded
39,3,proton,Proton,2212,0,9,8.034301254839761,6.071356095528099,1.9629451593116625,24.43205820953265,0.09443492944874246,0.999562656532236,0.0004332549429314181,4.08852483257438e-06,0.9999959114751674,99.99959114751674,-0.05047554692855078,0.03296722925987413,-0.0010112376865667385,0.0007180005882076583,946.3063822548396,0.0,0,No decay recorded
41,3,proton,Proton,2212,0,27,32.255421222560926,28.76530027430417,3.490120948256756,10.820261574558527,1.0610056656650302,0.9998864248699498,0.00010717380192567692,6.401328124487345e-06,0.9999935986718755,99.99935986718755,-0.38484387821969657,0.5999359487013134,-0.00837431436644498,0.003594640989966869,970.527502222561,0.0,0,No decay recorded
43,90,proton,Proton,2212,10,31,44.75983488562144,43.13942789875822,1.6204069868632147,3.620225568311359,1.9087017280335965,0.9994930628830379,0.00047968427577945176,2.7252841182616793e-05,0.9999727471588173,99.99727471588173,-1.1225920968711653,0.6787606596449494,-0.015228987116371216,0.02108108297275716,983.0318478856212,0.0,0,No decay recorded
45,5,proton,Proton,2212,3,21,20.545676274897573,19.329791542863028,1.2158847320345452,5.91795916457662,0.4724726591250683,0.9999165027003237,7.946529892877428e-05,4.0320007475445464e-06,0.9999959679992525,99.99959679992526,-0.271386266967146,0.16938166170729488,-0.0025396807429508344,0.0013189224407528786,958.8176892748974,0.0,0,No decay recorded
45,116,proton,Proton,2212,106,26,30.75639222864832,27.606923751961784,3.1494684766865357,10.240045234411253,0.9615113559890562,0.9955874101416081,0.0043542020987080285,5.8387759683983074e-05,0.9999416122403162,99.99416122403161,-0.5501653929845722,0.3432776419924307,-0.04021766158542868,0.03164979891197414,969.0806304921954,0.0,0,No decay recorded
45,119,proton,Proton,2212,106,10,9.612644851354958,7.034898336897889,2.577746514457069,26.816204637932923,0.12444663659169432,0.9999637800009981,2.789854493249985e-05,8.321454069459321e-06,0.9999916785459305,99.99916785459305,-0.0668132126388105,0.04346993585085157,-0.0002570511757712281,0.00035867313566764725,947.884657851355,0.0,0,No decay recorded
45,120,proton,Proton,2212,106,9,8.486340658070276,7.268895488665559,1.2174451694047164,14.345938001522006,0.10406445160532353,0.9996170234826883,0.0002962832855373138,8.669323177429766e-05,0.9999133067682257,99.99133067682257,-0.055704257309408735,0.03718090169276044,-0.0006511403598268944,0.0007761133684340012,946.7583536580702,0.0,0,No decay recorded
45,3020,proton,Proton,2212,2848,4,4.657458265032119,2.2057766319349943,2.4516816330971247,52.63990557906196,0.03647367355022325,0.99985629292921,0.00014330546893506443,4.016018549302778e-07,0.999999598398145,99.9999598398145,-0.016371666163730418,0.01128332319912059,-0.00012516425776971937,0.00013791158822065464,942.929471265032,0.0,0,No decay recorded
46,3,proton,Proton,2212,0,6,6.214189695803385,5.314845468740462,0.8993442270629236,14.472429569864529,0.06081389397011213,0.9998970774831885,8.827098553481113e-05,1.465153127679773e-05,0.9999853484687232,99.99853484687232,-0.021134254491967257,0.029776689451574353,-0.00020443691799134947,0.0002656018691444564,944.4862706958032,0.0,0,No decay recorded
46,4,proton,Proton,2212,0,23,27.429373749879684,25.506219997926948,1.9231537519527357,7.011292964576604,0.7847313210979294,0.9997866215650238,0.00020329051789171713,1.0087917084461594e-05,0.9999899120829155,99.99899120829156,-0.45226360539553945,0.28470033264162636,-0.008318555358525609,0.0038714084527221356,965.7014547498796,0.0,0,No decay recorded
51,685,proton,Proton,2212,509,10,9.932049901250252,8.391116217852343,1.5409336833979101,15.514759779891326,0.1298884540005956,0.9997908907400972,0.00020189979033201052,7.2094695706849055e-06,0.9999927905304292,99.99927905304293,-0.04889007220569049,0.0675234041492433,-0.0007652205001112643,0.0009226652378234679,948.2040629012504,0.0,0,No decay recorded
52,3,proton,Proton,2212,0,6,4.970956063075165,4.877814840315235,0.0931412227599294,1.8737084290845607,0.040846138607232116,0.9982025149777314,0.0017873324199719524,1.0152602296623962e-05,0.9999898473977034,99.99898473977034,-0.018552199529481225,0.015435077261795703,-0.0005733057761584261,0.0007527659268967373,943.2430370630748,0.0,0,No decay recorded
54,14,proton,Proton,2212,4,40,72.68210172389307,66.58302686190788,6.09907486198518,8.391439869411766,4.475097126324248,0.9972535171720861,0.002663988878059384,8.249394985445701e-05,0.9999175060501455,99.99175060501454,-2.613649391310553,1.5989885554872179,-0.09063712071278919,0.11740320121609421,1010.9541147238932,0.0,0,No decay recorded
54,15,proton,Proton,2212,4,31,46.082925182522786,41.22213881228134,4.860786370241447,10.547911945669908,1.9793889158952562,0.9988761938108356,0.0010714583377272587,5.234785143713194e-05,0.9999476521485628,99.99476521485629,-0.7140418826496695,1.1214878730624382,-0.04192871362053743,0.02623942093495867,984.3549381825228,0.0,0,No decay recorded
56,3,proton,Proton,2212,0,35,53.92168794390568,49.17866734191452,4.743020601991163,8.796127834360993,2.664740693356207,0.9996213323849937,0.00035488441117430557,2.3783203831886278e-05,0.999976216796168,99.9976216796168,-1.5803278455050704,0.9385365547877361,-0.018908072299632702,0.023048635141360713,992.1937689439056,0.0,0,No decay recorded
56,4,proton,Proton,2212,0,16,15.762122618582794,13.702674730910056,2.0594478876727376,13.065802985473203,0.2997074928778945,0.9993330922634038,0.0006614848396687609,5.422896927465788e-06,0.9999945771030726,99.99945771030725,-0.1703582469111789,0.10663364937975561,-0.004437435274220706,0.0031238975598877105,954.0342036185828,0.0,0,No decay recorded
56,1715,proton,Proton,2212,1463,34,52.88380179385046,50.935275478809224,1.948526315041232,3.6845428069579795,2.51994743759328,0.999746492087272,0.0002510763083771551,2.431604350889865e-06,0.9999975683956491,99.99975683956491,-1.4707500945622838,0.9110010859748691,-0.018475541223023466,0.01659397838274813,991.15581479385,0.0,0,No decay recorded
62,3,proton,Proton,2212,0,35,60.10732051096,56.048171122800156,4.0591493881598435,6.753169753124656,3.2008179684014104,0.9995402129076171,0.00045548755819740494,4.2995341855284206e-06,0.9999957004658144,99.99957004658144,-1.1345613642145547,1.8348969769221963,-0.021263252986038348,0.04609987620258582,998.37940151096,0.0,0,No decay recorded
62,4,proton,Proton,2212,0,11,10.212514262681905,8.269347588107157,1.9431666745747473,19.027309285387012,0.14292489436379602,0.9997529870456859,0.0002397367795500406,7.276174763980891e-06,0.999992723825236,99.9992723825236,-0.052260243814826315,0.0766754353113167,-0.0014258606156185329,0.0008148296946492954,948.484595262682,0.0,0,No decay recorded
63,1318,proton,Proton,2212,509,12,12.83944086034717,10.281817209492194,2.557623650854975,19.920054764641975,0.2052297428350225,0.9996146708601498,0.00033156521399640656,5.376392585367388e-05,0.9999462360741461,99.99462360741461,-0.07263327420808277,0.11140972992889109,-0.001559744672659406,0.0016464820310438336,951.1114538603472,0.0,0,No decay recorded
69,3,proton,Proton,2212,0,41,84.1790581970239,77.1952366935345,6.983821503489403,8.296388262201193,5.863800206404317,0.9997226700952265,0.0002607867985437221,1.654310622973772e-05,0.9999834568937702,99.99834568937702,-2.0936660519766366,3.3630199544555284,-0.04922027461703338,0.04019399314643607,1022.4511391970238,0.0,0,No decay recorded
72,3,proton,Proton,2212,0,11,10.997117818934383,9.450834166544354,1.5462836523900294,14.060808275852988,0.15795773500568838,0.9996795486169738,0.00031899336243944093,1.4580205867860713e-06,0.9999985419794133,99.99985419794133,-0.0875543220933091,0.056379146465378116,-0.001645423161625097,0.0011535922042415526,949.2691988189345,0.0,0,No decay recorded
76,3,proton,Proton,2212,0,18,19.47805453475769,18.239263607527185,1.2387909272305042,6.35993150660883,0.43941532620243523,0.9999065889985929,6.240589821403276e-05,3.100510319306824e-05,0.9999689948968069,99.99689948968069,-0.15555887600214213,0.2483777751288902,-0.001467386609398959,0.002080982403017424,957.7501355347578,0.0,0,No decay recorded
76,4,proton,Proton,2212,0,41,80.75476887864033,74.2555014235405,6.499267455099833,8.048153125008685,5.332269684873538,0.9998374855314773,0.00011708019112329762,4.543427739943299e-05,0.9999545657226007,99.99545657226007,-3.1025378155090975,1.9452019077590859,-0.022060968925799642,0.033181633779262386,1019.0268498786404,0.0,0,No decay recorded
80,8,proton,Proton,2212,2,3,3.4980851890176154,1.013476240294115,2.4846089487235004,71.0276855613475,0.02333386897579616,0.9997604261032471,0.00023957389675284153,4.0073431179986704e-17,1.0,100.0,-0.009056572756849658,0.006683264511184789,-7.609797913064572e-05,0.00013058874600967513,941.7700981890176,0.0,0,No decay recorded
83,3055,proton,Proton,2212,3051,22,23.363110190627022,21.97549848665388,1.3876117039731413,5.939327823441217,0.6050111293966242,0.9997688717067598,0.0002044785590960253,2.6649734144113863e-05,0.9999733502658558,99.99733502658557,-0.35148280356089834,0.21527077972016756,-0.004710539107581295,0.004024207917740737,961.6351231906272,0.0,0,No decay recorded
83,3056,proton,Proton,2212,3051,7,6.95137489025251,6.478716869974433,0.4726580202780768,6.799489708731669,0.07185538326172383,0.9995989760786067,0.00037802300849597536,2.300091289734629e-05,0.9999769990871027,99.99769990871027,-0.036767056407566626,0.025841626020571027,-0.0005742073550193896,0.0008669587778589428,945.2233878902524,0.0,0,No decay recorded
83,3058,proton,Proton,2212,3051,3,2.9658272718538683,0.5319806852389197,2.4338465866149486,82.06299165539768,0.0174598159149467,0.9994687565363272,0.0005312434636727851,1.5528169655702533e-17,1.0,100.0,-0.006496493286690877,0.005398681289759702,-0.00018066713595309993,0.00011058092898610157,941.2378402718538,0.0,0,No decay recorded
84,3,proton,Proton,2212,0,39,68.45754193277116,67.54570360872145,0.9118383240497059,1.331976431384548,4.157123219436572,0.9998509666305061,0.00013562789846788108,1.340547102599343e-05,0.999986594528974,99.9986594528974,-2.4646383782491426,1.476051679659831,-0.019279712160665895,0.029751645611855792,1006.7296229327712,0.0,0,No decay recorded
85,3,proton,Proton,2212,0,46,115.154992106691,108.41066054622107,6.744331560469935,5.8567426709745405,9.980174559937424,0.9998661952771422,0.0001115929650427222,2.2211757815069063e-05,0.9999777882421849,99.99777882421849,-5.8482266510208865,3.6109149862922356,-0.06514457397884721,0.04913799010044591,1053.427073106691,0.0,0,No decay recorded
86,3,proton,Proton,2212,0,24,28.029211884270815,25.247138510230496,2.782073374040319,9.92562111816472,0.8083293357010957,0.9999250209011158,6.533978216383043e-05,9.639316720264089e-06,0.9999903606832796,99.99903606832797,-0.29545021363504514,0.4535258267459579,-0.002557103965817055,0.003851205778566499,966.3012928842708,0.0,0,No decay recorded
88,5,proton,Proton,2212,3,39,77.35351070172044,73.34678133199834,4.006729369722095,5.179764090051805,4.938690099246951,0.9994005545605225,0.0005855978424411253,1.3847597036369295e-05,0.9999861524029636,99.99861524029636,-2.8931301303412025,1.7785104628765669,-0.058780548995323666,0.06095467896399508,1015.6255237017205,0.0,0,No decay recorded
92,10,proton,Proton,2212,4,43,90.63741997285321,86.82016700094796,3.8172529719052477,4.211564024051603,6.6466945573475735,0.9997785411902332,0.00013623023411717225,8.522857564951004e-05,0.9999147714243504,99.99147714243503,-3.902622448475206,2.392767384913913,-0.046002737427830655,0.03762403798119046,1028.9094329728528,0.0,0,No decay recorded
92,11,proton,Proton,2212,4,20,22.72820871628778,20.1125954278125,2.6156132884752803,11.508224520134954,0.5730195125207787,0.9999569653491265,3.0421495069145075e-05,1.2613155804325414e-05,0.9999873868441956,99.99873868441956,-0.20489685099458738,0.3228048313585852,-0.0016117363344699616,0.001875005223019499,961.0002217162878,0.0,0,No decay recorded
92,12,proton,Proton,2212,4,8,8.308766167350086,6.006014104810738,2.302752062539348,27.714729433452863,0.09986587179842364,0.999881161928812,0.00011194292752881082,6.895143659123563e-06,0.9999931048563409,99.99931048563408,-0.05361438147167561,0.03406210230296885,-0.0005629487044933393,0.00032719197248149903,946.5807791673502,0.0,0,No decay recorded
92,13,proton,Proton,2212,4,8,8.079096965896383,6.413478244811089,1.665618721085294,20.616397205235078,0.09213221156388289,0.9996994321485062,0.0002541768308364842,4.639102065731383e-05,0.9999536089793427,99.99536089793428,-0.048501834623004426,0.03303224023341877,-0.0005046492643172232,0.0006915703578623203,946.3511099658964,0.0,0,No decay recorded
97,9,proton,Proton,2212,6,38,68.65470421186978,64.37764800788541,4.277056203984379,6.229807925157318,3.992770884041394,0.9992135885508631,0.0007715178607137351,1.4893588423245375e-05,0.9999851064115768,99.99851064115768,-1.438703393553718,2.274386330462056,-0.04844724069150914,0.05480804884457865,1006.9267172118696,0.0,0,No decay recorded
97,71,proton,Proton,2212,8,49,133.69989839358004,119.73851234736567,13.961386046214376,10.442331081745062,13.102474906786796,0.9986317290201233,0.0013281797907118906,4.0091189164768234e-05,0.9999599088108352,99.99599088108351,-4.735323992830883,7.44095212120481,-0.28039283705138474,0.19623535582376694,1071.97191139358,0.0,0,No decay recorded
99,3,proton,Proton,2212,0,32,47.905464363967894,44.39959838347841,3.505865980489483,7.318300797281116,2.1569973032163805,0.9998967246919771,0.00010090265553338286,2.372652489562994e-06,0.9999976273475105,99.99976273475106,-1.2710344159906628,0.7693343739237082,-0.008417583284309464,0.013146865239255455,986.177545363968,0.0,0,No decay recorded
99,727,proton,Proton,2212,518,20,22.885204388281753,20.054648407490472,2.8305559807912823,12.3684977104275,0.576891758391251,0.9991932174767033,0.0007215752238041397,8.52072994925232e-05,0.9999147927005074,99.99147927005075,-0.3324613807298848,0.20605875684534453,-0.0061434208789718295,0.008047079438519303,961.1572173882818,0.0,0,No decay recorded
99,729,proton,Proton,2212,518,7,6.632281848008006,4.733328972348531,1.8989528756594751,28.631968893629306,0.06810439052789233,0.9992012390246132,0.0007779713477891472,2.0789627597635425e-05,0.9999792103724023,99.99792103724023,-0.024963194381425007,0.03405491777917015,-0.0008603998708507938,0.0006636403784703454,944.9042948480082,0.0,0,No decay recorded
100,3,proton,Proton,2212,0,20,22.80901848666531,21.659637869213448,1.1493806174518593,5.039149835069907,0.5749475881627014,0.999901448466374,6.816005059417764e-05,3.0391483031796094e-05,0.9999696085169681,99.99696085169681,-0.3334770389498715,0.20480426441788166,-0.002320934559750807,0.0020261960830672897,961.0810994866652,0.0,0,No decay recorded
100,4,proton,Proton,2212,0,34,48.13705417936625,43.79850527564736,4.338548903718895,9.01290903168436,2.1451180840586317,0.9996608119839501,0.00022047723882449692,0.0001187107772255735,0.9998812892227745,99.98812892227745,-0.7761634314784159,1.2139285197604501,-0.020008970616544764,0.010507494640694491,986.4091351793662,0.0,0,No decay recorded
103,3,proton,Proton,2212,0,10,38.84512862316593,28.991522156319835,9.853606466846092,25.36638908429237,4.150374463708399,0.9999113002524213,8.516737146971652e-05,3.532376108981076e-06,0.9999964676238909,99.99964676238909,-1.84452360583628,1.8514181960484513,-0.018553982667284485,0.01386221400483869,1026.8343950158724,0.0,0,No decay recorded
103,4,proton,Proton,2212,0,15,13.51118797210188,12.595306654651631,0.9158813174502483,6.778688294037319,0.22358262251733904,0.9998939888697359,9.481993300524522e-05,1.1191197258976147e-05,0.9999888088027411,99.99888088027411,-0.1245491701234614,0.08102992786903251,-0.0009569779531455408,0.0012625867223657714,951.7832689721018,0.0,0,No decay recorded
103,314,proton,Proton,2212,3,6,6.308797860593359,4.18260739138377,2.1261904692095888,33.7019907150681,0.06219456977536927,0.9997219243074468,0.00027036720006533223,7.70849248782141e-06,0.9999922915075121,99.9992291507512,-0.031231603060251717,0.02121647464211443,-0.00043640547430678206,0.0004450757505479744,944.5808108605931,0.0,0,No decay recorded
104,3,proton,Proton,2212,0,30,42.894004555022086,39.66941918795191,3.2245853670701763,7.517566616877318,1.7607274514957694,0.9993647781725236,0.000611593328078671,2.362849939774454e-05,0.9999763715006023,99.99763715006023,-1.0355942379443213,0.6261758231166991,-0.019723660139908387,0.02347644917708742,981.1660855550222,0.0,0,No decay recorded
104,4,proton,Proton,2212,0,16,15.886209114448777,14.468005361571784,1.4182037528769922,8.927263531909018,0.30176812270824377,0.9996643331280889,0.00029713396848849176,3.8532903422550246e-05,0.9999614670965774,99.99614670965774,-0.17183411761794842,0.10857498127550917,-0.0018450571171294524,0.002705511705539818,954.1582901144488,0.0,0,No decay recorded
107,220,proton,Proton,2212,6,9,7.919926056770237,6.006006072013296,1.913919984756941,24.16588199230539,0.09169313455568007,0.9997408752805915,0.0002547373405244069,4.387378884122435e-06,0.9999956126211159,99.9995612621116,-0.03399281129809987,0.047148570887760095,-0.0007995646425938668,0.0005543103529408366,946.19193905677,0.0,0,No decay recorded
108,3,proton,Proton,2212,0,26,29.487287038121625,29.038242490504953,0.44904454761667173,1.522841172319922,0.8818547672397689,0.9993328123961608,0.0006387901343361559,2.839746950291786e-05,0.999971602530497,99.9971602530497,-0.5074473074376362,0.31995970399638796,-0.008144805856278527,0.011498782997742778,967.7593680381216,0.0,0,No decay recorded
110,3,proton,Proton,2212,0,28,36.586317909707304,34.29486672711586,2.2914511825914463,6.263136914314803,1.2933058750596562,0.9998734882437987,0.00011540306201195662,1.1108694189196396e-05,0.9999888913058107,99.99888913058108,-0.47023855598827236,0.7288806146969442,-0.006138465855453536,0.008965529377368803,974.8583989097071,0.0,0,No decay recorded
110,4,proton,Proton,2212,0,7,6.962341840562885,6.643551381532544,0.3187904590303416,4.578782058258838,0.07056785249429626,0.9998161158470854,0.0001800994789128511,3.7846740017356727e-06,0.9999962153259983,99.99962153259983,-0.03573503892507256,0.025690963157254033,-0.0003608000369603853,0.0004907473570033828,945.234422840563,0.0,0,No decay recorded
114,3,proton,Proton,2212,0,7,6.970863278442721,6.157002428668403,0.8138608497743174,11.675180207466822,0.07457802734797939,0.9993432514479491,0.0006032126698668433,5.353588218407322e-05,0.999946464117816,99.9946464117816,-0.038893049132216057,0.025996326624842553,-0.0006928891023920263,0.0007325287970452494,945.2429442784428,0.0,0,No decay recorded
114,4,proton,Proton,2212,0,24,26.465039959595174,23.873175823209255,2.591864136385919,9.793539478281469,0.7424356924637731,0.9994160374878248,0.0005581754000235001,2.5787112151644673e-05,0.9999742128878483,99.99742128878482,-0.4303846442436157,0.265776042117175,-0.00989947035830606,0.0070365598281214225,964.7371209595952,0.0,0,No decay recorded
116,3,proton,Proton,2212,0,30,36.42924181581805,33.922630267514236,2.506611548303813,6.88076782101847,1.3299411538921646,0.9995388193259387,0.00041083277216253294,5.0347901898774553e-05,0.9999496520981013,99.99496520981013,-0.4778215881257216,0.7573200279811257,-0.011101781414718025,0.01425053542451851,974.701322815818,0.0,0,No decay recorded
117,3,proton,Proton,2212,0,29,39.14613158328609,37.18088159634621,1.9652499869398814,5.020291680057011,1.503801829199744,0.9997507592847837,0.00023459558010884804,1.4645135107496364e-05,0.9999853548648926,99.99853548648926,-0.8751853524325622,0.5444372751028957,-0.013090590424374358,0.010646935249494137,977.418212583286,0.0,0,No decay recorded
117,4,proton,Proton,2212,0,12,12.377034245987035,11.233386571377483,1.1436476746095523,9.240078454015375,0.19674291965793736,0.9993909097667467,0.0005871362336991225,2.1953999554197202e-05,0.9999780460004458,99.99780460004459,-0.1110419654918381,0.06858870624634325,-0.0019315023617483124,0.0021700090862170184,950.6491152459872,0.0,0,No decay recorded
118,3,proton,Proton,2212,0,9,8.849683842475201,7.463419266643626,1.3862645758315755,15.664566107752004,0.10902607248141703,0.9998392491810734,0.00015064360544990506,1.0107213476805144e-05,0.9999898927865233,99.99898927865233,-0.03994755932351468,0.056829996419491276,-0.0004639511652813548,0.0007721720560139617,947.1217648424752,0.0,0,No decay recorded
124,3,proton,Proton,2212,0,28,37.6696622404537,35.0463109559275,2.623351284526197,6.96409558381695,1.405010754274138,0.999917502481668,7.675749224263825e-05,5.740026089325916e-06,0.9999942599739107,99.99942599739107,-0.8228244344738787,0.5034543733039383,-0.007760036367665028,0.005688699430321218,975.9417432404535,0.0,0,No decay recorded
132,3,proton,Proton,2212,0,43,99.15609344872233,95.80576282874917,3.3503306199731626,3.3788449135561756,7.636624923938379,0.9999405574997583,4.7713678963453e-05,1.1728821278214461e-05,0.9999882711787218,99.99882711787218,-4.487967721338916,2.7447322683141495,-0.025472056102257775,0.02745354270859957,1037.4281744487228,0.0,0,No decay recorded
133,4,proton,Proton,2212,3,22,22.22357686795056,19.98384066529089,2.2397362026596683,10.078198554480556,0.5504005434188807,0.9998203854208071,0.00014671070371275813,3.290387548018309e-05,0.9999670961245198,99.99670961245198,-0.1987598805713165,0.3097857199005296,-0.0028654444333624765,0.0031549903144956802,960.4955898679508,0.0,0,No decay recorded
136,3,proton,Proton,2212,0,30,43.90387827231325,40.63419355434272,3.2696847179705273,7.447371044740853,1.8050126816596246,0.9995481859422312,0.0003664609589071862,8.535309886166567e-05,0.9999146469011383,99.99146469011383,-1.0578236034071298,0.643959027038663,-0.021438630769566817,0.019120703681285826,982.1759592723132,0.0,0,No decay recorded
136,4,proton,Proton,2212,0,28,35.53052797838586,33.02112697062471,2.5094010077611557,7.062661746224793,1.2909528778870274,0.9987667420177909,0.0012244679512860362,8.790030923043157e-06,0.999991209969077,99.99912099690769,-0.4645402798307527,0.7355335601624242,-0.01937859851824081,0.021752525264608785,973.802608978386,0.0,0,No decay recorded
136,7,proton,Proton,2212,5,39,74.81018697152786,67.99841733002089,6.8117696415069675,9.105403845734902,4.683675214803345,0.999670974518676,0.00030413865916032595,2.4886822163723612e-05,0.9999751131778364,99.99751131778363,-1.7026668897657526,2.656300021283894,-0.05678652771384235,0.03615837391894498,1013.082199971528,0.0,0,No decay recorded
136,171,proton,Proton,2212,8,14,12.886781444064582,10.111362519387034,2.7754189246775467,21.536944168133267,0.2098612420124619,0.9996785942183652,0.00031608851811527455,5.317263519550635e-06,0.9999946827364805,99.99946827364805,-0.11847354837644417,0.07233245738683913,-0.0017633077935652387,0.0015915065980478676,951.1587944440644,0.0,0,No decay recorded
136,388,proton,Proton,2212,385,48,118.71723887813415,111.10255738585032,7.614681492283841,6.414132912997142,10.544766775252741,0.9986354251503458,0.001307993386189942,5.6581463464368784e-05,0.9999434185365357,99.99434185365357,-6.168259998379071,3.789592763738979,-0.2798300702324338,0.1757312342891522,1057.042362888839,0.0,0,No decay recorded
136,389,proton,Proton,2212,385,14,14.65245635929784,12.26548813151321,2.3869682277846294,16.290567050690846,0.2662321649002053,0.9997967951604253,0.00016256790252796885,4.0636937046714374e-05,0.9999593630629533,99.99593630629533,-0.1505501633473204,0.09445540505672423,-0.0011999548046623316,0.001844538525629765,952.924469359298,0.0,0,No decay recorded
136,390,proton,Proton,2212,385,13,12.093036553370096,10.080882755408565,2.0121537979615307,16.638945802249992,0.18552988030289813,0.9999717189028452,2.5121114753992152e-05,3.159982400829051e-06,0.9999968400175991,99.99968400175992,-0.06893533758890924,0.09948971279822363,-0.000427502420617729,0.0005099985710852647,950.36504955337,0.0,0,No decay recorded
137,3,proton,Proton,2212,0,23,21.541046933103225,18.805624964075527,2.735421969027697,12.698649130298465,0.5271730525251227,0.8720670043868172,0.12790698979774492,2.6005815437806748e-05,0.9999739941845621,99.99739941845621,-0.1578084806928397,0.19302027146709502,-0.10481365349417204,0.07448306294153781,960.5545435103742,0.0,0,No decay recorded
140,8,proton,Proton,2212,2,20,20.890636706514446,18.860093981770007,2.0305427247444405,9.71986997462478,0.4866362894038819,0.9987940151457416,0.0010224225642932428,0.0001835622899651704,0.9998164377100348,99.98164377100348,-0.27929853386854053,0.1748048676809888,-0.006279056416539535,0.00832863189787645,959.1626497065146,0.0,0,No decay recorded
140,10,proton,Proton,2212,2,4,2.7659924400852556,0.0,2.7659924400852556,100.0,0.015105811526225902,0.99999909051974,8.997905522701798e-07,9.689707646565255e-09,0.9999999903102923,99.99999903102923,-0.006252576100766258,0.004109993538569863,-3.1000764973376346e-05,9.193634016930595e-07,941.0380054400852,0.0,0,No decay recorded
141,199,proton,Proton,2212,8,7,5.48841175579173,5.3898446411795335,0.098567114612196,1.7959132623054668,0.04729577195907805,0.9998278619844163,0.00016693025695272164,5.2077586309683065e-06,0.999994792241369,99.9994792241369,-0.022402406235833294,0.017078205623420037,-0.00021887736530480602,0.00033674801465867303,943.760424755792,0.0,0,No decay recorded
141,201,proton,Proton,2212,8,5,3.384008954185901,1.0710132468513893,2.3129957073345118,68.35075611940732,0.022126865947792985,0.9999355521626583,6.441786979223451e-05,2.996754956331193e-08,0.9999999700324506,99.99999700324506,-0.00875216322458037,0.007981761963322932,-0.00013155489306817788,5.726949926562013e-05,941.6560219541856,0.0,0,No decay recorded
148,3,proton,Proton,2212,0,3,3.4963197542593294,1.1096376089206617,2.3866821453386677,68.26269658062981,0.022328847700727454,0.9993967130517101,0.0006032869482898792,0.0,1.0,100.0,-0.008315141165040035,0.0067644093076339494,-0.00013318753125931095,0.00019591023793024076,941.7685077352894,0.0,0,No decay recorded
152,16,proton,Proton,2212,15,42,74.46711895531814,69.93419816384366,4.5329207914744885,6.0871440376179144,4.734984184583229,0.9984645878911086,0.0015236489842094859,1.1763124681836408e-05,0.9999882368753181,99.99882368753181,-2.7716941478372257,1.7019078676599857,-0.08889188817860144,0.07425489914672946,1012.739131955318,0.0,0,No decay recorded
152,20,proton,Proton,2212,15,8,6.2004941378228295,5.157435030542587,1.0430591072802429,16.822193265494978,0.060872270604284205,0.9997031190012288,0.00029535194699546237,1.5290517757715767e-06,0.9999984709482242,99.99984709482243,-0.030502615778000734,0.022005495593275637,-0.0004509883492590505,0.0004207689435140532,944.4725071378228,0.0,0,No decay recorded
152,21,proton,Proton,2212,15,6,5.992194944890002,3.9007915696237605,2.0914033752662418,34.90212508940049,0.05626556608619285,0.9998174500733876,0.00015369857074255057,2.8851355869816643e-05,0.9999711486441302,99.99711486441302,-0.02087069237203718,0.026534557950229614,-0.0003911971184087266,0.00022810112010160897,944.26420794489,0.0,0,No decay recorded
152,22,proton,Proton,2212,15,5,5.062125749945608,4.615074465714525,0.4470512842310834,8.83129551327102,0.041657292333976935,0.999934713438904,6.32127206394183e-05,2.073840456490764e-06,0.9999979261595435,99.99979261595435,-0.019515633117883676,0.01483335317538003,-0.00012152659767487268,0.00011265764914460764,943.3341387499456,0.0,0,No decay recorded
156,3,proton,Proton,2212,0,9,8.681971450782612,8.539608319956693,0.1423631308259192,1.6397558046921046,0.10576731168742654,0.999920082331576,7.22100516943883e-05,7.707616729462395e-06,0.9999922923832705,99.99922923832705,-0.05688556027869565,0.03697620061789302,-0.00037698912368043606,0.00037462167193626634,946.9540524507826,0.0,0,No decay recorded
156,4,proton,Proton,2212,0,22,26.59755845068355,25.05982152428664,1.5377369263969094,5.781496558220328,0.755697336609783,0.9989890364770602,0.000965310164811408,4.5653358128378425e-05,0.9999543466418715,99.99543466418716,-0.4404783497677444,0.266442040873431,-0.008268500878054781,0.012478412191953692,964.8696394506836,0.0,0,No decay recorded
160,3,proton,Proton,2212,0,6,6.321006779762911,4.120184227984802,2.200822551778109,34.81759517841647,0.0621931727397202,0.9994293874616149,0.0005584943634955768,1.2118174889411218e-05,0.9999878818251104,99.99878818251105,-0.03127646143296706,0.021137077825661623,-0.0006697468392169227,0.0005618137814873052,944.5930877797628,0.0,0,No decay recorded
160,18,proton,Proton,2212,5,34,55.95706958230765,52.631109895388626,3.3259596869190298,5.943770307747892,2.8184323438438335,0.9989502424536212,0.0010397819942244643,9.975552154404503e-06,0.9999900244478457,99.99900244478457,-1.6523527327235665,1.0087601625557492,-0.03816532353046174,0.04085499475586521,994.2290825823076,0.0,0,No decay recorded
160,21,proton,Proton,2212,5,6,5.891039698523059,4.3843900958693816,1.5066496026536778,25.575274989768094,0.05548384815469439,0.9998358370119416,0.0001529439850802794,1.1219002978214618e-05,0.9999887809970218,99.99887809970218,-0.027347257712441005,0.019945545038154235,-0.0002498058436689869,0.0002872923738096988,944.163052698523,0.0,0,No decay recorded
160,22,proton,Proton,2212,5,6,5.3316609017369965,4.045335975303464,1.286324926433532,24.126157873514828,0.04604308923273566,0.9982065463866924,0.0017157424634837296,7.771114982392128e-05,0.9999222888501761,99.99222888501761,-0.02160890670874884,0.01707791734235101,-0.0007277094265748531,0.0006615105517866612,943.6036739017368,0.0,0,No decay recorded
161,5,proton,Proton,2212,2,16,16.810793525869027,14.360053742598309,2.450739783270718,14.578370613495641,0.34057974454426376,0.9998815828035564,0.00011019682088878639,8.220375554872097e-06,0.9999917796244452,99.99917796244452,-0.19463372777379495,0.12158083611566319,-0.0014441979809240032,0.001886439111040061,955.082806525869,0.0,0,No decay recorded
162,6,proton,Proton,2212,3,26,27.320261467567896,25.52258805640217,1.7976734111657249,6.580000756214422,0.7933559985644738,0.999788398861115,0.00018416546265661758,2.74356762282758e-05,0.9999725643237717,99.99725643237717,-0.28635006433589294,0.4486769250347564,-0.005708479181505651,0.005885533428245515,965.592274467568,0.0,0,No decay recorded
164,3,proton,Proton,2212,0,6,4.910159891010381,4.745614054193836,0.1645458368165454,3.351129911630764,0.03922611012306145,0.9992981686898443,0.0006238542954238831,7.797701473183386e-05,0.9999220229852682,99.99220229852682,-0.017789046283229058,0.014227594365328621,-0.0003216655874932097,0.0004886924112299525,943.1822408910105,0.0,0,No decay recorded
164,4,proton,Proton,2212,0,24,26.00420324526825,23.443092768447624,2.5611104768206268,9.848832716251936,0.7300369187261517,0.9977964265166249,0.002188416229714197,1.515725366075051e-05,0.9999848427463391,99.99848427463391,-0.25581552748442205,0.412719881015228,-0.010901368975282578,0.02232601532870261,964.303493795078,0.0,0,No decay recorded
167,3,proton,Proton,2212,2,12,12.707607003156683,10.729333940202865,1.9782730629538179,15.567628605939712,0.2041794226919528,0.9999041228599718,7.588609606009991e-05,1.9991043968226574e-05,0.9999800089560319,99.99800089560318,-0.07167002108015323,0.11154723344798848,-0.0011212083228149207,0.000726406936705896,950.9796200031568,0.0,0,No decay recorded
167,268,proton,Proton,2212,168,9,9.632521549951433,7.1962893274497,2.436232222501732,25.291739134640352,0.12495238260809154,0.9997569226054839,0.00024108949017332743,1.9879043429468582e-06,0.9999980120956572,99.99980120956572,-0.06757273938289593,0.043190496729480256,-0.0009866877056008418,0.0006748722959992816,947.9045345499516,0.0,0,No decay recorded
170,3,proton,Proton,2212,0,35,58.22280217781997,52.856924990402234,5.365877187417738,9.216109473792852,3.0482169966774477,0.9998600950988479,0.0001163013719314095,2.3603529220825306e-05,0.9999763964707793,99.99763964707793,-1.0910866933569612,1.745717453386954,-0.012406316811600815,0.019785973656382037,996.49488317782,0.0,0,No decay recorded
170,4,proton,Proton,2212,0,43,97.5712335983992,91.49344283026137,6.0777907681378265,6.229080584502872,7.425736435482397,0.9996228287332244,0.0003066719806726503,7.04992861030805e-05,0.9999295007138971,99.99295007138971,-2.7019417226573266,4.217278784140007,-0.060318058268702915,0.06879305087763248,1035.8433145983993,0.0,0,No decay recorded
171,3,proton,Proton,2212,0,37,56.40504362920728,52.889085280172004,3.5159583490352713,6.233411274616339,2.8624937696861363,0.9998591070608366,0.00013764595291894746,3.246986244486166e-06,0.9999967530137556,99.99967530137556,-1.0332386433533223,1.628272185256669,-0.014756633153396917,0.022423281018288974,994.6771246292074,0.0,0,No decay recorded
175,20,proton,Proton,2212,10,30,43.528027321608654,39.21150258236814,4.316524739240517,9.916656014176093,1.7556804388141642,0.9990413101239128,0.0009476808444227204,1.1009031664432514e-05,0.9999889909683356,99.99889909683355,-1.0238477239890713,0.628720115554711,-0.02135083096305358,0.02495928722218246,981.8000403216088,0.0,0,No decay recorded
175,21,proton,Proton,2212,10,4,4.617975692242907,1.966042171081937,2.65193352116097,57.426320489637554,0.036750087965885025,0.9997676695335114,0.00023232179079440724,8.675694369083815e-09,0.9999999913243057,99.99999913243057,-0.01673454642196544,0.0110985221877209,-0.00015466197597171667,0.0001739673670620953,942.8899886922428,0.0,0,No decay recorded
175,330,proton,Proton,2212,19,6,4.8655684384391416,2.904984850557412,1.9605835878817295,40.29505725153623,0.041312198228775424,0.9999589699244031,3.9809598257515946e-05,1.2204773393161915e-06,0.9999987795226607,99.99987795226608,-0.01599117754140928,0.018445530160980685,-8.088224055182472e-05,0.00011202787147931981,943.1375814384388,0.0,0,No decay recorded
176,234,proton,Proton,2212,9,35,50.39210330181345,45.18010853514682,5.2119947666666295,10.342879985481904,2.3314978866386373,0.9992238451139381,0.0007348758648066389,4.127902125514139e-05,0.9999587209787448,99.99587209787448,-0.834850267771345,1.3297214336511711,-0.0329634505721596,0.024297011079032548,988.6641163018134,0.0,0,No decay recorded
176,1100,proton,Proton,2212,8,24,28.763081497903503,25.554356854639053,3.208724643264451,11.155705425715011,0.8875353782923434,0.9991713002049905,0.0007972544913674357,3.144530364215421e-05,0.9999685546963579,99.99685546963579,-0.31431023528532065,0.5070620722776454,-0.016011139539026546,0.009597509963155507,967.0350944979034,0.0,0,No decay recorded
176,1101,proton,Proton,2212,8,9,9.430869806823695,7.069256405320772,2.361613401502923,25.041310609485674,0.12257528686893752,0.9997913245755918,0.000191446126305121,1.7229298103117817e-05,0.999982770701897,99.9982770701897,-0.06609383646672039,0.04262457001494307,-0.0009649259457828082,0.0007801346155173237,947.7028828068236,0.0,0,No decay recorded
176,1103,proton,Proton,2212,8,3,2.884316134100345,2.4841435500206237,0.4001725840797216,13.874088881888134,0.01662749002830159,0.9996481237888649,0.0003518762111350372,0.0,1.0,100.0,-0.005165599695837377,0.00611564443187021,-7.677550502993085e-05,0.00016044537409359077,941.1563291341004,0.0,0,No decay recorded
176,1497,proton,Proton,2212,1099,3,9.743497501529367,4.309184031276548,5.434313470252819,55.77374520186242,0.9732368199288548,0.9999934883543075,6.511645692428315e-06,1.3828960184689732e-16,0.9999999999999999,99.99999999999999,-0.2722867305137445,0.38814898164207723,-0.0009975779614081193,0.0007545383423772169,1007.8042615528208,0.0,0,No decay recorded
176,1622,proton,Proton,2212,1497,26,30.779038629674005,28.94003833599087,1.8390002936831364,5.974846439518616,0.9800309587025066,0.9998186830986987,0.000162608771004429,1.8708130297004154e-05,0.9999812918697031,99.9981291869703,-0.5701746998440287,0.35243938025442473,-0.008647253062459307,0.004643661896480042,969.051051629674,0.0,0,No decay recorded
177,3,proton,Proton,2212,0,37,63.19023249295605,62.38203335310062,0.8081991398554318,1.2789937747823978,3.6020098446786113,0.9998747199070824,0.000122021993275516,3.258099641869366e-06,0.9999967419003579,99.99967419003579,-2.134893606028054,1.2811328985910262,-0.016972612178848157,0.018062322681139265,1001.462313492956,0.0,0,No decay recorded
184,3,proton,Proton,2212,0,16,17.505979405869986,14.802723966301265,2.7032554395687214,15.441897747590655,0.3603596177011976,0.9997141144469358,0.00021866315738117164,6.722239568285423e-05,0.999932777604317,99.9932777604317,-0.1269377340302101,0.20128905389456322,-0.002270814045364328,0.0027104803544121337,955.77806040587,0.0,0,No decay recorded
184,4,proton,Proton,2212,0,38,69.27231545256141,64.88118460820255,4.391130844358863,6.338940478127899,4.1757663935726494,0.9996036810986315,0.00036973003857878245,2.6588862789767643e-05,0.9999734111372103,99.99734111372103,-2.4694199485445294,1.4855620300536907,-0.03926073980595148,0.033906649844820995,1007.5443964525614,0.0,0,No decay recorded
184,243,proton,Proton,2212,235,50,114.39374597557116,107.85245786693741,6.541288108633755,5.718221789878837,9.906697024714747,0.9993743684847147,0.0005220956298713451,0.00010353588541388451,0.9998964641145861,99.98964641145861,-5.8031966214262845,3.5725495486241985,-0.1292374288995484,0.08498939838105443,1052.6657589755712,0.0,0,No decay recorded
184,244,proton,Proton,2212,235,23,26.6580514586368,23.65918259250273,2.998868866134068,11.24939259265508,0.7486759244276795,0.9987726260139113,0.0011879936046252518,3.938038146354947e-05,0.9999606196185366,99.99606196185366,-0.26968193439473753,0.42116877464667724,-0.012765284411253646,0.010988572260445459,964.9300644586366,0.0,0,No decay recorded
184,246,proton,Proton,2212,235,6,5.535037837198388,3.1198414030137185,2.4151964341846694,43.634686974554526,0.049714286889397316,0.9995324488726272,0.00044781750706398177,1.9733620308826185e-05,0.9999802663796912,99.99802663796912,-0.023886069558382607,0.016351763469315585,-0.0004663400129654042,0.0004113375547312018,943.8070508371984,0.0,0,No decay recorded
192,8,proton,Proton,2212,2,6,6.039871194244142,4.572883502087305,1.4669876921568372,24.28839365903767,0.056680509734896675,0.9991746840275696,0.0007643942809771355,6.0921691453362633e-05,0.9999390783085468,99.99390783085468,-0.02042112062719289,0.027371973460754484,-0.000597148212272871,0.0009716293353012342,944.311884194244,0.0,0,No decay recorded
192,12,proton,Proton,2212,2,3,3.180184993766943,1.1534614535438892,2.026723540223054,63.729737238411126,0.019014094189795362,0.9996135810479099,0.00038641895209002886,0.0,0.9999999999999999,99.99999999999999,-0.006475562710132856,0.0065421817971262584,-0.00014453937468976354,0.00010707487791947624,941.4521979937672,0.0,0,No decay recorded
195,3,proton,Proton,2212,0,35,54.42942011256652,51.4534139749049,2.9760061376616207,5.467642557107692,2.712590307970711,0.9993357921347998,0.000629132436042983,3.5075429157044915e-05,0.9999649245708429,99.99649245708429,-1.5966466558216221,0.9684218161231452,-0.03541201697003255,0.028183341128642982,992.7015011125663,0.0,0,No decay recorded
195,5,proton,Proton,2212,4,30,44.54150867878708,41.491412753660796,3.0500959251262856,6.847760696931434,1.863831208565791,0.9995913718234957,0.00037025045877232327,3.8377717732018135e-05,0.999961622282268,99.99616222822681,-1.089835851431503,0.6686627329717499,-0.01773921362923349,0.015612539615384113,982.8135216787872,0.0,0,No decay recorded
196,3,proton,Proton,2212,0,19,20.075683340502906,19.076289470705248,0.9993938697976585,4.978131268794078,0.4439977353277699,0.9974378481560151,0.002531928370792087,3.0223473192766944e-05,0.9999697765268072,99.99697765268071,-0.2503498556468517,0.16107770744849834,-0.008427121099860017,0.010868077131902902,958.347764340503,0.0,0,No decay recorded
196,4,proton,Proton,2212,0,19,20.961653975967806,19.12515636999259,1.8364976059752136,8.761224701451173,0.48942149314496136,0.99928359583572,0.0006170348948964972,9.936926938352687e-05,0.9999006307306165,99.99006307306165,-0.2816359376658431,0.17527287377893003,-0.007221947565819738,0.0037153791887941387,959.233734975968,0.0,0,No decay recorded
198,5,proton,Proton,2212,3,20,20.96035146513521,18.30007283411433,2.660278631020879,12.691956217651706,0.49189043985445535,0.9971277048513345,0.0028618475827784304,1.0447565887145506e-05,0.9999895524341129,99.99895524341129,-0.17685849490785635,0.2740732305269519,-0.013953205196804621,0.010469683423060832,959.2323644651352,0.0,0,No decay recorded
201,16,proton,Proton,2212,6,25,32.04990258302439,29.359958468121338,2.689944114903052,8.392986867697417,1.0361241763057185,0.9996072215687805,0.0003835419836268805,9.23644759278944e-06,0.9999907635524073,99.99907635524073,-0.6006605486209371,0.37383230341970847,-0.011779704297781598,0.008550677541990579,970.3219155830244,0.0,0,No decay recorded
201,17,proton,Proton,2212,6,12,9.666559785422917,7.6501089088947385,2.016450876528179,20.860067296836753,0.12765127303123333,0.9995025567868898,0.0004631623191297723,3.428089398041458e-05,0.9999657191060196,99.99657191060196,-0.04670351327579011,0.06766903259601265,-0.0016529573167594661,0.0011533881192548304,947.9385727854228,0.0,0,No decay recorded
202,3,proton,Proton,2212,0,14,14.562510952949994,12.933989673171528,1.6285212797784663,11.182970334168706,0.25374813933088974,0.9990728934509755,0.000925384197815599,1.7223512089408188e-06,0.9999982776487911,99.99982776487911,-0.14181484892802032,0.09201988720946648,-0.00411445281993559,0.002609908779930298,952.83459195295,0.0,0,No decay recorded
202,4,proton,Proton,2212,0,15,14.732599679108828,13.17740713326102,1.555192545847808,10.556131163009253,0.27027255532481936,0.99961472644768,0.00028813496930776286,9.71385830122029e-05,0.9999028614169878,99.99028614169877,-0.09889525143995945,0.14837882912549663,-0.001630544010406224,0.002657555987005462,953.0046806791088,0.0,0,No decay recorded
202,9,proton,Proton,2212,5,16,15.232879206505341,13.03181966573035,2.201059540774992,14.449399295669657,0.28628569007487714,0.9998491395647203,0.00013917847284574615,1.1681962434048436e-05,0.999988318037566,99.9988318037566,-0.10309007515325658,0.15927030555558827,-0.0024575745907914007,0.001407625124528091,953.5048922065056,0.0,0,No decay recorded
204,1029,proton,Proton,2212,183,8,5.15627853568526,4.147706149821621,1.008572385863639,19.56008347655334,0.04442774953113902,0.9997914510831092,0.00018668087319766906,2.1868043693110278e-05,0.9999781319563068,99.99781319563068,-0.017110775282277016,0.020131338996573878,-0.0002390234638262903,0.0002828033225057963,943.4282915356852,0.0,0,No decay recorded
204,1030,proton,Proton,2212,183,5,4.5699443082916105,2.4698835243728086,2.100060783918802,45.953750029480574,0.035819476952151055,0.9994788858253653,0.0005159277724239466,5.186402210853448e-06,0.9999948135977892,99.99948135977891,-0.01367824470338556,0.015322837317156904,-0.00042678736649618635,0.0002218538881672038,942.8419573082916,0.0,0,No decay recorded
206,3,proton,Proton,2212,0,7,7.5695327036405615,5.64568551696591,1.9238471866746516,25.415666488228247,0.08264036046896614,0.9998043035011434,0.0001802299362991652,1.546656255748919e-05,0.9999845334374425,99.99845334374426,-0.028571797889685738,0.04159108182711645,-0.00047266535435032435,0.0004435145953847388,945.8416137036404,0.0,0,No decay recorded
210,3,proton,Proton,2212,0,33,53.9417880880461,49.02515996378885,4.916628124257247,9.114692520448369,2.6487786954518393,0.9993541598350175,0.0005818794597650999,6.39607052173725e-05,0.9999360392947826,99.99360392947825,-0.9337304999538854,1.5274416083146336,-0.0325673469204324,0.023848171781967666,992.213869088046,0.0,0,No decay recorded
210,4,proton,Proton,2212,0,26,33.70483744911815,30.392384013821914,3.3124534352962374,9.82782794991021,1.1419729824851108,0.9998917682772676,0.00010073131547950035,7.500407252904455e-06,0.999992499592747,99.9992499592747,-0.4135593629467336,0.6446885768132622,-0.0046593800871889985,0.00537947532222383,971.976918449118,0.0,0,No decay recorded
210,7,proton,Proton,2212,5,17,16.95950870302261,14.616244463604914,2.3432642394176963,13.816816751301692,0.34753526992716,0.9991261253119014,0.0006830274499731443,0.00019084723812547015,0.9998091527618745,99.98091527618746,-0.1993292369554272,0.1226375728135881,-0.003674238057612994,0.0044826094640756636,955.2315217030228,0.0,0,No decay recorded
212,3,proton,Proton,2212,0,4,4.289547604326003,2.1144807032843302,2.175066901041673,50.70620731305373,0.031711727264355734,0.9999625256176619,2.485162035882219e-05,1.2622761979281332e-05,0.9999873772380207,99.99873772380207,-0.013697967102557348,0.010769294720551398,-7.0580287087903e-05,5.433539695739191e-05,942.561628604326,0.0,0,No decay recorded
212,4,proton,Proton,2212,0,4,1.3899051528054542,0.025648465751193283,1.364256687054261,98.15466071915604,0.005384171857036184,0.9999128272932847,8.716960293144009e-05,3.103783960425492e-09,0.9999999968962161,99.9999996896216,-0.0025950275760091433,0.00014931885478656432,-4.559533376266404e-05,1.3612729968111652e-05,939.6619861528056,0.0,0,No decay recorded
212,413,proton,Proton,2212,257,9,9.589657089627849,7.326672050624472,2.2629850390033774,23.598185189030552,0.12267514579585324,0.9977303022802118,0.0022624199159353626,7.27780385290037e-06,0.9999927221961471,99.99927221961471,-0.06579320368321229,0.04272539619578956,-0.0027913851354110755,0.002270431605967425,947.861670089628,0.0,0,No decay recorded
213,602,proton,Proton,2212,215,5,4.0600022549101595,4.00959770827087,0.0504045466392899,1.2414906070145832,0.03045943408104716,0.9998796576173967,0.00011057514586820685,9.767236735062477e-06,0.9999902327632649,99.9990232763265,-0.013227184122368375,0.010769267999409866,-0.00012674026377291323,0.00011717979691562022,942.33201525491,0.0,0,No decay recorded
216,1066,proton,Proton,2212,863,13,11.361444528795573,9.089883486409464,2.271561042386109,19.99359356663529,0.16587180342437266,0.9997152238245207,0.00021458065031673248,7.019552516258437e-05,0.9999298044748375,99.99298044748375,-0.09044292860486497,0.059970754397805213,-0.0010948134876758104,0.0012363691438605428,949.6334575287956,0.0,0,No decay recorded
217,3,proton,Proton,2212,0,8,4.494696901388124,2.3045211572083515,2.190175744179773,48.727996397340334,0.03410465426491485,0.9998980099714191,8.2303787587699e-05,1.9686240993230316e-05,0.9999803137590068,99.99803137590068,-0.013370372353914252,0.01423371050196476,-0.00022437344689874754,0.0001051474281642218,942.7667779013882,0.0,0,No decay recorded
218,3,proton,Proton,2212,0,31,45.24763272342398,43.33059223150724,1.9170404919167439,4.236775222329636,1.9424920811092274,0.9998971641648182,7.191180456499856e-05,3.0924030616770496e-05,0.9999690759693832,99.99690759693833,-1.1385159095286743,0.6972027307159492,-0.006956427111136264,0.008332243112216229,983.519713723424,0.0,0,No decay recorded
218,4,proton,Proton,2212,0,31,44.09512860385586,40.28808179614462,3.8070468077112465,8.633712902650073,1.8112086038827147,0.9993506599997443,0.0006367624116834521,1.2577588572243111e-05,0.9999874224114277,99.99874224114276,-1.0558477877327657,0.6525891176378761,-0.02190173685365638,0.021512008088619916,982.367209603856,0.0,0,No decay recorded
222,150,proton,Proton,2212,11,32,46.842681367626724,43.87966032829969,2.9630210393270304,6.325472737294653,2.09286667885168,0.9998334115647382,0.00012285371415166957,4.373472111011493e-05,0.9999562652788898,99.99562652788899,-0.7440195931510521,1.206181046526563,-0.01155328142748306,0.013724502743550736,985.1146943676266,0.0,0,No decay recorded
224,4,proton,Proton,2212,2,16,16.73297390374671,14.490726015818405,2.2422478879283063,13.40017561030344,0.3331480380711713,0.9997618001637191,0.00018975015786980114,4.844967841123188e-05,0.9999515503215889,99.99515503215889,-0.12055945142470671,0.1849072974375037,-0.0027805167186490945,0.002047237675744292,955.0049869037466,0.0,0,No decay recorded
224,930,proton,Proton,2212,844,4,4.215928045229931,2.3736164941504447,1.842311551079486,43.698837629924704,0.03063989847958114,0.9995222794131953,0.0004751242966202963,2.596290184391639e-06,0.9999974037098156,99.99974037098156,-0.01302901945103813,0.01066390430437446,-0.00023898828918859533,0.0002558195917294497,942.48794104523,0.0,0,No decay recorded
225,3,proton,Proton,2212,0,21,24.468617342851193,21.52213383711781,2.946483505733384,12.04188804151713,0.645957878935051,0.9991528478722724,0.0008416044476856646,5.5476800418095434e-06,0.9999944523199581,99.99944523199581,-0.37156030087944025,0.23290671807532567,-0.007573789150230579,0.009319292865795558,962.7406983428511,0.0,0,No decay recorded
228,3,proton,Proton,2212,0,29,40.756636405803654,36.469132066976655,4.287504338826995,10.51976982628641,1.593664492052717,0.9997304098846206,0.0002549274139730595,1.4662701406339942e-05,0.9999853372985936,99.99853372985936,-0.5719550002481515,0.9066070234625465,-0.017744868384192723,0.010715257585752461,979.028717405804,0.0,0,No decay recorded
229,3,proton,Proton,2212,0,21,21.22238123108639,19.977974827107467,1.244406403978923,5.8636511634996245,0.5127623582995627,0.9992477325492685,0.0007333868826210676,1.888056811047392e-05,0.9999811194318895,99.99811194318895,-0.2989057452479585,0.17976038777165326,-0.0052817122418915945,0.007346946692101965,959.4944622310863,0.0,0,No decay recorded
229,4,proton,Proton,2212,0,7,6.093940148153365,4.083980969812128,2.0099591783412376,32.98291629842002,0.05938422222931212,0.999493447756646,0.00041517897593372,9.13732674202872e-05,0.9999086267325796,99.99086267325796,-0.022132277216343425,0.02895304055246835,-0.0007522320121316755,0.00046030830597885096,944.3660211481532,0.0,0,No decay recorded
229,8,proton,Proton,2212,5,6,6.313086710070934,4.338198043903387,1.9748886661675467,31.28245748655901,0.06197901424082876,0.9998617727723867,0.00012227059739378337,1.5956630219522382e-05,0.9999840433697805,99.99840433697806,-0.021398332275912375,0.030337275976063033,-0.0002644995267137088,0.0003127526360859991,944.5850997100708,0.0,0,No decay recorded
229,12,proton,Proton,2212,5,3,2.0335598665908496,0.028279351598003988,2.0052805149928457,98.60936714661798,0.009179460719603471,0.9999983347987849,1.6652012150072904e-06,0.0,0.9999999999999999,99.99999999999999,-0.003932704461496756,0.0013843566813160246,-2.269551898023952e-05,1.1910072904082056e-06,940.305572866591,0.0,0,No decay recorded
230,3,proton,Proton,2212,0,5,7.858561544536769,5.336596872590629,2.52196467194614,32.09193766128098,0.3811847057532307,0.9998945748687593,0.00010199508764748233,3.430043593165441e-06,0.9999965699564068,99.99965699564069,-0.14754647359018536,0.1596027937381617,-0.0017335436272181276,0.0011088253900135316,967.894835705281,0.0,0,No decay recorded
231,3,proton,Proton,2212,0,35,52.44553553213609,49.539934916008846,2.905600616127244,5.540224895495313,2.5258306020732864,0.9997652464151795,0.0002065808605901673,2.817272423044624e-05,0.9999718272757697,99.99718272757697,-1.4919436312642127,0.8965338116899558,-0.013769668131968926,0.017320671905821258,990.717616532136,0.0,0,No decay recorded
231,4,proton,Proton,2212,0,33,50.87494420873076,46.25175596587578,4.623188242854982,9.087357863011842,2.376733615974931,0.9997652743684253,0.00022828152078594897,6.444110788583821e-06,0.9999935558892112,99.99935558892112,-1.3990122736394024,0.847571605829598,-0.014750537303540255,0.018073025289663276,989.1470252087308,0.0,0,No decay recorded
231,789,proton,Proton,2212,786,38,70.07114219577443,69.20718016458905,0.8639620311853786,1.2329783761359596,4.154930481734476,0.9994480255454703,0.0004599303536108682,9.204410091894146e-05,0.9999079558990812,99.99079558990812,-2.4204468724759667,1.5062224987733632,-0.03820355473148826,0.04754181433465766,1008.3431551957748,0.0,0,No decay recorded
231,791,proton,Proton,2212,786,24,28.634458464159714,26.057835783455587,2.576622680704127,8.998328653322197,0.8661275778356319,0.9998458234473968,0.00012006079473187468,3.411575787120196e-05,0.9999658842421287,99.99658842421287,-0.3126899597503778,0.4896665793104114,-0.0044146856465453405,0.004130753300766926,966.9064714641596,0.0,0,No decay recorded
231,793,proton,Proton,2212,786,3,3.505172832926974,1.2336120259118624,2.2715608070151116,64.80595723202208,0.02308802174998665,0.9998099930820377,0.00019000691796246494,0.0,1.0000000000000002,100.00000000000003,-0.006907356320907044,0.008566257666382523,-7.046342460209718e-05,0.00011275291515543617,941.777185832927,0.0,0,No decay recorded
231,1958,proton,Proton,2212,1067,8,7.5231204250872,6.416442420566754,1.1066780045204458,14.710358760575316,0.08391558363816184,0.9994360404897006,0.0005477135706025725,1.6245939696766124e-05,0.9999837540603032,99.99837540603032,-0.03102442240546447,0.04254320215121205,-0.0006768031510797076,0.001174638640485918,945.7951334250872,0.0,0,No decay recorded
237,3,proton,Proton,2212,0,16,16.686917703539052,14.695912664513221,1.9910050390258303,11.93153267966059,0.33254053522527544,0.9996488389285811,0.0002781472050962916,7.30138663225906e-05,0.9999269861336775,99.99269861336775,-0.11965845705911103,0.18456366931147974,-0.002327282690170427,0.002893767559542033,954.958998703539,0.0,0,No decay recorded
241,3,proton,Proton,2212,0,22,25.837783165876992,25.297207744468995,0.5405754214079985,2.0921896353783036,0.7073917406995599,0.9993939747806492,0.0005927057474475892,1.3319471903337978e-05,0.9999866805280968,99.99866805280968,-0.41034012287646476,0.2525464663369678,-0.005354161576614746,0.009559958863486966,964.109864165877,0.0,0,No decay recorded
241,4,proton,Proton,2212,0,7,6.291517912172935,5.2136320984525995,1.0778858137203355,17.132365015361774,0.06217889300754928,0.9999825066753933,1.623233430842293e-05,1.2609902981689062e-06,0.9999987390097018,99.99987390097019,-0.023323332752287797,0.03036151872167559,-8.53590815949867e-05,0.00016482086453009423,944.5635989121728,0.0,0,No decay recorded
242,11,proton,Proton,2212,2,9,9.317346489850365,7.067865435550891,2.2494810542994745,24.142936583392004,0.11994795876145425,0.9970254695563519,0.0029732366207145763,1.2938229336694265e-06,0.9999987061770664,99.99987061770665,-0.06411988114552569,0.04173340096013544,-0.002868708672122019,0.0024814437698251523,947.5893594898504,0.0,0,No decay recorded
242,12,proton,Proton,2212,2,6,5.8915856877869155,4.423136350528106,1.4684493372588103,24.924518034302082,0.05477476849975497,0.9995212921975465,0.0004650403326965898,1.3667469756981557e-05,0.999986332530243,99.99863325302431,-0.02024356981160364,0.025978155260738905,-0.0003804413482344771,0.0005546845277105996,944.163598687787,0.0,0,No decay recorded
243,16,proton,Proton,2212,8,30,38.946683129240114,35.61368821081183,3.3329949184282834,8.557840233449715,1.4718481515034207,0.999751339599438,0.00021888176025366095,2.9778640308413816e-05,0.9999702213596916,99.99702213596916,-0.5270234741722573,0.8378399929391662,-0.007420615106371532,0.013133700304541545,977.21869612924,0.0,0,No decay recorded
243,18,proton,Proton,2212,8,8,7.939835391275891,7.064822626782268,0.8750127644936225,11.020540368570694,0.09363738967997276,0.9997565919402563,0.00021975270146320795,2.36553582803682e-05,0.9999763446417196,99.99763446417195,-0.05051364330546956,0.032374849852627986,-0.0005764015736769339,0.0005898460670153436,946.2118483912758,0.0,0,No decay recorded
243,21,proton,Proton,2212,8,7,4.540992005555153,4.3138894835136945,0.2271025220414585,5.001165422965645,0.03608952773745889,0.9998358209908719,0.00015809613869746688,6.082870430603176e-06,0.9999939171295693,99.99939171295694,-0.015991697362676,0.013744389879977677,-0.00013111642022541013,0.00021765048712204594,942.8130050055552,0.0,0,No decay recorded
243,900,proton,Proton,2212,525,19,20.540612808112083,19.746016726644882,0.7945960814672024,3.8684146811500844,0.47861024887246484,0.9996631678514989,0.00033411998565016025,2.7121628508951556e-06,0.999997287837149,99.9997287837149,-0.27506008833735024,0.172495700821424,-0.0038714599302149227,0.004154308280897208,958.812625808112,0.0,0,No decay recorded
255,11,proton,Proton,2212,8,37,62.2087108956947,58.59796934495599,3.610741550738708,5.804237861145902,3.478026338729281,0.9994857578530583,0.0004845351668431604,2.9706980098466666e-05,0.9999702930199015,99.99702930199015,-1.2383669208103836,1.9998246351956104,-0.026378828211977658,0.044869621257704724,1000.4807238956948,0.0,0,No decay recorded
255,13,proton,Proton,2212,8,10,9.863467868771977,8.209558829175167,1.6539090395968101,16.768027853906574,0.13188875769444805,0.9996360809364262,0.00034416662853538533,1.9752435038348078e-05,0.9999802475649616,99.99802475649616,-0.04840015239267867,0.06964876562909607,-0.0010243437421865321,0.0011609477304611291,948.135480868772,0.0,0,No decay recorded
256,3,proton,Proton,2212,0,4,3.3494545566995835,1.0232011160519794,2.326253440647604,69.45170926396446,0.0214811759514439,0.999628832553349,0.00036973986389260134,1.4275827583647237e-06,0.9999985724172415,99.99985724172416,-0.008439989225755702,0.0076504678753644435,-0.0002085876908378554,0.0001384748449032952,941.6215355566998,0.0,0,No decay recorded
257,3,proton,Proton,2212,0,11,11.560163084727037,9.198208564087743,2.361954520639295,20.431844285655824,0.17349352074242352,0.9998042840774084,0.00018275436741080347,1.2961555180842708e-05,0.9999870384448192,99.99870384448192,-0.0967472425308721,0.060336250848731524,-0.0010521496520605896,0.0009084603166968484,949.832244084727,0.0,0,No decay recorded
257,4,proton,Proton,2212,0,25,31.393407032613144,28.736755185291635,2.656651847321509,8.46245150952121,0.9979658939726985,0.9995916037458558,0.00029275552324386497,0.00011564073090053157,0.9998843592690996,99.98843592690996,-0.5798305794541712,0.3585150167563952,-0.00750179090001338,0.011916891169484712,969.6654880326132,0.0,0,No decay recorded
260,12,proton,Proton,2212,5,53,149.17317212917646,146.14848062278568,3.024691506390778,2.027637720120041,15.863509649408515,0.999780099540772,0.00015965999312554253,6.024046610245378e-05,0.9999397595338975,99.99397595338975,-9.93840763447555,5.760230957698828,-0.08965111179395605,0.12803767632672772,1087.768210124946,0.0,0,No decay recorded
260,13,proton,Proton,2212,5,10,8.934712331979767,7.032617363518618,1.9020949684611492,21.288821595889925,0.11336449097001637,0.999746788401978,0.000247975462675945,5.236135346233134e-06,0.9999947638646539,99.99947638646539,-0.041901161089007294,0.05947155325755523,-0.0006048625737382254,0.0008630141359068947,947.2067253319798,0.0,0,No decay recorded
260,16,proton,Proton,2212,5,5,5.330261577130841,3.247550027303672,2.082711549827169,39.07334602044512,0.046062732166263304,0.999224558046063,0.0007489453763700429,2.6496577566815465e-05,0.9999735034224331,99.99735034224331,-0.022095821947754925,0.015504621737254448,-0.0005423835014297463,0.000436197905693956,943.6022745771309,0.0,0,No decay recorded
263,3,proton,Proton,2212,0,17,17.693269694356445,17.13520342163344,0.5580662727230032,3.1541161264331348,0.37001120677280147,0.9997227858647094,0.0002534741428927005,2.373999239788911e-05,0.9999762600076021,99.9976260007602,-0.21292000465325098,0.1317577850801444,-0.0024928971519044634,0.0036518585956113996,955.9653506943564,0.0,0,No decay recorded
264,3,proton,Proton,2212,0,9,6.816731260318193,5.495723824901126,1.3210074354170667,19.37889855079023,0.06923582130940589,0.9997221816520654,0.0002665904050865515,1.1227942848050572e-05,0.999988772057152,99.9988772057152,-0.026854233150649873,0.03341172862692309,-0.0004520216242903049,0.00048122728269788147,945.0888122603182,0.0,0,No decay recorded
264,147,proton,Proton,2212,55,13,13.550889470894163,11.345628639396258,2.205260831497904,16.273919407538262,0.22849749848705064,0.9990089830021359,0.0008990671681954327,9.194982966866291e-05,0.9999080501703314,99.99080501703314,-0.12770875058559428,0.0812228921790719,-0.003969890402574536,0.002530666014263817,951.822902470894,0.0,0,No decay recorded
267,3,proton,Proton,2212,0,3,2.8752566273112734,1.1440972087858627,1.7311594185254107,60.20886630019743,0.01590999441731317,0.9999980501547298,1.949845270195348e-06,0.0,1.0,100.0,-0.004800166805972251,0.0030919770499911485,-6.500406790750085e-05,1.031929910879812e-06,941.1473376273112,0.0,0,No decay recorded
267,4,proton,Proton,2212,0,38,62.61509704137768,56.38675752305043,6.228339518327254,9.947025258479446,3.4366068425507597,0.9993782468867874,0.0005612006840343043,6.0552429178154575e-05,0.9999394475708218,99.99394475708218,-1.2293011820529767,1.968122826864887,-0.035120378471496703,0.03226237034147069,1000.8871780413778,0.0,0,No decay recorded
268,356,proton,Proton,2212,351,38,63.670448970899635,61.90781708640967,1.7626318844899624,2.7683672928010408,3.569379418575337,0.9992449845093266,0.0007231131761065717,3.1902314566813855e-05,0.9999680976854333,99.99680976854333,-2.0997939362842057,1.2596260240330253,-0.035190958734310954,0.07030370068528513,1001.9965385410944,0.0,0,No decay recorded
268,357,proton,Proton,2212,351,32,50.26269899454314,46.17361625816251,4.089082736380634,8.135422128494477,2.3402430360967985,0.9994316377719332,0.0005614778822494685,6.884345817317018e-06,0.9999931156541827,99.99931156541827,-1.3866398369331452,0.8223535950900331,-0.025730104474378325,0.030902372856196323,988.5347119945428,0.0,0,No decay recorded
268,358,proton,Proton,2212,351,17,18.589286269238073,16.091378253951465,2.497908015286609,13.437352995204543,0.39402990544647265,0.9990234559266569,0.0009453371281456887,3.120694519736253e-05,0.9999687930548026,99.99687930548026,-0.14381530144514396,0.21656263996028918,-0.006255878948176164,0.004146184812060725,956.861299269238,0.0,0,No decay recorded
268,362,proton,Proton,2212,351,5,4.858319642748711,3.196115512016411,1.6622041307323001,34.213560509819985,0.040242181288970495,0.9999193614126551,7.92935338795623e-05,1.3450534652282334e-06,0.9999986549465347,99.99986549465348,-0.01854823560053699,0.014552360715647037,-0.00018071620538729792,0.00010670098308746102,943.1303326427488,0.0,0,No decay recorded
272,4,proton,Proton,2212,3,50,123.6800301085343,118.2488114646398,5.4312186438945,4.391346476167885,11.361419080216095,0.9981769161187243,0.0017982544284631725,2.4829452812517888e-05,0.9999751705471874,99.99751705471874,-6.679477385439718,4.038446705014207,-0.2538640942045155,0.19210584517122736,1061.9801856857712,0.0,0,No decay recorded
277,3,proton,Proton,2212,0,36,59.39936262778075,54.93064438590445,4.468718241876297,7.523175408259856,3.1710109703448173,0.9997589015627816,0.0002059692660324553,3.512917118600487e-05,0.999964870828814,99.9964870828814,-1.8812452047587611,1.120313805498782,-0.017714213119227516,0.02927312096283663,997.6714436277808,0.0,0,No decay recorded
278,3,proton,Proton,2212,0,27,35.47348456498672,31.630870843242608,3.8426137217441108,10.83235483873742,1.2587873034871655,0.999433736081424,0.0004895128084022162,7.675111017373474e-05,0.9999232488898263,99.99232488898264,-0.45040737600290237,0.7183243820132733,-0.016057464110522474,0.009642777251683216,973.7455655649868,0.0,0,No decay recorded
290,22,proton,Proton,2212,6,28,35.77976006977429,32.43154707769518,3.3482129920791115,9.357840817126062,1.3023337029445372,0.999860731093603,0.00012197648826466814,1.7292418132399557e-05,0.9999827075818676,99.99827075818676,-0.46454773864140914,0.7433755709295307,-0.006394244141630414,0.007433845187961231,974.0517730697744,0.0,0,No decay recorded
290,23,proton,Proton,2212,6,5,5.394508307155546,4.438585533862943,0.9559227732926032,17.72029476763655,0.0473339092678687,0.9992816087026622,0.0007170140448954816,1.377252442310642e-06,0.9999986227475577,99.99986227475577,-0.016102375737733793,0.021920763897906974,-0.0004548442225200164,0.0004579481124780546,943.6665213071556,0.0,0,No decay recorded
290,25,proton,Proton,2212,6,3,3.4871584077394573,1.0948708193209806,2.3922875884184767,68.60277936066781,0.022317435140821677,0.9999023386715048,9.766132849523394e-05,7.543755725755362e-17,1.0,100.0,-0.00832208375656728,0.006818134439162376,-5.480932797865179e-05,7.66097818877965e-05,941.7591714077394,0.0,0,No decay recorded
299,3,proton,Proton,2212,0,31,42.956051823712755,38.7123705843707,4.243681239342056,9.879123101810404,1.783288332993643,0.9996522518983695,0.0003431427459181154,4.605355712375278e-06,0.9999953946442875,99.99953946442875,-0.6384524974245144,1.0191542750386005,-0.019256903833998286,0.011236237208586837,981.2281328237128,0.0,0,No decay recorded
300,188,proton,Proton,2212,5,9,8.193485691734622,6.253123874658033,1.94036181707659,23.681762440056215,0.09671526328338098,0.9999370157308864,5.646232668616332e-05,6.521942427405731e-06,0.9999934780575727,99.99934780575727,-0.03617008422258563,0.04981325014202864,-0.0005144439248417898,0.00022383553865004108,946.4654986917348,0.0,0,No decay recorded
305,254,proton,Proton,2212,30,33,50.44157910120042,45.07374347736916,5.367835623831256,10.64168830452715,2.3645516261624873,0.9992984691666608,0.0006744496842934756,2.7081149045824863e-05,0.9999729188509542,99.99729188509542,-0.8446887801853618,1.3542085124409844,-0.02692278750716743,0.029793945700216904,988.7135921012004,0.0,0,No decay recorded
305,443,proton,Proton,2212,253,26,33.83943491340323,30.2135579252452,3.625876988158029,10.714945439948467,1.1440649135220395,0.9999373025438751,5.0878989249805265e-05,1.1818466875025127e-05,0.999988181533125,99.9988181533125,-0.41264696228557535,0.6496120779501343,-0.005766203667589178,0.0037509259050152607,972.1114479134034,0.0,0,No decay recorded
306,3,proton,Proton,2212,0,34,55.581958452825695,51.86298175339383,3.7189766994318605,6.690978157216757,2.7667926560508946,0.9987836261248004,0.0009814899015435877,0.0002348839736559074,0.999765116026344,99.9765116026344,-1.6169902199473185,0.9885430495157788,-0.06979678928622952,0.03966064695194846,993.8540394528256,0.0,0,No decay recorded
307,3,proton,Proton,2212,0,16,16.579605673016882,14.546339857339131,2.033265815677752,12.263656059003074,0.3298488425120002,0.9998873741758477,9.294368643169762e-05,1.9682137720493046e-05,0.9999803178622794,99.99803178622794,-0.18875489762962538,0.11807816564403253,-0.0011849000606318312,0.00164125781848361,954.8516866730168,0.0,0,No decay recorded
307,4,proton,Proton,2212,0,23,27.884633777519298,26.18654367078325,1.698090106736045,6.0896984349317576,0.8267646311487861,0.9993545560335083,0.0006078039258317588,3.764004065984983e-05,0.99996235995934,99.996235995934,-0.29429117000945926,0.4693801415095526,-0.009387764374505806,0.009915903495363644,966.1567147775193,0.0,0,No decay recorded
315,3,proton,Proton,2212,0,56,166.0582143488957,152.49449420928207,13.563720139613611,8.168051302247314,19.209203773690213,0.9998771186531894,0.00010003685173750686,2.284449507307298e-05,0.9999771555049269,99.9977155504927,-7.006679180877738,11.049898773259715,-0.07889379791051096,0.09958503388536014,1104.9878273956772,0.0,0,No decay recorded
318,3,proton,Proton,2212,0,21,22.637787271142425,20.623886509299165,2.0139007618432605,8.896190858770396,0.5513784462797683,0.9999042949472483,9.166640508446604e-05,4.038647667174859e-06,0.9999959613523328,99.99959613523328,-0.20054269165743416,0.308873245420451,-0.002600870939403047,0.0026370832129607603,960.9098682711424,0.0,0,No decay recorded
318,4,proton,Proton,2212,0,34,56.18242620211128,52.984742689272174,3.197683512839106,5.691608086371571,2.828276525675104,0.9989581647665311,0.0010209582206753861,2.0877012793494468e-05,0.9999791229872065,99.99791229872065,-1.6590685780871173,1.0109622681243497,-0.04584390230768519,0.036276835155506275,994.4545072021112,0.0,0,No decay recorded
320,156,proton,Proton,2212,4,18,17.483852730293282,14.964028483366844,2.5198242469264382,14.412293936567433,0.35397699296807666,0.9995264300020639,0.00045027575336356476,2.329424457261314e-05,0.9999767057554274,99.99767057554274,-0.2012140785828557,0.12713297907172807,-0.004548303392147973,0.0029912713603782912,955.7558657302932,0.0,0,No decay recorded
323,12,proton,Proton,2212,7,34,53.76924650766102,48.41939672022906,5.349849787431966,9.94964619165664,2.5856889489191652,0.9998148152445914,0.0001319526023742879,5.32321530342805e-05,0.9999467678469657,99.99467678469657,-0.9224201156534301,1.4784202826533368,-0.01484329992229358,0.013644853917941194,992.0412595076612,0.0,0,No decay recorded
323,13,proton,Proton,2212,7,7,4.849078433923523,4.790317805627349,0.0587606282961744,1.2117896028468558,0.039753956042843576,0.9997189123945945,0.00026061823492381776,2.0469370481557027e-05,0.9999795306295184,99.99795306295184,-0.01777899267683628,0.015162782171401316,-0.00021445610012869106,0.00025772474107788344,943.1210914339237,0.0,0,No decay recorded
325,4,proton,Proton,2212,0,17,18.311097856313044,15.871588921063427,2.439508935249616,13.322570576556426,0.3897745065285485,0.9992694081976569,0.0007101013818992981,2.049042044395963e-05,0.9999795095795562,99.99795095795562,-0.140221138680859,0.21690924772701356,-0.004479255273835752,0.004495480008139323,956.583178856313,0.0,0,No decay recorded
325,10,proton,Proton,2212,5,7,5.303348767450642,3.5284220217856523,1.7749267456649902,33.46803733819321,0.04447709059137562,0.9998168927119305,0.00017497409303947215,8.133195029985785e-06,0.99999186680497,99.999186680497,-0.016918783205161776,0.020245214009277653,-0.00018841610497408903,0.00027263496704172773,943.5753617674504,0.0,0,No decay recorded
326,3,proton,Proton,2212,0,13,11.559267928472648,9.433861001049523,2.125406927423125,18.38703748866179,0.1748643284668954,0.9990027013047006,0.0009796074337124216,1.7691261587059946e-05,0.999982308738413,99.9982308738413,-0.06482760255754699,0.09352267601134044,-0.003069465372128123,0.0015952919763182456,949.8313489284726,0.0,0,No decay recorded
326,55,proton,Proton,2212,6,3,2.288614398428418,0.14770901044393492,2.1409053879844833,93.54591972569229,0.011723264725665228,0.9999126288751224,8.737112487743904e-05,9.731312620867833e-18,0.9999999999999999,99.99999999999999,-0.004782771088749106,0.0026248819483237528,-9.719176167840042e-05,2.0362072564564528e-05,940.5606273984284,0.0,0,No decay recorded
327,9,proton,Proton,2212,5,50,144.1736567426463,129.14810793895248,15.025548803693836,10.421840676840727,14.792292009491582,0.999790544552801,0.0001881099245651327,2.134552263384572e-05,0.9999786544773661,99.99786544773661,-5.400880018178741,8.388158999460583,-0.13355921710012386,0.10554181322027852,1082.4518462558265,0.0,0,No decay recorded
335,3,proton,Proton,2212,0,30,39.541428611669524,36.767803872062785,2.7736247396067366,7.014477819823081,1.529476379282383,0.9999363867679519,5.968135477342209e-05,3.931877274617193e-06,0.9999960681227253,99.99960681227253,-0.8964749233119768,0.5480061500500095,-0.005125730146859304,0.006198186710536816,977.8135096116696,0.0,0,No decay recorded
335,4,proton,Proton,2212,0,16,16.687169982255796,14.96329870672677,1.7238712755290264,10.330519059625418,0.32709471869593504,0.9996108745346115,0.0003608206875550048,2.8304777833391923e-05,0.9999716952221666,99.99716952221665,-0.11933208028171202,0.17995168050383067,-0.00243705987446958,0.0031914805697878922,954.9592509822558,0.0,0,No decay recorded
335,7,proton,Proton,2212,5,13,13.562879152681488,10.837439948771728,2.725439203909759,20.094842497884517,0.23399398074604927,0.9992772537442127,0.0007003751280866688,2.2371127700563448e-05,0.9999776288722994,99.99776288722994,-0.0825833665338802,0.12851260300475614,-0.002518831490053912,0.0027136015677103695,951.8348921526816,0.0,0,No decay recorded
337,3,proton,Proton,2212,0,46,96.61150538822581,87.24625547947204,9.365249908753762,9.693721126816351,7.359162679650707,0.9987043880451849,0.001250676308255875,4.493564655930066e-05,0.9999550643534408,99.99550643534408,-2.673510479530313,4.152511538082866,-0.16032383242759832,0.09394925991776895,1034.9188520399005,0.0,0,No decay recorded
337,4,proton,Proton,2212,0,32,48.099004236272194,44.89782873141252,3.2011755048596804,6.655388309360519,2.1430915399976693,0.9998807360443882,9.788539663934766e-05,2.1378558972446662e-05,0.9999786214410276,99.99786214410275,-0.7752168124390191,1.2201039908276974,-0.011315710069218929,0.010961926738857883,986.3710852362722,0.0,0,No decay recorded
343,4,proton,Proton,2212,0,15,15.241903021077292,14.634942640882578,0.6069603801947132,3.982182404358413,0.28466444332167873,0.9997357111287383,0.00024863848522158625,1.565038604014551e-05,0.9999843496139599,99.99843496139599,-0.16171307662016052,0.10223958768621243,-0.0017080050273789668,0.001885838274862035,953.5139840210774,0.0,0,No decay recorded
344,3,proton,Proton,2212,0,14,13.008696874991873,11.336573054444564,1.6721238205473092,12.853891797277765,0.21558933137422504,0.9998423194149445,0.0001239980255023496,3.3682559553105335e-05,0.9999663174404468,99.99663174404468,-0.12112710535223074,0.07764700716988426,-0.0013724138819859203,0.000871677353008782,951.2807778749916,0.0,0,No decay recorded
349,92,proton,Proton,2212,11,8,6.567499862812042,4.205727617793264,2.361772245018778,35.96151190488986,0.06454487476035038,0.9994906397135385,0.0005019879003804195,7.372386081144579e-06,0.9999926276139189,99.99926276139189,-0.024610745072243936,0.031141684324657273,-0.0006244142441678316,0.0006079611908235037,944.839512862812,0.0,0,No decay recorded
349,1123,proton,Proton,2212,978,7,7.342123263172425,6.296456372019476,1.045666891152949,14.242023099747462,0.07851779473567727,0.9992807081931108,0.0007093779064698882,9.913900419302493e-06,0.9999900860995806,99.99900860995807,-0.028101826842756757,0.03897029195294625,-0.0008343237490846085,0.0008489827527077079,945.6141362631726,0.0,0,No decay recorded
350,350,proton,Proton,2212,3,25,56.02911543477205,50.47064994844952,5.5584654863225325,9.920673284220564,3.7351817478574514,0.9996465466221605,0.0003290768771243337,2.437650071531363e-05,0.9999756234992848,99.99756234992849,-2.0003185701483517,1.4922838424118492,-0.026029999084156097,0.03870803571533781,1007.0100830923516,0.0,0,No decay recorded
354,3,proton,Proton,2212,0,30,41.61578345651994,37.038462313617764,4.57732114290218,10.99900269253504,1.673021831626947,0.9999612566087595,3.040253373683339e-05,8.340857503740178e-06,0.9999916591424963,99.99916591424963,-0.6011244162952888,0.9542860606529869,-0.004530991303263966,0.004229159532128673,979.88786445652,0.0,0,No decay recorded
355,557,proton,Proton,2212,462,7,7.279847504926694,6.2091691175249615,1.0706783874017325,14.707428784423607,0.07790707424361114,0.9998083804005794,0.00019097409260879306,6.455068117936845e-07,0.9999993544931882,99.99993544931883,-0.040151823105875874,0.027310600550808726,-0.00038569517877152604,0.0005209211457130922,945.5518605049268,0.0,0,No decay recorded
355,558,proton,Proton,2212,462,6,4.754306873546852,4.588601936886565,0.1657049366602873,3.4853647664662954,0.03847274578301744,0.9997434011207451,0.0002531005637350977,3.4983155197606145e-06,0.9999965016844802,99.99965016844801,-0.017588578631365728,0.013807545895291163,-0.00021114754517824008,0.00033833363597862937,943.0263198735468,0.0,0,No decay recorded
356,3,proton,Proton,2212,0,29,34.94067176352905,31.934801773932456,3.0058699895965963,8.602782482087573,1.2340002179226726,0.9994593313781136,0.0004959957294775605,4.4672892408865414e-05,0.9999553271075912,99.99553271075912,-0.7316348812615481,0.43020176840310653,-0.014641264315063155,0.010888998829891127,973.212752763529,0.0,0,No decay recorded
358,3,proton,Proton,2212,0,12,10.545909192107164,9.270834879449964,1.2750743126572002,12.09070066345251,0.14501495503854867,0.9996795874401002,0.0002929457018870899,2.746685801272516e-05,0.9999725331419873,99.99725331419873,-0.05413623459767341,0.07643320746617785,-0.0009249917346661764,0.0016411240119869389,948.8179901921072,0.0,0,No decay recorded
358,4,proton,Proton,2212,0,19,20.157210205892397,18.811912603375397,1.3452976025170016,6.674026756558511,0.4603859888480619,0.9993468681713091,0.0005433098594956092,0.0001098219691953214,0.9998901780308047,99.98901780308047,-0.26326536978646875,0.16591067859696657,-0.0060334538252875365,0.0037904318965612262,958.4292912058924,0.0,0,No decay recorded
362,3,proton,Proton,2212,0,30,39.370582124514726,38.395687345837544,0.9748947786771824,2.4762010772254968,1.488950589208115,0.9991554840229308,0.0008328379107645212,1.1678066304579315e-05,0.9999883219336952,99.99883219336952,-0.8724308664105683,0.5299301698095655,-0.018236225055641063,0.02024175915593875,977.6426631245148,0.0,0,No decay recorded
367,245,proton,Proton,2212,4,23,27.682828048583026,26.59259335638246,1.0902346922005668,3.9383067737415347,0.8107491144237798,0.9981865122428208,0.0017811963664118662,3.2291390767290155e-05,0.9999677086092327,99.99677086092326,-0.47240274799312654,0.28677355584036884,-0.01664080494759647,0.014812557529402151,965.954841048583,0.0,0,No decay recorded
368,10,proton,Proton,2212,7,42,82.12631176785764,74.05899174287529,8.067320024982358,9.823063828539933,5.524318315585155,0.9989988484514899,0.0009920629682768922,9.088580233230744e-06,0.9999909114197668,99.99909114197668,-1.9853868815323288,3.1483321331458036,-0.09145985313108775,0.0849723542944675,1020.4101214826468,0.0,0,No decay recorded
368,872,proton,Proton,2212,9,21,24.42734351441572,22.192689292573505,2.2346542218422183,9.148167177996429,0.6421546416051919,0.9994298671797115,0.0005374827986796335,3.265002160883339e-05,0.9999673499783911,99.99673499783911,-0.3702381343812714,0.23108831219116752,-0.006613102697179818,0.006007007934577918,962.699356514416,0.0,0,No decay recorded
377,1097,proton,Proton,2212,787,10,7.993957394131369,6.019203692048464,1.9747537020829051,24.703080148170887,0.09196679700119924,0.9991406379249743,0.0008508506500028998,8.511425022722346e-06,0.9999914885749772,99.99914885749772,-0.03378027230102093,0.04738142982621448,-0.0014706327386076429,0.0009369151158247278,946.2659703941314,0.0,0,No decay recorded
381,3,proton,Proton,2212,0,36,55.167848908254854,49.86073516066034,5.3071137475945145,9.619939607252663,2.7289949615133366,0.9994054724226666,0.0005814620609735874,1.3065516359763442e-05,0.9999869344836402,99.99869344836402,-0.9831820697178244,1.552721826819639,-0.031049286055033397,0.027357474131486297,993.439929908255,0.0,0,No decay recorded
382,3,proton,Proton,2212,0,7,7.171875610411916,5.112804158181242,2.0590714522306737,28.710362031954027,0.07750133307376356,0.9989253555719992,0.0010744260409290562,2.1838707171177428e-07,0.9999997816129284,99.99997816129283,-0.03994958927086277,0.027000356656977385,-0.0010924850779900422,0.0010367814209301476,945.443956610412,0.0,0,No decay recorded
383,4,proton,Proton,2212,3,12,10.433440150761953,8.423644830945774,2.0097953198161798,19.263016711409463,0.14514535658472955,0.9998179884584318,0.0001547394773824546,2.727206418560044e-05,0.9999727279358143,99.99727279358143,-0.053029015161949355,0.07775407219536588,-0.0009135151769799398,0.0006957534921332749,948.705453150762,0.0,0,No decay recorded
386,3,proton,Proton,2212,0,30,42.012631159889565,41.50125156229666,0.5113795975929043,1.2172044060909242,1.6896578974395915,0.9993617346878976,0.00048820299821377414,0.00015006231388859764,0.9998499376861113,99.98499376861113,-0.9847558799982201,0.6075853696927893,-0.018860568810829762,0.019200397202141707,980.2847121598896,0.0,0,No decay recorded
386,4,proton,Proton,2212,0,36,60.11387286764226,56.65159871184183,3.4622741558004315,5.759526030578017,3.220949250630755,0.9997272810622598,0.00023638106844789657,3.6337869292294914e-05,0.9999636621307078,99.99636621307077,-1.896377813961258,1.1496984693301104,-0.03364891988624598,0.019535402085394248,998.3859538676422,0.0,0,No decay recorded
388,3,proton,Proton,2212,0,14,14.354715721621575,13.117318889222235,1.2373968323993416,8.620141676059326,0.25569333536943467,0.9988956195776874,0.001031488673357553,7.289174895516098e-05,0.9999271082510449,99.9927108251045,-0.09236732167607742,0.1402249439964559,-0.003556516133663081,0.0032829523657612204,952.6267967216216,0.0,0,No decay recorded
388,4,proton,Proton,2212,0,7,4.7966325569713035,2.623729859621249,2.1729026973500547,45.300586850081174,0.03909194346277255,0.9999885001282258,1.0805698869033807e-05,6.94172905206691e-07,0.9999993058270948,99.99993058270948,-0.01502845891731246,0.017287894429854775,-6.10824407998705e-05,3.471052392584743e-05,943.0687135569711,0.0,0,No decay recorded
389,3,proton,Proton,2212,0,18,18.675344830688797,16.8662948347029,1.8090499959858963,9.68683583830336,0.40823093554869,0.9993855152878418,0.000403289874770157,0.00021119483738810314,0.9997888051626119,99.9788805162612,-0.14866388782242537,0.22667936345302017,-0.002882827909906715,0.004514433628876189,956.9474258306888,0.0,0,No decay recorded
390,3,proton,Proton,2212,0,14,13.820528287122896,11.734686218466491,2.085842068656405,15.092346872151497,0.23918334854724194,0.9988039952694341,0.0009622588312236494,0.00023374589934224772,0.9997662541006578,99.97662541006578,-0.08732334661884662,0.1300398591941045,-0.0049710954496286095,0.002856853873642189,952.092609287123,0.0,0,No decay recorded
391,3,proton,Proton,2212,0,19,21.4931856623623,19.029495232925377,2.463690429436922,11.462658296165017,0.5181469200458061,0.9995102519878901,0.00047923677381669384,1.0511238293134831e-05,0.9999894887617068,99.99894887617067,-0.184649481456162,0.2916195120190538,-0.0049121371519746885,0.004947992853542131,959.7652666623624,0.0,0,No decay recorded
391,4,proton,Proton,2212,0,39,75.38427433140157,67.93861140343262,7.445662927968961,9.87694448743595,4.667643395686962,0.9997678313963655,0.0002042569948436514,2.79116087908356e-05,0.9999720883912091,99.99720883912092,-1.708477420983248,2.638689227466612,-0.02771595745770612,0.03281408460638802,1013.6563553314016,0.0,0,No decay recorded
398,21,proton,Proton,2212,13,41,75.282804650205,71.0893577588664,4.193446891338591,5.570258588030929,4.711750063733626,0.9998608196037116,9.735140030751226e-05,4.1828995980763934e-05,0.9999581710040192,99.99581710040192,-2.7422158480652756,1.7176200588631843,-0.021207796302205574,0.019744555914322084,1013.554817650205,0.0,0,No decay recorded
398,25,proton,Proton,2212,13,4,2.338398422112732,2.2339000698661082,0.10449835224662381,4.46880015220888,0.011953163240474525,0.999783363895062,0.00021649383114382757,1.4227379416343645e-07,0.9999998577262058,99.99998577262058,-0.0027498756968459244,0.004725297490718949,-2.736752034036123e-05,0.00017098071630635973,940.6104114221126,0.0,0,No decay recorded
400,9,proton,Proton,2212,4,43,90.39294070081677,82.75205946784241,7.640881232974351,8.452962337251751,6.62654009157503,0.9999137160695488,7.818745694138458e-05,8.096473509812713e-06,0.9999919035264903,99.99919035264902,-2.3682123597362845,3.8164992919589706,-0.026786150272694754,0.027761248432842698,1028.6649537008166,0.0,0,No decay recorded
400,10,proton,Proton,2212,4,38,68.05745665679433,65.23367216039065,2.823784496403682,4.149118458310442,3.956751798817519,0.9998632355235966,0.0001298265392706578,6.937937132867065e-06,0.9999930620628672,99.99930620628672,-2.3211089151000994,1.4229682857565202,-0.02536675792734683,0.02226955048100397,1006.329469656794,0.0,0,No decay recorded
401,3,proton,Proton,2212,0,14,13.266242093033952,11.50625452416607,1.759987568867881,13.266662529790882,0.21840139870087352,0.9989926901384765,0.0009850651022209839,2.2244759302377744e-05,0.9999777552406974,99.99777552406974,-0.12209396381367565,0.07882316424902978,-0.002903362748872976,0.003669923516949358,951.538323093034,0.0,0,No decay recorded
402,3,proton,Proton,2212,0,11,10.117946218104748,10.006799901756391,0.1111463163483575,1.0985066924893871,0.1353636548631551,0.9998796647942739,0.00010596903633642825,1.4366169389612555e-05,0.9999856338306103,99.99856338306104,-0.07333504982693183,0.049546893523101716,-0.0005479516732735843,0.0009278186199221278,948.3900272181044,0.0,0,No decay recorded
403,3,proton,Proton,2212,0,32,44.25632944391646,41.78990145663047,2.466427987285987,5.573051399148571,1.8816883490687366,0.9995061560959949,0.0004603026165121423,3.3541287492859844e-05,0.999966458712507,99.9966458712507,-0.6784760203036686,1.0692196812080406,-0.018099072744326608,0.018586239887308998,982.5284104439164,0.0,0,No decay recorded
403,4,proton,Proton,2212,0,9,9.148431338701698,8.249347496882473,0.8990838418192246,9.827737767629333,0.11878855478412502,0.9996376028561131,0.0002876738143212423,7.472332956568436e-05,0.9999252766704344,99.99252766704345,-0.04146245525775297,0.06271576724333179,-0.0008216500525760825,0.0011906643285735335,947.4205123387018,0.0,0,No decay recorded
409,16,proton,Proton,2212,13,48,127.5862418299196,121.24948749123202,6.336754338687579,4.966643932607457,11.824749305441706,0.9993093324064481,0.0006720828262132395,1.858476733866893e-05,0.9999814152326614,99.99814152326614,-6.887836501575295,4.300389576289812,-0.1906808574940477,0.12473030134691929,1065.8582548299198,0.0,0,No decay recorded
409,17,proton,Proton,2212,13,45,87.89936052750433,81.87420344240584,6.02515708509849,6.854608553395762,6.200763382514879,0.9995166964686293,0.00047712977994886826,6.173751421820625e-06,0.9999938262485781,99.99938262485782,-2.2451507511292634,3.533432185947661,-0.05157295351532546,0.07512967543132162,1026.171373527504,0.0,0,No decay recorded
410,3,proton,Proton,2212,0,31,47.80371984527517,43.06746539109468,4.736254454180488,9.907711093425736,2.1063178851486133,0.999915697806879,5.886057266458933e-05,2.5441620456533054e-05,0.9999745583795435,99.99745583795435,-0.7586141951204429,1.1948109608393904,-0.007504801029813767,0.008639032083208136,986.0758008452752,0.0,0,No decay recorded
410,211,proton,Proton,2212,5,35,57.441920516197555,54.44353435382716,2.998386162370398,5.219857092913369,2.9860920599454146,0.999803592732761,0.0001736133684216605,2.279389881721615e-05,0.9999772061011827,99.99772061011826,-1.7562961827241153,1.070156764440206,-0.020438679864499106,0.021025468261191865,995.7139335161976,0.0,0,No decay recorded
412,3,proton,Proton,2212,0,15,15.301302724401236,13.98358814344243,1.317714580958805,8.611780347678659,0.28144676021293435,0.9993946483320566,0.0006012551897438656,4.096478199645717e-06,0.9999959035218005,99.99959035218005,-0.10215991871367686,0.1549942667031393,-0.0025831891972565805,0.003817826997191496,953.5733837244012,0.0,0,No decay recorded
412,4,proton,Proton,2212,0,31,46.56104651055045,43.78223561073843,2.7788108998120125,5.9681023260126915,1.9987343884744018,0.9999746711179863,1.542015991486309e-05,9.908722098893188e-06,0.9999900912779012,99.99900912779012,-1.17205553117193,0.7155186354161137,-0.00650943859680727,0.0034021708474289486,984.8331275105504,0.0,0,No decay recorded
417,3,proton,Proton,2212,0,35,58.39775125424149,53.49489006857425,4.9028611856672395,8.395633531027686,2.988280323986454,0.9995357779845768,0.0004488388572276321,1.5383158195681867e-05,0.9999846168418045,99.99846168418046,-1.7516767055892035,1.0712879671322812,-0.028777417358089898,0.030669359462620602,996.6698322542416,0.0,0,No decay recorded
417,14,proton,Proton,2212,5,36,59.03575609352732,53.520728515163995,5.515027578363323,9.34184288183952,3.1651633758326576,0.999077015188644,0.000809968982065693,0.0001130158292902669,0.9998869841707096,99.98869841707096,-1.1316739820411148,1.8089283699204932,-0.050709323123072726,0.030749754410228734,997.3077690935272,0.0,0,No decay recorded
417,15,proton,Proton,2212,5,29,40.02493505949793,36.00512520591909,4.019809853578835,10.04326389937498,1.5593818834229483,0.999784238732503,0.0001953802073142229,2.0381060182838304e-05,0.9999796189398172,99.99796189398172,-0.563341744820243,0.8878622826495726,-0.009851189167140971,0.009190368351027668,978.296948059498,0.0,0,No decay recorded
417,16,proton,Proton,2212,5,6,6.365523505222086,4.3943454773980175,1.971178027824068,30.966471590388007,0.0628416082529582,0.9997051699238543,0.00028620883582930505,8.621240316513365e-06,0.9999913787596836,99.99913787596836,-0.021456534503356606,0.030844973928281644,-0.00048589134914215205,0.0003348018238924003,944.637536505222,0.0,0,No decay recorded
418,3,proton,Proton,2212,0,46,107.55217407283361,97.90103574485175,9.651138327981856,8.973447920677243,8.887048534628248,0.9995016514383886,0.0004938470481673546,4.501513444071302e-06,0.999995498486556,99.9995498486556,-3.222775784532192,5.05007582832519,-0.12719260829732518,0.08814699061451707,1045.8242550728337,0.0,0,No decay recorded
420,15,proton,Proton,2212,7,16,13.816854285854333,11.645638640435974,2.171215645418359,15.714254493088523,0.2383261378384564,0.9995730621868294,0.00038050617071493553,4.643164245549035e-05,0.9999535683575443,99.99535683575444,-0.08732215431358713,0.13014749082230262,-0.0024292130178083476,0.0017563979152362991,952.0888672858542,0.0,0,No decay recorded
420,17,proton,Proton,2212,7,3,3.7714519652836316,1.1935408090414734,2.577911156242158,68.35328091069262,0.02553350688098798,0.9998937557829815,0.0001062442170184455,0.0,0.9999999999999999,99.99999999999999,-0.010130065425402434,0.00694705027943023,-0.00010613640135205829,5.187894331654201e-05,942.0434649652836,0.0,0,No decay recorded
421,3,proton,Proton,2212,0,35,51.43507049597985,46.0886463842277,5.3464241117521505,10.394511099523088,2.436623467191682,0.9994840258293611,0.0005125967522198658,3.377418419048249e-06,0.999996622581581,99.9996622581581,-0.8724153998869004,1.3935722844077885,-0.035386913895827175,0.028582847662814142,989.70715149598,0.0,0,No decay recorded
423,159,proton,Proton,2212,6,12,11.636753648432432,10.570531839014976,1.0662218094174554,9.162536577038257,0.17479733785650708,0.9995541950143733,0.0003882210407486343,5.758394487809282e-05,0.9999424160551219,99.99424160551219,-0.06504365695668403,0.09315952654456193,-0.0018252380975406937,0.0017856334134483396,949.9087666484324,0.0,0,No decay recorded
423,160,proton,Proton,2212,6,9,7.752770531246029,7.652339273311299,0.1004312579347297,1.2954241007129144,0.08882115110857472,0.9996606383569566,0.0003276330450211527,1.1728598022359096e-05,0.9999882714019778,99.99882714019778,-0.04608470483190695,0.03298592545701646,-0.0006380754593227792,0.0006992692628997114,946.024783531246,0.0,0,No decay recorded
423,163,proton,Proton,2212,6,6,5.8267466903763525,3.8192143232169316,2.007532367159421,34.45374363836904,0.05272422117283755,0.9994648554509564,0.0005132184427842961,2.1926106259237327e-05,0.9999780738937407,99.99780738937407,-0.019849751001916334,0.02492703794815011,-0.000643467965887191,0.000443078022538296,944.0987596903764,0.0,0,No decay recorded
424,3,proton,Proton,2212,0,32,45.13527511626717,41.207320872518835,3.9279542437483297,8.702626124755046,1.9691581553944804,0.9998768243126016,0.00010527526821695706,1.7900419181381705e-05,0.9999820995808185,99.99820995808186,-0.7061023313631287,1.1277021696013987,-0.010094376677590356,0.013704027183845838,983.4073561162672,0.0,0,No decay recorded
425,3,proton,Proton,2212,0,21,23.655023129778677,21.56163067181885,2.093392457959827,8.849674111392059,0.6153569196935714,0.9996745934016488,0.00022468968757517348,0.00010071691077606755,0.9998992830892239,99.98992830892239,-0.3588584729236035,0.21812858462647639,-0.003685435908016172,0.0051205757131795385,961.9271041297786,0.0,0,No decay recorded
425,4,proton,Proton,2212,0,27,30.145573575715847,27.575277295338303,2.570296280377543,8.526280894678607,0.9386388505268681,0.9996667485831261,0.00025510015326033413,7.815126361350626e-05,0.9999218487363865,99.99218487363865,-0.548733097269994,0.33394860934526865,-0.00956299122874809,0.006236158146274545,968.4176545757158,0.0,0,No decay recorded
427,3,proton,Proton,2212,0,15,16.04721556935328,13.434813500436617,2.612402068916664,16.279472645122237,0.30857568474266756,0.9970483186331277,0.0029378874305719597,1.3793936300459402e-05,0.9999862060636997,99.99862060636997,-0.17489649010268207,0.10857661461002588,-0.008070696396357645,0.007505580186301573,954.3192965693534,0.0,0,No decay recorded
431,4,proton,Proton,2212,3,14,13.700917466824762,12.424064731793674,1.276852735031089,9.319468846687421,0.2296598888721836,0.9997005088649024,0.0002970638682166461,2.4272668809661132e-06,0.999997572733119,99.9997572733119,-0.08482331396577718,0.12474900033881871,-0.0020057276319591665,0.001860791595096121,951.9729304668246,0.0,0,No decay recorded
431,191,proton,Proton,2212,186,9,5.651833345705655,3.680673095905682,1.9711602497999732,34.876475105156615,0.05159159768498672,0.9996991126742302,0.00029362574218060527,7.261583589205252e-06,0.9999927384164108,99.99927384164108,-0.019208240871213242,0.02448714447955131,-0.0003624494240210061,0.00034872967452662736,943.9238463457058,0.0,0,No decay recorded
431,649,proton,Proton,2212,189,42,80.12686216004465,73.60770637398498,6.519155786059664,8.136042783053657,5.261958062949884,0.9999379281826262,5.584083124639627e-05,6.230986127468719e-06,0.9999937690138726,99.99937690138727,-3.0987227567884115,1.884086731333517,-0.01649122600585982,0.026499765412615357,1018.3988751600446,0.0,0,No decay recorded
431,652,proton,Proton,2212,189,4,4.6707304635523315,2.005700236520861,2.6650302270314703,57.05810360558844,0.03727287860347443,0.9999676946625381,3.227302945446983e-05,3.230800748449273e-08,0.9999999676919926,99.99999676919926,-0.016915579142166494,0.011237082193483523,-5.7181170894777184e-05,7.157010162228687e-05,942.9427434635522,0.0,0,No decay recorded
433,3,proton,Proton,2212,0,28,34.14739555227209,31.961721606731736,2.18567394554035,6.400704680960421,1.1834530854171637,0.9991805899305087,0.0007726470857802242,4.676298371109571e-05,0.9999532370162889,99.99532370162889,-0.4246241581960987,0.6735953134800944,-0.012381557243631845,0.016669869629995747,972.4194765522722,0.0,0,No decay recorded
435,3,proton,Proton,2212,0,38,63.98541900833196,62.724130555067795,1.261288453264161,1.9712123055721813,3.539407618073467,0.999905692072288,8.767372301540613e-05,6.634204696602183e-06,0.9999933657953034,99.99933657953034,-2.0711905302847673,1.277351552112935,-0.014214778263489972,0.01885708809682502,1002.2575000083324,0.0,0,No decay recorded
435,111,proton,Proton,2212,5,34,55.5117383396415,52.34137174887059,3.170366590770901,5.711164315146136,2.8107199692476224,0.9990242814656868,0.0009565827252385585,1.913580907455616e-05,0.9999808641909254,99.99808641909253,-0.999885133627599,1.6113117046502827,-0.04015282336459916,0.04641941454659242,993.7837513396416,0.0,0,No decay recorded
440,3,proton,Proton,2212,0,28,38.212000442526914,36.12594630591103,2.0860541366158833,5.459159720657469,1.46274081725505,0.9996128995265492,0.00035358007918583436,3.352039426482979e-05,0.999966479605735,99.9966479605735,-0.5142198922142162,0.8412756205973471,-0.010402091802033204,0.017522760814442522,976.484081442527,0.0,0,No decay recorded
440,8,proton,Proton,2212,4,7,4.717647084617284,2.34300000350092,2.3746470811163642,50.33541166865401,0.036392843868401255,0.9998753868470177,0.0001243789917180843,2.3416126429420216e-07,0.9999997658387358,99.99997658387359,-0.01604475633931528,0.011644412018347488,-0.00012894486575900418,0.00011193935461948491,942.9896600846172,0.0,0,No decay recorded
444,3,proton,Proton,2212,0,18,19.33476772749441,18.00646341125134,1.3283043162430697,6.870029860013242,0.42212353552921983,0.9998272115837578,0.00017130348212591448,1.4849341163260076e-06,0.9999985150658837,99.99985150658837,-0.1538050197617903,0.23485792860795895,-0.002476875059378185,0.0033530574606346567,957.6068487274944,0.0,0,No decay recorded
450,3,proton,Proton,2212,0,43,83.37992782765437,80.55755044542819,2.8223773822261835,3.3849602125586085,5.829647188086534,0.9985413199795722,0.001179597877188196,0.0002790821432396996,0.9997209178567604,99.97209178567604,-3.353110840845056,1.8501165312692638,-0.15973806099995694,0.07839469992580159,1022.9568454003268,0.0,0,No decay recorded
453,4,proton,Proton,2212,0,30,39.76787123496047,35.81581773905565,3.9520534959048144,9.937804999807259,1.5436644949893532,0.9998274374911728,0.00014745967667160843,2.510283215567245e-05,0.9999748971678444,99.99748971678444,-0.909948361960933,0.5470522927897111,-0.008950273081627104,0.00962814768322428,978.0399522349604,0.0,0,No decay recorded
453,9,proton,Proton,2212,5,7,6.602539342920295,4.517525988494091,2.0850133544262044,31.57896145915286,0.06607553321861807,0.9997482181219796,0.000243048713556925,8.733164463637432e-06,0.9999912668355365,99.99912668355365,-0.024903379745646312,0.032384900846421025,-0.0005132682607794322,0.0004754426547384766,944.8745523429204,0.0,0,No decay recorded
453,313,proton,Proton,2212,3,18,19.67225315122881,18.080217050268562,1.5920361009602462,8.092799989516203,0.42925213964046216,0.9996662215423283,0.00030007959212809533,3.369886554365239e-05,0.9999663011344564,99.99663011344563,-0.24323281827352264,0.1568384743275419,-0.0044195170666796405,0.0031959802595241615,957.9442661512288,0.0,0,No decay recorded
453,314,proton,Proton,2212,3,17,16.548578750399653,14.699052679968595,1.849526070431058,11.176343892289793,0.32584057881285594,0.9997789722370207,0.0001742854232001377,4.6742339779124454e-05,0.9999532576602208,99.99532576602208,-0.11915187076743133,0.1804188398359203,-0.002442117230547118,0.001784431493430682,954.8205917504,0.0,0,No decay recorded
456,68,proton,Proton,2212,63,47,120.00798218170743,110.87915624166507,9.128825940042354,7.606848956280379,10.72284516177894,0.9996052107567954,0.0003334093696265141,6.137987357800206e-05,0.999938620126422,99.9938620126422,-3.8823930597266534,6.099133307562849,-0.10814350903687632,0.06472430002206198,1058.2799951817074,0.0,0,No decay recorded
456,69,proton,Proton,2212,63,37,66.10344610110155,62.25468998300958,3.848756118091978,5.82232295757398,3.7289629391712653,0.9989361136957868,0.0010434545707264538,2.0431733486816174e-05,0.9999795682665132,99.99795682665132,-2.194569227374319,1.325864259988778,-0.06789644157543938,0.053735928095045904,1004.3754591011012,0.0,0,No decay recorded
457,3,proton,Proton,2212,0,11,8.805754297043677,7.36649324862347,1.4392610484202066,16.344551526987352,0.10825623319678185,0.9994859233498221,0.00043537068221837253,7.87059679594366e-05,0.9999212940320404,99.99212940320405,-0.040164045230193186,0.056215252837020856,-0.0007542072431710406,0.0011908413326352741,947.0778352970436,0.0,0,No decay recorded
460,3,proton,Proton,2212,0,16,16.179036338052015,14.302688122734848,1.876348215317167,11.597404048744986,0.31537914915473536,0.9995144635767758,0.000469728029784874,1.5808393439280014e-05,0.9999841916065606,99.99841916065606,-0.11612831975930056,0.17326807926439092,-0.003077378938487862,0.0030844694961346232,954.451117338052,0.0,0,No decay recorded
462,3,proton,Proton,2212,0,6,5.204790172517846,4.185754663939937,1.0190355085779088,19.5788009660521,0.045942021272242624,0.9992006411553619,0.000796428967647931,2.9298769901625133e-06,0.9999970701230099,99.99970701230099,-0.01724492267774108,0.021348842318074816,-0.00045878661635747627,0.0005052088596550273,943.476871172518,0.0,0,No decay recorded
463,3,proton,Proton,2212,0,30,42.408912319601995,37.96916053237836,4.439751787223633,10.468912179979483,1.7105152466524667,0.9998006168227933,0.000163373885199187,3.600929200766672e-05,0.9999639907079925,99.99639907079924,-0.622247894840613,0.968885632744124,-0.011687654656647057,0.009993909569017051,980.680993319602,0.0,0,No decay recorded
465,3,proton,Proton,2212,0,46,93.14157053372888,87.04804919065691,6.093521343071977,6.542214510829363,6.892891967584387,0.9995734474191683,0.00039553138064113484,3.102120019058815e-05,0.9999689787998095,99.99689787998095,-2.496282406295267,3.915397860964953,-0.07314179457323393,0.07062815038504296,1031.4136515337289,0.0,0,No decay recorded
466,3,proton,Proton,2212,0,9,8.55711438824858,7.481428873009145,1.075685515239435,12.570657191595632,0.10336866693497934,0.9997276914068226,0.0002316040638352382,4.0704529342154015e-05,0.9999592954706579,99.99592954706578,-0.05478615646743085,0.03711682840052553,-0.0008961527093898011,0.0006406416580180739,946.8291953882486,0.0,0,No decay recorded
471,565,proton,Proton,2212,413,5,2.959426370954702,2.8280492687649983,0.131377102189704,4.4392759177624725,0.017141194471545593,0.9998572772889527,0.00014052797861873904,2.194732428522477e-06,0.9999978052675714,99.99978052675715,-0.005374175722928953,0.0068442196271345235,-3.975011699447136e-05,0.0001582616345369832,941.2314393709546,0.0,0,No decay recorded
472,5,proton,Proton,2212,2,14,13.897539083222568,12.48935276400729,1.408186319215278,10.1326307541403,0.24288577001755116,0.9997017096813557,0.00023939685450034612,5.889346414373218e-05,0.9999411065358561,99.99411065358561,-0.1374921412380844,0.0868299628466334,-0.002730226362249199,0.0014929388538481416,952.1695520832224,0.0,0,No decay recorded
472,768,proton,Proton,2212,511,35,50.56414384719824,45.671243956251125,4.8928998909471115,9.676619672891439,2.371131298331446,0.9998355411796096,0.00014595127179770027,1.8507548592617193e-05,0.9999814924514073,99.99814924514074,-0.8520754932618732,1.3572314729496506,-0.022236616811688755,0.008714826357234699,988.8361568471984,0.0,0,No decay recorded
473,3,proton,Proton,2212,0,35,58.00809272182847,53.2957330019831,4.712359719845365,8.123624650862038,2.9520720555986797,0.9996357838476361,0.000340743521982746,2.3472630381168013e-05,0.9999765273696188,99.99765273696188,-1.0578798242659606,1.685995458339604,-0.02378906677681127,0.027996904821007668,996.2801737218284,0.0,0,No decay recorded
473,6,proton,Proton,2212,4,13,13.649848124386267,11.178076896335533,2.4717712280507342,18.108415606725817,0.233524597913263,0.9992292021716374,0.0007246970067828571,4.61008215796737e-05,0.9999538991784203,99.99538991784203,-0.08227125328588675,0.12816523568116453,-0.002294006615697197,0.0031501626688003534,951.9218611243864,0.0,0,No decay recorded
474,3,proton,Proton,2212,0,14,13.725634691456321,11.25402877311191,2.4716059183444106,18.007224976509757,0.23343090844683717,0.9997449512534844,0.00024328813218578587,1.1760614329866121e-05,0.9999882393856702,99.99882393856701,-0.13069207884945772,0.08302110074230183,-0.001587155610588075,0.001496452923919603,951.9977156914564,0.0,0,No decay recorded
474,4,proton,Proton,2212,0,31,43.336619088286064,40.98795250751391,2.3486665807721563,5.4195888608371,1.8140844657213169,0.999163199619573,0.0007967073727269034,4.0093007700088e-05,0.9999599069922999,99.99599069922999,-1.0591284554370806,0.6531455522914199,-0.024922966805881214,0.021680990193785124,981.608700088286,0.0,0,No decay recorded
475,3,proton,Proton,2212,0,31,42.6467187415186,39.97765794885936,2.6690607926592382,6.258537283574835,1.7587405314656965,0.9990557734272308,0.0009264573349735639,1.7769237795630774e-05,0.9999822307622044,99.99822307622044,-0.6231969079491432,1.0103184222715442,-0.020627351772859577,0.028060982615922752,980.9187997415188,0.0,0,No decay recorded
479,3,proton,Proton,2212,0,36,63.887044300092484,59.94284083182587,3.944203468266616,6.173714109764985,3.546279843466323,0.9996651236100207,0.00032656849697574854,8.307893003631877e-06,0.9999916921069965,99.99916921069965,-1.2836880627075644,2.0178959860522268,-0.028141496793627808,0.02407710153229233,1002.1591253000926,0.0,0,No decay recorded
488,3,proton,Proton,2212,0,19,20.872660849322187,18.762472031495737,2.1101888178264523,10.10982180499032,0.4899466754055392,0.9999258378358148,5.709809074183032e-05,1.7064073443413197e-05,0.9999829359265566,99.99829359265566,-0.2835989374305994,0.17488351372965452,-0.0019148837147625873,0.0015949753355772036,959.144741849322,0.0,0,No decay recorded
488,4,proton,Proton,2212,0,32,43.96589187175368,39.61190903949296,4.353982832260728,9.903092253788639,1.8693378492737383,0.9991062165172492,0.0008012414797892672,9.254200296148271e-05,0.9999074579970384,99.99074579970384,-0.6673874617551407,1.0689549427714824,-0.027586774520346732,0.02408732699428049,982.2379728717538,0.0,0,No decay recorded
490,3,proton,Proton,2212,0,24,27.794320135824023,26.038490104940983,1.7558300308830388,6.317226045835006,0.8225912065592909,0.9992891288392851,0.000662366537347942,4.85046233669427e-05,0.9999514953766331,99.99514953766331,-0.2962618160013058,0.46519218998088535,-0.009550678170383759,0.012488896481715762,966.066401135824,0.0,0,No decay recorded
491,4,proton,Proton,2212,0,11,10.855584430477505,9.857413605728112,0.9981708247493916,9.194998492637444,0.15741705875325454,0.9964513864481148,0.003412377938029095,0.0001362356138560223,0.9998637643861439,99.98637643861439,-0.05664417982657322,0.08386272553598936,-0.004074090459639596,0.004969876771701156,949.1276654304776,0.0,0,No decay recorded
492,3,proton,Proton,2212,0,25,30.749230450032766,28.955155059363147,1.7940753906696183,5.834537529597611,0.9704185071018255,0.9990810361677445,0.0008839584917071352,3.5005340548394065e-05,0.9999649946594515,99.99649946594515,-0.5654866697995607,0.3460797446676504,-0.01712903691389343,0.014157322520223382,969.0213114500326,0.0,0,No decay recorded
494,3,proton,Proton,2212,0,33,46.4567298746415,42.81636443898779,3.640365435653715,7.836034618615754,2.010876020854813,0.9998989932587428,6.53746705484201e-05,3.5632070708890695e-05,0.9999643679292912,99.99643679292912,-1.177166894879623,0.7223892767491125,-0.009986988915873699,0.008565480880270262,984.7288108746416,0.0,0,No decay recorded
496,7,proton,Proton,2212,3,3,2.19346860134793,2.0497736733915675,0.1436949279563626,6.551036466537941,0.010763881498874656,0.9999928107188059,7.189281194067123e-06,0.0,0.9999999999999999,99.99999999999999,-0.0022120046499762157,0.004246200846937741,-6.086679674485939e-06,2.1041972607510576e-05,940.465481601348,0.0,0,No decay recorded
496,440,proton,Proton,2212,432,41,85.21408781748312,80.82043609754858,4.393651719934537,5.156015668847076,5.986514206540542,0.9993570025134825,0.0006359017633749345,7.0957231425517945e-06,0.9999929042768574,99.99929042768574,-3.5153324389342715,2.1545673074749474,-0.08934838966326109,0.06996562702835253,1023.4861008174828,0.0,0,No decay recorded
496,441,proton,Proton,2212,432,40,74.88065935658278,70.10501056754553,4.775648789037244,6.377679937746722,4.671209858644104,0.9991387427854919,0.0008385965312321951,2.2660683276032183e-05,0.9999773393167241,99.9977339316724,-1.7046052669821694,2.6436511291142337,-0.058144676012490425,0.07932818408503058,1013.1526723565828,0.0,0,No decay recorded
498,3,proton,Proton,2212,0,19,17.357066712253417,15.078175622777081,2.2788910894763355,13.129471282538347,0.3544736112314044,0.999288946576541,0.0006876364508574234,2.3416972601548708e-05,0.9999765830273984,99.99765830273985,-0.1296246546080441,0.19574696014141119,-0.0043662859843980415,0.0034259703606591193,955.6291477122534,0.0,0,No decay recorded
498,4,proton,Proton,2212,0,43,91.66228946441127,89.06915644099782,2.593133023413454,2.829007477955547,6.785071197309839,0.9987939710437274,0.0011730053958365766,3.302356043603947e-05,0.9999669764395639,99.9966976439564,-3.978291022497616,2.431933918499357,-0.12537042182654792,0.09675330478157088,1029.9343704644114,0.0,0,No decay recorded
499,3,proton,Proton,2212,0,39,66.02486605543086,60.49141166549022,5.533454389940642,8.380864241807105,3.75739539411715,0.9835734774380143,0.016386936541845358,3.958602014041585e-05,0.9999604139798596,99.99604139798596,-1.1124288554302477,2.0589971767933233,-0.18460270621204478,0.27991398178976973,1004.9603303553696,0.0,0,No decay recorded
499,4,proton,Proton,2212,0,11,9.706826381514928,7.797615330611103,1.9092110509038238,19.668746260256658,0.1284809858485245,0.9999074925769129,7.828435367138e-05,1.4223069415676617e-05,0.9999857769305843,99.99857769305844,-0.04744284875263532,0.06791470456650117,-0.0005783565460992187,0.0005895504862233252,947.9789073815148,0.0,0,No decay recorded
501,354,proton,Proton,2212,4,26,30.647054500976417,29.17974598024449,1.4673085207319259,4.787763602812718,0.9609465648851463,0.9990050706448723,0.0008631329109572377,0.00013179644417061348,0.9998682035558295,99.98682035558295,-0.559042969745988,0.3410531198058873,-0.011167017621418853,0.01617189679608015,968.9190675009764,0.0,0,No decay recorded
501,732,proton,Proton,2212,727,49,125.60088177264996,120.87596640630967,4.724915366340279,3.761848881676519,11.658964133947181,0.9995647140542059,0.0004306533505429026,4.632595251217449e-06,0.9999953674047488,99.99953674047488,-6.832274276813023,4.207912868623313,-0.1446847279498612,0.10155541650435156,1063.8728947726495,0.0,0,No decay recorded
501,733,proton,Proton,2212,727,13,12.18977163934278,10.28717761916025,1.902594020182529,15.608118646307213,0.18961368942437234,0.9997926741328472,0.0001868500506450966,2.0475816507720024e-05,0.9999795241834923,99.99795241834923,-0.0698533041800058,0.10242034174468184,-0.0011378516424599306,0.0010843345389513052,950.4617846393428,0.0,0,No decay recorded
501,735,proton,Proton,2212,727,7,6.0920779636524,5.08202534961152,1.0100526140408799,16.579771632392575,0.058539048310609014,0.9995477836679674,0.0004183077483836016,3.390858364901052e-05,0.999966091416351,99.99660914163509,-0.021940329881073382,0.028313149784404076,-0.00041676349063510357,0.0006509995183085698,944.3640909636526,0.0,0,No decay recorded
507,327,proton,Proton,2212,189,8,6.583640526859654,5.600779289272228,0.9828612375874258,14.928841171956318,0.06720721985181165,0.9997598793717293,0.00020632300187301992,3.379762639773229e-05,0.9999662023736023,99.99662023736023,-0.02537290465533369,0.033036381565658045,-0.0004336897320367323,0.0004575146106722866,944.85565352686,0.0,0,No decay recorded
508,149,proton,Proton,2212,4,37,62.479786111793594,59.96788806673577,2.5118980450578245,4.020337138420008,3.420524374386538,0.9994272372627918,0.0004624314784433694,0.00011033125876479149,0.9998896687412352,99.98896687412352,-2.0222192371674694,1.2093086031857605,-0.043297428232789544,0.029965467883400744,1000.7517991117934,0.0,0,No decay recorded
513,3,proton,Proton,2212,0,38,70.52469260644908,64.11455123949887,6.410141366950219,9.089215606682485,4.283550232567025,0.9995181349100367,0.000475810432992396,6.0546569708146596e-06,0.9999939453430291,99.99939453430291,-1.534156257290711,2.4548143168604337,-0.034658314207578214,0.04193318066626338,1008.7967736064492,0.0,0,No decay recorded
513,4,proton,Proton,2212,0,16,14.024743392616868,12.870536798437788,1.1542065941790791,8.229787610849945,0.24492677621300551,0.9997943611725841,0.00019959641919563886,6.042408220170106e-06,0.9999939575917798,99.99939575917797,-0.08964445890828204,0.13420559720280786,-0.0013508924203405816,0.0016287389636893367,952.2968243926168,0.0,0,No decay recorded
514,3,proton,Proton,2212,0,13,13.291318011069508,11.283106901741505,2.0082111093280046,15.109194646125319,0.22353244551232038,0.9997091756987808,0.00025737628104547674,3.344802017379069e-05,0.9999665519798263,99.99665519798263,-0.08010869656804044,0.12250287680285663,-0.001593318088134739,0.0014793062424274907,951.5633990110696,0.0,0,No decay recorded
514,1067,proton,Proton,2212,984,4,4.157471657451197,2.4092255268519835,1.748246130599213,42.05070472256695,0.030330486273912147,0.9998522157569809,0.00013468535324709705,1.3098889772060046e-05,0.999986901110228,99.9986901110228,-0.010896371290430924,0.012415606770975486,-0.00012199591368181295,0.00014559749952600226,942.4294846574512,0.0,0,No decay recorded
518,3,proton,Proton,2212,0,36,60.62451233089451,54.604461222597955,6.0200511082965535,9.930061087235682,3.248758243996938,0.9993410715515657,0.0006151070710250178,4.382137740933896e-05,0.9999561786225907,99.99561786225907,-1.169077178453498,1.8568341701249835,-0.03586206257708958,0.03457275356051081,998.8965933308946,0.0,0,No decay recorded
518,4,proton,Proton,2212,0,41,78.72515916475129,71.7451456717484,6.980013493002892,8.866305977731386,5.085077010074919,0.99953744291449,0.00045138572307575894,1.1171362434226662e-05,0.9999888286375658,99.99888286375658,-1.8247206478474653,2.907584712169292,-0.05100124351168081,0.036254719677611104,1016.9972401647514,0.0,0,No decay recorded
521,3,proton,Proton,2212,0,7,5.21352739510155,4.135341829454714,1.0781855656468358,20.68053898901273,0.04446942803249447,0.9998139112307752,0.00016510778898982484,2.098098023492484e-05,0.999979019019765,99.9979019019765,-0.02088396843701261,0.01604923738135363,-0.00021595880271779835,0.00019399273547278053,943.4856083951016,0.0,0,No decay recorded
521,5,proton,Proton,2212,4,4,3.621388354091323,2.3559197705387867,1.2654685835525363,34.94429372985784,0.024770144011212244,0.9997302515827375,0.0002615884317276985,8.159985534772175e-06,0.9999918400144653,99.99918400144652,-0.009479765030021636,0.009433759989549963,-0.00014685018001227976,0.00014576526341100984,941.8934013540912,0.0,0,No decay recorded
525,4,proton,Proton,2212,3,8,7.6028814880531845,6.559401582676784,1.0434799053764003,13.724795092703683,0.08433715673946844,0.9997542278947146,0.00022260206999313514,2.3170035292261247e-05,0.9999768299647077,99.99768299647077,-0.03126182018739652,0.04301657106842222,-0.00047754756945635435,0.0005308253200009336,945.8748944880532,0.0,0,No decay recorded
526,3,proton,Proton,2212,0,18,18.741761645771593,17.38783421514528,1.3539274306263145,7.224120422701991,0.4130779888746475,0.9998009538907527,0.0001846421573518906,1.4403951895264757e-05,0.9999855960481047,99.99855960481047,-0.1504318220378211,0.2302850191511777,-0.0027114699001626772,0.0030290180216730337,957.0138426457715,0.0,0,No decay recorded
526,4,proton,Proton,2212,0,17,17.522497846661395,15.145841147632323,2.376656699029072,13.563458359801725,0.36326930495102183,0.9995403007360665,0.00045234974969096664,7.3495142425001165e-06,0.9999926504857575,99.99926504857575,-0.13079364118646855,0.20296006122937202,-0.004157896652376584,0.002989587231846787,955.7945788466616,0.0,0,No decay recorded
527,3,proton,Proton,2212,0,16,14.172092251081722,12.09416177631902,2.0779304747627023,14.6621291898809,0.24505663738023778,0.9997260597787613,0.0002666406267498299,7.299594488834157e-06,0.9999927004055111,99.99927004055111,-0.09019945449435202,0.13361022932858202,-0.001882693031013668,0.0015746119258195372,952.4441732510818,0.0,0,No decay recorded
527,4,proton,Proton,2212,0,41,73.10906428582325,66.65356097291983,6.455503312903413,8.82996298197078,4.541133315007933,0.9992645992096549,0.000731383959189203,4.016831155784045e-06,0.9999959831688442,99.99959831688442,-1.627791766160659,2.588561706476437,-0.06416209432774747,0.07832554121609986,1011.3811452858232,0.0,0,No decay recorded
527,76,proton,Proton,2212,7,7,4.8690883471231245,2.8975365698133806,1.971551777309744,40.49118924848889,0.040080968074464464,0.9999396764444725,5.885130842795447e-05,1.4722470995752276e-06,0.9999985277529004,99.99985277529004,-0.015293786703112672,0.01793627522135854,-0.0001445948216677105,9.491803227971498e-05,943.1411013471233,0.0,0,No decay recorded
531,576,proton,Proton,2212,574,51,146.60966239641863,131.6439010105351,14.96576138588353,10.20789567430933,15.116710099267086,0.9995548993112249,0.00041612934673388005,2.8971342041281018e-05,0.9999710286579587,99.99710286579587,-5.520132791306432,8.665072881235147,-0.16179027857614411,0.11782685553274522,1085.200088330037,0.0,0,No decay recorded
532,3,proton,Proton,2212,0,26,31.87719435832935,29.56555308188551,2.3116412764438414,7.2517086995136415,1.0172629533827195,0.9996604933617835,0.0003280838628438833,1.1422775372558269e-05,0.9999885772246274,99.99885772246274,-0.3727123711384298,0.5705822537869438,-0.006289110891828172,0.009558897271890625,970.1492753583294,0.0,0,No decay recorded
533,3,proton,Proton,2212,0,25,32.81155960602382,29.224953764348243,3.5866058416755795,10.93092155551521,1.0635023507163723,0.9998516299612983,0.00013861698141077886,9.753057290970844e-06,0.9999902469427091,99.99902469427091,-0.388233358194021,0.5961757665326749,-0.006083131113201459,0.005521905814817687,971.0836406060238,0.0,0,No decay recorded
534,3,proton,Proton,2212,0,25,30.01641987840117,27.435880836810405,2.580539041590763,8.597091365475048,0.9239271325680358,0.9998241886586475,0.00012285101208194544,5.2960329270627794e-05,0.9999470396707295,99.99470396707295,-0.5353844267944841,0.33362084050404983,-0.006039608007227464,0.00381840354118031,968.2885008784012,0.0,0,No decay recorded
534,4,proton,Proton,2212,0,33,53.03067647485226,48.973378087977636,4.05729838687462,7.650851651493897,2.5406777774393827,0.9996020496020873,0.00038346309117247117,1.44873067401905e-05,0.9999855126932597,99.99855126932597,-0.9092518633294511,1.451914976312408,-0.020072473342930174,0.023773679860786833,991.3027574748525,0.0,0,No decay recorded
536,3,proton,Proton,2212,0,23,26.414814173645937,23.657403420932003,2.7574107527139353,10.43887999585098,0.7438672322887006,0.9994710024550727,0.0005145432404879634,1.4454304439382421e-05,0.9999855456955606,99.99855456955606,-0.4316704156237145,0.26574537645448604,-0.010610242206317204,0.006807917256210604,964.686895173646,0.0,0,No decay recorded
536,4,proton,Proton,2212,0,22,25.366335909269996,23.673511578988233,1.6928243302817616,6.673507503553668,0.6920433695691816,0.9992051576230332,0.0006903027105122141,0.0001045396664545403,0.9998954603335454,99.98954603335454,-0.3999780185938373,0.24856413553952567,-0.010369757466389684,0.007760192829784862,963.63841690927,0.0,0,No decay recorded
538,3,proton,Proton,2212,0,35,58.357911711379316,54.902038481933346,3.455873229445968,5.921858970104478,3.0322939331564838,0.999551959682638,0.00028276768467142476,0.0001652726326905562,0.9998347273673094,99.98347273673093,-1.0887273555572143,1.7299272250264048,-0.019486786269448594,0.02826382049573581,996.6299927113791,0.0,0,No decay recorded
538,4,proton,Proton,2212,0,26,30.66267830306606,28.73649816570812,1.926180137357938,6.281839173733669,0.9718513034104684,0.9991880637325757,0.000808239180682042,3.697086742321011e-06,0.9999963029132578,99.99963029132579,-0.563248900530296,0.3507616390260702,-0.017451544377177056,0.012030443456447961,968.934759303066,0.0,0,No decay recorded
550,17,proton,Proton,2212,13,50,149.69467109495852,136.11065318856535,13.584017906393166,9.07448328456273,15.712488411195872,0.9997207372757739,0.0002568440873056534,2.2418636920459622e-05,0.9999775813630796,99.99775813630795,-5.711136168579754,8.934434566476883,-0.10956659357526838,0.17529635895159917,1088.0151453901765,0.0,0,No decay recorded
550,93,proton,Proton,2212,18,25,30.962899090107385,29.037344565905602,1.925554524201782,6.218909019462569,1.0040964605527307,0.9997086146235397,0.000271835359830978,1.9550016629359945e-05,0.9999804499833707,99.99804499833706,-0.35619563339555027,0.5757075609264655,-0.008970967078202665,0.008175895135765358,969.2349120901072,0.0,0,No decay recorded
552,3,proton,Proton,2212,0,28,37.177656983269,33.73540868865086,3.442248294618148,9.258916709482948,1.3516991347040495,0.9996629330897454,0.0003040426394604465,3.3024270794137454e-05,0.9999669757292059,99.9966975729206,-0.4884575781614984,0.7643926121766502,-0.018856426361391825,0.009352912240593186,975.4497379832692,0.0,0,No decay recorded
555,3,proton,Proton,2212,0,41,81.33046431035383,73.11214039936651,8.218323910987328,10.104853059274971,5.365344174541282,0.9995804142559923,0.0004091449763233622,1.0440767684356919e-05,0.9999895592323157,99.99895592323156,-1.96353441376708,3.029657631847989,-0.07396962488527072,0.04651678001195381,1019.602545310354,0.0,0,No decay recorded
555,4,proton,Proton,2212,0,26,33.3026047604394,29.792903418847107,3.509701341592293,10.538819311099392,1.1225529310303064,0.9995241262564597,0.00042088106286144685,5.499268067885181e-05,0.9999450073193211,99.9945007319321,-0.4015993477837061,0.6392591600386963,-0.010595270098996891,0.009995578226896364,971.5746857604394,0.0,0,No decay recorded
557,3,proton,Proton,2212,0,14,14.978541524016919,13.446136869587884,1.5324046544290355,10.230666663853384,0.27337996512067003,0.9997480356382957,0.00022317596008041175,2.8788401623962365e-05,0.9999712115983761,99.9971211598376,-0.15523483627249177,0.09614508501703062,-0.0014669334421220513,0.0018943257010820798,953.250622524017,0.0,0,No decay recorded
557,4,proton,Proton,2212,0,20,17.860751288237907,16.27927913797891,1.581472150258997,8.854454802808133,0.3667602697842261,0.9998385143381401,0.00013365188060166907,2.7833781258324943e-05,0.9999721662187417,99.99721662187417,-0.20913189669270668,0.1317809554665719,-0.002003320772130119,0.0025768878138890026,956.132832288238,0.0,0,No decay recorded
570,3,proton,Proton,2212,0,24,28.47217728886949,25.10924929145343,3.36292799741606,11.811277947931,0.851947129196511,0.9999131632860703,6.845923359282815e-05,1.8377480336885925e-05,0.999981622519663,99.9981622519663,-0.4971969014410027,0.3035052839703597,-0.0031219137802030532,0.0036892016057274517,966.7442582888694,0.0,0,No decay recorded
570,4,proton,Proton,2212,0,4,9.437911648974302,5.165801569485046,4.272110079489256,45.26541716411959,0.6830487429965258,0.9999841634833834,1.4411513023176364e-05,1.4250035936181068e-06,0.9999985749964065,99.99985749964065,-0.26979772924319295,0.24394133708285304,-0.0007380786242141212,0.0009815086747288356,984.2897448317834,0.0,0,No decay recorded
570,218,proton,Proton,2212,4,23,26.026426216583108,23.35552726264251,2.6708989539405983,10.26225779795613,0.7222618023477353,0.9998839582385078,0.00011247260724948231,3.569154242625235e-06,0.9999964308457573,99.99964308457572,-0.2629868250410313,0.40489345581592157,-0.003769262596809503,0.004359759866682517,964.298439216583,0.0,0,No decay recorded
572,3,proton,Proton,2212,0,32,40.81998599901499,37.743727643047954,3.076258355967034,7.5361573030457825,1.6404877677134557,0.9998021587957311,0.00019016483379523318,7.676370473642192e-06,0.9999923236295263,99.99923236295263,-0.9631460187172349,0.5870131830105682,-0.01077580242996013,0.010319654834354262,979.092066999015,0.0,0,No decay recorded
576,3,proton,Proton,2212,0,24,27.269167029626715,23.967074772957094,3.30209225666962,12.109252376803612,0.779152188065185,0.998884871869682,0.0010740441484187139,4.108398189926807e-05,0.9999589160181007,99.99589160181007,-0.28292304269546376,0.4382165364119433,-0.010794945269130812,0.010710481273519964,965.5412480296268,0.0,0,No decay recorded
580,8,proton,Proton,2212,4,29,40.43914995567788,36.381387496337176,4.057762459340699,10.03424271723834,1.6018563318094954,0.9990159357375679,0.0009637984351629401,2.0265827269169614e-05,0.9999797341727308,99.99797341727307,-0.5722571632232397,0.9124010197831554,-0.025291981402834174,0.019379495639744768,978.7111629556777,0.0,0,No decay recorded
581,3,proton,Proton,2212,0,12,10.503067819902071,8.582067087956927,1.9210007319451432,18.289901244901742,0.14771454702961215,0.9998704681239413,0.00011784119091823872,1.1690685140420535e-05,0.9999883093148596,99.99883093148595,-0.0544315387690421,0.07879678217677356,-0.0006090789573879709,0.0007509537302805577,948.775148819902,0.0,0,No decay recorded
581,4,proton,Proton,2212,0,6,6.719401853301292,4.726571072163915,1.9928307811373778,29.65785980128998,0.06683263869866646,0.9999427195945447,3.485300919723054e-05,2.242739625797217e-05,0.999977572603742,99.9977572603742,-0.022386405513449534,0.03283920534213549,-0.0001875238735204231,0.00014171252822848385,944.9914828533012,0.0,0,No decay recorded
582,3,proton,Proton,2212,0,45,107.613352984431,106.0637972681176,1.549555716313405,1.4399288502213918,9.090980074407526,0.9999449738157236,5.160284403992084e-05,3.423340236676238e-06,0.9999965766597635,99.99965766597634,-5.327461139783889,3.298362370869798,-0.030688715430089126,0.04772212531666196,1045.8854339844318,0.0,0,No decay recorded
587,6,proton,Proton,2212,3,26,32.79181670988431,30.884841202223665,1.9069755076606438,5.8154006059866505,1.080671672011315,0.9997455964998634,0.00024228590763865178,1.2117592497916272e-05,0.999987882407502,99.9987882407502,-0.6282277974905575,0.38949159523864224,-0.012051098431285531,0.006311089594732342,971.0638297098844,0.0,0,No decay recorded
592,3,proton,Proton,2212,0,36,64.72885975973759,59.67716659440382,5.051693165333765,7.804390783469355,3.5880448493145294,0.9996954038723023,0.0002834972053037635,2.1098922393830062e-05,0.999978901077606,99.9978901077606,-2.1030165010897024,1.28814686724608,-0.02947445671193939,0.032411917860393755,1003.0009407597375,0.0,0,No decay recorded
594,3,proton,Proton,2212,0,46,108.29086590136909,106.03572297137556,2.2551429299935313,2.082486746432988,8.986524322489412,0.9999345482825112,6.227654101348844e-05,3.175176475239474e-06,0.9999968248235247,99.99968248235247,-5.252744811480193,3.2586820083268986,-0.04496359498251413,0.0527942605161138,1046.562946901369,0.0,0,No decay recorded
597,3,proton,Proton,2212,0,36,60.72626422267615,56.216292311296876,4.509971911379277,7.4267237893010085,3.2759125134927918,0.9994416137098512,0.0005355374191533585,2.284887099545471e-05,0.9999771511290045,99.99771511290045,-1.92679226653692,1.1710272943495263,-0.05457554409287185,0.034746314603009525,998.998345222676,0.0,0,No decay recorded
604,7,proton,Proton,2212,3,6,5.904371929693411,4.449055682250728,1.455316247442683,24.648112699740636,0.056111138265008215,0.9999606894333002,3.707227587300775e-05,2.2382908267618403e-06,0.9999977617091732,99.99977617091731,-0.028045991295010654,0.01988416831949439,-0.00015161830721834965,0.00014782667963020055,944.1763849296937,0.0,0,No decay recorded
604,9,proton,Proton,2212,3,4,3.240363857623151,1.2833132018321123,1.9570506557910388,60.3960154408882,0.020694587867936706,0.9999132913139064,8.648911696576247e-05,2.1956912765462643e-07,0.9999997804308721,99.99997804308721,-0.008007801080436259,0.007411019394653262,-6.385159871658175e-05,5.3145444636543317e-05,941.5123768576232,0.0,0,No decay recorded
609,3,proton,Proton,2212,0,15,13.544060798112126,12.394157622324746,1.149903175787379,8.490091656614988,0.23494257902624094,0.9981649285187001,0.0017734742126742202,6.159726862576357e-05,0.9999384027313744,99.99384027313744,-0.08591209461982978,0.1281744096741968,-0.003659445681054503,0.004654098979197538,951.816141798112,0.0,0,No decay recorded
609,4,proton,Proton,2212,0,6,4.924207021141684,2.7739895207867336,2.1502175003549504,43.66626933277106,0.040723682904585175,0.9992313784232576,0.0007659254093503355,2.6961673920875265e-06,0.999997303832608,99.9997303832608,-0.015873098806281617,0.017897685231463942,-0.0005846251978701845,0.000368422397074178,943.1962880211418,0.0,0,No decay recorded
611,3,proton,Proton,2212,0,30,43.50453673400896,38.72606523207704,4.778471501931917,10.98384642307069,1.7719221237362355,0.9996177107154023,0.00037888827457405633,3.4010100235868047e-06,0.9999965989899764,99.99965989899763,-0.6433221055928053,1.0043091490849398,-0.021457990749215946,0.0120232080949574,981.776617734009,0.0,0,No decay recorded
617,3,proton,Proton,2212,0,40,67.9827828529003,60.891331136042346,7.091451716857954,10.431246588128477,3.970085745504839,0.9997301673848582,0.00024248169607894612,2.735091906279918e-05,0.9999726490809372,99.99726490809373,-1.437324615998308,2.261098793451587,-0.035527547218952266,0.031016222189363875,1006.2548638529004,0.0,0,No decay recorded
618,3,proton,Proton,2212,0,36,56.19592833960161,51.83319387558972,4.362734464011884,7.76343516855373,2.8038322438850867,0.9937836968268827,0.0059648886297198975,0.0002514145433974348,0.9997485854566026,99.97485854566025,-1.5861440799206492,0.9941201934908689,-0.11318011971980924,0.1489693546859075,994.6956458055902,0.0,0,No decay recorded
618,1630,proton,Proton,2212,723,13,12.47011773367137,10.36074471412348,2.1093730195478897,16.9154218476401,0.19614287265874542,0.9996614806945913,0.000320876859842491,1.7642445566159934e-05,0.9999823575544338,99.99823575544337,-0.10931270598051915,0.06972895288113833,-0.0019223954387605265,0.0011774043405736818,950.7421307336714,0.0,0,No decay recorded
618,1631,proton,Proton,2212,723,10,10.02946837174295,8.600208629111668,1.4292597426312823,14.250603218990973,0.13247975375171855,0.9963898988715264,0.0036057143466040917,4.386781869537975e-06,0.9999956132181305,99.99956132181305,-0.07195706432794836,0.04680440421598733,-0.003429843186273998,0.00343959120464342,948.3014813717429,0.0,0,No decay recorded
618,1635,proton,Proton,2212,723,4,2.9337479138247318,0.4372997964239498,2.496448117400782,85.0941591006079,0.017293790914512056,0.9997531819600303,0.000245960799000362,8.572409694496708e-07,0.9999991427590307,99.99991427590307,-0.006983963055567844,0.005305282903869993,-0.00020286540580358474,6.425520412303571e-05,941.2057609138244,0.0,0,No decay recorded
619,13,proton,Proton,2212,11,37,68.78041068019898,61.738106487483364,7.042304192715623,10.238822541289382,3.9863544549251735,0.9995063896415095,0.00045136465774807324,4.2245700742413625e-05,0.9999577542992576,99.99577542992576,-1.4384776507385235,2.2720431221441606,-0.05115376973221594,0.03446726945368161,1007.0524236801992,0.0,0,No decay recorded
620,3,proton,Proton,2212,0,39,76.87255454884553,71.41236891855137,5.46018563029416,7.102906443449473,4.8988143343073896,0.9999240397817599,6.376278124714893e-05,1.2197436993058832e-05,0.9999878025630071,99.9987802563007,-2.885487664553969,1.7523513804512814,-0.021723866190569707,0.017360491219577404,1015.1446355488454,0.0,0,No decay recorded
620,225,proton,Proton,2212,5,8,8.539024372418567,6.996501439604076,1.542522932814491,18.064393138364956,0.1027952189145281,0.9998152961333446,0.00017001281547136647,1.4691051184031787e-05,0.999985308948816,99.9985308948816,-0.0546400326031591,0.03520987740692239,-0.0005476596491199516,0.0005419243241070936,946.8110373724188,0.0,0,No decay recorded
620,228,proton,Proton,2212,5,8,6.2338634623686175,4.231547980298879,2.0023154820697378,32.119976546758345,0.06075507690186639,0.999890816889743,0.00010452141412123964,4.661696135776227e-06,0.9999953383038642,99.99953383038643,-0.030512785481967137,0.0210227915460713,-0.00027186056372527085,0.0002533272261462659,944.5058764623687,0.0,0,No decay recorded
623,3,proton,Proton,2212,0,23,26.68518972722575,23.467387789905494,3.2178019373202575,12.058381335161625,0.7479411057783153,0.9990821265873625,0.0009116526748787089,6.220737758679171e-06,0.9999937792622412,99.99937792622411,-0.27016668549479916,0.42180937812097496,-0.008583305747612801,0.0101017085064165,964.9572707272258,0.0,0,No decay recorded
623,4,proton,Proton,2212,0,16,14.396801925425507,13.217892342379976,1.1789095830455316,8.188690718620748,0.2549087033526911,0.9993951280309172,0.000583628770072062,2.1243199010819705e-05,0.9999787568009892,99.99787568009893,-0.09359468010281866,0.13892512401818652,-0.0025034718800160394,0.0033286155737418,952.6688829254256,0.0,0,No decay recorded
628,308,proton,Proton,2212,16,41,81.94193250745967,75.05280640621764,6.889126101242033,8.407326859925929,5.553124951893583,0.999754644171396,0.00023699330605819215,8.362522545742125e-06,0.9999916374774542,99.99916374774543,-3.263755157216849,1.9973310237805824,-0.03270025611334449,0.05511574162953239,1020.2139455074596,0.0,0,No decay recorded
630,3,proton,Proton,2212,0,35,57.20144848301786,52.53351549898589,4.667932984031974,8.160515350267403,2.868451724390418,0.9998990257537267,8.944753372226429e-05,1.1526712551059519e-05,0.999988473287449,99.9988473287449,-1.0377457908007321,1.6324454847903447,-0.01716283710948731,0.01678548624432084,995.473529483018,0.0,0,No decay recorded
632,3,proton,Proton,2212,0,18,19.352969591389748,17.173842419686274,2.1791271717034735,11.25991110259885,0.4290275105767999,0.9997245060434609,0.00024256362762692808,3.293032891214031e-05,0.9999670696710878,99.99670696710878,-0.1555812763237223,0.23861297074691162,-0.0019327165486247577,0.004339205758112856,957.6250505913898,0.0,0,No decay recorded
632,4,proton,Proton,2212,0,36,60.76373155639021,56.40093272272032,4.36279883366989,7.179938956877767,3.2935441908524945,0.9990129939559539,0.0009720346006266275,1.4971443419548348e-05,0.9999850285565806,99.99850285565806,-1.9379827087848036,1.1755293331785885,-0.040434129879272245,0.05355211362696569,999.0358125563904,0.0,0,No decay recorded
636,13,proton,Proton,2212,5,48,123.05554132813552,114.01727863968846,9.038262688447068,7.344864433488581,11.326685744933382,0.9998928863847588,9.423225602749326e-05,1.2881359213750827e-05,0.9999871186407863,99.99871186407863,-6.694886890676693,4.047727902832727,-0.06503496740558679,0.05700135170314464,1061.3275543281354,0.0,0,No decay recorded
636,14,proton,Proton,2212,5,8,7.599552327279753,6.412127862550637,1.1874244647291161,15.624926490296998,0.08591500471505474,0.9999347555538953,6.370457788376121e-05,1.539868221047188e-06,0.9999984601317791,99.9998460131779,-0.031793348828584644,0.043863066584194255,-0.0003374447040955875,0.00029962688482603557,945.8715653272797,0.0,0,No decay recorded
640,3,proton,Proton,2212,0,21,23.628219389621904,22.12798827348293,1.5002311161389739,6.34931939390199,0.5993521329247624,0.9989677092217837,0.0009497946843636996,8.249609385247584e-05,0.9999175039061474,99.99175039061474,-0.34550203158683085,0.2135589266405825,-0.00737662267959834,0.008731359820572833,961.900300389622,0.0,0,No decay recorded
640,4,proton,Proton,2212,0,39,66.40505202742246,64.6427491440184,1.7623028834040655,2.653868688599641,3.8302014070104513,0.9995345455646589,0.00044842259313283524,1.703184220823875e-05,0.9999829681577918,99.99829681577917,-2.269043343312116,1.3535513920608133,-0.026964712188039544,0.04444704308321012,1004.6771330274224,0.0,0,No decay recorded
641,3,proton,Proton,2212,0,49,131.30396480942136,122.75364176493719,8.550323044484173,6.511854426402414,12.506333775933033,0.996712955254202,0.003254785814883564,3.2258930914475444e-05,0.9999677410690856,99.99677410690856,-4.5337685663116645,7.048258079967013,-0.3278331194421703,0.2870063149173727,1069.5976269215084,0.0,0,No decay recorded
646,3,proton,Proton,2212,0,14,13.993099371193352,12.574307146318334,1.4187922248750182,10.139227823935775,0.23836164063388532,0.9995094361722445,0.00027285572892804186,0.00021770809882741104,0.9997822919011725,99.97822919011725,-0.13345340095355604,0.08619866000195507,-0.0027867271033452695,0.0018361668154708577,952.2651803711932,0.0,0,No decay recorded
646,4,proton,Proton,2212,0,10,9.858126576082892,7.843915504420867,2.014211071662025,20.431986302029895,0.13034077011459747,0.9998427849092634,0.00013140940011374766,2.5805690622948177e-05,0.9999741943093772,99.99741943093771,-0.047864076461904416,0.06894946959301636,-0.0008767165742835221,0.0005988020347317576,948.1302075760829,0.0,0,No decay recorded
646,745,proton,Proton,2212,591,32,48.47167804455808,45.496389224686816,2.975288819871269,6.138200573820045,2.189466825840981,0.9988579561855586,0.001118108247091271,2.3935567350174525e-05,0.9999760644326499,99.99760644326498,-0.7905378486651804,1.2427486212491579,-0.03525811421915388,0.039306728194411125,986.7436910445584,0.0,0,No decay recorded
649,269,proton,Proton,2212,8,5,4.479630310177413,2.3882667210270196,2.091363589150393,46.68607550937761,0.03438237356501685,0.9997405625318935,0.00025786567798190334,1.5717901246897115e-06,0.9999984282098754,99.99984282098754,-0.013373924784230135,0.0145298730342522,-0.00037958470133797693,0.00015432302557965219,942.7516433101772,0.0,0,No decay recorded
653,3,proton,Proton,2212,0,37,60.79383592033036,57.05751190746361,3.7363240128667474,6.145892846378633,3.2121564461679,0.9969105085862797,0.0030665765541068547,2.2914859613352272e-05,0.9999770851403865,99.99770851403865,-1.1466053362758493,1.8128616063612075,-0.06438388323316449,0.10806234124059493,999.1113728350716,0.0,0,No decay recorded
657,3,proton,Proton,2212,0,40,82.91533031573965,78.18330633004376,4.732023985695896,5.707055580284681,5.588416809356545,0.9999390902238601,5.927193494172629e-05,1.6378411982355998e-06,0.9999983621588018,99.99983621588018,-3.2780622657466436,2.015134588486592,-0.016619244617568075,0.024174201367639717,1021.1874113157396,0.0,0,No decay recorded
657,4,proton,Proton,2212,0,17,17.104726595889932,15.708654838694516,1.3960717571954167,8.161906297472632,0.3375008870654678,0.9987370070945625,0.0010780821681568597,0.0001849107372807804,0.9998150892627193,99.98150892627193,-0.12409259110453148,0.1849495272187058,-0.005076360522336636,0.005563124798498882,955.37680759589,0.0,0,No decay recorded
657,298,proton,Proton,2212,8,3,3.2030061034522532,0.5978469246072926,2.6051591788449606,81.33481781496066,0.018672505731466272,0.9999833326290937,1.6667370906350577e-05,0.0,1.0,100.0,-0.006861396261294119,0.005944013697417291,-3.299376118912588e-05,2.0781098985722664e-05,941.4750191034524,0.0,0,No decay recorded
662,373,proton,Proton,2212,7,10,9.59517908545001,8.595328121412514,0.9998509640374962,10.420347084023224,0.1263148045431717,0.9998046124101465,0.00012684435289573708,6.854323695769482e-05,0.9999314567630423,99.99314567630422,-0.04635249209712181,0.06700390600252303,-0.0006403424739767004,0.0007841053480108321,947.86719208545,0.0,0,No decay recorded
664,199,proton,Proton,2212,5,31,45.10280019507194,40.359668014576236,4.743132180495705,10.51626985460196,1.9003618531204227,0.9997563256073131,0.0001719172984687317,7.175709421831975e-05,0.9999282429057819,99.99282429057818,-0.6827381007506154,1.0828072045145742,-0.011588291346939866,0.012133462869817124,983.374813195072,0.0,0,No decay recorded
666,11,proton,Proton,2212,4,20,22.531928984156362,20.57624949971251,1.9556794844438525,8.679591906307781,0.5553907039822513,0.9993491016550917,0.0006471439101378492,3.754434770425989e-06,0.9999962455652296,99.99962455652296,-0.3199951241700848,0.19965663761462968,-0.006671438935926044,0.007251161799269607,960.8039419841564,0.0,0,No decay recorded
666,12,proton,Proton,2212,4,19,18.120390427769504,16.04677495961844,2.0736154681510652,11.443547402672124,0.3816162617796746,0.9996710432940161,0.0003016796252531357,2.727708073073714e-05,0.9999727229192693,99.99727229192693,-0.21870433956934188,0.1372424174784577,-0.0024156427246467805,0.004061681827275882,956.3924034277694,0.0,0,No decay recorded
666,15,proton,Proton,2212,4,5,5.705562639541199,3.1838787017207135,2.5216839378204856,44.19693721955634,0.05089371940838933,0.999987769808015,1.1033397259925235e-05,1.1967947250473933e-06,0.9999988032052749,99.9998803205275,-0.024597327777988252,0.016417097637381153,-5.319185160289338e-05,7.25217216979828e-05,943.9775756395412,0.0,0,No decay recorded
666,17,proton,Proton,2212,4,3,2.4351612225004824,0.0423303251703806,2.392830897330102,98.2617033821311,0.012674665806577157,0.9999679934070508,3.200659294915881e-05,7.212464700147292e-17,0.9999999999999999,99.99999999999999,-0.005233235728048689,0.0030343689665314187,-0.00013248683552184606,6.248268053219824e-06,940.7071742225004,0.0,0,No decay recorded
667,3,proton,Proton,2212,0,35,56.735932831280586,52.47352723777569,4.262405593504895,7.51270910831817,2.890403457768659,0.9999447011132536,4.327221502888255e-05,1.2026671717480735e-05,0.9999879733282825,99.99879733282825,-1.7062351314210764,1.0284309658127695,-0.013597615954711135,0.007515256591893015,995.0080138312806,0.0,0,No decay recorded
667,4,proton,Proton,2212,0,13,10.888785142488588,9.447803476022052,1.4409816664665351,13.233631186676208,0.1542594480678459,0.9994445039048315,0.0005459937662910725,9.502328877422572e-06,0.9999904976711226,99.99904976711225,-0.05704783042774952,0.08191194512469244,-0.0013036984730480621,0.0020771679621461613,949.1608661424888,0.0,0,No decay recorded
668,3,proton,Proton,2212,0,15,15.542750640095393,13.388268179354114,2.1544824607412805,13.8616549324506,0.2963865945220509,0.9995209447472185,0.00044641571489739505,3.263953788403394e-05,0.9999673604621159,99.99673604621158,-0.10627399290284835,0.1640272698506241,-0.00362277792922864,0.0027135695640665572,953.8148316400952,0.0,0,No decay recorded
672,17,proton,Proton,2212,13,43,89.80174270325175,81.32569418753421,8.476048515717542,9.438623639773331,6.527695387196665,0.9998977055396491,7.235728780705008e-05,2.9937172543894518e-05,0.9999700628274562,99.99700628274562,-2.360686495543949,3.730199939062173,-0.0354061264614501,0.025518529274336992,1028.0737557032517,0.0,0,No decay recorded
672,18,proton,Proton,2212,13,29,36.6217278043406,34.20550768129258,2.416220123048022,6.597777516006874,1.354589517796868,0.9999052261035868,7.765918375067025e-05,1.7114712662342804e-05,0.9999828852873375,99.99828852873375,-0.8243556088101285,0.47956718153811323,-0.005433902048167469,0.004240910278076459,974.9654538902514,0.0,0,No decay recorded
672,19,proton,Proton,2212,13,9,8.890533187265078,7.170905328703553,1.7196278585615248,19.34223541311047,0.11080311589280054,0.9993783740766239,0.0006115753248641227,1.005059851202884e-05,0.999989949401488,99.9989949401488,-0.04044193879100378,0.05757026013517346,-0.0010829562083618511,0.0014668195540110567,947.1625461872652,0.0,0,No decay recorded
675,3,proton,Proton,2212,0,8,5.6432632697025165,4.597888978746294,1.0453742909562225,18.524287118919567,0.051401908607436236,0.999858634239826,0.00013705710256838616,4.308657605567645e-06,0.9999956913423944,99.99956913423944,-0.02491937437467013,0.016820319107047094,-0.0002551049048224907,0.00020255877892322633,943.9153442697024,0.0,0,No decay recorded
678,5,proton,Proton,2212,4,53,153.17339663639152,142.37359473062187,10.799801905769648,7.050703413861484,16.47594922391726,0.9990765377370202,0.0008644600790926279,5.900218388718697e-05,0.9999409978161128,99.99409978161128,-5.869431986366997,9.402533224878779,-0.16413481901156418,0.37022067813899723,1092.2892907481814,0.0,0,No decay recorded
685,832,proton,Proton,2212,175,27,32.29231624438955,30.27922584054329,2.0130904038462645,6.233961009830063,1.07552130383738,0.9994686501944177,0.0004964061644853428,3.4943641096994814e-05,0.999965056358903,99.9965056358903,-0.3873462126739167,0.6108100054425484,-0.010640772950357936,0.011772847287073281,970.5643292443896,0.0,0,No decay recorded
688,3,proton,Proton,2212,0,40,72.81979284932447,66.62920645676523,6.190586392559236,8.501241421228054,4.495186333597287,0.9993272817995612,0.0006578029322473622,1.4915268191423275e-05,0.9999850847318086,99.99850847318086,-1.6232052748903354,2.5625945539167567,-0.054747884542388915,0.05581617946975342,1011.0918738493244,0.0,0,No decay recorded
689,3,proton,Proton,2212,0,23,23.200225775782545,20.4476736055746,2.752552170207947,11.864333549207037,0.5926811024648484,0.9996375168313837,0.00033662301322362855,2.586015539264531e-05,0.9999741398446074,99.99741398446074,-0.215290701763893,0.33267094600906,-0.006334173671143426,0.004406025746594432,961.4723067757824,0.0,0,No decay recorded
689,4,proton,Proton,2212,0,33,48.24111929893831,43.21265518171487,5.028464117223435,10.423605816571717,2.1553109520451357,0.9999456652990708,3.073515547158677e-05,2.359954545765658e-05,0.9999764004545424,99.99764004545423,-0.7735374027701541,1.230300417873801,-0.005595873241962985,0.006918512038572956,986.5132002989384,0.0,0,No decay recorded
690,11,proton,Proton,2212,8,46,99.55369906690623,92.19584554218586,7.357853524720367,7.390838907729019,7.840493104455311,0.9996763011348427,0.00022106296538351535,0.00010263589977380488,0.9998973641002262,99.98973641002263,-4.618930862817601,2.8101124146315657,-0.04899178241941459,0.048343221428311094,1037.825712066906,0.0,0,No decay recorded
690,14,proton,Proton,2212,8,11,10.133981364623196,8.018647717118522,2.115333647504674,20.87366821976909,0.13973719355786926,0.9991890041016033,0.0007288484563496031,8.214744204719456e-05,0.9999178525579528,99.99178525579528,-0.05157799838548219,0.0741874874892502,-0.0012106012805369135,0.001869216583252077,948.405994364623,0.0,0,No decay recorded
693,3,proton,Proton,2212,0,29,38.04641004071142,33.9804741934333,4.065935847278119,10.686779233382019,1.4383600067653461,0.9955269750187652,0.004440109196593126,3.291578464167085e-05,0.9999670842153583,99.99670842153583,-0.5095975331042241,0.8124926986706918,-0.04856652143341636,0.04560007249114354,976.380279583308,0.0,0,No decay recorded
693,4,proton,Proton,2212,0,35,57.887133430123875,57.186309908541496,0.7008235215823793,1.210672355072393,3.011158541603511,0.9997504444748918,0.00019020301753438823,5.9352507573801095e-05,0.9999406474924262,99.99406474924261,-1.7701135227758409,1.0786157524968898,-0.02016933549298739,0.021592113668125416,996.159214430124,0.0,0,No decay recorded
694,3,proton,Proton,2212,0,14,14.08581168737226,12.769810695761045,1.3160009916112148,9.342741624119482,0.24184284039531187,0.9996759657349014,0.00031905257125170074,4.981693846967758e-06,0.9999950183061531,99.99950183061532,-0.134951232854142,0.08824103651704432,-0.002285844020991665,0.001362036229406176,952.3578926873722,0.0,0,No decay recorded
694,4,proton,Proton,2212,0,32,43.80309627022052,41.00352701217421,2.799569258046314,6.391258829685968,1.8520008202656857,0.9997098366391063,0.0002708905991672586,1.927276172642385e-05,0.9999807272382736,99.99807272382736,-0.6680237995029356,1.0548236847455692,-0.016192856335516204,0.012110410952804027,982.0751772702204,0.0,0,No decay recorded
694,7,proton,Proton,2212,5,35,53.54493225938916,50.84103263104097,2.7038996283481915,5.049776914927481,2.617018460473036,0.9998691652637864,0.00010868995357410689,2.2144782639478246e-05,0.9999778552173606,99.99778552173606,-1.5316430849018075,0.9441978822244653,-0.01428448357316602,0.012190767971808434,991.8169452593894,0.0,0,No decay recorded
696,3,proton,Proton,2212,0,15,15.86137096355537,14.287640070622555,1.5737308929328149,9.921783536547832,0.30671576047863636,0.9999507549533921,4.2513762627364645e-05,6.731283980451432e-06,0.9999932687160195,99.99932687160195,-0.17413693113314613,0.10914574273574476,-0.0008986989291258901,0.000861085516794602,954.1334519635552,0.0,0,No decay recorded
696,4,proton,Proton,2212,0,17,18.68236155590273,16.104893715627956,2.577467840274775,13.796263564230289,0.39662738640320827,0.9992884685975679,0.0006820874068557412,2.9443995576254306e-05,0.9999705560044236,99.99705560044237,-0.2254082634933317,0.14278877420597694,-0.00452912442627886,0.005437879854104442,956.9544425559028,0.0,0,No decay recorded
698,3,proton,Proton,2212,0,20,21.411747619824954,18.996443295006525,2.4153043248184276,11.280276452456024,0.5136268227688927,0.999237203650416,0.0007600727960603025,2.723553523606167e-06,0.9999972764464763,99.99972764464763,-0.2947142985323841,0.18452681492030976,-0.006657649199919422,0.006240308846271701,959.6838286198248,0.0,0,No decay recorded
702,151,proton,Proton,2212,5,8,7.060198810494514,6.264469221460403,0.7957295890341113,11.270639969108412,0.07487841569688783,0.9985324015943926,0.0014639161623287095,3.6822432786663686e-06,0.9999963177567213,99.99963177567213,-0.03874911359050783,0.026439115449487165,-0.0010482492639488736,0.0013550375874989745,945.3322118104946,0.0,0,No decay recorded
703,3,proton,Proton,2212,0,16,16.80199389281086,14.985584599379198,1.8164092934316605,10.810677024521805,0.3312773814986477,0.99811148944444,0.0017862198722737902,0.00010229068328638091,0.9998977093167137,99.98977093167137,-0.18820518021906826,0.11823397409286253,-0.0059280966287434955,0.006470578219976454,955.0740748928108,0.0,0,No decay recorded
703,4,proton,Proton,2212,0,22,26.68389118531695,23.961028158657125,2.722863026659824,10.204145294064547,0.7537970845884704,0.9997646669475825,0.00019872421468179004,3.660883773569872e-05,0.9999633911622643,99.99633911622642,-0.27027707871286255,0.424686128270864,-0.007558702092394263,0.004007297489641755,964.9559721853168,0.0,0,No decay recorded
708,3,proton,Proton,2212,0,23,26.688780359675775,24.53292251474352,2.155857844932252,8.07776832016479,0.7663204420749111,0.9998929298001111,9.317155351241466e-05,1.3898646376468732e-05,0.9999861013536235,99.99861013536236,-0.44587996850996303,0.2749261812322424,-0.006382124062605439,0.0031165588422364747,964.9608613596756,0.0,0,No decay recorded
708,4,proton,Proton,2212,0,19,20.558357401009175,18.648774121820225,1.9095832791889513,9.28859850979735,0.484757790204921,0.9990554793793066,0.0009229916947259747,2.1528925967426648e-05,0.9999784710740326,99.99784710740326,-0.27910631881938885,0.17369014426501578,-0.0070704545070391644,0.006327310219159276,958.8304384010092,0.0,0,No decay recorded
711,3,proton,Proton,2212,0,31,45.0616646858549,43.03144450704742,2.0302201788074807,4.505426492698522,1.9279173008733994,0.9998577562751829,0.00011502485514444412,2.7218869672560823e-05,0.9999727811303274,99.99727811303273,-1.129541374721465,0.6922860275858403,-0.014178681907220853,0.007689612152687318,983.3337456858552,0.0,0,No decay recorded
712,3,proton,Proton,2212,0,5,4.063984615282152,1.79889960730406,2.265085007978092,55.7355704413963,0.028853195859544205,0.9995075849425821,0.0004873104589424123,5.10459847538424e-06,0.9999948954015245,99.99948954015245,-0.011253799421439583,0.011501025850224302,-0.00046857200954414016,0.00018917344372754963,942.336065615282,0.0,0,No decay recorded
712,4,proton,Proton,2212,0,7,5.602121990391651,5.484579548861395,0.1175424415302565,2.0981771145265435,0.049564593154432846,0.999712134670499,0.0002854595961804176,2.4057333205389627e-06,0.9999975942666794,99.99975942666795,-0.023747945888087933,0.01816430004592346,-0.00028389217762241493,0.00047656137117673363,943.8742029903916,0.0,0,No decay recorded
712,6,proton,Proton,2212,5,9,9.21486009585271,7.377740278819024,1.8371198170336864,19.93649168760045,0.11964312287979131,0.9979831906159851,0.001976522826566214,4.0286557448729484e-05,0.9999597134425513,99.99597134425512,-0.041630253302049766,0.06295604743634012,-0.0024110358897440906,0.0018480421210945776,947.4868730958528,0.0,0,No decay recorded
713,3,proton,Proton,2212,0,33,51.103301792109384,49.50314808139452,1.600153710714861,3.1312139423483063,2.3710472248563157,0.9997497026527872,0.00015026225639085288,0.00010003509082188747,0.999899964909178,99.9899964909178,-1.3882988006080756,0.8494290906417926,-0.011230788216462732,0.02023872261011906,989.3753827921096,0.0,0,No decay recorded
714,11,proton,Proton,2212,4,23,23.936757510476237,21.219323827808786,2.7174336826674512,11.35255550580788,0.6229107255826414,0.9996587725573858,0.00030015743184230986,4.107001077199235e-05,0.9999589299892281,99.99589299892281,-0.22590370903341367,0.34951712744152336,-0.006611977945704871,0.004627306314456961,962.208770510476,0.0,0,No decay recorded
714,12,proton,Proton,2212,4,15,14.002825615229767,13.83483458020841,0.1679910350213579,1.199693830641205,0.24927823558564033,0.9998723878485539,0.000104131866879465,2.348028456648691e-05,0.9999765197154334,99.99765197154335,-0.1418270479373178,0.08957799380199888,-0.0012971330161376062,0.0013375184190274091,952.2748386152298,0.0,0,No decay recorded
714,13,proton,Proton,2212,4,13,13.630788688003465,10.894847343126248,2.735941344877217,20.071775797427883,0.2365082510803657,0.9996028184115788,0.0003800477941247531,1.7133794296474625e-05,0.9999828662057035,99.99828662057035,-0.13394743650023425,0.08236960442652498,-0.0020286628238759055,0.0016555529282323172,951.9028016880036,0.0,0,No decay recorded
714,15,proton,Proton,2212,4,6,5.586876010374794,3.1660795635352,2.4207964468395935,43.3300549778479,0.04981829737782095,0.9999678293038564,3.0812502579013666e-05,1.358193564487345e-06,0.9999986418064354,99.99986418064354,-0.02411162570555138,0.016291650713665336,-0.00022718733817583074,9.013893395264009e-05,943.8588890103744,0.0,0,No decay recorded
714,16,proton,Proton,2212,4,5,5.465779477644901,4.489128211319645,0.9766512663252552,17.86847183132378,0.04704089270462565,0.9999132013653256,8.464193834638758e-05,2.1566963279972516e-06,0.9999978433036719,99.99978433036719,-0.016289553457750062,0.02164621159880259,-0.00015762497808865755,0.00015865356695966135,943.7377924776448,0.0,0,No decay recorded
715,3,proton,Proton,2212,0,18,34.15313076813374,30.52888150643645,3.6242492616972957,10.611762904848733,2.030882921316731,0.9999776209149395,1.731169978254789e-05,5.067385278016683e-06,0.999994932614722,99.99949326147221,-0.855990866651846,1.0131862126840572,-0.003269396930050517,0.0051754238316035275,987.8940414912522,0.0,0,No decay recorded
715,4,proton,Proton,2212,0,43,82.87887260296303,74.55398922353342,8.324883379429615,10.044638781840753,5.628141929506275,0.998978550034706,0.0009726178903580957,4.883207493578129e-05,0.9999511679250641,99.99511679250641,-2.008655057704313,3.218811362188674,-0.1222317163595664,0.06738417002171149,1021.150953602963,0.0,0,No decay recorded
718,3,proton,Proton,2212,0,8,8.13787788060904,6.406391957826795,1.7314859227822446,21.27687276934979,0.09195447152033341,0.998969865931003,0.001014844968040081,1.52891009568329e-05,0.9999847108990431,99.9984710899043,-0.047646114187138135,0.033481173376465966,-0.0012558361116834183,0.0011482303838739752,946.4099588806092,0.0,0,No decay recorded
722,3,proton,Proton,2212,0,8,7.899271190905893,6.115573517987842,1.78369767291805,22.580534707702505,0.09085325567805803,0.9997169315956348,0.0002311039103713208,5.196449399393467e-05,0.9999480355060061,99.99480355060061,-0.04754548454090213,0.032687630757684855,-0.0005595221446449381,0.0007307600269493479,946.1713521909058,0.0,0,No decay recorded
727,151,proton,Proton,2212,4,6,6.627471511282919,5.226217126502583,1.401254384780336,21.143121964308328,0.06541560096327917,0.9999077659069804,7.673047070816023e-05,1.5503622311436344e-05,0.9999844963776885,99.99844963776884,-0.03267916738660057,0.02210279929081426,-0.00014449795576524255,0.00023529556970455212,944.8994845112828,0.0,0,No decay recorded
727,153,proton,Proton,2212,4,4,4.619854870545396,2.536561227394644,2.083293643150752,45.09435256144332,0.035642150551594115,0.9992633233585243,0.0007284652778651942,8.211363610472779e-06,0.9999917886363895,99.99917886363895,-0.011448547046874865,0.015360266028556372,-0.00027866315795139704,0.0003080742769753843,942.8918678705452,0.0,0,No decay recorded
728,3,proton,Proton,2212,0,38,60.31443278021212,56.790102957048134,3.524329823163991,5.843261157751032,3.1948167044838707,0.9953798977322224,0.004605570187741688,1.4532080035830367e-05,0.999985467919964,99.9985467919964,-1.8544296781705614,1.133281470770537,-0.13367782289944433,0.10221191715409159,998.6622151421616,0.0,0,No decay recorded
728,4,proton,Proton,2212,0,20,21.601818976751357,19.298582336889208,2.303236639862149,10.662234705054116,0.5309605730618536,0.9998697804481624,0.00011559439388118776,1.4625157956307102e-05,0.9999853748420436,99.99853748420436,-0.18888841161896236,0.30165127269817305,-0.0035025045882441956,0.0027826706886412726,959.8738999767512,0.0,0,No decay recorded
733,3,proton,Proton,2212,0,6,5.286438718092427,3.359100193680239,1.9273385244121877,36.45816450715717,0.0451195189690689,0.9944675232548329,0.00553235185910199,1.2488606503695617e-07,0.9999998751139348,99.99998751139348,-0.017043781165902216,0.02029573940668707,-0.0012405047945933953,0.0011495364242536969,943.5585197180924,0.0,0,No decay recorded
733,4,proton,Proton,2212,0,24,25.691488648895756,23.81729844164339,1.874190207252365,7.294984860026473,0.6973328088243381,0.9998025831685328,0.00018149384728495402,1.5922984182184894e-05,0.9999840770158177,99.99840770158177,-0.4031717800557168,0.2511455357878423,-0.006239369395504751,0.004598807947040608,963.9635696488956,0.0,0,No decay recorded
734,3,proton,Proton,2212,0,14,12.745669753655534,11.48806323403933,1.257606519616204,9.866931624016972,0.20605792863336858,0.9994540110535466,0.0005427793511637466,3.2095952896451493e-06,0.9999967904047103,99.99967904047104,-0.07588378497138913,0.11176358579425322,-0.0024291549952722576,0.0018742504563932464,951.0177507536556,0.0,0,No decay recorded
734,4,proton,Proton,2212,0,22,25.889985519969628,23.166027463158493,2.7239580568111332,10.521280727291533,0.7263979472988594,0.9997461263043765,0.00020681185021359847,4.7061845409740384e-05,0.9999529381545902,99.99529381545902,-0.26172105268699664,0.4083236028436586,-0.0050721132210732245,0.00512428120161035,964.1620665199696,0.0,0,No decay recorded
736,18,proton,Proton,2212,4,36,55.65131549651019,50.60552417458965,5.045791321920548,9.06679613393319,2.7786955332262053,0.998429074237151,0.0015571520314130592,1.3773731435891755e-05,0.999986226268564,99.9986226268564,-0.9744379705351442,1.580570577595475,-0.08150943197418029,0.03769392985694087,994.0048115510534,0.0,0,No decay recorded
736,19,proton,Proton,2212,4,30,43.25199747186843,38.971573653359584,4.280423818508846,9.896476622363812,1.8289352304515611,0.9996430925311488,0.0002970945045332014,5.9812964317907694e-05,0.999940187035682,99.9940187035682,-1.0779165335301948,0.6499111404786693,-0.012974693774398563,0.015889564645231526,981.5240104718685,0.0,0,No decay recorded
736,20,proton,Proton,2212,4,28,39.24017038966097,35.03271513701658,4.207455252644383,10.722316470248984,1.4927074679404095,0.9996606375660048,0.00031377819001954395,2.5584243975774487e-05,0.9999744157560243,99.99744157560244,-0.535510301181811,0.8501980214944773,-0.01765937618871794,0.011820156521592165,977.512183389661,0.0,0,No decay recorded
738,3,proton,Proton,2212,0,22,23.157340440325008,20.321432869296412,2.8359075710285957,12.246257631944173,0.5914866024078292,0.9973241154739646,0.0025254118567325846,0.00015047266930276587,0.9998495273306972,99.98495273306972,-0.2118885099448295,0.33100519231832926,-0.015399969693950306,0.014499130764770574,961.4294214403252,0.0,0,No decay recorded
739,3,proton,Proton,2212,0,22,22.69657828341587,20.64895965759526,2.04761862582061,9.02170626889949,0.5559076780468105,0.9996219727254851,0.000274250749863244,0.00010377652465151055,0.9998962234753483,99.98962234753483,-0.31970461273519885,0.20028982630771308,-0.004235687409388899,0.004150012177078931,960.968659283416,0.0,0,No decay recorded
741,3,proton,Proton,2212,0,10,10.14417655643399,8.21915024113525,1.9250263152987404,18.97666414409737,0.13874353469353282,0.9989900707157078,0.0009742053384538187,3.5723945838520085e-05,0.9999642760541616,99.99642760541616,-0.049905162144059205,0.07330384548292498,-0.0019634744828784267,0.001611252178247288,948.416257556434,0.0,0,No decay recorded
741,4,proton,Proton,2212,0,10,8.015808684012653,6.945926478568344,1.0698822054443087,13.347152453602895,0.09389455404200402,0.9995712315878753,0.00042606155370030857,2.7068584243384848e-06,0.9999972931415756,99.99972931415756,-0.034533975538377164,0.048643949541037824,-0.0006792354552583686,0.0010686410861936526,946.2878896840128,0.0,0,No decay recorded
742,3,proton,Proton,2212,0,22,25.893721627234978,23.00067105229342,2.893050574941559,11.172787815478223,0.7160315873614909,0.9995372412981236,0.00042773393520397076,3.5024766672294134e-05,0.9999649752333276,99.99649752333276,-0.2593595486891703,0.40294544532069404,-0.007127977007959044,0.007818188543353227,964.1658026272348,0.0,0,No decay recorded
742,4,proton,Proton,2212,0,25,30.823494198095883,27.469239272958234,3.354254925137649,10.882137189186219,0.9630323078947932,0.9996130329808228,0.00037128457432915074,1.5682444847824257e-05,0.9999843175551519,99.9984317555152,-0.35188719801325785,0.5405681301074219,-0.009960759651213569,0.008356702231213849,969.0955751980958,0.0,0,No decay recorded
743,3,proton,Proton,2212,0,4,3.134639110642525,1.3052914142708991,1.8293476963716258,58.35911668940588,0.01916732760035357,0.9999387051345467,6.128538000631353e-05,9.485446988859335e-09,0.999999990514553,99.9999990514553,-0.007609782367942579,0.006423549192915104,-4.616669553363685e-05,5.220966119136995e-05,941.4067201106424,0.0,0,No decay recorded
745,3,proton,Proton,2212,0,10,10.387592307552042,9.276681399198552,1.1109109083534905,10.69459481525695,0.1416852671084192,0.9982788742045576,0.0015863380559242243,0.00013478773951826106,0.9998652122604819,99.98652122604818,-0.0770783944211928,0.04995100732151611,-0.002096449694740405,0.0026732645994331137,948.659673307552,0.0,0,No decay recorded
745,4,proton,Proton,2212,0,24,29.74359542499883,27.80269526633151,1.940900158667319,6.525438942179921,0.9218962515544167,0.9987501297882819,0.0012385352331281277,1.133497858993095e-05,0.99998866502141,99.998866502141,-0.3287870342017395,0.523697228893878,-0.011162388934885276,0.01832372069249104,968.0156764249988,0.0,0,No decay recorded
746,3,proton,Proton,2212,0,21,20.390959352012143,18.81462929879727,1.5763300532148727,7.730534037180175,0.4797062692165445,0.9992778209183059,0.0007184518505015086,3.727231192475018e-06,0.9999962727688073,99.99962727688073,-0.27686152985380974,0.17278272783042642,-0.005561887543147343,0.0070944710556810784,958.663040352012,0.0,0,No decay recorded
746,5,proton,Proton,2212,4,6,6.17561823118308,4.271811038774043,1.9038071924090367,30.827799276774904,0.059434503074522624,0.997216692691404,0.0027638790273664757,1.9428281229540806e-05,0.9999805717187705,99.99805717187705,-0.029318922765775874,0.020725409561606265,-0.001294300043656224,0.0011559896116954914,944.4476312311832,0.0,0,No decay recorded
748,3,proton,Proton,2212,0,16,17.064523642056884,14.809516930663811,2.255006711393072,13.214589277109543,0.34788457398261824,0.9992895448039698,0.0007067616783597879,3.6935176702916383e-06,0.9999963064823296,99.99963064823297,-0.12335437708590737,0.19425721510235017,-0.004574126403904798,0.004349187415853206,955.336604642057,0.0,0,No decay recorded
748,6,proton,Proton,2212,4,13,11.877203654801065,10.400257087541027,1.4769465672600386,12.435137176948379,0.18341300060897767,0.9994076421143744,0.0005833076307513799,9.050254874281922e-06,0.9999909497451258,99.99909497451259,-0.10232624215110621,0.06571383084375863,-0.002195481113436232,0.0018617092022438894,950.1492166548012,0.0,0,No decay recorded
748,244,proton,Proton,2212,195,6,6.064769941157465,4.345905713930898,1.7188642272265673,28.341787799101922,0.05779391600903298,0.9999601072664925,2.5278179992772498e-05,1.4614553514621627e-05,0.9999853854464853,99.99853854464853,-0.02858134153953266,0.020587002596012073,-0.00012127253674112477,0.00013231457847415377,944.3367829411576,0.0,0,No decay recorded
748,1036,proton,Proton,2212,571,9,7.937084835865904,6.655726439823981,1.2813583960419224,16.14394229795493,0.09072893388811623,0.9997115281712987,0.00015882154695106367,0.0001296502817502394,0.9998703497182497,99.98703497182497,-0.04728718891273094,0.033575316672637676,-0.0006091895086673717,0.0004604773106432554,946.2090978358658,0.0,0,No decay recorded
749,3,proton,Proton,2212,0,19,18.6582395351802,15.920581815014685,2.737657720165516,14.67264751855956,0.40750322215950985,0.9996909194518717,0.0003020491648496799,7.031383278530523e-06,0.9999929686167214,99.99929686167214,-0.14623208202463056,0.22834826836030153,-0.0021774479109063806,0.003939969199659371,956.9303205351804,0.0,0,No decay recorded
749,4,proton,Proton,2212,0,24,26.634911339147607,24.40670873151387,2.228202607633737,8.365721887569256,0.7683429947683914,0.9996573250047486,0.00033592313875488634,6.751856496576205e-06,0.9999932481435034,99.99932481435035,-0.4496636380320485,0.27328775519335347,-0.005941359549893899,0.007010138209668355,964.9069923391476,0.0,0,No decay recorded
751,3,proton,Proton,2212,0,23,24.20984223628512,23.200943642147678,1.008898594137441,4.16730759453413,0.6409894409236514,0.999345315166355,0.0004428038071172327,0.00021188102652766857,0.9997881189734723,99.97881189734723,-0.3733766816413276,0.226772027755091,-0.005831096610336126,0.005608513349648495,962.4819232362852,0.0,0,No decay recorded
757,3,proton,Proton,2212,0,14,14.036732370077173,13.012783968389936,1.023948401687237,7.294777550009009,0.25200857657695463,0.9997422621026226,0.00025585758255560354,1.8803148216509375e-06,0.9999981196851783,99.99981196851783,-0.08937766389085175,0.14015026952747928,-0.0017365749044746528,0.0016629736775430188,952.3088133700772,0.0,0,No decay recorded
757,4,proton,Proton,2212,0,26,35.05704829585523,31.3214381943378,3.7356101015174294,10.655803278107381,1.2191539997554952,0.9998749490767669,0.0001201899305983938,4.860992634813255e-06,0.9999951390073653,99.99951390073653,-0.4347915075506195,0.6945218066462182,-0.007455616927975553,0.006148197169065317,973.3291292958552,0.0,0,No decay recorded
757,437,proton,Proton,2212,216,9,8.701146081895557,7.751620943873915,0.9495251380216412,10.912644484814647,0.10675305219912065,0.9988965484160195,0.0010398245428685899,6.362704111194442e-05,0.999936372958888,99.9936372958888,-0.03907788086031766,0.055575219786306564,-0.0014049769648967975,0.0017038268188782452,946.9731590818956,0.0,0,No decay recorded
764,228,proton,Proton,2212,6,9,9.431022620148951,7.012473103678381,2.41854951647057,25.64461579493457,0.12270734061353378,0.9995462050623565,0.0004359562288467601,1.7838708796788706e-05,0.9999821612912032,99.99821612912032,-0.06653956409283916,0.04236365492173464,-0.0011577771991319171,0.001190454978969994,947.7030356201489,0.0,0,No decay recorded
764,231,proton,Proton,2212,6,3,3.4581403793218897,2.298980076068232,1.1591603032536577,33.519758485945516,0.022533198808303168,0.9997405092515775,0.00025949074842256597,0.0,1.0,100.0,-0.008603463946440562,0.006678796954797094,-0.00012990340333615634,8.502764069147004e-05,941.730153379322,0.0,0,No decay recorded
770,3,proton,Proton,2212,0,45,98.49779353308371,93.47925123363254,5.018542299451166,5.095080934747563,7.65329341496068,0.9999250692207023,6.602983077259819e-05,8.900948524986202e-06,0.999991099051475,99.99910990514749,-4.496397716905742,2.7595050191305863,-0.023086173863651013,0.030422719932115358,1036.7698745330838,0.0,0,No decay recorded
770,4,proton,Proton,2212,0,17,16.15426779515929,14.91974082314477,1.234526972014519,7.642110355409929,0.3095409532954866,0.9993918838793654,0.0005900572992391651,1.8058821395440613e-05,0.9999819411786045,99.99819411786045,-0.1120352094930077,0.17068698838771296,-0.0026421485782800375,0.004581546953883439,954.4263487951594,0.0,0,No decay recorded
776,11,proton,Proton,2212,7,40,68.05231824056875,62.30958263628544,5.742735604283311,8.438706796118863,4.008926518115061,0.9998574693058465,0.00011958411027116534,2.2946583882368663e-05,0.9999770534161176,99.99770534161176,-1.4451283262345467,2.2899530656526284,-0.022564281426122122,0.026148624359750492,1006.3243312405688,0.0,0,No decay recorded
776,13,proton,Proton,2212,7,4,3.8877137013129186,1.7445808075678686,2.14313289374505,55.125790076087476,0.027692441875401735,0.9999448522803818,5.31766848687693e-05,1.9710347494460293e-06,0.9999980289652506,99.99980289652505,-0.010342675322826103,0.01107507707020967,-0.0001258283802982921,5.70016443178623e-05,942.1597267013128,0.0,0,No decay recorded
778,3,proton,Proton,2212,0,21,21.399094873709377,18.860863702446938,2.5382311712624386,11.861395008724754,0.5193166033170524,0.9997763157631491,0.00014851234653716596,7.51718903138262e-05,0.9999248281096862,99.99248281096862,-0.19043949079092665,0.2897018748195481,-0.002520709161522842,0.0033117847601054156,959.6711758737094,0.0,0,No decay recorded
781,3,proton,Proton,2212,0,48,118.44546737783932,111.04389698274379,7.401570395095538,6.2489266655385265,10.545132036811193,0.9997028118970627,0.00021276906055778372,8.441904237962935e-05,0.9999155809576205,99.99155809576204,-3.862775526043849,5.962290257570038,-0.06952545481409093,0.10947272083885135,1056.750004537077,0.0,0,No decay recorded
781,4,proton,Proton,2212,0,24,27.979473250591234,24.97159887417011,3.0078743764211247,10.750289505030498,0.8306970557504286,0.9983218281994962,0.0016296596403629084,4.8512160140959445e-05,0.9999514878398591,99.99514878398591,-0.48458438348995014,0.29340798282346214,-0.012710361336090433,0.016106393934301053,966.2515542505912,0.0,0,No decay recorded
781,403,proton,Proton,2212,305,24,28.313437912728887,26.53023071259212,1.7832072001367651,6.298094938640736,0.8538719363369363,0.999781276190196,0.00019776890735073618,2.095490245316894e-05,0.9999790450975466,99.99790450975466,-0.499560780247209,0.3044820477240681,-0.004170038036591016,0.005529755861667096,966.585450912729,0.0,0,No decay recorded
785,3,proton,Proton,2212,0,15,16.271003645502223,14.1225631522077,2.1484404932945234,13.204105537081695,0.31674062995758884,0.9997777045712793,0.00021163527736544477,1.0660151355067134e-05,0.9999893398486448,99.99893398486448,-0.11216817914104649,0.17552872304454994,-0.0022349303203940407,0.0019633268283855304,954.5430846455022,0.0,0,No decay recorded
786,3,proton,Proton,2212,0,7,6.843802646303331,4.2085393169504215,2.6352633293529095,38.50583462947083,0.07225799606729987,0.996966293855878,0.003002686970657935,3.101917346418666e-05,0.999968980826536,99.9968980826536,-0.03675002387390037,0.022515410410590752,-0.0016930026812326526,0.0011827805826259475,945.1696951765472,0.0,0,No decay recorded
786,4,proton,Proton,2212,0,16,15.83046808203892,13.50071551161613,2.329752570422789,14.71688997665269,0.2989334149975361,0.9991142547920754,0.0007068579175842389,0.00017888729034039574,0.9998211127096597,99.98211127096597,-0.1104089254851063,0.1629738989931534,-0.003256249353798437,0.004004810697306575,954.102549082039,0.0,0,No decay recorded
787,3,proton,Proton,2212,0,5,5.399974089531498,4.329075224635185,1.0708988648963134,19.83155561750528,0.04660346029797601,0.9997814732914734,0.0002164715140612386,2.0551944654024444e-06,0.9999979448055346,99.99979448055346,-0.022015558548735187,0.015914740963639092,-0.0002564632310405628,0.00029267612029534873,943.6720550895316,0.0,0,No decay recorded
787,4,proton,Proton,2212,0,23,27.190856171619426,24.669394027666755,2.5214621439526734,9.27319878431949,0.7755809561011636,0.999613092042015,0.0003684971815227825,1.841077646218145e-05,0.9999815892235377,99.99815892235378,-0.44829585461629895,0.2799367628104806,-0.007689828236138691,0.00883909691320738,965.4629371716196,0.0,0,No decay recorded
793,807,proton,Proton,2212,804,44,103.3105732391964,95.4224599421787,7.888113297017692,7.635339781489968,8.31708585533966,0.9996607841600295,0.00031308039106481755,2.6135448905713413e-05,0.9999738645510943,99.99738645510942,-4.863737767476195,3.0173534200317387,-0.059927772988518986,0.07788941212975388,1041.5825862391964,0.0,0,No decay recorded
793,809,proton,Proton,2212,804,3,3.7233706174331473,1.0383429238375221,2.685027693595625,72.1128238221597,0.025247547387895544,0.9999440011388162,5.599886118380047e-05,2.0807567302697453e-17,1.0,100.0,-0.009995962944902386,0.006903877041727815,-3.707877790094532e-05,7.260310373472344e-05,941.9953836174328,0.0,0,No decay recorded
793,847,proton,Proton,2212,808,8,8.408948468382505,6.974378885460759,1.4345695829217466,17.06003536965059,0.10106643731387188,0.9992078295761151,0.0007710069849895638,2.1163438895358652e-05,0.9999788365611046,99.99788365611046,-0.05379509367197286,0.03454273568537775,-0.001039832117503503,0.0012511305675817293,946.6809614683824,0.0,0,No decay recorded
795,3,proton,Proton,2212,0,17,17.458658528814567,15.26081853749971,2.1978399913148587,12.588825124722174,0.36339219696269576,0.9996824211674427,0.00026063034842527613,5.694848413207999e-05,0.9999430515158679,99.99430515158679,-0.1321560356974122,0.2015474245505106,-0.0023461294675693623,0.0031637667888398035,955.7307395288148,0.0,0,No decay recorded
797,3,proton,Proton,2212,0,42,92.96561506676153,85.84899536707603,7.116619699685499,7.6551095741956106,6.824883786229448,0.9999252360541513,7.345244850401737e-05,1.3114973447520155e-06,0.9999986885026553,99.99986885026553,-4.00538244123953,2.4597190725225824,-0.025159374280989775,0.025097116901618973,1031.2376960667616,0.0,0,No decay recorded
797,4,proton,Proton,2212,0,5,4.6355489506377126,2.649202033071751,1.9863469175659616,42.85030616045377,0.03679617930156873,0.999346289717779,0.0006524596826110415,1.2505996100155977e-06,0.99999874940039,99.999874940039,-0.014028704246513826,0.016083390146950646,-0.00029935845940373164,0.0003783867930608682,942.9076299506376,0.0,0,No decay recorded
797,1580,proton,Proton,2212,1456,23,24.18253898315925,21.546482845212836,2.636056137946417,10.900659106895969,0.6471152704000586,0.999504567468258,0.00048775852264232436,7.674009099734583e-06,0.9999923259909004,99.99923259909004,-0.3794783180007798,0.22803408737298636,-0.006923514790181706,0.007000673406173125,962.4545519831591,0.0,0,No decay recorded
798,3,proton,Proton,2212,0,4,19.04036872285667,7.913302052428325,11.127066670428345,58.43934449163821,2.257442366210049,0.9999896129193613,1.0293737431260339e-05,9.334320750753445e-08,0.9999999066567925,99.99999066567925,-0.9440318563932846,0.7782448393545139,-0.003334250998178717,0.0022086668365804848,1033.073084092218,0.0,0,No decay recorded
798,486,proton,Proton,2212,3,11,11.103543071613784,9.136471760410238,1.9670713112035454,17.715708387103614,0.16396476549099495,0.9995468955711299,0.00044809570870423573,5.0087201657450775e-06,0.999994991279834,99.9994991279834,-0.09081487798905219,0.058080827876563955,-0.001830624686227491,0.0013240535959593333,949.3755560716138,0.0,0,No decay recorded
799,6,proton,Proton,2212,2,46,110.02659989443475,103.42511086328282,6.601489031151934,5.999902784859067,9.184618155150057,0.9981480503140093,0.001811201087869835,4.074859812081293e-05,0.9999592514018791,99.99592514018791,-3.3326601732122043,5.197044398808432,-0.1969156002378384,0.19743329138190216,1048.2986128944349,0.0,0,No decay recorded
801,3,proton,Proton,2212,0,38,71.71635890538727,63.99709939617121,7.719259509216055,10.763596516939444,4.298697359388607,0.9990771068244229,0.0009064745298942654,1.6418645682800684e-05,0.9999835813543171,99.99835813543172,-1.551375273852894,2.4415382863558817,-0.08425846925487022,0.04459873075647858,1010.0128068542944,0.0,0,No decay recorded
802,3,proton,Proton,2212,0,19,21.27499890004185,18.360740900827484,2.9142579992143682,13.698040657518602,0.5000181033315664,0.9997000376516815,0.0002511620609287571,4.880028738976075e-05,0.9999511997126103,99.99511997126103,-0.1812939158714127,0.27884333720852345,-0.004688379967118118,0.002229078579161511,959.5470799000418,0.0,0,No decay recorded
802,4,proton,Proton,2212,0,35,56.18408963224037,50.965836755150036,5.218252877090335,9.287776862181143,2.8315354552463696,0.9923875109762912,0.007522932458596139,8.955656511277844e-05,0.9999104434348873,99.99104434348874,-1.5118676439231384,0.991753178026466,-0.10683371882835069,0.19673274493905948,995.5726450971288,0.0,0,No decay recorded
804,3,proton,Proton,2212,0,31,43.08273798658764,41.94779155127667,1.1349464353109633,2.634341474918077,1.7995381663519083,0.999413552970106,0.0005111900754854312,7.525695440840182e-05,0.9999247430455914,99.99247430455914,-1.0648068072872106,0.6337713176569187,-0.01243594013438465,0.022671405083374303,981.3548189865876,0.0,0,No decay recorded
806,439,proton,Proton,2212,4,18,18.946298589153688,16.966793510697126,1.9795050784565622,10.447977841908301,0.41419506829961594,0.999781701137692,0.00020767906319558535,1.061979911232932e-05,0.9999893802008877,99.99893802008877,-0.23615958898613099,0.15047426441706294,-0.0025077127336537003,0.002529299880453224,957.2183115891536,0.0,0,No decay recorded
806,441,proton,Proton,2212,4,9,6.202504254415202,5.1125034276113555,1.0900008268038468,17.5735603248952,0.059118406985494254,0.9999327523460547,4.6302429478364186e-05,2.0945224466751403e-05,0.9999790547755331,99.9979054775533,-0.029340896700653988,0.021671246951436428,-0.0001362950214550293,0.00019902329947957408,944.4745172544152,0.0,0,No decay recorded
810,3,proton,Proton,2212,0,17,18.235324264297674,15.836379958312037,2.398944305985636,13.155479284141101,0.389766257534321,0.9997765601986608,0.00020565867255724856,1.7781128781944647e-05,0.9999822188712181,99.9982218871218,-0.22325103577305894,0.13945000880884706,-0.0034316477717126746,0.0021989734988166806,956.5074052642976,0.0,0,No decay recorded
812,3,proton,Proton,2212,0,22,23.63581200049089,23.34150314033164,0.2943088601592498,1.2451819305092515,0.6096599502144636,0.999945524689628,4.436127453937012e-05,1.0114035832552176e-05,0.9999898859641674,99.99898859641674,-0.353295295576915,0.21787764079645885,-0.001687998982291943,0.00225234235980098,961.907893000491,0.0,0,No decay recorded
812,4,proton,Proton,2212,0,7,7.231012582464471,5.230791208075031,2.00022137438944,27.661705073506116,0.07724524901399402,0.9992313701388784,0.0007610375552033356,7.5923059182750644e-06,0.9999924076940817,99.99924076940817,-0.027381609487207005,0.03878185570452466,-0.0007725941885559241,0.0009228199940530399,945.5030935824644,0.0,0,No decay recorded
813,3,proton,Proton,2212,0,41,86.72321153219515,77.8241045961814,8.899106936013755,10.261505286517265,6.071607352532367,0.9993958103537275,0.0005834681899078268,2.0721456364756586e-05,0.9999792785436353,99.99792785436354,-2.2158915073232235,3.445009780492646,-0.0981404582180377,0.05647947212856928,1024.9952925321954,0.0,0,No decay recorded
816,11,proton,Proton,2212,5,41,83.21573996932467,75.55909678184662,7.656643187478054,9.20095548065844,5.718553338592297,0.9998715599194652,0.00010153294361804175,2.6907136916789875e-05,0.9999730928630832,99.99730928630832,-2.0488042945855987,3.27370804896142,-0.028846911799571898,0.01805229511544896,1021.4877529693244,0.0,0,No decay recorded
816,14,proton,Proton,2212,5,3,3.4685069185782136,1.200113854626736,2.2683930639514776,65.39969840629067,0.022740065074238373,0.9999682226568507,3.177734314939283e-05,3.9905214283190645e-17,1.0,100.0,-0.006924212807104481,0.00833999066411801,-2.913335810876723e-05,4.615011184970923e-05,941.7405199185782,0.0,0,No decay recorded
818,962,proton,Proton,2212,212,7,4.636105411168727,2.55408532363517,2.0820200875335573,44.908816838327574,0.03660979709097363,0.9998287441209233,0.0001699751227773132,1.2807562993819503e-06,0.9999987192437005,99.99987192437005,-0.014055255938874228,0.015888383226768853,-0.00036361002646470927,0.0001384317550053282,942.9081184111686,0.0,0,No decay recorded
819,3,proton,Proton,2212,0,31,39.5184398529227,36.66437388582222,2.8540659671004716,7.22211195007333,1.5269642200162101,0.9990400491351245,0.0009397910530392895,2.015981183626903e-05,0.9999798401881638,99.99798401881638,-0.8978529509646653,0.5408183151577911,-0.02968570717188196,0.022896692662465867,977.8075187202946,0.0,0,No decay recorded
820,3,proton,Proton,2212,0,42,72.73538239711242,65.46893619794518,7.2664461991672304,9.990249531506839,4.470711813633783,0.9991032988921161,0.0008661717910108113,3.0529316873063486e-05,0.9999694706831269,99.99694706831269,-1.6154537006142182,2.544738639973735,-0.07392467632007205,0.048997461728555555,1011.0074633971124,0.0,0,No decay recorded
820,4,proton,Proton,2212,0,23,27.496152519802543,25.70138896303048,1.7947635567720603,6.527326161285598,0.7927439240350583,0.9997624953333268,0.00021651744472639005,2.0987221946737882e-05,0.9999790127780532,99.99790127780533,-0.4631418201262979,0.2811960716757885,-0.0075806686411814764,0.005435318291832196,965.7682335198026,0.0,0,No decay recorded
821,3,proton,Proton,2212,0,19,21.300608882890398,18.815600437771085,2.4850084451193117,11.66637281958349,0.5055599024015685,0.9998937358460711,7.845312890252144e-05,2.7811025026360133e-05,0.9999721889749736,99.99721889749736,-0.18158657803305742,0.2834555804990583,-0.002640602141941116,0.0022019891829378156,959.5726898828904,0.0,0,No decay recorded
821,4,proton,Proton,2212,0,43,98.92172192842045,97.40284835491607,1.5188735735043766,1.5354297760843976,7.630990377741828,0.9996429677769652,0.0002928930391502481,6.413918388466129e-05,0.9999358608161154,99.99358608161154,-4.461631505010031,2.7597544739832256,-0.047134989052020085,0.07907870211702808,1037.1938029284204,0.0,0,No decay recorded
823,21,proton,Proton,2212,17,51,127.17484037710108,120.88203202330158,6.2928083537994945,4.948155102959004,11.630797032412413,0.999492483270053,0.0004662682329333675,4.124849701362195e-05,0.9999587515029864,99.99587515029864,-7.274040952394741,4.240748924246837,-0.17234446266849077,0.09610592386566805,1065.7301444421998,0.0,0,No decay recorded
823,22,proton,Proton,2212,17,38,72.2500302980301,66.6954358202998,5.5545944777302925,7.688016814411965,4.372493719074038,0.9996548580995188,0.0003339495212312784,1.1192379249929252e-05,0.99998880762075,99.998880762075,-1.5836166169355381,2.485391555888775,-0.025752312254446116,0.03991655412289994,1010.52204329803,0.0,0,No decay recorded
823,25,proton,Proton,2212,17,5,5.20622870151999,3.43481992369086,1.77140877782913,34.02479759123829,0.04428788003450452,0.9994056726935037,0.0005706266664957946,2.3700640000567245e-05,0.9999762993599994,99.99762993599994,-0.015655226042493343,0.020321518948697794,-0.00040395316148519585,0.000472045510508403,943.47824170152,0.0,0,No decay recorded
825,3,proton,Proton,2212,0,20,21.99370701484645,20.50981918824107,1.483887826605378,6.746874574639494,0.5427598230565097,0.999565556758164,0.000423427322498575,1.1015919337374193e-05,0.9999889840806626,99.99889840806627,-0.19593714332972692,0.30531905703631684,-0.005112441657664239,0.005565460299964386,960.2657880148464,0.0,0,No decay recorded
825,4,proton,Proton,2212,0,26,33.081632048027124,30.36752663717505,2.714105410852073,8.20426696878739,1.1222603844015355,0.9974722949564536,0.002505729613796497,2.1975429749897214e-05,0.9999780245702501,99.997802457025,-0.39680379818380024,0.640121585339733,-0.025732578985305968,0.024195893478764788,971.3537130480272,0.0,0,No decay recorded
825,804,proton,Proton,2212,642,17,16.669346132550345,15.211889201420734,1.457456931129611,8.743335938556253,0.3246170677652033,0.9997795151740119,0.00021574940331472214,4.735422673379722e-06,0.9999952645773266,99.99952645773266,-0.1841802788252488,0.11725285552206344,-0.0024790008793604272,0.002609312329920656,954.9413591325502,0.0,0,No decay recorded
825,810,proton,Proton,2212,642,6,3.6998911585059204,2.177433224124546,1.522457934381374,41.14872219636236,0.02540652406074777,0.9999489084824115,4.325922582500045e-05,7.832291763563161e-06,0.9999921677082365,99.99921677082365,-0.009967861879527988,0.009640188063167491,-6.945303348146658e-05,6.093505921112122e-05,941.971904158506,0.0,0,No decay recorded
831,3,proton,Proton,2212,0,36,53.00223267587613,48.96519449548689,4.03703818038924,7.616732308385739,2.545965340187927,0.9994128468074718,0.000576285971053728,1.0867221474457181e-05,0.9999891327785255,99.99891327785255,-1.5764109913222988,0.9025598471223036,-0.04404660493115887,0.03352932286602578,991.2743136758764,0.0,0,No decay recorded
833,3,proton,Proton,2212,0,6,6.5496970841895745,4.093683888508704,2.45601319568087,37.498118830708705,0.0659816594615315,0.9997650730539918,0.00023194729152331973,2.979654484926365e-06,0.9999970203455151,99.9997020345515,-0.03351970433469982,0.021701009753553366,-0.00033113207927522163,0.0004173781975887995,944.8217780841898,0.0,0,No decay recorded
833,191,proton,Proton,2212,8,29,36.94290137131996,34.00076467037936,2.9421367009406008,7.964010924233152,1.3724330523942372,0.9998513499490264,0.0001273747218723449,2.1275329101280748e-05,0.9999787246708987,99.99787246708986,-0.8086830292012849,0.48679224683846584,-0.006347383496765226,0.008372319120111521,975.21491437132,0.0,0,No decay recorded
837,3,proton,Proton,2212,0,21,24.198175731162454,21.312030150903247,2.8861455802592086,11.92712050827214,0.6334034349716098,0.9995065556372591,0.0004486658024748964,4.477856026595283e-05,0.999955221439734,99.9955221439734,-0.22944105425325212,0.35531366638815604,-0.00717067525397436,0.0046834032236940095,962.4702567311624,0.0,0,No decay recorded
838,7,proton,Proton,2212,6,48,128.4376422271713,119.34429128575003,9.093350941421258,7.079973428146237,12.074716417567181,0.9998973526416828,9.210142629710939e-05,1.0545932020178716e-05,0.9999894540679799,99.99894540679799,-7.064444978222336,4.373728957952653,-0.048960985612241645,0.06919200312137014,1066.7096552271714,0.0,0,No decay recorded
838,8,proton,Proton,2212,6,43,95.1130295934571,89.44589146343495,5.667138130022155,5.9583194376682975,7.303719889216404,0.9999397042460887,5.035555933210307e-05,9.940194579172146e-06,0.9999900598054208,99.99900598054208,-2.5984307172304733,4.208735086959937,-0.022754463347573393,0.027276300192750274,1033.3850425934572,0.0,0,No decay recorded
840,3,proton,Proton,2212,0,16,15.421524819229491,13.165135721108438,2.256389098121052,14.6314266881541,0.28420341377483893,0.999419583260077,0.0005244078874386504,5.60088524844841e-05,0.9999439911475156,99.99439911475156,-0.10323788775591254,0.15636719747857847,-0.0032029999343690515,0.002874241130168168,953.6936058192294,0.0,0,No decay recorded
840,4,proton,Proton,2212,0,24,26.2365869511766,24.274624537419236,1.9619624137573646,7.477963568235307,0.725116213353542,0.9994473077365165,0.0005303607116300286,2.233155185345994e-05,0.9999776684481465,99.99776684481465,-0.26583044809119616,0.4056344622245388,-0.005623616615007202,0.00825537859610245,964.5086679511768,0.0,0,No decay recorded
843,3,proton,Proton,2212,0,10,8.660889850298418,6.703599032263346,1.9572908180350714,22.599188442139482,0.10630147142005798,0.9985602283132134,0.0013534327844841266,8.633890230240178e-05,0.9999136610976975,99.99136610976976,-0.0397291315441049,0.054741646049588026,-0.0021178242265949593,0.0014953843188721468,946.9329708502984,0.0,0,No decay recorded
851,16,proton,Proton,2212,4,42,82.67424629259506,75.82137909142374,6.852867201171325,8.288998700899098,5.636028551429506,0.9997970150920743,0.00019436038706296878,8.62452086274005e-06,0.9999913754791373,99.99913754791373,-3.274367164547585,2.065855876786756,-0.03607440269703293,0.03608828697493454,1020.9462592925948,0.0,0,No decay recorded
852,5,proton,Proton,2212,3,16,14.292797874573466,13.129871965400032,1.1629259091734356,8.1364468970925,0.25275311718486215,0.9997966637137704,0.00016233017253149346,4.100611369811542e-05,0.9999589938863019,99.99589938863019,-0.14218522220092772,0.09201615400894977,-0.0022759932860123584,0.0014008632561876655,952.5648108745734,0.0,0,No decay recorded
852,823,proton,Proton,2212,817,49,121.256172103656,111.87123734799039,9.384934755665613,7.739758391550485,11.038685042482781,0.9988705866899588,0.0010423606176660403,8.705269237525952e-05,0.9999129473076248,99.99129473076248,-3.977831046861966,6.282920621932258,-0.13467886460632056,0.20080867456265672,1059.5281851036557,0.0,0,No decay recorded
852,824,proton,Proton,2212,817,41,71.66220484990912,67.00616219372834,4.6560426561807695,6.497208208891266,4.4368583912022705,0.9989591770652055,0.0010299605508378936,1.0862383956503275e-05,0.9999891376160435,99.99891376160434,-2.6098581083523675,1.5833665086499928,-0.08702127619291092,0.05468395947888435,1009.9342178499091,0.0,0,No decay recorded
855,15,proton,Proton,2212,11,6,6.295773696963806,4.351377070770701,1.9443966261931056,30.884156892913868,0.06153927708472201,0.9996906278792272,0.00030842591337132776,9.462074013363261e-07,0.9999990537925986,99.99990537925986,-0.02148902067799882,0.029927857692343775,-0.0004586800114359466,0.00044480724934769145,944.5677866969638,0.0,0,No decay recorded
855,16,proton,Proton,2212,11,4,3.236197124379828,1.9764820221151522,1.2597151022646758,38.92578399426402,0.019667500045138085,0.9999472032675477,5.247009962531405e-05,3.266328269970794e-07,0.999999673367173,99.9999673367173,-0.007888653006910013,0.006498198216395012,-3.879952557743497e-05,0.00010742756702923105,941.5082101243796,0.0,0,No decay recorded
855,853,proton,Proton,2212,10,30,38.20479499002169,35.82158655126111,2.3832084387605756,6.237982534346855,1.4241322260482185,0.9994987751749685,0.000495158423207028,6.0664018244151e-06,0.9999939335981756,99.99939335981756,-0.5110141042910098,0.8101440222911529,-0.012298975471488694,0.01938310502075622,976.4768079900216,0.0,0,No decay recorded
858,3,proton,Proton,2212,0,36,56.247716194296224,52.8599375828904,3.3877786114058206,6.0229620696126265,2.8675943006036166,0.9998158290690814,0.00016195047754941197,2.222045336924509e-05,0.9999777795466308,99.99777795466308,-1.0265999601634672,1.6444140658022968,-0.01329831664967969,0.022893915285499604,994.5197971942964,0.0,0,No decay recorded
861,3,proton,Proton,2212,0,16,16.23597546351118,13.539995498811127,2.6959799647000553,16.604976835294035,0.31127454516466274,0.9998544734253444,0.00013901281735525188,6.5137573002479485e-06,0.9999934862426997,99.99934862426997,-0.17622642665613386,0.11133124032553489,-0.0017339852328980849,0.0022591606634736806,954.5080564635113,0.0,0,No decay recorded
861,4,proton,Proton,2212,0,35,53.38824698659697,49.088015013175685,4.300231973421283,8.054641641447507,2.623608680298878,0.9991074131495772,0.0008593218888829094,3.326496153992183e-05,0.9999667350384601,99.99667350384601,-1.5423586211035434,0.9354608072094491,-0.05041342041234845,0.03031025379407698,991.6603279865968,0.0,0,No decay recorded
863,3,proton,Proton,2212,0,30,40.04008943419303,37.65132931772519,2.3887601164678336,5.965921031205052,1.5643938683362721,0.9985179150484579,0.001326436308627422,0.0001556486429147306,0.9998443513570853,99.98443513570852,-0.5587761570690407,0.8899702267742624,-0.031633538972904184,0.029894672294358906,978.326558453465,0.0,0,No decay recorded
863,481,proton,Proton,2212,352,32,45.393705150560905,42.4944310185412,2.8992741320197033,6.386951940590553,2.006445306236647,0.8757919213411245,0.12419677353056431,1.1305128311276686e-05,0.9999886948716888,99.99886948716889,-0.9553973325757118,0.360312895087535,-0.2742954189341926,0.23032590279401774,985.2216762727344,0.0,0,No decay recorded
864,3,proton,Proton,2212,0,23,28.827006729778187,25.705385081416562,3.121621648361625,10.828809517489729,0.8568745534646268,0.9992113205285484,0.0007380040335768376,5.067543787477346e-05,0.9999493245621253,99.99493245621252,-0.30696304967268234,0.4831200806640988,-0.011812452032105528,0.009169085859474372,967.0990877297784,0.0,0,No decay recorded
864,4,proton,Proton,2212,0,21,23.687984580921242,22.030377536864542,1.6576070440566992,6.997670225569835,0.6112901088446964,0.9998501013925782,0.00012701723774544824,2.288136967640596e-05,0.9999771186303237,99.99771186303236,-0.3517731324266167,0.22138491660766538,-0.004597260091851844,0.0024027281311633495,961.9600655809212,0.0,0,No decay recorded
864,10,proton,Proton,2212,5,24,26.200940470131172,23.259081594238893,2.9418588758922795,11.228065951472129,0.729977283298918,0.9995099474592987,0.0004688652277533714,2.1187312947983346e-05,0.999978812687052,99.9978812687052,-0.2624467752304415,0.4119054992435269,-0.010460906552310727,0.0061642962740954274,964.4729534701312,0.0,0,No decay recorded
869,6,proton,Proton,2212,4,13,12.839961557638503,11.188621524403077,1.6513400332354269,12.860942190695605,0.2113779230191665,0.9998148988992698,0.00014513645196266022,3.99646487676243e-05,0.9999600353512325,99.99600353512325,-0.11848026295289071,0.0761196960408366,-0.001473988150152001,0.001067938474712119,951.1119745576384,0.0,0,No decay recorded
871,5,proton,Proton,2212,2,44,94.59149333546047,85.17112288668892,9.420370448771555,9.95900383490409,7.058374750119552,0.9957537754770831,0.004220418580474415,2.5805942442520177e-05,0.9999741940575575,99.99741940575575,-2.5486077234979994,3.9696925318788026,-0.2297284510017088,0.2362823119763857,1032.9535437363518,0.0,0,No decay recorded
877,3,proton,Proton,2212,0,19,20.575492838643644,18.02633780430802,2.5491550343356217,12.389278129697837,0.4866711366105744,0.9995635329001198,0.00029252307077449715,0.0001439440291058877,0.9998560559708943,99.98560559708943,-0.17574112068848527,0.2722562484978263,-0.005365374601373879,0.0035105432944826367,958.8475738386436,0.0,0,No decay recorded
877,243,proton,Proton,2212,239,12,11.433055538663213,8.94112086770017,2.491934670963044,21.795876548802354,0.17309607238534166,0.9992896254205161,0.000700690324190995,9.68425529294728e-06,0.9999903157447071,99.9990315744707,-0.09618452252897959,0.06031169961619883,-0.0025949444818380916,0.0015732331302114925,949.7050685386632,0.0,0,No decay recorded
877,244,proton,Proton,2212,239,5,4.882251983865444,4.414706816532016,0.4675451673334279,9.57642434021311,0.04023725802386717,0.9986751949762538,0.0013002840002165777,2.4521023529688338e-05,0.9999754789764703,99.99754789764704,-0.01843817256441528,0.014565013069611995,-0.0004801479860862489,0.00051719879045182,943.1542649838656,0.0,0,No decay recorded
878,3,proton,Proton,2212,0,5,4.958833260232041,2.906210387791959,2.0526228724400815,41.393262582578394,0.04116569479495019,0.9998450959378187,0.0001535420961611965,1.3619660201606976e-06,0.9999986380339798,99.99986380339799,-0.015190762946518017,0.018555134737358807,-0.0002389780893846481,0.00021453479139329904,943.230914260232,0.0,0,No decay recorded
884,144,proton,Proton,2212,4,8,8.233231443803675,6.251621084386322,1.9816103594173522,24.06843987009148,0.09701920665973723,0.9964799856714602,0.0035106022839073046,9.412044632480023e-06,0.9999905879553675,99.99905879553675,-0.03416921416539594,0.04959217186174666,-0.0022865262065801333,0.0023178756385954847,946.5052444438036,0.0,0,No decay recorded
884,147,proton,Proton,2212,4,5,5.373456785586768,3.3722186782433585,2.0012381073434096,37.24302971434206,0.047196406901683974,0.9996265669414884,0.000364858678636796,8.57437987488253e-06,0.9999914256201252,99.99914256201252,-0.0159370769719333,0.02203430957827485,-0.0003955774940741395,0.00028299887715830125,943.6454697855868,0.0,0,No decay recorded
885,3,proton,Proton,2212,0,10,10.033194374472828,8.905075125926858,1.128119248545969,11.243869165100707,0.13459775021569056,0.9995507126520126,0.0003930373341635516,5.625001382386435e-05,0.9999437499861761,99.9943749986176,-0.04972208256655569,0.07039094293840271,-0.0013643321206685648,0.0011606949571219807,948.3052753744728,0.0,0,No decay recorded
885,4,proton,Proton,2212,0,6,5.008127817621244,2.838933979478279,2.1691938381429647,43.313467969219815,0.0409361915407755,0.9999498661276532,5.012144937556129e-05,1.242297111286326e-08,0.9999999875770288,99.99999875770288,-0.0154580160956924,0.018504456980126115,-0.0002118311482224998,0.00011380014758482505,943.2802088176212,0.0,0,No decay recorded
885,9,proton,Proton,2212,5,7,7.1994523357881235,5.278737772171603,1.9207145636165213,26.678620456569227,0.07661019656409752,0.9996122356479781,0.00035011535912448245,3.7648992897426105e-05,0.9999623510071025,99.99623510071025,-0.027306318581098395,0.038409882574238136,-0.0006899715820529477,0.0005541875834310679,945.471465335788,0.0,0,No decay recorded
889,12,proton,Proton,2212,2,37,62.96747837368287,56.405091780631636,6.562386593051236,10.421866592952165,3.442820491608632,0.9997341098703829,0.0001412720296728742,0.00012461809994436572,0.9998753819000558,99.98753819000558,-1.2368543457414016,1.9651967466574354,-0.029215074150690367,0.01993613198826548,1001.2394913736828,0.0,0,No decay recorded
891,12,proton,Proton,2212,4,36,58.072541819340145,55.122352988936015,2.95018883040413,5.0801785800628005,3.0915058464844902,0.9997011762283772,0.0002573182392603562,4.1505532362493054e-05,0.9999584944676375,99.99584944676376,-1.8327333663331167,1.0960425853667768,-0.026715867567359365,0.019072264259715546,996.34455481934,0.0,0,No decay recorded
891,14,proton,Proton,2212,4,18,16.58746008328853,14.408956826933881,2.1785032563546487,13.133434808077933,0.33046172649151573,0.9996881691243075,0.00028140055085765323,3.0430324834967882e-05,0.9999695696751651,99.99695696751651,-0.12053353362587486,0.18312223795510116,-0.0030937355262727513,0.0024131159849289604,954.8594730832884,0.0,0,No decay recorded
891,15,proton,Proton,2212,4,8,7.017983334066798,5.785195618438182,1.2327877156286158,17.56612486730197,0.07394551109063804,0.9998875218890705,0.0001062030582065108,6.275052722878491e-06,0.999993724947277,99.9993724947277,-0.03805786896898196,0.027005645346406364,-0.0006918216537548177,0.0002565404570205534,945.2899963340666,0.0,0,No decay recorded
894,3,proton,Proton,2212,0,23,28.579624373688144,26.26745490948965,2.312169464198494,8.090272405144676,0.8341737438855659,0.999518672053969,0.00046735076406279795,1.3977181968153992e-05,0.9999860228180318,99.99860228180319,-0.4799059975324772,0.3019809738624164,-0.008147801134765167,0.008077309487383727,966.851705373688,0.0,0,No decay recorded
895,4,proton,Proton,2212,0,19,18.143647576147597,15.914109773558895,2.229537802588701,12.288255673130166,0.3820107702978761,0.9996445954817659,0.00034550302144794833,9.901496786161765e-06,0.9999900985032139,99.99900985032139,-0.13921843867298456,0.2120607442832742,-0.0034631067384699944,0.0038436836711408084,956.4157285761476,0.0,0,No decay recorded
895,8,proton,Proton,2212,5,6,4.935984757608253,2.8062559167263132,2.1297288408819397,43.14698981999909,0.0406133275660849,0.9996436701819555,0.0003236353156405417,3.269450240389728e-05,0.999967305497596,99.9967305497596,-0.015394104116671812,0.018276474857184997,-0.000350159384977488,0.00026117839157851916,943.2079977576084,0.0,0,No decay recorded
904,3,proton,Proton,2212,0,36,58.89671439669951,58.141702378166904,0.7550120185326059,1.2819255305944806,3.0609294090204906,0.9997379340800895,0.0002519986426106839,1.0067277299786556e-05,0.9999899327227002,99.99899327227001,-1.788553205753487,1.105743615458095,-0.02115241993389328,0.025070672326520993,997.1687953966996,0.0,0,No decay recorded
905,8,proton,Proton,2212,3,20,23.38751722687061,20.734934747824518,2.6525824790460915,11.341872903030772,0.5939460848161175,0.9996405248700638,0.00031097055581807,4.850457411809197e-05,0.9999514954258819,99.9951495425882,-0.21257531047647424,0.33366721194595267,-0.005742823617516409,0.004193434184923806,961.6595302268702,0.0,0,No decay recorded
906,8,proton,Proton,2212,4,18,20.03147249331767,17.541156925335933,2.490315567981737,12.432014515220914,0.45193084890966406,0.9994530893125173,0.0004912675711193945,5.5643116363276086e-05,0.9999443568836367,99.99443568836367,-0.16342495885076386,0.2510927824714521,-0.004263924736134227,0.004364230192322961,958.3034854933178,0.0,0,No decay recorded
906,13,proton,Proton,2212,4,4,4.344297058935581,2.4603270345973556,1.8839700243382254,43.36651013454929,0.03182468998023238,0.9999882044778712,1.051304292194251e-05,1.2824792068381685e-06,0.9999987175207932,99.99987175207932,-0.011178237727767848,0.013198074547705992,-2.8707625471222644e-05,4.276117908420047e-05,942.6163100589354,0.0,0,No decay recorded
906,14,proton,Proton,2212,4,5,4.20449573293979,1.9411040973641724,2.263391635575618,53.83265388624977,0.029851430959175338,0.9997461753789451,0.00025377136075503714,5.326030006700179e-08,0.9999999467397,99.99999467397001,-0.011539069257824542,0.012132467334382183,-0.00023338696463063793,0.00016971099066110827,942.4765087329396,0.0,0,No decay recorded
909,3,proton,Proton,2212,0,27,34.647846874656246,30.85409376029325,3.7937531143629957,10.949462828346777,1.2012783818782444,0.9974419778063132,0.002532969175373291,2.5053018313585422e-05,0.9999749469816864,99.99749469816864,-0.4247908198402713,0.6817035509345861,-0.022068826308975314,0.03304552510728576,972.9199278746562,0.0,0,No decay recorded
909,4,proton,Proton,2212,0,18,19.230387729458016,17.556057452947528,1.6743302765104886,8.70669016176762,0.42863754282588484,0.9995655172644046,0.0004283191424047619,6.163593190523656e-06,0.9999938364068093,99.99938364068093,-0.24673230691083342,0.15347171783885666,-0.004244640506286293,0.0039332418347663815,957.502468729458,0.0,0,No decay recorded
912,3,proton,Proton,2212,0,8,6.798863806226564,4.736830651483609,2.062033154742955,30.3290845869643,0.07176539298224717,0.9998611788118855,0.00013544909655605322,3.372091558453589e-06,0.9999966279084416,99.99966279084416,-0.02686733440485618,0.03580730981400078,-0.0003095407141700312,0.00030475931696470935,945.0709448062264,0.0,0,No decay recorded
912,4,proton,Proton,2212,0,14,13.807342762739383,12.815396493299131,0.991946269440252,7.184193848776804,0.23902528848703464,0.9995600626343011,0.00043855660101935857,1.380764679609636e-06,0.9999986192353204,99.99986192353204,-0.08653455459692425,0.1311196092616173,-0.0019663907096164586,0.002546070433667454,952.0794237627392,0.0,0,No decay recorded
913,181,proton,Proton,2212,5,9,8.19257682018417,7.193707808232576,0.9988690119515948,12.192366747061397,0.09580526166911213,0.9998815568942405,6.98344768052952e-05,4.860862895419102e-05,0.9999513913710458,99.99513913710459,-0.03606528256654219,0.048985411062492816,-0.0003675777515320495,0.0004010203608734085,946.4645898201842,0.0,0,No decay recorded
914,3,proton,Proton,2212,0,3,3.4693478588960716,2.256134170515579,1.2132136883804927,34.9695025613987,0.022943400805761613,0.9998748543094352,0.00012514569056473277,0.0,1.0,100.0,-0.00893994726541723,0.00661285708423165,-9.164109785195961e-05,5.698310246057452e-05,941.741428858896,0.0,0,No decay recorded
914,4,proton,Proton,2212,0,31,44.17204700353683,39.957365429284664,4.21468157425217,9.541512925390808,1.8197705309765584,0.9998729373411929,7.496775849201387e-05,5.209490031509811e-05,0.9999479050996849,99.9947905099685,-0.6579516091951966,1.033846204529941,-0.008092759618689278,0.0062548864195798816,982.4441280035368,0.0,0,No decay recorded
921,3,proton,Proton,2212,0,31,45.523921375827186,44.67709485483385,0.8468265209933417,1.8601792099636638,1.9567974870488594,0.9998447200340514,0.00013854173904598899,1.6738226902406177e-05,0.9999832617730975,99.99832617730975,-1.1510095259884976,0.6979012466857213,-0.00800330149333204,0.015735053207206813,983.7960023758272,0.0,0,No decay recorded
922,3,proton,Proton,2212,0,29,40.81717330169511,36.94963201521577,3.8675412864793373,9.475279578752017,1.6372759397057493,0.9996803827897555,0.0003026941746659323,1.692303557859838e-05,0.9999830769644213,99.99830769644214,-0.5829457950569652,0.938436820468811,-0.019600463114119032,0.010580367602044609,979.0892543016952,0.0,0,No decay recorded
923,3,proton,Proton,2212,0,21,21.04655987627223,18.58888494871775,2.4576749275544776,11.677323714671518,0.4970485858494867,0.9996509959771663,0.0003399245095775204,9.079513255990024e-06,0.9999909204867439,99.99909204867438,-0.2853124423495068,0.1794169051789023,-0.0044543354607173855,0.004255665846947158,959.3186408762724,0.0,0,No decay recorded
925,353,proton,Proton,2212,4,6,6.368295148984885,4.4589659617665,1.909329187218384,29.981794853254154,0.06259617383427525,0.9996152628773515,0.0003794124183897974,5.324704258828195e-06,0.9999946752957413,99.99946752957413,-0.02154685218149107,0.030598478231672683,-0.0004984671208436878,0.0004426928999113618,944.6403081489848,0.0,0,No decay recorded
927,3,proton,Proton,2212,0,34,51.84819654838405,46.388605917240234,5.459590631143816,10.529952813400168,2.4879274600391925,0.9996643089247736,0.00032450675749244866,1.1184317733845992e-05,0.999988815682266,99.99888156822661,-0.9022779338384337,1.4139788535242768,-0.022871148231286716,0.016379513151527653,990.120277548384,0.0,0,No decay recorded
927,4,proton,Proton,2212,0,17,17.018831343474627,14.845154127702626,2.173677215772001,12.772188477003938,0.3411099880277301,0.9997577431019252,0.00020443525939406142,3.7821638680775614e-05,0.9999621783613193,99.99621783613193,-0.12342134703380776,0.18987975606512336,-0.0015596854132539323,0.0029887421559035526,955.2909123434746,0.0,0,No decay recorded
930,12,proton,Proton,2212,2,12,11.529304292453848,10.372039258524921,1.1572650339289268,10.037596411488412,0.17186816210225456,0.9994166772236263,0.0005097613667358709,7.356140963777305e-05,0.9999264385903621,99.9926438590362,-0.09493089577103202,0.061058370654245374,-0.001996408191700651,0.002034799652033099,949.801317292454,0.0,0,No decay recorded
932,11,proton,Proton,2212,6,54,156.75992451783375,152.18604510701314,4.5738794108206005,2.9177606616544742,17.181652001120177,0.9963631681148739,0.00356232421535409,7.450766977190269e-05,0.999925492330228,99.9925492330228,-5.962874005854687,9.78670832729251,-0.5130653727461801,0.6537381974724197,1096.072405804954,0.0,0,No decay recorded
932,12,proton,Proton,2212,6,43,98.12279208125393,90.9783023567832,7.144489724470735,7.281172470667667,7.5431301173727086,0.9990345271132124,0.0009399277330777473,2.554515371001738e-05,0.9999744548462901,99.99744548462901,-4.418163737298249,2.71781275914088,-0.09978118691126685,0.1270792099183861,1036.3948050812537,0.0,0,No decay recorded
933,27,proton,Proton,2212,12,47,112.53710460478203,103.36208857435406,9.175016030427967,8.15288083219274,9.804645419582588,0.9965067678927421,0.0034145584585154646,7.867364874237834e-05,0.9999213263512575,99.99213263512576,-3.5354036155792463,5.519521747300047,-0.3679076463755887,0.3172874335410852,1050.9328990431782,0.0,0,No decay recorded
934,3,proton,Proton,2212,2,28,38.034246008845685,35.72605719993294,2.3081888089127496,6.068711887639183,1.4091618425269867,0.9986934969909651,0.0012770571196825137,2.9445889352335272e-05,0.9999705541106476,99.99705541106476,-0.8173793683247995,0.5079186993823601,-0.022082766072949504,0.02386469310045348,976.3062590088456,0.0,0,No decay recorded
934,4,proton,Proton,2212,2,24,25.570760605029253,23.64756571426685,1.9231948907624046,7.521070336813332,0.7024295729623833,0.9994212817101467,0.0004705231565580801,0.00010819513329521122,0.9998918048667047,99.98918048667048,-0.408664908185848,0.2502081825939129,-0.00819644220018442,0.006025665742465494,963.8427736050292,0.0,0,No decay recorded
940,12,proton,Proton,2212,6,46,119.00980379135535,117.58245718682655,1.4273466045288092,1.1993521197893857,10.593688337063037,0.9998704603604155,0.0001097492216646184,1.9790417919829665e-05,0.9999802095820801,99.99802095820802,-6.204898008144709,3.836158235009609,-0.04550866097616538,0.06914856686473413,1057.2818167913554,0.0,0,No decay recorded
945,3,proton,Proton,2212,0,13,12.372608642578756,11.210674971709677,1.1619336708690788,9.391177757537987,0.19368544329151802,0.9991450546359113,0.0007989046790516869,5.6040685036903456e-05,0.9999439593149629,99.9943959314963,-0.07042705365775744,0.109536996185204,-0.003191589444453123,0.002362405398854761,950.6901847420182,0.0,0,No decay recorded
954,3,proton,Proton,2212,0,9,8.36444269771175,7.40847956097013,0.9559631367416201,11.428892172375594,0.10206525086513872,0.9996813721865655,0.0002663855615629881,5.224225187152509e-05,0.9999477577481285,99.99477577481285,-0.037744885439764696,0.05302398686704146,-0.00046378202430738584,0.0008808238578236966,946.6365236977118,0.0,0,No decay recorded
956,3,proton,Proton,2212,0,33,49.45137655361588,46.40464285283605,3.046733700779829,6.161069545711265,2.2722930899972233,0.999171443968661,0.000533350850928086,0.0002952051804109662,0.9997047948195891,99.9704794819589,-1.3363581368649846,0.8077701663334763,-0.02288707152414393,0.018953591290358805,987.723457553616,0.0,0,No decay recorded
957,1158,proton,Proton,2212,1153,38,69.86940144665776,65.36743879815116,4.501962648506605,6.4433966161047715,4.107858111602759,0.9999204342607189,5.895993776831739e-05,2.060580151289474e-05,0.9999793941984871,99.99793941984872,-2.4042102523614353,1.482857021321417,-0.020280735098792628,0.014966369634719997,1008.1414144466578,0.0,0,No decay recorded
957,1162,proton,Proton,2212,1153,5,4.5605908485076725,3.4211651927860336,1.1394256557216391,24.984167481160576,0.036517654129263284,0.9997941906143247,0.0001895482268440641,1.6261158831200097e-05,0.9999837388411688,99.99837388411687,-0.013856843417589903,0.01595139021264015,-0.0001766983226891083,0.00034438381087688953,942.8326038485078,0.0,0,No decay recorded
957,1163,proton,Proton,2212,1153,6,3.8241477135291007,1.1945448025397054,2.6296029109893952,68.76311031831655,0.02613146418585631,0.999840021048219,0.00015981684353255852,1.6210824856770494e-07,0.9999998378917516,99.99998378917516,-0.010471352368233234,0.007052855878687858,-0.0001321386903183508,6.74303281588685e-05,942.0961607135292,0.0,0,No decay recorded
957,3169,proton,Proton,2212,3,21,24.13187921386851,22.32848293488163,1.8033962789868774,7.473086795289742,0.6192640213980558,0.999286953225723,0.000568561116979129,0.00014448565729777832,0.9998555143427021,99.98555143427022,-0.3542287442293066,0.22491687360204665,-0.00848405370039658,0.006058317500826448,962.4038922138684,0.0,0,No decay recorded
958,13,proton,Proton,2212,5,8,40.29247613654406,31.70230245948848,8.59017367705558,21.319547718896708,4.947576980891101,0.9999039308238449,9.387938220270929e-05,2.189793952407311e-06,0.9999978102060476,99.99978102060476,-2.1901353436533517,2.0885178048993636,-0.028476108711779753,0.016415007287350663,1044.1650370935236,0.0,0,No decay recorded
958,915,proton,Proton,2212,13,27,34.5416781990208,30.954131987682764,3.5875462113380356,10.386137554369713,1.2190157722685118,0.9997432523655657,0.00018373104662892549,7.301658780546186e-05,0.9999269834121947,99.99269834121947,-0.4345718736496943,0.6972848723732714,-0.009064228645543945,0.006905260905087007,972.8136911990208,0.0,0,No decay recorded
959,3,proton,Proton,2212,0,29,41.00698246820309,38.45470029530586,2.5522821728972276,6.224018494597287,1.6253024576219544,0.9998304226995713,0.0001596222964838069,9.955003944957898e-06,0.9999900449960551,99.99900449960552,-0.9554262097750609,0.577078301964718,-0.016064165029547564,0.007912168457093409,979.279063468203,0.0,0,No decay recorded
959,4,proton,Proton,2212,0,10,9.07395856744529,7.212856664505523,1.8611019029397669,20.51036368643842,0.11691268376328628,0.9997377084727673,0.0001949004710457856,6.739105618689996e-05,0.9999326089438131,99.99326089438131,-0.04293346288103037,0.06162564440707917,-0.0009417541039159504,0.0008150219548918332,947.3460395674454,0.0,0,No decay recorded
959,671,proton,Proton,2212,665,7,32.06857426131586,24.665124448456165,7.403449812859694,23.086307961593523,3.816795966399834,0.9999854405487527,1.0996593821126738e-05,3.562857426042517e-06,0.9999964371425738,99.99964371425737,-1.6081754881823982,1.6570287840591806,-0.007381909320798741,0.005395417533484536,1035.7446457796368,0.0,0,No decay recorded
959,2706,proton,Proton,2212,671,16,15.234835864220601,13.87897871123231,1.3558571529882915,8.899716183832059,0.28423830683595136,0.9989990019599408,0.0009734640527581041,2.753398730111997e-05,0.999972466012699,99.9972466012699,-0.1616737932896532,0.10245337003003434,-0.004406982324819615,0.004601970388470032,953.5068488642204,0.0,0,No decay recorded
961,19,proton,Proton,2212,12,46,92.15267872924868,84.89549433894413,7.257184390304547,7.875174645358587,6.869041431334045,0.9995182559933982,0.00044702796432940183,3.47160422723742e-05,0.9999652839577275,99.99652839577276,-4.026067378841299,2.482631379256268,-0.06532207753822492,0.06271831330581377,1030.4246917292487,0.0,0,No decay recorded
961,20,proton,Proton,2212,12,39,73.71998672270806,67.45958507596802,6.260401646740037,8.492136156084845,4.605390630726658,0.9999043400994639,7.60733446224482e-05,1.9586555913617282e-05,0.9999804134440864,99.99804134440863,-2.7042311056933,1.6578812138623065,-0.018415441394212282,0.01904325450978934,1011.9919997227078,0.0,0,No decay recorded
963,693,proton,Proton,2212,206,11,10.798794332781995,10.60179443340731,0.1969998993746857,1.824276797055495,0.1522947877288839,0.9997606372870674,0.0002286460932575311,1.0716619675152338e-05,0.999989283380325,99.9989283380325,-0.08375647129919012,0.054207831350859194,-0.0007647488816541415,0.0012635710767444608,949.070807332782,0.0,0,No decay recorded
967,257,proton,Proton,2212,4,33,46.00103942827763,41.39815971541651,4.6028797128611165,10.006034146332022,1.9945016876985222,0.9994422879361718,0.0005439766635290904,1.3735400299095136e-05,0.999986264599701,99.9986264599701,-0.7217891096885507,1.1320373356218139,-0.02752207114676771,0.01755152599445016,984.2730524282777,0.0,0,No decay recorded
974,3,proton,Proton,2212,0,35,60.95999862370083,57.726645036026255,3.233353587674568,5.304057842313439,3.2721715410318994,0.9997028827215744,0.0002833833309757648,1.3733947449803753e-05,0.9999862660525501,99.99862660525501,-1.9301079620304564,1.1645466752581466,-0.028403383098682067,0.019258373067726667,999.2320796237008,0.0,0,No decay recorded
974,4,proton,Proton,2212,0,34,53.76824697575366,50.40660589036684,3.3616410853868235,6.252093520740461,2.6267869607317085,0.9998736729190709,0.00012104099229496341,5.28608863406334e-06,0.9999947139113659,99.99947139113658,-0.9483327821965121,1.495524846702083,-0.01368993039123195,0.012894888739053414,992.0403279757536,0.0,0,No decay recorded
977,3,proton,Proton,2212,0,19,21.209916771919666,18.75302492157943,2.4568918503402335,11.583693970892774,0.5012749169686611,0.9991123029467921,0.0008835358687178483,4.161184489993822e-06,0.9999958388155099,99.99958388155099,-0.1799158892965913,0.2810029668774224,-0.007621526876815582,0.005618926584025354,959.4819977719196,0.0,0,No decay recorded
977,4,proton,Proton,2212,0,5,4.4054086672323365,2.4149761444375577,1.9904325227947788,45.18156369010035,0.034296652454124964,0.99967152435023,0.0003203517841316755,8.12386563841578e-06,0.9999918761343617,99.99918761343616,-0.013138947212713262,0.014716901308338439,-0.0002343231321930068,0.0002393999049617427,942.6774896672324,0.0,0,No decay recorded
981,3,proton,Proton,2212,0,15,13.953694490874,11.780139057005348,2.173555433868652,15.576917176237458,0.23954095534662695,0.9991730226690294,0.0007623093441213728,6.466798684931133e-05,0.9999353320131508,99.99353320131507,-0.08858870335234259,0.12991568972155226,-0.0036588674986848518,0.002329924217316915,952.225775490874,0.0,0,No decay recorded
981,4,proton,Proton,2212,0,17,18.40826670460194,16.064700825670283,2.343565878931656,12.731051307213951,0.39249855820945084,0.9997287916573684,0.0002533511700875331,1.785717254402397e-05,0.9999821428274559,99.9982142827456,-0.1397393906482369,0.22075836659916973,-0.0031577300168483258,0.0025692902482969612,956.680347704602,0.0,0,No decay recorded
983,157,proton,Proton,2212,13,13,13.616713342116329,11.187649489971811,2.429063852144517,17.838841070638182,0.22982715939751758,0.999910228732114,8.37227391849514e-05,6.048528701058167e-06,0.999993951471299,99.9993951471299,-0.08272779943693154,0.12499940387251407,-0.0008123549895842556,0.0011211979794473598,951.8887263421165,0.0,0,No decay recorded
984,4,proton,Proton,2212,3,35,46.435917833684115,41.46946145679375,4.9664563768903625,10.695290646947756,2.0586196539058923,0.9998260514435229,0.00016372289853247332,1.022565794466e-05,0.9999897743420554,99.99897743420554,-0.7413621761853686,1.17544686163906,-0.018861743020977813,0.012931722806181314,984.707930833684,0.0,0,No decay recorded
984,5,proton,Proton,2212,3,30,43.85691904320243,42.37664977503991,1.480269268162524,3.3752240249807453,1.837018601465182,0.9999107307135485,7.870340305775196e-05,1.0565883393639792e-05,0.9999894341166062,99.99894341166062,-1.0745422081536635,0.6605018491106389,-0.00661501932588119,0.009217812196135152,982.1289320432028,0.0,0,No decay recorded
984,6,proton,Proton,2212,3,9,5.91487756449112,4.832198135908811,1.082679428582309,18.304342174079405,0.05564503866215476,0.9999284332769494,6.058639805196104e-05,1.0980324998526907e-05,0.9999890196750013,99.99890196750013,-0.021198283372361758,0.02645940819221769,-0.00019531828941483014,0.000326277654408064,944.186890564491,0.0,0,No decay recorded
986,3,proton,Proton,2212,0,6,3.903279433648322,1.7143213046704129,2.188958128977909,56.07997495920837,0.02729873055200762,0.9999190691007266,8.039778220462015e-05,5.331170687961275e-07,0.9999994668829312,99.99994668829312,-0.010572342941813882,0.010835583766015034,-0.00011121152293165673,9.50338238774653e-05,942.1753604336484,0.0,0,No decay recorded
990,3,proton,Proton,2212,0,14,14.76140030284705,12.31417978148847,2.44722052135858,16.57851200530468,0.2676077695497903,0.9996921478768291,0.0003041938427218161,3.658280449044524e-06,0.999996341719551,99.9996341719551,-0.15073964973790532,0.09539355454335062,-0.00249518037722819,0.002030307140814513,953.033481302847,0.0,0,No decay recorded
990,5,proton,Proton,2212,4,4,4.357432648551367,2.322757176675524,2.0346754718758424,46.69436422734549,0.033871718332779244,0.9998791835560525,0.00011566961348945449,5.146830457913199e-06,0.999994853169542,99.99948531695419,-0.010933486106681723,0.014724099424600344,-0.00010508886206989799,0.00011499716265932035,942.6294456485516,0.0,0,No decay recorded
993,3,proton,Proton,2212,0,25,29.40349718357617,26.21337991477435,3.1901172688018216,10.849448447865978,0.9210602045726046,0.9996291657485818,0.0003422926784291271,2.8541572988973638e-05,0.999971458427011,99.9971458427011,-0.5391446648073429,0.3273820062602319,-0.007308091434350022,0.010788447912732264,967.675578183576,0.0,0,No decay recorded
995,3,proton,Proton,2212,0,26,32.07277708311153,28.742476579754083,3.3303005033574484,10.383573878643253,1.0353312726628023,0.9995342146943665,0.00044677944977229776,1.9005855861303532e-05,0.9999809941441389,99.99809941441389,-0.3764285764374758,0.5830170685206508,-0.0088185212733683,0.011325748878247804,970.344858083112,0.0,0,No decay recorded
998,3,proton,Proton,2212,0,23,28.229751861708674,25.030007664611126,3.1997441970975498,11.334652223556162,0.8316377026538236,0.9996521032710411,0.00033976442405480055,8.132304903960213e-06,0.999991867695096,99.99918676950959,-0.2994837440844827,0.4692463970185723,-0.0071341890757399985,0.006535051208499899,966.5018328617086,0.0,0,No decay recorded
999,3,proton,Proton,2212,0,19,20.109887119636706,18.49678522700573,1.6131018926309773,8.021436833704707,0.4474137849541802,0.9997727442453471,0.00020337930500108958,2.387644965181762e-05,0.9999761235503483,99.99761235503483,-0.16451408133271656,0.24803209620225575,-0.0026412163776985817,0.0033909110672989784,958.3819681196368,0.0,0,No decay recorded
999,4,proton,Proton,2212,0,17,16.269378727917342,15.852545558124643,0.41683316979269985,2.5620718330039085,0.318071891962768,0.9993057650861364,0.000664191598054617,3.0043315808991114e-05,0.9999699566841911,99.9969956684191,-0.18054444738448594,0.11471260184425922,-0.0033366718289706537,0.004156937126913901,954.5414597279174,0.0,0,No decay recorded
