,event,xi,xf,yi,yf,zi,zf,ti,tf,E,ParticleID,PDG
0,71.0,115.0,115.00094470338786,475.0,474.4092228742735,150.0,150.0015599050114,0.0,0.03483543678407893,2.4577842611560805,1.0,321.0
1,71.0,115.00094470338786,115.00361927850504,474.4092228742735,473.08702492802286,150.0015599050114,150.02119673605918,0.03483543678407893,0.11360484122168796,6.214925950480182,1.0,321.0
2,71.0,115.00361927850504,114.99440416364696,473.08702492802286,471.900164063971,150.02119673605918,150.0340675079979,0.11360484122168796,0.18600928728443533,5.844349212608774,1.0,321.0
3,71.0,114.99440416364696,114.97524746047091,471.900164063971,470.83524260311304,150.0340675079979,150.04094397647594,0.18600928728443533,0.2525697042200836,5.054022071794754,1.0,321.0
4,71.0,114.97524746047091,114.92964843521301,470.83524260311304,469.8722357823344,150.04094397647594,150.05314315738548,0.2525697042200836,0.3141932198690621,5.154120396437405,1.0,321.0
5,71.0,114.92964843521301,114.86649265688531,469.8722357823344,469.0089927890252,150.05314315738548,150.05067003088317,0.3141932198690621,0.37089841055716805,4.676490472034212,1.0,321.0
6,71.0,114.86649265688531,114.815660772821,469.0089927890252,468.231486188083,150.05067003088317,150.0150687668386,0.37089841055716805,0.4232468872040869,4.5028993951535305,1.0,321.0
7,71.0,114.815660772821,114.7663772937332,468.231486188083,467.53295933917406,150.0150687668386,149.97828362935957,0.4232468872040869,0.4715030247682669,4.523975381239774,1.0,321.0
8,71.0,114.7663772937332,114.7233433084439,467.53295933917406,466.9096413621981,149.97828362935957,149.94223979390603,0.4715030247682669,0.5157561111326892,3.683680999035747,1.0,321.0
9,71.0,114.7233433084439,114.68665588145575,466.9096413621981,466.34528176581296,149.94223979390603,149.89860171809258,0.5157561111326892,0.556829836554554,3.860602197737164,1.0,321.0
10,71.0,114.68665588145575,114.65461274957606,466.34528176581296,465.83925645131615,149.89860171809258,149.8603757408585,0.556829836554554,0.5946470078359137,3.18726820746017,1.0,321.0
11,71.0,114.65461274957606,114.61501765466119,465.83925645131615,465.3803859447354,149.8603757408585,149.82382680055727,0.5946470078359137,0.6298322040697155,3.318406315540486,1.0,321.0
12,71.0,114.61501765466119,114.57828412698942,465.3803859447354,464.9683426868447,149.82382680055727,149.78342075192532,0.6298322040697155,0.6623313430956479,3.117750388704974,1.0,321.0
13,71.0,114.57828412698942,114.54508620701863,464.9683426868447,464.59774410230875,149.78342075192532,149.74585193038627,0.6623313430956479,0.6923601030206007,2.983025488814299,1.0,321.0
14,71.0,114.54508620701863,114.5189378369881,464.59774410230875,464.2642768170716,149.74585193038627,149.71538587675445,0.6923601030206007,0.7200762088116422,2.8923297463021216,1.0,321.0
15,71.0,114.5189378369881,114.49366262823744,464.2642768170716,463.96589216434796,149.71538587675445,149.68885071882602,0.7200762088116422,0.7455995999453295,2.4162634355830885,1.0,321.0
16,71.0,114.49366262823744,114.46113539743138,463.96589216434796,463.6966384547444,149.68885071882602,149.66254208902393,0.7455995999453295,0.7693303014040473,2.314312175212384,1.0,321.0
17,71.0,114.46113539743138,114.4268482605133,463.6966384547444,463.453953889649,149.66254208902393,149.6347316600791,0.7693303014040473,0.7913788897108439,2.108118207676812,1.0,321.0
18,71.0,114.4268482605133,114.39519732307353,463.453953889649,463.23361400618234,149.6347316600791,149.60852347266263,0.7913788897108439,0.8119263073955487,2.0431628864402125,1.0,321.0
19,71.0,114.39519732307353,114.36535295513002,463.23361400618234,463.03384169889495,149.60852347266263,149.58618032889262,0.8119263073955487,0.8310483317753852,1.7639164034701347,1.0,321.0
20,71.0,114.36535295513002,114.33165001131363,463.03384169889495,462.8518786349835,149.58618032889262,149.56849940134788,0.8310483317753852,0.8489641290840274,2.120324953621603,1.0,321.0
21,71.0,114.33165001131363,114.29733869832516,462.8518786349835,462.69043461563814,149.56849940134788,149.55074718845043,0.8489641290840274,0.8654611368758441,2.0737507193290594,1.0,321.0
22,71.0,114.29733869832516,114.2650227594477,462.69043461563814,462.5471429029725,149.55074718845043,149.5370256786896,0.8654611368758441,0.8806049203920138,1.8126127100514113,1.0,321.0
23,71.0,114.2650227594477,114.23261009759798,462.5471429029725,462.4195214260567,149.5370256786896,149.52522395239401,0.8806049203920138,0.894595117293951,1.5577781828936395,1.0,321.0
24,71.0,114.23261009759798,114.20341182687916,462.4195214260567,462.3038730194714,149.52522395239401,149.51582119307338,0.894595117293951,0.9076168981920987,1.4864715553220962,1.0,321.0
25,71.0,114.20341182687916,114.17685629948808,462.3038730194714,462.19939188228875,149.51582119307338,149.50641975973596,0.9076168981920987,0.9197354138783069,1.4574355439347049,1.0,321.0
26,71.0,114.17685629948808,114.1563610001792,462.19939188228875,462.1044074836442,149.50641975973596,149.49814047209279,0.9197354138783069,0.9309888436717545,1.3865329229021244,1.0,321.0
27,71.0,114.1563610001792,114.13754070644809,462.1044074836442,462.01896243948715,149.49814047209279,149.49035338006655,0.9309888436717545,0.9414389898851373,1.313160126319328,1.0,321.0
28,71.0,114.13754070644809,114.11972607621563,462.01896243948715,461.94212107066267,149.49035338006655,149.48428326168556,0.9414389898851373,0.9511471171454602,1.285157366314238,1.0,321.0
29,71.0,114.11972607621563,114.10368689091506,461.94212107066267,461.87309876000563,149.48428326168556,149.47979216079403,0.9511471171454602,0.9601484870951138,1.1876652051995684,1.0,321.0
30,71.0,114.10368689091506,114.08861923568861,461.87309876000563,461.8111460427511,149.47979216079403,149.47548264783012,0.9601484870951138,0.9685160974237946,1.1652499544775174,1.0,321.0
31,71.0,114.08861923568861,114.07440354459314,461.8111460427511,461.75577286028164,149.47548264783012,149.47135201361914,0.9685160974237946,0.976281958652282,0.9102581190135882,1.0,321.0
32,71.0,114.07440354459314,114.0612824628502,461.75577286028164,461.705193259534,149.47135201361914,149.4669488644095,0.976281958652282,0.9835927207377275,0.9898571563787885,1.0,321.0
33,71.0,114.0612824628502,114.04889423087691,461.705193259534,461.6596013378322,149.4669488644095,149.46310853338505,0.9835927207377275,0.9904244196568884,0.9960199463706623,1.0,321.0
34,71.0,114.04889423087691,114.03850253510639,461.6596013378322,461.61836783102126,149.46310853338505,149.4603302483189,0.9904244196568884,0.9967915964015113,0.9424504891084484,1.0,321.0
35,71.0,114.03850253510639,114.02988597977927,461.61836783102126,461.5810265253211,149.4603302483189,149.45905044407138,0.9967915964015113,1.0027362218221616,0.958134292032429,1.0,321.0
36,71.0,114.02988597977927,114.02221311485354,461.5810265253211,461.54768204040084,149.45905044407138,149.45723655700505,1.0027362218221616,1.0082694063583204,0.7732620830408401,1.0,321.0
37,71.0,114.02221311485354,114.0158691941082,461.54768204040084,461.5172316306308,149.45723655700505,149.45529378825407,1.0082694063583204,1.0134851011297925,0.860098891410765,1.0,321.0
38,71.0,114.0158691941082,114.01083153224329,461.5172316306308,461.48983498143724,149.45529378825407,149.45334294322296,1.0134851011297925,1.0183647034645444,0.803231933907446,1.0,321.0
39,71.0,114.01083153224329,114.00673183050155,461.48983498143724,461.4651008134512,149.45334294322296,149.45221990213528,1.0183647034645444,1.0229485838286092,0.779007368694365,1.0,321.0
40,71.0,114.00673183050155,114.00336582664355,461.4651008134512,461.44287232845664,149.45221990213528,149.4506039109885,1.0229485838286092,1.027264569107925,0.6931763938275428,1.0,321.0
41,71.0,114.00336582664355,114.00080211974304,461.44287232845664,461.4227777020932,149.4506039109885,149.44804363132914,1.027264569107925,1.0313598829032793,0.7097265127242607,1.0,321.0
42,71.0,114.00080211974304,113.99889131555715,461.4227777020932,461.40472738639517,149.44804363132914,149.4450479775682,1.0313598829032793,1.035248997077327,0.7757538553980132,1.0,321.0
43,71.0,113.99889131555715,113.99663061642748,461.40472738639517,461.38868855593574,149.4450479775682,149.44275466451563,1.035248997077327,1.0389394204499087,0.722416942199578,1.0,321.0
44,71.0,113.99663061642748,113.99390348633992,461.38868855593574,461.374394853449,149.44275466451563,149.44136035678017,1.0389394204499087,1.0424745078084747,0.7164183311616457,1.0,321.0
45,71.0,113.99390348633992,113.99157856882626,461.374394853449,461.361610398068,149.44136035678017,149.44041008972414,1.0424745078084747,1.0458890246004888,0.708412251248793,1.0,321.0
46,71.0,113.99157856882626,113.98924466437056,461.361610398068,461.35032109492306,149.44041008972414,149.43951328371324,1.0458890246004888,1.0492217491242155,0.750624305697467,1.0,321.0
47,71.0,113.98924466437056,113.98757878014457,461.35032109492306,461.34045537726206,149.43951328371324,149.43864586794342,1.0492217491242155,1.0525056136709667,0.7631686690882542,1.0,321.0
48,71.0,113.98757878014457,113.98667966555561,461.34045537726206,461.332257530424,149.43864586794342,149.43834403345244,1.0525056136709667,1.0557151987325093,0.9175271732187886,1.0,321.0
49,71.0,113.98667966555561,113.98632437140938,461.332257530424,461.3285014245092,149.43834403345244,149.4380896140015,1.0557151987325093,1.057797458997829,0.9082665650605444,1.0,321.0
50,71.0,115.00094470338786,115.00275771450018,474.4092228742735,474.40093233854566,150.0015599050114,149.99942876892095,0.03483543678407893,0.03519614276326752,0.010467054643938418,2.0,11.0
51,71.0,115.00275771450018,115.00243795862954,474.40093233854566,474.3856208247802,149.99942876892095,149.99227592019514,0.03519614276326752,0.03589749148198087,0.08111898668745375,2.0,11.0
52,71.0,115.00243795862954,114.99186659812904,474.3856208247802,474.38157351341863,149.99227592019514,149.9947590647063,0.03589749148198087,0.03641010478506996,0.02513575907182091,2.0,11.0
53,71.0,114.99186659812904,114.99342370990166,474.38157351341863,474.3913812008609,149.9947590647063,149.99315866504202,0.03641010478506996,0.03686695122350355,0.04761181996453338,2.0,11.0
54,71.0,114.99342370990166,114.99844082663364,474.3913812008609,474.3935550965389,149.99315866504202,149.98825190886197,0.03686695122350355,0.03722248285616346,0.022619211175010867,2.0,11.0
55,71.0,114.99844082663364,114.99377070573428,474.3935550965389,474.3907730717607,149.98825190886197,149.98536204409984,0.03722248285616346,0.037532158589880994,0.02350242106676991,2.0,11.0
56,71.0,114.99377070573428,114.98918875534252,474.3907730717607,474.3893148329028,149.98536204409984,149.98671863144278,0.037532158589880994,0.03779596347231362,0.05895835019370972,2.0,11.0
57,71.0,114.98918875534252,114.98715310452863,474.3893148329028,474.3895724216849,149.98671863144278,149.98810103650993,0.03779596347231362,0.03795327321549189,0.0201150159759947,2.0,11.0
58,71.0,114.98715310452863,114.98639164711471,474.3895724216849,474.3901855017999,149.98810103650993,149.98954241409757,0.03795327321549189,0.03807599455815529,0.012231929078318922,2.0,11.0
59,71.0,114.98639164711471,114.98538618823973,474.3901855017999,474.38956182821465,149.98954241409757,149.98894879816433,0.03807599455815529,0.03817721203158956,0.01619306811131605,2.0,11.0
60,71.0,114.98538618823973,114.9851625487732,474.38956182821465,474.3902654885554,149.98894879816433,149.98864819350928,0.03817721203158956,0.03824775913411063,0.012253575189977016,2.0,11.0
61,71.0,114.9851625487732,114.98501353877752,474.3902654885554,474.3899099605721,149.98864819350928,149.98885032453703,0.03824775913411063,0.03829307400779508,0.015922611239351875,2.0,11.0
62,71.0,114.98501353877752,114.98502256198933,474.3899099605721,474.38993960095706,149.98885032453703,149.9887509296834,0.03829307400779508,0.03830905143254641,0.012516084771966904,2.0,11.0
63,71.0,113.98632437140938,113.78871728217234,461.3285014245092,461.363326692387,149.4380896140015,149.57412033991812,19.987342925338822,20.003356670692362,1.6167185029112103,3.0,211.0
64,71.0,113.78871728217234,113.61464930429285,461.363326692387,461.3964609740193,149.57412033991812,149.69314424097283,20.003356670692362,20.017895230838302,1.2216783447914554,3.0,211.0
65,71.0,113.61464930429285,113.49423314097089,461.3964609740193,461.40029315632154,149.69314424097283,149.84095280727269,20.017895230838302,20.03135196048635,1.2301854279713569,3.0,211.0
66,71.0,113.49423314097089,113.39413456106206,461.40029315632154,461.3934311856477,149.84095280727269,149.98156360651973,20.03135196048635,20.04374906023266,1.3052968559611053,3.0,211.0
67,71.0,113.39413456106206,113.30467532999077,461.3934311856477,461.3844308414233,149.98156360651973,150.10492255119993,20.04374906023266,20.055053773662973,1.0440155817171792,3.0,211.0
68,71.0,113.30467532999077,113.22004219756941,461.3844308414233,461.37719819428196,150.10492255119993,150.21288269979385,20.055053773662973,20.065507907334865,0.9006831484593277,3.0,211.0
69,71.0,113.22004219756941,113.14588785839302,461.37719819428196,461.372314856863,150.21288269979385,150.313090164315,20.065507907334865,20.07524475975543,0.9693906164863013,3.0,211.0
70,71.0,113.14588785839302,113.07874252422911,461.372314856863,461.3675024190867,150.313090164315,150.40233615104688,20.07524475975543,20.084227941108782,0.7683715450162562,3.0,211.0
71,71.0,113.07874252422911,113.01709377068724,461.3675024190867,461.3645788342539,150.40233615104688,150.48350443081588,20.084227941108782,20.092628158428223,1.1107389889545194,3.0,211.0
72,71.0,113.01709377068724,112.96088780523937,461.3645788342539,461.36395261200215,150.48350443081588,150.55187178288986,20.092628158428223,20.10020949522368,0.7855172954981142,3.0,211.0
73,71.0,112.96088780523937,112.9094216902826,461.36395261200215,461.3565210335154,150.55187178288986,150.61204227400526,20.10020949522368,20.107229814288868,0.6217158324306951,3.0,211.0
74,71.0,112.9094216902826,112.8628222579031,461.3565210335154,461.3460077631356,150.61204227400526,150.66690045208742,20.107229814288868,20.113817478573033,0.6729329086443622,3.0,211.0
75,71.0,112.8628222579031,112.81989324588444,461.3460077631356,461.32976402982666,150.66690045208742,150.71394859148285,20.113817478573033,20.119948884976136,0.5993816999078492,3.0,211.0
76,71.0,112.81989324588444,112.77848554905651,461.32976402982666,461.3152291681805,150.71394859148285,150.75453565053294,20.119948884976136,20.125685082252897,0.6078852805307852,3.0,211.0
77,71.0,112.77848554905651,112.73822131289019,461.3152291681805,461.30437657667954,150.75453565053294,150.7888857943615,20.125685082252897,20.131031924672406,0.8880776760548249,3.0,211.0
78,71.0,112.73822131289019,112.70239335007814,461.30437657667954,461.29596980982024,150.7888857943615,150.81675225545388,20.131031924672406,20.135832342312927,0.6301757318832927,3.0,211.0
79,71.0,112.70239335007814,112.66967065175406,461.29596980982024,461.2910355669281,150.81675225545388,150.84090973718736,20.135832342312927,20.140262635456644,0.5916303224749248,3.0,211.0
80,71.0,112.66967065175406,112.64055219864508,461.2910355669281,461.28860133475985,150.84090973718736,150.86262227449302,20.140262635456644,20.144360205695207,0.44327098605144194,3.0,211.0
81,71.0,112.64055219864508,112.61289297701089,461.28860133475985,461.2860895543528,150.86262227449302,150.88077046198794,20.144360205695207,20.1482186512943,0.41333510709344967,3.0,211.0
82,71.0,112.61289297701089,112.58706204337577,461.2860895543528,461.28201654537077,150.88077046198794,150.89611660782714,20.1482186512943,20.151862639444172,0.4421650529439583,3.0,211.0
83,71.0,112.58706204337577,112.56382251746314,461.28201654537077,461.2775357652519,150.89611660782714,150.90998474084395,20.151862639444172,20.15528724679243,0.43599771778527835,3.0,211.0
84,71.0,112.56382251746314,112.54313246224847,461.2775357652519,461.2729099092327,150.90998474084395,150.92276917064504,20.15528724679243,20.158507259017448,0.44486116398322095,3.0,211.0
85,71.0,112.54313246224847,112.52482666485074,461.2729099092327,461.26846234921385,150.92276917064504,150.93454038828926,20.158507259017448,20.16153249801467,0.44664589081898015,3.0,211.0
86,71.0,112.52482666485074,112.5089216955297,461.26846234921385,461.264036758041,150.93454038828926,150.9455621449329,20.16153249801467,20.16437845783061,0.42171871921809506,3.0,211.0
87,71.0,112.5089216955297,112.49481804301577,461.264036758041,461.2595176257602,150.9455621449329,150.95542219767682,20.16437845783061,20.16707203407689,0.3937828618502908,3.0,211.0
88,71.0,112.49481804301577,112.48276240429831,461.2595176257602,461.25507709721506,150.95542219767682,150.96498714533175,20.16707203407689,20.169639956069286,0.3973909168229154,3.0,211.0
89,71.0,112.48276240429831,112.47149267431503,461.25507709721506,461.2507350717489,150.96498714533175,150.9727615906447,20.169639956069286,20.17209978808026,0.41823411405952365,3.0,211.0
90,71.0,112.47149267431503,112.46144886455139,461.2507350717489,461.24553422480096,150.9727615906447,150.97866568960524,20.17209978808026,20.17446944111814,0.3808911144912833,3.0,211.0
91,71.0,112.46144886455139,112.45272685647028,461.24553422480096,461.24082571337067,150.97866568960524,150.98427773532654,20.17446944111814,20.176780032961066,0.47270619490793003,3.0,211.0
92,71.0,112.45272685647028,112.44535316552182,461.24082571337067,461.2374024122584,150.98427773532654,150.98958315222893,20.176780032961066,20.17904136289975,0.49795166402363394,3.0,211.0
93,71.0,112.44535316552182,112.43994550728114,461.2374024122584,461.2346297003106,150.98958315222893,150.99392756033274,20.17904136289975,20.18118194201082,0.5481383488287525,3.0,211.0
94,71.0,112.43994550728114,112.43812592885627,461.2346297003106,461.2336983068286,150.99392756033274,150.99479311915985,20.18118194201082,20.18215336031577,0.4072275012455201,3.0,211.0
95,71.0,113.98632437140938,114.54810091643704,461.3285014245092,461.48777456695336,149.4380896140015,149.4064734697826,19.987342925338822,20.019112411690642,2.701955752456572,4.0,-211.0
96,71.0,114.54810091643704,115.04302256733615,461.48777456695336,461.62834264231816,149.4064734697826,149.37913052937546,20.019112411690642,20.047856069259083,1.8350544097336032,4.0,-211.0
97,71.0,115.04302256733615,115.14943289762957,461.62834264231816,461.6564633568988,149.37913052937546,149.36997035789756,20.047856069259083,20.054139714218685,0.6169316021407162,4.0,-211.0
98,71.0,115.14943289762957,115.58327128275076,461.6564633568988,461.76152389840627,149.36997035789756,149.33614514864524,20.054139714218685,20.079877317964808,1.9105878050759437,4.0,-211.0
99,71.0,115.58327128275076,115.97849813037945,461.76152389840627,461.8395042627135,149.33614514864524,149.3202366143631,20.079877317964808,20.10359262495051,1.9847690482735256,4.0,-211.0
100,71.0,115.97849813037945,116.33143106777868,461.8395042627135,461.8999751322937,149.3202366143631,149.34136628454226,20.10359262495051,20.125258785479975,1.5992747056713341,4.0,-211.0
101,71.0,116.33143106777868,116.64956690190175,461.8999751322937,461.9627804984516,149.34136628454226,149.36070334072363,20.125258785479975,20.145314289758698,1.4449417915502272,4.0,-211.0
102,71.0,116.64956690190175,116.93855287537974,461.9627804984516,462.02061828112966,149.36070334072363,149.3789782681805,20.145314289758698,20.163947593001804,1.4048889632918182,4.0,-211.0
103,71.0,116.93855287537974,117.19904510565254,462.02061828112966,462.0790330408254,149.3789782681805,149.39868865202575,20.163947593001804,20.181229732441388,1.5444927878113612,4.0,-211.0
104,71.0,117.19904510565254,117.42929922981844,462.0790330408254,462.1370698985811,149.39868865202575,149.4230119852531,20.181229732441388,20.197063828612375,1.2690016553216152,4.0,-211.0
105,71.0,117.42929922981844,117.50877255335342,462.1370698985811,462.15860822606317,149.4230119852531,149.43229337698372,20.197063828612375,20.20269437711356,0.428329150003514,4.0,-211.0
106,71.0,117.50877255335342,117.70353993598692,462.15860822606317,462.2152697597905,149.43229337698372,149.44395332964356,20.20269437711356,20.21670751415957,1.4107387417305812,4.0,-211.0
107,71.0,117.70353993598692,117.8738204672378,462.2152697597905,462.27104738185596,149.44395332964356,149.45882888968026,20.21670751415957,20.229489342285643,1.090228940607555,4.0,-211.0
108,71.0,117.8738204672378,118.02606186939394,462.27104738185596,462.326155565013,149.45882888968026,149.47401774484945,20.229489342285643,20.24134627412642,1.2186814336784226,4.0,-211.0
109,71.0,118.02606186939394,118.16187287254631,462.326155565013,462.3735258958639,149.47401774484945,149.48589083732531,20.24134627412642,20.252196220067876,1.145123802496614,4.0,-211.0
110,71.0,118.16187287254631,118.28249252230873,462.3735258958639,462.4161493711972,149.48589083732531,149.49039168001664,20.252196220067876,20.262125415200973,0.9723649036838221,4.0,-211.0
111,71.0,118.28249252230873,118.38949433718241,462.4161493711972,462.4574208383318,149.49039168001664,149.49627285917884,20.262125415200973,20.27129313911271,0.8586986227080028,4.0,-211.0
112,71.0,118.38949433718241,118.48391759889255,462.4574208383318,462.4988510869049,149.49627285917884,149.50769017529254,20.27129313911271,20.279805225151243,0.8020692468062882,4.0,-211.0
113,71.0,118.48391759889255,118.57027318538091,462.4988510869049,462.53462929854703,149.50769017529254,149.51606704711548,20.279805225151243,20.287719931115358,1.0167108873674238,4.0,-211.0
114,71.0,118.57027318538091,118.64672718553993,462.53462929854703,462.563644277628,149.51606704711548,149.52172801595367,20.287719931115358,20.29489948314447,0.6612249494709745,4.0,-211.0
115,71.0,118.64672718553993,118.71495936955725,462.563644277628,462.5938924298883,149.52172801595367,149.52333097186366,20.29489948314447,20.30161507095568,0.8005920508599923,4.0,-211.0
116,71.0,118.71495936955725,118.77633395262266,462.5938924298883,462.61879882679193,149.52333097186366,149.52307135476454,20.30161507095568,20.307784925027985,0.626726396102471,4.0,-211.0
117,71.0,118.77633395262266,118.83149009071542,462.61879882679193,462.6423274634797,149.52307135476454,149.52485787457516,20.307784925027985,20.313540623897236,0.7621978244429947,4.0,-211.0
118,71.0,118.83149009071542,118.88072144267058,462.6423274634797,462.66079436448774,149.52485787457516,149.52981513100153,20.313540623897236,20.31880927863457,0.5899324606985246,4.0,-211.0
119,71.0,118.88072144267058,118.92525782858267,462.66079436448774,462.6772273710179,149.52981513100153,149.53301533802113,20.31880927863457,20.323714431295887,0.611135898504948,4.0,-211.0
120,71.0,118.92525782858267,118.96532742623086,462.6772273710179,462.69126175542976,149.53301533802113,149.5328238525175,20.323714431295887,20.32825643288992,0.5476380658985864,4.0,-211.0
121,71.0,118.96532742623086,119.00114107384528,462.69126175542976,462.70432785509684,149.5328238525175,149.53365873066417,20.32825643288992,20.332485651847822,0.42356748098184555,4.0,-211.0
122,71.0,119.00114107384528,119.0340929940674,462.70432785509684,462.71600224555203,149.53365873066417,149.53323449590536,20.332485651847822,20.33648180807999,0.5425746377502355,4.0,-211.0
123,71.0,119.0340929940674,119.06373456584663,462.71600224555203,462.7254855035532,149.53323449590536,149.53371992427074,20.33648180807999,20.3401916285556,0.48276413240101246,4.0,-211.0
124,71.0,119.06373456584663,119.09022083918174,462.7254855035532,462.73425339829953,149.53371992427074,149.53499086589449,20.3401916285556,20.343659415318893,0.41481666983260956,4.0,-211.0
125,71.0,119.09022083918174,119.11406649228384,462.73425339829953,462.7422722673543,149.53499086589449,149.5381113976856,20.343659415318893,20.34693031931874,0.42820536456839503,4.0,-211.0
126,71.0,119.11406649228384,119.13611271013625,462.7422722673543,462.74716093231245,149.5381113976856,149.5416612599134,20.34693031931874,20.350010550282775,0.4245712426481776,4.0,-211.0
127,71.0,119.13611271013625,119.15591894747315,462.74716093231245,462.7518107662537,149.5416612599134,149.54464098806335,20.350010550282775,20.35291612599137,0.4508684640103146,4.0,-211.0
128,71.0,119.15591894747315,119.17322041544423,462.7518107662537,462.7568593413569,149.54464098806335,149.54787048112502,20.35291612599137,20.355653984463068,0.369990355819797,4.0,-211.0
129,71.0,119.17322041544423,119.18884444130038,462.7568593413569,462.76168648481917,149.54787048112502,149.55074157784946,20.355653984463068,20.35826950650777,0.4212495751929606,4.0,-211.0
130,71.0,119.18884444130038,119.20273807576231,462.76168648481917,462.76645755980826,149.55074157784946,149.5526008511726,20.35826950650777,20.360764984099546,0.45163930737921043,4.0,-211.0
131,71.0,119.20273807576231,119.21496274979613,462.76645755980826,462.7707129691309,149.5526008511726,149.55421736788034,20.360764984099546,20.36315847184752,0.4163772910755426,4.0,-211.0
132,71.0,119.21496274979613,119.22554890384058,462.7707129691309,462.7752999495983,149.55421736788034,149.55439657919786,20.36315847184752,20.36548572805234,0.4351354203523391,4.0,-211.0
133,71.0,119.22554890384058,119.23491257799314,462.7752999495983,462.7786506011283,149.55439657919786,149.5543505076769,20.36548572805234,20.36776951616115,0.4666982403545709,4.0,-211.0
134,71.0,119.23491257799314,119.2419540332575,462.7786506011283,462.78175503939553,149.5543505076769,149.55682444675637,20.36776951616115,20.36998323398284,0.5038458364094092,4.0,-211.0
135,71.0,119.2419540332575,119.2452082003643,462.78175503939553,462.782779352128,149.55682444675637,149.5585878195146,20.36998323398284,20.37143956255239,0.5430920640969117,4.0,-211.0
136,71.0,113.98632437140938,113.90610192238447,461.3285014245092,461.2510718132774,149.4380896140015,149.3609657720248,19.987342925338822,19.997695552713534,0.9476469383884815,5.0,211.0
137,71.0,113.90610192238447,113.83613615947664,461.2510718132774,461.17841124557845,149.3609657720248,149.29164688958173,19.997695552713534,20.007296277753493,0.9451026008245098,5.0,211.0
138,71.0,113.83613615947664,113.77275728377194,461.17841124557845,461.11549992868976,149.29164688958173,149.22767233673773,20.007296277753493,20.01616542813391,0.7850708408114794,5.0,211.0
139,71.0,113.77275728377194,113.71354823780128,461.11549992868976,461.0587213622539,149.22767233673773,149.170799567293,20.01616542813391,20.024441697579917,0.793686107291203,5.0,211.0
140,71.0,113.71354823780128,113.66490264086227,461.0587213622539,461.00825285493863,149.170799567293,149.11388843258064,20.024441697579917,20.032132930163343,0.8629816063667306,5.0,211.0
141,71.0,113.66490264086227,113.62242511311004,461.00825285493863,460.96620895580725,149.11388843258064,149.0601808729873,20.032132930163343,20.039205382786193,0.650938045605883,5.0,211.0
142,71.0,113.62242511311004,113.58397550433843,460.96620895580725,460.9331068517825,149.0601808729873,149.00738754452567,20.039205382786193,20.045823813772234,0.8222231189054775,5.0,211.0
143,71.0,113.58397550433843,113.54792553831025,460.9331068517825,460.9053889294473,149.00738754452567,148.9614055553142,20.045823813772234,20.051885487643137,0.6674788729920411,5.0,211.0
144,71.0,113.54792553831025,113.5136307632225,460.9053889294473,460.8818739603489,148.9614055553142,148.9208092831611,20.051885487643137,20.05750987995053,0.8720591442385444,5.0,211.0
145,71.0,113.5136307632225,113.48399381086242,460.8818739603489,460.8645372442396,148.9208092831611,148.8843553933352,20.05750987995053,20.06258447694994,0.5844701797719065,5.0,211.0
146,71.0,113.48399381086242,113.45851606938754,460.8645372442396,460.85212743930913,148.8843553933352,148.8493529393208,20.06258447694994,20.067305358741866,0.6587080515688849,5.0,211.0
147,71.0,113.45851606938754,113.43652180558554,460.85212743930913,460.84230787146623,148.8493529393208,148.8178029729964,20.067305358741866,20.071643196491248,0.49552130874091804,5.0,211.0
148,71.0,113.43652180558554,113.41765949831051,460.84230787146623,460.83297245833944,148.8178029729964,148.78870027099873,20.071643196491248,20.07570477622325,0.5545977623055842,5.0,211.0
149,71.0,113.41765949831051,113.40274594079438,460.83297245833944,460.824689166477,148.78870027099873,148.76170307443687,20.07570477622325,20.07947034122493,0.5531484675735593,5.0,211.0
150,71.0,113.40274594079438,113.39015949587153,460.824689166477,460.81581186958294,148.76170307443687,148.7380417519824,20.07947034122493,20.082956013416055,0.529597114012566,5.0,211.0
151,71.0,113.39015949587153,113.37902802918457,460.81581186958294,460.8065835588301,148.7380417519824,148.71771367017865,20.082956013416055,20.08619049480413,0.4860831438790821,5.0,211.0
152,71.0,113.37902802918457,113.36837977791417,460.8065835588301,460.7985356261688,148.71771367017865,148.7000224072841,20.08619049480413,20.089211759817736,0.4098858570685706,5.0,211.0
153,71.0,113.36837977791417,113.36029062669051,460.7985356261688,460.79061903571574,148.7000224072841,148.68354625999336,20.089211759817736,20.092068170006574,0.44780009019849776,5.0,211.0
154,71.0,113.36029062669051,113.35243092891153,460.79061903571574,460.7839379065961,148.68354625999336,148.66904291846828,20.092068170006574,20.09476216073027,0.38035221972134486,5.0,211.0
155,71.0,113.35243092891153,113.34492095559185,460.7839379065961,460.7788431119704,148.66904291846828,148.65576781846212,20.09476216073027,20.097334443589816,0.38962386263361654,5.0,211.0
156,71.0,113.34492095559185,113.33867478979576,460.7788431119704,460.7738654485132,148.65576781846212,148.64372220665734,20.097334443589816,20.099799820492763,0.3831159963240987,5.0,211.0
157,71.0,113.33867478979576,113.33388791911239,460.7738654485132,460.7683773361485,148.64372220665734,148.632987133459,20.099799820492763,20.102180330050526,0.4014152788397105,5.0,211.0
158,71.0,113.33388791911239,113.33011032413226,460.7683773361485,460.76304064735484,148.632987133459,148.62350148138924,20.102180330050526,20.10449570909055,0.38806399183427576,5.0,211.0
159,71.0,113.33011032413226,113.3257180130988,460.76304064735484,460.7587326181623,148.62350148138924,148.6154267777143,20.10449570909055,20.106768738392347,0.5235876326242245,5.0,211.0
160,71.0,113.3257180130988,113.3220945953113,460.7587326181623,460.75455898581447,148.6154267777143,148.60964237143656,20.106768738392347,20.10895518810667,0.5633809725982567,5.0,211.0
161,71.0,113.3220945953113,113.32083723294883,460.75455898581447,460.7524385529706,148.60964237143656,148.60793502895422,20.10895518810667,20.110154467408936,0.4525713731642956,5.0,211.0
162,71.0,113.32083723294883,113.32080772013683,460.7524385529706,460.75238834478785,148.60793502895422,148.60791147880533,20.110154467408936,20.1102474859,0.0056564235968687045,5.0,211.0
163,71.0,113.32080772013683,113.32077648210802,460.75238834478785,460.75238274072643,148.60791147880533,148.6078848286974,20.1102474859,20.110320046495552,0.018517601316253345,5.0,211.0
164,71.0,113.32077648210802,113.3207761855496,460.75238274072643,460.7523903421282,148.6078848286974,148.60788976534053,20.110320046495552,20.11035897121047,0.01125484871425957,5.0,211.0
165,71.0,113.3207761855496,113.32615934871676,460.7523903421282,460.75322896153375,148.60788976534053,148.58479187113738,43.36965849882865,43.37257542937632,0.36023363749101683,7.0,-13.0
166,71.0,113.32615934871676,113.33189685631427,460.75322896153375,460.75465992648634,148.58479187113738,148.56416562746261,43.37257542937632,43.37532949109639,0.3496929005391582,7.0,-13.0
167,71.0,113.33189685631427,113.3376659120502,460.75465992648634,460.7552148808306,148.56416562746261,148.54565201668214,43.37532949109639,43.377937788702255,0.3379886202226267,7.0,-13.0
168,71.0,113.3376659120502,113.3437163210059,460.7552148808306,460.75492894571073,148.54565201668214,148.5291768542383,43.377937788702255,43.380418553490856,0.3229284277926283,7.0,-13.0
169,71.0,113.3437163210059,113.34944081825756,460.75492894571073,460.7545179389152,148.5291768542383,148.51433032549352,43.380418553490856,43.382791276258935,0.3735749901260263,7.0,-13.0
170,71.0,113.34944081825756,113.35453930477468,460.7545179389152,460.75491083378665,148.51433032549352,148.50111463988173,43.382791276258935,43.38505780955295,0.34538755991067244,7.0,-13.0
171,71.0,113.35453930477468,113.35904085762365,460.75491083378665,460.7559803638086,148.50111463988173,148.48930928923943,43.38505780955295,43.38724640024276,0.3395707010276842,7.0,-13.0
172,71.0,113.35904085762365,113.36456967741367,460.7559803638086,460.756684751195,148.48930928923943,148.47947794311332,43.38724640024276,43.38937899556213,0.3881696081092596,7.0,-13.0
173,71.0,113.36456967741367,113.36875105924192,460.756684751195,460.75744784856806,148.47947794311332,148.4707176705753,43.38937899556213,43.39146673512974,0.3967464542402606,7.0,-13.0
174,71.0,113.36875105924192,113.3716854672643,460.75744784856806,460.75833523567115,148.4707176705753,148.46354558649895,43.39146673512974,43.39346672968419,0.5421236972248049,7.0,-13.0
175,71.0,113.3716854672643,113.37250426159298,460.75833523567115,460.75879128486,148.46354558649895,148.46155419272935,43.39346672968419,43.39435418943894,0.34123652868677035,7.0,-13.0
176,71.0,113.37250426159298,113.37252677591198,460.75879128486,460.758798600273,148.46155419272935,148.4615351768274,43.39435418943894,43.394406297504766,0.022159534567396277,7.0,-13.0
177,71.0,113.37252677591198,113.48904976322599,460.758798600273,460.8780073604013,148.4615351768274,148.37172079860522,408.50823910490476,408.5145558752506,0.3437053372939829,10.0,-11.0
178,71.0,113.48904976322599,113.68736623259217,460.8780073604013,461.0760602996141,148.37172079860522,148.2091334035114,408.5145558752506,408.5253651412309,0.791530183094851,10.0,-11.0
179,71.0,113.68736623259217,113.69669768549207,461.0760602996141,461.08444739070546,148.2091334035114,148.20292185797717,408.5253651412309,408.52583219042526,0.015031626353337447,10.0,-11.0
180,71.0,113.69669768549207,114.49022443310187,461.08444739070546,461.776845969645,148.20292185797717,147.64739875829505,408.52583219042526,408.5655537542426,2.1606363029365108,10.0,-11.0
181,71.0,113.69669768549207,113.69658631220014,461.08444739070546,461.0955928838389,148.20292185797717,148.20374871339953,408.52583219042526,408.52627398320055,0.05389218356504457,13.0,11.0
182,71.0,113.69658631220014,113.7024482094677,461.0955928838389,461.1134847077857,148.20374871339953,148.19812790505662,408.52627398320055,408.5270708172851,0.06122964003082447,13.0,11.0
183,71.0,113.7024482094677,113.70839081388533,461.1134847077857,461.12663172047166,148.19812790505662,148.1926985265968,408.5270708172851,408.52771994519634,0.07017756737739357,13.0,11.0
184,71.0,113.70839081388533,113.69749151182593,461.12663172047166,461.126577061286,148.1926985265968,148.19216815187687,408.52771994519634,408.5282080057719,0.06329115020052854,13.0,11.0
185,71.0,113.69749151182593,113.69071210816746,461.126577061286,461.12397037102954,148.19216815187687,148.19227066477333,408.5282080057719,408.52856038517405,0.02725428105511099,13.0,11.0
186,71.0,113.69071210816746,113.68759029198777,461.12397037102954,461.1206836456282,148.19227066477333,148.19595928179461,408.52856038517405,408.5288578457983,0.020611849441458035,13.0,11.0
187,71.0,113.68759029198777,113.68368674720253,461.1206836456282,461.1180245470776,148.19595928179461,148.19702100531356,408.5288578457983,408.5291154118884,0.04659460017311501,13.0,11.0
188,71.0,113.68368674720253,113.68120725105265,461.1180245470776,461.11668787119135,148.19702100531356,148.19723799939612,408.5291154118884,408.529288424551,0.024009718306790506,13.0,11.0
189,71.0,113.68120725105265,113.67995282042503,461.11668787119135,461.11574586610567,148.19723799939612,148.1983535100033,408.529288424551,408.52942009393826,0.01281395023675723,13.0,11.0
190,71.0,113.67995282042503,113.67936342741093,461.11574586610567,461.1170167179683,148.1983535100033,148.19882817059258,408.52942009393826,408.5295295169978,0.008320711689426913,13.0,11.0
191,71.0,113.67936342741093,113.67869696917558,461.1170167179683,461.1180111848897,148.19882817059258,148.19873613943074,408.5295295169978,408.5296240134938,0.02134172663870979,13.0,11.0
192,71.0,113.67869696917558,113.67896168484565,461.1180111848897,461.11827935804604,148.19873613943074,148.19836460817902,408.5296240134938,408.5296763262328,0.018433091749388557,13.0,11.0
193,71.0,113.67896168484565,113.67888639456746,461.11827935804604,461.1183634801229,148.19836460817902,148.19833325281257,408.5296763262328,408.5296937247899,0.013401946834586183,13.0,11.0
194,71.0,132.6713058167827,132.7692359552268,470.8881855385827,470.9270244796168,135.226535177846,135.13826141567418,409.36042102238923,409.36502074915177,0.19995341514412718,16.0,11.0
195,71.0,132.7692359552268,132.98877443051532,470.9270244796168,471.0118586142702,135.13826141567418,134.75077804801543,409.36502074915177,409.38021451109006,0.7974975114106021,16.0,11.0
196,71.0,132.98877443051532,133.20120165878762,471.0118586142702,471.0281387579551,134.75077804801543,134.44879117320536,409.38021451109006,409.3926230018549,0.8724173810721287,16.0,11.0
197,71.0,133.20120165878762,133.20833056973134,471.0281387579551,471.02060183605784,134.44879117320536,134.4262791797991,409.3926230018549,409.3934582138104,0.059521334069604,16.0,11.0
198,71.0,133.20833056973134,133.2322820368874,471.02060183605784,470.9619976426126,134.4262791797991,134.24420034006457,409.3934582138104,409.39996500003184,0.4482797655879351,16.0,11.0
199,71.0,133.2322820368874,133.29931974537578,470.9619976426126,471.01916051019515,134.24420034006457,134.06928657639605,409.39996500003184,409.4066089493435,0.36812581264888006,16.0,11.0
200,71.0,133.29931974537578,133.37936374238825,471.01916051019515,471.04166810860625,134.06928657639605,133.93389187934378,409.4066089493435,409.41202936850414,0.31291749940986113,16.0,11.0
201,71.0,133.37936374238825,133.33957100437027,471.04166810860625,470.96440664178226,133.93389187934378,133.90053679725943,409.41202936850414,409.41522839072303,0.16225219250427073,16.0,11.0
202,71.0,133.33957100437027,133.28199061916015,470.96440664178226,470.97301896507304,133.90053679725943,133.90070614113057,409.41522839072303,409.41731977837554,0.12295529916294254,16.0,11.0
203,71.0,133.28199061916015,133.25675513609616,470.97301896507304,471.0128093003499,133.90070614113057,133.89400031850465,409.41731977837554,409.419058173013,0.09132559955920697,16.0,11.0
204,71.0,133.25675513609616,133.24884119543066,471.0128093003499,471.0312400011153,133.89400031850465,133.85944224762602,409.419058173013,409.4205419857093,0.07952136039117295,16.0,11.0
205,71.0,133.24884119543066,133.22588274816906,471.0312400011153,471.05411854638476,133.85944224762602,133.8680618698275,409.4205419857093,409.4218107614449,0.16140162604064806,16.0,11.0
206,71.0,133.22588274816906,133.22089619825383,471.05411854638476,471.060127368532,133.8680618698275,133.88790070560967,409.4218107614449,409.42266524254313,0.044661707638556786,16.0,11.0
207,71.0,133.22089619825383,133.20982695192342,471.060127368532,471.0590449637163,133.88790070560967,133.9022367250794,409.42266524254313,409.4234098994357,0.054941336209193205,16.0,11.0
208,71.0,133.20982695192342,133.21963753598118,471.0590449637163,471.06556536491564,133.9022367250794,133.91054363924496,409.4234098994357,409.42402363988293,0.044408289044853305,16.0,11.0
209,71.0,133.21963753598118,133.22284622635635,471.06556536491564,471.0766019637939,133.91054363924496,133.90920743547107,409.42402363988293,409.4245356082471,0.0531207727982191,16.0,11.0
210,71.0,133.22284622635635,133.21507931271822,471.0766019637939,471.0767156430651,133.90920743547107,133.90596704977068,409.4245356082471,409.4249315579401,0.02838608468388469,16.0,11.0
211,71.0,133.21507931271822,133.21150898473482,471.0767156430651,471.07932515698013,133.90596704977068,133.90071959651192,409.4249315579401,409.42526855888286,0.04738741321304423,16.0,11.0
212,71.0,133.21150898473482,133.20895460940133,471.07932515698013,471.07812860507846,133.90071959651192,133.89719597431764,409.42526855888286,409.4255128512097,0.014719768401397418,16.0,11.0
213,71.0,133.20895460940133,133.21040386988088,471.07812860507846,471.0787415282043,133.89719597431764,133.8936772499762,409.4255128512097,409.42572996312725,0.026022370707787762,16.0,11.0
214,71.0,133.21040386988088,133.21221950364915,471.0787415282043,471.0794492768556,133.8936772499762,133.89169641916277,409.42572996312725,409.4259009204832,0.013500133589299395,16.0,11.0
215,71.0,133.21221950364915,133.21250817680942,471.0794492768556,471.0798285156205,133.89169641916277,133.88948306054075,409.4259009204832,409.4260486002321,0.028668405310715905,16.0,11.0
216,71.0,133.21250817680942,133.21229059960518,471.0798285156205,471.0798066631554,133.88948306054075,133.8882422819103,409.4260486002321,409.42614635799174,0.011951896508617011,16.0,11.0
217,71.0,133.21229059960518,133.21241942203014,471.0798066631554,471.07955698283376,133.8882422819103,133.88741789370775,409.42614635799174,409.4262215550722,0.015176221854763524,16.0,11.0
218,71.0,133.21241942203014,133.21259470440836,471.07955698283376,471.0797549274389,133.88741789370775,133.88774347010025,409.4262215550722,409.4262656496292,0.015633975631557044,16.0,11.0
219,71.0,133.21259470440836,133.21267281543874,471.0797549274389,471.07969451302307,133.88774347010025,133.88772975036164,409.4262656496292,409.4262811359286,0.012205722212953348,16.0,11.0
220,71.0,132.6713058167827,133.11460161202626,470.8881855385827,471.07689480482867,135.226535177846,134.91381456055132,409.36042102238923,409.3795935672558,1.1358199698776588,17.0,-11.0
221,71.0,133.11460161202626,133.3943728364917,471.07689480482867,471.18501527075495,134.91381456055132,134.67448497850492,409.3795935672558,409.3924035213027,0.6972999017791927,17.0,-11.0
222,71.0,133.3943728364917,133.60969553865436,471.18501527075495,471.1960343070749,134.67448497850492,134.51848367045682,409.3924035213027,409.40128861186986,0.6012110344061231,17.0,-11.0
223,71.0,133.60969553865436,133.62224980611032,471.1960343070749,471.20295621925436,134.51848367045682,134.50581888687822,409.40128861186986,409.401927341089,0.03379879503797905,17.0,-11.0
224,71.0,133.62224980611032,134.3563809226237,471.20295621925436,471.55412395046744,134.50581888687822,133.82926321724406,409.401927341089,409.43726694337374,2.129743131591934,17.0,-11.0
225,71.0,134.3563809226237,134.39324515912548,471.55412395046744,471.5725075172375,133.82926321724406,133.81019014126724,409.43726694337374,409.43878371279004,0.11705119797806357,17.0,-11.0
226,71.0,134.39324515912548,134.48914675226408,471.5725075172375,471.6207716269776,133.81019014126724,133.7612739296328,409.43878371279004,409.4427260022186,0.1905854221395675,17.0,-11.0
227,71.0,134.48914675226408,135.16278742859416,471.6207716269776,471.92163998100216,133.7612739296328,133.4713054930103,409.4427260022186,409.46921668753765,1.6613674729910857,17.0,-11.0
228,71.0,135.16278742859416,135.60158377145265,471.92163998100216,472.105110860484,133.4713054930103,133.07979888496646,409.46921668753765,409.48982355381906,1.3224865948825086,17.0,-11.0
229,71.0,135.60158377145265,135.40729451940737,472.105110860484,472.3573612841234,133.07979888496646,132.83773434758638,409.48982355381906,409.5032239261936,0.9607449201411294,17.0,-11.0
230,71.0,135.40729451940737,135.21210082044428,472.3573612841234,472.49236616137716,132.83773434758638,132.59628995753687,409.5032239261936,409.5146032647808,0.557002607568646,17.0,-11.0
231,71.0,135.21210082044428,134.9467140187497,472.49236616137716,472.4429631353737,132.59628995753687,132.52102380136904,409.5146032647808,409.524046660631,0.7145317376362036,17.0,-11.0
232,71.0,134.9467140187497,134.75077275608882,472.4429631353737,472.404529425263,132.52102380136904,132.46908673791253,409.524046660631,409.5310391013502,0.39741001216081434,17.0,-11.0
233,71.0,134.75077275608882,134.58539005556514,472.404529425263,472.41331295362136,132.46908673791253,132.47881009225327,409.5310391013502,409.53669330999423,0.38505425154408823,17.0,-11.0
234,71.0,134.58539005556514,134.50490507417172,472.41331295362136,472.3358372644402,132.47881009225327,132.5402691001281,409.53669330999423,409.54107757251904,0.2298676536122806,17.0,-11.0
235,71.0,134.50490507417172,134.4936659453063,472.3358372644402,472.23136612502856,132.5402691001281,132.5424191454851,409.54107757251904,409.54472110896563,0.32615740389346415,17.0,-11.0
236,71.0,134.4936659453063,134.47382764119476,472.23136612502856,472.1598625142504,132.5424191454851,132.5453471460134,409.54472110896563,409.5473451501751,0.14781787190910112,17.0,-11.0
237,71.0,134.47382764119476,134.44262676259382,472.1598625142504,472.10848546499045,132.5453471460134,132.5544741070796,409.5473451501751,409.5495231809455,0.24216548517633113,17.0,-11.0
238,71.0,134.44262676259382,134.43170337415748,472.10848546499045,472.0833888814517,132.5544741070796,132.52563389651445,409.5495231809455,409.5510008570902,0.09469039634659553,17.0,-11.0
239,71.0,134.43170337415748,134.46214441895694,472.0833888814517,472.08719186877636,132.52563389651445,132.5164888455472,409.5510008570902,409.552218164083,0.06374700808859272,17.0,-11.0
240,71.0,134.46214441895694,134.46851836027156,472.08719186877636,472.0860175087123,132.5164888455472,132.49024905465757,409.552218164083,409.553266835641,0.0524820157390018,17.0,-11.0
241,71.0,134.46851836027156,134.48050931522545,472.0860175087123,472.0792071480802,132.49024905465757,132.47179105896345,409.553266835641,409.55417928976505,0.05116404516591935,17.0,-11.0
242,71.0,134.48050931522545,134.47868901085488,472.0792071480802,472.0807221622191,132.47179105896345,132.45263102981724,409.55417928976505,409.55496290893853,0.06284587233227457,17.0,-11.0
243,71.0,134.47868901085488,134.48675079154822,472.0807221622191,472.06838380469253,132.45263102981724,132.4552620216164,409.55496290893853,409.55559482129615,0.03662844562057376,17.0,-11.0
244,71.0,134.48675079154822,134.4961918044085,472.06838380469253,472.0692500893425,132.4552620216164,132.44698593436593,409.55559482129615,409.55614166277087,0.0441978057912267,17.0,-11.0
245,71.0,134.4961918044085,134.4880776833216,472.0692500893425,472.0645857294324,132.44698593436593,132.44383823097957,409.55614166277087,409.55659002093637,0.030406735157852856,17.0,-11.0
246,71.0,134.4880776833216,134.48144514052885,472.0645857294324,472.0614819154686,132.44383823097957,132.44737497674063,409.55659002093637,409.55697359594905,0.024462363160299372,17.0,-11.0
247,71.0,134.48144514052885,134.481133633536,472.0614819154686,472.0576671606817,132.44737497674063,132.45301165444315,409.55697359594905,409.55730706344946,0.03851676512714391,17.0,-11.0
248,71.0,134.481133633536,134.4768920554159,472.0576671606817,472.0570974063912,132.45301165444315,132.45541159145105,409.55730706344946,409.5575658030012,0.020171194796503214,17.0,-11.0
249,71.0,134.4768920554159,134.47331204632366,472.0570974063912,472.0588456401474,132.45541159145105,132.45504844084266,409.5575658030012,409.55778768808375,0.013572970626768422,17.0,-11.0
250,71.0,134.47331204632366,134.47088077644213,472.0588456401474,472.05680460949515,132.45504844084266,132.45375061111537,409.55778768808375,409.55798571004016,0.01948436279966212,17.0,-11.0
251,71.0,134.47088077644213,134.46958161062295,472.05680460949515,472.0552760661747,132.45375061111537,132.4519958139221,409.55798571004016,409.5581507346003,0.02624202645851561,17.0,-11.0
252,71.0,134.46958161062295,134.47048183951216,472.0552760661747,472.05559058567576,132.4519958139221,132.4505465190158,409.5581507346003,409.55827284689326,0.017259904895433012,17.0,-11.0
253,71.0,134.47048183951216,134.4698353227839,472.05559058567576,472.0564861029985,132.4505465190158,132.45015858657771,409.55827284689326,409.55836584298953,0.020897849697898256,17.0,-11.0
254,71.0,134.4698353227839,134.46985563881253,472.0564861029985,472.05675876164804,132.45015858657771,132.44970841346316,409.55836584298953,409.558418436477,0.022451416755810093,17.0,-11.0
255,71.0,134.46985563881253,134.46987229545135,472.05675876164804,472.0567678883361,132.44970841346316,132.4496481940164,409.558418436477,409.5584300014464,0.008691418167126385,17.0,-11.0
256,71.0,133.62224980611032,133.62074196994772,471.20295621925436,471.2101641120797,134.50581888687822,134.5064879588569,409.401927341089,409.40223953395156,0.01320781370970965,21.0,11.0
257,71.0,133.62074196994772,133.61758400464538,471.2101641120797,471.22410184820984,134.5064879588569,134.5063111604367,409.40223953395156,409.4028489467114,0.03499325980308629,21.0,11.0
258,71.0,133.61758400464538,133.61009721416008,471.22410184820984,471.2323561534833,134.5063111604367,134.50174555498683,409.4028489467114,409.40337795819215,0.03545374309332139,21.0,11.0
259,71.0,133.61009721416008,133.60027335843716,471.2323561534833,471.23303506078156,134.50174555498683,134.5025190256713,409.40337795819215,409.40382814905297,0.027346246106643362,21.0,11.0
260,71.0,133.60027335843716,133.60133147349399,471.23303506078156,471.2398155789747,134.5025190256713,134.5071823523479,409.40382814905297,409.4042196186141,0.026753457033856724,21.0,11.0
261,71.0,133.60133147349399,133.60416727235713,471.2398155789747,471.23889783185075,134.5071823523479,134.513335070512,409.4042196186141,409.4045556300213,0.016088524121067423,21.0,11.0
262,71.0,133.60416727235713,133.60568108159578,471.23889783185075,471.23319008358357,134.513335070512,134.51441860077358,409.4045556300213,409.404859341999,0.03092676184179596,21.0,11.0
263,71.0,133.60568108159578,133.6055101110729,471.23319008358357,471.22870558878975,134.51441860077358,134.51484885564327,409.404859341999,409.4051034200241,0.020708430387042995,21.0,11.0
264,71.0,133.6055101110729,133.6076380098036,471.22870558878975,471.2263088336126,134.51484885564327,134.51647028410645,409.4051034200241,409.4053094958958,0.01729023827024873,21.0,11.0
265,71.0,133.6076380098036,133.61010805229293,471.2263088336126,471.22665757796784,134.51647028410645,134.51791397432214,409.4053094958958,409.40548501878766,0.01381289031475564,21.0,11.0
266,71.0,133.61010805229293,133.61167109150034,471.22665757796784,471.22491470254636,134.51791397432214,134.51770434687677,409.40548501878766,409.4056366823321,0.04059654343036333,21.0,11.0
267,71.0,133.61167109150034,133.61203613911124,471.22491470254636,471.2248175071235,134.51770434687677,134.51683708465316,409.4056366823321,409.4057164698462,0.01675105339487921,21.0,11.0
268,71.0,133.61203613911124,133.61234120707206,471.2248175071235,471.22493150904086,134.51683708465316,134.51654164815824,409.4057164698462,409.40576212415374,0.01437061459118835,21.0,11.0
269,71.0,133.61234120707206,133.61228895484277,471.22493150904086,471.2249170818867,134.51654164815824,134.5166598626604,409.40576212415374,409.4057808847357,0.014234319282932483,21.0,11.0
270,71.0,135.40729451940737,135.4009089358982,472.3573612841234,472.3612389790704,132.83773434758638,132.8406028289724,409.5032239261936,409.5035585329298,0.013873887775491651,24.0,11.0
271,71.0,135.4009089358982,135.38982364879544,472.3612389790704,472.3689994240185,132.8406028289724,132.84746106269856,409.5035585329298,409.50419902135144,0.04348792967472764,24.0,11.0
272,71.0,135.38982364879544,135.38358070164222,472.3689994240185,472.37960796059303,132.84746106269856,132.8483751798369,409.50419902135144,409.50473884106646,0.038265450987316166,24.0,11.0
273,71.0,135.38358070164222,135.38170712158916,472.37960796059303,472.3799755394416,132.8483751798369,132.83856551478254,409.50473884106646,409.50519330263893,0.028626999958171313,24.0,11.0
274,71.0,135.38170712158916,135.378085606787,472.3799755394416,472.3868098633972,132.83856551478254,132.8354591528524,409.50519330263893,409.50558619647313,0.034099585039742614,24.0,11.0
275,71.0,135.378085606787,135.38395928037463,472.3868098633972,472.3885418933222,132.8354591528524,132.8375992271038,409.50558619647313,409.5059087130367,0.026047738476372623,24.0,11.0
276,71.0,135.38395928037463,135.38444832210192,472.3885418933222,472.38980900070254,132.8375992271038,132.84259949225216,409.5059087130367,409.50617993836283,0.03501055466181722,24.0,11.0
277,71.0,135.38444832210192,135.38387052474854,472.38980900070254,472.38661411295027,132.84259949225216,132.8410638118798,409.50617993836283,409.50638600278046,0.015603761582803188,24.0,11.0
278,71.0,135.38387052474854,135.38386638764518,472.38661411295027,472.38571506507617,132.8410638118798,132.83825529618042,409.50638600278046,409.5065644522807,0.01380709204894733,24.0,11.0
279,71.0,135.38386638764518,135.38583024245136,472.38571506507617,472.3858007440666,132.83825529618042,132.83965618685824,409.5065644522807,409.5067190174532,0.02287914831818275,24.0,11.0
280,71.0,135.38583024245136,135.38443988623467,472.3858007440666,472.38516992812794,132.83965618685824,132.83921020969098,409.5067190174532,409.50683416511134,0.06475928348474068,24.0,11.0
281,71.0,136.9637728005318,136.96329364465615,476.5440064117457,476.55160105007843,134.03079037303965,134.0324702819346,409.73760969189436,409.73793586066745,0.021774556187675126,27.0,11.0
282,71.0,136.96329364465615,136.957313105828,476.55160105007843,476.56414852038233,134.0324702819346,134.03676544948468,409.73793586066745,409.73855435542373,0.03385393479708575,27.0,11.0
283,71.0,136.957313105828,136.96233250201655,476.56414852038233,476.56909913606125,134.03676544948468,134.0469171758192,409.73855435542373,409.7390947711179,0.06897619110355739,27.0,11.0
284,71.0,136.96233250201655,136.9679739850924,476.56909913606125,476.5716180363138,134.0469171758192,134.04147609606974,409.7390947711179,409.73948382059314,0.11741341209468786,27.0,11.0
285,71.0,136.9679739850924,136.96960185562565,476.5716180363138,476.5714546728412,134.04147609606974,134.0394334785192,409.73948382059314,409.739647577184,0.013866850615816939,27.0,11.0
286,71.0,136.96960185562565,136.96802007091947,476.5714546728412,476.57268021489864,134.0394334785192,134.03880430574355,409.739647577184,409.73978747474945,0.010915052458888049,27.0,11.0
287,71.0,136.96802007091947,136.96833769228778,476.57268021489864,476.5743310516024,134.03880430574355,134.0384952326288,409.73978747474945,409.7399085912418,0.00995226355440197,27.0,11.0
288,71.0,136.96833769228778,136.96857938442716,476.5743310516024,476.57536723665737,134.0384952326288,134.03763372958056,409.7399085912418,409.74001223115386,0.028227895944751932,27.0,11.0
289,71.0,136.96857938442716,136.96813188777745,476.57536723665737,476.5753731009437,134.03763372958056,134.0378014024457,409.74001223115386,409.74006077003446,0.010726478223617853,27.0,11.0
290,71.0,136.96813188777745,136.96797837325136,476.5753731009437,476.57547305438584,134.0378014024457,134.03767839878708,409.74006077003446,409.74008831328115,0.019283712603259152,27.0,11.0
291,71.0,136.8459786879692,136.84599230748293,473.16636883909587,473.16627467108754,132.36223803711502,132.36226008366575,409.8633344992801,409.8633454095506,0.0010393478831283772,28.0,11.0
292,71.0,136.84599230748293,136.84617165641558,473.16627467108754,473.1660552936598,132.36226008366575,132.36238356524865,409.8633454095506,409.86338064557316,0.01667736823907853,28.0,11.0
293,71.0,136.84617165641558,136.84619456946623,473.1660552936598,473.16602866578535,132.36238356524865,132.36237605162862,409.86338064557316,409.8633881116775,0.006711374917292085,28.0,11.0
294,71.0,137.55000813902913,137.55134919529314,472.6475290288878,472.6482502096318,127.80694292088458,127.8052881016564,410.0180577861744,410.01817647633067,0.005191944824082887,29.0,11.0
295,71.0,137.55134919529314,137.55390034801877,472.6482502096318,472.64992431414703,127.8052881016564,127.80163528756398,410.01817647633067,410.0184307549203,0.04628645616670328,29.0,11.0
296,71.0,137.55390034801877,137.55349716460688,472.64992431414703,472.64811345359095,127.80163528756398,127.79957931893557,410.0184307549203,410.018601294387,0.016604502330321028,29.0,11.0
297,71.0,137.55349716460688,137.55416999701313,472.64811345359095,472.647719430665,127.79957931893557,127.79758553234315,410.018601294387,410.01874322657557,0.0207511228384721,29.0,11.0
298,71.0,137.55416999701313,137.55387380864624,472.647719430665,472.64804112965965,127.79758553234315,127.79624206981029,410.01874322657557,410.0188491843139,0.012205490377533788,29.0,11.0
299,71.0,137.55387380864624,137.5543807742851,472.64804112965965,472.6480160807417,127.79624206981029,127.79711504885617,410.0188491843139,410.01893277784484,0.042989916156392326,29.0,11.0
300,71.0,137.5543807742851,137.5543746904667,472.6480160807417,472.6480323076968,127.79711504885617,127.79711306502558,410.01893277784484,410.01893726839023,0.004344198683253496,29.0,11.0
301,71.0,137.55001048540947,137.55001817201148,472.64752933631024,472.6475287319752,127.80694285069676,127.80694305626159,410.01805856944947,410.0180611213035,0.00261708,30.0,11.0
302,71.0,123.57820178115318,123.57931001453827,452.45954521787263,452.4538516806112,125.54428865176592,125.54412632678623,410.3409656909165,410.34122128534534,0.01703019950376548,34.0,11.0
303,71.0,123.57931001453827,123.58429360981638,452.4538516806112,452.44426034134705,125.54412632678623,125.54394253654546,410.34122128534534,410.34170563109404,0.02207228878955785,34.0,11.0
304,71.0,123.58429360981638,123.58466967419311,452.44426034134705,452.4358097442858,125.54394253654546,125.54824757789413,410.34170563109404,410.3421415797161,0.035920648361787,34.0,11.0
305,71.0,123.58466967419311,123.58342112608304,452.4358097442858,452.4387414947673,125.54824757789413,125.5549931196077,410.3421415797161,410.34250143758953,0.026661898966216496,34.0,11.0
306,71.0,123.58342112608304,123.58485515578248,452.4387414947673,452.44241686271914,125.5549931196077,125.5595892470006,410.34250143758953,410.34280724073375,0.04200143294831425,34.0,11.0
307,71.0,123.58485515578248,123.5840326111733,452.44241686271914,452.4415990714675,125.5595892470006,125.5634758760222,410.34280724073375,410.3430327345243,0.017956322657775015,34.0,11.0
308,71.0,123.5840326111733,123.58529050939083,452.4415990714675,452.4403458251736,125.5634758760222,125.56070938641092,410.3430327345243,410.34322584396455,0.018958806056795927,34.0,11.0
309,71.0,123.58529050939083,123.58644938294715,452.4403458251736,452.44020759247996,125.56070938641092,125.55845916305358,410.34322584396455,410.3433859040348,0.01958608182353472,34.0,11.0
310,71.0,123.58644938294715,123.58526817040556,452.44020759247996,452.44129887508905,125.55845916305358,125.55761514106845,410.3433859040348,410.343512294747,0.013921635772070218,34.0,11.0
311,71.0,123.58526817040556,123.58495133175435,452.44129887508905,452.44250933138255,125.55761514106845,125.55808998649897,410.343512294747,410.3436142939216,0.019093368734396637,34.0,11.0
312,71.0,123.58495133175435,123.58537156495133,452.44250933138255,452.4423530772935,125.55808998649897,125.55865355927342,410.3436142939216,410.3436798284273,0.01459022801767272,34.0,11.0
313,71.0,123.58537156495133,123.58538783263626,452.4423530772935,452.442057497087,125.55865355927342,125.55854624367487,410.3436798284273,410.34371554681957,0.011486775686112139,34.0,11.0
314,71.0,123.58538783263626,123.58532061416865,452.442057497087,452.4420295260161,125.55854624367487,125.55847927527552,410.34371554681957,410.34373094627665,0.012150614505581863,34.0,11.0
315,71.0,123.09340464457883,123.0922765822758,452.8261173487901,452.8266562902165,125.54165097518974,125.54110017822147,410.3612394287208,410.36131975343187,0.006014906474427833,35.0,11.0
316,71.0,123.0922765822758,123.08972408665814,452.8266562902165,452.8277582590523,125.54110017822147,125.53989169156739,410.36131975343187,410.3615018081786,0.030646605435881994,35.0,11.0
317,71.0,123.08972408665814,123.09131986704583,452.8277582590523,452.82835077041216,125.53989169156739,125.53910934828374,410.3615018081786,410.3616309866562,0.010344940514784347,35.0,11.0
318,71.0,123.09131986704583,123.09181089732904,452.82835077041216,452.82859235267915,125.53910934828374,125.54052078076438,410.3616309866562,410.36174220543046,0.01136448425096788,35.0,11.0
319,71.0,123.09181089732904,123.09193758338786,452.82859235267915,452.82964281785615,125.54052078076438,125.5409291884489,410.36174220543046,410.361832975593,0.01534194424475829,35.0,11.0
320,71.0,123.09193758338786,123.0925463016476,452.82964281785615,452.8298557416724,125.5409291884489,125.54088802599293,410.361832975593,410.3618935332504,0.016319579585133154,35.0,11.0
321,71.0,123.0925463016476,123.09255832401759,452.8298557416724,452.82970800025214,125.54088802599293,125.54071901378624,410.3618935332504,410.36192145325236,0.019491205219680504,35.0,11.0
322,71.0,123.2769110941426,123.27699708214627,452.8009665150151,452.8008171095209,125.64235123175436,125.64254257570633,410.3682795001481,410.36831033090465,0.020376019674421188,36.0,11.0
323,71.0,123.27687675439593,123.27687448838108,452.80102322760615,452.80102901335533,125.6423002048746,125.64229679024167,410.3682706869703,410.3682730957022,0.002481016259807443,37.0,11.0
324,71.0,123.33540774346193,123.33537410920603,453.2999414418442,453.2999117776397,125.7149207866837,125.71501331649044,410.3852050591246,410.38522089398026,0.012426214984303002,40.0,11.0
325,71.0,131.18767992250673,131.1876911314897,455.03020943037455,455.0302223654685,132.63049943541859,132.63044074990756,410.73896457749646,410.73897547918045,0.009180382338917197,41.0,11.0
326,71.0,131.2750320423709,131.27494362785123,455.7617206059496,455.7615430633461,132.7615816424502,132.7622937997069,410.7639214471257,410.76397054874246,0.008267438259909771,43.0,11.0
327,71.0,131.27494362785123,131.27359904712318,455.7615430633461,455.76175447836533,132.7622937997069,132.76351814989064,410.76397054874246,410.7640976509902,0.0185860226978221,43.0,11.0
328,71.0,131.27359904712318,131.27270366364218,455.76175447836533,455.76137518227824,132.76351814989064,132.76281989779798,410.7640976509902,410.764191951405,0.04272790097039533,43.0,11.0
329,71.0,131.27270366364218,131.27264411580668,455.76137518227824,455.7613729190971,132.76281989779798,132.76286540564962,410.764191951405,410.7642045708412,0.010341714031803173,43.0,11.0
330,71.0,131.27502961693003,131.275022874448,455.76172116657074,455.7617231352019,132.76158200264862,132.76158320564372,410.7639222693973,410.76392468653825,0.00248905054121006,44.0,11.0
331,71.0,134.51362055500965,134.51363889955698,471.6274188176838,471.62737162823504,133.7495120571772,133.74958401571192,409.44366354756795,409.443677702346,0.01135137262806445,47.0,11.0
332,71.0,134.51407180230527,134.51407771932915,471.627033581047,471.62703534258424,133.74771011629323,133.74771240868807,409.44372242436845,409.44372471451084,0.002367091983125454,50.0,11.0
333,71.0,134.43707137503424,134.4370606763919,471.01471935876424,471.01470884042385,133.0219853406563,133.02197762743629,409.484560797126,409.4845651840617,0.004256435205426854,53.0,11.0
334,71.0,135.02762769794543,135.0277699209344,471.0820615676204,471.081905566574,132.5827753784709,132.58268761810052,409.509211298677,409.50923191073406,0.0030606847146954774,55.0,11.0
335,71.0,135.0277699209344,135.02819574008342,471.081905566574,471.0815893241215,132.58268761810052,132.5823103008781,409.50923191073406,409.50929279156003,0.014075167489843698,55.0,11.0
336,71.0,135.02819574008342,135.02842538650845,471.0815893241215,471.08152489197573,132.5823103008781,132.5821728474928,409.50929279156003,409.5093251608257,0.01134422836209689,55.0,11.0
337,71.0,135.02842538650845,135.02847070785742,471.08152489197573,471.081584195646,132.5821728474928,132.5821517559838,409.5093251608257,409.5093380904693,0.010547656889339155,55.0,11.0
338,71.0,135.0276292636944,135.0276350200346,471.082061486205,471.0820580632195,132.58277385123847,132.58277556866156,409.50921202282217,409.5092143904215,0.002441634626703763,56.0,11.0
339,71.0,133.63887845608718,133.6388597841849,471.21565149734914,471.21581204161475,134.4871291694777,134.4872897817594,409.4028702149877,409.40289841086644,0.019642728519305985,60.0,11.0
340,71.0,133.6389222453747,133.63892356458402,471.2156130946646,471.21560808845186,134.4870835391635,134.48707791925625,409.40286230420065,409.40286483968885,0.0026015949770827516,61.0,11.0
341,71.0,133.89853960713938,133.89856558031025,472.1080829660103,472.108237806297,133.8732335841073,133.87319130186626,409.4474896162125,409.4475055971131,0.006409283611680319,64.0,11.0
342,71.0,133.89856558031025,133.8984667547004,472.108237806297,472.10855544825716,133.87319130186626,133.8730340494954,409.4475055971131,409.4475456448345,0.019005374600336803,64.0,11.0
343,71.0,133.8984667547004,133.89845976117948,472.10855544825716,472.1085625700686,133.8730340494954,133.87299843966798,409.4475456448345,409.44755326638636,0.006827889407947849,64.0,11.0
344,71.0,133.89864525857521,133.89864555688527,472.10991092901656,472.1099061677677,133.87533596212828,133.87533910981637,409.4475832204466,409.44758529979225,0.0021614513076555915,67.0,11.0
345,71.0,132.7692359552268,132.79421546694044,470.9270244796168,470.9249928197536,135.13826141567418,135.1364584422274,409.36502074915177,409.365926714879,0.054235792046515,69.0,11.0
346,71.0,132.79421546694044,132.82922487376973,470.9249928197536,470.93070181130395,135.1364584422274,135.17284404629646,409.365926714879,409.36777226143477,0.11099284621939833,69.0,11.0
347,71.0,132.82922487376973,132.83141623541582,470.93070181130395,470.94468150677693,135.17284404629646,135.21180096762274,409.36777226143477,409.36930584305685,0.11058764032498045,69.0,11.0
348,71.0,132.83141623541582,132.8065521679937,470.94468150677693,470.96280713762246,135.21180096762274,135.22230041427287,409.36930584305685,409.37054010270873,0.06203277956312961,69.0,11.0
349,71.0,132.8065521679937,132.79489906180788,470.96280713762246,470.9658936278145,135.22230041427287,135.24729941009167,409.37054010270873,409.37161404808796,0.05035841730434358,69.0,11.0
350,71.0,132.79489906180788,132.7917079959645,470.9658936278145,470.96885926824143,135.24729941009167,135.22373896208344,409.37161404808796,409.37255898141484,0.07406496276378188,69.0,11.0
351,71.0,132.7917079959645,132.7889649386821,470.96885926824143,470.9860811000276,135.22373896208344,135.2302265270983,409.37255898141484,409.3733196995996,0.06496901104260965,69.0,11.0
352,71.0,132.7889649386821,132.79071411738423,470.9860811000276,470.9999517195042,135.2302265270983,135.23265052023848,409.3733196995996,409.37392545567735,0.03279764323966933,69.0,11.0
353,71.0,132.79071411738423,132.7804373361799,470.9999517195042,471.00493187048016,135.23265052023848,135.2365957332546,409.37392545567735,409.3744558841525,0.03890825555783537,69.0,11.0
354,71.0,132.7804373361799,132.77754169176234,471.00493187048016,471.00871619485116,135.2365957332546,135.24505650384324,409.3744558841525,409.37489991319904,0.0364227296465008,69.0,11.0
355,71.0,132.77754169176234,132.77827529618096,471.00871619485116,471.00893337233185,135.24505650384324,135.2526542147561,409.37489991319904,409.3752664475754,0.05509926092083453,69.0,11.0
356,71.0,132.77827529618096,132.77778158008672,471.00893337233185,471.0042640445934,135.2526542147561,135.2537557310947,409.3752664475754,409.37552327897185,0.02404972238450975,69.0,11.0
357,71.0,132.77778158008672,132.78056696004302,471.0042640445934,471.00182684503943,135.2537557310947,135.25322897590314,409.37552327897185,409.37573552800615,0.01721112322612514,69.0,11.0
358,71.0,132.78056696004302,132.783464963946,471.00182684503943,471.0011049151337,135.25322897590314,135.25276875725848,409.37573552800615,409.37591716115725,0.015434841784662624,69.0,11.0
359,71.0,132.783464963946,132.78519782058837,471.0011049151337,471.0016762937988,135.25276875725848,135.2511772826541,409.37591716115725,409.37607206134925,0.013325382942278367,69.0,11.0
360,71.0,132.78519782058837,132.7865095429225,471.0016762937988,471.00025847843636,135.2511772826541,135.25121618185503,409.37607206134925,409.37620406781576,0.016409877346700893,69.0,11.0
361,71.0,132.7865095429225,132.78647956579914,471.00025847843636,470.99910975200766,135.25121618185503,135.2519516672642,409.37620406781576,409.37630745710163,0.013523432171902385,69.0,11.0
362,71.0,132.78647956579914,132.7858663302483,470.99910975200766,470.9984667236955,135.2519516672642,135.25189969277457,409.37630745710163,409.3763831077602,0.010388291630016614,69.0,11.0
363,71.0,132.7858663302483,132.78601517884613,470.9984667236955,470.9982029298013,135.25189969277457,135.25184224742003,409.3763831077602,409.3764182764495,0.022612322230825575,69.0,11.0
364,71.0,133.33957100437027,133.33719417939372,470.96440664178226,470.94790782524035,133.90053679725943,133.90062939297104,409.41522839072303,409.4158569269816,0.036714338402434626,72.0,11.0
365,71.0,133.33719417939372,133.34122051611172,470.94790782524035,470.91724227831367,133.90062939297104,133.89390337631372,409.4158569269816,409.41706224918767,0.07199078802661701,72.0,11.0
366,71.0,133.34122051611172,133.3255440117191,470.91724227831367,470.8970120464186,133.89390337631372,133.88846537021826,409.41706224918767,409.41808228017635,0.06462492542521778,72.0,11.0
367,71.0,133.3255440117191,133.31517196346834,470.8970120464186,470.8936744414582,133.88846537021826,133.9068606273225,409.41808228017635,409.4189388179416,0.04961196129769939,72.0,11.0
368,71.0,133.31517196346834,133.32551312298003,470.8936744414582,470.8958054851861,133.9068606273225,133.92126200864018,409.4189388179416,409.41967347662325,0.048966827805779954,72.0,11.0
369,71.0,133.32551312298003,133.31245404950803,470.8958054851861,470.89222492154374,133.92126200864018,133.9265478652805,409.41967347662325,409.4202915400424,0.07100765188103124,72.0,11.0
370,71.0,133.31245404950803,133.30761724978095,470.89222492154374,470.89960945165603,133.9265478652805,133.93138213521982,409.4202915400424,409.42074860452146,0.03543389629253307,72.0,11.0
371,71.0,133.30761724978095,133.29969297275707,470.89960945165603,470.9006219669347,133.93138213521982,133.93066797734448,409.42074860452146,409.42112967216286,0.03090437208115134,72.0,11.0
372,71.0,133.29969297275707,133.29400895260667,470.9006219669347,470.8999937445671,133.93066797734448,133.92788141274036,409.42112967216286,409.421447324323,0.022251399888142603,72.0,11.0
373,71.0,133.29400895260667,133.28915434664785,470.8999937445671,470.89829349440396,133.92788141274036,133.92684142215316,409.421447324323,409.4217211977883,0.0239811504493368,72.0,11.0
374,71.0,133.28915434664785,133.28935937159787,470.89829349440396,470.89419502460953,133.92684142215316,133.92635776105138,409.4217211977883,409.4219498352968,0.018065213275088785,72.0,11.0
375,71.0,133.28935937159787,133.28653806916475,470.89419502460953,470.89241069433666,133.92635776105138,133.92667855970316,409.4219498352968,409.4221457832594,0.015100562471285444,72.0,11.0
376,71.0,133.28653806916475,133.28800277134684,470.89241069433666,470.8901961190457,133.92667855970316,133.9259799323334,409.4221457832594,409.4223152693079,0.022816487793328014,72.0,11.0
377,71.0,133.28800277134684,133.28684153425863,470.8901961190457,470.889738347529,133.9259799323334,133.92455410799613,409.4223152693079,409.42244549367314,0.014053354835546929,72.0,11.0
378,71.0,133.28684153425863,133.28566174381984,470.889738347529,470.88932644350433,133.92455410799613,133.9239038031558,409.42244549367314,409.4225512339899,0.015656773955894664,72.0,11.0
379,71.0,133.28566174381984,133.2849347728208,470.88932644350433,470.88881389555263,133.9239038031558,133.92400066804447,409.4225512339899,409.4226279020856,0.029657835261709828,72.0,11.0
380,71.0,133.2849347728208,133.28500494694745,470.88881389555263,470.8887097534483,133.92400066804447,133.92397603199043,409.4226279020856,409.42264644541996,0.014102623295214028,72.0,11.0
381,71.0,137.65947596465955,137.65947425836234,473.01263041582524,473.01262824150535,128.1969316695543,128.19692706764926,409.66478699393,409.66478898661444,0.0020756534194211703,73.0,11.0
382,71.0,147.05285659279215,147.0535929152962,474.65700373951415,474.65675606887453,127.73807605086964,127.73830948602851,409.98353033545476,409.983584050936,0.0023958335784954434,75.0,11.0
383,71.0,147.0535929152962,147.0551698370119,474.65675606887453,474.655671700914,127.73830948602851,127.73907783491559,409.983584050936,409.98372227894185,0.013677834610535683,75.0,11.0
384,71.0,147.0551698370119,147.05367889159726,474.655671700914,474.65549741805273,127.73907783491559,127.73858444935699,409.98372227894185,409.9838368941598,0.06445461425815996,75.0,11.0
385,71.0,147.0528574525828,147.05285942353007,474.6570027105874,474.6570003364551,127.73807447093527,127.73806790048813,409.98353102983856,409.9835334777053,0.0025183629146797036,76.0,11.0
386,71.0,133.51676664236692,133.51687735338305,470.4768460507983,470.4769111564816,133.19422910697844,133.1939897317008,409.439542608164,409.4395661171701,0.0014997002501518303,81.0,11.0
387,71.0,133.51687735338305,133.51727782114193,470.4769111564816,470.4768188706522,133.1939897317008,133.1932846415104,409.4395661171701,409.4396378707916,0.012798829308096088,81.0,11.0
388,71.0,133.51727782114193,133.51684361512554,470.4768188706522,470.47680603752667,133.1932846415104,133.19332944803196,409.4396378707916,409.4396832950281,0.015351820799094269,81.0,11.0
389,71.0,133.51684361512554,133.51674165624632,470.47680603752667,470.47676519418803,133.19332944803196,133.193301872835,409.4396832950281,409.4397002710754,0.013140452690028597,81.0,11.0
390,71.0,122.51626080000929,122.51644888693059,449.9133299064555,449.91287687624947,130.80925848933765,130.80920009695066,410.221518109247,410.22156784299943,0.013879291812570315,83.0,11.0
391,71.0,122.51644888693059,122.51656959438091,449.91287687624947,449.9129926765792,130.80920009695066,130.80923962408315,410.22156784299943,410.22159080788134,0.016709795093717044,83.0,11.0
392,71.0,118.52965246755284,118.52949267818781,449.9349164548371,449.9347898838907,131.8036067688205,131.803644812403,410.3585542016954,410.3585734694719,0.0011984157883004564,85.0,11.0
393,71.0,118.52949267818781,118.52903272507896,449.9347898838907,449.93438600231286,131.803644812403,131.80379686668104,410.3585734694719,410.35863296335344,0.010315429510441869,85.0,11.0
394,71.0,118.52903272507896,118.52882178506097,449.93438600231286,449.9346244637174,131.80379686668104,131.80393474967363,410.35863296335344,410.35867131747153,0.01868120774413146,85.0,11.0
395,71.0,118.52882178506097,118.52880524868047,449.9346244637174,449.93461574889704,131.80393474967363,131.8039084152276,410.35867131747153,410.35867824065997,0.006300205043103534,85.0,11.0
396,71.0,118.95292042734275,118.9529938187416,451.0508637140791,451.0512809719138,131.79183681254668,131.79183642312805,410.398376958565,410.398421381472,0.021520141436478082,87.0,11.0
397,71.0,118.9529938187416,118.95298714387518,451.0512809719138,451.0513141661985,131.79183642312805,131.79183559813114,410.398421381472,410.39842854217306,0.006480946893828297,87.0,11.0
398,71.0,122.42022087056505,122.42015824035484,439.0498388234317,439.0491892612414,135.481738786785,135.48173641942154,410.8405703510257,410.8406157536455,0.0027202962237703886,89.0,11.0
399,71.0,122.42015824035484,122.42020946485245,439.0491892612414,439.0474743944762,135.48173641942154,135.48188836243736,410.8406157536455,410.84073751922807,0.06856504190742453,89.0,11.0
400,71.0,122.42022303258159,122.42022744469143,439.0498379171101,439.0498315219362,135.4817381385485,135.48173697372093,410.84057114580634,410.84057373009296,0.0026477132472220023,90.0,11.0
401,71.0,132.81869956576267,132.81867651763972,471.03025601371536,471.03024102816954,135.20702422838667,135.20709543417848,409.3785240578298,409.37853683965443,0.010449653238127047,94.0,11.0
402,71.0,128.93521454786747,129.0368621947527,472.03715835291734,472.09142236992614,144.23718701077502,144.24554507701225,409.1674140301989,409.1713125171538,0.2255095223997939,97.0,11.0
403,71.0,129.0368621947527,129.26123671623571,472.09142236992614,472.13646677173983,144.24554507701225,144.27767624878064,409.1713125171538,409.1791244296856,0.38892290990614925,97.0,11.0
404,71.0,129.26123671623571,129.2817474150201,472.13646677173983,472.06904426905857,144.27767624878064,144.45576500707705,409.1791244296856,409.1856252258002,0.48983331158191395,97.0,11.0
405,71.0,129.2817474150201,129.15546177712778,472.06904426905857,472.10470604587164,144.45576500707705,144.5115884485527,409.1856252258002,409.1905070074753,0.2748066656685217,97.0,11.0
406,71.0,129.15546177712778,129.042082711975,472.10470604587164,472.09703008401584,144.5115884485527,144.53385797437556,409.1905070074753,409.1945025918381,0.2903879970037733,97.0,11.0
407,71.0,129.042082711975,128.95671482315052,472.09703008401584,472.0811235646014,144.53385797437556,144.549481992092,409.1945025918381,409.1975870501459,0.1764463900000705,97.0,11.0
408,71.0,128.95671482315052,128.90886512679467,472.0811235646014,472.03787893340916,144.549481992092,144.5175116158129,409.1975870501459,409.20013426994865,0.1816023191465685,97.0,11.0
409,71.0,128.90886512679467,128.8539766915647,472.03787893340916,472.0285846376761,144.5175116158129,144.52140531208232,409.20013426994865,409.2021455386588,0.11671956080439107,97.0,11.0
410,71.0,128.8539766915647,128.83309835255506,472.0285846376761,471.9935347919671,144.52140531208232,144.5421892386439,409.2021455386588,409.20382379116546,0.11401636674502098,97.0,11.0
411,71.0,128.83309835255506,128.85220304254727,471.9935347919671,471.9661247382734,144.5421892386439,144.55656661206382,409.20382379116546,409.2051876803106,0.07869003415744,97.0,11.0
412,71.0,128.85220304254727,128.86442020248825,471.9661247382734,471.9492477693558,144.55656661206382,144.57836430632716,409.2051876803106,409.2063425121033,0.07313375821206114,97.0,11.0
413,71.0,128.86442020248825,128.86262828641748,471.9492477693558,471.9248720007969,144.57836430632716,144.57529456506,409.2063425121033,409.20731043407034,0.11361802994994023,97.0,11.0
414,71.0,128.86262828641748,128.84943899063143,471.9248720007969,471.91627514445975,144.57529456506,144.57037050806935,409.20731043407034,409.20799752725026,0.03638623417963036,97.0,11.0
415,71.0,128.84943899063143,128.84686272753999,471.91627514445975,471.9297675556821,144.57037050806935,144.56735412667547,409.20799752725026,409.2085988232277,0.04136962135030749,97.0,11.0
416,71.0,128.84686272753999,128.83706852714505,471.9297675556821,471.9259250528811,144.56735412667547,144.5628914962523,409.2085988232277,409.20910562486324,0.022454512997502223,97.0,11.0
417,71.0,128.83706852714505,128.8435316707842,471.9259250528811,471.93176924601386,144.5628914962523,144.55785567894353,409.20910562486324,409.209562671449,0.04574143253581607,97.0,11.0
418,71.0,128.8435316707842,128.84597396814337,471.93176924601386,471.9383181785224,144.55785567894353,144.5552681901512,409.209562671449,409.2099222540687,0.026775767116444533,97.0,11.0
419,71.0,128.84597396814337,128.8490526430591,471.9383181785224,471.9418416491699,144.5552681901512,144.55144140447462,409.2099222540687,409.2102275670843,0.03143118542166863,97.0,11.0
420,71.0,128.8490526430591,128.8532752529409,471.9418416491699,471.942871987498,144.55144140447462,144.55268993458782,409.2102275670843,409.2104722128344,0.017943730983669914,97.0,11.0
421,71.0,128.8532752529409,128.8565358291533,471.942871987498,471.9420043520733,144.55268993458782,144.55111598426373,409.2104722128344,409.21068381863086,0.013241606045632565,97.0,11.0
422,71.0,128.8565358291533,128.85706033683724,471.9420043520733,471.94512362911337,144.55111598426373,144.55129425506095,409.21068381863086,409.2108717959428,0.039558693459463556,97.0,11.0
423,71.0,128.85706033683724,128.85762770496268,471.94512362911337,471.94492512335046,144.55129425506095,144.5497263930228,409.2108717959428,409.21099140810264,0.01121992329755307,97.0,11.0
424,71.0,128.85762770496268,128.8569854646043,471.94492512335046,471.9442535879235,144.5497263930228,144.54882060036806,409.21099140810264,409.2110912181763,0.024396538657921386,97.0,11.0
425,71.0,128.8569854646043,128.85688104664015,471.9442535879235,471.9445482854668,144.54882060036806,144.5492429905664,409.2110912181763,409.2111432647437,0.022465095757228905,97.0,11.0
426,71.0,128.85688104664015,128.8568566368907,471.9445482854668,471.9444920100506,144.5492429905664,144.54925074316944,409.2111432647437,409.21115425546304,0.009241524582591847,97.0,11.0
427,71.0,128.93521454786747,129.18209192595646,472.03715835291734,472.1912652419549,144.23718701077502,144.20558110192258,409.1674140301989,409.17720274071235,0.5722283608916886,98.0,-11.0
428,71.0,129.18209192595646,129.65966639381313,472.1912652419549,472.5261543500865,144.20558110192258,144.1997045940912,409.17720274071235,409.1967164956154,1.2901841130792195,98.0,-11.0
429,71.0,129.65966639381313,130.10793584746702,472.5261543500865,472.67570656832515,144.1997045940912,144.21344601093594,409.1967164956154,409.2125563148171,0.9427940075906537,98.0,-11.0
430,71.0,130.10793584746702,130.39917639237916,472.67570656832515,472.9088399451416,144.21344601093594,144.2152349440351,409.2125563148171,409.2250818316918,0.7910845858556628,98.0,-11.0
431,71.0,130.39917639237916,130.56498010125333,472.9088399451416,473.12529337097214,144.2152349440351,144.1163897998864,409.2250818316918,409.23484978210956,0.5258215682246844,98.0,-11.0
432,71.0,130.56498010125333,130.43915756256305,473.12529337097214,473.16175624441865,144.1163897998864,143.92082544707262,409.23484978210956,409.24280544785256,0.40928775688719315,98.0,-11.0
433,71.0,130.43915756256305,130.26337628585657,473.16175624441865,473.08201243666537,143.92082544707262,143.9096067415503,409.24280544785256,409.2493683080162,0.46513161463535674,98.0,-11.0
434,71.0,130.26337628585657,130.1682357367721,473.08201243666537,472.9736731449042,143.9096067415503,143.88431676555263,409.2493683080162,409.25437688816993,0.4422902001503067,98.0,-11.0
435,71.0,130.1682357367721,130.0811292293482,472.9736731449042,472.9239960356308,143.88431676555263,143.90777562238253,409.25437688816993,409.2579506162806,0.1760413232070082,98.0,-11.0
436,71.0,130.0811292293482,130.0203961835638,472.9239960356308,472.967256759053,143.90777562238253,143.95106611585481,409.2579506162806,409.2609702220697,0.17010540953573586,98.0,-11.0
437,71.0,130.0203961835638,129.96449744367925,472.967256759053,473.00572769636756,143.95106611585481,143.96983346883454,409.2609702220697,409.2634665867894,0.14836558670563726,98.0,-11.0
438,71.0,129.96449744367925,129.91369441143067,473.00572769636756,473.02616846910644,143.96983346883454,143.98567463436262,409.2634665867894,409.2655188032707,0.16818469858312124,98.0,-11.0
439,71.0,129.91369441143067,129.90484778017915,473.02616846910644,473.03496684105374,143.98567463436262,144.0262058418275,409.2655188032707,409.26708502628696,0.08551091783975145,98.0,-11.0
440,71.0,129.90484778017915,129.88747947399997,473.03496684105374,473.056142016758,144.0262058418275,144.04847999328823,409.26708502628696,409.2684131172078,0.07505829498240878,98.0,-11.0
441,71.0,129.88747947399997,129.8712178105845,473.056142016758,473.05121555965854,144.04847999328823,144.07233513449034,409.2684131172078,409.26953834137555,0.05902605964084295,98.0,-11.0
442,71.0,129.8712178105845,129.8611394644168,473.05121555965854,473.0440391635614,144.07233513449034,144.09377894979067,409.26953834137555,409.27050957389486,0.07042568621506963,98.0,-11.0
443,71.0,129.8611394644168,129.86094771262674,473.0440391635614,473.03747924538527,144.09377894979067,144.11220666297854,409.27050957389486,409.2713020596322,0.04430903745707058,98.0,-11.0
444,71.0,129.86094771262674,129.85818602856384,473.03747924538527,473.03744240864336,144.11220666297854,144.11298543562688,409.2713020596322,409.2714213642896,0.002199873238036781,98.0,-11.0
445,71.0,129.85818602856384,129.84823270012296,473.03744240864336,473.0353727503804,144.11298543562688,144.11374240345012,409.2714213642896,409.2718814800778,0.031226292637549242,98.0,-11.0
446,71.0,129.84823270012296,129.85057826120504,473.0353727503804,473.0284075026967,144.11374240345012,144.1177835332896,409.2718814800778,409.27227463189826,0.022081579908139432,98.0,-11.0
447,71.0,129.85057826120504,129.8544977615409,473.0284075026967,473.0225911777017,144.1177835332896,144.1193211114486,409.27227463189826,409.27262214876663,0.19424266428070625,98.0,-11.0
448,71.0,129.5967050574056,129.59697721177923,477.83859195126445,477.8423217999992,138.6744373994948,138.66930869334558,409.51524750729214,409.5155223404332,0.011613570710916715,104.0,11.0
449,71.0,129.59697721177923,129.59764322997475,477.8423217999992,477.8498910852224,138.66930869334558,138.6596017622974,409.5155223404332,409.51606159327594,0.02715180109318986,104.0,11.0
450,71.0,129.59764322997475,129.60333249917716,477.8498910852224,477.85849313638664,138.6596017622974,138.65695991295476,409.51606159327594,409.5165399530616,0.05096274386556482,104.0,11.0
451,71.0,129.60333249917716,129.6089707238679,477.85849313638664,477.8634774363677,138.65695991295476,138.65857527067624,409.5165399530616,409.5169087903751,0.03142579505726595,104.0,11.0
452,71.0,129.6089707238679,129.61262607909572,477.8634774363677,477.86634719219666,138.65857527067624,138.66242555308452,409.5169087903751,409.51721372940034,0.020946651875960186,104.0,11.0
453,71.0,129.61262607909572,129.60846041600186,477.86634719219666,477.86911786340926,138.66242555308452,138.66230794773782,409.51721372940034,409.517477863964,0.021033139979851137,104.0,11.0
454,71.0,129.60846041600186,129.60663924013696,477.86911786340926,477.871640330074,138.66230794773782,138.6648815421666,409.517477863964,409.5177025980932,0.022475494358472823,104.0,11.0
455,71.0,129.60663924013696,129.60790617363838,477.871640330074,477.87434124005176,138.6648815421666,138.66409293435282,409.5177025980932,409.5178870114098,0.01516584880851637,104.0,11.0
456,71.0,129.60790617363838,129.6100940293415,477.87434124005176,477.8747718699835,138.66409293435282,138.66298155132299,409.5178870114098,409.51804510721536,0.015867964324360117,104.0,11.0
457,71.0,129.6100940293415,129.61089933605834,477.8747718699835,477.8748806391353,138.66298155132299,138.66125586632413,409.51804510721536,409.51817593331987,0.04341580536103202,104.0,11.0
458,71.0,129.61089933605834,129.61048290325078,477.8748806391353,477.87501623819554,138.66125586632413,138.66147306069703,409.51817593331987,409.51822528657914,0.01782166170780534,104.0,11.0
459,71.0,129.61048290325078,129.61049067974466,477.87501623819554,477.87507591931126,138.66147306069703,138.6613869268563,409.51822528657914,409.5182413706908,0.012583215665210087,104.0,11.0
460,71.0,126.82939016892703,126.82925717477505,474.7577144503633,474.7567705372705,137.68511792466902,137.68477063230426,409.65727137032525,409.6573349335389,0.002674696399707075,105.0,11.0
461,71.0,126.82925717477505,126.8290829246223,474.7567705372705,474.7543328499297,137.68477063230426,137.68422993131009,409.6573349335389,409.6574935527711,0.01192290990388222,105.0,11.0
462,71.0,126.8290829246223,126.82875421454216,474.7543328499297,474.75230955861196,137.68422993131009,137.68443425884504,409.6574935527711,409.65763167291226,0.010372888519584884,105.0,11.0
463,71.0,126.82875421454216,126.82867293932524,474.75230955861196,474.75274260966154,137.68443425884504,137.6860680011411,409.65763167291226,409.6577519334681,0.0121835845330029,105.0,11.0
464,71.0,126.82867293932524,126.8297825196989,474.75274260966154,474.7522027709697,137.6860680011411,137.68640074821923,409.6577519334681,409.6578506783921,0.011409140355524186,105.0,11.0
465,71.0,126.8297825196989,126.82971311879723,474.7522027709697,474.7531020458897,137.68640074821923,137.68648366461497,409.6578506783921,409.65792802192004,0.023421311154903594,105.0,11.0
466,71.0,126.82971311879723,126.82990907589696,474.7531020458897,474.75312512294295,137.68648366461497,137.686636029538,409.65792802192004,409.65795812850456,0.020682659970382548,105.0,11.0
467,71.0,126.88028225700354,126.88002862735155,475.6222015151744,475.6227862414504,137.82898579598796,137.82946920768376,409.6865680015313,409.68663872505044,0.011372617256122586,107.0,11.0
468,71.0,126.88002862735155,126.88025007634826,475.6227862414504,475.6230481833425,137.82946920768376,137.8297777594528,409.68663872505044,409.6866860219965,0.021323738284913307,107.0,11.0
469,71.0,126.88025007634826,126.8802861646117,475.6230481833425,475.6230516271765,137.8297777594528,137.82981103285928,409.6866860219965,409.68669535912227,0.008083310200666237,107.0,11.0
470,71.0,126.76661171751451,126.76654749567119,474.6001843758437,474.6000977789524,136.63938332217543,136.63935788999817,409.73899279670076,409.73900950452366,0.012973626694619475,109.0,11.0
471,71.0,128.1548409789163,128.15491038261055,474.6543421404628,474.6543668922415,136.56310354478558,136.56315411341947,409.7854021198849,409.78541643415474,0.011454954527825866,111.0,11.0
472,71.0,127.72279668341318,127.72287606108189,474.5721606852171,474.5721201575323,136.4505624394065,136.4502000824196,409.80053917803906,409.800568357955,0.0014488009905929758,113.0,11.0
473,71.0,127.72287606108189,127.72362615642969,474.5721201575323,474.57216922919923,136.4502000824196,136.44929125500207,409.800568357955,409.8006616714602,0.014940612314030124,113.0,11.0
474,71.0,127.72362615642969,127.7231838710882,474.57216922919923,474.5716270681449,136.44929125500207,136.449325085988,409.8006616714602,409.800725899628,0.01798890138751686,113.0,11.0
475,71.0,127.7231838710882,127.72302716729546,474.5716270681449,474.57161971185116,136.449325085988,136.44948920106017,409.800725899628,409.80075402103125,0.01960185767835137,113.0,11.0
476,71.0,127.72279718713655,127.72279931200042,474.5721584821946,474.5721502381821,136.450560732065,136.4505573595954,409.800540066156,409.8005429374969,0.00291608,114.0,11.0
477,71.0,126.82930617674654,126.82929757640457,474.7586158115265,474.7586166191121,137.6853348739948,137.6853379127879,409.65730331219254,409.6573061835335,0.0029160799999999997,116.0,11.0
478,71.0,129.94905926055108,129.9512510264712,471.2560235244009,471.251653814306,146.11657067468036,146.11939731344737,409.3616200809502,409.36186969470043,0.008367091200070242,118.0,11.0
479,71.0,129.9512510264712,129.95557573761448,471.251653814306,471.24196670176616,146.11939731344737,146.12271623889177,409.36186969470043,409.3623651520843,0.03298161914776545,118.0,11.0
480,71.0,129.95557573761448,129.95492697201735,471.24196670176616,471.2334151860435,146.12271623889177,146.1195358106504,409.3623651520843,409.3627883367422,0.030430277520264705,118.0,11.0
481,71.0,129.95492697201735,129.9524521408554,471.2334151860435,471.2274075373475,146.1195358106504,146.12315476578252,409.3627883367422,409.3631473191194,0.028446639490176326,118.0,11.0
482,71.0,129.9524521408554,129.95373373746506,471.2274075373475,471.22212992850064,146.12315476578252,146.12557369641416,409.3631473191194,409.36344874712216,0.021473161838701432,118.0,11.0
483,71.0,129.95373373746506,129.95422655190117,471.22212992850064,471.2192116438899,146.12557369641416,146.12167447744534,409.36344874712216,409.36370849610483,0.021086593430980977,118.0,11.0
484,71.0,129.95422655190117,129.95714377080128,471.2192116438899,471.2172592631613,146.12167447744534,146.11989834373168,409.36370849610483,409.36392892343633,0.02667964986529166,118.0,11.0
485,71.0,129.95714377080128,129.9592691129575,471.2172592631613,471.21784804048156,146.11989834373168,146.12166263896978,409.36392892343633,409.3641018953664,0.011992829859316356,118.0,11.0
486,71.0,129.9592691129575,129.95725821717167,471.21784804048156,471.2166524426616,146.12166263896978,146.12199992045743,409.3641018953664,409.36425416516425,0.018380581577653946,118.0,11.0
487,71.0,129.95725821717167,129.95872436368978,471.2166524426616,471.21612355568425,146.12199992045743,146.12267873578395,409.36425416516425,409.36437482041975,0.013185418158360895,118.0,11.0
488,71.0,129.95872436368978,129.9582714172665,471.21612355568425,471.21537397116055,146.12267873578395,146.12178362025094,409.36437482041975,409.36447216284756,0.01055746017046744,118.0,11.0
489,71.0,129.9582714172665,129.95811038777546,471.21537397116055,471.21519098163856,146.12178362025094,146.1209087068194,409.36447216284756,409.3645496583209,0.01660568499730844,118.0,11.0
490,71.0,129.95811038777546,129.95806905585462,471.21519098163856,471.21485854500514,146.1209087068194,146.12114938663717,409.3645496583209,409.3645932165664,0.014668151581928976,118.0,11.0
491,71.0,129.95806905585462,129.95812737751032,471.21485854500514,471.21493359914183,146.12114938663717,146.12109442136438,409.3645932165664,409.36460981844664,0.01290755769700965,118.0,11.0
492,71.0,118.31975824329054,118.31834935548827,475.29899236761173,475.2993581630115,148.26675364501924,148.26645798464315,409.7785211937885,409.7786067645913,0.005034270730381605,119.0,11.0
493,71.0,118.31834935548827,118.31524583273452,475.2993581630115,475.30043692493734,148.26645798464315,148.26594646833874,409.7786067645913,409.7788014999807,0.018708665586450134,119.0,11.0
494,71.0,118.31524583273452,118.31621151711427,475.30043692493734,475.29943398768194,148.26594646833874,148.2681180109901,409.7788014999807,409.77896357246436,0.016499772247491655,119.0,11.0
495,71.0,118.31621151711427,118.31629727618015,475.29943398768194,475.3013853853137,148.2681180109901,148.26788378494317,409.77896357246436,409.7790972766138,0.03223291288843826,119.0,11.0
496,71.0,118.31629727618015,118.3162159928163,475.3013853853137,475.30156856221777,148.26788378494317,148.26873948168674,409.7790972766138,409.7791729636201,0.020847234312837797,119.0,11.0
497,71.0,118.3162159928163,118.31612308024194,475.30156856221777,475.30138098588634,148.26873948168674,148.26893572279639,409.7791729636201,409.7792063294794,0.013856095300452356,119.0,11.0
498,71.0,118.31612308024194,118.3161309444849,475.30138098588634,475.3014119782084,148.26893572279639,148.26897953277563,409.7792063294794,409.7792163372767,0.008560023617109863,119.0,11.0
499,71.0,119.41641825577167,119.41641954164402,474.4779884890771,474.47795618721756,148.3912851975789,148.39130662749795,409.8244079224652,409.824415805955,0.007023113965369669,121.0,11.0
500,71.0,126.10265575573894,126.10298782219654,474.10984405593126,474.1101058351419,146.81774564198273,146.81750385569603,410.0538674184366,410.05391664085045,0.020816782701484404,122.0,11.0
501,71.0,126.10298782219654,126.10300988070522,474.1101058351419,474.1101588946469,146.81750385569603,146.81753447328296,410.05391664085045,410.0539280460438,0.00952472029660393,122.0,11.0
502,71.0,124.50260081937851,124.50281673019981,471.5939021423429,471.59365891311745,146.9997255610014,146.99888804964482,410.15348930193494,410.1535472964634,0.0038443792837646756,123.0,11.0
503,71.0,124.50281673019981,124.50413899181592,471.59365891311745,471.5940831114307,146.99888804964482,146.99717589898484,410.1535472964634,410.15369220650877,0.010241528581809038,123.0,11.0
504,71.0,124.50413899181592,124.50283639108432,471.5940831114307,471.59499331694286,146.99717589898484,146.99625782013214,410.15369220650877,410.1538195282153,0.01054653988244316,123.0,11.0
505,71.0,124.50283639108432,124.50377119258535,471.59499331694286,471.5957603184799,146.99625782013214,146.995421472885,410.1538195282153,410.1539284908016,0.01699721872692023,123.0,11.0
506,71.0,124.50377119258535,124.50342355276237,471.5957603184799,471.59617500867125,146.995421472885,146.99468973193922,410.1539284908016,410.1540060998793,0.038130797283252395,123.0,11.0
507,71.0,124.50342355276237,124.50340089898154,471.59617500867125,471.59616512101667,146.99468973193922,146.99467157985055,410.1540060998793,410.15401277474837,0.006108519081302437,123.0,11.0
508,71.0,124.50259937198018,124.50259408130671,471.5939040368926,471.59390926596234,146.99972617005187,146.99972894533084,410.15349010636487,410.15349270941647,0.0026654053392508805,124.0,11.0
509,71.0,130.63020923404633,130.63015962757015,471.4928792539805,471.49261430896496,145.08424486663864,145.0842543865041,409.337513705339,409.33754559421016,0.021637658184959746,127.0,11.0
510,71.0,130.8184320633215,130.81845962819872,472.11332510606655,472.11272794115877,144.6609967237096,144.66077351254393,409.36332820074745,409.3633729793294,0.002226971648481749,128.0,11.0
511,71.0,130.81845962819872,130.81865368891295,472.11272794115877,472.11122125654657,144.66077351254393,144.66003695101242,409.3633729793294,409.36349304830645,0.018578409512828686,128.0,11.0
512,71.0,130.81865368891295,130.8190833081081,472.11122125654657,472.1109594226161,144.66003695101242,144.65909925649572,409.36349304830645,409.3635798131636,0.012914770345571506,128.0,11.0
513,71.0,130.8190833081081,130.81857686016014,472.1109594226161,472.1106211937241,144.65909925649572,144.65933966580437,409.3635798131636,409.36364095454206,0.012682382326401027,128.0,11.0
514,71.0,130.81857686016014,130.818519773591,472.1106211937241,472.1109127619878,144.65933966580437,144.6592525781987,409.36364095454206,409.36367623311617,0.018014663106522593,128.0,11.0
515,71.0,130.818519773591,130.81849833451383,472.1109127619878,472.11090007348713,144.6592525781987,144.659251367698,409.36367623311617,409.36368200322545,0.0053960494246211715,128.0,11.0
516,71.0,130.81843037098574,130.81842587224304,472.113326778806,472.1133312254559,144.66099763839026,144.6610000698894,409.36332903411454,409.363331369481,0.0024106765014938678,129.0,11.0
517,71.0,129.677756365636,129.67776418622114,472.5345086717219,472.5344949936649,144.20600319026727,144.20606593239322,409.1974170154608,409.1974283679323,0.009488825660463126,132.0,11.0
518,71.0,129.67774926418093,129.67774352869245,472.53450744975225,472.5345031792939,144.20598188511116,144.2059818231569,409.19741402922705,409.19741645210297,0.002494526728802612,133.0,11.0
519,71.0,128.96686268192005,129.00380027199037,474.99265779338975,475.0248737936296,138.4390437955011,138.4060448889354,409.28789977513196,409.28993149327204,0.09608791041275272,136.0,11.0
520,71.0,129.00380027199037,129.0544181855367,475.0248737936296,475.1220665045406,138.4060448889354,138.36559943570177,409.28993149327204,409.2939604460508,0.2548526783805056,136.0,11.0
521,71.0,129.0544181855367,129.10534513712577,475.1220665045406,475.175436991167,138.36559943570177,138.3097438525453,409.2939604460508,409.29718697927984,0.21215818753289808,136.0,11.0
522,71.0,129.10534513712577,129.1495311599196,475.175436991167,475.22330637194244,138.3097438525453,138.3424911196193,409.29718697927984,409.2997649033866,0.15360548988967387,136.0,11.0
523,71.0,129.1495311599196,129.13998059296335,475.22330637194244,475.2462362371587,138.3424911196193,138.3961798270223,409.2997649033866,409.30188729849505,0.12338348856222325,136.0,11.0
524,71.0,129.13998059296335,129.14508516398206,475.2462362371587,475.28494146745135,138.3961798270223,138.4248896984533,409.30188729849505,409.303654559327,0.12885027968118393,136.0,11.0
525,71.0,129.14508516398206,129.15396891743882,475.28494146745135,475.31717182963587,138.4248896984533,138.44236769401917,409.303654559327,409.3050637282877,0.07375503544850938,136.0,11.0
526,71.0,129.15396891743882,129.17179705029744,475.31717182963587,475.2910525617796,138.44236769401917,138.4460715680727,409.3050637282877,409.30627538743784,0.0776384948288582,136.0,11.0
527,71.0,129.17179705029744,129.18768523677033,475.2910525617796,475.2724375020692,138.4460715680727,138.45460853426786,409.30627538743784,409.307287096852,0.06814044263660202,136.0,11.0
528,71.0,129.18768523677033,129.1805453545828,475.2724375020692,475.26985079442,138.45460853426786,138.43514588189217,409.307287096852,409.30812682997794,0.04944291467442784,136.0,11.0
529,71.0,129.1805453545828,129.19459320377334,475.26985079442,475.26189932308023,138.43514588189217,138.42864896543176,409.30812682997794,409.3088455651338,0.09033491500826542,136.0,11.0
530,71.0,129.19459320377334,129.1994844460334,475.26189932308023,475.2525438877789,138.42864896543176,138.43312236462612,409.3088455651338,409.30935371740514,0.02522763259259859,136.0,11.0
531,71.0,129.1994844460334,129.20568942626682,475.2525438877789,475.2473508594241,138.43312236462612,138.43888721796174,409.30935371740514,409.30980601672667,0.027869242675678935,136.0,11.0
532,71.0,129.20568942626682,129.20924345387257,475.2473508594241,475.24022243608067,138.43888721796174,138.43647679675342,409.30980601672667,409.31019842132423,0.059326918068706325,136.0,11.0
533,71.0,129.20924345387257,129.2070975259171,475.24022243608067,475.2393751310559,138.43647679675342,138.43180564768141,409.31019842132423,409.3104707805875,0.017998565390087786,136.0,11.0
534,71.0,129.2070975259171,129.21008124556332,475.2393751310559,475.2377869269262,138.43180564768141,138.42904211303187,409.3104707805875,409.31070904391356,0.01786236495810429,136.0,11.0
535,71.0,129.21008124556332,129.2119876787021,475.2377869269262,475.23583049917954,138.42904211303187,138.4267274516256,409.31070904391356,409.3109146384679,0.06788803573051676,136.0,11.0
536,71.0,129.2119876787021,129.2125653401723,475.23583049917954,475.23571554622856,138.4267274516256,138.4276095048113,409.3109146384679,409.3110011996781,0.010912839333839233,136.0,11.0
537,71.0,129.2125653401723,129.21326328037864,475.23571554622856,475.23559535484094,138.4276095048113,138.42768946275768,409.3110011996781,409.311066240868,0.012067001091256113,136.0,11.0
538,71.0,129.21326328037864,129.21290705104727,475.23559535484094,475.23550052046147,138.42768946275768,138.42765635253264,409.311066240868,409.31110646169594,0.025919873601957952,136.0,11.0
539,71.0,123.51574152793651,123.51494868916195,475.5911783224339,475.591995991559,144.57739552918355,144.57791452951025,409.5624623586348,409.56253749851305,0.004651072064592065,137.0,11.0
540,71.0,123.51494868916195,123.513008089247,475.591995991559,475.5937357136562,144.57791452951025,144.57906752838014,409.56253749851305,409.56271160105774,0.02644221048013629,137.0,11.0
541,71.0,123.513008089247,123.51150677267992,475.5937357136562,475.594792045579,144.57906752838014,144.57937217209874,409.56271160105774,409.56284016766,0.026599209323933663,137.0,11.0
542,71.0,123.51150677267992,123.51147258278081,475.594792045579,475.5957352540042,144.57937217209874,144.57917737980648,409.56284016766,409.56292102235375,0.027746483456075634,137.0,11.0
543,71.0,123.51147258278081,123.51153769009845,475.5957352540042,475.5957261803827,144.57917737980648,144.5793649418583,409.56292102235375,409.5629465466013,0.01816070140495633,137.0,11.0
544,71.0,123.51574273684177,123.51574850742172,475.5911788497371,475.5911791127769,144.5773934526256,144.57739119673047,409.5624631628236,409.5624653609495,0.002277848086856204,138.0,11.0
545,71.0,129.0424039805502,129.04241029829558,466.94393421889407,466.94392987232686,147.99184894801405,147.991838971219,409.92323330895204,409.9232368856907,0.003555390047240728,141.0,11.0
546,71.0,133.34330080427043,133.34336532238024,462.14483895863486,462.1447347186337,153.82584124737411,153.82584758214847,410.21319722295044,410.2132152167244,0.013767674400951859,142.0,11.0
547,71.0,134.39232242794688,134.39235868155896,463.0052320789321,463.00521222409014,156.5404806144973,156.54064790039365,410.31442086146,410.31443761181237,0.0010569885147090681,143.0,11.0
548,71.0,134.39235868155896,134.39261873845714,463.00521222409014,463.0050972294324,156.54064790039365,156.541098966191,410.31443761181237,410.3144902171596,0.011514644168271993,143.0,11.0
549,71.0,134.39261873845714,134.3928551683123,463.0050972294324,463.00507919614563,156.541098966191,156.5410386610904,410.3144902171596,410.31451991490735,0.020461532318282197,143.0,11.0
550,71.0,135.22919802202577,135.22927270406774,462.53199899332185,462.5320464046079,156.02175202060076,156.02167519491428,410.35086493020344,410.35088232835557,0.013401696943803672,146.0,11.0
551,71.0,135.1303703711738,135.12982073393502,459.07418286178626,459.07390086122325,157.6117823790425,157.61229365672594,410.4778518231869,410.4779048057897,0.002425146253951719,147.0,11.0
552,71.0,135.12982073393502,135.12819911871497,459.07390086122325,459.0736876613193,157.61229365672594,157.6135746408017,410.4779048057897,410.47804375513493,0.022681948360173357,147.0,11.0
553,71.0,135.12819911871497,135.12796320715177,459.0736876613193,459.0725236208535,157.6135746408017,157.61407786461203,410.47804375513493,410.47814314628505,0.014539001113706427,147.0,11.0
554,71.0,135.12796320715177,135.12786446323557,459.0725236208535,459.07214248452993,157.61407786461203,157.6147942005291,410.47814314628505,410.4782149818848,0.013226463270525592,147.0,11.0
555,71.0,135.12786446323557,135.12784256467103,459.07214248452993,459.0724020206906,157.6147942005291,157.61445656780964,410.4782149818848,410.4782596172487,0.01508173439406505,147.0,11.0
556,71.0,135.12784256467103,135.12787038943947,459.0724020206906,459.0725068843426,157.61445656780964,157.6144307986536,410.4782596172487,410.478276405459,0.013023691889345376,147.0,11.0
557,71.0,135.13037098853832,135.13037265189445,459.0741811217349,459.0741820697543,157.61178095549968,157.61177689310466,410.47785259452434,410.4778543607207,0.001847975241466438,148.0,11.0
558,71.0,127.2522400560199,127.26155628839402,473.7527923911433,473.7564410266606,137.31233329994288,137.297520285507,409.2434491793558,409.2441209387689,0.026915922309820796,152.0,11.0
559,71.0,127.26155628839402,127.27919145317392,473.7564410266606,473.75067243861,137.297520285507,137.26964655817522,409.2441209387689,409.24538791197824,0.12821002881987084,152.0,11.0
560,71.0,127.27919145317392,127.29809045133102,473.75067243861,473.7414873257113,137.26964655817522,137.2586831288458,409.24538791197824,409.24632400291745,0.050463002977505715,152.0,11.0
561,71.0,127.29809045133102,127.31411641101136,473.7414873257113,473.7377821548387,137.2586831288458,137.24725311939787,409.24632400291745,409.24713401829644,0.05513589757142896,152.0,11.0
562,71.0,127.31411641101136,127.30677422746115,473.7377821548387,473.7511829218312,137.24725311939787,137.24190923618443,409.24713401829644,409.24781031079925,0.04161206823826686,152.0,11.0
563,71.0,127.30677422746115,127.31867373075667,473.7511829218312,473.7570777942233,137.24190923618443,137.24390726012,409.24781031079925,409.2483890239908,0.05575417433903856,152.0,11.0
564,71.0,127.31867373075667,127.31932786951798,473.7570777942233,473.7607623498273,137.24390726012,137.25314178365278,409.2483890239908,409.248842390289,0.05622344957970243,152.0,11.0
565,71.0,127.31932786951798,127.32469001168468,473.7607623498273,473.762422992701,137.25314178365278,137.25698198989372,409.248842390289,409.2491770409026,0.01826743444458265,152.0,11.0
566,71.0,127.32469001168468,127.32998524991774,473.762422992701,473.76433240010994,137.25698198989372,137.25861103284984,409.2491770409026,409.2494751219234,0.019912996027657538,152.0,11.0
567,71.0,127.32998524991774,127.33418686998573,473.76433240010994,473.7618555687557,137.25861103284984,137.25894658402453,409.2494751219234,409.24973461467135,0.01602184471133621,152.0,11.0
568,71.0,127.33418686998573,127.33445208724818,473.7618555687557,473.7591140923246,137.25894658402453,137.26205391310623,409.24973461467135,409.24996409018223,0.023948241209040322,152.0,11.0
569,71.0,127.33445208724818,127.3328325961849,473.7591140923246,473.7566245806799,137.26205391310623,137.26304378129154,409.24996409018223,409.25015044393064,0.021393246888902758,152.0,11.0
570,71.0,127.3328325961849,127.33200248607015,473.7566245806799,473.75581435828343,137.26304378129154,137.26502829352145,409.25015044393064,409.2502997222947,0.013304171291182242,152.0,11.0
571,71.0,127.33200248607015,127.33355801645575,473.75581435828343,473.75498404311986,137.26502829352145,137.26546634302264,409.2502997222947,409.2504261460211,0.013461994553990874,152.0,11.0
572,71.0,127.33355801645575,127.33316451188125,473.75498404311986,473.7537690154692,137.26546634302264,137.26591701493845,409.2504261460211,409.2505290025954,0.029029934306111355,152.0,11.0
573,71.0,127.33316451188125,127.33329183892457,473.7537690154692,473.7541938666128,137.26591701493845,137.26594029330704,409.2505290025954,409.2505749939498,0.015919009952173307,152.0,11.0
574,71.0,127.33329183892457,127.33339822989826,473.7541938666128,473.7542156868643,137.26594029330704,137.26593143069638,409.2505749939498,409.25059150501255,0.012850841406471844,152.0,11.0
575,71.0,131.43968798529653,131.440078678215,476.6603754319265,476.6602116053664,139.35050072524638,139.3504898477583,409.426584330331,409.42661694040993,0.006048899280747886,155.0,11.0
576,71.0,131.440078678215,131.44114153384146,476.6602116053664,476.6601021562316,139.3504898477583,139.35024382310564,409.42661694040993,409.42670556345973,0.01632133178503012,155.0,11.0
577,71.0,131.44114153384146,131.44089048359814,476.6601021562316,476.6599842075937,139.35024382310564,139.3507561340554,409.42670556345973,409.426761699171,0.020044965963570326,155.0,11.0
578,71.0,131.44089048359814,131.44083292450964,476.6599842075937,476.6600636075812,139.3507561340554,139.35082645751368,409.426761699171,409.426779472375,0.013632506658969874,155.0,11.0
579,71.0,132.17077171907687,132.17104960036608,477.8886038823581,477.8952661964332,139.8819101130216,139.88178141238805,409.47745066191465,409.4777370686269,0.011205085399083329,156.0,11.0
580,71.0,132.17104960036608,132.1704210635523,477.8952661964332,477.90788960134824,139.88178141238805,139.87881562175002,409.4777370686269,409.4782998208874,0.03716679827196342,156.0,11.0
581,71.0,132.1704210635523,132.1744006294689,477.90788960134824,477.9177824337456,139.87881562175002,139.87884181308638,409.4782998208874,409.47877880300746,0.035193601729527325,156.0,11.0
582,71.0,132.1744006294689,132.1768648293762,477.9177824337456,477.9193726742816,139.87884181308638,139.88692005792583,409.47877880300746,409.4791814006654,0.036783677675641585,156.0,11.0
583,71.0,132.1768648293762,132.18108803553747,477.9193726742816,477.91741303170136,139.88692005792583,139.89157781166244,409.4791814006654,409.47950773535473,0.026525659132385745,156.0,11.0
584,71.0,132.18108803553747,132.18581484095992,477.91741303170136,477.9195059746363,139.89157781166244,139.8906622827364,409.47950773535473,409.479781691071,0.024039751776162157,156.0,11.0
585,71.0,132.18581484095992,132.18929583697297,477.9195059746363,477.91799834692677,139.8906622827364,139.89229851493718,409.479781691071,409.48001029914434,0.027012784819427024,156.0,11.0
586,71.0,132.18929583697297,132.19172937825596,477.91799834692677,477.9192641067133,139.89229851493718,139.8911136828763,409.48001029914434,409.48019045696486,0.018760375874143788,156.0,11.0
587,71.0,132.19172937825596,132.19363446088235,477.9192641067133,477.9204849632814,139.8911136828763,139.8910092743327,409.48019045696486,409.48033818397914,0.020016686111134427,156.0,11.0
588,71.0,132.19363446088235,132.19231092217245,477.9204849632814,477.92120898886833,139.8910092743327,139.8913753467467,409.48033818397914,409.4804513857216,0.0636470290351251,156.0,11.0
589,71.0,133.77184471015212,133.77187703045226,476.5048905514768,476.50477836901655,140.96653476343133,140.96651564329628,409.55677437253723,409.5567918923904,0.013476727500459692,157.0,11.0
590,71.0,137.7425310012548,137.74286397727332,475.6079141534395,475.6074512738663,144.24432166465306,144.24491291134527,409.7311015314451,409.7311554885168,0.002133404108920858,160.0,11.0
591,71.0,137.74286397727332,137.74394442939285,475.6074512738663,475.6059356465121,144.24491291134527,144.24595133222704,409.7311554885168,409.7312969774835,0.015683681950733684,160.0,11.0
592,71.0,137.74394442939285,137.74422100785816,475.6059356465121,475.6045099586151,144.24595133222704,144.24533799636907,409.7312969774835,409.7314114078166,0.011074769300471207,160.0,11.0
593,71.0,137.74422100785816,137.74489589587955,475.6045099586151,475.60363184756926,144.24533799636907,144.24580997609374,409.7314114078166,409.7315060823401,0.01720507098891368,160.0,11.0
594,71.0,137.74489589587955,137.7450663429405,475.60363184756926,475.60300136752767,144.24580997609374,144.2457757218883,409.7315060823401,409.73156717399746,0.01553823596425455,160.0,11.0
595,71.0,137.7450663429405,137.74497870788974,475.60300136752767,475.6030624686824,144.2457757218883,144.24555400770777,409.73156717399746,409.73159699966817,0.020530802602958295,160.0,11.0
596,71.0,137.50832563564956,137.50851959083343,479.25836742424354,479.2585908558185,137.36901384784082,137.36880506638286,409.99087605512926,409.99090518494916,0.0036016264892117004,163.0,11.0
597,71.0,137.50851959083343,137.5091204249049,479.2585908558185,479.2590243936662,137.36880506638286,137.36813729505872,409.99090518494916,409.9909880471417,0.014472393998847729,163.0,11.0
598,71.0,137.5091204249049,137.50944776185372,479.2590243936662,479.2589052162704,137.36813729505872,137.36855988603264,409.9909880471417,409.99104169540624,0.01626993502287003,163.0,11.0
599,71.0,137.50944776185372,137.50929692896787,479.2589052162704,479.25884492413104,137.36855988603264,137.36854646398766,409.99104169540624,409.9910637908378,0.016209043587205235,163.0,11.0
600,71.0,137.05011972047936,137.0501150642657,478.2452055743605,478.24503660284273,137.08908022603015,137.0889663373236,410.0291245000794,410.0291427804934,0.001490420401136753,164.0,11.0
601,71.0,137.0501150642657,137.05042582802918,478.24503660284273,478.24465076491606,137.0889663373236,137.08845348807046,410.0291427804934,410.029207844943,0.02735912986504952,164.0,11.0
602,71.0,137.05042582802918,137.05039460758385,478.24465076491606,478.2445940059788,137.08845348807046,137.0884087614929,410.029207844943,410.0292209128131,0.010639088992300885,164.0,11.0
603,71.0,141.9603586922982,141.9606087469484,483.45322055476834,483.4537721004848,137.28673024886174,137.28725703313097,410.2679734712491,410.26802637272027,0.0020144809620138244,165.0,11.0
604,71.0,141.9606087469484,141.96169564420276,483.4537721004848,483.45499268457553,137.28725703313097,137.28859260007465,410.26802637272027,410.26816688685767,0.0361075941341761,165.0,11.0
605,71.0,141.96169564420276,141.96090580485546,483.45499268457553,483.4546655701332,137.28859260007465,137.2888089337849,410.26816688685767,410.268242759137,0.013285377807343905,165.0,11.0
606,71.0,141.96090580485546,141.96081626265095,483.4546655701332,483.4541967852545,137.2888089337849,137.28885638152252,410.268242759137,410.26829142481984,0.012404393410808717,165.0,11.0
607,71.0,141.96081626265095,141.96090137442962,483.4541967852545,483.454248021446,137.28885638152252,137.28901767025837,410.26829142481984,410.26831607242997,0.017667291422670962,165.0,11.0
608,71.0,141.96035677416404,141.96035101365263,483.45322097052065,483.4532222191018,137.28672894866025,137.28672504391483,410.26797426014485,410.2679766642765,0.002476618592678308,166.0,11.0
609,71.0,115.14943289762957,115.15575078396414,461.6564633568988,461.65930571923127,149.36997035789756,149.37161795004153,20.054139714218685,20.054442865866594,0.010569955755292508,171.0,11.0
610,71.0,115.15575078396414,115.16821485636638,461.65930571923127,461.66479914837845,149.37161795004153,149.37340627722995,20.054442865866594,20.055032583471533,0.03228218212476003,171.0,11.0
611,71.0,115.16821485636638,115.16977367396323,461.66479914837845,461.65666128435976,149.37340627722995,149.38164193921324,20.055032583471533,20.055548585891444,0.03533022143784545,171.0,11.0
612,71.0,115.16977367396323,115.16330140142077,461.65666128435976,461.65218975435,149.38164193921324,149.38704725105433,20.055548585891444,20.055986504494765,0.030075971097377086,171.0,11.0
613,71.0,115.16330140142077,115.15875555067245,461.65218975435,461.646618202867,149.38704725105433,149.3901471604802,20.055986504494765,20.056360396949067,0.03668901699275472,171.0,11.0
614,71.0,115.15875555067245,115.15511854527836,461.646618202867,461.6424720146535,149.3901471604802,149.38807530466713,20.056360396949067,20.056659720298285,0.022171741832249712,171.0,11.0
615,71.0,115.15511854527836,115.150314238378,461.6424720146535,461.64251212055603,149.38807530466713,149.38834591951695,20.056659720298285,20.056916118134836,0.01806393159562233,171.0,11.0
616,71.0,115.150314238378,115.15085874381755,461.64251212055603,461.6446060461402,149.38834591951695,149.3916976613138,20.056916118134836,20.05713884755968,0.03373894618844107,171.0,11.0
617,71.0,115.15085874381755,115.15207788122,461.6446060461402,461.6424779434612,149.3916976613138,149.39255704902772,20.05713884755968,20.05730178464943,0.017833884302631227,171.0,11.0
618,71.0,115.15207788122,115.15389730730092,461.6424779434612,461.6430031014552,149.39255704902772,149.39214748361806,20.05730178464943,20.0574340586918,0.01792118933694355,171.0,11.0
619,71.0,115.15389730730092,115.15485004523327,461.6430031014552,461.6432713311833,149.39214748361806,149.39127569912014,20.0574340586918,20.05753501904597,0.011879911450304823,171.0,11.0
620,71.0,115.15485004523327,115.15550962185799,461.6432713311833,461.6426614844842,149.39127569912014,149.39151676610567,20.05753501904597,20.057613846245637,0.011834058159926513,171.0,11.0
621,71.0,115.15550962185799,115.1551141080931,461.6426614844842,461.6423815651534,149.39151676610567,149.39180459434533,20.057613846245637,20.05766863443108,0.019480418620977043,171.0,11.0
622,71.0,115.1551141080931,115.1550097564066,461.6423815651534,461.64234198788773,149.39180459434533,149.39184698067317,20.05766863443108,20.057686269829837,0.013547843147103663,171.0,11.0
623,71.0,117.50877255335342,117.51516650813178,462.15860822606317,462.1617812790133,149.43229337698372,149.43305604020784,20.20269437711356,20.202999765213736,0.01652842868930452,172.0,11.0
624,71.0,117.51516650813178,117.52619087229034,462.1617812790133,462.1689995442049,149.43305604020784,149.43555037774132,20.202999765213736,20.20357784289707,0.03446568150080883,172.0,11.0
625,71.0,117.52619087229034,117.53595751712707,462.1689995442049,462.1640914614757,149.43555037774132,149.4381506045244,20.20357784289707,20.204077653924404,0.03750471961456736,172.0,11.0
626,71.0,117.53595751712707,117.54374267904004,462.1640914614757,462.16352592325285,149.4381506045244,149.43367426920656,20.204077653924404,20.20449531389425,0.032101813133103375,172.0,11.0
627,71.0,117.54374267904004,117.54720357684437,462.16352592325285,462.16965444834943,149.43367426920656,149.4352288293817,20.20449531389425,20.20484555034541,0.023414745396698,172.0,11.0
628,71.0,117.54720357684437,117.54234089876984,462.16965444834943,462.1715998259495,149.4352288293817,149.4381256786284,20.20484555034541,20.205148537202188,0.043775038620733904,172.0,11.0
629,71.0,117.54234089876984,117.54404605345503,462.1715998259495,462.17512277772295,149.4381256786284,149.4382294591323,20.205148537202188,20.205368183958413,0.01698385667010258,172.0,11.0
630,71.0,117.54404605345503,117.544277290591,462.17512277772295,462.1778006011606,149.4382294591323,149.43995873004994,20.205368183958413,20.205557367014034,0.015654929785962717,172.0,11.0
631,71.0,117.544277290591,117.54525185806172,462.1778006011606,462.1801713300741,149.43995873004994,149.43969974516898,20.205557367014034,20.20571929279649,0.013262686979871728,172.0,11.0
632,71.0,117.54525185806172,117.5457216061694,462.1801713300741,462.18217504321353,149.43969974516898,149.44000778880257,20.20571929279649,20.20585840591808,0.011056536001114073,172.0,11.0
633,71.0,117.5457216061694,117.54716226809553,462.18217504321353,462.18300593933253,149.44000778880257,149.4397161935094,20.20585840591808,20.205978484389753,0.029812361581570045,172.0,11.0
634,71.0,117.54716226809553,117.54777056174859,462.18300593933253,462.1833058782828,149.4397161935094,149.43991339713074,20.205978484389753,20.206043099910225,0.023021287121454827,172.0,11.0
635,71.0,117.54777056174859,117.54781661813259,462.1833058782828,462.18327093364513,149.43991339713074,149.43978758160233,20.206043099910225,20.206062730940744,0.014758097872755713,172.0,11.0
636,71.0,119.24520327343596,119.24518460610753,462.78278020155074,462.7827819466321,149.5585845326753,149.55858177420714,20.37144105435493,20.371445812730943,0.0045695161515880165,173.0,11.0
637,71.0,119.2452082003643,119.25362676353237,462.782779352128,462.779567275921,149.5585878195146,149.55894286146182,20.37143956255239,20.375168052448753,0.9440440073745984,181.0,1000010030.0
638,71.0,119.25362676353237,119.26118158640357,462.779567275921,462.7766605767756,149.55894286146182,149.5592984181451,20.375168052448753,20.378704402929802,0.8942502611924807,181.0,1000010030.0
639,71.0,119.26118158640357,119.2679378739612,462.7766605767756,462.77391462604,149.5592984181451,149.55962500791526,20.378704402929802,20.382078206469842,0.8839038724610865,181.0,1000010030.0
640,71.0,119.2679378739612,119.2740127329949,462.77391462604,462.7714283113054,149.55962500791526,149.5598641334458,20.382078206469842,20.385313942244814,0.9390466214325209,181.0,1000010030.0
641,71.0,119.2740127329949,119.27940089905546,462.7714283113054,462.7691590315532,149.5598641334458,149.56013443806444,20.385313942244814,20.38843192213933,0.8933632794375854,181.0,1000010030.0
642,71.0,119.27940089905546,119.28424200900137,462.7691590315532,462.7672281597053,149.56013443806444,149.56047585463884,20.38843192213933,20.391470414857793,0.8859544197187096,181.0,1000010030.0
643,71.0,119.28424200900137,119.28844360311844,462.7672281597053,462.76530120027644,149.56047585463884,149.56082896272966,20.391470414857793,20.394468789903758,0.9449317825356861,181.0,1000010030.0
644,71.0,119.28844360311844,119.29210725690061,462.76530120027644,462.7637208158215,149.56082896272966,149.56128490089156,20.394468789903758,20.397472194246745,1.0345235247178801,181.0,1000010030.0
645,71.0,119.29210725690061,119.29501936817853,462.7637208158215,462.76246354495277,149.56128490089156,149.5616228754867,20.397472194246745,20.40047629215283,1.1194051545993255,181.0,1000010030.0
646,71.0,119.29501936817853,119.29611128552827,462.76246354495277,462.76207674722036,149.5616228754867,149.56183191550232,20.40047629215283,20.402309960391257,0.6441868891374285,181.0,1000010030.0
647,71.0,119.2452082003643,119.25335016377599,462.782779352128,462.78054402418,149.5585878195146,149.5576656017951,20.37143956255239,20.37505731950914,0.8586211788594603,182.0,1000010030.0
648,71.0,119.25335016377599,119.26073092519118,462.78054402418,462.7785935376708,149.5576656017951,149.5567113225931,20.37505731950914,20.37850977092734,0.8660307386728421,182.0,1000010030.0
649,71.0,119.26073092519118,119.26741078500974,462.7785935376708,462.7768717747137,149.5567113225931,149.55589865841492,20.37850977092734,20.381815076730184,0.8926514476125037,182.0,1000010030.0
650,71.0,119.26741078500974,119.27337896204945,462.7768717747137,462.77529274093195,149.55589865841492,149.5550253179045,20.381815076730184,20.384993246671858,0.8870861531947936,182.0,1000010030.0
651,71.0,119.27337896204945,119.27871777468606,462.77529274093195,462.7738546121597,149.5550253179045,149.55425515976728,20.384993246671858,20.388073579764928,0.9020632493319303,182.0,1000010030.0
652,71.0,119.27871777468606,119.28342455976028,462.7738546121597,462.7724228314869,149.55425515976728,149.55358746636227,20.388073579764928,20.391089465446594,0.9601546259855508,182.0,1000010030.0
653,71.0,119.28342455976028,119.28751373649504,462.7724228314869,462.771121698157,149.55358746636227,149.55295134302568,20.391089465446594,20.394084379385706,0.9864977388055893,182.0,1000010030.0
654,71.0,119.28751373649504,119.29092494953522,462.771121698157,462.76994496039845,149.55295134302568,149.55235528179387,20.394084379385706,20.397102270595088,1.1027937278526074,182.0,1000010030.0
655,71.0,119.29092494953522,119.29314487658732,462.76994496039845,462.7691276335099,149.55235528179387,149.55187407374896,20.397102270595088,20.399863583082826,1.1951113089981178,182.0,1000010030.0
656,71.0,119.2452082003643,119.24711850597751,462.782779352128,462.7848247583459,149.5585878195146,149.5668343947313,20.37143956255239,20.374686373548236,0.7593924611571438,183.0,1000010020.0
657,71.0,119.24711850597751,119.24877373686881,462.7848247583459,462.7866669343389,149.5668343947313,149.57428780536708,20.374686373548236,20.37777351497738,0.76958299514796,183.0,1000010020.0
658,71.0,119.24877373686881,119.25026186297626,462.7866669343389,462.78838399916515,149.57428780536708,149.58096008703535,20.37777351497738,20.380714868536128,0.7127983768950913,183.0,1000010020.0
659,71.0,119.25026186297626,119.25161566548677,462.78838399916515,462.7900752270587,149.58096008703535,149.58693749236883,20.380714868536128,20.38353971929992,0.7357247759766307,183.0,1000010020.0
660,71.0,119.25161566548677,119.25282637434998,462.7900752270587,462.7916386272012,149.58693749236883,149.59228504850324,20.38353971929992,20.386268318129197,0.7813766090686118,183.0,1000010020.0
661,71.0,119.25282637434998,119.253853769421,462.7916386272012,462.793060385482,149.59228504850324,149.59703145630368,20.386268318129197,20.388927075325878,0.8156500231690784,183.0,1000010020.0
662,71.0,119.253853769421,119.25484788457887,462.793060385482,462.79414006066065,149.59703145630368,149.60121107386357,20.388927075325878,20.391553492774577,0.8344512761674733,183.0,1000010020.0
663,71.0,119.25484788457887,119.2556560172357,462.79414006066065,462.7951507385932,149.60121107386357,149.60474977555498,20.391553492774577,20.394186194290814,0.8980838382552185,183.0,1000010020.0
664,71.0,119.2556560172357,119.25636683985223,462.7951507385932,462.79610597583985,149.60474977555498,149.60722138137106,20.394186194290814,20.39670119434457,1.1016927569533403,183.0,1000010020.0
665,71.0,119.25636683985223,119.25651592659702,462.79610597583985,462.7962115928902,149.60722138137106,149.60746160397258,20.39670119434457,20.397521758952333,0.14117567953135857,183.0,1000010020.0
666,71.0,119.2452082003643,119.2450373864236,462.782779352128,462.78279732825,149.5585878195146,149.55851780733627,20.37143956255239,20.37176938513379,2.0987881221827207,190.0,1000140280.0
667,71.0,119.2450373864236,119.24487434870218,462.78279732825,462.7828175953058,149.55851780733627,149.5584480014114,20.37176938513379,20.37220169632828,1.3144920464054888,190.0,1000140280.0
668,71.0,119.24487434870218,119.2447165239319,462.7828175953058,462.78285638287053,149.5584480014114,149.55840320886756,20.37220169632828,20.372798371547425,0.7738517695143023,190.0,1000140280.0
669,71.0,119.2447165239319,119.2446457093221,462.78285638287053,462.78293776280515,149.55840320886756,149.55837064993386,20.372798371547425,20.373491376470348,0.3832165759340833,190.0,1000140280.0
670,71.0,109.01723608613887,109.01265924709863,467.4399349662766,467.44152359968456,150.33949681516575,150.33375248540963,20.74721447753014,20.74752933061104,0.016928028967844233,191.0,11.0
671,71.0,109.01265924709863,109.00619940345277,467.44152359968456,467.44536898548205,150.33375248540963,150.32104454780853,20.74752933061104,20.74815549727038,0.0412250534326821,191.0,11.0
672,71.0,109.00619940345277,109.00105479027495,467.44536898548205,467.43890190748306,150.32104454780853,150.31220388036255,20.74815549727038,20.74868662408702,0.037131989325329316,191.0,11.0
673,71.0,109.00105479027495,108.9929542624842,467.43890190748306,467.4333511401748,150.31220388036255,150.3127226693688,20.74868662408702,20.749135192931842,0.03067716509092125,191.0,11.0
674,71.0,108.9929542624842,108.98554440882538,467.4333511401748,467.4353976649869,150.3127226693688,150.3102704326856,20.749135192931842,20.74951808322176,0.04761863832566064,191.0,11.0
675,71.0,108.98554440882538,108.98574783887341,467.4353976649869,467.43955460245644,150.3102704326856,150.3139586673954,20.74951808322176,20.7498043877205,0.01912667306435895,191.0,11.0
676,71.0,108.98574783887341,108.98720809129725,467.43955460245644,467.4397482233063,150.3139586673954,150.31836342318314,20.7498043877205,20.750054004762603,0.02038542936729595,191.0,11.0
677,71.0,108.98720809129725,108.98533465467115,467.4397482233063,467.43780688637025,150.31836342318314,150.32094188025832,20.750054004762603,20.750265979739794,0.05511558324704541,191.0,11.0
678,71.0,108.98533465467115,108.98445123933577,467.43780688637025,467.43649522018376,150.32094188025832,150.32122261751246,20.750265979739794,20.75038191765558,0.013934296983379717,191.0,11.0
679,71.0,108.98445123933577,108.98518307969164,467.43649522018376,467.43579723752543,150.32122261751246,150.32174496923227,20.75038191765558,20.750472919196213,0.017486252850560692,191.0,11.0
680,71.0,108.98518307969164,108.98572730818094,467.43579723752543,467.43583281868086,150.32174496923227,150.32153080646157,20.750472919196213,20.7505292913128,0.015471425872726301,191.0,11.0
681,71.0,108.98572730818094,108.98584276027263,467.43583281868086,467.4358854193383,150.32153080646157,150.32168773146697,20.7505292913128,20.750555099839833,0.01831995270135191,191.0,11.0
682,71.0,92.68813557404067,92.65388663096014,471.507796386242,471.502937745887,157.14342051525333,157.14803946945358,21.35268651079152,21.35392279308192,0.06630302838788457,192.0,11.0
683,71.0,92.65388663096014,92.59233605451132,471.502937745887,471.4856464118051,157.14803946945358,157.15869420005689,21.35392279308192,21.356232687452287,0.16213013615280658,192.0,11.0
684,71.0,92.59233605451132,92.54727053007055,471.4856464118051,471.5084174372124,157.15869420005689,157.16201083417442,21.356232687452287,21.358071109037834,0.21097608835593037,192.0,11.0
685,71.0,92.54727053007055,92.5248832367663,471.5084174372124,471.5104679170775,157.16201083417442,157.18637442707848,21.358071109037834,21.359326866026013,0.09494055416165524,192.0,11.0
686,71.0,92.5248832367663,92.52413760850544,471.5104679170775,471.50025906458234,157.18637442707848,157.21013470271984,21.359326866026013,21.360336929470407,0.0746958641534802,192.0,11.0
687,71.0,92.52413760850544,92.53429677263549,471.50025906458234,471.498696205985,157.21013470271984,157.22772652886366,21.360336929470407,21.361158836459925,0.05686625180718124,192.0,11.0
688,71.0,92.53429677263549,92.53728414190621,471.498696205985,471.4989278741238,157.22772652886366,157.24384811196526,21.361158836459925,21.361842491210233,0.036670080234505915,192.0,11.0
689,71.0,92.53728414190621,92.544801411168,471.4989278741238,471.5091516908963,157.24384811196526,157.24964370286656,21.361842491210233,21.362439783492654,0.043112032621374384,192.0,11.0
690,71.0,92.544801411168,92.54958656460413,471.5091516908963,471.51439701923783,157.24964370286656,157.25832439772626,21.362439783492654,21.362938830979658,0.03527265758152335,192.0,11.0
691,71.0,92.54958656460413,92.54608998459037,471.51439701923783,471.5198609297057,157.25832439772626,157.2519320019855,21.362938830979658,21.363360548571922,0.03553282662953856,192.0,11.0
692,71.0,92.54608998459037,92.54390530743765,471.5198609297057,471.5260202017006,157.2519320019855,157.24909329694248,21.363360548571922,21.363707623370143,0.021489142586457892,192.0,11.0
693,71.0,92.54390530743765,92.5483129204296,471.5260202017006,471.5289299371658,157.24909329694248,157.24623639838768,21.363707623370143,21.36401137260116,0.0241119456517636,192.0,11.0
694,71.0,92.5483129204296,92.54391849191236,471.5289299371658,471.529335565618,157.24623639838768,157.24818972609873,21.36401137260116,21.364268334925228,0.017169896361319208,192.0,11.0
695,71.0,92.54391849191236,92.54431097818545,471.529335565618,471.5311172554102,157.24818972609873,157.2517965842132,21.364268334925228,21.364493248558382,0.01668934534501559,192.0,11.0
696,71.0,92.54431097818545,92.54300070040225,471.5311172554102,471.53072385349,157.2517965842132,157.25482890060238,21.364493248558382,21.364688043852297,0.016512784950666985,192.0,11.0
697,71.0,92.54300070040225,92.54038214472351,471.53072385349,471.5303275705557,157.25482890060238,157.25512986511666,21.364688043852297,21.36485396471016,0.01278327676492856,192.0,11.0
698,71.0,92.54038214472351,92.53925083806499,471.5303275705557,471.5290779536329,157.25512986511666,157.25651707676923,21.36485396471016,21.36499787462646,0.018139590875056073,192.0,11.0
699,71.0,92.53925083806499,92.5395559137021,471.5290779536329,471.5285903639334,157.25651707676923,157.25508783488073,21.36499787462646,21.36511047292458,0.011781536812104514,192.0,11.0
700,71.0,92.5395559137021,92.53883269880053,471.5285903639334,471.5280453020804,157.25508783488073,157.25579049674258,21.36511047292458,21.365201925247725,0.015124375474391247,192.0,11.0
701,71.0,92.53883269880053,92.53913876202073,471.5280453020804,471.5275426548804,157.25579049674258,157.25548305324475,21.365201925247725,21.365263694217983,0.00926582941789964,192.0,11.0
702,71.0,92.53913876202073,92.53937513653094,471.5275426548804,471.52747562336,157.25548305324475,157.25579988651026,21.365263694217983,21.36530635151673,0.013458036906058072,192.0,11.0
703,71.0,92.53937513653094,92.53925625918097,471.52747562336,471.5274932063223,157.25579988651026,157.25578338852557,21.36530635151673,21.365324190780605,0.013673033205172467,192.0,11.0
704,71.0,94.03870754474423,94.03874926492416,484.35219369542995,484.353340118476,163.4314996446069,163.43321574454015,21.831838911540892,21.831948061802066,0.0045019511732787695,194.0,11.0
705,71.0,94.03874926492416,94.03951498606055,484.353340118476,484.35564447096186,163.43321574454015,163.43730323213413,21.831948061802066,21.83220212733861,0.01921330793869873,194.0,11.0
706,71.0,94.03951498606055,94.03619844006796,484.35564447096186,484.3537594310007,163.43730323213413,163.4365684380508,21.83220212733861,21.832420508640247,0.04073424258874923,194.0,11.0
707,71.0,94.03619844006796,94.03553091894378,484.3537594310007,484.35425460057183,163.4365684380508,163.43865393825814,21.832420508640247,21.832567303705364,0.011862778494748398,194.0,11.0
708,71.0,94.03553091894378,94.03438810099487,484.35425460057183,484.35438456945224,163.43865393825814,163.4372476393415,21.832567303705364,21.832693722261507,0.011206869366903426,194.0,11.0
709,71.0,94.03438810099487,94.03411669258345,484.35438456945224,484.35370801534225,163.4372476393415,163.43601723750177,21.832693722261507,21.832800589125355,0.026879374064364667,194.0,11.0
710,71.0,94.03411669258345,94.03461190263762,484.35370801534225,484.35344773826637,163.43601723750177,163.4359202251012,21.832800589125355,21.83285567677289,0.01528434315897596,194.0,11.0
711,71.0,94.03461190263762,94.03477166173758,484.35344773826637,484.3533999090826,163.4359202251012,163.43601852000774,21.83285567677289,21.83288071608758,0.01788819338819993,194.0,11.0
712,71.0,92.38863308809617,92.38751686165419,486.222027923352,486.22380775220574,162.8479327847113,162.84629131854476,21.91727024443517,21.9174050088661,0.006638223134418446,195.0,11.0
713,71.0,92.38751686165419,92.38736649061038,486.22380775220574,486.2267228026984,162.84629131854476,162.84140531406018,21.9174050088661,21.917696464694835,0.02206855338369713,195.0,11.0
714,71.0,92.38736649061038,92.38486442286512,486.2267228026984,486.2303903652085,162.84140531406018,162.8400909414596,21.917696464694835,21.917945500754946,0.014133431420793641,195.0,11.0
715,71.0,92.38486442286512,92.3810955247281,486.2303903652085,486.2315525038096,162.8400909414596,162.84070106096556,21.917945500754946,21.91816829380012,0.03340068956152957,195.0,11.0
716,71.0,92.3810955247281,92.37940320800976,486.2315525038096,486.2332779308923,162.84070106096556,162.84169473148032,21.91816829380012,21.91833187446461,0.01737386166735314,195.0,11.0
717,71.0,92.37940320800976,92.37902670881512,486.2332779308923,486.233855388247,162.84169473148032,162.84353728025843,21.91833187446461,21.918465578924117,0.01683827402673567,195.0,11.0
718,71.0,92.37902670881512,92.38002690924895,486.233855388247,486.23441902784344,162.84353728025843,162.84276589699914,21.918465578924117,21.918569968277037,0.017425692857505063,195.0,11.0
719,71.0,92.38002690924895,92.38073155728392,486.23441902784344,486.23482412477506,162.84276589699914,162.8428147448535,21.918569968277037,21.91864160402605,0.011957534088600485,195.0,11.0
720,71.0,92.38073155728392,92.38095933647472,486.23482412477506,486.2345401840166,162.8428147448535,162.8430923161801,21.91864160402605,21.918688629473564,0.015261825330907761,195.0,11.0
721,71.0,92.38095933647472,92.38090360903468,486.2345401840166,486.2344279868713,162.8430923161801,162.8431103679606,21.918688629473564,21.918707025540233,0.014013120439306843,195.0,11.0
722,71.0,93.21840194466284,93.21835308679175,481.579478145121,481.5793898781516,165.29350464946592,165.29377022346313,22.094476013961902,22.094500327308413,0.0011096144752757522,198.0,11.0
723,71.0,93.21835308679175,93.21812469472027,481.5793898781516,481.57912919854414,165.29377022346313,165.29456072497103,22.094500327308413,22.094575038662537,0.01757430556589207,198.0,11.0
724,71.0,93.21812469472027,93.21837263261767,481.57912919854414,481.5788846350533,165.29456072497103,165.29461332430046,22.094575038662537,22.0946138194433,0.01471799146460156,198.0,11.0
725,71.0,93.21837263261767,93.21844738311958,481.5788846350533,481.57889935358855,165.29461332430046,165.2946045032505,22.0946138194433,22.094626645235273,0.010478828248292752,198.0,11.0
726,71.0,93.1430717823878,93.1429870431897,481.49884203264435,481.4989138674199,164.63927021395494,164.6391811818033,22.116607168752388,22.11662167544834,0.0010799202125235934,199.0,11.0
727,71.0,93.1429870431897,93.14268470456615,481.4989138674199,481.4991705609499,164.6391811818033,164.63898451713698,22.11662167544834,22.1166675572499,0.020764501275922255,199.0,11.0
728,71.0,93.14268470456615,93.14267929877471,481.4991705609499,481.4991231033526,164.63898451713698,164.63898748214115,22.1166675572499,22.116676711145526,0.007951761975228549,199.0,11.0
729,71.0,93.58814316139845,93.58869564119564,479.9858281388953,479.9855133116068,164.99330798098816,164.99313884055215,22.170523368719337,22.170568917099885,0.002925020064288245,202.0,11.0
730,71.0,93.58869564119564,93.59031983436438,479.9855133116068,479.9850431603565,164.99313884055215,164.99270300193314,22.170568917099885,22.17069186186131,0.014744725195078977,202.0,11.0
731,71.0,93.59031983436438,93.59150781299778,479.9850431603565,479.984699071698,164.99270300193314,164.99284067905123,22.17069186186131,22.17078877359023,0.010661723631115417,202.0,11.0
732,71.0,93.59150781299778,93.59131039922676,479.984699071698,479.98517051916303,164.99284067905123,164.9921031808974,22.17078877359023,22.170865598256114,0.017483164052112865,202.0,11.0
733,71.0,93.59131039922676,93.5915571081689,479.98517051916303,479.9849483611618,164.9921031808974,164.99229035765535,22.170865598256114,22.170906694816008,0.026356829231006025,202.0,11.0
734,71.0,93.58814405380735,93.58814725691677,479.98583005725595,479.98583509789233,164.99330862415798,164.99331322406175,22.17052409131796,22.170526603386648,0.0025794033447252966,203.0,11.0
735,71.0,121.52800342115351,121.52800849418338,470.26869812176955,470.26870075623447,157.37531870727167,157.37532842304844,25.588238573245967,25.588422309207466,0.07793221277182076,207.0,1000180400.0
736,71.0,132.03873148695254,132.06856779880212,471.21941078396395,471.229596552833,153.1522061879545,153.16094599825328,25.967408582335022,25.96857176391654,0.049857760148823475,209.0,11.0
737,71.0,132.06856779880212,132.1253794306047,471.229596552833,471.2462988764156,153.16094599825328,153.18125247243694,25.96857176391654,25.970808320394063,0.10743518073038248,209.0,11.0
738,71.0,132.1253794306047,132.17195314105038,471.2462988764156,471.2276514126901,153.18125247243694,153.16362980195777,25.970808320394063,25.972732207396866,0.11491294289784645,209.0,11.0
739,71.0,132.17195314105038,132.2112188915621,471.2276514126901,471.2094415683384,153.16362980195777,153.16050487066147,25.972732207396866,25.97433078981463,0.0877945048206658,209.0,11.0
740,71.0,132.2112188915621,132.2316493635596,471.2094415683384,471.1916434721221,153.16050487066147,153.1365128639353,25.97433078981463,25.975688575751313,0.09608385814791652,209.0,11.0
741,71.0,132.2316493635596,132.2272152152058,471.1916434721221,471.1762535251132,153.1365128639353,153.1603127389695,25.975688575751313,25.97679411104216,0.059296436083713384,209.0,11.0
742,71.0,132.2272152152058,132.20693789015561,471.1762535251132,471.1851589134767,153.1603127389695,153.1700682817424,25.97679411104216,25.97774724848906,0.05500858404582043,209.0,11.0
743,71.0,132.20693789015561,132.19873602434626,471.1851589134767,471.1969699944485,153.1700682817424,153.18423516211413,25.97774724848906,25.978562645803613,0.044620664574102846,209.0,11.0
744,71.0,132.19873602434626,132.18336684490833,471.1969699944485,471.19487324829953,153.18423516211413,153.19132539827962,25.978562645803613,25.979269319708713,0.046483335454378494,209.0,11.0
745,71.0,132.18336684490833,132.17317341609035,471.19487324829953,471.18604825919135,153.19132539827962,153.1948564373631,25.979269319708713,25.97986614035619,0.03799119421597607,209.0,11.0
746,71.0,132.17317341609035,132.16443290338856,471.18604825919135,471.1860949594992,153.1948564373631,153.18735507552478,25.97986614035619,25.980376198387805,0.04675678327984498,209.0,11.0
747,71.0,132.16443290338856,132.16351593517217,471.1860949594992,471.18454160113095,153.18735507552478,153.17881373758797,25.980376198387805,25.98078386059947,0.041692095819226734,209.0,11.0
748,71.0,132.16351593517217,132.1591069928347,471.18454160113095,471.18922925569075,153.17881373758797,153.17832319547375,25.98078386059947,25.981105101086712,0.026333488835445725,209.0,11.0
749,71.0,132.1591069928347,132.16242195637227,471.18922925569075,471.1877037982,153.17832319547375,153.18193904369028,25.981105101086712,25.981374556713163,0.08908420972477946,209.0,11.0
750,71.0,132.16242195637227,132.16337387592387,471.1877037982,471.18860282816183,153.18193904369028,153.1812111547594,25.981374556713163,25.98148496293613,0.010439379939366658,209.0,11.0
751,71.0,132.16337387592387,132.16335900564508,471.18860282816183,471.1886967581001,153.1812111547594,153.18006574962556,25.98148496293613,25.981576590308293,0.011895093797416913,209.0,11.0
752,71.0,132.16335900564508,132.1634089791874,471.1886967581001,471.1879342223989,153.18006574962556,153.18000415950686,25.981576590308293,25.981645169529585,0.015228154776443919,209.0,11.0
753,71.0,132.1634089791874,132.16322000164445,471.1879342223989,471.18818886697835,153.18000415950686,153.1798957319595,25.981645169529585,25.981682559958106,0.012044625881522804,209.0,11.0
754,71.0,132.16322000164445,132.16314178771296,471.18818886697835,471.1881700095656,153.1798957319595,153.1798311994318,25.981682559958106,25.981698429536692,0.012448119871633008,209.0,11.0
755,71.0,132.15817674326507,132.1589027583859,470.3784399782867,470.37187266277834,151.81871347715798,151.8155951582333,26.02014655187634,26.020455730219417,0.016986757003087383,210.0,11.0
756,71.0,132.1589027583859,132.15882296058487,470.37187266277834,470.3593747156239,151.8155951582333,151.8096498306482,26.020455730219417,26.021049090631333,0.036068461482844406,210.0,11.0
757,71.0,132.15882296058487,132.16903569297068,470.3593747156239,470.3547637018819,151.8096498306482,151.8068705513341,26.021049090631333,26.021560116527663,0.04263986146131588,210.0,11.0
758,71.0,132.16903569297068,132.1771302370562,470.3547637018819,470.3538533369148,151.8068705513341,151.80306491286711,26.021560116527663,26.021977501827312,0.024831150259784406,210.0,11.0
759,71.0,132.1771302370562,132.17884818453794,470.3538533369148,470.3498598502666,151.80306491286711,151.79683680332147,26.021977501827312,26.0223424873532,0.029895421038618128,210.0,11.0
760,71.0,132.17884818453794,132.1814446827832,470.3498598502666,470.3506793183645,151.79683680332147,151.7914692217053,26.0223424873532,26.022646785639267,0.027786519683843623,210.0,11.0
761,71.0,132.1814446827832,132.18487738978337,470.3506793183645,470.35141280893623,151.7914692217053,151.78839334710977,26.022646785639267,26.02289732088633,0.018476358031869478,210.0,11.0
762,71.0,132.18487738978337,132.18623918111504,470.35141280893623,470.3502213361292,151.78839334710977,151.78501136655692,26.02289732088633,26.023113641676304,0.02185490563722117,210.0,11.0
763,71.0,132.18623918111504,132.1867374121383,470.3502213361292,470.34816047939086,151.78501136655692,151.78299497265655,26.023113641676304,26.023291085843784,0.01756369586648204,210.0,11.0
764,71.0,132.1867374121383,132.18553399547653,470.34816047939086,470.3464140544176,151.78299497265655,151.78223835888974,26.023291085843784,26.02343819654276,0.015332561007058572,210.0,11.0
765,71.0,132.18553399547653,132.18506553624096,470.3464140544176,470.3463508396024,151.78223835888974,151.78060362031192,26.02343819654276,26.023558935640995,0.012215884006901814,210.0,11.0
766,71.0,132.18506553624096,132.1845818061332,470.3463508396024,470.346430491683,151.78060362031192,151.7794146066671,26.023558935640995,26.02365812074276,0.01922223170907377,210.0,11.0
767,71.0,132.1845818061332,132.18453832272144,470.346430491683,470.34589979280935,151.7794146066671,151.77981821312406,26.02365812074276,26.0237201737774,0.024853255186241065,210.0,11.0
768,71.0,132.18453832272144,132.18447525935557,470.34589979280935,470.3458445461141,151.77981821312406,151.7797793179862,26.0237201737774,26.023734837960376,0.011681257867924361,210.0,11.0
769,71.0,133.54988748277873,133.55000778365667,477.7136205816976,477.7137089284518,156.32223394040548,156.32224128793044,26.310985808961355,26.31100096950098,0.001175127575269897,211.0,11.0
770,71.0,133.55000778365667,133.55038348428218,477.7137089284518,477.71390848165237,156.32224128793044,156.3223812664152,26.31100096950098,26.311047243427847,0.013993418691539973,211.0,11.0
771,71.0,133.55038348428218,133.5503448808255,477.71390848165237,477.71383276344204,156.3223812664152,156.32249379843643,26.311047243427847,26.311067136455645,0.014914583117981542,211.0,11.0
772,71.0,131.22403740497484,131.22398889511075,478.36172751939046,478.36169669501396,158.83831079038575,158.83838935720408,26.427308912679155,26.427324135014388,0.012038004165506598,214.0,11.0
773,71.0,131.2240548710199,131.22405439603534,478.361737241018,478.3617387316823,158.83828713617882,158.83829381379476,26.42730467970111,26.42730703429655,0.002429155463193769,215.0,11.0
774,71.0,131.42168695546223,131.42225518834493,479.27147135568276,479.2718936412728,158.44118064455617,158.44265096785927,26.461064242272908,26.461155242645823,0.013659004820572057,219.0,11.0
775,71.0,131.42225518834493,131.4242894829769,479.2718936412728,479.27235903261453,158.44265096785927,158.44536155671318,26.461155242645823,26.461354062176795,0.016151583540876972,219.0,11.0
776,71.0,131.4242894829769,131.42478951968718,479.27235903261453,479.2748714334542,158.44536155671318,158.44431431311605,26.461354062176795,26.461524522688137,0.016091237303855685,219.0,11.0
777,71.0,131.42478951968718,131.42494833805864,479.2748714334542,479.2770226442518,158.44431431311605,158.44425242928165,26.461524522688137,26.461667257932806,0.01614410037955894,219.0,11.0
778,71.0,131.42494833805864,131.42553748384634,479.2770226442518,479.27717803543266,158.44425242928165,158.44571627728965,26.461667257932806,26.461782152317944,0.009254483010539123,219.0,11.0
779,71.0,131.42553748384634,131.42439996565196,479.27717803543266,479.277014871599,158.44571627728965,158.44516878290673,26.461782152317944,26.461880620054465,0.010175924932696126,219.0,11.0
780,71.0,131.42439996565196,131.42501838246528,479.277014871599,479.27671438915803,158.44516878290673,158.44452716145574,26.461880620054465,26.461960073338822,0.015697589822176432,219.0,11.0
781,71.0,131.42501838246528,131.42505376923742,479.27671438915803,479.27717089566886,158.44452716145574,158.4444549940461,26.461960073338822,26.462007533339587,0.022576883344912733,219.0,11.0
782,71.0,131.42505376923742,131.42507373463238,479.27717089566886,479.277149239588,158.4444549940461,158.44447857439613,26.462007533339587,26.462015264095168,0.006909445450457123,219.0,11.0
783,71.0,131.42168809409966,131.42169119390596,479.27147257439736,479.2714772944566,158.4411788298466,158.44117478721645,26.461065048010926,26.46106742285419,0.002448580190788069,220.0,11.0
784,71.0,119.16624591622868,119.16623931834462,473.20756456206766,473.2075708742931,155.43448929250252,155.43448806941643,28.976744735143914,28.97690448069921,0.06885920660387956,223.0,1000180400.0
785,71.0,126.86096507779014,126.86096495584914,467.4763808023842,467.47637998452217,153.2227424298539,153.222741843141,37.19666379294445,37.19669780224821,0.018401396931113364,224.0,1000180400.0
786,71.0,131.94737580929942,131.94738227238497,468.6767846006061,468.67678785404985,155.17461399090598,155.17461414777836,41.911986523019635,41.91212162061701,0.05941995402023429,225.0,1000180400.0
787,71.0,46.7670214968954,46.767018571701314,395.4864510844429,395.4864454476973,193.79685342449022,193.7968552754364,146.6191308541764,146.6192577466309,0.05626218006122328,226.0,1000180400.0
788,71.0,48.76963452610816,48.76963453982289,416.90278692647246,416.9027869297959,189.59330743666527,189.5933074473342,166.80214215342605,166.8021445577563,0.0011208863591749452,227.0,1000180400.0
789,71.0,48.2321401801453,48.23213818208958,421.1608535436079,421.1608579119867,187.97185331035584,187.9718500578897,171.03099875418545,171.03111452446996,0.051986405255182694,228.0,1000180400.0
790,71.0,56.274730060889304,56.27473001055593,414.15306914836685,414.15306920180774,198.49068882632886,198.4906889817628,185.46088700658166,185.4608971220709,0.005978927175866617,229.0,1000180400.0
791,71.0,71.53486623781187,71.53487034287079,400.14530848715447,400.14530431672927,200.93544762633786,200.93544744212855,205.65858493147672,205.65870144923358,0.0522737474237107,230.0,1000180400.0
792,71.0,51.91377476741919,51.91377420653191,422.289372426862,422.2893746505385,206.61457499255116,206.61457437081148,236.29853612858682,236.2985980375621,0.030498519622935115,231.0,1000180400.0
793,71.0,50.433139254053415,50.433139380486,418.62524449504764,418.62524449891544,209.6555333903786,209.65553379747956,241.5299540840697,241.52997273638346,0.0108147765891397,232.0,1000180400.0
794,71.0,49.39220288934287,49.39220271545765,417.28553878872674,417.2855383787135,209.12338808188082,209.12338843433946,243.41689435768535,243.4169171565626,0.01284859168801094,233.0,1000180400.0
795,71.0,46.15212925949547,46.15212949424799,417.3063199923978,417.3063195672745,197.5381523431411,197.5381518748864,256.36324126102477,256.36326695811465,0.014268985085412841,234.0,1000180400.0
796,71.0,120.0831859905843,120.07970999759019,459.22409404567424,459.1567436407324,148.05108231956575,148.0256111843831,20.503351492567607,20.505814619663315,0.09901851267722736,332.0,11.0
797,71.0,120.07970999759019,120.08172004852645,459.1567436407324,459.1059657779739,148.0256111843831,148.01158247677432,20.505814619663315,20.50761985951046,0.08954880524422354,332.0,11.0
798,71.0,120.08172004852645,120.12169218252134,459.1059657779739,459.06100842103905,148.01158247677432,148.0095794280835,20.50761985951046,20.509776551812664,0.20986994960162256,332.0,11.0
799,71.0,120.12169218252134,120.15716185982748,459.06100842103905,459.0409939291947,148.0095794280835,148.02051493447163,20.509776551812664,20.51133423906071,0.1072746300273806,332.0,11.0
800,71.0,120.15716185982748,120.1790324250076,459.0409939291947,459.019450455301,148.02051493447163,148.0072048688524,20.51133423906071,20.51260039939385,0.08256138998780059,332.0,11.0
801,71.0,120.1790324250076,120.19041225957653,459.019450455301,459.02721776202014,148.0072048688524,148.03054697839892,20.51260039939385,20.513652357299648,0.1260039634086987,332.0,11.0
802,71.0,120.19041225957653,120.20352084804642,459.02721776202014,459.0159285226111,148.03054697839892,148.03515004361117,20.513652357299648,20.514388564096627,0.04862594600602093,332.0,11.0
803,71.0,120.20352084804642,120.19511268306849,459.0159285226111,459.0070591770601,148.03515004361117,148.04313903101226,20.514388564096627,20.515008920119676,0.0485788770002157,332.0,11.0
804,71.0,120.19511268306849,120.1884562314638,459.0070591770601,459.00013651772804,148.04313903101226,148.04944300244443,20.515008920119676,20.515517880169092,0.029809633603100485,332.0,11.0
805,71.0,120.1884562314638,120.18843222451123,459.00013651772804,458.997543118456,148.04944300244443,148.05877440020126,20.515517880169092,20.515960979115338,0.03352271200814768,332.0,11.0
806,71.0,120.18843222451123,120.18601922269174,458.997543118456,458.9912333590486,148.05877440020126,148.0626172998405,20.515960979115338,20.516332658775223,0.051741748466943425,332.0,11.0
807,71.0,120.18601922269174,120.18198953516087,458.9912333590486,458.99063482612365,148.0626172998405,148.06568486738507,20.516332658775223,20.51660061473854,0.030628835219081725,332.0,11.0
808,71.0,120.18198953516087,120.18206213038994,458.99063482612365,458.98735034589043,148.06568486738507,148.06740026659241,20.51660061473854,20.516811508950166,0.032490182249023065,332.0,11.0
809,71.0,120.18206213038994,120.18169955718926,458.98735034589043,458.98854073690256,148.06740026659241,148.069451052809,20.516811508950166,20.516965387386655,0.01503827603781915,332.0,11.0
810,71.0,120.18169955718926,120.18289640313567,458.98854073690256,458.9896722972011,148.069451052809,148.07029347418387,20.516965387386655,20.51709342892481,0.0168692173536878,332.0,11.0
811,71.0,120.18289640313567,120.18274887704688,458.9896722972011,458.9906071328751,148.07029347418387,148.07114334793013,20.51709342892481,20.51719184631069,0.01854798589797186,332.0,11.0
812,71.0,120.18274887704688,120.18220371718753,458.9906071328751,458.9908425968098,148.07114334793013,148.0714658619367,20.51719184631069,20.51725441403427,0.023494778426798993,332.0,11.0
813,71.0,120.18220371718753,120.1822178215292,458.9908425968098,458.99074071799015,148.0714658619367,148.07141337391235,20.51725441403427,20.51727163019093,0.013289251118326184,332.0,11.0
814,71.0,128.0705965776619,128.07059616145474,456.7729844000857,456.772979120116,150.0063671759853,150.00636369574454,20.789576374882756,20.789578605774686,0.0023097160035796577,333.0,11.0
815,71.0,135.07545722343266,135.08550619895033,455.1284332815109,455.1264054538268,152.27873596441287,152.28059339466387,21.041270103836226,21.041688712919612,0.017548558843167594,336.0,11.0
816,71.0,135.08550619895033,135.1032817270745,455.1264054538268,455.12678399473015,152.28059339466387,152.28905336396264,21.041688712919612,21.042486963382714,0.24728017814234246,336.0,11.0
817,71.0,135.1032817270745,135.1014734367806,455.12678399473015,455.12270334015403,152.28905336396264,152.287758233983,21.042486963382714,21.04273669971001,0.016179620677990246,336.0,11.0
818,71.0,135.1014734367806,135.10168180526517,455.12270334015403,455.1188037544388,152.287758233983,152.2880671176157,21.04273669971001,21.042956432024283,0.014868083198756635,336.0,11.0
819,71.0,135.10168180526517,135.10232166516985,455.1188037544388,455.11573027626844,152.2880671176157,152.28710030914806,21.042956432024283,21.04314943705446,0.023546379932751493,336.0,11.0
820,71.0,135.10232166516985,135.10038867762074,455.11573027626844,455.1147146646951,152.28710030914806,152.28799321295793,21.04314943705446,21.04330149574961,0.013617963683525827,336.0,11.0
821,71.0,135.10038867762074,135.09860577513922,455.1147146646951,455.11419431148886,152.28799321295793,152.28784930940031,21.04330149574961,21.043430161813397,0.010949576777098449,336.0,11.0
822,71.0,135.09860577513922,135.09831495487805,455.11419431148886,455.1151918325042,152.28784930940031,152.28679104779047,21.043430161813397,21.043539791488783,0.012112879922486256,336.0,11.0
823,71.0,135.09831495487805,135.09804724086615,455.1151918325042,455.1144216417289,152.28679104779047,152.28749958309487,21.043539791488783,21.04362748420164,0.010090709116788376,336.0,11.0
824,71.0,135.09804724086615,135.0984808919953,455.1144216417289,455.11419528183404,152.28749958309487,152.28807724683645,21.04362748420164,21.04369543394318,0.014286259920190156,336.0,11.0
825,71.0,135.0984808919953,135.09842618433032,455.11419528183404,455.11388808667533,152.28807724683645,152.2882367774783,21.04369543394318,21.043734071923545,0.022524136936746656,336.0,11.0
826,71.0,135.09842618433032,135.09842469352265,455.11388808667533,455.1138825986347,152.2882367774783,152.2882316806366,21.043734071923545,21.043736606414328,0.002600650624965544,336.0,11.0
827,71.0,133.85058929760305,133.85078797246962,456.08462680584546,456.0847419384275,152.91415079349517,152.91440750031944,21.097279642368623,21.097317791233852,0.02226683133384195,337.0,11.0
828,71.0,133.85078797246962,133.85078089627413,456.0847419384275,456.0847390970736,152.91440750031944,152.91440655582886,21.097317791233852,21.097320336399168,0.002610753481423214,337.0,11.0
829,71.0,116.7905426064547,116.79048089753276,452.3350007502446,452.3348806568332,155.55225178717976,155.55220854812268,21.686518369854493,21.686532952973145,0.0012191751391295393,338.0,11.0
830,71.0,116.79048089753276,116.7903461554237,452.3348806568332,452.3345036126915,155.55220854812268,155.55207235626315,21.686532952973145,21.68657731896689,0.019708508816478745,338.0,11.0
831,71.0,116.7903461554237,116.79037904312625,452.3345036126915,452.33450193109786,155.55207235626315,155.55211142420927,21.68657731896689,21.68658690994814,0.008264617648581246,338.0,11.0
832,71.0,114.79875403865069,114.7986637208937,455.4278545671099,455.4281276267203,157.81540025464986,157.81557256956634,21.8305887433473,21.83061598207827,0.0015830484648572214,340.0,11.0
833,71.0,114.7986637208937,114.79862723560282,455.4281276267203,455.4287378205836,157.81557256956634,157.8163965088605,21.83061598207827,21.83070052260614,0.025380351334856256,340.0,11.0
834,71.0,114.79862723560282,114.79847124497196,455.4287378205836,455.42850016424416,157.8163965088605,157.81635216176852,21.83070052260614,21.8307339554386,0.020049420371928688,340.0,11.0
835,71.0,114.79847124497196,114.79846644479456,455.42850016424416,455.4285046990823,157.81635216176852,157.8163508249765,21.8307339554386,21.83073628155516,0.002401776259713974,340.0,11.0
836,71.0,114.7987548515254,114.7987609995262,455.42785380647655,455.4278495807836,157.81539923923233,157.8153981603853,21.83058924186467,21.830591753800988,0.0025792778084348916,341.0,11.0
837,71.0,115.3023824993854,115.3024399372205,454.64667054902174,454.6466825011997,157.5252430487279,157.52525318383042,21.86307096245358,21.863081660056835,0.00903981359074045,345.0,11.0
838,71.0,114.87759246163198,114.87753946021255,454.0799551867928,454.0798220361556,157.2119160045332,157.21182659162835,21.8889056990886,21.88892837556738,0.01654417977474178,347.0,11.0
839,71.0,116.56810248998173,116.5683859406009,453.73876038934213,453.73855122503846,158.19010905634087,158.19053587097943,21.955032972494244,21.9550730762785,0.002058117668683039,348.0,11.0
840,71.0,116.5683859406009,116.5691150109855,453.73855122503846,453.73785500915875,158.19053587097943,158.19166650449083,21.9550730762785,21.955184345749743,0.02412609627709534,348.0,11.0
841,71.0,116.5691150109855,116.56954415784898,453.73785500915875,453.7384362163351,158.19166650449083,158.19173912240035,21.955184345749743,21.955250273918505,0.016191004645021673,348.0,11.0
842,71.0,116.56954415784898,116.56959522898774,453.7384362163351,453.7386091202432,158.19173912240035,158.1919569344032,21.955250273918505,21.95528328303217,0.017110882727798933,348.0,11.0
843,71.0,116.56959522898774,116.5695903461705,453.7386091202432,453.73861652213526,158.1919569344032,158.19193587700366,21.95528328303217,21.95528870826377,0.005118067030563885,348.0,11.0
844,71.0,116.56810108154889,116.56809670069595,453.73876027984113,453.7387599392443,158.19011106136534,158.19011729788377,21.95503378397005,21.955036316718022,0.002599000399227022,349.0,11.0
845,71.0,120.08172004852645,120.07203783031055,459.1059657779739,459.08324444880753,148.01158247677432,148.0158958338888,20.50761985951046,20.508531700393643,0.03620031802940464,353.0,11.0
846,71.0,120.07203783031055,120.05086414892305,459.08324444880753,459.0419769975641,148.0158958338888,148.0229954514827,20.508531700393643,20.51024779278807,0.11482973271078041,353.0,11.0
847,71.0,120.05086414892305,120.01441580909554,459.0419769975641,459.03464529246656,148.0229954514827,148.02700571563426,20.51024779278807,20.511645874669057,0.06537635112014642,353.0,11.0
848,71.0,120.01441580909554,120.0266257774804,459.03464529246656,459.0279267493249,148.02700571563426,148.05600791630926,20.511645874669057,20.512868875360486,0.06078293635803262,353.0,11.0
849,71.0,120.0266257774804,120.02198501308449,459.0279267493249,459.0202304068897,148.05600791630926,148.0820234486334,20.512868875360486,20.513935040573543,0.06768017892070766,353.0,11.0
850,71.0,120.02198501308449,120.03581623016751,459.0202304068897,459.01276120400524,148.0820234486334,148.0980678279801,20.513935040573543,20.514828707289468,0.0509300049239988,353.0,11.0
851,71.0,120.03581623016751,120.04206872074067,459.01276120400524,459.02617250047723,148.0980678279801,148.10967064408166,20.514828707289468,20.515596270597385,0.06482735494283756,353.0,11.0
852,71.0,120.04206872074067,120.05496042856052,459.02617250047723,459.0253607581959,148.10967064408166,148.11599591951457,20.515596270597385,20.516208898401636,0.06008353882626715,353.0,11.0
853,71.0,120.05496042856052,120.06431905494125,459.0253607581959,459.02992660145367,148.11599591951457,148.11411798722835,20.516208898401636,20.516684875693677,0.030741730041445814,353.0,11.0
854,71.0,120.06431905494125,120.07223624642943,459.02992660145367,459.02659242899455,148.11411798722835,148.1123505354889,20.516684875693677,20.517094060643966,0.04588197445972357,353.0,11.0
855,71.0,120.07223624642943,120.07228970688513,459.02659242899455,459.02049678162746,148.1123505354889,148.11383676288315,20.517094060643966,20.51740833349378,0.018700733604895187,353.0,11.0
856,71.0,120.07228970688513,120.06753775559682,459.02049678162746,459.0180859374241,148.11383676288315,148.1135149094365,20.51740833349378,20.517685806590904,0.018277084120887913,353.0,11.0
857,71.0,120.06753775559682,120.06425813940386,459.0180859374241,459.01630747957324,148.1135149094365,148.1159845733873,20.517685806590904,20.51792849072517,0.019728336134638168,353.0,11.0
858,71.0,120.06425813940386,120.06256021859926,459.01630747957324,459.0136737454077,148.1159845733873,148.1177605103952,20.51792849072517,20.518134989623245,0.02245642741687456,353.0,11.0
859,71.0,120.06256021859926,120.06277539790861,459.0136737454077,459.0112268649732,148.1177605103952,148.11666633750377,20.518134989623245,20.518301962756986,0.01413236419326405,353.0,11.0
860,71.0,120.06277539790861,120.06406813011036,459.0112268649732,459.00998727597045,148.11666633750377,148.11786639409218,20.518301962756986,20.518444601471128,0.017810438987153728,353.0,11.0
861,71.0,120.06406813011036,120.06546618472755,459.00998727597045,459.0105689405127,148.11786639409218,148.1176725410881,20.518444601471128,20.518556478384777,0.011885872828250509,353.0,11.0
862,71.0,120.06546618472755,120.06639628451485,459.0105689405127,459.0106032195516,148.1176725410881,148.11831221258132,20.518556478384777,20.51864697629956,0.014538862539990965,353.0,11.0
863,71.0,120.06639628451485,120.06688152541264,459.0106032195516,459.0108782456039,148.11831221258132,148.11867634286853,20.51864697629956,20.518708890067817,0.02130270251007244,353.0,11.0
864,71.0,120.06688152541264,120.06694141749252,459.0108782456039,459.0110070700545,148.11867634286853,148.11870609044286,20.518708890067817,20.518729203043044,0.015164335229840228,353.0,11.0
865,71.0,128.4999726120083,128.50000660314464,448.87294676638504,448.87297529181825,158.39859840491675,158.3986839213365,28.637077192456744,28.637620791008953,0.24256862674406748,354.0,1000180400.0
866,71.0,123.00982352558462,123.00985446294817,453.45634730697213,453.456303408683,146.0790956098124,146.07902480000396,35.159544661392374,35.16003115556833,0.21019995675433123,355.0,1000180400.0
867,71.0,125.16384916126678,125.16385050810541,455.15123871509957,455.15123721492967,149.4233229430011,149.42332388528,37.22767666929751,37.227735797193894,0.029327967944092665,356.0,1000180400.0
868,71.0,125.58933153261846,125.5893313769016,460.5935226108046,460.5935227852948,152.37862615586533,152.3786259786704,40.21580775557368,40.21582220092214,0.008542066005555573,357.0,1000180400.0
869,71.0,126.23473220678261,126.2347330207555,462.12099484038083,462.1209953414015,154.05447160024218,154.05447124725902,41.35281812341336,41.352852246961106,0.01845923179044352,358.0,1000180400.0
870,71.0,120.78010418360036,120.78010344840229,473.2328049162687,473.232804455373,181.49703196289605,181.49703229307994,55.931395736903525,55.93142776076399,0.01740180053327147,359.0,1000180400.0
871,71.0,126.53806910839833,126.5380668067498,487.58032014003993,487.5803327718704,197.42002057043777,197.42005373547101,66.72051849737892,66.72091578704116,0.16590379288969043,360.0,1000180400.0
872,71.0,131.60571673907634,131.60573378020155,488.0597262712512,488.05973956263017,185.30129091268634,185.3012603501948,73.36250575880536,73.362916292413,0.17212178975593795,362.0,1000180400.0
873,71.0,129.78882366715473,129.78882159245373,485.49050067780706,485.49049985388604,187.5930420988235,187.59304395573548,75.41719120217579,75.41726242263182,0.03441448226118518,364.0,1000180400.0
874,71.0,136.4340194007121,136.4359614099887,491.8439253246717,491.85352515676584,190.9817038543934,190.99767029568147,75.74402897203564,75.74472725675193,0.03906083159761694,366.0,11.0
875,71.0,136.4359614099887,136.44890388916264,491.85352515676584,491.87013208983205,190.99767029568147,191.02600512241486,75.74472725675193,75.74605520284608,0.09487732198908733,366.0,11.0
876,71.0,136.44890388916264,136.46130974024493,491.87013208983205,491.88738499499397,191.02600512241486,191.00788153379204,75.74605520284608,75.74713508578986,0.08685758629996185,366.0,11.0
877,71.0,136.46130974024493,136.47224684276114,491.88738499499397,491.89885434401066,191.00788153379204,190.99342609427083,75.74713508578986,75.74799404927364,0.053956523054713594,366.0,11.0
878,71.0,136.47224684276114,136.4891082050363,491.89885434401066,491.902305204126,190.99342609427083,190.9896357784943,75.74799404927364,75.74872055561966,0.055827805143805156,366.0,11.0
879,71.0,136.4891082050363,136.49266735617203,491.902305204126,491.91016632386845,190.9896357784943,190.97878359642067,75.74872055561966,75.7493147925174,0.0490163651776204,366.0,11.0
880,71.0,136.49266735617203,136.50333059733754,491.91016632386845,491.9110008330117,190.97878359642067,190.9774980979672,75.7493147925174,75.74979776998697,0.02518629652951879,366.0,11.0
881,71.0,136.50333059733754,136.50478818932672,491.9110008330117,491.9084107776841,190.9774980979672,190.96871365996486,75.74979776998697,75.7502256556816,0.02398750787460936,366.0,11.0
882,71.0,136.50478818932672,136.51248533355255,491.9084107776841,491.90754259632996,190.96871365996486,190.96710810412543,75.7502256556816,75.7506025750941,0.048822680312350396,366.0,11.0
883,71.0,136.51248533355255,136.5108913544707,491.90754259632996,491.90459587437147,190.96710810412543,190.96292140044616,75.7506025750941,75.7508809978048,0.019208452042542137,366.0,11.0
884,71.0,136.5108913544707,136.5111809877863,491.90459587437147,491.9089043510611,190.96292140044616,190.9640126489066,75.7508809978048,75.75112285734852,0.01984728026012111,366.0,11.0
885,71.0,136.5111809877863,136.50962035928214,491.9089043510611,491.90706363438903,190.9640126489066,190.96137092729595,75.75112285734852,75.7513283499343,0.01575532525272869,366.0,11.0
886,71.0,136.50962035928214,136.50723993255156,491.90706363438903,491.9056678570237,190.96137092729595,190.96038530722493,75.7513283499343,75.75150598016288,0.030975849373995914,366.0,11.0
887,71.0,136.50723993255156,136.50622220040177,491.9056678570237,491.9057764405787,190.96038530722493,190.9589381597007,75.75150598016288,75.75163022685652,0.019666361513779727,366.0,11.0
888,71.0,136.50622220040177,136.5065197814595,491.9057764405787,491.904773482661,190.9589381597007,190.95857515728346,75.75163022685652,75.75171947435815,0.01769494790478763,366.0,11.0
889,71.0,136.5065197814595,136.5068838474022,491.904773482661,491.90453796132914,190.95857515728346,190.95823311593713,75.75171947435815,75.75177345360855,0.02360538923974866,366.0,11.0
890,71.0,136.5068838474022,136.50694130572407,491.90453796132914,491.90454340480966,190.95823311593713,190.95824741938105,75.75177345360855,75.75178414148708,0.009033100414690059,366.0,11.0
891,71.0,138.17519908100797,138.1906360794706,492.2365144011884,492.2410994181061,190.67189934216273,190.67030576374955,75.80445668066005,75.80506954527633,0.02966237937119387,367.0,11.0
892,71.0,138.1906360794706,138.21149039949609,492.2410994181061,492.26372413371564,190.67030576374955,190.67291495046297,75.80506954527633,75.8062488823312,0.08183870821148678,367.0,11.0
893,71.0,138.21149039949609,138.23205922471956,492.26372413371564,492.27110094325707,190.67291495046297,190.6843925987464,75.8062488823312,75.80721847573555,0.07663373348555341,367.0,11.0
894,71.0,138.23205922471956,138.24612295035018,492.27110094325707,492.2662844887958,190.6843925987464,190.69640018971467,75.80721847573555,75.80799663703871,0.05027496305075946,367.0,11.0
895,71.0,138.24612295035018,138.2572783335424,492.2662844887958,492.273593401677,190.69640018971467,190.68823049419265,75.80799663703871,75.80865367028291,0.0600806352035287,367.0,11.0
896,71.0,138.2572783335424,138.26752753649635,492.273593401677,492.2771656247693,190.68823049419265,190.6837526018963,75.80865367028291,75.80917179855514,0.043958404452119605,367.0,11.0
897,71.0,138.26752753649635,138.26925303960837,492.2771656247693,492.2759036250976,190.6837526018963,190.6749103710638,75.80917179855514,75.80959313249214,0.027687236135401024,367.0,11.0
898,71.0,138.26925303960837,138.26584907639366,492.2759036250976,492.2749724334907,190.6749103710638,190.66824747047627,75.80959313249214,75.80995601034664,0.02913914207309743,367.0,11.0
899,71.0,138.26584907639366,138.26314077689725,492.2749724334907,492.280098762336,190.66824747047627,190.66981326731556,75.80995601034664,75.81025979335782,0.023694152463841923,367.0,11.0
900,71.0,138.26314077689725,138.26043928378257,492.280098762336,492.28255176023595,190.66981326731556,190.67300289925646,75.81025979335782,75.81051758127384,0.03285848483378204,367.0,11.0
901,71.0,138.26043928378257,138.25865863229794,492.28255176023595,492.28389428815325,190.67300289925646,190.67555123176368,75.81051758127384,75.81071492759536,0.010145014583879303,367.0,11.0
902,71.0,138.25865863229794,138.25651201094993,492.28389428815325,492.2859435197116,190.67555123176368,190.67538810581928,75.81071492759536,75.81089439542878,0.01841028288887052,367.0,11.0
903,71.0,138.25651201094993,138.2572279208596,492.2859435197116,492.2877924439369,190.67538810581928,190.67429625878475,75.81089439542878,75.81104204516596,0.009457827674117222,367.0,11.0
904,71.0,138.2572279208596,138.2569358836678,492.2877924439369,492.28706245006987,190.67429625878475,190.6760474107545,75.81104204516596,75.81117345599019,0.014006083488749056,367.0,11.0
905,71.0,138.2569358836678,138.25611507037857,492.28706245006987,492.28606749234376,190.6760474107545,190.6766731617102,75.81117345599019,75.81128050532318,0.016277183894063334,367.0,11.0
906,71.0,138.25611507037857,138.2569909080633,492.28606749234376,492.2858723874766,190.6766731617102,190.67662682001327,75.81128050532318,75.81135740411762,0.043877668901987535,367.0,11.0
907,71.0,136.1924578325722,136.19255376184844,482.4383146904697,482.43815028603547,200.69532266705738,200.6953072526923,76.27667107264938,76.27669586585273,0.017749480806608063,369.0,11.0
908,71.0,135.934860330776,135.9342898412332,482.17056558101706,482.1693929253409,200.8777490497551,200.87771637620295,76.29047102836908,76.29054841325551,0.006648545874732629,371.0,11.0
909,71.0,135.9342898412332,135.93288603207233,482.1693929253409,482.1669405257802,200.87771637620295,200.87705127695696,76.29054841325551,76.2907248497865,0.01433594386484532,371.0,11.0
910,71.0,135.93288603207233,135.93260648385152,482.1669405257802,482.1692620756564,200.87705127695696,200.87681202231278,76.2907248497865,76.29087651659277,0.015636860620494065,371.0,11.0
911,71.0,135.93260648385152,135.93436102149067,482.1692620756564,482.16913611998734,200.87681202231278,200.87651676119492,76.29087651659277,76.29100131190934,0.015501723696524649,371.0,11.0
912,71.0,135.93436102149067,135.93498568786345,482.16913611998734,482.1697150317044,200.87651676119492,200.87743834860873,76.29100131190934,76.29109879404744,0.027944743587035574,371.0,11.0
913,71.0,135.93498568786345,135.9349012368527,482.1697150317044,482.16960677688303,200.87743834860873,200.87706879079266,76.29109879404744,76.2911409260819,0.02122180891573869,371.0,11.0
914,71.0,135.9349012368527,135.9348888043466,482.16960677688303,482.16962866878293,200.87706879079266,200.87705926463929,76.2911409260819,76.29114701437422,0.005649289600885458,371.0,11.0
915,71.0,139.73689352076934,139.73686892933398,505.90655103848155,505.90648912996784,193.95768969607352,193.9578437398199,77.124874584145,77.1248894550168,0.0012778142945238328,373.0,11.0
916,71.0,139.73686892933398,139.736770685695,505.90648912996784,505.9058522447093,193.9578437398199,193.9582341436653,77.1248894550168,77.12495717625637,0.029472974056358767,373.0,11.0
917,71.0,139.736770685695,139.7367661029336,505.9058522447093,505.9058269733588,193.9582341436653,193.95829783764222,77.12495717625637,77.1249690257074,0.009825748420965046,373.0,11.0
918,71.0,140.38772682489014,140.387866723522,504.9668645305158,504.9666555210265,193.9574048230534,193.95738171508594,77.16301013752988,77.16304053231869,0.020838091997336036,375.0,11.0
919,71.0,134.72457996130055,134.72426086242254,505.86225888458887,505.8626210879967,192.66325865914206,192.6629079598344,77.35905859654368,77.35910117015689,0.003731815697746026,376.0,11.0
920,71.0,134.72426086242254,134.72341799105612,505.8626210879967,505.8634733174398,192.6629079598344,192.66193905038384,77.35910117015689,77.35921380116497,0.013119189549855121,376.0,11.0
921,71.0,134.72341799105612,134.722691638483,505.8634733174398,505.86425181043376,192.66193905038384,192.66222739080786,77.35921380116497,77.3593028040795,0.015264348552877333,376.0,11.0
922,71.0,134.722691638483,134.72303422199846,505.86425181043376,505.86411265082734,192.66222739080786,192.6617297796999,77.3593028040795,77.35936155434811,0.0155490039759096,376.0,11.0
923,71.0,134.72303422199846,134.72286298520362,505.86411265082734,505.8641469070799,192.6617297796999,192.66159149165364,77.35936155434811,77.35938928847688,0.019388919391370205,376.0,11.0
924,71.0,134.72549611907817,134.72549356436494,505.86222445525027,505.86222587197346,192.66339732001674,192.66340445848044,77.35909035303224,77.3590929048863,0.00261708,379.0,11.0
925,71.0,164.37304235283145,164.3730420179225,364.23401744844546,364.2340156215743,197.4058540610152,197.40585359675967,222.35109728937988,222.35115047891196,0.02682213848045862,382.0,1000180400.0
926,71.0,177.30257486939357,177.302574838171,378.49406509991627,378.4940651075166,208.4088465260249,208.4088466515346,249.04862718095194,249.04863557360756,0.004933817426961662,383.0,1000180400.0
927,71.0,194.90064154696992,194.90064155444335,392.35297585450655,392.35297650075154,203.44169359057,203.44169334658505,276.8667533166679,276.8667794398751,0.014478252867870942,384.0,1000180400.0
928,71.0,195.79797341884475,195.79797338947833,391.6586217823496,391.65862164952523,203.7166105491361,203.71661053897145,278.3118439671654,278.3118526533535,0.00510616390654648,385.0,1000180400.0
929,71.0,203.58290633684618,203.58290645617083,392.94921348141963,392.94921339150585,206.15989715326768,206.15989706949557,288.6145087047961,288.614518796999,0.005964175950375295,386.0,1000180400.0
930,71.0,203.72090466478315,203.72090464815477,393.17833692795557,393.17833700779204,206.43011041937353,206.43011039984566,289.0929479890906,289.0929543094206,0.003644462208406763,387.0,1000180400.0
931,71.0,119.73084770965788,119.73084776222879,469.39104532228856,469.3910452806047,152.81482164628432,152.81482175150379,22.7903831105924,22.790391295283356,0.004812861352502487,523.0,1000180400.0
932,71.0,119.45689020488086,119.45690339668067,484.8857075903212,484.8857156280448,157.24927518965927,157.2492733626854,28.0741792847313,28.074408459313506,0.09538427071768815,524.0,1000180400.0
933,71.0,116.99862533028525,116.99862409890548,486.52889644450613,486.52889643835096,158.47162503513388,158.47162369288606,29.133255079424472,29.13330643565615,0.02604585536577378,525.0,1000180400.0
934,71.0,114.16626456942898,114.16626358745808,489.7323447785275,489.73234458712085,162.96402075869406,162.9640205590028,31.191715384362343,31.19174953709486,0.018474012165076596,526.0,1000180400.0
935,71.0,111.56669181994987,111.56666188033606,508.70090716595115,508.7009955285704,188.72597941883666,188.72598216907244,41.86522370887735,41.86574443219913,0.22912133960994588,528.0,1000180400.0
936,71.0,113.12249011642666,113.12387719224243,520.2990502690747,520.3021325520675,182.39980243599996,182.39988498481418,42.308949152870014,42.309112312627484,0.0058065929091605795,534.0,11.0
937,71.0,113.12387719224243,113.12786430624126,520.3021325520675,520.3077870787404,182.39988498481418,182.3981573451607,42.309112312627484,42.309459622970984,0.04941578995990872,534.0,11.0
938,71.0,113.12786430624126,113.12908795928031,520.3077870787404,520.3090370659384,182.3981573451607,182.39384552763914,42.309459622970984,42.30970958851137,0.02116485436110128,534.0,11.0
939,71.0,113.12908795928031,113.12685134601202,520.3090370659384,520.3117192065176,182.39384552763914,182.39508666831972,42.30970958851137,42.30992048880465,0.0181766245685887,534.0,11.0
940,71.0,113.12685134601202,113.1278873111391,520.3117192065176,520.3140070957415,182.39508666831972,182.39664053458313,42.30992048880465,42.31009913177921,0.017515175446726258,534.0,11.0
941,71.0,113.1278873111391,113.12662662348762,520.3140070957415,520.3150335569933,182.39664053458313,182.39823787520152,42.31009913177921,42.310247507892115,0.013942932518832187,534.0,11.0
942,71.0,113.12662662348762,113.12823005177806,520.3150335569933,520.3144748876555,182.39823787520152,182.3977173266647,42.310247507892115,42.3103719247228,0.01307228217313142,534.0,11.0
943,71.0,113.12823005177806,113.12936374022244,520.3144748876555,520.3148074944427,182.3977173266647,182.39832468916057,42.3103719247228,42.310473394832485,0.013574268660400412,534.0,11.0
944,71.0,113.12936374022244,113.1293655872109,520.3148074944427,520.315297366127,182.39832468916057,182.3975877889681,42.310473394832485,42.310549454211255,0.011781528158134814,534.0,11.0
945,71.0,113.1293655872109,113.12915590110455,520.315297366127,520.3148185287449,182.3975877889681,182.39763047179713,42.310549454211255,42.3106014253973,0.011973003072362529,534.0,11.0
946,71.0,113.12915590110455,113.1291594660963,520.3148185287449,520.3150301881271,182.39763047179713,182.3977177118501,42.3106014253973,42.310629720684425,0.01969724253617071,534.0,11.0
947,71.0,113.12248849603115,113.12248377795746,520.2990504786368,520.2990510888147,182.399804397442,182.39981010853427,42.30894998703924,42.3089524749756,0.0025564951994538994,535.0,11.0
948,71.0,113.17971750999666,113.17753133354745,520.7066827922927,520.7136391302345,181.92959024907114,181.92450082842157,42.3297946070818,42.330160318912064,0.014584660463782331,538.0,11.0
949,71.0,113.17753133354745,113.17291065502911,520.7136391302345,520.721923835124,181.92450082842157,181.91052801017742,42.330160318912064,42.33086116940712,0.03796982999405845,538.0,11.0
950,71.0,113.17291065502911,113.16913810878495,520.721923835124,520.7330377281705,181.91052801017742,181.90229485653168,42.33086116940712,42.33147215685547,0.03871788876718674,538.0,11.0
951,71.0,113.16913810878495,113.16577169271818,520.7330377281705,520.7390452407482,181.90229485653168,181.8926489063055,42.33147215685547,42.33199427926515,0.03520939352965403,538.0,11.0
952,71.0,113.16577169271818,113.16196228515616,520.7390452407482,520.7413345872721,181.8926489063055,181.8840138274706,42.33199427926515,42.33243835913512,0.03625184351402857,538.0,11.0
953,71.0,113.16196228515616,113.16070125709345,520.7413345872721,520.7437637541597,181.8840138274706,181.8768736454237,42.33243835913512,42.33280529714547,0.026092277123801997,538.0,11.0
954,71.0,113.16070125709345,113.1582758034209,520.7437637541597,520.7463320966864,181.8768736454237,181.87170476469868,42.33280529714547,42.3331190359765,0.03460109856224885,538.0,11.0
955,71.0,113.1582758034209,113.15520731885036,520.7463320966864,520.7493408132375,181.87170476469868,181.8701466106518,42.3331190359765,42.33336567357668,0.021750031966979024,538.0,11.0
956,71.0,113.15520731885036,113.15190173688345,520.7493408132375,520.7492539594202,181.8701466106518,181.8687092621756,42.33336567357668,42.33357233037124,0.02486316953590929,538.0,11.0
957,71.0,113.15190173688345,113.14982185593396,520.7492539594202,520.7485826061416,181.8687092621756,181.86730188579145,42.33357233037124,42.33373529910714,0.014243081222946721,538.0,11.0
958,71.0,113.14982185593396,113.15053155396747,520.7485826061416,520.7499178416053,181.86730188579145,181.8658921542945,42.33373529910714,42.333873767535835,0.014969088025529906,538.0,11.0
959,71.0,113.15053155396747,113.14967152870437,520.7499178416053,520.7511921027287,181.8658921542945,181.86579099728493,42.333873767535835,42.33398636700537,0.021307103676119595,538.0,11.0
960,71.0,113.14967152870437,113.1497205015256,520.7511921027287,520.7520278661199,181.86579099728493,181.8657446216514,42.33398636700537,42.334059534491786,0.014628246317057503,538.0,11.0
961,71.0,113.1497205015256,113.14976114556919,520.7520278661199,520.7516261579715,181.8657446216514,181.86579652071973,42.334059534491786,42.334102671744304,0.015401206862312545,538.0,11.0
962,71.0,113.14976114556919,113.14982475801455,520.7516261579715,520.7516896301602,181.86579652071973,181.8657617474188,42.334102671744304,42.334117782509686,0.011966922826725884,538.0,11.0
963,71.0,121.07754376413268,121.07759466201905,519.660088350743,519.6599500589957,172.5497746639148,172.54982749518965,42.74030431712156,42.74032577435402,0.015838501409689138,539.0,11.0
964,71.0,123.59801578789897,123.59839776192443,520.3347032117982,520.3344202728046,169.0107199158054,169.0097764584886,42.88696261491945,42.887028237553075,0.004260382094794002,541.0,11.0
965,71.0,123.59839776192443,123.59902207557457,520.3344202728046,520.3337389782426,169.0097764584886,169.00742998890837,42.887028237553075,42.88718771027428,0.012838426034982916,541.0,11.0
966,71.0,123.59902207557457,123.60077362572997,520.3337389782426,520.3338842765426,169.00742998890837,169.0063849744881,42.88718771027428,42.88732510952614,0.009790191326600651,541.0,11.0
967,71.0,123.60077362572997,123.60175788878374,520.3338842765426,520.3346897295069,169.0063849744881,169.0052603039632,42.88732510952614,42.88744565202534,0.013668842642726668,541.0,11.0
968,71.0,123.60175788878374,123.60286606357803,520.3346897295069,520.3349794813925,169.0052603039632,169.0048008624498,42.88744565202534,42.88754199749096,0.012315629084077458,541.0,11.0
969,71.0,123.60286606357803,123.6025780021959,520.3349794813925,520.3349250582111,169.0048008624498,169.0055823013436,42.88754199749096,42.88761492177025,0.01323079252841193,541.0,11.0
970,71.0,123.6025780021959,123.60280145454367,520.3349250582111,520.3345502714786,169.0055823013436,169.00552009301268,42.88761492177025,42.887660655858234,0.024687846740399314,541.0,11.0
971,71.0,123.60280145454367,123.60281082277331,520.3345502714786,520.3345539052874,169.00552009301268,169.00550899823236,42.887660655858234,42.8876646916945,0.0039561372602717575,541.0,11.0
972,71.0,132.61403854770634,132.61478524956885,531.2651231404543,531.2676845584612,163.51026869588685,163.51159574766015,43.39395558115096,43.39410161804048,0.005387865674711709,543.0,11.0
973,71.0,132.61478524956885,132.61193579301215,531.2676845584612,531.2712743383531,163.51159574766015,163.5164045557107,43.39410161804048,43.39443017201019,0.020028633720779787,543.0,11.0
974,71.0,132.61193579301215,132.6070126217607,531.2712743383531,531.2725516703844,163.5164045557107,163.51400930781193,43.39443017201019,43.394718885052896,0.016001691713183927,543.0,11.0
975,71.0,132.6070126217607,132.60898633786204,531.2725516703844,531.2738086934467,163.51400930781193,163.51825557307887,43.394718885052896,43.39497674539699,0.01807275211728884,543.0,11.0
976,71.0,132.60898633786204,132.609895560782,531.2738086934467,531.2776059974639,163.51825557307887,163.5172869001604,43.39497674539699,43.39520087042797,0.01653550305995135,543.0,11.0
977,71.0,132.609895560782,132.61060384395984,531.2776059974639,531.2807217396014,163.5172869001604,163.51817069000475,43.39520087042797,43.395395176029076,0.026480300140609304,543.0,11.0
978,71.0,132.61060384395984,132.60940826632515,531.2807217396014,531.2800082394585,163.51817069000475,163.5199723423895,43.395395176029076,43.395543450465716,0.014582838409746899,543.0,11.0
979,71.0,132.60940826632515,132.60778336205288,531.2800082394585,531.2796020475377,163.5199723423895,163.52048458242035,43.395543450465716,43.395666659510574,0.012993509550896946,543.0,11.0
980,71.0,132.60778336205288,132.6073086007732,531.2796020475377,531.2807818080979,163.52048458242035,163.5201797220257,43.395666659510574,43.39576701469345,0.011635204998201854,543.0,11.0
981,71.0,132.6073086007732,132.60725557886602,531.2807818080979,531.2802498074219,163.5201797220257,163.52093718940145,43.39576701469345,43.395845662934946,0.015246168202723431,543.0,11.0
982,71.0,132.60725557886602,132.60702971800723,531.2802498074219,531.2798451676539,163.52093718940145,163.52097001583252,43.395845662934946,43.395893201258936,0.020464628615699396,543.0,11.0
983,71.0,132.60702971800723,132.6069740211322,531.2798451676539,531.2798627860273,163.52097001583252,163.52098262487135,43.395893201258936,43.395903927785646,0.009059771970201917,543.0,11.0
984,71.0,132.6140372921579,132.6140332806495,531.2651222107359,531.2651204327482,163.5102666890311,163.51026123136933,43.39395641220363,43.393958800600316,0.0024615638287338783,544.0,11.0
985,71.0,131.84465247036152,131.84254642945785,530.8181390714824,530.8159320045338,162.3871919920222,162.3854820509568,43.441750217715075,43.44191875888378,0.00822817925805669,547.0,11.0
986,71.0,131.84254642945785,131.83730433479087,530.8159320045338,530.8125742490595,162.3854820509568,162.38217701767252,43.44191875888378,43.44226288904839,0.021578150650404884,547.0,11.0
987,71.0,131.83730433479087,131.83165773316034,530.8125742490595,530.8113635680195,162.38217701767252,162.3808411406834,43.44226288904839,43.442563615995894,0.0315236791443275,547.0,11.0
988,71.0,131.83165773316034,131.83205164834234,530.8113635680195,530.8102871452902,162.3808411406834,162.37658069481242,43.442563615995894,43.44280375898338,0.02148548789504082,547.0,11.0
989,71.0,131.83205164834234,131.8353265593842,530.8102871452902,530.8113060506788,162.37658069481242,162.3771076501639,43.44280375898338,43.44300467016482,0.014802645087714159,547.0,11.0
990,71.0,131.8353265593842,131.8351406653773,530.8113060506788,530.811608218758,162.3771076501639,162.3799521827402,43.44300467016482,43.44317950643345,0.016852008349932758,547.0,11.0
991,71.0,131.8351406653773,131.83705335758597,530.811608218758,530.8104766147089,162.3799521827402,162.37999170420395,43.44317950643345,43.44332526539996,0.010943100906976937,547.0,11.0
992,71.0,131.83705335758597,131.83836941835426,530.8104766147089,530.8095348618901,162.37999170420395,162.38084163433805,43.44332526539996,43.44345222975429,0.008155535136783774,547.0,11.0
993,71.0,131.83836941835426,131.8392117339625,530.8095348618901,530.8083045177425,162.38084163433805,162.38124496462697,43.44345222975429,43.44356503363408,0.011779168938637816,547.0,11.0
994,71.0,131.8392117339625,131.83981206549538,530.8083045177425,530.8087709229301,162.38124496462697,162.3803818646074,43.44356503363408,43.44365670696493,0.014138228585110824,547.0,11.0
995,71.0,131.83981206549538,131.83968706818175,530.8087709229301,530.8089220374945,162.3803818646074,162.37971220135665,43.44365670696493,43.44372075406294,0.014396133546638863,547.0,11.0
996,71.0,131.83968706818175,131.83962480655566,530.8089220374945,530.8087049366269,162.37971220135665,162.37951083003242,43.44372075406294,43.443755444636075,0.02001995423804384,547.0,11.0
997,71.0,131.83962480655566,131.83962108599968,530.8087049366269,530.8086984505555,162.37951083003242,162.3795041521227,43.443755444636075,43.443758500922236,0.0030865561512375406,547.0,11.0
998,71.0,131.8446523782,131.8446521015615,530.8181367976174,530.8181299722268,162.3871928973839,162.38719561498033,43.44175102839234,43.44175349765727,0.0025387415737803763,548.0,11.0
999,71.0,102.39258541770104,102.3830586335711,509.9407060253814,509.93738387671493,169.80638275506118,169.77510432601827,42.567811740894555,42.568980803734384,0.04269587102421978,552.0,11.0
1000,71.0,102.3830586335711,102.35972825291614,509.93738387671493,509.91707551390965,169.77510432601827,169.7204844614953,42.568980803734384,42.57122295813698,0.12007811656063824,552.0,11.0
1001,71.0,102.35972825291614,102.37573072217438,509.91707551390965,509.9018092580433,169.7204844614953,169.67315169450166,42.57122295813698,42.5731160122805,0.11220713680747997,552.0,11.0
1002,71.0,102.37573072217438,102.4088636510736,509.9018092580433,509.88280850315016,169.67315169450166,169.6540032619699,42.5731160122805,42.57469225750245,0.07931708757658275,552.0,11.0
1003,71.0,102.4088636510736,102.43178267357214,509.88280850315016,509.85869061044514,169.6540032619699,169.63967111496325,42.57469225750245,42.576051233643355,0.06863772693856314,552.0,11.0
1004,71.0,102.43178267357214,102.45527813427077,509.85869061044514,509.845394422557,169.63967111496325,169.624860932663,42.576051233643355,42.577227607948416,0.10956177136780007,552.0,11.0
1005,71.0,102.45527813427077,102.47725199039822,509.845394422557,509.85039550584645,169.624860932663,169.62561030010517,42.577227607948416,42.57812425166431,0.05294870432191248,552.0,11.0
1006,71.0,102.47725199039822,102.48849858618226,509.85039550584645,509.8369815832064,169.62561030010517,169.632315770279,42.57812425166431,42.578889782475855,0.05600263665451587,552.0,11.0
1007,71.0,102.48849858618226,102.49999479500369,509.8369815832064,509.8274856468799,169.632315770279,169.63220165478575,42.578889782475855,42.5795211201853,0.031618705559438146,552.0,11.0
1008,71.0,102.49999479500369,102.51136915095633,509.8274856468799,509.8289277611333,169.63220165478575,169.63800396368464,42.5795211201853,42.58007913389829,0.04698324747769557,552.0,11.0
1009,71.0,102.51136915095633,102.52001997931718,509.8289277611333,509.82404781778234,169.63800396368464,169.63859307278824,42.58007913389829,42.58053197852805,0.027136747441784584,552.0,11.0
1010,71.0,102.52001997931718,102.51879685648923,509.82404781778234,509.83058919427833,169.63859307278824,169.64368170368147,42.58053197852805,42.58092645905382,0.04054031481606628,552.0,11.0
1011,71.0,102.51879685648923,102.51960210417505,509.83058919427833,509.83664976778766,169.64368170368147,169.6446713527967,42.58092645905382,42.58123757808005,0.037871360553489365,552.0,11.0
1012,71.0,102.51960210417505,102.51624758157811,509.83664976778766,509.8391995716829,169.6446713527967,169.6435459657158,42.58123757808005,42.58147564764831,0.024428435146957504,552.0,11.0
1013,71.0,102.51624758157811,102.51422768154195,509.8391995716829,509.83990207233444,169.6435459657158,169.6460604681891,42.58147564764831,42.58166934189399,0.020121658692358445,552.0,11.0
1014,71.0,102.51422768154195,102.51452028066305,509.83990207233444,509.8405440256315,169.6460604681891,169.64365880705725,42.58166934189399,42.58182796704263,0.016641897440111672,552.0,11.0
1015,71.0,102.51452028066305,102.51422355436152,509.8405440256315,509.84198721651285,169.64365880705725,169.6424736983924,42.58182796704263,42.581957991101426,0.01203925916987627,552.0,11.0
1016,71.0,102.51422355436152,102.51508314519792,509.84198721651285,509.84308252988995,169.6424736983924,169.64199325144438,42.581957991101426,42.58206709179191,0.01249447910485753,552.0,11.0
1017,71.0,102.51508314519792,102.51556809699659,509.84308252988995,509.8422030949661,169.64199325144438,169.6416602827972,42.58206709179191,42.582153503345104,0.016026226101678774,552.0,11.0
1018,71.0,102.51556809699659,102.51524665720987,509.8422030949661,509.8417485015931,169.6416602827972,169.6416550784711,42.582153503345104,42.58220780545959,0.014731895029943064,552.0,11.0
1019,71.0,102.51524665720987,102.51515381798238,509.8417485015931,509.84163906505535,169.6416550784711,169.64178984948248,42.58220780545959,42.582233154151474,0.0180621718688904,552.0,11.0
1020,71.0,95.16614414150085,95.16564238880804,511.2626260439871,511.26354924186336,170.8050177037952,170.8048383748966,42.81511346567561,42.81517970524822,0.0022024680150367583,555.0,11.0
1021,71.0,95.16564238880804,95.16526961250604,511.26354924186336,511.26611278675347,170.8048383748966,170.80465876254203,42.81517970524822,42.81534255004287,0.019402212365563398,555.0,11.0
1022,71.0,95.16526961250604,95.16642587501792,511.26611278675347,511.2675428029559,170.80465876254203,170.80504816283468,42.81534255004287,42.81547203704253,0.030608805846702374,555.0,11.0
1023,71.0,95.16642587501792,95.16639688495863,511.2675428029559,511.2667009951762,170.80504816283468,170.8051786857163,42.81547203704253,42.81554607539757,0.03865266547432418,555.0,11.0
1024,71.0,95.16639688495863,95.16640903463926,511.2667009951762,511.26669496066523,170.8051786857163,170.80518171230173,42.81554607539757,42.815549908172216,0.0037801204461652554,555.0,11.0
1025,71.0,86.54910845242459,86.54915665182821,506.10728807550385,506.1071635078248,173.97233783928345,173.97230437769878,43.166333653032844,43.16635320524524,0.014710918461748435,557.0,11.0
1026,71.0,84.62481719618809,84.62486827536473,505.67718639409543,505.67693015965745,174.3723634075572,174.3727759187178,43.233438333690444,43.2334747221801,0.0011598923881459622,559.0,11.0
1027,71.0,84.62486827536473,84.62517680237478,505.67693015965745,505.6761266270687,174.3727759187178,174.37388528259734,43.2334747221801,43.233580220143345,0.013921039919262013,559.0,11.0
1028,71.0,84.62517680237478,84.62465232271116,505.6761266270687,505.67652707043106,174.37388528259734,174.3745632591503,43.233580220143345,43.23366001516502,0.014493137431261512,559.0,11.0
1029,71.0,84.62465232271116,84.62488143519792,505.67652707043106,505.6762298273795,174.3745632591503,174.37489629894193,43.23366001516502,43.2337103228177,0.014840521765281882,559.0,11.0
1030,71.0,84.62488143519792,84.6249435245564,505.6762298273795,505.67634181601517,174.37489629894193,174.3748007058576,43.2337103228177,43.233732102725575,0.016026196214890025,559.0,11.0
1031,71.0,65.01936136494488,65.01932454818207,511.9185698419109,511.9187955086619,167.9057421115966,167.90576474353082,43.952852458337475,43.95288082623291,0.01973703128012685,560.0,11.0
1032,71.0,63.345865155046354,63.345797437638055,511.6396715069078,511.6393571472212,167.07414849934963,167.0740922855172,44.015877675879,44.015914352512866,0.02199561700380802,561.0,11.0
1033,71.0,63.345797437638055,63.34580242410941,511.6393571472212,511.63935719573226,167.0740922855172,167.0740897374568,44.015914352512866,44.01591640322137,0.0021331810057254874,561.0,11.0
1034,71.0,63.34586630974227,63.34585987897909,511.639760288206,511.6397592859045,167.0742038583562,167.07419994257776,44.01586685742725,44.01586938255125,0.002591778941597603,562.0,11.0
1035,71.0,52.56283663772192,52.56103040418054,516.0703897783116,516.0713240778497,165.93152410136418,165.932131535113,44.40659181155811,44.406705205943474,0.008235971386089983,565.0,11.0
1036,71.0,52.56103040418054,52.55764412536981,516.0713240778497,516.0729629452294,165.932131535113,165.9343703837733,44.406705205943474,44.406943952194744,0.015982421284828328,565.0,11.0
1037,71.0,52.55764412536981,52.553986276138026,516.0729629452294,516.073245857374,165.9343703837733,165.93451763014576,44.406943952194744,44.407153397385656,0.01917240216728279,565.0,11.0
1038,71.0,52.553986276138026,52.55578960962399,516.073245857374,516.071032785975,165.93451763014576,165.93491109881376,44.407153397385656,44.40732890151826,0.014810329616589136,565.0,11.0
1039,71.0,52.55578960962399,52.55509267530648,516.071032785975,516.0692633449169,165.93491109881376,165.93359495345175,44.40732890151826,44.40747883060991,0.019276825765760775,565.0,11.0
1040,71.0,52.55509267530648,52.55527374662025,516.0692633449169,516.0683647510402,165.93359495345175,165.93225699526116,44.40747883060991,44.40759556294606,0.013191331522566078,565.0,11.0
1041,71.0,52.55527374662025,52.55502707274765,516.0683647510402,516.0684178990412,165.93225699526116,165.93110674979272,44.40759556294606,44.407688775017576,0.05247615279848204,565.0,11.0
1042,71.0,52.59678473408898,52.59678592050557,516.0480656096555,516.048065928671,165.89924814438083,165.89925241046893,44.40832345695818,44.40832520945652,0.001834122073247132,567.0,11.0
1043,71.0,53.15438890507126,53.15514976165133,515.4017904790974,515.4003393138826,164.5557886056255,164.55522938762246,44.46141571906695,44.46151187236079,0.006345107394413654,568.0,11.0
1044,71.0,53.15514976165133,53.15663460635047,515.4003393138826,515.3971156170115,164.55522938762246,164.55388779082938,44.46151187236079,44.46172646552564,0.02487552107515917,568.0,11.0
1045,71.0,53.15663460635047,53.157363150276616,515.3971156170115,515.397991906243,164.55388779082938,164.5513637980326,44.46172646552564,44.46189700834328,0.018263917738995855,568.0,11.0
1046,71.0,53.157363150276616,53.157480583260885,515.397991906243,515.3998031490942,164.5513637980326,164.55034705953497,44.46189700834328,44.462036095663436,0.01766054095770466,568.0,11.0
1047,71.0,53.157480583260885,53.15875160858779,515.3998031490942,515.4004788770546,164.55034705953497,164.55059860368402,44.462036095663436,44.46214459226464,0.012040147876759928,568.0,11.0
1048,71.0,53.15875160858779,53.15775578372162,515.4004788770546,515.4004232027835,164.55059860368402,164.55023470066254,44.46214459226464,44.462231215336786,0.014666324239646924,568.0,11.0
1049,71.0,53.15775578372162,53.15716874425924,515.4004232027835,515.4005185762481,164.55023470066254,164.55015570454137,44.462231215336786,44.46228857277985,0.012558121581713126,568.0,11.0
1050,71.0,53.15716874425924,53.15731718674478,515.4005185762481,515.4006463764158,164.55015570454137,164.54996805751705,44.46228857277985,44.46232059459279,0.021708111799434403,568.0,11.0
1051,71.0,53.15438872183074,53.1543882069112,515.4017876584551,515.4017797322392,164.55578922097683,164.55579095016014,44.46141662838791,44.46141927392895,0.0027053823971211425,569.0,11.0
1052,71.0,116.49657255581255,116.49660942710833,508.6262151427742,508.626211161211,186.96613305643416,186.9661328274993,44.537588405857285,44.53799651432414,0.17097514305906267,571.0,1000180400.0
1053,71.0,114.4423378486565,114.44233771671324,509.0508041998652,509.0508037289861,186.2085469947945,186.20854652623592,45.72752649105744,45.727552258094114,0.014303325395628343,572.0,1000180400.0
1054,71.0,108.28721501194946,108.28721405579665,513.4049495823165,513.4049489486482,186.5421828519153,186.54218256778614,49.76975769005822,49.769795492412754,0.02023272141920945,573.0,1000180400.0
1055,71.0,104.60920431191059,104.60919978629568,525.6411015170816,525.6411144669463,189.2092191521021,189.2092112365813,56.79968257345563,56.799914584461675,0.09647764318127146,574.0,1000180400.0
1056,71.0,104.96093792660854,104.96092983958445,524.9782724167774,524.9782634712266,191.66455708286236,191.66457386276704,58.220792488718104,58.22107034707976,0.11450479421295261,575.0,1000180400.0
1057,71.0,198.55794808822355,198.5579678135761,579.0000731858564,579.0000754864966,147.588836229557,147.5888221339078,125.08970052162567,125.09001064360338,0.12767205686310476,576.0,1000180400.0
1058,71.0,198.17941029064292,198.179410140264,579.1748521440123,579.1748523552417,147.97478628416664,147.97478614718133,125.42902168971987,125.4290361296147,0.008538988306190723,577.0,1000180400.0
1059,71.0,195.4175044728821,195.41749608542233,578.9249133841486,578.9249122260048,153.90733881354157,153.9073417276324,129.35154094346586,129.35169755904684,0.06768070063408384,578.0,1000180400.0
1060,71.0,115.42999071675847,115.429990675816,463.2618759021333,463.2618758572238,144.80757235518738,144.80757237757055,22.189374456103014,22.189379847336387,0.0029875920815098695,677.0,1000180400.0
1061,71.0,113.45059238625113,113.45059228635789,463.91310116349143,463.91310116094576,141.7525154326676,141.75251548510664,23.28956533474982,23.289572984520078,0.004505623558160596,678.0,1000180400.0
1062,71.0,82.16667218969226,82.1666722771079,478.6235465292255,478.62354638087584,67.57249438126243,67.57249429257163,47.646563932819674,47.64657485888299,0.0065062761576831435,679.0,1000180400.0
1063,71.0,66.69306390319491,66.69307220618843,489.633649305683,489.6336602047263,41.17972442761061,41.17969141441971,57.3288801970943,57.32927877528993,0.16650355558548163,681.0,1000180400.0
1064,71.0,66.69288018588063,66.69287663570864,489.63151874861734,489.63152226913826,41.17772736113049,41.17772737849603,57.32897838947376,57.328980288482676,0.001982086213705836,684.0,11.0
1065,71.0,68.18231277917674,68.20519002653506,489.9392256400133,489.93044507647903,45.735406138489424,45.74416656192402,57.4890794542988,57.49001871903425,0.03992509732945251,686.0,11.0
1066,71.0,68.20519002653506,68.25311613168691,489.93044507647903,489.9125622334923,45.74416656192402,45.73980297394304,57.49001871903425,57.491881696251696,0.09338289635342388,686.0,11.0
1067,71.0,68.25311613168691,68.25421412265796,489.9125622334923,489.86918406480225,45.73980297394304,45.738276753118285,57.491881696251696,57.49348106136677,0.24050057235171485,686.0,11.0
1068,71.0,68.25421412265796,68.2749854526767,489.86918406480225,489.8820105446739,45.738276753118285,45.73766500079727,57.49348106136677,57.494441703713264,0.05153743177114918,686.0,11.0
1069,71.0,68.2749854526767,68.28635178031513,489.8820105446739,489.8771636648128,45.73766500079727,45.7542057347582,57.494441703713264,57.49527299075331,0.04832096099665684,686.0,11.0
1070,71.0,68.28635178031513,68.29739974578845,489.8771636648128,489.8687677476908,45.7542057347582,45.76444130476541,57.49527299075331,57.495986221463745,0.08488875496767288,686.0,11.0
1071,71.0,68.29739974578845,68.29767438512027,489.8687677476908,489.8573148518946,45.76444130476541,45.76662132917373,57.495986221463745,57.49650147400822,0.03861533842793075,686.0,11.0
1072,71.0,68.29767438512027,68.29525372080816,489.8573148518946,489.8496954689119,45.76662132917373,45.761805540392075,57.49650147400822,57.49693156395938,0.025785963826420094,686.0,11.0
1073,71.0,68.29525372080816,68.29997288503097,489.8496954689119,489.85174296392887,45.761805540392075,45.755852701246155,57.49693156395938,57.49730685913117,0.031569638234757925,686.0,11.0
1074,71.0,68.29997288503097,68.29744290388228,489.85174296392887,489.847442335301,45.755852701246155,45.75219697948997,57.49730685913117,57.497617670146774,0.015263294600519,686.0,11.0
1075,71.0,68.29744290388228,68.29744591577487,489.847442335301,489.8528548075583,45.75219697948997,45.751886289930724,57.497617670146774,57.497898445633815,0.03327434396278724,686.0,11.0
1076,71.0,68.29744591577487,68.29420511719081,489.8528548075583,489.8541059461224,45.751886289930724,45.75015990985132,57.497898445633815,57.49811658904944,0.025555719161004714,686.0,11.0
1077,71.0,68.29420511719081,68.29189709647754,489.8541059461224,489.85572237594323,45.75015990985132,45.75006921425454,57.49811658904944,57.49828933849504,0.012698045561500537,686.0,11.0
1078,71.0,68.29189709647754,68.29107032007377,489.85572237594323,489.85784527425574,45.75006921425454,45.75056929703093,57.49828933849504,57.49844017439709,0.022016956157298432,686.0,11.0
1079,71.0,68.29107032007377,68.2925170753692,489.85784527425574,489.85814272300405,45.75056929703093,45.75102535230947,57.49844017439709,57.498553038727714,0.01864818646983441,686.0,11.0
1080,71.0,68.2925170753692,68.29207719683934,489.85814272300405,489.85887075248365,45.75102535230947,45.750653593461905,57.498553038727714,57.49863175674565,0.01949843757549641,686.0,11.0
1081,71.0,68.29207719683934,68.29239452188308,489.85887075248365,489.85879431855,45.750653593461905,45.75051415729802,57.49863175674565,57.49867075797158,0.01594960403008925,686.0,11.0
1082,71.0,68.29239452188308,68.29239141650582,489.85879431855,489.8588074959447,45.75051415729802,45.75045245183935,57.49867075797158,57.498681919174075,0.009358292089756467,686.0,11.0
1083,71.0,65.51307047899022,65.5330802354047,500.72646071620557,500.73678445738597,81.03528372982323,81.07814153507738,58.7235238085895,58.72520564122697,0.08112992082999547,687.0,11.0
1084,71.0,65.5330802354047,65.58242246392709,500.73678445738597,500.76259134605414,81.07814153507738,81.15139983124742,58.72520564122697,58.72841527192076,0.16487833103249325,687.0,11.0
1085,71.0,65.58242246392709,65.52707815021331,500.76259134605414,500.7759944680548,81.15139983124742,81.20282710938883,58.72841527192076,58.73111944531951,0.15740934816471752,687.0,11.0
1086,71.0,65.52707815021331,65.49476279779022,500.7759944680548,500.80668812812917,81.20282710938883,81.24667276878225,58.73111944531951,58.733353338728605,0.14909254786640427,687.0,11.0
1087,71.0,65.49476279779022,65.49011374799963,500.80668812812917,500.78463369029197,81.24667276878225,81.2907565469433,58.733353338728605,58.73515555692431,0.10420607872288697,687.0,11.0
1088,71.0,65.49011374799963,65.47983397973792,500.78463369029197,500.7593504079183,81.2907565469433,81.32101750760368,58.73515555692431,58.736665888157525,0.17496840505426645,687.0,11.0
1089,71.0,65.47983397973792,65.4661648751969,500.7593504079183,500.754902153196,81.32101750760368,81.34379364056295,58.736665888157525,58.737712006663784,0.07733805586977717,687.0,11.0
1090,71.0,65.4661648751969,65.4488796801929,500.754902153196,500.75837337419125,81.34379364056295,81.3555561966646,58.737712006663784,58.738562145612775,0.049181484106508855,687.0,11.0
1091,71.0,65.4488796801929,65.43627808439349,500.75837337419125,500.7667539318856,81.3555561966646,81.36475184304193,58.738562145612775,58.73929162507285,0.04981540571764523,687.0,11.0
1092,71.0,65.43627808439349,65.43464399689749,500.7667539318856,500.75682676387515,81.36475184304193,81.37496915666627,58.73929162507285,58.73990270757375,0.05523940558831285,687.0,11.0
1093,71.0,65.43464399689749,65.43726747655174,500.75682676387515,500.75330475598486,81.37496915666627,81.38487406822155,58.73990270757375,58.74038794672363,0.027256419797418868,687.0,11.0
1094,71.0,65.43726747655174,65.43579185442469,500.75330475598486,500.7478837688808,81.38487406822155,81.39217514763115,58.74038794672363,58.74081356829913,0.032404064548890825,687.0,11.0
1095,71.0,65.43579185442469,65.44021374105287,500.7478837688808,500.7429553441022,81.39217514763115,81.3954605246287,58.74081356829913,58.7411708123262,0.02420258247933066,687.0,11.0
1096,71.0,65.44021374105287,65.43970346978134,500.7429553441022,500.7409902199835,81.3954605246287,81.40123175052472,58.7411708123262,58.741478988620926,0.05198526170044668,687.0,11.0
1097,71.0,65.43970346978134,65.43884574928295,500.7409902199835,500.7405027488088,81.40123175052472,81.40476966904288,58.741478988620926,58.74168848310425,0.016636483293521485,687.0,11.0
1098,71.0,65.43884574928295,65.43890731532161,500.7405027488088,500.73961074916605,81.40476966904288,81.40761629272956,58.74168848310425,58.741868455377016,0.04446427911548582,687.0,11.0
1099,71.0,65.43890731532161,65.43850903516368,500.73961074916605,500.7389096828929,81.40761629272956,81.40870671098675,58.741868455377016,58.74197140821658,0.015033322254742803,687.0,11.0
1100,71.0,65.43850903516368,65.43800253568178,500.7389096828929,500.73820885178975,81.40870671098675,81.40870325829295,58.74197140821658,58.742046217191536,0.011717498209106014,687.0,11.0
1101,71.0,65.43800253568178,65.43847932415525,500.73820885178975,500.73822356694353,81.40870325829295,81.40852740288452,58.742046217191536,58.74209701320727,0.01263522946998135,687.0,11.0
1102,71.0,65.43847932415525,65.43829266265124,500.73822356694353,500.73830743529254,81.40852740288452,81.40852768162797,58.74209701320727,58.74212308581064,0.018467555161141385,687.0,11.0
1103,71.0,58.37137222014195,58.37021501604589,497.1970110812579,497.1949839068355,80.79519473585069,80.79703496192191,58.98936939412508,58.989516073927845,0.019086874262358222,689.0,11.0
1104,71.0,58.37021501604589,58.366258981485906,497.1949839068355,497.19236530805074,80.79703496192191,80.80025401937422,58.989516073927845,58.98980917225837,0.0794430959927627,689.0,11.0
1105,71.0,58.366258981485906,58.364131306534716,497.19236530805074,497.19198666226885,80.80025401937422,80.80095730432602,58.98980917225837,58.98995724878719,0.013797274849807901,689.0,11.0
1106,71.0,58.364131306534716,58.36286826684791,497.19198666226885,497.1913835770721,80.80095730432602,80.80204887369375,58.98995724878719,58.99008161625834,0.012418097275711642,689.0,11.0
1107,71.0,58.36286826684791,58.36228140935327,497.1913835770721,497.1914032429757,80.80204887369375,80.80326379492091,58.99008161625834,58.99018420773688,0.010088664751531537,689.0,11.0
1108,71.0,58.36228140935327,58.36278969592064,497.1914032429757,497.19095925174923,80.80326379492091,80.80250269355093,58.99018420773688,58.99026823745267,0.01831473507488137,689.0,11.0
1109,71.0,58.36278969592064,58.36272434304633,497.19095925174923,497.19059633176965,80.80250269355093,80.80277270602564,58.99026823745267,58.99031520816292,0.024881549383858857,689.0,11.0
1110,71.0,58.36272434304633,58.36273649227187,497.19059633176965,497.1905865312815,80.80277270602564,80.80278081783788,58.99031520816292,58.9903197253303,0.004366692457309765,689.0,11.0
1111,71.0,58.44672428841111,58.44689176107606,498.7251404416782,498.7254276058511,79.33802151552976,79.3375195507801,59.05984708348637,59.059889788944766,0.008159226204905105,690.0,11.0
1112,71.0,58.44689176107606,58.4468952746095,498.7254276058511,498.7261510442239,79.3375195507801,79.33629346233599,59.059889788944766,59.05999631343375,0.022313960757859616,690.0,11.0
1113,71.0,58.4468952746095,58.44653500019293,498.7261510442239,498.7267403302514,79.33629346233599,79.33618544021084,59.05999631343375,59.06006044737591,0.018055038038563107,690.0,11.0
1114,71.0,58.44653500019293,58.446471644698285,498.7267403302514,498.72692511572995,79.33618544021084,79.3360742400669,59.06006044737591,59.06008836493662,0.019489862806413398,690.0,11.0
1115,71.0,56.74676149862205,56.74675880670128,498.4544648303216,498.45446074709815,80.65999573903639,80.65999422465384,59.132245314492764,59.132247244236964,0.0020128798306079934,691.0,11.0
1116,71.0,53.82871402744198,53.82871409895923,499.4264456695396,499.42645002511307,82.2821492526457,82.28215011010215,59.2482332533681,59.248235005941616,0.0018341981405701807,694.0,11.0
1117,71.0,49.94436579415411,49.94426368481221,498.8455141286355,498.8455325239538,84.55864542777594,84.55872066940455,59.3996624559821,59.39968101938963,0.014114808517487195,695.0,11.0
1118,71.0,49.94440788992061,49.94441021105534,498.84551257667806,498.8455053060031,84.5586377267339,84.55863778930242,59.39965713311606,59.399659666643686,0.0025997386652201583,696.0,11.0
1119,71.0,50.945725365891875,50.94577979489999,502.70969446373755,502.7098225425004,88.85629035141964,88.85619468685435,59.595315845063155,59.595338517348566,0.016541768237279514,699.0,11.0
1120,71.0,51.02751515231744,51.02771981938373,502.600633344029,502.6007061161819,89.1449061136111,89.14562805983297,59.60595463782546,59.6060055403022,0.0028359835889348417,701.0,11.0
1121,71.0,51.02771981938373,51.02818239996758,502.6007061161819,502.6009709650424,89.14562805983297,89.14746244409888,59.6060055403022,59.606136502412554,0.0240995438729634,701.0,11.0
1122,71.0,51.02818239996758,51.02784809330253,502.6009709650424,502.60133053334187,89.14746244409888,89.1484355612476,59.606136502412554,59.60622475427336,0.04980027290939795,701.0,11.0
1123,71.0,51.02751577337516,51.02751726810691,502.6006352734818,502.60064013793624,89.14490725664295,89.14490823811795,59.60595540805807,59.60595735382586,0.0020288975514331964,702.0,11.0
1124,71.0,56.007216840420675,56.00721683962655,489.8868142426436,489.88681420008777,43.19450722023076,43.194507244323404,61.69121763250756,61.691222131689265,0.002446594417765952,706.0,1000180400.0
1125,71.0,52.516373794674266,52.51637276490516,490.50430474695156,490.50430286316544,43.55408935998052,43.55408907450935,63.120809712580495,63.12086772358968,0.028857456612142222,707.0,1000180400.0
1126,71.0,34.59845729941663,34.59845724984039,508.15766662929525,508.1576666511426,48.13151660338476,48.131516449388755,73.42362670673849,73.42363648690423,0.005768405985159182,708.0,1000180400.0
1127,71.0,23.93326931865165,23.933269265524356,519.4176299521689,519.4176303321383,55.50586250575492,55.505862108041356,80.35018504220875,80.35020740962786,0.012637327480080054,709.0,1000180400.0
1128,71.0,22.678206775480376,22.678206705958026,520.2484968725165,520.2484967124954,57.04077723542391,57.04077730257476,81.21895854565042,81.21896922600278,0.006343384904876697,710.0,1000180400.0
1129,71.0,2.1467241237188377,2.146721276086606,546.9774614651466,546.9774603735166,83.27543435160892,83.27545790725296,98.49651306429998,98.4968180745276,0.1255554395905876,711.0,1000180400.0
1130,71.0,1.8545135665084616,1.854505325135697,547.5783578663361,547.5783844523701,82.7306902763679,82.73069353165045,98.85223100691603,98.85257129029769,0.14041982804762498,712.0,1000180400.0
1131,71.0,1.8935971209745746,1.893595649338056,547.1701320404381,547.1701305196088,82.17233938806747,82.17231701840976,99.14477695546782,99.14507087230017,0.12100253149919227,714.0,1000180400.0
1132,71.0,2.765565513951857,2.7720562579772032,545.9922394427008,545.9854797411504,85.64680687372172,85.65758159207515,99.27056062840117,99.2711107665881,0.025155988672470774,716.0,11.0
1133,71.0,2.7720562579772032,2.7770753335220197,545.9854797411504,545.9639983149309,85.65758159207515,85.67287243893,99.2711107665881,99.27215377380294,0.06356061749516435,716.0,11.0
1134,71.0,2.7770753335220197,2.7751103106104003,545.9639983149309,545.9456062104941,85.67287243893,85.68497940657515,99.27215377380294,99.27303527794564,0.09822632183709619,716.0,11.0
1135,71.0,2.7751103106104003,2.7618199280878195,545.9456062104941,545.9458120635502,85.68497940657515,85.67755777407045,99.27303527794564,99.27367763977045,0.04175426459611575,716.0,11.0
1136,71.0,2.7618199280878195,2.7577296813088212,545.9458120635502,545.9574522644436,85.67755777407045,85.67958365988576,99.27367763977045,99.27422321262047,0.03837425077971823,716.0,11.0
1137,71.0,2.7577296813088212,2.757539954973954,545.9574522644436,545.9596667892254,85.67958365988576,85.68947506493289,99.27422321262047,99.27468297349613,0.024386766269698393,716.0,11.0
1138,71.0,2.757539954973954,2.7594896652424508,545.9596667892254,545.9528752464837,85.68947506493289,85.69457263802269,99.27468297349613,99.27509000122863,0.0365256610149805,716.0,11.0
1139,71.0,2.7594896652424508,2.7542545735282573,545.9528752464837,545.9497640091629,85.69457263802269,85.69175950784785,99.27509000122863,99.2754210660999,0.02173812411704093,716.0,11.0
1140,71.0,2.7542545735282573,2.749087670980333,545.9497640091629,545.9487853760243,85.69175950784785,85.68983820088168,99.2754210660999,99.27570886286891,0.041578063334378884,716.0,11.0
1141,71.0,2.749087670980333,2.7466208898104667,545.9487853760243,545.9461754162273,85.68983820088168,85.69062288309689,99.27570886286891,99.27591848594301,0.019721084090842403,716.0,11.0
1142,71.0,2.7466208898104667,2.7494019774985117,545.9461754162273,545.9455489914994,85.69062288309689,85.69034829355182,99.27591848594301,99.27609320723325,0.02121822027292952,716.0,11.0
1143,71.0,2.7494019774985117,2.75060936262016,545.9455489914994,545.9457732530992,85.69034829355182,85.6886936223095,99.27609320723325,99.27623135612629,0.018178403674566038,716.0,11.0
1144,71.0,2.75060936262016,2.7514929593775457,545.9457732530992,545.9461517862424,85.6886936223095,85.68764131105547,99.27623135612629,99.27633796767569,0.011807177195744532,716.0,11.0
1145,71.0,2.7514929593775457,2.7520434075444506,545.9461517862424,545.9467562205548,85.68764131105547,85.68700711578771,99.27633796767569,99.27642301911018,0.012826646646235701,716.0,11.0
1146,71.0,2.7520434075444506,2.752391878942155,545.9467562205548,545.9463851495042,85.68700711578771,85.68663588653598,99.27642301911018,99.27648246591858,0.02388138231390446,716.0,11.0
1147,71.0,2.752391878942155,2.7523417287381506,545.9463851495042,545.946456450578,85.68663588653598,85.68665137235942,99.27648246591858,99.2764966843365,0.011392731529374592,716.0,11.0
1148,71.0,2.2700478976229044,2.2696719628678927,544.6009486282868,544.6007816408834,87.15453652947295,87.15471277586163,99.3409614351196,99.3409954102626,0.0021151387671579113,717.0,11.0
1149,71.0,2.2696719628678927,2.268734778627309,544.6007816408834,544.6000438531994,87.15471277586163,87.1551917714037,99.3409954102626,99.34109455292132,0.00937461061487279,717.0,11.0
1150,71.0,2.268734778627309,2.269030283864593,544.6000438531994,544.5996158311933,87.1551917714037,87.15602033092345,99.34109455292132,99.34117627777893,0.022369273478730148,717.0,11.0
1151,71.0,2.269030283864593,2.269246525794998,544.5996158311933,544.5996906403315,87.15602033092345,87.15579215032027,99.34117627777893,99.34121268184757,0.023989356145455012,717.0,11.0
1152,71.0,2.448490169314584,2.4446926059406184,537.6343475373208,537.6225827638725,96.04299481564686,96.05437509152749,99.71771180057415,99.71834747781357,0.033732194024064154,719.0,11.0
1153,71.0,2.4446926059406184,2.442165464031984,537.6225827638725,537.5945767761211,96.05437509152749,96.0671506697573,99.71834747781357,99.71952700524622,0.14071593716321357,719.0,11.0
1154,71.0,2.442165464031984,2.4468654771360243,537.5945767761211,537.6102218120736,96.0671506697573,96.05496898971667,99.71952700524622,99.72034901984581,0.041491716281559565,719.0,11.0
1155,71.0,2.4468654771360243,2.450528366605491,537.6102218120736,537.6219811835936,96.05496898971667,96.04259974133916,99.72034901984581,99.72106967718463,0.06451730323782537,719.0,11.0
1156,71.0,2.450528366605491,2.4574935046462576,537.6219811835936,537.6314387182441,96.04259974133916,96.03669690911929,99.72106967718463,99.72163826107693,0.052123892480042976,719.0,11.0
1157,71.0,2.4574935046462576,2.4586453003917175,537.6314387182441,537.630138598642,96.03669690911929,96.02693197403457,99.72163826107693,99.7220899454266,0.038272792902798,719.0,11.0
1158,71.0,2.4586453003917175,2.4603542711204325,537.630138598642,537.6371777112353,96.02693197403457,96.02424070550323,99.7220899454266,99.72245993781317,0.023727626898928194,719.0,11.0
1159,71.0,2.4603542711204325,2.4633248679576245,537.6371777112353,537.6314444699033,96.02424070550323,96.02410229102652,99.72245993781317,99.72278135876854,0.020885189203152278,719.0,11.0
1160,71.0,2.4633248679576245,2.4586533039470817,537.6314444699033,537.6328565746502,96.02410229102652,96.02177778491198,99.72278135876854,99.72306150927368,0.025468439580237156,719.0,11.0
1161,71.0,2.4586533039470817,2.4548009056208357,537.6328565746502,537.6345479297433,96.02177778491198,96.02161222317184,99.72306150927368,99.72329338869272,0.010889492635590978,719.0,11.0
1162,71.0,2.4548009056208357,2.451502391521123,537.6345479297433,537.636107840681,96.02161222317184,96.02083057496631,99.72329338869272,99.72350534958389,0.01710582110169457,719.0,11.0
1163,71.0,2.451502391521123,2.4491909689398565,537.636107840681,537.6355858531273,96.02083057496631,96.02270225120364,99.72350534958389,99.72368688831423,0.016818363069673933,719.0,11.0
1164,71.0,2.4491909689398565,2.4514538717999756,537.6355858531273,537.6360239124599,96.02270225120364,96.0232411267518,99.72368688831423,99.72383931417068,0.014720544642376262,719.0,11.0
1165,71.0,2.4514538717999756,2.4529297234690057,537.6360239124599,537.6352295287984,96.0232411267518,96.02397933024554,99.72383931417068,99.72396644975755,0.018352026696442314,719.0,11.0
1166,71.0,2.4529297234690057,2.4541039270928247,537.6352295287984,537.6353907236331,96.02397933024554,96.02419947064732,99.72396644975755,99.72406121359859,0.01277878841155093,719.0,11.0
1167,71.0,2.4541039270928247,2.4533563443956306,537.6353907236331,537.6353903542793,96.02419947064732,96.02393638711838,99.72406121359859,99.72413146150633,0.015217988252715874,719.0,11.0
1168,71.0,2.4533563443956306,2.4532264144365215,537.6353903542793,537.6357136318106,96.02393638711838,96.02400645368967,99.72413146150633,99.72417049907152,0.016919961571920616,719.0,11.0
1169,71.0,2.4532264144365215,2.4531871634110045,537.6357136318106,537.6357486335079,96.02400645368967,96.0240067681694,99.72417049907152,99.72418028937732,0.00840623090498404,719.0,11.0
1170,71.0,15.787198205550766,15.787404367124898,540.0576452920046,540.05749294569,96.91598696636825,96.91598950856107,100.17086279113589,100.17088506739492,0.0017524301175333992,720.0,11.0
1171,71.0,15.787404367124898,15.78794346577611,540.05749294569,540.0569359031053,96.91598950856107,96.91581014783932,100.17088506739492,100.17095551714573,0.0406440682379803,720.0,11.0
1172,71.0,26.877042198464427,26.878179859018143,545.2128787715384,545.2127018607017,88.19642351630122,88.19570286377224,100.6718665778598,100.6719461857276,0.005351941845997194,721.0,11.0
1173,71.0,26.878179859018143,26.880999776399374,545.2127018607017,545.211955271844,88.19570286377224,88.19466474801985,100.6719461857276,100.67213105571938,0.016103071093930794,721.0,11.0
1174,71.0,26.880999776399374,26.880332609039236,545.211955271844,545.2099369890152,88.19466474801985,88.19591428724569,100.67213105571938,100.67228798540492,0.011766483714047789,721.0,11.0
1175,71.0,26.880332609039236,26.879223616551876,545.2099369890152,545.2086038879561,88.19591428724569,88.19697001125299,100.67228798540492,100.67242469093591,0.017880665682618133,721.0,11.0
1176,71.0,26.879223616551876,26.879033537250688,545.2086038879561,545.2072118509318,88.19697001125299,88.19704458567945,100.67242469093591,100.67253033746816,0.03216947146381133,721.0,11.0
1177,71.0,26.879033537250688,26.87940838424327,545.2072118509318,545.2073476992756,88.19704458567945,88.19698879110356,100.67253033746816,100.67257312409726,0.024317503651910224,721.0,11.0
1178,71.0,26.87940838424327,26.879405546820777,545.2073476992756,545.2073515440047,88.19698879110356,88.19699637659686,100.67257312409726,100.67257595385728,0.002877489894739002,721.0,11.0
1179,71.0,27.787359245801706,27.787578930548527,547.0757426360938,547.0759138858053,92.65798854114152,92.65842920342712,100.83597367646345,100.83601199537095,0.0024746956554486535,723.0,11.0
1180,71.0,27.787578930548527,27.788463607739594,547.0759138858053,547.0762143835638,92.65842920342712,92.65950839930201,100.83601199537095,100.8361187215413,0.009217183731605993,723.0,11.0
1181,71.0,27.788463607739594,27.789517529569803,547.0762143835638,547.0759817874352,92.65950839930201,92.65920485767474,100.8361187215413,100.83620875430978,0.048736644042536074,723.0,11.0
1182,71.0,27.789517529569803,27.78951455415742,547.0759817874352,547.0759856169904,92.65920485767474,92.65920656925479,100.83620875430978,100.83621068990904,0.0020187356269410345,723.0,11.0
1183,71.0,27.97030771271053,27.970309006107563,545.183925203137,545.1839161703849,84.80421232901098,84.80421176152885,101.10551054373008,101.10551341192262,0.0029131613531978785,724.0,11.0
1184,71.0,27.91747604707105,27.917452218285643,546.0383271622588,546.0383296509349,81.95049590579966,81.9504906819812,101.2048916699068,101.20489737139816,0.005341034596392652,725.0,11.0
1185,71.0,29.627848278196133,29.628251649006224,546.7517031341579,546.752120802291,80.3867639544166,80.38602378213412,101.2857714048662,101.28583144497708,0.00497035715991391,727.0,11.0
1186,71.0,29.628251649006224,29.629149673166705,546.752120802291,546.7529555033067,80.38602378213412,80.38413036422244,101.28583144497708,101.28597873602176,0.021906816252226072,727.0,11.0
1187,71.0,29.629149673166705,29.628171938924016,546.7529555033067,546.7519187211094,80.38413036422244,80.38373355965808,101.28597873602176,101.28608816933512,0.01279608560453055,727.0,11.0
1188,71.0,29.628171938924016,29.627313746424882,546.7519187211094,546.7513063147372,80.38373355965808,80.38374576463428,101.28608816933512,101.28617436763048,0.01589860631068716,727.0,11.0
1189,71.0,29.627313746424882,29.627422963504223,546.7513063147372,546.7510147807446,80.38374576463428,80.38420788469996,101.28617436763048,101.28622869990305,0.012416852504589215,727.0,11.0
1190,71.0,29.627422963504223,29.627378486418536,546.7510147807446,546.7512476713794,80.38420788469996,80.38426206986523,101.28622869990305,101.28625826891167,0.020391745728168084,727.0,11.0
1191,71.0,29.62785046867982,29.627855098399387,546.7517042375522,546.7516985997585,80.38676495501919,80.38677024891828,101.28577223581213,101.28577507609694,0.0028872665912260454,728.0,11.0
1192,71.0,3.002154515001256,3.0021506213038474,543.0970354220092,543.0970205139186,85.81715643972343,85.81716429091743,102.59771156224855,102.59795789761029,0.10203513628315837,730.0,1000180400.0
1193,71.0,7.0730332185736575,7.073032755895885,548.315329732816,548.3153310085588,84.94455457355107,84.9445551467538,106.89375809282497,106.89380229411209,0.02299712722048627,731.0,1000180400.0
1194,71.0,28.955127472011366,28.955127858004328,549.4710839771005,549.4710848719685,73.4252766779284,73.4252766891551,122.97160277655095,122.97163588171433,0.01794494132612352,732.0,1000180400.0
1195,71.0,78.0355201034413,78.03552531571798,495.19541279206913,495.1954020248422,33.6687682897588,33.6687559198772,177.4510746789081,177.4513201887703,0.1017131635275752,733.0,1000180400.0
1196,71.0,80.47778405671768,80.47778388820328,525.490691364185,525.4906908588096,85.5151002132155,85.51510092471429,218.50418622887275,218.50421731084796,0.016930921384159824,734.0,1000180400.0
1197,71.0,87.35662649838855,87.356626758473,560.1620850376528,560.1620850867245,94.44230075745698,94.44230137781133,243.5974328282349,243.59745852122157,0.014266970752355806,735.0,1000180400.0
1198,71.0,86.42064224550948,86.42064216155113,569.7713224986375,569.7713385802788,90.0131918038833,90.01318852883631,250.95613275439297,250.95637047279035,0.09868462862416733,736.0,1000180400.0
1199,71.0,85.87932119485768,85.87932094372471,563.222880104769,563.2228800456178,89.74570237939665,89.74570225512694,255.7324302182663,255.7324444278255,0.008409235952792016,737.0,1000180400.0
1200,71.0,87.06008556235523,87.0600890604255,560.7939351283227,560.7939224692298,90.33364765266978,90.33364717704285,257.7484490161614,257.7486532194072,0.08575511886094905,738.0,1000180400.0
1201,71.0,85.95893442386382,85.95893356850533,575.7231288137752,575.7231291004293,94.92884699126363,94.92884740367876,269.7012756607868,269.7013091655007,0.018146384299887075,739.0,1000180400.0
1202,71.0,105.18398751488579,105.18403498426592,468.86691203071814,468.8669114025689,157.93894862620908,157.93902298316831,20.953955335062833,20.953969516913396,0.011368971323091977,895.0,11.0
1203,71.0,103.38551497324879,103.3702786919257,469.47161843528113,469.4737609689117,158.68369554895887,158.6993405922729,21.021942320651846,21.022744592519675,0.03759582053780062,896.0,11.0
1204,71.0,103.3702786919257,103.3648832843312,469.4737609689117,469.4880591841211,158.6993405922729,158.7405156789412,21.022744592519675,21.024360654253883,0.1750174417902122,896.0,11.0
1205,71.0,103.3648832843312,103.36703920022123,469.4880591841211,469.5108202381927,158.7405156789412,158.75963453618195,21.024360654253883,21.02550367497742,0.05727179361477119,896.0,11.0
1206,71.0,103.36703920022123,103.35528772967652,469.5108202381927,469.53268482789616,158.75963453618195,158.7538725615433,21.02550367497742,21.02650051163884,0.08739003203579415,896.0,11.0
1207,71.0,103.35528772967652,103.34252585744166,469.53268482789616,469.5188853920783,158.7538725615433,158.75045584886433,21.02650051163884,21.027278486913996,0.04185493585085089,896.0,11.0
1208,71.0,103.34252585744166,103.33835053371016,469.5188853920783,469.50350825537515,158.75045584886433,158.74751031661924,21.027278486913996,21.027955343452728,0.0664685687128987,896.0,11.0
1209,71.0,103.33835053371016,103.33479455788797,469.50350825537515,469.4959216351814,158.74751031661924,158.7391116019458,21.027955343452728,21.028477881240242,0.10021823474938887,896.0,11.0
1210,71.0,103.33479455788797,103.32914703251109,469.4959216351814,469.493549103642,158.7391116019458,158.7394265356753,21.028477881240242,21.028786673679836,0.0462083489468325,896.0,11.0
1211,71.0,103.32914703251109,103.32590827160072,469.493549103642,469.49564242586814,158.7394265356753,158.7402183794884,21.028786673679836,21.029007217275417,0.019428098554370204,896.0,11.0
1212,71.0,103.32590827160072,103.32531022123278,469.49564242586814,469.49689054131034,158.7402183794884,158.73742607190437,21.029007217275417,21.029192962304013,0.01993001761088912,896.0,11.0
1213,71.0,103.32531022123278,103.32624516670992,469.49689054131034,469.4949455259325,158.73742607190437,158.7383316552837,21.029192962304013,21.029344161891327,0.01839622097183243,896.0,11.0
1214,71.0,103.32624516670992,103.32556069902778,469.4949455259325,469.49341547878885,158.7383316552837,158.73825604108202,21.029344161891327,21.029463710799412,0.02016464856396139,896.0,11.0
1215,71.0,103.32556069902778,103.32625290839636,469.49341547878885,469.49376396770896,158.73825604108202,158.73761939533713,21.029463710799412,21.02954689932318,0.02785500615678554,896.0,11.0
1216,71.0,103.32625290839636,103.32620786859536,469.49376396770896,469.49374951999897,158.73761939533713,158.73740421380634,21.02954689932318,21.029574412270247,0.019266997304972295,896.0,11.0
1217,71.0,103.38551360365886,103.38550703416934,469.4716158872185,469.4716100419989,158.68369545296704,158.68369495018447,21.021943228266238,21.02194602377583,0.0028456323175121666,897.0,11.0
1218,71.0,117.49594442165339,117.49603482684775,463.0554252927348,463.0553243856214,150.71431222461678,150.71452120304286,20.448970852635,20.448992821785176,0.002353477656020975,899.0,11.0
1219,71.0,117.49603482684775,117.49624307412856,463.0553243856214,463.0552826912938,150.71452120304286,150.7152224833227,20.448992821785176,20.449059186131198,0.012891747800644369,899.0,11.0
1220,71.0,117.49624307412856,117.49622974656629,463.0552826912938,463.0556128820751,150.7152224833227,150.71537904014536,20.449059186131198,20.449099050732226,0.017749979380833118,899.0,11.0
1221,71.0,117.49622974656629,117.49623241977051,463.0556128820751,463.0556505712151,150.71537904014536,150.71534901099884,20.449099050732226,20.449108259998777,0.007991576384341677,899.0,11.0
1222,71.0,117.49594510381624,117.4959472490498,463.05542553157477,463.0554262826673,150.71431456475452,150.7143219239096,20.448971663312268,20.448974212691972,0.00261474,900.0,11.0
1223,71.0,119.24685771503077,119.24697642316956,462.76149383835553,462.7613078326707,149.5557942017495,149.55573121636633,20.37216492728575,20.372193268472966,0.019722398202790828,904.0,11.0
1224,71.0,119.23571273050852,119.23571255885227,462.76747673290856,462.76743117341755,149.56605560286567,149.56604547453222,20.372092314166576,20.372101306228345,0.00783508632952369,905.0,11.0
1225,71.0,119.23571459627001,119.23570860791673,462.767491822236,462.76749445034,149.56605775256253,149.566060211447,20.37209025248893,20.372092637111873,0.0024579502384668465,906.0,11.0
1226,71.0,119.05344260294657,119.05356034417696,462.57206712419037,462.57215324653134,149.4010124442397,149.40100166943938,20.382307465414552,20.38232789254898,0.015232005251802324,910.0,11.0
1227,71.0,119.05341339214185,119.05341976569586,462.57203212346803,462.5720305820931,149.40102317719067,149.40102367379473,20.3823017290174,20.382304016910208,0.002364919295185743,911.0,11.0
1228,71.0,112.43812592885627,112.42378030664274,461.2336983068286,461.22980311773364,150.99479311915985,150.976293792955,28.050613654066318,28.05353058461399,0.3231414275489405,921.0,-13.0
1229,71.0,112.42378030664274,112.41267593920134,461.22980311773364,461.22462345891654,150.976293792955,150.95840339168436,28.05353058461399,28.056300855282306,0.34735831403455353,921.0,-13.0
1230,71.0,112.41267593920134,112.40375867044395,461.22462345891654,461.21871619319427,150.95840339168436,150.94195073880294,28.056300855282306,28.05892491741253,0.36723140029131307,921.0,-13.0
1231,71.0,112.40375867044395,112.39531617895022,461.21871619319427,461.21365450455795,150.94195073880294,150.92735250310994,28.05892491741253,28.061409316788758,0.33829966885799506,921.0,-13.0
1232,71.0,112.39531617895022,112.38726418799777,461.21365450455795,461.20848771891195,150.92735250310994,150.91466300602673,28.061409316788758,28.063780422292645,0.3582747883335598,921.0,-13.0
1233,71.0,112.38726418799777,112.37995001953149,461.20848771891195,461.2045460099231,150.91466300602673,150.90312798697843,28.063780422292645,28.06604954419747,0.31432262352453305,921.0,-13.0
1234,71.0,112.37995001953149,112.374345830075,461.2045460099231,461.2015186190333,150.90312798697843,150.89196558964497,28.06604954419747,28.06824632615184,0.33871174641435575,921.0,-13.0
1235,71.0,112.374345830075,112.36966636269374,461.2015186190333,461.19860100370926,150.89196558964497,150.88184185840072,28.06824632615184,28.070384769250698,0.37439613030822466,921.0,-13.0
1236,71.0,112.36966636269374,112.36384519859143,461.19860100370926,461.19639330882035,150.88184185840072,150.87405617510782,28.070384769250698,28.072478650379356,0.3813346410000797,921.0,-13.0
1237,71.0,112.36384519859143,112.35983759104701,461.19639330882035,461.1930610629103,150.87405617510782,150.86771123101747,28.072478650379356,28.074506919752434,0.48831766801801446,921.0,-13.0
1238,71.0,112.35983759104701,112.35806343795016,461.1930610629103,461.1913111198957,150.86771123101747,150.86509762369406,28.074506919752434,28.07576402739506,0.4884242516067351,921.0,-13.0
1239,71.0,112.35806343795016,112.03268375567856,461.1913111198957,460.58690944147855,150.86509762369406,152.32667419201465,5296.362259471973,5296.416124124817,3.018514211622098,924.0,-11.0
1240,71.0,112.03268375567856,111.8477451373146,460.58690944147855,460.2176039829409,152.32667419201465,153.00241733543265,5296.416124124817,5296.442543142658,1.7114732591026658,924.0,-11.0
1241,71.0,111.8477451373146,111.83663961282419,460.2176039829409,460.2001159276616,153.00241733543265,153.04700527440903,5296.442543142658,5296.444183266214,0.06713997518624637,924.0,-11.0
1242,71.0,111.83663961282419,111.76133602086807,460.2001159276616,460.08766839749694,153.04700527440903,153.32001640388629,5296.444183266214,5296.454348288143,0.6718427036951717,924.0,-11.0
1243,71.0,111.76133602086807,111.55356206350902,460.08766839749694,459.785050130522,153.32001640388629,154.01404674153315,5296.454348288143,5296.48053970289,1.606034717150503,924.0,-11.0
1244,71.0,111.55356206350902,111.51821842610221,459.785050130522,459.7482874384664,154.01404674153315,154.14453462432357,5296.48053970289,5296.485213373569,0.25717629952340676,924.0,-11.0
1245,71.0,111.51821842610221,110.84401619299642,459.7482874384664,458.94241828626775,154.14453462432357,156.67131975767467,5296.485213373569,5296.576503590536,5.1867587249289215,924.0,-11.0
1246,71.0,110.84401619299642,110.57949320223474,458.94241828626775,458.79227250758834,156.67131975767467,157.40370551563615,5296.576503590536,5296.602962144639,1.4648558446864026,924.0,-11.0
1247,71.0,110.57949320223474,110.4990432429735,458.79227250758834,458.6784742480789,157.40370551563615,157.85607863308445,5296.602962144639,5296.61875540796,0.8602417687983995,924.0,-11.0
1248,71.0,110.4990432429735,110.4595807107532,458.6784742480789,458.61289518812407,157.85607863308445,158.02382511801602,5296.61875540796,5296.624907444831,0.33734363491362845,924.0,-11.0
1249,71.0,110.4595807107532,110.3515808537225,458.61289518812407,458.49561264821267,158.02382511801602,158.3819555359865,5296.624907444831,5296.637987468503,1.1491756418073356,924.0,-11.0
1250,71.0,110.3515808537225,110.07423016048547,458.49561264821267,458.08424332536407,158.3819555359865,159.34236811275457,5296.637987468503,5296.674060817505,1.9264935268678576,924.0,-11.0
1251,71.0,110.07423016048547,110.19391957257635,458.08424332536407,457.99130596606403,159.34236811275457,159.68903361146553,5296.674060817505,5296.686687773202,0.891251674485997,924.0,-11.0
1252,71.0,110.19391957257635,110.41704138339063,457.99130596606403,457.56762153933687,159.68903361146553,160.91431009551022,5296.686687773202,5296.730600922564,2.711724743538602,924.0,-11.0
1253,71.0,110.41704138339063,110.47206418906437,457.56762153933687,457.22780556088685,160.91431009551022,161.61917769428823,5296.730600922564,5296.756797061475,1.6493470774968098,924.0,-11.0
1254,71.0,110.47206418906437,110.49974770574855,457.22780556088685,456.4508944491496,161.61917769428823,161.96406958631604,5296.756797061475,5296.785211862385,1.840607604257008,924.0,-11.0
1255,71.0,110.49974770574855,110.66227955606186,456.4508944491496,455.8855273046873,161.96406958631604,162.25147223448357,5296.785211862385,5296.807107041498,1.0996530161539637,924.0,-11.0
1256,71.0,110.66227955606186,110.621623721594,455.8855273046873,455.8272554533437,162.25147223448357,162.27680931040493,5296.807107041498,5296.8096323347445,0.15271653657519663,924.0,-11.0
1257,71.0,110.621623721594,110.34404514436423,455.8272554533437,455.4678533898912,162.27680931040493,162.52492849860172,5296.8096323347445,5296.826959728488,1.0948508765799265,924.0,-11.0
1258,71.0,110.34404514436423,110.47453423877319,455.4678533898912,455.251780863968,162.52492849860172,162.59916857643526,5296.826959728488,5296.835787193708,0.4348936443305078,924.0,-11.0
1259,71.0,110.47453423877319,110.67284262071787,455.251780863968,454.96679053703855,162.59916857643526,162.66043148172258,5296.835787193708,5296.847631586568,0.6139519134010182,924.0,-11.0
1260,71.0,110.67284262071787,110.77173774655414,454.96679053703855,454.6992036422945,162.66043148172258,162.61954139885833,5296.847631586568,5296.857338795508,0.5081200762544679,924.0,-11.0
1261,71.0,110.77173774655414,110.60736489172639,454.6992036422945,454.5400091091914,162.61954139885833,162.67479756816306,5296.857338795508,5296.865295046434,0.6721680543532411,924.0,-11.0
1262,71.0,110.60736489172639,110.60014689694387,454.5400091091914,454.524498472847,162.67479756816306,162.6815381127986,5296.865295046434,5296.865921652586,0.027135515396560474,924.0,-11.0
1263,71.0,110.60014689694387,110.55601613579984,454.524498472847,454.41513085500026,162.6815381127986,162.7327355838451,5296.865921652586,5296.870341090532,0.28239845263875224,924.0,-11.0
1264,71.0,110.55601613579984,110.50280117318064,454.41513085500026,454.32919671035063,162.7327355838451,162.7317393039611,5296.870341090532,5296.873851946651,0.15875027446123482,924.0,-11.0
1265,71.0,110.50280117318064,110.57881314931058,454.32919671035063,454.3062203718321,162.7317393039611,162.6987588413263,5296.873851946651,5296.876863753695,0.22867752515634213,924.0,-11.0
1266,71.0,110.57881314931058,110.61294457007523,454.3062203718321,454.2691053126715,162.6987588413263,162.73952161168688,5296.876863753695,5296.879175746009,0.10351692200440823,924.0,-11.0
1267,71.0,110.61294457007523,110.56299478809674,454.2691053126715,454.2472283668717,162.73952161168688,162.72883676426014,5296.879175746009,5296.881180187846,0.11905230555482942,924.0,-11.0
1268,71.0,110.56299478809674,110.59415210177183,454.2472283668717,454.24898721263315,162.72883676426014,162.69613118007007,5296.881180187846,5296.882839799892,0.15343719767209116,924.0,-11.0
1269,71.0,110.59415210177183,110.59347392868908,454.24898721263315,454.2417322998578,162.69613118007007,162.66449353845866,5296.882839799892,5296.884072426046,0.08652686833807878,924.0,-11.0
1270,71.0,110.59347392868908,110.57751322528335,454.2417322998578,454.22898430442956,162.66449353845866,162.64887782611495,5296.884072426046,5296.885076260727,0.04953905709084383,924.0,-11.0
1271,71.0,110.57751322528335,110.55838059579555,454.22898430442956,454.2211150053951,162.64887782611495,162.65633411555217,5296.885076260727,5296.885952636711,0.05148456778067883,924.0,-11.0
1272,71.0,110.55838059579555,110.54627237899672,454.2211150053951,454.20908212962195,162.65633411555217,162.66287665431912,5296.885952636711,5296.88670064431,0.038349678112871974,924.0,-11.0
1273,71.0,110.54627237899672,110.5396403316553,454.20908212962195,454.20564210315285,162.66287665431912,162.64913385001105,5296.88670064431,5296.887356236377,0.03429437820876604,924.0,-11.0
1274,71.0,110.5396403316553,110.53717978103376,454.20564210315285,454.1937811928178,162.64913385001105,162.64346153359904,5296.887356236377,5296.8879314147935,0.029360101567066296,924.0,-11.0
1275,71.0,110.53717978103376,110.54552584910905,454.1937811928178,454.1859168397282,162.64346153359904,162.64238589006,5296.8879314147935,5296.888439769058,0.04613067253206944,924.0,-11.0
1276,71.0,110.54552584910905,110.54388898960572,454.1859168397282,454.17731969357936,162.64238589006,162.64173274053607,5296.888439769058,5296.888847445806,0.027015907626140583,924.0,-11.0
1277,71.0,110.54388898960572,110.54451041530373,454.17731969357936,454.17081178004,162.64173274053607,162.63852018294534,5296.888847445806,5296.889198926002,0.0228069190174939,924.0,-11.0
1278,71.0,110.54451041530373,110.53928760781373,454.17081178004,454.16812033857167,162.63852018294534,162.6401588167435,5296.889198926002,5296.889504792123,0.02110409653143023,924.0,-11.0
1279,71.0,110.53928760781373,110.5359171329015,454.16812033857167,454.16511036717003,162.6401588167435,162.6424600477901,5296.889504792123,5296.889770110954,0.03390103164207788,924.0,-11.0
1280,71.0,110.5359171329015,110.53614100903516,454.16511036717003,454.1670093782679,162.6424600477901,162.64547178966694,5296.889770110954,5296.889973952166,0.011627154563105696,924.0,-11.0
1281,71.0,110.53614100903516,110.53379204096143,454.1670093782679,454.16860977443537,162.64547178966694,162.64670125715162,5296.889973952166,5296.890157786862,0.021980885423251884,924.0,-11.0
1282,71.0,110.53379204096143,110.53601842042247,454.16860977443537,454.16862784621287,162.64670125715162,162.6471470146788,5296.890157786862,5296.890305104345,0.01189866776741263,924.0,-11.0
1283,71.0,110.53601842042247,110.53704228031238,454.16862784621287,454.17009103460776,162.6471470146788,162.6476503157173,5296.890305104345,5296.890433034546,0.012644683411367477,924.0,-11.0
1284,71.0,110.53704228031238,110.53701187411393,454.17009103460776,454.17119555199696,162.6476503157173,162.64673476741012,5296.890433034546,5296.890540130265,0.01198371093160144,924.0,-11.0
1285,71.0,110.53701187411393,110.53700379079291,454.17119555199696,454.1702730822316,162.64673476741012,162.64623349243234,5296.890540130265,5296.890626322368,0.01329326564754738,924.0,-11.0
1286,71.0,110.53700379079291,110.53705992425114,454.1702730822316,454.1705388917918,162.64623349243234,162.64681044099098,5296.890626322368,5296.890686745528,0.018674177048708177,924.0,-11.0
1287,71.0,110.53705992425114,110.537013381945,454.1705388917918,454.1703691578476,162.64681044099098,162.6468235379061,5296.890686745528,5296.890710623424,0.016276074813764273,924.0,-11.0
1288,71.0,111.83663961282419,111.84617573020778,460.2001159276616,460.20326920663683,153.04700527440903,153.05828273403546,5296.444183266214,5296.444761280388,0.017580615523564703,927.0,11.0
1289,71.0,111.84617573020778,111.86755797781771,460.20326920663683,460.2089429086408,153.05828273403546,153.07696314300543,5296.444761280388,5296.445875621027,0.07144799789221809,927.0,11.0
1290,71.0,111.86755797781771,111.88893539506759,460.2089429086408,460.20930942286043,153.07696314300543,153.0669628630286,5296.445875621027,5296.446808387847,0.12543111174572608,927.0,11.0
1291,71.0,111.88893539506759,111.89047486273799,460.20930942286043,460.22358757876344,153.0669628630286,153.0635145571864,5296.446808387847,5296.447434696137,0.0542761910918818,927.0,11.0
1292,71.0,111.89047486273799,111.88150787792536,460.22358757876344,460.2296818591093,153.0635145571864,153.06667400585792,5296.447434696137,5296.447936587384,0.029514087698851013,927.0,11.0
1293,71.0,111.88150787792536,111.87369876853995,460.2296818591093,460.2348893149512,153.06667400585792,153.06824628627044,5296.447936587384,5296.4483734779,0.03131820767391688,927.0,11.0
1294,71.0,111.87369876853995,111.86658774978487,460.2348893149512,460.23643715806674,153.06824628627044,153.07086947530115,5296.4483734779,5296.44874379083,0.027334861882071206,927.0,11.0
1295,71.0,111.86658774978487,111.86110996038039,460.23643715806674,460.23618375214545,153.07086947530115,153.07393064851914,5296.44874379083,5296.449058288316,0.029186270693044847,927.0,11.0
1296,71.0,111.86110996038039,111.86205703838436,460.23618375214545,460.24089742737823,153.07393064851914,153.07336191636642,5296.449058288316,5296.449315868665,0.01602376980982921,927.0,11.0
1297,71.0,111.86205703838436,111.86346464963769,460.24089742737823,460.241000599367,153.07336191636642,153.07721915032715,5296.449315868665,5296.449543487097,0.020331751279542933,927.0,11.0
1298,71.0,111.86346464963769,111.8663483038412,460.241000599367,460.2411416785807,153.07721915032715,153.07868317168993,5296.449543487097,5296.449734438676,0.017851470399403276,927.0,11.0
1299,71.0,111.8663483038412,111.86717853427214,460.2411416785807,460.23877999413827,153.07868317168993,153.0783130000598,5296.449734438676,5296.449894304971,0.020506190461225815,927.0,11.0
1300,71.0,111.86717853427214,111.8677239940098,460.23877999413827,460.24016340105425,153.0783130000598,153.07929109127787,5296.449894304971,5296.450018914735,0.014154509902809231,927.0,11.0
1301,71.0,111.8677239940098,111.86776540875837,460.24016340105425,460.23887264212436,153.07929109127787,153.07918151652868,5296.450018914735,5296.450118639,0.012508312839475448,927.0,11.0
1302,71.0,111.86776540875837,111.86701691858988,460.23887264212436,460.23926985114275,153.07918151652868,153.07944684658548,5296.450118639,5296.450194886831,0.01563460734772811,927.0,11.0
1303,71.0,111.86701691858988,111.86742356594621,460.23926985114275,460.23935118348226,153.07944684658548,153.07952129747616,5296.450194886831,5296.45023912975,0.015147893893655673,927.0,11.0
1304,71.0,111.86742356594621,111.867484679755,460.23935118348226,460.23926484445894,153.07952129747616,153.07950100270463,5296.45023912975,5296.45025550318,0.01276474814125515,927.0,11.0
1305,71.0,111.55356206350902,111.54808849254546,459.785050130522,459.786358796099,154.01404674153315,154.01762609567723,5296.48053970289,5296.4808230765375,0.009147658111964687,929.0,11.0
1306,71.0,111.54808849254546,111.53458556099875,459.786358796099,459.78653730056766,154.01762609567723,154.02132191114094,5296.4808230765375,5296.481422143281,0.027958463955173245,929.0,11.0
1307,71.0,111.53458556099875,111.53072555838848,459.78653730056766,459.78934163372435,154.02132191114094,154.03255641913574,5296.481422143281,5296.481957019425,0.03231963627251801,929.0,11.0
1308,71.0,111.53072555838848,111.53602833522987,459.78934163372435,459.7980005809539,154.03255641913574,154.03370742003216,5296.481957019425,5296.48241973819,0.0337933022078941,929.0,11.0
1309,71.0,111.53602833522987,111.54293630873356,459.7980005809539,459.79645238524733,154.03370742003216,154.0379561030782,5296.48241973819,5296.482809680297,0.026064709554112355,929.0,11.0
1310,71.0,111.54293630873356,111.54562075084111,459.79645238524733,459.79221971903416,154.0379561030782,154.04260291873874,5296.482809680297,5296.483145620354,0.025922308924684268,929.0,11.0
1311,71.0,111.54562075084111,111.54471336439397,459.79221971903416,459.78683013200487,154.04260291873874,154.04330876179637,5296.483145620354,5296.4834299405065,0.01776061349299985,929.0,11.0
1312,71.0,111.54471336439397,111.54523049989048,459.78683013200487,459.7829975888677,154.04330876179637,154.04591000881763,5296.4834299405065,5296.483680214096,0.017834194257385232,929.0,11.0
1313,71.0,111.54523049989048,111.54533643513496,459.7829975888677,459.78363658057435,154.04591000881763,154.0497127595674,5296.483680214096,5296.483897450562,0.02423022940032868,929.0,11.0
1314,71.0,111.54533643513496,111.54644830754785,459.78363658057435,459.78371675380447,154.0497127595674,154.05233766914944,5296.483897450562,5296.484071637096,0.01583775606938895,929.0,11.0
1315,71.0,111.54644830754785,111.54822285991422,459.78371675380447,459.7834448106817,154.05233766914944,154.05368798624582,5296.484071637096,5296.484218496823,0.015273690407833072,929.0,11.0
1316,71.0,111.54822285991422,111.54975122805459,459.7834448106817,459.78342446977456,154.05368798624582,154.05294691341626,5296.484218496823,5296.4843390848255,0.01873277176229902,929.0,11.0
1317,71.0,111.54975122805459,111.5500016202357,459.78342446977456,459.78415967496284,154.05294691341626,154.05221258846936,5296.4843390848255,5296.48442612217,0.02460742447310732,929.0,11.0
1318,71.0,111.5500016202357,111.5503232682099,459.78415967496284,459.7840789841865,154.05221258846936,154.05215609146234,5296.48442612217,5296.484463615936,0.02454529177690183,929.0,11.0
1319,71.0,110.3515808537225,110.37309719240116,458.49561264821267,458.52441942854347,158.3819555359865,158.4822380580996,5296.637987468503,5296.6415893469,0.16959371620658037,935.0,11.0
1320,71.0,110.37309719240116,110.40155447232853,458.52441942854347,458.6271480639334,158.4822380580996,158.66509673282613,5296.6415893469,5296.648757134033,0.4864694431753035,935.0,11.0
1321,71.0,110.40155447232853,110.41479712859284,458.6271480639334,458.7450591975532,158.66509673282613,158.77629954812625,5296.648757134033,5296.654300962807,0.3057462049683689,935.0,11.0
1322,71.0,110.41479712859284,110.45025053813306,458.7450591975532,458.8338318199436,158.77629954812625,158.86792538110984,5296.654300962807,5296.658845685098,0.3971816736514949,935.0,11.0
1323,71.0,110.45025053813306,110.42252239244684,458.8338318199436,458.9214370218791,158.86792538110984,158.88886271880614,5296.658845685098,5296.662128857954,0.18174929801823356,935.0,11.0
1324,71.0,110.42252239244684,110.39684757853021,458.9214370218791,458.9830108057883,158.88886271880614,158.92801726212275,5296.662128857954,5296.664853680466,0.16279428460256865,935.0,11.0
1325,71.0,110.39684757853021,110.37262767085883,458.9830108057883,459.0358113399752,158.92801726212275,158.90456035400214,5296.664853680466,5296.667091783,0.13599442578181953,935.0,11.0
1326,71.0,110.37262767085883,110.38397032765627,459.0358113399752,459.0650246121853,158.90456035400214,158.92278406448014,5296.667091783,5296.668408530025,0.056935789102840875,935.0,11.0
1327,71.0,110.38397032765627,110.40024904153952,459.0650246121853,459.0565313201163,158.92278406448014,158.92839676378122,5296.668408530025,5296.66918982643,0.036684521750554505,935.0,11.0
1328,71.0,110.40024904153952,110.41195455397292,459.0565313201163,459.0574477217252,158.92839676378122,158.94019983804802,5296.66918982643,5296.669882269876,0.06484552622293388,935.0,11.0
1329,71.0,110.41195455397292,110.41849060123741,459.0574477217252,459.0558911939223,158.94019983804802,158.9505929797997,5296.669882269876,5296.670423266401,0.0341881526477342,935.0,11.0
1330,71.0,110.41849060123741,110.41819565638605,459.0558911939223,459.061222620905,158.9505929797997,158.94182224114041,5296.670423266401,5296.670887801778,0.04155271628666045,935.0,11.0
1331,71.0,110.41819565638605,110.41431755249145,459.061222620905,459.0626038361326,158.94182224114041,158.9351147912383,5296.670887801778,5296.671263188869,0.023838220122628834,935.0,11.0
1332,71.0,110.41431755249145,110.41236878420094,459.0626038361326,459.06564387716736,158.9351147912383,158.9296052032363,5296.671263188869,5296.671589596208,0.024077748247708097,935.0,11.0
1333,71.0,110.41236878420094,110.4102916761259,459.06564387716736,459.0702979235426,158.9296052032363,158.92791142001903,5296.671589596208,5296.671868355805,0.01651691991958895,935.0,11.0
1334,71.0,110.4102916761259,110.41365730511515,459.0702979235426,459.07294372799043,158.92791142001903,158.92955496160596,5296.671868355805,5296.672115584704,0.02714251625013284,935.0,11.0
1335,71.0,110.41365730511515,110.41498798591915,459.07294372799043,459.0735270369579,158.92955496160596,158.93261960575026,5296.672115584704,5296.672313157121,0.019877144262401752,935.0,11.0
1336,71.0,110.41498798591915,110.41450020280347,459.0735270369579,459.07250458622366,158.93261960575026,158.9349553471876,5296.672313157121,5296.6724759676745,0.012375355339675544,935.0,11.0
1337,71.0,110.41450020280347,110.41370051255225,459.07250458622366,459.07160129972397,158.9349553471876,158.93671315505753,5296.6724759676745,5296.672617484176,0.035614164026646744,935.0,11.0
1338,71.0,110.41370051255225,110.41285292051941,459.07160129972397,459.07143614211174,158.93671315505753,158.93640654665796,5296.672617484176,5296.672695475508,0.014584158194305225,935.0,11.0
1339,71.0,110.41285292051941,110.41298840307977,459.07143614211174,459.07115564482365,158.93640654665796,158.9360499318547,5296.672695475508,5296.672743684792,0.013067494758010478,935.0,11.0
1340,71.0,110.41298840307977,110.4129910556203,459.07115564482365,459.0711013433236,158.9360499318547,158.93588549469195,5296.672743684792,5296.672766777034,0.016782782904765085,935.0,11.0
1341,71.0,110.19391957257635,110.22386016721376,457.99130596606403,458.00191543088613,159.68903361146553,159.71511569845765,5296.686687773202,5296.688128709857,0.057918970181007876,937.0,11.0
1342,71.0,110.22386016721376,110.26353700151643,458.00191543088613,458.032347386764,159.71511569845765,159.77560797856103,5296.688128709857,5296.690890895419,0.19482687222790745,937.0,11.0
1343,71.0,110.26353700151643,110.28411916797647,458.032347386764,458.0824650310009,159.77560797856103,159.80341530759364,5296.690890895419,5296.6930710458155,0.12158670333770874,937.0,11.0
1344,71.0,110.28411916797647,110.30703642657616,458.0824650310009,458.09174815910785,159.80341530759364,159.84721897202115,5296.6930710458155,5296.694899492056,0.3139514696953888,937.0,11.0
1345,71.0,110.30703642657616,110.30948445047443,458.09174815910785,458.1144735476805,159.84721897202115,159.85735885605047,5296.694899492056,5296.695880074194,0.06762682423693704,937.0,11.0
1346,71.0,110.30948445047443,110.31708230702074,458.1144735476805,458.1304222632786,159.85735885605047,159.86685228066904,5296.695880074194,5296.6966909592,0.07891470729521595,937.0,11.0
1347,71.0,110.31708230702074,110.31461710198649,458.1304222632786,458.1392013372162,159.86685228066904,159.8782778109718,5296.6966909592,5296.697311927925,0.044905424017921164,937.0,11.0
1348,71.0,110.31461710198649,110.30670001029121,458.1392013372162,458.13972977317906,159.8782778109718,159.88692008214986,5296.697311927925,5296.697829732855,0.03017722439530717,937.0,11.0
1349,71.0,110.30670001029121,110.2972734796261,458.13972977317906,458.14266039433926,159.88692008214986,159.88761631454287,5296.697829732855,5296.698280603751,0.023514225940410423,937.0,11.0
1350,71.0,110.2972734796261,110.29086324328753,458.14266039433926,458.14283433522303,159.88761631454287,159.881989703116,5296.698280603751,5296.698680844806,0.027500845857247352,937.0,11.0
1351,71.0,110.29086324328753,110.28499319074226,458.14283433522303,458.14550273974885,159.881989703116,159.87922197275466,5296.698680844806,5296.699023778882,0.029236327988325973,937.0,11.0
1352,71.0,110.28499319074226,110.28303450210043,458.14550273974885,458.14951303492455,159.87922197275466,159.8824644965323,5296.699023778882,5296.699308327594,0.046434683443087085,937.0,11.0
1353,71.0,110.28303450210043,110.28378898514534,458.14951303492455,458.1500027109698,159.8824644965323,159.88574346699448,5296.699308327594,5296.699506262297,0.018280623055065233,937.0,11.0
1354,71.0,110.28378898514534,110.28464359585264,458.1500027109698,458.15069418029435,159.88574346699448,159.88817155511222,5296.699506262297,5296.6996721802025,0.01915396674727485,937.0,11.0
1355,71.0,110.28464359585264,110.28587149868079,458.15069418029435,458.15175029685435,159.88817155511222,159.8892611579905,5296.6996721802025,5296.699805152491,0.010947717685646795,937.0,11.0
1356,71.0,110.28587149868079,110.28543709994551,458.15175029685435,458.1516824135688,159.8892611579905,159.89076697933888,5296.699805152491,5296.699919186433,0.011717621568287947,937.0,11.0
1357,71.0,110.28543709994551,110.2854447577334,458.1516824135688,458.1525219716069,159.89076697933888,159.8915893476082,5296.699919186433,5296.7000122671325,0.010624671036551203,937.0,11.0
1358,71.0,110.2854447577334,110.28542382003067,458.1525219716069,458.15314930679494,159.8915893476082,159.8921348629945,5296.7000122671325,5296.700085001675,0.04177999342886063,937.0,11.0
1359,71.0,110.60014689694387,110.59331404261236,454.524498472847,454.5203243737039,162.6815381127986,162.67836387944638,5296.865921652586,5296.866277518125,0.026145037523505783,941.0,11.0
1360,71.0,110.59331404261236,110.57837824648513,454.5203243737039,454.5170204504733,162.67836387944638,162.67536215330114,5296.866277518125,5296.866932744838,0.045480335490731626,941.0,11.0
1361,71.0,110.57837824648513,110.57857051682075,454.5170204504733,454.5060715710615,162.67536215330114,162.6691045995832,5296.866932744838,5296.867482238946,0.03663089166970294,941.0,11.0
1362,71.0,110.57857051682075,110.5884316671787,454.5060715710615,454.50305134030214,162.6691045995832,162.66828728591668,5296.867482238946,5296.867949608769,0.03350520959727717,941.0,11.0
1363,71.0,110.5884316671787,110.59074592275324,454.50305134030214,454.5002826962732,162.66828728591668,162.6758635635519,5296.867949608769,5296.86834462893,0.027874392280535114,941.0,11.0
1364,71.0,110.59074592275324,110.58889387704048,454.5002826962732,454.49831239104833,162.6758635635519,162.68217490904334,5296.86834462893,5296.868681777369,0.019293941350821325,941.0,11.0
1365,71.0,110.58889387704048,110.59022355384101,454.49831239104833,454.50138434227455,162.68217490904334,162.68699709011304,5296.868681777369,5296.86898025715,0.03582582010846791,941.0,11.0
1366,71.0,110.59022355384101,110.59301368248775,454.50138434227455,454.50302096254416,162.68699709011304,162.68962271444354,5296.86898025715,5296.869210306763,0.018365821914112533,941.0,11.0
1367,71.0,110.59301368248775,110.59611051830484,454.50302096254416,454.50180423311775,162.68962271444354,162.6901757206445,5296.869210306763,5296.869407081602,0.016530094442639476,941.0,11.0
1368,71.0,110.59611051830484,110.59842673651858,454.50180423311775,454.50269104216807,162.6901757206445,162.69126278803782,5296.869407081602,5296.869574898802,0.015610675584197667,941.0,11.0
1369,71.0,110.59842673651858,110.60013580631907,454.50269104216807,454.50172552481797,162.69126278803782,162.69206274386255,5296.869574898802,5296.8697158375635,0.014128192530032462,941.0,11.0
1370,71.0,110.60013580631907,110.59894709442327,454.50172552481797,454.50250718556754,162.69206274386255,162.69283540928035,5296.8697158375635,5296.869832424124,0.013795720643239296,941.0,11.0
1371,71.0,110.59894709442327,110.59862374640852,454.50250718556754,454.5019072348873,162.69283540928035,162.69190293070477,5296.869832424124,5296.869924369337,0.010156957363441828,941.0,11.0
1372,71.0,110.59862374640852,110.59817523978032,454.5019072348873,454.50123445388635,162.69190293070477,162.6917298624519,5296.869924369337,5296.869996805681,0.01181196243905669,941.0,11.0
1373,71.0,110.59817523978032,110.59819584203656,454.50123445388635,454.5008888143178,162.6917298624519,162.69140813494653,5296.869996805681,5296.87004495096,0.02270328396356571,941.0,11.0
1374,71.0,110.59819584203656,110.59815949437832,454.5008888143178,454.5008882333856,162.69140813494653,162.6914239796466,5296.87004495096,5296.87005295961,0.007115926707700386,941.0,11.0
1375,71.0,110.09734387302547,110.09498379427114,454.1475308068758,454.14194131243346,162.1080873593762,162.10547691886887,5296.91391833276,5296.914198557159,0.044534385008684015,944.0,11.0
1376,71.0,110.09498379427114,110.09228403712359,454.14194131243346,454.13049799018165,162.10547691886887,162.1039196769941,5296.914198557159,5296.91472097798,0.030614316989428857,944.0,11.0
1377,71.0,110.09228403712359,110.0864839668614,454.13049799018165,454.12614244740973,162.1039196769941,162.09704767319687,5296.91472097798,5296.915175367942,0.03248793131168036,944.0,11.0
1378,71.0,110.0864839668614,110.08030138139875,454.12614244740973,454.12128095902324,162.09704767319687,162.09504226569487,5296.915175367942,5296.915560055144,0.02654950087726626,944.0,11.0
1379,71.0,110.08030138139875,110.07362854828037,454.12128095902324,454.12141782657346,162.09504226569487,162.0948229458631,5296.915560055144,5296.915889950098,0.03518961358006622,944.0,11.0
1380,71.0,110.07362854828037,110.07068014949705,454.12141782657346,454.1237192005498,162.0948229458631,162.0916275108646,5296.915889950098,5296.91615067108,0.02778100381131464,944.0,11.0
1381,71.0,110.07068014949705,110.06747237579975,454.1237192005498,454.1224132349797,162.0916275108646,162.09042575621658,5296.91615067108,5296.916359875174,0.012481059276651335,944.0,11.0
1382,71.0,110.06747237579975,110.06478809331016,454.1224132349797,454.1211781636075,162.09042575621658,162.089348923141,5296.916359875174,5296.916546849998,0.012837828959643431,944.0,11.0
1383,71.0,110.06478809331016,110.06267340728832,454.1211781636075,454.11994720186067,162.089348923141,162.0903304725455,5296.916546849998,5296.916711473488,0.038192222875299484,944.0,11.0
1384,71.0,110.06267340728832,110.06219379414215,454.11994720186067,454.11891846162405,162.0903304725455,162.08976000870956,5296.916711473488,5296.916809800823,0.013637406791882032,944.0,11.0
1385,71.0,110.06219379414215,110.06291806560571,454.11891846162405,454.1186530920436,162.08976000870956,162.08946088949872,5296.916809800823,5296.916882264583,0.018117755479192234,944.0,11.0
1386,71.0,110.06291806560571,110.06292308607442,454.1186530920436,454.11837710263217,162.08946088949872,162.08960697471713,5296.916882264583,5296.916917768792,0.01873476079312902,944.0,11.0
1387,71.0,110.06292308607442,110.0629083007537,454.11837710263217,454.1183884510412,162.08960697471713,162.08961549984733,5296.916917768792,5296.916922795686,0.004792332174301115,944.0,11.0
1388,71.0,109.24271335304972,109.24242110314711,456.1768658214037,456.1769274950019,166.88544574504868,166.88584592574873,5297.0893861957165,5297.089423061199,0.006541618237694195,945.0,11.0
1389,71.0,109.24242110314711,109.24180459644103,456.1769274950019,456.1774838824328,166.88584592574873,166.8868062622187,5297.089423061199,5297.089521348404,0.00782623423146821,945.0,11.0
1390,71.0,109.24180459644103,109.24157865759284,456.1774838824328,456.176777709234,166.8868062622187,166.88749657945695,5297.089521348404,5297.089605132121,0.026749969038498866,945.0,11.0
1391,71.0,109.24157865759284,109.24171453422568,456.176777709234,456.1767470220866,166.88749657945695,166.88728980557516,5297.089605132121,5297.089635240966,0.020683881036081726,945.0,11.0
1392,71.0,110.51948327392725,110.5195259791108,457.47079196859823,457.4707947516705,166.11204611987037,166.11200941421137,5297.155281217371,5297.1552885724805,0.0011445871691999345,947.0,11.0
1393,71.0,110.5195259791108,110.51968320963837,457.4707947516705,457.47083597131405,166.11200941421137,166.1119718795994,5297.1552885724805,5297.1553110441255,0.01642626415517078,947.0,11.0
1394,71.0,110.52904670569487,110.52899543945361,457.76427352985786,457.7645013221073,166.26470608863434,166.2647039618873,5297.166320523601,5297.16634138445,0.002069976199388127,950.0,11.0
1395,71.0,110.52899543945361,110.52898830012319,457.7645013221073,457.7652003968723,166.2647039618873,166.26460682768482,5297.16634138445,5297.166405967801,0.016450687390074794,950.0,11.0
1396,71.0,110.52898830012319,110.52877497814954,457.7652003968723,457.76519061835825,166.26460682768482,166.26475981469443,5297.166405967801,5297.166437247486,0.021313025830852542,950.0,11.0
1397,71.0,111.75633950445729,111.75639273648233,453.0875282483992,453.08748304613425,163.71841487408201,163.7184377952375,5297.348603371381,5297.348615811647,0.010222275972429995,952.0,11.0
1398,71.0,111.54357114403949,111.54357028207286,453.2473319492941,453.24733046864696,163.57226585650548,163.57226352392541,5297.358725518945,5297.358726834662,0.0013811172781921163,955.0,11.0
1399,71.0,111.00565961260217,111.00567545867463,454.1689461128468,454.1686973369068,163.48594868060323,163.48554202062599,5297.39443627612,5297.39447208162,0.0025588418549713676,956.0,11.0
1400,71.0,111.00567545867463,111.00535368520582,454.1686973369068,454.167891041218,163.48554202062599,163.48454429204884,5297.39447208162,5297.394573234417,0.01633868124554041,956.0,11.0
1401,71.0,111.00535368520582,111.00614137838997,454.167891041218,454.16783968577755,163.48454429204884,163.4846019241764,5297.394573234417,5297.39464341454,0.030332637619915066,956.0,11.0
1402,71.0,111.00614137838997,111.00610895982182,454.16783968577755,454.16778040720556,163.4846019241764,163.48462944689496,5297.39464341454,5297.394655788547,0.010178014135983703,956.0,11.0
1403,71.0,111.00565788603856,111.0056521937541,454.1689451709075,454.1689429825454,163.48595026519385,163.48595510606418,5297.39443710179,5297.394439670225,0.002632750355958702,957.0,11.0
1404,71.0,126.9207945386431,126.92255726992612,455.02141417395677,455.02251825070937,182.72221078029168,182.72300185041365,5297.75551935634,5297.755636634629,0.005186063620950522,960.0,11.0
1405,71.0,126.92255726992612,126.92548822292481,455.02251825070937,455.02520275752585,182.72300185041365,182.72567596457094,5297.755636634629,5297.755892156781,0.015332082044212554,960.0,11.0
1406,71.0,126.92548822292481,126.92454814535245,455.02520275752585,455.02891182644817,182.72567596457094,182.7242316843068,5297.755892156781,5297.756119051661,0.017814862789130206,960.0,11.0
1407,71.0,126.92454814535245,126.92414413807462,455.02891182644817,455.03065595137315,182.7242316843068,182.72143019204754,5297.756119051661,5297.756313763371,0.011940439509736365,960.0,11.0
1408,71.0,126.92414413807462,126.92147598091094,455.03065595137315,455.0315551425089,182.72143019204754,182.72181748111763,5297.756313763371,5297.756487522431,0.014628030238092815,960.0,11.0
1409,71.0,126.92147598091094,126.91935209799286,455.0315551425089,455.03109485709126,182.72181748111763,182.72251429851138,5297.756487522431,5297.756636038903,0.014537943391204762,960.0,11.0
1410,71.0,126.91935209799286,126.9176875994385,455.03109485709126,455.0310298839789,182.72251429851138,182.72307618733512,5297.756636038903,5297.756759568881,0.011219512218296762,960.0,11.0
1411,71.0,126.9176875994385,126.91672055397719,455.0310298839789,455.03008936908435,182.72307618733512,182.72333360313976,5297.756759568881,5297.756863436118,0.019427951446047118,960.0,11.0
1412,71.0,126.91672055397719,126.91643434553427,455.03008936908435,455.0306957419243,182.72333360313976,182.72365179349964,5297.756863436118,5297.756930421405,0.011183398096351686,960.0,11.0
1413,71.0,126.91643434553427,126.916850291631,455.0306957419243,455.03072735379993,182.72365179349964,182.72365554373613,5297.756930421405,5297.756974341923,0.021791774749186893,960.0,11.0
1414,71.0,126.916850291631,126.9168710099517,455.03072735379993,455.0307120622471,182.72365554373613,182.7236412525235,5297.756974341923,5297.756980828735,0.005962308792630128,960.0,11.0
1415,71.0,126.05567659347783,126.0555135449464,448.4102596467477,448.41038114377955,193.16238674611637,193.1627644249947,5298.168725798797,5298.168758849925,0.0011871513931500913,963.0,11.0
1416,71.0,126.0555135449464,126.05493606513892,448.41038114377955,448.4106230049617,193.1627644249947,193.16384682548102,5298.168758849925,5298.168856089556,0.010761489384539401,963.0,11.0
1417,71.0,126.05493606513892,126.05465057838565,448.4106230049617,448.41129416996336,193.16384682548102,193.16331973838172,5298.168856089556,5298.168933073062,0.018701743924670253,963.0,11.0
1418,71.0,126.05465057838565,126.05487956639453,448.41129416996336,448.41152357487636,193.16331973838172,193.16318055360233,5298.168933073062,5298.16897189783,0.020682008523700512,963.0,11.0
1419,71.0,126.05487956639453,126.05487436530129,448.41152357487636,448.41154039442455,193.16318055360233,193.1631741616686,5298.16897189783,5298.168976617381,0.004536986648077834,963.0,11.0
1420,71.0,126.05567724089516,126.05568015926296,448.41026008181615,448.41026137957977,193.16238434267507,193.1623769809857,5298.168726624482,5298.168729246665,0.00268342,964.0,11.0
1421,71.0,126.0453748480647,126.04523318637409,447.8491448433846,447.84903863036743,193.3034447818215,193.3032762358111,5298.188036649108,5298.188066328026,0.020451329988155097,967.0,11.0
1422,71.0,127.48199948817243,127.4819073774158,443.794362894841,443.79420416207023,196.48343372726686,196.48338088268065,5298.366467789299,5298.366485947476,0.0015027456785249415,968.0,11.0
1423,71.0,127.4819073774158,127.4817045178307,443.79420416207023,443.79372566650966,196.48338088268065,196.48315164932998,5298.366485947476,5298.366541051994,0.018492527788435253,968.0,11.0
1424,71.0,127.4817045178307,127.48164427006884,443.79372566650966,443.7937815131436,196.48315164932998,196.48326169302177,5298.366541051994,5298.366560566176,0.014688136643664081,968.0,11.0
1425,71.0,128.7166306928242,128.71729861953776,443.4643681098487,443.46399582028107,198.04231334207938,198.04279537366216,5298.433706537398,5298.4337646412805,0.0027500057951582208,970.0,11.0
1426,71.0,128.71729861953776,128.71857027978945,443.46399582028107,443.462695617148,198.04279537366216,198.0441687571657,5298.4337646412805,5298.433913011072,0.032827287714244084,970.0,11.0
1427,71.0,128.71857027978945,128.71890805940984,443.462695617148,443.46270391522614,198.0441687571657,198.04308411898091,5298.433913011072,5298.4340038878945,0.015711662047089785,970.0,11.0
1428,71.0,128.71890805940984,128.71951155597026,443.46270391522614,443.4626574109969,198.04308411898091,198.04328190187306,5298.4340038878945,5298.4340637996,0.019462401917163807,970.0,11.0
1429,71.0,128.71951155597026,128.71952151338397,443.4626574109969,443.46250328469824,198.04328190187306,198.0432402324127,5298.4340637996,5298.434085596793,0.01603622907683011,970.0,11.0
1430,71.0,126.25084950206576,126.25069672266716,449.4720207692515,449.4723712878762,200.31315947050896,200.31338518307194,5298.6631848398,5298.663218929975,0.0017478507718346138,971.0,11.0
1431,71.0,126.25069672266716,126.25030712465836,449.4723712878762,449.47325945134037,200.31338518307194,200.31416981661422,5298.663218929975,5298.663316009494,0.013485585797216114,971.0,11.0
1432,71.0,126.25030712465836,126.25056872085672,449.47325945134037,449.47392145575384,200.31416981661422,200.3137825649583,5298.663316009494,5298.663387395741,0.016524186051926234,971.0,11.0
1433,71.0,126.25056872085672,126.25059478583591,449.47392145575384,449.4740417382579,200.3137825649583,200.31346848695617,5298.663387395741,5298.66342496625,0.014714585547303486,971.0,11.0
1434,71.0,126.25059478583591,126.25059858597426,449.4740417382579,449.4740528718911,200.31346848695617,200.31353668469393,5298.66342496625,5298.663436880886,0.00986970662979049,971.0,11.0
1435,71.0,135.92604377566047,135.92604732394477,434.32145477784445,434.3214508564947,190.04392097479982,190.04381961419875,5299.35981650876,5299.359832196153,0.012333066428738954,972.0,11.0
1436,71.0,134.3743456558283,134.3743307839124,420.01045969414344,420.0104310964186,193.59504601570717,193.59507157138006,5299.854846762239,5299.854852605923,0.0026467874973205054,975.0,11.0
1437,71.0,134.3743307839124,134.37435243089703,420.0104310964186,420.0103414156244,193.59507157138006,193.59510316296414,5299.854852605923,5299.8548678474235,0.012050202623460255,975.0,11.0
1438,71.0,134.38938724772703,134.38937151787437,420.0062196506583,420.0062357765331,193.5742321058429,193.57419599392472,5299.855717189022,5299.855725610484,0.007419968779667389,976.0,11.0
1439,71.0,134.39721250859003,134.3969998467697,418.2781948118459,418.27772864328307,193.39853126229912,193.39829415981495,5299.913652926901,5299.9136937211115,0.00508976036015883,977.0,11.0
1440,71.0,134.3969998467697,134.3966056501752,418.27772864328307,418.27672935917525,193.39829415981495,193.39735437177035,5299.9136937211115,5299.9138004389115,0.009062988302404682,977.0,11.0
1441,71.0,134.3966056501752,134.39597489139283,418.27672935917525,418.27582176002926,193.39735437177035,193.39756974977598,5299.9138004389115,5299.913890749312,0.01368164541977829,977.0,11.0
1442,71.0,134.39597489139283,134.39588239385657,418.27582176002926,418.27620504177605,193.39756974977598,193.39700446701045,5299.913890749312,5299.913954221704,0.018002945952646794,977.0,11.0
1443,71.0,134.39588239385657,134.3957530919382,418.27620504177605,418.2762464153981,193.39700446701045,193.39683212825287,5299.913954221704,5299.913981649979,0.019220264084158507,977.0,11.0
1444,71.0,134.39721481194323,134.39722096466159,418.27819608363507,418.27820002791714,193.398530044712,193.39852658288333,5299.91365383599,5299.913656472114,0.0026965319296648896,978.0,11.0
1445,71.0,110.50033470244503,110.50034677977541,455.21223280122695,455.2121260269208,162.604579142453,162.60456751768976,5296.837372584031,5296.837384291196,0.0013677234993551756,980.0,11.0
1446,71.0,110.50034677977541,110.50043721877685,455.2121260269208,455.21182823309334,162.60456751768976,162.60442829182062,5296.837384291196,5296.837422156987,0.01391826179930753,980.0,11.0
1447,71.0,110.50043721877685,110.50042132754508,455.21182823309334,455.21178028119067,162.60442829182062,162.6044915825948,5296.837422156987,5296.837435493028,0.010815907606318535,980.0,11.0
1448,71.0,110.5003356131959,110.50034192983242,455.212231707421,455.2122291055251,162.6045810712199,162.60458387448517,5296.837373377103,5296.837375853864,0.0025458721871506416,981.0,11.0
1449,71.0,110.39815910663586,110.3985613978361,455.4023671275069,455.40205734923273,162.5373329614243,162.53770034336506,5296.827867927425,5296.827927145339,0.013545227876600776,985.0,11.0
1450,71.0,110.3985613978361,110.39864609158289,455.40205734923273,455.40226466564826,162.53770034336506,162.537849901688,5296.827927145339,5296.8279589978665,0.021618383861927125,985.0,11.0
1451,71.0,110.39804932979973,110.39805637616753,455.40241463568043,455.4024137315695,162.53718098705053,162.53718627541323,5296.827850505996,5296.827853312102,0.002855495452948387,986.0,11.0
1452,71.0,110.45908520083367,110.45914172930566,457.1642154593975,457.1641950908337,161.63274843084616,161.6327383891325,5296.759008749909,5296.759016625967,0.0021690715938593313,988.0,11.0
1453,71.0,110.45914172930566,110.45928360595198,457.1641950908337,457.1641646377919,161.6327383891325,161.63268442964835,5296.759016625967,5296.7590379110525,0.015737646447151473,988.0,11.0
1454,71.0,110.46067971510031,110.46068737687453,457.16494757836125,457.164945318308,161.63638477683998,161.6363841386964,5296.759144243522,5296.759146863219,0.0026810799999999997,991.0,11.0
1455,71.0,110.84247736030697,110.84247566192816,457.62553449688505,457.62550264615794,161.4340567996511,161.434047277699,5296.74995013258,5296.7499572058805,0.006414615416490876,993.0,11.0
1456,71.0,112.54915976091374,112.54928959492042,459.04843881119507,459.0486402946041,166.10099371473203,166.10117542211117,5296.92236417258,5296.922389461772,0.0023795470485823444,994.0,11.0
1457,71.0,112.54928959492042,112.5497215060421,459.0486402946041,459.04914659056493,166.10117542211117,166.10175146546175,5296.922389461772,5296.922465230794,0.012666656874577693,994.0,11.0
1458,71.0,112.5497215060421,112.54935377949604,459.04914659056493,459.0494780528394,166.10175146546175,166.1017344627441,5296.922465230794,5296.9225150659695,0.012650363606909059,994.0,11.0
1459,71.0,112.54935377949604,112.54918786530484,459.0494780528394,459.0494269075458,166.1017344627441,166.1016446751995,5296.9225150659695,5296.922540282326,0.017987806083103023,994.0,11.0
1460,71.0,113.32296002740061,113.32302206985248,454.3734248121688,454.3734926539012,165.49690557838113,165.49691087645851,5297.0817112896575,5297.081725915342,0.011656529924648678,995.0,11.0
1461,71.0,108.35176941449625,108.3517696752704,453.63569858047504,453.6357010289906,162.8912856034009,162.891271391993,5297.270535931422,5297.2705398642,0.0038670365497949673,997.0,11.0
1462,71.0,108.31967955545238,108.3188157678195,453.63362620892906,453.63413521052905,162.8981216856675,162.8979254739383,5297.271631208825,5297.271695264171,0.0030263037084763446,999.0,11.0
1463,71.0,108.3188157678195,108.3170246500717,453.63413521052905,453.635804384459,162.8979254739383,162.89751269485055,5297.271695264171,5297.2718529708245,0.013846732248352442,999.0,11.0
1464,71.0,108.3170246500717,108.31551833827913,453.635804384459,453.635659635613,162.89751269485055,162.89877647607534,5297.2718529708245,5297.271986880507,0.016113863342788463,999.0,11.0
1465,71.0,108.31551833827913,108.31566514602075,453.635659635613,453.63700840812845,162.89877647607534,162.89916609124728,5297.271986880507,5297.272092771674,0.04696103503608723,999.0,11.0
1466,71.0,108.31566514602075,108.31574957033186,453.63700840812845,453.6370481213272,162.89916609124728,162.8992130983171,5297.272092771674,5297.272108788827,0.012541094888932354,999.0,11.0
1467,71.0,108.31967795070307,108.31967611437918,453.6336274805458,453.63363057929564,162.89812301294648,162.89813018380383,5297.271632006151,5297.271634628334,0.00268342,1000.0,11.0
1468,71.0,110.38397032765627,110.38724661818856,459.0650246121853,459.0697136746514,158.92278406448014,158.92855363207534,5296.668408530025,5296.668746993296,0.02317932187660024,1003.0,11.0
1469,71.0,110.38724661818856,110.39516470793474,459.0697136746514,459.0781665902511,158.92855363207534,158.93795785094238,5296.668746993296,5296.669378613687,0.038686716334002724,1003.0,11.0
1470,71.0,110.39516470793474,110.39822623117911,459.0781665902511,459.0861628110946,158.93795785094238,158.9469384644761,5296.669378613687,5296.669920776031,0.04498401658109095,1003.0,11.0
1471,71.0,110.39822623117911,110.40653269711902,459.0861628110946,459.08837921580005,158.9469384644761,158.95133708527186,5296.669920776031,5296.670362838359,0.028306210621130933,1003.0,11.0
1472,71.0,110.40653269711902,110.41202183042503,459.08837921580005,459.0910695392389,158.95133708527186,158.95655095212345,5296.670362838359,5296.670744430568,0.027233344365065613,1003.0,11.0
1473,71.0,110.41202183042503,110.41849908658783,459.0910695392389,459.0907930532029,158.95655095212345,158.9575840698335,5296.670744430568,5296.671069966717,0.03040313942956584,1003.0,11.0
1474,71.0,110.41849908658783,110.41873840224648,459.0907930532029,459.08621038090934,158.9575840698335,158.95548937812754,5296.671069966717,5296.671335708656,0.02496355936304748,1003.0,11.0
1475,71.0,110.41873840224648,110.4162556317006,459.08621038090934,459.0838463369008,158.95548937812754,158.9536264207839,5296.671335708656,5296.671554789955,0.02527675446963882,1003.0,11.0
1476,71.0,110.4162556317006,110.41560763549383,459.0838463369008,459.08137475328056,158.9536264207839,158.95488998199127,5296.671554789955,5296.671728917571,0.023773125183252836,1003.0,11.0
1477,71.0,110.41560763549383,110.4146780037855,459.08137475328056,459.08007921758025,158.95488998199127,158.95602333966121,5296.671728917571,5296.671862095742,0.010053389771016047,1003.0,11.0
1478,71.0,110.4146780037855,110.41387548889898,459.08007921758025,459.07945043946467,158.95602333966121,158.9572610705131,5296.671862095742,5296.671977902063,0.015404914210152713,1003.0,11.0
1479,71.0,110.41387548889898,110.41353754555874,459.07945043946467,459.07930654759156,158.9572610705131,158.95828489654895,5296.671977902063,5296.672066025408,0.020253720511192265,1003.0,11.0
1480,71.0,110.41353754555874,110.41367307271733,459.07930654759156,459.07971554539483,158.95828489654895,158.95811460873864,5296.672066025408,5296.672113468034,0.015000871810633098,1003.0,11.0
1481,71.0,110.41367307271733,110.41357398331036,459.07971554539483,459.07971037011146,158.95811460873864,158.95802467100725,5296.672113468034,5296.672132630675,0.014477010623747223,1003.0,11.0
1482,71.0,110.43240635924977,110.43236203732113,458.58401675649145,458.58405955649977,158.11626862844952,158.11634170090298,5296.628266697335,5296.628281720589,0.011911089442773012,1004.0,11.0
1483,71.0,110.46515913331511,110.46516001005678,458.52108473468223,458.5210937467972,158.07522346931108,158.07521868142686,5296.630995968547,5296.630999070392,0.0031282534627161463,1006.0,11.0
1484,71.0,111.10920823678846,111.10950604314992,457.46559645307013,457.4657111162745,158.70364707661403,158.7033840481465,5296.677260307116,5296.67729211618,0.002401867585792787,1007.0,11.0
1485,71.0,111.10950604314992,111.10965468602112,457.4657111162745,457.46597523132425,158.7033840481465,158.702204488444,5296.67729211618,5296.67738756524,0.015000952462647599,1007.0,11.0
1486,71.0,111.10965468602112,111.10939834581072,457.46597523132425,457.4664710261119,158.702204488444,158.70172668644636,5296.67738756524,5296.677454060364,0.013701947355640148,1007.0,11.0
1487,71.0,111.10939834581072,111.10968174786049,457.4664710261119,457.46653945871213,158.70172668644636,158.70191538631997,5296.677454060364,5296.677492442103,0.024995374864418753,1007.0,11.0
1488,71.0,111.10920869339998,111.10921049130181,457.46559800192597,457.46560202869944,158.70364889358996,158.70365520833266,5296.677261111703,5296.677263661083,0.00261474,1008.0,11.0
1489,71.0,110.19482873169292,110.19330193330204,458.12136716451676,458.12169537242715,159.22261269244865,159.22400635863545,5296.669015560373,5296.66912765199,0.008625761983280291,1012.0,11.0
1490,71.0,110.19330193330204,110.1912340677433,458.12169537242715,458.1229084550549,159.22400635863545,159.22759578087386,5296.66912765199,5296.669363882618,0.01755517524287131,1012.0,11.0
1491,71.0,110.1912340677433,110.18781332014889,458.1229084550549,458.12381312827057,159.22759578087386,159.22784527092932,5296.669363882618,5296.669568066757,0.013096714167529368,1012.0,11.0
1492,71.0,110.18781332014889,110.18782270724996,458.12381312827057,458.1212432191729,159.22784527092932,159.22628350298402,5296.669568066757,5296.669749065419,0.020176784734909522,1012.0,11.0
1493,71.0,110.18782270724996,110.18649309420785,458.1212432191729,458.11986172309315,159.22628350298402,159.22514395039155,5296.669749065419,5296.669895184706,0.017862387032075374,1012.0,11.0
1494,71.0,110.18649309420785,110.18798828173551,458.11986172309315,458.1200068555783,159.22514395039155,159.22461014387557,5296.669895184706,5296.670010518706,0.013446670777796857,1012.0,11.0
1495,71.0,110.18798828173551,110.18852056860064,458.1200068555783,458.12092617388197,159.22461014387557,159.2250317325552,5296.670010518706,5296.670101782443,0.017389187482083318,1012.0,11.0
1496,71.0,110.18852056860064,110.18836610694082,458.12092617388197,458.1207079190279,159.2250317325552,159.225560999326,5296.670101782443,5296.670158649979,0.013012288486896362,1012.0,11.0
1497,71.0,110.18836610694082,110.18861907185128,458.1207079190279,458.1207487540434,159.225560999326,159.2255525592521,5296.670158649979,5296.670189378883,0.021017821998871256,1012.0,11.0
1498,71.0,115.80699424571223,115.80919515612234,451.3063766577535,451.3045863487524,164.6763964278004,164.67720042559966,5297.015158437939,5297.01530549491,0.005442749414858922,1014.0,11.0
1499,71.0,115.80919515612234,115.8131581085106,451.3045863487524,451.3010280999185,164.67720042559966,164.6802131503174,5297.01530549491,5297.015613714247,0.033176057323864694,1014.0,11.0
1500,71.0,115.8131581085106,115.81108084453417,451.3010280999185,451.29705548441916,164.6802131503174,164.67972622369376,5297.015613714247,5297.015857831836,0.03491373817129469,1014.0,11.0
1501,71.0,115.81108084453417,115.81190646044031,451.29705548441916,451.29431259883097,164.67972622369376,164.67881492845152,5297.015857831836,5297.016038771629,0.03002807886686373,1014.0,11.0
1502,71.0,115.81190646044031,115.81250943690206,451.29431259883097,451.2937120242921,164.67881492845152,164.68048312659175,5297.016038771629,5297.01616791785,0.007452165137337836,1014.0,11.0
1503,71.0,115.81250943690206,115.81389708203065,451.2937120242921,451.29378353101936,164.68048312659175,164.68130099715867,5297.01616791785,5297.01628416855,0.013152859515760649,1014.0,11.0
1504,71.0,115.81389708203065,115.81329333637305,451.29378353101936,451.2937185934087,164.68130099715867,164.6803011667902,5297.01628416855,5297.016376943424,0.009941908707658015,1014.0,11.0
1505,71.0,115.81329333637305,115.81256273583635,451.2937185934087,451.2937211143133,164.6803011667902,164.67987063666948,5297.016376943424,5297.016450710076,0.02200507042424315,1014.0,11.0
1506,71.0,115.81256273583635,115.81260362781124,451.2937211143133,451.29380708614406,164.67987063666948,164.6796490955846,5297.016450710076,5297.0164800941975,0.020291391813323283,1014.0,11.0
1507,71.0,108.35510845419246,108.35493541950716,452.5529582775207,452.5527807687853,168.18011155119268,168.18020750841467,5297.29296063608,5297.292983714418,0.002932380353093763,1015.0,11.0
1508,71.0,108.35493541950716,108.35459925386465,452.5527807687853,452.55218435566314,168.18020750841467,168.1805402453112,5297.292983714418,5297.293051940147,0.01667423620996216,1015.0,11.0
1509,71.0,108.35459925386465,108.35448852058364,452.55218435566314,452.55205320351433,168.1805402453112,168.18078291701661,5297.293051940147,5297.293086180333,0.013903048414544547,1015.0,11.0
1510,71.0,108.35448852058364,108.35446045884984,452.55205320351433,452.5520421094023,168.18078291701661,168.18073251143676,5297.293086180333,5297.293096776232,0.00896953740082653,1015.0,11.0
1511,71.0,108.79485492225209,108.79483455083633,458.7096604476158,458.7096546700259,169.05022027544197,169.0502321776285,5297.500886625473,5297.500892289207,0.005310700585862835,1016.0,11.0
1512,71.0,108.79486010787738,108.79486077696015,458.7096584689558,458.70965298867065,169.050216780398,169.0502223571727,5297.500885736978,5297.500888319249,0.0026458113586318704,1017.0,11.0
1513,71.0,110.18880517574443,110.18864871049637,461.27538039912787,461.2769348870497,167.73285445777802,167.73203640629927,5297.607737123816,5297.607835187405,0.0027842272884798136,1020.0,11.0
1514,71.0,110.18864871049637,110.18775709534827,461.2769348870497,461.28041564240283,167.73203640629927,167.7304439446937,5297.607835187405,5297.6080554556875,0.01366375662011209,1020.0,11.0
1515,71.0,110.18775709534827,110.18988865639565,461.28041564240283,461.2785341810003,167.7304439446937,167.73220978443416,5297.6080554556875,5297.608251117368,0.020765654791272993,1020.0,11.0
1516,71.0,110.18988865639565,110.18795240178034,461.2785341810003,461.27746004756256,167.73220978443416,167.73341469405335,5297.608251117368,5297.608410543503,0.01723932010195621,1020.0,11.0
1517,71.0,110.18795240178034,110.18754132296249,461.27746004756256,461.279249470761,167.73341469405335,167.73384659552818,5297.608410543503,5297.608540339787,0.024957242653962205,1020.0,11.0
1518,71.0,110.18754132296249,110.18818044365314,461.279249470761,461.27963513100275,167.73384659552818,167.73457070791585,5297.608540339787,5297.608625700977,0.03393603639576258,1020.0,11.0
1519,71.0,110.18818044365314,110.18824608519238,461.27963513100275,461.27954847995153,167.73457070791585,167.7344966409587,5297.608625700977,5297.6086446168765,0.014328229939437914,1020.0,11.0
1520,71.0,110.19322296670245,110.1932173125305,461.2736592996941,461.2736627390858,167.7327459185097,167.73274954590596,5297.60789606805,5297.607898582088,0.0025812710289684006,1023.0,11.0
1521,71.0,110.52789433632825,110.52784417524863,458.7216407250338,458.72169002256703,157.7045500423573,157.7045900164954,5296.613412805208,5296.613422394468,0.0018185538774577604,1026.0,11.0
1522,71.0,110.52784417524863,110.52767977201272,458.72169002256703,458.72180786998035,157.7045900164954,157.70469742303573,5296.613422394468,5296.613450695532,0.01970040899240877,1026.0,11.0
1523,71.0,110.52789362203808,110.52789191799782,458.72164297444004,458.7216485265143,157.70454937640642,157.70454789444562,5296.613413616531,5296.61341576424,0.0022286119453510528,1027.0,11.0
1524,71.0,104.13720308019754,104.11580105000203,453.84941724167237,453.77096234648906,176.33575461376336,176.5168585648447,5297.29005792773,5297.296711625501,0.42260947823686684,1031.0,11.0
1525,71.0,104.11580105000203,104.15800689562093,453.77096234648906,453.54803001106575,176.5168585648447,176.85225555151158,5297.296711625501,5297.310295209449,0.8664384789398217,1031.0,11.0
1526,71.0,104.15800689562093,104.30514162151312,453.54803001106575,453.2972428798265,176.85225555151158,176.86780449914494,5297.310295209449,5297.320089883404,0.49614746349938504,1031.0,11.0
1527,71.0,104.30514162151312,104.35561312999747,453.2972428798265,453.1626891359133,176.86780449914494,177.0210022884076,5297.320089883404,5297.327174643781,0.37279456722593574,1031.0,11.0
1528,71.0,104.35561312999747,104.15193416734739,453.1626891359133,453.2158868228386,177.0210022884076,177.0879150036175,5297.327174643781,5297.334648273087,0.442443764629689,1031.0,11.0
1529,71.0,104.15193416734739,104.02136194248189,453.2158868228386,453.16873997740976,177.0879150036175,176.9795986079262,5297.334648273087,5297.340637682251,0.36185121456586106,1031.0,11.0
1530,71.0,104.02136194248189,103.98716631469276,453.16873997740976,453.08599547256324,176.9795986079262,176.91544249407974,5297.340637682251,5297.3444105686,0.1956057295757953,1031.0,11.0
1531,71.0,103.98716631469276,103.99958346556613,453.08599547256324,453.0632697929612,176.91544249407974,176.85650072018592,5297.3444105686,5297.346706053072,0.38611813406391343,1031.0,11.0
1532,71.0,103.99958346556613,104.01977676842814,453.0632697929612,453.04964340682557,176.85650072018592,176.83614807425866,5297.346706053072,5297.347914483021,0.059303889150603785,1031.0,11.0
1533,71.0,104.01977676842814,104.01278872898574,453.04964340682557,453.04092901006413,176.83614807425866,176.81132982095568,5297.347914483021,5297.348970207581,0.06290282509085911,1031.0,11.0
1534,71.0,104.01278872898574,104.02237667029507,453.04092901006413,453.032310503767,176.81132982095568,176.7928709152486,5297.348970207581,5297.349865722371,0.06666060235703129,1031.0,11.0
1535,71.0,104.02237667029507,104.0286141942241,453.032310503767,453.02973983246164,176.7928709152486,176.77644677934728,5297.349865722371,5297.350596846236,0.05063420605723708,1031.0,11.0
1536,71.0,104.0286141942241,104.02409243042214,453.02973983246164,453.01809498524534,176.77644677934728,176.76942525505055,5297.350596846236,5297.351207604914,0.04176641679162832,1031.0,11.0
1537,71.0,104.02409243042214,104.03005337871782,453.01809498524534,453.0126891457791,176.76942525505055,176.76099316629012,5297.351207604914,5297.351722639354,0.032961843308914496,1031.0,11.0
1538,71.0,104.03005337871782,104.03654983840599,453.0126891457791,453.00662123372615,176.76099316629012,176.75721598399505,5297.351722639354,5297.352164764632,0.027827290451670886,1031.0,11.0
1539,71.0,104.03654983840599,104.0400080028692,453.00662123372615,453.004396986595,176.75721598399505,176.76415155092593,5297.352164764632,5297.3525474228345,0.03512719643572058,1031.0,11.0
1540,71.0,104.0400080028692,104.04018314608956,453.004396986595,453.0087078042585,176.76415155092593,176.7685809852411,5297.3525474228345,5297.352858149426,0.031049410155879073,1031.0,11.0
1541,71.0,104.04018314608956,104.0368341562267,453.0087078042585,453.00878363048196,176.7685809852411,176.77182881633718,5297.352858149426,5297.353108629928,0.019997419295369,1031.0,11.0
1542,71.0,104.0368341562267,104.03326239925357,453.00878363048196,453.00982828866006,176.77182881633718,176.77123545560124,5297.353108629928,5297.3533221368925,0.02443541971590962,1031.0,11.0
1543,71.0,104.03326239925357,104.03067882134455,453.00982828866006,453.0090453853221,176.77123545560124,176.77064637334067,5297.3533221368925,5297.353492404412,0.043220624113223506,1031.0,11.0
1544,71.0,104.03067882134455,104.03017473276785,453.0090453853221,453.0083700901149,176.77064637334067,176.7697753989176,5297.353492404412,5297.353587523883,0.009580501603098843,1031.0,11.0
1545,71.0,104.03017473276785,104.03019013486714,453.0083700901149,453.00886402819526,176.7697753989176,176.77052807429877,5297.353587523883,5297.353664539657,0.014665766927886889,1031.0,11.0
1546,71.0,104.03019013486714,104.03000121208564,453.00886402819526,453.0092702322696,176.77052807429877,176.77062171960702,5297.353664539657,5297.3537115578,0.01365334130860199,1031.0,11.0
1547,71.0,104.03000121208564,104.03014878468426,453.0092702322696,453.00930443018785,176.77062171960702,176.77060188386767,5297.3537115578,5297.353732639169,0.01561804095192304,1031.0,11.0
1548,71.0,87.01515387045131,87.01157809798696,449.29121260996664,449.28544190420473,184.15942104751701,184.15860141973266,5297.93613253548,5297.936425105613,0.025376575608512825,1033.0,11.0
1549,71.0,87.01157809798696,87.00395297761904,449.28544190420473,449.27814558091325,184.15860141973266,184.15214164027202,5297.936425105613,5297.9369660258135,0.09261373522683565,1033.0,11.0
1550,71.0,87.00395297761904,87.0030771568301,449.27814558091325,449.27439643877335,184.15214164027202,184.14635213000952,5297.9369660258135,5297.937306498529,0.02783695731895137,1033.0,11.0
1551,71.0,87.0030771568301,87.00238090466799,449.27439643877335,449.27298154698764,184.14635213000952,184.14105575251511,5297.937306498529,5297.937591425003,0.02136925958260516,1033.0,11.0
1552,71.0,87.00238090466799,86.99904687969136,449.27298154698764,449.27091959414054,184.14105575251511,184.1388291920549,5297.937591425003,5297.937835502576,0.01933735837460169,1033.0,11.0
1553,71.0,86.99904687969136,86.99775938443071,449.27091959414054,449.2688581649748,184.1388291920549,184.1415527177811,5297.937835502576,5297.938044045305,0.017465534385272426,1033.0,11.0
1554,71.0,86.99775938443071,86.99688115638997,449.2688581649748,449.26743886849533,184.1415527177811,184.14396040570006,5297.938044045305,5297.938221649925,0.017384267737586702,1033.0,11.0
1555,71.0,86.99688115638997,86.9969643840167,449.26743886849533,449.2653341074245,184.14396040570006,184.14478452169118,5297.938221649925,5297.938369227329,0.016317265844942294,1033.0,11.0
1556,71.0,86.9969643840167,86.9971159177133,449.2653341074245,449.2639345985409,184.14478452169118,184.1438732040314,5297.938369227329,5297.938488728955,0.012342651062706904,1033.0,11.0
1557,71.0,86.9971159177133,86.99795436898708,449.2639345985409,449.26307500187943,184.1438732040314,184.1442489393449,5297.938488728955,5297.9385863941625,0.01358104390678778,1033.0,11.0
1558,71.0,86.99795436898708,86.99849669180767,449.26307500187943,449.2625556058309,184.1442489393449,184.14392572931615,5297.9385863941625,5297.938658237473,0.03944085573535932,1033.0,11.0
1559,71.0,86.99849669180767,86.99849565029338,449.2625556058309,449.2625512253695,184.14392572931615,184.14392450397082,5297.938658237473,5297.93866004992,0.001894870897090714,1033.0,11.0
1560,71.0,87.01515315765572,87.01515091697641,449.29121225173395,449.29121112562626,184.1594234687337,184.15943107984992,5297.936133368848,5297.936135988544,0.00268108,1034.0,11.0
1561,71.0,79.20903566408751,79.20312996941517,451.1590341694867,451.1571235743957,188.6063111564692,188.60775057044546,5298.2422111209435,5298.242485529461,0.011607928154195028,1037.0,11.0
1562,71.0,79.20312996941517,79.19126155442008,451.1571235743957,451.15685125765214,188.60775057044546,188.6123572522231,5298.242485529461,5298.243039386476,0.04678129462588718,1037.0,11.0
1563,71.0,79.19126155442008,79.18823283739978,451.15685125765214,451.15713324164216,188.6123572522231,188.60298461401737,5298.243039386476,5298.243488703795,0.03075119464641283,1037.0,11.0
1564,71.0,79.18823283739978,79.18381631084057,451.15713324164216,451.1636501348501,188.60298461401737,188.6048216101392,5298.243488703795,5298.243872159492,0.0327432087600987,1037.0,11.0
1565,71.0,79.18381631084057,79.18773308845633,451.1636501348501,451.1685958566841,188.6048216101392,188.6043661035607,5298.243872159492,5298.244188407062,0.02145573513145474,1037.0,11.0
1566,71.0,79.18773308845633,79.18450420227282,451.1685958566841,451.1726496219344,188.6043661035607,188.60521989476615,5298.244188407062,5298.244462462911,0.0197635206362724,1037.0,11.0
1567,71.0,79.18450420227282,79.18263779637445,451.1726496219344,451.17651864531007,188.60521989476615,188.6057299686751,5298.244462462911,5298.244699079935,0.018402442053611984,1037.0,11.0
1568,71.0,79.18263779637445,79.1827275256715,451.17651864531007,451.17579718395126,188.6057299686751,188.60917417712295,5298.244699079935,5298.244902118391,0.0194407791349471,1037.0,11.0
1569,71.0,79.1827275256715,79.18515365449014,451.17579718395126,451.17636080179244,188.60917417712295,188.61029489941652,5298.244902118391,5298.245070972057,0.036719172300675944,1037.0,11.0
1570,71.0,79.18515365449014,79.1845556221771,451.17636080179244,451.17550617716205,188.61029489941652,188.61123090979638,5298.245070972057,5298.245176330787,0.014235865173311145,1037.0,11.0
1571,71.0,79.1845556221771,79.1843877120626,451.17550617716205,451.1757665333507,188.61123090979638,188.61211144488954,5298.245176330787,5298.245255361466,0.014953477241808684,1037.0,11.0
1572,71.0,79.1843877120626,79.18396624982113,451.1757665333507,451.1757230995753,188.61211144488954,188.61233272729174,5298.245255361466,5298.245303906673,0.027445270376899353,1037.0,11.0
1573,71.0,79.18396624982113,79.18395894945348,451.1757230995753,451.17572464352577,188.61233272729174,188.61233332539865,5298.245303906673,5298.245306406712,0.002567989175323235,1037.0,11.0
1574,71.0,61.46472069853441,61.463966549306974,474.8410169159085,474.8497426756447,218.47971318463175,218.49320962177998,5299.644814296238,5299.6454230619565,0.03341809454301315,1040.0,11.0
1575,71.0,61.463966549306974,61.470223458810736,474.8497426756447,474.85525450882244,218.49320962177998,218.52292643242777,5299.6454230619565,5299.646601869449,0.07956082081886887,1040.0,11.0
1576,71.0,61.470223458810736,61.47999026205539,474.85525450882244,474.8580822602812,218.52292643242777,218.54558747391212,5299.646601869449,5299.647576748064,0.05823840723558684,1040.0,11.0
1577,71.0,61.47999026205539,61.486545378731634,474.8580822602812,474.8540731638306,218.54558747391212,218.5646654044828,5299.647576748064,5299.648405298472,0.04947713363828879,1040.0,11.0
1578,71.0,61.486545378731634,61.480436490969794,474.8540731638306,474.84826036202537,218.5646654044828,218.5795268772227,5299.648405298472,5299.649113089334,0.05970555083810762,1040.0,11.0
1579,71.0,61.480436490969794,61.48101519719593,474.84826036202537,474.85656415131933,218.5795268772227,218.58965688072712,5299.649113089334,5299.649680452295,0.03017861234635461,1040.0,11.0
1580,71.0,61.48101519719593,61.47515955022421,474.85656415131933,474.85901557208825,218.58965688072712,218.59889971591488,5299.649680452295,5299.65017943898,0.11057987545458685,1040.0,11.0
1581,71.0,61.47515955022421,61.47443290486804,474.85901557208825,474.8639861353957,218.59889971591488,218.5980103426663,5299.65017943898,5299.65044746911,0.025566302502392856,1040.0,11.0
1582,71.0,61.47443290486804,61.47182874587264,474.8639861353957,474.86676023407455,218.5980103426663,218.59703625320194,5299.65044746911,5299.650667629001,0.023124990328454678,1040.0,11.0
1583,71.0,61.47182874587264,61.47389009242555,474.86676023407455,474.86743701595935,218.59703625320194,218.5990487704475,5299.650667629001,5299.65084653275,0.015961741914192643,1040.0,11.0
1584,71.0,61.47389009242555,61.4757332555987,474.86743701595935,474.86865286626573,218.5990487704475,218.59983138516333,5299.65084653275,5299.650997837755,0.013897346267156274,1040.0,11.0
1585,71.0,61.4757332555987,61.47752462373677,474.86865286626573,474.86856296893563,218.59983138516333,218.60023049839134,5299.650997837755,5299.651125269186,0.017422211750869287,1040.0,11.0
1586,71.0,61.47752462373677,61.47809612415771,474.86856296893563,474.86867301938753,218.60023049839134,218.6013275711563,5299.651125269186,5299.65122204071,0.012468364875696447,1040.0,11.0
1587,71.0,61.47809612415771,61.478838470573656,474.86867301938753,474.86846938324595,218.6013275711563,218.600998380887,5299.65122204071,5299.651295127914,0.013506049792325033,1040.0,11.0
1588,71.0,61.478838470573656,61.47841681698041,474.86846938324595,474.86853741414353,218.600998380887,218.60108386531147,5299.651295127914,5299.651340466212,0.020116136966200363,1040.0,11.0
1589,71.0,61.47841681698041,61.47839391923149,474.86853741414353,474.868556865987,218.60108386531147,218.60104163624055,5299.651340466212,5299.651350154788,0.00833403613212167,1040.0,11.0
1590,71.0,60.420046954322196,60.42005621653328,472.00118594363437,472.00100487468717,216.49762201213565,216.49722389461016,5299.765473557176,5299.765506059887,0.0076110365418534534,1041.0,11.0
1591,71.0,60.42005621653328,60.42117981788874,472.00100487468717,472.0013237499479,216.49722389461016,216.496934011244,5299.765506059887,5299.765600708522,0.010146610265725182,1041.0,11.0
1592,71.0,60.42117981788874,60.421183503121384,472.0013237499479,472.0017942948455,216.496934011244,216.49619742964938,5299.765600708522,5299.765676098622,0.01352355417370486,1041.0,11.0
1593,71.0,60.421183503121384,60.420848109546206,472.0017942948455,472.00174448605924,216.49619742964938,216.49651761594797,5299.765676098622,5299.765723771492,0.021914336076150273,1041.0,11.0
1594,71.0,60.420848109546206,60.42087533961906,472.00174448605924,472.0017769309803,216.49651761594797,216.49653302266265,5299.765723771492,5299.765732543169,0.007675449717601233,1041.0,11.0
1595,71.0,58.96263917953121,58.96138484970085,470.55248408161924,470.553930864012,218.8958693340459,218.8945123322814,5299.870820495761,5299.870943209398,0.005399085686758935,1044.0,11.0
1596,71.0,58.96138484970085,58.9600150466405,470.553930864012,470.5582554822328,218.8945123322814,218.89253800062482,5299.870943209398,5299.871205057344,0.02302588861592069,1044.0,11.0
1597,71.0,58.9600150466405,58.961281204645864,470.5582554822328,470.5562425082254,218.89253800062482,218.89562573488328,5299.871205057344,5299.871423956117,0.020523841847561612,1044.0,11.0
1598,71.0,58.961281204645864,58.96239938986499,470.5562425082254,470.5555499656854,218.89562573488328,218.89836182430003,5299.871423956117,5299.871606198342,0.017962906252705607,1044.0,11.0
1599,71.0,58.96239938986499,58.96274920549471,470.5555499656854,470.55681100814826,218.89836182430003,218.90030075412005,5299.871606198342,5299.871757346435,0.023814226575071772,1044.0,11.0
1600,71.0,58.96274920549471,58.961990353408886,470.55681100814826,470.55556668545444,218.90030075412005,218.9006138045679,5299.871757346435,5299.871867371059,0.02521463327703246,1044.0,11.0
1601,71.0,58.961990353408886,58.961818502420876,470.55556668545444,470.55553262374434,218.9006138045679,218.90126140963304,5299.871867371059,5299.871929608907,0.015767331718565085,1044.0,11.0
1602,71.0,58.961818502420876,58.96183862392737,470.55553262374434,470.55573058542916,218.90126140963304,218.90141760266388,5299.871929608907,5299.871960038337,0.020856750042169164,1044.0,11.0
1603,71.0,58.96264140745126,58.9626489618244,470.5524840068666,470.5524826331013,218.89586928911984,218.8958669567934,5299.870821224325,5299.870823846508,0.00268342,1045.0,11.0
1604,71.0,103.98716631469276,103.97835764859681,453.08599547256324,453.0726990993154,176.91544249407974,176.9090529493964,5297.3444105686,5297.3450552197,0.02978115277663225,1050.0,11.0
1605,71.0,103.97835764859681,103.96472548129665,453.0726990993154,453.0675041465591,176.9090529493964,176.8785745901821,5297.3450552197,5297.346332446545,0.13106398842231481,1050.0,11.0
1606,71.0,103.96472548129665,103.94162106928404,453.0675041465591,453.06724228634204,176.8785745901821,176.87297477631773,5297.346332446545,5297.347271060023,0.059121008178434534,1050.0,11.0
1607,71.0,103.94162106928404,103.92819480572844,453.06724228634204,453.05868672425214,176.87297477631773,176.88420882385878,5297.347271060023,5297.348062230172,0.052736005796845585,1050.0,11.0
1608,71.0,103.92819480572844,103.92067793786649,453.05868672425214,453.063914756508,176.88420882385878,176.87129343090882,5297.348062230172,5297.348726011606,0.06808182422440798,1050.0,11.0
1609,71.0,103.92067793786649,103.9253197116179,453.063914756508,453.06359778685146,176.87129343090882,176.86086275200063,5297.348726011606,5297.349232558442,0.0489893035040358,1050.0,11.0
1610,71.0,103.9253197116179,103.92564783674837,453.06359778685146,453.0688290920154,176.86086275200063,176.85415403888314,5297.349232558442,5297.349632142842,0.04003688173859291,1050.0,11.0
1611,71.0,103.92564783674837,103.92198129366412,453.0688290920154,453.06376512186523,176.85415403888314,176.85308286958633,5297.349632142842,5297.349949083102,0.02729871160483677,1050.0,11.0
1612,71.0,103.92198129366412,103.91755448214583,453.06376512186523,453.0614880312752,176.85308286958633,176.85340474188874,5297.349949083102,5297.350212583779,0.07066705132518725,1050.0,11.0
1613,71.0,103.91755448214583,103.91564581078319,453.0614880312752,453.062192139131,176.85340474188874,176.85342146263713,5297.350212583779,5297.3503494939,0.01194801194949208,1050.0,11.0
1614,71.0,103.91564581078319,103.91450700758239,453.062192139131,453.06160237969743,176.85342146263713,176.85440007822064,5297.3503494939,5297.350465788417,0.02640740182264216,1050.0,11.0
1615,71.0,103.91450700758239,103.91423628730827,453.06160237969743,453.0611012829825,176.85440007822064,176.85392073558714,5297.350465788417,5297.350532919442,0.01694573583652295,1050.0,11.0
1616,71.0,103.91423628730827,103.91398557803905,453.0611012829825,453.0611102105714,176.85392073558714,176.85379849031526,5297.350532919442,5297.35056561353,0.014855392987863054,1050.0,11.0
1617,71.0,103.91398557803905,103.9139914572398,453.0611102105714,453.0611391642603,176.85379849031526,176.85377075275454,5297.35056561353,5297.350573746502,0.00720782472178599,1050.0,11.0
1618,71.0,104.35468530185378,104.35483059486754,453.16297853951266,453.1627825706397,177.0216193488632,177.02166487410847,5297.327223932071,5297.327253939309,0.020628995094972916,1051.0,11.0
1619,71.0,104.35464628312158,104.35464139002886,453.16304872608123,453.1630524291933,177.02160179938693,177.0216045142978,5297.327215174542,5297.3272174942085,0.0023955651849617513,1052.0,11.0
1620,71.0,104.30610115290278,104.30610195168114,453.2921404560393,453.29213699148033,176.87593619798557,176.8759898088379,5297.320414359712,5297.320424300485,0.008512708879286911,1056.0,11.0
1621,71.0,104.30611045632975,104.30611416219992,453.29214740265877,453.2921522136826,176.87592429841044,176.87593036942104,5297.320412141594,5297.320414888708,0.002800510077884454,1057.0,11.0
1622,71.0,111.51726825465884,111.51727770821245,459.74821829940254,459.7482424224069,154.14863863749923,154.1486494265271,5296.485356035651,5296.485362305831,0.005792706443412085,1059.0,11.0
1623,71.0,111.5172665781837,111.51726981363822,459.74820734024627,459.7482033539362,154.148638234816,154.1486439908993,5296.485354661179,5296.485357213033,0.00261708,1060.0,11.0
1624,71.0,110.76245025578203,110.7618741170754,458.69311228834215,458.69286229983516,156.1336846083797,156.13400186880327,5296.564269112882,5296.564317310256,0.002710990757472448,1064.0,11.0
1625,71.0,110.7618741170754,110.76024283462645,458.69286229983516,458.6923788057496,156.13400186880327,156.13464730405914,5296.564317310256,5296.564443874539,0.014859507945723627,1064.0,11.0
1626,71.0,110.76024283462645,110.76096997274173,458.6923788057496,458.6926676243332,156.13464730405914,156.13569841986043,5296.564443874539,5296.564544370222,0.01163749032504623,1064.0,11.0
1627,71.0,110.76096997274173,110.76122274668921,458.6926676243332,458.6923308372626,156.13569841986043,156.1348696899957,5296.564544370222,5296.564623166286,0.02014725337876886,1064.0,11.0
1628,71.0,110.76122274668921,110.76130981618078,458.6923308372626,458.6926030474312,156.1348696899957,156.13468533266382,5296.564623166286,5296.564660962929,0.01614676737352125,1064.0,11.0
1629,71.0,110.76130981618078,110.76126422065981,458.6926030474312,458.69259620418416,156.13468533266382,156.1347137390467,5296.564660962929,5296.564670959821,0.008552330214998367,1064.0,11.0
1630,71.0,110.76245139197292,110.76245487130996,458.6931137815798,458.693118354295,156.1336828826886,156.13367759813565,5296.56426994625,5296.564272519285,0.0026370941455930714,1065.0,11.0
1631,71.0,105.39666510399252,105.3630904206841,450.9723423661229,450.9008805824349,177.1737061263863,177.28615382845732,5297.33219210153,5297.336817018796,0.20725843497727872,1068.0,11.0
1632,71.0,105.3630904206841,105.31738515481716,450.9008805824349,450.763376842647,177.28615382845732,177.5229521946842,5297.336817018796,5297.346171783457,0.566685743901365,1068.0,11.0
1633,71.0,105.31738515481716,105.38299801916983,450.763376842647,450.7093164387311,177.5229521946842,177.72516963682045,5297.346171783457,5297.353594753902,0.417459220394763,1068.0,11.0
1634,71.0,105.38299801916983,105.44748267012349,450.7093164387311,450.6080005902043,177.72516963682045,177.85530783042734,5297.353594753902,5297.359617414759,0.3678963934531864,1068.0,11.0
1635,71.0,105.44748267012349,105.51480731535318,450.6080005902043,450.5294545172545,177.85530783042734,177.9503716687695,5297.359617414759,5297.364429473908,0.4945531204859393,1068.0,11.0
1636,71.0,105.51480731535318,105.5941071157783,450.5294545172545,450.56069430318337,177.9503716687695,177.98717879692532,5297.364429473908,5297.367666230194,0.39399297439172914,1068.0,11.0
1637,71.0,105.5941071157783,105.59218362337496,450.56069430318337,450.5255791002036,177.98717879692532,178.0319940330999,5297.367666230194,5297.369716006921,0.18055955554947095,1068.0,11.0
1638,71.0,105.59218362337496,105.62304252743802,450.5255791002036,450.5047181621944,178.0319940330999,178.05042590551238,5297.369716006921,5297.3712533325,0.08234003524542856,1068.0,11.0
1639,71.0,105.62304252743802,105.62768466424525,450.5047181621944,450.4984969597578,178.05042590551238,178.05233208160797,5297.3712533325,5297.371554420757,0.015467496554396203,1068.0,11.0
1640,71.0,105.62768466424525,105.64319466908296,450.4984969597578,450.46948713134213,178.05233208160797,178.056366919489,5297.371554420757,5297.372809888888,0.07459349340020119,1068.0,11.0
1641,71.0,105.64319466908296,105.6478689441356,450.46948713134213,450.44332976858084,178.056366919489,178.06307564391142,5297.372809888888,5297.37387203417,0.06286785069281454,1068.0,11.0
1642,71.0,105.6478689441356,105.63783676415717,450.44332976858084,450.4315186013943,178.06307564391142,178.0464881386749,5297.37387203417,5297.374773881189,0.05542217305990151,1068.0,11.0
1643,71.0,105.63783676415717,105.62736597450464,450.4315186013943,450.41670005196136,178.0464881386749,178.04189505873936,5297.374773881189,5297.375538430562,0.04213057819830587,1068.0,11.0
1644,71.0,105.62736597450464,105.61322936447763,450.41670005196136,450.40985173738443,178.04189505873936,178.04371690069732,5297.375538430562,5297.376201566625,0.04539307012937372,1068.0,11.0
1645,71.0,105.61322936447763,105.60424479457586,450.40985173738443,450.4010327403586,178.04371690069732,178.04619191015348,5297.376201566625,5297.376758883441,0.03672097033845187,1068.0,11.0
1646,71.0,105.60424479457586,105.60915183267143,450.4010327403586,450.39392087436465,178.04619191015348,178.0522394871063,5297.376758883441,5297.377233604311,0.026828378843753393,1068.0,11.0
1647,71.0,105.60915183267143,105.60810948286053,450.39392087436465,450.3850546775672,178.0522394871063,178.05303387793163,5297.377233604311,5297.377649940635,0.037370172303270596,1068.0,11.0
1648,71.0,105.60810948286053,105.60750576314013,450.3850546775672,450.38237828262754,178.05303387793163,178.0593579029593,5297.377649940635,5297.3779881378705,0.02511649532180869,1068.0,11.0
1649,71.0,105.60750576314013,105.6048876255355,450.38237828262754,450.37828038417484,178.0593579029593,178.0621458384325,5297.3779881378705,5297.378276195397,0.022948006624245284,1068.0,11.0
1650,71.0,105.6048876255355,105.60165804947262,450.37828038417484,450.3814262935598,178.0621458384325,178.06223807221753,5297.378276195397,5297.378520320295,0.028820303971133988,1068.0,11.0
1651,71.0,105.60165804947262,105.5986079613887,450.3814262935598,450.3824769467312,178.06223807221753,178.06181520332873,5297.378520320295,5297.378711980845,0.018722324629104302,1068.0,11.0
1652,71.0,105.5986079613887,105.59646760760555,450.3824769467312,450.382866555649,178.06181520332873,178.06307243480083,5297.378711980845,5297.378871037665,0.0210954525361712,1068.0,11.0
1653,71.0,105.59646760760555,105.59482038893483,450.382866555649,450.3827328400683,178.06307243480083,178.0625191208841,5297.378871037665,5297.378993817413,0.0450713147139331,1068.0,11.0
1654,71.0,105.59482038893483,105.59467176672896,450.3827328400683,450.3829132761719,178.0625191208841,178.06229292711507,5297.378993817413,5297.379030398055,0.013535647849525127,1068.0,11.0
1655,71.0,105.59467176672896,105.59474487429777,450.3829132761719,450.3829307546753,178.06229292711507,178.06231186301045,5297.379030398055,5297.379043322284,0.010544071280012593,1068.0,11.0
1656,71.0,108.28643018434454,108.28634472497018,455.10639160686003,455.10650066429287,178.79977997401065,178.79980488214736,5297.508966034221,5297.5089805337875,0.0013589687558647541,1071.0,11.0
1657,71.0,108.28634472497018,108.28610567555555,455.10650066429287,455.1068413735553,178.79980488214736,178.79983085308498,5297.5089805337875,5297.509024442921,0.02076852178618355,1071.0,11.0
1658,71.0,108.28610567555555,108.28606853619587,455.1068413735553,455.1068508296653,178.79983085308498,178.79983298755653,5297.509024442921,5297.509032268354,0.00697996005944003,1071.0,11.0
1659,71.0,123.28417502843118,123.28602575563454,463.7455053342278,463.74860144681696,181.11418967428693,181.11386654119912,5298.0914372663,5298.0916096558685,0.008329891988921269,1073.0,11.0
1660,71.0,123.28602575563454,123.28958696819264,463.74860144681696,463.7543390005155,181.11386654119912,181.1171060372552,5298.0916096558685,5298.091970632035,0.026418836204776763,1073.0,11.0
1661,71.0,123.28958696819264,123.29369636187637,463.7543390005155,463.75618066756107,181.1171060372552,181.12121634796256,5298.091970632035,5298.092277991548,0.026084517798805527,1073.0,11.0
1662,71.0,123.29369636187637,123.2969804507732,463.75618066756107,463.755548273041,181.12121634796256,181.12468568303703,5298.092277991548,5298.09253466279,0.02073742971828024,1073.0,11.0
1663,71.0,123.2969804507732,123.29948250084487,463.755548273041,463.7528248244357,181.12468568303703,181.1258539576409,5298.09253466279,5298.092752772751,0.019840108040143266,1073.0,11.0
1664,71.0,123.29948250084487,123.29828471009644,463.7528248244357,463.7511422391141,181.1258539576409,181.1236152618538,5298.092752772751,5298.0929354544,0.014992270915312977,1073.0,11.0
1665,71.0,123.29828471009644,123.29752936496907,463.7511422391141,463.7488004938591,181.1236152618538,181.1236179695937,5298.0929354544,5298.093092147942,0.013144721857944448,1073.0,11.0
1666,71.0,123.29752936496907,123.29673141838211,463.7488004938591,463.7482205145322,181.1236179695937,181.1219062220236,5298.093092147942,5298.093226252944,0.020218771018736526,1073.0,11.0
1667,71.0,123.29673141838211,123.29565808992909,463.7482205145322,463.7488838917878,181.1219062220236,181.1217036566706,5298.093226252944,5298.093324994061,0.011030229375354484,1073.0,11.0
1668,71.0,123.29565808992909,123.2964552898982,463.7488838917878,463.74863528639844,181.1217036566706,181.12208456768207,5298.093324994061,5298.093403076076,0.019339606440109364,1073.0,11.0
1669,71.0,123.2964552898982,123.29660672805885,463.74863528639844,463.74846530103844,181.12208456768207,181.12235152155046,5298.093403076076,5298.093441746522,0.01672441976781368,1073.0,11.0
1670,71.0,123.29660672805885,123.29659970694703,463.74846530103844,463.7484133091081,181.12235152155046,181.12234650322893,5298.093441746522,5298.09345155167,0.008416749814388606,1073.0,11.0
1671,71.0,116.45752886790304,116.45680168792944,457.20881423508445,457.20839993366087,189.92689216343476,189.92696547420218,5298.522507842208,5298.522581113173,0.018429595884595567,1075.0,11.0
1672,71.0,116.45680168792944,116.45692451310656,457.20839993366087,457.2082490060473,189.92696547420218,189.9267184782391,5298.522581113173,5298.522616794964,0.023618553809118332,1075.0,11.0
1673,71.0,119.06148250322215,119.06154700687702,458.3177446284033,458.3177310792415,193.64481645761506,193.6449064336109,5298.678340118803,5298.678352352605,0.001591929201778288,1076.0,11.0
1674,71.0,119.06154700687702,119.06175336864894,458.3177310792415,458.31769525396174,193.6449064336109,193.64514704623647,5298.678352352605,5298.678388413609,0.02129065043231916,1076.0,11.0
1675,71.0,119.06175336864894,119.06175487639953,458.31769525396174,458.3176910089276,193.64514704623647,193.64515276399848,5298.678388413609,5298.678390866154,0.00252282078142289,1076.0,11.0
1676,71.0,117.44792458792968,117.44789738849643,461.5871620794052,461.58712435963923,191.11101039564454,191.10970705557133,5298.826476386105,5298.826553784334,0.004890439266186427,1079.0,11.0
1677,71.0,117.44789738849643,117.44885562183761,461.58712435963923,461.5876255137688,191.10970705557133,191.1069426765731,5298.826553784334,5298.826733084535,0.016513663970832555,1079.0,11.0
1678,71.0,117.44885562183761,117.44831912745288,461.5876255137688,461.5862121123638,191.1069426765731,191.1051690573013,5298.826733084535,5298.826883830791,0.014934881571294613,1079.0,11.0
1679,71.0,117.44831912745288,117.44757431986189,461.5862121123638,461.58526006733274,191.1051690573013,191.10384948930226,5298.826883830791,5298.82700891417,0.01268791124042067,1079.0,11.0
1680,71.0,117.44757431986189,117.44745962211819,461.58526006733274,461.5839551432615,191.10384948930226,191.1041929557902,5298.82700891417,5298.827111764998,0.010148070389227657,1079.0,11.0
1681,71.0,117.44745962211819,117.44793850314177,461.5839551432615,461.5848370567579,191.1041929557902,191.10401045669968,5298.827111764998,5298.827195957505,0.010568767610799019,1079.0,11.0
1682,71.0,117.44793850314177,117.44793438584915,461.5848370567579,461.5853507622354,191.10401045669968,191.10355762931664,5298.827195957505,5298.8272591345385,0.019565797263942135,1079.0,11.0
1683,71.0,117.44793438584915,117.44795014295558,461.5853507622354,461.58545345158416,191.10355762931664,191.10340266168674,5298.8272591345385,5298.827283510962,0.017513938457206522,1079.0,11.0
1684,71.0,117.44792450911231,117.44792431907283,461.58716394507275,461.5871684434539,191.11100881080773,191.11100498954826,5298.826477196782,5298.826479322877,0.0022074284445641385,1080.0,11.0
1685,71.0,105.62970494209765,105.62970161657945,450.5080377420797,450.50803289513004,178.05148793566514,178.05149484747002,5297.371881885487,5297.371884738717,0.002899283844446808,1085.0,11.0
1686,71.0,105.62970733500242,105.62971439186182,450.50803852473473,450.50803748939904,178.05148635617138,178.05148797584735,5297.371881772567,5297.371884233142,0.002530470365616907,1086.0,11.0
1687,71.0,108.75843234512072,108.74446216285682,453.9999861552681,453.96145625447105,164.2593480090402,164.33627186440214,5296.883705541778,5296.8866665022715,0.13262223197703005,1090.0,11.0
1688,71.0,108.74446216285682,108.67287862947185,453.96145625447105,453.8866991155902,164.33627186440214,164.47326977312576,5296.8866665022715,5296.892510945953,0.42724505190993317,1090.0,11.0
1689,71.0,108.67287862947185,108.64316843987285,453.8866991155902,453.80795926816484,164.47326977312576,164.57159323915815,5296.892510945953,5296.896956842004,0.2332214129173355,1090.0,11.0
1690,71.0,108.64316843987285,108.68384719160838,453.80795926816484,453.7610537781426,164.57159323915815,164.6586010757695,5296.896956842004,5296.90065791513,0.20336806992577405,1090.0,11.0
1691,71.0,108.68384719160838,108.68812300505897,453.7610537781426,453.7014130155505,164.6586010757695,164.72273835087114,5296.90065791513,5296.903724352251,0.16979219334597195,1090.0,11.0
1692,71.0,108.68812300505897,108.6529984780691,453.7014130155505,453.65339181564843,164.72273835087114,164.76339049595964,5296.903724352251,5296.906273999637,0.15209105032042114,1090.0,11.0
1693,71.0,108.6529984780691,108.61217741886489,453.65339181564843,453.64542802206324,164.76339049595964,164.80447544280565,5296.906273999637,5296.908373359356,0.12828018901109695,1090.0,11.0
1694,71.0,108.61217741886489,108.60587504248892,453.64542802206324,453.68612511983446,164.80447544280565,164.82788958522397,5296.908373359356,5296.910104439852,0.10179100230347733,1090.0,11.0
1695,71.0,108.60587504248892,108.62557537778184,453.68612511983446,453.71696358559393,164.82788958522397,164.8147321107021,5296.910104439852,5296.911552489657,0.11490431528726851,1090.0,11.0
1696,71.0,108.62557537778184,108.62745314326109,453.71696358559393,453.72348080179165,164.8147321107021,164.78576660568578,5296.911552489657,5296.912693671899,0.06777390784816094,1090.0,11.0
1697,71.0,108.62745314326109,108.63084300952175,453.72348080179165,453.7387125587173,164.78576660568578,164.7666932473052,5296.912693671899,5296.91366192474,0.06667465269177916,1090.0,11.0
1698,71.0,108.63084300952175,108.63498750686752,453.7387125587173,453.7468212839176,164.7666932473052,164.74913635108038,5296.91366192474,5296.914463231889,0.06188422590631034,1090.0,11.0
1699,71.0,108.63498750686752,108.63217618533466,453.7468212839176,453.7600280491095,164.74913635108038,164.74153838231854,5296.914463231889,5296.915115112529,0.06365437545633862,1090.0,11.0
1700,71.0,108.63217618533466,108.6251295959072,453.7600280491095,453.76852771757575,164.74153838231854,164.7387621958102,5296.915115112529,5296.9156203250095,0.026672891891365735,1090.0,11.0
1701,71.0,108.6251295959072,108.61803744206063,453.76852771757575,453.77122741084787,164.7387621958102,164.7326061719473,5296.9156203250095,5296.916066611186,0.032278725466621284,1090.0,11.0
1702,71.0,108.61803744206063,108.61294111988582,453.77122741084787,453.7767519353536,164.7326061719473,164.73010419016555,5296.916066611186,5296.916443948389,0.040443499424999176,1090.0,11.0
1703,71.0,108.61294111988582,108.61207269424321,453.7767519353536,453.77750060722803,164.73010419016555,164.73577536857036,5296.916443948389,5296.916739121008,0.01677969111265592,1090.0,11.0
1704,71.0,108.61207269424321,108.61315164326422,453.77750060722803,453.77365124941946,164.73577536857036,164.7328270078431,5296.916739121008,5296.917001770919,0.018898107689509617,1090.0,11.0
1705,71.0,108.61315164326422,108.61105204265262,453.77365124941946,453.77016895985645,164.7328270078431,164.73333525602408,5296.917001770919,5296.917228999781,0.01886837193171028,1090.0,11.0
1706,71.0,108.61105204265262,108.60988040543353,453.77016895985645,453.77174792608537,164.73333525602408,164.7359713878198,5296.917228999781,5296.917422165726,0.028633421688373736,1090.0,11.0
1707,71.0,108.60988040543353,108.60925199604826,453.77174792608537,453.77201843138636,164.7359713878198,164.73803454957365,5296.917422165726,5296.917565635238,0.014119707967415808,1090.0,11.0
1708,71.0,108.60925199604826,108.60801311405206,453.77201843138636,453.77247063583235,164.73803454957365,164.7390594125166,5296.917565635238,5296.917684801423,0.03064631964766439,1090.0,11.0
1709,71.0,108.60801311405206,108.60776605737257,453.77247063583235,453.7730870145604,164.7390594125166,164.73908809693484,5296.917684801423,5296.91774661801,0.015575510694494575,1090.0,11.0
1710,71.0,108.60776605737257,108.60755721972032,453.7730870145604,453.7729449299901,164.73908809693484,164.7390805274011,5296.91774661801,5296.917777024606,0.02084445183135257,1090.0,11.0
1711,71.0,107.00857783944,107.0082706470611,458.8449631289679,458.84578497910354,158.44326173359894,158.44229620908033,5297.142862846107,5297.14293977339,0.003958935410598604,1091.0,11.0
1712,71.0,107.0082706470611,107.00996509949513,458.84578497910354,458.8472510717059,158.44229620908033,158.4401821660718,5297.14293977339,5297.143123960318,0.024843186884090367,1091.0,11.0
1713,71.0,107.00996509949513,107.0101623192345,458.8472510717059,458.84936559182415,158.4401821660718,158.44008541136776,5297.143123960318,5297.1432651913,0.017149437427354416,1091.0,11.0
1714,71.0,107.0101623192345,107.0108652856098,458.84936559182415,458.85033261644446,158.44008541136776,158.44102596319357,5297.1432651913,5297.143376789047,0.010954672822967894,1091.0,11.0
1715,71.0,107.0108652856098,107.01177454379342,458.85033261644446,458.85015594532643,158.44102596319357,158.44033654835053,5297.143376789047,5297.143468715875,0.0179452496629564,1091.0,11.0
1716,71.0,107.01177454379342,107.01186624880236,458.85015594532643,458.8498226869927,158.44033654835053,158.4408111857272,5297.143468715875,5297.143525174202,0.01427020412476449,1091.0,11.0
1717,71.0,107.01186624880236,107.0119829657298,458.8498226869927,458.84988309357504,158.4408111857272,158.44062702711642,5297.143525174202,5297.143553224322,0.01956271469350681,1091.0,11.0
1718,71.0,114.85781986822124,114.85782825796723,460.52204369985367,460.52208046272216,171.77660508345113,171.77661663186797,5297.661984938795,5297.6619929160815,0.007092696607020244,1092.0,11.0
1719,71.0,114.85781824162117,114.85781336908266,460.5220304545207,460.5220262658437,171.77659979173728,171.7765951229627,5297.661983160911,5297.6619857646365,0.002666040048001674,1093.0,11.0
1720,71.0,115.04829698177382,115.04989636444277,460.30716378380487,460.3068257048368,171.87992183078148,171.87988551629115,5297.672161520386,5297.672253843601,0.00662516284621022,1096.0,11.0
1721,71.0,115.04989636444277,115.05342406248913,460.3068257048368,460.3068236345779,171.87988551629115,171.88010975646787,5297.672253843601,5297.672457505819,0.04000003101732335,1096.0,11.0
1722,71.0,115.05342406248913,115.05363981299169,460.3068236345779,460.3087635948723,171.88010975646787,171.88041054875026,5297.672457505819,5297.672591578056,0.015628795001333955,1096.0,11.0
1723,71.0,115.05363981299169,115.05274995223415,460.3087635948723,460.3078130194743,171.88041054875026,171.88100445945153,5297.672591578056,5297.672698498075,0.011996339712126419,1096.0,11.0
1724,71.0,115.05274995223415,115.05179165557918,460.3078130194743,460.30814390446574,171.88100445945153,171.88120866402957,5297.672698498075,5297.672783520682,0.016003703063123945,1096.0,11.0
1725,71.0,115.05179165557918,115.05203213864442,460.30814390446574,460.308455623236,171.88120866402957,171.8815727395202,5297.672783520682,5297.672836345161,0.014144984476411254,1096.0,11.0
1726,71.0,115.05203213864442,115.05216985727182,460.308455623236,460.3084223356747,171.8815727395202,171.88143949252907,5297.672836345161,5297.672861470952,0.01793686716053006,1096.0,11.0
1727,71.0,115.04829804554376,115.0483011018703,460.3071638185628,460.30716517460604,171.8799245231275,171.87993303435726,5297.672162428575,5297.672165297186,0.00291355,1097.0,11.0
