,event,xi,xf,yi,yf,zi,zf,ti,tf,E,ParticleID,PDG
0,96.0,115.0,114.99042549901472,475.0,473.61453870384366,150.0,149.9823694198795,0.0,0.0817025191218876,6.1136573519187225,1.0,321.0
1,96.0,114.99042549901472,114.95604411803906,473.61453870384366,472.3655698841011,149.9823694198795,149.95279853371125,0.0817025191218876,0.15707635886555882,5.92879198029707,1.0,321.0
2,96.0,114.95604411803906,114.89284336428416,472.3655698841011,471.24463481270243,149.95279853371125,149.91045375372056,0.15707635886555882,0.22645222687341493,5.401775271835111,1.0,321.0
3,96.0,114.89284336428416,114.80535411601193,471.24463481270243,470.2352130438503,149.91045375372056,149.89742803504512,0.22645222687341493,0.2904897735257589,5.376466357599001,1.0,321.0
4,96.0,114.80535411601193,114.70932773857983,470.2352130438503,469.3320270538532,149.89742803504512,149.8901328267482,0.2904897735257589,0.34933985370474585,4.688571257486703,1.0,321.0
5,96.0,114.70932773857983,114.62729819407957,469.3320270538532,468.51543756355477,149.8901328267482,149.889059622501,0.34933985370474585,0.40377248458497145,4.8071408330608545,1.0,321.0
6,96.0,114.62729819407957,114.55378038166145,468.51543756355477,467.78430574795584,149.889059622501,149.88545209299227,0.40377248458497145,0.45378502933287357,4.436425424012362,1.0,321.0
7,96.0,114.55378038166145,114.50925400082392,467.78430574795584,467.1265538319925,149.88545209299227,149.89046365329975,0.45378502933287357,0.49982470370662824,3.8528919118669593,1.0,321.0
8,96.0,114.50925400082392,114.4687690369713,467.1265538319925,466.53140524522934,149.89046365329975,149.89974478341966,0.49982470370662824,0.5424993464915231,3.940118559896069,1.0,321.0
9,96.0,114.4687690369713,114.4458420725359,466.53140524522934,465.9965851819593,149.89974478341966,149.8978997272564,0.5424993464915231,0.5818133109931476,3.355913493261835,1.0,321.0
10,96.0,114.4458420725359,114.42111434238457,465.9965851819593,465.5119938052427,149.8978997272564,149.88633382375266,0.5818133109931476,0.618327506460979,3.2736343107133385,1.0,321.0
11,96.0,114.42111434238457,114.39827665476882,465.5119938052427,465.0742379796199,149.88633382375266,149.8711522920317,0.618327506460979,0.6521646791117657,3.2011782449524766,1.0,321.0
12,96.0,114.39827665476882,114.37535723189492,465.0742379796199,464.6802194940272,149.8711522920317,149.86018610303202,0.6521646791117657,0.6834374149391671,3.188943899814688,1.0,321.0
13,96.0,114.37535723189492,114.35398833254263,464.6802194940272,464.3279368604717,149.86018610303202,149.84673597267962,0.6834374149391671,0.7122112024835271,2.8065666979526576,1.0,321.0
14,96.0,114.35398833254263,114.32685188255869,464.3279368604717,464.0109787540101,149.84673597267962,149.8400780301501,0.7122112024835271,0.7388338411849258,2.6357702246545065,1.0,321.0
15,96.0,114.32685188255869,114.30623820063606,464.0109787540101,463.7249593829506,149.8400780301501,149.84033142169898,0.7388338411849258,0.763479006947064,2.4642779719924266,1.0,321.0
16,96.0,114.30623820063606,114.28819025635437,463.7249593829506,463.46692707228596,149.84033142169898,149.83808864175126,0.763479006947064,0.7863145627187699,2.4189916375107985,1.0,321.0
17,96.0,114.28819025635437,114.27699740297571,463.46692707228596,463.2348586679245,149.83808864175126,149.8370021487462,0.7863145627187699,0.8074123498612469,2.4664394288600033,1.0,321.0
18,96.0,114.27699740297571,114.26823473990798,463.2348586679245,463.0282830381126,149.8370021487462,149.8338129511616,0.8074123498612469,0.826779603693269,2.1688525586728353,1.0,321.0
19,96.0,114.26823473990798,114.26240897057012,463.0282830381126,462.8429608628124,149.8338129511616,149.83479985050684,0.826779603693269,0.8446613050160537,2.1851894003224084,1.0,321.0
20,96.0,114.26240897057012,114.26039526546535,462.8429608628124,462.678061465693,149.83479985050684,149.83833383796517,0.8446613050160537,0.8610822167772444,1.6430301474047624,1.0,321.0
21,96.0,114.26039526546535,114.25999776325116,462.678061465693,462.52782431360765,149.83833383796517,149.8417468162749,0.8610822167772444,0.8764296185232999,1.7157298879420495,1.0,321.0
22,96.0,114.25999776325116,114.26094718592114,462.52782431360765,462.392280386836,149.8417468162749,149.84621024895728,0.8764296185232999,0.8906797882962278,1.7266902732418752,1.0,321.0
23,96.0,114.26094718592114,114.26187514632647,462.392280386836,462.27092520901795,149.84621024895728,149.85339471794595,0.8906797882962278,0.903851476811525,1.455070828786805,1.0,321.0
24,96.0,114.26187514632647,114.26334754225184,462.27092520901795,462.1608492952936,149.85339471794595,149.86004479903153,0.903851476811525,0.9161354487014938,1.4773741401385403,1.0,321.0
25,96.0,114.26334754225184,114.26391621082234,462.1608492952936,462.06172209565995,149.86004479903153,149.8667413376517,0.9161354487014938,0.9275386948830436,1.2581400187452134,1.0,321.0
26,96.0,114.26391621082234,114.26376173476703,462.06172209565995,461.9713799847934,149.8667413376517,149.87151518168744,0.9275386948830436,0.9382089345336276,1.2897819805871868,1.0,321.0
27,96.0,114.26376173476703,114.26211970249048,461.9713799847934,461.889668824903,149.87151518168744,149.87409939842598,0.9382089345336276,0.9481448452604591,1.1893437409866534,1.0,321.0
28,96.0,114.26211970249048,114.26026126636933,461.889668824903,461.8155717422731,149.87409939842598,149.87464199880915,0.9481448452604591,0.9574201141154383,1.32716375340341,1.0,321.0
29,96.0,114.26026126636933,114.25864260707537,461.8155717422731,461.7495592546467,149.87464199880915,149.87497892666448,0.9574201141154383,0.9659793339881992,1.0782118135932652,1.0,321.0
30,96.0,114.25864260707537,114.25824549897857,461.7495592546467,461.6897466538001,149.87497892666448,149.87554948356436,0.9659793339881992,0.9739751365996608,1.0693683019543128,1.0,321.0
31,96.0,114.25824549897857,114.25865921574798,461.6897466538001,461.635775687935,149.87554948356436,149.8753628261163,0.9739751365996608,0.9814298820385144,1.0984576216999395,1.0,321.0
32,96.0,114.25865921574798,114.25902104371917,461.635775687935,461.5874697699102,149.8753628261163,149.87511186283774,0.9814298820385144,0.9883485500119088,0.897799646617477,1.0,321.0
33,96.0,114.25902104371917,114.2595622754631,461.5874697699102,461.5435576560623,149.87511186283774,149.87385608607636,0.9883485500119088,0.9948447507490101,1.004341518020315,1.0,321.0
34,96.0,114.2595622754631,114.26067393602602,461.5435576560623,461.5042727962902,149.87385608607636,149.87290948872734,0.9948447507490101,1.0008858933804836,0.8494212118388027,1.0,321.0
35,96.0,114.26067393602602,114.26086764492932,461.5042727962902,461.46866167847446,149.87290948872734,149.8718182209127,1.0008858933804836,1.006557512662704,0.8449374228494992,1.0,321.0
36,96.0,114.26086764492932,114.26036825455603,461.46866167847446,461.43650140193785,149.8718182209127,149.87118590180245,1.006557512662704,1.0118766709541178,0.8324566635311555,1.0,321.0
37,96.0,114.26036825455603,114.26035013302825,461.43650140193785,461.40754227618663,149.87118590180245,149.87048593176934,1.0118766709541178,1.0168648905502229,0.8105123207095507,1.0,321.0
38,96.0,114.26035013302825,114.26082187539956,461.40754227618663,461.3815290203509,149.87048593176934,149.86925250667505,1.0168648905502229,1.0215482987874611,0.6878910242695493,1.0,321.0
39,96.0,114.26082187539956,114.26153420142286,461.3815290203509,461.3578790043146,149.86925250667505,149.8675446579099,1.0215482987874611,1.0259880881177625,0.7447981957473804,1.0,321.0
40,96.0,114.26153420142286,114.26235288946668,461.3578790043146,461.336653912154,149.8675446579099,149.86523215963763,1.0259880881177625,1.030181655112983,0.7685492701429456,1.0,321.0
41,96.0,114.26235288946668,114.26288608386122,461.336653912154,461.31772101155,149.86523215963763,149.86268684402543,1.030181655112983,1.0341428714976633,0.6862602732245775,1.0,321.0
42,96.0,114.26288608386122,114.2637811318377,461.31772101155,461.3006464266515,149.86268684402543,149.86042942118482,1.0341428714976633,1.0379182275185057,0.7297773606803583,1.0,321.0
43,96.0,114.2637811318377,114.26442826062063,461.3006464266515,461.28541309149404,149.86042942118482,149.8581503836363,1.0379182275185057,1.0415222874707983,0.7802437431302255,1.0,321.0
44,96.0,114.26442826062063,114.26552787501635,461.28541309149404,461.27195531593145,149.8581503836363,149.8563342585872,1.0415222874707983,1.0449788128766866,0.7534582018767326,1.0,321.0
45,96.0,114.26552787501635,114.26680731152018,461.27195531593145,461.2600913140494,149.8563342585872,149.85480553381953,1.0449788128766866,1.0483338602438685,0.7664131472374369,1.0,321.0
46,96.0,114.26680731152018,114.26755013382638,461.2600913140494,461.249665162127,149.85480553381953,149.85401718929754,1.0483338602438685,1.051628885928661,0.8479281151676984,1.0,321.0
47,96.0,114.26755013382638,114.2678175630466,461.249665162127,461.2411155234183,149.85401718929754,149.85310314550082,1.051628885928661,1.054862565488356,0.9021093632398726,1.0,321.0
48,96.0,114.2678175630466,114.26871109375335,461.2411155234183,461.2364219833262,149.85310314550082,149.8529528818313,1.054862565488356,1.0573075827120564,1.042917694128631,1.0,321.0
49,96.0,114.26871109375335,114.26871560206953,461.2364219833262,461.2364082977523,149.8529528818313,149.85295374234175,1.0573075827120564,1.0573823923717374,0.010225502422960941,1.0,321.0
50,96.0,114.26871560206953,108.42899639839325,461.2364082977523,461.09669157880364,149.85295374234175,149.1046738788169,15.110215413438677,15.325515548874131,12.019205171105884,3.0,-13.0
51,96.0,108.42899639839325,108.19869223999233,461.09669157880364,461.08978676184614,149.1046738788169,149.08426583788446,15.325515548874131,15.334058427228571,0.4291332861126805,3.0,-13.0
52,96.0,108.19869223999233,103.04916664723673,461.08978676184614,460.9004030669692,149.08426583788446,148.83259118994695,15.334058427228571,15.524766152232822,10.248734447718286,3.0,-13.0
53,96.0,103.04916664723673,102.89156869994174,460.9004030669692,460.89322679013674,148.83259118994695,148.82938872457572,15.524766152232822,15.530661152440898,0.30906877676524985,3.0,-13.0
54,96.0,102.89156869994174,102.56075212653079,460.89322679013674,460.8773384533591,148.82938872457572,148.821417745938,15.530661152440898,15.543046298822162,0.6878733358426199,3.0,-13.0
55,96.0,102.56075212653079,101.68844735008341,460.8773384533591,460.82251929006213,148.821417745938,148.8000017817852,15.543046298822162,15.57576818863164,1.6803434496106369,3.0,-13.0
56,96.0,101.68844735008341,100.64462685404905,460.82251929006213,460.7630932083081,148.8000017817852,148.7696932312571,15.57576818863164,15.61500534835426,1.9845941284434907,3.0,-13.0
57,96.0,100.64462685404905,100.17255273723285,460.7630932083081,460.74349172248924,148.7696932312571,148.75449268349456,15.61500534835426,15.632846744813838,0.8923807179123928,3.0,-13.0
58,96.0,100.17255273723285,100.00068598079125,460.74349172248924,460.73624391104823,148.75449268349456,148.7483536689902,15.632846744813838,15.639355262544989,0.32450097330048333,3.0,-13.0
59,96.0,100.00068598079125,95.96298548820536,460.73624391104823,460.4715689371207,148.7483536689902,148.60005101939393,15.639355262544989,15.79266455811395,8.091991428479446,3.0,-13.0
60,96.0,95.96298548820536,92.30092253899161,460.4715689371207,460.04915597470415,148.60005101939393,148.3614961722669,15.79266455811395,15.934241989145146,7.31498770066615,3.0,-13.0
61,96.0,92.30092253899161,90.78740433348716,460.04915597470415,459.84415484622406,148.3614961722669,148.18977144348142,15.934241989145146,15.993836510490357,3.1924514849621937,3.0,-13.0
62,96.0,90.78740433348716,90.33564153899223,459.84415484622406,459.7870273100849,148.18977144348142,148.13695566655056,15.993836510490357,16.011743729261376,0.8755694444314694,3.0,-13.0
63,96.0,90.33564153899223,89.21481097559851,459.7870273100849,459.6392039933784,148.13695566655056,148.03180798924737,16.011743729261376,16.05619248960729,2.3980941208091604,3.0,-13.0
64,96.0,89.21481097559851,86.29659527172933,459.6392039933784,459.234600118739,148.03180798924737,147.72250531145716,16.05619248960729,16.17277060624364,6.265091087294083,3.0,-13.0
65,96.0,86.29659527172933,84.28560581914128,459.234600118739,459.0004276714896,147.72250531145716,147.46658152830204,16.17277060624364,16.25413877670273,4.1673185565097,3.0,-13.0
66,96.0,84.28560581914128,82.01820019769802,459.0004276714896,458.71564546602804,147.46658152830204,147.15318058092504,16.25413877670273,16.347072827220728,5.150025471644874,3.0,-13.0
67,96.0,82.01820019769802,79.8347681490146,458.71564546602804,458.39536979906353,147.15318058092504,146.82142013117476,16.347072827220728,16.43826838149112,5.096712273178354,3.0,-13.0
68,96.0,79.8347681490146,78.87630037974695,458.39536979906353,458.2610895547535,146.82142013117476,146.6922970404456,16.43826838149112,16.478763928701152,2.2623582455387994,3.0,-13.0
69,96.0,78.87630037974695,77.02515816644049,458.2610895547535,457.99969785214023,146.6922970404456,146.37649916523964,16.478763928701152,16.55808926034927,4.266583904039125,3.0,-13.0
70,96.0,77.02515816644049,75.71502929685694,457.99969785214023,457.8450507155766,146.37649916523964,146.15453279218443,16.55808926034927,16.614889084267876,3.090939511757901,3.0,-13.0
71,96.0,75.71502929685694,75.03995829793453,457.8450507155766,457.75637533305263,146.15453279218443,146.03311847308882,16.614889084267876,16.644648875670896,2.0157073970190043,3.0,-13.0
72,96.0,75.03995829793453,74.1602891041961,457.75637533305263,457.60822765456743,146.03311847308882,145.92568325759183,16.644648875670896,16.6837052017874,2.4290992768490116,3.0,-13.0
73,96.0,74.1602891041961,72.95518437674676,457.60822765456743,457.41560519033,145.92568325759183,145.78586578880402,16.6837052017874,16.73773264608691,3.2327582537294166,3.0,-13.0
74,96.0,72.95518437674676,72.4019491526979,457.41560519033,457.34190736258313,145.78586578880402,145.6915556343531,16.73773264608691,16.763066396511594,1.6433444484949755,3.0,-13.0
75,96.0,72.4019491526979,72.09276951563972,457.34190736258313,457.3055040479304,145.6915556343531,145.6261433068033,16.763066396511594,16.77745302032021,0.8546295261395546,3.0,-13.0
76,96.0,72.09276951563972,70.9976112428142,457.3055040479304,457.19705789416855,145.6261433068033,145.41309915183172,16.77745302032021,16.828481687281375,3.266657297907551,3.0,-13.0
77,96.0,70.9976112428142,70.01587759250637,457.19705789416855,457.1456301283636,145.41309915183172,145.2050763737415,16.828481687281375,16.87510715231617,2.8141460287931914,3.0,-13.0
78,96.0,70.01587759250637,69.12337232662672,457.1456301283636,457.111928693654,145.2050763737415,145.040989649748,16.87510715231617,16.918013816174586,2.850078932468024,3.0,-13.0
79,96.0,69.12337232662672,68.89304572030355,457.111928693654,457.09792309647844,145.040989649748,145.00146503666045,16.918013816174586,16.92930116859556,0.6776499112399818,3.0,-13.0
80,96.0,68.89304572030355,68.11955766607699,457.09792309647844,457.0378217918131,145.00146503666045,144.90874127256976,16.92930116859556,16.96725546191466,2.16864207667037,3.0,-13.0
81,96.0,68.11955766607699,67.41048679398251,457.0378217918131,456.9998519633649,144.90874127256976,144.84895288177094,16.96725546191466,17.002478259407848,2.5276340372630224,3.0,-13.0
82,96.0,67.41048679398251,66.77699851349911,456.9998519633649,456.95612836693715,144.84895288177094,144.8303298278407,17.002478259407848,17.034582553187875,2.024221991087156,3.0,-13.0
83,96.0,66.77699851349911,66.53312431138258,456.95612836693715,456.93615414346885,144.8303298278407,144.82991932154016,17.034582553187875,17.04719097556635,0.968501879531356,3.0,-13.0
84,96.0,66.53312431138258,65.99533061724837,456.93615414346885,456.9031382106289,144.82991932154016,144.82673637519486,17.04719097556635,17.075324590303886,2.135869080050453,3.0,-13.0
85,96.0,65.99533061724837,65.5158554167011,456.9031382106289,456.8886601123838,144.82673637519486,144.83060909477175,17.075324590303886,17.10097127243123,1.8479271757371887,3.0,-13.0
86,96.0,65.5158554167011,65.08546715929056,456.8886601123838,456.89821853997535,144.83060909477175,144.81848188877817,17.10097127243123,17.12451713019426,1.5488829759551521,3.0,-13.0
87,96.0,65.08546715929056,64.69488786398463,456.89821853997535,456.88888250821464,144.81848188877817,144.8000441304812,17.12451713019426,17.14634072552554,1.4461275683314394,3.0,-13.0
88,96.0,64.69488786398463,64.34010464478409,456.88888250821464,456.8658659734375,144.8000441304812,144.79568280354533,17.14634072552554,17.166589941822792,1.8617707354449957,3.0,-13.0
89,96.0,64.34010464478409,64.03065930614527,456.8658659734375,456.83157612560706,144.79568280354533,144.779497008567,17.166589941822792,17.184862970816003,1.4811515328217288,3.0,-13.0
90,96.0,64.03065930614527,63.754680208778986,456.83157612560706,456.7967567045888,144.779497008567,144.76410083138228,17.184862970816003,17.201607135320128,1.1621273729849078,3.0,-13.0
91,96.0,63.754680208778986,63.50472018794763,456.7967567045888,456.77059044696716,144.76410083138228,144.72982317122438,17.201607135320128,17.217180347372423,1.334939267267324,3.0,-13.0
92,96.0,63.50472018794763,63.28095397483351,456.77059044696716,456.7546033977734,144.72982317122438,144.70066454845704,17.217180347372423,17.23144141447591,1.288976577673652,3.0,-13.0
93,96.0,63.28095397483351,63.08108191829679,456.7546033977734,456.7376505627611,144.70066454845704,144.68754146569646,17.23144141447591,17.244470773966242,1.462939280434343,3.0,-13.0
94,96.0,63.08108191829679,62.90810398082317,456.7376505627611,456.7199588494421,144.68754146569646,144.68123252599418,17.244470773966242,17.25614708591173,0.8924624966403369,3.0,-13.0
95,96.0,62.90810398082317,62.75036485860888,456.7199588494421,456.7069109090461,144.68123252599418,144.67583927057143,17.25614708591173,17.267023308400688,1.1381342884620378,3.0,-13.0
96,96.0,62.75036485860888,62.61135583764891,456.7069109090461,456.6983906461498,144.67583927057143,144.66942066061668,17.267023308400688,17.276908649704165,0.787539732374195,3.0,-13.0
97,96.0,62.61135583764891,62.4845227921047,456.6983906461498,456.6956177862514,144.66942066061668,144.66467925995732,17.276908649704165,17.28612817007433,0.8302046376715434,3.0,-13.0
98,96.0,62.4845227921047,62.37017652117824,456.6956177862514,456.6985031263669,144.66467925995732,144.66414050978386,17.28612817007433,17.294663176162928,0.7383850080432333,3.0,-13.0
99,96.0,62.37017652117824,62.26660951076565,456.6985031263669,456.7026359757515,144.66414050978386,144.6673958157241,17.294663176162928,17.302604264980165,0.9101939471037946,3.0,-13.0
100,96.0,62.26660951076565,62.17560328828888,456.7026359757515,456.70723831349494,144.6673958157241,144.67074948131827,17.302604264980165,17.30983327983155,0.5969510059310663,3.0,-13.0
101,96.0,62.17560328828888,62.0923264663993,456.70723831349494,456.70586175799747,144.67074948131827,144.67458476835822,17.30983327983155,17.31660797457008,0.6678755819827114,3.0,-13.0
102,96.0,62.0923264663993,62.01731431984323,456.70586175799747,456.7043326505889,144.67458476835822,144.6742082974162,17.31660797457008,17.322887159888992,0.7111865468068035,3.0,-13.0
103,96.0,62.01731431984323,61.950831906930446,456.7043326505889,456.70059720001063,144.6742082974162,144.67287409627153,17.322887159888992,17.328654524881838,0.5060822029549342,3.0,-13.0
104,96.0,61.950831906930446,61.89000678807075,456.70059720001063,456.69760364878323,144.67287409627153,144.6725869692284,17.328654524881838,17.33406826314078,0.5683260829252699,3.0,-13.0
105,96.0,61.89000678807075,61.8355905027866,456.69760364878323,456.691163107963,144.6725869692284,144.6721814814517,17.33406826314078,17.33909614085328,0.5553696386611326,3.0,-13.0
106,96.0,61.8355905027866,61.78687990852351,456.691163107963,456.6847022082996,144.6721814814517,144.67324803954983,17.33909614085328,17.343759290966958,0.5093434697922696,3.0,-13.0
107,96.0,61.78687990852351,61.74277961773405,456.6847022082996,456.68208408474527,144.67324803954983,144.67571192195163,17.343759290966958,17.34809948474422,0.4321232487268337,3.0,-13.0
108,96.0,61.74277961773405,61.702520557138634,456.68208408474527,456.6819276086934,144.67571192195163,144.6775368059375,17.34809948474422,17.352175032346494,0.4081099904853109,3.0,-13.0
109,96.0,61.702520557138634,61.66588424270866,456.6819276086934,456.6833661330011,144.6775368059375,144.6801402831714,17.352175032346494,17.35600913202894,0.40753323691551524,3.0,-13.0
110,96.0,61.66588424270866,61.63271753678337,456.6833661330011,456.68574707708785,144.6801402831714,144.68325662696537,17.35600913202894,17.35961097727585,0.4373783953021946,3.0,-13.0
111,96.0,61.63271753678337,61.60303616577272,456.68574707708785,456.6882884476721,144.68325662696537,144.68676774551125,17.35961097727585,17.362974326636607,0.49443307547609733,3.0,-13.0
112,96.0,61.60303616577272,61.57693692920127,456.6882884476721,456.69124550146046,144.68676774551125,144.6894839825622,17.362974326636607,17.366082965924793,0.4123046741933515,3.0,-13.0
113,96.0,61.57693692920127,61.553670199566604,456.69124550146046,456.691098957278,144.6894839825622,144.6853734823195,17.366082965924793,17.368992421850173,0.38584972255673605,3.0,-13.0
114,96.0,61.553670199566604,61.532782969678934,456.691098957278,456.69054657051674,144.6853734823195,144.68176117887938,17.368992421850173,17.371728465345768,0.4131681375791882,3.0,-13.0
115,96.0,61.532782969678934,61.51418751355728,456.69054657051674,456.68918438610433,144.68176117887938,144.67927237690975,17.371728465345768,17.374295627445537,0.33214384017976384,3.0,-13.0
116,96.0,61.51418751355728,61.497328173877044,456.68918438610433,456.6885958021209,144.67927237690975,144.67688618821765,17.374295627445537,17.376741686291194,0.44138685151031243,3.0,-13.0
117,96.0,61.497328173877044,61.48266668165813,456.6885958021209,456.6874316455281,144.67688618821765,144.67461952758242,17.376741686291194,17.379049936415132,0.35858000549018243,3.0,-13.0
118,96.0,61.48266668165813,61.46989939190284,456.6874316455281,456.68577157527216,144.67461952758242,144.67135390487036,17.379049936415132,17.381268205389837,0.3600431907899988,3.0,-13.0
119,96.0,61.46989939190284,61.458718696950584,456.68577157527216,456.6843019262953,144.67135390487036,144.66791196430285,17.381268205389837,17.3834186202588,0.32580099431242204,3.0,-13.0
120,96.0,61.458718696950584,61.44858566741927,456.6843019262953,456.68298021035207,144.66791196430285,144.66553981566335,17.3834186202588,17.385526415840133,0.4174081393614192,3.0,-13.0
121,96.0,61.44858566741927,61.44017122736081,456.68298021035207,456.68195890349364,144.66553981566335,144.66361910125516,17.385526415840133,17.38757941677897,0.4803000017613047,3.0,-13.0
122,96.0,61.44017122736081,61.435407599986696,456.68195890349364,456.68232452400963,144.66361910125516,144.66231226760183,17.38757941677897,17.389150492973304,0.5558818193290205,3.0,-13.0
123,96.0,61.435407599986696,61.43535635895347,456.68232452400963,456.6823351956684,144.66231226760183,144.66230013799864,17.389150492973304,17.389222092702127,0.016338010658094645,3.0,-13.0
124,96.0,61.43535635895347,61.435339555542654,456.6823351956684,456.6823357751283,144.66230013799864,144.66231217523938,17.389222092702127,17.389265267508517,0.011451537208029548,3.0,-13.0
125,96.0,61.435339555542654,61.43533513805484,456.6823357751283,456.682333050309,144.66231217523938,144.66231436733827,17.389265267508517,17.389283735229586,0.005471459021755725,3.0,-13.0
126,96.0,108.19869223999233,108.19100029282099,461.08978676184614,461.0915761279024,149.08426583788446,149.0719671772046,15.334058427228571,15.334620246260876,0.03521298692132075,4.0,11.0
127,96.0,108.19100029282099,108.18190597790685,461.0915761279024,461.08994281614406,149.0719671772046,149.04701817730682,15.334620246260876,15.335655235248643,0.05101039970407726,4.0,11.0
128,96.0,108.18190597790685,108.16068643052036,461.08994281614406,461.0858831114548,149.04701817730682,149.03974000209874,15.335655235248643,15.336560416524392,0.06076346205988208,4.0,11.0
129,96.0,108.16068643052036,108.14263262497374,461.0858831114548,461.0835227064016,149.03974000209874,149.04262887617838,15.336560416524392,15.337315182476505,0.1711352694093429,4.0,11.0
130,96.0,108.14263262497374,108.14339813692638,461.0835227064016,461.0782107026395,149.04262887617838,149.03723396443974,15.337315182476505,15.337680716555774,0.03956673048654031,4.0,11.0
131,96.0,108.14339813692638,108.1406207938057,461.0782107026395,461.07381071074167,149.03723396443974,149.0353082200308,15.337680716555774,15.337966513737069,0.042206798884045764,4.0,11.0
132,96.0,108.1406207938057,108.13859483933602,461.07381071074167,461.070922905849,149.0353082200308,149.03605295853916,15.337966513737069,15.338173159741219,0.018637172411256047,4.0,11.0
133,96.0,108.13859483933602,108.14073258676088,461.070922905849,461.06966344337764,149.03605295853916,149.03743786615706,15.338173159741219,15.338346892267166,0.01864092499321008,4.0,11.0
134,96.0,108.14073258676088,108.14230761320263,461.06966344337764,461.06857370817363,149.03743786615706,149.03837822658278,15.338346892267166,15.338488487945687,0.016912818857208613,4.0,11.0
135,96.0,108.14230761320263,108.14205807561454,461.06857370817363,461.06995919891006,149.03837822658278,149.03899383535685,15.338488487945687,15.338600874133899,0.007966011545202628,4.0,11.0
136,96.0,108.14205807561454,108.14265199221377,461.06995919891006,461.0688424542386,149.03899383535685,149.0390850106943,15.338600874133899,15.338699081331672,0.016015328921110093,4.0,11.0
137,96.0,108.14265199221377,108.14272829859678,461.0688424542386,461.0695855578304,149.0390850106943,149.03915613175042,15.338699081331672,15.338766602750171,0.015517471513734242,4.0,11.0
138,96.0,108.14272829859678,108.14284607968474,461.0695855578304,461.06952275626253,149.03915613175042,149.0394424991357,15.338766602750171,15.338802409982184,0.02368308959115966,4.0,11.0
139,96.0,103.04916664723673,103.04552664811754,460.9004030669692,460.90528320846727,148.83259118994695,148.83555129616445,15.524766152232822,15.525055846786044,0.012196817887014511,5.0,11.0
140,96.0,103.04552664811754,103.04192293799592,460.90528320846727,460.9163746578603,148.83555129616445,148.8417341335793,15.525055846786044,15.525626374436925,0.04306582641055185,5.0,11.0
141,96.0,103.04192293799592,103.04597833380414,460.9163746578603,460.91726002470176,148.8417341335793,148.83207720589493,15.525626374436925,15.526099803229492,0.0292125586603947,5.0,11.0
142,96.0,103.04597833380414,103.04086653357201,460.91726002470176,460.91230201609096,148.83207720589493,148.82692091082205,15.526099803229492,15.526509789138414,0.0384704360611292,5.0,11.0
143,96.0,103.04086653357201,103.03479609906785,460.91230201609096,460.9133857300526,148.82692091082205,148.8243551862379,15.526509789138414,15.526839724571623,0.025117862773523174,5.0,11.0
144,96.0,103.03479609906785,103.0329726121768,460.9133857300526,460.90850818383916,148.8243551862379,148.8229063175193,15.526839724571623,15.527119852692072,0.018722120818614307,5.0,11.0
145,96.0,103.0329726121768,103.03169748754745,460.90850818383916,460.9042450680061,148.8229063175193,148.82368064368626,15.527119852692072,15.527364267749633,0.02463360230529716,5.0,11.0
146,96.0,103.03169748754745,103.0330783240947,460.9042450680061,460.90507957201197,148.82368064368626,148.8206495006105,15.527364267749633,15.527563638503443,0.012489891320063359,5.0,11.0
147,96.0,103.0330783240947,103.03463178464708,460.90507957201197,460.9074064569103,148.8206495006105,148.81979960347672,15.527563638503443,15.527740998372701,0.02877467478067814,5.0,11.0
148,96.0,103.03463178464708,103.03634586327946,460.9074064569103,460.9067654560844,148.81979960347672,148.81956872289018,15.527740998372701,15.527868772449624,0.0162155573281643,5.0,11.0
149,96.0,103.03634586327946,103.03702603496586,460.9067654560844,460.90713633376055,148.81956872289018,148.82059838750274,15.527868772449624,15.52796809029905,0.020253555787845122,5.0,11.0
150,96.0,103.03702603496586,103.03751153676899,460.90713633376055,460.9072664007231,148.82059838750274,148.82020359566312,15.52796809029905,15.528028163646361,0.01754198459778241,5.0,11.0
151,96.0,103.03751153676899,103.03747291974521,460.9072664007231,460.90713318353374,148.82020359566312,148.82006461459898,15.528028163646361,15.528053463499054,0.018034736152347,5.0,11.0
152,96.0,102.89156869994174,102.88917264457318,460.89322679013674,460.8867508113473,148.82938872457572,148.8306580135002,15.530661152440898,15.530959895430696,0.017581726833362482,6.0,11.0
153,96.0,102.88917264457318,102.88575482828995,460.8867508113473,460.8739641624908,148.8306580135002,148.83217965521624,15.530959895430696,15.531534814042399,0.04338239235931047,6.0,11.0
154,96.0,102.88575482828995,102.89142119466644,460.8739641624908,460.8666432723875,148.83217965521624,148.8373580264183,15.531534814042399,15.532011758719323,0.03628492536544805,6.0,11.0
155,96.0,102.89142119466644,102.89456206282387,460.8666432723875,460.858768267278,148.8373580264183,148.83718786596614,15.532011758719323,15.532410084518187,0.022998094051270075,6.0,11.0
156,96.0,102.89456206282387,102.89394978920606,460.858768267278,460.86232059689803,148.83718786596614,148.83094388988297,15.532410084518187,15.532760394802521,0.023185427654638328,6.0,11.0
157,96.0,102.89394978920606,102.8996081158843,460.86232059689803,460.8638141102955,148.83094388988297,148.8322612854933,15.532760394802521,15.533063907061191,0.02511203953842641,6.0,11.0
158,96.0,102.8996081158843,102.90387554807793,460.8638141102955,460.8621639272319,148.8322612854933,148.83090029643813,15.533063907061191,15.533318746666055,0.030353281559082023,6.0,11.0
159,96.0,102.90387554807793,102.90475675931036,460.8621639272319,460.8640600273169,148.83090029643813,148.82818628063592,15.533318746666055,15.533517786327177,0.01359318024854326,6.0,11.0
160,96.0,102.90475675931036,102.90582278242285,460.8640600273169,460.8615093026589,148.82818628063592,148.82740453707476,15.533517786327177,15.53369290235989,0.02908573942054103,6.0,11.0
161,96.0,102.90582278242285,102.90674874900394,460.8615093026589,460.8607001014108,148.82740453707476,148.82610634305664,15.53369290235989,15.533817919003587,0.044477610694496066,6.0,11.0
162,96.0,102.90674874900394,102.90670237974113,460.8607001014108,460.86056423894854,148.82610634305664,148.8264488016124,15.533817919003587,15.533858236490929,0.012155485844326906,6.0,11.0
163,96.0,102.90670237974113,102.90680360255487,460.86056423894854,460.86049389230277,148.8264488016124,148.82645553506612,15.533858236490929,15.53387630391496,0.013812714076258304,6.0,11.0
164,96.0,102.56075212653079,102.55642530975726,460.8773384533591,460.8738285224257,148.821417745938,148.815182565784,15.543046298822162,15.543393342795781,0.03192376666544755,7.0,11.0
165,96.0,102.55642530975726,102.55255446784854,460.8738285224257,460.8670207710596,148.815182565784,148.80271666922147,15.543393342795781,15.544017972894219,0.03595752061210198,7.0,11.0
166,96.0,102.55255446784854,102.56230833015013,460.8670207710596,460.86081802931506,148.80271666922147,148.80718417742318,15.544017972894219,15.54455956503817,0.042540605451913356,7.0,11.0
167,96.0,102.56230833015013,102.56509445591455,460.86081802931506,460.85174288947945,148.80718417742318,148.80956180006677,15.54455956503817,15.545006397710614,0.05004148911124338,7.0,11.0
168,96.0,102.56509445591455,102.57116871811277,460.85174288947945,460.84952421185807,148.80956180006677,148.80696090832117,15.545006397710614,15.54534753798076,0.021288813229414585,7.0,11.0
169,96.0,102.57116871811277,102.5708041350429,460.84952421185807,460.8455840693579,148.80696090832117,148.80262738200662,15.54534753798076,15.545645946688678,0.023599217793296975,7.0,11.0
170,96.0,102.5708041350429,102.56976385072169,460.8455840693579,460.8461077306985,148.80262738200662,148.79804970327092,15.545645946688678,15.545898764286507,0.022694811761797894,7.0,11.0
171,96.0,102.56976385072169,102.5704068840693,460.8461077306985,460.84833831204605,148.79804970327092,148.79516148264582,15.545898764286507,15.54610963086492,0.011348762638256984,7.0,11.0
172,96.0,102.5704068840693,102.5733860061923,460.84833831204605,460.84717555478426,148.79516148264582,148.79560634835633,15.54610963086492,15.546300225408801,0.015571806758463749,7.0,11.0
173,96.0,102.5733860061923,102.57171809285751,460.84717555478426,460.84659723248967,148.79560634835633,148.79368367980388,15.546300225408801,15.546463674098687,0.016410466343472145,7.0,11.0
174,96.0,102.57171809285751,102.57275703236942,460.84659723248967,460.8448893293427,148.79368367980388,148.79369570722568,15.546463674098687,15.546598900863035,0.016378135833855244,7.0,11.0
175,96.0,102.57275703236942,102.57389773149009,460.8448893293427,460.8449639044692,148.79369570722568,148.79283896244266,15.546598900863035,15.546705684951704,0.012042113229464756,7.0,11.0
176,96.0,102.57389773149009,102.57452864644392,460.8449639044692,460.84573461370246,148.79283896244266,148.7925757703955,15.546705684951704,15.546790475298478,0.014976619345439467,7.0,11.0
177,96.0,102.57452864644392,102.57485270418897,460.84573461370246,460.8461873256084,148.7925757703955,148.79249639308122,15.546790475298478,15.546845176787928,0.010994568862283472,7.0,11.0
178,96.0,102.57485270418897,102.57508722193066,460.8461873256084,460.8461861665466,148.79249639308122,148.79234806407123,15.546845176787928,15.546877735607547,0.019297180245478943,7.0,11.0
179,96.0,102.57508722193066,102.57508287475048,460.8461861665466,460.84618694624044,148.79234806407123,148.79234129987694,15.546877735607547,15.546880369829022,0.0026947432113746846,7.0,11.0
180,96.0,101.68844735008341,101.68439110253091,460.82251929006213,460.81753297817806,148.8000017817852,148.79368968090492,15.57576818863164,15.576138179901582,0.016081152333143313,8.0,11.0
181,96.0,101.68439110253091,101.67550213444477,460.81753297817806,460.81039500529886,148.79368968090492,148.78115011419538,15.576138179901582,15.57684107561732,0.03960459789275399,8.0,11.0
182,96.0,101.67550213444477,101.67099794802697,460.81039500529886,460.8058884600549,148.78115011419538,148.7939355117199,15.57684107561732,15.577450238307122,0.04591933128811667,8.0,11.0
183,96.0,101.67099794802697,101.66406449919519,460.8058884600549,460.8012897551983,148.7939355117199,148.80166451156424,15.577450238307122,15.577954418058285,0.03709450749860163,8.0,11.0
184,96.0,101.66406449919519,101.65748190135707,460.8012897551983,460.8075176017188,148.80166451156424,148.8028161972243,15.577954418058285,15.578377153186167,0.04225354311815796,8.0,11.0
185,96.0,101.65748190135707,101.65118102115022,460.8075176017188,460.80571280404985,148.8028161972243,148.80460100724946,15.578377153186167,15.578711482357816,0.03294563265982661,8.0,11.0
186,96.0,101.65118102115022,101.6465865871237,460.80571280404985,460.8053469031632,148.80460100724946,148.8068552591251,15.578711482357816,15.578980680954327,0.014210495497136832,8.0,11.0
187,96.0,101.6465865871237,101.64661995637859,460.8053469031632,460.80270617858105,148.8068552591251,148.80325640480805,15.578980680954327,15.579222946169962,0.01778069308462599,8.0,11.0
188,96.0,101.64661995637859,101.6447727252472,460.80270617858105,460.8027692293758,148.80325640480805,148.80007947073418,15.579222946169962,15.579432549330818,0.02517741567162556,8.0,11.0
189,96.0,101.6447727252472,101.64313459775423,460.8027692293758,460.8045440612139,148.80007947073418,148.79898808097116,15.579432549330818,15.579597799140275,0.016411978972475268,8.0,11.0
190,96.0,101.64313459775423,101.64145592846107,460.8045440612139,460.80373911578744,148.79898808097116,148.79816215543372,15.579597799140275,15.579734813663249,0.014455859118984699,8.0,11.0
191,96.0,101.64145592846107,101.6402926994552,460.80373911578744,460.8029326084867,148.79816215543372,148.79874095516067,15.579734813663249,15.579846826802163,0.014024970684104637,8.0,11.0
192,96.0,101.6402926994552,101.63985909004977,460.8029326084867,460.80370224370847,148.79874095516067,148.79933057688328,15.579846826802163,15.579933472145779,0.023304334448064398,8.0,11.0
193,96.0,101.63985909004977,101.63993440829027,460.80370224370847,460.8040450825567,148.79933057688328,148.79923750336172,15.579933472145779,15.579973134277346,0.024080582896164795,8.0,11.0
194,96.0,101.63993440829027,101.63993623467907,460.8040450825567,460.8040445419485,148.79923750336172,148.7992346033201,15.579973134277346,15.579974619047373,0.0015594666381196498,8.0,11.0
195,96.0,100.64462685404905,100.52015342124305,460.7630932083081,460.73488043705265,148.7696932312571,148.77839586754777,15.61500534835426,15.619315946802928,0.2021051249689947,9.0,11.0
196,96.0,100.52015342124305,100.3360217106357,460.73488043705265,460.694573239157,148.77839586754777,148.77554245155395,15.619315946802928,15.6256759952485,0.41747768944684815,9.0,11.0
197,96.0,100.3360217106357,100.30276324251773,460.694573239157,460.6894337897837,148.77554245155395,148.80897341886867,15.6256759952485,15.627304168876172,0.06421933566470778,9.0,11.0
198,96.0,100.30276324251773,100.22656650859729,460.6894337897837,460.68422991036067,148.80897341886867,148.86435866165039,15.627304168876172,15.630590610852803,0.17780800119519755,9.0,11.0
199,96.0,100.22656650859729,100.16770902326638,460.68422991036067,460.68065142305267,148.86435866165039,148.86853821555334,15.630590610852803,15.632672183511627,0.16355268676295254,9.0,11.0
200,96.0,100.16770902326638,100.1565489973726,460.68065142305267,460.62085197420413,148.86853821555334,148.86903814831334,15.632672183511627,15.634850188272038,0.11528415770283834,9.0,11.0
201,96.0,100.1565489973726,100.14951062892132,460.62085197420413,460.5985592879582,148.86903814831334,148.82396096912515,15.634850188272038,15.6366945216247,0.10202227018546113,9.0,11.0
202,96.0,100.14951062892132,100.14099044660969,460.5985592879582,460.5574485344061,148.82396096912515,148.82776059891893,15.6366945216247,15.638251758343252,0.08529024026695484,9.0,11.0
203,96.0,100.14099044660969,100.10798034699164,460.5574485344061,460.5618610156486,148.82776059891893,148.81637108063052,15.638251758343252,15.63957623011818,0.07355331682990113,9.0,11.0
204,96.0,100.10798034699164,100.09398394178788,460.5618610156486,460.5827207235354,148.81637108063052,148.83168286965162,15.63957623011818,15.64070627181138,0.31764262515132086,9.0,11.0
205,96.0,100.09398394178788,100.09618309469803,460.5827207235354,460.5862832266512,148.83168286965162,148.8382130729604,15.64070627181138,15.641077385474667,0.023688511363189304,9.0,11.0
206,96.0,100.09618309469803,100.09160821941616,460.5862832266512,460.5874313878645,148.8382130729604,148.84266887126293,15.641077385474667,15.64139996771042,0.02248901348586099,9.0,11.0
207,96.0,100.09160821941616,100.09479496832763,460.5874313878645,460.590224177407,148.84266887126293,148.83939372509997,15.64139996771042,15.641678127883875,0.0186018673590385,9.0,11.0
208,96.0,100.09479496832763,100.09724188078424,460.590224177407,460.5870487551844,148.83939372509997,148.83740383763546,15.641678127883875,15.641920868118172,0.051377284566156284,9.0,11.0
209,96.0,100.09724188078424,100.09652506148169,460.5870487551844,460.58582411681857,148.83740383763546,148.83554323972902,15.641920868118172,15.642072049085371,0.008555989101880724,9.0,11.0
210,96.0,100.09652506148169,100.09769206128377,460.58582411681857,460.58457536851137,148.83554323972902,148.83663017395483,15.642072049085371,15.64220853315158,0.013618611051661443,9.0,11.0
211,96.0,100.09769206128377,100.09706265667889,460.58457536851137,460.5831702653698,148.83663017395483,148.83678393215203,15.64220853315158,15.642321472741937,0.01723335102046199,9.0,11.0
212,96.0,100.09706265667889,100.09774110849494,460.5831702653698,460.5832758554864,148.83678393215203,148.8360913785596,15.642321472741937,15.642403015676553,0.012789827144046792,9.0,11.0
213,96.0,100.09774110849494,100.09827677059238,460.5832758554864,460.58329186087224,148.8360913785596,148.83587854854272,15.642403015676553,15.642458729628261,0.020081572523067765,9.0,11.0
214,96.0,100.09827677059238,100.09837207412632,460.58329186087224,460.58335689428634,148.83587854854272,148.83585896623123,15.642458729628261,15.642476113200292,0.013392699369166938,9.0,11.0
215,96.0,100.17255273723285,100.1662912608654,460.74349172248924,460.74559112704185,148.75449268349456,148.77032007462432,15.632846744813838,15.633492631435551,0.03041974769452733,10.0,11.0
216,96.0,100.1662912608654,100.15694574521092,460.74559112704185,460.7441913227391,148.77032007462432,148.80143330944549,15.633492631435551,15.634727063214603,0.07760117252656115,10.0,11.0
217,96.0,100.15694574521092,100.16991952900187,460.7441913227391,460.72688286194915,148.80143330944549,148.8168694124442,15.634727063214603,15.635760997717654,0.08008902256340181,10.0,11.0
218,96.0,100.16991952900187,100.16691499661614,460.72688286194915,460.7185217325176,148.8168694124442,148.83551562928415,15.635760997717654,15.636592564817317,0.0369493594083395,10.0,11.0
219,96.0,100.16691499661614,100.15502089738487,460.7185217325176,460.72950170736885,148.83551562928415,148.84347610738544,15.636592564817317,15.637333545597146,0.05152855806825187,10.0,11.0
220,96.0,100.15502089738487,100.15648044191616,460.72950170736885,460.7439653662694,148.84347610738544,148.84322447147352,15.637333545597146,15.63795171975275,0.03506571760960046,10.0,11.0
221,96.0,100.15648044191616,100.15857264237334,460.7439653662694,460.75560126346033,148.84322447147352,148.84652455197457,15.63795171975275,15.638489071429444,0.05897964114077857,10.0,11.0
222,96.0,100.15857264237334,100.15423580061827,460.75560126346033,460.75885591310754,148.84652455197457,148.83969258052747,15.638489071429444,15.63889645259111,0.027622848504306664,10.0,11.0
223,96.0,100.15423580061827,100.15160279634817,460.75885591310754,460.7554338706509,148.83969258052747,148.8339431919069,15.63889645259111,15.639246013191682,0.025265688416105245,10.0,11.0
224,96.0,100.15160279634817,100.15185334982948,460.7554338706509,460.7507621589716,148.8339431919069,148.8303893293426,15.639246013191682,15.639544690911753,0.03469151624146987,10.0,11.0
225,96.0,100.15185334982948,100.1511016135614,460.7507621589716,460.7498221293698,148.8303893293426,148.8263430072989,15.639544690911753,15.639777021697386,0.019963314457237064,10.0,11.0
226,96.0,100.1511016135614,100.14858787715309,460.7498221293698,460.7478003501732,148.8263430072989,148.82727497964885,15.639777021697386,15.639973151471535,0.01822968697731603,10.0,11.0
227,96.0,100.14858787715309,100.14633091328221,460.7478003501732,460.7473053942038,148.82727497964885,148.8285272801565,15.639973151471535,15.640137405168323,0.02224230956921829,10.0,11.0
228,96.0,100.14633091328221,100.145591794588,460.7473053942038,460.7483484897584,148.8285272801565,148.82980615504857,15.640137405168323,15.640263408642825,0.016054315591657212,10.0,11.0
229,96.0,100.145591794588,100.14440965349313,460.7483484897584,460.74806580561443,148.82980615504857,148.8301372626681,15.640263408642825,15.640361158838934,0.013243358943431495,10.0,11.0
230,96.0,100.14440965349313,100.14405402874253,460.74806580561443,460.7474208940929,148.8301372626681,148.82975510096801,15.640361158838934,15.640433773783103,0.013058828576196354,10.0,11.0
231,96.0,100.14405402874253,100.14440570813183,460.7474208940929,460.7475671521844,148.82975510096801,148.82997783140024,15.640433773783103,15.640479543573656,0.017193057846930662,10.0,11.0
232,96.0,100.14440570813183,100.14444725738886,460.7475671521844,460.74749267765384,148.82997783140024,148.83000514719555,15.640479543573656,15.64049387857086,0.011468398765096248,10.0,11.0
233,96.0,100.00068598079125,99.98127537809437,460.73624391104823,460.7476478552791,148.7483536689902,148.74336405919982,15.639355262544989,15.640199999070163,0.24407772827933372,11.0,11.0
234,96.0,99.98127537809437,99.9570376071123,460.7476478552791,460.7567893242356,148.74336405919982,148.73767978999575,15.640199999070163,15.641232124948134,0.13328185329412387,11.0,11.0
235,96.0,99.9570376071123,99.94610847430629,460.7567893242356,460.74610475282907,148.73767978999575,148.74481433986267,15.641232124948134,15.641932230459595,0.10388407149526022,11.0,11.0
236,96.0,99.94610847430629,99.94148385457618,460.74610475282907,460.74055432829834,148.74481433986267,148.7519711366113,15.641932230459595,15.642393136866536,0.03903776965014855,11.0,11.0
237,96.0,99.94148385457618,99.9460375628183,460.74055432829834,460.74275153402886,148.7519711366113,148.7580643381082,15.642393136866536,15.642770326999358,0.027187683792096996,11.0,11.0
238,96.0,99.9460375628183,99.9514899894587,460.74275153402886,460.74578385849657,148.7580643381082,148.75973222415445,15.642770326999358,15.643091724355603,0.03215840955895798,11.0,11.0
239,96.0,99.9514899894587,99.95604982902509,460.74578385849657,460.7464318045406,148.75973222415445,148.7612948769207,15.643091724355603,15.64335019659174,0.018294986709139125,11.0,11.0
240,96.0,99.95604982902509,99.95757331923494,460.7464318045406,460.74870720737255,148.7612948769207,148.76424810608987,15.64335019659174,15.643574504615872,0.020246835258368644,11.0,11.0
241,96.0,99.95757331923494,99.95869101530414,460.74870720737255,460.7493722776336,148.76424810608987,148.7671355327662,15.643574504615872,15.643762427504686,0.018240127756419016,11.0,11.0
242,96.0,99.95869101530414,99.95783341948899,460.7493722776336,460.74785864230336,148.7671355327662,148.76886142522258,15.643762427504686,15.64391866683735,0.022285877863544044,11.0,11.0
243,96.0,99.95783341948899,99.95679259538487,460.74785864230336,460.7475103318983,148.76886142522258,148.76763671280975,15.64391866683735,15.644036543991373,0.011711104641939632,11.0,11.0
244,96.0,99.95679259538487,99.95749774650314,460.7475103318983,460.74709764034935,148.76763671280975,148.76669313031934,15.644036543991373,15.64413365929661,0.008569607786422039,11.0,11.0
245,96.0,99.95749774650314,99.95766906912505,460.74709764034935,460.7478576748082,148.76669313031934,148.76611842741323,15.64413365929661,15.644214778372987,0.015297563721105904,11.0,11.0
246,96.0,99.95766906912505,99.95800077714163,460.7478576748082,460.74759003784686,148.76611842741323,148.7658600990051,15.644214778372987,15.644264837651539,0.02977983982785591,11.0,11.0
247,96.0,95.96298548820536,95.94971778527838,460.4715689371207,460.4838142690255,148.60005101939393,148.59456374634004,15.79266455811395,15.79336388882647,0.0330972519846852,12.0,11.0
248,96.0,95.94971778527838,95.92732936901554,460.4838142690255,460.50454261996293,148.59456374634004,148.6173304086594,15.79336388882647,15.794784550623017,0.09211763421704589,12.0,11.0
249,96.0,95.92732936901554,95.90171576704404,460.50454261996293,460.50856983694587,148.6173304086594,148.63383677883323,15.794784550623017,15.795959045140394,0.06430338817095134,12.0,11.0
250,96.0,95.90171576704404,95.87865749110264,460.50856983694587,460.52004872564623,148.63383677883323,148.63154416501544,15.795959045140394,15.796968699588568,0.056397108208393075,12.0,11.0
251,96.0,95.87865749110264,95.85758301567846,460.52004872564623,460.52217814221757,148.63154416501544,148.62690762381303,15.796968699588568,15.797835662847188,0.0521564992852027,12.0,11.0
252,96.0,95.85758301567846,95.84514348682993,460.52217814221757,460.534712824512,148.62690762381303,148.62357582639544,15.797835662847188,15.798574287270112,0.05474500182426186,12.0,11.0
253,96.0,95.84514348682993,95.84017353340568,460.534712824512,460.5479151036076,148.62357582639544,148.62568443339006,15.798574287270112,15.799182684224574,0.042239992131014176,12.0,11.0
254,96.0,95.84017353340568,95.84852960429465,460.5479151036076,460.55451809546975,148.62568443339006,148.6301886970363,15.799182684224574,15.799694377504897,0.03869516012397913,12.0,11.0
255,96.0,95.84852960429465,95.85357466187541,460.55451809546975,460.56132732076514,148.6301886970363,148.633861620766,15.799694377504897,15.800120879845558,0.027540571213462015,12.0,11.0
256,96.0,95.85357466187541,95.84924946311062,460.56132732076514,460.56761869464907,148.633861620766,148.63468772836185,15.800120879845558,15.800489049336592,0.030432408750811567,12.0,11.0
257,96.0,95.84924946311062,95.84999976821979,460.56761869464907,460.5724705098434,148.63468772836185,148.63825593132458,15.800489049336592,15.800795322791283,0.02818552129689811,12.0,11.0
258,96.0,95.84999976821979,95.85225076367178,460.5724705098434,460.5763023600871,148.63825593132458,148.63976999180267,15.800795322791283,15.801046983359134,0.015518793075385054,12.0,11.0
259,96.0,95.85225076367178,95.85351802449962,460.5763023600871,460.5796183740419,148.63976999180267,148.64159424872005,15.801046983359134,15.801269788929549,0.013484003897524856,12.0,11.0
260,96.0,95.85351802449962,95.85564557721224,460.5796183740419,460.58227610103006,148.64159424872005,148.64182443048642,15.801269788929549,15.801468238830942,0.013710068013310057,12.0,11.0
261,96.0,95.85564557721224,95.8529265209762,460.58227610103006,460.5831473790433,148.64182443048642,148.64182330275423,15.801468238830942,15.801642576282386,0.01981037630307058,12.0,11.0
262,96.0,95.8529265209762,95.85146155003775,460.5831473790433,460.5845317584596,148.64182330275423,148.6424257136696,15.801642576282386,15.80178276214833,0.015887370290865614,12.0,11.0
263,96.0,95.85146155003775,95.85034475169287,460.5845317584596,460.58438564451654,148.6424257136696,148.64137037680823,15.80178276214833,15.80189550637295,0.023685354709244058,12.0,11.0
264,96.0,95.85034475169287,95.85042189165169,460.58438564451654,460.5851219709287,148.64137037680823,148.6411737722724,15.80189550637295,15.801964044524086,0.012478368053406429,12.0,11.0
265,96.0,95.85042189165169,95.85042079947083,460.5851219709287,460.5851941850698,148.6411737722724,148.64077699549324,15.801964044524086,15.802006886414567,0.0183867588429567,12.0,11.0
266,96.0,95.85042079947083,95.85046072911327,460.5851941850698,460.58522304596806,148.64077699549324,148.64074782842795,15.802006886414567,15.802017288995453,0.008835538341958271,12.0,11.0
267,96.0,90.78740433348716,90.75719043097095,459.84415484622406,459.860516231588,148.18977144348142,148.19985443982972,15.993836510490357,15.995102787672057,0.056899655716094295,13.0,11.0
268,96.0,90.75719043097095,90.70588419154663,459.860516231588,459.89638377151476,148.19985443982972,148.2252841934682,15.995102787672057,15.997503847455754,0.18336018601390983,13.0,11.0
269,96.0,90.70588419154663,90.65984622834272,459.89638377151476,459.9145998236069,148.2252841934682,148.23915150446268,15.997503847455754,15.99936937022139,0.13217191485767646,13.0,11.0
270,96.0,90.65984622834272,90.64424520287405,459.9145998236069,459.8953801028767,148.23915150446268,148.2709221005237,15.99936937022139,16.000863835675972,0.13236325442046346,13.0,11.0
271,96.0,90.64424520287405,90.62781996169282,459.8953801028767,459.8708046781174,148.2709221005237,148.27389445942208,16.000863835675972,16.002003640796424,0.06067352471995984,13.0,11.0
272,96.0,90.62781996169282,90.61101396391855,459.8708046781174,459.86445974230435,148.27389445942208,148.25631452132262,16.002003640796424,16.002988638674264,0.0832377064672148,13.0,11.0
273,96.0,90.61101396391855,90.60318344475243,459.86445974230435,459.84831128593277,148.25631452132262,148.2498668063445,16.002988638674264,16.00376543267897,0.10354469175654148,13.0,11.0
274,96.0,90.60318344475243,90.60958452281274,459.84831128593277,459.8380695576532,148.2498668063445,148.25102304825404,16.00376543267897,16.00429768353731,0.04182987192334896,13.0,11.0
275,96.0,90.60958452281274,90.60308096127537,459.8380695576532,459.832140176545,148.25102304825404,148.25482192103783,16.00429768353731,16.0047371137175,0.031059427513272696,13.0,11.0
276,96.0,90.60308096127537,90.60521927067575,459.832140176545,459.8279338525499,148.25482192103783,148.26105115457398,16.0047371137175,16.00511040805547,0.028958940810454043,13.0,11.0
277,96.0,90.60521927067575,90.59912015341757,459.8279338525499,459.8265168222506,148.26105115457398,148.26138094548773,16.00511040805547,16.005424517596467,0.030118644429768412,13.0,11.0
278,96.0,90.59912015341757,90.6025437737005,459.8265168222506,459.8232689987458,148.26138094548773,148.2605686841731,16.005424517596467,16.005679961118275,0.028197198264613404,13.0,11.0
279,96.0,90.6025437737005,90.6058409503678,459.8232689987458,459.8245182664176,148.2605686841731,148.2607410383998,16.005679961118275,16.005883424231392,0.04179179398008979,13.0,11.0
280,96.0,90.6058409503678,90.60718013311474,459.8245182664176,459.82508540879115,148.2607410383998,148.26197454200732,16.005883424231392,16.006014228224437,0.013158983156703302,13.0,11.0
281,96.0,90.60718013311474,90.60831691763777,459.82508540879115,459.8257021539691,148.26197454200732,148.26263088307752,16.006014228224437,16.006122152209695,0.014537623218208045,13.0,11.0
282,96.0,90.60831691763777,90.60751949287553,459.8257021539691,459.8262277841397,148.26263088307752,148.26245969238784,16.006122152209695,16.0062034005949,0.015893502066321157,13.0,11.0
283,96.0,90.60751949287553,90.60703627420175,459.8262277841397,459.8262344905439,148.26245969238784,148.26247909904487,16.0062034005949,16.006252367507354,0.019565015095718827,13.0,11.0
284,96.0,90.60703627420175,90.60695866250981,459.8262344905439,459.8262239204543,148.26247909904487,148.26246968032032,16.006252367507354,16.006265455972034,0.010652694334615454,13.0,11.0
285,96.0,90.33564153899223,90.33127400181027,459.7870273100849,459.78398507637587,148.13695566655056,148.13864329361078,16.011743729261376,16.011986238489,0.012928444138213452,14.0,11.0
286,96.0,90.33127400181027,90.32367020119855,459.78398507637587,459.77578459241096,148.13864329361078,148.1430542686522,16.011986238489,16.01251448908122,0.03797461047126826,14.0,11.0
287,96.0,90.32367020119855,90.33288577538156,459.77578459241096,459.77277176029486,148.1430542686522,148.14355773315236,16.01251448908122,16.012958455350102,0.03438059647136705,14.0,11.0
288,96.0,90.33288577538156,90.33343230639615,459.77277176029486,459.76746990172506,148.14355773315236,148.1491793736586,16.012958455350102,16.013329178361378,0.023131727274151637,14.0,11.0
289,96.0,90.33343230639615,90.33790327020984,459.76746990172506,459.76295783651705,148.1491793736586,148.1505947282107,16.013329178361378,16.013652503941618,0.029195739324258795,14.0,11.0
290,96.0,90.33790327020984,90.34075101261394,459.76295783651705,459.7598165492815,148.1505947282107,148.1533373211948,16.013652503941618,16.013918457331147,0.024548561727244296,14.0,11.0
291,96.0,90.34075101261394,90.34363557315558,459.7598165492815,459.76217895240313,148.1533373211948,148.15456283305392,16.013918457331147,16.014138497343918,0.020128976510293602,14.0,11.0
292,96.0,90.34363557315558,90.34613638004824,459.76217895240313,459.76291103446175,148.15456283305392,148.15619916925158,16.014138497343918,16.014322527752565,0.043685096510336606,14.0,11.0
293,96.0,90.34613638004824,90.34607830529991,459.76291103446175,459.7640769425769,148.15619916925158,148.1553213663679,16.014322527752565,16.01443098625169,0.012274605162799145,14.0,11.0
294,96.0,90.34607830529991,90.34649142849524,459.7640769425769,459.7633693785095,148.1553213663679,148.15465934969112,16.01443098625169,16.01451712668568,0.02736661266421966,14.0,11.0
295,96.0,90.34649142849524,90.34644448465785,459.7633693785095,459.7636217503514,148.15465934969112,148.1546038823289,16.01451712668568,16.014548400573826,0.021309925792959063,14.0,11.0
296,96.0,89.21481097559851,89.21181700520944,459.6392039933784,459.6370511235282,148.03180798924737,148.02468474541104,16.05619248960729,16.056527383155714,0.0355217427449214,15.0,11.0
297,96.0,89.21181700520944,89.2054716279412,459.6370511235282,459.62969357771556,148.02468474541104,148.01476287312352,16.056527383155714,16.05712239699926,0.03518529310580873,15.0,11.0
298,96.0,89.2054716279412,89.20295014800938,459.62969357771556,459.6204719548549,148.01476287312352,148.0081154608069,16.05712239699926,16.057637009476792,0.15376685679479551,15.0,11.0
299,96.0,89.20295014800938,89.20476340495387,459.6204719548549,459.6181410315911,148.0081154608069,148.00993821323001,16.057637009476792,16.05783793681492,0.033579060301662085,15.0,11.0
300,96.0,89.20476340495387,89.20546963866933,459.6181410315911,459.6195281856256,148.00993821323001,148.01142458498262,16.05783793681492,16.057980405708314,0.012769564700141805,15.0,11.0
301,96.0,89.20546963866933,89.20616274336288,459.6195281856256,459.6205178706594,148.01142458498262,148.01261602568695,16.057980405708314,16.058100903985697,0.013537832835457082,15.0,11.0
302,96.0,89.20616274336288,89.20501692642577,459.6205178706594,459.62083490075963,148.01261602568695,148.01227204518221,16.058100903985697,16.05819744147968,0.011620498364395812,15.0,11.0
303,96.0,89.20501692642577,89.20577690307964,459.62083490075963,459.62093157192703,148.01227204518221,148.01188109489038,16.05819744147968,16.058271962653578,0.019050376987258973,15.0,11.0
304,96.0,89.20577690307964,89.20595047729873,459.62093157192703,459.6210484188009,148.01188109489038,148.01211601236506,16.058271962653578,16.058307657048,0.017368919312595613,15.0,11.0
305,96.0,89.20595047729873,89.2059366705412,459.6210484188009,459.62103444396297,148.01211601236506,148.01209085791413,16.058307657048,16.05831452295321,0.006256121326461226,15.0,11.0
306,96.0,84.28560581914128,84.28170590417834,459.0004276714896,459.00474100293275,147.46658152830204,147.4628400694248,16.25413877670273,16.25443421059492,0.010677034694075148,16.0,11.0
307,96.0,84.28170590417834,84.27947023815429,459.00474100293275,459.0156676075392,147.4628400694248,147.455362752165,16.25443421059492,16.255012869811658,0.030937848103010604,16.0,11.0
308,96.0,84.27947023815429,84.27048210049881,459.0156676075392,459.00945549520446,147.455362752165,147.45187579275873,16.255012869811658,16.255521142316027,0.047301841989154284,16.0,11.0
309,96.0,84.27048210049881,84.26970819765788,459.00945549520446,459.00282351280384,147.45187579275873,147.44637158829627,16.255521142316027,16.255925948275955,0.026079140377495015,16.0,11.0
310,96.0,84.26970819765788,84.27332439466706,459.00282351280384,458.9965892850223,147.44637158829627,147.44649458799552,16.255925948275955,16.256276196159252,0.021234661905710744,16.0,11.0
311,96.0,84.27332439466706,84.27580612685549,458.9965892850223,458.99536236263805,147.44649458799552,147.4410634036147,16.256276196159252,16.256583519137898,0.026250805303718972,16.0,11.0
312,96.0,84.27580612685549,84.27473658174985,458.99536236263805,458.9910630410536,147.4410634036147,147.43918996270062,16.256583519137898,16.256839840073354,0.024904279709651367,16.0,11.0
313,96.0,84.27473658174985,84.27291921960726,458.9910630410536,458.9912059201236,147.43918996270062,147.43598160514293,16.256839840073354,16.25705005821094,0.03314058998576391,16.0,11.0
314,96.0,84.27291921960726,84.27268902863617,458.9912059201236,458.9930766705056,147.43598160514293,147.43456095115462,16.25705005821094,16.2572021729877,0.012423986960694553,16.0,11.0
315,96.0,84.27268902863617,84.27359827322064,458.9930766705056,458.99362937631713,147.43456095115462,147.43614274468968,16.2572021729877,16.25733294769825,0.024197883559003944,16.0,11.0
316,96.0,84.27359827322064,84.27310312008349,458.99362937631713,458.99458738352877,147.43614274468968,147.43624452216017,16.25733294769825,16.257420811257266,0.009075102503826746,16.0,11.0
317,96.0,84.27310312008349,84.27293066220548,458.99458738352877,458.99400752885356,147.43624452216017,147.43675521048132,16.257420811257266,16.25749100582289,0.010217330834016708,16.0,11.0
318,96.0,84.27293066220548,84.27331970205476,458.99400752885356,458.99372085071883,147.43675521048132,147.43680631399022,16.25749100582289,16.257540143522206,0.02577994881365357,16.0,11.0
319,96.0,84.27331970205476,84.27333131256714,458.99372085071883,458.99370630142914,147.43680631399022,147.43680671368057,16.257540143522206,16.257544843435436,0.00452051527947089,16.0,11.0
320,96.0,82.01820019769802,82.01334977931575,458.71564546602804,458.72206484973265,147.15318058092504,147.15376307369283,16.347072827220728,16.347409715353276,0.016855756629792665,17.0,11.0
321,96.0,82.01334977931575,82.00822826773287,458.72206484973265,458.73626123717213,147.15376307369283,147.15368354621555,16.347409715353276,16.348047439749234,0.03683400174587729,17.0,11.0
322,96.0,82.00822826773287,81.99736209075029,458.73626123717213,458.7403527640207,147.15368354621555,147.1485612105255,16.348047439749234,16.348599742226124,0.044684241218855475,17.0,11.0
323,96.0,81.99736209075029,81.99497566325115,458.7403527640207,458.7485268004263,147.1485612105255,147.14343750672543,16.348599742226124,16.34905215145243,0.050328600944169584,17.0,11.0
324,96.0,81.99497566325115,81.9964881433652,458.7485268004263,458.75301748652225,147.14343750672543,147.1381618500712,16.34905215145243,16.3493979309484,0.022191719380219414,17.0,11.0
325,96.0,81.9964881433652,81.99580949592263,458.75301748652225,458.7574423614309,147.1381618500712,147.13426191773254,16.3493979309484,16.34969903810557,0.021266485787898855,17.0,11.0
326,96.0,81.99580949592263,81.99867302107006,458.7574423614309,458.7605834547268,147.13426191773254,147.13182933055242,16.34969903810557,16.34995887163644,0.033874650877049516,17.0,11.0
327,96.0,81.99867302107006,81.99996570679987,458.7605834547268,458.7587762109383,147.13182933055242,147.1292706632515,16.34995887163644,16.35015632408548,0.015175409321250841,17.0,11.0
328,96.0,81.99996570679987,81.9973911610136,458.7587762109383,458.7596749670391,147.1292706632515,147.12978845040283,16.35015632408548,16.350327146128507,0.01342060099328443,17.0,11.0
329,96.0,81.9973911610136,81.99562667817389,458.7596749670391,458.759402867404,147.12978845040283,147.12839599975862,16.350327146128507,16.350474828394983,0.010682201127956857,17.0,11.0
330,96.0,81.99562667817389,81.99641810816857,458.759402867404,458.7592300480117,147.12839599975862,147.12670312519234,16.350474828394983,16.35060416735181,0.041938891681862885,17.0,11.0
331,96.0,81.99641810816857,81.99601407774317,458.7592300480117,458.75935829981563,147.12670312519234,147.12642686950923,16.35060416735181,16.35065478502042,0.031016593150885584,17.0,11.0
332,96.0,78.87630037974695,78.86394660938439,458.2610895547535,458.2598439567788,146.6922970404456,146.69625497155747,16.478763928701152,16.479268538206608,0.029997603422470404,18.0,11.0
333,96.0,78.86394660938439,78.84156874496321,458.2598439567788,458.26230701589174,146.69625497155747,146.7078798191016,16.479268538206608,16.480260429118417,0.05657322488304024,18.0,11.0
334,96.0,78.84156874496321,78.82213058863069,458.26230701589174,458.2642477011721,146.7078798191016,146.71603184756316,16.480260429118417,16.4811096572083,0.043967075180419854,18.0,11.0
335,96.0,78.82213058863069,78.80963412739257,458.2642477011721,458.2771305553985,146.71603184756316,146.71415658998282,16.4811096572083,16.48185087661817,0.04320169842910947,18.0,11.0
336,96.0,78.80963412739257,78.82039189775946,458.2771305553985,458.27906960367665,146.71415658998282,146.72457130513214,16.48185087661817,16.48248881407371,0.04919135709817973,18.0,11.0
337,96.0,78.82039189775946,78.8272004422072,458.27906960367665,458.2888491949657,146.72457130513214,146.72455788291427,16.48248881407371,16.48301325925074,0.03042248281561266,18.0,11.0
338,96.0,78.8272004422072,78.83476757442925,458.2888491949657,458.2911782043225,146.72455788291427,146.73075869576186,16.48301325925074,16.483470031278934,0.027962999138816,18.0,11.0
339,96.0,78.83476757442925,78.84106610551665,458.2911782043225,458.29488471967943,146.73075869576186,146.73496465924248,16.483470031278934,16.48386656348169,0.026620020401980422,18.0,11.0
340,96.0,78.84106610551665,78.84553647295782,458.29488471967943,458.29996957438306,146.73496465924248,146.7333059860368,16.48386656348169,16.48420772383625,0.025409643831309326,18.0,11.0
341,96.0,78.84553647295782,78.84914075709887,458.29996957438306,458.30321567055796,146.7333059860368,146.73038360690134,16.48420772383625,16.48449805178084,0.026579405812486783,18.0,11.0
342,96.0,78.84914075709887,78.84639079392885,458.30321567055796,458.30630496198194,146.73038360690134,146.73187437730095,16.48449805178084,16.48473755931305,0.015991417496888462,18.0,11.0
343,96.0,78.84639079392885,78.84646288693942,458.30630496198194,458.3097954900967,146.73187437730095,146.73306546606736,16.48473755931305,16.484947725556466,0.015649024111296726,18.0,11.0
344,96.0,78.84646288693942,78.84935908395764,458.3097954900967,458.31049652602104,146.73306546606736,146.73365860780072,16.484947725556466,16.485130075887287,0.019091076549876487,18.0,11.0
345,96.0,78.84935908395764,78.84991926299007,458.31049652602104,458.30955266414713,146.73365860780072,146.73163804399752,16.485130075887287,16.485279389611232,0.011728169171063323,18.0,11.0
346,96.0,78.84991926299007,78.85048190812236,458.30955266414713,458.3080685678684,146.73163804399752,146.7326330457542,16.485279389611232,16.48540856153651,0.03153303079070902,18.0,11.0
347,96.0,78.85048190812236,78.85075040223327,458.3080685678684,458.30858786869874,146.7326330457542,146.7332040532873,16.48540856153651,16.485480383918727,0.011581634874555057,18.0,11.0
348,96.0,78.85075040223327,78.85059444456459,458.30858786869874,458.3081789403345,146.7332040532873,146.73337696009813,16.485480383918727,16.48552837361475,0.024549373353214263,18.0,11.0
349,96.0,78.85059444456459,78.85058026598935,458.3081789403345,458.30819290401934,146.73337696009813,146.73336462208061,16.48552837361475,16.485533892974036,0.005194304323327802,18.0,11.0
350,96.0,75.71502929685694,75.70704165969445,457.8450507155766,457.8371327256452,146.15453279218443,146.15400378591136,16.614889084267876,16.61533697338677,0.017769999462228417,19.0,11.0
351,96.0,75.70704165969445,75.69179151854719,457.8371327256452,457.8224365308938,146.15400378591136,146.15302344285584,16.61533697338677,16.61618737282391,0.05712806380033376,19.0,11.0
352,96.0,75.69179151854719,75.6833722129913,457.8224365308938,457.8079858108434,146.15302344285584,146.14915254639044,16.61618737282391,16.61689793977096,0.04979744678754231,19.0,11.0
353,96.0,75.6833722129913,75.6863909942038,457.8079858108434,457.79804431647636,146.14915254639044,146.14002900455165,16.61689793977096,16.617490828775562,0.030863484348816455,19.0,11.0
354,96.0,75.6863909942038,75.68009234595607,457.79804431647636,457.80707468910725,146.14002900455165,146.13562987922865,16.617490828775562,16.618013111969137,0.0394338170799423,19.0,11.0
355,96.0,75.68009234595607,75.67143303093346,457.80707468910725,457.8032712718674,146.13562987922865,146.13519881381507,16.618013111969137,16.618448179530116,0.03159758756814596,19.0,11.0
356,96.0,75.67143303093346,75.66444351859009,457.8032712718674,457.800300827597,146.13519881381507,146.13409541671805,16.618448179530116,16.618816159276676,0.027462275197485144,19.0,11.0
357,96.0,75.66444351859009,75.66751839420513,457.800300827597,457.7961470355418,146.13409541671805,146.13064121733674,16.618816159276676,16.61912816321259,0.021688172211539004,19.0,11.0
358,96.0,75.66751839420513,75.66584766606363,457.7961470355418,457.7977937960225,146.13064121733674,146.13521326863764,16.61912816321259,16.619397682816473,0.031213969260126907,19.0,11.0
359,96.0,75.66584766606363,75.66435227691602,457.7977937960225,457.79993063147305,146.13521326863764,146.13786026088556,16.619397682816473,16.619608991267317,0.018917878178585867,19.0,11.0
360,96.0,75.66435227691602,75.66284506263669,457.79993063147305,457.80144806762627,146.13786026088556,146.13986700350833,16.619608991267317,16.61978673546028,0.016363155868001494,19.0,11.0
361,96.0,75.66284506263669,75.6640689651218,457.80144806762627,457.8024104278782,146.13986700350833,146.1381702574795,16.61978673546028,16.61993620631118,0.019601240265762838,19.0,11.0
362,96.0,75.6640689651218,75.66490693236727,457.8024104278782,457.8030943498653,146.1381702574795,146.1393512843689,16.61993620631118,16.62005190812178,0.019990115365211104,19.0,11.0
363,96.0,75.66490693236727,75.66567649677754,457.8030943498653,457.80337224081416,146.1393512843689,146.13980852902108,16.62005190812178,16.62013117198725,0.016386424215839853,19.0,11.0
364,96.0,75.66567649677754,75.66580773622393,457.80337224081416,457.80309957342087,146.13980852902108,146.1394860042046,16.62013117198725,16.620177020744936,0.021539625236315536,19.0,11.0
365,96.0,75.66580773622393,75.66582309746337,457.80309957342087,457.8031362779055,146.1394860042046,146.13949078729792,16.620177020744936,16.620185089607233,0.007160471451413932,19.0,11.0
366,96.0,75.03995829793453,75.02838099635174,457.75637533305263,457.760269362091,146.03311847308882,146.03455540629636,16.644648875670896,16.645132016820472,0.03772273864960715,20.0,11.0
367,96.0,75.02838099635174,75.00804848994703,457.760269362091,457.76415110987426,146.03455540629636,146.02741620086627,16.645132016820472,16.646006295420914,0.044760870031259406,20.0,11.0
368,96.0,75.00804848994703,74.99186611268202,457.76415110987426,457.7547970450175,146.02741620086627,146.02715322682042,16.646006295420914,16.646770022533282,0.04214717168529609,20.0,11.0
369,96.0,74.99186611268202,74.97977975035985,457.7547970450175,457.7477465572268,146.02715322682042,146.0198375805925,16.646770022533282,16.64743231940646,0.04000459737917419,20.0,11.0
370,96.0,74.97977975035985,74.96732757531115,457.7477465572268,457.745617847757,146.0198375805925,146.0161745681548,16.64743231940646,16.648001180820195,0.03368581928491755,20.0,11.0
371,96.0,74.96732757531115,74.97769027131461,457.745617847757,457.7418459572709,146.0161745681548,146.01570936245918,16.648001180820195,16.64849380016091,0.042218465826834174,20.0,11.0
372,96.0,74.97769027131461,74.9822538989122,457.7418459572709,457.74557450801956,146.01570936245918,146.00952296876272,16.64849380016091,16.648894523513093,0.03813598154163707,20.0,11.0
373,96.0,74.9822538989122,74.9879639916726,457.74557450801956,457.7429783160622,146.00952296876272,146.00794001549016,16.648894523513093,16.649216356309694,0.047750850397842284,20.0,11.0
374,96.0,74.9879639916726,74.9919393916888,457.7429783160622,457.7438890600555,146.00794001549016,146.0071344842456,16.649216356309694,16.649446033562295,0.018460841605947142,20.0,11.0
375,96.0,74.9919393916888,74.99270933972664,457.7438890600555,457.7407192249269,146.0071344842456,146.0079424448915,16.649446033562295,16.64964228066608,0.019726539461242032,20.0,11.0
376,96.0,74.99270933972664,74.99265849066532,457.7407192249269,457.74008977803067,146.0079424448915,146.01043690455953,16.64964228066608,16.649804065851015,0.018344543880000043,20.0,11.0
377,96.0,74.99265849066532,74.99420348995831,457.74008977803067,457.73965861341065,146.01043690455953,146.01144685599965,16.649804065851015,16.649934314797573,0.052096942424340945,20.0,11.0
378,96.0,74.99420348995831,74.99424693224805,457.73965861341065,457.7397175331186,146.01144685599965,146.01119289106614,16.649934314797573,16.649965734669607,0.01639844967190963,20.0,11.0
379,96.0,74.99424693224805,74.99424728069968,457.7397175331186,457.73971609964957,146.01119289106614,146.01117103406827,16.649965734669607,16.64997100194056,0.004989499763261216,20.0,11.0
380,96.0,74.1602891041961,74.15465186378924,457.60822765456743,457.6064247930987,145.92568325759183,145.9186959309767,16.6837052017874,16.684079726075442,0.01189252038464418,21.0,11.0
381,96.0,74.15465186378924,74.14379405875135,457.6064247930987,457.6078698864446,145.9186959309767,145.90475492156568,16.684079726075442,16.684809931410797,0.07033075015785335,21.0,11.0
382,96.0,74.14379405875135,74.1387009502971,457.6078698864446,457.60630036192987,145.90475492156568,145.89286910242538,16.684809931410797,16.685374244490845,0.03699221255116989,21.0,11.0
383,96.0,74.1387009502971,74.13037073191367,457.60630036192987,457.6129460405281,145.89286910242538,145.8917477016791,16.685374244490845,16.68585512002933,0.02537826002786785,21.0,11.0
384,96.0,74.13037073191367,74.12173726266906,457.6129460405281,457.61274766663337,145.8917477016791,145.88855425086837,16.68585512002933,16.686280548208774,0.028532335879931862,21.0,11.0
385,96.0,74.12173726266906,74.1220723441184,457.61274766663337,457.60543076966724,145.88855425086837,145.88653575882122,16.686280548208774,16.686645621005855,0.023831294663385794,21.0,11.0
386,96.0,74.1220723441184,74.12759642593326,457.60543076966724,457.6059356147886,145.88653575882122,145.8860421747137,16.686645621005855,16.686924003860778,0.018021762040873805,21.0,11.0
387,96.0,74.12759642593326,74.12640187129941,457.6059356147886,457.6055098715809,145.8860421747137,145.88116350932586,16.686924003860778,16.68718960151919,0.018946532709789944,21.0,11.0
388,96.0,74.12640187129941,74.12775856242718,457.6055098715809,457.6050414666165,145.88116350932586,145.87725411333233,16.68718960151919,16.6874195825088,0.016093293112323857,21.0,11.0
389,96.0,74.12775856242718,74.12613839985815,457.6050414666165,457.6076633248378,145.87725411333233,145.87566760870132,16.6874195825088,16.687620341522155,0.034752155017076576,21.0,11.0
390,96.0,74.12613839985815,74.1247071688394,457.6076633248378,457.60919692455957,145.87566760870132,145.87548107788794,16.687620341522155,16.687760634842213,0.015831882158362266,21.0,11.0
391,96.0,74.1247071688394,74.12330473886038,457.60919692455957,457.6085486650844,145.87548107788794,145.87539297298525,16.687760634842213,16.687873586120038,0.01042435740732393,21.0,11.0
392,96.0,74.12330473886038,74.12262014207899,457.6085486650844,457.60792793755274,145.87539297298525,145.87463142312825,16.687873586120038,16.687967905105104,0.041202612830156235,21.0,11.0
393,96.0,74.12262014207899,74.12270434495115,457.60792793755274,457.6079599757236,145.87463142312825,145.87460093061358,16.687967905105104,16.687982875213496,0.01187714709606194,21.0,11.0
394,96.0,72.95518437674676,72.95274372717367,457.41560519033,457.41057822653084,145.78586578880402,145.7880340764313,16.73773264608691,16.737994625151178,0.0077564920210304,22.0,11.0
395,96.0,72.95274372717367,72.94937310908351,457.41057822653084,457.400151696964,145.7880340764313,145.792674652918,16.737994625151178,16.738518481920146,0.03446441681280055,22.0,11.0
396,96.0,72.94937310908351,72.94055346547489,457.400151696964,457.3960109722667,145.792674652918,145.79161149114816,16.738518481920146,16.73896585669139,0.049813750861029946,22.0,11.0
397,96.0,72.94055346547489,72.93427301279888,457.3960109722667,457.3974053817242,145.79161149114816,145.78886381894898,16.73896585669139,16.739307969927,0.020758261380692197,22.0,11.0
398,96.0,72.93427301279888,72.93298752142509,457.3974053817242,457.3924011441833,145.78886381894898,145.79175169309497,16.739307969927,16.739608366948985,0.025925783555162285,22.0,11.0
399,96.0,72.93298752142509,72.92966238961854,457.3924011441833,457.3891343510575,145.79175169309497,145.79183026434538,16.739608366948985,16.73985869408904,0.02672151371039127,22.0,11.0
400,96.0,72.92966238961854,72.92819805528553,457.3891343510575,457.3874356621724,145.79183026434538,145.78917168947,16.73985869408904,16.740059953596152,0.01171103299982918,22.0,11.0
401,96.0,72.92819805528553,72.93011988576758,457.3874356621724,457.3882611187206,145.78917168947,145.7913185847621,16.740059953596152,16.740240518820872,0.02034583872730612,22.0,11.0
402,96.0,72.93011988576758,72.93105671936495,457.3882611187206,457.38831247876516,145.7913185847621,145.78931203926183,16.740240518820872,16.740385921588068,0.011879772324701677,22.0,11.0
403,96.0,72.93105671936495,72.93277659494763,457.38831247876516,457.3879718371225,145.78931203926183,145.78896313192084,16.740385921588068,16.74051091372333,0.010436466822314796,22.0,11.0
404,96.0,72.93277659494763,72.93374543981311,457.3879718371225,457.3889191922014,145.78896313192084,145.78941441051958,16.74051091372333,16.74061767993164,0.008885865555638708,22.0,11.0
405,96.0,72.93374543981311,72.93311342814972,457.3889191922014,457.3898399922067,145.78941441051958,145.7896035818269,16.74061767993164,16.740708369552166,0.01316178326227571,22.0,11.0
406,96.0,72.93311342814972,72.93375903931211,457.3898399922067,457.3899866760332,145.7896035818269,145.78986415375226,16.740708369552166,16.740773329983327,0.016246130152290292,22.0,11.0
407,96.0,72.93375903931211,72.93380641757669,457.3899866760332,457.39016244993746,145.78986415375226,145.78966326005593,16.740773329983327,16.740805339054177,0.0217013623509615,22.0,11.0
408,96.0,72.4019491526979,72.39414762069461,457.34190736258313,457.345517744269,145.6915556343531,145.69101895416424,16.763066396511594,16.76342165031569,0.012154852257198272,23.0,11.0
409,96.0,72.39414762069461,72.37787701630798,457.345517744269,457.34940038475435,145.69101895416424,145.6911633853242,16.76342165031569,16.764116881143572,0.057106510419379294,23.0,11.0
410,96.0,72.37787701630798,72.37868240388144,457.34940038475435,457.33958877789803,145.6911633853242,145.69956493126296,16.764116881143572,16.764678198862516,0.032982762320204834,23.0,11.0
411,96.0,72.37868240388144,72.38349439847057,457.33958877789803,457.33001519390956,145.69956493126296,145.69767852872403,16.764678198862516,16.76516507008436,0.02861433520398563,23.0,11.0
412,96.0,72.38349439847057,72.38329935741113,457.33001519390956,457.3241986715293,145.69767852872403,145.7047732859757,16.76516507008436,16.765589350657976,0.03720988725255884,23.0,11.0
413,96.0,72.38329935741113,72.38143502642676,457.3241986715293,457.31786112584996,145.7047732859757,145.70737286099865,16.765589350657976,16.765935431115714,0.03003308995255845,23.0,11.0
414,96.0,72.38143502642676,72.38240704778173,457.31786112584996,457.3128495491754,145.70737286099865,145.7095583896599,16.765935431115714,16.7662214249527,0.08849668800014376,23.0,11.0
415,96.0,72.38240704778173,72.3815445098285,457.3128495491754,457.31252646089143,145.7095583896599,145.71112128646297,16.7662214249527,16.766347714164702,0.01570428209382067,23.0,11.0
416,96.0,72.3815445098285,72.38081152633947,457.31252646089143,457.3114829662274,145.71112128646297,145.7110556379923,16.766347714164702,16.76644639822184,0.013361429308176364,23.0,11.0
417,96.0,72.38081152633947,72.38088058337758,457.3114829662274,457.31209157696014,145.7110556379923,145.71047738976466,16.76644639822184,16.766519808757884,0.025383394714228655,23.0,11.0
418,96.0,72.38088058337758,72.38086926162647,457.31209157696014,457.3120072061309,145.71047738976466,145.71062722057428,16.766519808757884,16.766542816943176,0.016734621613867014,23.0,11.0
419,96.0,72.09276951563972,72.08957102961196,457.3055040479304,457.3002446889773,145.6261433068033,145.63113102171707,16.77745302032021,16.77778151748567,0.18447496696048632,24.0,11.0
420,96.0,72.08957102961196,72.09017806115472,457.3002446889773,457.29525845471335,145.63113102171707,145.6340496129837,16.77778151748567,16.778077613015615,0.024850317876013404,24.0,11.0
421,96.0,72.09017806115472,72.09381677231856,457.29525845471335,457.29375130939343,145.6340496129837,145.6364469645066,16.778077613015615,16.778325858384758,0.04038902169615844,24.0,11.0
422,96.0,72.09381677231856,72.0943340015949,457.29375130939343,457.2948543836407,145.6364469645066,145.6390515575707,16.778325858384758,16.778501085203796,0.014071605421179285,24.0,11.0
423,96.0,72.0943340015949,72.093208946848,457.2948543836407,457.2960725198171,145.6390515575707,145.64069467583246,16.778501085203796,16.778652010837433,0.010154817138855144,24.0,11.0
424,96.0,72.093208946848,72.09424228049926,457.2960725198171,457.29774040055025,145.64069467583246,145.64074589183238,16.778652010837433,16.778785496186057,0.011931265003650778,24.0,11.0
425,96.0,72.09424228049926,72.09476486292894,457.29774040055025,457.2991893573091,145.64074589183238,145.64086918280424,16.778785496186057,16.778898330769778,0.014210278065828067,24.0,11.0
426,96.0,72.09476486292894,72.09533387453259,457.2991893573091,457.298438278094,145.64086918280424,145.64137884611182,16.778898330769778,16.778985508253612,0.0492272752416028,24.0,11.0
427,96.0,68.89304572030355,68.8894418911225,457.09792309647844,457.10207259606386,145.00146503666045,145.00588710251446,16.92930116859556,16.92960155160386,0.01623888075346509,25.0,11.0
428,96.0,68.8894418911225,68.88589184082889,457.10207259606386,457.1117364372899,145.00588710251446,145.01438256964605,16.92960155160386,16.930177367487097,0.03728833878035939,25.0,11.0
429,96.0,68.88589184082889,68.8845649412473,457.1117364372899,457.1193622682018,145.01438256964605,145.02220130040988,16.930177367487097,16.930668695417936,0.03448818535081592,25.0,11.0
430,96.0,68.8845649412473,68.8785114030046,457.1193622682018,457.12086516639965,145.02220130040988,145.028623738418,16.930668695417936,16.93108466777526,0.03534410182827564,25.0,11.0
431,96.0,68.8785114030046,68.87188349538232,457.12086516639965,457.1217366924114,145.028623738418,145.03067355587982,16.93108466777526,16.931426650271465,0.02122662743893962,25.0,11.0
432,96.0,68.87188349538232,68.86814518141833,457.1217366924114,457.12582078397736,145.03067355587982,145.0326892799559,16.931426650271465,16.93172599581126,0.09968262261650221,25.0,11.0
433,96.0,68.86814518141833,68.8690987231416,457.12582078397736,457.1271805023628,145.0326892799559,145.03271932737997,16.93172599581126,16.931844700227433,0.017041237644737892,25.0,11.0
434,96.0,68.8690987231416,68.87003214245921,457.1271805023628,457.1271110032362,145.03271932737997,145.03216345450267,16.931844700227433,16.931932875424646,0.013540298122442061,25.0,11.0
435,96.0,68.87003214245921,68.86978303777582,457.1271110032362,457.1273499130008,145.03216345450267,145.03160258877776,16.931932875424646,16.931994276984927,0.012020704368372472,25.0,11.0
436,96.0,68.86978303777582,68.86949512719987,457.1273499130008,457.1274093173206,145.03160258877776,145.03145689454203,16.931994276984927,16.932031089669383,0.012063946254415486,25.0,11.0
437,96.0,68.86949512719987,68.86950674279684,457.1274093173206,457.12750677116645,145.03145689454203,145.03146729599,16.932031089669383,16.932046463526415,0.012134356279769403,25.0,11.0
438,96.0,66.53312431138258,66.52731969523823,456.93615414346885,456.93472353653925,144.82991932154016,144.8259016623601,17.04719097556635,17.04749602844946,0.011426926536928683,26.0,11.0
439,96.0,66.52731969523823,66.51754078780259,456.93472353653925,456.9339376835931,144.8259016623601,144.81572983446705,17.04749602844946,17.04809975531001,0.0437029260318807,26.0,11.0
440,96.0,66.51754078780259,66.51066167811241,456.9339376835931,456.93062622127627,144.81572983446705,144.82412658775857,17.04809975531001,17.048603671801057,0.041253230096381405,26.0,11.0
441,96.0,66.51066167811241,66.51243501711295,456.93062622127627,456.9226451637326,144.82412658775857,144.8276130261327,17.048603671801057,17.049017235428153,0.02652714811319647,26.0,11.0
442,96.0,66.51243501711295,66.51912728579786,456.9226451637326,456.9217834696159,144.8276130261327,144.8306651207186,17.049017235428153,17.049375014845054,0.022466835446545708,26.0,11.0
443,96.0,66.51912728579786,66.52487592778868,456.9217834696159,456.9241430354956,144.8306651207186,144.83039527084335,17.049375014845054,17.049687165657385,0.022119318993554186,26.0,11.0
444,96.0,66.52487592778868,66.52635651240358,456.9241430354956,456.9288948234466,144.83039527084335,144.82918739239855,17.049687165657385,17.049955998462707,0.038811696092745956,26.0,11.0
445,96.0,66.52635651240358,66.52625633342653,456.9288948234466,456.932269427359,144.82918739239855,144.82933252920935,17.049955998462707,17.050153041577907,0.011879595134876245,26.0,11.0
446,96.0,66.52625633342653,66.52909559569035,456.932269427359,456.9323511934632,144.82933252920935,144.82989906504062,17.050153041577907,17.05032918859661,0.016449016257541284,26.0,11.0
447,96.0,66.52909559569035,66.52987188459076,456.9323511934632,456.93169369935987,144.82989906504062,144.8319233456568,17.05032918859661,17.050476935070066,0.014845348557459451,26.0,11.0
448,96.0,66.52987188459076,66.53141694237067,456.93169369935987,456.93102580780123,144.8319233456568,144.83232965445495,17.050476935070066,17.050599158810595,0.02060664052618186,26.0,11.0
449,96.0,66.53141694237067,66.53193684034275,456.93102580780123,456.930349747699,144.83232965445495,144.8329224571963,17.050599158810595,17.05068444194711,0.012133806939714397,26.0,11.0
450,96.0,66.53193684034275,66.53176367531825,456.930349747699,456.93024924354114,144.8329224571963,144.83229920391852,17.05068444194711,17.05074557535455,0.017451425154123134,26.0,11.0
451,96.0,66.53176367531825,66.53158137628452,456.93024924354114,456.9302849417742,144.83229920391852,144.83220576863476,17.05074557535455,17.050771953279053,0.018637813006156804,26.0,11.0
452,96.0,61.43533513805484,61.724138711010255,456.682333050309,456.68169949719714,144.66231436733827,144.94687179029955,2750.815999434297,2750.829525263873,0.7465785745362119,29.0,-11.0
453,96.0,61.724138711010255,61.86311452407057,456.68169949719714,456.68710020529124,144.94687179029955,145.081233050017,2750.829525263873,2750.8359804891106,0.4027621073053716,29.0,-11.0
454,96.0,61.86311452407057,61.87553807284205,456.68710020529124,456.6885604346511,145.081233050017,145.0925850243353,2750.8359804891106,2750.8365443905636,0.033618607076025,29.0,-11.0
455,96.0,61.87553807284205,61.99250317418116,456.6885604346511,456.701556564493,145.0925850243353,145.19578383424604,2750.8365443905636,2750.8417702190604,0.3277288349072715,29.0,-11.0
456,96.0,61.99250317418116,62.66814746107558,456.701556564493,456.56530437506126,145.19578383424604,146.09588253526812,2750.8417702190604,2750.8796222514816,2.007169643485108,29.0,-11.0
457,96.0,62.66814746107558,62.669124763069306,456.56530437506126,456.5735922192316,146.09588253526812,146.1211693146592,2750.8796222514816,2750.8805117248166,0.03806541817704939,29.0,-11.0
458,96.0,62.669124763069306,62.67710108902587,456.5735922192316,456.64052378342393,146.1211693146592,146.33822348771545,2750.8805117248166,2750.888104359662,0.4232797101404616,29.0,-11.0
459,96.0,62.67710108902587,62.61757331415813,456.64052378342393,456.996123788572,146.33822348771545,147.0930346688097,2750.888104359662,2750.9160536585973,1.8996592679518676,29.0,-11.0
460,96.0,62.61757331415813,62.53846791522112,456.996123788572,457.28914696022304,147.0930346688097,147.65019277547384,2750.9160536585973,2750.9372745240767,1.3699671619927423,29.0,-11.0
461,96.0,62.53846791522112,62.395346951049945,457.28914696022304,457.41170047154753,147.65019277547384,147.74830165821024,2750.9372745240767,2750.94439044754,0.33881187294257215,29.0,-11.0
462,96.0,62.395346951049945,62.34004390200189,457.41170047154753,457.477831425213,147.74830165821024,147.84936760557468,2750.94439044754,2750.9488520040886,0.32393992732733146,29.0,-11.0
463,96.0,62.34004390200189,62.20727856371256,457.477831425213,457.59634049568984,147.84936760557468,147.9622052118524,2750.9488520040886,2750.95593770626,0.45149348344308704,29.0,-11.0
464,96.0,62.20727856371256,62.08425112586305,457.59634049568984,457.77724053144664,147.9622052118524,148.1333228701987,2750.95593770626,2750.965298210808,0.5240660481585537,29.0,-11.0
465,96.0,62.08425112586305,61.966692097269174,457.77724053144664,457.9538993484912,148.1333228701987,148.2032537875199,2750.965298210808,2750.9728574465144,0.42867295620583373,29.0,-11.0
466,96.0,61.966692097269174,61.93271944389981,457.9538993484912,458.12634032725146,148.2032537875199,148.2401185418161,2750.9728574465144,2750.9789644067873,0.310271763718265,29.0,-11.0
467,96.0,61.93271944389981,61.936409260764904,458.12634032725146,458.2349699176927,148.2401185418161,148.19472550173984,2750.9789644067873,2750.9829928351696,0.20523597313904812,29.0,-11.0
468,96.0,61.936409260764904,61.86105343367452,458.2349699176927,458.2950069383434,148.19472550173984,148.16349370660745,2750.9829928351696,2750.986510366184,0.16464111895644637,29.0,-11.0
469,96.0,61.86105343367452,61.838661480048074,458.2950069383434,458.35042185056454,148.16349370660745,148.10217438835988,2750.986510366184,2750.989510386743,0.19744565054987298,29.0,-11.0
470,96.0,61.838661480048074,61.7792717722197,458.35042185056454,458.31870927020407,148.10217438835988,148.1013002890865,2750.989510386743,2750.99190497497,0.13532020639328884,29.0,-11.0
471,96.0,61.7792717722197,61.724111947063776,458.31870927020407,458.317976108228,148.1013002890865,148.09991559195805,2750.99190497497,2750.99389661503,0.16529931322305558,29.0,-11.0
472,96.0,61.724111947063776,61.70096480744941,458.317976108228,458.304993400481,148.09991559195805,148.1310581114572,2750.99389661503,2750.9954129824873,0.09273167186964848,29.0,-11.0
473,96.0,61.70096480744941,61.677123995446685,458.304993400481,458.28797849405026,148.1310581114572,148.14685613799656,2750.9954129824873,2750.9966730053557,0.06775425043198657,29.0,-11.0
474,96.0,61.677123995446685,61.65357486705476,458.28797849405026,458.279745660171,148.14685613799656,148.15944164759668,2750.9966730053557,2750.9977527177366,0.07404706794809444,29.0,-11.0
475,96.0,61.65357486705476,61.635111999425625,458.279745660171,458.2690971775398,148.15944164759668,148.16604375442185,2750.9977527177366,2750.9986401766655,0.031344866517112824,29.0,-11.0
476,96.0,61.635111999425625,61.61881824499727,458.2690971775398,458.26063818480714,148.16604375442185,148.17403903497024,2750.9986401766655,2750.9994486925857,0.054570497738174746,29.0,-11.0
477,96.0,61.61881824499727,61.614602834223604,458.26063818480714,458.24765851894034,148.17403903497024,148.18277384060104,2750.9994486925857,2751.0001240149227,0.08719921010080117,29.0,-11.0
478,96.0,61.614602834223604,61.60735208043985,458.24765851894034,458.2405924667117,148.18277384060104,148.17968294925464,2751.0001240149227,2751.0005984550216,0.027162132518936233,29.0,-11.0
479,96.0,61.60735208043985,61.59867311667823,458.2405924667117,458.24040702354534,148.17968294925464,148.17735537945586,2751.0005984550216,2751.001014011622,0.0347998662555512,29.0,-11.0
480,96.0,61.59867311667823,61.59279997003044,458.24040702354534,458.23660180622664,148.17735537945586,148.17834164683035,2751.001014011622,2751.001357211425,0.019005265312073368,29.0,-11.0
481,96.0,61.59279997003044,61.591563533986836,458.23660180622664,458.2311715510783,148.17834164683035,148.18079553717868,2751.001357211425,2751.0016625382023,0.018630116229129867,29.0,-11.0
482,96.0,61.591563533986836,61.593783137648565,458.2311715510783,458.2268329892945,148.18079553717868,148.1825367252041,2751.0016625382023,2751.0019320044416,0.02177479110895592,29.0,-11.0
483,96.0,61.593783137648565,61.593045699725266,458.2268329892945,458.2301026409614,148.1825367252041,148.185033461986,2751.0019320044416,2751.0021612554983,0.018815885937672992,29.0,-11.0
484,96.0,61.593045699725266,61.59521265249269,458.2301026409614,458.22985458403645,148.185033461986,148.18761946700258,2751.0021612554983,2751.002357309463,0.04439268629279471,29.0,-11.0
485,96.0,61.59521265249269,61.59390208357255,458.22985458403645,458.22967776324475,148.18761946700258,148.18875243891972,2751.002357309463,2751.0024797396145,0.017902932067175095,29.0,-11.0
486,96.0,61.59390208357255,61.592907534555366,458.22967776324475,458.22935005786576,148.18875243891972,148.18924297686812,2751.0024797396145,2751.0025719436976,0.01805509158366966,29.0,-11.0
487,96.0,61.592907534555366,61.592419291963175,458.22935005786576,458.22930318704823,148.18924297686812,148.18890456081124,2751.0025719436976,2751.0026294722925,0.023576551098803775,29.0,-11.0
488,96.0,61.592419291963175,61.592428119726705,458.22930318704823,458.22924246178457,148.18890456081124,148.18895386114787,2751.0026294722925,2751.002642963952,0.009960605160473462,29.0,-11.0
489,96.0,62.669124763069306,62.66956790763389,456.5735922192316,456.5774121571656,146.1211693146592,146.12544635472824,2750.8805117248166,2750.880763372785,0.0181032594016807,34.0,11.0
490,96.0,62.66956790763389,62.6699779874823,456.5774121571656,456.58591838306984,146.12544635472824,146.1327002685089,2750.880763372785,2750.881261411537,0.049058088241944305,34.0,11.0
491,96.0,62.6699779874823,62.67626994220719,456.58591838306984,456.5881686756153,146.1327002685089,146.13761487254263,2750.881261411537,2750.881652800082,0.022222621361279202,34.0,11.0
492,96.0,62.67626994220719,62.675943651385765,456.5881686756153,456.59519691624985,146.13761487254263,146.1368662287063,2750.881652800082,2750.8819979761943,0.02015015016258165,34.0,11.0
493,96.0,62.675943651385765,62.67659378670196,456.59519691624985,456.60109608420606,146.1368662287063,146.1358251432641,2750.8819979761943,2750.8823025421793,0.03076281684271934,34.0,11.0
494,96.0,62.67659378670196,62.67860974135257,456.60109608420606,456.6047491801295,146.1358251432641,146.13760371176403,2750.8823025421793,2750.8825477348623,0.018634009915179616,34.0,11.0
495,96.0,62.67860974135257,62.6783266462027,456.6047491801295,456.6084204176551,146.13760371176403,146.137184178785,2750.8825477348623,2750.882758620344,0.026745643053061798,34.0,11.0
496,96.0,62.6783266462027,62.677731189911995,456.6084204176551,456.60944486662385,146.137184178785,146.134850453085,2750.882758620344,2750.8829223889506,0.013375519323172956,34.0,11.0
497,96.0,62.677731189911995,62.67886730322798,456.60944486662385,456.60766259748596,146.134850453085,146.13494583076627,2750.8829223889506,2750.883063141737,0.012844114495726758,34.0,11.0
498,96.0,62.67886730322798,62.67821084530392,456.60766259748596,456.6077980586588,146.13494583076627,146.13646404697076,2750.883063141737,2750.8831817749524,0.018355953409611374,34.0,11.0
499,96.0,62.67821084530392,62.67848292667645,456.6077980586588,456.60791845170445,146.13646404697076,146.13746527532152,2750.8831817749524,2750.8832673998395,0.01950507031037242,34.0,11.0
500,96.0,62.67848292667645,62.67866406546845,456.60791845170445,456.6082785803604,146.13746527532152,146.1376597869928,2750.8832673998395,2750.8833136544445,0.01402262713282498,34.0,11.0
501,96.0,62.67866406546845,62.67860437855933,456.6082785803604,456.6081982835899,146.1376597869928,146.13775826771675,2750.8833136544445,2750.8833334826777,0.014875931394391386,34.0,11.0
502,96.0,62.395346951049945,62.3724947100378,457.41170047154753,457.4277706394032,147.74830165821024,147.74107155485666,2750.94439044754,2750.94542672452,0.04859398513936712,36.0,11.0
503,96.0,62.3724947100378,62.34101476745243,457.4277706394032,457.47094497312264,147.74107155485666,147.73191443113814,2750.94542672452,2750.9473850744744,0.10077624580259387,36.0,11.0
504,96.0,62.34101476745243,62.3746648977138,457.47094497312264,457.50051609060836,147.73191443113814,147.72347050724434,2750.9473850744744,2750.949056661491,0.10382470710769486,36.0,11.0
505,96.0,62.3746648977138,62.39402708879358,457.50051609060836,457.5230453443966,147.72347050724434,147.7455352036925,2750.949056661491,2750.9504416891177,0.09069051402196598,36.0,11.0
506,96.0,62.39402708879358,62.391082844619426,457.5230453443966,457.5527294632524,147.7455352036925,147.74546843392628,2750.9504416891177,2750.9515856016606,0.07504536408219857,36.0,11.0
507,96.0,62.391082844619426,62.38796142216346,457.5527294632524,457.57215051198557,147.74546843392628,147.759530165406,2750.9515856016606,2750.9525380380637,0.07103896136589026,36.0,11.0
508,96.0,62.38796142216346,62.39272359007649,457.57215051198557,457.5823207651482,147.759530165406,147.77489059757343,2750.9525380380637,2750.9533133693817,0.05704305816182446,36.0,11.0
509,96.0,62.39272359007649,62.391286076890005,457.5823207651482,457.5789699543222,147.77489059757343,147.78955315934374,2750.9533133693817,2750.9539516916416,0.0666694967978375,36.0,11.0
510,96.0,62.391286076890005,62.39725083221488,457.5789699543222,457.5767704130852,147.78955315934374,147.79834156681667,2750.9539516916416,2750.9544373642307,0.03922670540655336,36.0,11.0
511,96.0,62.39725083221488,62.404266193198794,457.5767704130852,457.57800243211506,147.79834156681667,147.80304675252106,2750.9544373642307,2750.9548378065124,0.027310623748043064,36.0,11.0
512,96.0,62.404266193198794,62.40805651947007,457.57800243211506,457.5753929442227,147.80304675252106,147.80836425440333,2750.9548378065124,2750.955181323171,0.07692951919366561,36.0,11.0
513,96.0,62.40805651947007,62.4057938307069,457.5753929442227,457.57490697910407,147.80836425440333,147.81079953762233,2750.955181323171,2750.9553775260797,0.02075077047708535,36.0,11.0
514,96.0,62.4057938307069,62.40417663893544,457.57490697910407,457.5762811566245,147.81079953762233,147.81218249530852,2750.9553775260797,2750.955537502797,0.020001451445668807,36.0,11.0
515,96.0,62.40417663893544,62.40306320181264,457.5762811566245,457.57765625331575,147.81218249530852,147.8125124791203,2750.955537502797,2750.95566309404,0.017465475003216355,36.0,11.0
516,96.0,62.40306320181264,62.404135014567046,457.57765625331575,457.5782038962924,147.8125124791203,147.81245128684068,2750.95566309404,2750.955757840412,0.016402151950898943,36.0,11.0
517,96.0,62.404135014567046,62.40359111685551,457.5782038962924,457.57780749536835,147.81245128684068,147.81254599310677,2750.955757840412,2750.955820670387,0.01678584936194042,36.0,11.0
518,96.0,62.40359111685551,62.40373724434706,457.57780749536835,457.5779585278821,147.81254599310677,147.81265707312346,2750.955820670387,2750.955849749335,0.020125410417608174,36.0,11.0
519,96.0,61.936409260764904,61.93723392296947,458.2349699176927,458.238869612255,148.19472550173984,148.19888466143135,2750.9829928351696,2750.9832459043123,0.010796349189853234,39.0,11.0
520,96.0,61.93723392296947,61.93644844089355,458.238869612255,458.2486303286863,148.19888466143135,148.2046569022859,2750.9832459043123,2750.9837504815337,0.1597871168291691,39.0,11.0
521,96.0,61.93644844089355,61.938719443508624,458.2486303286863,458.24759408039046,148.2046569022859,148.20638981090605,2750.9837504815337,2750.9839328534204,0.013202019898616345,39.0,11.0
522,96.0,61.938719443508624,61.9395739385384,458.24759408039046,458.24858556779037,148.20638981090605,148.20854541822683,2750.9839328534204,2750.9840923261654,0.010658192419129481,39.0,11.0
523,96.0,61.9395739385384,61.93969939320364,458.24858556779037,458.24875515865415,148.20854541822683,148.21065889698474,2750.9840923261654,2750.984233466868,0.016968124470488483,39.0,11.0
524,96.0,61.93969939320364,61.9403854733182,458.24875515865415,458.2481214821388,148.21065889698474,148.21186515959,2750.984233466868,2750.984345290726,0.012524720857470563,39.0,11.0
525,96.0,61.9403854733182,61.94078370742943,458.2481214821388,458.2471706339459,148.21186515959,148.2122698736178,2750.984345290726,2750.984434544572,0.013355390938302143,39.0,11.0
526,96.0,61.94078370742943,61.941140998323604,458.2471706339459,458.2473700785963,148.2122698736178,148.2117245151298,2750.984434544572,2750.984497519169,0.02172379863086107,39.0,11.0
527,96.0,61.941140998323604,61.941182011237245,458.2473700785963,458.2474974564851,148.2117245151298,148.21166439526448,2750.984497519169,2750.984517989611,0.015257652014145171,39.0,11.0
528,96.0,61.51916517426279,61.51805238706338,457.0821169798228,457.07532787150166,147.7604207216912,147.7586304621012,2751.0435627954857,2751.04386562153,0.010676563797809105,42.0,11.0
529,96.0,61.51805238706338,61.51746818588403,457.07532787150166,457.06254497091885,147.7586304621012,147.7538036019259,2751.04386562153,2751.044453148587,0.05117623330565324,42.0,11.0
530,96.0,61.51746818588403,61.517769560966954,457.06254497091885,457.05799514631116,147.7538036019259,147.7443824876762,2751.044453148587,2751.044924943909,0.03505887758976394,42.0,11.0
531,96.0,61.517769560966954,61.51474576297958,457.05799514631116,457.0579303383027,147.7443824876762,147.7365272073787,2751.044924943909,2751.0453209270245,0.02130990380232865,42.0,11.0
532,96.0,61.51474576297958,61.51371964835566,457.0579303383027,457.0615471431247,147.7365272073787,147.73033850719557,2751.0453209270245,2751.0456724343267,0.030905557710516958,42.0,11.0
533,96.0,61.51371964835566,61.51297284082905,457.0615471431247,457.0652816838645,147.73033850719557,147.7282020152869,2751.0456724343267,2751.045896516969,0.0365120624458652,42.0,11.0
534,96.0,61.51297284082905,61.51416408911028,457.0652816838645,457.0681520946438,147.7282020152869,147.72892639453227,2751.045896516969,2751.0460854871167,0.018727670820353218,42.0,11.0
535,96.0,61.51416408911028,61.51489409084703,457.0681520946438,457.0677949844445,147.72892639453227,147.72661022071418,2751.0460854871167,2751.04624191027,0.012916938487505724,42.0,11.0
536,96.0,61.51489409084703,61.51363185235753,457.0677949844445,457.0663615621485,147.72661022071418,147.7260951800536,2751.04624191027,2751.0463761367605,0.012288993816518913,42.0,11.0
537,96.0,61.51363185235753,61.51396715594346,457.0663615621485,457.06723824982026,147.7260951800536,147.72486449279066,2751.0463761367605,2751.046489101083,0.012730836142905662,42.0,11.0
538,96.0,61.51396715594346,61.51476632246306,457.06723824982026,457.06750626071937,147.72486449279066,147.72412398453875,2751.046489101083,2751.0465791809434,0.00879586408656959,42.0,11.0
539,96.0,61.51476632246306,61.515222525141,457.06750626071937,457.06810747222136,147.72412398453875,147.72448848403639,2751.0465791809434,2751.046652325405,0.013612375526718984,42.0,11.0
540,96.0,61.515222525141,61.515633588227765,457.06810747222136,457.06819180118964,147.72448848403639,147.72437965134003,2751.046652325405,2751.046697505171,0.017368502345796236,42.0,11.0
541,96.0,61.515633588227765,61.515563290292846,457.06819180118964,457.06823663145116,147.72437965134003,147.72438211192042,2751.046697505171,2751.0467111276666,0.011003980879163735,42.0,11.0
542,96.0,67.13312932762256,67.13383877737411,462.30736434622384,462.3078072566752,146.38550303563397,146.38531137017608,2751.303465103824,2751.3035212961063,0.0028972379354085523,45.0,11.0
543,96.0,67.13383877737411,67.13553560348474,462.3078072566752,462.3090397252548,146.38531137017608,146.3849596178763,2751.3035212961063,2751.3036625544496,0.015192986977101575,45.0,11.0
544,96.0,67.13553560348474,67.13482928652513,462.3090397252548,462.30761854535774,146.3849596178763,146.38503290656257,2751.3036625544496,2751.3037776076767,0.01391172296123502,45.0,11.0
545,96.0,67.13482928652513,67.1350289719608,462.30761854535774,462.3087181048165,146.38503290656257,146.38492858527067,2751.3037776076767,2751.3038677112904,0.020656841816957174,45.0,11.0
546,96.0,67.1350289719608,67.13468135499704,462.3087181048165,462.30877986366033,146.38492858527067,146.38460131802046,2751.3038677112904,2751.303916511,0.017276354164618816,45.0,11.0
547,96.0,67.13468135499704,67.13469512218238,462.30877986366033,462.3088398490636,146.38460131802046,146.38469140785688,2751.303916511,2751.303933037219,0.012860311871897095,45.0,11.0
548,96.0,64.4900454934582,64.48999328629313,461.8056637420992,461.8057092541805,148.27131974450776,148.2713591978136,2751.4130544910154,2751.4130639957216,0.0011428164991792193,46.0,11.0
549,96.0,64.48999328629313,64.4898637052074,461.8057092541805,461.8058917531979,148.2713591978136,148.2714380399366,2751.4130639957216,2751.4130930390506,0.02010601005048736,46.0,11.0
550,96.0,64.4520508704073,64.45202290161143,461.5441835286689,461.54413114215856,148.1582559066608,148.15821994230419,2751.4226411326763,2751.4226496782817,0.0021782536237643577,47.0,11.0
551,96.0,64.45202290161143,64.45196928918867,461.54413114215856,461.54402094494225,148.15821994230419,148.15807502776894,2751.4226496782817,2751.4226743595177,0.01768628239411979,47.0,11.0
552,96.0,64.0106860159714,64.01080086067557,465.36318608220336,465.36312826787724,143.76015932529126,143.76024133006587,2751.6174960466296,2751.617517100448,0.01560184424673724,48.0,11.0
553,96.0,63.631275017747214,63.63115695213393,464.59786228711283,464.597638312411,144.45517890029387,144.45552343011065,2751.6542229886977,2751.654255719899,0.0012822786467651835,49.0,11.0
554,96.0,63.63115695213393,63.630500436140856,464.597638312411,464.5967666826503,144.45552343011065,144.4561843025123,2751.654255719899,2751.6543543410526,0.011713239341124738,49.0,11.0
555,96.0,63.630500436140856,63.6297289551469,464.5967666826503,464.5972178670037,144.4561843025123,144.4561715654706,2751.6543543410526,2751.6544309519554,0.014407064897684441,49.0,11.0
556,96.0,63.6297289551469,63.62980809413631,464.5972178670037,464.59748445448275,144.4561715654706,144.45653687591306,2751.6544309519554,2751.654478078892,0.019184859880257372,49.0,11.0
557,96.0,63.62980809413631,63.62982405971671,464.59748445448275,464.597543087349,144.45653687591306,144.4564973678137,2751.654478078892,2751.654490395301,0.010139494980581133,49.0,11.0
558,96.0,63.63127329477212,63.63126857857044,464.5978606031322,464.5978565377891,144.45517849291517,144.45517798737936,2751.654223787473,2751.654225996599,0.0022885580794835187,50.0,11.0
559,96.0,61.63103749077169,61.63095158681347,457.1766862147847,457.17660011208346,147.60624101844496,147.60626130299826,2751.052676023875,2751.0526940761183,0.013803434276350845,54.0,11.0
560,96.0,61.632094108446,61.6320918029057,457.17476787654505,457.17477494964805,147.60758542892202,147.60758504048653,2751.052757298297,2751.0527597900254,0.0025600979482536222,57.0,11.0
561,96.0,61.999514536994624,61.99954162258482,464.603078575961,464.6030271117402,150.57005966032443,150.57011091343435,2751.2300127069807,2751.2300256314365,0.010544221360652124,60.0,11.0
562,96.0,61.55977782269025,61.562039037791905,471.03852488851317,471.0435576689191,151.62602778812908,151.62858623561468,2751.4480361597,2751.4483000358987,0.01188964875751455,63.0,11.0
563,96.0,61.562039037791905,61.564983327478615,471.0435576689191,471.0551292522118,151.62858623561468,151.62629444791486,2751.4483000358987,2751.4488332045307,0.042784320109829146,63.0,11.0
564,96.0,61.564983327478615,61.56653399451191,471.0551292522118,471.06229410988334,151.62629444791486,151.620168445361,2751.4488332045307,2751.449271442976,0.03753128627560373,63.0,11.0
565,96.0,61.56653399451191,61.566267484597475,471.06229410988334,471.0682703737295,151.620168445361,151.61576149181312,2751.449271442976,2751.449630155447,0.024882355844925316,63.0,11.0
566,96.0,61.566267484597475,61.56556488185562,471.0682703737295,471.07363809445695,151.61576149181312,151.61861499725393,2751.449630155447,2751.4499383937,0.02644135784233699,63.0,11.0
567,96.0,61.56556488185562,61.56979292246426,471.07363809445695,471.07258065175876,151.61861499725393,151.6206803118737,2751.4499383937,2751.450195226442,0.014797602500755134,63.0,11.0
568,96.0,61.56979292246426,61.57212967259886,471.07258065175876,471.0701156997003,151.6206803118737,151.6230551931989,2751.450195226442,2751.4504243781203,0.01478167131145305,63.0,11.0
569,96.0,61.57212967259886,61.57499113297374,471.0701156997003,471.0697729992515,151.6230551931989,151.6250460505573,2751.4504243781203,2751.4506266782923,0.0607025190007184,63.0,11.0
570,96.0,61.57499113297374,61.574921101262916,471.0697729992515,471.0705917343474,151.6250460505573,151.6259693821403,2751.4506266782923,2751.450723127919,0.011515728487666502,63.0,11.0
571,96.0,61.574921101262916,61.57510426759658,471.0705917343474,471.0704524808273,151.6259693821403,151.62513877346737,2751.450723127919,2751.4507977613493,0.01498897189991513,63.0,11.0
572,96.0,61.57510426759658,61.5749210466151,471.0704524808273,471.0700809972283,151.62513877346737,151.62509175821475,2751.4507977613493,2751.450841659199,0.024216015684433444,63.0,11.0
573,96.0,61.5749210466151,61.57490871168626,471.0700809972283,471.07008222870024,151.62509175821475,151.62509253767882,2751.450841659199,2751.4508452037658,0.0035269133749190502,63.0,11.0
574,96.0,59.71905173883721,59.718935640798634,470.23285453247416,470.2325516494179,149.22989119390408,149.22917857917625,2751.552345486087,2751.5523973395457,0.0018359663806403203,64.0,11.0
575,96.0,59.718935640798634,59.71984902747647,470.2325516494179,470.232181612505,149.22917857917625,149.22734488522366,2751.5523973395457,2751.552536489167,0.01761850154207106,64.0,11.0
576,96.0,59.71984902747647,59.72115646483595,470.232181612505,470.2321378259074,149.22734488522366,149.2266877327609,2751.552536489167,2751.55264512419,0.01253906412676874,64.0,11.0
577,96.0,59.72115646483595,59.720404596414994,470.2321378259074,470.23197119909617,149.2266877327609,149.22597690511765,2751.55264512419,2751.5527309539075,0.012543080944127781,64.0,11.0
578,96.0,59.720404596414994,59.72012634786073,470.23197119909617,470.2322542393269,149.22597690511765,149.22649288821023,2751.5527309539075,2751.552791838566,0.01908335595477114,64.0,11.0
579,96.0,59.72012634786073,59.72027444182411,470.2322542393269,470.2321932933907,149.22649288821023,149.22642221261296,2751.552791838566,2751.5528151103963,0.016885550512372963,64.0,11.0
580,96.0,57.237274800824366,57.23720450703225,472.2501002299191,472.2500782182307,154.16426726680498,154.16437247140823,2751.7484919623234,2751.748510553367,0.01413157893330436,65.0,11.0
581,96.0,56.93926181073631,56.939978575508476,474.31207342434516,474.3131157726725,154.59024346602217,154.5909121106004,2751.819418630962,2751.8195015980154,0.0032551260518493253,66.0,11.0
582,96.0,56.939978575508476,56.94149204604928,474.3131157726725,474.3157570017778,154.5909121106004,154.59222521816739,2751.8195015980154,2751.819695905795,0.020964768850273433,66.0,11.0
583,96.0,56.94149204604928,56.94313451101145,474.3157570017778,474.31400900495646,154.59222521816739,154.59157848211484,2751.819695905795,2751.8198536747254,0.014963196923102653,66.0,11.0
584,96.0,56.94313451101145,56.94233028545396,474.31400900495646,474.3124846790467,154.59157848211484,154.59245360981623,2751.8198536747254,2751.8199857293603,0.015663402309903394,66.0,11.0
585,96.0,56.94233028545396,56.941239605851685,474.3124846790467,474.31164018098553,154.59245360981623,154.59262778201574,2751.8199857293603,2751.820090500195,0.010890607260404563,66.0,11.0
586,96.0,56.941239605851685,56.9409977176669,474.31164018098553,474.310968546995,154.59262778201574,154.59337139169878,2751.820090500195,2751.820175325769,0.012705679124183408,66.0,11.0
587,96.0,56.9409977176669,56.94155120130115,474.310968546995,474.3111315879917,154.59337139169878,154.5936245357312,2751.820175325769,2751.820234776475,0.02174456999747819,66.0,11.0
588,96.0,56.94155120130115,56.94152942610641,474.3111315879917,474.3110807640031,154.5936245357312,154.593730059824,2751.820234776475,2751.820252385183,0.01353142574796512,66.0,11.0
589,96.0,56.93926328225094,56.939267527874414,474.3120721725768,474.31206749116075,154.59024508184524,154.59025002700002,2751.8194194539396,2751.819422076123,0.00268342,67.0,11.0
590,96.0,62.206427384926805,62.20644302602052,457.5949277901577,457.594962584375,147.96547280307803,147.9654017894221,2750.9560639062825,2750.9560771988286,0.010787278721397684,70.0,11.0
591,96.0,62.20642611293175,62.206426598472135,457.5949119759395,457.5949043072409,147.9654897477978,147.9654920222569,2750.9560612919777,2750.9560639116744,0.00268108,71.0,11.0
592,96.0,62.33858687743733,62.33857806468567,457.4793959059405,457.4794004528884,147.85064942039918,147.85064312744922,2750.9489363248204,2750.948939734453,0.003406839674883535,74.0,11.0
593,96.0,62.338589239589076,62.33858894043349,457.4793961322804,457.4794031974695,147.85065432446183,147.85066012377055,2750.9489360275347,2750.9489388963516,0.00291374,75.0,11.0
594,96.0,62.67010918070665,62.670224318230666,456.69657402030543,456.69672866984837,146.44527199132386,146.4452025791615,2750.8921417114907,2750.892158647069,0.0017491271299619614,77.0,11.0
595,96.0,62.670224318230666,62.669741565477125,456.69672866984837,456.6961539351938,146.4452025791615,146.44460560465524,2750.892158647069,2750.8922392208906,0.010360510612370132,77.0,11.0
596,96.0,62.669741565477125,62.66944274775873,456.6961539351938,456.6967076164171,146.44460560465524,146.44468250807148,2750.8922392208906,2750.8922989311695,0.010285922558601087,77.0,11.0
597,96.0,62.66944274775873,62.66941963494948,456.6967076164171,456.6970540995171,146.44468250807148,146.4446370491441,2750.8922989311695,2750.8923375505838,0.025115417673251983,77.0,11.0
598,96.0,62.67010719662834,62.6701017149757,456.696572871168,456.6965696963072,146.44527310560153,146.44527618415094,2750.892142544858,2750.8921449426566,0.002470561652265346,78.0,11.0
599,96.0,61.99368699261244,61.99368312135876,456.70166583882184,456.7016701002599,145.19742494858048,145.1974312633155,2750.8418386539756,2750.841841391911,0.002791938323216549,81.0,11.0
600,96.0,61.993689769312894,61.993692513497955,456.70166393522015,456.701658519198,145.19742173946844,145.19741737231712,2750.841838454287,2750.84184095278,0.002566521612873736,82.0,11.0
601,96.0,62.66920106693514,62.66897089753216,456.76781402779955,456.767065466354,145.89080184149879,145.89171410893715,2750.8741844371557,2750.8742570500563,0.00401077500889022,86.0,11.0
602,96.0,62.66897089753216,62.66784808269299,456.767065466354,456.76550893770656,145.89171410893715,145.8937681528582,2750.8742570500563,2750.8744294431017,0.016005368299419075,86.0,11.0
603,96.0,62.66784808269299,62.668368173635486,456.76550893770656,456.7659268027422,145.8937681528582,145.89586672115814,2750.8744294431017,2750.8745742400965,0.014528806493272086,86.0,11.0
604,96.0,62.668368173635486,62.669709007645395,456.7659268027422,456.76515973004064,145.89586672115814,145.89653436246056,2750.8745742400965,2750.8746940378524,0.015540327707247522,86.0,11.0
605,96.0,62.669709007645395,62.670338416095674,456.76515973004064,456.7642216226494,145.89653436246056,145.89679033184007,2750.8746940378524,2750.8747861703782,0.01570595926099251,86.0,11.0
606,96.0,62.670338416095674,62.66998603598057,456.7642216226494,456.7641661461559,145.89679033184007,145.89734263789416,2750.8747861703782,2750.8748474990066,0.025736947980233363,86.0,11.0
607,96.0,62.66998603598057,62.66991809079285,456.7641661461559,456.76419516971043,145.89734263789416,145.89736165352838,2750.8748474990066,2750.8748602764717,0.010446759211907998,86.0,11.0
608,96.0,74.76680070595975,74.76622502263217,460.4973526747732,460.4992817613018,151.80814188485004,151.80745784856592,2751.3403112156248,2751.3404093547115,0.008564139492455273,89.0,11.0
609,96.0,74.76622502263217,74.7589028372613,460.4992817613018,460.50319763288496,151.80745784856592,151.80465953278141,2751.3404093547115,2751.3408182344033,0.06735140195658833,89.0,11.0
610,96.0,74.7589028372613,74.76186674001136,460.50319763288496,460.507253512988,151.80465953278141,151.80332722006293,2751.3408182344033,2751.341090085079,0.049869082616557016,89.0,11.0
611,96.0,74.76186674001136,74.76477750364941,460.507253512988,460.5078690282958,151.80332722006293,151.80364121267908,2751.341090085079,2751.3412704027487,0.014613209830096929,89.0,11.0
612,96.0,74.76477750364941,74.76550191762036,460.5078690282958,460.5056733097919,151.80364121267908,151.80291403870496,2751.3412704027487,2751.3414254223176,0.019809735030618298,89.0,11.0
613,96.0,74.76550191762036,74.76472839420703,460.5056733097919,460.50424507488424,151.80291403870496,151.80239263857638,2751.3414254223176,2751.34154636944,0.01281731340219059,89.0,11.0
614,96.0,74.76472839420703,74.76544716272011,460.50424507488424,460.50322093829135,151.80239263857638,151.80261102934955,2751.34154636944,2751.3416446842116,0.014544585036824357,89.0,11.0
615,96.0,74.76544716272011,74.76576291572559,460.50322093829135,460.5024983771399,151.80261102934955,151.80248590180003,2751.3416446842116,2751.34171530896,0.012523400561912043,89.0,11.0
616,96.0,74.76576291572559,74.76580513486212,460.5024983771399,460.5020803854791,151.80248590180003,151.80257333299903,2751.34171530896,2751.3417601519523,0.020610655478095895,89.0,11.0
617,96.0,74.76580513486212,74.7657665738111,460.5020803854791,460.50210198783964,151.80257333299903,151.80257047883464,2751.3417601519523,2751.341768815316,0.007596673059239278,89.0,11.0
618,96.0,80.17364544271697,80.17527321049633,460.71390218545986,460.71448624876865,163.55265833280902,163.56146584197057,2751.771647808676,2751.772016292789,0.01125032688337762,90.0,11.0
619,96.0,80.17527321049633,80.17375480844238,460.71448624876865,460.71790777964054,163.56146584197057,163.57838257490886,2751.772016292789,2751.772732424949,0.09292650173369402,90.0,11.0
620,96.0,80.17375480844238,80.16628512316471,460.71790777964054,460.72216748590955,163.57838257490886,163.5711457052273,2751.772732424949,2751.7732323583564,0.04791844326944571,90.0,11.0
621,96.0,80.16628512316471,80.16379166610844,460.72216748590955,460.71976121165716,163.5711457052273,163.56348611335721,2751.7732323583564,2751.773627949064,0.02187427769932914,90.0,11.0
622,96.0,80.16379166610844,80.15803176247508,460.71976121165716,460.7154638057883,163.56348611335721,163.5639413852748,2751.773627949064,2751.7739779155663,0.03154888170121021,90.0,11.0
623,96.0,80.15803176247508,80.15647809177953,460.7154638057883,460.7108116689833,163.5639413852748,163.56658506909616,2751.7739779155663,2751.774264648792,0.019100098005308968,90.0,11.0
624,96.0,80.15647809177953,80.15328782799398,460.7108116689833,460.71392117065477,163.56658506909616,163.56793831100603,2751.774264648792,2751.774514729726,0.07128487693768215,90.0,11.0
625,96.0,80.15328782799398,80.15218267327046,460.71392117065477,460.7145358624533,163.56793831100603,163.56671263243305,2751.774514729726,2751.774638414065,0.02368880202185292,90.0,11.0
626,96.0,80.15218267327046,80.15274389832814,460.7145358624533,460.7137617484447,163.56671263243305,163.5668519161633,2751.774638414065,2751.774719419893,0.014858768394282322,90.0,11.0
627,96.0,80.15274389832814,80.1528503704711,460.7137617484447,460.7140986272492,163.5668519161633,163.56648540390356,2751.774719419893,2751.7747702653946,0.016836366687319262,90.0,11.0
628,96.0,80.1528503704711,80.15276928324843,460.7140986272492,460.71399621726124,163.56648540390356,163.566494459787,2751.7747702653946,2751.774789118572,0.0142903299081691,90.0,11.0
629,96.0,78.12929431073357,78.12917503700338,456.0684302097038,456.0681872314784,159.27723778914154,159.27713465474596,2751.9932324410593,2751.9932660389936,0.016079455626707904,93.0,11.0
630,96.0,78.12917503700338,78.12919699333547,456.0681872314784,456.0681742764297,159.27713465474596,159.2771126630849,2751.9932660389936,2751.9932731696085,0.006458133706292453,93.0,11.0
631,96.0,78.12934956741715,78.12934664560018,456.06850027845815,456.0684933584607,159.27726764187454,159.277270433733,2751.9932223786914,2751.993224998388,0.00268108,94.0,11.0
632,96.0,78.31601552281909,78.31601698676961,455.9432718821048,455.94330986923813,158.88241445340316,158.8824255764606,2752.008379307676,2752.008387309709,0.007111027051950124,97.0,11.0
633,96.0,82.06222450278025,82.06213846683505,451.4600567280111,451.4596866298285,154.95023979596215,154.9502893102856,2752.2432973866153,2752.243338646148,0.017406088399967653,100.0,11.0
634,96.0,82.06213846683505,82.06210273013832,451.4596866298285,451.4596432989568,154.9502893102856,154.9503087865166,2752.243338646148,2752.2433493322105,0.009031846649509543,100.0,11.0
635,96.0,83.75368121746432,83.75370676633166,452.1812809067181,452.1812583981399,153.95172075236064,153.9517109093424,2752.3130773448756,2752.3130826598012,0.0012394538473613468,102.0,11.0
636,96.0,83.75370676633166,83.75378398535806,452.1812583981399,452.1812141463336,153.9517109093424,153.95167676482455,2752.3130826598012,2752.3130976539933,0.011892531740484293,102.0,11.0
637,96.0,83.98947979303469,83.98948693664978,453.3363454943666,453.3363500725271,153.49780880019517,153.49781281427335,2752.3552159454816,2752.3552188661374,0.0029617240915670692,104.0,11.0
638,96.0,83.9038507542498,83.90374357530004,453.9712975309396,453.97138799538226,153.0066413118077,153.00653749425442,2752.3821437326205,2752.382160668679,0.0011170616493674543,105.0,11.0
639,96.0,83.90374357530004,83.90337662609245,453.97138799538226,453.9717456376108,153.00653749425442,153.00638465849403,2752.382160668679,2752.382213382828,0.0176503369020953,105.0,11.0
640,96.0,83.90337662609245,83.9033306801256,453.9717456376108,453.97177963341,153.00638465849403,153.00650401935542,2752.382213382828,2752.382232381691,0.01437831092210565,105.0,11.0
641,96.0,89.57331409269442,89.5733102372317,455.6857743720567,455.6857752383924,158.47005000033295,158.47005749603414,2752.650930022525,2752.650932744626,0.002777139529671771,108.0,11.0
642,96.0,98.78443864750267,98.78457994708118,460.7158702276567,460.7159653740042,160.744220215102,160.74421856499296,2753.009131726366,2753.009148419429,0.0022577883765082527,109.0,11.0
643,96.0,98.78457994708118,98.78493460800453,460.7159653740042,460.71629042046516,160.74421856499296,160.74417416604481,2753.009148419429,2753.009197346987,0.02113767130578017,109.0,11.0
644,96.0,98.78493460800453,98.7849617117567,460.71629042046516,460.71630756427203,160.74417416604481,160.7441237217813,2753.009197346987,2753.009208075244,0.00906096528737467,109.0,11.0
645,96.0,98.31611315485769,98.31564411758441,460.49530825164464,460.4954967513946,160.8489412755677,160.84918273931933,2753.026748927643,2753.0267894663575,0.029076982096151775,111.0,11.0
646,96.0,98.31564411758441,98.31518484579053,460.4954967513946,460.49576924378215,160.84918273931933,160.84954316374956,2753.0267894663575,2753.026849892387,0.0214891761218834,111.0,11.0
647,96.0,98.31518484579053,98.31512932718235,460.49576924378215,460.49581915051823,160.84954316374956,160.84965011124808,2753.026849892387,2753.026868692069,0.014257979554481295,111.0,11.0
648,96.0,98.31611151679991,98.31610623333994,460.495310191151,460.49531583270027,160.84894140854863,160.84894172760886,2753.0267497586924,2753.0267523157236,0.0026219747022687696,112.0,11.0
649,96.0,62.15282743075145,62.152952896164436,456.69152366100406,456.69142916157125,145.3683418919977,145.36819744712693,2750.849586659014,2750.8496061280252,0.001760448392269539,115.0,11.0
650,96.0,62.152952896164436,62.15340679861064,456.69142916157125,456.691380642724,145.36819744712693,145.36772157344598,2750.8496061280252,2750.8496675882257,0.0136416928487308,115.0,11.0
651,96.0,62.15340679861064,62.153506169501256,456.691380642724,456.6913566982381,145.36772157344598,145.36799423616282,2750.8496675882257,2750.8497013164765,0.022605699392658482,115.0,11.0
652,96.0,62.15282925495387,62.15283367708675,456.69152363924877,456.69152617627014,145.3683427907534,145.36834833429958,2750.8495873318616,2750.849589842347,0.002577901745380474,116.0,11.0
653,96.0,112.37688774916697,112.77344358659525,459.4738553745864,459.49339502691726,195.83693460073113,196.27463598001026,2753.2263859508084,2753.246110424448,1.0882903638439922,120.0,11.0
654,96.0,112.77344358659525,112.83323416944924,459.49339502691726,459.5104919679937,196.27463598001026,196.3514258950177,2753.246110424448,2753.2494089093157,0.18687903959906704,120.0,11.0
655,96.0,112.83323416944924,113.16076222869683,459.5104919679937,459.590681464955,196.3514258950177,196.83657155712385,2753.2494089093157,2753.269131790767,1.0455581846140185,120.0,11.0
656,96.0,113.16076222869683,113.65263357801625,459.590681464955,459.78545935711884,196.83657155712385,197.822327819196,2753.269131790767,2753.3064855680955,2.1290347943290504,120.0,11.0
657,96.0,113.65263357801625,113.28152029441995,459.78545935711884,460.0624678428934,197.822327819196,198.586252233575,2753.3064855680955,2753.336327606455,1.667811509231302,120.0,11.0
658,96.0,113.28152029441995,113.20998729890323,460.0624678428934,460.2334292582771,198.586252233575,198.88344462123865,2753.336327606455,2753.348035681506,0.7022472523113691,120.0,11.0
659,96.0,113.20998729890323,113.20229063753598,460.2334292582771,460.2317179053563,198.88344462123865,198.90341420866113,2753.348035681506,2753.348753982066,0.024942233434149908,120.0,11.0
660,96.0,113.20229063753598,112.91402352908753,460.2317179053563,460.13117666500705,198.90341420866113,199.4082952598033,2753.348753982066,2753.368494244299,1.1123565083491365,120.0,11.0
661,96.0,112.91402352908753,113.13505659328057,460.13117666500705,460.01093115170426,199.4082952598033,199.39336379631584,2753.368494244299,2753.3769392744493,0.8751305357434576,120.0,11.0
662,96.0,113.13505659328057,113.47534830484558,460.01093115170426,460.0776044290831,199.39336379631584,199.24228305077833,2753.3769392744493,2753.389635825503,0.8054645214843645,120.0,11.0
663,96.0,113.47534830484558,113.64157108327106,460.0776044290831,460.1955555914201,199.24228305077833,199.45444746566437,2753.389635825503,2753.3995411631286,0.5918332538949842,120.0,11.0
664,96.0,113.64157108327106,113.8541999396895,460.1955555914201,460.19426260960745,199.45444746566437,199.55010743799372,2753.3995411631286,2753.407421496728,0.4240117673202853,120.0,11.0
665,96.0,113.8541999396895,113.97018030205147,460.19426260960745,460.13923198207965,199.55010743799372,199.6902030330757,2753.407421496728,2753.4138723420488,0.3161240543058804,120.0,11.0
666,96.0,113.97018030205147,113.99803649093971,460.13923198207965,460.15092221207925,199.6902030330757,199.8456174982295,2753.4138723420488,2753.4192740831413,0.2692251671416361,120.0,11.0
667,96.0,113.99803649093971,114.04594463312813,460.15092221207925,460.08432194065534,199.8456174982295,199.94872688229006,2753.4192740831413,2753.4237974685866,0.23119320486077777,120.0,11.0
668,96.0,114.04594463312813,114.12577828489088,460.08432194065534,460.0512448777116,199.94872688229006,200.01578036989315,2753.4237974685866,2753.4275808203897,0.2085675186042346,120.0,11.0
669,96.0,114.12577828489088,114.16205827670417,460.0512448777116,459.9835190324787,200.01578036989315,200.0619399158369,2753.4275808203897,2753.430711538488,0.15380094312953438,120.0,11.0
670,96.0,114.16205827670417,114.21383800463623,459.9835190324787,459.97856990745305,200.0619399158369,200.11653991812074,2753.430711538488,2753.43337210044,0.12734404051109272,120.0,11.0
671,96.0,114.21383800463623,114.22363542830594,459.97856990745305,459.92844738929887,200.11653991812074,200.15496722010906,2753.43337210044,2753.4356521306363,0.3014369797745684,120.0,11.0
672,96.0,114.22363542830594,114.23045477020374,459.92844738929887,459.89314532616646,200.15496722010906,200.1675373250136,2753.4356521306363,2753.437073460277,0.07780110853799882,120.0,11.0
673,96.0,114.23045477020374,114.21065471816371,459.89314532616646,459.8737521603907,200.1675373250136,200.1517968709714,2753.437073460277,2753.4382862403954,0.05135869313888112,120.0,11.0
674,96.0,114.21065471816371,114.18709507168128,459.8737521603907,459.8863103740765,200.1517968709714,200.14352930623073,2753.4382862403954,2753.4393667814884,0.07960770069049751,120.0,11.0
675,96.0,114.18709507168128,114.16578633879222,459.8863103740765,459.8916471245583,200.14352930623073,200.1446583028208,2753.4393667814884,2753.440244478712,0.05758371317502123,120.0,11.0
676,96.0,114.16578633879222,114.14821456160514,459.8916471245583,459.8898779045891,200.1446583028208,200.1475289540528,2753.440244478712,2753.4409803624044,0.0445711987630876,120.0,11.0
677,96.0,114.14821456160514,114.13528773590019,459.8898779045891,459.89126979407064,200.1475289540528,200.14033182671528,2753.4409803624044,2753.441609907615,0.042705671567476546,120.0,11.0
678,96.0,114.13528773590019,114.13689271537956,459.89126979407064,459.89655004853165,200.14033182671528,200.1295647798417,2753.441609907615,2753.4421409433185,0.05711320438036773,120.0,11.0
679,96.0,114.13689271537956,114.14098336790146,459.89655004853165,459.89140137202287,200.1295647798417,200.12391481519802,2753.4421409433185,2753.4425463659913,0.020508351078811726,120.0,11.0
680,96.0,114.14098336790146,114.13775798986549,459.89140137202287,459.88835552818966,200.12391481519802,200.12999381445286,2753.4425463659913,2753.4429087046246,0.02867745566564292,120.0,11.0
681,96.0,114.13775798986549,114.14064834956476,459.88835552818966,459.8857403940833,200.12999381445286,200.13457589520766,2753.4429087046246,2753.443212886918,0.019340171847879985,120.0,11.0
682,96.0,114.14064834956476,114.14179797725362,459.8857403940833,459.8809768325726,200.13457589520766,200.1358481041916,2753.443212886918,2753.4434793655323,0.023502204732763474,120.0,11.0
683,96.0,114.14179797725362,114.14295855411982,459.8809768325726,459.88085390052703,200.1358481041916,200.13965602751392,2753.4434793655323,2753.4437018195003,0.012118811423715417,120.0,11.0
684,96.0,114.14295855411982,114.1401243610864,459.88085390052703,459.87985421077303,200.13965602751392,200.141373225505,2753.4437018195003,2753.4439023620607,0.06690423213229783,120.0,11.0
685,96.0,114.1401243610864,114.13946628575545,459.87985421077303,459.88013517580055,200.141373225505,200.14207327492107,2753.4439023620607,2753.4439854372913,0.01932024071501123,120.0,11.0
686,96.0,114.13946628575545,114.13977211543008,459.88013517580055,459.8801471173191,200.14207327492107,200.1423562883026,2753.4439854372913,2753.444029334262,0.02774249644424368,120.0,11.0
687,96.0,112.37688774916697,112.42999414327842,459.4738553745864,459.4545104568232,195.83693460073113,195.8946053556028,2753.2263859508084,2753.229135715243,0.12072214726293125,121.0,-11.0
688,96.0,112.42999414327842,112.53462210818748,459.4545104568232,459.38476473896014,195.8946053556028,195.99141791900212,2753.229135715243,2753.234551494856,0.33268177401235954,121.0,-11.0
689,96.0,112.53462210818748,112.49477285673231,459.38476473896014,459.2842506954245,195.99141791900212,196.0553540316244,2753.234551494856,2753.2388732401873,0.21198893344713612,121.0,-11.0
690,96.0,112.49477285673231,112.46078705932082,459.2842506954245,459.18529901814355,196.0553540316244,196.04690123922472,2753.2388732401873,2753.2425124904476,0.1859580251037466,121.0,-11.0
691,96.0,112.46078705932082,112.44210689297729,459.18529901814355,459.1053013215889,196.04690123922472,196.0175773214948,2753.2425124904476,2753.2455653445054,0.17190731344612323,121.0,-11.0
692,96.0,112.44210689297729,112.49551099989564,459.1053013215889,459.0696898597645,196.0175773214948,195.98672386866775,2753.2455653445054,2753.2480886430294,0.15422257798378983,121.0,-11.0
693,96.0,112.49551099989564,112.53559625431289,459.0696898597645,459.0386648462721,195.98672386866775,195.9600609163998,2753.2480886430294,2753.2501497415137,0.1813418835631704,121.0,-11.0
694,96.0,112.53559625431289,112.56471550289955,459.0386648462721,459.05813918417914,195.9600609163998,195.9377136248823,2753.2501497415137,2753.2516873517834,0.08874174320959174,121.0,-11.0
695,96.0,112.56471550289955,112.59827039696859,459.05813918417914,459.05475496639235,195.9377136248823,195.93195824307696,2753.2516873517834,2753.2529788265156,0.05652289105373485,121.0,-11.0
696,96.0,112.59827039696859,112.62229441112015,459.05475496639235,459.04608694539854,195.93195824307696,195.9471045456167,2753.2529788265156,2753.254117783311,0.12976806330865284,121.0,-11.0
697,96.0,112.62229441112015,112.61323858175292,459.04608694539854,459.0504065976012,195.9471045456167,195.92990864331227,2753.254117783311,2753.2549223114847,0.04789887515102881,121.0,-11.0
698,96.0,112.61323858175292,112.59868882971861,459.0504065976012,459.0577599067436,195.92990864331227,195.92706240772384,2753.2549223114847,2753.255609778988,0.044849931509717465,121.0,-11.0
699,96.0,112.59868882971861,112.58862457383432,459.0577599067436,459.06677598078414,195.92706240772384,195.92816502490072,2753.255609778988,2753.256191432379,0.020236351542309707,121.0,-11.0
700,96.0,112.58862457383432,112.580987306776,459.06677598078414,459.0740751115671,195.92816502490072,195.93439098182094,2753.256191432379,2753.256726679484,0.08250583666728055,121.0,-11.0
701,96.0,112.580987306776,112.58021763066009,459.0740751115671,459.07702297473287,195.93439098182094,195.94115857861874,2753.256726679484,2753.2570833948685,0.023850867516457437,121.0,-11.0
702,96.0,112.58021763066009,112.5832043414287,459.07702297473287,459.07319425165286,195.94115857861874,195.9449754552732,2753.2570833948685,2753.2573922461606,0.03724215243366072,121.0,-11.0
703,96.0,112.5832043414287,112.58486788452394,459.07319425165286,459.0740790903104,195.9449754552732,195.9489508813518,2753.2573922461606,2753.25763048581,0.02505532152700799,121.0,-11.0
704,96.0,112.58486788452394,112.58660174112545,459.0740790903104,459.07692022211677,195.9489508813518,195.94908163028757,2753.25763048581,2753.257824331678,0.025523450998608782,121.0,-11.0
705,96.0,112.58660174112545,112.58643034058264,459.07692022211677,459.07886287681833,195.94908163028757,195.95039958436567,2753.257824331678,2753.257975429422,0.031724364456775594,121.0,-11.0
706,96.0,112.58643034058264,112.58687010154013,459.07886287681833,459.08003419752265,195.95039958436567,195.95065536589175,2753.257975429422,2753.258074216231,0.05535857464666749,121.0,-11.0
707,96.0,116.69995157084622,116.6996319273507,459.3349929118734,459.3350740528616,199.63187712695137,199.6327483007448,2753.4423931658735,2753.442452900512,0.002096221897103721,125.0,11.0
708,96.0,116.6996319273507,116.69863655248764,459.3350740528616,459.33546662601947,199.6327483007448,199.63481011645962,2753.442452900512,2753.442603297677,0.014086963522175842,125.0,11.0
709,96.0,116.69863655248764,116.69824789266178,459.33546662601947,459.3357974238244,199.63481011645962,199.63654896456788,2753.442603297677,2753.4427294933726,0.01796935364504331,125.0,11.0
710,96.0,116.69824789266178,116.6989255907034,459.3357974238244,459.3361721764676,199.63654896456788,199.63746579010268,2753.4427294933726,2753.44282395941,0.013698149201344061,125.0,11.0
711,96.0,116.6989255907034,116.69945899543424,459.3361721764676,459.3366082021442,199.63746579010268,199.63714836356365,2753.44282395941,2753.4428920126834,0.01093235794655341,125.0,11.0
712,96.0,116.69945899543424,116.69942596194895,459.3366082021442,459.3365330865348,199.63714836356365,199.63671842722323,2753.4428920126834,2753.4429375131494,0.02069634727875265,125.0,11.0
713,96.0,116.69942596194895,116.69945974914204,459.3365330865348,459.3365606341258,199.63671842722323,199.63670181046223,2753.4429375131494,2753.4429465026856,0.007833261879868943,125.0,11.0
714,96.0,130.85371457164345,130.85560701781066,462.1479011048794,462.1491579248069,200.53244051092196,200.53116652830232,2753.924688861284,2753.9248218577573,0.004726355313927124,128.0,11.0
715,96.0,130.85560701781066,130.8589390218879,462.1491579248069,462.15221826799973,200.53116652830232,200.52798896815364,2753.9248218577573,2753.925106879225,0.019237694086532666,128.0,11.0
716,96.0,130.8589390218879,130.85829670281254,462.15221826799973,462.1542507593666,200.52798896815364,200.5239026154757,2753.925106879225,2753.925355049131,0.02672590201787134,128.0,11.0
717,96.0,130.85829670281254,130.8570889717775,462.1542507593666,462.1573914079284,200.5239026154757,200.52323766484943,2753.925355049131,2753.9255542555306,0.0162508334601586,128.0,11.0
718,96.0,130.8570889717775,130.85472554742745,462.1573914079284,462.1559603519366,200.52323766484943,200.52346289528947,2753.9255542555306,2753.9257249200746,0.012706294322477938,128.0,11.0
719,96.0,130.85472554742745,130.8555982269461,462.1559603519366,462.1543267290129,200.52346289528947,200.52252999643858,2753.9257249200746,2753.9258597878597,0.02400329937183202,128.0,11.0
720,96.0,130.8555982269461,130.8567096531932,462.1543267290129,462.1544456237114,200.52252999643858,200.52195875670685,2753.9258597878597,2753.925957292855,0.01911573492757525,128.0,11.0
721,96.0,130.8567096531932,130.85643105441477,462.1544456237114,462.1549832599259,200.52195875670685,200.5217417788323,2753.925957292855,2753.926017647609,0.016977764523281775,128.0,11.0
722,96.0,130.85643105441477,130.85663308453397,462.1549832599259,462.15494905291064,200.5217417788323,200.52169659617294,2753.926017647609,2753.926044200056,0.018734941060748325,128.0,11.0
723,96.0,130.93377281041677,130.93365229139403,462.2928239467319,462.2928076411208,201.17470823598916,201.17485343360107,2753.946820045684,2753.946844690754,0.017665856596442785,129.0,11.0
724,96.0,131.30697258076614,131.30757292597963,462.4784780222982,462.4789272710576,201.61530631437475,201.61657523711568,2753.9670433247115,2753.9671274427997,0.009158342306242599,130.0,11.0
725,96.0,131.30757292597963,131.30908482313257,462.4789272710576,462.4801971248993,201.61657523711568,201.61919405770905,2753.9671274427997,2753.967320226689,0.01136917458034749,130.0,11.0
726,96.0,131.30908482313257,131.31140432489548,462.4801971248993,462.4809362858367,201.61919405770905,201.6206209409528,2753.967320226689,2753.967493088922,0.013219457339708439,130.0,11.0
727,96.0,131.31140432489548,131.31312916564906,462.4809362858367,462.4807362045597,201.6206209409528,201.61908928031835,2753.967493088922,2753.9676431396674,0.010454015180674335,130.0,11.0
728,96.0,131.31312916564906,131.3118317350274,462.4807362045597,462.4802343164496,201.61908928031835,201.6177459725106,2753.9676431396674,2753.9677752378275,0.014625863392714645,130.0,11.0
729,96.0,131.3118317350274,131.31184601312717,462.4802343164496,462.4802796110803,201.6177459725106,201.6163205758416,2753.9677752378275,2753.967881897662,0.014058426159659432,130.0,11.0
730,96.0,131.31184601312717,131.3114453877193,462.4802796110803,462.47948578897666,201.6163205758416,201.61595150966951,2753.967881897662,2753.9679626935363,0.01547639417506835,130.0,11.0
731,96.0,131.3114453877193,131.31186435352873,462.47948578897666,462.47959534988485,201.61595150966951,201.61617804318115,2753.9679626935363,2753.9680120374255,0.02457080654583518,130.0,11.0
732,96.0,131.31186435352873,131.31184965114983,462.47959534988485,462.4796138412004,201.61617804318115,201.61619374120232,2753.9680120374255,2753.9680183545033,0.005829533089901931,130.0,11.0
733,96.0,131.30697241813462,131.3069722485178,462.4784755067447,462.4784675772062,201.6153060796462,201.61530493443814,2753.967044152343,2753.96704677204,0.00268108,131.0,11.0
734,96.0,130.54448126436273,130.54447807451092,462.5501911157677,462.5501804241865,202.2737600015261,202.27376269488437,2754.0007342792283,2754.000737635006,0.003358478742427135,134.0,11.0
735,96.0,130.0110329228266,130.01098443284624,463.1094247311198,463.1093841817434,202.7020146123584,202.70203230675423,2754.030206189839,2754.030214302957,0.0012484342143960407,137.0,11.0
736,96.0,130.01098443284624,130.01081085908845,463.1093841817434,463.10928421589244,202.70203230675423,202.70199284429003,2754.030214302957,2754.030240330578,0.018442435379214576,137.0,11.0
737,96.0,130.94779121351957,130.94860255156078,463.6740731200348,463.6738603498451,203.3572129114484,203.35680386873534,2754.0727356605,2754.072794175036,0.002859014883928222,138.0,11.0
738,96.0,130.94860255156078,130.95078548763016,463.6738603498451,463.6726919363161,203.35680386873534,203.35655243638607,2754.072794175036,2754.0729521460735,0.009836416148143469,138.0,11.0
739,96.0,130.95078548763016,130.95029903671826,463.6726919363161,463.67330077599325,203.35655243638607,203.35457854677762,2754.0729521460735,2754.0730932011393,0.02257802188737323,138.0,11.0
740,96.0,130.95029903671826,130.9503255413002,463.67330077599325,463.67201520251194,203.35457854677762,203.35422216260488,2754.0730932011393,2754.0731949865612,0.03519550699540088,138.0,11.0
741,96.0,130.9503255413002,130.9505298812687,463.67201520251194,463.67209940109205,203.35422216260488,203.35405383805147,2754.0731949865612,2754.073227572589,0.020279220334585752,138.0,11.0
742,96.0,130.9505298812687,130.95052677482423,463.67209940109205,463.6720977921482,203.35405383805147,203.3540517979815,2754.073227572589,2754.0732292198036,0.0017270496026066291,138.0,11.0
743,96.0,130.94779229755858,130.94779532666743,463.6740713080282,463.67406608091005,203.3572139434716,203.35721707040202,2754.07273644804,2754.0727387895176,0.0024165525967176768,139.0,11.0
744,96.0,130.85690247081706,130.85690660173503,462.15193242664964,462.15193008214226,200.5245835064305,200.52458013938235,2753.9259743231573,2753.925976428835,0.002187374720795653,145.0,11.0
745,96.0,130.85690125338812,130.85690208475938,462.15193558229856,462.1519417117229,200.52458492369507,200.52458669164642,2753.925974442202,2753.925976696049,0.002331982422808396,146.0,11.0
746,96.0,94.19761884602083,94.19780078825873,457.9401346129972,457.9404763359801,179.49221358772996,179.49153071004844,2754.082149183241,2754.0822016082716,0.0029243724029480336,150.0,11.0
747,96.0,94.19780155373113,94.19835413965679,457.94047785984867,457.9415026164135,179.49152891854152,179.49026466735356,2754.082201775996,2754.082323358674,0.011385243168593486,150.0,11.0
748,96.0,94.19835413965679,94.19730174430704,457.9415026164135,457.9418146919543,179.49026466735356,179.4910157447588,2754.082323358674,2754.082424915192,0.0138481139839392,150.0,11.0
749,96.0,94.19730174430704,94.19806122134094,457.9418146919543,457.942158513933,179.4910157447588,179.49074139697228,2754.082424915192,2754.08250052845,0.02274673856777902,150.0,11.0
750,96.0,94.19806122134094,94.19806322958735,457.942158513933,457.9421317895449,179.49074139697228,179.49049783073866,2754.08250052845,2754.082530259061,0.020479334662709472,150.0,11.0
751,96.0,82.05333151494972,82.0477711907964,455.343092425747,455.3419710530525,177.9854494245456,177.98569798091117,2754.4994359747275,2754.499685887872,0.011742757172959665,151.0,11.0
752,96.0,82.0477711907964,82.03767968395087,455.3419710530525,455.3414955010827,177.98569798091117,177.9904854021595,2754.499685887872,2754.5001836680494,0.03450609508260163,151.0,11.0
753,96.0,82.03767968395087,82.03661184681083,455.3414955010827,455.3502335850637,177.9904854021595,177.98810660759938,2754.5001836680494,2754.5006058133536,0.03137143448159171,151.0,11.0
754,96.0,82.03661184681083,82.03673159996102,455.3502335850637,455.35750386781757,177.98810660759938,177.9869669728297,2754.5006058133536,2754.5009618542367,0.02138231068531678,151.0,11.0
755,96.0,82.03673159996102,82.03165170183291,455.35750386781757,455.36093226613866,177.9869669728297,177.98809949862485,2754.5009618542367,2754.501274488486,0.024317258823727646,151.0,11.0
756,96.0,82.03165170183291,82.03017358794084,455.36093226613866,455.36573581703203,177.98809949862485,177.9879521582787,2754.501274488486,2754.5015395725536,0.07616829814189918,151.0,11.0
757,96.0,82.03017358794084,82.03066687083104,455.36573581703203,455.36692784392324,177.9879521582787,177.9893022505434,2754.5015395725536,2754.501668457245,0.03381542895277532,151.0,11.0
758,96.0,82.03066687083104,82.03092749423273,455.36692784392324,455.3665998795453,177.9893022505434,177.9899125960864,2754.501668457245,2754.501735316894,0.01813087250794885,151.0,11.0
759,96.0,82.03092749423273,82.03098801894421,455.3665998795453,455.3665068906938,177.9899125960864,177.99013730126063,2754.501735316894,2754.5017655390234,0.02074501917607209,151.0,11.0
760,96.0,85.42826491754066,85.42832094964729,457.10610209104544,457.1061657125135,178.92846280927125,178.9285496064973,2754.6302881424767,2754.63030598519,0.013675148186832168,152.0,11.0
761,96.0,85.4282484776792,85.42824582832733,457.10607135462226,457.1060680847797,178.92844146020872,178.92843734786032,2754.6302831638577,2754.6302852847293,0.002202301837103177,153.0,11.0
762,96.0,88.49560806828063,88.49587121541246,456.5651120440042,456.5649926680027,178.0862584767047,178.086253776984,2754.737916522122,2754.737950063922,0.02250822903012986,156.0,11.0
763,96.0,88.99405993877508,88.99405612539994,457.9904683074924,457.9904759740219,175.28066737192862,175.2806448499499,2754.8441844419635,2754.844190073537,0.005284828585010566,157.0,11.0
764,96.0,88.99406376436922,88.99407330698513,457.99046732465206,457.9904680812936,175.28067460041854,175.28067585157171,2754.844183739168,2754.8441867169513,0.003014430276279824,158.0,11.0
765,96.0,87.56064550353166,87.56062929098667,459.51037047674737,459.51037231554017,175.01529917351155,175.01532934135128,2754.914433330367,2754.9144405552174,0.006529520131252475,159.0,11.0
766,96.0,87.18966081853868,87.18976580863,460.4590157873613,460.4591436974899,173.8414760888932,173.84146646512937,2754.966276865495,2754.966299233193,0.016366331215289923,162.0,11.0
767,96.0,86.88049819634685,86.88093701146994,460.83953401860873,460.8399457550884,174.1889169038385,174.18953799946104,2754.9863152109806,2754.98637169157,0.0376683511260603,164.0,11.0
768,96.0,86.88093701146994,86.88141007160013,460.8399457550884,460.8405758551232,174.18953799946104,174.19008089600317,2754.98637169157,2754.98645213377,0.014708441539514835,164.0,11.0
769,96.0,86.88141007160013,86.88125280534595,460.8405758551232,460.8410411902467,174.19008089600317,174.1899632160085,2754.98645213377,2754.986502686838,0.023884470546750827,164.0,11.0
770,96.0,86.88125280534595,86.88124672947514,460.8410411902467,460.8410388947226,174.1899632160085,174.19000219243733,2754.986502686838,2754.9865106751936,0.0071008972916890845,164.0,11.0
771,96.0,86.88049915460525,86.88050258521699,460.8395313977609,460.83952324970295,174.1889161728639,174.1889141327568,2754.9863161181165,2754.9863189713105,0.00289925,165.0,11.0
772,96.0,94.19637704889492,94.19636179979322,457.94297494296796,457.94298001973914,179.4927905934681,179.49275510586466,2754.0823091313073,2754.0823170396084,0.007041536211858466,169.0,11.0
773,96.0,113.16076222869683,113.16292868395672,459.590681464955,459.6006104574905,196.83657155712385,196.84047259813406,2753.269131790767,2753.2695664465477,0.015548422101941838,173.0,11.0
774,96.0,113.16292868395672,113.16620439118245,459.6006104574905,459.61812341897377,196.84047259813406,196.85114040659278,2753.2695664465477,2753.27040185673,0.04339027854949754,173.0,11.0
775,96.0,113.16620439118245,113.1782331012345,459.61812341897377,459.62775634534245,196.85114040659278,196.85984477062246,2753.27040185673,2753.271130996795,0.055837895369310005,173.0,11.0
776,96.0,113.1782331012345,113.18133647520067,459.62775634534245,459.6402518419375,196.85984477062246,196.8651762414912,2753.271130996795,2753.271727738724,0.040228963276897706,173.0,11.0
777,96.0,113.18133647520067,113.17848015056555,459.6402518419375,459.6496626921403,196.8651762414912,196.87089708270827,2753.271727738724,2753.2722327038973,0.033052969475423216,173.0,11.0
778,96.0,113.17848015056555,113.18299261691452,459.6496626921403,459.65553014818477,196.87089708270827,196.87667518557785,2753.2722327038973,2753.272664908311,0.03495645501006041,173.0,11.0
779,96.0,113.18299261691452,113.180649712527,459.65553014818477,459.6606409290084,196.87667518557785,196.8815153864808,2753.272664908311,2753.2730231821315,0.01566166599669603,173.0,11.0
780,96.0,113.180649712527,113.1853972656759,459.6606409290084,459.6597287028053,196.8815153864808,196.8859856244763,2753.2730231821315,2753.2733494701884,0.028390805271041944,173.0,11.0
781,96.0,113.1853972656759,113.18506745973718,459.6597287028053,459.6565015200639,196.8859856244763,196.88999674657637,2753.2733494701884,2753.2736197884883,0.020896927746919768,173.0,11.0
782,96.0,113.18506745973718,113.18443858063787,459.6565015200639,459.65237295877506,196.88999674657637,196.89030260902913,2753.2736197884883,2753.2738507110334,0.023060270690229798,173.0,11.0
783,96.0,113.18443858063787,113.18524748067412,459.65237295877506,459.6493381845763,196.89030260902913,196.88969640159013,2753.2738507110334,2753.2740400092184,0.012681387254673814,173.0,11.0
784,96.0,113.18524748067412,113.1868256862247,459.6493381845763,459.65125294791613,196.88969640159013,196.88864866854672,2753.2740400092184,2753.2742071815314,0.015442933071488476,173.0,11.0
785,96.0,113.1868256862247,113.18559004518936,459.65125294791613,459.6521246025892,196.88864866854672,196.88717394320435,2753.2742071815314,2753.2743477680983,0.013036170947510329,173.0,11.0
786,96.0,113.18559004518936,113.18413398092468,459.6521246025892,459.65203960067265,196.88717394320435,196.88794454183363,2753.2743477680983,2753.2744658989413,0.04441297476651406,173.0,11.0
787,96.0,113.18413398092468,113.18424028772117,459.65203960067265,459.651974630314,196.88794454183363,196.8881941183388,2753.2744658989413,2753.274498582575,0.022057710115190317,173.0,11.0
788,96.0,113.37626671017783,113.37616348978781,460.07498239751624,460.0748803809326,199.26236431783917,199.26224578850827,2753.3863486067485,2753.3863730600674,0.017557457401606857,177.0,11.0
789,96.0,113.37627573588063,113.37627206598742,460.075007060287,460.07500797039086,199.2624166698751,199.26241153367454,2753.3863415493183,2753.3863437899013,0.0023191223852307642,178.0,11.0
790,96.0,113.19793758514467,113.19795404852614,460.2294117150251,460.22946218582655,198.9099975212636,198.90994601513972,2753.3490315596077,2753.3490440565824,0.010260118748431189,183.0,11.0
791,96.0,113.19793593265258,113.19793405009457,460.229391419304,460.229387285307,198.90999265013585,198.90999566531042,2753.349029098394,2753.349031112173,0.002096605569957033,184.0,11.0
792,96.0,126.62406187021267,126.62406225363054,478.7675736054751,478.77007618835034,192.82201147356554,192.82296128253523,2754.1375283248353,2754.137664121511,0.004213365530646453,187.0,11.0
793,96.0,126.62406225363054,126.62278127241152,478.77007618835034,478.77545732685957,192.82296128253523,192.8244088544063,2754.137664121511,2754.137956612699,0.02027629973459279,187.0,11.0
794,96.0,126.62278127241152,126.62739612457929,478.77545732685957,478.7750714117762,192.8244088544063,192.82541142123267,2754.137956612699,2754.138210026369,0.025085812999379554,187.0,11.0
795,96.0,126.62739612457929,126.62916994558827,478.7750714117762,478.7769219432391,192.82541142123267,192.82796278055855,2754.138210026369,2754.138417150607,0.023179886895316314,187.0,11.0
796,96.0,126.62916994558827,126.62824163977155,478.7769219432391,478.77809575366973,192.82796278055855,192.8301793218206,2754.138417150607,2754.1385834742805,0.017223856461676363,187.0,11.0
797,96.0,126.62824163977155,126.62872187735937,478.77809575366973,478.7799710618227,192.8301793218206,192.8307897937212,2754.1385834742805,2754.138720162351,0.013040907119804258,187.0,11.0
798,96.0,126.62872187735937,126.62964039765566,478.7799710618227,478.7808230390855,192.8307897937212,192.83173794603908,2754.138720162351,2754.1388343218564,0.021682483889733352,187.0,11.0
799,96.0,126.62964039765566,126.62978812895423,478.7808230390855,478.7801033130214,192.83173794603908,192.83217494635915,2754.1388343218564,2754.138908517081,0.02223270438741381,187.0,11.0
800,96.0,126.62978812895423,126.62975836969572,478.7801033130214,478.7803203763154,192.83217494635915,192.8322750293126,2754.138908517081,2754.1389378781328,0.02027885923248901,187.0,11.0
801,96.0,139.27649988276318,139.2777953406778,475.8838229448734,475.8834418905659,181.80000696478115,181.7990482381478,2754.7054546639383,2754.705546100486,0.010296419665735681,189.0,11.0
802,96.0,139.2777953406778,139.2809191534259,475.8834418905659,475.8854510228067,181.7990482381478,181.79893349706282,2754.705546100486,2754.705757404196,0.01947623614951651,189.0,11.0
803,96.0,139.2809191534259,139.2798762214029,475.8854510228067,475.8855430303186,181.79893349706282,181.79621782385,2754.705757404196,2754.705934171001,0.03346651332486534,189.0,11.0
804,96.0,139.2798762214029,139.27872471381176,475.8855430303186,475.8846937016445,181.79621782385,181.7953597872761,2754.705934171001,2754.7060532455557,0.01107443744063513,189.0,11.0
805,96.0,139.27872471381176,139.27885224921894,475.8846937016445,475.8834765128593,181.7953597872761,181.7957744296618,2754.7060532455557,2754.70615275978,0.04095174908345425,189.0,11.0
806,96.0,139.27885224921894,139.27894021393428,475.8834765128593,475.88343356551366,181.7957744296618,181.79587759771408,2754.70615275978,2754.7061727749383,0.014987351796412002,189.0,11.0
807,96.0,137.9543004654562,137.95395244879273,476.2684667523828,476.26843437334435,181.25645763996374,181.25641724582565,2754.7548357614687,2754.7548639819634,0.0019517465002884173,190.0,11.0
808,96.0,137.95395244879273,137.9529295278491,476.26843437334435,476.2683287955988,181.25641724582565,181.25668282063953,2754.7548639819634,2754.7549506282508,0.014572912177931037,190.0,11.0
809,96.0,137.9529295278491,137.95325511736638,476.2683287955988,476.2686180283182,181.25668282063953,181.25710002641634,2754.7549506282508,2754.755008205042,0.016717043627826382,190.0,11.0
810,96.0,137.95325511736638,137.95343411976143,476.2686180283182,476.2686640777587,181.25710002641634,181.2570596122493,2754.755008205042,2754.7550328307684,0.01765492934134471,190.0,11.0
811,96.0,138.6199018035853,138.61996871583045,476.8800491049312,476.88013184168886,181.71421321328367,181.7142109646217,2754.7886328713153,2754.788644653087,0.0016996100873995072,192.0,11.0
812,96.0,138.61996871583045,138.6202038961277,476.88013184168886,476.8803177367652,181.7142109646217,181.71426686443803,2754.788644653087,2754.78867954154,0.022389112278822634,192.0,11.0
813,96.0,138.13532783549664,138.13531097845376,476.39249696577707,476.39247264556116,182.09502696801533,182.09506406508825,2754.8148455369605,2754.8148521078547,0.0010642048833580029,193.0,11.0
814,96.0,138.13531097845376,138.13525589501398,476.39247264556116,476.39237785394016,182.09506406508825,182.0951399423818,2754.8148521078547,2754.8148712095244,0.014440291960928097,193.0,11.0
815,96.0,138.07166722015842,138.07166029502835,476.422638757829,476.4226386339552,181.48410447839666,181.48408187837012,2754.8353603313535,2754.8353658875967,0.005224102018769828,194.0,11.0
816,96.0,138.82575652514527,138.8259759369998,475.8005550019291,475.800867687782,182.22358652578762,182.2234545295453,2754.8762449623805,2754.876276636882,0.00312948576292616,196.0,11.0
817,96.0,138.8259759369998,138.82625974778367,475.800867687782,475.8018297113337,182.2234545295453,182.2229673354968,2754.876276636882,2754.876366324001,0.015212421989880601,196.0,11.0
818,96.0,138.82625974778367,138.82589585860123,475.8018297113337,475.80218396249876,182.2229673354968,182.22259027494118,2754.876366324001,2754.8764259426266,0.0158459876914416,196.0,11.0
819,96.0,138.82589585860123,138.82569418216175,475.80218396249876,475.802283855279,182.22259027494118,182.22259834439598,2754.8764259426266,2754.8764538987975,0.01951109044164293,196.0,11.0
820,96.0,138.825757127979,138.82575962893938,475.8005525828163,475.80054547684585,182.2235864864734,182.22358546047136,2754.8762457774897,2754.8762483042583,0.0025933372752480594,197.0,11.0
821,96.0,138.06892004666014,138.06892390057683,476.42591751060735,476.4259215531918,181.4852290190426,181.48523474517634,2754.83550656333,2754.8355091797443,0.0026779902031247985,200.0,11.0
822,96.0,112.94425419321465,112.94396839493677,459.5116925732751,459.5116830621196,196.49590994610497,196.49597846993726,2753.2554992217133,2753.2555331923313,0.022732185783423925,202.0,11.0
823,96.0,112.94434840921815,112.944351962877,459.5116928521714,459.5116862249254,196.4958833066932,196.49588159133663,2753.2554889898465,2753.2554915417004,0.00261708,203.0,11.0
824,96.0,74.12647335762419,74.12649115532699,457.60778787617016,457.6077830004298,145.87576691902217,145.8757603009685,16.687305448290875,16.687310320937023,0.0046648561545326395,208.0,11.0
825,96.0,74.12646814149679,74.12647213903264,457.6077872636007,457.6077829337908,145.87576690008322,145.87576360692367,16.68730463825036,16.687306967497637,0.0024047894457616082,209.0,11.0
826,96.0,100.30276324251773,100.29834574086398,460.6894337897837,460.6890763194445,148.80897341886867,148.81450967871203,15.627304168876172,15.627601815857998,0.016686170416389232,213.0,11.0
827,96.0,100.29834574086398,100.2855312234349,460.6890763194445,460.6874730182353,148.81450967871203,148.82135388209613,15.627601815857998,15.62822270397198,0.04065026203848407,213.0,11.0
828,96.0,100.2855312234349,100.27730810281975,460.6874730182353,460.6869632000938,148.82135388209613,148.83007331396266,15.62822270397198,15.628750032341431,0.03720970099681375,213.0,11.0
829,96.0,100.27730810281975,100.26824210253992,460.6869632000938,460.6839252028075,148.83007331396266,148.83187477218365,15.628750032341431,15.629194775417849,0.033092863343782156,213.0,11.0
830,96.0,100.26824210253992,100.27166531239241,460.6839252028075,460.679522687696,148.83187477218365,148.82636803531133,15.629194775417849,15.629568929096653,0.028697962098110673,213.0,11.0
831,96.0,100.27166531239241,100.2714113732453,460.679522687696,460.6784494183936,148.82636803531133,148.82016040594792,15.629568929096653,15.629884383756112,0.03748892376282496,213.0,11.0
832,96.0,100.2714113732453,100.27174670897625,460.6784494183936,460.67544279995957,148.82016040594792,148.8168591049901,15.629884383756112,15.630127217202183,0.015497066131982222,213.0,11.0
833,96.0,100.27174670897625,100.26871656366258,460.67544279995957,460.67598847925365,148.8168591049901,148.81465426818855,15.630127217202183,15.630341500861395,0.01814667536879523,213.0,11.0
834,96.0,100.26871656366258,100.26676895701,460.67598847925365,460.6778165760132,148.81465426818855,148.8132253157908,15.630341500861395,15.63052346225304,0.01601452136912112,213.0,11.0
835,96.0,100.26676895701,100.26565423842999,460.6778165760132,460.6765799235157,148.8132253157908,148.8114878575309,15.63052346225304,15.63067768737815,0.025310942586066584,213.0,11.0
836,96.0,100.26565423842999,100.26665461016299,460.6765799235157,460.67614652990306,148.8114878575309,148.81045670842633,15.63067768737815,15.630788224911287,0.012532088282531021,213.0,11.0
837,96.0,100.26665461016299,100.2668763844114,460.67614652990306,460.6751502012277,148.81045670842633,148.81081976481886,15.630788224911287,15.630876097796772,0.015219633500089947,213.0,11.0
838,96.0,100.2668763844114,100.2663026450449,460.6751502012277,460.6751320288516,148.81081976481886,148.81063417897374,15.630876097796772,15.63093368759008,0.010674802363314948,213.0,11.0
839,96.0,100.2663026450449,100.26618615884243,460.6751320288516,460.6748789924019,148.81063417897374,148.81048408802178,15.63093368759008,15.630969534399094,0.023703438712446404,213.0,11.0
840,96.0,100.1676102287842,100.16765652729751,460.6790650902334,460.6791141838879,148.86953619334926,148.86978234119175,15.632743465134945,15.632774093489633,0.01734079386088076,215.0,11.0
841,96.0,100.16765652729751,100.16765101280762,460.6791141838879,460.67911789222654,148.86978234119175,148.8697711990861,15.632774093489633,15.63277774685165,0.0036229919072599225,215.0,11.0
842,96.0,100.16759469714641,100.16758764752379,460.6790589049789,460.6790644887427,148.86945530951655,148.86945591911243,15.632734556934002,15.632737397252686,0.0028872980554895964,216.0,11.0
843,96.0,92.08812473465824,92.08201675430308,457.3714013870971,457.3728441055091,147.93600312978526,147.93399306941336,15.92360700121247,15.923891200414275,0.014816946116551797,218.0,11.0
844,96.0,92.08201675430308,92.07036660149507,457.3728441055091,457.3763167040712,147.93399306941336,147.9314235942499,15.923891200414275,15.92443397537935,0.1108505046575839,218.0,11.0
845,96.0,92.07036660149507,92.07159506062632,457.3763167040712,457.3744038580285,147.9314235942499,147.93702719355457,15.92443397537935,15.924739388732412,0.027488943628129897,218.0,11.0
846,96.0,92.07159506062632,92.06868617876007,457.3744038580285,457.37765400896876,147.93702719355457,147.93879715451058,15.924739388732412,15.924991546432892,0.022584379568965154,218.0,11.0
847,96.0,92.06868617876007,92.06742806935495,457.37765400896876,457.3811103896368,147.93879715451058,147.9391513705979,15.924991546432892,15.92520198157599,0.021644475795243978,218.0,11.0
848,96.0,92.06742806935495,92.06471861753154,457.3811103896368,457.38182031568675,147.9391513705979,147.9389837262036,15.92520198157599,15.92537414366953,0.022747521512234865,218.0,11.0
849,96.0,92.06471861753154,92.06409322533085,457.38182031568675,457.38200800940695,147.9389837262036,147.93714364231604,15.92537414366953,15.925507139209035,0.014794238018570475,218.0,11.0
850,96.0,92.06409322533085,92.06429598807655,457.38200800940695,457.38188193122005,147.93714364231604,147.9357254442072,15.925507139209035,15.925614426762635,0.010662501513759137,218.0,11.0
851,96.0,92.06429598807655,92.06443904826155,457.38188193122005,457.3823379397587,147.9357254442072,147.93669873697854,15.925614426762635,15.925702353852609,0.013994760664560348,218.0,11.0
852,96.0,92.06443904826155,92.06436806294631,457.3823379397587,457.3828185949927,147.93669873697854,147.93711653628893,15.925702353852609,15.925762541697802,0.018077725368061626,218.0,11.0
853,96.0,92.06436806294631,92.06418952422231,457.3828185949927,457.382874861687,147.93711653628893,147.93710967141172,15.925762541697802,15.925786989469488,0.017554318843787185,218.0,11.0
854,96.0,90.14506921409435,90.14500755480466,453.7188572924303,453.71894052645814,149.8347496380466,149.83496936212757,16.07544932489347,16.07547100214447,0.001125996047046119,219.0,11.0
855,96.0,90.14500755480466,90.14503265184898,453.71894052645814,453.71930389109946,149.83496936212757,149.8356114888427,16.07547100214447,16.075537727948554,0.014692583400231041,219.0,11.0
856,96.0,90.14503265184898,90.1448826851389,453.71930389109946,453.7193737859272,149.8356114888427,149.83589259532636,16.075537727948554,16.075574382909657,0.02411772000889539,219.0,11.0
857,96.0,90.14506909561068,90.14506857418945,453.71885850670515,453.7188615415165,149.83474796422024,149.83474102801952,16.07545000200741,16.075452525632617,0.002590358790750608,220.0,11.0
858,96.0,89.9556077464916,89.95401511738481,453.1579263321602,453.1575123089847,149.87993878873039,149.88077126986556,16.09525587801927,16.09535694538969,0.0028871700137101815,223.0,11.0
859,96.0,89.95401511738481,89.95104580289895,453.1575123089847,453.1576251157683,149.88077126986556,149.883686657387,16.09535694538969,16.095586855260706,0.02028659401246119,223.0,11.0
860,96.0,89.95104580289895,89.9487140667105,453.1576251157683,453.15878525467343,149.883686657387,149.8856971711326,16.095586855260706,16.095780086565096,0.019694118488483167,223.0,11.0
861,96.0,89.9487140667105,89.9498039223963,453.15878525467343,453.16057979454007,149.8856971711326,149.88707167454908,16.095780086565096,16.09593899815528,0.011432639188360832,223.0,11.0
862,96.0,89.9498039223963,89.94913480229557,453.16057979454007,453.16215919459074,149.88707167454908,149.8882550968389,16.09593899815528,16.096078250735637,0.01030475836662016,223.0,11.0
863,96.0,89.94913480229557,89.95062459408284,453.16215919459074,453.16131499903724,149.8882550968389,149.8881227552281,16.096078250735637,16.096199773421183,0.013316419268370301,223.0,11.0
864,96.0,89.95062459408284,89.9508306587721,453.16131499903724,453.1604977914244,149.8881227552281,149.88906553602766,16.096199773421183,16.0962977859049,0.013522667606713019,223.0,11.0
865,96.0,89.9508306587721,89.95084602062494,453.1604977914244,453.160479018048,149.88906553602766,149.88989062677098,16.0962977859049,16.096370131078316,0.01338378006200816,223.0,11.0
866,96.0,89.95084602062494,89.95057470270285,453.160479018048,453.16052336101984,149.88989062677098,149.88956132281274,16.096370131078316,16.09641496306367,0.02378282041244233,223.0,11.0
867,96.0,89.95057470270285,89.9505888027665,453.16052336101984,453.1605343711215,149.88956132281274,149.88956264986777,16.09641496306367,16.09641954236786,0.004419107490716636,223.0,11.0
868,96.0,91.65291669730924,91.6515681834996,450.22922423693296,450.2272985449974,148.76710700100642,148.76806699797447,16.2141121571723,16.214238685141353,0.006235559568099984,224.0,11.0
869,96.0,91.6515681834996,91.64824531749643,450.2272985449974,450.2225257718218,148.76806699797447,148.76991819626645,16.214238685141353,16.214546282157535,0.020493763165228527,224.0,11.0
870,96.0,91.64824531749643,91.64965691632258,450.2225257718218,450.2206662687512,148.76991819626645,148.77444109636218,16.214546282157535,16.21481384682204,0.033597193478917105,224.0,11.0
871,96.0,91.64965691632258,91.64923940752583,450.2206662687512,450.2237749892512,148.77444109636218,148.7727348302404,16.21481384682204,16.215019027656002,0.016479580992298928,224.0,11.0
872,96.0,91.64923940752583,91.64865090987954,450.2237749892512,450.2258250513194,148.7727348302404,148.77077795682231,16.215019027656002,16.21519509412713,0.013445054322281226,224.0,11.0
873,96.0,91.64865090987954,91.64939818172124,450.2258250513194,450.2266517662696,148.77077795682231,148.76867953446634,16.21519509412713,16.215347928150678,0.010065600182140496,224.0,11.0
874,96.0,91.64939818172124,91.64791999068305,450.2266517662696,450.22590260315394,148.76867953446634,148.76980942591436,16.215347928150678,16.21548347025318,0.015946292800519204,224.0,11.0
875,96.0,91.64791999068305,91.6478306159171,450.22590260315394,450.22664426585044,148.76980942591436,148.7710514546548,16.21548347025318,16.215591344680007,0.01151041750634907,224.0,11.0
876,96.0,91.6478306159171,91.6473787302763,450.22664426585044,450.22747651080107,148.7710514546548,148.7715440817612,16.215591344680007,16.21567830246043,0.017838408722520703,224.0,11.0
877,96.0,91.6473787302763,91.64690287287513,450.22747651080107,450.2274227173719,148.7715440817612,148.77135964976972,16.21567830246043,16.21572944872853,0.01803627287272524,224.0,11.0
878,96.0,91.64690287287513,91.64701224601262,450.2274227173719,450.2273913627714,148.77135964976972,148.7713454067927,16.21572944872853,16.215746578414233,0.013235722803822556,224.0,11.0
879,96.0,89.59009802942406,89.58977312613011,453.67279212023277,453.6730859639509,146.1431798711386,146.14308559435216,16.374089076763767,16.374135370020742,0.028917448681175517,226.0,11.0
880,96.0,100.95563889635227,100.95564904152903,462.41402335864933,462.41402249741515,141.47346000244335,141.47346688602232,16.877071321151288,16.877074839830932,0.0035039591672803845,227.0,11.0
881,96.0,100.95563663097225,100.95563656971964,462.41402490471654,462.41402795450523,141.4734587201571,141.4734645932661,16.877070904507633,16.877073202364876,0.0023745396760242606,228.0,11.0
882,96.0,102.75199568301268,102.7526800227062,466.89359202073064,466.89345576014387,135.73414895280834,135.73232352327835,17.127205598091226,17.1273116896413,0.005970294823393029,231.0,11.0
883,96.0,102.7526800227062,102.75425330359342,466.89345576014387,466.89334193867444,135.73232352327835,135.72844356856805,17.1273116896413,17.12754265233737,0.013652323123990652,231.0,11.0
884,96.0,102.75425330359342,102.75278557913774,466.89334193867444,466.8907050250883,135.72844356856805,135.726495369617,17.12754265233737,17.127748737555816,0.0412299236410465,231.0,11.0
885,96.0,102.75278557913774,102.75357551177544,466.8907050250883,466.89238258215545,135.726495369617,135.7258030292806,17.127748737555816,17.127883016199867,0.020356187179792713,231.0,11.0
886,96.0,102.75357551177544,102.75386709997622,466.89238258215545,466.8929352351223,135.7258030292806,135.72468965242754,17.127883016199867,17.127981691765868,0.011755345559540052,231.0,11.0
887,96.0,102.75386709997622,102.7537310360085,466.8929352351223,466.8935939786769,135.72468965242754,135.7241016314913,17.127981691765868,17.128058278999198,0.015309582883530772,231.0,11.0
888,96.0,102.7537310360085,102.75343598553135,466.8935939786769,466.89382412658216,135.7241016314913,135.7243224684775,17.128058278999198,17.12810353494712,0.012102336180248814,231.0,11.0
889,96.0,102.75343598553135,102.75342709509289,466.89382412658216,466.893665506435,135.7243224684775,135.72427894999856,17.12810353494712,17.12812580069082,0.016307484962400788,231.0,11.0
