,event,xi,xf,yi,yf,zi,zf,ti,tf,E,ParticleID,PDG
0,85.0,115.0,114.99629249111442,475.0,473.6145025634358,150.0,150.0169887970066,0.0,0.0817025191218876,6.034387191444643,1.0,321.0
1,85.0,114.99629249111442,114.98702536219966,473.6145025634358,472.36371386260106,150.0169887970066,150.0586575664417,0.0817025191218876,0.1571575011663161,6.202961151831245,1.0,321.0
2,85.0,114.98702536219966,114.97789546974812,472.36371386260106,471.2472404684016,150.0586575664417,150.13980305844015,0.1571575011663161,0.22633861976380357,6.0490183374374045,1.0,321.0
3,85.0,114.97789546974812,114.98770417752448,471.2472404684016,470.4023706266195,150.13980305844015,150.20261831918475,0.22633861976380357,0.28008585580972534,3.980592925932319,1.0,321.0
4,85.0,114.98770417752448,114.9758450665289,470.4023706266195,469.4914046239998,150.20261831918475,150.2665758508863,0.28008585580972534,0.3391844907293432,5.517059673742645,1.0,321.0
5,85.0,114.9758450665289,114.9698266153302,469.4914046239998,468.6838301557041,150.2665758508863,150.33326168030692,0.3391844907293432,0.3930891069431482,4.654119850285269,1.0,321.0
6,85.0,114.9698266153302,114.95524073340417,468.6838301557041,467.9576767389249,150.33326168030692,150.37692854385085,0.3930891069431482,0.4427257626861415,4.0402001632972295,1.0,321.0
7,85.0,114.95524073340417,114.95250572960208,467.9576767389249,467.71409101784377,150.37692854385085,150.39120222369905,0.4427257626861415,0.4597683971732053,1.6346902687884128,1.0,321.0
8,85.0,114.95250572960208,114.93844253925116,467.71409101784377,467.0824031528027,150.39120222369905,150.40719757234348,0.4597683971732053,0.5043545238897271,4.175819969944148,1.0,321.0
9,85.0,114.93844253925116,114.92217818213109,467.0824031528027,466.5171685100842,150.40719757234348,150.41356855096703,0.5043545238897271,0.545333548042398,3.87380004927947,1.0,321.0
10,85.0,114.92217818213109,114.88927721518186,466.5171685100842,466.0117266974685,150.41356855096703,150.42465666864751,0.545333548042398,0.5830472130967984,3.240359136991786,1.0,321.0
11,85.0,114.88927721518186,114.8433011142912,466.0117266974685,465.55454218068115,150.42465666864751,150.42647512666252,0.5830472130967984,0.6180874856689884,3.20043326524725,1.0,321.0
12,85.0,114.8433011142912,114.8017462089463,465.55454218068115,465.14179738014116,150.42647512666252,150.42840684044768,0.6180874856689884,0.6505391340418164,2.9239378110049716,1.0,321.0
13,85.0,114.8017462089463,114.75984066104044,465.14179738014116,464.7684226896492,150.42840684044768,150.43168946498312,0.6505391340418164,0.6806733574427686,2.547181656280223,1.0,321.0
14,85.0,114.75984066104044,114.71590599788749,464.7684226896492,464.4282248551607,150.43168946498312,150.4308883067602,0.6806733574427686,0.7088276778194947,2.946804814410182,1.0,321.0
15,85.0,114.71590599788749,114.67713414225011,464.4282248551607,464.12389554790764,150.4308883067602,150.43025916365121,0.7088276778194947,0.7347384803549493,2.66081778338813,1.0,321.0
16,85.0,114.67713414225011,114.64975958050186,464.12389554790764,463.8497556098375,150.43025916365121,150.4235788701386,0.7347384803549493,0.7586686473565429,2.4301907754349688,1.0,321.0
17,85.0,114.64975958050186,114.61760820711083,463.8497556098375,463.6037744760717,150.4235788701386,150.41152695218918,0.7586686473565429,0.7808291078651596,2.4725120346185774,1.0,321.0
18,85.0,114.61760820711083,114.58400708956614,463.6037744760717,463.3847918957149,150.41152695218918,150.3980005532264,0.7808291078651596,0.8012293912618178,2.265199799492803,1.0,321.0
19,85.0,114.58400708956614,114.54798248649585,463.3847918957149,463.18969311687806,150.3980005532264,150.38350748778413,0.8012293912618178,0.820054564786298,2.0698137726927537,1.0,321.0
20,85.0,114.54798248649585,114.51283693462074,463.18969311687806,463.0152353802652,150.38350748778413,150.36551253768442,0.820054564786298,0.8374733504854437,1.7582270872005115,1.0,321.0
21,85.0,114.51283693462074,114.48127580047591,463.0152353802652,462.8565048899033,150.36551253768442,150.34988821533543,0.8374733504854437,0.8537232184366216,1.7765723704418888,1.0,321.0
22,85.0,114.48127580047591,114.45485333306878,462.8565048899033,462.71260785190873,150.34988821533543,150.33713110888775,0.8537232184366216,0.868817034467417,1.7242833390386565,1.0,321.0
23,85.0,114.45485333306878,114.43357931424141,462.71260785190873,462.58252017123306,150.33713110888775,150.32594753146017,0.868817034467417,0.8828139649568619,1.6501693821610208,1.0,321.0
24,85.0,114.43357931424141,114.41252065399586,462.58252017123306,462.46589788702533,150.32594753146017,150.31508402409298,0.8828139649568619,0.8957855763150313,1.674995924562766,1.0,321.0
25,85.0,114.41252065399586,114.39483822027928,462.46589788702533,462.3614134860292,150.31508402409298,150.30823497015845,0.8957855763150313,0.9077421487460173,1.6274553023032072,1.0,321.0
26,85.0,114.39483822027928,114.38007603366643,462.3614134860292,462.26840021183637,150.30823497015845,150.30181129310049,0.9077421487460173,0.9187384028140816,1.3524146103963914,1.0,321.0
27,85.0,114.38007603366643,114.36666834976445,462.26840021183637,462.18455250115073,150.30181129310049,150.29626690953972,0.9187384028140816,0.9289570698073738,1.4018820375300167,1.0,321.0
28,85.0,114.36666834976445,114.35316670051854,462.18455250115073,462.10991989274453,150.29626690953972,150.29247352203237,0.9289570698073738,0.9383906562116232,1.2164972417284126,1.0,321.0
29,85.0,114.35316670051854,114.34062854703541,462.10991989274453,462.0428138802828,150.29247352203237,150.28802893364227,0.9383906562116232,0.9471623587937018,1.2393005205016037,1.0,321.0
30,85.0,114.34062854703541,114.32838995734069,462.0428138802828,461.98298360678126,150.28802893364227,150.28474160510217,0.9471623587937018,0.9552807184401797,1.2380230348859769,1.0,321.0
31,85.0,114.32838995734069,114.31777790889848,461.98298360678126,461.9298749588273,150.28474160510217,150.2803191664296,0.9552807184401797,0.962769685531356,1.0397951602008968,1.0,321.0
32,85.0,114.31777790889848,114.30941504881795,461.9298749588273,461.88181059274064,150.2803191664296,150.27635448840368,0.962769685531356,0.9697494635882493,1.0983130940253414,1.0,321.0
33,85.0,114.30941504881795,114.3022852558831,461.88181059274064,461.8388993499435,150.27635448840368,150.2735901497869,0.9697494635882493,0.9762119014668643,0.9893878246554759,1.0,321.0
34,85.0,114.3022852558831,114.29668567155484,461.8388993499435,461.80031745724165,150.2735901497869,150.271302679439,0.9762119014668643,0.9822272816033781,0.9999231522298632,1.0,321.0
35,85.0,114.29668567155484,114.29282123971207,461.80031745724165,461.7658316686422,150.271302679439,150.26937447299116,0.9822272816033781,0.9878104026899014,0.8069114265349653,1.0,321.0
36,85.0,114.29282123971207,114.28811829444858,461.7658316686422,461.73471862667327,150.26937447299116,150.2679824842632,0.9878104026899014,0.9930603471059369,0.8759866717304535,1.0,321.0
37,85.0,114.28811829444858,114.28419720362129,461.73471862667327,461.7068330170412,150.2679824842632,150.26700920609005,0.9930603471059369,0.997966272771707,0.7275085616060957,1.0,321.0
38,85.0,114.28419720362129,114.2814828252798,461.7068330170412,461.6813982783436,150.26700920609005,150.26618133818903,0.997966272771707,1.0026021101430733,0.7220213122949017,1.0,321.0
39,85.0,114.2814828252798,114.27921797565281,461.6813982783436,461.6583407970414,150.26618133818903,150.26530549940995,1.0026021101430733,1.0069856058384417,0.8022279956426518,1.0,321.0
40,85.0,114.27921797565281,114.27693490398624,461.6583407970414,461.63780090491434,150.26530549940995,150.26422947239854,1.0069856058384417,1.0111094302553296,0.6643357865950485,1.0,321.0
41,85.0,114.27693490398624,114.2746922663924,461.63780090491434,461.61926767057366,150.26422947239854,150.26278773196307,1.0111094302553296,1.0150370000306268,0.741912534684471,1.0,321.0
42,85.0,114.2746922663924,114.27640787136718,461.61926767057366,461.60260640851857,150.26278773196307,150.2615424421254,1.0150370000306268,1.0187688429356374,0.6960725795015523,1.0,321.0
43,85.0,114.27640787136718,114.2784530782786,461.60260640851857,461.58766905926166,150.2615424421254,150.26115250319754,1.0187688429356374,1.0223434464210963,0.7399812188335915,1.0,321.0
44,85.0,114.2784530782786,114.28107667952017,461.58766905926166,461.57452938381147,150.26115250319754,150.26074242718374,1.0223434464210963,1.02578402882465,0.6959815425957938,1.0,321.0
45,85.0,114.28107667952017,114.28481441047788,461.57452938381147,461.56325506139075,150.26074242718374,150.2597362863486,1.02578402882465,1.0291346245214357,0.7798182333513326,1.0,321.0
46,85.0,114.28481441047788,114.28884118802287,461.56325506139075,461.5538287316509,150.2597362863486,150.2581783131686,1.0291346245214357,1.0324266141372502,0.8480022501488163,1.0,321.0
47,85.0,114.28884118802287,114.2918292469647,461.5538287316509,461.54618458636253,150.2581783131686,150.25615004183274,1.0324266141372502,1.0356509863597583,0.9279484609028649,1.0,321.0
48,85.0,114.2918292469647,114.29313391551707,461.54618458636253,461.54236067753874,150.25615004183274,150.25499300263536,1.0356509863597583,1.0378893290128663,0.9711072222305906,1.0,321.0
49,85.0,114.98770417752448,114.99192413444484,470.4023706266195,470.39762619509,150.20261831918475,150.20276365725223,0.28008585580972534,0.28036025566144707,0.010649824598056645,2.0,11.0
50,85.0,114.99192413444484,115.00094189794729,470.39762619509,470.3889509746024,150.20276365725223,150.20374639572032,0.28036025566144707,0.2809075722386918,0.02699003544941043,2.0,11.0
51,85.0,115.00094189794729,115.00885812137838,470.3889509746024,470.3907946765556,150.20374639572032,150.1965267087981,0.2809075722386918,0.28139414606010915,0.025445350918398713,2.0,11.0
52,85.0,115.00885812137838,115.01761693816186,470.3907946765556,470.39286917172547,150.1965267087981,150.1939857360208,0.28139414606010915,0.2818249702042285,0.04889602453556149,2.0,11.0
53,85.0,115.01761693816186,115.02335103146262,470.39286917172547,470.38961614623076,150.1939857360208,150.19478682014204,0.2818249702042285,0.2821534462468762,0.07676490082219581,2.0,11.0
54,85.0,115.02335103146262,115.02441606188916,470.38961614623076,470.3867497351237,150.19478682014204,150.19496853716345,0.2821534462468762,0.28233688276261293,0.021091882849212856,2.0,11.0
55,85.0,115.02441606188916,115.02431311038399,470.3867497351237,470.3846502695039,150.19496853716345,150.19576586386572,0.28233688276261293,0.28248382240094544,0.01876227776525562,2.0,11.0
56,85.0,115.02431311038399,115.02326857126411,470.3846502695039,470.3843961070248,150.19576586386572,150.19460834760355,0.28248382240094544,0.282598418000337,0.010031637765567326,2.0,11.0
57,85.0,115.02326857126411,115.02258659495726,470.3843961070248,470.38520050847626,150.19460834760355,150.1939533028867,0.282598418000337,0.28269516619209584,0.017197783502269304,2.0,11.0
58,85.0,115.02258659495726,115.02249755079181,470.38520050847626,470.38485334368613,150.1939533028867,150.19454165869237,0.28269516619209584,0.2827586195720688,0.01757316311313722,2.0,11.0
59,85.0,115.02249755079181,115.02259351964142,470.38485334368613,470.3846474957936,150.19454165869237,150.19452381630794,0.2827586195720688,0.2827868119513412,0.019640808621356493,2.0,11.0
60,85.0,114.29313391551707,114.1571317142198,461.54236067753874,460.0308176153136,150.25499300263536,150.05635390441367,9.0988429123462,9.15479980430993,2.929386596941861,4.0,-13.0
61,85.0,114.1571317142198,113.97593275636704,460.0308176153136,457.39461470216077,150.05635390441367,149.72329866122408,9.15479980430993,9.252422330806176,4.5603833116851735,4.0,-13.0
62,85.0,113.97593275636704,113.71611186919117,457.39461470216077,451.9914264721463,149.72329866122408,148.94722106852163,9.252422330806176,9.453565917548056,11.170871866854508,4.0,-13.0
63,85.0,113.71611186919117,113.59382221734634,451.9914264721463,449.7840828754526,148.94722106852163,148.57927528099285,9.453565917548056,9.536928599709578,4.489679532657517,4.0,-13.0
64,85.0,113.59382221734634,113.52440768751815,449.7840828754526,448.60618517736145,148.57927528099285,148.37326022391872,9.536928599709578,9.581707987748599,2.0901938160903386,4.0,-13.0
65,85.0,113.52440768751815,113.41992561998018,448.60618517736145,446.23248931495556,148.37326022391872,147.94489238655552,9.581707987748599,9.672217708534621,5.531162164579575,4.0,-13.0
66,85.0,113.41992561998018,113.40714279930489,446.23248931495556,444.66053329067915,147.94489238655552,147.6348316074659,9.672217708534621,9.732707082952915,3.415783782367037,4.0,-13.0
67,85.0,113.40714279930489,113.42913719260305,444.66053329067915,442.65895830450006,147.6348316074659,147.2717517283184,9.732707082952915,9.809877749569486,3.9500609792404844,4.0,-13.0
68,85.0,113.42913719260305,113.42440856371975,442.65895830450006,442.1148842387129,147.2717517283184,147.17469046294002,9.809877749569486,9.830969239286087,1.057180805900264,4.0,-13.0
69,85.0,113.42440856371975,113.42900192191917,442.1148842387129,441.0993430851083,147.17469046294002,146.97971977509786,9.830969239286087,9.870602533901799,2.067494917939388,4.0,-13.0
70,85.0,113.42900192191917,113.44292434985906,441.0993430851083,439.6424760780889,146.97971977509786,146.70168290520655,9.870602533901799,9.927654440626425,2.840468297350077,4.0,-13.0
71,85.0,113.44292434985906,114.21518289637496,439.6424760780889,437.2485039706109,146.70168290520655,145.90237961130333,9.927654440626425,10.02983295147262,5.417290524486724,4.0,-13.0
72,85.0,114.21518289637496,115.05059443390853,437.2485039706109,434.3538153828583,145.90237961130333,145.0261456718119,10.02983295147262,10.152432240382337,6.521878839132491,4.0,-13.0
73,85.0,115.05059443390853,115.09865444357823,434.3538153828583,434.19295828628054,145.0261456718119,144.97941633202294,10.152432240382337,10.15932860192435,0.31621703488377056,4.0,-13.0
74,85.0,115.09865444357823,115.42059754325105,434.19295828628054,433.20560389419705,144.97941633202294,144.66513880868655,10.15932860192435,10.20249172330472,2.472932229522339,4.0,-13.0
75,85.0,115.42059754325105,115.54607528630137,433.20560389419705,432.8295264889681,144.66513880868655,144.53871261603314,10.20249172330472,10.219164093085146,0.9476466566624888,4.0,-13.0
76,85.0,115.54607528630137,116.21370091496465,432.8295264889681,430.54182166921237,144.53871261603314,143.80040349653478,10.219164093085146,10.319567315056311,5.8453971423612545,4.0,-13.0
77,85.0,116.21370091496465,116.82780218645084,430.54182166921237,428.4814900111992,143.80040349653478,143.18289814725128,10.319567315056311,10.410946690820872,5.241285027348133,4.0,-13.0
78,85.0,116.82780218645084,117.00074469382525,428.4814900111992,427.9447971098687,143.18289814725128,143.0188520741423,10.410946690820872,10.435304125161654,1.399438776313156,4.0,-13.0
79,85.0,117.00074469382525,117.45215681091554,427.9447971098687,426.4139537821109,143.0188520741423,142.4923544357281,10.435304125161654,10.505660792465203,3.721028972099947,4.0,-13.0
80,85.0,117.45215681091554,117.87200786227595,426.4139537821109,425.06189554716804,142.4923544357281,142.08795544181302,10.505660792465203,10.568306348512392,3.247959878045042,4.0,-13.0
81,85.0,117.87200786227595,117.89859537111109,425.06189554716804,424.9830204248789,142.08795544181302,142.06512386030803,10.568306348512392,10.572031866219213,0.245173170439727,4.0,-13.0
82,85.0,117.89859537111109,118.27704833397972,424.9830204248789,423.8355847822253,142.06512386030803,141.71803341665958,10.572031866219213,10.626412147007999,3.009775789733229,4.0,-13.0
83,85.0,118.27704833397972,118.74959947934681,423.8355847822253,422.57458832396287,141.71803341665958,141.35365854826804,10.626412147007999,10.687633383067341,3.521197402819913,4.0,-13.0
84,85.0,118.74959947934681,119.26577145443632,422.57458832396287,421.4633708013237,141.35365854826804,141.05435468841253,10.687633383067341,10.743911938981862,3.24633280071171,4.0,-13.0
85,85.0,119.26577145443632,119.76728711839519,421.4633708013237,420.47324022207283,141.05435468841253,140.78753115143914,10.743911938981862,10.795714995116352,3.331261900391363,4.0,-13.0
86,85.0,119.76728711839519,120.25358584517616,420.47324022207283,419.5941308014909,140.78753115143914,140.59743899713467,10.795714995116352,10.843012888505829,2.9394697586020038,4.0,-13.0
87,85.0,120.25358584517616,120.69113404611309,419.5941308014909,418.79865113917714,140.59743899713467,140.4430990597262,10.843012888505829,10.886414766390518,2.710166538311549,4.0,-13.0
88,85.0,120.69113404611309,121.04809096219648,418.79865113917714,418.12961046218913,140.4430990597262,140.3159758205229,10.886414766390518,10.923344285900587,2.57380934399674,4.0,-13.0
89,85.0,121.04809096219648,121.42360731148597,418.12961046218913,417.50975092865247,140.3159758205229,140.20074355382744,10.923344285900587,10.959414789392083,2.396674139680636,4.0,-13.0
90,85.0,121.42360731148597,121.76995010401853,417.50975092865247,416.9543832054429,140.20074355382744,140.11849720112144,10.959414789392083,10.992508391246705,2.321160165731402,4.0,-13.0
91,85.0,121.76995010401853,122.09949403901767,416.9543832054429,416.46771300127705,140.11849720112144,140.0616331188482,10.992508391246705,11.022781637317754,2.019500309534873,4.0,-13.0
92,85.0,122.09949403901767,122.17006369982298,416.46771300127705,416.3717619864753,140.0616331188482,140.05261903601703,11.022781637317754,11.029033161038939,0.6858217603336865,4.0,-13.0
93,85.0,122.17006369982298,122.2968684880537,416.3717619864753,416.19662200756375,140.05261903601703,140.04229317503396,11.029033161038939,11.04048958881225,0.9144693888262075,4.0,-13.0
94,85.0,122.2968684880537,122.36211715210092,416.19662200756375,416.099014033117,140.04229317503396,140.03839639343158,11.04048958881225,11.046819273605255,0.4060999053906997,4.0,-13.0
95,85.0,122.36211715210092,122.58785431248432,416.099014033117,415.7238046856605,140.03839639343158,140.0138135786625,11.046819273605255,11.070706256872132,1.9524232903753358,4.0,-13.0
96,85.0,122.58785431248432,122.79294295801726,415.7238046856605,415.395519734869,140.0138135786625,139.9793789465353,11.070706256872132,11.092419342858268,1.4911686824979327,4.0,-13.0
97,85.0,122.79294295801726,122.96901809195565,415.395519734869,415.0935258074761,139.9793789465353,139.93771393538188,11.092419342858268,11.112511950564368,1.3468498510335236,4.0,-13.0
98,85.0,122.96901809195565,123.11688231418812,415.0935258074761,414.811496067375,139.93771393538188,139.90358068886943,11.112511950564368,11.131172326376882,1.4875296983323256,4.0,-13.0
99,85.0,123.11688231418812,123.24484495498184,414.811496067375,414.5585621389123,139.90358068886943,139.86141502228125,11.131172326376882,11.148287467094093,1.3964327337833509,4.0,-13.0
100,85.0,123.24484495498184,123.30600957234051,414.5585621389123,414.45255581831077,139.86141502228125,139.84785340955062,11.148287467094093,11.155829116490262,0.6343737287393135,4.0,-13.0
101,85.0,123.30600957234051,123.42642398970438,414.45255581831077,414.2511756197,139.84785340955062,139.82597568031346,11.155829116490262,11.170556475106803,1.0279728553519578,4.0,-13.0
102,85.0,123.42642398970438,123.57444820852808,414.2511756197,414.0954035185497,139.82597568031346,139.81223069454282,11.170556475106803,11.184288259976299,0.9206536119911548,4.0,-13.0
103,85.0,123.57444820852808,123.7155682664758,414.0954035185497,413.9585645078103,139.81223069454282,139.7922591622934,11.184288259976299,11.197147533171862,1.3252785194175105,4.0,-13.0
104,85.0,123.7155682664758,123.83564346485691,413.9585645078103,413.83528294234713,139.7922591622934,139.7725390471166,11.197147533171862,11.208784517729782,0.8721749936804378,4.0,-13.0
105,85.0,123.83564346485691,123.94224433797828,413.83528294234713,413.71984609886806,139.7725390471166,139.75621173010308,11.208784517729782,11.219640323915606,1.0802422208790101,4.0,-13.0
106,85.0,123.94224433797828,124.03670172932603,413.71984609886806,413.6176241630942,139.75621173010308,139.74127154559054,11.219640323915606,11.229555481063336,0.7206080359103866,4.0,-13.0
107,85.0,124.03670172932603,124.1192201183831,413.6176241630942,413.5192298937168,139.74127154559054,139.73579943482574,11.229555481063336,11.238860118720202,0.6614843236262506,4.0,-13.0
108,85.0,124.1192201183831,124.1903669088114,413.5192298937168,413.42457863421606,139.73579943482574,139.73471845251245,11.238860118720202,11.247616198379152,0.8342494784031192,4.0,-13.0
109,85.0,124.1903669088114,124.25504086494936,413.42457863421606,413.34045469799605,139.73471845251245,139.738666403099,11.247616198379152,11.255696446017202,0.6753689382561305,4.0,-13.0
110,85.0,124.25504086494936,124.31860814969647,413.34045469799605,413.2677033959934,139.738666403099,139.7433597894802,11.255696446017202,11.263242969426262,0.6788666417215566,4.0,-13.0
111,85.0,124.31860814969647,124.37838188470201,413.2677033959934,413.203822427747,139.7433597894802,139.74822092787048,11.263242969426262,11.270265636224321,0.6796660378501267,4.0,-13.0
112,85.0,124.37838188470201,124.43423567160437,413.203822427747,413.14807222135204,139.74822092787048,139.7492981865342,11.270265636224321,11.276777330620513,0.6507996585854479,4.0,-13.0
113,85.0,124.43423567160437,124.48644369975116,413.14807222135204,413.1000311392859,139.7492981865342,139.75195919212226,11.276777330620513,11.282813276545134,0.5738583636809178,4.0,-13.0
114,85.0,124.48644369975116,124.53219640544023,413.1000311392859,413.05479017223377,139.75195919212226,139.75186986530096,11.282813276545134,11.288441384094762,0.5572571211711281,4.0,-13.0
115,85.0,124.53219640544023,124.57192464653443,413.05479017223377,413.0122775280032,139.75186986530096,139.75220650198872,11.288441384094762,11.2936846090206,0.5685104372884487,4.0,-13.0
116,85.0,124.57192464653443,124.60730233215443,413.0122775280032,412.97388784780196,139.75220650198872,139.75366151361754,11.2936846090206,11.298547331318748,0.558703930255629,4.0,-13.0
117,85.0,124.60730233215443,124.64073324636315,412.97388784780196,412.94139735964575,139.75366151361754,139.75616806067725,11.298547331318748,11.303048985307074,0.47878909556885285,4.0,-13.0
118,85.0,124.64073324636315,124.66969481068125,412.94139735964575,412.91100808886915,139.75616806067725,139.7604351094077,11.303048985307074,11.307252176264466,0.4895439163051845,4.0,-13.0
119,85.0,124.66969481068125,124.69545772366857,412.91100808886915,412.88330509615923,139.7604351094077,139.76181190049664,11.307252176264466,11.311161554201634,0.49205919852007945,4.0,-13.0
120,85.0,124.69545772366857,124.71838366618408,412.88330509615923,412.8585768698884,139.76181190049664,139.76031291886613,11.311161554201634,11.314788185447235,0.4280124509837041,4.0,-13.0
121,85.0,124.71838366618408,124.73817664993199,412.8585768698884,412.8355987319179,139.76031291886613,139.75818724247137,11.314788185447235,11.318180146885172,0.4550212140990505,4.0,-13.0
122,85.0,124.73817664993199,124.75559938398244,412.8355987319179,412.8149768771568,139.75818724247137,139.75628801729317,11.318180146885172,11.32133545988767,0.34630520619372235,4.0,-13.0
123,85.0,124.75559938398244,124.77181668207538,412.8149768771568,412.7963981189446,139.75628801729317,139.75538741603032,11.32133545988767,11.324320208096562,0.3961174109737971,4.0,-13.0
124,85.0,124.77181668207538,124.78580542693999,412.7963981189446,412.7793676944194,139.75538741603032,139.7561958908102,11.324320208096562,11.327121474338812,0.44295905156412263,4.0,-13.0
125,85.0,124.78580542693999,124.79675635038674,412.7793676944194,412.76359646519813,139.7561958908102,139.75947643096006,11.327121474338812,11.329735317406145,0.34735905063937217,4.0,-13.0
126,85.0,124.79675635038674,124.80633190220081,412.76359646519813,412.74915762719166,139.75947643096006,139.76244115869633,11.329735317406145,11.332217704178408,0.3290542169074804,4.0,-13.0
127,85.0,124.80633190220081,124.81425195536755,412.74915762719166,412.7355217058911,139.76244115869633,139.7645501518599,11.332217704178408,11.334589935054113,0.36304378601048387,4.0,-13.0
128,85.0,124.81425195536755,124.82088086996971,412.7355217058911,412.72324276755205,139.7645501518599,139.7672386742441,11.334589935054113,11.33685875965918,0.41728770156044614,4.0,-13.0
129,85.0,124.82088086996971,124.82502680225568,412.72324276755205,412.7117053216145,139.7672386742441,139.76922070924778,11.33685875965918,11.339035419613127,0.41742014708495884,4.0,-13.0
130,85.0,124.82502680225568,124.82421471684964,412.7117053216145,412.7011694719381,139.76922070924778,139.7686037023716,11.339035419613127,11.341150334957238,0.42643703143276773,4.0,-13.0
131,85.0,124.82421471684964,124.8223686460287,412.7011694719381,412.692461124199,139.7686037023716,139.76769072578278,11.341150334957238,11.343213726397956,0.44559555715335886,4.0,-13.0
132,85.0,124.8223686460287,124.82123574884581,412.692461124199,412.6865668794013,139.76769072578278,139.7672959275365,11.343213726397956,11.344993853136023,0.6036483846597319,4.0,-13.0
133,85.0,124.82123574884581,124.8212321076351,412.6865668794013,412.6863837029981,139.7672959275365,139.76729906171357,11.344993853136023,11.345157295386247,0.0739600789047723,4.0,-13.0
134,85.0,114.1571317142198,114.15680127192914,460.0308176153136,460.0245071983336,150.05635390441367,150.06091094329963,9.15479980430993,9.155124660392843,0.015179805031170765,5.0,11.0
135,85.0,114.15680127192914,114.1603419337744,460.0245071983336,460.0111221275694,150.06091094329963,150.06756210004534,9.155124660392843,9.155771838531667,0.06093582423811825,5.0,11.0
136,85.0,114.1603419337744,114.14933512910882,460.0111221275694,460.01411937717893,150.06756210004534,150.06826935939392,9.155771838531667,9.156278683303807,0.08041325093155624,5.0,11.0
137,85.0,114.14933512910882,114.14819675791095,460.01411937717893,460.00819333788166,150.06826935939392,150.07140296097273,9.156278683303807,9.156613265457565,0.03224870306431605,5.0,11.0
138,85.0,114.14819675791095,114.14966192381723,460.00819333788166,460.0032393524144,150.07140296097273,150.07119628821155,9.156613265457565,9.156884043322021,0.01966068139294755,5.0,11.0
139,85.0,114.14966192381723,114.14680444647233,460.0032393524144,460.0055780207742,150.07119628821155,150.0690846711002,9.156884043322021,9.157117694669704,0.015021156605267387,5.0,11.0
140,85.0,114.14680444647233,114.14926310732642,460.0055780207742,460.0065256350805,150.0690846711002,150.06663806423893,9.157117694669704,9.157323931942946,0.014776596198664942,5.0,11.0
141,85.0,114.14926310732642,114.15160973714755,460.0065256350805,460.004735746367,150.06663806423893,150.06618582101166,9.157323931942946,9.15750399328506,0.011282526642108928,5.0,11.0
142,85.0,114.15160973714755,114.15341879518739,460.004735746367,460.0029921804726,150.06618582101166,150.06658939504052,9.15750399328506,9.15766449739482,0.022690770893075505,5.0,11.0
143,85.0,114.15341879518739,114.15190246683122,460.0029921804726,460.0032191050001,150.06658939504052,150.06581776283414,9.15766449739482,9.157785969460166,0.008669787141530173,5.0,11.0
144,85.0,114.15190246683122,114.15110671275254,460.0032191050001,460.0042299956537,150.06581776283414,150.0652187859182,9.157785969460166,9.157892257791879,0.012613347203309234,5.0,11.0
145,85.0,114.15110671275254,114.15135068018489,460.0042299956537,460.0038314596148,150.0652187859182,150.06433168709037,9.157892257791879,9.157975428033652,0.013059760320703457,5.0,11.0
146,85.0,114.15135068018489,114.151722824617,460.0038314596148,460.0033745512757,150.06433168709037,150.06425991384307,9.157975428033652,9.158032342396309,0.013521462443292189,5.0,11.0
147,85.0,114.151722824617,114.15152432106751,460.0033745512757,460.00324354072063,150.06425991384307,150.06419661101933,9.158032342396309,9.158062168828906,0.020531214947619728,5.0,11.0
148,85.0,113.97593275636704,113.97685642762067,457.39461470216077,457.3923060047743,149.72329866122408,149.7322344815073,9.252422330806176,9.252800683577588,0.022818215554097562,6.0,11.0
149,85.0,113.97685642762067,113.9782290640471,457.3923060047743,457.3901218255663,149.7322344815073,149.7493415819453,9.252800683577588,9.25351592781546,0.03823308086080684,6.0,11.0
150,85.0,113.9782290640471,113.98648239041407,457.3901218255663,457.3868305767154,149.7493415819453,149.7610702232496,9.25351592781546,9.254140297411842,0.04761287815303573,6.0,11.0
151,85.0,113.98648239041407,113.98857523292017,457.3868305767154,457.3756648724026,149.7610702232496,149.76367181979862,9.254140297411842,9.254655277738905,0.041882410252927174,6.0,11.0
152,85.0,113.98857523292017,113.99588702643447,457.3756648724026,457.37478097163586,149.76367181979862,149.7690779585259,9.254655277738905,9.255078067509809,0.06236185301782806,6.0,11.0
153,85.0,113.99588702643447,113.99681981236715,457.37478097163586,457.3801732882209,149.7690779585259,149.77087874516528,9.255078067509809,9.255372262821247,0.02309070717151651,6.0,11.0
154,85.0,113.99681981236715,113.99267647897803,457.3801732882209,457.38152361475113,149.77087874516528,149.77249401569264,9.255372262821247,9.25562200209477,0.020775864608240362,6.0,11.0
155,85.0,113.99267647897803,113.98903231206127,457.38152361475113,457.380817261195,149.77249401569264,149.77228496711786,9.25562200209477,9.255833388364692,0.00945753117803661,6.0,11.0
156,85.0,113.98903231206127,113.98738850322684,457.380817261195,457.3787219221791,149.77228496711786,149.7742650096979,9.255833388364692,9.256027839416427,0.015577315041275094,6.0,11.0
157,85.0,113.98738850322684,113.98858632254283,457.3787219221791,457.3779645563075,149.7742650096979,149.77655630703987,9.256027839416427,9.256195041682908,0.011582648530601074,6.0,11.0
158,85.0,113.98858632254283,113.9895231769001,457.3779645563075,457.37611729134414,149.77655630703987,149.77566533381452,9.256195041682908,9.256342288651261,0.013662236805794477,6.0,11.0
159,85.0,113.9895231769001,113.99028386990156,457.37611729134414,457.37454368618376,149.77566533381452,149.7754361339054,9.256342288651261,9.256466055864504,0.010932468442582152,6.0,11.0
160,85.0,113.99028386990156,113.9901177193786,457.37454368618376,457.37372670169964,149.7754361339054,149.77654532886226,9.256466055864504,9.256570679707245,0.01620183258576649,6.0,11.0
161,85.0,113.9901177193786,113.98985021514639,457.37372670169964,457.3742484288794,149.77654532886226,149.7771707937823,9.256570679707245,9.256645026895416,0.012877125009080411,6.0,11.0
162,85.0,113.98985021514639,113.98976777319294,457.3742484288794,457.37396549887455,149.7771707937823,149.77680507884355,9.256645026895416,9.25669294889108,0.022704401426953468,6.0,11.0
163,85.0,113.98976777319294,113.98975229448035,457.37396549887455,457.3739771091135,149.77680507884355,149.77683851320876,9.25669294889108,9.256700809885688,0.007006401002336512,6.0,11.0
164,85.0,113.59382221734634,113.59052088128689,449.7840828754526,449.7804479268137,148.57927528099285,148.5752911338094,9.536928599709578,9.537202064658947,0.009476030716595786,7.0,11.0
165,85.0,113.59052088128689,113.58201503158648,449.7804479268137,449.7754311214877,148.5752911338094,148.56754316143355,9.537202064658947,9.537749386394355,0.05223075933944934,7.0,11.0
166,85.0,113.58201503158648,113.57610353231351,449.7754311214877,449.7690624595158,148.56754316143355,148.56405070905993,9.537749386394355,9.5381806574425,0.03097140932780792,7.0,11.0
167,85.0,113.57610353231351,113.57552588570817,449.7690624595158,449.7665475539184,148.56405070905993,148.5568890257817,9.5381806574425,9.53854629037926,0.039257237972643376,7.0,11.0
168,85.0,113.57552588570817,113.57119635399461,449.7665475539184,449.77001906673377,148.5568890257817,148.5573152775447,9.53854629037926,9.538832784418089,0.03276184936873395,7.0,11.0
169,85.0,113.57119635399461,113.5705533190473,449.77001906673377,449.7737795776931,148.5573152775447,148.55601427712466,9.538832784418089,9.539057233969391,0.014131283702251035,7.0,11.0
170,85.0,113.5705533190473,113.57141568416652,449.7737795776931,449.77685496316974,148.55601427712466,148.55478436332277,9.539057233969391,9.53925612897496,0.014149110389676313,7.0,11.0
171,85.0,113.57141568416652,113.57317464678783,449.77685496316974,449.77908751023404,148.55478436332277,148.55496209357574,9.53925612897496,9.539430137463677,0.014044663727316808,7.0,11.0
172,85.0,113.57317464678783,113.5742162889874,449.77908751023404,449.78114685625513,148.55496209357574,148.55504370983695,9.539430137463677,9.53957990402695,0.015805532996884336,7.0,11.0
173,85.0,113.5742162889874,113.57437967347971,449.78114685625513,449.7806059477616,148.55504370983695,148.55339899059635,9.53957990402695,9.539702499107593,0.015073974689001393,7.0,11.0
174,85.0,113.57437967347971,113.57418602772138,449.7806059477616,449.78162880099006,148.55339899059635,148.55404818581013,9.539702499107593,9.539798443902445,0.017619099780255183,7.0,11.0
175,85.0,113.57418602772138,113.5737347604886,449.78162880099006,449.78211362409763,148.55404818581013,148.55406584098915,9.539798443902445,9.539860118523517,0.028414774613341794,7.0,11.0
176,85.0,113.5737347604886,113.57371988782897,449.78211362409763,449.78207120309037,148.55406584098915,148.5540817959322,9.539860118523517,9.539869251120177,0.00793643267181517,7.0,11.0
177,85.0,113.52440768751815,113.51564404010037,448.60618517736145,448.6007752281815,148.37326022391872,148.37328844805478,9.581707987748599,9.582122762397425,0.02992056745919143,8.0,11.0
178,85.0,113.51564404010037,113.50010138137125,448.6007752281815,448.5907679493712,148.37328844805478,148.37326904914636,9.582122762397425,9.582879281751868,0.07211304027197366,8.0,11.0
179,85.0,113.50010138137125,113.49997761298201,448.5907679493712,448.5951946699726,148.37326904914636,148.36039912672805,9.582879281751868,9.583464463789454,0.036637538699759824,8.0,11.0
180,85.0,113.49997761298201,113.51045172006256,448.5951946699726,448.5980481686229,148.36039912672805,148.3635046976881,9.583464463789454,9.583966298423222,0.03638970737041317,8.0,11.0
181,85.0,113.51045172006256,113.51389045901158,448.5980481686229,448.601732900367,148.3635046976881,148.3710993066452,9.583966298423222,9.584388295493811,0.027900182113633182,8.0,11.0
182,85.0,113.51389045901158,113.5161174314544,448.601732900367,448.6018664583191,148.3710993066452,148.37830692871236,9.584388295493811,9.584751371567567,0.022225198666456933,8.0,11.0
183,85.0,113.5161174314544,113.51515928931151,448.6018664583191,448.604384712257,148.37830692871236,148.38407247167387,9.584751371567567,9.585069125710463,0.029593809274019816,8.0,11.0
184,85.0,113.51515928931151,113.51976427920854,448.604384712257,448.6051974726186,148.38407247167387,148.38261198639194,9.585069125710463,9.585329024194113,0.01390527232673075,8.0,11.0
185,85.0,113.51976427920854,113.5226567679561,448.6051974726186,448.60756802756214,148.38261198639194,148.38057863677057,9.585329024194113,9.585562806291346,0.024469109643656985,8.0,11.0
186,85.0,113.5226567679561,113.5257482360162,448.60756802756214,448.60680660979307,148.38057863677057,148.38021724724086,9.585562806291346,9.585752345995095,0.009844633138496874,8.0,11.0
187,85.0,113.5257482360162,113.52653087596408,448.60680660979307,448.60583276947665,148.38021724724086,148.37770075927298,9.585752345995095,9.585924668390577,0.015127713916067317,8.0,11.0
188,85.0,113.52653087596408,113.52801647466977,448.60583276947665,448.60417811630015,148.37770075927298,148.37749772857404,9.585924668390577,9.586070903480932,0.012805918966371206,8.0,11.0
189,85.0,113.52801647466977,113.52755782706652,448.60417811630015,448.6051933343059,148.37749772857404,148.37887596655247,9.586070903480932,9.586195132943176,0.021315394833883818,8.0,11.0
190,85.0,113.52755782706652,113.52697180865422,448.6051933343059,448.60511453740446,148.37887596655247,148.37974763886263,9.586195132943176,9.586281269391948,0.013622761335437314,8.0,11.0
191,85.0,113.52697180865422,113.52717968132258,448.60511453740446,448.6046294636744,148.37974763886263,148.38007940613164,9.586281269391948,9.586340255368635,0.02734126597287046,8.0,11.0
192,85.0,113.52717968132258,113.52713824677119,448.6046294636744,448.6046126561071,148.38007940613164,148.38008738781363,9.586340255368635,9.586349075192558,0.007710399285428132,8.0,11.0
193,85.0,113.41992561998018,113.41986364105885,446.23248931495556,446.2290712844633,147.94489238655552,147.9379979077961,9.672217708534621,9.672538936922306,0.014223134404306488,9.0,11.0
194,85.0,113.41986364105885,113.41512924491447,446.2290712844633,446.22208952253067,147.9379979077961,147.9252157084934,9.672538936922306,9.673184517302825,0.059017034853526884,9.0,11.0
195,85.0,113.41512924491447,113.4129159926669,446.22208952253067,446.2111490632707,147.9252157084934,147.9224220775643,9.673184517302825,9.67369414652879,0.037783447157736814,9.0,11.0
196,85.0,113.4129159926669,113.41512962024558,446.2111490632707,446.20437588006064,147.9224220775643,147.91654635668917,9.67369414652879,9.6741206322701,0.04411316648700822,9.0,11.0
197,85.0,113.41512962024558,113.41299352275612,446.20437588006064,446.19839043812715,147.91654635668917,147.9189278621339,9.6741206322701,9.674454723551614,0.021172909976641893,9.0,11.0
198,85.0,113.41299352275612,113.40738262692541,446.19839043812715,446.1985106060432,147.9189278621339,147.9179261740104,9.674454723551614,9.674746548768267,0.018370967379650646,9.0,11.0
199,85.0,113.40738262692541,113.40749042527511,446.1985106060432,446.2031743099883,147.9179261740104,147.91674718292876,9.674746548768267,9.675002928021495,0.0214357435655575,9.0,11.0
200,85.0,113.40749042527511,113.40892834236176,446.2031743099883,446.2067363238746,147.91674718292876,147.91674240413548,9.675002928021495,9.675219486750528,0.05083809558275393,9.0,11.0
201,85.0,113.40892834236176,113.41017470997527,446.2067363238746,446.2067626283744,147.91674240413548,147.91538434907895,9.675219486750528,9.675347210413262,0.009871522672256562,9.0,11.0
202,85.0,113.41017470997527,113.41052649914748,446.2067626283744,446.2053609394505,147.91538434907895,147.91497827782257,9.675347210413262,9.675457774456147,0.007976584796182557,9.0,11.0
203,85.0,113.41052649914748,113.41076040163179,446.2053609394505,446.20651786676433,147.91497827782257,147.91533620088055,9.675457774456147,9.675554079927805,0.030436075658520384,9.0,11.0
204,85.0,113.41076040163179,113.41044635339594,446.20651786676433,446.20655949488474,147.91533620088055,147.9153501166209,9.675554079927805,9.675589983010935,0.01773619482599256,9.0,11.0
205,85.0,113.41044635339594,113.41047023706649,446.20655949488474,446.20657672302707,147.9153501166209,147.91534603718608,9.675589983010935,9.675596513267836,0.00599616815908938,9.0,11.0
206,85.0,113.40714279930489,113.40118312624323,444.66053329067915,444.6572133151758,147.6348316074659,147.63114294729843,9.732707082952915,9.733032352034964,0.011510108053515818,10.0,11.0
207,85.0,113.40118312624323,113.38760584359015,444.6572133151758,444.65329793634584,147.63114294729843,147.62602659987564,9.733032352034964,9.733667821121246,0.041250122904533185,10.0,11.0
208,85.0,113.38760584359015,113.38353421103557,444.65329793634584,444.6646868359433,147.62602659987564,147.62353071639836,9.733667821121246,9.734207879098847,0.0350561492746869,10.0,11.0
209,85.0,113.38353421103557,113.38165606421842,444.6646868359433,444.66734874421155,147.62353071639836,147.61387392104479,9.734207879098847,9.734669601244827,0.02988519655211744,10.0,11.0
210,85.0,113.38165606421842,113.37774667021306,444.66734874421155,444.6662116698529,147.61387392104479,147.606468225132,9.734669601244827,9.735066845200057,0.030817682719619172,10.0,11.0
211,85.0,113.37774667021306,113.37436800584646,444.6662116698529,444.66931645405737,147.606468225132,147.60149558886937,9.735066845200057,9.735400147328573,0.02448933770341236,10.0,11.0
212,85.0,113.37436800584646,113.3694772175407,444.66931645405737,444.6718066985409,147.60149558886937,147.60092911011048,9.735400147328573,9.73568472881341,0.021123579745289413,10.0,11.0
213,85.0,113.3694772175407,113.36520069892454,444.6718066985409,444.6705077637008,147.60092911011048,147.60031464646764,9.73568472881341,9.735928935008586,0.01706027574635319,10.0,11.0
214,85.0,113.36520069892454,113.36345878733928,444.6705077637008,444.67206056012765,147.60031464646764,147.59737780470257,9.735928935008586,9.736141714828157,0.023925958315009696,10.0,11.0
215,85.0,113.36345878733928,113.36297675407414,444.67206056012765,444.6709636168348,147.59737780470257,147.59488330250926,9.736141714828157,9.736312169479069,0.013686268417236387,10.0,11.0
216,85.0,113.36297675407414,113.36395926542052,444.6709636168348,444.66987071463535,147.59488330250926,147.59318426730604,9.736312169479069,9.73645903064071,0.01607635001238368,10.0,11.0
217,85.0,113.36395926542052,113.36377394869328,444.66987071463535,444.6688100993556,147.59318426730604,147.59446193248792,9.73645903064071,9.736578227018919,0.00864038098070764,10.0,11.0
218,85.0,113.36377394869328,113.36322058537925,444.6688100993556,444.6696857011913,147.59446193248792,147.59536764081898,9.736578227018919,9.736682233165826,0.009484795849612062,10.0,11.0
219,85.0,113.36322058537925,113.36218018905215,444.6696857011913,444.66951558285257,147.59536764081898,147.59523490322505,9.736682233165826,9.736768905065203,0.012017615514985168,10.0,11.0
220,85.0,113.36218018905215,113.36162741897238,444.66951558285257,444.6691341884992,147.59523490322505,147.59534509891347,9.736768905065203,9.736831796057002,0.015132642510523929,10.0,11.0
221,85.0,113.36162741897238,113.36165974303132,444.6691341884992,444.668969192832,147.59534509891347,147.59512944788568,9.736831796057002,9.73686400703424,0.021808228724525945,10.0,11.0
222,85.0,113.42913719260305,113.42252973043693,442.65895830450006,442.6538980291122,147.2717517283184,147.278077328976,9.809877749569486,9.810293322335818,0.01649899147346015,11.0,11.0
223,85.0,113.42252973043693,113.40571559304321,442.6538980291122,442.6571568967619,147.278077328976,147.29089770497941,9.810293322335818,9.811150336855015,0.0462861140086256,11.0,11.0
224,85.0,113.40571559304321,113.41584576144237,442.6571568967619,442.65459436248176,147.29089770497941,147.3056794411423,9.811150336855015,9.811893520682531,0.031987957394039264,11.0,11.0
225,85.0,113.41584576144237,113.43116334676009,442.65459436248176,442.65036045343186,147.3056794411423,147.30633013682547,9.811893520682531,9.812559888656514,0.05705940835083184,11.0,11.0
226,85.0,113.43116334676009,113.44084456408382,442.65036045343186,442.6491529877555,147.30633013682547,147.31361691918795,9.812559888656514,9.813093735708234,0.035053052632772495,11.0,11.0
227,85.0,113.44084456408382,113.44347269673003,442.6491529877555,442.643804228372,147.31361691918795,147.32168233673193,9.813093735708234,9.813549467863616,0.031452879219118414,11.0,11.0
228,85.0,113.44347269673003,113.43938082368206,442.643804228372,442.6368271045508,147.32168233673193,147.32028149372306,9.813549467863616,9.813937624748924,0.03166384456948202,11.0,11.0
229,85.0,113.43938082368206,113.43898148002579,442.6368271045508,442.6310436843345,147.32028149372306,147.32321426974553,9.813937624748924,9.814260525090134,0.023653196141831825,11.0,11.0
230,85.0,113.43898148002579,113.4412320735905,442.6310436843345,442.62980283796134,147.32321426974553,147.32785697251023,9.814260525090134,9.81453673792044,0.019241140876730886,11.0,11.0
231,85.0,113.4412320735905,113.44484830499314,442.62980283796134,442.62729661754645,147.32785697251023,147.32778928955798,9.81453673792044,9.814776405610965,0.022340684020428443,11.0,11.0
232,85.0,113.44484830499314,113.44734958992646,442.62729661754645,442.62497911110677,147.32778928955798,147.32748477479564,9.814776405610965,9.814975335682178,0.03427777529872694,11.0,11.0
233,85.0,113.44734958992646,113.44890850535769,442.62497911110677,442.62407923982727,147.32748477479564,147.32853891065037,9.814975335682178,9.81511468424023,0.015368480793684256,11.0,11.0
234,85.0,113.44890850535769,113.44771325693539,442.62407923982727,442.6231688722547,147.32853891065037,147.3281808482942,9.81511468424023,9.815227482792988,0.019731018438341418,11.0,11.0
235,85.0,113.44771325693539,113.44810396517451,442.6231688722547,442.6223713176156,147.3281808482942,147.3280938501307,9.815227482792988,9.815304004181037,0.024367265763131495,11.0,11.0
236,85.0,113.44810396517451,113.44792403393512,442.6223713176156,442.62224845684324,147.3280938501307,147.32805478693012,9.815304004181037,9.815331610908206,0.019318719102447597,11.0,11.0
237,85.0,113.42440856371975,113.40710943953889,442.1148842387129,442.0585514905324,147.17469046294002,147.14173488648197,9.830969239286087,9.833273864145074,0.11319618992342874,12.0,11.0
238,85.0,113.40710943953889,113.4462785540326,442.0585514905324,441.9723012816259,147.14173488648197,147.03214654674576,9.833273864145074,9.838230066268974,0.3636211835364571,12.0,11.0
239,85.0,113.4462785540326,113.42166335848246,441.9723012816259,441.88890772001696,147.03214654674576,147.0205012286964,9.838230066268974,9.841264396469635,0.2849077608986087,12.0,11.0
240,85.0,113.42166335848246,113.40447053693924,441.88890772001696,441.84166090953204,147.0205012286964,147.04003697745955,9.841264396469635,9.843213733351474,0.11930429764425779,12.0,11.0
241,85.0,113.40447053693924,113.38152904841846,441.84166090953204,441.8176450575569,147.04003697745955,147.06854202175913,9.843213733351474,9.844824728364568,0.11078069805143796,12.0,11.0
242,85.0,113.38152904841846,113.38993573424598,441.8176450575569,441.7920902707627,147.06854202175913,147.0904687608641,9.844824728364568,9.846132710824431,0.09310543054531886,12.0,11.0
243,85.0,113.38993573424598,113.39434257048977,441.7920902707627,441.77867236771965,147.0904687608641,147.06687748142699,9.846132710824431,9.84719790925021,0.057332418663071955,12.0,11.0
244,85.0,113.39434257048977,113.3968335457781,441.77867236771965,441.7950991550941,147.06687748142699,147.05069363283167,9.84719790925021,9.848116666137507,0.09726975386741214,12.0,11.0
245,85.0,113.3968335457781,113.3922770398481,441.7950991550941,441.79810585534915,147.05069363283167,147.05470395942137,9.848116666137507,9.848399385249795,0.014664945030240841,12.0,11.0
246,85.0,113.3922770398481,113.38880715425691,441.79810585534915,441.80159955343606,147.05470395942137,147.05904330051243,9.848399385249795,9.848724854526147,0.020943043402411526,12.0,11.0
247,85.0,113.38880715425691,113.38861253931661,441.80159955343606,441.8067122386336,147.05904330051243,147.05702143806587,9.848724854526147,9.849008801298066,0.044785775071557454,12.0,11.0
248,85.0,113.38861253931661,113.39057838270358,441.8067122386336,441.8084153615131,147.05702143806587,147.05474546248035,9.849008801298066,9.849209125182636,0.02783456798730918,12.0,11.0
249,85.0,113.39074691261729,113.3909442444312,441.8086554763032,441.8091713329324,147.05473310662316,147.05494901803513,9.849228065769989,9.849284936193031,0.011436119466965045,12.0,11.0
250,85.0,113.3909442444312,113.39089214821927,441.8091713329324,441.80935448573894,147.05494901803513,147.05516901444372,9.849284936193031,9.849318644695169,0.0225953822433689,12.0,11.0
251,85.0,113.42900192191917,113.42843033330689,441.0993430851083,441.0969126687222,146.97971977509786,146.97370659217958,9.870602533901799,9.870882779298983,0.011296374784756764,13.0,11.0
252,85.0,113.42843033330689,113.42353769149429,441.0969126687222,441.0926481218597,146.97370659217958,146.96267786568757,9.870882779298983,9.871438885650132,0.06609376720831182,13.0,11.0
253,85.0,113.42353769149429,113.42394017986324,441.0926481218597,441.09013244142716,146.96267786568757,146.95426928707374,9.871438885650132,9.871848649060347,0.032655149272340964,13.0,11.0
254,85.0,113.42394017986324,113.42617145665074,441.09013244142716,441.0934198931012,146.95426928707374,146.94852953501263,9.871848649060347,9.872190193071086,0.023654522043305096,13.0,11.0
255,85.0,113.42617145665074,113.42876370869867,441.0934198931012,441.0941926648335,146.94852953501263,146.94344456405082,9.872190193071086,9.87248433332265,0.026747327389930683,13.0,11.0
256,85.0,113.42876370869867,113.43220413622086,441.0941926648335,441.0914067610332,146.94344456405082,146.9441157838278,9.87248433332265,9.872727155583707,0.02151095106345888,13.0,11.0
257,85.0,113.43220413622086,113.43344517466758,441.0914067610332,441.0885197652812,146.9441157838278,146.94572253330333,9.872727155583707,9.872930587566547,0.024287342884534796,13.0,11.0
258,85.0,113.43344517466758,113.43522073666217,441.0885197652812,441.0902669112903,146.94572253330333,146.9462802827087,9.872930587566547,9.873091451159608,0.019205931331185044,13.0,11.0
259,85.0,113.43522073666217,113.43538662730057,441.0902669112903,441.0919749087087,146.9462802827087,146.94696079899768,9.873091451159608,9.87321929947363,0.012105020814087151,13.0,11.0
260,85.0,113.43538662730057,113.4363626294274,441.0919749087087,441.0909890520018,146.94696079899768,146.9472987639775,9.87321929947363,9.873326045823514,0.017590776486734197,13.0,11.0
261,85.0,113.4363626294274,113.4371320810964,441.0909890520018,441.09122881069663,146.9472987639775,146.9470252160796,9.873326045823514,9.873400005245312,0.0175160881308791,13.0,11.0
262,85.0,113.4371320810964,113.43686402551597,441.09122881069663,441.0910249569607,146.9470252160796,146.94695305658792,9.873400005245312,9.873438153109385,0.017926199624479354,13.0,11.0
263,85.0,113.43686402551597,113.43688955173896,441.0910249569607,441.0910265856065,146.94695305658792,146.9469248000241,9.873438153109385,9.873445939466585,0.006950878424002195,13.0,11.0
264,85.0,113.44292434985906,113.42763678854362,439.6424760780889,439.62403470793987,146.70168290520655,146.70712283600636,9.927654440626425,9.92854893185606,0.06201579492480586,14.0,11.0
265,85.0,113.42763678854362,113.40074621331374,439.62403470793987,439.5925626513352,146.70712283600636,146.72213106622957,9.92854893185606,9.930168747165226,0.08363288661107687,14.0,11.0
266,85.0,113.40074621331374,113.39940595290741,439.5925626513352,439.5609832727722,146.72213106622957,146.74163587470449,9.930168747165226,9.931558371863357,0.1655228296459336,14.0,11.0
267,85.0,113.39940595290741,113.37583761441729,439.5609832727722,439.555621857569,146.74163587470449,146.7443438140641,9.931558371863357,9.93251565699921,0.21720471642160524,14.0,11.0
268,85.0,113.37583761441729,113.36666978445888,439.555621857569,439.5537318437995,146.7443438140641,146.7421410437188,9.93251565699921,9.93295621786705,0.026729142587315978,14.0,11.0
269,85.0,113.36666978445888,113.35948424924652,439.5537318437995,439.55246198265024,146.7421410437188,146.73866195864224,9.93295621786705,9.933339669692122,0.038988630605172415,14.0,11.0
270,85.0,113.35948424924652,113.3552292220476,439.55246198265024,439.5486015773693,146.73866195864224,146.73691149359962,9.933339669692122,9.933643473089889,0.030513068860328885,14.0,11.0
271,85.0,113.3552292220476,113.35543825810942,439.5486015773693,439.54430916737726,146.73691149359962,146.7354805186811,9.933643473089889,9.933888412751298,0.025565119371655,14.0,11.0
272,85.0,113.35543825810942,113.35685789997213,439.54430916737726,439.5428623030092,146.7354805186811,146.73821834717938,9.933888412751298,9.934086622087907,0.023400092885822663,14.0,11.0
273,85.0,113.35685789997213,113.35619733789144,439.5428623030092,439.54115773913907,146.73821834717938,146.73988698481708,9.934086622087907,9.934243977337111,0.014216085867714556,14.0,11.0
274,85.0,113.35619733789144,113.35445340408008,439.54115773913907,439.54201542731533,146.73988698481708,146.74005904625386,9.934243977337111,9.934376902602814,0.015436037281846697,14.0,11.0
275,85.0,113.35445340408008,113.35343843764242,439.54201542731533,439.54106233913126,146.74005904625386,146.73980613474902,9.934376902602814,9.934482979297039,0.01623470820562217,14.0,11.0
276,85.0,113.35343843764242,113.35425893194046,439.54106233913126,439.5407663263519,146.73980613474902,146.73993899206243,9.934482979297039,9.934558880846069,0.04250240742553285,14.0,11.0
277,85.0,114.21518289637496,114.22082903058738,437.2485039706109,437.246870640457,145.90237961130333,145.90250373560352,10.02983295147262,10.030090571569627,0.006246695886911004,15.0,11.0
278,85.0,114.22082903058738,114.23174455572882,437.246870640457,437.2446842352683,145.90250373560352,145.89854359912198,10.030090571569627,10.030611388622287,0.03105172419991505,15.0,11.0
279,85.0,114.23174455572882,114.23870442769048,437.2446842352683,437.2504756298528,145.89854359912198,145.90260518576022,10.030611388622287,10.0310632688272,0.03166218007936109,15.0,11.0
280,85.0,114.23870442769048,114.23987609671583,437.2504756298528,437.2438668745264,145.90260518576022,145.90713723427285,10.0310632688272,10.031447277741732,0.0315950623834189,15.0,11.0
281,85.0,114.23987609671583,114.24321752921169,437.2438668745264,437.24104582488843,145.90713723427285,145.91180763486454,10.031447277741732,10.031766354449138,0.021384340620470964,15.0,11.0
282,85.0,114.24321752921169,114.24431066532331,437.24104582488843,437.2406365585213,145.91180763486454,145.9170024815666,10.031766354449138,10.032043275813843,0.020081295463550187,15.0,11.0
283,85.0,114.24431066532331,114.24392243899698,437.2406365585213,437.24060895677087,145.9170024815666,145.92136389674607,10.032043275813843,10.03228206045166,0.014060374475851586,15.0,11.0
284,85.0,114.24392243899698,114.2440507743182,437.24060895677087,437.24407125911614,145.92136389674607,145.92281235731022,10.03228206045166,10.032495016740135,0.01823013915228831,15.0,11.0
285,85.0,114.2440507743182,114.24184815473559,437.24407125911614,437.24242250436356,145.92281235731022,145.9239997091847,10.032495016740135,10.032675551096641,0.01801640085483342,15.0,11.0
286,85.0,114.24184815473559,114.23956019160013,437.24242250436356,437.24262792970114,145.9239997091847,145.9238706366142,10.032675551096641,10.032824927842448,0.0163263066815567,15.0,11.0
287,85.0,114.23956019160013,114.24092607326827,437.24262792970114,437.24236524353756,145.9238706366142,145.92487050131118,10.032824927842448,10.03294622887991,0.01550979205559909,15.0,11.0
288,85.0,114.24092607326827,114.24146458368872,437.24236524353756,437.24240057568323,145.92487050131118,145.92592865790735,10.03294622887991,10.033040011615547,0.052407764152045684,15.0,11.0
289,85.0,115.09865444357823,115.11267650676284,434.19295828628054,434.1129919356123,144.97941633202294,144.9593151842575,10.15932860192435,10.16217201153882,0.2764120938038886,16.0,11.0
290,85.0,115.11267650676284,115.11676226175769,434.1129919356123,433.9678468009896,144.9593151842575,144.91394102830031,10.16217201153882,10.167368755491713,0.37018755963847383,16.0,11.0
291,85.0,115.11676226175769,115.02757201415632,433.9678468009896,433.89755462489256,144.91394102830031,144.93708927725555,10.167368755491713,10.171367487757626,0.246295598186919,16.0,11.0
292,85.0,115.02757201415632,114.94364576134214,433.89755462489256,433.9143615582783,144.93708927725555,144.90214673335842,10.171367487757626,10.174591387538952,0.22600721733400347,16.0,11.0
293,85.0,114.94364576134214,114.93019888273773,433.9143615582783,433.88163038144677,144.90214673335842,144.8399269200263,10.174591387538952,10.177125160754164,0.11943149231950831,16.0,11.0
294,85.0,114.93019888273773,114.95606739444649,433.88163038144677,433.8274783749392,144.8399269200263,144.82971701991602,10.177125160754164,10.179304551947203,0.13751840384343392,16.0,11.0
295,85.0,114.95606739444649,114.97065914214359,433.8274783749392,433.8138778804978,144.82971701991602,144.7850532186721,10.179304551947203,10.181086957626885,0.09644504645573712,16.0,11.0
296,85.0,114.97065914214359,114.97561984735339,433.8138778804978,433.81431537332475,144.7850532186721,144.74454236069298,10.181086957626885,10.182599453298328,0.1198899693131125,16.0,11.0
297,85.0,114.97561984735339,114.97291114804037,433.81431537332475,433.83765731920164,144.74454236069298,144.72404202264437,10.182599453298328,10.18378902871834,0.06632906704153006,16.0,11.0
298,85.0,114.97291114804037,114.96002060940597,433.83765731920164,433.84667650449103,144.72404202264437,144.7031662536589,10.18378902871834,10.184808229726777,0.05095951618741482,16.0,11.0
299,85.0,114.96002060940597,114.98019858935288,433.84667650449103,433.8421579065093,144.7031662536589,144.69468122332307,10.184808229726777,10.185698109596133,0.05112821640185213,16.0,11.0
300,85.0,114.98019858935288,114.98481823493782,433.8421579065093,433.860261377564,144.69468122332307,144.69474165363886,10.185698109596133,10.18646150554549,0.04372070648172242,16.0,11.0
301,85.0,114.98481823493782,114.99300359196957,433.860261377564,433.86954415889306,144.69474165363886,144.70436006580059,10.18646150554549,10.187119749639333,0.0800577192941797,16.0,11.0
302,85.0,114.99300359196957,114.99261846907503,433.86954415889306,433.8790085964045,144.70436006580059,144.70899670759718,10.187119749639333,10.187594455778195,0.02543102398548007,16.0,11.0
303,85.0,114.99261846907503,114.99447998300357,433.8790085964045,433.88727629744733,144.70899670759718,144.71215120653096,10.187594455778195,10.188013774201085,0.036924430612810324,16.0,11.0
304,85.0,114.99447998300357,115.0002054335393,433.88727629744733,433.8893241956912,144.71215120653096,144.7156010021182,10.188013774201085,10.188355716367854,0.02162200592047507,16.0,11.0
305,85.0,115.0002054335393,114.99837405350684,433.8893241956912,433.8936322145367,144.7156010021182,144.71914491185447,10.188355716367854,10.188654242669855,0.01546075015477191,16.0,11.0
306,85.0,114.99837405350684,114.99858822832377,433.8936322145367,433.89858188880845,144.71914491185447,144.7204031908961,10.188654242669855,10.188922676030542,0.031626753250058696,16.0,11.0
307,85.0,114.99858822832377,114.99924399089511,433.89858188880845,433.8949997369517,144.7204031908961,144.71991679532653,10.188922676030542,10.189132217718527,0.018238695484320507,16.0,11.0
308,85.0,114.99924399089511,115.00052019214381,433.8949997369517,433.8934320876835,144.71991679532653,144.7178083672166,10.189132217718527,10.18930944051807,0.019099941210681575,16.0,11.0
309,85.0,115.00052019214381,115.0014923371892,433.8934320876835,433.8920260672497,144.7178083672166,144.71643873852452,10.18930944051807,10.189453693109455,0.02666157589184634,16.0,11.0
310,85.0,115.0014923371892,115.0026540061223,433.8920260672497,433.8924672846132,144.71643873852452,144.71664908910864,10.189453693109455,10.18955147353952,0.01828290368623958,16.0,11.0
311,85.0,115.0026540061223,115.0032775698138,433.8924672846132,433.8922302125462,144.71664908910864,144.71655932996583,10.18955147353952,10.18961386266113,0.012254144806286265,16.0,11.0
312,85.0,115.0032775698138,115.00307576785414,433.8922302125462,433.89204317347367,144.71655932996583,144.7163700905282,10.18961386266113,10.189651155860942,0.016838143065420547,16.0,11.0
313,85.0,115.00307576785414,115.00306290667542,433.89204317347367,433.89206770378325,144.7163700905282,144.71640476071858,10.189651155860942,10.18965983083876,0.007605130221885206,16.0,11.0
314,85.0,115.42059754325105,115.41270656788492,433.20560389419705,433.18555076699386,144.66513880868655,144.66079437632484,10.20249172330472,10.20330047135394,0.07621848361151622,17.0,11.0
315,85.0,115.41270656788492,115.39395399146545,433.18555076699386,433.15367797447044,144.66079437632484,144.65337395813802,10.20330047135394,10.204709373668656,0.11215255889017745,17.0,11.0
316,85.0,115.39395399146545,115.37365049248592,433.15367797447044,433.1335778770481,144.65337395813802,144.64933191937297,10.204709373668656,10.20582034361885,0.06951979595951611,17.0,11.0
317,85.0,115.37365049248592,115.35416683911708,433.1335778770481,433.13872352503813,144.64933191937297,144.66171115688252,10.20582034361885,10.206754703078651,0.06170035209795202,17.0,11.0
318,85.0,115.35416683911708,115.3495724312186,433.13872352503813,433.15716599775135,144.66171115688252,144.6643124331309,10.206754703078651,10.207535426388812,0.04648228027630116,17.0,11.0
319,85.0,115.3495724312186,115.35438517885332,433.15716599775135,433.1703071457314,144.6643124331309,144.67199831215288,10.207535426388812,10.208203941673911,0.04332331306716,17.0,11.0
320,85.0,115.35438517885332,115.34481116400937,433.1703071457314,433.17844905879264,144.67199831215288,144.6757227921307,10.208203941673911,10.208771194823644,0.03296001344374311,17.0,11.0
321,85.0,115.34481116400937,115.33470049253219,433.17844905879264,433.1828219205489,144.6757227921307,144.67644128178796,10.208771194823644,10.209263871459227,0.0931107029753328,17.0,11.0
322,85.0,115.33470049253219,115.33354538265219,433.1828219205489,433.18496820068395,144.67644128178796,144.6711567345941,10.209263871459227,10.20956036581769,0.050963797043762735,17.0,11.0
323,85.0,115.33354538265219,115.33601531410102,433.18496820068395,433.1858294330159,144.6711567345941,144.66888308838435,10.20956036581769,10.209761098368539,0.018251109586719116,17.0,11.0
324,85.0,115.33601531410102,115.33740358344623,433.1858294330159,433.18773040231065,144.66888308838435,144.67026063926951,10.209761098368539,10.20992977975887,0.017256372963591265,17.0,11.0
325,85.0,115.33740358344623,115.33614869006617,433.18773040231065,433.1892788702714,144.67026063926951,144.6696728776192,10.20992977975887,10.210068751443874,0.012968637640313618,17.0,11.0
326,85.0,115.33614869006617,115.33459040074668,433.1892788702714,433.18923138375413,144.6696728776192,144.66923468373312,10.210068751443874,10.210185361309287,0.02118172953862868,17.0,11.0
327,85.0,115.33459040074668,115.33402689128259,433.18923138375413,433.18878180239625,144.66923468373312,144.66979941195157,10.210185361309287,10.210263315555855,0.01384817049750206,17.0,11.0
328,85.0,115.33402689128259,115.33444748134328,433.18878180239625,433.188648570777,144.66979941195157,144.67002026517827,10.210263315555855,10.210313004335921,0.01794144810937936,17.0,11.0
329,85.0,115.33444748134328,115.3343963253805,433.188648570777,433.18855702871576,144.67002026517827,144.670007065152,10.210313004335921,10.210329156324025,0.01262587223538738,17.0,11.0
330,85.0,115.54607528630137,115.56213754194368,432.8295264889681,432.8036404149585,144.53871261603314,144.54759355468804,10.219164093085146,10.220296342906142,0.08520498259358851,18.0,11.0
331,85.0,115.56213754194368,115.58760193666294,432.8036404149585,432.75453569259406,144.54759355468804,144.55760111018307,10.220296342906142,10.222321110688508,0.23854318984125852,18.0,11.0
332,85.0,115.58760193666294,115.59969760739975,432.75453569259406,432.7248263747876,144.55760111018307,144.54099719646504,10.222321110688508,10.223676507918647,0.08477171898991193,18.0,11.0
333,85.0,115.59969760739975,115.61144858458238,432.7248263747876,432.70322988662446,144.54099719646504,144.5571910699781,10.223676507918647,10.22480727120888,0.0808757556810007,18.0,11.0
334,85.0,115.61144858458238,115.61469908161416,432.70322988662446,432.7216245106312,144.5571910699781,144.54314097531926,10.22480727120888,10.225732177615464,0.07517522152544626,18.0,11.0
335,85.0,115.61469908161416,115.62485510023612,432.7216245106312,432.73306249337963,144.54314097531926,144.5525826260386,10.225732177615464,10.226470953044391,0.15167754584890078,18.0,11.0
336,85.0,115.62485510023612,115.62974440923264,432.73306249337963,432.73893456051826,144.5525826260386,144.55588577579184,10.226470953044391,10.226863451537032,0.027765397413742766,18.0,11.0
337,85.0,115.62974440923264,115.63285502380779,432.73893456051826,432.7449174819443,144.55588577579184,144.55682936156677,10.226863451537032,10.22719839654735,0.02176868210535806,18.0,11.0
338,85.0,115.63285502380779,115.63401915202766,432.7449174819443,432.75005535850386,144.55682936156677,144.55898518031577,10.22719839654735,10.227489877832888,0.01861795287130778,18.0,11.0
339,85.0,115.63401915202766,115.63498207079495,432.75005535850386,432.7545487483957,144.55898518031577,144.55762740946776,10.227489877832888,10.227745456289584,0.015689841818262464,18.0,11.0
340,85.0,115.63498207079495,115.63588400775139,432.7545487483957,432.7584993639499,144.55762740946776,144.55719491706648,10.227745456289584,10.227971748033164,0.03269965198726502,18.0,11.0
341,85.0,115.63588400775139,115.63451471672992,432.7584993639499,432.7587136278531,144.55719491706648,144.55486146854466,10.227971748033164,10.228139834727678,0.016026327601595097,18.0,11.0
342,85.0,115.63451471672992,115.6326113061132,432.7587136278531,432.7592120163167,144.55486146854466,144.5556241151127,10.228139834727678,10.228280327471408,0.016298714236316767,18.0,11.0
343,85.0,115.6326113061132,115.63127043513467,432.7592120163167,432.75935590971704,144.5556241151127,144.5563584196459,10.228280327471408,10.228392663785836,0.014782279253219736,18.0,11.0
344,85.0,115.63127043513467,115.63220163835146,432.75935590971704,432.7598042720513,144.5563584196459,144.5562148451914,10.228392663785836,10.228478227336023,0.025268502519388215,18.0,11.0
345,85.0,115.63220163835146,115.63240884476984,432.7598042720513,432.75974078054486,144.5562148451914,144.55600379762515,10.228478227336023,10.228512910553048,0.019648200287190047,18.0,11.0
346,85.0,115.63240884476984,115.63241694583276,432.75974078054486,432.7597400163303,144.55600379762515,144.55601263247107,10.228512910553048,10.22851637358805,0.0034544959016279443,18.0,11.0
347,85.0,117.00074469382525,117.03213633530504,427.9447971098687,427.8985073568527,143.0188520741423,143.0113076488693,10.435304125161654,10.437249365677209,0.09687575331198223,19.0,11.0
348,85.0,117.03213633530504,117.10381961233529,427.8985073568527,427.8174425250024,143.0113076488693,142.99481614452083,10.437249365677209,10.441035480308162,0.23344612518048294,19.0,11.0
349,85.0,117.10381961233529,117.11629644212493,427.8174425250024,427.74138529867133,142.99481614452083,143.03600725145708,10.441035480308162,10.44409213509067,0.16157298374321136,19.0,11.0
350,85.0,117.11629644212493,117.07537913533096,427.74138529867133,427.71287400433766,143.03600725145708,143.0886518980494,10.44409213509067,10.446656935593158,0.17845054509758676,19.0,11.0
351,85.0,117.07537913533096,117.06319991726794,427.71287400433766,427.69312891056063,143.0886518980494,143.1402706605606,10.446656935593158,10.448694302041742,0.11630348838959874,19.0,11.0
352,85.0,117.06319991726794,117.03223305951829,427.69312891056063,427.66233807570313,143.1402706605606,143.15648304076464,10.448694302041742,10.450399048733104,0.09589269444456287,19.0,11.0
353,85.0,117.03223305951829,117.00089554536062,427.66233807570313,427.65642978591114,143.15648304076464,143.1347225845587,10.450399048733104,10.45183770377259,0.07443686547285248,19.0,11.0
354,85.0,117.00089554536062,116.9880725102211,427.65642978591114,427.63969363144435,143.1347225845587,143.10980991103722,10.45183770377259,10.453076182124269,0.06726257477998158,19.0,11.0
355,85.0,116.9880725102211,116.96642372687936,427.63969363144435,427.63534380639476,143.10980991103722,143.0934591967182,10.453076182124269,10.454140719528922,0.07562890129342828,19.0,11.0
356,85.0,116.96642372687936,116.97612900081053,427.63534380639476,427.64866814751815,143.0934591967182,143.10777884618284,10.454140719528922,10.455012906039524,0.04373987623364192,19.0,11.0
357,85.0,116.97612900081053,116.98858473758887,427.64866814751815,427.66151254522373,143.10777884618284,143.11323744191392,10.455012906039524,10.455777081604982,0.13229860487879913,19.0,11.0
358,85.0,116.98858473758887,116.9899423661154,427.66151254522373,427.656349067704,143.11323744191392,143.12175665983736,10.455777081604982,10.45623375478465,0.04027739940931201,19.0,11.0
359,85.0,116.9899423661154,116.9873733422983,427.656349067704,427.65277134726193,143.12175665983736,143.12812442659674,10.45623375478465,10.456604324265692,0.03336366408234093,19.0,11.0
360,85.0,116.9873733422983,116.98678741599774,427.65277134726193,427.6506033363764,143.12812442659674,143.13366564504105,10.456604324265692,10.456907071711223,0.019564683916682833,19.0,11.0
361,85.0,116.98678741599774,116.98811076543822,427.6506033363764,427.6525618213285,143.13366564504105,143.13809149184004,10.456907071711223,10.457171734135326,0.019756854115918886,19.0,11.0
362,85.0,116.98811076543822,116.99018896938222,427.6525618213285,427.6548142647551,143.13809149184004,143.1408249090103,10.457171734135326,10.457399321026422,0.0366298307002166,19.0,11.0
363,85.0,116.99018896938222,116.99085057713839,427.6548142647551,427.65697784341467,143.1408249090103,143.1420843108547,10.457399321026422,10.45756183585709,0.017311769944332096,19.0,11.0
364,85.0,116.99085057713839,116.98950902375984,427.65697784341467,427.65674760009733,143.1420843108547,143.14347699227005,10.45756183585709,10.457694586185289,0.016636661933890056,19.0,11.0
365,85.0,116.98950902375984,116.98972628081792,427.65674760009733,427.65793355326406,143.14347699227005,143.14413019083145,10.457694586185289,10.457798343924825,0.011449403443122019,19.0,11.0
366,85.0,116.98972628081792,116.9894225662994,427.65793355326406,427.65888033973914,143.14413019083145,143.14413119188129,10.457798343924825,10.457881020984782,0.016974318220154248,19.0,11.0
367,85.0,116.9894225662994,116.98907998502273,427.65888033973914,427.65879599788684,143.14413119188129,143.14381414640005,10.457881020984782,10.457929292261596,0.025650150227872322,19.0,11.0
368,85.0,116.98907998502273,116.9890876555739,427.65879599788684,427.6588019429335,143.14381414640005,143.14380055558718,10.457929292261596,10.457933648323142,0.00423021278337456,19.0,11.0
369,85.0,117.45215681091554,117.47107678458613,426.4139537821109,426.3953483177743,142.4923544357281,142.4751521398083,10.505660792465203,10.506788689258542,0.062307515038155716,20.0,11.0
370,85.0,117.47107678458613,117.50393569981512,426.3953483177743,426.35810109773485,142.4751521398083,142.44409488066304,10.506788689258542,10.50889197650743,0.13028643588584132,20.0,11.0
371,85.0,117.50393569981512,117.48425039998274,426.35810109773485,426.3178194637834,142.44409488066304,142.45922032555305,10.50889197650743,10.510621195802996,0.1823186053418046,20.0,11.0
372,85.0,117.48425039998274,117.49838189119166,426.3178194637834,426.3216105915664,142.45922032555305,142.4881022466472,10.510621195802996,10.511850913328074,0.08795300880156258,20.0,11.0
373,85.0,117.49838189119166,117.52014855882935,426.3216105915664,426.3147276284943,142.4881022466472,142.4998137277592,10.511850913328074,10.512853713458426,0.0556444617015788,20.0,11.0
374,85.0,117.52014855882935,117.52547571014718,426.3147276284943,426.29402970053195,142.4998137277592,142.49710343734728,10.512853713458426,10.513715877295276,0.06139200114958521,20.0,11.0
375,85.0,117.52547571014718,117.52541334042908,426.29402970053195,426.27754075125785,142.49710343734728,142.50199135101548,10.513715877295276,10.514427551474693,0.042013244124108486,20.0,11.0
376,85.0,117.52541334042908,117.52664029826244,426.27754075125785,426.26380686656773,142.50199135101548,142.50602640071082,10.514427551474693,10.515039615054324,0.03128322844107904,20.0,11.0
377,85.0,117.52664029826244,117.53097808571734,426.26380686656773,426.2531130977005,142.50602640071082,142.50163294692203,10.515039615054324,10.515579616059355,0.04811554676218403,20.0,11.0
378,85.0,117.53097808571734,117.53703617740992,426.2531130977005,426.24765011577483,142.50163294692203,142.49692721177024,10.515579616059355,10.516012829164577,0.03624241689627534,20.0,11.0
379,85.0,117.53703617740992,117.53421715183461,426.24765011577483,426.2409913532304,142.49692721177024,142.49837406664508,10.516012829164577,10.516369411089766,0.022898047531542,20.0,11.0
380,85.0,117.53421715183461,117.52951330549217,426.2409913532304,426.24336668604445,142.49837406664508,142.49516818564211,10.516369411089766,10.51667954557897,0.029674098596355614,20.0,11.0
381,85.0,117.52951330549217,117.5298475398085,426.24336668604445,426.24796595974584,142.49516818564211,142.49615613976647,10.51667954557897,10.516932060978752,0.021194553942391836,20.0,11.0
382,85.0,117.5298475398085,117.52953767372908,426.24796595974584,426.2507286169727,142.49615613976647,142.4986926389421,10.516932060978752,10.517145352401336,0.018924224743926372,20.0,11.0
383,85.0,117.52953767372908,117.5282198592696,426.2507286169727,426.2481211526644,142.4986926389421,142.49812469813455,10.517145352401336,10.51732499739534,0.028468461973906057,20.0,11.0
384,85.0,117.5282198592696,117.52742551498538,426.2481211526644,426.24724283416197,142.49812469813455,142.49961278865962,10.51732499739534,10.517455550817784,0.02558598420006067,20.0,11.0
385,85.0,117.52742551498538,117.52695457092352,426.24724283416197,426.24688103867186,142.49961278865962,142.5004590718791,10.517455550817784,10.517540555417957,0.013491184535765628,20.0,11.0
386,85.0,117.52695457092352,117.52686960725813,426.24688103867186,426.24629443534224,142.5004590718791,142.50031738513323,10.517540555417957,10.517598573765468,0.023218748350884975,20.0,11.0
387,85.0,117.52686960725813,117.52680816713635,426.24629443534224,426.2463527779846,142.50031738513323,142.50029294641405,10.517598573765468,10.517612751236218,0.011366124646896968,20.0,11.0
388,85.0,117.87200786227595,117.87334701365519,425.06189554716804,425.06101374560615,142.08795544181302,142.08834032613672,10.568306348512392,10.568370602382162,0.0032984706043929593,21.0,11.0
389,85.0,117.87334701365519,117.89364549750704,425.06101374560615,425.04807248036514,142.08834032613672,142.0962709257866,10.568370602382162,10.569362779829254,0.11591158316660174,21.0,11.0
390,85.0,117.89364549750704,117.90951133146552,425.04807248036514,425.0498116654753,142.0962709257866,142.10209395318049,10.569362779829254,10.570067171642332,0.0663481123956376,21.0,11.0
391,85.0,117.90951133146552,117.92183730628808,425.0498116654753,425.0477992975577,142.10209395318049,142.10045343141007,10.570067171642332,10.57061609443993,0.032443431329636216,21.0,11.0
392,85.0,117.92183730628808,117.92574780503953,425.0477992975577,425.04041224052526,142.10045343141007,142.10694500340722,10.57061609443993,10.571092147114106,0.031939915207493536,21.0,11.0
393,85.0,117.92574780503953,117.9261230269216,425.04041224052526,425.04365797757794,142.10694500340722,142.11501250074005,10.571092147114106,10.571498850023612,0.07986822030714669,21.0,11.0
394,85.0,117.9261230269216,117.92763876852446,425.04365797757794,425.0439648775923,142.11501250074005,142.11930031382423,10.571498850023612,10.57174495815533,0.018186435270805948,21.0,11.0
395,85.0,117.92763876852446,117.92684944185096,425.0439648775923,425.04068829515836,142.11930031382423,142.12093593879757,10.57174495815533,10.571957535506783,0.02269404571185948,21.0,11.0
396,85.0,117.92684944185096,117.92408066410192,425.04068829515836,425.0410545403858,142.12093593879757,142.12061530184081,10.571957535506783,10.572129932345712,0.01480460427466144,21.0,11.0
397,85.0,117.92408066410192,117.92493059962467,425.0410545403858,425.0407910808896,142.12061530184081,142.11855254346273,10.572129932345712,10.572276796493126,0.016527308039594374,21.0,11.0
398,85.0,117.92493059962467,117.92398903507026,425.0407910808896,425.0414145481219,142.11855254346273,142.11734231750046,10.572276796493126,10.572395212140703,0.012597280280192809,21.0,11.0
399,85.0,117.92398903507026,117.9243631503355,425.0414145481219,425.04245002236775,142.11734231750046,142.11679602118548,10.572395212140703,10.57249127865105,0.011721726728006346,21.0,11.0
400,85.0,117.9243631503355,117.92444427827249,425.04245002236775,425.04326658636467,142.11679602118548,142.1165796756035,10.57249127865105,10.57256508313729,0.017888555127836693,21.0,11.0
401,85.0,117.92444427827249,117.92445141919718,425.04326658636467,425.04338911856587,142.1165796756035,142.11688982391215,10.57256508313729,10.57260234413407,0.013700508665326577,21.0,11.0
402,85.0,117.92445141919718,117.92437484601221,425.04338911856587,425.04337491645975,142.11688982391215,142.1169073719451,10.57260234413407,10.57261554424153,0.010726371868583108,21.0,11.0
403,85.0,117.89859537111109,117.9009028373907,424.9830204248789,424.9809775785543,142.06512386030803,142.05959362778327,10.572031866219213,10.57230633622611,0.006881314026619775,22.0,11.0
404,85.0,117.9009028373907,117.90370316330248,424.9809775785543,424.9736836288709,142.05959362778327,142.04979379510473,10.57230633622611,10.57285298719244,0.03509865758771893,22.0,11.0
405,85.0,117.90370316330248,117.91288422594046,424.9736836288709,424.9765974321729,142.04979379510473,142.0459721583249,10.57285298719244,10.573320984621846,0.03656232926901782,22.0,11.0
406,85.0,117.91288422594046,117.91171984511291,424.9765974321729,424.96959333783855,142.0459721583249,142.04179910761133,10.573320984621846,10.573710150308491,0.03079272713361218,22.0,11.0
407,85.0,117.91171984511291,117.91527278118417,424.96959333783855,424.96595318910886,142.04179910761133,142.03764542527833,10.573710150308491,10.574035770320902,0.014815738983808125,22.0,11.0
408,85.0,117.91527278118417,117.920795025598,424.96595318910886,424.96549840151954,142.03764542527833,142.03939066640555,10.574035770320902,10.574331861411164,0.05381374690455892,22.0,11.0
409,85.0,117.920795025598,117.92359007071813,424.96549840151954,424.96517214867265,142.03939066640555,142.04118655920863,10.574331861411164,10.574527153892626,0.01637174461771978,22.0,11.0
410,85.0,117.92359007071813,117.92610635506269,424.96517214867265,424.9656313993611,142.04118655920863,142.04199219700826,10.574527153892626,10.574693802507664,0.018489235677831117,22.0,11.0
411,85.0,117.92610635506269,117.92788496057786,424.9656313993611,424.96475336477204,142.04199219700826,142.04216456265735,10.574693802507664,10.574828641819725,0.018990373271697895,22.0,11.0
412,85.0,117.92788496057786,117.92871518870584,424.96475336477204,424.96401165055994,142.04216456265735,142.0414311389921,10.574828641819725,10.574930365265761,0.017181172847698215,22.0,11.0
413,85.0,117.92871518870584,117.92802100150065,424.96401165055994,424.96391396108874,142.0414311389921,142.04176148942256,10.574930365265761,10.57499948273423,0.02155723708614801,22.0,11.0
414,85.0,117.92802100150065,117.92788323610702,424.96391396108874,424.96390749543707,142.04176148942256,142.04161132279904,10.57499948273423,10.575025485971748,0.018428814816028847,22.0,11.0
415,85.0,118.27704833397972,118.28253554011022,423.8355847822253,423.8341328907375,141.71803341665958,141.7138949768625,10.626412147007999,10.626706531102872,0.01911877434781338,23.0,11.0
416,85.0,118.28253554011022,118.29664510018742,423.8341328907375,423.8370837314622,141.7138949768625,141.71157933311036,10.626706531102872,10.627326842146964,0.038527528315366696,23.0,11.0
417,85.0,118.29664510018742,118.30651193670117,423.8370837314622,423.83106172904553,141.71157933311036,141.71520272078075,10.627326842146964,10.62785841585485,0.034139499213488626,23.0,11.0
418,85.0,118.30651193670117,118.3109006403354,423.83106172904553,423.82374722200467,141.71520272078075,141.7204655477999,10.62785841585485,10.628313951613427,0.026296858512075846,23.0,11.0
419,85.0,118.3109006403354,118.31811721436839,423.82374722200467,423.82449413379345,141.7204655477999,141.72488344977498,10.628313951613427,10.628712817722853,0.0437583922763634,23.0,11.0
420,85.0,118.31811721436839,118.31545787991669,423.82449413379345,423.8232495737713,141.72488344977498,141.73026996744062,10.628712817722853,10.629021651271067,0.032217056781422816,23.0,11.0
421,85.0,118.31545787991669,118.31357694110454,423.8232495737713,423.82723870358143,141.73026996744062,141.7314585390514,10.629021651271067,10.629268146323037,0.0318673183298835,23.0,11.0
422,85.0,118.31357694110454,118.3142830184992,423.82723870358143,423.8297688308582,141.7314585390514,141.7296653840711,10.629268146323037,10.629456658959253,0.01729825121539006,23.0,11.0
423,85.0,118.3142830184992,118.31568347450033,423.8297688308582,423.8277411457054,141.7296653840711,141.73008041517687,10.629456658959253,10.629615097090454,0.01416604080268942,23.0,11.0
424,85.0,118.31568347450033,118.3151390148688,423.8277411457054,423.82584963118217,141.73008041517687,141.73024689046093,10.629615097090454,10.629749187591468,0.013361294338494293,23.0,11.0
425,85.0,118.3151390148688,118.3140784039654,423.82584963118217,423.8247847545663,141.73024689046093,141.73011818569128,10.629749187591468,10.62986012996057,0.011782913002015205,23.0,11.0
426,85.0,118.3140784039654,118.31490451758982,423.8247847545663,423.8240361000342,141.73011818569128,141.73008649421962,10.62986012996057,10.629949831260793,0.011836250572306061,23.0,11.0
427,85.0,118.31490451758982,118.31546719088347,423.8240361000342,423.82399915897986,141.73008649421962,141.73055961374695,10.629949831260793,10.630016415318694,0.012814228886544458,23.0,11.0
428,85.0,118.31546719088347,118.31534345585187,423.82399915897986,423.82367023495715,141.73055961374695,141.73044293791455,10.630016415318694,10.630056649681482,0.01805699416115503,23.0,11.0
429,85.0,118.31534345585187,118.31536793548212,423.82367023495715,423.8237091494055,141.73044293791455,141.7304330667914,10.630056649681482,10.630065689614696,0.007869647885721465,23.0,11.0
430,85.0,121.04809096219648,121.05585778185112,418.12961046218913,418.1257990062571,140.3159758205229,140.3090586019934,10.923344285900587,10.923785478704628,0.019232759110341727,24.0,11.0
431,85.0,121.05585778185112,121.0708912324427,418.1257990062571,418.11732939062614,140.3090586019934,140.29728135697704,10.923785478704628,10.924625194284499,0.06397482100014082,24.0,11.0
432,85.0,121.0708912324427,121.08631464360084,418.11732939062614,418.1136269357171,140.29728135697704,140.29310081983402,10.924625194284499,10.92530904486165,0.1088400431861444,24.0,11.0
433,85.0,121.08631464360084,121.09207062917412,418.1136269357171,418.1210965771537,140.29310081983402,140.29401065863485,10.92530904486165,10.925744345051719,0.05252293961729035,24.0,11.0
434,85.0,121.09207062917412,121.09367082207902,418.1210965771537,418.12733475741135,140.29401065863485,140.29276409508785,10.925744345051719,10.926069677395454,0.021048244950078197,24.0,11.0
435,85.0,121.09367082207902,121.09243018393985,418.12733475741135,418.1268206820837,140.29276409508785,140.29809028606866,10.926069677395454,10.926353287096655,0.016007172654789913,24.0,11.0
436,85.0,121.09243018393985,121.08963577411366,418.1268206820837,418.12979837181246,140.29809028606866,140.30046814149188,10.926353287096655,10.926606181810651,0.01823255791620557,24.0,11.0
437,85.0,121.08963577411366,121.0874211040398,418.12979837181246,418.1319598222118,140.30046814149188,140.30284284368526,10.926606181810651,10.926825222380959,0.010923872580224063,24.0,11.0
438,85.0,121.0874211040398,121.08455255483992,418.1319598222118,418.13383838459384,140.30284284368526,140.30267394580312,10.926825222380959,10.927024563136483,0.017613927273811586,24.0,11.0
439,85.0,121.08455255483992,121.08272334470726,418.13383838459384,418.1356502224953,140.30267394580312,140.30179098908465,10.927024563136483,10.927192997807792,0.01932299749749204,24.0,11.0
440,85.0,121.08272334470726,121.08207001035255,418.1356502224953,418.1350402139403,140.30179098908465,140.3035780755849,10.927192997807792,10.927328178742494,0.012177428826551423,24.0,11.0
441,85.0,121.08207001035255,121.08341070097136,418.1350402139403,418.1358555283252,140.3035780755849,140.3035091461982,10.927328178742494,10.927442312317735,0.008583621218287766,24.0,11.0
442,85.0,121.08341070097136,121.08453066941634,418.1358555283252,418.13530165237836,140.3035091461982,140.30322767543154,10.927442312317735,10.927541206345362,0.012729929455067094,24.0,11.0
443,85.0,121.08453066941634,121.0849681846287,418.13530165237836,418.1357764175177,140.30322767543154,140.30265026542713,10.927541206345362,10.927616105429582,0.01471990025709235,24.0,11.0
444,85.0,121.0849681846287,121.08521866746453,418.1357764175177,418.13604187860165,140.30265026542713,140.30242770040195,10.927616105429582,10.927660822991637,0.014054787600290405,24.0,11.0
445,85.0,121.08521866746453,121.08511054446242,418.13604187860165,418.1361003077959,140.30242770040195,140.30246270890638,10.927660822991637,10.927679347164515,0.014090988287802505,24.0,11.0
446,85.0,122.17006369982298,122.17689267920382,416.3717619864753,416.3681943505624,140.05261903601703,140.0508628181191,11.029033161038939,11.02936348738556,0.01595102722367132,25.0,11.0
447,85.0,122.17689267920382,122.19003851613215,416.3681943505624,416.36110010172996,140.0508628181191,140.04895198014103,11.02936348738556,11.030000063130185,0.0432944204189616,25.0,11.0
448,85.0,122.19003851613215,122.19233888208191,416.36110010172996,416.37140289859354,140.04895198014103,140.055167390779,11.030000063130185,11.030536547242777,0.05099856055641813,25.0,11.0
449,85.0,122.19233888208191,122.19607839124987,416.37140289859354,416.3631921719849,140.055167390779,140.05674724967076,11.030536547242777,11.030960201184262,0.031038322853500715,25.0,11.0
450,85.0,122.19607839124987,122.1953071666999,416.3631921719849,416.3564406182468,140.05674724967076,140.05971721815982,11.030960201184262,11.031318377908828,0.027601903415498997,25.0,11.0
451,85.0,122.1953071666999,122.1950934330223,416.3564406182468,416.35612530296356,140.05971721815982,140.06567335210823,11.031318377908828,11.031620705807075,0.02896826497769423,25.0,11.0
452,85.0,122.1950934330223,122.1923238084858,416.35612530296356,416.3526479149559,140.06567335210823,140.06671661911486,11.031620705807075,11.031867145917335,0.022046743567326443,25.0,11.0
453,85.0,122.1923238084858,122.19355345395195,416.3526479149559,416.34933033274746,140.06671661911486,140.06731579023537,11.031867145917335,11.032073080327786,0.015860198706505124,25.0,11.0
454,85.0,122.19355345395195,122.19490402552132,416.34933033274746,416.3468546062606,140.06731579023537,140.0664998626658,11.032073080327786,11.03225095648752,0.012760920304499487,25.0,11.0
455,85.0,122.19490402552132,122.19476941306627,416.3468546062606,416.34441896775934,140.0664998626658,140.06658721742636,11.03225095648752,11.032406756825505,0.012590080949839889,25.0,11.0
456,85.0,122.19476941306627,122.19361701254518,416.34441896775934,416.3447817174812,140.06658721742636,140.0650223985957,11.032406756825505,11.032540923550407,0.016667899542995007,25.0,11.0
457,85.0,122.19361701254518,122.19334030935563,416.3447817174812,416.34611623695764,140.0650223985957,140.06471134116074,11.032540923550407,11.03264609590213,0.017216724179581123,25.0,11.0
458,85.0,122.19334030935563,122.19343262704335,416.34611623695764,416.3463525057017,140.06471134116074,140.0639159932696,11.03264609590213,11.032719032856319,0.014374289118034685,25.0,11.0
459,85.0,122.19343262704335,122.19360683287137,416.3463525057017,416.3464595863328,140.0639159932696,140.06427215998022,11.032719032856319,11.032762451318137,0.02686867537930521,25.0,11.0
460,85.0,122.2968684880537,122.3044026033313,416.19662200756375,416.18023184229224,140.04229317503396,140.03974227048755,11.04048958881225,11.041173157736937,0.048341318102899884,26.0,11.0
461,85.0,122.3044026033313,122.31648462923354,416.18023184229224,416.15062243696786,140.03974227048755,140.03512160872657,11.041173157736937,11.042400693919271,0.057291522567952315,26.0,11.0
462,85.0,122.31648462923354,122.30534063701403,416.15062243696786,416.1259239806544,140.03512160872657,140.04186217107278,11.042400693919271,11.043480337440606,0.05237050985751488,26.0,11.0
463,85.0,122.30534063701403,122.30240244594378,416.1259239806544,416.1438933879846,140.04186217107278,140.05745732319386,11.043480337440606,11.044425747146601,0.05325543912095773,26.0,11.0
464,85.0,122.30240244594378,122.30896540797498,416.1438933879846,416.1604359929599,140.05745732319386,140.06678565921737,11.044425747146601,11.045237951705527,0.07040387209710827,26.0,11.0
465,85.0,122.30896540797498,122.30832593522939,416.1604359929599,416.1749417360162,140.06678565921737,140.07134664450024,11.045237951705527,11.045880163833514,0.05261572623231481,26.0,11.0
466,85.0,122.30832593522939,122.30349116852835,416.1749417360162,416.18234649222177,140.07134664450024,140.07918275667464,11.045880163833514,11.046400978287835,0.03684569705839288,26.0,11.0
467,85.0,122.30349116852835,122.29664733104084,416.18234649222177,416.18749251501333,140.07918275667464,140.08348159915073,11.046400978287835,11.046840243573644,0.03327996350698428,26.0,11.0
468,85.0,122.29664733104084,122.29069587983679,416.18749251501333,416.1920107395719,140.08348159915073,140.0852912469247,11.046840243573644,11.047208752748936,0.024584235156521927,26.0,11.0
469,85.0,122.29069587983679,122.2915191684576,416.1920107395719,416.1884577242819,140.0852912469247,140.09052276692384,11.047208752748936,11.047527022868248,0.025117913253943348,26.0,11.0
470,85.0,122.2915191684576,122.29534912527436,416.1884577242819,416.1873349565247,140.09052276692384,140.0937369717508,11.047527022868248,11.04779597161127,0.020650334538200154,26.0,11.0
471,85.0,122.29534912527436,122.29694949577791,416.1873349565247,416.1842973197984,140.0937369717508,140.09609733987733,11.04779597161127,11.048026033669696,0.01732193543459787,26.0,11.0
472,85.0,122.29694949577791,122.30031738435795,416.1842973197984,416.1844028272197,140.09609733987733,140.09666343386442,11.048026033669696,11.048224678885887,0.01202458719428402,26.0,11.0
473,85.0,122.30031738435795,122.30285905843678,416.1844028272197,416.1831049719452,140.09666343386442,140.09601613663628,11.048224678885887,11.048402140428973,0.014595250192683299,26.0,11.0
474,85.0,122.30285905843678,122.30514662705475,416.1831049719452,416.18267128949344,140.09601613663628,140.09641874904025,11.048402140428973,11.048554373663167,0.033862583080152706,26.0,11.0
475,85.0,122.30514662705475,122.30479806084573,416.18267128949344,416.18377251311466,140.09641874904025,140.09663847326905,11.048554373663167,11.048647484429651,0.0119735082691876,26.0,11.0
476,85.0,122.30479806084573,122.3040824666441,416.18377251311466,416.18404279185216,140.09663847326905,140.09683379178958,11.048647484429651,11.048717536866949,0.013166078818079926,26.0,11.0
477,85.0,122.3040824666441,122.30438666790981,416.18404279185216,416.183834863498,140.09683379178958,140.09666611876506,11.048717536866949,11.04876049849392,0.016533772996195014,26.0,11.0
478,85.0,122.30438666790981,122.30441677085828,416.183834863498,416.18389530160846,140.09666611876506,140.09670921958386,11.04876049849392,11.048773730900418,0.010747663302204707,26.0,11.0
479,85.0,122.36211715210092,122.36728795185005,416.099014033117,416.08734744495075,140.03839639343158,140.0449989244763,11.046819273605255,11.047372651291518,0.021482962592791303,27.0,11.0
480,85.0,122.36728795185005,122.38424766754038,416.08734744495075,416.0689935758795,140.0449989244763,140.05569922656443,11.047372651291518,11.048427299842473,0.06797093516522235,27.0,11.0
481,85.0,122.38424766754038,122.39852454039651,416.0689935758795,416.0593179335844,140.05569922656443,140.06954111705653,11.048427299842473,11.049309064409414,0.059361495556537865,27.0,11.0
482,85.0,122.39852454039651,122.40641981987251,416.0593179335844,416.04415092024175,140.06954111705653,140.0643080243297,11.049309064409414,11.050044579006947,0.07826317516144728,27.0,11.0
483,85.0,122.40641981987251,122.40418175586986,416.04415092024175,416.03507139966644,140.0643080243297,140.05577491629703,11.050044579006947,11.050595760652707,0.07074470509517969,27.0,11.0
484,85.0,122.40418175586986,122.40817352268354,416.03507139966644,416.02768607655906,140.05577491629703,140.0555140129615,11.050595760652707,11.050991057927629,0.05265196040726454,27.0,11.0
485,85.0,122.40817352268354,122.41183934088174,416.02768607655906,416.02355188546323,140.0555140129615,140.05644411677852,11.050991057927629,11.051279026847771,0.018128710309843758,27.0,11.0
486,85.0,122.41183934088174,122.40886947067595,416.02355188546323,416.0270598083233,140.05644411677852,140.05532436317012,11.051279026847771,11.05153213529253,0.019147269937039562,27.0,11.0
487,85.0,122.40886947067595,122.40561866829134,416.0270598083233,416.02899447902325,140.05532436317012,140.05452857100312,11.05153213529253,11.051749715159811,0.0188627230081535,27.0,11.0
488,85.0,122.40561866829134,122.4050578775818,416.02899447902325,416.0261947339467,140.05452857100312,140.0556660504686,11.051749715159811,11.051933599725487,0.019497077858828135,27.0,11.0
489,85.0,122.4050578775818,122.40448745725162,416.0261947339467,416.02398182620743,140.0556660504686,140.05604793540672,11.051933599725487,11.052083720943765,0.01984018568312949,27.0,11.0
490,85.0,122.40448745725162,122.4030124964493,416.02398182620743,416.0235822877956,140.05604793540672,140.0565429050228,11.052083720943765,11.05219966565693,0.010567583324208358,27.0,11.0
491,85.0,122.4030124964493,122.40184212196422,416.0235822877956,416.02349328397065,140.0565429050228,140.05611505450315,11.05219966565693,11.052296843573531,0.01641076020557492,27.0,11.0
492,85.0,122.40184212196422,122.4015498080087,416.02349328397065,416.02349953129544,140.05611505450315,140.05677352154422,11.052296843573531,11.052362398275058,0.015758053586300037,27.0,11.0
493,85.0,122.4015498080087,122.40165123041663,416.02349953129544,416.02326313071796,140.05677352154422,140.0569038045813,11.052362398275058,11.05239588503346,0.022479426992585275,27.0,11.0
494,85.0,123.30600957234051,123.3126748484738,414.45255581831077,414.44760761443695,139.84785340955062,139.8467425953367,11.155829116490262,11.156176094622136,0.013353147730081349,28.0,11.0
495,85.0,123.3126748484738,123.32535487392613,414.44760761443695,414.43925810102274,139.8467425953367,139.84121377693015,11.156176094622136,11.15685132349189,0.038461008257092734,28.0,11.0
496,85.0,123.32535487392613,123.33795732379568,414.43925810102274,414.43897412051604,139.84121377693015,139.83609788434723,11.15685132349189,11.157436281217791,0.07192799756617331,28.0,11.0
497,85.0,123.33795732379568,123.34537813469876,414.43897412051604,414.43566292590083,139.83609788434723,139.83184232755667,11.157436281217791,11.15786043369924,0.02548793225443976,28.0,11.0
498,85.0,123.34537813469876,123.3525647749859,414.43566292590083,414.4367790372918,139.83184232755667,139.8344675477287,11.15786043369924,11.158230604070503,0.042840484825281404,28.0,11.0
499,85.0,123.3525647749859,123.35324300849796,414.4367790372918,414.43930740209845,139.8344675477287,139.83930091402996,11.158230604070503,11.158514366170738,0.014137344007861905,28.0,11.0
500,85.0,123.35324300849796,123.35771615001393,414.43930740209845,414.4410927929709,139.83930091402996,139.8393634190205,11.158514366170738,11.158770949768115,0.06106925536647634,28.0,11.0
501,85.0,123.35771615001393,123.35974661588318,414.4410927929709,414.4418652172826,139.8393634190205,139.83995940192818,11.158770949768115,11.158918101144971,0.015121987946501473,28.0,11.0
502,85.0,123.35974661588318,123.359869362469,414.4418652172826,414.4401601211769,139.83995940192818,139.83999430885265,11.158918101144971,11.159039246259507,0.0121471493163898,28.0,11.0
503,85.0,123.359869362469,123.36016192878003,414.4401601211769,414.4405881029422,139.83999430885265,139.83880629548324,11.159039246259507,11.159138978016475,0.017351468765810577,28.0,11.0
504,85.0,123.36016192878003,123.36029339899417,414.4405881029422,414.43986698583484,139.83880629548324,139.83886127017882,11.159138978016475,11.159205495456078,0.01672627451178424,28.0,11.0
505,85.0,123.36029339899417,123.36031733183859,414.43986698583484,414.4396033178894,139.83886127017882,139.83894364722602,11.159205495456078,11.159238035410334,0.021981974086731637,28.0,11.0
506,85.0,124.8212321076351,124.2102826080857,412.6863837029981,412.3627315378159,139.76729906171357,139.88409841550282,816.1101896789929,816.1335808898344,1.4191151950318481,31.0,-11.0
507,85.0,124.2102826080857,123.49921185094786,412.3627315378159,412.0198718489655,139.88409841550282,140.04005003415836,816.1335808898344,816.1604248137475,1.79329621457497,31.0,-11.0
508,85.0,123.49921185094786,122.3517102614014,412.0198718489655,411.3094817315249,140.04005003415836,140.2960530357545,816.1604248137475,816.2062530007531,2.5434969335853266,31.0,-11.0
509,85.0,122.3517102614014,122.31665790586183,411.3094817315249,411.2898030077978,140.2960530357545,140.3037258807782,816.2062530007531,816.2076188599306,0.06666459716700839,31.0,-11.0
510,85.0,122.31665790586183,121.50889228529635,411.2898030077978,410.8543004169807,140.3037258807782,140.56430437578086,816.2076188599306,816.2394586350871,1.6978976960861412,31.0,-11.0
511,85.0,121.50889228529635,120.58372832121226,410.8543004169807,409.9806584788889,140.56430437578086,140.6018767000915,816.2394586350871,816.2819551727367,2.544506008688493,31.0,-11.0
512,85.0,120.58372832121226,120.6785024268346,409.9806584788889,409.7925355756549,140.6018767000915,140.88797103847168,816.2819551727367,816.2938202423353,0.7281343411842397,31.0,-11.0
513,85.0,120.6785024268346,120.78521460051005,409.7925355756549,409.2596500536472,140.88797103847168,141.43849299375188,816.2938202423353,816.3196736748826,1.535284293435704,31.0,-11.0
514,85.0,120.78521460051005,121.01667310550438,409.2596500536472,409.29166344308453,141.43849299375188,141.78442062553506,816.3196736748826,816.3336386564756,0.8768286385919386,31.0,-11.0
515,85.0,121.01667310550438,121.23919832680664,409.29166344308453,409.2651255724053,141.78442062553506,142.09764102096665,816.3336386564756,816.3465653324062,0.9017711593325471,31.0,-11.0
516,85.0,121.23919832680664,121.51540440545789,409.2651255724053,409.1797820472312,142.09764102096665,142.12538155185615,816.3465653324062,816.356346406425,0.5810953209165554,31.0,-11.0
517,85.0,121.51540440545789,121.70794990484471,409.1797820472312,409.26517501495704,142.12538155185615,142.21793630025178,816.356346406425,816.3641258702224,0.48609755345995287,31.0,-11.0
518,85.0,121.70794990484471,121.88678582759515,409.26517501495704,409.27053015161925,142.21793630025178,142.2401855588735,816.3641258702224,816.37025646708,0.3813862695747755,31.0,-11.0
519,85.0,121.88678582759515,121.95805206222477,409.27053015161925,409.39319071576955,142.2401855588735,142.2352092030632,816.37025646708,816.375118291156,0.3701002728392371,31.0,-11.0
520,85.0,121.95805206222477,122.0498836741554,409.39319071576955,409.43316793314494,142.2352092030632,142.26882368421562,816.375118291156,816.3787800198768,0.19457728378366168,31.0,-11.0
521,85.0,122.0498836741554,122.10608977864669,409.43316793314494,409.4824831236736,142.26882368421562,142.31345107888777,816.3787800198768,816.381827988794,0.1661003782419491,31.0,-11.0
522,85.0,122.10608977864669,122.175361506543,409.4824831236736,409.4709181551255,142.31345107888777,142.29947207202102,816.381827988794,816.3843641798288,0.1503865476349233,31.0,-11.0
523,85.0,122.175361506543,122.23320772040206,409.4709181551255,409.4746775953061,142.29947207202102,142.30114907152975,816.3843641798288,816.3864491324507,0.09415191490376207,31.0,-11.0
524,85.0,122.23320772040206,122.26493994286398,409.4746775953061,409.43676972312466,142.30114907152975,142.30632382804558,816.3864491324507,816.3882587140323,0.0821792181059531,31.0,-11.0
525,85.0,122.26493994286398,122.28762176793698,409.43676972312466,409.425912363234,142.30632382804558,142.34078042673713,816.3882587140323,816.3898332453357,0.08501711466842042,31.0,-11.0
526,85.0,122.28762176793698,122.31075414910845,409.425912363234,409.3990529536403,142.34078042673713,142.33769263474647,816.3898332453357,816.3911707652195,0.06680454919948016,31.0,-11.0
527,85.0,122.31075414910845,122.33934677172863,409.3990529536403,409.3912990661931,142.33769263474647,142.33178584735538,816.3911707652195,816.3923271509691,0.07212447003208013,31.0,-11.0
528,85.0,122.33934677172863,122.33933058696391,409.3912990661931,409.36889642793625,142.33178584735538,142.32150242415466,816.3923271509691,816.393294728184,0.05923632994196127,31.0,-11.0
529,85.0,122.33933058696391,122.32528446662022,409.36889642793625,409.35733407013487,142.32150242415466,142.31257586554435,816.393294728184,816.3941115752233,0.043540088073844616,31.0,-11.0
530,85.0,122.32528446662022,122.31415335867837,409.35733407013487,409.36170648179314,142.31257586554435,142.30405112310703,816.3941115752233,816.3947181156168,0.030764653529921936,31.0,-11.0
531,85.0,122.31415335867837,122.30712630290593,409.36170648179314,409.36784166332393,142.30405112310703,142.29324671073533,816.3947181156168,816.3953253046834,0.044164359999462166,31.0,-11.0
532,85.0,122.30712630290593,122.29930836744984,409.36784166332393,409.37459558094497,142.29324671073533,142.29819206426228,816.3953253046834,816.3958313401479,0.045749687106609815,31.0,-11.0
533,85.0,122.29930836744984,122.29519290134397,409.37459558094497,409.38010128961827,142.29819206426228,142.30358795663147,816.3958313401479,816.3962376302294,0.04090966571561447,31.0,-11.0
534,85.0,122.29519290134397,122.29165166293399,409.38010128961827,409.37548114283027,142.30358795663147,142.3065254112911,816.3962376302294,816.3965598116154,0.023367496361326547,31.0,-11.0
535,85.0,122.29165166293399,122.29205212778807,409.37548114283027,409.37051014838596,142.3065254112911,142.3045708436296,816.3965598116154,816.3968364817457,0.020342280130970912,31.0,-11.0
536,85.0,122.29205212778807,122.29101182958493,409.37051014838596,409.3670686375876,142.3045708436296,142.30712722391374,816.3968364817457,816.3970752157812,0.01428604007867935,31.0,-11.0
537,85.0,122.29101182958493,122.29386325772077,409.3670686375876,409.3676492956882,142.30712722391374,142.30955297208786,816.3970752157812,816.3972883000315,0.03241336665533684,31.0,-11.0
538,85.0,122.29386325772077,122.29383507431562,409.3676492956882,409.36598782077306,142.30955297208786,142.31142765801573,816.3972883000315,816.3974462087562,0.01819587372709412,31.0,-11.0
539,85.0,122.29383507431562,122.2937657811239,409.36598782077306,409.36517875048133,142.31142765801573,142.31310218686406,816.3974462087562,816.3975744081736,0.009210855715582231,31.0,-11.0
540,85.0,122.2937657811239,122.29307188459987,409.36517875048133,409.3642857918182,142.31310218686406,142.3141665345552,816.3975744081736,816.3976875169465,0.010699433844904255,31.0,-11.0
541,85.0,122.29307188459987,122.2921272737882,409.3642857918182,409.3650317558596,142.3141665345552,142.31423078511597,816.3976875169465,816.3977824204239,0.010862363105570174,31.0,-11.0
542,85.0,122.2921272737882,122.29195907963044,409.3650317558596,409.3648924306713,142.31423078511597,142.3150642236224,816.3977824204239,816.3978573913435,0.015057124362983799,31.0,-11.0
543,85.0,122.29195907963044,122.29223621625822,409.3648924306713,409.36479706117353,142.3150642236224,142.31536414481144,816.3978573913435,816.3979019493751,0.027207799804160063,31.0,-11.0
544,85.0,122.3517102614014,122.0027400195,411.3094817315249,411.2596307494785,140.2960530357545,140.54727514845516,816.2062530007531,816.2207086735625,0.8189248150082163,34.0,11.0
545,85.0,122.0027400195,121.87906309973982,411.2596307494785,411.2727162261105,140.54727514845516,140.65366285654056,816.2207086735625,816.2261752602536,0.26936380040145663,34.0,11.0
546,85.0,121.87906309973982,121.33156807005525,411.2727162261105,411.34945997358574,140.65366285654056,141.2547786036936,816.2261752602536,816.2534639844285,1.8605386122605305,34.0,11.0
547,85.0,121.33156807005525,121.25998023948094,411.34945997358574,411.3093326305796,141.2547786036936,141.44445915887016,816.2534639844285,816.2603770752484,0.3995621850180342,34.0,11.0
548,85.0,121.25998023948094,121.03966696969299,411.3093326305796,411.06809009232984,141.44445915887016,141.89368678760562,816.2603770752484,816.2789676137608,0.9797819128604672,34.0,11.0
549,85.0,121.03966696969299,121.26497104439196,411.06809009232984,410.9758507972948,141.89368678760562,142.01424365326196,816.2789676137608,816.2880723947521,0.5083816326214481,34.0,11.0
550,85.0,121.26497104439196,121.58068334241504,410.9758507972948,411.0151282264375,142.01424365326196,142.24313626628935,816.2880723947521,816.3012237406953,1.089266099374944,34.0,11.0
551,85.0,121.58068334241504,121.71740852706412,411.0151282264375,411.10691247675186,142.24313626628935,142.4528224766922,816.3012237406953,816.310207695392,0.5125101499235354,34.0,11.0
552,85.0,121.71740852706412,121.71408405058237,411.10691247675186,411.08447968302545,142.4528224766922,142.61537145666776,816.310207695392,816.3158013502921,0.3346943170022718,34.0,11.0
553,85.0,121.71408405058237,121.60266068160738,411.08447968302545,411.09662207454176,142.61537145666776,142.68329442821732,816.3158013502921,816.32030131285,0.26298789966695835,34.0,11.0
554,85.0,121.60266068160738,121.6643201802223,411.09662207454176,411.0667414908433,142.68329442821732,142.60288006919592,816.32030131285,816.3239613294996,0.2117814282366046,34.0,11.0
555,85.0,121.6643201802223,121.69253085932644,411.0667414908433,411.018596471372,142.60288006919592,142.5378472555503,816.3239613294996,816.3269618298187,0.19404069439182264,34.0,11.0
556,85.0,121.69253085932644,121.6592893156713,411.018596471372,411.0589711761255,142.5378472555503,142.49449532541945,816.3269618298187,816.3293748665899,0.13841240808049843,34.0,11.0
557,85.0,121.6592893156713,121.61875572150703,411.0589711761255,411.0725145521651,142.49449532541945,142.45883626359574,816.3293748665899,816.3313812767286,0.11297543425944269,34.0,11.0
558,85.0,121.61875572150703,121.64610524834856,411.0725145521651,411.098745348005,142.45883626359574,142.432830390805,816.3313812767286,816.3330653328117,0.10116820898656918,34.0,11.0
559,85.0,121.64610524834856,121.67239770176722,411.098745348005,411.0989533759151,142.432830390805,142.40598185936864,816.3330653328117,816.334469604492,0.31531789735705823,34.0,11.0
560,85.0,121.67239770176722,121.68480749598154,411.0989533759151,411.1057658726392,142.40598185936864,142.40598669651243,816.334469604492,816.3350742130046,0.05932403889200742,34.0,11.0
561,85.0,121.68480749598154,121.69039612533538,411.1057658726392,411.1145585189155,142.40598669651243,142.40586431126312,816.3350742130046,816.3355442731798,0.029082289372363464,34.0,11.0
562,85.0,121.69039612533538,121.69377795395192,411.1145585189155,411.1206927640407,142.40586431126312,142.4110446424051,816.3355442731798,816.3359512792441,0.027163621495758912,34.0,11.0
563,85.0,121.69377795395192,121.6990656726502,411.1206927640407,411.123754831675,142.4110446424051,142.41486321962745,816.3359512792441,816.3363014215369,0.04613484150370166,34.0,11.0
564,85.0,121.6990656726502,121.70352711541587,411.123754831675,411.12561323198213,142.41486321962745,142.41425326070595,816.3363014215369,816.3365602096852,0.02527605273300932,34.0,11.0
565,85.0,121.70352711541587,121.70382071095909,411.12561323198213,411.12696323046504,142.41425326070595,142.41078859137662,816.3365602096852,816.3367721038048,0.019187564457196684,34.0,11.0
566,85.0,121.70382071095909,121.70372084263177,411.12696323046504,411.1288220485727,142.41078859137662,142.40851949387883,816.3367721038048,816.3369499425019,0.010932536758896534,34.0,11.0
567,85.0,121.70372084263177,121.70330810863643,411.1288220485727,411.1309548888747,142.40851949387883,142.4072632454658,816.3369499425019,816.3371088549826,0.01957348184208073,34.0,11.0
568,85.0,121.70330810863643,121.70342554159154,411.1309548888747,411.1325137757746,142.4072632454658,142.40814168245902,816.3371088549826,816.3372341190792,0.022069726515014272,34.0,11.0
569,85.0,121.70342554159154,121.70254741405192,411.1325137757746,411.1319421810414,142.40814168245902,142.4081095923438,816.3372341190792,816.3373199629933,0.015185938813518129,34.0,11.0
570,85.0,121.70254741405192,121.70228448507233,411.1319421810414,411.1319430719047,142.4081095923438,142.40760104528144,816.3373199629933,816.3373753848786,0.01510888531464532,34.0,11.0
571,85.0,121.70228448507233,121.70242097249472,411.1319430719047,411.13199989779406,142.40760104528144,142.40746639749455,816.3373753848786,816.3374010232494,0.018224676841973618,34.0,11.0
572,85.0,122.31665790586183,122.31424672599181,411.2898030077978,411.28721653867694,140.3037258807782,140.29834182825854,816.2076188599306,816.2078966598377,0.008985201697533725,35.0,11.0
573,85.0,122.31424672599181,122.31042535042025,411.28721653867694,411.28398112374754,140.29834182825854,140.28657002097296,816.2078966598377,816.20845261096,0.021174211424998764,35.0,11.0
574,85.0,122.31042535042025,122.3002236800985,411.28398112374754,411.28216116295727,140.28657002097296,140.2914662617885,816.20845261096,816.2089606048925,0.03233120924618287,35.0,11.0
575,85.0,122.3002236800985,122.29074417035213,411.28216116295727,411.28255120643036,140.2914662617885,140.29214155966537,816.2089606048925,816.209397296193,0.028022792694734948,35.0,11.0
576,85.0,122.29074417035213,122.29160051952393,411.28255120643036,411.2877613249884,140.29214155966537,140.29803500009092,816.209397296193,816.2097742960921,0.023279242435686215,35.0,11.0
577,85.0,122.29160051952393,122.286099222652,411.2877613249884,411.2908696971378,140.29803500009092,140.30013042622608,816.2097742960921,816.2101033911924,0.02051657282797851,35.0,11.0
578,85.0,122.286099222652,122.28952434944082,411.2908696971378,411.29115477160013,140.30013042622608,140.30456563275024,816.2101033911924,816.2103916733906,0.02350909469648171,35.0,11.0
579,85.0,122.28952434944082,122.29174598465583,411.29115477160013,411.29281665716536,140.30456563275024,140.30809458803634,816.2103916733906,816.2106349629549,0.028371385854791136,35.0,11.0
580,85.0,122.29174598465583,122.28934408226198,411.29281665716536,411.29501144639335,140.30809458803634,140.3080794205342,816.2106349629549,816.2108266283755,0.019246980805985515,35.0,11.0
581,85.0,122.28934408226198,122.28847748948826,411.29501144639335,411.29710068211773,140.3080794205342,140.30703144787088,816.2108266283755,816.2109847860868,0.017703107783713656,35.0,11.0
582,85.0,122.28847748948826,122.28768389171391,411.29710068211773,411.2979860837796,140.30703144787088,140.30562242465854,816.2109847860868,816.2111125182375,0.015182834959858098,35.0,11.0
583,85.0,122.28768389171391,122.28824407525823,411.2979860837796,411.2981616836031,140.30562242465854,140.30680713047786,816.2111125182375,816.2112136518293,0.013266930664569179,35.0,11.0
584,85.0,122.28824407525823,122.2888161233197,411.2981616836031,411.2983552683959,140.30680713047786,140.30745911876227,816.2112136518293,816.2112899479188,0.023075653133791844,35.0,11.0
585,85.0,122.2888161233197,122.28880178822169,411.2983552683959,411.2985976184549,140.30745911876227,140.30749482299615,816.2112899479188,816.2113197094095,0.02049605830740173,35.0,11.0
586,85.0,121.01667310550438,121.05826998139096,409.29166344308453,409.2846832846192,141.78442062553506,141.799012268475,816.3336386564756,816.3351945894444,0.09832820488022648,38.0,11.0
587,85.0,121.05826998139096,121.12699311917967,409.2846832846192,409.26569404187046,141.799012268475,141.842983283646,816.3351945894444,816.3381314660356,0.16131482604289107,38.0,11.0
588,85.0,121.12699311917967,121.17252508098758,409.26569404187046,409.2312188694868,141.842983283646,141.88172217378857,816.3381314660356,816.3405802503855,0.1432836293717713,38.0,11.0
589,85.0,121.17252508098758,121.21765095438863,409.2312188694868,409.2048745460835,141.88172217378857,141.86081403679447,816.3405802503855,816.3426072766084,0.1225858358698807,38.0,11.0
590,85.0,121.21765095438863,121.2502809435459,409.2048745460835,409.21622847577976,141.86081403679447,141.8308233366795,816.3426072766084,816.3442843290519,0.09082282528689813,38.0,11.0
591,85.0,121.2502809435459,121.24318193185302,409.21622847577976,409.2523736890379,141.8308233366795,141.8206410966696,816.3442843290519,816.3457099575963,0.07502536344327794,38.0,11.0
592,85.0,121.24318193185302,121.24821280395409,409.2523736890379,409.28237411238786,141.8206410966696,141.83124585910653,816.3457099575963,816.3469342366039,0.12915674536630015,38.0,11.0
593,85.0,121.24821280395409,121.2642037220357,409.28237411238786,409.28821547117656,141.83124585910653,141.84587434745475,816.3469342366039,816.3478273765248,0.06301101751673122,38.0,11.0
594,85.0,121.2642037220357,121.24956005279905,409.28821547117656,409.2816856651665,141.84587434745475,141.85393036871307,816.3478273765248,816.3485650449966,0.042691413881537056,38.0,11.0
595,85.0,121.24956005279905,121.24349975700154,409.2816856651665,409.27485308235805,141.85393036871307,141.8658730737232,816.3485650449966,816.3492007370141,0.027390888717933905,38.0,11.0
596,85.0,121.24349975700154,121.24239495693996,409.27485308235805,409.263083477787,141.8658730737232,141.8718359028741,816.3492007370141,816.3497727037568,0.04244832966181815,38.0,11.0
597,85.0,121.24239495693996,121.24605612849147,409.263083477787,409.2674731550711,141.8718359028741,141.8807464799707,816.3497727037568,816.3502488784329,0.031847138130371246,38.0,11.0
598,85.0,121.24605612849147,121.24280812751415,409.2674731550711,409.26841566582704,141.8807464799707,141.88877576394776,816.3502488784329,816.3506558966627,0.03064066722439579,38.0,11.0
599,85.0,121.24280812751415,121.24355035936703,409.26841566582704,409.2614358612667,141.88877576394776,141.8887075498616,816.3506558966627,816.3509989263041,0.018097817124557523,38.0,11.0
600,85.0,121.24355035936703,121.24741669143376,409.2614358612667,409.2568750321331,141.8887075498616,141.88979078324104,816.3509989263041,816.351305482562,0.027659576516620044,38.0,11.0
601,85.0,121.24741669143376,121.25147295547599,409.2568750321331,409.2560844765012,141.88979078324104,141.8920837959693,816.351305482562,816.3515584055577,0.01657984626304432,38.0,11.0
602,85.0,121.25147295547599,121.25461138504431,409.2560844765012,409.25367442727395,141.8920837959693,141.89171779391415,816.3515584055577,816.3517804923312,0.029078189826291456,38.0,11.0
603,85.0,121.25461138504431,121.25449354871736,409.25367442727395,409.2533929472285,141.89171779391415,141.888968875251,816.3517804923312,816.3519508788123,0.07328658742158785,38.0,11.0
604,85.0,121.25449354871736,121.25449859116847,409.2533929472285,409.25355370118774,141.888968875251,141.88870134763533,816.3519508788123,816.351986369939,0.023520350671284704,38.0,11.0
605,85.0,119.91239071339058,119.90923319197643,415.8841687045774,415.8860098477106,146.77670018477477,146.78120534543868,816.6731062574075,816.6733614149872,0.008601747661484159,42.0,11.0
606,85.0,119.90923319197643,119.90436526726201,415.8860098477106,415.8916126675226,146.78120534543868,146.78989023722616,816.6733614149872,816.673868072907,0.03666606092368871,42.0,11.0
607,85.0,119.90436526726201,119.90548970278473,415.8916126675226,415.9005744863004,146.78989023722616,146.78801966863375,816.673868072907,816.6742941113715,0.03301003651480476,42.0,11.0
608,85.0,119.90548970278473,119.90924694602332,415.9005744863004,415.9040442449291,146.78801966863375,146.78271400075877,816.6742941113715,816.6746505042028,0.030808553889028704,42.0,11.0
609,85.0,119.90924694602332,119.90366243545634,415.9040442449291,415.90337405036445,146.78271400075877,146.7839727407503,816.6746505042028,816.6749448030963,0.01278167283078076,42.0,11.0
610,85.0,119.90366243545634,119.90056857644804,415.90337405036445,415.9068421718587,146.7839727407503,146.78178401506972,816.6749448030963,816.675214258677,0.023457412374515946,42.0,11.0
611,85.0,119.90056857644804,119.89884062687472,415.9068421718587,415.9061400101955,146.78178401506972,146.77818537106174,816.675214258677,816.6754396391965,0.015532435659262043,42.0,11.0
612,85.0,119.89884062687472,119.89958246161909,415.9061400101955,415.90290473532394,146.77818537106174,146.7775198608328,816.6754396391965,816.675636942189,0.03871284050973396,42.0,11.0
613,85.0,119.89958246161909,119.90140795271282,415.90290473532394,415.9027711614006,146.7775198608328,146.7770338527202,816.675636942189,816.6757671086148,0.01318731499022266,42.0,11.0
614,85.0,119.90140795271282,119.90206421320548,415.9027711614006,415.9031711683897,146.7770338527202,146.7782478323056,816.6757671086148,816.6758743257532,0.016937354195659008,42.0,11.0
615,85.0,119.90206421320548,119.90292648981028,415.9031711683897,415.90305102483916,146.7782478323056,146.77837886025733,816.6758743257532,816.6759501093582,0.017555190715497646,42.0,11.0
616,85.0,119.90292648981028,119.90261598344213,415.90305102483916,415.90292181115376,146.77837886025733,146.77823434406167,816.6759501093582,816.6759900048083,0.015419791552495605,42.0,11.0
617,85.0,119.90261598344213,119.90256085139845,415.90292181115376,415.9029197555266,146.77823434406167,146.7781836500622,816.6759900048083,816.6760026174933,0.010337220157720027,42.0,11.0
618,85.0,125.67600239883498,125.67602270736374,424.92194275800904,424.9218758985115,131.55889876745906,131.55888615693684,817.2940076038008,817.2940197397184,0.010018538015707594,45.0,11.0
619,85.0,125.77481154712446,125.77477036139285,425.5326083231809,425.53294262837665,131.24521250940708,131.24506990939068,817.317138839283,817.3171674117823,0.00263185759474339,47.0,11.0
620,85.0,125.77477036139285,125.77519005839493,425.53294262837665,425.53348157050766,131.24506990939068,131.24415108440425,817.3171674117823,817.317258789721,0.00885490618066995,47.0,11.0
621,85.0,125.77519005839493,125.77506467443932,425.53348157050766,425.5327966638726,131.24415108440425,131.2446533141918,817.317258789721,817.3173332129104,0.013455438445903438,47.0,11.0
622,85.0,125.77506467443932,125.77538645258849,425.5327966638726,425.5324828251722,131.2446533141918,131.24472356969676,817.3173332129104,817.3173800247148,0.01952966980969757,47.0,11.0
623,85.0,125.77538645258849,125.77536877142447,425.5324828251722,425.5324247996393,131.24472356969676,131.24475076941883,817.3173800247148,817.3173916011123,0.009641029103008378,47.0,11.0
624,85.0,128.098454218315,128.0984571600004,425.2821770200432,425.2821823178131,129.4746495516252,129.4746489812125,817.4149422469584,817.4149444172328,0.0022506797129002876,50.0,11.0
625,85.0,131.10528264300004,131.1053891608719,423.856554093575,423.856135622864,126.8836812279125,126.88358769323327,817.5556304177011,817.5556762335996,0.01679419060812013,52.0,11.0
626,85.0,131.1053891608719,131.10535923006017,423.856135622864,423.85621831616174,126.88358769323327,126.88362437688254,817.5556762335996,817.5556912235594,0.011889828468962232,52.0,11.0
627,85.0,138.4246294911055,138.424839513702,430.2303176134602,430.2302962642125,126.19406477241314,126.19407169595942,817.8801795755054,817.8802062559665,0.018806096957293725,53.0,11.0
628,85.0,137.0637308544944,137.06368201706718,434.4506639360614,434.45072123951286,127.03537771609106,127.03543602463473,818.0307263305758,818.0307413139607,0.011885628673800944,56.0,11.0
629,85.0,136.25015892117048,136.25017304253396,435.8227047671098,435.82270182591094,125.09712617464879,125.09681495132956,818.1144613410584,818.114496782666,0.011163787954387666,59.0,11.0
630,85.0,136.25017304253396,136.25022493277197,435.82270182591094,435.8227752907275,125.09681495132956,125.09676797891139,818.114496782666,818.1145124668467,0.01233103524130639,59.0,11.0
631,85.0,136.0120401369731,136.01198354046957,435.8431814947817,435.84312216175977,125.93521600542954,125.93527881118817,818.1435217951363,818.1435376811837,0.0124585053614243,60.0,11.0
632,85.0,136.27870286579207,136.2786865442925,437.9302220468106,437.93023854037585,125.42171431359233,125.42173918714195,818.2157595706525,818.2157667534757,0.006497708165517446,63.0,11.0
633,85.0,136.25636511836873,136.2563795336421,437.93423164899076,437.93413753326223,125.41282672913856,125.41237506000519,818.2165702496794,818.2166052311314,0.007681595767877349,64.0,11.0
634,85.0,136.2563795336421,136.2566169776379,437.93413753326223,437.9336164279859,125.41237506000519,125.41142436486696,818.2166052311314,818.2166946201442,0.00988049108138581,64.0,11.0
635,85.0,136.2566169776379,136.25670789116066,437.9336164279859,437.93296553329253,125.41142436486696,125.4109823237986,818.2166946201442,818.2167648371432,0.018164825103582447,64.0,11.0
636,85.0,136.25670789116066,136.25671169201541,437.93296553329253,437.9326914539059,125.4109823237986,125.41090153590699,818.2167648371432,818.2167981036855,0.02236406595415556,64.0,11.0
637,85.0,136.25636513339856,136.25636517688304,437.93423215489594,437.93423361858675,125.41282422700208,125.41281698779123,818.2165710838486,818.2165735609582,0.002546203702394761,65.0,11.0
638,85.0,125.77192790834597,125.77193307688628,425.5341330229201,425.53413452728125,131.24163349801785,131.24162935098732,817.3173009568383,817.3173032965641,0.002414868607903935,68.0,11.0
639,85.0,123.7628580406054,123.76665649557597,405.5085630460997,405.50573741620497,139.61915048489024,139.61635021052655,816.5623779893941,816.562618594991,0.008136399832368324,71.0,11.0
640,85.0,123.76665649557597,123.76545018627746,405.50573741620497,405.49544587608034,139.61635021052655,139.61066758061042,816.562618594991,816.5631394907798,0.03234394634017773,71.0,11.0
641,85.0,123.76545018627746,123.76251101371456,405.49544587608034,405.4915268413467,139.61066758061042,139.60212331225043,816.5631394907798,816.5635886270674,0.04528265334255275,71.0,11.0
642,85.0,123.76251101371456,123.76946958756623,405.4915268413467,405.4921255357045,139.60212331225043,139.60418372060911,816.5635886270674,816.5639416879028,0.018947574443390982,71.0,11.0
643,85.0,123.76946958756623,123.7696215560231,405.4921255357045,405.4980446008436,139.60418372060911,139.60628582837705,816.5639416879028,816.5642562971478,0.025178498212669632,71.0,11.0
644,85.0,123.7696215560231,123.77261392286928,405.4980446008436,405.5020326286407,139.60628582837705,139.60698090249863,816.5642562971478,816.5645216248184,0.01927922442581868,71.0,11.0
645,85.0,123.77261392286928,123.77166449001201,405.5020326286407,405.50520080817085,139.60698090249863,139.60947664720314,816.5645216248184,816.564750732028,0.026901475852760082,71.0,11.0
646,85.0,123.77166449001201,123.77042940975335,405.50520080817085,405.5078690925442,139.60947664720314,139.61008872280766,816.564750732028,816.5649315577309,0.015128009035609213,71.0,11.0
647,85.0,123.77042940975335,123.76809725047406,405.5078690925442,405.508473523939,139.61008872280766,139.61026048638362,816.5649315577309,816.5650861913916,0.012871075088919255,71.0,11.0
648,85.0,123.76809725047406,123.76764184326721,405.508473523939,405.5077513975572,139.61026048638362,139.61200545112433,816.5650861913916,816.5652187122693,0.017770175805544297,71.0,11.0
649,85.0,123.76764184326721,123.76672024120106,405.5077513975572,405.5079702672032,139.61200545112433,139.61293737472812,816.5652187122693,816.5653202019801,0.013665509586549862,71.0,11.0
650,85.0,123.76672024120106,123.76735840450456,405.5079702672032,405.50760733400585,139.61293737472812,139.613426750742,816.5653202019801,816.5653961026976,0.026739568032649957,71.0,11.0
651,85.0,123.76735840450456,123.76749368769754,405.50760733400585,405.50752691582665,139.613426750742,139.6133612086674,816.5653961026976,816.5654189318046,0.016631885187773802,71.0,11.0
652,85.0,98.20220666527885,98.20192387147624,417.758942614278,417.7591043634708,129.4657450189124,129.4660621557536,817.5672541521935,817.5673009423035,0.02215963614078597,76.0,11.0
653,85.0,98.20192387147624,98.20190793285572,417.7591043634708,417.7591144874671,129.4660621557536,129.4660957927827,817.5673009423035,817.5673087953237,0.007000474027589597,76.0,11.0
654,85.0,96.59644580956497,96.59642083735626,419.80850694910794,419.80853760727797,123.40082629366596,123.40082821531277,817.7873961329133,817.7874018998809,0.0010668565983779272,77.0,11.0
655,85.0,96.59642083735626,96.59634779568925,419.80853760727797,419.80861891702637,123.40082821531277,123.40083289636603,817.7874018998809,817.7874184582369,0.012880385613929377,77.0,11.0
656,85.0,100.1597801707641,100.15806719820708,417.521494462365,417.5196468475938,108.03828440298136,108.0366608773066,818.3189422892299,818.31909049704,0.006603979141659078,79.0,11.0
657,85.0,100.15806719820708,100.15225663028724,417.5196468475938,417.5172852567104,108.0366608773066,108.03600146984763,818.31909049704,818.319406024345,0.019524040223524063,79.0,11.0
658,85.0,100.15225663028724,100.14780189362457,417.5172852567104,417.51570741810366,108.03600146984763,108.03846332853807,818.319406024345,818.3196831179216,0.03097558822784032,79.0,11.0
659,85.0,100.14780189362457,100.14697332322997,417.51570741810366,417.5146089659609,108.03846332853807,108.03481763067741,818.3196831179216,818.3199019894911,0.07163738660190228,79.0,11.0
660,85.0,100.14697332322997,100.14684501791369,417.5146089659609,417.51354760293816,108.03481763067741,108.03432300586887,818.3199019894911,818.3199952221951,0.014674933872439124,79.0,11.0
661,85.0,100.14684501791369,100.14671772074848,417.51354760293816,417.5133398818105,108.03432300586887,108.0349870559077,818.3199952221951,818.3200599055776,0.016252873331895207,79.0,11.0
662,85.0,100.14671772074848,100.14649426257097,417.5133398818105,417.51330228757826,108.0349870559077,108.03484392629544,818.3200599055776,818.3200916472816,0.018548863761737186,79.0,11.0
663,85.0,100.14649426257097,100.14649033761955,417.51330228757826,417.51329542727234,108.03484392629544,108.03483841592045,818.3200916472816,818.3200946210286,0.003010712220934561,79.0,11.0
664,85.0,100.1597804167061,100.15978117832864,417.5214970432606,417.52150421498646,108.03828547599103,108.0382876212689,818.3189431791449,818.3189456880102,0.002576364972000128,80.0,11.0
665,85.0,123.76059971012137,123.7605933286017,405.5120342074016,405.51203496988103,139.62104504152325,139.62104895382848,816.5625305452063,816.5625330540013,0.002576298130401039,83.0,11.0
666,85.0,122.29778590304026,122.29779782714108,409.3711024889318,409.37114549596185,142.28363810845443,142.2836061378544,816.3956486276945,816.3956587225541,0.008621079153758605,85.0,11.0
667,85.0,122.29777629840055,122.29777656009438,409.37109135623456,409.371093975777,142.2836519440888,142.2836582104605,816.3956460413191,816.3956483814455,0.002415253730548176,86.0,11.0
668,85.0,123.2149097035629,123.22017479102158,389.8653300060522,389.83940860082714,168.83839601815976,168.86853537427334,817.441955969455,817.4433627596272,0.10851685654739077,89.0,11.0
669,85.0,123.22017479102158,123.25217256066794,389.83940860082714,389.79264264462915,168.86853537427334,168.91440780082854,817.4433627596272,817.4459404399943,0.1448729279908591,89.0,11.0
670,85.0,123.25217256066794,123.28310158110246,389.79264264462915,389.7801299282364,168.91440780082854,168.9641786173932,817.4459404399943,817.448088124272,0.1226338375040991,89.0,11.0
671,85.0,123.28310158110246,123.29483931705411,389.7801299282364,389.79613595847997,168.9641786173932,169.0092653132634,817.448088124272,817.4498820565619,0.17406137129776258,89.0,11.0
672,85.0,123.29483931705411,123.31888169262336,389.79613595847997,389.80302626901016,169.0092653132634,169.0335229060111,817.4498820565619,817.4511945944666,0.0678435336093843,89.0,11.0
673,85.0,123.31888169262336,123.32129575505448,389.80302626901016,389.81562201928995,169.0335229060111,169.06010710559147,817.4511945944666,817.452327915203,0.08305756404562983,89.0,11.0
674,85.0,123.32129575505448,123.32614787379657,389.81562201928995,389.8077709866161,169.06010710559147,169.08148515636603,817.452327915203,817.4532497940226,0.04837894075236393,89.0,11.0
675,85.0,123.32614787379657,123.31509087092847,389.8077709866161,389.8110164142846,169.08148515636603,169.0975590093345,817.4532497940226,817.4540510889141,0.05052730486142083,89.0,11.0
676,85.0,123.31509087092847,123.32190774631071,389.8110164142846,389.79628918057904,169.0975590093345,169.098577144032,817.4540510889141,817.4547299257983,0.03722046000607633,89.0,11.0
677,85.0,123.32190774631071,123.33001416952168,389.79628918057904,389.78516954971786,169.098577144032,169.09779144620376,817.4547299257983,817.4553212582837,0.049083540506314485,89.0,11.0
678,85.0,123.33001416952168,123.33879420484962,389.78516954971786,389.78021124884674,169.09779144620376,169.09423359711886,817.4553212582837,817.455801310592,0.03977712055488631,89.0,11.0
679,85.0,123.33879420484962,123.3346844858274,389.78021124884674,389.7840438619541,169.09423359711886,169.0880413020003,817.455801310592,817.4561952163205,0.03601063915128732,89.0,11.0
680,85.0,123.3346844858274,123.33303394144721,389.7840438619541,389.7861284943657,169.0880413020003,169.08220593678215,817.4561952163205,817.4565148541091,0.02136532288640779,89.0,11.0
681,85.0,123.33303394144721,123.33254731661313,389.7861284943657,389.7823485423484,169.08220593678215,169.07846708921548,817.4565148541091,817.4567923533554,0.023460776518541365,89.0,11.0
682,85.0,123.33254731661313,123.33268613288666,389.7823485423484,389.7831938437504,169.07846708921548,169.07431518814448,817.4567923533554,817.4570254167733,0.02946309445705112,89.0,11.0
683,85.0,123.33268613288666,123.33250955644715,389.7831938437504,389.78132129963944,169.07431518814448,169.07199540273936,817.4570254167733,817.4572055081471,0.013115248674297053,89.0,11.0
684,85.0,123.33250955644715,123.33352664678748,389.78132129963944,389.7790894826816,169.07199540273936,169.07165920882505,817.4572055081471,817.4573628842462,0.015092171122463463,89.0,11.0
685,85.0,123.33352664678748,123.33475226464493,389.7790894826816,389.7776254969718,169.07165920882505,169.07145490711818,817.4573628842462,817.4574943254888,0.012157944654898943,89.0,11.0
686,85.0,123.33475226464493,123.33609151961882,389.7776254969718,389.77698694746886,169.07145490711818,169.07165325944635,817.4574943254888,817.4576046706497,0.01030997545929125,89.0,11.0
687,85.0,123.33609151961882,123.3370643762403,389.77698694746886,389.7764879302477,169.07165325944635,169.0720175141997,817.4576046706497,817.457696472972,0.017564655715360828,89.0,11.0
688,85.0,123.3370643762403,123.33747712366264,389.7764879302477,389.776132613868,169.0720175141997,169.07177444176406,817.457696472972,817.4577535811019,0.020376558840100232,89.0,11.0
689,85.0,123.33747712366264,123.33739598861152,389.776132613868,389.77613656374496,169.07177444176406,169.07168237041685,817.4577535811019,817.4577715778678,0.01376950500655481,89.0,11.0
690,85.0,124.49844373384812,124.49891732913042,394.0861207857826,394.08714668165436,169.62425481711617,169.6250687693963,817.5914288225395,817.5915102494874,0.005186979439777703,90.0,11.0
691,85.0,124.49891732913042,124.50083239433965,394.08714668165436,394.08930170710744,169.6250687693963,169.62629120993122,817.5915102494874,817.5916966427146,0.018385075147454636,90.0,11.0
692,85.0,124.50083239433965,124.50229424225465,394.08930170710744,394.0877072897673,169.62629120993122,169.62522360612212,817.5916966427146,817.5918511358286,0.012299276200931476,90.0,11.0
693,85.0,124.50229424225465,124.50070656069349,394.0877072897673,394.08857290169493,169.62522360612212,169.62446719012144,817.5918511358286,817.591984498388,0.018198300727818764,90.0,11.0
694,85.0,124.50070656069349,124.50055490561434,394.08857290169493,394.08966498446694,169.62446719012144,169.62372179926393,817.591984498388,817.5920860994296,0.015098577306148468,90.0,11.0
695,85.0,124.50055490561434,124.50035069286373,394.08966498446694,394.0891425216222,169.62372179926393,169.62309842558142,817.5920860994296,817.5921592750028,0.01091760155499133,90.0,11.0
696,85.0,124.50035069286373,124.50020415208455,394.0891425216222,394.0887668731647,169.62309842558142,169.62340715058608,817.5921592750028,817.5922100297034,0.021537563655223944,90.0,11.0
697,85.0,124.50020415208455,124.50015940553646,394.0887668731647,394.08880758235347,169.62340715058608,169.6234318738853,817.5922100297034,817.592221465084,0.00954525608994734,90.0,11.0
698,85.0,124.4984453639722,124.49845008291342,394.08612184818116,394.08612484199466,169.6242533272409,169.62424928785984,817.5914296333356,817.5914319966258,0.0024375010161127,91.0,11.0
699,85.0,124.7307222155666,124.73089527578682,393.87968490619403,393.87936799721336,168.89795429062434,168.89760005036206,817.6177799959188,817.6178169074208,0.002731821784495343,95.0,11.0
700,85.0,124.73089527578682,124.73170258627658,393.87936799721336,393.8781770823932,168.89760005036206,168.89782149244212,817.6178169074208,817.6179251121865,0.011158301573112149,95.0,11.0
701,85.0,124.73170258627658,124.73167682258115,393.8781770823932,393.87724171473366,168.89782149244212,168.89837078562715,817.6179251121865,817.6180130814088,0.012978493405081261,95.0,11.0
702,85.0,124.73167682258115,124.73164918336711,393.87724171473366,393.87787777479787,168.89837078562715,168.8985868012743,817.6180130814088,817.618075415635,0.01536913398770533,95.0,11.0
703,85.0,124.73164918336711,124.73154066976103,393.87787777479787,393.87800917291725,168.8985868012743,168.89838720657684,817.618075415635,817.6181066740844,0.02130166885575757,95.0,11.0
704,85.0,124.60836467622168,124.60799090693422,394.2150992665576,394.21643558867845,168.91456337073902,168.9144425659676,817.6297022888722,817.6297836839306,0.0075902230463857495,97.0,11.0
705,85.0,124.60799090693422,124.60639742487858,394.21643558867845,394.21885400647136,168.9144425659676,168.9135137908359,817.6297836839306,817.6299661725977,0.019015293263320486,97.0,11.0
706,85.0,124.60639742487858,124.60457673364294,394.21885400647136,394.2187355410158,168.9135137908359,168.91492267802874,817.6299661725977,817.630115752514,0.041038590415484286,97.0,11.0
707,85.0,124.60457673364294,124.60423603424537,394.2187355410158,394.2180359066432,168.91492267802874,168.91536052028275,817.630115752514,817.6301923068422,0.01429593790483614,97.0,11.0
708,85.0,124.60423603424537,124.60440657961131,394.2180359066432,394.21761773504363,168.91536052028275,168.91526619613208,817.6301923068422,817.6302396032037,0.029406764188495783,97.0,11.0
709,85.0,124.60872418750918,124.60872507144003,394.2152541269312,394.21524698685965,168.91514061876188,168.9151419444956,817.6297263724958,817.629728833465,0.0025308452549381334,100.0,11.0
710,85.0,119.37206128137325,119.37193976313247,408.71444910326807,408.7144330611819,140.7133377295555,140.71332475466596,816.3404532355405,816.340466266729,0.001073673408534067,103.0,11.0
711,85.0,119.37193976313247,119.37155819921793,408.7144330611819,408.71440633181544,140.71332475466596,140.71334452594883,816.340466266729,816.3405075128114,0.011076190522376074,103.0,11.0
712,85.0,119.37155819921793,119.3715581726985,408.71440633181544,408.7142846887513,140.71334452594883,140.71325963932208,816.3405075128114,816.3405281479318,0.015355053208496049,103.0,11.0
713,85.0,124.33904907468654,124.34041798958708,396.1160864729986,396.1151271254553,138.0456907068774,138.04582464925187,816.8010701849753,816.801163517345,0.01970266320442072,105.0,11.0
714,85.0,124.34041798958708,124.34161541785534,396.1151271254553,396.1121650340598,138.04582464925187,138.04599492114198,816.801163517345,816.8013528502421,0.016190218088324382,105.0,11.0
715,85.0,124.34161541785534,124.3418581064416,396.1121650340598,396.1144373449091,138.04599492114198,138.0448432524144,816.8013528502421,816.8015139995579,0.017500334633688865,105.0,11.0
716,85.0,124.3418581064416,124.34131333662569,396.1144373449091,396.1146461206908,138.0448432524144,138.04302199956666,816.8015139995579,816.8016450656181,0.013227861786983177,105.0,11.0
717,85.0,124.34131333662569,124.34220471638605,396.1146461206908,396.1139990202394,138.04302199956666,138.04207418008554,816.8016450656181,816.8017531374853,0.05654433845236624,105.0,11.0
718,85.0,124.34220471638605,124.34221244438515,396.1139990202394,396.1139942753398,138.04207418008554,138.04206048072203,816.8017531374853,816.801757444049,0.004188102760064413,105.0,11.0
719,85.0,124.33905074777829,124.3390571763809,396.1160864922156,396.11608678324706,138.0456929498148,138.04569795443848,816.8010710725151,816.8010737232413,0.002710253238600887,106.0,11.0
720,85.0,121.87906309973982,121.85389807471081,411.2727162261105,411.2771888334113,140.65366285654056,140.66471748463562,816.2261752602536,816.2271773695518,0.053258794885659363,109.0,11.0
721,85.0,121.85389807471081,121.81472074436154,411.2771888334113,411.29001658552977,140.66471748463562,140.69685122309113,816.2271773695518,816.229071206532,0.13674894963056375,109.0,11.0
722,85.0,121.81472074436154,121.77645460908586,411.29001658552977,411.30309043043906,140.69685122309113,140.7015838380916,816.229071206532,816.230580298095,0.0845718168609202,109.0,11.0
723,85.0,121.77645460908586,121.77180702833974,411.30309043043906,411.3223860693799,140.7015838380916,140.72902489011648,816.230580298095,816.231860096077,0.08334663853182954,109.0,11.0
724,85.0,121.77180702833974,121.7709899040942,411.3223860693799,411.34565488720017,140.72902489011648,140.74353660920963,816.231860096077,816.2329232501518,0.05379566330403634,109.0,11.0
725,85.0,121.7709899040942,121.79008514935458,411.34565488720017,411.3326542432272,140.74353660920963,140.74724522869045,816.2329232501518,816.2338489359275,0.0604732072864827,109.0,11.0
726,85.0,121.79008514935458,121.80140895700394,411.3326542432272,411.31986240977557,140.74724522869045,140.73886730692362,816.2338489359275,816.2346242618042,0.0440695525571449,109.0,11.0
727,85.0,121.80140895700394,121.81261133608136,411.31986240977557,411.3194356363889,140.73886730692362,140.7502558180275,816.2346242618042,816.2352932704914,0.03687722970544547,109.0,11.0
728,85.0,121.81261133608136,121.82257452119681,411.3194356363889,411.3275935159194,140.7502558180275,140.74607902267883,816.2352932704914,816.2358758475316,0.03667640591252555,109.0,11.0
729,85.0,121.82257452119681,121.81812194092693,411.3275935159194,411.33698480792447,140.74607902267883,140.74185346487445,816.2358758475316,816.2363750755419,0.03214575746299304,109.0,11.0
730,85.0,121.81812194092693,121.81529297901447,411.33698480792447,411.34571760839515,140.74185346487445,140.74040274926753,816.2363750755419,816.236803699832,0.03344667200889469,109.0,11.0
731,85.0,121.81529297901447,121.82079207785088,411.34571760839515,411.3505302820151,140.74040274926753,140.73917163439737,816.236803699832,816.2371616675582,0.023852824350889403,109.0,11.0
732,85.0,121.82079207785088,121.82590105908483,411.3505302820151,411.3473599627474,140.73917163439737,140.7378620768565,816.2371616675582,816.237471237334,0.02759539712181873,109.0,11.0
733,85.0,121.82590105908483,121.82963807234447,411.3473599627474,411.34488392064185,140.7378620768565,140.73614606727557,816.237471237334,816.237727150224,0.024542415250822035,109.0,11.0
734,85.0,121.82963807234447,121.82945349999122,411.34488392064185,411.341992360478,140.73614606727557,140.73844130053877,816.237727150224,816.2379376332073,0.01600692997984882,109.0,11.0
735,85.0,121.82945349999122,121.82807043352273,411.341992360478,411.3404346957712,140.73844130053877,140.736239599285,816.2379376332073,816.2381196640488,0.013688159262059036,109.0,11.0
736,85.0,121.82807043352273,121.8288781630201,411.3404346957712,411.3385581892229,140.736239599285,140.7348057049336,816.2381196640488,816.2382779636331,0.014472484999725048,109.0,11.0
737,85.0,121.8288781630201,121.82788775695799,411.3385581892229,411.33694779562467,140.7348057049336,140.73428308871698,816.2382779636331,816.2384113899913,0.013098727960902163,109.0,11.0
738,85.0,121.82788775695799,121.82810706665138,411.33694779562467,411.33583815407854,140.73428308871698,140.73527468522684,816.2384113899913,816.2385221136711,0.008856155612101464,109.0,11.0
739,85.0,121.82810706665138,121.82836642605037,411.33583815407854,411.33509627033226,140.73527468522684,140.73435814516765,816.2385221136711,816.2386169809582,0.016097242375697575,109.0,11.0
740,85.0,121.82836642605037,121.8284487689255,411.33509627033226,411.3353123044395,140.73435814516765,140.7350093424174,816.2386169809582,816.2386805750081,0.016710385055942578,109.0,11.0
741,85.0,121.8284487689255,121.82866915747346,411.3353123044395,411.33522426905904,140.7350093424174,140.7349409806254,816.2386805750081,816.2387104767267,0.020571947770663367,109.0,11.0
742,85.0,121.71740852706412,121.7243575121948,411.10691247675186,411.11951158095326,142.4528224766922,142.46277344956906,816.310207695392,816.3108636379676,0.04355480800538238,112.0,11.0
743,85.0,121.7243575121948,121.74588257887945,411.11951158095326,411.1271894704055,142.46277344956906,142.4864689345138,816.3108636379676,816.3121116484558,0.12510552857742036,112.0,11.0
744,85.0,121.74588257887945,121.76823038209582,411.1271894704055,411.12469570213216,142.4864689345138,142.49295315442558,816.3121116484558,816.3130375456244,0.04684326163158023,112.0,11.0
745,85.0,121.76823038209582,121.7837172660001,411.12469570213216,411.1302463982869,142.49295315442558,142.50432725763164,816.3130375456244,816.3138465421265,0.20649091056233268,112.0,11.0
746,85.0,121.7837172660001,121.78244049980852,411.1302463982869,411.1306320691241,142.50432725763164,142.51109472387435,816.3138465421265,816.3141848970373,0.04415211510327759,112.0,11.0
747,85.0,121.78244049980852,121.77949129311317,411.1306320691241,411.1282020726695,142.51109472387435,142.508368556834,816.3141848970373,816.3144365241815,0.021017019842829426,112.0,11.0
748,85.0,121.77949129311317,121.77843404745013,411.1282020726695,411.1291333181898,142.508368556834,142.5048926195272,816.3144365241815,816.314649285289,0.018968108367379985,112.0,11.0
749,85.0,121.77843404745013,121.7779538834626,411.1291333181898,411.1265697431403,142.5048926195272,142.50629821933063,816.314649285289,816.3148283424549,0.01295836745252461,112.0,11.0
750,85.0,121.7779538834626,121.78004649571501,411.1265697431403,411.12572009305734,142.50629821933063,142.50532553712898,816.3148283424549,816.3149849687139,0.013681483219255218,112.0,11.0
751,85.0,121.78004649571501,121.7807939344547,411.12572009305734,411.1248966357046,142.50532553712898,142.5037176354435,816.3149849687139,816.3151180851389,0.015635740265916968,112.0,11.0
752,85.0,121.7807939344547,121.78045386443071,411.1248966357046,411.1255356480745,142.5037176354435,142.50493010654301,816.3151180851389,816.315224004864,0.015607285923719112,112.0,11.0
753,85.0,121.78045386443071,121.78096714638555,411.1255356480745,411.1262100161357,142.50493010654301,142.50462846212517,816.315224004864,816.3153009690607,0.014221239800605218,112.0,11.0
754,85.0,121.78096714638555,121.78050477346508,411.1262100161357,411.1262771965101,142.50462846212517,142.50458665821955,816.3153009690607,816.3153488475641,0.014680356631197709,112.0,11.0
755,85.0,121.78050477346508,121.78041036299896,411.1262771965101,411.12633244257734,142.50458665821955,142.50467811101475,816.3153488475641,816.3153688996357,0.015009323485512595,112.0,11.0
756,85.0,122.72611054666936,122.72611301558752,410.9663741676121,410.9663857738089,144.21188612176792,144.2118974255032,816.3761033418953,816.3761076410135,0.004181760947643058,113.0,11.0
757,85.0,123.37183013641565,123.37153428311755,409.4693969114636,409.46927374017685,144.59693521650576,144.59666130524488,816.4319791351562,816.4320115970316,0.0030258941453065323,114.0,11.0
758,85.0,123.37153428311755,123.37075293219166,409.46927374017685,409.4688127807537,144.59666130524488,144.59588712457213,816.4320115970316,816.4321056465916,0.007483793479521982,114.0,11.0
759,85.0,123.37075293219166,123.3715596718328,409.4688127807537,409.46893201893465,144.59588712457213,144.5954018749125,816.4321056465916,816.4321856142507,0.013649106148979302,114.0,11.0
760,85.0,123.3715596718328,123.37165578638493,409.46893201893465,409.4688517798602,144.5954018749125,144.59591498770706,816.4321856142507,816.4322378538093,0.019026229641305726,114.0,11.0
761,85.0,123.37165578638493,123.37161422927,409.4688517798602,409.4689512009376,144.59591498770706,144.5959191312478,816.4322378538093,816.4322542412267,0.012773505175596386,114.0,11.0
762,85.0,123.3722328045734,123.37223149366586,409.4698254895268,409.4698297732748,144.59641418917886,144.5964083047092,816.4320061178834,816.432008597255,0.0025483547096735483,117.0,11.0
763,85.0,121.11567765998714,121.11562734419155,411.1382059890646,411.13818064702264,141.77416734302946,141.77432155758976,816.2736751607289,816.2736973735208,0.016276897378769063,119.0,11.0
764,85.0,116.73205923028831,116.73185005720575,410.01396244986734,410.01355268782856,144.0254301204238,144.02552772924375,816.4422701719308,816.4423056422567,0.0024968910891014777,120.0,11.0
765,85.0,116.73185005720575,116.73161349929129,410.01355268782856,410.0123735988677,144.02552772924375,144.02602868417515,816.4423056422567,816.4424057283472,0.010245704553924598,120.0,11.0
766,85.0,116.73161349929129,116.73088419089265,410.0123735988677,410.01173879543387,144.02602868417515,144.0260105537041,816.4424057283472,816.4424867827387,0.009580042915388335,120.0,11.0
767,85.0,116.73088419089265,116.73124908836057,410.01173879543387,410.0114702235909,144.0260105537041,144.0255237977453,816.4424867827387,816.4425486212607,0.01996068294266366,120.0,11.0
768,85.0,116.73124908836057,116.73131374776747,410.0114702235909,410.0113209663674,144.0255237977453,144.02556416744596,816.4425486212607,816.4425711686646,0.016469904341999245,120.0,11.0
769,85.0,116.85866778165561,116.8586175222712,412.32103537525956,412.3213023117669,144.33915824636082,144.3392508002931,816.5200926394397,816.5201260081384,0.02157787798216582,121.0,11.0
770,85.0,115.63031240501434,115.63059901100519,412.7913882929471,412.7916484731098,143.44749244261465,143.44629221241163,816.5730882174112,816.5731636763269,0.0038789550729550963,123.0,11.0
771,85.0,115.63059901100519,115.63085942873326,412.7916484731098,412.79177768995334,143.44629221241163,143.4433900111217,816.5731636763269,816.5733407158745,0.01567621840402699,123.0,11.0
772,85.0,115.63085942873326,115.6324796582121,412.79177768995334,412.79333713630103,143.4433900111217,143.44284720047415,816.5733407158745,816.5734906726904,0.011966640589943175,123.0,11.0
773,85.0,115.6324796582121,115.63371107495917,412.79333713630103,412.7926913574259,143.44284720047415,143.44410963227259,816.5734906726904,816.5736200775036,0.01597874931477494,123.0,11.0
774,85.0,115.63371107495917,115.63418303640182,412.7926913574259,412.7915675277885,143.44410963227259,143.4446369351346,816.5736200775036,816.5737215278621,0.014532385948917965,123.0,11.0
775,85.0,115.63418303640182,115.63386980947216,412.7915675277885,412.7922851147873,143.4446369351346,143.4449777928182,816.5737215278621,816.5737956655289,0.012793965746252009,123.0,11.0
776,85.0,115.63386980947216,115.63359298012037,412.7922851147873,412.7919113833535,143.4449777928182,143.44491684805396,816.5737956655289,816.5738435419881,0.02301843855219593,123.0,11.0
777,85.0,115.63359298012037,115.63357083173211,412.7919113833535,412.79193620732366,143.44491684805396,143.4449293876134,816.5738435419881,816.5738509533858,0.006670248717406596,123.0,11.0
778,85.0,115.63031468583081,115.6303205158069,412.79138893098406,412.79139098969443,143.44749327852787,143.4474952359555,816.5730890384579,816.5730913047254,0.0023440105234707946,124.0,11.0
779,85.0,64.15037386355053,64.10189090017744,374.9200769983061,374.887581713437,153.34783087554212,153.3662165931339,818.5368849697328,818.5389883486894,0.13121367689561902,127.0,11.0
780,85.0,64.10189090017744,64.10165196501612,374.887581713437,374.887469172328,153.3662165931339,153.366329092354,818.5389883486894,818.5389982582078,0.0010402812127136712,127.0,11.0
781,85.0,64.10165196501612,64.04360736569485,374.887469172328,374.83202646642025,153.366329092354,153.39207614216716,818.5389982582078,818.541952655026,0.14857233854239632,127.0,11.0
782,85.0,64.04360736569485,64.01039549173005,374.83202646642025,374.7866884538731,153.39207614216716,153.3492183202193,818.541952655026,818.5444566318063,0.15473811631910614,127.0,11.0
783,85.0,64.01039549173005,63.99653005704888,374.7866884538731,374.7354582030479,153.3492183202193,153.36971368154082,818.5444566318063,818.5465039805653,0.20732149312238965,127.0,11.0
784,85.0,63.99653005704888,63.99344550246042,374.7354582030479,374.70346835282743,153.36971368154082,153.3923085978958,818.5465039805653,818.547965359168,0.07683674121628192,127.0,11.0
785,85.0,63.99344550246042,63.99139372119657,374.70346835282743,374.6744548683256,153.3923085978958,153.40811512131245,818.547965359168,818.5492195222597,0.07234776465478367,127.0,11.0
786,85.0,63.99139372119657,63.992048885668964,374.6744548683256,374.6502779072126,153.40811512131245,153.4212855599351,818.5492195222597,818.5502862025195,0.062122010447527826,127.0,11.0
787,85.0,63.992048885668964,63.9716176684459,374.6502779072126,374.6423260624598,153.4212855599351,153.41472845311188,818.5502862025195,818.551194337463,0.05395523399837596,127.0,11.0
788,85.0,63.9716176684459,63.95771572682914,374.6423260624598,374.63083600189066,153.41472845311188,153.42069265136837,818.551194337463,818.551968576429,0.05695654043899097,127.0,11.0
789,85.0,63.95771572682914,63.942792739929665,374.63083600189066,374.6287528908487,153.42069265136837,153.42141750785146,818.551968576429,818.5526060512641,0.04045190279859138,127.0,11.0
790,85.0,63.942792739929665,63.93309461459855,374.6287528908487,374.622215499094,153.42141750785146,153.42569706557535,818.5526060512641,818.5531498639956,0.032811896567852834,127.0,11.0
791,85.0,63.93309461459855,63.93161394690954,374.622215499094,374.61264229007656,153.42569706557535,153.4218434753156,818.5531498639956,818.55362015319,0.0434834364096402,127.0,11.0
792,85.0,63.93161394690954,63.928012522379376,374.61264229007656,374.60941162737294,153.4218434753156,153.4155883220336,818.55362015319,818.5539969695003,0.03316157923837256,127.0,11.0
793,85.0,63.928012522379376,63.93014637440599,374.60941162737294,374.60658120939615,153.4155883220336,153.41057319682395,818.5539969695003,818.5543060588356,0.02072483320840953,127.0,11.0
794,85.0,63.93014637440599,63.931216133618435,374.60658120939615,374.60576872614195,153.41057319682395,153.40563796857364,818.5543060588356,818.5545746196561,0.019223249647403996,127.0,11.0
795,85.0,63.931216133618435,63.929065192571194,374.60576872614195,374.60434128249864,153.40563796857364,153.40229786875904,818.5545746196561,818.5548069451963,0.018068098208154856,127.0,11.0
796,85.0,63.929065192571194,63.927629379693016,374.60434128249864,374.6062667034442,153.40229786875904,153.39983965109028,818.5548069451963,818.5550064442639,0.01405730796777483,127.0,11.0
797,85.0,63.927629379693016,63.92886745671757,374.6062667034442,374.6084561108629,153.39983965109028,153.39846832006967,818.5550064442639,818.555181201142,0.010735105555384533,127.0,11.0
798,85.0,63.92886745671757,63.92811644249785,374.6084561108629,374.61031119386644,153.39846832006967,153.39988113611088,818.555181201142,818.5553374046132,0.023237519069499807,127.0,11.0
799,85.0,63.92811644249785,63.92729614044409,374.61031119386644,374.61125462686925,153.39988113611088,153.40089716303925,818.5553374046132,818.5554535875946,0.013568184801637979,127.0,11.0
800,85.0,63.92729614044409,63.92711139780283,374.61125462686925,374.61141575131734,153.40089716303925,153.39976861368112,818.5554535875946,818.5555455255903,0.012495052506305957,127.0,11.0
801,85.0,63.92711139780283,63.92770426227243,374.61141575131734,374.6115789234485,153.39976861368112,153.39933372628437,818.5555455255903,818.5556132273839,0.015995891892793625,127.0,11.0
802,85.0,63.92770426227243,63.92761612337756,374.6115789234485,374.61153491309784,153.39933372628437,153.39962437162006,818.5556132273839,818.555648278654,0.01631337438938287,127.0,11.0
803,85.0,63.92761612337756,63.92758789420391,374.61153491309784,374.61155151097984,153.39962437162006,153.39960434943677,818.555648278654,818.5556561040069,0.006979900781436,127.0,11.0
804,85.0,64.15037386355053,64.08236772802513,374.9200769983061,374.8856797999549,153.34783087554212,153.3404227591977,818.5368849697328,818.5394964837861,0.12327414056147645,128.0,-11.0
805,85.0,64.08236772802513,63.9657003017427,374.8856797999549,374.7937261284629,153.3404227591977,153.32343360390286,818.5394964837861,818.544608647969,0.3450404558515803,128.0,-11.0
806,85.0,63.9657003017427,63.978137035023586,374.7937261284629,374.716967142646,153.32343360390286,153.40874960639997,818.544608647969,818.5485939400704,0.21310229451039506,128.0,-11.0
807,85.0,63.978137035023586,63.94401062060898,374.716967142646,374.69578447844856,153.40874960639997,153.4947248074521,818.5485939400704,818.5519003031068,0.18814381775554004,128.0,-11.0
808,85.0,63.94401062060898,63.91322088926013,374.69578447844856,374.73530181047425,153.4947248074521,153.55344769633976,818.5519003031068,818.5546211555571,0.1753167218462018,128.0,-11.0
809,85.0,63.91322088926013,63.87585157261161,374.73530181047425,374.77601210314793,153.55344769633976,153.5796676666398,818.5546211555571,818.5568113908851,0.13520638684029557,128.0,-11.0
810,85.0,63.87585157261161,63.896638529216034,374.77601210314793,374.7839164977721,153.5796676666398,153.62357982043014,818.5568113908851,818.5586048669784,0.11309448340409946,128.0,-11.0
811,85.0,63.896638529216034,63.90849569343832,374.7839164977721,374.81417895305185,153.62357982043014,153.64618571646116,818.5586048669784,818.5600768548026,0.07593550757697869,128.0,-11.0
812,85.0,63.90849569343832,63.92867042689195,374.81417895305185,374.82382644151346,153.64618571646116,153.6709340889717,818.5600768548026,818.5613394596897,0.07094306009919296,128.0,-11.0
813,85.0,63.92867042689195,63.947973668951406,374.82382644151346,374.82499596366677,153.6709340889717,153.69085993873915,818.5613394596897,818.562413249718,0.06707366390976466,128.0,-11.0
814,85.0,63.947973668951406,63.96282403014307,374.82499596366677,374.8202080413125,153.69085993873915,153.70729694434945,818.562413249718,818.5633127626676,0.05062355503480314,128.0,-11.0
815,85.0,63.96282403014307,63.96009698783614,374.8202080413125,374.8147484325403,153.70729694434945,153.72527299843847,818.5633127626676,818.5640851994563,0.04921020903654921,128.0,-11.0
816,85.0,63.96009698783614,63.9599302745713,374.8147484325403,374.8131754794566,153.72527299843847,153.74077419157854,818.5640851994563,818.5647386542096,0.03628265874733456,128.0,-11.0
817,85.0,63.9599302745713,63.96716109852938,374.8131754794566,374.8119336586896,153.74077419157854,153.75173468016297,818.5647386542096,818.565307169121,0.033232240895738493,128.0,-11.0
818,85.0,63.96716109852938,63.97665676921599,374.8119336586896,374.8171118290989,153.75173468016297,153.75423920280411,818.565307169121,818.5658004278796,0.030180215796740906,128.0,-11.0
819,85.0,63.97665676921599,63.98103732177892,374.8171118290989,374.82358157384385,153.75423920280411,153.75928968522928,818.5658004278796,818.5662277070758,0.028078178580134377,128.0,-11.0
820,85.0,63.98103732177892,63.98723999662292,374.82358157384385,374.82544555541824,153.75928968522928,153.75508250840952,818.5662277070758,818.566595854019,0.02094752405037289,128.0,-11.0
821,85.0,63.98723999662292,63.99174385050064,374.82544555541824,374.8259095732972,153.75508250840952,153.75026733561108,818.566595854019,818.566921477804,0.019911573816234502,128.0,-11.0
822,85.0,63.99174385050064,63.99653940089902,374.8259095732972,374.82454549938313,153.75026733561108,153.74770077481855,818.566921477804,818.5672080701595,0.018220287087739706,128.0,-11.0
823,85.0,63.99653940089902,63.99644882873978,374.82454549938313,374.81985057015083,153.74770077481855,153.74836882854817,818.5672080701595,818.5674602330124,0.015403466928963704,128.0,-11.0
824,85.0,63.99644882873978,63.99625195590837,374.81985057015083,374.81590841750716,153.74836882854817,153.74929435567202,818.5674602330124,818.5676843276187,0.016981442657106192,128.0,-11.0
825,85.0,63.99625195590837,63.99432684524985,374.81590841750716,374.8134941405106,153.74929435567202,153.74801867355515,818.5676843276187,818.5678785986979,0.01576180340751302,128.0,-11.0
826,85.0,63.99432684524985,63.99268697828559,374.8134941405106,374.8153330324191,153.74801867355515,153.74685801364035,818.5678785986979,818.5680461941919,0.022208733624278647,128.0,-11.0
827,85.0,63.99268697828559,63.99239606773688,374.8153330324191,374.8170558954767,153.74685801364035,153.7460521718754,818.5680461941919,818.5681773997228,0.017329739523279764,128.0,-11.0
828,85.0,63.99239606773688,63.993742342284314,374.8170558954767,374.8171237098287,153.7460521718754,153.74605939896557,818.5681773997228,818.5682799610225,0.015175578572700124,128.0,-11.0
829,85.0,63.993742342284314,63.994471258228955,374.8171237098287,374.81722426315446,153.74605939896557,153.74651434243566,818.5682799610225,818.5683551496646,0.024587097822105997,128.0,-11.0
830,85.0,63.994471258228955,63.99451149938132,374.81722426315446,374.8170961229309,153.74651434243566,153.74666900310345,818.5683551496646,818.568381714626,0.017790487741825338,128.0,-11.0
831,85.0,62.963415971890825,62.96015117523615,374.59829172490595,374.59577830994016,154.46151469062707,154.46621464358878,818.6108641856835,818.6111360453302,0.01669980956588343,132.0,11.0
832,85.0,62.96015117523615,62.9560406344169,374.59577830994016,374.5891929166804,154.46621464358878,154.4749411667578,818.6111360453302,818.6116519475949,0.03881220415539215,132.0,11.0
833,85.0,62.9560406344169,62.95565818474525,374.5891929166804,374.5909394490144,154.4749411667578,154.48410685698985,818.6116519475949,818.6120822360449,0.03260664388318409,132.0,11.0
834,85.0,62.95565818474525,62.94986578443136,374.5909394490144,374.59265348809834,154.48410685698985,154.48854911915097,818.6120822360449,818.612443535371,0.02617797080097496,132.0,11.0
835,85.0,62.94986578443136,62.9438054559212,374.59265348809834,374.5920020129029,154.48854911915097,154.4890673024076,818.612443535371,818.6127516841672,0.01812269475273239,132.0,11.0
836,85.0,62.9438054559212,62.944335710835375,374.5920020129029,374.5882428012011,154.4890673024076,154.4926460589423,818.6127516841672,818.6130243410173,0.01264962204233397,132.0,11.0
837,85.0,62.944335710835375,62.94294769277661,374.5882428012011,374.5838590173034,154.4926460589423,154.49307871477004,818.6130243410173,818.613272904763,0.023523916221897794,132.0,11.0
838,85.0,62.94294769277661,62.943837620646775,374.5838590173034,374.58039843475717,154.49307871477004,154.4930147038843,818.613272904763,818.6134782152592,0.014561227262363387,132.0,11.0
839,85.0,62.943837620646775,62.943532296852105,374.58039843475717,374.5775389090472,154.4930147038843,154.49377178365944,818.6134782152592,818.6136577517065,0.013607140975516848,132.0,11.0
840,85.0,62.943532296852105,62.94232830527265,374.5775389090472,374.575945189753,154.49377178365944,154.4923618101298,818.6136577517065,818.6138137335164,0.015398850619691758,132.0,11.0
841,85.0,62.94232830527265,62.94337738978682,374.575945189753,374.5769154988347,154.4923618101298,154.4911394302853,818.6138137335164,818.6139432562056,0.02750921827987929,132.0,11.0
842,85.0,62.94337738978682,62.944113038939335,374.5769154988347,374.57718407528887,154.4911394302853,154.49168126521604,818.6139432562056,818.6140234260217,0.014874027541900347,132.0,11.0
843,85.0,62.944113038939335,62.94452756546151,374.57718407528887,374.5774548552541,154.49168126521604,154.49171814658638,818.6140234260217,818.6140733457985,0.02285152090138629,132.0,11.0
844,85.0,62.94452756546151,62.94451510479197,374.5774548552541,374.57745069196216,154.49171814658638,154.49176285248146,818.6140733457985,818.614082327477,0.007827584612021769,132.0,11.0
845,85.0,62.96341382405468,62.96340800321967,374.59829283538477,374.59829568679316,154.4615150480375,154.46151640605365,818.6108649943425,818.6108672932475,0.0023755507172313717,133.0,11.0
846,85.0,59.3623236512759,59.36219652864287,375.2988674522308,375.29881860367277,135.2457522410125,135.2447499477645,819.2634098532155,819.2634716835479,0.0029905835442150105,137.0,11.0
847,85.0,59.36219652864287,59.363452039998364,375.29881860367277,375.29843534586615,135.2447499477645,135.24236010202122,819.2634716835479,819.2636403318164,0.011151409053136468,137.0,11.0
848,85.0,59.363452039998364,59.361163669373965,375.29843534586615,375.2983076137669,135.24236010202122,135.24214662815822,819.2636403318164,819.2637897576183,0.012006802543359642,137.0,11.0
849,85.0,59.361163669373965,59.36062254628875,375.2983076137669,375.2966325064567,135.24214662815822,135.24276474384675,819.2637897576183,819.2639185624345,0.018509150271363694,137.0,11.0
850,85.0,59.36062254628875,59.35955598719495,375.2966325064567,375.2966743397457,135.24276474384675,135.24338064382135,819.2639185624345,819.2640148083455,0.01136053567723581,137.0,11.0
851,85.0,59.35955598719495,59.35982512173034,375.2966743397457,375.29592804298363,135.24338064382135,135.24304028939633,819.2640148083455,819.2640895277808,0.03423395290952504,137.0,11.0
852,85.0,59.35982512173034,59.359824045337064,375.29592804298363,375.2958741799035,135.24304028939633,135.24304446123267,819.2640895277808,819.2640995089592,0.008541240958377383,137.0,11.0
853,85.0,65.85492269155138,65.8547739292267,373.7701846231772,373.77037687552144,143.23389294921066,143.23437465684233,819.6117419592583,819.6117950242999,0.00946454210286022,138.0,11.0
854,85.0,65.8547739292267,65.85499239963781,373.77037687552144,373.77055458541514,143.23437465684233,143.23428997298268,819.6117950242999,819.6118289970549,0.02273330002637835,138.0,11.0
855,85.0,65.41594629254685,65.4159435344217,373.51193215790056,373.5119322204631,143.1691024528254,143.1691050497034,819.6288540450487,819.6288556200893,0.0016529886012761079,139.0,11.0
856,85.0,64.86311477345869,64.86310989244309,373.168304292814,373.1682946414052,142.72307817232618,142.72302771115795,819.6551770597404,819.6551867190943,0.008313267091390403,140.0,11.0
857,85.0,64.83402763579845,64.83376807271256,373.1405733983122,373.14063943108556,142.74734706313637,142.7480171564994,819.6567395998347,819.6567882557956,0.005307031533037799,141.0,11.0
858,85.0,64.83376807271256,64.83284388815181,373.14063943108556,373.14013731890395,142.7480171564994,142.7495171181646,819.6567882557956,819.6569154179098,0.01115168269484118,141.0,11.0
859,85.0,64.83284388815181,64.8324125937327,373.14013731890395,373.13954170282807,142.7495171181646,142.7482713799224,819.6569154179098,819.6570231470525,0.015131763205088404,141.0,11.0
860,85.0,64.8324125937327,64.83151576052582,373.13954170282807,373.13930337849,142.7482713799224,142.74807942082393,819.6570231470525,819.6571030334642,0.016250473449880943,141.0,11.0
861,85.0,64.83151576052582,64.83107963912236,373.13930337849,373.1393932580216,142.74807942082393,142.74798808995135,819.6571030334642,819.6571498161364,0.01735883269920166,141.0,11.0
862,85.0,64.83107963912236,64.83110447389994,373.1393932580216,373.1393923339293,142.74798808995135,142.74789741707156,819.6571498161364,819.657164661925,0.011797647093399439,141.0,11.0
863,85.0,64.83402799402276,64.83403027256432,373.14057095858186,373.1405635253251,142.74734766595833,142.74734906920833,819.6567404296875,819.6567430238878,0.0026570629613529686,142.0,11.0
864,85.0,73.52706145018509,73.52776038577908,376.8399580188646,376.8400197263253,147.13787084448808,147.1354261796026,818.9611351177701,818.9612652276658,0.008936991543353926,145.0,11.0
865,85.0,73.52776038577908,73.53155892225502,376.8400197263253,376.8400435756528,147.1354261796026,147.1317626080199,818.9612652276658,818.9615402806069,0.0308280001574629,145.0,11.0
866,85.0,73.53155892225502,73.53540379208599,376.8400435756528,376.83973857658344,147.1317626080199,147.13179363225362,818.9615402806069,818.9617574984744,0.018082391171971107,145.0,11.0
867,85.0,73.53540379208599,73.5382580308396,376.83973857658344,376.8391066093743,147.13179363225362,147.1328163409607,818.9617574984744,818.9619424033468,0.032162805170799225,145.0,11.0
868,85.0,73.5382580308396,73.53898639912362,376.8391066093743,376.83745183164837,147.1328163409607,147.13332171925921,818.9619424033468,818.9620717702666,0.014732143026305829,145.0,11.0
869,85.0,73.53898639912362,73.5389978038076,376.83745183164837,376.8363311453321,147.13332171925921,147.1341080739911,818.9620717702666,818.9621754128902,0.011294062730803524,145.0,11.0
870,85.0,73.5389978038076,73.53832098033529,376.8363311453321,376.83577973653126,147.1341080739911,147.1345901086899,818.9621754128902,818.9622582639247,0.02294862454055528,145.0,11.0
871,85.0,73.53832098033529,73.5385444747047,376.83577973653126,376.83554609371623,147.1345901086899,147.1345897165233,818.9622582639247,818.9622946827615,0.01996937748997263,145.0,11.0
872,85.0,73.5385444747047,73.53853845864123,376.83554609371623,376.8355602587236,147.1345897165233,147.13458888447454,818.9622946827615,818.9622988015697,0.004027540661267131,145.0,11.0
873,85.0,79.82517478089264,79.82535690861847,378.50968896087585,378.5094189683656,149.861748786301,149.8615833197975,819.1967147320797,819.1967545672952,0.015374286355542197,147.0,11.0
874,85.0,79.82535690861847,79.82538829994759,378.5094189683656,378.50940833081324,149.8615833197975,149.86151591286063,819.1967545672952,819.196767203005,0.010352544305124278,147.0,11.0
875,85.0,90.08772216215469,90.0898518884144,388.7065475487025,388.70672755176446,155.31447278362575,155.31566228142475,819.712408651967,819.7125347952826,0.004157855780344528,149.0,11.0
876,85.0,90.0898518884144,90.09475782169199,388.70672755176446,388.70545533309024,155.31566228142475,155.31727165181448,819.7125347952826,819.7128114471911,0.017773968943576447,149.0,11.0
877,85.0,90.09475782169199,90.0941937782083,388.70545533309024,388.7080793466451,155.31727165181448,155.3136874121759,819.7128114471911,819.7130542786941,0.014113356462978064,149.0,11.0
878,85.0,90.0941937782083,90.09599207715378,388.7080793466451,388.71134525243735,155.3136874121759,155.31273920685243,819.7130542786941,819.7132710741164,0.016876777140650716,149.0,11.0
879,85.0,90.09599207715378,90.09884849236782,388.71134525243735,388.71257601665627,155.31273920685243,155.31233391109024,819.7132710741164,819.7134576895321,0.018879798202871275,149.0,11.0
880,85.0,90.09884849236782,90.09845779479554,388.71257601665627,388.71494009402016,155.31233391109024,155.3124371811555,819.7134576895321,819.7136115484981,0.01285219219083628,149.0,11.0
881,85.0,90.09845779479554,90.09718259954688,388.71494009402016,388.71638306747644,155.3124371811555,155.3123603054119,819.7136115484981,819.7137433288301,0.020766030846043823,149.0,11.0
882,85.0,90.09718259954688,90.09698579739683,388.71638306747644,388.7153757238761,155.3123603054119,155.31301041937047,819.7137433288301,819.7138386168102,0.018926780421294403,149.0,11.0
883,85.0,90.09698579739683,90.09714791900782,388.7153757238761,388.7158403398287,155.31301041937047,155.31264596939383,819.7138386168102,819.7138968390323,0.03468319425889893,149.0,11.0
884,85.0,87.01440537832329,87.01422228497007,390.13455948283246,390.1350194314739,153.62371854471678,153.6235773174591,819.8387371919476,819.8387748302997,0.0016831092018544135,151.0,11.0
885,85.0,87.01422228497007,87.01371247224884,390.1350194314739,390.136401971955,153.6235773174591,153.6234249765759,819.8387748302997,819.8388843723196,0.0168985428548052,151.0,11.0
886,85.0,87.01371247224884,87.01351311615238,390.136401971955,390.1355608671587,153.6234249765759,153.6237508585652,819.8388843723196,819.8389628171681,0.014440320026815412,151.0,11.0
887,85.0,87.01351311615238,87.01391793061087,390.1355608671587,390.1353443923089,153.6237508585652,153.6235978557519,819.8389628171681,819.8390118013198,0.030226063841599503,151.0,11.0
888,85.0,88.1472560871945,88.14730611302161,387.1327506745703,387.13269046990524,157.30430514126547,157.3044444766986,820.0016123452516,820.0016341273179,0.016027449137830444,153.0,11.0
889,85.0,87.96964158068901,87.96971251875443,387.1860199207829,387.186246726806,157.41648854077434,157.4172407250247,820.008834154897,820.0088868326933,0.0014584066967855993,155.0,11.0
890,85.0,87.96971251875443,87.97001996336508,387.186246726806,387.1867571668889,157.4172407250247,157.4191872084772,820.0088868326933,820.0090237987882,0.014722610889581985,155.0,11.0
891,85.0,87.97001996336508,87.96968687209385,387.1867571668889,387.1868430832467,157.4191872084772,157.42066691796512,820.0090237987882,820.0091352938092,0.04719449069701777,155.0,11.0
892,85.0,87.96968687209385,87.96961532951916,387.1868430832467,387.18672370932984,157.42066691796512,157.42072403431013,820.0091352938092,820.0091561404631,0.01547988775389815,155.0,11.0
893,85.0,87.96964371653644,87.96965048942324,387.1860208424516,387.18602320381945,157.4164883319276,157.4164878802874,820.0088349375281,820.0088373687412,0.0025024830151376305,156.0,11.0
894,85.0,64.10165196501612,64.0974987002867,374.887469172328,374.8923585114708,153.366329092354,153.3654798238725,818.5389982582078,818.5392720899307,0.018305009958347065,161.0,11.0
895,85.0,64.0974987002867,64.09240618603506,374.8923585114708,374.9026104026027,153.3654798238725,153.35784747476538,818.5392720899307,818.5398625308939,0.04204915252898838,161.0,11.0
896,85.0,64.09240618603506,64.08897209970564,374.9026104026027,374.901270328579,153.35784747476538,153.34737923811213,818.5398625308939,818.5403573570769,0.028108567140765348,161.0,11.0
897,85.0,64.08897209970564,64.08332421889686,374.901270328579,374.8953230708932,153.34737923811213,153.35200030278844,818.5403573570769,818.5407904406796,0.09992057106963143,161.0,11.0
898,85.0,64.08332421889686,64.08486191881745,374.8953230708932,374.8923829233994,153.35200030278844,153.3545834315755,818.5407904406796,818.5410220874724,0.02473181759085788,161.0,11.0
899,85.0,64.08486191881745,64.08543611088162,374.8923829233994,374.8907635274787,153.3545834315755,153.35721938581798,818.5410220874724,818.5412091313855,0.016065117015817757,161.0,11.0
900,85.0,64.08543611088162,64.08711200136814,374.8907635274787,374.8896213269221,153.35721938581798,153.35573346424428,818.5412091313855,818.541368257071,0.01425222326867852,161.0,11.0
901,85.0,64.08711200136814,64.08861768045725,374.8896213269221,374.8885748760793,153.35573346424428,153.35649788410117,818.541368257071,818.5415028846518,0.014149016294292396,161.0,11.0
902,85.0,64.08861768045725,64.08730022541074,374.8885748760793,374.8880166512138,153.35649788410117,153.35607407837787,818.5415028846518,818.5416129912009,0.022311479918876918,161.0,11.0
903,85.0,64.08730022541074,64.0870751948779,374.8880166512138,374.8873621491713,153.35607407837787,153.35575517369787,818.5416129912009,818.5416812716094,0.011349611825761406,161.0,11.0
904,85.0,64.0870751948779,64.08690994586318,374.8873621491713,374.88738901053637,153.35575517369787,153.35535957608812,818.5416812716094,818.5417261488363,0.0282241245648926,161.0,11.0
905,85.0,122.761268807319,122.76122895646901,411.38243490326096,411.3824304932824,140.0168782262366,140.0168804431326,816.1921066900541,816.1921147702994,0.007168884990095096,162.0,11.0
906,85.0,123.2121620559756,123.2121055396985,411.82946055027423,411.8297678463317,140.5622952263309,140.56206282556872,816.2200240286782,816.2200544286792,0.002989434824436911,163.0,11.0
907,85.0,123.2121055396985,123.21193671573027,411.8297678463317,411.83088633412865,140.56206282556872,140.56196149834346,816.2200544286792,816.2201452850826,0.020330050464269736,163.0,11.0
908,85.0,123.21193671573027,123.211656777746,411.83088633412865,411.83105614029273,140.56196149834346,140.5623418042115,816.2201452850826,816.220195597911,0.0175388912035179,163.0,11.0
909,85.0,123.211656777746,123.21168981150088,411.83105614029273,411.83102611382793,140.5623418042115,140.5624489650848,816.220195597911,816.220212880499,0.01333032949452308,163.0,11.0
910,85.0,123.22099817084488,123.22099724910144,411.8220240293184,411.82202827544563,140.56457977801205,140.564573405248,816.2204171590007,816.2204197108548,0.00261708,166.0,11.0
911,85.0,117.87478142456489,117.87477678794653,425.05386492044073,425.0538638359232,142.0917213143633,142.09174805786034,10.568640487845379,10.568646615333895,0.005680276510937958,170.0,11.0
912,85.0,117.87478445467352,117.874782553997,425.05386466066955,425.0538692132935,142.09171293092555,142.09170848746336,10.568639506692394,10.568641809645667,0.00237945638942263,171.0,11.0
913,85.0,113.42166335848246,113.42166566269552,441.88890772001696,441.8834590851925,147.0205012286964,147.01566367643386,9.841264396469635,9.841572826398776,0.013447693403990515,174.0,11.0
914,85.0,113.42166566269552,113.4247084087767,441.8834590851925,441.8725955297065,147.01566367643386,147.00730001658894,9.841572826398776,9.842173421012324,0.06860479210312838,174.0,11.0
915,85.0,113.4247084087767,113.41723396348371,441.8725955297065,441.86639424007456,147.00730001658894,147.00829083594007,9.842173421012324,9.842619370368164,0.039627604777012895,174.0,11.0
916,85.0,113.41723396348371,113.41017414850475,441.86639424007456,441.8688371614154,147.00829083594007,147.0090521737033,9.842619370368164,9.842981087417352,0.02547430185593847,174.0,11.0
917,85.0,113.41017414850475,113.4046407130642,441.8688371614154,441.86777981854993,147.0090521737033,147.01155239082212,9.842981087417352,9.843291038314703,0.014468073691999109,174.0,11.0
918,85.0,113.4046407130642,113.40076924136368,441.86777981854993,441.87130519330884,147.01155239082212,147.01007991139696,9.843291038314703,9.843572520032499,0.019704849760707917,174.0,11.0
919,85.0,113.40076924136368,113.40185665354804,441.87130519330884,441.87537824360805,147.01007991139696,147.01166390497932,9.843572520032499,9.843816399922321,0.012563244324820316,174.0,11.0
920,85.0,113.40185665354804,113.40535757681104,441.87537824360805,441.87652783762223,147.01166390497932,147.01027133935943,9.843816399922321,9.844037042266944,0.022690492863543202,174.0,11.0
921,85.0,113.40535757681104,113.40739436169522,441.87652783762223,441.8751334363607,147.01027133935943,147.00858890689898,9.844037042266944,9.844217165955783,0.010115434851099147,174.0,11.0
922,85.0,113.40739436169522,113.40854855500929,441.8751334363607,441.8774523705788,147.00858890689898,147.0085383948033,9.844217165955783,9.844379743923986,0.024546664867034614,174.0,11.0
923,85.0,113.40854855500929,113.40892001327829,441.8774523705788,441.8789609180334,147.0085383948033,147.00921288866027,9.844379743923986,9.844500083859227,0.019495329129236197,174.0,11.0
924,85.0,113.40892001327829,113.40825771586617,441.8789609180334,441.8784980146681,147.00921288866027,147.0085590741582,9.844500083859227,9.844585412598349,0.047942507799597495,174.0,11.0
925,85.0,115.48037584610339,115.48054511654576,442.1527593801726,442.1529595511703,146.1989804149703,146.1987910501874,9.926409619612864,9.92643627373394,0.001998573154584124,177.0,11.0
926,85.0,115.48054511654576,115.48080734376586,442.1529595511703,442.1537550219309,146.1987910501874,146.1983208104547,9.92643627373394,9.926516938620036,0.016372791013412116,177.0,11.0
927,85.0,115.48080734376586,115.48105273126282,442.1537550219309,442.15365020211874,146.1983208104547,146.19869815449275,9.926516938620036,9.926564295431323,0.020430359048374546,177.0,11.0
928,85.0,115.48105273126282,115.48107274147443,442.15365020211874,442.1536060175516,146.19869815449275,146.19873201537067,9.926564295431323,9.9265749437835,0.009005800502380309,177.0,11.0
929,85.0,115.48037741591448,115.480382601848,442.1527610282789,442.1527660079968,146.19898130509918,146.19898406767658,9.926410428548662,9.926412977928365,0.00261474,178.0,11.0
930,85.0,110.72709799176725,110.72717517152394,445.42409400430836,445.4243941484885,149.64888446807942,149.6508921812148,10.021662549299688,10.021771454692223,0.010054275940594035,182.0,11.0
931,85.0,110.72717517152394,110.72575716520141,445.4243941484885,445.42518760865715,149.6508921812148,149.65480028666698,10.021771454692223,10.022004234056595,0.025696368254223265,182.0,11.0
932,85.0,110.72575716520141,110.7240076689939,445.42518760865715,445.4260139522068,149.65480028666698,149.65726339228408,10.022004234056595,10.02219065837471,0.019811106338509733,182.0,11.0
933,85.0,110.7240076689939,110.72277459264076,445.4260139522068,445.4246533382385,149.65726339228408,149.65578200528276,10.02219065837471,10.02234272747822,0.011722383589764152,182.0,11.0
934,85.0,110.72277459264076,110.72227739040174,445.4246533382385,445.4233883075215,149.65578200528276,149.65441121891087,10.02234272747822,10.022474662139071,0.01508077787277137,182.0,11.0
935,85.0,110.72227739040174,110.72108770689135,445.4233883075215,445.42298075127775,149.65441121891087,149.65377879196308,10.022474662139071,10.022580345284876,0.020401202774059126,182.0,11.0
936,85.0,110.72108770689135,110.72130147813645,445.42298075127775,445.42268834668056,149.65377879196308,149.65312933424,10.022580345284876,10.02264742515195,0.02518726576318316,182.0,11.0
937,85.0,110.72130147813645,110.7213049199585,445.42268834668056,445.4227637349694,149.65312933424,149.65303195187946,10.02264742515195,10.022665466209904,0.013796595669477368,182.0,11.0
938,85.0,110.72709780060775,110.72709733623387,445.4240962040628,445.42410215951196,149.64888552891608,149.64888919619358,10.021663359765846,10.021665749702073,0.0024630377014773653,183.0,11.0
