,event,xi,xf,yi,yf,zi,zf,ti,tf,E,ParticleID,PDG
0,8.0,115.0,115.00695580529514,475.0,474.0246478485316,150.0,150.00803364626478,0.0,0.05751521402037119,3.6084393357690874,1.0,321.0
1,8.0,115.00695580529514,115.01256991150088,474.0246478485316,473.71295954375574,150.00803364626478,150.01370952160028,0.05751521402037119,0.07616638831262192,1.3194451938821627,1.0,321.0
2,8.0,115.01256991150088,115.0177568871765,473.71295954375574,473.49515763095695,150.01370952160028,150.01601853108426,0.07616638831262192,0.08927864852262347,0.8139860781728772,1.0,321.0
3,8.0,115.0177568871765,115.02796781217683,473.49515763095695,472.2585190259665,150.01601853108426,150.0421968157276,0.08927864852262347,0.16404816457832425,6.175706800150869,1.0,321.0
4,8.0,115.02796781217683,115.03473685883512,472.2585190259665,471.1529500412166,150.0421968157276,150.07626866940575,0.16404816457832425,0.23258774395376974,5.4740190212970825,1.0,321.0
5,8.0,115.03473685883512,115.02381781052841,471.1529500412166,470.15883272739427,150.07626866940575,150.12093077029334,0.23258774395376974,0.2957380302080057,5.062488715314232,1.0,321.0
6,8.0,115.02381781052841,115.02302335404154,470.15883272739427,469.90015719487957,150.12093077029334,150.13389753913094,0.2957380302080057,0.31256748137010965,1.3782492100908235,1.0,321.0
7,8.0,115.02302335404154,115.02772085861109,469.90015719487957,469.02951607205415,150.13389753913094,150.1568881215967,0.31256748137010965,0.3695448841196562,4.794618566939437,1.0,321.0
8,8.0,115.02772085861109,115.05966051370008,469.02951607205415,468.2473379665107,150.1568881215967,150.13910694760628,0.3695448841196562,0.42205031447628827,4.431078773972059,1.0,321.0
9,8.0,115.05966051370008,115.08551930536615,468.2473379665107,467.5431618362839,150.13910694760628,150.1072092874926,0.42205031447628827,0.47052393517249247,4.417386321008161,1.0,321.0
10,8.0,115.08551930536615,115.10185175298571,467.5431618362839,466.91299073671905,150.1072092874926,150.06932013595943,0.47052393517249247,0.5150818360994425,3.764640477612177,1.0,321.0
11,8.0,115.10185175298571,115.11744166779889,466.91299073671905,466.343087086763,150.06932013595943,150.0308917905853,0.5150818360994425,0.556384399972954,3.9369693488575246,1.0,321.0
12,8.0,115.11744166779889,115.13989237980215,466.343087086763,465.83302001435595,150.0308917905853,150.0028838393503,0.556384399972954,0.5943613576373357,3.4626622943626484,1.0,321.0
13,8.0,115.13989237980215,115.14354486813076,465.83302001435595,465.37285240623606,150.0028838393503,149.9785223853182,0.5943613576373357,0.629477992071742,3.312597252305199,1.0,321.0
14,8.0,115.14354486813076,115.14044876664677,465.37285240623606,464.9585303248065,149.9785223853182,149.9642248449166,0.629477992071742,0.6619146520330312,3.1365372466987997,1.0,321.0
15,8.0,115.14044876664677,115.13770290850934,464.9585303248065,464.58584556865316,149.9642248449166,149.96083647552518,0.6619146520330312,0.6918675500257614,2.8749636672057934,1.0,321.0
16,8.0,115.13770290850934,115.14004297258282,464.58584556865316,464.24992262511967,149.96083647552518,149.96837579326427,0.6918675500257614,0.7195922697441892,2.922086702117656,1.0,321.0
17,8.0,115.14004297258282,115.12678018390791,464.24992262511967,463.9500244969692,149.96837579326427,149.9797409525837,0.7195922697441892,0.7451017811625229,2.639155410012882,1.0,321.0
18,8.0,115.12678018390791,115.10193858545786,463.9500244969692,463.68147178397066,149.9797409525837,149.98436809605795,0.7451017811625229,0.7686553928407309,2.2918667393791763,1.0,321.0
19,8.0,115.10193858545786,115.07529339381752,463.68147178397066,463.438679623942,149.98436809605795,149.9803298349023,0.7686553928407309,0.7905466536730057,2.230111279484447,1.0,321.0
20,8.0,115.07529339381752,115.05451103869287,463.438679623942,463.21912813057304,149.9803298349023,149.97552961385537,0.7905466536730057,0.8108541489054915,2.2014166153466865,1.0,321.0
21,8.0,115.05451103869287,115.03362222627736,463.21912813057304,463.0220149463685,149.97552961385537,149.97194548889803,0.8108541489054915,0.8296324615319983,2.0019736261962846,1.0,321.0
22,8.0,115.03362222627736,115.01343673218805,463.0220149463685,462.8443019309481,149.97194548889803,149.96997542438612,0.8296324615319983,0.847050993388585,1.8252985047042924,1.0,321.0
23,8.0,115.01343673218805,114.99163321211613,462.8443019309481,462.6837966838193,149.96997542438612,149.97029839138656,0.847050993388585,0.8632565041699533,2.027046999342009,1.0,321.0
24,8.0,114.99163321211613,114.97201184413868,462.6837966838193,462.5410230659294,149.97029839138656,149.96923852344852,0.8632565041699533,0.8781461780334517,1.748342136012178,1.0,321.0
25,8.0,114.97201184413868,114.95032780516809,462.5410230659294,462.4134084161634,149.96923852344852,149.97026167218038,0.8781461780334517,0.8919286150967891,1.519060512415846,1.0,321.0
26,8.0,114.95032780516809,114.93230882391231,462.4134084161634,462.2974683505078,149.97026167218038,149.9725705223981,0.8919286150967891,0.9047709890386904,1.5282497359879144,1.0,321.0
27,8.0,114.93230882391231,114.91895734063039,462.2974683505078,462.19261724011193,149.9725705223981,149.9744311482111,0.9047709890386904,0.9166892305877266,1.372998991377288,1.0,321.0
28,8.0,114.91895734063039,114.91023964608198,462.19261724011193,462.0972747409088,149.9744311482111,149.97501437310322,0.9166892305877266,0.9277964333411468,1.4396786167394682,1.0,321.0
29,8.0,114.91023964608198,114.9028642714197,462.0972747409088,462.0118082539906,149.97501437310322,149.97437135671228,0.9277964333411468,0.9380736801240067,1.2225620486497961,1.0,321.0
30,8.0,114.9028642714197,114.89392686542365,462.0118082539906,461.93458545620854,149.97437135671228,149.97358726791077,0.9380736801240067,0.9476635822742029,1.4401220465893216,1.0,321.0
31,8.0,114.89392686542365,114.88653451854994,461.93458545620854,461.86622009334985,149.97358726791077,149.97301685431438,0.9476635822742029,0.9564668043395855,1.0770477378219196,1.0,321.0
32,8.0,114.88653451854994,114.87974704042787,461.86622009334985,461.804206521123,149.97301685431438,149.97088968874021,0.9564668043395855,0.9647000344422523,1.1272183607033495,1.0,321.0
33,8.0,114.87974704042787,114.87310395352908,461.804206521123,461.7485305560952,149.97088968874021,149.96845031037853,0.9647000344422523,0.972355290349805,1.0032832256384308,1.0,321.0
34,8.0,114.87310395352908,114.86774607164514,461.7485305560952,461.6980910403364,149.96845031037853,149.96528531914998,0.972355290349805,0.9795133356631539,0.9809302282842877,1.0,321.0
35,8.0,114.86774607164514,114.8655282789268,461.6980910403364,461.6523225548425,149.96528531914998,149.9623637746384,0.9795133356631539,0.9862018916290686,1.099235075806981,1.0,321.0
36,8.0,114.8655282789268,114.86368867556448,461.6523225548425,461.61164756003654,149.9623637746384,149.960902192314,0.9862018916290686,0.9923849213634192,0.9561337576840692,1.0,321.0
37,8.0,114.86368867556448,114.86257779775273,461.61164756003654,461.5751521132546,149.960902192314,149.9599782523957,0.9923849213634192,0.9981469570520779,0.8918785948663674,1.0,321.0
38,8.0,114.86257779775273,114.86272047884987,461.5751521132546,461.54235142825837,149.9599782523957,149.95870918046856,0.9981469570520779,1.0035332988551944,0.8309055925526374,1.0,321.0
39,8.0,114.86272047884987,114.86203028827865,461.54235142825837,461.51284559216793,149.95870918046856,149.9566105386705,1.0035332988551944,1.0085859743482812,0.7830314226597354,1.0,321.0
40,8.0,114.86203028827865,114.86099712497136,461.51284559216793,461.48618293843674,149.9566105386705,149.9550972175358,1.0085859743482812,1.013340327970756,0.8113973252700586,1.0,321.0
41,8.0,114.86099712497136,114.86015471162224,461.48618293843674,461.4622524270926,149.9550972175358,149.95457969306636,1.013340327970756,1.017804081585811,0.8208916656855573,1.0,321.0
42,8.0,114.86015471162224,114.85934627200353,461.4622524270926,461.44092256959914,149.95457969306636,149.95434082632286,1.017804081585811,1.021995581230359,0.7683595386291114,1.0,321.0
43,8.0,114.85934627200353,114.85888203586528,461.44092256959914,461.42183554683527,149.95434082632286,149.954420780131,1.021995581230359,1.0259549855720764,0.7647291840469901,1.0,321.0
44,8.0,114.85888203586528,114.85867417954361,461.42183554683527,461.40481494672605,149.954420780131,149.95405538702727,1.0259549855720764,1.029708959773118,0.6370146328752315,1.0,321.0
45,8.0,114.85867417954361,114.85942546658673,461.40481494672605,461.3894091140845,149.95405538702727,149.9534604434124,1.029708959773118,1.0333147262914721,0.6514348565419442,1.0,321.0
46,8.0,114.85942546658673,114.86007050541691,461.3894091140845,461.3754978792114,149.9534604434124,149.95331460153224,1.0333147262914721,1.0367941692319647,0.7877814122292308,1.0,321.0
47,8.0,114.86007050541691,114.8599251952053,461.3754978792114,461.3632580819832,149.95331460153224,149.95326348264143,1.0367941692319647,1.040160467735768,0.7968024594148577,1.0,321.0
48,8.0,114.8599251952053,114.86032786071567,461.3632580819832,461.3526401900432,149.95326348264143,149.95349996055734,1.040160467735768,1.0434595790955465,0.7834713899465761,1.0,321.0
49,8.0,114.86032786071567,114.86138137933328,461.3526401900432,461.34376645150013,149.95349996055734,149.95386078270067,1.0434595790955465,1.0467104898327664,0.8799211528479575,1.0,321.0
50,8.0,114.86138137933328,114.86178784405335,461.34376645150013,461.33795476361956,149.95386078270067,149.9535770096196,1.0467104898327664,1.0494923548413768,1.1251450607817925,1.0,321.0
51,8.0,114.86178784405335,114.86181264429328,461.33795476361956,461.3378022711454,149.9535770096196,149.95357431950816,1.0494923548413768,1.0497673988432428,0.043429668715088174,1.0,321.0
52,8.0,114.86181264429328,114.86187378353338,461.3378022711454,461.33781156203423,149.95357431950816,149.95358566466854,1.0497673988432428,1.049956113839988,0.04327600841093111,1.0,321.0
53,8.0,115.00695580529514,115.00452585053024,474.0246478485316,474.0167130569024,150.00803364626478,150.00779876519852,0.05751521402037119,0.05785984091296832,0.00941329712938309,2.0,11.0
54,8.0,115.00452585053024,114.9999449591473,474.0167130569024,474.00116955447595,150.00779876519852,150.00825475912865,0.05785984091296832,0.05853694339449841,0.035449614200407036,2.0,11.0
55,8.0,114.9999449591473,114.99342742746644,474.00116955447595,473.9922464950663,150.00825475912865,149.999902735543,0.05853694339449841,0.05913069374234968,0.04776509672270822,2.0,11.0
56,8.0,114.99342742746644,114.9856119943386,473.9922464950663,473.9896947954796,149.999902735543,149.99284360901117,0.05913069374234968,0.05961598160876412,0.0356271882544697,2.0,11.0
57,8.0,114.9856119943386,114.97807894709395,473.9896947954796,473.9928236154772,149.99284360901117,149.98972846850873,0.05961598160876412,0.06002371265387264,0.025470486601790486,2.0,11.0
58,8.0,114.97807894709395,114.97212305019904,473.9928236154772,473.9959813386802,149.98972846850873,149.98688848116342,0.06002371265387264,0.06037803789348669,0.03509159502948802,2.0,11.0
59,8.0,114.97212305019904,114.96730931065656,473.9959813386802,473.9968297355037,149.98688848116342,149.98436335904165,0.06037803789348669,0.06066199457780517,0.02841121787827416,2.0,11.0
60,8.0,114.96730931065656,114.96599130287632,473.9968297355037,474.00039029905946,149.98436335904165,149.98264739072388,0.06066199457780517,0.060892054379921096,0.01780160968587918,2.0,11.0
61,8.0,114.96599130287632,114.96607401439842,474.00039029905946,474.0027208036466,149.98264739072388,149.9801777132863,0.060892054379921096,0.06108984299532384,0.018004393381247787,2.0,11.0
62,8.0,114.96607401439842,114.96456400820512,474.0027208036466,474.00384485145526,149.9801777132863,149.97828018398607,0.06108984299532384,0.06125609641246192,0.03351385241673377,2.0,11.0
63,8.0,114.96456400820512,114.96405950004923,474.00384485145526,474.00445913028335,149.97828018398607,149.97950360118708,0.06125609641246192,0.06136447212621937,0.01261778738461647,2.0,11.0
64,8.0,114.96405950004923,114.96302848724031,474.00445913028335,474.0045992142771,149.97950360118708,149.97948263071268,0.06136447212621937,0.06144987543197247,0.014165057417460998,2.0,11.0
65,8.0,114.96302848724031,114.9628420091638,474.0045992142771,474.0046202535244,149.97948263071268,149.98004797116153,0.06144987543197247,0.06150693250549274,0.01725716035073745,2.0,11.0
66,8.0,114.9628420091638,114.96274795463387,474.0046202535244,474.0046349407777,149.98004797116153,149.98019441189402,0.06150693250549274,0.0615301671679066,0.01686429599422049,2.0,11.0
67,8.0,115.01256991150088,115.01020326807368,473.71295954375574,473.7080912063504,150.01370952160028,150.01067569554806,0.07616638831262192,0.07643601515745697,0.009286502567179021,3.0,11.0
68,8.0,115.01020326807368,115.00426372092655,473.7080912063504,473.7025235346392,150.01067569554806,150.00156582722212,0.07643601515745697,0.07697131699036751,0.04375943607917023,3.0,11.0
69,8.0,115.00426372092655,115.00466093687707,473.7025235346392,473.7029576013271,150.00156582722212,150.0000231843477,0.07697131699036751,0.07704705747511943,0.004363974433617049,3.0,11.0
70,8.0,115.00466093687707,115.00488772789006,473.7029576013271,473.7058108169046,150.0000231843477,149.99210549082093,0.07704705747511943,0.07744310549989619,0.03368622571764421,3.0,11.0
71,8.0,115.00488772789006,115.00074241271241,473.7058108169046,473.70822451842196,149.99210549082093,149.98759244578483,0.07744310549989619,0.0777694602230674,0.025570574990558242,3.0,11.0
72,8.0,115.00074241271241,114.99768386426172,473.70822451842196,473.71239851644276,149.98759244578483,149.98646204962182,0.0777694602230674,0.07804527971273607,0.017077889752979757,3.0,11.0
73,8.0,114.99768386426172,114.99354534966467,473.71239851644276,473.71387925305714,149.98646204962182,149.98737842117455,0.07804527971273607,0.07828860819870125,0.029319604422826495,3.0,11.0
74,8.0,114.99354534966467,114.99296422431999,473.71387925305714,473.71703794678587,149.98737842117455,149.98753674527302,0.07828860819870125,0.07847863507229133,0.02089972623040084,3.0,11.0
75,8.0,114.99296422431999,114.99355287431577,473.71703794678587,473.71831633177305,149.98753674527302,149.98947485651962,0.07847863507229133,0.07863234982516344,0.010673683440362593,3.0,11.0
76,8.0,114.99355287431577,114.99470350031883,473.71831633177305,473.7193604523225,149.98947485651962,149.99073775825028,0.07863234982516344,0.07876772653292557,0.01566980789277276,3.0,11.0
77,8.0,114.99470350031883,114.99516125659837,473.7193604523225,473.71994989968726,149.99073775825028,149.99198732534353,0.07876772653292557,0.07887591950381324,0.015890705284977304,3.0,11.0
78,8.0,114.99516125659837,114.99455616694691,473.71994989968726,473.7205843064119,149.99198732534353,149.99230248884902,0.07887591950381324,0.07895484007437224,0.01816637107800466,3.0,11.0
79,8.0,114.99455616694691,114.9947998934271,473.7205843064119,473.72079093874044,149.99230248884902,149.99207718166033,0.07895484007437224,0.07899671543978212,0.016882919588165783,3.0,11.0
80,8.0,114.9947998934271,114.99473163629027,473.72079093874044,473.72079220886235,149.99207718166033,149.99206650036987,0.07899671543978212,0.07900861705618278,0.009860930828153043,3.0,11.0
81,8.0,115.0177568871765,115.02132496340334,473.49515763095695,473.48863198262535,150.01601853108426,150.01720115693837,0.08927864852262347,0.08959513465566017,0.015649515549117077,4.0,11.0
82,8.0,115.02132496340334,115.03026188487843,473.48863198262535,473.4806560148825,150.01720115693837,150.02548197960806,0.08959513465566017,0.09021411888095848,0.02926550315696162,4.0,11.0
83,8.0,115.03026188487843,115.0356343489724,473.4806560148825,473.47419467225865,150.02548197960806,150.03495630590464,0.09021411888095848,0.09076546289160911,0.04264228458648052,4.0,11.0
84,8.0,115.0356343489724,115.03245071516547,473.47419467225865,473.4754766516142,150.03495630590464,150.04438554378768,0.09076546289160911,0.09122141890874674,0.02925781948980495,4.0,11.0
85,8.0,115.03245071516547,115.02890668857401,473.4754766516142,473.46974647833457,150.04438554378768,150.04929746376817,0.09122141890874674,0.09161442330125641,0.02965597122365826,4.0,11.0
86,8.0,115.02890668857401,115.02644608976577,473.46974647833457,473.4651018708754,150.04929746376817,150.05348762943575,0.09161442330125641,0.09194601831318591,0.01739596605182685,4.0,11.0
87,8.0,115.02644608976577,115.02083742579347,473.4651018708754,473.46414034144027,150.05348762943575,150.0522286194525,0.09194601831318591,0.09224284830730213,0.022307076721154624,4.0,11.0
88,8.0,115.02083742579347,115.01857901643007,473.46414034144027,473.4599754976824,150.0522286194525,150.05251607168765,0.09224284830730213,0.09249659477923787,0.0229285730911985,4.0,11.0
89,8.0,115.01857901643007,115.01897110423161,473.4599754976824,473.4572869703044,150.05251607168765,150.05505202551913,0.09249659477923787,0.09270792670326794,0.01634345450634582,4.0,11.0
90,8.0,115.01897110423161,115.01991710061836,473.4572869703044,473.45473779339636,150.05505202551913,150.05640332219195,0.09270792670326794,0.09289019097886686,0.01311022557832354,4.0,11.0
91,8.0,115.01991710061836,115.0222576770324,473.45473779339636,473.4556798003734,150.05640332219195,150.05639985448772,0.09289019097886686,0.09304971599785339,0.01099933302368134,4.0,11.0
92,8.0,115.0222576770324,115.0228715205944,473.4556798003734,473.4550362270532,150.05639985448772,150.05831617055514,0.09304971599785339,0.09319032320832187,0.015396869564750382,4.0,11.0
93,8.0,115.0228715205944,115.02136036211508,473.4550362270532,473.45518760978837,150.05831617055514,150.0587089330042,0.09319032320832187,0.09330435667436396,0.012547568568939009,4.0,11.0
94,8.0,115.02136036211508,115.02188221112428,473.45518760978837,473.4550386312615,150.0587089330042,150.0597205382664,0.09330435667436396,0.09339590727369157,0.01174596252240331,4.0,11.0
95,8.0,115.02188221112428,115.02159420326306,473.4550386312615,473.45575028131924,150.0597205382664,150.0597799997289,0.09339590727369157,0.09346470481514078,0.012255274453495514,4.0,11.0
96,8.0,115.02159420326306,115.02196291426378,473.45575028131924,473.4555699073677,150.0597799997289,150.0597398407899,0.09346470481514078,0.09350825798408412,0.014641960179039045,4.0,11.0
97,8.0,115.02196291426378,115.02193172867854,473.4555699073677,473.4555739874394,150.0597398407899,150.05984540190008,0.09350825798408412,0.09352489783351572,0.012931247921100076,4.0,11.0
98,8.0,114.86187378353338,114.7104785664445,461.33781156203423,461.1088354937224,149.95358566466854,149.16973066406126,25.427330168946625,25.457693454627453,1.5325814273677907,6.0,-13.0
99,8.0,114.7104785664445,114.50789477271276,461.1088354937224,460.8132415742728,149.16973066406126,148.11440487558696,25.457693454627453,25.498507239464484,2.104255455802465,6.0,-13.0
100,8.0,114.50789477271276,113.7992587096002,460.8132415742728,459.75349693779754,148.11440487558696,144.07138706618224,25.498507239464484,25.654058310053095,8.112316993246909,6.0,-13.0
101,8.0,113.7992587096002,113.59789308357036,459.75349693779754,459.4639316674764,144.07138706618224,142.8245090799969,25.654058310053095,25.701981893920664,2.283100595345375,6.0,-13.0
102,8.0,113.59789308357036,112.756341599711,459.4639316674764,458.4538625261149,142.8245090799969,137.94992780234628,25.701981893920664,25.889209922151068,10.711202076440543,6.0,-13.0
103,8.0,112.756341599711,112.13376245231566,458.4538625261149,457.82278079152275,137.94992780234628,133.5296582012435,25.889209922151068,26.058298062712144,8.556057155732217,6.0,-13.0
104,8.0,112.13376245231566,112.12634223205323,457.82278079152275,457.8124168542825,133.5296582012435,133.44306551791618,26.058298062712144,26.061615346023988,0.3363385692609924,6.0,-13.0
105,8.0,112.12634223205323,111.8801690547214,457.8124168542825,457.4811365183241,133.44306551791618,129.9792122684983,26.061615346023988,26.194027581050403,7.272132267593791,6.0,-13.0
106,8.0,111.8801690547214,111.81156068326743,457.4811365183241,457.4182808766879,129.9792122684983,128.91351197649402,26.194027581050403,26.23507663701527,1.9833022219095373,6.0,-13.0
107,8.0,111.81156068326743,111.77423714241306,457.4182808766879,457.37218227070616,128.91351197649402,127.72521275290566,26.23507663701527,26.280930050063223,2.513691987069907,6.0,-13.0
108,8.0,111.77423714241306,111.71736693148489,457.37218227070616,457.14512905789724,127.72521275290566,124.41569166374954,26.280930050063223,26.409693144041775,7.121726790170387,6.0,-13.0
109,8.0,111.71736693148489,111.66709809422798,457.14512905789724,456.9292511532859,124.41569166374954,121.4403775233696,26.409693144041775,26.52700171565854,6.894467836812108,6.0,-13.0
110,8.0,111.66709809422798,111.58476536851795,456.9292511532859,456.70964918114385,121.4403775233696,119.2966614835382,26.52700171565854,26.613020758925764,4.552694752531203,6.0,-13.0
111,8.0,111.58476536851795,111.4135284357573,456.70964918114385,456.3655679759765,119.2966614835382,116.88592114599331,26.613020758925764,26.711552619748872,5.508599545352873,6.0,-13.0
112,8.0,111.4135284357573,111.19509312819812,456.3655679759765,456.0604519649361,116.88592114599331,115.05766599909074,26.711552619748872,26.78798050748665,4.182454346410534,6.0,-13.0
113,8.0,111.19509312819812,110.96189571752775,456.0604519649361,455.7125691758456,115.05766599909074,113.09524012712075,26.78798050748665,26.871237528675074,4.692969061182062,6.0,-13.0
114,8.0,110.96189571752775,110.82462897641206,455.7125691758456,455.3839883565271,113.09524012712075,111.32070873927223,26.871237528675074,26.94748904893321,4.747728929286486,6.0,-13.0
115,8.0,110.82462897641206,110.70757474079858,455.3839883565271,455.04606265249515,111.32070873927223,109.74438507219706,26.94748904893321,27.016777960237015,4.134876895180472,6.0,-13.0
116,8.0,110.70757474079858,110.65001245552374,455.04606265249515,454.7172430807148,109.74438507219706,108.33050015694175,27.016777960237015,27.080114681736347,4.189296830061595,6.0,-13.0
117,8.0,110.65001245552374,110.639603991122,454.7172430807148,454.355096332617,108.33050015694175,107.09023242785352,27.080114681736347,27.13753701765375,3.9231904931345656,6.0,-13.0
118,8.0,110.639603991122,110.6918966163717,454.355096332617,454.01999322763714,107.09023242785352,105.99479005838991,27.13753701765375,27.189536376400397,3.3665560152834635,6.0,-13.0
119,8.0,110.6918966163717,110.73156128829808,454.01999322763714,453.8737884899289,105.99479005838991,105.49262967104968,27.189536376400397,27.213783557844987,1.3800506052153654,6.0,-13.0
120,8.0,110.73156128829808,110.80442161727983,453.8737884899289,453.60984548943895,105.49262967104968,104.56852438811855,27.213783557844987,27.258837986747842,2.71176304426541,6.0,-13.0
121,8.0,110.80442161727983,110.88411338988305,453.60984548943895,453.3693308038916,104.56852438811855,103.73435258066948,27.258837986747842,27.300336955388037,2.57005081322802,6.0,-13.0
122,8.0,110.88411338988305,110.95208943457423,453.3693308038916,453.15301058077966,103.73435258066948,102.98027913431181,27.300336955388037,27.338531438478,2.87627164605812,6.0,-13.0
123,8.0,110.95208943457423,110.98004240818122,453.15301058077966,452.9287695597538,102.98027913431181,102.3214807837677,27.338531438478,27.373108315552017,2.434631880082541,6.0,-13.0
124,8.0,110.98004240818122,110.97946940233734,452.9287695597538,452.71201964884114,102.3214807837677,101.73788236547857,27.373108315552017,27.404694517830993,2.232095326128996,6.0,-13.0
125,8.0,110.97946940233734,110.98583030182631,452.71201964884114,452.60792512823093,101.73788236547857,101.42922992381372,27.404694517830993,27.421590208258174,1.0895567181102117,6.0,-13.0
126,8.0,110.98583030182631,111.00737723904388,452.60792512823093,452.44489670036364,101.42922992381372,100.93732794669494,27.421590208258174,27.448880903119058,2.0727691699150994,6.0,-13.0
127,8.0,111.00737723904388,111.04204726609987,452.44489670036364,452.30170476362963,100.93732794669494,100.49934536779367,27.448880903119058,27.47377738818069,1.569064651751111,6.0,-13.0
128,8.0,111.04204726609987,111.0583046994846,452.30170476362963,452.1344580241054,100.49934536779367,100.11341069468419,27.47377738818069,27.49690168223832,1.5340875779627652,6.0,-13.0
129,8.0,111.0583046994846,111.05879600423404,452.1344580241054,451.97608778533913,100.11341069468419,99.76566119116309,27.49690168223832,27.518328776913236,1.4699421483913377,6.0,-13.0
130,8.0,111.05879600423404,111.06612430329271,451.97608778533913,451.82558342247665,99.76566119116309,99.45385368740914,27.518328776913236,27.53816437483377,1.302678068565189,6.0,-13.0
131,8.0,111.06612430329271,111.07691411042292,451.82558342247665,451.7052036559879,99.45385368740914,99.1621473287118,27.53816437483377,27.55661951414928,1.459758500911677,6.0,-13.0
132,8.0,111.07691411042292,111.09096931462227,451.7052036559879,451.60090394932456,99.1621473287118,98.89957414686423,27.55661951414928,27.573563006693117,1.1222588981479102,6.0,-13.0
133,8.0,111.09096931462227,111.11771159656465,451.60090394932456,451.51164597731287,98.89957414686423,98.65832133747458,27.573563006693117,27.589371096458674,1.5850466127404785,6.0,-13.0
134,8.0,111.11771159656465,111.13525847852964,451.51164597731287,451.41714712708097,98.65832133747458,98.45386087866066,27.589371096458674,27.603617713048216,1.0437846965605082,6.0,-13.0
135,8.0,111.13525847852964,111.1458175134521,451.41714712708097,451.3697806408862,98.45386087866066,98.353987395497,27.603617713048216,27.610777989970895,0.7161641357997868,6.0,-13.0
136,8.0,111.1458175134521,111.16670150436774,451.3697806408862,451.28685778468207,98.353987395497,98.182245859707,27.610777989970895,27.623352473023672,1.0408792263936353,6.0,-13.0
137,8.0,111.16670150436774,111.18709827252567,451.28685778468207,451.2115153308185,98.182245859707,98.02801730535562,27.623352473023672,27.634970909704013,0.954026344111012,6.0,-13.0
138,8.0,111.18709827252567,111.209205340299,451.2115153308185,451.14142348552025,98.02801730535562,97.89015659095574,27.634970909704013,27.64573633025161,0.9133270947111125,6.0,-13.0
139,8.0,111.209205340299,111.23226960202173,451.14142348552025,451.086329808156,97.89015659095574,97.76239915657509,27.64573633025161,27.65570688252191,1.1101743414886514,6.0,-13.0
140,8.0,111.23226960202173,111.25449236915574,451.086329808156,451.03425348211675,97.76239915657509,97.65262579704059,27.65570688252191,27.66474062175398,0.7843785672863935,6.0,-13.0
141,8.0,111.25449236915574,111.27402738279565,451.03425348211675,450.993791250092,97.65262579704059,97.55039826905852,27.66474062175398,27.67313165292107,0.6810540290085509,6.0,-13.0
142,8.0,111.27402738279565,111.29487063664797,450.993791250092,450.95262473924015,97.55039826905852,97.45942293580005,27.67313165292107,27.68097752941633,0.6686080707139529,6.0,-13.0
143,8.0,111.29487063664797,111.30859393315248,450.95262473924015,450.91135939842263,97.45942293580005,97.37742838082755,27.68097752941633,27.688300297720772,0.635331231846905,6.0,-13.0
144,8.0,111.30859393315248,111.3135122876012,450.91135939842263,450.8734296402278,97.37742838082755,97.30214206757968,27.688300297720772,27.69513764300914,0.6049817294011297,6.0,-13.0
145,8.0,111.3135122876012,111.311481557971,450.8734296402278,450.8389552237415,97.30214206757968,97.23352366330226,27.69513764300914,27.70152398326764,0.6071991573020624,6.0,-13.0
146,8.0,111.311481557971,111.3086594088625,450.8389552237415,450.8100592024565,97.23352366330226,97.17036893729724,27.70152398326764,27.707469359146856,0.5556055441151594,6.0,-13.0
147,8.0,111.3086594088625,111.30614954587955,450.8100592024565,450.7809718314913,97.17036893729724,97.11439739650194,27.707469359146856,27.71302210754748,0.5025055139177698,6.0,-13.0
148,8.0,111.30614954587955,111.30186662263267,450.7809718314913,450.7502154773617,97.11439739650194,97.065864729055,27.71302210754748,27.718229271864708,0.5594296911603551,6.0,-13.0
149,8.0,111.30186662263267,111.29581164151435,450.7502154773617,450.72180039811417,97.065864729055,97.0230067456906,27.718229271864708,27.723063082294246,0.4407691632850557,6.0,-13.0
150,8.0,111.29581164151435,111.28928970918074,450.72180039811417,450.6948654931892,97.0230067456906,96.98455221482757,27.723063082294246,27.72761174821775,0.5427445276829732,6.0,-13.0
151,8.0,111.28928970918074,111.28357065827223,450.6948654931892,450.67181938180755,96.98455221482757,96.94956144424953,27.72761174821775,27.7318210503391,0.4193403826027711,6.0,-13.0
152,8.0,111.28357065827223,111.27711821398948,450.67181938180755,450.65318293966186,96.94956144424953,96.91643900374764,27.7318210503391,27.735777725366873,0.47810993899182974,6.0,-13.0
153,8.0,111.27711821398948,111.27018232607877,450.65318293966186,450.6360994851566,96.91643900374764,96.88725743102123,27.735777725366873,27.739457417381388,0.3615849147356445,6.0,-13.0
154,8.0,111.27018232607877,111.26185756092423,450.6360994851566,450.6181717143322,96.88725743102123,96.86255729958215,27.739457417381388,27.74293610224861,0.38878475880424285,6.0,-13.0
155,8.0,111.26185756092423,111.25452112682164,450.6181717143322,450.5996456837391,96.86255729958215,96.84190411814063,27.74293610224861,27.746207643902853,0.4144236354218602,6.0,-13.0
156,8.0,111.25452112682164,111.24724232840319,450.5996456837391,450.5821202305492,96.84190411814063,96.82449302700738,27.746207643902853,27.749269471949145,0.3763506082906765,6.0,-13.0
157,8.0,111.24724232840319,111.24201006893466,450.5821202305492,450.5661159100547,96.82449302700738,96.8084632659925,27.749269471949145,27.752151712182236,0.39539147576569694,6.0,-13.0
158,8.0,111.24201006893466,111.23786301252854,450.5661159100547,450.5519634628357,96.8084632659925,96.79380213385977,27.752151712182236,27.754858618646256,0.40090725578830105,6.0,-13.0
159,8.0,111.23786301252854,111.23339264855903,450.5519634628357,450.5386727298329,96.79380213385977,96.78173030170151,27.754858618646256,27.757404433541566,0.31578302229713556,6.0,-13.0
160,8.0,111.23339264855903,111.22920372947537,450.5386727298329,450.52623469783174,96.78173030170151,96.77118632800084,27.757404433541566,27.759837030150948,0.36270667653698546,6.0,-13.0
161,8.0,111.22920372947537,111.2249481874027,450.52623469783174,450.5155439879456,96.77118632800084,96.76146441327009,27.759837030150948,27.76215635077,0.32323684408585573,6.0,-13.0
162,8.0,111.2249481874027,111.2194650777254,450.5155439879456,450.5065445678776,96.76146441327009,96.75286084154428,27.76215635077,27.76439154049255,0.32791092464518123,6.0,-13.0
163,8.0,111.2194650777254,111.21497953860612,450.5065445678776,450.49761225618795,96.75286084154428,96.74582579960324,27.76439154049255,27.766559620280272,0.36272087946157494,6.0,-13.0
164,8.0,111.21497953860612,111.21145100990839,450.49761225618795,450.48965156294855,96.74582579960324,96.73948990870065,27.766559620280272,27.768675343334944,0.41338890580921756,6.0,-13.0
165,8.0,111.21145100990839,111.20960985450786,450.48965156294855,450.48279817751916,96.73948990870065,96.73388784848285,27.768675343334944,27.770742086479018,0.514842364986145,6.0,-13.0
166,8.0,111.20960985450786,111.2094572037239,450.48279817751916,450.47836110067294,96.73388784848285,96.73070406558254,27.770742086479018,27.77242054090491,0.6211543457484991,6.0,-13.0
167,8.0,111.2094572037239,111.20946004640041,450.47836110067294,450.4783555071369,96.73070406558254,96.73070431042159,27.77242054090491,27.772444074535237,0.0048631084610153,6.0,-13.0
168,8.0,111.20946004640041,111.20946125611408,450.4783555071369,450.47835506387776,96.73070431042159,96.73070468802823,27.772444074535237,27.77245085809428,0.002302502807848869,6.0,-13.0
169,8.0,114.7104785664445,114.72212988510724,461.1088354937224,461.10860928623987,149.16973066406126,149.156961096109,25.457693454627453,25.45834396594841,0.03198274691857485,7.0,11.0
170,8.0,114.72212988510724,114.74933004749703,461.10860928623987,461.1200109168365,149.156961096109,149.14290959048748,25.45834396594841,25.45958353624293,0.07179245666604356,7.0,11.0
171,8.0,114.74933004749703,114.75754953444107,461.1200109168365,461.1060034934486,149.14290959048748,149.12113740781393,25.45958353624293,25.46063743779515,0.07718324350851592,7.0,11.0
172,8.0,114.75754953444107,114.75800950776905,461.1060034934486,461.10837807231655,149.12113740781393,149.09985082741122,25.46063743779515,25.46149547323771,0.0536657587812345,7.0,11.0
173,8.0,114.75800950776905,114.74103213300438,461.10837807231655,461.1116592790739,149.09985082741122,149.10322474677417,25.46149547323771,25.46222178214172,0.04801972963309084,7.0,11.0
174,8.0,114.74103213300438,114.73032057018915,461.1116592790739,461.1144792613609,149.10322474677417,149.09406852194246,25.46222178214172,25.46283399339116,0.055275144556258454,7.0,11.0
175,8.0,114.73032057018915,114.72884255806733,461.1144792613609,461.1094404078493,149.09406852194246,149.08455998275502,25.46283399339116,25.46332022727926,0.045883728531567726,7.0,11.0
176,8.0,114.72884255806733,114.72245439932928,461.1094404078493,461.1075691786749,149.08455998275502,149.07981342544,25.46332022727926,25.46370713087484,0.04082521338409068,7.0,11.0
177,8.0,114.72245439932928,114.7184278325698,461.1075691786749,461.1068860378117,149.07981342544,149.075423259352,25.46370713087484,25.4640105475783,0.017887315887246208,7.0,11.0
178,8.0,114.7184278325698,114.7200641291856,461.1068860378117,461.1024133763065,149.075423259352,149.0772858942523,25.4640105475783,25.464279071572474,0.021667607355958674,7.0,11.0
179,8.0,114.7200641291856,114.71800567332748,461.1024133763065,461.1021537358214,149.0772858942523,149.080835203398,25.464279071572474,25.464506850904918,0.019717481073536755,7.0,11.0
180,8.0,114.71800567332748,114.71594050861901,461.1021537358214,461.10125174349776,149.080835203398,149.08319907828954,25.464506850904918,25.464699043177184,0.013465589724690525,7.0,11.0
181,8.0,114.71594050861901,114.71491464086697,461.10125174349776,461.09906461609853,149.08319907828954,149.0819346485529,25.464699043177184,25.464867692712943,0.021045261383062397,7.0,11.0
182,8.0,114.71491464086697,114.71516904277289,461.09906461609853,461.0981938808518,149.0819346485529,149.08021880343026,25.464867692712943,25.465000130163524,0.012083842797577262,7.0,11.0
183,8.0,114.71516904277289,114.7139260651149,461.0981938808518,461.0989676280084,149.08021880343026,149.07981355188605,25.465000130163524,25.46511162578376,0.018876599105192637,7.0,11.0
184,8.0,114.7139260651149,114.71368888523605,461.0989676280084,461.0986751779795,149.07981355188605,149.07900056182837,25.46511162578376,25.4651883680335,0.01018249399243862,7.0,11.0
185,8.0,114.71368888523605,114.7140343894343,461.0986751779795,461.0983554202244,149.07900056182837,149.07866046122243,25.4651883680335,25.465244375381083,0.01696749023328199,7.0,11.0
186,8.0,114.7140343894343,114.7141117957641,461.0983554202244,461.09821244790754,149.07866046122243,149.078712718413,25.465244375381083,25.46526723279407,0.016648136163882044,7.0,11.0
187,8.0,114.50789477271276,114.51042290927046,460.8132415742728,460.81700589510064,148.11440487558696,148.10821892355608,25.498507239464484,25.498829972015923,0.039031015054280374,8.0,11.0
188,8.0,114.51042290927046,114.5160553092998,460.81700589510064,460.8222614115907,148.10821892355608,148.0978393151599,25.498829972015923,25.499390706288043,0.0371374516225573,8.0,11.0
189,8.0,114.5160553092998,114.52078920269707,460.8222614115907,460.83127697127566,148.0978393151599,148.09485294577732,25.499390706288043,25.49986780550034,0.037470766200638196,8.0,11.0
190,8.0,114.52078920269707,114.52647946171165,460.83127697127566,460.8310927013925,148.09485294577732,148.08865372628293,25.49986780550034,25.500263767116436,0.025733417581632247,8.0,11.0
191,8.0,114.52647946171165,114.52691091135848,460.8310927013925,460.8241044823655,148.08865372628293,148.08848346973986,25.500263767116436,25.500606187543276,0.03519278849498742,8.0,11.0
192,8.0,114.52691091135848,114.52950402695622,460.8241044823655,460.819613738919,148.08848346973986,148.08794199772856,25.500606187543276,25.500878706233994,0.02252054753261756,8.0,11.0
193,8.0,114.52950402695622,114.52746104289028,460.819613738919,460.81664170707353,148.08794199772856,148.0858569087797,25.500878706233994,25.501108741518074,0.02035293371083522,8.0,11.0
194,8.0,114.52746104289028,114.52835764072208,460.81664170707353,460.8134834088326,148.0858569087797,148.0860732136118,25.501108741518074,25.501301975702646,0.01862819252300161,8.0,11.0
195,8.0,114.52835764072208,114.52822882395212,460.8134834088326,460.81417782098197,148.0860732136118,148.08852366446973,25.501301975702646,25.501462726990585,0.015940169426891755,8.0,11.0
196,8.0,114.52822882395212,114.52828536694794,460.81417782098197,460.8122205944302,148.08852366446973,148.08860831075364,25.501462726990585,25.50159607628772,0.034149623077512896,8.0,11.0
197,8.0,114.52828536694794,114.52881028409449,460.8122205944302,460.81160195166075,148.08860831075364,148.08860646386447,25.50159607628772,25.501667525884184,0.01216629223630869,8.0,11.0
198,8.0,114.52881028409449,114.5286535087483,460.81160195166075,460.81118693166536,148.08860646386447,148.08853342660038,25.501667525884184,25.501713934179016,0.019369367225573073,8.0,11.0
199,8.0,114.5286535087483,114.52860787418933,460.81118693166536,460.8111393320884,148.08853342660038,148.08853713035128,25.501713934179016,25.50172545643981,0.009604292334022706,8.0,11.0
200,8.0,113.7992587096002,113.81906396876718,459.75349693779754,459.75390882014005,144.07138706618224,144.05369039918278,25.654058310053095,25.65501544037613,0.049564392218918916,9.0,11.0
201,8.0,113.81906396876718,113.86139154390403,459.75390882014005,459.7603526692671,144.05369039918278,144.0247775898655,25.65501544037613,25.656889174635026,0.11126136509466734,9.0,11.0
202,8.0,113.86139154390403,113.8937876506302,459.7603526692671,459.77102779545004,144.0247775898655,143.99985739043137,25.656889174635026,25.65844932047723,0.09452475134268963,9.0,11.0
203,8.0,113.8937876506302,113.88410726527943,459.77102779545004,459.78554881036905,143.99985739043137,143.97004633148532,25.65844932047723,25.659751859360792,0.07133869270520166,9.0,11.0
204,8.0,113.88410726527943,113.89412279565742,459.78554881036905,459.8124800838814,143.97004633148532,143.96643377561875,25.659751859360792,25.66086637846442,0.07296727643410447,9.0,11.0
205,8.0,113.89412279565742,113.89197020315005,459.8124800838814,459.83472519055897,143.96643377561875,143.97368662207916,25.66086637846442,25.661795479005317,0.06536457625336489,9.0,11.0
206,8.0,113.89197020315005,113.90158414499899,459.83472519055897,459.8507866335337,143.97368662207916,143.97517810975674,25.661795479005317,25.662562156426013,0.05279035513438828,9.0,11.0
207,8.0,113.90158414499899,113.91330262307022,459.8507866335337,459.84381868995115,143.97517810975674,143.96855652002958,25.662562156426013,25.663202152568346,0.03464145097012175,9.0,11.0
208,8.0,113.91330262307022,113.92618801594918,459.84381868995115,459.84378701042124,143.96855652002958,143.96814060781253,25.663202152568346,25.66376167569326,0.04755162752272365,9.0,11.0
209,8.0,113.92618801594918,113.93351695128972,459.84378701042124,459.84424218945315,143.96814060781253,143.9614186390147,25.66376167569326,25.664214719117393,0.024089801482819802,9.0,11.0
210,8.0,113.93351695128972,113.92898974959633,459.84424218945315,459.8377683614236,143.9614186390147,143.96470201760368,25.664214719117393,25.664615850098283,0.03671390028117483,9.0,11.0
211,8.0,113.92898974959633,113.93216298731122,459.8377683614236,459.8346135732795,143.96470201760368,143.9694897836189,25.664615850098283,25.664940932999404,0.021107783855476455,9.0,11.0
212,8.0,113.93216298731122,113.93666663757433,459.8346135732795,459.8330049585308,143.9694897836189,143.96680605488984,25.664940932999404,25.665224185986347,0.047443550676296346,9.0,11.0
213,8.0,113.93666663757433,113.93976975867167,459.8330049585308,459.83190871844874,143.96680605488984,143.96629537198305,25.665224185986347,25.665419144406357,0.014494569598273737,9.0,11.0
214,8.0,113.93976975867167,113.94226665004655,459.83190871844874,459.8323086153247,143.96629537198305,143.96522120338037,25.665419144406357,25.665588714853403,0.021639918486320037,9.0,11.0
215,8.0,113.94226665004655,113.94221883733658,459.8323086153247,459.8324940240376,143.96522120338037,143.96329203800468,25.665588714853403,25.665721044677763,0.011589289899165656,9.0,11.0
216,8.0,113.94221883733658,113.94125340616115,459.8324940240376,459.83213832946956,143.96329203800468,143.96215434243092,25.665721044677763,25.665833298742555,0.011246184424946069,9.0,11.0
217,8.0,113.94125340616115,113.94033013518131,459.83213832946956,459.8315648461559,143.96215434243092,143.9625520677435,25.665833298742555,25.665925377334478,0.015325421463771234,9.0,11.0
218,8.0,113.94033013518131,113.93998317956148,459.8315648461559,459.83100023677264,143.9625520677435,143.96246669660496,25.665925377334478,25.66598743137882,0.02295196750941407,9.0,11.0
219,8.0,113.93998317956148,113.94002415356078,459.83100023677264,459.83088853623985,143.96246669660496,143.9624517012604,25.66598743137882,25.66600512402569,0.01358303481019646,9.0,11.0
220,8.0,113.59789308357036,113.58409748794516,459.4639316674764,459.46490778438374,142.8245090799969,142.81685313921759,25.701981893920664,25.702584275176378,0.024207704466490364,10.0,11.0
221,8.0,113.58409748794516,113.55708137243377,459.46490778438374,459.46560756831076,142.81685313921759,142.8048087532358,25.702584275176378,25.703720010821314,0.08101220153529068,10.0,11.0
222,8.0,113.55708137243377,113.54136693025967,459.46560756831076,459.45864352369944,142.8048087532358,142.78877657087673,25.703720010821314,25.704649395236437,0.05978568425140419,10.0,11.0
223,8.0,113.54136693025967,113.52279548992092,459.45864352369944,459.4554970700113,142.78877657087673,142.7851631542256,25.704649395236437,25.705429987882688,0.1605896679309067,10.0,11.0
224,8.0,113.52279548992092,113.52118924782312,459.4554970700113,459.46326898649323,142.7851631542256,142.78137723991512,25.705429987882688,25.705840007964284,0.04313295147452673,10.0,11.0
225,8.0,113.52118924782312,113.51965540929925,459.46326898649323,459.4653204102334,142.78137723991512,142.77547231307582,25.705840007964284,25.70616057404481,0.03624806053377947,10.0,11.0
226,8.0,113.51965540929925,113.51570463598102,459.4653204102334,459.4653331634906,142.77547231307582,142.77792977536157,25.70616057404481,25.706410523579464,0.024999120805538063,10.0,11.0
227,8.0,113.51570463598102,113.51819528709234,459.4653331634906,459.4636842487027,142.77792977536157,142.77983409906142,25.706410523579464,25.706614507691224,0.02420592366774246,10.0,11.0
228,8.0,113.51819528709234,113.51956514102874,459.4636842487027,459.4635900369306,142.77983409906142,142.77766449723634,25.706614507691224,25.706776042747162,0.009373266937934423,10.0,11.0
229,8.0,113.51956514102874,113.52059869325713,459.4635900369306,459.46500382813167,142.77766449723634,142.7763082379347,25.706776042747162,25.706921445043207,0.013780189111314024,10.0,11.0
230,8.0,113.52059869325713,113.51999393131067,459.46500382813167,459.4656995445853,142.7763082379347,142.77776172434642,25.706921445043207,25.70704315153061,0.02521814840024168,10.0,11.0
231,8.0,113.51999393131067,113.51936431437119,459.4656995445853,459.46605441953034,142.77776172434642,142.77826451843012,25.70704315153061,25.7071189362553,0.012462343536317097,10.0,11.0
232,8.0,113.51936431437119,113.5190997690283,459.46605441953034,459.46629684306373,142.77826451843012,142.7786145890679,25.7071189362553,25.707169210214815,0.013646826650661453,10.0,11.0
233,8.0,113.5190997690283,113.51904197107015,459.46629684306373,459.4664224641796,142.7786145890679,142.77873113078073,25.707169210214815,25.707193039753168,0.017203598562613148,10.0,11.0
234,8.0,112.12634223205323,112.13434674910006,457.8124168542825,457.79849458514707,133.44306551791618,133.4218154710443,26.061615346023988,26.062578017953594,0.03406512967295672,11.0,11.0
235,8.0,112.13434674910006,112.1591553814958,457.79849458514707,457.77074685373935,133.4218154710443,133.38702953974723,26.062578017953594,26.06442790872371,0.1297433537441457,11.0,11.0
236,8.0,112.1591553814958,112.18872913059086,457.77074685373935,457.7684427460351,133.38702953974723,133.36015675590707,26.06442790872371,26.06591401123815,0.12122017349618329,11.0,11.0
237,8.0,112.18872913059086,112.20026855396486,457.7684427460351,457.7512122345212,133.36015675590707,133.33801711938077,26.06591401123815,26.067074966891408,0.07308160881269411,11.0,11.0
238,8.0,112.20026855396486,112.21751113448138,457.7512122345212,457.73404769092383,133.33801711938077,133.3331460404766,26.067074966891408,26.06804898490154,0.05093318073136185,11.0,11.0
239,8.0,112.21751113448138,112.23703498758634,457.73404769092383,457.72731450546246,133.3331460404766,133.33731463780833,26.06804898490154,26.068894815018787,0.06453385125124156,11.0,11.0
240,8.0,112.23703498758634,112.25103351311657,457.72731450546246,457.72945362130196,133.33731463780833,133.34584723499088,26.068894815018787,26.069583213209203,0.04273079951699798,11.0,11.0
241,8.0,112.25103351311657,112.25329162733385,457.72945362130196,457.7160209712255,133.34584723499088,133.34452329444153,26.069583213209203,26.070171059885567,0.0667405885316438,11.0,11.0
242,8.0,112.25329162733385,112.25365239360497,457.7160209712255,457.709753163054,133.34452329444153,133.3517175916931,26.070171059885567,26.07060911622655,0.03124983404454355,11.0,11.0
243,8.0,112.25365239360497,112.25424113328828,457.709753163054,457.7040571465899,133.3517175916931,133.35696828439603,26.07060911622655,26.070980692343447,0.026596820527159875,11.0,11.0
244,8.0,112.25424113328828,112.25581319588787,457.7040571465899,457.70265066515947,133.35696828439603,133.36295711942915,26.070980692343447,26.071297880339706,0.023200723438897633,11.0,11.0
245,8.0,112.25581319588787,112.25544091110964,457.70265066515947,457.70776839276215,133.36295711942915,133.36374087213056,26.071297880339706,26.071569477620468,0.01832993351363919,11.0,11.0
246,8.0,112.25544091110964,112.25775218693556,457.70776839276215,457.7112682049441,133.36374087213056,133.36482915539685,26.071569477620468,26.071806388557615,0.05228036513768511,11.0,11.0
247,8.0,112.25775218693556,112.25921305515422,457.7112682049441,457.71029244266674,133.36482915539685,133.36613748781247,26.071806388557615,26.07195064263541,0.013005790056445601,11.0,11.0
248,8.0,112.25921305515422,112.26089971406414,457.71029244266674,457.71000409487885,133.36613748781247,133.36592031511358,26.07195064263541,26.0720725327705,0.010678753557651677,11.0,11.0
249,8.0,112.26089971406414,112.26198850840153,457.71000409487885,457.7093856144869,133.36592031511358,133.36539053409962,26.0720725327705,26.072175672667374,0.012019384466797194,11.0,11.0
250,8.0,112.26198850840153,112.26289493331046,457.7093856144869,457.7095380908295,133.36539053409962,133.3656835659865,26.072175672667374,26.072256588479895,0.019486722664639966,11.0,11.0
251,8.0,112.26289493331046,112.26261294270532,457.7095380908295,457.70971526053,133.3656835659865,133.36549331694073,26.072256588479895,26.07229787651317,0.011593183519145397,11.0,11.0
252,8.0,112.26261294270532,112.26259606124913,457.70971526053,457.709796111007,133.36549331694073,133.36538014155897,26.07229787651317,26.0723176762606,0.014858928716486298,11.0,11.0
253,8.0,111.8801690547214,111.88651106278792,457.4811365183241,457.4861705544704,129.9792122684983,129.97508722742768,26.194027581050403,26.194400012965993,0.012926419962317318,12.0,11.0
254,8.0,111.88651106278792,111.89708019992717,457.4861705544704,457.49780856459336,129.97508722742768,129.96760370305213,26.194400012965993,26.195119124253935,0.051126989900618265,12.0,11.0
255,8.0,111.89708019992717,111.89013266298612,457.49780856459336,457.5091806135535,129.96760370305213,129.97180092667764,26.195119124253935,26.19571715976417,0.036894874605189136,12.0,11.0
256,8.0,111.89013266298612,111.90119444360975,457.5091806135535,457.5120476739533,129.97180092667764,129.97390134044002,26.19571715976417,26.196230855586148,0.05446418498060675,12.0,11.0
257,8.0,111.90119444360975,111.90541343483505,457.5120476739533,457.50483693558925,129.97390134044002,129.97460724254216,26.196230855586148,26.19662558919245,0.03948963956763715,12.0,11.0
258,8.0,111.90541343483505,111.9111544917918,457.50483693558925,457.5032936599303,129.97460724254216,129.97266722052922,26.19662558919245,26.196939043837446,0.017269295282622613,12.0,11.0
259,8.0,111.9111544917918,111.91426817891548,457.5032936599303,457.5011337151127,129.97266722052922,129.9688369502086,26.196939043837446,26.19721849732967,0.01826683830182194,12.0,11.0
260,8.0,111.91426817891548,111.9108200192808,457.5011337151127,457.50348510361175,129.9688369502086,129.96709753663626,26.19721849732967,26.197463113949972,0.01629285669234987,12.0,11.0
261,8.0,111.9108200192808,111.91055993335901,457.50348510361175,457.50677601354164,129.96709753663626,129.96896690566058,26.197463113949972,26.197677681758535,0.027353485689934925,12.0,11.0
262,8.0,111.91055993335901,111.91180007554617,457.50677601354164,457.50704343556947,129.96896690566058,129.9713189424928,26.197677681758535,26.19784391283858,0.024956703097940396,12.0,11.0
263,8.0,111.91180007554617,111.91098141433363,457.50704343556947,457.50766508778577,129.9713189424928,129.97273918021796,26.19784391283858,26.197967207010485,0.009231719137303567,12.0,11.0
264,8.0,111.91098141433363,111.91009580435077,457.50766508778577,457.50879493450384,129.97273918021796,129.97271942683906,26.197967207010485,26.19807436612208,0.02358199220734728,12.0,11.0
265,8.0,111.91009580435077,111.91030076990823,457.50879493450384,457.50856291526196,129.97271942683906,129.97212387618515,26.19807436612208,26.198136626106855,0.01104948967259088,12.0,11.0
266,8.0,111.91030076990823,111.910072316165,457.50856291526196,457.5084150504141,129.97212387618515,129.97236227609855,26.198136626106855,26.19817617917241,0.02558532261393106,12.0,11.0
267,8.0,111.81156068326743,111.79249726792705,457.4182808766879,457.42323666709734,128.91351197649402,128.89511264190398,26.23507663701527,26.236050404149015,0.0606426871019423,13.0,11.0
268,8.0,111.79249726792705,111.7551230424486,457.42323666709734,457.4338047542171,128.89511264190398,128.86533916876863,26.236050404149015,26.237833567454253,0.09254833144067899,13.0,11.0
269,8.0,111.7551230424486,111.75946166937793,457.4338047542171,457.459269739772,128.86533916876863,128.8332948739573,26.237833567454253,26.239357549800655,0.08871481666154087,13.0,11.0
270,8.0,111.75946166937793,111.74014793152222,457.459269739772,457.48048202613865,128.8332948739573,128.8514804421962,26.239357549800655,26.240640696405702,0.06057285682300623,13.0,11.0
271,8.0,111.74014793152222,111.71907305977072,457.48048202613865,457.4804200864008,128.8514804421962,128.871733596893,26.240640696405702,26.241764326120485,0.06393432631679119,13.0,11.0
272,8.0,111.71907305977072,111.71322403842942,457.4804200864008,457.4971026997463,128.871733596893,128.8885904376955,26.241764326120485,26.24272520082379,0.12201729255879845,13.0,11.0
273,8.0,111.71322403842942,111.718629593764,457.4971026997463,457.51063300975295,128.8885904376955,128.8945409697558,26.24272520082379,26.243385701232953,0.03457375364582823,13.0,11.0
274,8.0,111.718629593764,111.72722136956756,457.51063300975295,457.51998945250597,128.8945409697558,128.898975285492,26.243385701232953,26.243965323295306,0.032976631391574335,13.0,11.0
275,8.0,111.72722136956756,111.72466295989643,457.51998945250597,457.51906074847267,128.898975285492,128.88793724748425,26.243965323295306,26.244469962553858,0.041254840253364074,13.0,11.0
276,8.0,111.72466295989643,111.71998349456938,457.51906074847267,457.5176516625127,128.88793724748425,128.8804912544827,26.244469962553858,26.244884213491826,0.036860981707740076,13.0,11.0
277,8.0,111.71998349456938,111.71378512377109,457.5176516625127,457.51514720784724,128.8804912544827,128.88206919458136,26.244884213491826,26.245221464701835,0.02132408739770893,13.0,11.0
278,8.0,111.71378512377109,111.7159071079999,457.51514720784724,457.5111774417878,128.88206919458136,128.88568046207564,26.245221464701835,26.245516045845243,0.019823176455000164,13.0,11.0
279,8.0,111.7159071079999,111.71254287205382,457.5111774417878,457.5121408212356,128.88568046207564,128.8889794853636,26.245516045845243,26.245772332641536,0.016883388246667425,13.0,11.0
280,8.0,111.71254287205382,111.71109936391574,457.5121408212356,457.51079858999935,128.8889794853636,128.8925047808101,26.245772332641536,26.24599711862336,0.03915486935747341,13.0,11.0
281,8.0,111.71109936391574,111.71009481239946,457.51079858999935,457.5119250986765,128.8925047808101,128.89441575957125,26.24599711862336,26.246152656481204,0.010579728707536868,13.0,11.0
282,8.0,111.71009481239946,111.71208265961442,457.5119250986765,457.5118273288816,128.89441575957125,128.89395080045347,26.246152656481204,26.246290011484675,0.028603337908361635,13.0,11.0
283,8.0,111.71208265961442,111.71262477291484,457.5118273288816,457.51162322542075,128.89395080045347,128.89484395094678,26.246290011484675,26.246376799769866,0.010285750839665835,13.0,11.0
284,8.0,111.71262477291484,111.71205720146881,457.51162322542075,457.5116931180386,128.89484395094678,128.8953070891764,26.246376799769866,26.246443370945503,0.014625943431614578,13.0,11.0
285,8.0,111.71205720146881,111.71216089910027,457.5116931180386,457.5115369574987,128.8953070891764,128.89557376518584,26.246443370945503,26.246480008103408,0.017440479675227688,13.0,11.0
286,8.0,111.71216089910027,111.71212632333035,457.5115369574987,457.5115289099951,128.89557376518584,128.89557220733622,26.246480008103408,26.246487416696997,0.006668139023440635,13.0,11.0
287,8.0,111.77423714241306,111.77699283092304,457.37218227070616,457.35358738794537,127.72521275290566,127.66148678845688,26.280930050063223,26.283206292081083,0.0955259037583102,14.0,11.0
288,8.0,111.77699283092304,111.76614721600194,457.35358738794537,457.3293546628914,127.66148678845688,127.54870534944635,26.283206292081083,26.287185732610453,0.2295489419813508,14.0,11.0
289,8.0,111.76614721600194,111.75704492544051,457.3293546628914,457.31001037413137,127.54870534944635,127.44835557843149,26.287185732610453,26.290745123710515,0.19718336643970527,14.0,11.0
290,8.0,111.75704492544051,111.73702497757495,457.31001037413137,457.284589621946,127.44835557843149,127.37075286888262,26.290745123710515,26.29369229792708,0.19118388788136925,14.0,11.0
291,8.0,111.73702497757495,111.723393588877,457.284589621946,457.24242884122805,127.37075286888262,127.32099726192318,26.29369229792708,26.296062145298684,0.1969573848540435,14.0,11.0
292,8.0,111.723393588877,111.70322872343054,457.24242884122805,457.20945512264296,127.32099726192318,127.29031303654092,26.296062145298684,26.29785898829653,0.13189201159620256,14.0,11.0
293,8.0,111.70322872343054,111.67778517012125,457.20945512264296,457.1831276601615,127.29031303654092,127.301642564129,26.29785898829653,26.299288252375362,0.11697120343032903,14.0,11.0
294,8.0,111.67778517012125,111.66850168096555,457.1831276601615,457.1643460871035,127.301642564129,127.321779722021,26.299288252375362,26.300406138641698,0.058041048345371514,14.0,11.0
295,8.0,111.66850168096555,111.67925399472881,457.1643460871035,457.1451099380548,127.321779722021,127.33293899846278,26.300406138641698,26.301376381464735,0.05679661600104836,14.0,11.0
296,8.0,111.67925399472881,111.68926681676373,457.1451099380548,457.1347170823239,127.33293899846278,127.34755486205577,26.301376381464735,26.302203993854143,0.040711507362869034,14.0,11.0
297,8.0,111.68926681676373,111.69410000745393,457.1347170823239,457.1309521209487,127.34755486205577,127.36412482224387,26.302203993854143,26.30293199961591,0.04214997411023768,14.0,11.0
298,8.0,111.69410000745393,111.70472145450132,457.1309521209487,457.1312032581698,127.36412482224387,127.37443583741344,26.30293199961591,26.303559585945447,0.04731871408211225,14.0,11.0
299,8.0,111.70472145450132,111.7060046794164,457.1312032581698,457.1220960536242,127.37443583741344,127.38176132382975,26.303559585945447,26.3040783172083,0.06982379198688976,14.0,11.0
300,8.0,111.7060046794164,111.69995060871001,457.1220960536242,457.1182572770381,127.38176132382975,127.37907860688763,26.3040783172083,26.304445531992148,0.031122464981623015,14.0,11.0
301,8.0,111.69995060871001,111.6953565322639,457.1182572770381,457.11439447739457,127.37907860688763,127.37875647507107,26.304445531992148,26.304749525532554,0.02514038407268262,14.0,11.0
302,8.0,111.6953565322639,111.69841697541457,457.11439447739457,457.11163810169853,127.37875647507107,127.37632366371051,26.304749525532554,26.305004771500794,0.019435102348551603,14.0,11.0
303,8.0,111.69841697541457,111.6986512926205,457.11163810169853,457.1119258319294,127.37632366371051,127.37243884734505,26.305004771500794,26.305223885000792,0.01562027676559546,14.0,11.0
304,8.0,111.6986512926205,111.69765101420451,457.1119258319294,457.11130723277927,127.37243884734505,127.3694199113871,26.305223885000792,26.305414959276835,0.013973194931096186,14.0,11.0
305,8.0,111.69765101420451,111.69537955255196,457.11130723277927,457.1127286043969,127.3694199113871,127.36954391864754,26.305414959276835,26.30558163751339,0.028630479059987606,14.0,11.0
306,8.0,111.69537955255196,111.69412651828745,457.1127286043969,457.11236227170247,127.36954391864754,127.37052740142492,26.30558163751339,26.30569900746573,0.010341868071013708,14.0,11.0
307,8.0,111.69412651828745,111.69392278728928,457.11236227170247,457.1134001598107,127.37052740142492,127.37125527949897,26.30569900746573,26.305798074965914,0.012719779201078002,14.0,11.0
308,8.0,111.69392278728928,111.6933111135298,457.1134001598107,457.1135106738071,127.37125527949897,127.37064721285651,26.305798074965914,26.305873184668737,0.016933650371461065,14.0,11.0
309,8.0,111.6933111135298,111.69342249387212,457.1135106738071,457.1135162891188,127.37064721285651,127.37029118392886,26.305873184668737,26.305913642244064,0.01449192206243718,14.0,11.0
310,8.0,111.69342249387212,111.69338804293395,457.1135162891188,457.1134466049592,127.37029118392886,127.37024465693267,26.305913642244064,26.305928097422342,0.011546273241815659,14.0,11.0
311,8.0,111.58476536851795,111.58499400281873,456.70964918114385,456.69719095287894,119.2966614835382,119.29332891625782,26.613020758925764,26.613523466911797,0.027511534095416703,15.0,11.0
312,8.0,111.58499400281873,111.57396979352636,456.69719095287894,456.67651806086343,119.29332891625782,119.28744341841075,26.613523466911797,26.614475118139197,0.0499681104648247,15.0,11.0
313,8.0,111.57396979352636,111.56565173087283,456.67651806086343,456.6761936587378,119.28744341841075,119.26870414729197,26.614475118139197,26.6153015242348,0.08184784803416208,15.0,11.0
314,8.0,111.56565173087283,111.55372060054287,456.6761936587378,456.6792195007075,119.26870414729197,119.27699405097596,26.6153015242348,26.61593034486776,0.05002282193027632,15.0,11.0
315,8.0,111.55372060054287,111.5436331441008,456.6792195007075,456.67571718373966,119.27699405097596,119.28158295087644,26.61593034486776,26.616444174924276,0.023713016634955193,15.0,11.0
316,8.0,111.5436331441008,111.54666319332894,456.67571718373966,456.66760318071437,119.28158295087644,119.28692445800428,26.616444174924276,26.616905326321028,0.02780745296324793,15.0,11.0
317,8.0,111.54666319332894,111.5496364364545,456.66760318071437,456.664658065194,119.28692445800428,119.29438490541875,26.616905326321028,26.617306425767367,0.03866546121674763,15.0,11.0
318,8.0,111.5496364364545,111.54909978261159,456.664658065194,456.66448993860456,119.29438490541875,119.30081130201727,26.617306425767367,26.617627550150143,0.06440255736365455,15.0,11.0
319,8.0,111.54909978261159,111.5460223897605,456.66448993860456,456.6636359129219,119.30081130201727,119.29958418262402,26.617627550150143,26.617826390188853,0.01843783465376381,15.0,11.0
320,8.0,111.5460223897605,111.54504451865516,456.6636359129219,456.66150933951974,119.29958418262402,119.30088731975043,26.617826390188853,26.617992914512232,0.02617328064921946,15.0,11.0
321,8.0,111.54504451865516,111.54498350648971,456.66150933951974,456.6598165809868,119.30088731975043,119.30060851074026,26.617992914512232,26.618114397084717,0.011590926744505306,15.0,11.0
322,8.0,111.54498350648971,111.54443651009356,456.6598165809868,456.65864685447224,119.30060851074026,119.30032880102667,26.618114397084717,26.61821548049557,0.018971803666251674,15.0,11.0
323,8.0,111.54443651009356,111.54419099095969,456.65864685447224,456.65845972954895,119.30032880102667,119.30096611948336,26.61821548049557,26.618280218172938,0.02783924269035724,15.0,11.0
324,8.0,111.54419099095969,111.54413052165641,456.65845972954895,456.6584934339003,119.30096611948336,119.30095140137374,26.618280218172938,26.6182923259802,0.0099996645317388,15.0,11.0
325,8.0,111.19509312819812,111.19788369354066,456.0604519649361,456.05720123076605,115.05766599909074,115.05251079193063,26.78798050748665,26.788268408454808,0.012995825017901131,16.0,11.0
326,8.0,111.19788369354066,111.20458137264973,456.05720123076605,456.05279229715353,115.05251079193063,115.04246358610267,26.788268408454808,26.788826591469007,0.038454787500557155,16.0,11.0
327,8.0,111.20458137264973,111.200714944057,456.05279229715353,456.0456448155006,115.04246358610267,115.03586997017882,26.788826591469007,26.789298321116824,0.03348614197376307,16.0,11.0
328,8.0,111.200714944057,111.19763234545465,456.0456448155006,456.04046739196053,115.03586997017882,115.04187181837128,26.789298321116824,26.78969757398948,0.02905340146405123,16.0,11.0
329,8.0,111.19763234545465,111.19116663039081,456.04046739196053,456.0405977356472,115.04187181837128,115.03943856104596,26.78969757398948,26.790036389869254,0.02297223552609766,16.0,11.0
330,8.0,111.19116663039081,111.18694190171034,456.0405977356472,456.0409140058373,115.03943856104596,115.04329210485778,26.790036389869254,26.79032924277358,0.03508326080161667,16.0,11.0
331,8.0,111.18694190171034,111.18588172661404,456.0409140058373,456.03979001832795,115.04329210485778,115.04705946215363,26.79032924277358,26.790555394233905,0.019028379166630433,16.0,11.0
332,8.0,111.18588172661404,111.18358532190564,456.03979001832795,456.04166194615965,115.04705946215363,115.04841451854399,26.790555394233905,26.790747239859638,0.043353688807829964,16.0,11.0
333,8.0,111.18358532190564,111.18281577974817,456.04166194615965,456.04024779398094,115.04841451854399,115.04820422564212,26.790747239859638,26.790864063320736,0.013009017168206813,16.0,11.0
334,8.0,111.18281577974817,111.18386994899625,456.04024779398094,456.04003793100884,115.04820422564212,115.04770456465667,26.790864063320736,26.790957706103654,0.024486620225722275,16.0,11.0
335,8.0,111.18386994899625,111.18427003384879,456.04003793100884,456.03991224567756,115.04770456465667,115.04779763337369,26.790957706103654,26.791002583352018,0.020814509634672358,16.0,11.0
336,8.0,111.18427003384879,111.18427166838933,456.03991224567756,456.03989567272237,115.04779763337369,115.04775857344578,26.791002583352018,26.791010990700205,0.007409625423555874,16.0,11.0
337,8.0,110.73156128829808,110.73375410610807,453.8737884899289,453.8638844969423,105.49262967104968,105.48932599597876,27.213783557844987,27.214210504045717,0.021436729069563183,17.0,11.0
338,8.0,110.73375410610807,110.7384802364742,453.8638844969423,453.8453469611597,105.48932599597876,105.48349916349677,27.214210504045717,27.21501941806532,0.18448304584254832,17.0,11.0
339,8.0,110.7384802364742,110.73569701889755,453.8453469611597,453.8377504968852,105.48349916349677,105.48325784498229,27.21501941806532,27.21540324767319,0.0273644276098446,17.0,11.0
340,8.0,110.73569701889755,110.73051391691781,453.8377504968852,453.83391541680294,105.48325784498229,105.48178488582577,27.21540324767319,27.21573067004688,0.020909312655327583,17.0,11.0
341,8.0,110.73051391691781,110.73447132510736,453.83391541680294,453.83002358581155,105.48178488582577,105.48172882352063,27.21573067004688,27.216016568831943,0.030578604765743863,17.0,11.0
342,8.0,110.73447132510736,110.73760340979914,453.83002358581155,453.82767325131664,105.48172882352063,105.48046689252513,27.216016568831943,27.21624447003706,0.018098587990674937,17.0,11.0
343,8.0,110.73760340979914,110.73961884061808,453.82767325131664,453.8261262124723,105.48046689252513,105.48262812346657,27.21624447003706,27.216439648767178,0.01138109131757062,17.0,11.0
344,8.0,110.73961884061808,110.74023407550108,453.8261262124723,453.82568069565707,105.48262812346657,105.47985571644764,27.216439648767178,27.21661483761758,0.010958803750543365,17.0,11.0
345,8.0,110.74023407550108,110.74002531272095,453.82568069565707,453.8252313393367,105.47985571644764,105.47745561630127,27.21661483761758,27.216771083600054,0.012619690871879818,17.0,11.0
346,8.0,110.74002531272095,110.74042163017695,453.8252313393367,453.8242542337035,105.47745561630127,105.47577363623842,27.216771083600054,27.216905643705008,0.013944902414791628,17.0,11.0
347,8.0,110.74042163017695,110.74033825928196,453.8242542337035,453.8256495810009,105.47577363623842,105.47523536413341,27.216905643705008,27.217016040494574,0.012526853844384076,17.0,11.0
348,8.0,110.74033825928196,110.74104320018118,453.8256495810009,453.82555393752045,105.47523536413341,105.47604918543648,27.217016040494574,27.217103773344068,0.009492755093166647,17.0,11.0
349,8.0,110.74104320018118,110.74173822521985,453.82555393752045,453.82553263909483,105.47604918543648,105.47570390557891,27.217103773344068,27.217172980810503,0.04003040752503675,17.0,11.0
350,8.0,110.98583030182631,110.98622984115721,452.60792512823093,452.6115062369722,101.42922992381372,101.42474815033208,27.421590208258174,27.421841122105473,0.02062683757833785,18.0,11.0
351,8.0,110.98622984115721,110.9902023823998,452.6115062369722,452.615460452247,101.42474815033208,101.41502995379194,27.421841122105473,27.422340322724782,0.030172463492032005,18.0,11.0
352,8.0,110.9902023823998,110.99523560847044,452.615460452247,452.60859549580437,101.41502995379194,101.41102399259901,27.422340322724782,27.422773182332644,0.030525692114374208,18.0,11.0
353,8.0,110.99523560847044,110.99913023132851,452.60859549580437,452.60376361640317,101.41102399259901,101.4065048748499,27.422773182332644,27.423141268879213,0.022862344289734767,18.0,11.0
354,8.0,110.99913023132851,110.99783404332433,452.60376361640317,452.5995771918997,101.4065048748499,101.4017642465284,27.423141268879213,27.423462588294218,0.0989805577699951,18.0,11.0
355,8.0,110.99783404332433,110.99656137013733,452.5995771918997,452.5985569963558,101.4017642465284,101.40047881325336,27.423462588294218,27.42360150150184,0.014979053864823212,18.0,11.0
356,8.0,110.99656137013733,110.99708873478008,452.5985569963558,452.5971338335179,101.40047881325336,101.40078939037839,27.42360150150184,27.42371453798034,0.010451414664476293,18.0,11.0
357,8.0,110.99708873478008,110.99732079893037,452.5971338335179,452.5959588101955,101.40078939037839,101.40082257739509,27.42371453798034,27.42380889640987,0.013454969565075716,18.0,11.0
358,8.0,110.99732079893037,110.99770200330184,452.5959588101955,452.59661473338826,101.40082257739509,101.40072969763534,27.42380889640987,27.423877324275683,0.013244657520649737,18.0,11.0
359,8.0,110.99770200330184,110.99760001509506,452.59661473338826,452.59655588775286,101.40072969763534,101.40036602462722,27.423877324275683,27.423918510948887,0.021932543196047982,18.0,11.0
360,8.0,110.99760001509506,110.99759201767522,452.59655588775286,452.59654586820795,101.40036602462722,101.40037904552031,27.423918510948887,27.423923149695614,0.004469140160537635,18.0,11.0
361,8.0,111.20946125611408,111.4073986896462,450.47835506387776,449.218888520727,96.73070468802823,97.02956636489287,79.52085108675446,79.56453669485059,2.523085596871479,21.0,-11.0
362,8.0,111.4073986896462,111.78559202039848,449.218888520727,447.5146337002344,97.02956636489287,97.45369123147509,79.56453669485059,79.62447085208156,3.496382340532505,21.0,-11.0
363,8.0,111.78559202039848,111.81594811812667,447.5146337002344,446.5782258617584,97.45369123147509,97.90501606224143,79.62447085208156,79.65917959850441,1.9035929085390968,21.0,-11.0
364,8.0,111.81594811812667,111.81457846750989,446.5782258617584,446.54867802033976,97.90501606224143,97.91468491692794,79.65917959850441,79.66021843189199,0.050276425920898114,21.0,-11.0
365,8.0,111.81457846750989,111.70510824490393,446.54867802033976,445.3938278634147,97.91468491692794,98.3414017047915,79.66021843189199,79.70148154826434,2.5033330771130156,21.0,-11.0
366,8.0,111.70510824490393,111.76220279347233,445.3938278634147,444.98581691694244,98.3414017047915,98.43052984240067,79.70148154826434,79.7155598294538,0.7594006413076339,21.0,-11.0
367,8.0,111.76220279347233,111.91652527764226,444.98581691694244,444.45205948500933,98.43052984240067,98.54972632748004,79.7155598294538,79.73454651242106,0.8489857986673445,21.0,-11.0
368,8.0,111.91652527764226,112.17852155043586,444.45205948500933,443.8885513936101,98.54972632748004,98.87972090110873,79.73454651242106,79.75806991885732,1.2990577284598805,21.0,-11.0
369,8.0,112.17852155043586,112.33055489457581,443.8885513936101,443.65002566498606,98.87972090110873,99.3693928155036,79.75806991885732,79.77699517231638,1.1761561888923608,21.0,-11.0
370,8.0,112.33055489457581,112.46559868459357,443.65002566498606,443.5549422727603,99.3693928155036,99.77799674637845,79.77699517231638,79.79176959953533,1.0416974878790177,21.0,-11.0
371,8.0,112.46559868459357,112.7029465031037,443.5549422727603,443.54344610053533,99.77799674637845,100.00818795481173,79.79176959953533,79.80289253616849,0.6909590703267128,21.0,-11.0
372,8.0,112.7029465031037,112.7543043780848,443.54344610053533,443.56590589629985,100.00818795481173,100.00034192747708,79.80289253616849,79.80480229431278,0.07634015918119673,21.0,-11.0
373,8.0,112.7543043780848,112.96005657537475,443.56590589629985,443.69869843431997,100.00034192747708,99.95293672245782,79.80480229431278,79.81322359988127,0.7615648503515857,21.0,-11.0
374,8.0,112.96005657537475,113.09916632908039,443.69869843431997,443.7322872702806,99.95293672245782,100.04718255546766,79.81322359988127,79.81905825384251,0.32051074412623887,21.0,-11.0
375,8.0,113.09916632908039,113.09543009411902,443.7322872702806,443.8647989902955,100.04718255546766,100.08973406424055,79.81905825384251,79.82383006836793,0.24495998165317043,21.0,-11.0
376,8.0,113.09543009411902,113.15930070280979,443.8647989902955,443.95616682265336,100.08973406424055,100.1184634419938,79.82383006836793,79.82780496354684,0.24457656031885303,21.0,-11.0
377,8.0,113.15930070280979,113.21594533083726,443.95616682265336,443.9620328222792,100.1184634419938,100.19020371234183,79.82780496354684,79.8310022493359,0.16795780440816863,21.0,-11.0
378,8.0,113.21594533083726,113.26830870953786,443.9620328222792,443.9687942378215,100.19020371234183,100.24464965730904,79.8310022493359,79.83367856146765,0.1443170038083962,21.0,-11.0
379,8.0,113.26830870953786,113.28744624760732,443.9687942378215,443.9136410750997,100.24464965730904,100.2673817843477,79.83367856146765,79.83591796086259,0.4334828618571853,21.0,-11.0
380,8.0,113.28744624760732,113.2919067723227,443.9136410750997,443.8894597505484,100.2673817843477,100.27607481287288,79.83591796086259,79.83693436525462,0.0641791872229646,21.0,-11.0
381,8.0,113.2919067723227,113.29657365361871,443.8894597505484,443.8687095455226,100.27607481287288,100.27594240580484,79.83693436525462,79.83778588898292,0.04288530015435679,21.0,-11.0
382,8.0,113.29657365361871,113.29433788246745,443.8687095455226,443.8511968684231,100.27594240580484,100.28034303324098,79.83778588898292,79.83853089300129,0.05707102011438422,21.0,-11.0
383,8.0,113.29433788246745,113.29298096004536,443.8511968684231,443.8380913589398,100.28034303324098,100.28593248672183,79.83853089300129,79.83913942697404,0.04031396456329215,21.0,-11.0
384,8.0,113.29298096004536,113.28921844308749,443.8380913589398,443.8277352514322,100.28593248672183,100.2899504387448,79.83913942697404,79.8396553917856,0.0503202721925614,21.0,-11.0
385,8.0,113.28921844308749,113.29322903196605,443.8277352514322,443.82038616601204,100.2899504387448,100.29242577661869,79.8396553917856,79.84006137360598,0.025529927858842658,21.0,-11.0
386,8.0,113.29322903196605,113.29283778252211,443.82038616601204,443.8147139073444,100.29242577661869,100.29703755363457,79.84006137360598,79.84041425276453,0.021864053561493464,21.0,-11.0
387,8.0,113.29283778252211,113.29037658986545,443.8147139073444,443.8104122975868,100.29703755363457,100.30073280223417,79.84041425276453,79.84072331827919,0.050455905018900495,21.0,-11.0
388,8.0,113.29037658986545,113.28815054043312,443.8104122975868,443.8087204191731,100.30073280223417,100.30334600498603,79.84072331827919,79.84093801222153,0.02336278666201371,21.0,-11.0
389,8.0,113.28815054043312,113.28593158850359,443.8087204191731,443.8088760849081,100.30334600498603,100.30151661440541,79.84093801222153,79.84111245865611,0.01595679407597942,21.0,-11.0
390,8.0,113.28593158850359,113.2863566337727,443.8088760849081,443.80662912846554,100.30151661440541,100.3014665967184,79.84111245865611,79.84126053846265,0.012019381173315321,21.0,-11.0
391,8.0,113.2863566337727,113.28574190439085,443.80662912846554,443.8050992461049,100.3014665967184,100.30234288101127,79.84126053846265,79.84138903090768,0.016532193354283433,21.0,-11.0
392,8.0,113.28574190439085,113.28545882840629,443.8050992461049,443.80389001339836,100.30234288101127,100.30189591036398,79.84138903090768,79.84149010651684,0.019948015323997904,21.0,-11.0
393,8.0,113.28545882840629,113.28496485998258,443.80389001339836,443.80405589650417,100.30189591036398,100.30235032455212,79.84149010651684,79.84155415689251,0.013879674303197148,21.0,-11.0
394,8.0,113.28496485998258,113.28472618803264,443.80405589650417,443.8039903587056,100.30235032455212,100.30254060189657,79.84155415689251,79.841590130233,0.022858042475077223,21.0,-11.0
395,8.0,111.76220279347233,111.76935841847721,444.98581691694244,444.97848152980544,98.43052984240067,98.42186938687304,79.7155598294538,79.71608143141833,0.01910022300235395,25.0,11.0
396,8.0,111.76935841847721,111.78467695479378,444.97848152980544,444.969655097525,98.42186938687304,98.40376850231212,79.71608143141833,79.71707213449577,0.062071347330739685,25.0,11.0
397,8.0,111.78467695479378,111.78717092320262,444.969655097525,444.9536562806181,98.40376850231212,98.3908121783863,79.71707213449577,79.71790655848585,0.08792071738012415,25.0,11.0
398,8.0,111.78717092320262,111.77886320457519,444.9536562806181,444.94202459958706,98.3908121783863,98.39403332296988,79.71790655848585,79.71852873395781,0.08937014091867011,25.0,11.0
399,8.0,111.77886320457519,111.77250291417594,444.94202459958706,444.9386236371214,98.39403332296988,98.38850215066307,79.71852873395781,79.71894977922832,0.023027859472367088,25.0,11.0
400,8.0,111.77250291417594,111.77797101822577,444.9386236371214,444.9335779173149,98.38850215066307,98.39080285955116,79.71894977922832,79.71932206478597,0.06782119118972922,25.0,11.0
401,8.0,111.77797101822577,111.78106706446746,444.9335779173149,444.93100456573563,98.39080285955116,98.39248290332846,79.71932206478597,79.7195601783543,0.022080606947450322,25.0,11.0
402,8.0,111.78106706446746,111.7841193943336,444.93100456573563,444.932497688285,98.39248290332846,98.39258356010869,79.7195601783543,79.71975808538953,0.010206612312923146,25.0,11.0
403,8.0,111.7841193943336,111.78638826495236,444.932497688285,444.93407116475,98.39258356010869,98.3914563244991,79.71975808538953,79.71993799575301,0.015406511306644015,25.0,11.0
404,8.0,111.78638826495236,111.78676039976737,444.93407116475,444.93642682908757,98.3914563244991,98.39148993611579,79.71993799575301,79.72009124837652,0.02069718002313705,25.0,11.0
405,8.0,111.78676039976737,111.78805897521337,444.93642682908757,444.936878316616,98.39148993611579,98.3923831474244,79.72009124837652,79.72020887122552,0.013362748889307108,25.0,11.0
406,8.0,111.78805897521337,111.78869828634063,444.936878316616,444.9370472148706,98.3923831474244,98.39337105260236,79.72020887122552,79.72030270703111,0.01017519045072981,25.0,11.0
407,8.0,111.78869828634063,111.78862331326556,444.9370472148706,444.9378579518787,98.39337105260236,98.39309729963763,79.72030270703111,79.72037715940363,0.01703923916197601,25.0,11.0
408,8.0,111.78862331326556,111.78887156289154,444.9378579518787,444.93805746930803,98.39309729963763,98.3929248284417,79.72037715940363,79.7204167448486,0.025601573411952485,25.0,11.0
409,8.0,111.91652527764226,111.92405959772353,444.45205948500933,444.44528914012415,98.54972632748004,98.54619781415538,79.73454651242106,79.73497515774781,0.027968699013265597,26.0,11.0
410,8.0,111.92405959772353,111.93564933320754,444.44528914012415,444.43131424835485,98.54619781415538,98.53841694317694,79.73497515774781,79.73577558038244,0.0451274681996596,26.0,11.0
411,8.0,111.93564933320754,111.92382521428317,444.43131424835485,444.42060616025935,98.53841694317694,98.53381039113285,79.73577558038244,79.73646646690348,0.08513702731189547,26.0,11.0
412,8.0,111.92382521428317,111.91398531009774,444.42060616025935,444.4194286146152,98.53381039113285,98.528873998048,79.73646646690348,79.73696031846615,0.03267165547314113,26.0,11.0
413,8.0,111.91398531009774,111.91072291821006,444.4194286146152,444.4113184712193,98.528873998048,98.52626392300458,79.73696031846615,79.73738262062929,0.03378774588593722,26.0,11.0
414,8.0,111.91072291821006,111.9086005832077,444.4113184712193,444.4044067030901,98.52626392300458,98.52604797781993,79.73738262062929,79.73773383592139,0.03394233456944563,26.0,11.0
415,8.0,111.9086005832077,111.90615567201894,444.4044067030901,444.39991042365347,98.52604797781993,98.52801738350722,79.73773383592139,79.7380170880822,0.01948614205334937,26.0,11.0
416,8.0,111.90615567201894,111.90711439156988,444.39991042365347,444.39572501805634,98.52801738350722,98.52953897565389,79.7380170880822,79.73826308460717,0.024586340440709488,26.0,11.0
417,8.0,111.90711439156988,111.90553654245616,444.39572501805634,444.39631963673554,98.52953897565389,98.53257308090443,79.73826308460717,79.73846404527856,0.01604085614580053,26.0,11.0
418,8.0,111.90553654245616,111.90521898212432,444.39631963673554,444.3982830910821,98.53257308090443,98.53457056956411,79.73846404527856,79.7386367784978,0.019396099796971468,26.0,11.0
419,8.0,111.90521898212432,111.90691131940503,444.3982830910821,444.3982949833536,98.53457056956411,98.53578868134119,79.7386367784978,79.73877609031584,0.015535183547920018,26.0,11.0
420,8.0,111.90691131940503,111.90792923307177,444.3982949833536,444.39862439233247,98.53578868134119,98.53468364395403,79.73877609031584,79.7388885589444,0.016886732463435115,26.0,11.0
421,8.0,111.90792923307177,111.90725769849624,444.39862439233247,444.39933170225214,98.53468364395403,98.53461471644519,79.7388885589444,79.73897025211329,0.015333730874472392,26.0,11.0
422,8.0,111.90725769849624,111.90718323982303,444.39933170225214,444.39938700023066,98.53461471644519,98.53511188025129,79.73897025211329,79.73902085288695,0.02001198159788135,26.0,11.0
423,8.0,111.90718323982303,111.90721161300826,444.39938700023066,444.39933072637496,98.53511188025129,98.53505738738569,79.73902085288695,79.739034463882,0.010996445490068948,26.0,11.0
424,8.0,67.08917068934126,67.08832136567594,433.1160494399358,433.1147687477002,119.27943366771267,119.27981981189994,81.54518001392509,81.54526970404136,0.003888178704902674,30.0,11.0
425,8.0,67.08832136567594,67.08619990488273,433.1147687477002,433.11262585606784,119.27981981189994,119.28181348304607,81.54526970404136,81.5454767521755,0.018956362104856236,30.0,11.0
426,8.0,67.08619990488273,67.08361718216784,433.11262585606784,433.11146463274525,119.28181348304607,119.28162939861284,81.5454767521755,81.54565031861475,0.017975823320189762,30.0,11.0
427,8.0,67.08361718216784,67.08180886315759,433.11146463274525,433.1105138757246,119.28162939861284,119.28094535561146,81.54565031861475,81.54579289207595,0.03442446541999983,30.0,11.0
428,8.0,67.08180886315759,67.08089172364224,433.1105138757246,433.1105535271702,119.28094535561146,119.28061851125763,81.54579289207595,81.54587438811856,0.02969732129598605,30.0,11.0
429,8.0,67.08089172364224,67.08072648734583,433.1105535271702,433.11052503289557,119.28061851125763,119.28063869509367,81.54587438811856,81.54589706154502,0.016542424445719465,30.0,11.0
430,8.0,55.01127420643441,55.010890309358885,442.79331883291223,442.7942946236411,126.52988178543964,126.52974580430714,82.11526644924447,82.11533225182028,0.0017953453318317889,32.0,11.0
431,8.0,55.010890309358885,55.010225828097404,442.7942946236411,442.79678927215235,126.52974580430714,126.53004413234908,82.11533225182028,82.11549519013582,0.01490227523870518,32.0,11.0
432,8.0,55.010225828097404,55.00838149364394,442.79678927215235,442.79765067135713,126.53004413234908,126.52987214149648,82.11549519013582,82.1156324972502,0.017490966373524926,32.0,11.0
433,8.0,55.00838149364394,55.00747318131209,442.79765067135713,442.7965968500201,126.52987214149648,126.53021099055886,82.1156324972502,82.11573945782509,0.012327878138567016,32.0,11.0
434,8.0,55.00747318131209,55.00674810748882,442.7965968500201,442.797205306648,126.53021099055886,126.52981989001803,82.11573945782509,82.11582389449805,0.01943650318518926,32.0,11.0
435,8.0,55.00674810748882,55.00696584395106,442.797205306648,442.79715926784775,126.52981989001803,126.53019091625546,82.11582389449805,82.11586900880128,0.017868077737239682,32.0,11.0
436,8.0,55.00696584395106,55.00703540470698,442.79715926784775,442.7971897227425,126.53019091625546,126.53018075057632,82.11586900880128,82.11588182477473,0.010472314889535025,32.0,11.0
437,8.0,54.00053243510426,54.00081427179649,442.5901835545507,442.59037029441697,128.792985604566,128.7941871001454,82.19821936502414,82.19829392935178,0.0032069861749459585,34.0,11.0
438,8.0,54.00081427179649,54.001437951720675,442.59037029441697,442.5900796853795,128.7941871001454,128.7970673115665,82.19829392935178,82.19847291907288,0.015885892512553387,34.0,11.0
439,8.0,54.001437951720675,54.00216393224322,442.5900796853795,442.58828253654883,128.7970673115665,128.79839139838663,82.19847291907288,82.19862443934127,0.019877023893578087,34.0,11.0
440,8.0,54.00216393224322,54.00248771445909,442.58828253654883,442.58669672500747,128.79839139838663,128.79860875342098,82.19862443934127,82.19874173744851,0.01182152418400644,34.0,11.0
441,8.0,54.00248771445909,54.00259380877829,442.58669672500747,442.58675985069715,128.79860875342098,128.79738146176817,82.19874173744851,82.19883804705852,0.01240880685726296,34.0,11.0
442,8.0,54.00259380877829,54.003365815183564,442.58675985069715,442.58657928945433,128.79738146176817,128.79713241514847,82.19883804705852,82.1989107453741,0.016394704628942915,34.0,11.0
443,8.0,54.003365815183564,54.0032546924957,442.58657928945433,442.5869171125234,128.79713241514847,128.79715577020775,82.1989107453741,82.19894986441474,0.016548838962111,34.0,11.0
444,8.0,54.0032546924957,54.00327826226968,442.5869171125234,442.5869179387748,128.79715577020775,128.7971038078777,82.19894986441474,82.19896024227215,0.008818361087591407,34.0,11.0
445,8.0,51.34350816327411,51.34334483673048,442.4299148218012,442.4300230365652,127.68809194652488,127.68804947354246,82.29435444721037,82.29437326414865,0.0013704718179329332,35.0,11.0
446,8.0,51.34334483673048,51.3428848103746,442.4300230365652,442.4303902454656,127.68804947354246,127.68792603792926,82.29437326414865,82.2944307235837,0.015968918161077355,35.0,11.0
447,8.0,51.3428848103746,51.342729473119064,442.4303902454656,442.43051831152496,127.68792603792926,127.68794595751667,82.2944307235837,82.29445657952898,0.01834648009864376,35.0,11.0
448,8.0,50.727666831525354,50.72759013737602,439.6488168577629,439.6485535307712,127.48613676156201,127.48617002649439,82.38961519740015,82.3896476519953,0.01910126764540505,37.0,11.0
449,8.0,50.72759013737602,50.727590395179725,439.6485535307712,439.6485571985824,127.48617002649439,127.48616207675032,82.3896476519953,82.38965043680815,0.0028356699040315778,37.0,11.0
450,8.0,51.84601716745999,51.846066262399425,438.4318952754782,438.4318288667943,128.11224950114243,128.112220650683,82.44855867422896,82.44856877796921,0.0016854277922455846,38.0,11.0
451,8.0,51.846066262399425,51.84614749547868,438.4318288667943,438.431588070708,128.112220650683,128.11218071380011,82.44856877796921,82.44859958292474,0.016992669600119182,38.0,11.0
452,8.0,51.84614749547868,51.84614254115498,438.431588070708,438.4315910088374,128.11218071380011,128.11216615898724,82.44859958292474,82.44860374655295,0.004065993579841623,38.0,11.0
453,8.0,51.47346908954719,51.473215138396846,437.66618118660597,437.6661585003129,130.41989786264872,130.42014918327544,82.53061640538353,82.53065565417799,0.01836085061544513,40.0,11.0
454,8.0,51.473215138396846,51.473196582649315,437.6661585003129,437.6661503167352,130.42014918327544,130.42011559146474,82.53065565417799,82.53066360302383,0.007071615628702531,40.0,11.0
455,8.0,51.8008520437909,51.80040021482345,437.6234742987009,437.62362794467816,130.17145235724814,130.17077325152425,82.5443824663441,82.54443704526578,0.0037246408942070673,42.0,11.0
456,8.0,51.80040021482345,51.79919795917791,437.62362794467816,437.6244816792265,130.17077325152425,130.16932635858862,82.54443704526578,82.5445754439834,0.012045743920305082,42.0,11.0
457,8.0,51.79919795917791,51.79952646577988,437.6244816792265,437.62387411358407,130.16932635858862,130.16783916096284,82.5445754439834,82.54469307979072,0.018576180550386533,42.0,11.0
458,8.0,51.79952646577988,51.7991788021959,437.62387411358407,437.62377889978734,130.16783916096284,130.16688630941425,82.54469307979072,82.54477719905431,0.009280816635233174,42.0,11.0
459,8.0,51.7991788021959,51.79883334639165,437.62377889978734,437.62395807857155,130.16688630941425,130.16627662011751,82.54477719905431,82.54484294152192,0.013563551011799775,42.0,11.0
460,8.0,51.79883334639165,51.79911037722652,437.62395807857155,437.6241433101944,130.16627662011751,130.16635216564222,82.54484294152192,82.54488086940168,0.015590220246656456,42.0,11.0
461,8.0,51.79911037722652,51.79913493389887,437.6241433101944,437.6241669110676,130.16635216564222,130.16630147032635,82.54488086940168,82.54489176387798,0.00917542782433079,42.0,11.0
462,8.0,132.9476139571729,132.94773661130873,448.35325447081107,448.3532775193604,92.22512894330771,92.22522809166942,80.56671392896358,80.5667298074984,0.0015098288629205947,43.0,11.0
463,8.0,132.94773661130873,132.94808697698977,448.3532775193604,448.3534186912387,92.22522809166942,92.22551104576753,80.5667298074984,80.56677790113008,0.019311816935779484,43.0,11.0
464,8.0,132.94808697698977,132.94810033680943,448.3534186912387,448.3533640152069,92.22551104576753,92.22556320770634,80.56677790113008,80.56679073219034,0.010482322664112913,43.0,11.0
465,8.0,138.63028745062866,138.63441443722735,449.83216357690173,449.8359650974313,86.88460486091648,86.8834499458591,80.83147463312176,80.8317263350469,0.00941149593674606,44.0,11.0
466,8.0,138.63441443722735,138.63982940117702,449.8359650974313,449.8459111036377,86.8834499458591,86.88182020997104,80.8317263350469,80.83223360353118,0.03117277550687537,44.0,11.0
467,8.0,138.63982940117702,138.64321842431542,449.8459111036377,449.85065083628325,86.88182020997104,86.87424043275902,80.83223360353118,80.832672104586,0.029788240064983814,44.0,11.0
468,8.0,138.64321842431542,138.6399265418483,449.85065083628325,449.853173292218,86.87424043275902,86.86756214506292,80.832672104586,80.8330471589642,0.032142906829528146,44.0,11.0
469,8.0,138.6399265418483,138.63508485923722,449.853173292218,449.85430163951366,86.86756214506292,86.863941184255,80.8330471589642,80.83335659837198,0.03505435524526457,44.0,11.0
470,8.0,138.63508485923722,138.63086707213213,449.85430163951366,449.8553151056593,86.863941184255,86.86294263062739,80.83335659837198,80.83359834909407,0.018018275555418965,44.0,11.0
471,8.0,138.63086707213213,138.63108366299696,449.8553151056593,449.85403003953417,86.86294263062739,86.8663558288844,80.83359834909407,80.83380702743648,0.008752923965305998,44.0,11.0
472,8.0,138.63108366299696,138.63392347050006,449.85403003953417,449.8554344692128,86.8663558288844,86.86548463915088,80.83380702743648,80.83400006834466,0.06403536271878771,44.0,11.0
473,8.0,138.63392347050006,138.63483618071155,449.8554344692128,449.85514827264535,86.86548463915088,86.86544207524109,80.83400006834466,80.83408054855173,0.014875195929872636,44.0,11.0
474,8.0,138.63483618071155,138.63527116648328,449.85514827264535,449.8548998337974,86.86544207524109,86.86544719694794,80.83408054855173,80.83413079734875,0.025525744988344708,44.0,11.0
475,8.0,138.63527116648328,138.63528473448986,449.8548998337974,449.8548874052957,86.86544719694794,86.86546307607257,80.83413079734875,80.83413646333585,0.005312512048180215,44.0,11.0
476,8.0,136.9178785483507,136.91788413914975,448.74550530339076,448.7454981505988,86.04952781055485,86.04953997045656,80.90463625687758,80.90464033141505,0.00398947839637434,45.0,11.0
477,8.0,136.03757737784633,136.0374224292969,448.43766427251524,448.4375074283939,85.32536321151574,85.32480105817407,80.94401961982419,80.94406252573067,0.0028518211705285323,48.0,11.0
478,8.0,136.0374224292969,136.03761708919646,448.4375074283939,448.43740611208534,85.32480105817407,85.32322142220141,80.94406252573067,80.9441778885277,0.017781302464431537,48.0,11.0
479,8.0,136.03761708919646,136.03849398249662,448.43740611208534,448.43771274143666,85.32322142220141,85.32359772019035,80.9441778885277,80.94426103720583,0.01038876824692261,48.0,11.0
480,8.0,136.03849398249662,136.03894314421547,448.43771274143666,448.43808490404865,85.32359772019035,85.32326088871781,80.94426103720583,80.94432345720053,0.009341932625220243,48.0,11.0
481,8.0,136.03894314421547,136.03881232925949,448.43808490404865,448.4384686399907,85.32326088871781,85.3232982824077,80.94432345720053,80.94436659916538,0.012951876714617127,48.0,11.0
482,8.0,136.03881232925949,136.0387122340549,448.4384686399907,448.4385355398399,85.3232982824077,85.32324180393648,80.94436659916538,80.944385664803,0.01441857830379396,48.0,11.0
483,8.0,132.3647928573032,132.36417457506292,452.4079226730631,452.4081838909332,91.66386155175952,91.66377526007683,81.2219724038058,81.22203503621421,0.022179881055490687,50.0,11.0
484,8.0,132.36417457506292,132.36407531196306,452.4081838909332,452.40826809571445,91.66377526007683,91.66381626316057,81.22203503621421,81.22205446263982,0.01463552407704679,50.0,11.0
485,8.0,138.51297371943065,138.51297370818395,448.96613473763483,448.96613880571175,93.24896457553761,93.24896943986583,81.46285055405569,81.46285278585071,0.002310592922509893,51.0,11.0
486,8.0,140.45586651633036,140.4558917567701,447.7676849517309,447.7676995932925,92.75985390441541,92.75983469537671,81.54072570795668,81.54073302772235,0.006601218739337054,54.0,11.0
487,8.0,141.57427587740898,141.5742014144868,445.5847454838378,445.5839654046201,94.56925507973689,94.5695396601806,81.64239183740935,81.64244647495401,0.0032398623232543014,55.0,11.0
488,8.0,141.5742014144868,141.57391432288196,445.5839654046201,445.5818787841514,94.5695396601806,94.5696379846714,81.64244647495401,81.64258689045569,0.011242527195196274,55.0,11.0
489,8.0,141.57391432288196,141.5747935348765,445.5818787841514,445.5813603877981,94.5696379846714,94.57100797210678,81.64258689045569,81.64270796242758,0.01301099245295585,55.0,11.0
490,8.0,141.5747935348765,141.57364764869686,445.5813603877981,445.5808333632347,94.57100797210678,94.57111807285216,81.64270796242758,81.64280605695242,0.01736645155290791,55.0,11.0
491,8.0,141.57364764869686,141.5738355611931,445.5808333632347,445.5815144660809,94.57111807285216,94.57111974360856,81.64280605695242,81.64287068854864,0.013647180835521088,55.0,11.0
492,8.0,141.5738355611931,141.57364750018417,445.5815144660809,445.5817700385214,94.57111974360856,94.57104191288988,81.64287068854864,81.64290738717199,0.019724050227432274,55.0,11.0
493,8.0,141.57364750018417,141.57363469300537,445.5817700385214,445.5817783559711,94.57104191288988,94.57103254021865,81.64290738717199,81.64291196277178,0.004415985990586017,55.0,11.0
494,8.0,141.57427552542435,141.57427554103336,445.5847471760056,445.5847528510941,94.56925693497337,94.56926238829489,81.64239266631014,81.64239525380901,0.002650743471592534,56.0,11.0
495,8.0,112.76503729025676,112.76499818369473,443.57553302654907,443.57557658383973,99.99510727774047,99.99510459758815,79.8053175387671,79.80532811539915,0.0089562070937515,59.0,11.0
496,8.0,112.76504997990735,112.76504558847871,443.5755197643354,443.5755223981254,99.99510968456164,99.99511464665747,79.80531479458729,79.80531721270758,0.002489985881312252,60.0,11.0
497,8.0,112.29268915605508,112.29395833682227,439.6155751175519,439.6113542444693,99.81472761104537,99.8161822868843,79.9005389615655,79.90075086222203,0.007194538577199432,63.0,11.0
498,8.0,112.29395833682227,112.29810194225517,439.6113542444693,439.60301792312737,99.8161822868843,99.81723132153509,79.90075086222203,79.9011822543814,0.04980387813868484,63.0,11.0
499,8.0,112.29810194225517,112.30110652798285,439.60301792312737,439.5974753097028,99.81723132153509,99.81920832332625,79.9011822543814,79.90150942740725,0.020623109072247865,63.0,11.0
500,8.0,112.30110652798285,112.30305234063471,439.5974753097028,439.59471991579977,99.81920832332625,99.82362662726204,79.90150942740725,79.90179564374534,0.027734938872099425,63.0,11.0
501,8.0,112.30305234063471,112.30556565875979,439.59471991579977,439.5966628954965,99.82362662726204,99.82644806583046,79.90179564374534,79.90202909667201,0.02139213468162773,63.0,11.0
502,8.0,112.30556565875979,112.30826711376842,439.5966628954965,439.5985559325403,99.82644806583046,99.82604125425931,79.90202909667201,79.90222376581576,0.023831107474957966,63.0,11.0
503,8.0,112.30826711376842,112.31018797841277,439.5985559325403,439.5980269465902,99.82604125425931,99.8247327786131,79.90222376581576,79.90237695015726,0.019805451307736827,63.0,11.0
504,8.0,112.31018797841277,112.31166131690607,439.5980269465902,439.59728845780063,99.8247327786131,99.82446922204674,79.90237695015726,79.90249605471594,0.014022112009407136,63.0,11.0
505,8.0,112.31166131690607,112.31212185448048,439.59728845780063,439.5976614787981,99.82446922204674,99.82343139170843,79.90249605471594,79.9025902435952,0.01563193583563453,63.0,11.0
506,8.0,112.31212185448048,112.31166273966903,439.5976614787981,439.5971426555643,99.82343139170843,99.82339189151541,79.9025902435952,79.90265403188256,0.011530363788167295,63.0,11.0
507,8.0,112.31166273966903,112.31185512877751,439.5971426555643,439.5969625693753,99.82339189151541,99.82313462109559,79.90265403188256,79.90269410584206,0.021897135019558093,63.0,11.0
508,8.0,112.31185512877751,112.31186042081076,439.5969625693753,439.59695077992853,99.82313462109559,99.82312715128343,79.90269410584206,79.9026981337067,0.003949261761461095,63.0,11.0
509,8.0,112.29269055279545,112.29269450424408,439.6155734471216,439.6155687213906,99.81472873239036,99.8147319047317,79.90053977224277,79.90054214336804,0.002445015888463589,64.0,11.0
510,8.0,110.7258548898013,110.72593088625231,442.03105420589765,442.0313307659565,95.02398801069617,95.02380046724942,80.08697919536348,80.08700724594473,0.0021854041756576765,67.0,11.0
511,8.0,110.72593088625231,110.72622480393541,442.0313307659565,442.03206634996224,95.02380046724942,95.0232250208721,80.08700724594473,80.087089018682,0.017333243565501335,67.0,11.0
512,8.0,110.72622480393541,110.72594962444968,442.03206634996224,442.03232799148617,95.0232250208721,95.02298040171176,80.087089018682,80.08713558383357,0.02905027820314707,67.0,11.0
513,8.0,105.3868770637198,105.38683534379041,436.5785573491148,436.57854273728407,92.72719958291353,92.72718247359902,80.35280870792779,80.35281779962735,0.007906975809545799,69.0,11.0
514,8.0,105.3156773736608,105.3155159078162,435.3912943235033,435.3908505925503,92.35862983575889,92.35849046215466,80.3943512308106,80.39440084225468,0.01922356265991319,70.0,11.0
515,8.0,105.3155159078162,105.31547255042187,435.3908505925503,435.390794079639,92.35849046215466,92.35854108646481,80.39440084225468,80.39441492777965,0.011306323450712516,70.0,11.0
516,8.0,105.23861131736302,105.23861656103688,435.04627612672874,435.04628145969565,94.21210793044636,94.21210711890888,80.45727553360393,80.45727804215491,0.002576066702290356,71.0,11.0
517,8.0,105.10026650073296,105.0998575461804,434.7306605517715,434.7302092574354,94.60906252303457,94.60996804076217,80.47480905474691,80.4748759128555,0.0035479424857244417,74.0,11.0
518,8.0,105.0998575461804,105.09908714007425,434.7302092574354,434.7286605846292,94.60996804076217,94.61201804838095,80.4748759128555,80.47504258470042,0.01495272547156052,74.0,11.0
519,8.0,105.09908714007425,105.09899029523265,434.7286605846292,434.7286562834477,94.61201804838095,94.61413535326685,80.47504258470042,80.47518351574614,0.016185833408736017,74.0,11.0
520,8.0,105.09899029523265,105.09847225515091,434.7286562834477,434.72840271163506,94.61413535326685,94.61557202049627,80.47518351574614,80.47529649787107,0.009931760471986927,74.0,11.0
521,8.0,105.09847225515091,105.09864361469059,434.72840271163506,434.72906163604586,94.61557202049627,94.61456655067633,80.47529649787107,80.4753917493185,0.011222928749281583,74.0,11.0
522,8.0,105.09864361469059,105.09947647666256,434.72906163604586,434.72905245782897,94.61456655067633,94.61439564216354,80.4753917493185,80.47546565664756,0.010010004984043286,74.0,11.0
523,8.0,105.09947647666256,105.09907130914257,434.72905245782897,434.72926759204256,94.61439564216354,94.61410297711754,80.47546565664756,80.47551905188479,0.013007452273846688,74.0,11.0
524,8.0,105.09907130914257,105.0989081227926,434.72926759204256,434.7294142038093,94.61410297711754,94.61413680484274,80.47551905188479,80.475546714582,0.01934956862778527,74.0,11.0
525,8.0,105.10026397381314,105.10025717124067,434.73065990635723,434.7306573695023,94.60906341240249,94.60906825857424,80.47480992869356,80.47481270697807,0.0028295867130247775,75.0,11.0
526,8.0,111.79720503363512,111.79727341971719,446.4893148921889,446.4894597023701,97.92317943680285,97.92303090806982,79.66228042306699,79.66230776308858,0.01917151948744236,78.0,11.0
527,8.0,111.79715069640758,111.79714663500594,446.48927445490915,446.4892679305578,97.92319259071539,97.92319310177989,79.66227297249958,79.66227552187928,0.00261474,79.0,11.0
528,8.0,112.18436270580091,112.24087424894435,435.28782460079657,435.0828553303806,103.18214460561501,103.34432165564299,80.07505292713356,80.08399756183904,0.5385685365801797,83.0,11.0
529,8.0,112.24087424894435,112.45785527108141,435.0828553303806,434.67515760664355,103.34432165564299,103.66629688079524,80.08399756183904,80.10283878281575,1.0808169246618926,83.0,11.0
530,8.0,112.45785527108141,112.61927351997872,434.67515760664355,434.5689826239847,103.66629688079524,104.07150891972992,80.10283878281575,80.11788469146711,0.7350672356397461,83.0,11.0
531,8.0,112.61927351997872,112.76099980056165,434.5689826239847,434.5103224440778,104.07150891972992,104.41007744826277,80.11788469146711,80.13036353945844,0.8786482707623474,83.0,11.0
532,8.0,112.76099980056165,112.82026700092506,434.5103224440778,434.4600479945851,104.41007744826277,104.60279004794506,80.13036353945844,80.1373645996939,0.4623308824930357,83.0,11.0
533,8.0,112.82026700092506,112.78354882663757,434.4600479945851,434.3920422925465,104.60279004794506,104.79953554314484,80.1373645996939,80.14452310586807,0.43671222309285695,83.0,11.0
534,8.0,112.78354882663757,112.64717432557931,434.3920422925465,434.4082331453139,104.79953554314484,104.89509902177637,80.14452310586807,80.15022220846078,0.33757889629754284,83.0,11.0
535,8.0,112.64717432557931,112.51525481464917,434.4082331453139,434.42940341260044,104.89509902177637,104.88631200260131,80.15022220846078,80.15481601387931,0.33672788962112044,83.0,11.0
536,8.0,112.51525481464917,112.45533081310437,434.42940341260044,434.50766438682456,104.88631200260131,104.91007238226163,80.15481601387931,80.15833540476763,0.1901154618469645,83.0,11.0
537,8.0,112.45533081310437,112.37333835610926,434.50766438682456,434.5167991218399,104.91007238226163,104.92329527068894,80.15833540476763,80.16126519602,0.28450306076468773,83.0,11.0
538,8.0,112.37333835610926,112.33398520564079,434.5167991218399,434.5518997043861,104.92329527068894,104.94705474318228,80.16126519602,80.16334387770873,0.1330450697512534,83.0,11.0
539,8.0,112.33398520564079,112.33073058149591,434.5518997043861,434.5509895042884,104.94705474318228,104.95139792396716,80.16334387770873,80.16354535803916,0.0051683401771527365,83.0,11.0
540,8.0,112.33073058149591,112.3008547188363,434.5509895042884,434.54752755067557,104.95139792396716,104.98352675858698,80.16354535803916,80.16516440622283,0.08754464980577828,83.0,11.0
541,8.0,112.3008547188363,112.2844155281405,434.54752755067557,434.527433287749,104.98352675858698,105.00961192149589,80.16516440622283,80.16654269500482,0.09782732777029102,83.0,11.0
542,8.0,112.2844155281405,112.26467083240725,434.527433287749,434.5337062096311,105.00961192149589,104.98919394777563,80.16654269500482,80.16766154617872,0.06486556498877047,83.0,11.0
543,8.0,112.26467083240725,112.27166382907208,434.5337062096311,434.5568174182846,104.98919394777563,104.99109509818993,80.16766154617872,80.16861538693533,0.08319714817898712,83.0,11.0
544,8.0,112.27166382907208,112.27979766995288,434.5568174182846,434.57191136641205,104.99109509818993,104.99723759212961,80.16861538693533,80.16936243142088,0.05197259752916003,83.0,11.0
545,8.0,112.27979766995288,112.27361275262096,434.57191136641205,434.5846003501595,104.99723759212961,105.00124937429635,80.16936243142088,80.16998541296624,0.038868917089193426,83.0,11.0
546,8.0,112.27361275262096,112.26634417972086,434.5846003501595,434.5927664229944,105.00124937429635,105.00658340315564,80.16998541296624,80.1705187978996,0.044407988292783654,83.0,11.0
547,8.0,112.26634417972086,112.26331108260099,434.5927664229944,434.600944653653,105.00658340315564,105.01025500574345,80.1705187978996,80.17095372535803,0.026762036084197926,83.0,11.0
548,8.0,112.26331108260099,112.26054260413343,434.600944653653,434.60780586205493,105.01025500574345,105.01312951500435,80.17095372535803,80.1713316591755,0.031084697658212278,83.0,11.0
549,8.0,112.26054260413343,112.25718209332774,434.60780586205493,434.61211863664386,105.01312951500435,105.01004998170318,80.1713316591755,80.17164595661754,0.020458653143355588,83.0,11.0
550,8.0,112.25718209332774,112.25874607522444,434.61211863664386,434.6160426561999,105.01004998170318,105.0069266742677,80.17164595661754,80.17192005548426,0.027570555219751137,83.0,11.0
551,8.0,112.25874607522444,112.2572751299721,434.6160426561999,434.6191129174281,105.0069266742677,105.00898462234306,80.17192005548426,80.17214231631611,0.014533301141409972,83.0,11.0
552,8.0,112.2572751299721,112.25406153110734,434.6191129174281,434.6181804061413,105.00898462234306,105.00872725580977,80.17214231631611,80.17233836966827,0.024982536268115793,83.0,11.0
553,8.0,112.25406153110734,112.25283706073003,434.6181804061413,434.620185414803,105.00872725580977,105.00841762757196,80.17233836966827,80.17249091405024,0.013748369922516131,83.0,11.0
554,8.0,112.25283706073003,112.25182847132233,434.620185414803,434.6207200644885,105.00841762757196,105.0069387179955,80.17249091405024,80.17261984126363,0.01934479199522201,83.0,11.0
555,8.0,112.25182847132233,112.25064731006478,434.6207200644885,434.62094458688097,105.0069387179955,105.00704590672892,80.17261984126363,80.17271469334315,0.013453168904360113,83.0,11.0
556,8.0,112.25064731006478,112.25030932561785,434.62094458688097,434.6213706799619,105.00704590672892,105.00759497770382,80.17271469334315,80.17278367285073,0.012628065729128871,83.0,11.0
557,8.0,112.25030932561785,112.25008184114836,434.6213706799619,434.6214388961163,105.00759497770382,105.0079231004701,80.17278367285073,80.17282665185687,0.020554148579136285,83.0,11.0
558,8.0,112.25008184114836,112.25005911204389,434.6214388961163,434.6214605853361,105.0079231004701,105.0079409731472,80.17282665185687,80.1728341505842,0.006735869163807428,83.0,11.0
559,8.0,112.18436270580091,112.14613298056231,435.28782460079657,435.19974934190594,103.18214460561501,103.24510360554696,80.07505292713356,80.0789295115702,0.18577719337289547,84.0,-11.0
560,8.0,112.14613298056231,112.02421149738484,435.19974934190594,435.1126848410302,103.24510360554696,103.4191800958192,80.0789295115702,80.0866956798325,0.5188412506478275,84.0,-11.0
561,8.0,112.02421149738484,112.00708430286734,435.1126848410302,435.2270430631519,103.4191800958192,103.55263092608648,80.0866956798325,80.09270330481253,0.3291825809169908,84.0,-11.0
562,8.0,112.00708430286734,111.93835855166836,435.2270430631519,435.29347238714126,103.55263092608648,103.65966125347116,80.09270330481253,80.09761637540281,0.31449759772250835,84.0,-11.0
563,8.0,111.93835855166836,111.87338966263277,435.29347238714126,435.24625621424747,103.65966125347116,103.73849138682877,80.09761637540281,80.10150584320243,0.2045364623878083,84.0,-11.0
564,8.0,111.87338966263277,111.87940185433533,435.24625621424747,435.15883394320207,103.73849138682877,103.76926054781879,80.10150584320243,80.10474539437105,0.21530592335428592,84.0,-11.0
565,8.0,111.87940185433533,111.89438186514084,435.15883394320207,435.0876823913868,103.76926054781879,103.76879180944233,80.10474539437105,80.10731815286617,0.15518983363866182,84.0,-11.0
566,8.0,111.89438186514084,111.92709324023171,435.0876823913868,435.0432014162012,103.76879180944233,103.78852671446737,80.10731815286617,80.10942442593065,0.10526142346230832,84.0,-11.0
567,8.0,111.92709324023171,111.9492786644114,435.0432014162012,435.0099139239875,103.78852671446737,103.75959766731322,80.10942442593065,80.1112227257624,0.1890707488382229,84.0,-11.0
568,8.0,111.9492786644114,111.96100376939144,435.0099139239875,434.9966989531313,103.75959766731322,103.73115024170338,80.1112227257624,80.1124897623504,0.07813706378746942,84.0,-11.0
569,8.0,111.96100376939144,111.96158834361798,434.9966989531313,434.99723719094055,103.73115024170338,103.70382681011229,80.1124897623504,80.11354886087746,0.06963082747103765,84.0,-11.0
570,8.0,111.96158834361798,111.94765264116047,434.99723719094055,434.99925372782343,103.70382681011229,103.68684204264733,80.11354886087746,80.11442771498825,0.06515852186797733,84.0,-11.0
571,8.0,111.94765264116047,111.95656009018803,434.99925372782343,435.00986363214287,103.68684204264733,103.69736322779511,80.11442771498825,80.11514482884736,0.05919037034585073,84.0,-11.0
572,8.0,111.95656009018803,111.96641826275648,435.00986363214287,435.0108220526621,103.69736322779511,103.7064252431303,80.11514482884736,80.11572175547633,0.05034344313065607,84.0,-11.0
573,8.0,111.96641826275648,111.9661108982933,435.0108220526621,435.0167382287833,103.7064252431303,103.71483578316699,80.11572175547633,80.11618528589241,0.040693778526926,84.0,-11.0
574,8.0,111.9661108982933,111.96587838081614,435.0167382287833,435.02344366195064,103.71483578316699,103.71909635164067,80.11618528589241,80.11656192058935,0.020980429004478388,84.0,-11.0
575,8.0,111.96587838081614,111.9629218554581,435.02344366195064,435.0271079924686,103.71909635164067,103.72403183408387,80.11656192058935,80.11689568621169,0.02367028066107612,84.0,-11.0
576,8.0,111.9629218554581,111.96640355354877,435.0271079924686,435.0263647203794,103.72403183408387,103.71967990851397,80.11689568621169,80.11718287008323,0.018615606149225666,84.0,-11.0
577,8.0,111.96640355354877,111.96900911027328,435.0263647203794,435.02410726364604,103.71967990851397,103.71642821721984,80.11718287008323,80.11743487007068,0.016336943465929104,84.0,-11.0
578,8.0,111.96900911027328,111.9724643610264,435.02410726364604,435.02208077405714,103.71642821721984,103.71624584709465,80.11743487007068,80.11765713675997,0.026304211725937266,84.0,-11.0
579,8.0,111.9724643610264,111.97357290292318,435.02208077405714,435.02041444064787,103.71624584709465,103.7141047016241,80.11765713675997,80.11783379523816,0.01752112250481312,84.0,-11.0
580,8.0,111.97357290292318,111.97294986602044,435.02041444064787,435.02112005630005,103.7141047016241,103.7161795869678,80.11783379523816,80.11798146803856,0.015603418511748386,84.0,-11.0
581,8.0,111.97294986602044,111.9721720197891,435.02112005630005,435.0198385921175,103.7161795869678,103.71530072746987,80.11798146803856,80.11810371778013,0.01053670024582537,84.0,-11.0
582,8.0,111.9721720197891,111.97237523682186,435.0198385921175,435.0185476938469,103.71530072746987,103.71482691933946,80.11810371778013,80.11820848292341,0.022598938753962235,84.0,-11.0
583,8.0,111.97237523682186,111.97245244921446,435.0185476938469,435.01854830782594,103.71482691933946,103.715499135067,80.11820848292341,80.11827154619003,0.03624908668792341,84.0,-11.0
584,8.0,101.38477984621929,101.38421444982342,442.4726785032891,442.47277150540714,105.77504784322109,105.7755706221039,80.5556154301534,80.5556653583601,0.001933964707306136,88.0,11.0
585,8.0,101.38421444982342,101.38335487471922,442.47277150540714,442.4723129385178,105.7755706221039,105.77765170460695,80.5556653583601,80.5558145988117,0.01722812521697495,88.0,11.0
586,8.0,101.38335487471922,101.38242505704382,442.4723129385178,442.4718262211718,105.77765170460695,105.77896212315429,80.5558145988117,80.5559341982948,0.014507067494647766,88.0,11.0
587,8.0,101.38242505704382,101.38234660115396,442.4718262211718,442.470723127173,105.77896212315429,105.77939762251495,80.5559341982948,80.55602802073521,0.01836052538442164,88.0,11.0
588,8.0,101.38234660115396,101.38185273734291,442.470723127173,442.47107153282866,105.77939762251495,105.77943185407905,80.55602802073521,80.55608575561125,0.01844385612161543,88.0,11.0
589,8.0,101.38185273734291,101.38174249661502,442.47107153282866,442.4710381907943,105.77943185407905,105.77954207434273,80.55608575561125,80.5561074978618,0.016004331809181167,88.0,11.0
590,8.0,99.47102267158795,99.47084195001747,442.47983084694926,442.4793377389328,105.56630068507809,105.56594496595005,80.61983057358505,80.61987507262704,0.005614824287699305,90.0,11.0
591,8.0,99.47084195001747,99.47037565132851,442.4793377389328,442.478159233185,105.56594496595005,105.56501332592545,80.61987507262704,80.61998932498408,0.010441390736834689,90.0,11.0
592,8.0,99.47037565132851,99.47037702956104,442.478159233185,442.477069811085,105.56501332592545,105.56556561820682,80.61998932498408,80.62008496996049,0.014287800946590178,90.0,11.0
593,8.0,99.47037702956104,99.47029895867003,442.477069811085,442.47674979518916,105.56556561820682,105.56625085554114,80.62008496996049,80.62015313698386,0.03419913559858075,90.0,11.0
594,8.0,99.47029895867003,99.47028871484902,442.47674979518916,442.4767442066227,105.56625085554114,105.56627222978163,80.62015313698386,80.6201588107888,0.005318795888231212,90.0,11.0
595,8.0,96.69291832423917,96.691287098443,444.4764392657723,444.4780752356481,106.4828583596634,106.48473542698775,80.73797249164423,80.73812085424042,0.004484416780256233,91.0,11.0
596,8.0,96.691287098443,96.68774861317755,444.4780752356481,444.4814787143344,106.48473542698775,106.48849535136158,80.73812085424042,80.73843160560777,0.04464636115182656,91.0,11.0
597,8.0,96.68774861317755,96.6876350060214,444.4814787143344,444.47774859867724,106.48849535136158,106.49006637338066,80.73843160560777,80.7386568106912,0.019073033069835633,91.0,11.0
598,8.0,96.6876350060214,96.68969946672134,444.47774859867724,444.4752589935653,106.49006637338066,106.49000160920134,80.7386568106912,80.73884766655368,0.012300808474527995,91.0,11.0
599,8.0,96.68969946672134,96.69086646694241,444.4752589935653,444.4744932451931,106.49000160920134,106.49236245776379,80.73884766655368,80.7390170239166,0.014876486812996307,91.0,11.0
600,8.0,96.69086646694241,96.69182201303191,444.4744932451931,444.47606909553417,106.49236245776379,106.49352536944998,80.7390170239166,80.73916075152971,0.014322795594169777,91.0,11.0
601,8.0,96.69182201303191,96.69306466866331,444.47606909553417,444.4771752460044,106.49352536944998,106.49365101114294,80.73916075152971,80.73927982596483,0.01573129786810543,91.0,11.0
602,8.0,96.69306466866331,96.69306099131491,444.4771752460044,444.4783019331238,106.49365101114294,106.49348815320779,80.73927982596483,80.73937083591217,0.016421495732978696,91.0,11.0
603,8.0,96.69306099131491,96.69248162054758,444.4783019331238,444.4783497963472,106.49348815320779,106.49327952146159,80.73937083591217,80.73942942607253,0.010938279704044205,91.0,11.0
604,8.0,96.69248162054758,96.69278615532002,444.4783497963472,444.4784454502598,106.49327952146159,106.4933184273394,80.73942942607253,80.73946569943823,0.023922396079297414,91.0,11.0
605,8.0,97.92845548054976,97.92845619729644,444.79672410817767,444.79694752580883,102.66272257032514,102.66253972773299,80.87232294950374,80.8723475806847,0.002790119139263254,92.0,11.0
606,8.0,97.92845619729644,97.92828363227493,444.79694752580883,444.79765530116583,102.66253972773299,102.66216426115427,80.8723475806847,80.87241955377523,0.01808609715620917,92.0,11.0
607,8.0,97.92828363227493,97.92853889139003,444.79765530116583,444.7978215242656,102.66216426115427,102.66212315095049,80.87241955377523,80.87245464557058,0.02331422721487123,92.0,11.0
608,8.0,99.40351392006308,99.40359996238055,438.7202365507827,438.72202495412,102.43416365527135,102.43406904303512,81.08103850486434,81.08113757297043,0.00461741201274995,95.0,11.0
609,8.0,99.40359996238055,99.4034321698847,438.72202495412,438.725931855139,102.43406904303512,102.43463337205893,81.08113757297043,81.0813587070619,0.02930875743731416,95.0,11.0
610,8.0,99.4034321698847,99.4012634507487,438.725931855139,438.7256933857485,102.43463337205893,102.43298169278452,81.0813587070619,81.08152779203229,0.07126222650606835,95.0,11.0
611,8.0,99.4012634507487,99.40138865491436,438.7256933857485,438.72600780230425,102.43298169278452,102.43303352007145,81.08152779203229,81.08156577423892,0.024793181073402365,95.0,11.0
612,8.0,99.40351362084627,99.40351295058674,438.72023577648696,438.7202332162021,102.43416138682569,102.43415540480869,81.08103930404708,81.08104158367587,0.002356933977578669,96.0,11.0
613,8.0,114.0531951386261,114.05325978644655,433.55352801940546,433.5532330709172,103.3108757163812,103.31128923598888,80.20423641386759,80.20428747606441,0.015714023444938233,100.0,11.0
614,8.0,114.05325978644655,114.0532541749538,433.5532330709172,433.5533702205531,103.31128923598888,103.3113523251601,80.20428747606441,80.20430838632383,0.015517363269043523,100.0,11.0
615,8.0,130.63269344837875,130.63292674118776,426.8562633483754,426.85650010321024,94.86895882209116,94.86886434892322,80.86379931177756,80.86382436067395,0.001354546904684925,101.0,11.0
616,8.0,130.63292674118776,130.63249487751116,426.85650010321024,426.85566817244296,94.86886434892322,94.8700825338133,80.86382436067395,80.86393677628465,0.010050419308064116,101.0,11.0
617,8.0,130.63249487751116,130.63132251507633,426.85566817244296,426.855413559781,94.8700825338133,94.8700916681095,80.86393677628465,80.86403122061398,0.01105735695450945,101.0,11.0
618,8.0,130.63132251507633,130.63059440564922,426.855413559781,426.8550095836904,94.8700916681095,94.8699701968839,80.86403122061398,80.86410457697892,0.02643645352287019,101.0,11.0
619,8.0,130.63059440564922,130.630495741907,426.8550095836904,426.85496929955525,94.8699701968839,94.87008052796418,80.86410457697892,80.86412572029553,0.015654441093982195,101.0,11.0
620,8.0,131.23035342118752,131.230691255471,426.1030879319569,426.1030889412149,94.75316415869555,94.75304355154546,80.89611331932018,80.89615262556944,0.02546135025162919,102.0,11.0
621,8.0,131.34935190024171,131.35083163331817,425.817856328816,425.8153437478569,94.81230679190176,94.81546245231563,80.90659781217525,80.90679583105018,0.020197397260487634,103.0,11.0
622,8.0,131.35083163331817,131.35130173522668,425.8153437478569,425.81221202035914,94.81546245231563,94.82299776827958,80.90679583105018,80.90718266523061,0.043983085007653085,103.0,11.0
623,8.0,131.35130173522668,131.35508924448393,425.81221202035914,425.8114688178598,94.82299776827958,94.82737419304503,80.90718266523061,80.9074797777918,0.02664391626990998,103.0,11.0
624,8.0,131.35508924448393,131.35761578058947,425.8114688178598,425.81054929774825,94.82737419304503,94.8310469817903,80.9074797777918,80.90772562360117,0.020521329549800772,103.0,11.0
625,8.0,131.35761578058947,131.35722826499023,425.81054929774825,425.8100212808589,94.8310469817903,94.83462758885005,80.90772562360117,80.90793373257593,0.02058218688110489,103.0,11.0
626,8.0,131.35722826499023,131.3545948385764,425.8100212808589,425.8108165742275,94.83462758885005,94.8351333308041,80.90793373257593,80.90810549997869,0.014161868212797444,103.0,11.0
627,8.0,131.3545948385764,131.35265782659135,425.8108165742275,425.8097298321486,94.8351333308041,94.83553390759775,80.90810549997869,80.90825284528334,0.008433859770075375,103.0,11.0
628,8.0,131.35265782659135,131.35327835085099,425.8097298321486,425.8095295921694,94.83553390759775,94.8373714432529,80.90825284528334,80.90838571077784,0.009989251811290435,103.0,11.0
629,8.0,131.35327835085099,131.35284545425753,425.8095295921694,425.808161859177,94.8373714432529,94.83666414437681,80.90838571077784,80.9085013112112,0.01710102326915874,103.0,11.0
630,8.0,131.35284545425753,131.35244255502292,425.808161859177,425.8073662761584,94.83666414437681,94.83717697264358,80.9085013112112,80.90858601504839,0.03727907747330854,103.0,11.0
631,8.0,131.35244255502292,131.35241118998778,425.8073662761584,425.80735746003427,94.83717697264358,94.83724862465506,80.90858601504839,80.90859908196524,0.010638459124359359,103.0,11.0
632,8.0,129.42036361260756,129.42051526257856,429.9504832652441,429.9527133416982,92.90497818178889,92.9058980724,81.07149289940023,81.07161859386085,0.007567212755977474,105.0,11.0
633,8.0,129.42051526257856,129.42106417384525,429.9527133416982,429.9570396473579,92.9058980724,92.90826968186391,81.07161859386085,81.07188111527694,0.025062107360095977,105.0,11.0
634,8.0,129.42106417384525,129.423312743198,429.9570396473579,429.9600633336195,92.90826968186391,92.90892093533793,81.07188111527694,81.07209695014667,0.020139985684653406,105.0,11.0
635,8.0,129.423312743198,129.4253876583536,429.9600633336195,429.96211626762226,92.90892093533793,92.90830241045545,81.07209695014667,81.07227691995924,0.014843675497528514,105.0,11.0
636,8.0,129.4253876583536,129.42556711245518,429.96211626762226,429.960313744428,92.90830241045545,92.9098883363154,81.07227691995924,81.07243119999099,0.013531298505751018,105.0,11.0
637,8.0,129.42556711245518,129.42461714493984,429.960313744428,429.9616309608946,92.9098883363154,92.90887974030717,81.07243119999099,81.0725622337407,0.02117748653981657,105.0,11.0
638,8.0,129.42461714493984,129.4255763701369,429.9616309608946,429.96215699336847,92.90887974030717,92.90841896660397,81.0725622337407,81.07265597421734,0.01199744804699963,105.0,11.0
639,8.0,129.4255763701369,129.42529429578866,429.96215699336847,429.96290434767695,92.90841896660397,92.90838499450292,81.07265597421734,81.0727266713028,0.021882015476140798,105.0,11.0
640,8.0,129.42529429578866,129.42509833335302,429.96290434767695,429.96284486227177,92.90838499450292,92.90844266017373,81.0727266713028,81.07275349306629,0.018884551802923352,105.0,11.0
641,8.0,129.42036533526192,129.42036964606012,429.9504820992489,429.95047842956535,92.90497860883069,92.90498136596119,81.0714935936006,81.0714958147505,0.0023002515208867982,106.0,11.0
642,8.0,112.32709511842499,112.326917259091,434.55087127810555,434.55074912546786,104.9534499113917,104.95342137704725,80.16369208729834,80.16371935660698,0.01913243709721256,111.0,11.0
643,8.0,112.3271472510947,112.3271518567112,434.5509198677898,434.55091763910343,104.95345979748592,104.9534636677245,80.16368414060209,80.16368639018194,0.002327847006299789,112.0,11.0
644,8.0,111.25320065855567,111.25336330635939,430.2647913209038,430.264655426845,113.13347959698226,113.13349148251905,80.45874549498444,80.45876489793795,0.0011182131541854782,115.0,11.0
645,8.0,111.25336330635939,111.25381672944938,430.264655426845,430.2641576038662,113.13349148251905,113.13345637864654,80.45876489793795,80.45882736534642,0.012445634005345324,115.0,11.0
646,8.0,111.25381672944938,111.25362622746006,430.2641576038662,430.2639701677937,113.13345637864654,113.1332623208929,80.45882736534642,80.45886435721563,0.013585047589599879,115.0,11.0
647,8.0,111.25362622746006,111.25357183381327,430.2639701677937,430.2639343756356,113.1332623208929,113.13330802892281,80.45886435721563,80.45887752445974,0.010704697432759223,115.0,11.0
648,8.0,105.7564857386125,105.7564421663219,431.480824582048,431.4809888958824,115.66031547752361,115.66044913671831,80.66457781790967,80.66459768014222,0.002174584891173376,116.0,11.0
649,8.0,105.7564421663219,105.75635299550636,431.4809888958824,431.4814693253446,115.66044913671831,115.66084663422605,80.66459768014222,80.66465711769634,0.019953731716629276,116.0,11.0
650,8.0,105.75635299550636,105.75641567301429,431.4814693253446,431.48137665600007,115.66084663422605,115.66094303141452,80.66465711769634,80.66467768660397,0.01531591398615011,116.0,11.0
651,8.0,102.23794701943612,102.2379227872352,423.23509000305285,423.2350868940051,115.24356949112743,115.24359710263919,80.96394531529542,80.96395292015032,0.006815398378497096,117.0,11.0
652,8.0,102.91917259564468,102.91919490297623,419.44807304749537,419.4480515062543,113.29881292504624,113.29881918863278,81.10775337269042,81.1077582460011,0.0012351652328300845,118.0,11.0
653,8.0,102.91919490297623,102.91923290933315,419.4480515062543,419.4479788027299,113.29881918863278,113.29884420954208,81.1077582460011,81.10777214379739,0.011183983969724927,118.0,11.0
654,8.0,101.7002417297561,101.70023672715408,418.68080754112617,418.68079876893336,112.33899522067648,112.33899122406069,81.16548827807367,81.1654915079774,0.0032448150394018835,119.0,11.0
655,8.0,94.17991862974604,94.17982891570527,418.5690910610357,418.56911873506124,103.80758282688389,103.80755117186266,81.54486088192026,81.54487208665238,0.003416271052993544,121.0,11.0
656,8.0,94.17982891570527,94.17961314359924,418.56911873506124,418.56920815380136,103.80755117186266,103.80748453733945,81.54487208665238,81.54490162667777,0.020376024281947125,121.0,11.0
657,8.0,96.37208643687413,96.37195514920649,417.9028811523567,417.90272462734055,103.00471235841374,103.00468131629498,81.6258501958907,81.62587645400934,0.018571055918185662,122.0,11.0
658,8.0,96.12304942808099,96.1230518448314,418.2843486164901,418.2843510982784,103.3276317373316,103.32763411472237,81.644468033153,81.64446972168135,0.0017691931821208777,123.0,11.0
659,8.0,93.62221865516463,93.6218983794375,418.8012952657806,418.8015176507887,104.61361204002392,104.61329253046401,81.73984076305233,81.7398782447508,0.0014015066986441782,124.0,11.0
660,8.0,93.6218983794375,93.62106826312161,418.8015176507887,418.80212176822835,104.61329253046401,104.61233057991276,81.7398782447508,81.7399838901825,0.03130828701520025,124.0,11.0
661,8.0,93.62106826312161,93.62098810112283,418.80212176822835,418.80178036206263,104.61233057991276,104.6125708453349,81.7399838901825,81.74002842398717,0.011321109613848203,124.0,11.0
662,8.0,93.62098810112283,93.62103511811921,418.80178036206263,418.80163208505365,104.6125708453349,104.61264499486865,81.74002842398717,81.74005143187172,0.016734449231952844,124.0,11.0
663,8.0,93.62222062662931,93.62222619707077,418.8012965670682,418.80129958629277,104.61361260678112,104.61361446291285,81.73984156676443,81.73984386089519,0.002370942884675462,125.0,11.0
664,8.0,111.75688310701523,111.75653263139672,457.2819522057054,457.2821676361306,127.43933606650982,127.43927977025388,26.291173805837285,26.29120610943078,0.0015234464631032096,130.0,11.0
665,8.0,111.75653263139672,111.75550775102026,457.2821676361306,457.2826358204635,127.43927977025388,127.43887186520297,26.29120610943078,26.291300475459515,0.015495528183555951,130.0,11.0
666,8.0,111.75550775102026,111.75609781548789,457.2826358204635,457.28299244854145,127.43887186520297,127.4389990150084,26.291300475459515,26.291364743021088,0.01172674188212773,130.0,11.0
667,8.0,111.75609781548789,111.75606876882561,457.28299244854145,457.28321081920194,127.4389990150084,127.43870273584953,26.291364743021088,26.291404890514954,0.017178273310993523,130.0,11.0
668,8.0,111.75606876882561,111.7560341306989,457.28321081920194,457.28317663175585,127.43870273584953,127.4387300616246,26.291404890514954,26.291415105426708,0.008704919221175278,130.0,11.0
669,8.0,114.98999155857982,114.98993547292464,473.70252880750314,473.70259921378573,149.99031546683526,149.99028315699,0.07763807985368325,0.0776531094481916,0.011915136903734323,134.0,11.0
670,8.0,114.99329843043579,114.99330463259916,473.692125537397,473.69212857776364,149.98417223231058,149.984171274533,0.07805126756532565,0.07805364908501194,0.0024549778118332305,137.0,11.0
