,event,xi,xf,yi,yf,zi,zf,ti,tf,E,ParticleID,PDG
0,63.0,115.0,114.99119776503656,475.0,473.8258442035565,150.0,150.00018418462852,0.0,0.0692362368035958,5.320215707813933,1.0,321.0
1,63.0,114.99119776503656,114.9620227932659,473.8258442035565,472.56817779407646,150.00018418462852,150.02980560200282,0.0692362368035958,0.14501259171401504,6.119967701659346,1.0,321.0
2,63.0,114.9620227932659,114.89649148085716,472.56817779407646,471.57989130196813,150.02980560200282,150.03821757956183,0.14501259171401504,0.20612355778988542,4.532888516013765,1.0,321.0
3,63.0,114.89649148085716,114.78855549996638,471.57989130196813,470.5508977218416,150.03821757956183,150.02214107384924,0.20612355778988542,0.27120932412512866,5.744481761148049,1.0,321.0
4,63.0,114.78855549996638,114.69616912203983,470.5508977218416,469.7698081256502,150.02214107384924,150.0084927169508,0.27120932412512866,0.3220061069416876,3.9449288718427193,1.0,321.0
5,63.0,114.69616912203983,114.62988660358027,469.7698081256502,468.9316464594779,150.0084927169508,150.00455710373467,0.3220061069416876,0.37747592049130285,4.682686677493747,1.0,321.0
6,63.0,114.62988660358027,114.59627302817368,468.9316464594779,468.1759081155181,150.00455710373467,150.00892027852137,0.37747592049130285,0.4286129791244072,4.321335955290178,1.0,321.0
7,63.0,114.59627302817368,114.58375862127411,468.1759081155181,467.49422788113344,150.00892027852137,150.02004983324233,0.4286129791244072,0.4758505221004994,4.300511754849853,1.0,321.0
8,63.0,114.58375862127411,114.57167510737108,467.49422788113344,466.8834183706414,150.02004983324233,150.03136840496273,0.4758505221004994,0.5193063444021656,4.046117785870303,1.0,321.0
9,63.0,114.57167510737108,114.57713067847962,466.8834183706414,466.33608997279396,150.03136840496273,150.04271599986316,0.5193063444021656,0.5592931998003737,3.8868588388503675,1.0,321.0
10,63.0,114.57713067847962,114.58299818623013,466.33608997279396,465.847003535166,150.04271599986316,150.0533723119234,0.5592931998003737,0.5960268856212423,3.5158026685727055,1.0,321.0
11,63.0,114.58299818623013,114.591486816379,465.847003535166,465.408285047175,150.0533723119234,150.0644688999851,0.5960268856212423,0.6298829913663824,3.244293715259265,1.0,321.0
12,63.0,114.591486816379,114.59422817510088,465.408285047175,465.0137234889121,150.0644688999851,150.0657279933218,0.6298829913663824,0.6611400932002388,2.8969105691376322,1.0,321.0
13,63.0,114.59422817510088,114.59579296426212,465.0137234889121,464.65718416331526,150.0657279933218,150.05638153279764,0.6611400932002388,0.6901250251621361,2.7959504872869405,1.0,321.0
14,63.0,114.59579296426212,114.60059359602391,464.65718416331526,464.335674767392,150.05638153279764,150.04840521492537,0.6901250251621361,0.7169624177357303,2.962935007954759,1.0,321.0
15,63.0,114.60059359602391,114.60404150558664,464.335674767392,464.0495985968276,150.04840521492537,150.03917077286388,0.7169624177357303,0.74157475427481,2.732889190776833,1.0,321.0
16,63.0,114.60404150558664,114.60095535893568,464.0495985968276,463.7945685713301,150.03917077286388,150.03046901033414,0.74157475427481,0.7641833684493706,2.3359339459750905,1.0,321.0
17,63.0,114.60095535893568,114.61045715518364,463.7945685713301,463.56512446340287,150.03046901033414,150.01946676416037,0.7641833684493706,0.7851181283777099,2.2006438188255673,1.0,321.0
18,63.0,114.61045715518364,114.61671595128048,463.56512446340287,463.35822963608564,150.01946676416037,150.01132741259772,0.7851181283777099,0.8045103297137013,1.8592139817631543,1.0,321.0
19,63.0,114.61671595128048,114.6213289459173,463.35822963608564,463.1695863782813,150.01132741259772,150.00948545456555,0.8045103297137013,0.8226264366864671,1.8069996495294784,1.0,321.0
20,63.0,114.6213289459173,114.62855948683061,463.1695863782813,462.9981425084795,150.00948545456555,150.0116149325329,0.8226264366864671,0.8395271193706673,1.8504928137661805,1.0,321.0
21,63.0,114.62855948683061,114.63346149869983,462.9981425084795,462.8435574347479,150.0116149325329,150.0186124287652,0.8395271193706673,0.8552095420073773,1.9280320382892577,1.0,321.0
22,63.0,114.63346149869983,114.6359739985623,462.8435574347479,462.7054600654399,150.0186124287652,150.0222399563391,0.8552095420073773,0.8696523427939017,1.823172463105189,1.0,321.0
23,63.0,114.6359739985623,114.64053012624402,462.7054600654399,462.58233215797543,150.0222399563391,150.02384568058443,0.8696523427939017,0.88295227015558,1.6223396868444198,1.0,321.0
24,63.0,114.64053012624402,114.64586602999336,462.58233215797543,462.4718736642123,150.02384568058443,150.02488350786348,0.88295227015558,0.8952605673358944,1.6791654810224446,1.0,321.0
25,63.0,114.64586602999336,114.65301501191664,462.4718736642123,462.3739427689986,150.02488350786348,150.02448329368286,0.8952605673358944,0.906568840466717,1.4927944519805487,1.0,321.0
26,63.0,114.65301501191664,114.658613502665,462.3739427689986,462.2864210725946,150.02448329368286,150.02148506160597,0.906568840466717,0.9170116575908457,1.419286198181799,1.0,321.0
27,63.0,114.658613502665,114.6634148711828,462.2864210725946,462.20829929412923,150.02148506160597,150.01806331341203,0.9170116575908457,0.9266535307564663,1.279587905210308,1.0,321.0
28,63.0,114.6634148711828,114.66631085968524,462.20829929412923,462.138241852868,150.01806331341203,150.01287032383965,0.9266535307564663,0.9355935659092118,1.2640725525910175,1.0,321.0
29,63.0,114.66631085968524,114.67064517135525,462.138241852868,462.0758981423534,150.01287032383965,150.00662283986324,0.9355935659092118,0.9438617716323262,1.193085737775783,1.0,321.0
30,63.0,114.67064517135525,114.67478059970065,462.0758981423534,462.0201885537369,150.00662283986324,150.00115167113827,0.9438617716323262,0.9515176060418585,1.1006615686624732,1.0,321.0
31,63.0,114.67478059970065,114.67896909403164,462.0201885537369,461.970206394957,150.00115167113827,149.99700541922618,0.9515176060418585,0.9586288508400933,1.069772600039058,1.0,321.0
32,63.0,114.67896909403164,114.68289940250993,461.970206394957,461.9256534295502,149.99700541922618,149.99186630231515,0.9586288508400933,0.9652307433656061,0.9558918769295816,1.0,321.0
33,63.0,114.68289940250993,114.68647314674453,461.9256534295502,461.88562846291404,149.99186630231515,149.9864078941858,0.9652307433656061,0.9713950259683496,0.8880179489401627,1.0,321.0
34,63.0,114.68647314674453,114.68877739913185,461.88562846291404,461.8493415772453,149.9864078941858,149.98191140056147,0.9713950259683496,0.9771684339322071,0.815218064741917,1.0,321.0
35,63.0,114.68877739913185,114.68966406023021,461.8493415772453,461.8164957881275,149.98191140056147,149.97687772245598,0.9771684339322071,0.9825972918543288,0.8487939341655785,1.0,321.0
36,63.0,114.68966406023021,114.68823627780719,461.8164957881275,461.7868729998289,149.97687772245598,149.97299048523382,0.9825972918543288,0.9876833865519666,0.6797649628167022,1.0,321.0
37,63.0,114.68823627780719,114.68739302459133,461.7868729998289,461.75968952686407,149.97299048523382,149.9696811135369,0.9876833865519666,0.9925080009054328,0.8192155629569249,1.0,321.0
38,63.0,114.68739302459133,114.68658615197144,461.75968952686407,461.7353385723686,149.9696811135369,149.96665753754166,0.9925080009054328,0.9970346881602031,0.7851228934055542,1.0,321.0
39,63.0,114.68658615197144,114.68633011419563,461.7353385723686,461.7135266957145,149.96665753754166,149.96369778627354,0.9970346881602031,1.0012956578919066,0.7251190505638615,1.0,321.0
40,63.0,114.68633011419563,114.68663105435262,461.7135266957145,461.6938506548728,149.96369778627354,149.9612143587724,1.0012956578919066,1.0053308116565207,0.7061987237748553,1.0,321.0
41,63.0,114.68663105435262,114.68764270709308,461.6938506548728,461.67619013378726,149.9612143587724,149.95871958600674,1.0053308116565207,1.0091668683756452,0.6993233459479838,1.0,321.0
42,63.0,114.68764270709308,114.68867049613887,461.67619013378726,461.6603499402587,149.95871958600674,149.9562781298083,1.0091668683756452,1.0128294276972478,0.6912263261411481,1.0,321.0
43,63.0,114.68867049613887,114.68937437059716,461.6603499402587,461.6462139193492,149.9562781298083,149.95354640790282,1.0128294276972478,1.0163476998365402,0.779608078560425,1.0,321.0
44,63.0,114.68937437059716,114.68993563463209,461.6462139193492,461.6338929658717,149.95354640790282,149.95048708276948,1.0163476998365402,1.0197414533051252,0.7314021137156748,1.0,321.0
45,63.0,114.68993563463209,114.6906676313323,461.6338929658717,461.6232297364866,149.95048708276948,149.94710423083407,1.0197414533051252,1.0230598519853955,0.7447941437722759,1.0,321.0
46,63.0,114.6906676313323,114.69158563438809,461.6232297364866,461.6140983676995,149.94710423083407,149.94400578576796,1.0230598519853955,1.0263349423420765,0.8185062354245186,1.0,321.0
47,63.0,114.69158563438809,114.69204296651078,461.6140983676995,461.6069476847347,149.94400578576796,149.94161277956417,1.0263349423420765,1.029470857954892,1.0133824565045024,1.0,321.0
48,63.0,114.69204296651078,114.69225163196495,461.6069476847347,461.6051318791789,149.94161277956417,149.94099316158457,1.029470857954892,1.0307908127905918,0.5881805236055693,1.0,321.0
49,63.0,114.99119776503656,114.9928507402592,473.8258442035565,473.8176714538573,150.00018418462852,150.00513255715984,0.0692362368035958,0.06962681923169495,0.016999493037761916,2.0,11.0
50,63.0,114.9928507402592,114.9910677359239,473.8176714538573,473.809703737369,150.00513255715984,150.02268963538526,0.06962681923169495,0.0704137556875094,0.06856611855662388,2.0,11.0
51,63.0,114.9910677359239,114.9830470028622,473.809703737369,473.80120608457975,150.02268963538526,150.03153999132013,0.0704137556875094,0.07103614984223529,0.05541097332948814,2.0,11.0
52,63.0,114.9830470028622,114.98028596410998,473.80120608457975,473.7956059986018,150.03153999132013,150.0407420281855,0.07103614984223529,0.07153177594140775,0.038878785697005064,2.0,11.0
53,63.0,114.98028596410998,114.98227519400768,473.7956059986018,473.7871043149436,150.0407420281855,150.0395567385031,0.07153177594140775,0.07194248369950929,0.04374405660622986,2.0,11.0
54,63.0,114.98227519400768,114.98429718992944,473.7871043149436,473.7829407948617,150.0395567385031,150.0351055349046,0.07194248369950929,0.07226246921903617,0.02934093602142804,2.0,11.0
55,63.0,114.98429718992944,114.98862964351599,473.7829407948617,473.782143992541,150.0351055349046,150.03281807133982,0.07226246921903617,0.07252496951572185,0.01856670188550037,2.0,11.0
56,63.0,114.98862964351599,114.99113679676714,473.782143992541,473.78323238375077,150.03281807133982,150.0297496895669,0.07252496951572185,0.07275266399866397,0.025190677537006566,2.0,11.0
57,63.0,114.99113679676714,114.99238006816404,473.78323238375077,473.78567291443153,150.0297496895669,150.0284279266825,0.07275266399866397,0.07293514134876873,0.014317131421440935,2.0,11.0
58,63.0,114.99238006816404,114.99312915472737,473.78567291443153,473.7844704775397,150.0284279266825,150.02639027109075,0.07293514134876873,0.0730927967881787,0.013934657001410588,2.0,11.0
59,63.0,114.99312915472737,114.99386279395173,473.7844704775397,473.7834780220145,150.02639027109075,150.0279223501969,0.0730927967881787,0.07322650448959638,0.017656301692669865,2.0,11.0
60,63.0,114.99386279395173,114.99373046578464,473.7834780220145,473.7821803558698,150.0279223501969,150.02829198899926,0.07322650448959638,0.07332943663320013,0.012428361398041515,2.0,11.0
61,63.0,114.99373046578464,114.99442017076419,473.7821803558698,473.78251572724446,150.02829198899926,150.02884894463926,0.07332943663320013,0.07340933607905105,0.0318829213970195,2.0,11.0
62,63.0,114.99442017076419,114.9943162124268,473.78251572724446,473.7825477268558,150.02884894463926,150.02889751222682,0.07340933607905105,0.0734269436893743,0.013530750675162302,2.0,11.0
63,63.0,114.69616912203983,114.69634295052492,469.7698081256502,469.7619766518675,150.0084927169508,150.00991011556408,0.3220061069416876,0.322339119566295,0.045446871443729935,3.0,11.0
64,63.0,114.69634295052492,114.69766013400655,469.7619766518675,469.7493578355159,150.00991011556408,150.01299438707596,0.322339119566295,0.3229045385331299,0.040897922983721906,3.0,11.0
65,63.0,114.69766013400655,114.69381175350527,469.7493578355159,469.7402663217075,150.01299438707596,150.0165929489919,0.3229045385331299,0.3233778437505682,0.02772672492121597,3.0,11.0
66,63.0,114.69381175350527,114.68706993196224,469.7402663217075,469.7348395856674,150.0165929489919,150.01855416349582,0.3233778437505682,0.32379088470217626,0.04316364392174144,3.0,11.0
67,63.0,114.68706993196224,114.68323434838592,469.7348395856674,469.72976066522006,150.01855416349582,150.0199149962959,0.32379088470217626,0.3241142326465704,0.06970505597834516,3.0,11.0
68,63.0,114.68323434838592,114.6829277849406,469.72976066522006,469.72676468291564,150.0199149962959,150.02112943753917,0.3241142326465704,0.32430562225169174,0.020063071747851796,3.0,11.0
69,63.0,114.6829277849406,114.68313959286425,469.72676468291564,469.7243924629903,150.02112943753917,150.02053001152257,0.32430562225169174,0.3244621056898498,0.02148980939428286,3.0,11.0
70,63.0,114.68313959286425,114.68283029932127,469.7243924629903,469.7227869430564,150.02053001152257,150.0209029872348,0.3244621056898498,0.3245816129878358,0.014056857850013819,3.0,11.0
71,63.0,114.68283029932127,114.68236059340207,469.7227869430564,469.7217145911847,150.0209029872348,150.0211738013515,0.3245816129878358,0.32467616264987986,0.02243490257454976,3.0,11.0
72,63.0,114.68236059340207,114.68273764429527,469.7217145911847,469.72168082149074,150.0211738013515,150.02149901726412,0.32467616264987986,0.32472627223387024,0.01916866522082515,3.0,11.0
73,63.0,114.68273764429527,114.6827935373544,469.72168082149074,469.7216732606579,150.02149901726412,150.02142715760883,0.32472627223387024,0.3247408139447932,0.011602262357526746,3.0,11.0
74,63.0,114.69225163196495,112.91540654171911,461.6051318791789,461.3533271504249,149.94099316158457,150.86121948348048,7.086069096629733,7.159800446912818,3.857233765231625,5.0,-13.0
75,63.0,112.91540654171911,110.37983424743084,461.3533271504249,461.02651846340893,150.86121948348048,152.16548541330778,7.159800446912818,7.265087142209823,4.965202827723936,5.0,-13.0
76,63.0,110.37983424743084,105.5028518195505,461.02651846340893,460.4452735094399,152.16548541330778,154.39089687184196,7.265087142209823,7.4638027884944815,10.0596945218194,5.0,-13.0
77,63.0,105.5028518195505,102.58366147126756,460.4452735094399,460.07142833272246,154.39089687184196,155.65706530258188,7.4638027884944815,7.5830116668382095,5.957873230037137,5.0,-13.0
78,63.0,102.58366147126756,98.54805720203349,460.07142833272246,459.50003273675446,155.65706530258188,157.43290673299242,7.5830116668382095,7.74954976999828,8.182050668024576,5.0,-13.0
79,63.0,98.54805720203349,94.76424566432834,459.50003273675446,458.95089446404427,157.43290673299242,159.02553480010647,7.74954976999828,7.906289952819392,8.040519687402123,5.0,-13.0
80,63.0,94.76424566432834,94.51104209001883,458.95089446404427,458.919900833018,159.02553480010647,159.11801869383459,7.906289952819392,7.916672676520109,0.47137107248061577,5.0,-13.0
81,63.0,94.51104209001883,91.50606236446184,458.919900833018,458.61540602151706,159.11801869383459,160.2758321396164,7.916672676520109,8.040652940252604,6.513974038937629,5.0,-13.0
82,63.0,91.50606236446184,89.35436526387127,458.61540602151706,458.36857538189463,160.2758321396164,161.10098699754366,8.040652940252604,8.130557151757092,4.529001170319975,5.0,-13.0
83,63.0,89.35436526387127,86.49778213060497,458.36857538189463,458.0713840719948,161.10098699754366,162.26625417892282,8.130557151757092,8.251844157897924,6.953074620734746,5.0,-13.0
84,63.0,86.49778213060497,84.66067216227385,458.0713840719948,457.85686008175287,162.26625417892282,162.91425972143318,8.251844157897924,8.329605661886017,3.964358654691194,5.0,-13.0
85,63.0,84.66067216227385,82.23862396297316,457.85686008175287,457.40490722634365,162.91425972143318,163.6589244795647,8.329605661886017,8.432758469849585,5.446149757727806,5.0,-13.0
86,63.0,82.23862396297316,80.04897987171587,457.40490722634365,456.78815850040985,163.6589244795647,164.16004231764242,8.432758469849585,8.527458046069006,5.605649137647179,5.0,-13.0
87,63.0,80.04897987171587,78.930549024371,456.78815850040985,456.4411727777692,164.16004231764242,164.39708241975717,8.527458046069006,8.576746444410185,2.7228305667853157,5.0,-13.0
88,63.0,78.930549024371,77.12964541902184,456.4411727777692,455.97511490666454,164.39708241975717,164.83785647943506,8.576746444410185,8.656632694133277,4.440399913782976,5.0,-13.0
89,63.0,77.12964541902184,75.51854682805079,455.97511490666454,455.5531551273556,164.83785647943506,165.29807071771296,8.656632694133277,8.729941461451915,4.703677585330037,5.0,-13.0
90,63.0,75.51854682805079,74.06815425010106,455.5531551273556,455.23111532902175,165.29807071771296,165.69781209535932,8.729941461451915,8.796407296688262,4.295673229290759,5.0,-13.0
91,63.0,74.06815425010106,73.40886999346179,455.23111532902175,455.08705001714486,165.69781209535932,165.86235876880966,8.796407296688262,8.826976266631876,1.9999415933292568,5.0,-13.0
92,63.0,73.40886999346179,72.27250552826,455.08705001714486,454.6881237209632,165.86235876880966,166.2941274222672,8.826976266631876,8.884066763574031,3.6571524218931644,5.0,-13.0
93,63.0,72.27250552826,71.31074099470763,454.6881237209632,454.2343454842238,166.2941274222672,166.72596582635705,8.884066763574031,8.936104890760316,3.2399981539689797,5.0,-13.0
94,63.0,71.31074099470763,70.43648649012758,454.2343454842238,453.8263838993028,166.72596582635705,167.09164651197585,8.936104890760316,8.983755431549604,3.0211973999898514,5.0,-13.0
95,63.0,70.43648649012758,69.63976902051971,453.8263838993028,453.4599823216503,167.09164651197585,167.39240985277715,8.983755431549604,9.027395663497689,2.726260652291021,5.0,-13.0
96,63.0,69.63976902051971,68.91612196472771,453.4599823216503,453.1648998541815,167.39240985277715,167.68868448328445,9.027395663497689,9.067489133754087,2.7408011681750972,5.0,-13.0
97,63.0,68.91612196472771,68.27381771184002,453.1648998541815,452.9006788192156,167.68868448328445,167.96423910906032,9.067489133754087,9.104090969961575,2.5574030838779285,5.0,-13.0
98,63.0,68.27381771184002,67.70116927344193,452.9006788192156,452.65471713790214,167.96423910906032,168.20362364787962,9.104090969961575,9.137506622157414,2.531016376991183,5.0,-13.0
99,63.0,67.70116927344193,67.19459556666298,452.65471713790214,452.4186597891965,168.20362364787962,168.39890692435898,9.137506622157414,9.16784227343757,1.8497053592112247,5.0,-13.0
100,63.0,67.19459556666298,66.74285959770027,452.4186597891965,452.1683755087305,168.39890692435898,168.55261434189532,9.16784227343757,9.19597632686034,1.7525446836796839,5.0,-13.0
101,63.0,66.74285959770027,66.37118999886391,452.1683755087305,451.9551655093907,168.55261434189532,168.63511865629613,9.19597632686034,9.219202290098696,1.5440748318688338,5.0,-13.0
102,63.0,66.37118999886391,65.99924289063688,451.9551655093907,451.72733483081004,168.63511865629613,168.7024205860752,9.219202290098696,9.243208573537412,1.7792254418579696,5.0,-13.0
103,63.0,65.99924289063688,65.67633066899731,451.72733483081004,451.5095607323916,168.7024205860752,168.77173652531536,9.243208573537412,9.265228639582418,1.627541654249958,5.0,-13.0
104,63.0,65.67633066899731,65.40161849234855,451.5095607323916,451.3023163563254,168.77173652531536,168.86090270091208,9.265228639582418,9.285474573624418,1.401672579670536,5.0,-13.0
105,63.0,65.40161849234855,65.16108060961446,451.3023163563254,451.11252221273355,168.86090270091208,168.96088085707748,9.285474573624418,9.304227264164265,1.3008634279705915,5.0,-13.0
106,63.0,65.16108060961446,64.94421884607314,451.11252221273355,450.9419950651915,168.96088085707748,169.05861490038416,9.304227264164265,9.32162442338386,1.5779941503284083,5.0,-13.0
107,63.0,64.94421884607314,64.74673000327275,450.9419950651915,450.79562845652265,169.05861490038416,169.13804769347422,9.32162442338386,9.337418777843,1.3308884161438417,5.0,-13.0
108,63.0,64.74673000327275,64.56628998555979,450.79562845652265,450.67172054280366,169.13804769347422,169.2103622115756,9.337418777843,9.351898963762904,1.1388816476478385,5.0,-13.0
109,63.0,64.56628998555979,64.40105380157243,450.67172054280366,450.56257902740316,169.2103622115756,169.27474674111744,9.351898963762904,9.365283561806853,1.2674469626056277,5.0,-13.0
110,63.0,64.40105380157243,64.26600443001529,450.56257902740316,450.4529154794348,169.27474674111744,169.3357100188129,9.365283561806853,9.377482138365817,1.0956789963810474,5.0,-13.0
111,63.0,64.26600443001529,64.14769218662475,450.4529154794348,450.3529861253056,169.3357100188129,169.39185579048228,9.377482138365817,9.388685759826844,0.9635320898079092,5.0,-13.0
112,63.0,64.14769218662475,64.0408042069403,450.3529861253056,450.2646815608079,169.39185579048228,169.4445269427194,9.388685759826844,9.399039218698368,0.8309513822406873,5.0,-13.0
113,63.0,64.0408042069403,63.94144740117647,450.2646815608079,450.18521854260655,169.4445269427194,169.48904941198975,9.399039218698368,9.408678803536665,0.9069365227783974,5.0,-13.0
114,63.0,63.94144740117647,63.85109127786454,450.18521854260655,450.1158948796939,169.48904941198975,169.52904375154117,9.408678803536665,9.417559838730595,0.9223164541017803,5.0,-13.0
115,63.0,63.85109127786454,63.76946336726011,450.1158948796939,450.05759364362365,169.52904375154117,169.56656716103026,9.417559838730595,9.425691142658149,0.7766958240410402,5.0,-13.0
116,63.0,63.76946336726011,63.69614516684682,450.05759364362365,450.0063898018687,169.56656716103026,169.60205036100965,9.425691142658149,9.433208379708352,0.7266402675379604,5.0,-13.0
117,63.0,63.69614516684682,63.63262938520852,450.0063898018687,449.95822232502053,169.60205036100965,169.6356491587481,9.433208379708352,9.44016616580847,0.6778130222398356,5.0,-13.0
118,63.0,63.63262938520852,63.57436443804462,449.95822232502053,449.913944808873,169.6356491587481,169.66230959298815,9.44016616580847,9.446616109107868,0.6907865672463472,5.0,-13.0
119,63.0,63.57436443804462,63.52314105469982,449.913944808873,449.8718022329334,169.66230959298815,169.68318981840883,9.446616109107868,9.452563392321615,0.5423059102873442,5.0,-13.0
120,63.0,63.52314105469982,63.474746896548766,449.8718022329334,449.8351604809357,169.68318981840883,169.70116827633245,9.452563392321615,9.458127269962343,0.5664337499284291,5.0,-13.0
121,63.0,63.474746896548766,63.43101809364627,449.8351604809357,449.8038258323354,169.70116827633245,169.7203201753657,9.458127269962343,9.463301941886797,0.5253945358881805,5.0,-13.0
122,63.0,63.43101809364627,63.392278497413166,449.8038258323354,449.7755323921168,169.7203201753657,169.7394249017316,9.463301941886797,9.468126615564142,0.47244597701280977,5.0,-13.0
123,63.0,63.392278497413166,63.35718296530685,449.7755323921168,449.7493325523178,169.7394249017316,169.75636564927214,9.468126615564142,9.47264625287016,0.4774566987345917,5.0,-13.0
124,63.0,63.35718296530685,63.32489632316974,449.7493325523178,449.725583322903,169.75636564927214,169.77040089305504,9.47264625287016,9.476867622354273,0.4415092733490824,5.0,-13.0
125,63.0,63.32489632316974,63.295586376703966,449.725583322903,449.70409551979367,169.77040089305504,169.78319081704637,9.476867622354273,9.48082282457542,0.3871268956836515,5.0,-13.0
126,63.0,63.295586376703966,63.26844779099331,449.70409551979367,449.68462769688574,169.78319081704637,169.7944497357688,9.48082282457542,9.484552853272817,0.5003107022391088,5.0,-13.0
127,63.0,63.26844779099331,63.2446961434033,449.68462769688574,449.66681009513906,169.7944497357688,169.8041828133465,9.484552853272817,9.488004233109427,0.4245746642299468,5.0,-13.0
128,63.0,63.2446961434033,63.22328510203151,449.66681009513906,449.6508888442474,169.8041828133465,169.8129052909493,9.488004233109427,9.491231281195509,0.39589906408485565,5.0,-13.0
129,63.0,63.22328510203151,63.20281459595394,449.6508888442474,449.63833856844155,169.8129052909493,169.8206712035723,9.491231281195509,9.494260091412384,0.4659002852573349,5.0,-13.0
130,63.0,63.20281459595394,63.18306389281942,449.63833856844155,449.6301844955011,169.8206712035723,169.8268790271323,9.494260091412384,9.497070912867628,0.35027716167485,5.0,-13.0
131,63.0,63.18306389281942,63.165509421066375,449.6301844955011,449.62283167646666,169.8268790271323,169.83345217104429,9.497070912867628,9.499731028928933,0.34868683679462564,5.0,-13.0
132,63.0,63.165509421066375,63.14986263614928,449.62283167646666,449.615921616577,169.83345217104429,169.83960691363671,9.499731028928933,9.50225446082192,0.423150515401565,5.0,-13.0
133,63.0,63.14986263614928,63.136060481394736,449.615921616577,449.60918639555405,169.83960691363671,169.84409698070698,9.50225446082192,9.504632535598844,0.4314259524612033,5.0,-13.0
134,63.0,63.136060481394736,63.12374764810884,449.60918639555405,449.60321852837905,169.84409698070698,169.8470059150448,9.504632535598844,9.50688880291332,0.38968149209761327,5.0,-13.0
135,63.0,63.12374764810884,63.11321665613858,449.60321852837905,449.59776300606256,169.8470059150448,169.85033410549983,9.50688880291332,9.509061439945771,0.41536244145203266,5.0,-13.0
136,63.0,63.11321665613858,63.10535994744903,449.59776300606256,449.5921764597298,169.85033410549983,169.85488671492297,9.509061439945771,9.511174039344244,0.4127413698518154,5.0,-13.0
137,63.0,63.10535994744903,63.09902430294302,449.5921764597298,449.5870560435057,169.85488671492297,169.8585177517401,9.511174039344244,9.513236309973681,0.45058851036271613,5.0,-13.0
138,63.0,63.09902430294302,63.09539044491105,449.5870560435057,449.5835426091967,169.8585177517401,169.86155226267536,9.513236309973681,9.514995725215996,0.5817885350876754,5.0,-13.0
139,63.0,63.09539044491105,63.095272119434036,449.5835426091967,449.583443897426,169.86155226267536,169.86171288371645,9.514995725215996,9.51518152634904,0.07393139044118867,5.0,-13.0
140,63.0,63.095272119434036,63.0952694997755,449.583443897426,449.5834343716676,169.86171288371645,169.8617213583447,9.51518152634904,9.515212964236857,0.01052797320305067,5.0,-13.0
141,63.0,112.91540654171911,112.91175742602658,461.3533271504249,461.3635709679112,150.86121948348048,150.86341586441017,7.159800446912818,7.160240805231027,0.017467858573052806,6.0,11.0
142,63.0,112.91175742602658,112.90799817564923,461.3635709679112,461.38471347057305,150.86341586441017,150.86546649099392,7.160240805231027,7.1611039368668115,0.057961380382802886,6.0,11.0
143,63.0,112.90799817564923,112.90010415267727,461.38471347057305,461.385533023317,150.86546649099392,150.8810205326222,7.1611039368668115,7.161824811634456,0.06567734436896461,6.0,11.0
144,63.0,112.90010415267727,112.89359898678428,461.385533023317,461.39686317973917,150.8810205326222,150.8815770784491,7.161824811634456,7.162390938322729,0.042585924868837874,6.0,11.0
145,63.0,112.89359898678428,112.89813586845507,461.39686317973917,461.3993782242246,150.8815770784491,150.8725346899052,7.162390938322729,7.162861200616184,0.03094352077732426,6.0,11.0
146,63.0,112.89813586845507,112.89334593330227,461.3993782242246,461.4064481637118,150.8725346899052,150.87364239745094,7.162861200616184,7.163264439960249,0.02167271495155938,6.0,11.0
147,63.0,112.89334593330227,112.8878934631368,461.4064481637118,461.407569086026,150.87364239745094,150.86875677699086,7.163264439960249,7.163622247456839,0.029463683402889258,6.0,11.0
148,63.0,112.8878934631368,112.88431119590359,461.407569086026,461.410639713811,150.86875677699086,150.87224132471212,7.163622247456839,7.163920543699921,0.020934580992500486,6.0,11.0
149,63.0,112.88431119590359,112.88585280706177,461.410639713811,461.4146036635758,150.87224132471212,150.87456347381834,7.163920543699921,7.164178301760827,0.01844781941529683,6.0,11.0
150,63.0,112.88585280706177,112.88692413373799,461.4146036635758,461.4157059831785,150.87456347381834,150.878260720559,7.164178301760827,7.164401640634158,0.016419912108721756,6.0,11.0
151,63.0,112.88692413373799,112.88469601398333,461.4157059831785,461.4142321550701,150.878260720559,150.88020189025374,7.164401640634158,7.164595390724618,0.013224126366012109,6.0,11.0
152,63.0,112.88469601398333,112.88615260674733,461.4142321550701,461.41642233261047,150.88020189025374,150.88107176570657,7.164595390724618,7.164765981725366,0.0244284181523357,6.0,11.0
153,63.0,112.88615260674733,112.88762719118138,461.41642233261047,461.41731275957375,150.88107176570657,150.88036888541987,7.164765981725366,7.164894531395763,0.020721800084976486,6.0,11.0
154,63.0,112.88762719118138,112.88718024953785,461.41731275957375,461.41627754016827,150.88036888541987,150.88012077058366,7.164894531395763,7.164986451918442,0.018643218836176107,6.0,11.0
155,63.0,112.88718024953785,112.88738220805806,461.41627754016827,461.41672440469927,150.88012077058366,150.88040459560315,7.164986451918442,7.165041454456193,0.015425290819982045,6.0,11.0
156,63.0,112.88738220805806,112.88733654771461,461.41672440469927,461.4165729649702,150.88040459560315,150.88029904437693,7.165041454456193,7.165066171043193,0.017706242014080418,6.0,11.0
157,63.0,110.37983424743084,110.37198032085644,461.02651846340893,461.0235465920873,152.16548541330778,152.16298348792353,7.265087142209823,7.265446568969545,0.013214773946250992,7.0,11.0
158,63.0,110.37198032085644,110.35484180030285,461.0235465920873,461.0222496909375,152.16298348792353,152.1611394275868,7.265446568969545,7.266161312213141,0.03324719063323803,7.0,11.0
159,63.0,110.35484180030285,110.34100582064669,461.0222496909375,461.018923265598,152.1611394275868,152.1659817794777,7.266161312213141,7.266796896441972,0.04230453840776576,7.0,11.0
160,63.0,110.34100582064669,110.33274186352601,461.018923265598,461.01376075711767,152.1659817794777,152.15849807693345,7.266796896441972,7.267334670507458,0.02932518861819793,7.0,11.0
161,63.0,110.33274186352601,110.34148282699134,461.01376075711767,461.00859553079556,152.15849807693345,152.1559191193568,7.267334670507458,7.267806790444488,0.03534754116496876,7.0,11.0
162,63.0,110.34148282699134,110.34439109383496,461.00859553079556,461.00266091874954,152.1559191193568,152.15071903585755,7.267806790444488,7.268202474035486,0.030950870942490435,7.0,11.0
163,63.0,110.34439109383496,110.33948968754851,461.00266091874954,460.99912608038176,152.15071903585755,152.14777868085582,7.268202474035486,7.268534012111815,0.026129523568747825,7.0,11.0
164,63.0,110.33948968754851,110.33517681405128,460.99912608038176,461.0003723569046,152.14777868085582,152.15076940781108,7.268534012111815,7.268813712893748,0.02445445257654365,7.0,11.0
165,63.0,110.33517681405128,110.33438272813973,461.0003723569046,460.99706184400964,152.15076940781108,152.15330640490055,7.268813712893748,7.26904703976553,0.01678845222748355,7.0,11.0
166,63.0,110.33438272813973,110.3357038375497,460.99706184400964,460.99381493531234,152.15330640490055,152.15306976398023,7.26904703976553,7.269249792491127,0.01627065114366594,7.0,11.0
167,63.0,110.3357038375497,110.33448686813502,460.99381493531234,460.9916547948204,152.15306976398023,152.15166580946806,7.269249792491127,7.269423866761479,0.01397320606078899,7.0,11.0
168,63.0,110.33448686813502,110.33625783914883,460.9916547948204,460.99184855934107,152.15166580946806,152.1531414626457,7.269423866761479,7.269573821340048,0.014326860788523422,7.0,11.0
169,63.0,110.33625783914883,110.33483457210812,460.99184855934107,460.9908331909954,152.1531414626457,152.15354684479686,7.269573821340048,7.269699159686052,0.010586807556542245,7.0,11.0
170,63.0,110.33483457210812,110.33545399755107,460.9908331909954,460.9895494003026,152.15354684479686,152.15366018878007,7.269699159686052,7.269806015113172,0.01166391939063089,7.0,11.0
171,63.0,110.33545399755107,110.33572204790353,460.9895494003026,460.988563923157,152.15366018878007,152.15344462751534,7.269806015113172,7.269891598224846,0.014120682135086694,7.0,11.0
172,63.0,110.33572204790353,110.33605153435069,460.988563923157,460.9885122369418,152.15344462751534,152.1539431532486,7.269891598224846,7.269948944516855,0.010761627884385833,7.0,11.0
173,63.0,110.33605153435069,110.33624243449871,460.9885122369418,460.9884723395213,152.1539431532486,152.15370005409355,7.269948944516855,7.269984394672415,0.016980130322314227,7.0,11.0
174,63.0,110.33624243449871,110.33621637845388,460.9884723395213,460.98847415142336,152.15370005409355,152.1537221405303,7.269984394672415,7.269991605750916,0.006519100013143132,7.0,11.0
175,63.0,102.58366147126756,102.58225779418203,460.07142833272246,460.0653394105182,155.65706530258188,155.65864593125704,7.5830116668382095,7.58328963799387,0.010311541909478679,8.0,11.0
176,63.0,102.58225779418203,102.5783716950485,460.0653394105182,460.0532664434346,155.65864593125704,155.65783848507755,7.58328963799387,7.5838425864888075,0.040050768142577214,8.0,11.0
177,63.0,102.5783716950485,102.58223341882163,460.0532664434346,460.04381885652646,155.65783848507755,155.65712569265153,7.5838425864888075,7.584305764677829,0.0336253971867687,8.0,11.0
178,63.0,102.58223341882163,102.57748618480528,460.04381885652646,460.0419681835944,155.65712569265153,155.6506020935261,7.584305764677829,7.5846965023745225,0.02694159680498281,8.0,11.0
179,63.0,102.57748618480528,102.57372852756855,460.0419681835944,460.04530666574317,155.6506020935261,155.64600983073194,7.5846965023745225,7.585031426767474,0.018605371814852733,8.0,11.0
180,63.0,102.57372852756855,102.5703890110054,460.04530666574317,460.04679333188903,155.64600983073194,155.64144286999232,7.585031426767474,7.58532910723841,0.03692251277320426,8.0,11.0
181,63.0,102.5703890110054,102.57306727850494,460.04679333188903,460.04392994972943,155.64144286999232,155.6402464515346,7.58532910723841,7.585556389145611,0.020432568304910838,8.0,11.0
182,63.0,102.57306727850494,102.57572306159696,460.04392994972943,460.0441437726349,155.6402464515346,155.64206429914094,7.585556389145611,7.585746839593809,0.016951869559959466,8.0,11.0
183,63.0,102.57572306159696,102.57827411620299,460.0441437726349,460.04401876829377,155.64206429914094,155.64206454622484,7.585746839593809,7.585907767455135,0.013362172627419436,8.0,11.0
184,63.0,102.57827411620299,102.57791884686021,460.04401876829377,460.04260986006557,155.64206454622484,155.64060940902627,7.585907767455135,7.586045716734619,0.013632911647164757,8.0,11.0
185,63.0,102.57791884686021,102.57749001356865,460.04260986006557,460.04197760689584,155.64060940902627,155.63923087901765,7.586045716734619,7.586160126455835,0.010031202269836793,8.0,11.0
186,63.0,102.57749001356865,102.57804783313387,460.04197760689584,460.0408929495035,155.63923087901765,155.63944277606393,7.586160126455835,7.586256682097633,0.01969009403120934,8.0,11.0
187,63.0,102.57804783313387,102.57789775585165,460.0408929495035,460.0403180098845,155.63944277606393,155.6393033429833,7.586256682097633,7.5863147645699485,0.01716574000259169,8.0,11.0
188,63.0,102.57789775585165,102.57775015791717,460.0403180098845,460.04037575728125,155.6393033429833,155.63939950684932,7.5863147645699485,7.586339028208036,0.01745005650557508,8.0,11.0
189,63.0,98.54805720203349,98.55334212552421,459.50003273675446,459.4987909757556,157.43290673299242,157.4333108872884,7.74954976999828,7.74978201095035,0.01872193909937555,9.0,11.0
190,63.0,98.55334212552421,98.56565146015964,459.4987909757556,459.4946386220719,157.4333108872884,157.4322432262415,7.74978201095035,7.750346633993751,0.05443470100982279,9.0,11.0
191,63.0,98.56565146015964,98.57027912290718,459.4946386220719,459.4997560446588,157.4322432262415,157.4254543496783,7.750346633993751,7.750789525043671,0.029193854561805007,9.0,11.0
192,63.0,98.57027912290718,98.56312396492925,459.4997560446588,459.50156847105484,157.4254543496783,157.42235278309633,7.750789525043671,7.751170055258132,0.027924551025557756,9.0,11.0
193,63.0,98.56312396492925,98.5675924984532,459.50156847105484,459.50294770739663,157.42235278309633,157.42687089445786,7.751170055258132,7.7514931783675785,0.03243500009122434,9.0,11.0
194,63.0,98.5675924984532,98.5718835959188,459.50294770739663,459.5052742348868,157.42687089445786,157.4265621985622,7.7514931783675785,7.751752756108426,0.015105245932243853,9.0,11.0
195,63.0,98.5718835959188,98.57087966020455,459.5052742348868,459.5084748992289,157.4265621985622,157.42908182486158,7.751752756108426,7.751984006124616,0.020775184623848066,9.0,11.0
196,63.0,98.57087966020455,98.57209989983157,459.5084748992289,459.5079917973101,157.42908182486158,157.43210957765467,7.751984006124616,7.752177657714191,0.018843259802800428,9.0,11.0
197,63.0,98.57209989983157,98.57335543295495,459.5079917973101,459.50750366989143,157.43210957765467,157.43427588345637,7.752177657714191,7.75233844436412,0.013138127270218514,9.0,11.0
198,63.0,98.57335543295495,98.57215297982091,459.50750366989143,459.5071351429518,157.43427588345637,157.43264243473496,7.75233844436412,7.752476637508724,0.012443772231913024,9.0,11.0
199,63.0,98.57215297982091,98.57102821295693,459.5071351429518,459.50709783727496,157.43264243473496,157.4338103369523,7.752476637508724,7.75259337136978,0.012467342581885107,9.0,11.0
200,63.0,98.57102821295693,98.57143036194573,459.50709783727496,459.5064698136557,157.4338103369523,157.4328683265121,7.75259337136978,7.752687912227595,0.02256258332162197,9.0,11.0
201,63.0,98.57143036194573,98.57163325714654,459.5064698136557,459.5060260414972,157.4328683265121,157.43278296695718,7.752687912227595,7.752737747948112,0.020241573708169855,9.0,11.0
202,63.0,98.57163325714654,98.57164869577423,459.5060260414972,459.5059845780074,157.43278296695718,157.43272158257318,7.752737747948112,7.752750450292818,0.010396859658383384,9.0,11.0
203,63.0,94.51104209001883,94.49067041202684,458.919900833018,458.9280720466646,159.11801869383459,159.11530250833908,7.916672676520109,7.917486344667244,0.038574742931230185,10.0,11.0
204,63.0,94.49067041202684,94.45348890766702,458.9280720466646,458.9427220953344,159.11530250833908,159.10712438269974,7.917486344667244,7.918998038307986,0.08218293347100877,10.0,11.0
205,63.0,94.45348890766702,94.43270868261047,458.9427220953344,458.96029762702346,159.10712438269974,159.0865277864063,7.918998038307986,7.9202867277219795,0.07797184872934525,10.0,11.0
206,63.0,94.43270868261047,94.4106824896509,458.96029762702346,458.95954853028405,159.0865277864063,159.06909386019743,7.9202867277219795,7.921372426545356,0.06674793514515008,10.0,11.0
207,63.0,94.4106824896509,94.4089559039464,458.95954853028405,458.96712293882536,159.06909386019743,159.0473568014406,7.921372426545356,7.922287405833989,0.05096666179619229,10.0,11.0
208,63.0,94.4089559039464,94.42041671291832,458.96712293882536,458.96278120690783,159.0473568014406,159.0323186130699,7.922287405833989,7.923075622409784,0.11264900856160337,10.0,11.0
209,63.0,94.42041671291832,94.42350473080879,458.96278120690783,458.9667025084008,159.0323186130699,159.02156635761187,7.923075622409784,7.923597830314408,0.06628417893181972,10.0,11.0
210,63.0,94.42350473080879,94.42928515855019,458.9667025084008,458.9696128746288,159.02156635761187,159.02615653488837,7.923597830314408,7.92397564487141,0.028689709526232,10.0,11.0
211,63.0,94.42928515855019,94.42404414807712,458.9696128746288,458.9718832445534,159.02615653488837,159.02903428366082,7.92397564487141,7.924294624786625,0.02277887110913219,10.0,11.0
212,63.0,94.42404414807712,94.41993004142573,458.9718832445534,458.97335367300127,159.02903428366082,159.02611537303483,7.924294624786625,7.924568757994088,0.02075656559947269,10.0,11.0
213,63.0,94.41993004142573,94.41643477552302,458.97335367300127,458.9720759313057,159.02611537303483,159.02399583591978,7.924568757994088,7.924803605737578,0.024652309238456117,10.0,11.0
214,63.0,94.41643477552302,94.41647115135302,458.9720759313057,458.97045133196707,159.02399583591978,159.02121555458044,7.924803605737578,7.924993836658812,0.014453198316126114,10.0,11.0
215,63.0,94.41647115135302,94.41649999015368,458.97045133196707,458.96787401700914,159.02121555458044,159.0218109663636,7.924993836658812,7.925158860818257,0.017134112652771608,10.0,11.0
216,63.0,94.41649999015368,94.41548357579356,458.96787401700914,458.9662913424505,159.0218109663636,159.0211140035743,7.925158860818257,7.925294412015789,0.03848833905308738,10.0,11.0
217,63.0,94.41548357579356,94.41565224698304,458.9662913424505,458.9655975512398,159.0211140035743,159.02116354057446,7.925294412015789,7.925359652459073,0.031511930494640156,10.0,11.0
218,63.0,94.41565224698304,94.41562844373581,458.9655975512398,458.96560021560873,159.02116354057446,159.02118861486343,7.925359652459073,7.92536693370484,0.00657214515037742,10.0,11.0
219,63.0,91.50606236446184,91.47372966318902,458.61540602151706,458.6278109523616,160.2758321396164,160.28028787617615,8.040652940252604,8.041890103308907,0.058519347873747976,11.0,11.0
220,63.0,91.47372966318902,91.41523756067184,458.6278109523616,458.6464230946507,160.28028787617615,160.30251353289685,8.041890103308907,8.04421545687624,0.12891887331926746,11.0,11.0
221,63.0,91.41523756067184,91.37171717279978,458.6464230946507,458.6663955029118,160.30251353289685,160.27773158270548,8.04421545687624,8.04616404475512,0.10870967981968745,11.0,11.0
222,63.0,91.37171717279978,91.32930296904615,458.6663955029118,458.6684551159677,160.27773158270548,160.2639851189189,8.04616404475512,8.047803907404795,0.10443071991974277,11.0,11.0
223,63.0,91.32930296904615,91.29738878692316,458.6684551159677,458.6831553191676,160.2639851189189,160.25595752419432,8.047803907404795,8.049156710462464,0.08655256358888934,11.0,11.0
224,63.0,91.29738878692316,91.2750746006762,458.6831553191676,458.7015163625221,160.25595752419432,160.25156574205684,8.049156710462464,8.050280336848768,0.08198978569616297,11.0,11.0
225,63.0,91.2750746006762,91.26210336423053,458.7015163625221,458.7196440233609,160.25156574205684,160.25758693373308,8.050280336848768,8.051195514281787,0.12184887784310015,11.0,11.0
226,63.0,91.26210336423053,91.25475936187607,458.7196440233609,458.7306188683868,160.25758693373308,160.2636843584797,8.051195514281787,8.051813894438952,0.08954786966498036,11.0,11.0
227,63.0,91.25475936187607,91.25296616239947,458.7306188683868,458.73841370422844,160.2636843584797,160.26777832084034,8.051813894438952,8.052231077532445,0.02472128349955613,11.0,11.0
228,63.0,91.25296616239947,91.24877303899191,458.73841370422844,458.7433802492113,160.26777832084034,160.27170931148245,8.052231077532445,8.05259609531149,0.03870321668124707,11.0,11.0
229,63.0,91.24877303899191,91.24557654848184,458.7433802492113,458.7434691871673,160.27170931148245,160.27628034443066,8.05259609531149,8.052883092482194,0.040929006440279046,11.0,11.0
230,63.0,91.24557654848184,91.24232487112043,458.7434691871673,458.7419906381788,160.27628034443066,160.27719072760635,8.052883092482194,8.053093148237593,0.019528407563360845,11.0,11.0
231,63.0,91.24232487112043,91.24386324214157,458.7419906381788,458.7416536262034,160.27719072760635,160.27960326326902,8.053093148237593,8.053268621677281,0.019578224319823836,11.0,11.0
232,63.0,91.24386324214157,91.24247361751623,458.7416536262034,458.7400871952124,160.27960326326902,160.2791816675142,8.053268621677281,8.053410327323656,0.021559782095427686,11.0,11.0
233,63.0,91.24247361751623,91.24218068223323,458.7400871952124,458.73886126652303,160.2791816675142,160.27974638963738,8.053410327323656,8.053514611177178,0.012135961889699709,11.0,11.0
234,63.0,91.24218068223323,91.24144099070897,458.73886126652303,458.7384005421698,160.27974638963738,160.2801983111365,8.053514611177178,8.053596536780107,0.018613925126483754,11.0,11.0
235,63.0,91.24144099070897,91.24167684014552,458.7384005421698,458.7383398599297,160.2801983111365,160.27985654180353,8.053596536780107,8.05364065046868,0.014085873825189884,11.0,11.0
236,63.0,91.24167684014552,91.2416996360378,458.7383398599297,458.73833387406603,160.27985654180353,160.2797361408651,8.05364065046868,8.053658636982853,0.013763232258245169,11.0,11.0
237,63.0,89.35436526387127,89.35047640559112,458.36857538189463,458.37272791573315,161.10098699754366,161.1094520638274,8.130557151757092,8.130968663548797,0.019886620452530698,12.0,11.0
238,63.0,89.35047640559112,89.3438183629047,458.37272791573315,458.38158318928726,161.1094520638274,161.1248077777826,8.130968663548797,8.13174078732533,0.07069699228551574,12.0,11.0
239,63.0,89.3438183629047,89.3457630556146,458.38158318928726,458.37672276631093,161.1248077777826,161.13792136543694,8.13174078732533,8.132344088154383,0.031362726020744185,12.0,11.0
240,63.0,89.3457630556146,89.34427880185116,458.37672276631093,458.36673453813574,161.13792136543694,161.13124388810985,8.132344088154383,8.132875377007773,0.024696513926506916,12.0,11.0
241,63.0,89.34427880185116,89.33708223830128,458.36673453813574,458.3627816356325,161.13124388810985,161.1245678774431,8.132875377007773,8.13335140200813,0.041107209177855514,12.0,11.0
242,63.0,89.33708223830128,89.33015172918854,458.3627816356325,458.36635914930304,161.1245678774431,161.12705049704996,8.13335140200813,8.13373865975907,0.03330227396122933,12.0,11.0
243,63.0,89.33015172918854,89.32518582000279,458.36635914930304,458.36558816135596,161.12705049704996,161.13099686414546,8.13373865975907,8.13405740993819,0.03058087776802221,12.0,11.0
244,63.0,89.32518582000279,89.32200253780385,458.36558816135596,458.3658521990136,161.13099686414546,161.13468062061548,8.13405740993819,8.134316375369567,0.019775475109012373,12.0,11.0
245,63.0,89.32200253780385,89.31859368246447,458.3658521990136,458.36745616896616,161.13468062061548,161.13594396630793,8.134316375369567,8.13453844656498,0.03559895949975198,12.0,11.0
246,63.0,89.31859368246447,89.31733749263155,458.36745616896616,458.36916351258026,161.13594396630793,161.134592495652,8.13453844656498,8.134697557085419,0.0149107516482559,12.0,11.0
247,63.0,89.31733749263155,89.31683784520092,458.36916351258026,458.3710522998478,161.134592495652,161.13477902564014,8.134697557085419,8.13483103914476,0.023031494046417272,12.0,11.0
248,63.0,89.31683784520092,89.3167279210857,458.3710522998478,458.36995343809724,161.13477902564014,161.13438370491752,8.13483103914476,8.134923992516395,0.01783781921660826,12.0,11.0
249,63.0,89.3167279210857,89.31653120332956,458.36995343809724,458.36972454430423,161.13438370491752,161.13491015459803,8.134923992516395,8.134981829851842,0.018292808926312448,12.0,11.0
250,63.0,89.31653120332956,89.3165959750077,458.36972454430423,458.3697600282215,161.13491015459803,161.1350553682152,8.134981829851842,8.135003917914355,0.016204780234461414,12.0,11.0
251,63.0,84.66067216227385,84.64909790950672,457.85686008175287,457.8629479486884,162.91425972143318,162.92124232693575,8.329605661886017,8.330174176067517,0.03222908036754618,13.0,11.0
252,63.0,84.64909790950672,84.63192230649527,457.8629479486884,457.8652215957133,162.92124232693575,162.9424721102078,8.330174176067517,8.331236204486489,0.06500453439244254,13.0,11.0
253,63.0,84.63192230649527,84.6338874833411,457.8652215957133,457.8503634538065,162.9424721102078,162.95930751429086,8.331236204486489,8.332132570286406,0.20817537856186863,13.0,11.0
254,63.0,84.6338874833411,84.63558225883907,457.8503634538065,457.84446618114725,162.95930751429086,162.96553280814007,8.332132570286406,8.33254065146934,0.026649945550597787,13.0,11.0
255,63.0,84.63558225883907,84.6352119650018,457.84446618114725,457.83794964970014,162.96553280814007,162.9687121830376,8.33254065146934,8.33289288655219,0.02470955697838675,13.0,11.0
256,63.0,84.6352119650018,84.63291167344374,457.83794964970014,457.832944492106,162.9687121830376,162.97101084921115,8.33289288655219,8.333195234694758,0.02288692630676452,13.0,11.0
257,63.0,84.63291167344374,84.62913928389631,457.832944492106,457.8301636229488,162.97101084921115,162.96976079274447,8.333195234694758,8.33345317970119,0.023050159813467003,13.0,11.0
258,63.0,84.62913928389631,84.62694973756432,457.8301636229488,457.8297549988659,162.96976079274447,162.97284820884812,8.33345317970119,8.333668303642654,0.01762946582954717,13.0,11.0
259,63.0,84.62694973756432,84.6247651704036,457.8297549988659,457.8294833969359,162.97284820884812,162.9749863589187,8.333668303642654,8.333851982215888,0.024854344291222106,13.0,11.0
260,63.0,84.6247651704036,84.6241903785977,457.8294833969359,457.8315062753536,162.9749863589187,162.97476174401498,8.333851982215888,8.333992696517114,0.014712141269893673,13.0,11.0
261,63.0,84.6241903785977,84.62486889559656,457.8315062753536,457.8311760977496,162.97476174401498,162.97335727146353,8.333992696517114,8.334108036045132,0.017369974253496755,13.0,11.0
262,63.0,84.62486889559656,84.62541518198825,457.8311760977496,457.832000997152,162.97335727146353,162.973584580161,8.334108036045132,8.33419194421643,0.012138575640291178,13.0,11.0
263,63.0,84.62541518198825,84.62538586614832,457.832000997152,457.8325932999026,162.973584580161,162.9733642730045,8.33419194421643,8.334251570102369,0.016526552969944496,13.0,11.0
264,63.0,84.62538586614832,84.62536590572537,457.8325932999026,457.8327986284009,162.9733642730045,162.9734120887827,8.334251570102369,8.334278300856036,0.018834031214781038,13.0,11.0
265,63.0,78.930549024371,78.87994497467791,456.4411727777692,456.4469858005805,164.39708241975717,164.40522085198978,8.576746444410185,8.578529841237224,0.11159729718973165,14.0,11.0
266,63.0,78.87994497467791,78.79184822340085,456.4469858005805,456.4660884476822,164.40522085198978,164.4482673861474,8.578529841237224,8.581999768731553,0.39816002969295844,14.0,11.0
267,63.0,78.79184822340085,78.7314663804819,456.4660884476822,456.4702973655374,164.4482673861474,164.46645423338995,8.581999768731553,8.584256223339978,0.1397229692256016,14.0,11.0
268,63.0,78.7314663804819,78.69315276271661,456.4702973655374,456.5037701766861,164.46645423338995,164.46334140952195,8.584256223339978,8.58610695737294,0.12197480854080507,14.0,11.0
269,63.0,78.69315276271661,78.69243281463022,456.5037701766861,456.5269453274215,164.46334140952195,164.42990401542716,8.58610695737294,8.587615246798947,0.0887534488662677,14.0,11.0
270,63.0,78.69243281463022,78.70548222097769,456.5269453274215,456.51512530625234,164.42990401542716,164.4013901808477,8.587615246798947,8.588883131920667,0.14646051369499188,14.0,11.0
271,63.0,78.70548222097769,78.70579150829758,456.51512530625234,456.50687255919667,164.4013901808477,164.38058645273688,8.588883131920667,8.589774111214822,0.051632585318183113,14.0,11.0
272,63.0,78.70579150829758,78.70063578497533,456.50687255919667,456.51390355629485,164.38058645273688,164.3640670436122,8.589774111214822,8.590537346279943,0.047439981026163626,14.0,11.0
273,63.0,78.70063578497533,78.69208295182094,456.51390355629485,456.52058714655294,164.3640670436122,164.3531146643033,8.590537346279943,8.59118663341167,0.036871271592882324,14.0,11.0
274,63.0,78.69208295182094,78.69007765482924,456.52058714655294,456.5219847372003,164.3531146643033,164.34034489844694,8.59118663341167,8.591750074345256,0.03440153829265925,14.0,11.0
275,63.0,78.69007765482924,78.68598570211635,456.5219847372003,456.51814034836116,164.34034489844694,164.33106096569318,8.591750074345256,8.592235851740895,0.04953903139559155,14.0,11.0
276,63.0,78.68598570211635,78.68381082550536,456.51814034836116,456.5241446206734,164.33106096569318,164.32630854472706,8.592235851740895,8.592614648159493,0.03761140220722925,14.0,11.0
277,63.0,78.68381082550536,78.67827344835166,456.5241446206734,456.52629862205606,164.32630854472706,164.32579889582627,8.592614648159493,8.592916783674896,0.021221128139145923,14.0,11.0
278,63.0,78.67827344835166,78.67530812349813,456.52629862205606,456.53021705421713,164.32579889582627,164.32611382615596,8.592916783674896,8.593177693728824,0.023796465688061003,14.0,11.0
279,63.0,78.67530812349813,78.67202231094358,456.53021705421713,456.5302010487083,164.32611382615596,164.32810537634128,8.593177693728824,8.593394293371851,0.019896653547830045,14.0,11.0
280,63.0,78.67202231094358,78.669609435437,456.5302010487083,456.5288950364691,164.32810537634128,164.32934400025994,8.593394293371851,8.593575423793878,0.016633963974841296,14.0,11.0
281,63.0,78.669609435437,78.67123558937142,456.5288950364691,456.53060959156863,164.32934400025994,164.32944515094687,8.593575423793878,8.593727765293382,0.015949815032702618,14.0,11.0
282,63.0,78.67123558937142,78.6727993422031,456.53060959156863,456.5300829635665,164.32944515094687,164.33012977123062,8.593727765293382,8.593852697196686,0.017121644691315004,14.0,11.0
283,63.0,78.6727993422031,78.67386790388626,456.5300829635665,456.53037809164545,164.33012977123062,164.3305993120605,8.593852697196686,8.593947373459589,0.01695371144931753,14.0,11.0
284,63.0,78.67386790388626,78.67439692232904,456.53037809164545,456.53051075945115,164.3305993120605,164.33097393743688,8.593947373459589,8.59400898641977,0.0141467688002808,14.0,11.0
285,63.0,78.67439692232904,78.67415487520628,456.53051075945115,456.53065451014743,164.33097393743688,164.33097747333977,8.59400898641977,8.594041892099032,0.015271346422856049,14.0,11.0
286,63.0,78.67415487520628,78.67418323449532,456.53065451014743,456.5306781034906,164.33097747333977,164.33096982981547,8.594041892099032,8.5940496145265,0.006903234260613138,14.0,11.0
287,63.0,73.40886999346179,73.40330157741433,455.08705001714486,455.08771909942396,165.86235876880966,165.86682786741625,8.826976266631876,8.827280837803148,0.009659789873664447,15.0,11.0
288,63.0,73.40330157741433,73.39129325189865,455.08771909942396,455.08686133294987,165.86682786741625,165.87397452826096,8.827280837803148,8.82787989227389,0.03492129044252017,15.0,11.0
289,63.0,73.39129325189865,73.38806025121312,455.08686133294987,455.08516552244475,165.87397452826096,165.8851628574252,8.82787989227389,8.828399016967605,0.05089994823436253,15.0,11.0
290,63.0,73.38806025121312,73.38809348215092,455.08516552244475,455.0842466256104,165.8851628574252,165.89383763533823,8.828399016967605,8.828806441925732,0.03376380270296717,15.0,11.0
291,63.0,73.38809348215092,73.39194589031254,455.0842466256104,455.08685730985326,165.89383763533823,165.89888277220274,8.828806441925732,8.829143492027072,0.02445090596840894,15.0,11.0
292,63.0,73.39194589031254,73.39429203546655,455.08685730985326,455.0857521378778,165.89888277220274,165.90385779551292,8.829143492027072,8.829431749035505,0.027109304749087473,15.0,11.0
293,63.0,73.39429203546655,73.39722282458744,455.0857521378778,455.0885628500322,165.90385779551292,165.90534426470086,8.829431749035505,8.829668300763085,0.02038440280878826,15.0,11.0
294,63.0,73.39722282458744,73.39926962627042,455.0885628500322,455.0858040710409,165.90534426470086,165.90537186942737,8.829668300763085,8.829867734041478,0.02014370062175155,15.0,11.0
295,63.0,73.39926962627042,73.39707698932207,455.0858040710409,455.0847808729487,165.90537186942737,165.9043517293723,8.829867734041478,8.83003188673345,0.027886166622123898,15.0,11.0
296,63.0,73.39707698932207,73.39589298362311,455.0847808729487,455.08459711421284,165.9043517293723,165.90327676434427,8.83003188673345,8.830148005494753,0.01788268361641625,15.0,11.0
297,63.0,73.39589298362311,73.39623586796338,455.08459711421284,455.08372847395566,165.90327676434427,165.9036693190316,8.830148005494753,8.83023178740817,0.017842887322651216,15.0,11.0
298,63.0,73.39623586796338,73.39579765377577,455.08372847395566,455.0835763529179,165.9036693190316,165.90371751069478,8.83023178740817,8.830279460752749,0.024219833693270968,15.0,11.0
299,63.0,73.39579765377577,73.39577464726153,455.0835763529179,455.0835733774132,165.90371751069478,165.9037089026101,8.830279460752749,8.83028519857711,0.005370182783795703,15.0,11.0
300,63.0,66.37118999886391,66.36644848467262,451.9551655093907,451.95170001271674,168.63511865629613,168.6351228525138,9.219202290098696,9.219459202856557,0.01613969633990849,16.0,11.0
301,63.0,66.36644848467262,66.35788602981327,451.95170001271674,451.9443806898369,168.6351228525138,168.63401307857157,9.219459202856557,9.219962041496517,0.04802076442986107,16.0,11.0
302,63.0,66.35788602981327,66.34967922181286,451.9443806898369,451.9423328034817,168.63401307857157,168.6334897809525,9.219962041496517,9.2203601677825,0.029685430649957288,16.0,11.0
303,63.0,66.34967922181286,66.3429197438223,451.9423328034817,451.9415960149692,168.6334897809525,168.63267620251577,9.2203601677825,9.220696615674257,0.02210411260471024,16.0,11.0
304,63.0,66.3429197438223,66.33997340652351,451.9415960149692,451.94633488441997,168.63267620251577,168.63145469122267,9.220696615674257,9.220988889260184,0.021319857296932896,16.0,11.0
305,63.0,66.33997340652351,66.34059427001311,451.94633488441997,451.9481050229798,168.63145469122267,168.62716230372496,9.220988889260184,9.221240122225934,0.01832966405113794,16.0,11.0
306,63.0,66.34059427001311,66.34222255352358,451.9481050229798,451.9449295919446,168.62716230372496,168.62569593921685,9.221240122225934,9.221457382773787,0.02021015379195284,16.0,11.0
307,63.0,66.34222255352358,66.34448866964638,451.9449295919446,451.94688893195627,168.62569593921685,168.6260114587953,9.221457382773787,9.221638600219377,0.04096550892584255,16.0,11.0
308,63.0,66.34448866964638,66.34543106336437,451.94688893195627,451.9464207151265,168.6260114587953,168.62707815912165,9.221638600219377,9.2217490229193,0.019693591651167502,16.0,11.0
309,63.0,66.34543106336437,66.34508742613244,451.9464207151265,451.94566915404147,168.62707815912165,168.6272787710685,9.2217490229193,9.221822938449964,0.030637871208171116,16.0,11.0
310,63.0,66.34508742613244,66.34502585381564,451.94566915404147,451.9456602454314,168.6272787710685,168.62720946442536,9.221822938449964,9.221837683730115,0.011733269895575923,16.0,11.0
311,63.0,63.0952694997755,63.422387826881945,449.5834343716676,449.34526460271064,169.8617213583447,169.9276524168522,6399.30641190089,6399.320088014098,1.0866326448544004,19.0,-11.0
312,63.0,63.422387826881945,64.52342952997476,449.34526460271064,448.44496449118316,169.9276524168522,170.14526887038326,6399.320088014098,6399.368084976733,3.238794295689624,19.0,-11.0
313,63.0,64.52342952997476,64.67578285766687,448.44496449118316,448.3377575590018,170.14526887038326,170.19075707416962,6399.368084976733,6399.37448209307,0.32624609908971247,19.0,-11.0
314,63.0,64.67578285766687,65.36718989036706,448.3377575590018,447.933411396851,170.19075707416962,170.37645360855453,6399.37448209307,6399.401910137618,1.6421787695792844,19.0,-11.0
315,63.0,65.36718989036706,66.09742233689714,447.933411396851,447.5440445790879,170.37645360855453,170.6082796784288,6399.401910137618,6399.430579590745,1.5593093057351315,19.0,-11.0
316,63.0,66.09742233689714,68.7721809808277,447.5440445790879,446.4274063238305,170.6082796784288,171.85782347868314,6399.430579590745,6399.535874888554,5.453630327149595,19.0,-11.0
317,63.0,68.7721809808277,68.77488530548281,446.4274063238305,446.2728265295932,171.85782347868314,171.55910590828069,6399.535874888554,6399.547096047025,0.620296803807473,19.0,-11.0
318,63.0,68.77488530548281,68.76375437180428,446.2728265295932,446.1562080041531,171.55910590828069,171.2964369548418,6399.547096047025,6399.556691106814,0.5107822289192593,19.0,-11.0
319,63.0,68.76375437180428,68.75923830701056,446.1562080041531,446.13822774423045,171.2964369548418,171.2586293692562,6399.556691106814,6399.558095942065,0.07017990359315339,19.0,-11.0
320,63.0,68.75923830701056,68.67230894150256,446.13822774423045,445.79788464083674,171.2586293692562,170.5810723532133,6399.558095942065,6399.583558342303,1.374218411663745,19.0,-11.0
321,63.0,68.67230894150256,68.66773047640321,445.79788464083674,445.4766194769148,170.5810723532133,170.05044541706766,6399.583558342303,6399.604254377924,1.1376673352848097,19.0,-11.0
322,63.0,68.66773047640321,68.6659619300184,445.4766194769148,445.4564452106255,170.05044541706766,170.01312451616627,6399.604254377924,6399.605671076518,0.06580505095904739,19.0,-11.0
323,63.0,68.6659619300184,68.65668658342986,445.4564452106255,445.3072097782618,170.01312451616627,169.74856633757562,6399.605671076518,6399.61581013284,0.49713249036293533,19.0,-11.0
324,63.0,68.65668658342986,68.73019655000041,445.3072097782618,444.5882685119308,169.74856633757562,168.66543036767817,6399.61581013284,6399.659260558166,2.4184322079006675,19.0,-11.0
325,63.0,68.73019655000041,68.74080961920161,444.5882685119308,444.5082046441307,168.66543036767817,168.45114325593104,6399.659260558166,6399.666903455924,0.3955343340971668,19.0,-11.0
326,63.0,68.74080961920161,68.76677482502464,444.5082046441307,444.38288609309683,168.45114325593104,168.14295198645965,6399.666903455924,6399.67804160577,0.5354705499780587,19.0,-11.0
327,63.0,68.76677482502464,68.7909184287431,444.38288609309683,444.2459821042673,168.14295198645965,167.91183865355146,6399.67804160577,6399.687044065017,0.6892384802277829,19.0,-11.0
328,63.0,68.7909184287431,68.84481507794558,444.2459821042673,444.14489110751595,167.91183865355146,167.7499994764611,6399.687044065017,6399.693663346189,0.38823991442983546,19.0,-11.0
329,63.0,68.84481507794558,68.85931390111003,444.14489110751595,444.11110192157986,167.7499994764611,167.69421248332623,6399.693663346189,6399.69589391364,0.11696462338273544,19.0,-11.0
330,63.0,68.85931390111003,69.05985776991854,444.11110192157986,443.70402533156596,167.69421248332623,167.0638395109488,6399.69589391364,6399.721825135684,1.4399262856130057,19.0,-11.0
331,63.0,69.05985776991854,69.12664408461025,443.70402533156596,443.59504136870464,167.0638395109488,166.7445749900906,6399.721825135684,6399.733309948841,0.6083626761690134,19.0,-11.0
332,63.0,69.12664408461025,69.16537347032917,443.59504136870464,443.3026779558888,166.7445749900906,165.84252818749778,6399.733309948841,6399.765008467394,1.728339086320332,19.0,-11.0
333,63.0,69.16537347032917,68.87250308962055,443.3026779558888,443.2718061849323,165.84252818749778,165.1361773262518,6399.765008467394,6399.790585481334,1.4048724229984735,19.0,-11.0
334,63.0,68.87250308962055,68.70008576555124,443.2718061849323,443.33882456962493,165.1361773262518,164.54874565217204,6399.790585481334,6399.811187320193,1.1034169218306598,19.0,-11.0
335,63.0,68.70008576555124,68.45887890757503,443.33882456962493,443.23126908558027,164.54874565217204,164.12576393405163,6399.811187320193,6399.82788872354,0.906721288061764,19.0,-11.0
336,63.0,68.45887890757503,68.33017849683571,443.23126908558027,442.8887437331142,164.12576393405163,163.99913870739468,6399.82788872354,6399.840879067114,0.6676590739946202,19.0,-11.0
337,63.0,68.33017849683571,68.19982011862422,442.8887437331142,442.6742782148932,163.99913870739468,163.9041338744773,6399.840879067114,6399.84992809122,0.4892771404211843,19.0,-11.0
338,63.0,68.19982011862422,68.18144259604986,442.6742782148932,442.61322596624814,163.9041338744773,163.82990271920957,6399.84992809122,6399.853240599751,0.14960018227202393,19.0,-11.0
339,63.0,68.18144259604986,68.13663085512559,442.61322596624814,442.54221585062214,163.82990271920957,163.80394025572224,6399.853240599751,6399.856315375271,0.20855262348733414,19.0,-11.0
340,63.0,68.13663085512559,68.06867118885529,442.54221585062214,442.5463347650618,163.80394025572224,163.79634456200336,6399.856315375271,6399.858748875007,0.13997892286229188,19.0,-11.0
341,63.0,68.06867118885529,68.01633129182314,442.5463347650618,442.5468526424321,163.79634456200336,163.77669383739027,6399.858748875007,6399.860764678236,0.12236088720549847,19.0,-11.0
342,63.0,68.01633129182314,67.98414957639093,442.5468526424321,442.56050538653955,163.77669383739027,163.74795767812884,6399.860764678236,6399.862425876018,0.07777861726756824,19.0,-11.0
343,63.0,67.98414957639093,67.99565298993544,442.56050538653955,442.5807057585465,163.74795767812884,163.71702462404215,6399.862425876018,6399.863867828629,0.1120338671219671,19.0,-11.0
344,63.0,67.99565298993544,68.01102677484397,442.5807057585465,442.6023460938785,163.71702462404215,163.7038851068967,6399.863867828629,6399.865004277408,0.06781082770712789,19.0,-11.0
345,63.0,68.01102677484397,68.01836484328894,442.6023460938785,442.62387418040163,163.7038851068967,163.71275058998484,6399.865004277408,6399.865963682942,0.06290258724789692,19.0,-11.0
346,63.0,68.01836484328894,68.02130922861724,442.62387418040163,442.6362270012979,163.71275058998484,163.727907256671,6399.865963682942,6399.866763514385,0.09004712765248073,19.0,-11.0
347,63.0,68.02130922861724,68.01051325334637,442.6362270012979,442.6441875098109,163.727907256671,163.7302115702856,6399.866763514385,6399.867347056395,0.02456988338508733,19.0,-11.0
348,63.0,68.01051325334637,68.00120949620322,442.6441875098109,442.65070467193317,163.7302115702856,163.734206428729,6399.867347056395,6399.867874331054,0.033447960762011904,19.0,-11.0
349,63.0,68.00120949620322,68.0070777215462,442.65070467193317,442.6578683921205,163.734206428729,163.73798281235946,6399.867874331054,6399.868327339279,0.027607560647074862,19.0,-11.0
350,63.0,68.0070777215462,68.01161074399744,442.6578683921205,442.66135288878314,163.73798281235946,163.74414709547437,6399.868327339279,6399.868721252604,0.07033365658468277,19.0,-11.0
351,63.0,68.01161074399744,68.01414253405096,442.66135288878314,442.65825571346966,163.74414709547437,163.74150425930742,6399.868721252604,6399.868975485217,0.025668857049281433,19.0,-11.0
352,63.0,68.01414253405096,68.01551283253198,442.65825571346966,442.6565182244214,163.74150425930742,163.73858451892997,6399.868975485217,6399.869183354699,0.014210110146029777,19.0,-11.0
353,63.0,68.01551283253198,68.01767681635052,442.6565182244214,442.65432784691984,163.73858451892997,163.73837898422667,6399.869183354699,6399.869366718181,0.0221058137577958,19.0,-11.0
354,63.0,68.01767681635052,68.01925053891088,442.65432784691984,442.65585170533086,163.73837898422667,163.73783866945047,6399.869366718181,6399.869513378773,0.014882739551972567,19.0,-11.0
355,63.0,68.01925053891088,68.02089994097396,442.65585170533086,442.65581934584225,163.73783866945047,163.73728209282794,6399.869513378773,6399.869635793131,0.012232790722547973,19.0,-11.0
356,63.0,68.02089994097396,68.02215833276483,442.65581934584225,442.65571141782846,163.73728209282794,163.73772453342477,6399.869635793131,6399.869737840725,0.020535599909018716,19.0,-11.0
357,63.0,68.02215833276483,68.02252576603684,442.65571141782846,442.6555518078065,163.73772453342477,163.73828726857488,6399.869737840725,6399.869801849563,0.019096331104639343,19.0,-11.0
358,63.0,68.02252576603684,68.02242413042596,442.6555518078065,442.65553074025604,163.73828726857488,163.7381144702491,6399.869801849563,6399.8698281106,0.01762078818203666,19.0,-11.0
359,63.0,68.75923830701056,68.762578940093,446.13822774423045,446.13846871934646,171.2586293692562,171.25339343407617,6399.558095942065,6399.558365626655,0.01079071675522532,28.0,11.0
360,63.0,68.762578940093,68.7696086116524,446.13846871934646,446.13313033737643,171.25339343407617,171.24493331294485,6399.558365626655,6399.558901254454,0.04350734949919689,28.0,11.0
361,63.0,68.7696086116524,68.77406003711039,446.13313033737643,446.1277567997121,171.24493331294485,171.23837711589607,6399.558901254454,6399.559340277068,0.03423582605768971,28.0,11.0
362,63.0,68.77406003711039,68.76892260259957,446.1277567997121,446.1252295227001,171.23837711589607,171.2333341356335,6399.559340277068,6399.55970656666,0.023653571748710658,28.0,11.0
363,63.0,68.76892260259957,68.76392042020822,446.1252295227001,446.12155249689323,171.2333341356335,171.23476168654142,6399.55970656666,6399.560024561962,0.029184091021722623,28.0,11.0
364,63.0,68.76392042020822,68.7590055993516,446.12155249689323,446.12182676260966,171.23476168654142,171.23488511176214,6399.560024561962,6399.560285469876,0.01827863151447962,28.0,11.0
365,63.0,68.7590055993516,68.76021348581455,446.12182676260966,446.125570168945,171.23488511176214,171.2337833029257,6399.560285469876,6399.560512158112,0.015376872466727587,28.0,11.0
366,63.0,68.76021348581455,68.76044792445764,446.125570168945,446.12882704812165,171.2337833029257,171.23276128805205,6399.560512158112,6399.560711005681,0.020613963626041676,28.0,11.0
367,63.0,68.76044792445764,68.76042507407728,446.12882704812165,446.13141153427125,171.23276128805205,171.23299529560748,6399.560711005681,6399.560873780109,0.01453339596876486,28.0,11.0
368,63.0,68.76042507407728,68.7588132083307,446.13141153427125,446.13222136582135,171.23299529560748,171.23201560569527,6399.560873780109,6399.561011557144,0.013701559205338608,28.0,11.0
369,63.0,68.7588132083307,68.75853965391667,446.13222136582135,446.1314694371583,171.23201560569527,171.23336671931514,6399.561011557144,6399.561125671179,0.01584274381385381,28.0,11.0
370,63.0,68.75853965391667,68.75875403778043,446.1314694371583,446.13248448243786,171.23336671931514,171.2332697803168,6399.561125671179,6399.561211147919,0.00984981909672904,28.0,11.0
371,63.0,68.75875403778043,68.75898901606925,446.13248448243786,446.13292025841656,171.2332697803168,171.23273627241213,6399.561211147919,6399.561277189688,0.03160296341097363,28.0,11.0
372,63.0,68.75898901606925,68.75895842086831,446.13292025841656,446.13293326837436,171.23273627241213,171.23275338352772,6399.561277189688,6399.561284870976,0.006872532134347631,28.0,11.0
373,63.0,68.73019655000041,68.73148946179563,444.5882685119308,444.578165502602,168.66543036767817,168.660198914084,6399.659260558166,6399.659712866248,0.015923204281555664,33.0,11.0
374,63.0,68.73148946179563,68.73751107336032,444.578165502602,444.5704395250808,168.660198914084,168.63993982555962,6399.659712866248,6399.66060795673,0.05194945776728223,33.0,11.0
375,63.0,68.73751107336032,68.743979858639,444.5704395250808,444.5656624795978,168.63993982555962,168.62297747751683,6399.66060795673,6399.661374416272,0.05628239500718373,33.0,11.0
376,63.0,68.743979858639,68.75332776570129,444.5656624795978,444.5650269686447,168.62297747751683,168.61136880828985,6399.661374416272,6399.662005990687,0.03924619142308829,33.0,11.0
377,63.0,68.75332776570129,68.74125856726032,444.5650269686447,444.5635058450392,168.61136880828985,168.60911561912903,6399.662005990687,6399.662546836333,0.034011827709922914,33.0,11.0
378,63.0,68.74125856726032,68.73194246855104,444.5635058450392,444.5671785789709,168.60911561912903,168.61141644131442,6399.662546836333,6399.6630116133865,0.03500585594730545,33.0,11.0
379,63.0,68.73194246855104,68.72402444204879,444.5671785789709,444.5649947746266,168.61141644131442,168.61208642409446,6399.6630116133865,6399.663400974155,0.09399263293458489,33.0,11.0
380,63.0,68.72402444204879,68.72051463312793,444.5649947746266,444.5644707805627,168.61208642409446,168.61247555564037,6399.663400974155,6399.6636061250765,0.01728000035136298,33.0,11.0
381,63.0,68.72051463312793,68.71797906932576,444.5644707805627,444.56437129622293,168.61247555564037,168.61379969732454,6399.6636061250765,6399.6637807700845,0.026997371941957442,33.0,11.0
382,63.0,68.71797906932576,68.71651387399453,444.56437129622293,444.5652862673043,168.61379969732454,168.6144680529231,6399.6637807700845,6399.66390891846,0.010236553948240676,33.0,11.0
383,63.0,68.71651387399453,68.71790088428143,444.5652862673043,444.56572738124066,168.6144680529231,168.61411743613354,6399.66390891846,6399.664019274303,0.007951821342113573,33.0,11.0
384,63.0,68.71790088428143,68.71793759899892,444.56572738124066,444.56689273094133,168.61411743613354,168.61451023683804,6399.664019274303,6399.664115409571,0.01574579685575471,33.0,11.0
385,63.0,68.71793759899892,68.71798490505873,444.56689273094133,444.56755463349117,168.61451023683804,168.6142224687867,6399.664115409571,6399.664181151926,0.011060053580620543,33.0,11.0
386,63.0,68.71798490505873,68.71838886401926,444.56755463349117,444.567564278404,168.6142224687867,168.61420371263907,6399.664181151926,6399.664224088551,0.02726908998655917,33.0,11.0
387,63.0,68.74080961920161,68.7438737162067,444.5082046441307,444.4975605986615,168.45114325593104,168.45119432374926,6399.666903455924,6399.66734473831,0.023158150676433426,34.0,11.0
388,63.0,68.7438737162067,68.75197345499913,444.4975605986615,444.4786578356282,168.45119432374926,168.45077040045555,6399.66734473831,6399.668173364223,0.08708727466090654,34.0,11.0
389,63.0,68.75197345499913,68.76282019648399,444.4786578356282,444.4717658470125,168.45077040045555,168.45759897444572,6399.668173364223,6399.668792012822,0.034196368956362244,34.0,11.0
390,63.0,68.76282019648399,68.76779951177178,444.4717658470125,444.4830155784026,168.45759897444572,168.45858818710101,6399.668792012822,6399.669331799806,0.028018321478322887,34.0,11.0
391,63.0,68.76779951177178,68.7639937807986,444.4830155784026,444.491869566118,168.45858818710101,168.45415504386534,6399.669331799806,6399.669808763034,0.041249415332393825,34.0,11.0
392,63.0,68.7639937807986,68.75791637376862,444.491869566118,444.4972606483913,168.45415504386534,168.45303505639208,6399.669808763034,6399.670196615188,0.022553727421583653,34.0,11.0
393,63.0,68.75791637376862,68.75914362452532,444.4972606483913,444.5013220653076,168.45303505639208,168.45856296189723,6399.670196615188,6399.670537687105,0.02409382581120684,34.0,11.0
394,63.0,68.75914362452532,68.75797826919722,444.5013220653076,444.5067072242658,168.45856296189723,168.46012228882702,6399.670537687105,6399.670830510208,0.018876417336453045,34.0,11.0
395,63.0,68.75797826919722,68.7569336084803,444.5067072242658,444.5020441460465,168.46012228882702,168.4606858225795,6399.670830510208,6399.671086895375,0.016743780161478393,34.0,11.0
396,63.0,68.7569336084803,68.75381251558112,444.5020441460465,444.5041353764056,168.4606858225795,168.46219150920683,6399.671086895375,6399.671312032774,0.01959334688886474,34.0,11.0
397,63.0,68.75381251558112,68.75146445610535,444.5041353764056,444.50223909411505,168.46219150920683,168.46329047927364,6399.671312032774,6399.671501904731,0.019734359286223246,34.0,11.0
398,63.0,68.75146445610535,68.74998169271484,444.50223909411505,444.50095407130414,168.46329047927364,168.46473392850572,6399.671501904731,6399.671657474679,0.011095135333749099,34.0,11.0
399,63.0,68.74998169271484,68.74839599976956,444.50095407130414,444.499716376347,168.46473392850572,168.46449318506748,6399.671657474679,6399.671793977311,0.015160303792086023,34.0,11.0
400,63.0,68.74839599976956,68.7483322510057,444.499716376347,444.50097281562677,168.46449318506748,168.4636854230566,6399.671793977311,6399.67190422717,0.0303739487345713,34.0,11.0
401,63.0,68.7483322510057,68.74833742320976,444.50097281562677,444.50141761299346,168.4636854230566,168.46341175910862,6399.67190422717,6399.671956037525,0.016521828693382572,34.0,11.0
402,63.0,68.74833742320976,68.74845678825456,444.50141761299346,444.50140607642163,168.46341175910862,168.46333277404318,6399.671956037525,6399.671976192969,0.015070800046979364,34.0,11.0
403,63.0,68.7909184287431,68.79143153091482,444.2459821042673,444.24962803513944,167.91183865355146,167.9063323739471,6399.687044065017,6399.687329213031,0.012433386829681224,36.0,11.0
404,63.0,68.79143153091482,68.79056818567348,444.24962803513944,444.2567482850262,167.9063323739471,167.8958360939911,6399.687329213031,6399.6878823095585,0.03195226051709335,36.0,11.0
405,63.0,68.79056818567348,68.79470380762075,444.2567482850262,444.26650373577604,167.8958360939911,167.89418524382418,6399.6878823095585,6399.688363495396,0.02908909641878913,36.0,11.0
406,63.0,68.79470380762075,68.7905662149253,444.26650373577604,444.27239271894496,167.89418524382418,167.89959009342687,6399.688363495396,6399.68878125048,0.032666068198238515,36.0,11.0
407,63.0,68.7905662149253,68.78781211336255,444.27239271894496,444.278975305335,167.89959009342687,167.8987927919436,6399.68878125048,6399.689130419291,0.02845516656650253,36.0,11.0
408,63.0,68.78781211336255,68.7822845154622,444.278975305335,444.27903082531714,167.8987927919436,167.90020740115597,6399.689130419291,6399.689422446784,0.01757067155983819,36.0,11.0
409,63.0,68.7822845154622,68.7775864551368,444.27903082531714,444.28005764051994,167.90020740115597,167.90086816281513,6399.689422446784,6399.689680541043,0.015415331201735232,36.0,11.0
410,63.0,68.7775864551368,68.7743146509632,444.28005764051994,444.2808662234805,167.90086816281513,167.89845254400325,6399.689680541043,6399.689909778741,0.022126272601773207,36.0,11.0
411,63.0,68.7743146509632,68.7769516195158,444.2808662234805,444.28220091452033,167.89845254400325,167.89722691695738,6399.689909778741,6399.690099114014,0.021456436413907078,36.0,11.0
412,63.0,68.7769516195158,68.77681045095134,444.28220091452033,444.2830746051565,167.89722691695738,167.8950396068576,6399.690099114014,6399.6902511960925,0.012159349039522427,36.0,11.0
413,63.0,68.77681045095134,68.77590206499583,444.2830746051565,444.2846482396432,167.8950396068576,167.8944344557533,6399.6902511960925,6399.690382392952,0.05698204856796298,36.0,11.0
414,63.0,68.77590206499583,68.77577540801325,444.2846482396432,444.284760921783,167.8944344557533,167.89437982420688,6399.690382392952,6399.690405960455,0.01705436838427902,36.0,11.0
415,63.0,69.05985776991854,69.06501336669388,443.70402533156596,443.7004021789791,167.0638395109488,167.06437554357788,6399.721825135684,6399.722099208522,0.014656191459590498,39.0,11.0
416,63.0,69.06501336669388,69.07616234861659,443.7004021789791,443.69601832593816,167.06437554357788,167.06584313569655,6399.722099208522,6399.722629178842,0.03553679703081548,39.0,11.0
417,63.0,69.07616234861659,69.08550046367418,443.69601832593816,443.6929627308538,167.06584313569655,167.06464737089757,6399.722629178842,6399.723080113208,0.031846457023960655,39.0,11.0
418,63.0,69.08550046367418,69.09243794626772,443.6929627308538,443.6969887698762,167.06464737089757,167.0638145439055,6399.723080113208,6399.723462825112,0.025125583608417525,39.0,11.0
419,63.0,69.09243794626772,69.09846820104192,443.6969887698762,443.69456749286275,167.0638145439055,167.06216930554152,6399.723462825112,6399.723793699356,0.029766160749477834,39.0,11.0
420,63.0,69.09846820104192,69.10322448379463,443.69456749286275,443.6926912796166,167.06216930554152,167.0612121421798,6399.723793699356,6399.724065736656,0.021079322193986103,39.0,11.0
421,63.0,69.10322448379463,69.10379410399167,443.6926912796166,443.6893325034413,167.0612121421798,167.06370137612717,6399.724065736656,6399.724297973026,0.019717402700920532,39.0,11.0
422,63.0,69.10379410399167,69.10476812577494,443.6893325034413,443.68639918531136,167.06370137612717,167.0650342119033,6399.724297973026,6399.724494449172,0.019213419612981238,39.0,11.0
423,63.0,69.10476812577494,69.10356155184658,443.68639918531136,443.6844773043521,167.0650342119033,167.0662987460716,6399.724494449172,6399.724657341586,0.01260945257408466,39.0,11.0
424,63.0,69.10356155184658,69.10237755901181,443.6844773043521,443.68271915592516,167.0662987460716,167.06614586348832,6399.724657341586,6399.724798537681,0.00942008984066311,39.0,11.0
425,63.0,69.10237755901181,69.10386295209135,443.68271915592516,443.682082024582,167.06614586348832,167.06691052295048,6399.724798537681,6399.7249235475165,0.028283545344032403,39.0,11.0
426,63.0,69.10386295209135,69.10349372392297,443.682082024582,443.6827090916452,167.06691052295048,167.06733733046087,6399.7249235475165,6399.724997038531,0.029565924315560838,39.0,11.0
427,63.0,69.10349372392297,69.1035627124754,443.6827090916452,443.68264933688135,167.06733733046087,167.06738966718981,6399.724997038531,6399.725013137245,0.012592395918576731,39.0,11.0
428,63.0,68.33017849683571,68.33185678269113,442.8887437331142,442.88273356558494,163.99913870739468,163.981912307741,6399.840879067114,6399.841565446962,0.031058651651094258,41.0,11.0
429,63.0,68.33185678269113,68.32482829506101,442.88273356558494,442.87151888636,163.981912307741,163.95037480863212,6399.841565446962,6399.8428565173135,0.07584774480406539,41.0,11.0
430,63.0,68.32482829506101,68.33163939828935,442.87151888636,442.87594586735315,163.95037480863212,163.9232323190535,6399.8428565173135,6399.843950042252,0.06273284996228268,41.0,11.0
431,63.0,68.33163939828935,68.3183810170213,442.87594586735315,442.8583148616819,163.9232323190535,163.91483941018095,6399.843950042252,6399.844882768565,0.0461979003910888,41.0,11.0
432,63.0,68.3183810170213,68.30931752197327,442.8583148616819,442.8595423578,163.91483941018095,163.89678405512595,6399.844882768565,6399.845700024616,0.062283634390499894,41.0,11.0
433,63.0,68.30931752197327,68.3181448530008,442.8595423578,442.865991255854,163.89678405512595,163.88523504861874,6399.845700024616,6399.846366295116,0.05906519396124556,41.0,11.0
434,63.0,68.3181448530008,68.32664961108546,442.865991255854,442.8731168584328,163.88523504861874,163.88053835708513,6399.846366295116,6399.846895506633,0.04880610988021633,41.0,11.0
435,63.0,68.32664961108546,68.33110427086467,442.8731168584328,442.8809293176647,163.88053835708513,163.8791448499936,6399.846895506633,6399.84731697389,0.03292211529275944,41.0,11.0
436,63.0,68.33110427086467,68.33760116623418,442.8809293176647,442.87869959962035,163.8791448499936,163.87679649306122,6399.84731697389,6399.8476691704645,0.033153929664976045,41.0,11.0
437,63.0,68.33760116623418,68.33740385584133,442.87869959962035,442.87375378633504,163.87679649306122,163.87929846664952,6399.8476691704645,6399.847954888571,0.027045091497321892,41.0,11.0
438,63.0,68.33740385584133,68.33609887795741,442.87375378633504,442.8708911814598,163.87929846664952,163.88218321016882,6399.847954888571,6399.848189146564,0.01992962150801334,41.0,11.0
439,63.0,68.33609887795741,68.33321201356408,442.8708911814598,442.8697336620363,163.88218321016882,163.88080342257103,6399.848189146564,6399.848387187712,0.018681963478081154,41.0,11.0
440,63.0,68.33321201356408,68.33066925537648,442.8697336620363,442.86934250759634,163.88080342257103,163.88144783043413,6399.848387187712,6399.848552515605,0.01596369435322597,41.0,11.0
441,63.0,68.33066925537648,68.33067599649121,442.86934250759634,442.8693315995637,163.88144783043413,163.87939335618893,6399.848552515605,6399.848690376872,0.01565584478281724,41.0,11.0
442,63.0,68.33067599649121,68.32926184380551,442.8693315995637,442.8693826421155,163.87939335618893,163.87888050834852,6399.848690376872,6399.848801148296,0.04535683470808393,41.0,11.0
443,63.0,68.32926184380551,68.32926995392646,442.8693826421155,442.8692426447369,163.87888050834852,163.87877512268747,6399.848801148296,6399.848824455951,0.016906030063273757,41.0,11.0
444,63.0,67.88751364213779,67.8860777123008,442.26124890623197,442.25845304722145,164.45254598473363,164.45338718224428,6399.897416732787,6399.897573953233,0.009069245155893574,45.0,11.0
445,63.0,67.8860777123008,67.88000955622358,442.25845304722145,442.2567571322799,164.45338718224428,164.45622953155635,6399.897573953233,6399.897912864664,0.01693778641778499,45.0,11.0
446,63.0,67.88000955622358,67.8831984894397,442.2567571322799,442.2526944772147,164.45622953155635,164.4531117117574,6399.897912864664,6399.898217717737,0.02207822563705397,45.0,11.0
447,63.0,67.8831984894397,67.88707573023717,442.2526944772147,442.24963637819246,164.4531117117574,164.45343160942863,6399.898217717737,6399.898479608872,0.018541721943013536,45.0,11.0
448,63.0,67.88707573023717,67.88802057534717,442.24963637819246,442.2535196408401,164.45343160942863,164.4525341272181,6399.898479608872,6399.898706761783,0.01599526250588339,45.0,11.0
449,63.0,67.88802057534717,67.88937320277392,442.2535196408401,442.254768127616,164.4525341272181,164.45540014060498,6399.898706761783,6399.898904957652,0.018973756157736176,45.0,11.0
450,63.0,67.88937320277392,67.8892340759224,442.254768127616,442.25440239044326,164.45540014060498,164.45801525973027,6399.898904957652,6399.8990699316555,0.018967936593097506,45.0,11.0
451,63.0,67.8892340759224,67.8896573030696,442.25440239044326,442.25629364715905,164.45801525973027,164.45795000416467,6399.8990699316555,6399.899202284919,0.01498756995387126,45.0,11.0
452,63.0,67.8896573030696,67.88926993879724,442.25629364715905,442.2557628389641,164.45795000416467,164.4592076704473,6399.899202284919,6399.899308566488,0.01767322300674453,45.0,11.0
453,63.0,67.88926993879724,67.88961116614414,442.2557628389641,442.25545325569544,164.4592076704473,164.45991021234377,6399.899308566488,6399.899381838656,0.010023119523255372,45.0,11.0
454,63.0,67.88961116614414,67.88997618554336,442.25545325569544,442.255147553011,164.45991021234377,164.46015338468007,6399.899381838656,6399.899434546553,0.017425856453881387,45.0,11.0
455,63.0,67.88997618554336,67.89000525298047,442.255147553011,442.2552802427284,164.46015338468007,164.46015738450282,6399.899434546553,6399.899453913409,0.01459977614161237,45.0,11.0
456,63.0,67.68599587180421,67.68601071972003,443.6334175196013,443.63343894521415,166.13002879319905,166.13001846768992,6399.970020905344,6399.970027171147,0.00578926660111682,46.0,11.0
457,63.0,67.6859923976534,67.68599649982283,443.6334089156841,443.6334069816048,166.13002901034386,166.13002187737732,6399.970019678874,6399.970022396368,0.002772830518043207,47.0,11.0
458,63.0,65.63083524108643,65.63059774616039,446.6513639727481,446.65158726276803,172.4027863564204,172.40299438859023,6400.212131376258,6400.212172914523,0.018148897155939252,50.0,11.0
459,63.0,65.63059774616039,65.63055253564976,446.65158726276803,446.6515756971806,172.40299438859023,172.40301912890217,6400.212172914523,6400.212182734995,0.008427606692735588,50.0,11.0
460,63.0,68.04908397529815,68.04966948156257,449.80081332901756,449.8006572158159,182.86201595686157,182.8624795150171,6400.58531456715,6400.585382905611,0.017633034954748647,52.0,11.0
461,63.0,68.04966948156257,68.04960072602742,449.8006572158159,449.80065889885583,182.8624795150171,182.86274783222217,6400.585382905611,6400.585415421503,0.020228402433203358,52.0,11.0
462,63.0,68.04960072602742,68.04960403443764,449.80065889885583,449.80066064524397,182.86274783222217,182.86274950812404,6400.585415421503,6400.585417082256,0.0017408789049794572,52.0,11.0
463,63.0,65.0086968411838,65.00804121992553,452.1110230176788,452.1114246132549,186.9793433679783,186.98041923173454,6400.772602642394,6400.772680664666,0.0037840112410631697,54.0,11.0
464,63.0,65.00804121992553,65.00629742062206,452.1114246132549,452.1126643644011,186.98041923173454,186.9826348753799,6400.772680664666,6400.772864831309,0.02172020531717337,54.0,11.0
465,63.0,65.00629742062206,65.00674333053696,452.1126643644011,452.11177254473176,186.9826348753799,186.98464103615646,6400.772864831309,6400.7730114066135,0.014973744990357954,54.0,11.0
466,63.0,65.00674333053696,65.00587701956798,452.11177254473176,452.11238449191626,186.98464103615646,186.985973872873,6400.7730114066135,6400.773132227756,0.022132392193859055,54.0,11.0
467,63.0,65.00587701956798,65.00499975497901,452.11238449191626,452.1127021333435,186.985973872873,186.98621271789253,6400.773132227756,6400.773213044545,0.01020342760937968,54.0,11.0
468,63.0,65.00499975497901,65.00478111951173,452.1127021333435,452.11212403862226,186.98621271789253,186.98603765841176,6400.773213044545,6400.773273340178,0.015708267409697333,54.0,11.0
469,63.0,65.00478111951173,65.00475076760381,452.11212403862226,452.1123563714294,186.98603765841176,186.98602527771325,6400.773273340178,6400.773302144836,0.01997586525487823,54.0,11.0
470,63.0,68.45417058062668,68.45500342712293,453.5288083977509,453.52868253615986,184.4094102556142,184.40792336231488,6400.923578486542,6400.923673967692,0.00414245224698177,56.0,11.0
471,63.0,68.45500342712293,68.4560077873792,453.52868253615986,453.52835801066414,184.40792336231488,184.40427643268532,6400.923673967692,6400.92388865622,0.02254233871292305,56.0,11.0
472,63.0,68.4560077873792,68.4577803630867,453.52835801066414,453.53052318528955,184.40427643268532,184.40488252529627,6400.92388865622,6400.924063339837,0.01421811870730791,56.0,11.0
473,63.0,68.4577803630867,68.45856120679346,453.53052318528955,453.53252642412974,184.40488252529627,184.40574682248865,6400.924063339837,6400.9242134761325,0.015130749860653032,56.0,11.0
474,63.0,68.45856120679346,68.45934799060265,453.53252642412974,453.53114024535654,184.40574682248865,184.40497668200607,6400.9242134761325,6400.924337609229,0.022599397965384117,56.0,11.0
475,63.0,68.45934799060265,68.46003234891913,453.53114024535654,453.53040537370225,184.40497668200607,184.40486998202059,6400.924337609229,6400.924421203737,0.013084063637134439,56.0,11.0
476,63.0,68.46003234891913,68.46030082842795,453.53040537370225,453.5307507094958,184.40486998202059,184.40446003473693,6400.924421203737,6400.924478528673,0.015224491472074088,56.0,11.0
477,63.0,68.46030082842795,68.460427937532,453.5307507094958,453.53076018125785,184.40446003473693,184.40463384988965,6400.924478528673,6400.924505605742,0.019026072343560747,56.0,11.0
478,63.0,68.4541712317556,68.45417492059683,453.52881029930575,453.5288164209954,184.40941175993686,184.40941538419116,6400.923579307257,6400.923581926953,0.00268108,57.0,11.0
479,63.0,68.45815976599246,68.45841325833267,443.92898729445517,443.9286118409742,161.43063434781624,161.43010798993075,6399.958934198464,6399.958981940768,0.002284438731474124,60.0,11.0
480,63.0,68.45841325833267,68.45895964303725,443.9286118409742,443.92778416528483,161.43010798993075,161.428591849396,6399.958981940768,6399.959108111997,0.007410844677863804,60.0,11.0
481,63.0,68.45895964303725,68.4588715343824,443.92778416528483,443.9276156495054,161.428591849396,161.4270491496191,6399.959108111997,6399.959221414312,0.014376793890078815,60.0,11.0
482,63.0,68.4588715343824,68.45931246318382,443.9276156495054,443.92785969461846,161.4270491496191,161.4261001039272,6399.959221414312,6399.959308780308,0.015777719848891505,60.0,11.0
483,63.0,68.45931246318382,68.45908585256328,443.92785969461846,443.9273607179728,161.4261001039272,161.42591377156833,6399.959308780308,6399.95936465127,0.021049189494859157,60.0,11.0
484,63.0,68.45908585256328,68.45898578553434,443.9273607179728,443.92733716915075,161.42591377156833,161.42592878838883,6399.95936465127,6399.959380604311,0.012500727373398059,60.0,11.0
485,63.0,66.58619256204864,66.58805263817933,452.8977402243266,452.8994162848463,155.63859714689687,155.6368969690055,6400.320494421688,6400.320644072407,0.00878043634935058,62.0,11.0
486,63.0,66.58805263817933,66.59196643688705,452.8994162848463,452.9021064915475,155.6368969690055,155.63291894582045,6400.320644072407,6400.320955258474,0.025056944495435447,62.0,11.0
487,63.0,66.59196643688705,66.59125967560998,452.9021064915475,452.9004368478225,155.63291894582045,155.62830409307685,6400.320955258474,6400.321217542293,0.02010834123539828,62.0,11.0
488,63.0,66.59125967560998,66.58979473906052,452.9004368478225,452.8997700400331,155.62830409307685,155.62460322541875,6400.321217542293,6400.321442195197,0.019945661095925674,62.0,11.0
489,63.0,66.58979473906052,66.58990285664818,452.8997700400331,452.9022648822368,155.62460322541875,155.62262339374155,6400.321442195197,6400.321630980046,0.010184623743986668,62.0,11.0
490,63.0,66.58990285664818,66.58768385011709,452.9022648822368,452.90322398713977,155.62262339374155,155.62125175066487,6400.321630980046,6400.321801970477,0.018042410642397363,62.0,11.0
491,63.0,66.58768385011709,66.58768285333879,452.90322398713977,452.9046757471009,155.62125175066487,155.61973734968745,6400.321801970477,6400.321941881125,0.01215830479001149,62.0,11.0
492,63.0,66.58768285333879,66.58802524455407,452.9046757471009,452.90630023189794,155.61973734968745,155.61988078419327,6400.321941881125,6400.322060853486,0.015561537736633668,62.0,11.0
493,63.0,66.58802524455407,66.588372841834,452.90630023189794,452.90738804630803,155.61988078419327,155.61987116926224,6400.322060853486,6400.3221520689085,0.023198207825427634,62.0,11.0
494,63.0,66.588372841834,66.5879457340401,452.90738804630803,452.90742595627216,155.61987116926224,155.61987328022016,6400.3221520689085,6400.322196886724,0.017078542605600426,62.0,11.0
495,63.0,66.5879457340401,66.58798099390228,452.90742595627216,452.9073813078468,155.61987328022016,155.61981028727777,6400.322196886724,6400.322210681077,0.011116432578092486,62.0,11.0
496,63.0,65.73521963947536,65.73401317580458,452.7852674320808,452.7849504001985,155.4146649744825,155.4145716890583,6400.35008497251,6400.350159608769,0.0024250044324710344,64.0,11.0
497,63.0,65.73401317580458,65.73116128784987,452.7849504001985,452.7850239104584,155.4145716890583,155.41362323234236,6400.350159608769,6400.350340568267,0.024444335132154566,64.0,11.0
498,63.0,65.73116128784987,65.73004735353746,452.7850239104584,452.78575206248934,155.41362323234236,155.4120333524811,6400.350340568267,6400.350479321259,0.011098946248291735,64.0,11.0
499,63.0,65.73004735353746,65.72843302379506,452.78575206248934,452.7857534838898,155.4120333524811,155.41249741035614,6400.350479321259,6400.350598961856,0.018669226414848344,64.0,11.0
500,63.0,65.72843302379506,65.7278289204753,452.7857534838898,452.7856279769688,155.41249741035614,155.41335090867892,6400.350598961856,6400.350685090396,0.02625366432904269,64.0,11.0
501,63.0,65.7278289204753,65.72805945864638,452.7856279769688,452.78568615754347,155.41335090867892,155.41319028118338,6400.350685090396,6400.350718457119,0.022416571404525455,64.0,11.0
502,63.0,67.06968760624295,67.07001969330679,453.54989778376284,453.54999694955586,154.49183294435545,154.4914784992156,6400.409913794137,6400.409950647461,0.001992827032817779,66.0,11.0
503,63.0,67.07001969330679,67.07103095475074,453.54999694955586,453.5500928388269,154.4914784992156,154.49053294779642,6400.409950647461,6400.410055281396,0.018612280908909193,66.0,11.0
504,63.0,67.07103095475074,67.07133475072018,453.5500928388269,453.55080575123395,154.49053294779642,154.4906312927548,6400.410055281396,6400.410124798558,0.04018314425231671,66.0,11.0
505,63.0,67.06968878999238,67.06969321271815,453.54989981937024,453.5499050907962,154.49183229980682,154.49182939523808,6400.409914602226,6400.409917098407,0.0025643259505320733,67.0,11.0
506,63.0,66.28060705148333,66.28060956491508,453.96423805337054,453.96423695252145,155.31765812459625,155.31766104977044,6400.450443530094,6400.450445166599,0.0017160959274635122,71.0,11.0
507,63.0,66.28060810571665,66.28060562825416,453.96423962352964,453.96424805747756,155.317658696981,155.31765703373102,6400.450443768147,6400.45044659382,0.002873691452985016,72.0,11.0
508,63.0,65.8907516825601,65.89074909340725,454.3069085581748,454.30690149950453,155.26404504267688,155.26405195200599,6400.468026136714,6400.468029231983,0.003122241439348862,75.0,11.0
509,63.0,65.05488525194923,65.05487604624213,456.27940959612823,456.2794741719682,153.77085686098195,153.7708322108503,6400.55513279439,6400.555144773866,0.009913379202705012,77.0,11.0
510,63.0,64.42108655547223,64.42107281837629,452.48416754848785,452.48417771087577,148.85998706190807,148.85990406295065,6400.763235008832,6400.763248786641,0.011105619127886405,78.0,11.0
511,63.0,64.52084385678427,64.52110682164482,452.4268975916908,452.4270113871592,149.06061952743764,149.06088335518115,6400.770944087296,6400.770974938323,0.001771703502635376,80.0,11.0
512,63.0,64.52110682164482,64.52195264809009,452.4270113871592,452.4272854028478,149.06088335518115,149.06155916499554,6400.770974938323,6400.771064723082,0.016950771219988277,80.0,11.0
513,63.0,64.52195264809009,64.52226361432078,452.4272854028478,452.42744509109787,149.06155916499554,149.06109334752898,6400.771064723082,6400.7711208458,0.021276606082526066,80.0,11.0
514,63.0,64.52226361432078,64.52235389830807,452.42744509109787,452.4274167914597,149.06109334752898,149.06113244205898,6400.7711208458,6400.771136630582,0.012394606410034155,80.0,11.0
515,63.0,64.52057418382252,64.52056835491668,452.42673931661614,452.42674357512277,149.06092879951808,149.06092974856114,6400.770959533163,6400.770961986108,0.0025232025396055725,83.0,11.0
516,63.0,49.62115039519068,49.602751597658745,409.2113564910537,409.1879368375168,151.997081761806,151.98942571675377,6401.187574107852,6401.188671581732,0.03854488158882121,86.0,11.0
517,63.0,49.602751597658745,49.55801169179029,409.1879368375168,409.1482715345859,151.98942571675377,151.9955902776464,6401.188671581732,6401.190825532373,0.12473854382527698,86.0,11.0
518,63.0,49.55801169179029,49.529891995734936,409.1482715345859,409.110575433043,151.9955902776464,152.01026583409424,6401.190825532373,6401.192619568524,0.24765323860072122,86.0,11.0
519,63.0,49.529891995734936,49.53266758109269,409.110575433043,409.0934584564535,152.01026583409424,152.03360535873315,6401.192619568524,6401.193738031606,0.0737267120330101,86.0,11.0
520,63.0,49.53266758109269,49.536111371107694,409.0934584564535,409.0709431741199,152.03360535873315,152.0395990285983,6401.193738031606,6401.194669049977,0.05481053543870462,86.0,11.0
521,63.0,49.536111371107694,49.540752506885646,409.0709431741199,409.0539581165383,152.0395990285983,152.0481581458574,6401.194669049977,6401.195463430917,0.05307359886678523,86.0,11.0
522,63.0,49.540752506885646,49.53165946847826,409.0539581165383,409.0462993394382,152.0481581458574,152.0587118807903,6401.195463430917,6401.196129515618,0.04325098101185506,86.0,11.0
523,63.0,49.53165946847826,49.52460404531405,409.0462993394382,409.0354039422139,152.0587118807903,152.06003078129154,6401.196129515618,6401.196694586475,0.04217510916297284,86.0,11.0
524,63.0,49.52460404531405,49.528141221475764,409.0354039422139,409.0258182544109,152.06003078129154,152.0579778053839,6401.196694586475,6401.197164740311,0.03108663417201271,86.0,11.0
525,63.0,49.528141221475764,49.531378389860365,409.0258182544109,409.0180939365869,152.0579778053839,152.05602283374373,6401.197164740311,6401.197567570762,0.04615433830977389,86.0,11.0
526,63.0,49.531378389860365,49.53139917800719,409.0180939365869,409.01675259545425,152.05602283374373,152.06198151251198,6401.197567570762,6401.197875352347,0.03418547763141336,86.0,11.0
527,63.0,49.53139917800719,49.53354079172973,409.01675259545425,409.0142350218756,152.06198151251198,152.06496543432564,6401.197875352347,6401.198117169682,0.018048279552573137,86.0,11.0
528,63.0,49.53354079172973,49.53541545711062,409.0142350218756,409.0126660937316,152.06496543432564,152.06768096146325,6401.198117169682,6401.1983258582,0.01981428279656734,86.0,11.0
529,63.0,49.53541545711062,49.53799254951896,409.0126660937316,409.0138585198752,152.06768096146325,152.06771796018108,6401.1983258582,6401.198499516822,0.013094073510532227,86.0,11.0
530,63.0,49.53799254951896,49.53690913534616,409.0138585198752,409.01216977579696,152.06771796018108,152.06891669810506,6401.198499516822,6401.1986505721625,0.01312300537607151,86.0,11.0
531,63.0,49.53690913534616,49.5380056510092,409.01216977579696,409.01072009547545,152.06891669810506,152.0693099893231,6401.1986505721625,6401.198779086519,0.011351051149789506,86.0,11.0
532,63.0,49.5380056510092,49.538222177654376,409.01072009547545,409.0096719807008,152.0693099893231,152.07031252500212,6401.198779086519,6401.1988878521115,0.016167486139682236,86.0,11.0
533,63.0,49.538222177654376,49.53764047028,409.0096719807008,409.00942396055103,152.07031252500212,152.06962632622404,6401.1988878521115,6401.198966864773,0.014548523060677531,86.0,11.0
534,63.0,49.53764047028,49.53736260060372,409.00942396055103,409.00911019683315,152.06962632622404,152.06937447561407,6401.198966864773,6401.19901622647,0.014775274545251477,86.0,11.0
535,63.0,49.53736260060372,49.537267735372176,409.00911019683315,409.0090060097968,152.06937447561407,152.06943420565312,6401.19901622647,6401.199037334464,0.015633689289258502,86.0,11.0
536,63.0,50.74608120073396,50.746526524507956,410.0814501790268,410.0820262956151,153.59632339154817,153.59696842824727,6401.258960768693,6401.25902245667,0.0022192411292012745,88.0,11.0
537,63.0,50.746526524507956,50.7477068144748,410.0820262956151,410.08301346863874,153.59696842824727,153.59882725577458,6401.25902245667,6401.2591769865985,0.020178745676267797,88.0,11.0
538,63.0,50.7477068144748,50.74742794996748,410.08301346863874,410.08467337378244,153.59882725577458,153.59882435243225,6401.2591769865985,6401.259296800357,0.01731646140908586,88.0,11.0
539,63.0,50.74742794996748,50.74647816197971,410.08467337378244,410.0852268645056,153.59882435243225,153.5987732761103,6401.259296800357,6401.259385654878,0.015982729150574238,88.0,11.0
540,63.0,50.74647816197971,50.746014870118266,410.0852268645056,410.0848573488619,153.5987732761103,153.5987077012891,6401.259385654878,6401.2594427504755,0.027587873150335316,88.0,11.0
541,63.0,50.746014870118266,50.74599400513603,410.0848573488619,410.0848514575463,153.5987077012891,153.59868086716574,6401.2594427504755,6401.259450005255,0.006552150137742071,88.0,11.0
542,63.0,50.708752175144895,50.70871211251419,409.40534333259995,409.4052854068078,153.57608684704908,153.57588672953472,6401.2815646213785,6401.281591387442,0.01885363635224835,89.0,11.0
543,63.0,51.523859532498946,51.523958653501495,408.94883968083116,408.9489019740409,154.50010113703735,154.50020973906055,6401.325391717903,6401.325413487036,0.01601994093245854,92.0,11.0
544,63.0,51.284391937188374,51.28433786720798,408.7846427170715,408.7846760233407,153.96734895485278,153.96731059260628,6401.345621716884,6401.345630629027,0.0045715645027827245,95.0,11.0
545,63.0,51.28433786720798,51.28421927368406,408.7846760233407,408.7847878370334,153.96731059260628,153.96728225141914,6401.345630629027,6401.345652965156,0.01634811644313197,95.0,11.0
546,63.0,50.69850717576685,50.698001320342726,409.08531370304235,409.0849483931819,154.44635567475274,154.44613973343263,6401.372784392991,6401.372829512941,0.001818062432728602,96.0,11.0
547,63.0,50.698001320342726,50.697992685013816,409.0849483931819,409.0834496030473,154.44613973343263,154.44502689063285,6401.372829512941,6401.372958369806,0.010160790453975542,96.0,11.0
548,63.0,50.697992685013816,50.69754777374435,409.0834496030473,409.08228481192657,154.44502689063285,154.44588516476372,6401.372958369806,6401.3730695835475,0.00989621928621343,96.0,11.0
549,63.0,50.69754777374435,50.698247148200025,409.08228481192657,409.081989971099,154.44588516476372,154.44497868599052,6401.3730695835475,6401.373163056355,0.033042117282833405,96.0,11.0
550,63.0,50.698247148200025,50.698146589657966,409.081989971099,409.08201602955637,154.44497868599052,154.44517997305041,6401.373163056355,6401.3731911306895,0.01957601399716917,96.0,11.0
551,63.0,50.69562560774783,50.69563101075401,409.08244166705265,409.082436842592,154.44866552179263,154.4486672533665,6401.372941244915,6401.372943736198,0.0025596748310078472,99.0,11.0
552,63.0,51.52308202559665,51.523079104022784,408.9505614114705,408.9505555636385,154.5004873452146,154.5004865071909,6401.325450862941,6401.325453154269,0.0023682366718460503,102.0,11.0
553,63.0,69.12742718822058,69.12742943875213,443.5893535431257,443.589315567195,166.7261102655272,166.72607635361337,6399.733954954052,6399.733961879441,0.0015100655608638542,105.0,11.0
554,63.0,69.12742943875213,69.12743615883164,443.589315567195,443.5892125531276,166.72607635361337,166.7259875415064,6399.733961879441,6399.733981275546,0.014617332129116707,105.0,11.0
555,63.0,68.87193346935057,68.87224933742131,444.0851206316788,444.0850724136365,167.65401437879945,167.65415891968098,6399.697558351549,6399.6975970100775,0.016739899029249054,108.0,11.0
556,63.0,68.87224933742131,68.87229338085146,444.0850724136365,444.08509972958575,167.65415891968098,167.65415069619831,6399.6975970100775,6399.6976067849055,0.008395257730710762,108.0,11.0
557,63.0,68.87184835446699,68.87185017817528,444.08514364044447,444.0851491998792,167.65393978051114,167.65393475476716,6399.697546720955,6399.697549272809,0.00261708,109.0,11.0
558,63.0,68.84711443650062,68.84710540121806,444.13957519923616,444.13958466169186,167.74101555709814,167.74100774194983,6399.694021408129,6399.694025494772,0.003999894924818764,113.0,11.0
559,63.0,68.84712135229375,68.84712775985763,444.1395716248675,444.13957089301095,167.74101631805826,167.74101554077103,6399.694020733493,6399.6940230023,0.002346468564182979,114.0,11.0
560,63.0,70.38471621966428,70.38471933110004,442.3555422344965,442.3555365199788,165.39599787614,165.39599319841543,6399.804064305481,6399.804066925178,0.00268108,119.0,11.0
561,63.0,71.76794856678038,71.76796301867763,440.501466447221,440.50143356643304,164.17159654564153,164.17152745045803,6399.89136960246,6399.89138256929,0.010572274065056292,122.0,11.0
562,63.0,71.76793908916686,71.76793517195514,440.50148011577585,440.50148631048677,164.17161776447534,164.1716188315466,6399.891366169678,6399.891368651559,0.00255074,123.0,11.0
563,63.0,72.5770381223425,72.57706340056001,439.12529127241385,439.12526522679644,164.3372523909417,164.33720610540834,6399.944901896945,6399.944909535349,0.001059988923812745,128.0,11.0
564,63.0,72.57706340056001,72.5770376075776,439.12526522679644,439.12513549162713,164.33720610540834,164.33709719205854,6399.944909535349,6399.944932448193,0.01667994674228469,128.0,11.0
565,63.0,73.12024466254188,73.12039107522348,436.5379233646019,436.53755992719016,166.88077561631349,166.88159981923394,6400.067275177916,6400.067333304707,0.002965571115226446,130.0,11.0
566,63.0,73.12039107522348,73.11910607997063,436.53755992719016,436.5364658050062,166.88159981923394,166.88323120284446,6400.067333304707,6400.067484822343,0.018303295515929963,130.0,11.0
567,63.0,73.11910607997063,73.11787232322767,436.5364658050062,436.5354375814801,166.88323120284446,166.88271320661735,6400.067484822343,6400.067604853423,0.014736289260243732,130.0,11.0
568,63.0,73.11787232322767,73.11676792523882,436.5354375814801,436.53524094764305,166.88271320661735,166.8823185005303,6400.067604853423,6400.067698711489,0.01995253911196175,130.0,11.0
569,63.0,73.11676792523882,73.11689405511416,436.53524094764305,436.53473843997807,166.8823185005303,166.88210820477065,6400.067698711489,6400.067753182832,0.01339340219735028,130.0,11.0
570,63.0,73.11689405511416,73.1169281949538,436.53473843997807,436.53467074863613,166.88210820477065,166.88189676146789,6400.067753182832,6400.067781086465,0.019482204002980986,130.0,11.0
571,63.0,74.60457547385776,74.60540662047822,442.0033512592531,442.002935924006,159.6775524847505,159.67680012556423,6400.372919948357,6400.37299167467,0.004188345012278351,132.0,11.0
572,63.0,74.60540662047822,74.60651705899565,442.002935924006,442.0006733135339,159.67680012556423,159.6754159990035,6400.37299167467,6400.373166902118,0.01668051468121287,132.0,11.0
573,63.0,74.60651705899565,74.60875028355065,442.0006733135339,442.00055194861136,159.6754159990035,159.67535424453405,6400.373166902118,6400.373313342319,0.020978716150443527,132.0,11.0
574,63.0,74.60875028355065,74.60807222065213,442.00055194861136,442.0002054905575,159.67535424453405,159.67406882297806,6400.373313342319,6400.3734235389775,0.013001364133769651,132.0,11.0
575,63.0,74.60807222065213,74.60879061954122,442.0002054905575,441.9997572634564,159.67406882297806,159.6734282319013,6400.3734235389775,6400.373510166663,0.009963621293096138,132.0,11.0
576,63.0,74.60879061954122,74.6080555100134,441.9997572634564,441.9996699155483,159.6734282319013,159.67349456937944,6400.373510166663,6400.373577221093,0.015455914485353177,132.0,11.0
577,63.0,74.6080555100134,74.6080902911103,441.9996699155483,441.99995726394053,159.67349456937944,159.6733779991584,6400.373577221093,6400.373612702754,0.021456102471918634,132.0,11.0
578,63.0,74.6080902911103,74.6080947644374,441.99995726394053,441.99996010692564,159.6733779991584,159.6733778230235,6400.373612702754,6400.373614679074,0.0020593691839922434,132.0,11.0
579,63.0,74.60457370905502,74.60456944725279,442.0033497742017,442.00334405604474,159.67755213116604,159.67755013182745,6400.3729207302695,6400.37292321215,0.00255074,133.0,11.0
580,63.0,69.02145109359336,69.04419032209873,443.3106647811907,443.2415823215826,166.54916582424565,166.471299683346,6399.7421926724355,6399.7457937573645,0.18651041590174589,138.0,11.0
581,63.0,69.04419032209873,69.03927988731488,443.2415823215826,443.1831992404036,166.471299683346,166.34867286085353,6399.7457937573645,6399.750394900094,0.3901061805296503,138.0,11.0
582,63.0,69.03927988731488,68.9633170524677,443.1831992404036,443.06057141501935,166.34867286085353,166.2554359885091,6399.750394900094,6399.756241251025,0.2952139169281071,138.0,11.0
583,63.0,68.9633170524677,68.84035605050461,443.06057141501935,443.02390850065876,166.2554359885091,166.1936240156969,6399.756241251025,6399.761117024203,0.37196629592611463,138.0,11.0
584,63.0,68.84035605050461,68.76098147153319,443.02390850065876,442.9951868828786,166.1936240156969,166.12900951984813,6399.761117024203,6399.764798726244,0.19643323472213908,138.0,11.0
585,63.0,68.76098147153319,68.68803424767815,442.9951868828786,443.00434074979864,166.12900951984813,166.08108427404756,6399.764798726244,6399.767867617621,0.22974022627317203,138.0,11.0
586,63.0,68.68803424767815,68.7010429496144,443.00434074979864,443.0209460576507,166.08108427404756,166.01778728728658,6399.767867617621,6399.77024056976,0.13364228393164967,138.0,11.0
587,63.0,68.7010429496144,68.73417029666996,443.0209460576507,443.03730489257305,166.01778728728658,165.97717834033983,6399.77024056976,6399.7722218131075,0.1823391801844473,138.0,11.0
588,63.0,68.73417029666996,68.76385167874601,443.03730489257305,443.0158924395654,165.97717834033983,165.96241948100143,6399.7722218131075,6399.773689095158,0.11190313474244064,138.0,11.0
589,63.0,68.76385167874601,68.75633885615761,443.0158924395654,443.02552593140734,165.96241948100143,165.9344450103037,6399.773689095158,6399.77485648113,0.07831461718507819,138.0,11.0
590,63.0,68.75633885615761,68.76063850042031,443.02552593140734,443.0364601589924,165.9344450103037,165.91282624998024,6399.77485648113,6399.775823435587,0.08554678018443874,138.0,11.0
591,63.0,68.76063850042031,68.77728174164518,443.0364601589924,443.0409775978375,165.91282624998024,165.90638335166997,6399.775823435587,6399.776577313741,0.040562730973434886,138.0,11.0
592,63.0,68.77728174164518,68.78758250396046,443.0409775978375,443.05132412585465,165.90638335166997,165.911946586386,6399.776577313741,6399.777233783112,0.02802146219905234,138.0,11.0
593,63.0,68.78758250396046,68.78228853429871,443.05132412585465,443.06381269172243,165.911946586386,165.91431375162634,6399.777233783112,6399.777824619909,0.06711957374613559,138.0,11.0
594,63.0,68.78228853429871,68.77392955790201,443.06381269172243,443.068416650429,165.91431375162634,165.91325013313838,6399.777824619909,6399.778264655966,0.031374300013489426,138.0,11.0
595,63.0,68.77392955790201,68.77820342078573,443.068416650429,443.0731621376758,165.91325013313838,165.91775041584262,6399.778264655966,6399.778637875823,0.031862357999612095,138.0,11.0
596,63.0,68.77820342078573,68.7812318673326,443.0731621376758,443.06859490860177,165.91775041584262,165.92047456214476,6399.778637875823,6399.778946125149,0.024876554014857142,138.0,11.0
597,63.0,68.7812318673326,68.77785686906417,443.06859490860177,443.0650468567049,165.92047456214476,165.9204964043057,6399.778946125149,6399.779205942397,0.025279673635165215,138.0,11.0
598,63.0,68.77785686906417,68.77554735428762,443.0650468567049,443.0623089265044,165.9204964043057,165.91937575390085,6399.779205942397,6399.779418808908,0.02659247596822064,138.0,11.0
599,63.0,68.77554735428762,68.77360719094193,443.0623089265044,443.0608437538484,165.91937575390085,165.9182830993599,6399.779418808908,6399.779584733159,0.023081776076779626,138.0,11.0
600,63.0,68.77360719094193,68.77249213687017,443.0608437538484,443.059979182652,165.9182830993599,165.91714496923356,6399.779584733159,6399.779710957117,0.019730112426886035,138.0,11.0
601,63.0,68.77249213687017,68.77267312229382,443.059979182652,443.05885142474017,165.91714496923356,165.91718175728255,6399.779710957117,6399.7798022143,0.018058363769215175,138.0,11.0
602,63.0,68.77267312229382,68.77322160846443,443.05885142474017,443.05901226421395,165.91718175728255,165.91722470811723,6399.7798022143,6399.779857685646,0.0310064970649666,138.0,11.0
603,63.0,68.77322160846443,68.77321714797503,443.05901226421395,443.05900797220795,165.91722470811723,165.91722674012806,6399.779857685646,6399.779859959028,0.0023508939454057985,138.0,11.0
604,63.0,69.02145109359336,69.01293158202964,443.3106647811907,443.3277149762449,166.54916582424565,166.52307869815905,6399.7421926724355,6399.743343237692,0.04140536852031991,139.0,-11.0
605,63.0,69.01293158202964,69.00003032020655,443.3277149762449,443.3469723693982,166.52307869815905,166.46526844761792,6399.743343237692,6399.74557054907,0.12606070166143502,139.0,-11.0
606,63.0,69.00003032020655,68.9616060232841,443.3469723693982,443.3599898824109,166.46526844761792,166.43419811176727,6399.74557054907,6399.747426516581,0.109437912185319,139.0,-11.0
607,63.0,68.9616060232841,68.92943534306782,443.3599898824109,443.36749874470917,166.43419811176727,166.40874000980702,6399.747426516581,6399.748969294408,0.11657100867759651,139.0,-11.0
608,63.0,68.92943534306782,68.94527619948448,443.36749874470917,443.3811489130935,166.40874000980702,166.3843624313841,6399.748969294408,6399.750190165475,0.07101013412746357,139.0,-11.0
609,63.0,68.94527619948448,68.97119818238325,443.3811489130935,443.3861503552836,166.3843624313841,166.3813667222753,6399.750190165475,6399.751223220591,0.054388734430055936,139.0,-11.0
610,63.0,68.97119818238325,68.9619206655852,443.3861503552836,443.4054111012355,166.3813667222753,166.37449078307296,6399.751223220591,6399.752115648202,0.05347535098509069,139.0,-11.0
611,63.0,68.9619206655852,68.95491780609873,443.4054111012355,443.4216357958953,166.37449078307296,166.38024784262728,6399.752115648202,6399.752874247676,0.0584767216529422,139.0,-11.0
612,63.0,68.95491780609873,68.94752210983062,443.4216357958953,443.4319756791059,166.38024784262728,166.38740008987156,6399.752874247676,6399.753492515954,0.16801707600506496,139.0,-11.0
613,63.0,68.94752210983062,68.94427392579233,443.4319756791059,443.43359743080146,166.38740008987156,166.38407152404162,6399.753492515954,6399.753752009324,0.040662939820168054,139.0,-11.0
614,63.0,68.94427392579233,68.94204213782267,443.43359743080146,443.4336039066807,166.38407152404162,166.38182507172095,6399.753752009324,6399.753938840187,0.03181070189278773,139.0,-11.0
615,63.0,68.94204213782267,68.94209644076366,443.4336039066807,443.4337017572017,166.38182507172095,166.38380870415853,6399.753938840187,6399.754073007536,0.015222326827825981,139.0,-11.0
616,63.0,68.94209644076366,68.94134984636004,443.4337017572017,443.4343428641361,166.38380870415853,166.3827088356292,6399.754073007536,6399.754182204002,0.011647916996445682,139.0,-11.0
617,63.0,68.94134984636004,68.94174918170842,443.4343428641361,443.43504691694716,166.3827088356292,166.38196355772652,6399.754182204002,6399.754271267502,0.016756827011568675,139.0,-11.0
618,63.0,68.94174918170842,68.94132682019392,443.43504691694716,443.4353971833455,166.38196355772652,166.38215859670532,6399.754271267502,6399.754327842945,0.015449650972004443,139.0,-11.0
619,63.0,68.94132682019392,68.94130700599081,443.4353971833455,443.4352387573602,166.38215859670532,166.3822817498818,6399.754327842945,6399.754354109814,0.01762404868766118,139.0,-11.0
620,63.0,70.78406240388779,70.78379966837836,444.0163491701229,444.0167960158043,165.6919510274156,165.6908551538076,6399.822795685286,6399.822868579699,0.004065405760595263,143.0,11.0
621,63.0,70.78379966837836,70.78272097582466,444.0167960158043,444.01790846640154,165.6908551538076,165.68845620162156,6399.822868579699,6399.823042945697,0.010411351752969535,143.0,11.0
622,63.0,70.78272097582466,70.78139857159712,444.01790846640154,444.0197021023926,165.68845620162156,165.6874296135999,6399.823042945697,6399.823199319507,0.00964661180244841,143.0,11.0
623,63.0,70.78139857159712,70.78278198514884,444.0197021023926,444.02032794083505,165.6874296135999,165.68598576098765,6399.823199319507,6399.823339108652,0.01574905365824226,143.0,11.0
624,63.0,70.78278198514884,70.78290849527816,444.02032794083505,444.0192384449007,165.68598576098765,165.68490431494178,6399.823339108652,6399.823451690044,0.010315728688319934,143.0,11.0
625,63.0,70.78290849527816,70.78285305934742,444.0192384449007,444.0184200897198,165.68490431494178,165.68403650558056,6399.823451690044,6399.823545821687,0.0077248296303623586,143.0,11.0
626,63.0,70.78285305934742,70.78192570511602,444.0184200897198,444.0182837804588,165.68403650558056,165.68393649373277,6399.823545821687,6399.8236254084695,0.017565802954974678,143.0,11.0
627,63.0,70.78192570511602,70.78175923864579,444.0182837804588,444.01826267297577,165.68393649373277,165.68355649463413,6399.8236254084695,6399.823669192306,0.0266197824122854,143.0,11.0
628,63.0,70.78175923864579,70.78176105919945,444.01826267297577,444.0182633982595,165.68355649463413,165.6835561823478,6399.823669192306,6399.8236702181985,0.0010670289660869095,143.0,11.0
629,63.0,76.78124492336397,76.78181391910336,443.9108516639062,443.910422641373,167.4128659961137,167.4126090582042,6400.030943091743,6400.03099379661,0.0026247067197759004,146.0,11.0
630,63.0,76.78181391910336,76.78348052420964,443.910422641373,443.90970457258845,167.4126090582042,167.41182396376576,6400.03099379661,6400.031127979023,0.012490991231574185,146.0,11.0
631,63.0,76.78348052420964,76.78363239785024,443.90970457258845,443.90994327228947,167.41182396376576,167.41031019028395,6400.031127979023,6400.031240544119,0.028207684874587514,146.0,11.0
632,63.0,76.78363239785024,76.78384227625124,443.90994327228947,443.909391626457,167.41031019028395,167.41010738122083,6400.031240544119,6400.031299580928,0.02830714923818799,146.0,11.0
633,63.0,76.78384227625124,76.78384874429318,443.909391626457,443.9093916487894,167.41010738122083,167.41007151375138,6400.031299580928,6400.031307123893,0.006769048608404864,146.0,11.0
634,63.0,82.47281640023341,82.47431134702776,449.87314500351465,449.8732061870339,170.75636427914094,170.75788713205068,6400.327650011011,6400.327763997876,0.0031721302200192394,148.0,11.0
635,63.0,82.47431134702776,82.47661428420163,449.8732061870339,449.87166836656434,170.75788713205068,170.76158933030231,6400.327763997876,6400.328012752038,0.017207329703179324,148.0,11.0
636,63.0,82.47661428420163,82.47829735965391,449.87166836656434,449.8708100868063,170.76158933030231,170.76494353536754,6400.328012752038,6400.328229661286,0.01676797035182141,148.0,11.0
637,63.0,82.47829735965391,82.47880022754913,449.8708100868063,449.8677750920089,170.76494353536754,170.76558994689472,6400.328229661286,6400.3284165781615,0.029862302449328186,148.0,11.0
638,63.0,82.47880022754913,82.47701516442946,449.8677750920089,449.8672736625758,170.76558994689472,170.76634057319703,6400.3284165781615,6400.328551862772,0.00905686898368688,148.0,11.0
639,63.0,82.47701516442946,82.4756050386123,449.8672736625758,449.86733902973776,170.76634057319703,170.7654289244726,6400.328551862772,6400.32867153937,0.014886475712032658,148.0,11.0
640,63.0,82.4756050386123,82.4766037154563,449.86733902973776,449.8675134100167,170.7654289244726,170.76602791131717,6400.32867153937,6400.328764746978,0.011732059604079798,148.0,11.0
641,63.0,82.4766037154563,82.47603332440451,449.8675134100167,449.86729437025525,170.76602791131717,170.76551344252252,6400.328764746978,6400.328835393799,0.01181461702903542,148.0,11.0
642,63.0,82.47603332440451,82.47576468362328,449.86729437025525,449.86765329589196,170.76551344252252,170.7655189846825,6400.328835393799,6400.328881706696,0.02892704665016755,148.0,11.0
643,63.0,82.31628781695005,82.31634196712517,450.0386335650969,450.0388523431202,170.57416381817512,170.5738699627178,6400.337379834347,6400.337409261621,0.013662487525526533,149.0,11.0
644,63.0,82.31634196712517,82.31667984325262,450.0388523431202,450.03924260115747,170.5738699627178,170.57336260734706,6400.337409261621,6400.337475036287,0.013403071217328049,149.0,11.0
645,63.0,82.31667984325262,82.3169180816252,450.03924260115747,450.0393533608255,170.57336260734706,170.57313748761842,6400.337475036287,6400.337513312185,0.021429695360017383,149.0,11.0
646,63.0,82.3169180816252,82.316910464401,450.0393533608255,450.03936271757885,170.57313748761842,170.57314006176335,6400.337513312185,6400.337516840114,0.003512165136843888,149.0,11.0
647,63.0,82.29704387774362,82.29698123401235,450.0302958973995,450.03037328633627,170.61705219288157,170.61714387500854,6400.3389723220835,6400.338985883649,0.0011504606109693414,150.0,11.0
648,63.0,82.29698123401235,82.29683963117428,450.03037328633627,450.0306486428755,170.61714387500854,170.61749881524662,6400.338985883649,6400.3390339062535,0.01756885397695509,150.0,11.0
649,63.0,82.29683963117428,82.29683562719923,450.0306486428755,450.0306945125509,170.61749881524662,170.61741062485825,6400.3390339062535,6400.33904936903,0.01219080242305387,150.0,11.0
650,63.0,84.87294084768752,84.87325088523723,450.8012274886413,450.80105199556203,170.7427095377872,170.74271775342365,6400.428767132081,6400.428806247778,0.01948871938633802,152.0,11.0
651,63.0,84.87325088523723,84.87324717219249,450.80105199556203,450.8010296796134,170.74271775342365,170.74270001371013,6400.428806247778,6400.428812625163,0.005876798507258897,152.0,11.0
652,63.0,82.01353055553702,82.0134001382988,446.06841333057616,446.0689375256922,175.97923732161678,175.97962133680693,6400.687025803616,6400.687071675624,0.0033016468866058704,154.0,11.0
653,63.0,82.0134001382988,82.01264476733746,446.0689375256922,446.070177725083,175.97962133680693,175.98056873035853,6400.687071675624,6400.6871940118735,0.010232810239963436,154.0,11.0
654,63.0,82.01264476733746,82.0115942531428,446.070177725083,446.0706469275424,175.98056873035853,175.98133667361213,6400.6871940118735,6400.687298407843,0.012174320997072524,154.0,11.0
655,63.0,82.0115942531428,82.01199283362368,446.0706469275424,446.0699945986322,175.98133667361213,175.98071958358375,6400.687298407843,6400.68738038059,0.011196523757943474,154.0,11.0
656,63.0,82.01199283362368,82.0118531695905,446.0699945986322,446.07045821461134,175.98071958358375,175.9811234797113,6400.68738038059,6400.687439862454,0.016639470542658286,154.0,11.0
657,63.0,82.0118531695905,82.01187186734222,446.07045821461134,446.0705071581632,175.9811234797113,175.9809219761379,6400.687439862454,6400.687466265081,0.01865156922862107,154.0,11.0
658,63.0,82.01353174044831,82.0135350017209,446.06841526813196,446.0684215022119,175.97923822944372,175.9792403152921,6400.6870266031865,6400.687029069358,0.002535797482387515,155.0,11.0
659,63.0,51.773674712493325,51.76733757608456,438.0214492226134,438.01876031732036,172.81359868848878,172.81683707398707,6400.391975251843,6400.392295359434,0.014393937460778808,158.0,11.0
660,63.0,51.76733757608456,51.75718117317874,438.01876031732036,438.0100546530154,172.81683707398707,172.82250828027645,6400.392295359434,6400.392913183484,0.03607510786510573,158.0,11.0
661,63.0,51.75718117317874,51.74727251811819,438.0100546530154,438.01360680591586,172.82250828027645,172.81633785559862,6400.392913183484,6400.3934479051995,0.040258218868624254,158.0,11.0
662,63.0,51.74727251811819,51.74090327184136,438.01360680591586,438.00690826058917,172.81633785559862,172.81325916045904,6400.3934479051995,6400.393893119843,0.019932341299450092,158.0,11.0
663,63.0,51.74090327184136,51.73697756836517,438.00690826058917,438.0015781293956,172.81325916045904,172.80778943428052,6400.393893119843,6400.394295456737,0.0250631747561332,158.0,11.0
664,63.0,51.73697756836517,51.74235444203922,438.0015781293956,437.9978026598418,172.80778943428052,172.8107356696681,6400.394295456737,6400.394645406752,0.03856518975026347,158.0,11.0
665,63.0,51.74235444203922,51.74705437508552,437.9978026598418,437.9958443598192,172.8107356696681,172.81192438856485,6400.394645406752,6400.394918510439,0.017403380070241344,158.0,11.0
666,63.0,51.74705437508552,51.74735465352438,437.9958443598192,437.99400587966886,172.81192438856485,172.81592239994615,6400.394918510439,6400.3951586025205,0.018421033414345426,158.0,11.0
667,63.0,51.74735465352438,51.74878862548506,437.99400587966886,437.9907064206876,172.81592239994615,172.81600029974612,6400.3951586025205,6400.39536495668,0.01569930927159706,158.0,11.0
668,63.0,51.74878862548506,51.74592008454806,437.9907064206876,437.9904784523707,172.81600029974612,172.81534378512268,6400.39536495668,6400.395543520716,0.014260897743500082,158.0,11.0
669,63.0,51.74592008454806,51.744074488254554,437.9904784523707,437.98905619480075,172.81534378512268,172.81591572834466,6400.395543520716,6400.3956974177045,0.01295350720384778,158.0,11.0
670,63.0,51.744074488254554,51.74339487045685,437.98905619480075,437.98844317026953,172.81591572834466,172.81422290709878,6400.3956974177045,6400.395829061926,0.012877215714628758,158.0,11.0
671,63.0,51.74339487045685,51.744653922798065,437.98844317026953,437.98911646560816,172.81422290709878,172.81384688723836,6400.395829061926,6400.395938347537,0.012497063494222185,158.0,11.0
672,63.0,51.744653922798065,51.74464065883577,437.98911646560816,437.990117979247,172.81384688723836,172.81419801694497,6400.395938347537,6400.396024951667,0.014552967772417602,158.0,11.0
673,63.0,51.74464065883577,51.744972577358716,437.990117979247,437.9896554534753,172.81419801694497,172.81399917684172,6400.396024951667,6400.396082523395,0.014282606696708293,158.0,11.0
674,63.0,51.744972577358716,51.74508815433211,437.9896554534753,437.9898440299045,172.81399917684172,172.81391427661362,6400.396082523395,6400.396111531695,0.02008692535680546,158.0,11.0
675,63.0,52.75211941800313,52.75489979032646,437.6550255397595,437.65389712831336,171.78434609972527,171.7847582960342,6400.440896509051,6400.441046546728,0.0520811588346192,161.0,11.0
676,63.0,52.75489979032646,52.757981794285946,437.65389712831336,437.6514652354641,171.7847582960342,171.785839116653,6400.441046546728,6400.441272701871,0.020509413626311427,161.0,11.0
677,63.0,52.757981794285946,52.75995261508668,437.6514652354641,437.649050929995,171.785839116653,171.7865525883944,6400.441272701871,6400.441461935246,0.015077336185704586,161.0,11.0
678,63.0,52.75995261508668,52.762209527275274,437.649050929995,437.6481664965437,171.7865525883944,171.78561357724797,6400.441461935246,6400.441624906475,0.013423605770183011,161.0,11.0
679,63.0,52.762209527275274,52.763944673055825,437.6481664965437,437.6473267525601,171.78561357724797,171.78643949206352,6400.441624906475,6400.441764783594,0.011903731024023976,161.0,11.0
680,63.0,52.763944673055825,52.76391787074213,437.6473267525601,437.648548831614,171.78643949206352,171.78529503113865,6400.441764783594,6400.441884164246,0.02457903416052995,161.0,11.0
681,63.0,52.76391787074213,52.763288648674084,437.648548831614,437.6484270194213,171.78529503113865,171.7847245477157,6400.441884164246,6400.44195855678,0.04211145623112672,161.0,11.0
682,63.0,52.7521190242397,52.75212452016634,437.6550233967564,437.6550186222871,171.7843451823143,171.78434453670693,6400.440897281903,6400.440899741265,0.0025293150672646035,162.0,11.0
683,63.0,68.56585624396334,68.56559821273319,442.6868306631579,442.6868595586658,165.9966653122721,165.99693514570805,6399.777420047456,6399.777460614991,0.02609310107507763,167.0,11.0
684,63.0,68.56594061234033,68.56593837777271,442.68682240204606,442.68681571148375,165.99658276274158,165.99657991457428,6399.777408099164,6399.777410626932,0.002594283775465381,168.0,11.0
685,63.0,68.5627349159738,68.56259689456348,445.18375207508353,445.18374244956186,169.20283989119713,169.2030062398109,6399.634395933344,6399.634415777425,0.003188739702574129,171.0,11.0
686,63.0,68.56259689456348,68.56211628430046,445.18374244956186,445.18379528216326,169.2030062398109,169.2033670334292,6399.634415777425,6399.634473367238,0.022522783676474412,171.0,11.0
687,63.0,68.56211628430046,68.56220850178659,445.18379528216326,445.18377377016003,169.2033670334292,169.2033717972972,6399.634473367238,6399.634488303421,0.011855466945505117,171.0,11.0
688,63.0,68.56273484026937,68.56273071492629,445.1837537057851,445.18375888838546,169.20284175913082,169.20284597321373,6399.634396743964,6399.634399327022,0.0026465536848025426,172.0,11.0
689,63.0,68.67394998656096,68.67402301267595,445.3878539098602,445.3877913799507,169.8821427272598,169.88213710440198,6399.61062777172,6399.610638730184,0.0025705995942671674,175.0,11.0
690,63.0,68.67402301267595,68.67419716454188,445.3877913799507,445.38761021032315,169.88213710440198,169.88209968673263,6399.610638730184,6399.610669256793,0.020909060810923,175.0,11.0
691,63.0,68.23722410402821,68.23667705053236,445.4770237874344,445.4770799077288,168.76263082697182,168.76201443965647,6399.65082172835,6399.650876302118,0.005405689743629379,176.0,11.0
692,63.0,68.23667705053236,68.23516656285354,445.4770799077288,445.47723854774557,168.76201443965647,168.7607588058141,6399.650876302118,6399.651010166679,0.014799805691560619,176.0,11.0
693,63.0,68.23516656285354,68.2338536558981,445.47723854774557,445.47784767685533,168.7607588058141,168.7609089952037,6399.651010166679,6399.651118340157,0.015753469845195073,176.0,11.0
694,63.0,68.2338536558981,68.23397943568166,445.47784767685533,445.4786467875216,168.7609089952037,168.7613792191956,6399.651118340157,6399.651197506546,0.013293379448281437,176.0,11.0
695,63.0,68.23397943568166,68.23438175718783,445.4786467875216,445.4783155503399,168.7613792191956,168.76145455216425,6399.651197506546,6399.6512496286205,0.019769078154400776,176.0,11.0
696,63.0,68.23438175718783,68.23442048480095,445.4783155503399,445.4784029216701,168.76145455216425,168.76146758122974,6399.6512496286205,6399.651264750447,0.011973975042864005,176.0,11.0
697,63.0,73.71345669108308,73.71345381700651,448.4325258296387,448.43252793666124,173.1349952629343,173.1349937168708,6399.9059169446255,6399.905918546328,0.0016804164631733717,179.0,11.0
698,63.0,79.53127533319397,79.53126633153983,449.4030519478758,449.40307040927564,177.73618266708232,177.7361866596158,6400.1556230049555,6400.155626587783,0.00135237578871475,180.0,11.0
699,63.0,79.53126633153983,79.53124076487454,449.40307040927564,449.4031184561817,177.7361866596158,177.73619440616045,6400.155626587783,6400.155636692521,0.00862798598561422,180.0,11.0
700,63.0,80.23139573443558,80.23171960313236,448.7906126226194,448.7904419847846,177.96981431999717,177.96947071154983,6400.187624571551,6400.187674902214,0.01800769237256022,181.0,11.0
701,63.0,80.23171960313236,80.23173005326498,448.7904419847846,448.7904796469664,177.96947071154983,177.96936869287137,6400.187674902214,6400.187691444185,0.012870151922060452,181.0,11.0
702,63.0,78.30356290002456,78.30341140440346,449.71949913287915,449.7195239209356,177.69522846431406,177.69514433623914,6400.259577540272,6400.259600812554,0.01688580861028772,183.0,11.0
703,63.0,80.67615755979207,80.67595146243033,448.64360313096233,448.64253448385546,181.55368562568748,181.5529779284188,6400.4167743550515,6400.416874194833,0.009747628651512845,185.0,11.0
704,63.0,80.67595146243033,80.67498561021529,448.64253448385546,448.64250528668117,181.5529779284188,181.5528224951243,6400.416874194833,6400.416955945432,0.016700772090418325,185.0,11.0
705,63.0,80.67498561021529,80.67485752067594,448.64250528668117,448.6423081642114,181.5528224951243,181.5524171420615,6400.416955945432,6400.4170037859685,0.016836091083292554,185.0,11.0
706,63.0,80.67485752067594,80.67482642704567,448.6423081642114,448.6422366190879,181.5524171420615,181.55249289283412,6400.4170037859685,6400.417020271924,0.01283514855173002,185.0,11.0
707,63.0,80.67621156128135,80.67620926680068,448.64383355602376,448.6438408854216,181.55404190417823,181.5540408144023,6400.416742569869,6400.416745131707,0.00262651780067328,186.0,11.0
708,63.0,68.7061609058887,68.70615697833553,444.9825677050029,444.9825016835442,169.2529338830721,169.25295639559786,6399.635557736562,6399.6355697324925,0.009924454338449277,189.0,11.0
709,63.0,68.81611055179164,68.8162064845964,446.1691565648058,446.16932832582734,167.01077793400322,167.0106575450423,6399.720257316543,6399.720285763621,0.01978039522424912,191.0,11.0
710,63.0,74.43097834712742,74.43115227116508,439.7927809365741,439.79226881078284,164.86760286452414,164.86743395336626,6400.01419763752,6400.014238586399,0.0025423520945441922,193.0,11.0
711,63.0,74.43115227116508,74.43186945374967,439.79226881078284,439.7911012899443,164.86743395336626,164.86679297943897,6400.014238586399,6400.014349748755,0.019544332969161447,193.0,11.0
712,63.0,74.43186945374967,74.43201329682661,439.7911012899443,439.79130530939955,164.86679297943897,164.86596107435128,6400.014349748755,6400.014424796873,0.012146663061023709,193.0,11.0
713,63.0,74.43201329682661,74.43153604431784,439.79130530939955,439.79116323017513,164.86596107435128,164.86591904988973,6400.014424796873,6400.014474954425,0.01697642078338994,193.0,11.0
714,63.0,74.43153604431784,74.43146240095916,439.79116323017513,439.79115242229983,164.86591904988973,164.86601763477088,6400.014474954425,6400.01449303002,0.013817707867686945,193.0,11.0
715,63.0,74.43097800170185,74.43097611018335,439.79277955020643,439.7927784491852,164.86760486813907,164.86761247451983,6400.0141984416405,6400.01420103916,0.002660192170062659,194.0,11.0
716,63.0,67.70392745495113,67.70190411457844,439.97628492741813,439.9793000861224,157.64556590077106,157.64228384538347,6400.057771622279,6400.057992961826,0.009150389435159745,197.0,11.0
717,63.0,67.70190411457844,67.69648596749757,439.9793000861224,439.98682867401493,157.64228384538347,157.6392931323082,6400.057992961826,6400.058438297778,0.027320545338866447,197.0,11.0
718,63.0,67.69648596749757,67.69118490848805,439.98682867401493,439.98756160077045,157.6392931323082,157.63311508140157,6400.058438297778,6400.0588251251065,0.025957983585411962,197.0,11.0
719,63.0,67.69118490848805,67.69070148394403,439.98756160077045,439.98219072550626,157.63311508140157,157.63719557251375,6400.0588251251065,6400.059158279912,0.0356537481051881,197.0,11.0
720,63.0,67.69070148394403,67.69546634740709,439.98219072550626,439.98181573196825,157.63719557251375,157.63581975037266,6400.059158279912,6400.0594211840635,0.011613746516869599,197.0,11.0
721,63.0,67.69546634740709,67.6917163897377,439.98181573196825,439.98055238195855,157.63581975037266,157.63382293072254,6400.0594211840635,6400.059662160276,0.029626510913688096,197.0,11.0
722,63.0,67.6917163897377,67.68945769700323,439.98055238195855,439.9786851903597,157.63382293072254,157.63498263515763,6400.059662160276,6400.059849428107,0.015797759275677666,197.0,11.0
723,63.0,67.68945769700323,67.68831410072936,439.9786851903597,439.9771608732948,157.63498263515763,157.6333195925471,6400.059849428107,6400.060009233727,0.011062317284903686,197.0,11.0
724,63.0,67.68831410072936,67.68734813990616,439.9771608732948,439.97528546105934,157.6333195925471,157.6334881260723,6400.060009233727,6400.060150012329,0.012652939391627276,197.0,11.0
725,63.0,67.68734813990616,67.6884840656723,439.97528546105934,439.9757706248614,157.6334881260723,157.63460719915915,6400.060150012329,6400.060269003937,0.012272654044463933,197.0,11.0
726,63.0,67.6884840656723,67.68888992057663,439.9757706248614,439.9761093723496,157.63460719915915,157.63574078090716,6400.060269003937,6400.060366263385,0.01490744923076843,197.0,11.0
727,63.0,67.68888992057663,67.68903658928171,439.9761093723496,439.9753549321098,157.63574078090716,157.6357539994853,6400.060366263385,6400.060434974076,0.010507170677912705,197.0,11.0
728,63.0,67.68903658928171,67.68936797634856,439.9753549321098,439.97561855603544,157.6357539994853,157.6359281417144,6400.060434974076,6400.0604820068575,0.016159146292753446,197.0,11.0
729,63.0,67.68936797634856,67.68947329290377,439.97561855603544,439.9755793514929,157.6359281417144,157.63593930680855,6400.0604820068575,6400.060498948963,0.013119377195976823,197.0,11.0
730,63.0,67.73024374137418,67.7358841975954,439.5552253131277,439.51818906095394,157.10841222065227,157.0681327246059,6400.08055475377,6400.082449167947,0.08821447736451442,198.0,11.0
731,63.0,67.7358841975954,67.70008439758831,439.51818906095394,439.43713498481065,157.0681327246059,156.99837758264894,6400.082449167947,6400.08634461866,0.18181834454660956,198.0,11.0
732,63.0,67.70008439758831,67.65617266383734,439.43713498481065,439.4223182551285,156.99837758264894,156.91492109257308,6400.08634461866,6400.0896680121095,0.20344616264340104,198.0,11.0
733,63.0,67.65617266383734,67.5981087884796,439.4223182551285,439.37303791767215,156.91492109257308,156.9226647174833,6400.0896680121095,6400.092366257686,0.3736667400669792,198.0,11.0
734,63.0,67.5981087884796,67.56279446824368,439.37303791767215,439.3877415862362,156.9226647174833,156.94372066357246,6400.092366257686,6400.0939738364905,0.07618676605762499,198.0,11.0
735,63.0,67.56279446824368,67.54240680464645,439.3877415862362,439.35705795208395,156.94372066357246,156.95010955927575,6400.0939738364905,6400.095371758382,0.06972493750374795,198.0,11.0
736,63.0,67.54240680464645,67.52764448673472,439.35705795208395,439.3300545297901,156.95010955927575,156.9419788818278,6400.095371758382,6400.096583122306,0.0673322432482165,198.0,11.0
737,63.0,67.52764448673472,67.51732417567143,439.3300545297901,439.30627354084874,156.9419788818278,156.93562696453483,6400.096583122306,6400.097621018482,0.06772506133921058,198.0,11.0
738,63.0,67.51732417567143,67.53322571644665,439.30627354084874,439.29288913371454,156.93562696453483,156.94171955434155,6400.097621018482,6400.098487153767,0.05522229203997323,198.0,11.0
739,63.0,67.53322571644665,67.53067194193702,439.29288913371454,439.2762751811946,156.94171955434155,156.93606413757155,6400.098487153767,6400.09921755264,0.1239484887666641,198.0,11.0
740,63.0,67.53067194193702,67.52213213614495,439.2762751811946,439.27524643396583,156.93606413757155,156.94060037568622,6400.09921755264,6400.09966210059,0.028780587756760432,198.0,11.0
741,63.0,67.52213213614495,67.51852629081807,439.27524643396583,439.27404356725765,156.94060037568622,156.94772104999976,6400.09966210059,6400.10004509671,0.022801881907091065,198.0,11.0
742,63.0,67.51852629081807,67.51968420565497,439.27404356725765,439.26731199682933,156.94772104999976,156.9479018153716,6400.10004509671,6400.100380960505,0.022738218162422923,198.0,11.0
743,63.0,67.51968420565497,67.52076646452065,439.26731199682933,439.2624983292393,156.9479018153716,156.94511512460875,6400.100380960505,6400.100671427746,0.023294663876039762,198.0,11.0
744,63.0,67.52076646452065,67.51921910052651,439.2624983292393,439.26164472708126,156.94511512460875,156.94092210800324,6400.100671427746,6400.100917211315,0.019822341865045886,198.0,11.0
745,63.0,67.51921910052651,67.5175021011285,439.26164472708126,439.26378431040877,156.94092210800324,156.93848655041086,6400.100917211315,6400.10112652033,0.02556599573746356,198.0,11.0
746,63.0,67.5175021011285,67.5149630708026,439.26378431040877,439.2641865854856,156.93848655041086,156.93793541929296,6400.10112652033,6400.101290817662,0.013282219762364295,198.0,11.0
747,63.0,67.5149630708026,67.51314782870858,439.2641865854856,439.26308062470787,156.93793541929296,156.93779394038648,6400.101290817662,6400.101432256444,0.020220415337816405,198.0,11.0
748,63.0,67.51314782870858,67.51190780602184,439.26308062470787,439.2623874986551,156.93779394038648,156.9377579642785,6400.101432256444,6400.101538646169,0.01553541216918796,198.0,11.0
749,63.0,67.51190780602184,67.51149988958724,439.2623874986551,439.2619419334489,156.9377579642785,156.93843900745145,6400.101538646169,6400.101616271293,0.013165910538218997,198.0,11.0
750,63.0,67.51149988958724,67.51162646951744,439.2619419334489,439.2614613869188,156.93843900745145,156.93833453522635,6400.101616271293,6400.1016670234485,0.009594328768847707,198.0,11.0
751,63.0,67.51162646951744,67.51152757287235,439.2614613869188,439.26156194632176,156.93833453522635,156.93810847653182,6400.1016670234485,6400.101698629387,0.021487261015139047,198.0,11.0
752,63.0,68.70203089080817,68.7020707014038,439.6596183190879,439.66021846600233,159.72682528653786,159.72775799615835,6400.173781921175,6400.173846166758,0.002295884937450135,199.0,11.0
753,63.0,68.7020707014038,68.70395157843791,439.66021846600233,439.6611960186127,159.72775799615835,159.73038619592842,6400.173846166758,6400.174043094127,0.01877058689110505,199.0,11.0
754,63.0,68.70395157843791,68.70634146833848,439.6611960186127,439.6622800294046,159.73038619592842,159.73042854453539,6400.174043094127,6400.174207188537,0.02215737730997744,199.0,11.0
755,63.0,68.70634146833848,68.70808750143556,439.6622800294046,439.6625893583515,159.73042854453539,159.73007553659806,6400.174207188537,6400.174333179343,0.011781103036026029,199.0,11.0
756,63.0,68.70808750143556,68.70719654665906,439.6625893583515,439.6625291781253,159.73007553659806,159.72899421302233,6400.174333179343,6400.174438585927,0.014646691770294212,199.0,11.0
757,63.0,68.70719654665906,68.70769091591103,439.6625291781253,439.6623914112445,159.72899421302233,159.7282293155012,6400.174438585927,6400.174516867492,0.01749307762080734,199.0,11.0
758,63.0,68.70769091591103,68.70801137952608,439.6623914112445,439.66259691185087,159.7282293155012,159.72810697577188,6400.174516867492,6400.174559441204,0.01871527543101678,199.0,11.0
759,63.0,68.70801137952608,68.70798310692703,439.66259691185087,439.66264037420945,159.72810697577188,159.72811347086045,6400.174559441204,6400.174569186717,0.008374463323615411,199.0,11.0
760,63.0,68.7020287160767,68.70202195466172,439.6596184240413,439.65961894496877,159.72682416711493,159.72682051537114,6400.17378273151,6400.17378528089,0.00261474,200.0,11.0
761,63.0,77.04251837994816,77.04252265808259,432.86352928777126,432.86347550862575,142.05297129467493,142.052754161054,6400.863972056572,6400.863992458068,0.002010469732274479,204.0,11.0
762,63.0,77.04252265808259,77.04265550392651,432.86347550862575,432.86336029455606,142.052754161054,142.05212502180953,6400.863992458068,6400.864053497957,0.014199278310630174,204.0,11.0
763,63.0,77.04265550392651,77.0426503700328,432.86336029455606,432.8633906810918,142.05212502180953,142.05185250980745,6400.864053497957,6400.864085777945,0.021844714861720353,204.0,11.0
764,63.0,77.59823205266568,77.59821604848047,432.88664663864876,432.88657890388066,142.77205264795668,142.77222648657167,6400.894301952408,6400.8943263938045,0.017550711836612342,205.0,11.0
765,63.0,77.37336698564177,77.37375351418844,434.9157571730643,434.9152441716566,142.43105649539044,142.43065474463157,6400.963334583147,6400.963385553651,0.01351267145192086,206.0,11.0
766,63.0,77.37375351418844,77.37422894919523,434.9152441716566,434.9139861133558,142.43065474463157,142.42986204794693,6400.963385553651,6400.96349920113,0.009719991852902156,206.0,11.0
767,63.0,77.37422894919523,77.37510200767248,434.9139861133558,434.91395167444927,142.42986204794693,142.4307332255453,6400.96349920113,6400.963595530403,0.024906755250003527,206.0,11.0
768,63.0,77.37510200767248,77.37539157401739,434.91395167444927,434.9141932629774,142.4307332255453,142.43099271188493,6400.963595530403,6400.963642555462,0.01930467630557392,206.0,11.0
769,63.0,77.37539157401739,77.37545961848483,434.9141932629774,434.91419498332715,142.43099271188493,142.4309746710116,6400.963642555462,6400.963654619234,0.00997007993655892,206.0,11.0
770,63.0,77.3724044518469,77.37240096385833,434.91508175118196,434.91507628704437,142.43187289632323,142.43186951163585,6400.963383074294,6400.963385534625,0.0025302368484987543,209.0,11.0
771,63.0,68.7634882407389,68.76689258312746,446.1921337357132,446.19163945341387,171.38314469197476,171.3806395154183,6399.553564401835,6399.553762009546,0.006115763448192315,212.0,11.0
772,63.0,68.76689258312746,68.7742817655329,446.19163945341387,446.19366163642206,171.3806395154183,171.37666726389594,6399.553762009546,6399.554165928406,0.01829458745771526,212.0,11.0
773,63.0,68.7742817655329,68.77484842906617,446.19366163642206,446.187128802957,171.37666726389594,171.37280961571815,6399.554165928406,6399.554531392695,0.02772331514998712,212.0,11.0
774,63.0,68.77484842906617,68.78094371006401,446.187128802957,446.18732471430667,171.37280961571815,171.37208882810737,6399.554531392695,6399.554840463916,0.019722270855643563,212.0,11.0
775,63.0,68.78094371006401,68.78262928222674,446.18732471430667,446.18338209765034,171.37208882810737,171.36921370479482,6399.554840463916,6399.555110933706,0.02567755319677653,212.0,11.0
776,63.0,68.78262928222674,68.78542628953694,446.18338209765034,446.1806801873848,171.36921370479482,171.3683740394717,6399.555110933706,6399.555333211632,0.014007459531745817,212.0,11.0
777,63.0,68.78542628953694,68.78704398454396,446.1806801873848,446.1797470807185,171.3683740394717,171.36555883586914,6399.555333211632,6399.55553021648,0.04135962113138735,212.0,11.0
778,63.0,68.78704398454396,68.7858504623009,446.1797470807185,446.17945155981016,171.36555883586914,171.3642519547089,6399.55553021648,6399.555655537998,0.010353519356122966,212.0,11.0
779,63.0,68.7858504623009,68.78593848243759,446.17945155981016,446.17892265817443,171.3642519547089,171.3629182251794,6399.555655537998,6399.555762789569,0.01471882881876875,212.0,11.0
780,63.0,68.78593848243759,68.78506266174561,446.17892265817443,446.17899126134546,171.3629182251794,171.3632855774956,6399.555762789569,6399.555842953633,0.026437686872344258,212.0,11.0
781,63.0,68.78506266174561,68.78504635632217,446.17899126134546,446.1792006574295,171.3632855774956,171.3632300359228,6399.555842953633,6399.555870186844,0.019112477384197215,212.0,11.0
782,63.0,68.57723798364826,68.57364323671445,446.12875688084057,446.12593204969426,171.28734451462165,171.285659022154,6399.560863547827,6399.5610836320875,0.009871820364067257,213.0,11.0
783,63.0,68.57364323671445,68.56531849769519,446.12593204969426,446.12087635951883,171.285659022154,171.28492596765122,6399.5610836320875,6399.561529758041,0.020810991877059187,213.0,11.0
784,63.0,68.56531849769519,68.56528459066871,446.12087635951883,446.1123617771465,171.28492596765122,171.28581585690705,6399.561529758041,6399.561931117573,0.034999010960340096,213.0,11.0
785,63.0,68.56528459066871,68.5688127877697,446.1123617771465,446.10675596854617,171.28581585690705,171.2863895862998,6399.561931117573,6399.562259880237,0.028665546760669416,213.0,11.0
786,63.0,68.5688127877697,68.57342694699612,446.10675596854617,446.10894861023655,171.2863895862998,171.28539504406962,6399.562259880237,6399.562532027578,0.017729787103581807,213.0,11.0
787,63.0,68.57342694699612,68.57681734402911,446.10894861023655,446.1116985362998,171.28539504406962,171.28513370553313,6399.562532027578,6399.562770586529,0.017526767262739017,213.0,11.0
788,63.0,68.57681734402911,68.57807623181488,446.1116985362998,446.11369226316066,171.28513370553313,171.28241139483285,6399.562770586529,6399.562977069464,0.018291586321861477,213.0,11.0
789,63.0,68.57807623181488,68.58069179143968,446.11369226316066,446.11255643830725,171.28241139483285,171.28242359528542,6399.562977069464,6399.563151244883,0.021190659544244105,213.0,11.0
790,63.0,68.58069179143968,68.57992447691149,446.11255643830725,446.1123532594488,171.28242359528542,171.28431391887545,6399.563151244883,6399.563288902259,0.021069170926838174,213.0,11.0
791,63.0,68.57992447691149,68.57992972943147,446.1123532594488,446.11153624451583,171.28431391887545,171.28327897484525,6399.563288902259,6399.563389841902,0.012268464987692664,213.0,11.0
792,63.0,68.57992972943147,68.57948540519048,446.11153624451583,446.1113217761713,171.28327897484525,171.28250572619675,6399.563389841902,6399.563467887654,0.015875916898264113,213.0,11.0
793,63.0,68.57948540519048,68.57916390018286,446.1113217761713,446.1113992323726,171.28250572619675,171.28221668779173,6399.563467887654,6399.563513503951,0.016366498552477036,213.0,11.0
794,63.0,68.57916390018286,68.57914794434654,446.1113992323726,446.111487572653,171.28221668779173,171.28226051204723,6399.563513503951,6399.563529012496,0.012219827516279765,213.0,11.0
795,63.0,76.88237949451798,76.88235541289967,454.6059051649951,454.6059494294815,174.57536769058785,174.57536209598248,6399.97163322619,6399.971639931529,0.001089790591845168,215.0,11.0
796,63.0,76.88235541289967,76.8821989695837,454.6059494294815,454.6059742148624,174.57536209598248,174.57534787029027,6399.971639931529,6399.9716616358055,0.015982273869775094,215.0,11.0
797,63.0,82.12873018949821,82.12873769622406,454.1271592330587,454.12718631383393,175.3069474639641,175.3069558357073,6400.149048159006,6400.149054625934,0.00594679404636406,216.0,11.0
798,63.0,82.63287441829125,82.63303790136683,453.7459753625978,453.74608693661764,175.33734806736035,175.3375146638336,6400.170161642532,6400.170192575064,0.01840091716649752,219.0,11.0
799,63.0,82.63303790136683,82.63304536450451,453.74608693661764,453.74608962100564,175.3375146638336,175.33751685495162,6400.170192575064,6400.170195242778,0.0027262000915167298,219.0,11.0
800,63.0,81.8066011929631,81.80661060119216,450.63755290325764,450.637553198352,173.52826881715058,173.52823801098546,6400.293244692028,6400.293251602805,0.006290660736962085,222.0,11.0
801,63.0,79.8004912618064,79.80045235709837,447.40114980858317,447.40109674821605,174.29759701756464,174.2976648824023,6400.42282086892,6400.422831704409,0.001594540651668458,223.0,11.0
802,63.0,79.80045235709837,79.80038505450403,447.40109674821605,447.40094810351985,174.2976648824023,174.2978763528375,6400.422831704409,6400.422863367078,0.014410472451932685,223.0,11.0
803,63.0,79.80038505450403,79.80036002723979,447.40094810351985,447.40097320257945,174.2978763528375,174.29789394796444,6400.422863367078,6400.422871363724,0.007107037690534406,223.0,11.0
804,63.0,81.36383329071131,81.36456295733777,445.61971973932594,445.61970098093326,168.11283093367632,168.11233798742902,6400.643752289882,6400.643809544499,0.0036209348368680954,226.0,11.0
805,63.0,81.36456295733777,81.3664885231089,445.61970098093326,445.61941156055565,168.11233798742902,168.11140966124577,6400.643809544499,6400.64395224279,0.01751956641598357,226.0,11.0
806,63.0,81.3664885231089,81.36684562906463,445.61941156055565,445.61826840007944,168.11140966124577,168.11237413579812,6400.64395224279,6400.644064691155,0.012250935492008355,226.0,11.0
807,63.0,81.36684562906463,81.36748911834958,445.61826840007944,445.61749246861046,168.11237413579812,168.11288046919015,6400.644064691155,6400.644155115791,0.034653632214833224,226.0,11.0
808,63.0,81.36748911834958,81.36741464993918,445.61749246861046,445.61736052445514,168.11288046919015,168.11294534726852,6400.644155115791,6400.644177390692,0.016312772645267606,226.0,11.0
809,63.0,81.36383546741877,81.36384045714239,445.61971851735933,445.6197144689584,168.11283135089502,168.11283090104664,6400.643753116883,6400.6437553726355,0.0023338281778651996,227.0,11.0
810,63.0,68.77203718478292,68.77204518025812,446.4238343500012,446.4238462580709,171.84977355014112,171.8497422187076,6399.536170807126,6399.536178055987,0.006547676825061992,230.0,11.0
811,63.0,68.77203116759856,68.77202596169413,446.42383017933605,446.4238282728522,171.8497828579404,171.84977770959352,6399.536169212248,6399.536171730585,0.0025853468595882032,231.0,11.0
812,63.0,74.62599757161719,74.63161448190367,443.3195410422667,443.3159713942309,174.56733399646106,174.5723570928835,6399.77442113735,6399.774765309923,0.01437630520964211,234.0,11.0
813,63.0,74.63161448190367,74.64617322272844,443.3159713942309,443.3126306003728,174.5723570928835,174.57934322314202,6399.774765309923,6399.775452205533,0.04053843297998623,234.0,11.0
814,63.0,74.64617322272844,74.65771642052445,443.3126306003728,443.31210687168306,174.57934322314202,174.58686401935114,6399.775452205533,6399.776043672874,0.040535259915525014,234.0,11.0
815,63.0,74.65771642052445,74.66780129624398,443.31210687168306,443.3150441175645,174.58686401935114,174.58292403085915,6399.776043672874,6399.776542866041,0.04872163013749218,234.0,11.0
816,63.0,74.66780129624398,74.67560559254538,443.3150441175645,443.3125932791013,174.58292403085915,174.58456457005366,6399.776542866041,6399.776936057224,0.027666712884644555,234.0,11.0
817,63.0,74.67560559254538,74.67761113283692,443.3125932791013,443.30614128247925,174.58456457005366,174.58355534619815,6399.776936057224,6399.777271868958,0.024186925017950625,234.0,11.0
818,63.0,74.67761113283692,74.68018030996373,443.30614128247925,443.3066360727247,174.58355534619815,174.58849902101198,6399.777271868958,6399.777559451798,0.01912328011185975,234.0,11.0
819,63.0,74.68018030996373,74.6812951029539,443.3066360727247,443.3084330420058,174.58849902101198,174.59266853565575,6399.777559451798,6399.77781030915,0.02584806136404314,234.0,11.0
820,63.0,74.6812951029539,74.68469258385944,443.3084330420058,443.308812480299,174.59266853565575,174.59180134758523,6399.77781030915,6399.778013634806,0.02280634456329694,234.0,11.0
821,63.0,74.68469258385944,74.68706661305539,443.308812480299,443.30879519756184,174.59180134758523,174.59072374625612,6399.778013634806,6399.77817695015,0.018379861808850116,234.0,11.0
822,63.0,74.68706661305539,74.6886064992808,443.30879519756184,443.3099218018594,174.59072374625612,174.5909851178159,6399.77817695015,6399.77830866293,0.014704110498410231,234.0,11.0
823,63.0,74.6886064992808,74.68958648512333,443.3099218018594,443.3094956335246,174.5909851178159,174.59191408981536,6399.77830866293,6399.778414785779,0.02524619800635462,234.0,11.0
824,63.0,74.68958648512333,74.69018550683374,443.3094956335246,443.30943363561585,174.59191408981536,174.59195371145756,6399.778414785779,6399.778472392447,0.016130454044785806,234.0,11.0
825,63.0,74.69018550683374,74.69036970941397,443.30943363561585,443.3093625407155,174.59195371145756,174.59191846320726,6399.778472392447,6399.778498086594,0.018255922083090275,234.0,11.0
826,63.0,74.62599901943399,74.62600175930888,443.3195435627038,443.3195486270138,174.5673339405821,174.56733375988213,6399.77442204895,6399.774424139497,0.002172486563884076,235.0,11.0
827,63.0,77.07366579589498,77.075077839439,443.4016582254738,443.40099581642346,173.52873558355924,173.52694548400598,6399.863154889878,6399.8632785568125,0.005384374211433561,237.0,11.0
828,63.0,77.075077839439,77.07893722727981,443.40099581642346,443.39857614365974,173.52694548400598,173.52480709375507,6399.8632785568125,6399.863543807402,0.029663752524021092,237.0,11.0
829,63.0,77.07893722727981,77.0778538869022,443.39857614365974,443.39717857215527,173.52480709375507,173.52157181813988,6399.863543807402,6399.863753894719,0.014225226433851348,237.0,11.0
830,63.0,77.0778538869022,77.0752683895195,443.39717857215527,443.3969708036158,173.52157181813988,173.5198851757564,6399.863753894719,6399.863938664613,0.026162385963465897,237.0,11.0
831,63.0,77.0752683895195,77.07403316902379,443.3969708036158,443.39861337228956,173.5198851757564,173.5195056358136,6399.863938664613,6399.864078201585,0.01202322779355564,237.0,11.0
832,63.0,77.07403316902379,77.0727153961352,443.39861337228956,443.399205800495,173.5195056358136,173.51868118503222,6399.864078201585,6399.864197030288,0.013664993382936898,237.0,11.0
833,63.0,77.0727153961352,77.07348626613721,443.399205800495,443.39837770817593,173.51868118503222,173.51908618175,6399.864197030288,6399.8642915821965,0.017046041713996724,237.0,11.0
834,63.0,77.07348626613721,77.07412381198989,443.39837770817593,443.3982745650642,173.51908618175,173.51920569450704,6399.8642915821965,6399.86435286394,0.015265686439535337,237.0,11.0
835,63.0,77.07412381198989,77.07403006626664,443.3982745650642,443.39845657225834,173.51920569450704,173.5193556571894,6399.86435286394,6399.864383365035,0.02089533030917691,237.0,11.0
836,63.0,116.42196239092382,116.42350962819523,466.5369291649099,466.53694642165937,201.5234038502188,201.5233054910168,6401.649274805238,6401.649362503248,0.008383479914451101,239.0,11.0
837,63.0,116.42350962819523,116.42658663644366,466.53694642165937,466.53594749297747,201.5233054910168,201.5221492112061,6401.649362503248,6401.6495619476855,0.01535609312489975,239.0,11.0
838,63.0,116.42658663644366,116.42738519796224,466.53594749297747,466.5374981932725,201.5221492112061,201.51994304552963,6401.6495619476855,6401.649734395305,0.015579785412968158,239.0,11.0
839,63.0,116.42738519796224,116.42868887836794,466.5374981932725,466.538427295134,201.51994304552963,201.51840655574543,6401.649734395305,6401.649879977548,0.0164960748257193,239.0,11.0
840,63.0,116.42868887836794,116.42862043056739,466.538427295134,466.53923588977494,201.51840655574543,201.51982083905332,6401.649879977548,6401.649997149425,0.017283924934793977,239.0,11.0
841,63.0,116.42862043056739,116.42952543860247,466.53923588977494,466.5396348999072,201.51982083905332,201.5201793770297,6401.649997149425,6401.650083213032,0.014788194201698596,239.0,11.0
842,63.0,116.42952543860247,116.43007059139757,466.5396348999072,466.5397003419588,201.5201793770297,201.5199701240526,6401.650083213032,6401.650139701907,0.01172287959856245,239.0,11.0
843,63.0,116.43007059139757,116.42987274248966,466.5397003419588,466.5396201712403,201.5199701240526,201.51978827161014,6401.650139701907,6401.650172512879,0.022124758696015358,239.0,11.0
844,63.0,106.04048686297108,106.0402917352407,468.3693890758406,468.36956451737007,211.45365550192628,211.45417608876795,6402.132359046505,6402.132400509135,0.0040529430692146685,241.0,11.0
845,63.0,106.0402917352407,106.04057891739282,468.36956451737007,468.37005289615684,211.45417608876795,211.4556170132661,6402.132400509135,6402.132513500753,0.01804231605193939,241.0,11.0
846,63.0,106.04057891739282,106.04034225380698,468.37005289615684,468.37039558126435,211.4556170132661,211.4547630399266,6402.132513500753,6402.132593538165,0.024716328200142985,241.0,11.0
847,63.0,106.04034225380698,106.04036298050615,468.37039558126435,468.37032207115965,211.4547630399266,211.4545238385022,6402.132593538165,6402.1326238038055,0.020768486802491073,241.0,11.0
848,63.0,106.49348900396096,106.493935906899,465.2419699255389,465.2413374013404,208.60482177855982,208.60381458868878,6402.274277986561,6402.274352584156,0.004863489131060699,242.0,11.0
849,63.0,106.493935906899,106.49421402171659,465.2413374013404,465.24091944295577,208.60381458868878,208.60076088219654,6402.274352584156,6402.274537385122,0.018775521329536173,242.0,11.0
850,63.0,106.49421402171659,106.49651456500503,465.24091944295577,465.2406268376147,208.60076088219654,208.60121685279827,6402.274537385122,6402.2746896463,0.020453670015304567,242.0,11.0
851,63.0,106.49651456500503,106.49766405520259,465.2406268376147,465.2416766025673,208.60121685279827,208.6007403075017,6402.2746896463,6402.274806690001,0.016307583213656218,242.0,11.0
852,63.0,106.49766405520259,106.4980520798448,465.2416766025673,465.24150207071204,208.6007403075017,208.60173451938158,6402.274806690001,6402.274894451777,0.016313477874356202,242.0,11.0
853,63.0,106.4980520798448,106.4982274811463,465.24150207071204,465.2419426799097,208.60173451938158,208.60141950887288,6402.274894451777,6402.2749496485585,0.018692104800933505,242.0,11.0
854,63.0,106.4982274811463,106.4981567735783,465.2419426799097,465.24195151703134,208.60141950887288,208.6013050604385,6402.2749496485585,6402.274968904282,0.014533009114707878,242.0,11.0
855,63.0,106.49348776839236,106.49348436465523,465.2419678290199,465.24196267429807,208.6048212509351,208.6048161285384,6402.274278800226,6402.274281422409,0.00268342,243.0,11.0
856,63.0,68.78596060342224,68.78627752600254,446.09954055822766,446.0990547094696,171.51119704482525,171.51079924514792,6399.536740681702,6399.536788710147,0.0014724775293955665,246.0,11.0
857,63.0,68.78627752600254,68.78687267780944,446.0990547094696,446.0974369605259,171.51079924514792,171.51003909443628,6399.536788710147,6399.536918398329,0.016175602555457677,246.0,11.0
858,63.0,68.78687267780944,68.78689145708611,446.0974369605259,446.09615467349323,171.51003909443628,171.51038017330055,6399.536918398329,6399.5370197912025,0.024976212759495662,246.0,11.0
859,63.0,68.78689145708611,68.78638658194905,446.09615467349323,446.096325194265,171.51038017330055,171.5104158587381,6399.5370197912025,6399.537072460057,0.01816235176163594,246.0,11.0
860,63.0,68.78638658194905,68.78633103168399,446.096325194265,446.0963487458201,171.5104158587381,171.5105241229153,6399.537072460057,6399.537090579427,0.013844452506782044,246.0,11.0
861,63.0,73.10337731493529,73.10340744406601,447.82221954418117,447.8222470179502,178.79295585295552,178.79302233714907,6399.824909374021,6399.8249223550865,0.010581693813798587,249.0,11.0
862,63.0,82.0880089335313,82.08800168815472,450.29619868712336,450.2962112214935,185.0722934551688,185.0723014446741,6400.199738667552,6400.19974299369,0.004204765564065535,250.0,11.0
863,63.0,82.55861628759024,82.56260620545734,450.4312234097232,450.42815630990174,185.2295536231361,185.2297924768739,6400.21689014677,6400.2171176212705,0.0069752843984337174,251.0,11.0
864,63.0,82.56260620545734,82.5692596490764,450.42815630990174,450.4208941862774,185.2297924768739,185.228313162409,6400.2171176212705,6400.217570830442,0.03405131548984883,251.0,11.0
865,63.0,82.5692596490764,82.57588787443738,450.4208941862774,450.41720455494135,185.228313162409,185.23085170132887,6400.217570830442,6400.217951101634,0.11053046823627145,251.0,11.0
866,63.0,82.57588787443738,82.57462807807617,450.41720455494135,450.4148348686402,185.23085170132887,185.2313054007831,6400.217951101634,6400.2181195360145,0.011854292594244063,251.0,11.0
867,63.0,82.57462807807617,82.57619081520114,450.4148348686402,450.4133424573389,185.2313054007831,185.23200431892135,6400.2181195360145,6400.218267540641,0.014213728943275205,251.0,11.0
868,63.0,82.57619081520114,82.57634553940107,450.4133424573389,450.4116024643448,185.23200431892135,185.23179878168176,6400.218267540641,6400.218391116449,0.012113731485190501,251.0,11.0
869,63.0,82.57634553940107,82.57546975815121,450.4116024643448,450.4121057964909,185.23179878168176,185.23091187572817,6400.218391116449,6400.218493432335,0.016323721322540206,251.0,11.0
870,63.0,82.57546975815121,82.57544628656947,450.4121057964909,450.4124974974649,185.23091187572817,185.23020051864336,6400.218493432335,6400.218564950468,0.02014744122831554,251.0,11.0
871,63.0,82.57544628656947,82.57528413552018,450.4124974974649,450.412349574982,185.23020051864336,185.23033337726667,6400.218564950468,6400.218595695657,0.016585274015085957,251.0,11.0
872,63.0,82.57528413552018,82.5752964394288,450.412349574982,450.4123381067757,185.23033337726667,185.23034002676775,6400.218595695657,6400.218600301307,0.004441295385279275,251.0,11.0
873,63.0,82.55861814225185,82.55862536127589,450.4312229776025,450.43122586285745,185.22955261086162,185.2295545999636,6400.216890851492,6400.216893473676,0.00268342,252.0,11.0
874,63.0,64.89556934396153,64.89610157834379,448.21294206642887,448.21281631597395,170.2463968034824,170.2467170372204,6399.3831282077945,6399.383187910859,0.015995251803716217,255.0,11.0
875,63.0,64.89610157834379,64.89596207744901,448.21281631597395,448.21290539033197,170.2467170372204,170.24656754972588,6399.383187910859,6399.38321566984,0.01940260459921662,255.0,11.0
876,63.0,64.895485616721,64.89548005116428,448.21308788442803,448.2130898208352,170.2462847756377,170.24628011823893,6399.383110310592,6399.383112816424,0.0025734864626302395,256.0,11.0
877,63.0,65.31132332395978,65.31151317190157,447.89824637472174,447.89809081976193,170.37777555863047,170.37767476295755,6399.40100044699,6399.40102342815,0.0023694974439840066,260.0,11.0
878,63.0,65.31151317190157,65.31193791007456,447.89809081976193,447.8976815886337,170.37767476295755,170.37715512969098,6399.40102342815,6399.401093260972,0.04033898821429596,260.0,11.0
879,63.0,65.31132259821376,65.3113195669608,447.8982462384123,447.8982515827603,170.37777726324117,170.37778100538364,6399.401001054015,6399.401003486873,0.002504052686446815,261.0,11.0
880,63.0,69.33180236029912,69.33201281691352,444.5385203134738,444.5383909526433,171.08265099143802,171.08472364318743,6399.577083926476,6399.57719520344,0.008932266235302452,264.0,11.0
881,63.0,69.33201281691352,69.33248792961155,444.5383909526433,444.5385382744292,171.08472364318743,171.0890836322843,6399.57719520344,6399.577434378025,0.016182928155273044,264.0,11.0
882,63.0,69.33248792961155,69.33367061474678,444.5385382744292,444.5416499811653,171.0890836322843,171.09063584817955,6399.577434378025,6399.577643876274,0.016807310533875058,264.0,11.0
883,63.0,69.33367061474678,69.33110863657303,444.5416499811653,444.5428761236068,171.09063584817955,171.09152766681223,6399.577643876274,6399.577823553822,0.014627717386005372,264.0,11.0
884,63.0,69.33110863657303,69.32888434247407,444.5428761236068,444.54244599258936,171.09152766681223,171.09234790236644,6399.577823553822,6399.5779779175655,0.017703734346586092,264.0,11.0
885,63.0,69.32888434247407,69.3289051349401,444.54244599258936,444.5412559198068,171.09234790236644,171.0936527069035,6399.5779779175655,6399.578101849713,0.014926015221441236,264.0,11.0
886,63.0,69.3289051349401,69.32777302612098,444.5412559198068,444.5408534568992,171.0936527069035,171.09402330510292,6399.578101849713,6399.578199469414,0.016416503378747987,264.0,11.0
887,63.0,69.32777302612098,69.32770867437851,444.5408534568992,444.5414911814143,171.09402330510292,171.0936784892366,6399.578199469414,6399.578265510527,0.014410822489142364,264.0,11.0
888,63.0,69.32770867437851,69.32745503029629,444.5414911814143,444.5416937919018,171.0936784892366,171.0936648361149,6399.578265510527,6399.578302061125,0.024064351915039715,264.0,11.0
889,63.0,69.33180267549058,69.33180440545304,444.53851869138623,444.53851443278063,171.0826490561755,171.08264445626202,6399.577084758011,6399.577087028488,0.00234808415999881,265.0,11.0
