,event,xi,xf,yi,yf,zi,zf,ti,tf,E,ParticleID,PDG
0,31.0,115.0,114.95255805796128,475.0,473.6153036937001,150.0,150.01645943580124,0.0,0.0817025191218876,6.255177011425808,1.0,321.0
1,31.0,114.95255805796128,114.90131367935666,473.6153036937001,472.3697338510954,150.01645943580124,150.0013997042724,0.0817025191218876,0.1569315578337756,6.035273520139306,1.0,321.0
2,31.0,114.90131367935666,114.86820601558411,472.3697338510954,471.25189141887404,150.0013997042724,149.994992298406,0.1569315578337756,0.22605964230381437,4.630322024205812,1.0,321.0
3,31.0,114.86820601558411,114.83438313514509,471.25189141887404,470.2288847357916,149.994992298406,149.97479393227556,0.22605964230381437,0.29060902795575216,5.3794469088843035,1.0,321.0
4,31.0,114.83438313514509,114.79720216575035,470.2288847357916,469.31196921404535,149.97479393227556,149.94187810307125,0.29060902795575216,0.3499556601566429,5.1569616569859615,1.0,321.0
5,31.0,114.79720216575035,114.76721098489413,469.31196921404535,468.4915231127394,149.94187810307125,149.90899126105833,0.3499556601566429,0.4044367999423292,4.5091624720564685,1.0,321.0
6,31.0,114.76721098489413,114.75388368381536,468.4915231127394,468.0013271529472,149.90899126105833,149.8821839993142,0.4044367999423292,0.43779671709104084,2.6463302029551774,1.0,321.0
7,31.0,114.75388368381536,114.7398074029752,468.0013271529472,467.3066285198408,149.8821839993142,149.85772473791218,0.43779671709104084,0.4857397435931956,4.480457417729133,1.0,321.0
8,31.0,114.7398074029752,114.73406132152327,467.3066285198408,466.68605157768496,149.85772473791218,149.87619817596197,0.4857397435931956,0.5297260750605344,4.398705141204008,1.0,321.0
9,31.0,114.73406132152327,114.7242315823232,466.68605157768496,466.13524331138916,149.87619817596197,149.90043523468324,0.5297260750605344,0.5699311673286033,3.7094817309892094,1.0,321.0
10,31.0,114.7242315823232,114.71277755345379,466.13524331138916,465.6401856785404,149.90043523468324,149.92098191281337,0.5699311673286033,0.6070250524489821,2.9841106422762174,1.0,321.0
11,31.0,114.71277755345379,114.71527320608179,465.6401856785404,465.1880692747862,149.92098191281337,149.9404420401606,0.6070250524489821,0.641666102670962,3.422037698219489,1.0,321.0
12,31.0,114.71527320608179,114.72875703058978,465.1880692747862,464.7836850766447,149.9404420401606,149.96188542844874,0.641666102670962,0.6735499654579208,2.9597983282497298,1.0,321.0
13,31.0,114.72875703058978,114.74858863857628,464.7836850766447,464.4187685107962,149.96188542844874,149.98204946513664,0.6735499654579208,0.703099854560946,2.940304271143771,1.0,321.0
14,31.0,114.74858863857628,114.75940021823354,464.4187685107962,464.09049495922665,149.98204946513664,149.99838180412658,0.703099854560946,0.7303801945458949,2.7713646367825255,1.0,321.0
15,31.0,114.75940021823354,114.77014767222161,464.09049495922665,463.7956257237958,149.99838180412658,150.01041834737507,0.7303801945458949,0.7555679699553415,2.7784680887363753,1.0,321.0
16,31.0,114.77014767222161,114.77582395079291,463.7956257237958,463.53258486056956,150.01041834737507,150.02090632489862,0.7555679699553415,0.7787053450094948,2.347288864029903,1.0,321.0
17,31.0,114.77582395079291,114.79023000027078,463.53258486056956,463.2958051998047,150.02090632489862,150.03319544274567,0.7787053450094948,0.8001494128329635,2.3795278274998166,1.0,321.0
18,31.0,114.79023000027078,114.80671225480151,463.2958051998047,463.08436894753305,150.03319544274567,150.04820697943796,0.8001494128329635,0.819915106450034,1.9826288081618475,1.0,321.0
19,31.0,114.80671225480151,114.82390321915541,463.08436894753305,462.8929021542129,150.04820697943796,150.06268759329873,0.819915106450034,0.8383131081052503,2.0616762402741355,1.0,321.0
20,31.0,114.82390321915541,114.83709996082925,462.8929021542129,462.7206654650312,150.06268759329873,150.07367616323043,0.8383131081052503,0.8553198946020821,1.9900686545246264,1.0,321.0
21,31.0,114.83709996082925,114.84700985547445,462.7206654650312,462.5662846231697,150.07367616323043,150.08326276367717,0.8553198946020821,0.8710151229711215,1.912897691298773,1.0,321.0
22,31.0,114.84700985547445,114.85908675431706,462.5662846231697,462.4286056100315,150.08326276367717,150.09163122522315,0.8710151229711215,0.8854800245454818,1.8361472535138295,1.0,321.0
23,31.0,114.85908675431706,114.87419449487109,462.4286056100315,462.3063016063567,150.09163122522315,150.09797827524574,0.8854800245454818,0.8987934612054402,1.7391041930577291,1.0,321.0
24,31.0,114.87419449487109,114.88947242736734,462.3063016063567,462.19766659167755,150.09797827524574,150.10406489566876,0.8987934612054402,0.911044495560334,1.5187856777018858,1.0,321.0
25,31.0,114.88947242736734,114.90417108154335,462.19766659167755,462.1003786791606,150.10406489566876,150.1113677472047,0.911044495560334,0.9223912287095132,1.2110166831958922,1.0,321.0
26,31.0,114.90417108154335,114.91734339342092,462.1003786791606,462.0114471938039,150.1113677472047,150.11778909185915,0.9223912287095132,0.933033299182404,1.2620863108237814,1.0,321.0
27,31.0,114.91734339342092,114.92956773962806,462.0114471938039,461.9310980052434,150.11778909185915,150.12539514998232,0.933033299182404,0.9429572812185036,1.2863902589209515,1.0,321.0
28,31.0,114.92956773962806,114.94067353485968,461.9310980052434,461.85917199141187,150.12539514998232,150.13479066619402,0.9429572812185036,0.9521677981958294,1.1621054881269395,1.0,321.0
29,31.0,114.94067353485968,114.95148421878505,461.85917199141187,461.79424822776554,150.13479066619402,150.14285827792975,0.9521677981958294,0.9607518555217257,1.1348575021798708,1.0,321.0
30,31.0,114.95148421878505,114.96087156302251,461.79424822776554,461.73555178477363,150.14285827792975,150.14902459202668,0.9607518555217257,0.9687425917415843,1.031656092642163,1.0,321.0
31,31.0,114.96087156302251,114.9679430933863,461.73555178477363,461.6821539796766,150.14902459202668,150.15429276342832,0.9687425917415843,0.9762111995215417,1.0495094225533197,1.0,321.0
32,31.0,114.9679430933863,114.97664245863591,461.6821539796766,461.63435639498147,150.15429276342832,150.15756492620704,0.9762111995215417,0.9831666774827589,1.0567152642533046,1.0,321.0
33,31.0,114.97664245863591,114.98624036562508,461.63435639498147,461.59200162405506,150.15756492620704,150.1607436685763,0.9831666774827589,0.9896249703645393,1.0547854387623143,1.0,321.0
34,31.0,114.98624036562508,114.99476765472198,461.59200162405506,461.55424324576114,150.1607436685763,150.16179449719615,0.9896249703645393,0.9956074966340183,0.8285148259344416,1.0,321.0
35,31.0,114.99476765472198,115.00235691137387,461.55424324576114,461.51992786624476,150.16179449719615,150.16282202640298,0.9956074966340183,1.0012316507502113,0.8931778994110536,1.0,321.0
36,31.0,115.00235691137387,115.0092672845636,461.51992786624476,461.48916809410946,150.16282202640298,150.1637264559552,1.0012316507502113,1.006485936653049,0.7787017724703549,1.0,321.0
37,31.0,115.0092672845636,115.01486470050293,461.48916809410946,461.4611657003319,150.1637264559552,150.16473046801744,1.006485936653049,1.0114332243022648,0.7440003023200343,1.0,321.0
38,31.0,115.01486470050293,115.01873362216607,461.4611657003319,461.4356975330411,150.16473046801744,150.16654262548985,1.0114332243022648,1.0161022105895978,0.8026822577041669,1.0,321.0
39,31.0,115.01873362216607,115.01917192862614,461.4356975330411,461.41249168477606,150.16654262548985,150.1672288137027,1.0161022105895978,1.0204893856201358,0.8146335950186269,1.0,321.0
40,31.0,115.01917192862614,115.01879012463607,461.41249168477606,461.39183649837526,150.1672288137027,150.16836338858786,1.0204893856201358,1.024612740605723,0.7338248626753275,1.0,321.0
41,31.0,115.01879012463607,115.01762587804744,461.39183649837526,461.37340591767577,150.16836338858786,150.17042238696376,1.024612740605723,1.0285204485635728,0.7164220781624838,1.0,321.0
42,31.0,115.01762587804744,115.01616046767178,461.37340591767577,461.35694731596897,150.17042238696376,150.1726947892716,1.0285204485635728,1.0322411803308182,0.6571579877039481,1.0,321.0
43,31.0,115.01616046767178,115.0146321885658,461.35694731596897,461.34215534814604,150.1726947892716,150.17511367469868,1.0322411803308182,1.035814428682612,0.7176167236662919,1.0,321.0
44,31.0,115.0146321885658,115.01360168184053,461.34215534814604,461.32894285830116,150.17511367469868,150.17734768588736,1.035814428682612,1.0392574708464535,0.7157300141936198,1.0,321.0
45,31.0,115.01360168184053,115.01241309617231,461.32894285830116,461.31721620378704,150.17734768588736,150.17922230423554,1.0392574708464535,1.0426076581285035,0.7868658008178511,1.0,321.0
46,31.0,115.01241309617231,115.01075076915701,461.31721620378704,461.3071500770815,150.17922230423554,150.18093735136205,1.0426076581285035,1.0458990633282845,0.8213600685657503,1.0,321.0
47,31.0,115.01075076915701,115.00907076404758,461.3071500770815,461.2989247346721,150.18093735136205,150.18224247184205,1.0458990633282845,1.049126179193282,0.8930175969055809,1.0,321.0
48,31.0,115.00907076404758,115.00824245734923,461.2989247346721,461.29461926920055,150.18224247184205,150.18347669381245,1.049126179193282,1.0514914491334308,0.9526474523628397,1.0,321.0
49,31.0,115.00824245734923,115.00824175623161,461.29461926920055,461.2944994185008,150.18347669381245,150.18351179464798,1.0514914491334308,1.0517406400218359,0.03594319824398254,1.0,321.0
50,31.0,115.00824175623161,115.0082574186077,461.2944994185008,461.2944444712125,150.18351179464798,150.18352047690956,1.0517406400218359,1.0519094182044686,0.033054140339252,1.0,321.0
51,31.0,115.0082574186077,114.24256610874681,461.2944444712125,458.01519418232056,150.18352047690956,150.47984528346296,12.85868654255855,12.982272958036862,6.331991156354834,3.0,-13.0
52,31.0,114.24256610874681,113.36121010740105,458.01519418232056,454.3044520108814,150.47984528346296,150.53647773305232,12.982272958036862,13.122530080068223,7.589420407800737,3.0,-13.0
53,31.0,113.36121010740105,113.25314595143541,454.3044520108814,453.8057065798075,150.53647773305232,150.52024684439957,13.122530080068223,13.141440983504506,1.089392713049754,3.0,-13.0
54,31.0,113.25314595143541,112.2237172759279,453.8057065798075,449.83356380483303,150.52024684439957,150.38188350800007,13.141440983504506,13.294099302525177,8.749757346362163,3.0,-13.0
55,31.0,112.2237172759279,111.98088999040279,449.83356380483303,449.0635876077507,150.38188350800007,150.34046865724824,13.294099302525177,13.324414121504619,1.4722559211731994,3.0,-13.0
56,31.0,111.98088999040279,111.30651634382775,449.0635876077507,446.3997092185629,150.34046865724824,150.25393349670904,13.324414121504619,13.428121298859102,5.470585822023449,3.0,-13.0
57,31.0,111.30651634382775,110.36979726523502,446.3997092185629,442.4029284733982,150.25393349670904,150.35183319913722,13.428121298859102,13.583657823778903,8.408886717331901,3.0,-13.0
58,31.0,110.36979726523502,110.28959295539649,442.4029284733982,442.1188319862525,150.35183319913722,150.3679997837657,13.583657823778903,13.594988009084801,0.5579761509062902,3.0,-13.0
59,31.0,110.28959295539649,110.23177585701303,442.1188319862525,441.91731428047115,150.3679997837657,150.37812543340672,13.594988009084801,13.603042233927113,0.4085528133741175,3.0,-13.0
60,31.0,110.23177585701303,110.09944690024767,441.91731428047115,441.4632625455125,150.37812543340672,150.39736746105953,13.603042233927113,13.62123274436319,0.9901098976889768,3.0,-13.0
61,31.0,110.09944690024767,109.50204805273412,441.4632625455125,439.5765804942007,150.39736746105953,150.4769505382544,13.62123274436319,13.6975154394083,3.9015578813578964,3.0,-13.0
62,31.0,109.50204805273412,108.43417235870245,439.5765804942007,436.4552119855622,150.4769505382544,150.66197300588834,13.6975154394083,13.825813220090506,6.559204969926653,3.0,-13.0
63,31.0,108.43417235870245,107.93362742213074,436.4552119855622,434.842955725899,150.66197300588834,150.7241524786961,13.825813220090506,13.89219867400601,3.838136045536683,3.0,-13.0
64,31.0,107.93362742213074,107.50710110653492,434.842955725899,433.4983571179935,150.7241524786961,150.73919130152498,13.89219867400601,13.948134343118591,3.485610208645929,3.0,-13.0
65,31.0,107.50710110653492,107.05012298934673,433.4983571179935,432.0733114958499,150.73919130152498,150.678210092046,13.948134343118591,14.00808507190062,2.86856448370555,3.0,-13.0
66,31.0,107.05012298934673,106.3898658384807,432.0733114958499,429.7196195307066,150.678210092046,150.52799729838435,14.00808507190062,14.106894978481577,5.561927536541617,3.0,-13.0
67,31.0,106.3898658384807,105.97493400216459,429.7196195307066,427.5650964080954,150.52799729838435,150.34852583072276,14.106894978481577,14.197140107537447,4.873753744093303,3.0,-13.0
68,31.0,105.97493400216459,105.96340147882157,427.5650964080954,427.4917952953912,150.34852583072276,150.34274525927162,14.197140107537447,14.200230729944442,0.1390502057113536,3.0,-13.0
69,31.0,105.96340147882157,105.91972349316332,427.4917952953912,427.2380530791127,150.34274525927162,150.325939762016,14.200230729944442,14.210975074719327,0.6119685595359181,3.0,-13.0
70,31.0,105.91972349316332,105.61652715140731,427.2380530791127,425.3706091965969,150.325939762016,150.18946465300687,14.210975074719327,14.29032970487944,4.211056985279592,3.0,-13.0
71,31.0,105.61652715140731,105.5545410349145,425.3706091965969,425.0541462264017,150.18946465300687,150.16220906042255,14.29032970487944,14.304066545568974,0.7762217865961755,3.0,-13.0
72,31.0,105.5545410349145,105.32253794902306,425.0541462264017,424.0275923912095,150.16220906042255,150.1237503690222,14.304066545568974,14.349155647611399,2.7731783555493643,3.0,-13.0
73,31.0,105.32253794902306,105.00353997427699,424.0275923912095,422.79117380062627,150.1237503690222,149.98490683521723,14.349155647611399,14.40482434907522,3.179406560186714,3.0,-13.0
74,31.0,105.00353997427699,104.69111762096051,422.79117380062627,421.46052914168524,149.98490683521723,149.77027848391876,14.40482434907522,14.46562359113364,3.723719889589786,3.0,-13.0
75,31.0,104.69111762096051,104.64172608528747,421.46052914168524,421.23315079686034,149.77027848391876,149.73765306621294,14.46562359113364,14.476133717655964,0.7031928190813946,3.0,-13.0
76,31.0,104.64172608528747,104.419196798162,421.23315079686034,420.06874894984855,149.73765306621294,149.60851635519924,14.476133717655964,14.529847882297709,3.280977787850224,3.0,-13.0
77,31.0,104.419196798162,104.41194298229512,420.06874894984855,420.0270341300814,149.60851635519924,149.60404807763422,14.529847882297709,14.531800614688445,0.16582485848747783,3.0,-13.0
78,31.0,104.41194298229512,104.26177402644706,420.0270341300814,419.1920523051587,149.60404807763422,149.52355837117227,14.531800614688445,14.570923566289286,2.470343240743258,3.0,-13.0
79,31.0,104.26177402644706,104.15311496447646,419.1920523051587,418.2325998167068,149.52355837117227,149.42900679289792,14.570923566289286,14.616223069069818,2.7630073124292784,3.0,-13.0
80,31.0,104.15311496447646,104.09552187143376,418.2325998167068,417.36996272954366,149.42900679289792,149.28619760945838,14.616223069069818,14.657895852613063,2.3073028261592174,3.0,-13.0
81,31.0,104.09552187143376,104.0927841926356,417.36996272954366,416.58009248923764,149.28619760945838,149.15769375426288,14.657895852613063,14.696595898165793,2.38630885161754,3.0,-13.0
82,31.0,104.0927841926356,104.10871544886113,416.58009248923764,415.8605402103102,149.15769375426288,149.07821697656806,14.696595898165793,14.732278322904861,2.49904988991163,3.0,-13.0
83,31.0,104.10871544886113,104.12898875093363,415.8605402103102,415.2155463571181,149.07821697656806,149.02898141100735,14.732278322904861,14.764866754134566,2.1327500271109283,3.0,-13.0
84,31.0,104.12898875093363,104.12274921636326,415.2155463571181,414.63184352004936,149.02898141100735,149.01227908911977,14.764866754134566,14.794871803154981,1.9366532996331867,3.0,-13.0
85,31.0,104.12274921636326,104.12570538101072,414.63184352004936,414.10324523807094,149.01227908911977,149.0086188846501,14.794871803154981,14.82257958637102,2.004322237650733,3.0,-13.0
86,31.0,104.12570538101072,104.13184906299894,414.10324523807094,413.6306330641046,149.0086188846501,149.03666491595484,14.82257958637102,14.84796157266481,1.692452885291067,3.0,-13.0
87,31.0,104.13184906299894,104.14109661405394,413.6306330641046,413.2026018386223,149.03666491595484,149.0590544760388,14.84796157266481,14.871423165668546,1.590731608013669,3.0,-13.0
88,31.0,104.14109661405394,104.15047024538111,413.2026018386223,412.8148206066888,149.0590544760388,149.07449552839336,14.871423165668546,14.893118280804872,1.6021722848931172,3.0,-13.0
89,31.0,104.15047024538111,104.15211486313812,412.8148206066888,412.46625357456895,149.07449552839336,149.09164756517384,14.893118280804872,14.913074147619557,1.4581800013865547,3.0,-13.0
90,31.0,104.15211486313812,104.17043506018976,412.46625357456895,412.15213132987253,149.09164756517384,149.09966082927113,14.913074147619557,14.931483930328135,1.284518241986912,3.0,-13.0
91,31.0,104.17043506018976,104.1988855082096,412.15213132987253,411.86804581585847,149.09966082927113,149.1067594078563,14.931483930328135,14.948562493712847,1.3374355572181047,3.0,-13.0
92,31.0,104.1988855082096,104.21382835456862,411.86804581585847,411.61215809256703,149.1067594078563,149.12333326167203,14.948562493712847,14.964287362697444,1.2784057157746305,3.0,-13.0
93,31.0,104.21382835456862,104.20698817496313,411.61215809256703,411.38270398252934,149.12333326167203,149.1432724242323,14.964287362697444,14.978750992001773,1.1773274221053427,3.0,-13.0
94,31.0,104.20698817496313,104.20504302086599,411.38270398252934,411.1769128251127,149.1432724242323,149.16696428817764,14.978750992001773,14.992082956293252,0.9497194536344442,3.0,-13.0
95,31.0,104.20504302086599,104.2001049144931,411.1769128251127,410.9897596697022,149.16696428817764,149.1941275977418,14.992082956293252,15.00452396742437,1.3121953745039643,3.0,-13.0
96,31.0,104.2001049144931,104.19868608933584,410.9897596697022,410.90153652702185,149.1941275977418,149.2075493976128,15.00452396742437,15.010586788752668,0.4604404934312263,3.0,-13.0
97,31.0,104.19868608933584,104.198181636964,410.90153652702185,410.7539337017508,149.2075493976128,149.24286433043932,15.010586788752668,15.021155803090084,0.9632394839875004,3.0,-13.0
98,31.0,104.198181636964,104.20769722847747,410.7539337017508,410.62605659898793,149.24286433043932,149.29000087732396,15.021155803090084,15.030892742360956,0.8061160638413113,3.0,-13.0
99,31.0,104.20769722847747,104.22762123102363,410.62605659898793,410.50736344393243,149.29000087732396,149.3183485966435,15.030892742360956,15.039952006264327,0.8975622799924486,3.0,-13.0
100,31.0,104.22762123102363,104.244388503902,410.50736344393243,410.3999970735449,149.3183485966435,149.33877769020515,15.039952006264327,15.048276414852333,0.7052264534012749,3.0,-13.0
101,31.0,104.244388503902,104.2547362716651,410.3999970735449,410.3012915143231,149.33877769020515,149.3547011328687,15.048276414852333,15.056038077650143,0.8612088336442127,3.0,-13.0
102,31.0,104.2547362716651,104.26175531860856,410.3012915143231,410.2138549095001,149.3547011328687,149.36869252250472,15.056038077650143,15.063130786679697,0.7650557779403878,3.0,-13.0
103,31.0,104.26175531860856,104.27012765618744,410.2138549095001,410.1361261311122,149.36869252250472,149.3800766611646,15.063130786679697,15.069647206588618,0.5400475828799184,3.0,-13.0
104,31.0,104.27012765618744,104.2793404239713,410.1361261311122,410.06516160737465,149.3800766611646,149.39103885504167,15.069647206588618,15.075767759193223,0.7290521131228381,3.0,-13.0
105,31.0,104.2793404239713,104.28510823740676,410.06516160737465,410.00189709236594,149.39103885504167,149.398054420936,15.075767759193223,15.081369215197924,0.6026742953743851,3.0,-13.0
106,31.0,104.28510823740676,104.2900753586255,410.00189709236594,409.9452852599112,149.398054420936,149.405317200502,15.081369215197924,15.086555773301434,0.47463553149276927,3.0,-13.0
107,31.0,104.2900753586255,104.29404857062559,409.9452852599112,409.8931186639899,149.405317200502,149.4065051626247,15.086555773301434,15.091425333416797,0.5208147841285528,3.0,-13.0
108,31.0,104.29404857062559,104.29608875533424,409.8931186639899,409.84603321409713,149.4065051626247,149.4079426733987,15.091425333416797,15.095957658628564,0.5046703898512236,3.0,-13.0
109,31.0,104.29608875533424,104.29730898569036,409.84603321409713,409.8036593184887,149.4079426733987,149.40881686792486,15.095957658628564,15.100174573250694,0.40652358343819867,3.0,-13.0
110,31.0,104.29730898569036,104.30312328312262,409.8036593184887,409.7654818790962,149.40881686792486,149.41170490744884,15.100174573250694,15.104146202431792,0.39714079384359113,3.0,-13.0
111,31.0,104.30312328312262,104.30947968330804,409.7654818790962,409.7307465900314,149.41170490744884,149.41408678303293,15.104146202431792,15.107886356652402,0.5580681742966224,3.0,-13.0
112,31.0,104.30947968330804,104.31578108001538,409.7307465900314,409.7006507489644,149.41408678303293,149.41750903183697,15.107886356652402,15.111316079535754,0.3395713446896627,3.0,-13.0
113,31.0,104.31578108001538,104.32175902213437,409.7006507489644,409.6729910117924,149.41750903183697,149.41978516570612,15.111316079535754,15.114566318742876,0.35405352518093386,3.0,-13.0
114,31.0,104.32175902213437,104.32617933944019,409.6729910117924,409.6476268746811,149.41978516570612,149.41709206177845,15.114566318742876,15.117637651143646,0.3843130794040795,3.0,-13.0
115,31.0,104.32617933944019,104.32967530014032,409.6476268746811,409.6250564494677,149.41709206177845,149.41237745309544,15.117637651143646,15.120525134674022,0.42202750026108793,3.0,-13.0
116,31.0,104.32967530014032,104.33271259214314,409.6250564494677,409.6052102341952,149.41237745309544,149.40732156821556,15.120525134674022,15.123225569270673,0.35712889767728195,3.0,-13.0
117,31.0,104.33271259214314,104.33543520290513,409.6052102341952,409.587162300795,149.40732156821556,149.40344509803666,15.123225569270673,15.125782215564834,0.3590213861205461,3.0,-13.0
118,31.0,104.33543520290513,104.33649355794743,409.587162300795,409.57058139725166,149.40344509803666,149.40124035757074,15.125782215564834,15.128209842507513,0.41873627222718557,3.0,-13.0
119,31.0,104.33649355794743,104.33714276486572,409.57058139725166,409.55606689261606,149.40124035757074,149.39878531560072,15.128209842507513,15.130509316554257,0.3443462266282457,3.0,-13.0
120,31.0,104.33714276486572,104.33759614676971,409.55606689261606,409.5430447372004,149.39878531560072,149.39662446656473,15.130509316554257,15.13272377164458,0.35225764320245884,3.0,-13.0
121,31.0,104.33759614676971,104.33939007741222,409.5430447372004,409.5315497401923,149.39662446656473,149.39496608039178,15.13272377164458,15.1348726918576,0.34296026118170286,3.0,-13.0
122,31.0,104.33939007741222,104.34077882045892,409.5315497401923,409.52136048443737,149.39496608039178,149.39353084130528,15.1348726918576,15.136977548913324,0.448978819529277,3.0,-13.0
123,31.0,104.34077882045892,104.34189595690107,409.52136048443737,409.5131075786228,149.39353084130528,149.39247190001856,15.136977548913324,15.139016245500246,0.5173564327953635,3.0,-13.0
124,31.0,104.34189595690107,104.34259131253984,409.5131075786228,409.50954701957926,149.39247190001856,149.39186945338815,15.139016245500246,15.140289571222034,0.47928644805941567,3.0,-13.0
125,31.0,104.34259131253984,104.34258900134766,409.50954701957926,409.509528924989,149.39186945338815,149.39187250853973,15.140289571222034,15.140328437360324,0.014450799110465873,3.0,-13.0
126,31.0,114.24256610874681,114.24816815742747,458.01519418232056,458.0071242052838,150.47984528346296,150.482280099085,12.982272958036862,12.982681672689798,0.021501140948304766,4.0,11.0
127,31.0,114.24816815742747,114.25457146162364,458.0071242052838,457.9918407964865,150.482280099085,150.49094987246426,12.982681672689798,12.983445690196742,0.03864571486148665,4.0,11.0
128,31.0,114.25457146162364,114.24194514663536,457.9918407964865,457.98219272356084,150.49094987246426,150.4930912728335,12.983445690196742,12.984116587674826,0.04070903598127289,4.0,11.0
129,31.0,114.24194514663536,114.23902236945534,457.98219272356084,457.97408307946415,150.4930912728335,150.5032732860377,12.984116587674826,12.984692158409763,0.03803208770908364,4.0,11.0
130,31.0,114.23902236945534,114.23239355673891,457.97408307946415,457.96776131051,150.5032732860377,150.49727332953222,12.984692158409763,12.985181594882924,0.028211215909306583,4.0,11.0
131,31.0,114.23239355673891,114.23842326920835,457.96776131051,457.961081621468,150.49727332953222,150.4950601198058,12.985181594882924,12.985609230042403,0.027513377001624387,4.0,11.0
132,31.0,114.23842326920835,114.23237751866733,457.961081621468,457.9573804841055,150.4950601198058,150.49202880779075,12.985609230042403,12.985978549657052,0.0321594133179606,4.0,11.0
133,31.0,114.23237751866733,114.23719320916351,457.9573804841055,457.9537950160924,150.49202880779075,150.49176644438748,12.985978549657052,12.986282493614228,0.03029427072852115,4.0,11.0
134,31.0,114.23719320916351,114.23989941597979,457.9537950160924,457.95743341070056,150.49176644438748,150.4914912387589,12.986282493614228,12.98652797656408,0.03226686423537828,4.0,11.0
135,31.0,114.23989941597979,114.24044620089748,457.95743341070056,457.9603402029664,150.4914912387589,150.49255197866736,12.98652797656408,12.986714836098853,0.020347301703786104,4.0,11.0
136,31.0,114.24044620089748,114.24062959596104,457.9603402029664,457.96266067042495,150.49255197866736,150.49286360122193,12.986714836098853,12.986866408356741,0.016954870562422786,4.0,11.0
137,31.0,114.24062959596104,114.24035874910362,457.96266067042495,457.9642559642858,150.49286360122193,150.4934912638119,12.986866408356741,12.986988830975058,0.022343424259263677,4.0,11.0
138,31.0,114.24035874910362,114.24075294127461,457.9642559642858,457.9649227439962,150.4934912638119,150.49410154328865,12.986988830975058,12.987071021935357,0.03220424313737315,4.0,11.0
139,31.0,114.24075294127461,114.24076635871556,457.9649227439962,457.9650465518369,150.49410154328865,150.49414719593943,12.987071021935357,12.987090051679667,0.014396937888048716,4.0,11.0
140,31.0,113.36121010740105,113.3423813682002,454.3044520108814,454.29100611752665,150.53647773305232,150.54212939024023,13.122530080068223,13.123399201913676,0.04451348844498867,5.0,11.0
141,31.0,113.3423813682002,113.30224367101384,454.29100611752665,454.27955154353367,150.54212939024023,150.55711789149214,13.123399201913676,13.12502959848703,0.09542920505775547,5.0,11.0
142,31.0,113.30224367101384,113.28232150153676,454.27955154353367,454.2676974498895,150.55711789149214,150.58530378583342,13.12502959848703,13.12639755600605,0.0720401905794966,5.0,11.0
143,31.0,113.28232150153676,113.25773346562403,454.2676974498895,454.2493538863456,150.58530378583342,150.58270623463565,13.12639755600605,13.127573732345828,0.07326664572342717,5.0,11.0
144,31.0,113.25773346562403,113.25211374441389,454.2493538863456,454.24401663781447,150.58270623463565,150.55869217764308,13.127573732345828,13.128562102509713,0.04217933323972305,5.0,11.0
145,31.0,113.25211374441389,113.25993382560891,454.24401663781447,454.2257938672363,150.55869217764308,150.54890744456273,13.128562102509713,13.129443804193814,0.05098477421462801,5.0,11.0
146,31.0,113.25993382560891,113.27750257618443,454.2257938672363,454.2314231385109,150.54890744456273,150.5481347057216,13.129443804193814,13.130199596339988,0.051897716780109675,5.0,11.0
147,31.0,113.27750257618443,113.28928693963383,454.2314231385109,454.22916406105486,150.5481347057216,150.55699982208404,13.130199596339988,13.130831190297206,0.08722685323775722,5.0,11.0
148,31.0,113.28928693963383,113.28761657039449,454.22916406105486,454.21988998450087,150.55699982208404,150.55767656581747,13.130831190297206,13.13126551710248,0.1219396133117697,5.0,11.0
149,31.0,113.28761657039449,113.28890347819211,454.21988998450087,454.2175661184444,150.55767656581747,150.559602617013,13.13126551710248,13.13145836363553,0.0200620440184314,5.0,11.0
150,31.0,113.28890347819211,113.28911615024955,454.2175661184444,454.2151402511332,150.559602617013,150.55909651037967,13.13145836363553,13.131616267136119,0.01735614566800382,5.0,11.0
151,31.0,113.28911615024955,113.2876860017293,454.2151402511332,454.2141007795625,150.55909651037967,150.5585494412453,13.131616267136119,13.131744342453194,0.06828677021476663,5.0,11.0
152,31.0,113.2876860017293,113.28768272475466,454.2141007795625,454.2141133950182,150.5585494412453,150.55854236117398,13.131744342453194,13.131748352739596,0.003934090911623195,5.0,11.0
153,31.0,113.25314595143541,113.23505413524124,453.8057065798075,453.7470065442577,150.52024684439957,150.49771143917826,13.141440983504506,13.14368438896861,0.1069369323714861,6.0,11.0
154,31.0,113.23505413524124,113.17960418376478,453.7470065442577,453.6372309448446,150.49771143917826,150.4716365379084,13.14368438896861,13.148007853716756,0.23775830898876774,6.0,11.0
155,31.0,113.17960418376478,113.14465810686099,453.6372309448446,453.59431475699466,150.4716365379084,150.55830652089503,13.148007853716756,13.151574899477875,0.3725206762735646,6.0,11.0
156,31.0,113.14465810686099,113.12905362609737,453.59431475699466,453.5916323655398,150.55830652089503,150.6247139177224,13.151574899477875,13.153999147886708,0.13829247432673028,6.0,11.0
157,31.0,113.12905362609737,113.10038180148187,453.5916323655398,453.57550671624597,150.6247139177224,150.67003153710394,13.153999147886708,13.156016800591978,0.1929688631905628,6.0,11.0
158,31.0,113.10038180148187,113.08037947560756,453.57550671624597,453.5800251105654,150.67003153710394,150.70393563238267,13.156016800591978,13.15748944832184,0.189695386330928,6.0,11.0
159,31.0,113.08037947560756,113.10132179595205,453.5800251105654,453.5738759939062,150.70393563238267,150.71569017581322,13.15748944832184,13.15846271481152,0.050276440042258036,6.0,11.0
160,31.0,113.10132179595205,113.1060688286594,453.5738759939062,453.5675863225233,150.71569017581322,150.73525801468406,13.15846271481152,13.159309443571043,0.05363604203366128,6.0,11.0
161,31.0,113.1060688286594,113.11719145491824,453.5675863225233,453.5763446031462,150.73525801468406,150.74521092746923,13.159309443571043,13.160024862468397,0.03920789700636721,6.0,11.0
162,31.0,113.11719145491824,113.12106322864092,453.5763446031462,453.5764584056113,150.74521092746923,150.75934433794038,13.160024862468397,13.160647118748189,0.03154017044503977,6.0,11.0
163,31.0,113.12106322864092,113.12543782287337,453.5764584056113,453.57547353572124,150.75934433794038,150.77112820625297,13.160647118748189,13.161196463012574,0.032899129553277506,6.0,11.0
164,31.0,113.12543782287337,113.13088280673028,453.57547353572124,453.56732173674857,150.77112820625297,150.77507217065903,13.161196463012574,13.161671917062451,0.036274710144310315,6.0,11.0
165,31.0,113.13088280673028,113.1362812103453,453.56732173674857,453.5711808938211,150.77507217065903,150.7698531779077,13.161671917062451,13.162068835287219,0.04948337626753107,6.0,11.0
166,31.0,113.1362812103453,113.13348172248895,453.5711808938211,453.57613160036544,150.7698531779077,150.7709851195154,13.162068835287219,13.162364520237615,0.020089537942583214,6.0,11.0
167,31.0,113.13348172248895,113.12985547621106,453.57613160036544,453.5771093497425,150.7709851195154,150.76795897240456,13.162364520237615,13.162621366303595,0.02537746856456148,6.0,11.0
168,31.0,113.12985547621106,113.12886969115075,453.5771093497425,453.57433733816424,150.76795897240456,150.76574563599016,13.162621366303595,13.16283122996308,0.019967096166242863,6.0,11.0
169,31.0,113.12886969115075,113.12978152437896,453.57433733816424,453.5732868755542,150.76574563599016,150.76324726202822,13.16283122996308,13.163005755345564,0.012050445414270762,6.0,11.0
170,31.0,113.12978152437896,113.13111521717967,453.5732868755542,453.5733285854259,150.76324726202822,150.76523624114077,13.163005755345564,13.163159464961534,0.024828824655339567,6.0,11.0
171,31.0,113.13111521717967,113.12977585299356,453.5733285854259,453.5740102856216,150.76523624114077,150.76512697712056,13.163159464961534,13.163270323904651,0.015521305212085824,6.0,11.0
172,31.0,113.12977585299356,113.12980430645425,453.5740102856216,453.5748622894572,150.76512697712056,150.7646191799094,13.163270323904651,13.163352879534662,0.015605313373653288,6.0,11.0
173,31.0,113.12980430645425,113.13002726836541,453.5748622894572,453.575065630804,150.7646191799094,150.76420711028385,13.163352879534662,13.163403847759975,0.01651349799440137,6.0,11.0
174,31.0,113.13002726836541,113.12999854806488,453.575065630804,453.5751048094265,150.76420711028385,150.7640789353403,13.163403847759975,13.163423335837455,0.014672492587172261,6.0,11.0
175,31.0,112.2237172759279,112.22208873947784,449.83356380483303,449.82928460488984,150.38188350800007,150.38579742343464,13.294099302525177,13.29436265076329,0.010936436825633377,7.0,11.0
176,31.0,112.22208873947784,112.21611212996545,449.82928460488984,449.82099033792775,150.38579742343464,150.3914461394541,13.29436265076329,13.294878563184044,0.03427668371675012,7.0,11.0
177,31.0,112.21611212996545,112.21609019890653,449.82099033792775,449.81667739769716,150.3914461394541,150.4000275474547,13.294878563184044,13.295318680523986,0.0331592192137545,7.0,11.0
178,31.0,112.21609019890653,112.21619210472355,449.81667739769716,449.8116638028837,150.4000275474547,150.40589243530013,13.295318680523986,13.295688258069843,0.030465587008951262,7.0,11.0
179,31.0,112.21619210472355,112.21542244680302,449.8116638028837,449.80562150713075,150.40589243530013,150.40625567103285,13.295688258069843,13.295995810037665,0.018248390607751946,7.0,11.0
180,31.0,112.21542244680302,112.21396930510552,449.80562150713075,449.8047172312971,150.40625567103285,150.41116249217646,13.295995810037665,13.296267646462749,0.022751746466823358,7.0,11.0
181,31.0,112.21396930510552,112.21512858473754,449.8047172312971,449.8014286433434,150.41116249217646,150.4133937245022,13.296267646462749,13.296496602165247,0.025536384696487495,7.0,11.0
182,31.0,112.21512858473754,112.21433921234161,449.8014286433434,449.79871303151566,150.4133937245022,150.4145489508123,13.296496602165247,13.296679673375857,0.016525625273616472,7.0,11.0
183,31.0,112.21433921234161,112.21573479314921,449.79871303151566,449.79707581725125,150.4145489508123,150.41563744165927,13.296679673375857,13.296834109546658,0.012950509009101266,7.0,11.0
184,31.0,112.21573479314921,112.21749081820626,449.79707581725125,449.79687763336767,150.41563744165927,150.41484752326258,13.296834109546658,13.296966296968298,0.0160047550449371,7.0,11.0
185,31.0,112.21749081820626,112.21863277290939,449.79687763336767,449.79760469152177,150.41484752326258,150.41457219182513,13.296966296968298,13.297070597298656,0.015660736074966274,7.0,11.0
186,31.0,112.21863277290939,112.21944581051125,449.79760469152177,449.7975604824763,150.41457219182513,150.41487512426642,13.297070597298656,13.297145658719012,0.01172655056280863,7.0,11.0
187,31.0,112.21944581051125,112.21970280668545,449.7975604824763,449.79779845980073,150.41487512426642,150.4152482063749,13.297145658719012,13.297196699306687,0.01628931512711091,7.0,11.0
188,31.0,112.21970280668545,112.21960724828554,449.79779845980073,449.7979020602785,150.4152482063749,150.4152381307743,13.297196699306687,13.297216620933286,0.014931633034431138,7.0,11.0
189,31.0,111.98088999040279,111.96808142200307,449.0635876077507,449.04433322335296,150.34046865724824,150.3511820541139,13.324414121504619,13.325338802186572,0.03230949887556598,8.0,11.0
190,31.0,111.96808142200307,111.94158242347241,449.04433322335296,449.0079694821358,150.3511820541139,150.36975831907702,13.325338802186572,13.327113318146102,0.10112100660042685,8.0,11.0
191,31.0,111.94158242347241,111.92656749240166,449.0079694821358,448.99250242626533,150.36975831907702,150.33582519400417,13.327113318146102,13.328605282006238,0.08207015892244017,8.0,11.0
192,31.0,111.92656749240166,111.89407071464309,448.99250242626533,448.99978719517674,150.33582519400417,150.33159125197906,13.328605282006238,13.329875168471979,0.07796002470358716,8.0,11.0
193,31.0,111.89407071464309,111.88036893054107,448.99978719517674,449.00606819812145,150.33159125197906,150.35466709922434,13.329875168471979,13.330942629477859,0.05957416635886012,8.0,11.0
194,31.0,111.88036893054107,111.87393242881699,449.00606819812145,449.0269335249818,150.35466709922434,150.36218443046636,13.330942629477859,13.331857940948845,0.1911239241568425,8.0,11.0
195,31.0,111.87393242881699,111.87069758826412,449.0269335249818,449.0354853785992,150.36218443046636,150.36665886810553,13.331857940948845,13.332319216761052,0.028603256676599954,8.0,11.0
196,31.0,111.87069758826412,111.87078422905788,449.0354853785992,449.0393032245494,150.36665886810553,150.37426630776594,13.332319216761052,13.332718747394233,0.03790779723572278,8.0,11.0
197,31.0,111.87078422905788,111.87715223006066,449.0393032245494,449.0394951486918,150.37426630776594,150.37324699900302,13.332718747394233,13.333039909086452,0.018501468091381493,8.0,11.0
198,31.0,111.87715223006066,111.87994825001496,449.0394951486918,449.04423484505287,150.37324699900302,150.37363002226135,13.333039909086452,13.33332444440575,0.015740038858573023,8.0,11.0
199,31.0,111.87994825001496,111.88321835043266,449.04423484505287,449.04746389190404,150.37363002226135,150.3748703915908,13.33332444440575,13.333578743207783,0.029773676664610917,8.0,11.0
200,31.0,111.88321835043266,111.88615179718042,449.04746389190404,449.04710078106825,150.3748703915908,150.37662685128848,13.333578743207783,13.333778307123078,0.016987682637921525,8.0,11.0
201,31.0,111.88615179718042,111.88842138681325,449.04710078106825,449.04775186813384,150.37662685128848,150.37803883494786,13.333778307123078,13.333948042410801,0.018181028106082603,8.0,11.0
202,31.0,111.88842138681325,111.8886213989852,449.04775186813384,449.0495265637131,150.37803883494786,150.37907851435855,13.333948042410801,13.33408647207896,0.019164804978721858,8.0,11.0
203,31.0,111.8886213989852,111.88990777850024,449.0495265637131,449.0492057575417,150.37907851435855,150.37952053574293,13.33408647207896,13.334191621900258,0.00769839905650534,8.0,11.0
204,31.0,111.88990777850024,111.88955608869708,449.0492057575417,449.04829591367434,150.37952053574293,150.3789270080178,13.334191621900258,13.334282825464767,0.010853138307394731,8.0,11.0
205,31.0,111.88955608869708,111.88983570496455,449.04829591367434,449.04828621433353,150.3789270080178,150.37818586901972,13.334282825464767,13.334353052055864,0.018806265715252537,8.0,11.0
206,31.0,111.88983570496455,111.88983852102118,449.04828621433353,449.0482850161983,150.37818586901972,150.37845752828196,13.334353052055864,13.334385110233292,0.013513572306491433,8.0,11.0
207,31.0,111.88983852102118,111.88979642134045,449.0482850161983,449.04828709313097,150.37845752828196,150.37842960126306,13.334385110233292,13.334394629907035,0.008213797780780659,8.0,11.0
208,31.0,111.30651634382775,111.29460330703077,446.3997092185629,446.39312552844456,150.25393349670904,150.25267835049243,13.428121298859102,13.428643730356637,0.028527755509008854,9.0,11.0
209,31.0,111.29460330703077,111.26858672472517,446.39312552844456,446.3864739109264,150.25267835049243,150.26229913374095,13.428643730356637,13.429743778872217,0.06704418473124078,9.0,11.0
210,31.0,111.26858672472517,111.24794409551973,446.3864739109264,446.37905016133146,150.26229913374095,150.2706407825788,13.429743778872217,13.430671955713159,0.046261923213726304,9.0,11.0
211,31.0,111.24794409551973,111.26068755507522,446.37905016133146,446.37794955411,150.2706407825788,150.28615419008648,13.430671955713159,13.43148461108674,0.08899496919821856,9.0,11.0
212,31.0,111.26068755507522,111.26042504493606,446.37794955411,446.3715920786649,150.28615419008648,150.29862774453647,13.43148461108674,13.432083748757362,0.06111619306857331,9.0,11.0
213,31.0,111.26042504493606,111.26220331928842,446.3715920786649,446.3683413393349,150.29862774453647,150.308099101191,13.432083748757362,13.43254469502713,0.05941198994407954,9.0,11.0
214,31.0,111.26220331928842,111.26769474234175,446.3683413393349,446.36844815217535,150.308099101191,150.31213477421144,13.43254469502713,13.432879900279282,0.02439915041375226,9.0,11.0
215,31.0,111.26769474234175,111.27245762402353,446.36844815217535,446.37090748709477,150.31213477421144,150.31364153791,13.432879900279282,13.43316648581015,0.020377260766634556,9.0,11.0
216,31.0,111.27245762402353,111.27100139358853,446.37090748709477,446.37104843212603,150.31364153791,150.31799556478498,13.43316648581015,13.433414020515949,0.021215745729858355,9.0,11.0
217,31.0,111.27100139358853,111.26911764571226,446.37104843212603,446.3716695765908,150.31799556478498,150.3210581120579,13.433414020515949,13.43362249854554,0.024149246863437373,9.0,11.0
218,31.0,111.26911764571226,111.26974776900754,446.3716695765908,446.37199924324995,150.3210581120579,150.3236275376414,13.43362249854554,13.433788446454699,0.014793285889557167,9.0,11.0
219,31.0,111.26974776900754,111.27037066515945,446.37199924324995,446.37215100839455,150.3236275376414,150.32563784201483,13.433788446454699,13.433928932091144,0.013356647932601377,9.0,11.0
220,31.0,111.27037066515945,111.27165883210174,446.37215100839455,446.3728537653002,150.32563784201483,150.3263622974493,13.433928932091144,13.434046402876312,0.009162662336641073,9.0,11.0
221,31.0,111.27165883210174,111.27208408291304,446.3728537653002,446.373943951315,150.3263622974493,150.32698422466018,13.434046402876312,13.434147698295757,0.010936013947490452,9.0,11.0
222,31.0,111.27208408291304,111.2721792593974,446.373943951315,446.37422355769985,150.32698422466018,150.32790446392636,13.434147698295757,13.434228718138899,0.012172133523650666,9.0,11.0
223,31.0,111.2721792593974,111.27202189853615,446.37422355769985,446.37459351990447,150.32790446392636,150.32747704041813,13.434228718138899,13.43428515088709,0.016435513700489193,9.0,11.0
224,31.0,111.27202189853615,111.27186219992132,446.37459351990447,446.374561314631,150.32747704041813,150.32739112105054,13.43428515088709,13.434309299918723,0.017385079832422975,9.0,11.0
225,31.0,110.28959295539649,110.2830902425189,442.1188319862525,442.1175514475127,150.3679997837657,150.36796415913008,13.594988009084801,13.595273202244531,0.021388610978329167,10.0,11.0
226,31.0,110.2830902425189,110.2710668345724,442.1175514475127,442.119202232918,150.36796415913008,150.36897580932697,13.595273202244531,13.595807093246385,0.03418575939650726,10.0,11.0
227,31.0,110.2710668345724,110.26463407961167,442.119202232918,442.11434451218577,150.36897580932697,150.3629216930193,13.595807093246385,13.596264766578054,0.053682521941180734,10.0,11.0
228,31.0,110.26463407961167,110.2644622820525,442.11434451218577,442.11273570407894,150.3629216930193,150.36977392767625,13.596264766578054,13.596608607387987,0.03315093313930915,10.0,11.0
229,31.0,110.2644622820525,110.26325548217844,442.11273570407894,442.1096655961486,150.36977392767625,150.37398157255393,13.596608607387987,13.596886413156367,0.031630550943658374,10.0,11.0
230,31.0,110.26325548217844,110.2631758272153,442.1096655961486,442.1064138506076,150.37398157255393,150.3718587366614,13.596886413156367,13.597104761435329,0.029478824712171715,10.0,11.0
231,31.0,110.2631758272153,110.26161731360176,442.1064138506076,442.1043440842379,150.3718587366614,150.37121139166135,13.597104761435329,13.597270912388012,0.09435885440168008,10.0,11.0
232,31.0,110.23177585701303,110.2334998212385,441.91731428047115,441.9025660254091,150.37812543340672,150.3854350408644,13.603042233927113,13.603668187468923,0.03308872678376981,11.0,11.0
233,31.0,110.2334998212385,110.2370888762193,441.9025660254091,441.87657220264447,150.3854350408644,150.40196524654547,13.603668187468923,13.604851999673656,0.06025837407345962,11.0,11.0
234,31.0,110.2370888762193,110.2131260187736,441.87657220264447,441.8804854443018,150.40196524654547,150.391516215178,13.604851999673656,13.605881154736377,0.06314935126214943,11.0,11.0
235,31.0,110.2131260187736,110.20374909026172,441.8804854443018,441.9000875864114,150.391516215178,150.3907012360039,13.605881154736377,13.606750229796654,0.06693991164197591,11.0,11.0
236,31.0,110.20374909026172,110.20388522032636,441.9000875864114,441.9165934338216,150.3907012360039,150.39479787288136,13.606750229796654,13.607455225162557,0.056512327014097134,11.0,11.0
237,31.0,110.20388522032636,110.20792769853203,441.9165934338216,441.91132617296154,150.39479787288136,150.38334100312264,13.607455225162557,13.608027253986426,0.0344685655355027,11.0,11.0
238,31.0,110.20792769853203,110.20282927891924,441.91132617296154,441.9111063647546,150.38334100312264,150.3735128458106,13.608027253986426,13.608521198413321,0.038771540829433127,11.0,11.0
239,31.0,110.20282927891924,110.19941056905077,441.9111063647546,441.9111827497638,150.3735128458106,150.36543227637358,13.608521198413321,13.608930524727619,0.03469950414627155,11.0,11.0
240,31.0,110.19941056905077,110.20127107900464,441.9111827497638,441.91173142576673,150.36543227637358,150.35885082699482,13.608930524727619,13.60926748491652,0.0237872063025806,11.0,11.0
241,31.0,110.20127107900464,110.20603916498062,441.91173142576673,441.9089268442237,150.35885082699482,150.3599561730518,13.60926748491652,13.609556953777847,0.023389308507034506,11.0,11.0
242,31.0,110.20603916498062,110.20858197761743,441.9089268442237,441.91024780586696,150.3599561730518,150.36345488121083,13.609556953777847,13.609801603743199,0.023860439475345156,11.0,11.0
243,31.0,110.20858197761743,110.20952383478428,441.91024780586696,441.90745970792466,150.36345488121083,150.36529626444332,13.609801603743199,13.610002578516875,0.01575050997850131,11.0,11.0
244,31.0,110.20952383478428,110.20975092824904,441.90745970792466,441.90664952773807,150.36529626444332,150.36799890736424,13.610002578516875,13.61017582952332,0.018515680890845466,11.0,11.0
245,31.0,110.20975092824904,110.21097236368696,441.90664952773807,441.90782015538736,150.36799890736424,150.36928986437627,13.61017582952332,13.61031716428127,0.016186568309925705,11.0,11.0
246,31.0,110.21097236368696,110.2123573407102,441.90782015538736,441.9073903253501,150.36928986437627,150.36985438123742,13.61031716428127,13.61043055722203,0.014939456096078147,11.0,11.0
247,31.0,110.2123573407102,110.2122689279262,441.9073903253501,441.9063368551462,150.36985438123742,150.36989424507425,13.61043055722203,13.610516962016236,0.013699424869154209,11.0,11.0
248,31.0,110.2122689279262,110.21183037279681,441.9063368551462,441.9066354902978,150.36989424507425,150.37022517999475,13.610516962016236,13.610576083948724,0.014856302237713682,11.0,11.0
249,31.0,110.21183037279681,110.2118591828028,441.9066354902978,441.906780008998,150.37022517999475,150.3700351144491,13.610576083948724,13.610605412097078,0.020260980142807833,11.0,11.0
250,31.0,110.09944690024767,110.0978749690574,441.4632625455125,441.45899766530863,150.39736746105953,150.4067789047728,13.62123274436319,13.621650768477814,0.02064172716128956,12.0,11.0
251,31.0,110.0978749690574,110.09664642714066,441.45899766530863,441.44923452313526,150.4067789047728,150.4243572860026,13.621650768477814,13.622464757638898,0.04879633128577804,12.0,11.0
252,31.0,110.09664642714066,110.10723466292657,441.44923452313526,441.43634284772054,150.4243572860026,150.423102131087,13.622464757638898,13.62316004404985,0.05258334911886548,12.0,11.0
253,31.0,110.10723466292657,110.11679898790267,441.43634284772054,441.4303003918987,150.423102131087,150.4162351329137,13.62316004404985,13.623731799957493,0.034377057478132016,12.0,11.0
254,31.0,110.11679898790267,110.11716621306542,441.4303003918987,441.4200765208132,150.4162351329137,150.41200008162986,13.623731799957493,13.624225683942464,0.026321405543031574,12.0,11.0
255,31.0,110.11716621306542,110.1159519364611,441.4200765208132,441.41232621381675,150.41200008162986,150.4066530437646,13.624225683942464,13.624661720453789,0.0266477008895213,12.0,11.0
256,31.0,110.1159519364611,110.12138350552334,441.41232621381675,441.4141951552812,150.4066530437646,150.401124770119,13.624661720453789,13.62504096630551,0.03591580767110144,12.0,11.0
257,31.0,110.12138350552334,110.12344537464575,441.4141951552812,441.41913509520526,150.401124770119,150.39828372266487,13.62504096630551,13.625346887796738,0.017135651032137347,12.0,11.0
258,31.0,110.12344537464575,110.12798833850339,441.41913509520526,441.42090261648974,150.39828372266487,150.40012498763562,13.625346887796738,13.625619286661301,0.018123120778234796,12.0,11.0
259,31.0,110.12798833850339,110.13148946227493,441.42090261648974,441.4232715485522,150.40012498763562,150.40119790265777,13.625619286661301,13.625857356396695,0.02393896555806946,12.0,11.0
260,31.0,110.13148946227493,110.13221800763037,441.4232715485522,441.4245905367376,150.40119790265777,150.39823819665222,13.625857356396695,13.626051918703164,0.013830668950287232,12.0,11.0
261,31.0,110.13221800763037,110.1316902967186,441.4245905367376,441.4242483784968,150.39823819665222,150.39554607228143,13.626051918703164,13.62622225240933,0.020876978606231084,12.0,11.0
262,31.0,110.1316902967186,110.13109800357691,441.4242483784968,441.42330935434086,150.39554607228143,150.3939045198258,13.62622225240933,13.62635664873709,0.015018390233831579,12.0,11.0
263,31.0,110.13109800357691,110.12976039156483,441.42330935434086,441.4229149352917,150.3939045198258,150.39433060819957,13.62635664873709,13.626464983458042,0.016580723811395363,12.0,11.0
264,31.0,110.12976039156483,110.12929074432793,441.4229149352917,441.42369608214256,150.39433060819957,150.3942978059419,13.626464983458042,13.626542712247193,0.0443003851904491,12.0,11.0
265,31.0,109.50204805273412,109.48840329932985,439.5765804942007,439.54562648285173,150.4769505382544,150.46563218318175,13.6975154394083,13.698776514393407,0.04321090424681025,13.0,11.0
266,31.0,109.48840329932985,109.44039518728118,439.54562648285173,439.5016680452083,150.46563218318175,150.44240430118384,13.698776514393407,13.701228715543854,0.17866794167023844,13.0,11.0
267,31.0,109.44039518728118,109.41259345519424,439.5016680452083,439.46872174357316,150.44240430118384,150.41105577218656,13.701228715543854,13.703156883938094,0.09978262817647855,13.0,11.0
268,31.0,109.41259345519424,109.41047853033417,439.46872174357316,439.4239859461525,150.41105577218656,150.41065543839494,13.703156883938094,13.704801871550586,0.10478345363969266,13.0,11.0
269,31.0,109.41047853033417,109.40914193030895,439.4239859461525,439.39170338870747,150.41065543839494,150.42689404407432,13.704801871550586,13.706158661412482,0.07567258071890151,13.0,11.0
270,31.0,109.40914193030895,109.38481794994595,439.39170338870747,439.3752096136951,150.42689404407432,150.4200139221371,13.706158661412482,13.707314503030537,0.11257383484924623,13.0,11.0
271,31.0,109.38481794994595,109.37567943537881,439.3752096136951,439.37378777741094,150.4200139221371,150.40032170681434,13.707314503030537,13.708183959075981,0.05315230674747747,13.0,11.0
272,31.0,109.37567943537881,109.36395872255927,439.37378777741094,439.3838238207999,150.40032170681434,150.3911091876302,13.708183959075981,13.708922590059656,0.08162029041122788,13.0,11.0
273,31.0,109.36395872255927,109.36439060537518,439.3838238207999,439.39012993134827,150.3911091876302,150.38029285737287,13.708922590059656,13.709469049467902,0.031800704036201284,13.0,11.0
274,31.0,109.36439060537518,109.367474608971,439.39012993134827,439.39727861546055,150.38029285737287,150.37316359593228,13.709469049467902,13.709944134424525,0.028652909829434758,13.0,11.0
275,31.0,109.367474608971,109.37256406373255,439.39727861546055,439.4045342420785,150.37316359593228,150.37344451249032,13.709944134424525,13.710356918390964,0.02990889816633471,13.0,11.0
276,31.0,109.37256406373255,109.37854311671666,439.4045342420785,439.40262891369696,150.37344451249032,150.37698125749213,13.710356918390964,13.710706981571434,0.01972714683534055,13.0,11.0
277,31.0,109.37854311671666,109.38390578971783,439.40262891369696,439.4038035106814,150.37698125749213,150.37979391640755,13.710706981571434,13.71101712535128,0.025830165076077553,13.0,11.0
278,31.0,109.38390578971783,109.38475244076241,439.4038035106814,439.40744217299937,150.37979391640755,150.37662813131251,13.71101712535128,13.711276938957539,0.01716600681574002,13.0,11.0
279,31.0,109.38475244076241,109.3842159591442,439.40744217299937,439.4072893939912,150.37662813131251,150.37255738700378,13.711276938957539,13.711504617005787,0.020047514565001416,13.0,11.0
280,31.0,109.3842159591442,109.38519334348996,439.4072893939912,439.4068522927185,150.37255738700378,150.36948870675246,13.711504617005787,13.711696128225634,0.016975627466143624,13.0,11.0
281,31.0,109.38519334348996,109.38313491897449,439.4068522927185,439.4053102525634,150.36948870675246,150.369341163677,13.711696128225634,13.711858050147256,0.013655016163328771,13.0,11.0
282,31.0,109.38313491897449,109.38145472326225,439.4053102525634,439.4042470818902,150.369341163677,150.36990477069395,13.711858050147256,13.711996486226498,0.04161752743187907,13.0,11.0
283,31.0,109.38145472326225,109.380875433705,439.4042470818902,439.4045221660902,150.36990477069395,150.36970644530737,13.711996486226498,13.712058749047394,0.01724189085116833,13.0,11.0
284,31.0,109.380875433705,109.38104530634749,439.4045221660902,439.4046488452342,150.36970644530737,150.36963743258485,13.712058749047394,13.712086492939772,0.019394296231950107,13.0,11.0
285,31.0,107.93362742213074,107.9368031494103,434.842955725899,434.83601736430546,150.7241524786961,150.72964663676734,13.89219867400601,13.892582560250368,0.013821812094506294,14.0,11.0
286,31.0,107.9368031494103,107.9425395429179,434.83601736430546,434.8228872266304,150.72964663676734,150.7402327898034,13.892582560250368,13.893315747003896,0.05086494597010154,14.0,11.0
287,31.0,107.9425395429179,107.95495040142603,434.8228872266304,434.8279233964473,150.7402327898034,150.7454416719711,13.893315747003896,13.893927956449316,0.03687401095148423,14.0,11.0
288,31.0,107.95495040142603,107.95904653842031,434.8279233964473,434.81858944494104,150.7454416719711,150.75177422007113,13.893927956449316,13.894455426129245,0.0293314444329393,14.0,11.0
289,31.0,107.95904653842031,107.96068282580752,434.81858944494104,434.80932656637907,150.75177422007113,150.75572361225008,13.894455426129245,13.89491752440978,0.04358516385143676,14.0,11.0
290,31.0,107.96068282580752,107.96662344215731,434.80932656637907,434.8055985765733,150.75572361225008,150.75255304870367,13.89491752440978,13.895286359506612,0.029078898438030604,14.0,11.0
291,31.0,107.96662344215731,107.97276835947464,434.8055985765733,434.80564740176516,150.75255304870367,150.75289227360867,13.895286359506612,13.895595960680426,0.05317910881331923,14.0,11.0
292,31.0,107.97276835947464,107.97012186452896,434.80564740176516,434.80313903789994,150.75289227360867,150.75310327020875,13.895595960680426,13.895804593542998,0.017407040765427494,14.0,11.0
293,31.0,107.97012186452896,107.97256844974456,434.80313903789994,434.80450734380355,150.75310327020875,150.75223729093318,13.895804593542998,13.895982387295918,0.018301105304857946,14.0,11.0
294,31.0,107.97256844974456,107.97443531527725,434.80450734380355,434.8037785781663,150.75223729093318,150.7512547964368,13.895982387295918,13.8961285753291,0.06612195846423415,14.0,11.0
295,31.0,107.97443531527725,107.97457266424048,434.8037785781663,434.80387651585824,150.7512547964368,150.7512284052657,13.8961285753291,13.896151429717799,0.016646400077114723,14.0,11.0
296,31.0,107.50710110653492,107.50440681694242,433.4983571179935,433.47239691672866,150.73919130152498,150.75862380950224,13.948134343118591,13.949287538673973,0.05767155068636055,15.0,11.0
297,31.0,107.50440681694242,107.50507940480986,433.47239691672866,433.4629655986675,150.75862380950224,150.78576062028205,13.949287538673973,13.950394759800698,0.08637034288784962,15.0,11.0
298,31.0,107.50507940480986,107.52143618797103,433.4629655986675,433.4484443468409,150.78576062028205,150.78166857792016,13.950394759800698,13.951281249862483,0.07365291839552125,15.0,11.0
299,31.0,107.52143618797103,107.52641905990579,433.4484443468409,433.4386575478279,150.78166857792016,150.79467688172684,13.951281249862483,13.951986843590984,0.05425895392888623,15.0,11.0
300,31.0,107.52641905990579,107.52565059934504,433.4386575478279,433.4279381869518,150.79467688172684,150.80268637168757,13.951986843590984,13.952564635841325,0.0661539289184914,15.0,11.0
301,31.0,107.52565059934504,107.52714783609846,433.4279381869518,433.42033120246725,150.80268637168757,150.80787353174225,13.952564635841325,13.952994543468522,0.03361865530951773,15.0,11.0
302,31.0,107.52714783609846,107.52614436401609,433.42033120246725,433.4138036491008,150.80787353174225,150.81128561847908,13.952994543468522,13.953353384562984,0.02216674339068989,15.0,11.0
303,31.0,107.52614436401609,107.53172685728093,433.4138036491008,433.4142823104427,150.81128561847908,150.81408118728342,13.953353384562984,13.953667160719686,0.025457000470394203,15.0,11.0
304,31.0,107.53172685728093,107.53545914107879,433.4142823104427,433.41105470471587,150.81408118728342,150.81489466634517,13.953667160719686,13.953931158614305,0.025419390806038368,15.0,11.0
305,31.0,107.53545914107879,107.53873326478747,433.41105470471587,433.4090909222576,150.81489466634517,150.81446440309367,13.953931158614305,13.954147749345744,0.0233569582040346,15.0,11.0
306,31.0,107.53873326478747,107.53990961791604,433.4090909222576,433.40763430633604,150.81446440309367,150.8166425885282,13.954147749345744,13.954322837079577,0.015925562542131795,15.0,11.0
307,31.0,107.53990961791604,107.54164666396882,433.40763430633604,433.40698449112386,150.8166425885282,150.81793823949877,13.954322837079577,13.95447043688273,0.01699716011559556,15.0,11.0
308,31.0,107.54164666396882,107.54240652421541,433.40698449112386,433.40773476950824,150.81793823949877,150.81667538614425,13.95447043688273,13.954588779694452,0.014052185642080625,15.0,11.0
309,31.0,107.54240652421541,107.54288902442502,433.40773476950824,433.406667693719,150.81667538614425,150.8168177224314,13.954588779694452,13.954682109729559,0.020173849195718883,15.0,11.0
310,31.0,107.54288902442502,107.5427969877001,433.406667693719,433.40670757270425,150.8168177224314,150.8162826213526,13.954682109729559,13.954735524678753,0.02789920475449011,15.0,11.0
311,31.0,107.5427969877001,107.54278188397734,433.40670757270425,433.40670500308823,150.8162826213526,150.81627268545262,13.954735524678753,13.95474016125819,0.004467317791322752,15.0,11.0
312,31.0,107.05012298934673,107.04558679265531,432.0733114958499,432.0730376331295,150.678210092046,150.68927663830527,14.00808507190062,14.00855607844418,0.022957176031434413,16.0,11.0
313,31.0,107.04558679265531,107.03970945437716,432.0730376331295,432.0761483207892,150.68927663830527,150.71084737317383,14.00855607844418,14.009453552634287,0.05421451593140797,16.0,11.0
314,31.0,107.03970945437716,107.02491438363293,432.0761483207892,432.06651166648555,150.71084737317383,150.71694358262476,14.009453552634287,14.01021680230036,0.037211636102713906,16.0,11.0
315,31.0,107.02491438363293,107.0100241475985,432.06651166648555,432.0686325455973,150.71694358262476,150.7111716684753,14.01021680230036,14.010890363086755,0.05045453408951809,16.0,11.0
316,31.0,107.0100241475985,107.01286535132552,432.0686325455973,432.08110033204247,150.7111716684753,150.7111897626266,14.010890363086755,14.01144613515907,0.03524388990899755,16.0,11.0
317,31.0,107.01286535132552,107.02174878729579,432.08110033204247,432.08628679069017,150.7111897626266,150.70865179964215,14.01144613515907,14.011922627484065,0.025793962988772325,16.0,11.0
318,31.0,107.02174878729579,107.02476899739925,432.08628679069017,432.09481434398106,150.70865179964215,150.70928125397464,14.011922627484065,14.012342902154357,0.03811484273705258,16.0,11.0
319,31.0,107.02476899739925,107.02855023434392,432.09481434398106,432.09920681886524,150.70928125397464,150.71311941753362,14.012342902154357,14.012683323900934,0.02408415681042603,16.0,11.0
320,31.0,107.02855023434392,107.02984550129479,432.09920681886524,432.1033546560705,150.71311941753362,150.70941386658276,14.012683323900934,14.012975540596285,0.026260441871245405,16.0,11.0
321,31.0,107.02984550129479,107.0334860578132,432.1033546560705,432.1058326934784,150.70941386658276,150.7087412432746,14.012975540596285,14.013217441671651,0.01693004779963242,16.0,11.0
322,31.0,107.0334860578132,107.0354301500231,432.1058326934784,432.10642210986225,150.7087412432746,150.7118379996819,14.013217441671651,14.013428228821446,0.02144570647045276,16.0,11.0
323,31.0,107.0354301500231,107.03635678547762,432.10642210986225,432.106362514823,150.7118379996819,150.7145022199734,14.013428228821446,14.013601074091952,0.017393475745217515,16.0,11.0
324,31.0,107.03635678547762,107.03432818434058,432.106362514823,432.10614467761417,150.7145022199734,150.71379115448403,14.013601074091952,14.013743934387593,0.012569430837191739,16.0,11.0
325,31.0,107.03432818434058,107.03386337515337,432.10614467761417,432.1054490652703,150.71379115448403,150.71229774813176,14.013743934387593,14.013865174723898,0.009676783527480635,16.0,11.0
326,31.0,107.03386337515337,107.03263441429564,432.1054490652703,432.10484645793787,150.71229774813176,150.7121165103451,14.013865174723898,14.013969433689901,0.023330906794009836,16.0,11.0
327,31.0,107.03263441429564,107.03207257135568,432.10484645793787,432.1049759411192,150.7121165103451,150.71236899422732,14.013969433689901,14.01402883910308,0.023567196915231733,16.0,11.0
328,31.0,107.03207257135568,107.03214025270378,432.1049759411192,432.1049832410491,150.71236899422732,150.71243162234197,14.01402883910308,14.014043512126815,0.011686930877437617,16.0,11.0
329,31.0,105.96340147882157,105.95339189637116,427.4917952953912,427.4788198389432,150.34274525927162,150.3276301026736,14.200230729944442,14.201043935814047,0.04182255713933455,17.0,11.0
330,31.0,105.95339189637116,105.92189920385783,427.4788198389432,427.469301816575,150.3276301026736,150.29722511102597,14.201043935814047,14.202689266068266,0.15990971281766406,17.0,11.0
331,31.0,105.92189920385783,105.90881830682547,427.469301816575,427.4533911101638,150.29722511102597,150.27300645389136,14.202689266068266,14.203899352218095,0.07919200292592157,17.0,11.0
332,31.0,105.90881830682547,105.88724832431895,427.4533911101638,427.44559292398264,150.27300645389136,150.26128521004952,14.203899352218095,14.204905553560424,0.1107141388169227,17.0,11.0
333,31.0,105.88724832431895,105.88243254676233,427.44559292398264,427.4615156317808,150.26128521004952,150.26741150023855,14.204905553560424,14.205635683999693,0.0694905501433261,17.0,11.0
334,31.0,105.88243254676233,105.87690432401322,427.4615156317808,427.4632714614604,150.26741150023855,150.27913271844508,14.205635683999693,14.206201854127482,0.1208270027640889,17.0,11.0
335,31.0,105.87690432401322,105.8773975501239,427.4632714614604,427.46120914194245,150.27913271844508,150.28481004781935,14.206201854127482,14.206507784132548,0.02715763456255322,17.0,11.0
336,31.0,105.8773975501239,105.87674478801019,427.46120914194245,427.4599064753743,150.28481004781935,150.28931510986857,14.206507784132548,14.206761059817369,0.03562418043872865,17.0,11.0
337,31.0,105.87674478801019,105.87872198779716,427.4599064753743,427.45934208385313,150.28931510986857,150.2917330812936,14.206761059817369,14.206949293582403,0.011438400478752426,17.0,11.0
338,31.0,105.87872198779716,105.88048140982237,427.45934208385313,427.4585836687521,150.2917330812936,150.293661402405,14.206949293582403,14.207117571333006,0.01730424574097817,17.0,11.0
339,31.0,105.88048140982237,105.88177444901768,427.4585836687521,427.4580106640662,150.293661402405,150.29516984658568,14.207117571333006,14.20725606059898,0.03522664632348777,17.0,11.0
340,31.0,105.88177444901768,105.88207763817067,427.4580106640662,427.45719301329154,150.29516984658568,150.29514934879916,14.20725606059898,14.207331341202918,0.01518301974252267,17.0,11.0
341,31.0,105.88207763817067,105.88196348519173,427.45719301329154,427.4571818522183,150.29514934879916,150.29474495870747,14.207331341202918,14.207375507645285,0.015809393684273112,17.0,11.0
342,31.0,105.88196348519173,105.88200537737592,427.4571818522183,427.4572398284972,150.29474495870747,150.29481155593322,14.207375507645285,14.207390773425029,0.012065651855686699,17.0,11.0
343,31.0,105.91972349316332,105.8969503368082,427.2380530791127,427.2222376702017,150.325939762016,150.32708630939536,14.210975074719327,14.211975436385181,0.04769695485422803,18.0,11.0
344,31.0,105.8969503368082,105.84596009357907,427.2222376702017,427.21501153183124,150.32708630939536,150.3277496829705,14.211975436385181,14.213843877852083,0.1683058772150563,18.0,11.0
345,31.0,105.84596009357907,105.80912439489661,427.21501153183124,427.21244150528054,150.3277496829705,150.33373835166816,14.213843877852083,14.2152424163839,0.09266943949990485,18.0,11.0
346,31.0,105.80912439489661,105.81186499266303,427.21244150528054,427.18374872109564,150.33373835166816,150.32519704833237,14.2152424163839,14.216394172301241,0.09116960846895464,18.0,11.0
347,31.0,105.81186499266303,105.8274804453514,427.18374872109564,427.1673495446923,150.32519704833237,150.33028157654206,14.216394172301241,14.217313420630786,0.04666790216597891,18.0,11.0
348,31.0,105.8274804453514,105.82394087631562,427.1673495446923,427.15728344793297,150.33028157654206,150.31357265898916,14.217313420630786,14.218116359923211,0.04140961981140858,18.0,11.0
349,31.0,105.82394087631562,105.83416955884172,427.15728344793297,427.14990786686485,150.31357265898916,150.30227880175738,14.218116359923211,14.218818606466828,0.036437207981328004,18.0,11.0
350,31.0,105.83416955884172,105.83295206532026,427.14990786686485,427.1354906056129,150.30227880175738,150.3018228194216,14.218818606466828,14.219434529960559,0.04089032186527858,18.0,11.0
351,31.0,105.83295206532026,105.82165718051506,427.1354906056129,427.1371876890469,150.3018228194216,150.30497351201603,14.219434529960559,14.21995652144768,0.025835427902141602,18.0,11.0
352,31.0,105.82165718051506,105.81901597414685,427.1371876890469,427.14041499688284,150.30497351201603,150.3143541929299,14.21995652144768,14.22042097062649,0.06870804637164685,18.0,11.0
353,31.0,105.81901597414685,105.81871636018352,427.14041499688284,427.14680317927207,150.3143541929299,150.31483093419735,14.22042097062649,14.220740621865035,0.02500808361728783,18.0,11.0
354,31.0,105.81871636018352,105.82058637008117,427.14680317927207,427.145916216346,150.31483093419735,150.31956077722822,14.220740621865035,14.221011104585195,0.0277757143371116,18.0,11.0
355,31.0,105.82058637008117,105.82273775403664,427.145916216346,427.1435711985043,150.31956077722822,150.32179227711066,14.221011104585195,14.221229563070697,0.02123592417754848,18.0,11.0
356,31.0,105.82273775403664,105.82457791894247,427.1435711985043,427.14194013020335,150.32179227711066,150.3200780474786,14.221229563070697,14.22141013705518,0.01800126393343036,18.0,11.0
357,31.0,105.82457791894247,105.82657468725647,427.14194013020335,427.1408677595591,150.3200780474786,150.31967424413443,14.22141013705518,14.221559578824492,0.022737826971822674,18.0,11.0
358,31.0,105.82657468725647,105.82786061884319,427.1408677595591,427.1404091210373,150.31967424413443,150.31906860661684,14.221559578824492,14.221669752176883,0.012165698663387257,18.0,11.0
359,31.0,105.82786061884319,105.82838424187173,427.1404091210373,427.14136237606533,150.31906860661684,150.3190229136877,14.221669752176883,14.221757923885704,0.011222496807560755,18.0,11.0
360,31.0,105.82838424187173,105.8284777740478,427.14136237606533,427.14127683516233,150.3190229136877,150.31974150167147,14.221757923885704,14.221824087208844,0.033314797343397935,18.0,11.0
361,31.0,105.8284777740478,105.8284826610895,427.14127683516233,427.1412803849307,150.31974150167147,150.31976432379503,14.221824087208844,14.221829638553313,0.005220147023590117,18.0,11.0
362,31.0,105.5545410349145,105.53514210540686,425.0541462264017,425.0029252798781,150.16220906042255,150.17526041144757,14.304066545568974,14.30600655912442,0.07540337979973477,19.0,11.0
363,31.0,105.53514210540686,105.52477354534169,425.0029252798781,424.9137185763947,150.17526041144757,150.2430931762471,14.30600655912442,14.309894596202257,0.20989994123896785,19.0,11.0
364,31.0,105.52477354534169,105.4617963485947,424.9137185763947,424.8847481488421,150.2430931762471,150.3044880377463,14.309894596202257,14.313123438236424,0.18182991445528757,19.0,11.0
365,31.0,105.4617963485947,105.45393117553176,424.8847481488421,424.91034304848125,150.3044880377463,150.37534268905642,14.313123438236424,14.315795060961545,0.1400815269268453,19.0,11.0
366,31.0,105.45393117553176,105.46942414697887,424.91034304848125,424.9318418861943,150.37534268905642,150.40333374239245,14.315795060961545,14.317171372197686,0.06991015606005421,19.0,11.0
367,31.0,105.46942414697887,105.4558034175933,424.9318418861943,424.93454399838566,150.40333374239245,150.42740199236192,14.317171372197686,14.318246436916889,0.07901212197702065,19.0,11.0
368,31.0,105.4558034175933,105.43937793797252,424.93454399838566,424.9445732714369,150.42740199236192,150.43782225757857,14.318246436916889,14.319120337168297,0.05141672441201065,19.0,11.0
369,31.0,105.43937793797252,105.45463689990557,424.9445732714369,424.9346233991467,150.43782225757857,150.43781819858327,14.319120337168297,14.31986749528597,0.045611207546683415,19.0,11.0
370,31.0,105.45463689990557,105.46455160919565,424.9346233991467,424.94599443843555,150.43781819858327,150.43716323312478,14.31986749528597,14.320505520593944,0.039709140214080174,19.0,11.0
371,31.0,105.46455160919565,105.46595295867026,424.94599443843555,424.9499946087306,150.43716323312478,150.44893975952937,14.320505520593944,14.321051557242797,0.06712490362363403,19.0,11.0
372,31.0,105.46595295867026,105.46687944656283,424.9499946087306,424.9530361428253,150.44893975952937,150.45679703090806,14.321051557242797,14.321449742393648,0.03500048319888901,19.0,11.0
373,31.0,105.46687944656283,105.46716434223715,424.9530361428253,424.9498049146793,150.45679703090806,150.4625106413152,14.321449742393648,14.321775480773475,0.01868192436099937,19.0,11.0
374,31.0,105.46716434223715,105.46498990573846,424.9498049146793,424.9451134108963,150.4625106413152,150.4647109914206,14.321775480773475,14.322064100821846,0.025343699696068978,19.0,11.0
375,31.0,105.46498990573846,105.46216099921745,424.9451134108963,424.9477548544065,150.4647109914206,150.462591015939,14.322064100821846,14.322304285410883,0.018120985848844168,19.0,11.0
376,31.0,105.46216099921745,105.45878145801768,424.9477548544065,424.94850009278696,150.462591015939,150.46362998544788,14.322304285410883,14.322511268313374,0.02351156907685609,19.0,11.0
377,31.0,105.45878145801768,105.45726900708678,424.94850009278696,424.94681553707034,150.46362998544788,150.46502381133115,14.322511268313374,14.322676883206954,0.016058883258309026,19.0,11.0
378,31.0,105.45726900708678,105.456618549777,424.94681553707034,424.9467777821902,150.46502381133115,150.46307263890077,14.322676883206954,14.322814866251568,0.013494729010884474,19.0,11.0
379,31.0,105.456618549777,105.45599438769909,424.9467777821902,424.9478641496865,150.46307263890077,150.46210758471688,14.322814866251568,14.322929551992466,0.01621974603339725,19.0,11.0
380,31.0,105.45599438769909,105.45613846228665,424.9478641496865,424.9473634325491,150.46210758471688,150.46120713388825,14.322929551992466,14.32301493389706,0.013312192104786041,19.0,11.0
381,31.0,105.45613846228665,105.45634278002892,424.9473634325491,424.947102764679,150.46120713388825,150.46068217371845,14.32301493389706,14.323073736169631,0.034963016046071105,19.0,11.0
382,31.0,105.32253794902306,105.32105833560588,424.0275923912095,424.0237787348864,150.1237503690222,150.1284857022346,14.349155647611399,14.349426797123456,0.02022355906482937,20.0,11.0
383,31.0,105.32105833560588,105.31927268418383,424.0237787348864,424.0184591362546,150.1284857022346,150.13878758236834,14.349426797123456,14.349944551189777,0.043438409718265,20.0,11.0
384,31.0,105.31927268418383,105.32763995046847,424.0184591362546,424.0148394037039,150.13878758236834,150.1389075892019,14.349944551189777,14.350366645509077,0.031155585596713792,20.0,11.0
385,31.0,105.32763995046847,105.32746304942468,424.0148394037039,424.01410194927746,150.1389075892019,150.131576267862,14.350366645509077,14.350723082765482,0.05875543602289181,20.0,11.0
386,31.0,105.32746304942468,105.32557951706906,424.01410194927746,424.0109686774699,150.131576267862,150.1290790395895,14.350723082765482,14.350963854680172,0.021388258993698495,20.0,11.0
387,31.0,105.32557951706906,105.32821860555202,424.0109686774699,424.00991086976927,150.1290790395895,150.12705808116988,14.350963854680172,14.351165542131218,0.034539497867460786,20.0,11.0
388,31.0,105.32821860555202,105.32878400133977,424.00991086976927,424.0079030190098,150.12705808116988,150.12661398075255,14.351165542131218,14.351307092152213,0.013080276326740175,20.0,11.0
389,31.0,105.32878400133977,105.32794337444186,424.0079030190098,424.00814323653265,150.12661398075255,150.1251940418129,14.351307092152213,14.351426122073807,0.02618963016479876,20.0,11.0
390,31.0,105.32794337444186,105.3284879611379,424.00814323653265,424.0077642482691,150.1251940418129,150.12564198164543,14.351426122073807,14.351496883029627,0.03451453332312779,20.0,11.0
391,31.0,105.3284879611379,105.3284921715414,424.0077642482691,424.0077827807644,150.12564198164543,150.125616047247,14.351496883029627,14.351503784739846,0.006283685281390061,20.0,11.0
392,31.0,104.64172608528747,104.65048903223014,421.23315079686034,421.2181034039463,149.73765306621294,149.74685659230488,14.476133717655964,14.476865532324872,0.03284951317687571,21.0,11.0
393,31.0,104.65048903223014,104.66605641135205,421.2181034039463,421.1914819670642,149.74685659230488,149.76739815069897,14.476865532324872,14.478252227322306,0.07983799219177592,21.0,11.0
394,31.0,104.66605641135205,104.68635938714449,421.1914819670642,421.17149768977697,149.76739815069897,149.75590651488875,14.478252227322306,14.479426120973494,0.07286328933996188,21.0,11.0
395,31.0,104.68635938714449,104.68634038008925,421.17149768977697,421.14857266001707,149.75590651488875,149.76636676041534,14.479426120973494,14.480413297305118,0.07316564937219255,21.0,11.0
396,31.0,104.68634038008925,104.66778508492328,421.14857266001707,421.14433068545884,149.76636676041534,149.7719807017184,14.480413297305118,14.481216904775712,0.04021032053271315,21.0,11.0
397,31.0,104.66778508492328,104.6716487072719,421.14433068545884,421.15923541429095,149.7719807017184,149.7792558404793,14.481216904775712,14.481922683031033,0.04230017357934795,21.0,11.0
398,31.0,104.6716487072719,104.66412444824644,421.15923541429095,421.149562208462,149.7792558404793,149.78640304554904,14.481922683031033,14.482528362142707,0.03874770606337479,21.0,11.0
399,31.0,104.66412444824644,104.6605954507805,421.149562208462,421.14292764571917,149.78640304554904,149.77742503080466,14.482528362142707,14.483045284381037,0.05707580459532452,21.0,11.0
400,31.0,104.6605954507805,104.66537905424661,421.14292764571917,421.14225571855843,149.77742503080466,149.77065372782855,14.483045284381037,14.483437529368677,0.022474246240212964,21.0,11.0
401,31.0,104.66537905424661,104.67110990455285,421.14225571855843,421.1451202288998,149.77065372782855,149.76763187301987,14.483437529368677,14.483783020644276,0.020660253847713094,21.0,11.0
402,31.0,104.67110990455285,104.67352946477737,421.1451202288998,421.14043549073114,149.76763187301987,149.76475290690368,14.483783020644276,14.484086880619683,0.019588321715735546,21.0,11.0
403,31.0,104.67352946477737,104.67765632321088,421.14043549073114,421.13755716464294,149.76475290690368,149.76441000727314,14.484086880619683,14.484352572530913,0.018546487129046104,21.0,11.0
404,31.0,104.67765632321088,104.67824516981125,421.13755716464294,421.1334202283656,149.76441000727314,149.76418572357403,14.484352572530913,14.484583382926825,0.024048488036967564,21.0,11.0
405,31.0,104.67824516981125,104.68068404363848,421.1334202283656,421.1317695190619,149.76418572357403,149.76305142644878,14.484583382926825,14.484770832804843,0.01740163565780083,21.0,11.0
406,31.0,104.68068404363848,104.6822861005099,421.1317695190619,421.12988672062227,149.76305142644878,149.76304397565454,14.484770832804843,14.484928053537415,0.012110683071746463,21.0,11.0
407,31.0,104.6822861005099,104.6820408877016,421.12988672062227,421.13021033383,149.76304397565454,149.7650266739593,14.484928053537415,14.485064458432753,0.015589674573534013,21.0,11.0
408,31.0,104.6820408877016,104.68131681447082,421.13021033383,421.1298241170801,149.7650266739593,149.7662565417726,14.485064458432753,14.485173851098581,0.023133096651529978,21.0,11.0
409,31.0,104.68131681447082,104.68079077325794,421.1298241170801,421.1302938609746,149.7662565417726,149.76641961193036,14.485173851098581,14.485239630303516,0.016387821585310387,21.0,11.0
410,31.0,104.68079077325794,104.68092601518183,421.1302938609746,421.1300974102602,149.76641961193036,149.76656003778666,14.485239630303516,14.485272127328606,0.018266257214844085,21.0,11.0
411,31.0,104.68092601518183,104.68091375678819,421.1300974102602,421.13009644152527,149.76656003778666,149.76656531949223,14.485272127328606,14.485275860484736,0.0036930708257426788,21.0,11.0
412,31.0,104.26177402644706,104.26020208951896,419.1920523051587,419.1859189570213,149.52355837117227,149.5261783576083,14.570923566289286,14.571216036001054,0.014116296658261094,22.0,11.0
413,31.0,104.26020208951896,104.26042292430536,419.1859189570213,419.17270149752693,149.5261783576083,149.52754190073284,14.571216036001054,14.571789765929367,0.02897359292518314,22.0,11.0
414,31.0,104.26042292430536,104.25207917666394,419.17270149752693,419.1722691234353,149.52754190073284,149.5353829701334,14.571789765929367,14.572297645951664,0.042698541482714236,22.0,11.0
415,31.0,104.25207917666394,104.24602783951511,419.1722691234353,419.1710686084085,149.5353829701334,149.54180702764972,14.572297645951664,14.572711902536547,0.028709488331035444,22.0,11.0
416,31.0,104.24602783951511,104.24699867287293,419.1710686084085,419.175196707334,149.54180702764972,149.5477551731726,14.572711902536547,14.573065848863816,0.018075570774210688,22.0,11.0
417,31.0,104.24699867287293,104.24930265519535,419.175196707334,419.18092200433176,149.5477551731726,149.5492509403463,14.573065848863816,14.573383064264956,0.022765935979009826,22.0,11.0
418,31.0,104.24930265519535,104.25355744661253,419.18092200433176,419.18261135063847,149.5492509403463,149.5467585472019,14.573383064264956,14.573655525354809,0.026971496835915803,22.0,11.0
419,31.0,104.25355744661253,104.25134785221012,419.18261135063847,419.1829692205365,149.5467585472019,149.54348326657419,14.573655525354809,14.573877328398085,0.02015680567015585,22.0,11.0
420,31.0,104.25134785221012,104.24933754885164,419.1829692205365,419.18456906422244,149.54348326657419,149.5417221325975,14.573877328398085,14.574063003727657,0.014549471946919933,22.0,11.0
421,31.0,104.24933754885164,104.25082829375512,419.18456906422244,419.18662437620424,149.5417221325975,149.54159254927401,14.574063003727657,14.574223399956495,0.012693325145860676,22.0,11.0
422,31.0,104.25082829375512,104.24937911132913,419.18662437620424,419.18681409423164,149.54159254927401,149.5430576171953,14.574223399956495,14.57436196766385,0.012799709891915121,22.0,11.0
423,31.0,104.24937911132913,104.24868379956749,419.18681409423164,419.18719059774304,149.5430576171953,149.54446825492545,14.57436196766385,14.57447846159347,0.012088406949661507,22.0,11.0
424,31.0,104.24868379956749,104.24829158724098,419.18719059774304,419.1870788992167,149.54446825492545,149.54560685010932,14.57447846159347,14.57457344348622,0.01412031921331115,22.0,11.0
425,31.0,104.24829158724098,104.24820799010308,419.1870788992167,419.1866772006203,149.54560685010932,149.5449740510787,14.57457344348622,14.574641212073631,0.02425511977491696,22.0,11.0
426,31.0,104.24820799010308,104.24813834637455,419.1866772006203,419.186797998113,149.5449740510787,149.54494000996013,14.574641212073631,14.574661360906532,0.01506687099557667,22.0,11.0
427,31.0,104.19868608933584,104.19777656641767,410.90153652702185,410.89617018296576,149.2075493976128,149.2038406014612,15.010586788752668,15.010869257788315,0.014963016394950502,23.0,11.0
428,31.0,104.19777656641767,104.19281969857498,410.89617018296576,410.8894715163054,149.2038406014612,149.1940632977125,15.010869257788315,15.011427154247073,0.04040151994579202,23.0,11.0
429,31.0,104.19281969857498,104.19767179184085,410.8894715163054,410.8915047153855,149.1940632977125,149.18516163085445,15.011427154247073,15.0118943192649,0.03586161214196319,23.0,11.0
430,31.0,104.19767179184085,104.20235206347976,410.8915047153855,410.88755771829653,149.18516163085445,149.1796260863237,15.0118943192649,15.012284165055993,0.02882364086191566,23.0,11.0
431,31.0,104.20235206347976,104.20683178928687,410.88755771829653,410.8825940769155,149.1796260863237,149.1795207722224,15.012284165055993,15.012614415622737,0.020695696391392782,23.0,11.0
432,31.0,104.20683178928687,104.20391928891115,410.8825940769155,410.879260982833,149.1795207722224,149.18300070599543,15.012614415622737,15.012903464383083,0.040086350432711595,23.0,11.0
433,31.0,104.20391928891115,104.20638645042845,410.879260982833,410.87646058209475,149.18300070599543,149.18248449337835,15.012903464383083,15.013116942251251,0.022951817066653772,23.0,11.0
434,31.0,104.20638645042845,104.20775535040215,410.87646058209475,410.87770159207014,149.18248449337835,149.1803532760619,15.013116942251251,15.01328975470459,0.0156820684368612,23.0,11.0
435,31.0,104.20775535040215,104.20682402218509,410.87770159207014,410.8790125539651,149.1803532760619,149.17881857057876,15.01328975470459,15.013435522390026,0.011747584430446361,23.0,11.0
436,31.0,104.20682402218509,104.20677958906481,410.8790125539651,410.88072254317893,149.17881857057876,149.1793781604444,15.013435522390026,15.013561108942412,0.014248860365381607,23.0,11.0
437,31.0,104.20677958906481,104.20729543210696,410.88072254317893,410.8797851341589,149.1793781604444,149.18013708276115,15.013561108942412,15.013661682829385,0.013282990761172475,23.0,11.0
438,31.0,104.20729543210696,104.20798646816858,410.8797851341589,410.87932662645164,149.18013708276115,149.18042613086223,15.013661682829385,15.013737332178446,0.020406166803102636,23.0,11.0
439,31.0,104.20798646816858,104.20794679995598,410.87932662645164,410.87938007442426,149.18042613086223,149.18071501980387,15.013737332178446,15.013771506193685,0.016938200721994208,23.0,11.0
440,31.0,104.20794679995598,104.20796037544406,410.87938007442426,410.8793565684797,149.18071501980387,149.18070499094802,15.013771506193685,15.013777913162459,0.005899948354103901,23.0,11.0
441,31.0,104.34258900134766,104.92158382840724,409.509528924989,410.4170184331321,149.39187250853973,149.40865222762085,3260.3779051435863,3260.4138188846,2.152668175154364,26.0,-11.0
442,31.0,104.92158382840724,105.17458460924408,410.4170184331321,410.8113109488697,149.40865222762085,149.3834682767701,3260.4138188846,3260.4294713428017,0.8600498454604556,26.0,-11.0
443,31.0,105.17458460924408,106.43494395733183,410.8113109488697,412.68812062225663,149.3834682767701,149.31477424758987,3260.4294713428017,3260.504931607309,4.242134773366826,26.0,-11.0
444,31.0,106.43494395733183,106.94550943801929,412.68812062225663,413.65930855062277,149.31477424758987,149.0694265779443,3260.504931607309,3260.542445776277,2.098964876213188,26.0,-11.0
445,31.0,106.94550943801929,107.22028022222764,413.65930855062277,414.2689584764962,149.0694265779443,148.80361124511808,3260.542445776277,3260.5664579937047,1.2699860828780967,26.0,-11.0
446,31.0,107.22028022222764,107.98588607010461,414.2689584764962,415.2347050066868,148.80361124511808,148.41960284660155,3260.5664579937047,3260.6095485865003,2.2892540386064506,26.0,-11.0
447,31.0,107.98588607010461,108.59923023382778,415.2347050066868,416.02263301034543,148.41960284660155,148.20527229863927,3260.6095485865003,3260.643651835889,2.0587048648565673,26.0,-11.0
448,31.0,108.59923023382778,108.76142911549088,416.02263301034543,416.30698967284496,148.20527229863927,148.07279926772657,3260.643651835889,3260.655453766661,0.6377447087769286,26.0,-11.0
449,31.0,108.76142911549088,108.81008709131056,416.30698967284496,416.42708975266976,148.07279926772657,147.94534382101395,3260.655453766661,3260.6615311257187,0.2884220821701281,26.0,-11.0
450,31.0,108.81008709131056,108.8425586742095,416.42708975266976,416.4601786352688,147.94534382101395,147.90442410278564,3260.6615311257187,3260.663599906718,0.09727741223086171,26.0,-11.0
451,31.0,108.8425586742095,109.18542558500562,416.4601786352688,416.7548439227611,147.90442410278564,147.52684363121483,3260.663599906718,3260.6833082553726,1.0326081824413234,26.0,-11.0
452,31.0,109.18542558500562,109.34073879332394,416.7548439227611,416.8542070100294,147.52684363121483,147.5388639859839,3260.6833082553726,3260.689498348836,0.3136840580627879,26.0,-11.0
453,31.0,109.34073879332394,109.7838375936162,416.8542070100294,416.85517184160045,147.5388639859839,147.49648491125757,3260.689498348836,3260.704419113921,0.8527483134326079,26.0,-11.0
454,31.0,109.7838375936162,110.09479496588833,416.85517184160045,416.9111906096773,147.49648491125757,147.44381086372422,3260.704419113921,3260.7151796434114,0.6847050921215243,26.0,-11.0
455,31.0,110.09479496588833,110.29047270027031,416.9111906096773,416.8548568053061,147.44381086372422,147.26473177359455,3260.7151796434114,3260.72432200049,0.4932342257130442,26.0,-11.0
456,31.0,110.29047270027031,110.50773622168333,416.8548568053061,416.8571431290728,147.26473177359455,147.29988231722348,3260.72432200049,3260.7317710578177,0.4140549120472887,26.0,-11.0
457,31.0,110.50773622168333,110.60655094569555,416.8571431290728,416.72573610651864,147.29988231722348,147.36752936820662,3260.7317710578177,3260.737818663793,0.31496095923940165,26.0,-11.0
458,31.0,110.60655094569555,110.5800938039051,416.72573610651864,416.61394949353524,147.36752936820662,147.37731068596923,3260.737818663793,3260.741763584349,0.1997793867627012,26.0,-11.0
459,31.0,108.59923023382778,108.60976602237056,416.02263301034543,416.02366246641014,148.20527229863927,148.20297793753895,3260.643651835889,3260.644083869138,0.016872547626925107,32.0,11.0
460,31.0,108.60976602237056,108.62861702768222,416.02366246641014,416.02904965717914,148.20297793753895,148.1959110969676,3260.644083869138,3260.644921834839,0.08114661068196388,32.0,11.0
461,31.0,108.62861702768222,108.63304443912318,416.02904965717914,416.0361858435309,148.1959110969676,148.1832448093947,3260.644921834839,3260.6455632743155,0.034811054315272046,32.0,11.0
462,31.0,108.63304443912318,108.62267554689485,416.0361858435309,416.0435649513796,148.1832448093947,148.18101457351904,3260.6455632743155,3260.646123812526,0.044376278212878824,32.0,11.0
463,31.0,108.62267554689485,108.61397043395615,416.0435649513796,416.0484997971972,148.18101457351904,148.17919366184915,3260.646123812526,3260.6465847790855,0.02918734955867898,32.0,11.0
464,31.0,108.61397043395615,108.61834008110804,416.0484997971972,416.0549876575972,148.17919366184915,148.17594205305656,3260.6465847790855,3260.6469827721885,0.02785642943756099,32.0,11.0
465,31.0,108.61834008110804,108.62422726088725,416.0549876575972,416.05866428055896,148.17594205305656,148.17584138708793,3260.6469827721885,3260.6473228168775,0.02271476942821056,32.0,11.0
466,31.0,108.62422726088725,108.6293283531279,416.05866428055896,416.05889600509124,148.17584138708793,148.17852785183248,3260.6473228168775,3260.6476173599135,0.019312861722558482,32.0,11.0
467,31.0,108.6293283531279,108.63003976234606,416.05889600509124,416.0569810211126,148.17852785183248,148.18290724035393,3260.6476173599135,3260.6478745782165,0.024291935497974437,32.0,11.0
468,31.0,108.63003976234606,108.62632420114485,416.0569810211126,416.05733624924926,148.18290724035393,148.18308560647387,3260.6478745782165,3260.648086757846,0.018177769274836025,32.0,11.0
469,31.0,108.62632420114485,108.6238712102913,416.05733624924926,416.0590015526229,148.18308560647387,148.18277065814766,3260.648086757846,3260.64826663401,0.00928333226577486,32.0,11.0
470,31.0,108.6238712102913,108.62562662947592,416.0590015526229,416.05844853023655,148.18277065814766,148.18090972481224,3260.64826663401,3260.6484304031615,0.011072386144919257,32.0,11.0
471,31.0,108.62562662947592,108.6259263668267,416.05844853023655,416.05949767989944,148.18090972481224,148.17899918569535,3260.6484304031615,3260.648575111414,0.024126950116431567,32.0,11.0
472,31.0,108.6259263668267,108.6257317274117,416.05949767989944,416.0596861755178,148.17899918569535,148.17767289383167,3260.648575111414,3260.6486779329425,0.01253932627805716,32.0,11.0
473,31.0,108.6257317274117,108.62625708050396,416.0596861755178,416.0591992617866,148.17767289383167,148.1782850828355,3260.6486779329425,3260.648757496907,0.014212376716737644,32.0,11.0
474,31.0,108.62625708050396,108.62619867728407,416.0591992617866,416.0587053480549,148.1782850828355,148.17819030071786,3260.648757496907,3260.6488081391954,0.017993483885458874,32.0,11.0
475,31.0,108.62619867728407,108.6262752440829,416.0587053480549,416.0586379327809,148.17819030071786,148.17814486135336,3260.6488081391954,3260.6488249455892,0.013035008665607986,32.0,11.0
476,31.0,108.76142911549088,108.76396480839125,416.30698967284496,416.313714321713,148.07279926772657,148.07240044610984,3260.655453766661,3260.6557565988146,0.016275178768853923,33.0,11.0
477,31.0,108.76396480839125,108.77135066860615,416.313714321713,416.32607477795017,148.07240044610984,148.0730930074679,3260.6557565988146,3260.656370392666,0.04538089068562816,33.0,11.0
478,31.0,108.77135066860615,108.77308737281824,416.32607477795017,416.3231464742974,148.0730930074679,148.08409013766217,3260.656370392666,3260.6568802287056,0.1557771362915091,33.0,11.0
479,31.0,108.77308737281824,108.77081765325099,416.3231464742974,416.3246655247405,148.08409013766217,148.0859387949991,3260.6568802287056,3260.65707379591,0.012899796505312797,33.0,11.0
480,31.0,108.77081765325099,108.76942567177977,416.3246655247405,416.3228011035173,148.0859387949991,148.08441906898216,3260.65707379591,3260.6572447701647,0.014221520222965543,33.0,11.0
481,31.0,108.76942567177977,108.7701128222127,416.3228011035173,416.3208021859309,148.08441906898216,148.0851536164226,3260.6572447701647,3260.6573912266863,0.009162916523355673,33.0,11.0
482,31.0,108.7701128222127,108.77142395434905,416.3208021859309,416.31945254850655,148.0851536164226,148.08545318783345,3260.6573912266863,3260.657521951356,0.022327187258798085,33.0,11.0
483,31.0,108.77142395434905,108.77204869323948,416.31945254850655,416.32025346500023,148.08545318783345,148.08597814918076,3260.657521951356,3260.6576132431783,0.013557383240420549,33.0,11.0
484,31.0,108.77204869323948,108.77208706795902,416.32025346500023,416.3200770739571,148.08597814918076,148.08666411849788,3260.6576132431783,3260.6576780592127,0.02629078244376173,33.0,11.0
485,31.0,108.77208706795902,108.77210296418794,416.3200770739571,416.320076605292,148.08666411849788,148.0867538557251,3260.6576780592127,3260.6576925762647,0.011586314468170291,33.0,11.0
486,31.0,108.81008709131056,108.80730178657655,416.42708975266976,416.4390506727764,147.94534382101395,147.94044933493495,3260.6615311257187,3260.6620461228445,0.025098494899102958,34.0,11.0
487,31.0,108.80730178657655,108.80599784713857,416.4390506727764,416.4620219070865,147.94044933493495,147.93220918296532,3260.6620461228445,3260.663007419323,0.06209015385372715,34.0,11.0
488,31.0,108.80599784713857,108.80755588740028,416.4620219070865,416.481795072613,147.93220918296532,147.93393931572444,3260.663007419323,3260.66381327766,0.04771117116630855,34.0,11.0
489,31.0,108.80755588740028,108.80659674974943,416.481795072613,416.4925988596857,147.93393931572444,147.94647730800187,3260.66381327766,3260.664503266554,0.07528818345282101,34.0,11.0
490,31.0,108.80659674974943,108.79958821448005,416.4925988596857,416.50012366038266,147.94647730800187,147.95196650908142,3260.664503266554,3260.665018327979,0.03710462733323444,34.0,11.0
491,31.0,108.79958821448005,108.80503063053979,416.50012366038266,416.50640090141576,147.95196650908142,147.95639858987292,3260.665018327979,3260.6654514986517,0.032965943221960774,34.0,11.0
492,31.0,108.80503063053979,108.80055667240319,416.50640090141576,416.5071406424977,147.95639858987292,147.96243678472683,3260.6654514986517,3260.6658148168526,0.024370982486551625,34.0,11.0
493,31.0,108.80055667240319,108.80131016709822,416.5071406424977,416.50337705821283,147.96243678472683,147.96738144344226,3260.6658148168526,3260.6661285104274,0.016793271581705387,34.0,11.0
494,31.0,108.80131016709822,108.80529339733042,416.50337705821283,416.5051481913588,147.96738144344226,147.970597493108,3260.6661285104274,3260.66640911978,0.05177956249404276,34.0,11.0
495,31.0,108.80529339733042,108.80703565258679,416.5051481913588,416.50555739539897,147.970597493108,147.9731251542543,3260.66640911978,3260.666594024496,0.02230155710870339,34.0,11.0
496,31.0,108.80703565258679,108.80576836855425,416.50555739539897,416.5067598779443,147.9731251542543,147.97451808963515,3260.666594024496,3260.666740323461,0.022010628698619066,34.0,11.0
497,31.0,108.80576836855425,108.80440386500034,416.5067598779443,416.50631867155596,147.97451808963515,147.9747710330862,3260.666740323461,3260.6668485541827,0.01972039394658063,34.0,11.0
498,31.0,108.80440386500034,108.80363180183352,416.50631867155596,416.50620369121424,147.9747710330862,147.97455422346766,3260.6668485541827,3260.6669199271564,0.013141678402347201,34.0,11.0
499,31.0,108.80363180183352,108.80372823291381,416.50620369121424,416.5063007355223,147.97455422346766,147.97415439689047,3260.6669199271564,3260.666964266856,0.018217205932302524,34.0,11.0
500,31.0,108.80372823291381,108.80367273628671,416.5063007355223,416.5062963300146,147.97415439689047,147.97419289957134,3260.666964266856,3260.6669759938154,0.009743000520611968,34.0,11.0
501,31.0,109.63867146498606,109.60055803031476,416.08539307517685,416.0594316710764,146.93561869537342,146.92992775447223,3260.7806740858637,3260.782291341488,0.057085641630489334,40.0,11.0
502,31.0,109.60055803031476,109.51980747854807,416.0594316710764,416.01986394122514,146.92992775447223,146.91922274912955,3260.782291341488,3260.7854527149416,0.2328678127750698,40.0,11.0
503,31.0,109.51980747854807,109.47543489143254,416.01986394122514,416.0249636666719,146.91922274912955,146.86645557401383,3260.7854527149416,3260.787905550747,0.15335867189560154,40.0,11.0
504,31.0,109.47543489143254,109.48767438549643,416.0249636666719,416.0392089340272,146.86645557401383,146.81420891282798,3260.787905550747,3260.78990732948,0.16304223939593443,40.0,11.0
505,31.0,109.48767438549643,109.48294256751608,416.0392089340272,416.0318775205195,146.81420891282798,146.77349462182548,3260.78990732948,3260.7914473066908,0.09758807986291948,40.0,11.0
506,31.0,109.48294256751608,109.45714434414663,416.0318775205195,416.04704355390913,146.77349462182548,146.75795223269014,3260.7914473066908,3260.7927222293238,0.05944651555532366,40.0,11.0
507,31.0,109.45714434414663,109.4344778701321,416.04704355390913,416.06273211631424,146.75795223269014,146.748697143515,3260.7927222293238,3260.793840767092,0.0763861214459379,40.0,11.0
508,31.0,109.4344778701321,109.41892254450852,416.06273211631424,416.0652633361111,146.748697143515,146.7314567986217,3260.793840767092,3260.7947651404734,0.05552499344889695,40.0,11.0
509,31.0,109.41892254450852,109.4325476736976,416.0652633361111,416.0747505186329,146.7314567986217,146.72153664616027,3260.7947651404734,3260.795551312554,0.04946989259314382,40.0,11.0
510,31.0,109.4325476736976,109.43110506594812,416.0747505186329,416.06660141958247,146.72153664616027,146.70794295373693,3260.795551312554,3260.7962180114873,0.038152498302888915,40.0,11.0
511,31.0,109.43110506594812,109.42364686069152,416.06660141958247,416.05569464301897,146.70794295373693,146.7057603184623,3260.7962180114873,3260.796795403372,0.03484993026370617,40.0,11.0
512,31.0,109.42364686069152,109.41494457665108,416.05569464301897,416.05380671250623,146.7057603184623,146.69897775749737,3260.796795403372,3260.797293691766,0.0223902825911422,40.0,11.0
513,31.0,109.41494457665108,109.40720528054946,416.05380671250623,416.0477398714728,146.69897775749737,146.69858150022506,3260.797293691766,3260.7977425629415,0.031237999829956543,40.0,11.0
514,31.0,109.40720528054946,109.40667546177924,416.0477398714728,416.04684754064147,146.69858150022506,146.690603305021,3260.7977425629415,3260.798124566962,0.031153596320225824,40.0,11.0
515,31.0,109.40667546177924,109.4021758687024,416.04684754064147,416.0499020807416,146.690603305021,146.6872835533624,3260.798124566962,3260.79844261421,0.020973088105551478,40.0,11.0
516,31.0,109.4021758687024,109.40038995964142,416.0499020807416,416.05216960487417,146.6872835533624,146.68281533798972,3260.79844261421,3260.7987193382687,0.020582687971429394,40.0,11.0
517,31.0,109.40038995964142,109.40144575942051,416.05216960487417,416.05118438779334,146.68281533798972,146.67871062475268,3260.7987193382687,3260.7989569997276,0.0673242860823294,40.0,11.0
518,31.0,109.40144575942051,109.40209025766748,416.05118438779334,416.05270284490706,146.67871062475268,146.67895796957532,3260.7989569997276,3260.7990760549637,0.01046473800143852,40.0,11.0
519,31.0,109.40209025766748,109.4023484341129,416.05270284490706,416.05342361209904,146.67895796957532,146.67789235209483,3260.7990760549637,3260.799176647514,0.010399954634317988,40.0,11.0
520,31.0,109.4023484341129,109.40182184895482,416.05342361209904,416.0534407434957,146.67789235209483,146.67707653671528,3260.799176647514,3260.7992579470097,0.014456615986338434,40.0,11.0
521,31.0,109.40182184895482,109.40215763568267,416.0534407434957,416.05306713415723,146.67707653671528,146.6772284027889,3260.7992579470097,3260.7993099407104,0.020112469887152394,40.0,11.0
522,31.0,109.40215763568267,109.40206691610766,416.05306713415723,416.05307143303054,146.6772284027889,146.6772321073831,3260.7993099407104,3260.799324430445,0.011568640254923983,40.0,11.0
523,31.0,109.63867102491398,109.63866618226605,416.0853910627664,416.085386955634,146.93561800585593,146.9356156976622,3260.7806747960026,3260.780677126561,0.002406051094426527,41.0,11.0
524,31.0,109.81626616756262,109.81866981788293,415.5379498871389,415.5371293992472,145.03128799877706,145.02971388999336,3260.8470333015143,3260.8471818415724,0.006804239405435322,44.0,11.0
525,31.0,109.81866981788293,109.82350532443138,415.5371293992472,415.53505784747574,145.02971388999336,145.02654636442722,3260.8471818415724,3260.84749090105,0.05915902293739184,44.0,11.0
526,31.0,109.82350532443138,109.82583647924136,415.53505784747574,415.53644898773683,145.02654636442722,145.02451860938805,3260.84749090105,3260.8476883371222,0.019938205763289432,44.0,11.0
527,31.0,109.82583647924136,109.82564794015798,415.53644898773683,415.53689976570996,145.02451860938805,145.02197442809972,3260.8476883371222,3260.847850910205,0.020061993979753702,44.0,11.0
528,31.0,109.82564794015798,109.82525154240336,415.53689976570996,415.535989100758,145.02197442809972,145.0204126604972,3260.847850910205,3260.847978991431,0.017782351222837,44.0,11.0
529,31.0,109.82525154240336,109.82620648721536,415.535989100758,415.5366774567257,145.0204126604972,145.0200152096607,3260.847978991431,3260.8480757945094,0.015210597196767026,44.0,11.0
530,31.0,109.82620648721536,109.82633304842406,415.5366774567257,415.5371266631443,145.0200152096607,145.0206040405451,3260.8480757945094,3260.8481433786083,0.01115250799354619,44.0,11.0
531,31.0,109.82633304842406,109.82674905432687,415.5371266631443,415.53710858688373,145.0206040405451,145.02069262665788,3260.8481433786083,3260.8481879598194,0.013911319334694574,44.0,11.0
532,31.0,109.82674905432687,109.82662343831653,415.53710858688373,415.53710424622204,145.02069262665788,145.02066362060975,3260.8481879598194,3260.8482066101237,0.014167518871134406,44.0,11.0
533,31.0,108.47115987054504,108.46777909611035,416.17730038046494,416.17862946812727,142.77074195033055,142.76550196831522,3260.937330946962,3260.937607328991,0.022916866328066797,46.0,11.0
534,31.0,108.46777909611035,108.4615200287822,416.17862946812727,416.18288245022325,142.76550196831522,142.75679233189766,3260.937607328991,3260.9381180973796,0.05014666079848376,46.0,11.0
535,31.0,108.4615200287822,108.4577387802592,416.18288245022325,416.1825646786856,142.75679233189766,142.7491252595596,3260.9381180973796,3260.9385192201357,0.022938160590434284,46.0,11.0
536,31.0,108.4577387802592,108.46164293250085,416.1825646786856,416.17687803629724,142.7491252595596,142.74678494562733,3260.9385192201357,3260.93887236453,0.029691699280478077,46.0,11.0
537,31.0,108.46164293250085,108.46158947192103,416.17687803629724,416.178826539883,142.74678494562733,142.7413852276115,3260.93887236453,3260.9391657609144,0.031442410868101324,46.0,11.0
538,31.0,108.46158947192103,108.46564948464174,416.178826539883,416.17758115914467,142.7413852276115,142.74143489305027,3260.9391657609144,3260.9393991397137,0.023912404748681514,46.0,11.0
539,31.0,108.46564948464174,108.46669525387783,416.17758115914467,416.17945997839996,142.74143489305027,142.7438292860302,3260.9393991397137,3260.939589277675,0.03557289962343039,46.0,11.0
540,31.0,108.46669525387783,108.46674093874985,416.17945997839996,416.18108813785756,142.7438292860302,142.74473109866534,3260.939589277675,3260.939717892064,0.014128817981271163,46.0,11.0
541,31.0,108.46674093874985,108.46748229369015,416.18108813785756,416.18214834914005,142.74473109866534,142.74519589712492,3260.939717892064,3260.939821830541,0.03366506126767823,46.0,11.0
542,31.0,108.46748229369015,108.46768610540104,416.18214834914005,416.1824014342991,142.74519589712492,142.74529959811898,3260.939821830541,3260.939859708409,0.0235355257002677,46.0,11.0
543,31.0,108.46768610540104,108.46768776055453,416.1824014342991,416.18240082804505,142.74529959811898,142.74529801954816,3260.939859708409,3260.9398608598544,0.0012047679779532555,46.0,11.0
544,31.0,110.48395422645201,110.4842218825443,417.5548241627395,417.55476414816275,146.19066376932162,146.19061306139912,3261.0774468396517,3261.077470767884,0.001796530648542414,48.0,11.0
545,31.0,110.4842218825443,110.48501559923609,417.55476414816275,417.55486756923983,146.19061306139912,146.19037866977197,3261.077470767884,3261.0775436556564,0.009449349014763707,48.0,11.0
546,31.0,110.48501559923609,110.48450950710988,417.55486756923983,417.55467891408927,146.19037866977197,146.1903015226911,3261.0775436556564,3261.077597154966,0.01320299040644622,48.0,11.0
547,31.0,110.48450950710988,110.48457897874098,417.55467891408927,417.5546260430536,146.1903015226911,146.19010060059497,3261.077597154966,3261.0776245541397,0.019204194661112853,48.0,11.0
548,31.0,110.48395247737285,110.48394640392829,417.55482582762886,417.55482989810605,146.19066442119146,146.1906672123644,3261.0774476573138,3261.0774502347485,0.002641247462216632,49.0,11.0
549,31.0,108.92787011735554,108.92786460699706,419.112597285186,419.1126170401609,148.2035130330375,148.2035091304969,3261.1769564340107,3261.176960063926,0.0010223079526465934,52.0,11.0
550,31.0,108.92786460699706,108.92785172683386,419.1126170401609,419.1126661421316,148.2035091304969,148.2034874360689,3261.176960063926,3261.1769701989083,0.00864912433905854,52.0,11.0
551,31.0,107.54789180713074,107.54787852039988,418.25459724682133,418.25462849997655,150.95118989971712,150.95120726304884,3261.2834372426732,3261.2834428007113,0.0010332153910755375,53.0,11.0
552,31.0,107.54787852039988,107.54781752589047,418.25462849997655,418.2547112082698,150.95120726304884,150.9512458011465,3261.2834428007113,3261.2834593978514,0.012904599270416284,53.0,11.0
553,31.0,106.93872482084774,106.93828219778501,417.42687147962516,417.42673869744203,150.97918768188134,150.98013251705433,3261.3177311072777,3261.317795428067,0.0035411265015028743,55.0,11.0
554,31.0,106.93828219778501,106.9363394844758,417.42673869744203,417.4279762934349,150.98013251705433,150.98154281691853,3261.317795428067,3261.3179629301085,0.013852564104860798,55.0,11.0
555,31.0,106.9363394844758,106.93484451228946,417.4279762934349,417.4292721196878,150.98154281691853,150.98063348179926,3261.3179629301085,3261.318106574688,0.012664847264759367,55.0,11.0
556,31.0,106.93484451228946,106.93627093229752,417.4292721196878,417.4302383215233,150.98063348179926,150.9807058314555,3261.318106574688,3261.3182284407576,0.013388867721758988,55.0,11.0
557,31.0,106.93627093229752,106.93530677345879,417.4302383215233,417.4299921884206,150.9807058314555,150.98149293247585,3261.3182284407576,3261.318326681116,0.013198540875430684,55.0,11.0
558,31.0,106.93530677345879,106.93459519922847,417.4299921884206,417.4298131208005,150.98149293247585,150.98190127220224,3261.318326681116,3261.3183999271328,0.016933205820429915,55.0,11.0
559,31.0,106.93459519922847,106.93457074735991,417.4298131208005,417.4300979523808,150.98190127220224,150.981699523542,3261.3183999271328,3261.3184385208738,0.016733845912038747,55.0,11.0
560,31.0,106.93457074735991,106.93453647589986,417.4300979523808,417.43012562842614,150.981699523542,150.9817275151599,3261.3184385208738,3261.3184482581432,0.008368613518885664,55.0,11.0
561,31.0,106.9387234501331,106.93871900856024,417.42687089760557,417.4268692107448,150.97918561564023,150.9791804849945,3261.3177319398915,3261.317734325904,0.002459281004799066,56.0,11.0
562,31.0,110.66840682205694,110.66680386265867,416.45117328255185,416.44196530562493,147.39141426192302,147.39338198831928,3260.747958741157,3260.7483461436796,0.02011548670479954,59.0,11.0
563,31.0,110.66680386265867,110.65942257277372,416.44196530562493,416.4268498161585,147.39338198831928,147.40036097385388,3260.7483461436796,3260.7490931412185,0.038541106405849734,59.0,11.0
564,31.0,110.65942257277372,110.659438544718,416.4268498161585,416.4131253178116,147.40036097385388,147.40771266667988,3260.7490931412185,3260.749747695757,0.032457250999875724,59.0,11.0
565,31.0,110.659438544718,110.64786223973718,416.4131253178116,416.4082275773394,147.40771266667988,147.40298590598204,3260.749747695757,3260.750326410498,0.05727638699718917,59.0,11.0
566,31.0,110.64786223973718,110.63944674405214,416.4082275773394,416.4130640090173,147.40298590598204,147.40117574624009,3260.750326410498,3260.750776454175,0.022434695930087328,59.0,11.0
567,31.0,110.63944674405214,110.63973042261132,416.4130640090173,416.42150883221404,147.40117574624009,147.39973885369668,3260.750776454175,3260.7511781826543,0.03467328984624283,59.0,11.0
568,31.0,110.63973042261132,110.6373509395991,416.42150883221404,416.42751456201665,147.39973885369668,147.39805940979028,3260.7511781826543,3260.7515079554923,0.023411019540936814,59.0,11.0
569,31.0,110.6373509395991,110.63503202990952,416.42751456201665,416.43008015834585,147.39805940979028,147.4023165624545,3260.7515079554923,3260.7517912448398,0.016673478608735266,59.0,11.0
570,31.0,110.63503202990952,110.63546552723308,416.43008015834585,416.4327352196865,147.4023165624545,147.40615421775937,3260.7517912448398,3260.752042570417,0.01989941375464603,59.0,11.0
571,31.0,110.63546552723308,110.63670334657522,416.4327352196865,416.4339964752827,147.40615421775937,147.40950928833922,3260.752042570417,3260.752257067481,0.01418644474585208,59.0,11.0
572,31.0,110.63670334657522,110.63845055651896,416.4339964752827,416.43513510631135,147.40950928833922,147.41192937902025,3260.752257067481,3260.752446193013,0.01435531889159476,59.0,11.0
573,31.0,110.63845055651896,110.63646128813441,416.43513510631135,416.4368365397228,147.41192937902025,147.41212533638097,3260.752446193013,3260.7526103046384,0.027998551365433035,59.0,11.0
574,31.0,110.63646128813441,110.63623268600921,416.4368365397228,416.43540693231927,147.41212533638097,147.4128182087908,3260.7526103046384,3260.7527261858136,0.015781993927735164,59.0,11.0
575,31.0,110.63623268600921,110.63649650916417,416.43540693231927,416.43637045629885,147.4128182087908,147.41322016997904,3260.7527261858136,3260.752813682796,0.016402404767750647,59.0,11.0
576,31.0,110.63649650916417,110.63605472861634,416.43637045629885,416.4362687764874,147.41322016997904,147.4135533850813,3260.752813682796,3260.752868401969,0.013551913883702086,59.0,11.0
577,31.0,110.63605472861634,110.6360899605489,416.4362687764874,416.43647044285046,147.4135533850813,147.41364390190165,3260.752868401969,3260.7528962345154,0.019443098294883162,59.0,11.0
578,31.0,115.63241285171259,115.63449789219933,419.0812708023338,419.08159066243235,146.86718865951798,146.86673336045925,3260.9361597932984,3260.9362745592625,0.005417938528945284,61.0,11.0
579,31.0,115.63449789219933,115.63888601311896,419.08159066243235,419.0829439327548,146.86673336045925,146.86652399282426,3260.9362745592625,3260.936522238836,0.017158351077369356,61.0,11.0
580,31.0,115.63888601311896,115.64170444230169,419.0829439327548,419.0803551937314,146.86652399282426,146.86654763649864,3260.936522238836,3260.936738198339,0.02511645454523556,61.0,11.0
581,31.0,115.64170444230169,115.64099543194384,419.0803551937314,419.0821545951236,146.86654763649864,146.8645376715723,3260.936738198339,3260.9369096276546,0.015124397487156509,61.0,11.0
582,31.0,115.64099543194384,115.64016938364804,419.0821545951236,419.08018635006204,146.8645376715723,146.86394968191604,3260.9369096276546,3260.9370549837026,0.012169658284447318,61.0,11.0
583,31.0,115.64016938364804,115.63989359365155,419.08018635006204,419.08049455249574,146.86394968191604,146.86222195653224,3260.9370549837026,3260.9371794285175,0.010839450974529471,61.0,11.0
584,31.0,115.63989359365155,115.6393043682098,419.08049455249574,419.0812498718651,146.86222195653224,146.86119565363018,3260.9371794285175,3260.9372849161423,0.012621900213370568,61.0,11.0
585,31.0,115.6393043682098,115.63869596044569,419.0812498718651,419.0811648913369,146.86119565363018,146.86042211751848,3260.9372849161423,3260.937367206901,0.020142392265306952,61.0,11.0
586,31.0,115.63869596044569,115.6390156157612,419.0811648913369,419.08108558828445,146.86042211751848,146.86062156708198,3260.937367206901,3260.937408612933,0.016074657635592036,61.0,11.0
587,31.0,115.6390156157612,115.63908828499662,419.08108558828445,419.08106708078674,146.86062156708198,146.8606082682481,3260.937408612933,3260.9374213743895,0.010436130817722919,61.0,11.0
588,31.0,111.7624304710043,111.76228484859935,419.77176575213764,419.7717175650764,149.60510095529034,149.60508124098345,3261.095956529286,3261.0959719742687,0.002167288259107695,62.0,11.0
589,31.0,111.76228484859935,111.76194971856364,419.7717175650764,419.77149411929184,149.60508124098345,149.6048819923321,3261.0959719742687,3261.096018364466,0.012094326893294144,62.0,11.0
590,31.0,111.76194971856364,111.7618840941457,419.77149411929184,419.77141927583637,149.6048819923321,149.60473833342067,3261.096018364466,3261.09604160996,0.01687049079674019,62.0,11.0
591,31.0,120.43055127924156,120.43054010852856,432.5108536531635,432.5108980076695,160.83938874965665,160.83948858480164,3261.732032648858,3261.7320447214315,0.00112511494435322,65.0,11.0
592,31.0,120.43054010852856,120.43048436149186,432.5108980076695,432.51100597350217,160.83948858480164,160.83979227205123,3261.7320447214315,3261.7320814513832,0.020013113849023455,65.0,11.0
593,31.0,120.43048436149186,120.43049235198893,432.51100597350217,432.51100335963764,160.83979227205123,160.8398060496484,3261.7320814513832,3261.732085704965,0.00414293046463466,65.0,11.0
594,31.0,120.80528756314709,120.80529911915383,432.1931084071851,432.19312134271075,159.92105667723203,159.9210110350263,3261.766775939137,3261.766785224842,0.008046451707314328,68.0,11.0
595,31.0,120.36566483622866,120.36590455073141,431.421492703517,431.4208942247137,159.55531878259723,159.55569769686298,3261.7988092663772,3261.7988594934404,0.001982455960213973,69.0,11.0
596,31.0,120.36590455073141,120.36657823222565,431.4208942247137,431.420188237409,159.55569769686298,159.55741642857254,3261.7988594934404,3261.7989936363338,0.018998876171488484,69.0,11.0
597,31.0,120.36657823222565,120.36613213755379,431.420188237409,431.4199932657877,159.55741642857254,159.55864264103644,3261.7989936363338,3261.799094615996,0.014338289239491544,69.0,11.0
598,31.0,120.36613213755379,120.36586142225147,431.4199932657877,431.4202157955473,159.55864264103644,159.55786628496466,3261.799094615996,3261.799168618293,0.016289968437390723,69.0,11.0
599,31.0,120.36586142225147,120.36569882671454,431.4202157955473,431.41993219407294,159.55786628496466,159.55768201774498,3261.799168618293,3261.799209249173,0.020522123235687886,69.0,11.0
600,31.0,120.36569882671454,120.36570449219805,431.41993219407294,431.41991128253915,159.55768201774498,159.55766667381033,3261.799209249173,3261.799215278507,0.0056025937536161065,69.0,11.0
601,31.0,120.36566388824619,120.36566016836005,431.42149166700585,431.42149473505316,159.5553171497698,159.5553128547843,3261.7988099701856,3261.7988122297934,0.002337562725502118,70.0,11.0
602,31.0,120.4317746033003,120.43177148306441,432.50964090750784,432.5096369661096,160.83953955249936,160.83953451863403,3261.7320911485276,3261.7320935628386,0.0024863471976018024,73.0,11.0
603,31.0,110.90808837938744,110.90808342787804,417.04312253283405,417.04230600384756,146.57888388097098,146.57772316893994,3260.7550255590427,3260.7551079793384,0.004651581047250837,76.0,11.0
604,31.0,110.90808342787804,110.9076150815127,417.04230600384756,417.041183099512,146.57772316893994,146.57472307419266,3260.7551079793384,3260.7552989449223,0.059747571326892436,76.0,11.0
605,31.0,110.9076150815127,110.90865644118874,417.041183099512,417.041016342968,146.57472307419266,146.57463503521473,3260.7552989449223,3260.7553853711665,0.011251647418298915,76.0,11.0
606,31.0,110.90865644118874,110.90858136792315,417.041016342968,417.0411362406541,146.57463503521473,146.57532065231266,3260.7553853711665,3260.7554495699146,0.0375764398754788,76.0,11.0
607,31.0,110.90808685592556,110.90807993699491,417.0431236954995,417.04312290342386,146.5788850752538,146.57888111055115,3260.7550262972313,3260.755028916928,0.00268108,77.0,11.0
608,31.0,109.37693972031025,109.37697166320334,416.85320871008037,416.85322520078336,147.5360878627061,147.53613694347843,3260.690713515957,3260.6907243802266,0.009154655703040386,80.0,11.0
609,31.0,108.84304919873412,108.8430515739803,416.4605986416203,416.4605828366366,147.9038963459422,147.90392038188182,3260.6636301244016,3260.66363651992,0.005890991364136258,83.0,11.0
610,31.0,108.83488863545037,108.83489223141048,416.46142895494967,416.4614288123491,147.8990340084894,147.89902671856763,3260.663946643374,3260.663949289109,0.002705564679259194,86.0,11.0
611,31.0,131.45229710980934,131.48993077814387,444.01013597582306,444.002110363491,136.84756915724637,136.819609467588,3261.9068193175176,3261.908471379056,0.08730568357163661,87.0,11.0
612,31.0,131.48993077814387,131.52952962303078,444.002110363491,443.9797939654589,136.819609467588,136.76545257860684,3261.908471379056,3261.910937779101,0.1268684875247581,87.0,11.0
613,31.0,131.52952962303078,131.5346274258364,443.9797939654589,443.9639891736791,136.76545257860684,136.708212045743,3261.910937779101,3261.9130749104306,0.1194025480797662,87.0,11.0
614,31.0,131.5346274258364,131.51831388451907,443.9639891736791,443.97429613596904,136.708212045743,136.66292141698312,3261.9130749104306,3261.9148677719877,0.09285474129518331,87.0,11.0
615,31.0,131.51831388451907,131.5370287215997,443.97429613596904,443.97084701407346,136.66292141698312,136.62613517462373,3261.9148677719877,3261.9164003437554,0.12013655138578691,87.0,11.0
616,31.0,131.5370287215997,131.5360977421122,443.97084701407346,443.95233710946087,136.62613517462373,136.60037644418088,3261.9164003437554,3261.917608411671,0.07186257620254573,87.0,11.0
617,31.0,131.5360977421122,131.5529075802021,443.95233710946087,443.95240123987395,136.60037644418088,136.58021098036537,3261.917608411671,3261.9186314461726,0.0553392648644993,87.0,11.0
618,31.0,131.5529075802021,131.56949666707845,443.95240123987395,443.9388613497748,136.58021098036537,136.57458453377086,3261.9186314461726,3261.9195140933093,0.053010579979312154,87.0,11.0
619,31.0,131.56949666707845,131.5854294244363,443.9388613497748,443.9364383469523,136.57458453377086,136.5658109894002,3261.9195140933093,3261.9202658753966,0.04594454839523108,87.0,11.0
620,31.0,131.5854294244363,131.5881610201165,443.9364383469523,443.92399954041394,136.5658109894002,136.57411872254875,3261.9202658753966,3261.9209075956956,0.050435945288847435,87.0,11.0
621,31.0,131.5881610201165,131.5986894136089,443.92399954041394,443.91927289220047,136.57411872254875,136.57717635429165,3261.9209075956956,3261.9214328584185,0.03757278678060949,87.0,11.0
622,31.0,131.5986894136089,131.60423018552254,443.91927289220047,443.91154590266905,136.57717635429165,136.5788499217168,3261.9214328584185,3261.921874824574,0.034757049858944365,87.0,11.0
623,31.0,131.60423018552254,131.60568148437946,443.91154590266905,443.907564463215,136.5788499217168,136.57245037438952,3261.921874824574,3261.922242848828,0.02464175468501907,87.0,11.0
624,31.0,131.60568148437946,131.60124110014414,443.907564463215,443.9096503112452,136.57245037438952,136.57650148070442,3261.922242848828,3261.922560536211,0.0214519668685892,87.0,11.0
625,31.0,131.60124110014414,131.5990596731963,443.9096503112452,443.91399458007754,136.57650148070442,136.57858127138962,3261.922560536211,3261.9228359872664,0.017771849906642618,87.0,11.0
626,31.0,131.5990596731963,131.60238401075094,443.91399458007754,443.9166163623293,136.57858127138962,136.5799496102743,3261.9228359872664,3261.923077661651,0.020184612488931532,87.0,11.0
627,31.0,131.60238401075094,131.6019267722889,443.9166163623293,443.9175659397697,136.5799496102743,136.57654967554095,3261.923077661651,3261.9232823708085,0.025545351699683357,87.0,11.0
628,31.0,131.6019267722889,131.6024111651946,443.9175659397697,443.91895716119586,136.57654967554095,136.57449052739497,3261.9232823708085,3261.923442293852,0.015195697325975508,87.0,11.0
629,31.0,131.6024111651946,131.60243080875912,443.91895716119586,443.9188503506243,136.57449052739497,136.57252419884747,3261.923442293852,3261.923576096248,0.01352365300610442,87.0,11.0
630,31.0,131.60243080875912,131.60310825071392,443.9188503506243,443.9198817901598,136.57252419884747,136.57167636040845,3261.923576096248,3261.9236864575164,0.012430301933011303,87.0,11.0
631,31.0,131.60310825071392,131.60396838302754,443.9198817901598,443.91966525453216,136.57167636040845,136.57229850748902,3261.9236864575164,3261.923774333524,0.011726216572217604,87.0,11.0
632,31.0,131.60396838302754,131.6040342779794,443.91966525453216,443.91899481906285,136.57229850748902,136.5720768110363,3261.923774333524,3261.923839141818,0.013080469729910772,87.0,11.0
633,31.0,131.6040342779794,131.60381412966152,443.91899481906285,443.91873279523526,136.5720768110363,136.57208644095965,3261.923839141818,3261.92387712338,0.017939326294822058,87.0,11.0
634,31.0,131.60381412966152,131.60379803766102,443.91873279523526,443.9187380996397,136.57208644095965,136.57211957728177,3261.92387712338,3261.923884779227,0.00685352807423182,87.0,11.0
635,31.0,138.96907930880124,138.99660291594472,462.9820737851939,463.0575823604954,132.54871875970855,132.56390707592246,3262.6024556648667,3262.6052382227435,0.3347112361221422,89.0,11.0
636,31.0,138.99660291594472,139.01900545276285,463.0575823604954,463.18358735673553,132.56390707592246,132.62498293223302,3262.6052382227435,3262.6100936450803,0.35415394428904484,89.0,11.0
637,31.0,139.01900545276285,138.9975318327929,463.18358735673553,463.28770372305564,132.62498293223302,132.64031230950494,3262.6100936450803,3262.6138118479143,0.20847486431548523,89.0,11.0
638,31.0,138.9975318327929,139.01275681511112,463.28770372305564,463.3695064743588,132.64031230950494,132.66807209090976,3262.6138118479143,3262.616879265438,0.164375138162011,89.0,11.0
639,31.0,139.01275681511112,139.00396083287507,463.3695064743588,463.4290362784685,132.66807209090976,132.70864944223547,3262.616879265438,3262.6194461431487,0.17759372642524546,89.0,11.0
640,31.0,139.00396083287507,138.9778688052395,463.4290362784685,463.46842759119215,132.70864944223547,132.74004329193244,3262.6194461431487,3262.621488001561,0.1403837640782429,89.0,11.0
641,31.0,138.9778688052395,138.93738532426056,463.46842759119215,463.4616462618884,132.74004329193244,132.75769684996004,3262.621488001561,3262.6231294964405,0.10872876303697672,89.0,11.0
642,31.0,138.93738532426056,138.90459945240175,463.4616462618884,463.4600868341434,132.75769684996004,132.7435447332678,3262.6231294964405,3262.6244722946385,0.09245866277024647,89.0,11.0
643,31.0,138.90459945240175,138.87681345690555,463.4600868341434,463.46084151080686,132.7435447332678,132.73708005278436,3262.6244722946385,3262.6255727920257,0.08863157942472878,89.0,11.0
644,31.0,138.87681345690555,138.8777091913856,463.46084151080686,463.4801612149263,132.73708005278436,132.7268088555186,3262.6255727920257,3262.6264471519808,0.05989584522983789,89.0,11.0
645,31.0,138.8777091913856,138.88369536769397,463.4801612149263,463.4963746385673,132.7268088555186,132.73033488554762,3262.6264471519808,3262.6271742138215,0.047171262257882346,89.0,11.0
646,31.0,138.88369536769397,138.89055705219673,463.4963746385673,463.50908833266493,132.73033488554762,132.73042156406484,3262.6271742138215,3262.627789133436,0.0413489644041935,89.0,11.0
647,31.0,138.89055705219673,138.90092323179852,463.50908833266493,463.51468581885547,132.73042156406484,132.72989193877808,3262.627789133436,3262.6283091217397,0.03312886680496533,89.0,11.0
648,31.0,138.90092323179852,138.9062139704369,463.51468581885547,463.52290028093086,132.72989193877808,132.73028363866052,3262.6283091217397,3262.6287556700654,0.0558785257766621,89.0,11.0
649,31.0,138.9062139704369,138.90987372319574,463.52290028093086,463.5279493631557,132.73028363866052,132.73260804133787,3262.6287556700654,3262.629084686365,0.018745508598492486,89.0,11.0
650,31.0,138.90987372319574,138.9097509072269,463.5279493631557,463.52873718139455,132.73260804133787,132.73824900116264,3262.629084686365,3262.6293763601675,0.021359286873693654,89.0,11.0
651,31.0,138.9097509072269,138.91243481294126,463.52873718139455,463.52621736729463,132.73824900116264,132.74111961169996,3262.6293763601675,3262.629626942007,0.01994377664554789,89.0,11.0
652,31.0,138.91243481294126,138.9146830491151,463.52621736729463,463.5233678862717,132.74111961169996,132.74215001746333,3262.629626942007,3262.6298406435803,0.021005528300981045,89.0,11.0
653,31.0,138.9146830491151,138.91240529762996,463.5233678862717,463.52288805205416,132.74215001746333,132.74041638057952,3262.6298406435803,3262.6300170543186,0.022832809691523688,89.0,11.0
654,31.0,138.91240529762996,138.91356953464094,463.52288805205416,463.52122177784395,132.74041638057952,132.74055306696974,3262.6300170543186,3262.6301540989216,0.018023823745105184,89.0,11.0
655,31.0,138.91356953464094,138.91416512410302,463.52122177784395,463.521255012878,132.74055306696974,132.73927682412437,3262.6301540989216,3262.630259842239,0.008387347918511662,89.0,11.0
656,31.0,138.91416512410302,138.91477638951233,463.521255012878,463.5221524075184,132.73927682412437,132.73959047510039,3262.630259842239,3262.6303503877757,0.01823325453632082,89.0,11.0
657,31.0,138.91477638951233,138.91512873892597,463.5221524075184,463.5225707633138,132.73959047510039,132.73969521973947,3262.6303503877757,3262.6304046987143,0.01950053448974246,89.0,11.0
658,31.0,138.91512873892597,138.91510341477309,463.5225707633138,463.5224616885058,132.73969521973947,132.73966651054968,3262.6304046987143,3262.6304219286653,0.013297784143411987,89.0,11.0
659,31.0,138.41144765186786,138.40439463664205,466.08860706300493,466.0925673590821,128.5274613509206,128.51018377258873,3262.7729718986175,3262.773683238444,0.034585258022289504,90.0,11.0
660,31.0,138.40439463664205,138.39211807567347,466.0925673590821,466.1037149015624,128.51018377258873,128.47870196418876,3262.773683238444,3262.7750206112737,0.07269522536069228,90.0,11.0
661,31.0,138.39211807567347,138.4018520297049,466.1037149015624,466.0977954145286,128.47870196418876,128.45110517730186,3262.7750206112737,3262.7761654019273,0.08216098816584395,90.0,11.0
662,31.0,138.4018520297049,138.41737893785694,466.0977954145286,466.0822728709324,128.45110517730186,128.4422422685962,3262.7761654019273,3262.7771006635553,0.061661178765403515,90.0,11.0
663,31.0,138.41737893785694,138.41272869375933,466.0822728709324,466.07256818597426,128.4422422685962,128.42776582849694,3262.7771006635553,3262.777834619304,0.05494345350070096,90.0,11.0
664,31.0,138.41272869375933,138.41857547386454,466.07256818597426,466.0622294053927,128.42776582849694,128.41955804794304,3262.777834619304,3262.778449188802,0.04067719910852119,90.0,11.0
665,31.0,138.41857547386454,138.429852469207,466.0622294053927,466.0586945496278,128.41955804794304,128.419974659216,3262.778449188802,3262.7789703536173,0.02922934662532493,90.0,11.0
666,31.0,138.429852469207,138.43145542419356,466.0586945496278,466.0612201997468,128.419974659216,128.4103894930968,3262.7789703536173,3262.779426555308,0.024402266873499355,90.0,11.0
667,31.0,138.43145542419356,138.4316523883005,466.0612201997468,466.0697340714877,128.4103894930968,128.41171858134516,3262.779426555308,3262.7798300912577,0.026494882206963347,90.0,11.0
668,31.0,138.4316523883005,138.42856415356425,466.0697340714877,466.0642375750423,128.41171858134516,128.40833810952122,3262.7798300912577,3262.7801782602323,0.03324879888223762,90.0,11.0
669,31.0,138.42856415356425,138.42639060329674,466.0642375750423,466.0596597297209,128.40833810952122,128.41033009988078,3262.7801782602323,3262.7804599760607,0.06486783694223552,90.0,11.0
670,31.0,138.42639060329674,138.42706091417867,466.0596597297209,466.0582795960837,128.41033009988078,128.41243325542342,3262.7804599760607,3262.78062311753,0.020963350000206746,90.0,11.0
671,31.0,138.42706091417867,138.42787064509403,466.0582795960837,466.0589742234496,128.41243325542342,128.4139208844679,3262.78062311753,3262.7807502142373,0.012196565827535068,90.0,11.0
672,31.0,138.42787064509403,138.4285819405266,466.0589742234496,466.05979060839064,128.4139208844679,128.4148240519679,3262.7807502142373,3262.780856023186,0.014154875628400525,90.0,11.0
673,31.0,138.4285819405266,138.42882523520237,466.05979060839064,466.060337644391,128.4148240519679,128.41555416423196,3262.780856023186,3262.780935703908,0.011885733692553534,90.0,11.0
674,31.0,138.42882523520237,138.42893013663564,466.060337644391,466.0608610008438,128.41555416423196,128.41534064809932,3262.780935703908,3262.7809912953417,0.012329510382772165,90.0,11.0
675,31.0,138.42893013663564,138.42880456786833,466.0608610008438,466.06069899901223,128.41534064809932,128.41518424602393,3262.7809912953417,3262.7810221507348,0.02108573512865522,90.0,11.0
676,31.0,142.54253772053454,142.54497572524457,468.9394637204843,468.93960520954187,128.49364787533898,128.49480778635058,3262.9404012460636,3262.9405367054374,0.004774834887352789,92.0,11.0
677,31.0,142.54497572524457,142.5488361428275,468.93960520954187,468.93947381234767,128.49480778635058,128.49942737075247,3262.9405367054374,3262.9408411218974,0.02116524255320068,92.0,11.0
678,31.0,142.5488361428275,142.55377022914652,468.93947381234767,468.9393116014706,128.49942737075247,128.49876211520714,3262.9408411218974,3262.941104335322,0.024880426703151007,92.0,11.0
679,31.0,142.55377022914652,142.55679878693664,468.9393116014706,468.94003466154766,128.49876211520714,128.49650170851172,3262.941104335322,3262.9413211595465,0.04532003637872428,92.0,11.0
680,31.0,142.55679878693664,142.55880334949234,468.94003466154766,468.9396296823687,128.49650170851172,128.4964432262469,3262.9413211595465,3262.941458612211,0.010625559715482067,92.0,11.0
681,31.0,142.55880334949234,142.5600003091535,468.9396296823687,468.93848753428165,128.4964432262469,128.49666937053345,3262.941458612211,3262.9415777588138,0.013257415232281125,92.0,11.0
682,31.0,142.5600003091535,142.56094230055461,468.93848753428165,468.9388811188821,128.49666937053345,128.49599932875995,3262.9415777588138,3262.9416733889575,0.017145531170073645,92.0,11.0
683,31.0,142.56094230055461,142.56119536181745,468.9388811188821,468.93825910114737,128.49599932875995,128.49601620522537,3262.9416733889575,3262.9417356845292,0.01818269217584092,92.0,11.0
684,31.0,142.56119536181745,142.5612650672357,468.93825910114737,468.93806694677767,128.49601620522537,128.49602663124423,3262.9417356845292,3262.9417617603854,0.01846937124530664,92.0,11.0
685,31.0,137.76960520492213,137.7696068999807,477.99574253146477,477.99575039779654,126.60568816902682,126.60566875307264,3263.2876325479397,3263.2876376642507,0.004865889095987542,95.0,11.0
686,31.0,136.56016303971018,136.56171517891397,480.17412062620014,480.17664444775636,126.93269259733204,126.93389276328674,3263.371454380385,3263.371601181536,0.00846132514534132,96.0,11.0
687,31.0,136.56171517891397,136.5695735584972,480.17664444775636,480.17638884551263,126.93389276328674,126.93829009164067,3263.371601181536,3263.372019233445,0.04154936064104508,96.0,11.0
688,31.0,136.5695735584972,136.5743142264645,480.17638884551263,480.17165219636433,126.93829009164067,126.93871867919601,3263.372019233445,3263.372350567605,0.024167004305336033,96.0,11.0
689,31.0,136.5743142264645,136.57318922257758,480.17165219636433,480.16666839748905,126.93871867919601,126.94071549039226,3263.372350567605,3263.3726338864317,0.035342816079578884,96.0,11.0
690,31.0,136.57318922257758,136.57162598105694,480.16666839748905,480.1665147527072,126.94071549039226,126.94422620872429,3263.3726338864317,3263.37285064579,0.02741710493405212,96.0,11.0
691,31.0,136.57162598105694,136.57409272637543,480.1665147527072,480.1660691088675,126.94422620872429,126.94527361442606,3263.37285064579,3263.37301885241,0.016990959204184825,96.0,11.0
692,31.0,136.57409272637543,136.57467182822126,480.1660691088675,480.1672481534867,126.94527361442606,126.94688330855675,3263.37301885241,3263.3731578086954,0.017065949683766693,96.0,11.0
693,31.0,136.57467182822126,136.57339170955817,480.1672481534867,480.1679876387769,126.94688330855675,126.9468439187498,3263.3731578086954,3263.3732672202136,0.011881353543338562,96.0,11.0
694,31.0,136.57339170955817,136.5732603444426,480.1679876387769,480.1682854523063,126.9468439187498,126.94581021579654,3263.3732672202136,3263.3733551150326,0.023096131195994834,96.0,11.0
695,31.0,136.5732603444426,136.5735492177319,480.1682854523063,480.1681414004512,126.94581021579654,126.94602022062304,3263.3733551150326,3263.373396526417,0.011499540522097527,96.0,11.0
696,31.0,136.5735492177319,136.57341368050362,480.1681414004512,480.1681391373153,126.94602022062304,126.94597577748898,3263.373396526417,3263.3734165861933,0.015013908573949807,96.0,11.0
697,31.0,136.56016450300297,136.56017147586232,480.1741220750635,480.1741187776158,126.93269287468055,126.9326950481395,3263.3714550596383,3263.371457679335,0.00268108,97.0,11.0
698,31.0,138.409736229235,138.40970096589496,466.0712691688851,466.071293933643,128.4269055337508,128.42683516600243,3262.7779510915298,3262.777964608435,0.01093474867882508,101.0,11.0
699,31.0,138.40975243165545,138.4097537483756,466.0712593721543,466.0712579965146,128.42692436105168,128.42691911354333,3262.777947412732,3262.7779494590477,0.0021288376461906324,102.0,11.0
700,31.0,134.81915455258752,134.81915476079547,436.79707916364987,436.79709583372534,108.52934349554246,108.52934782600798,3262.8889655679286,3262.8889700191053,0.004310893007353781,107.0,11.0
701,31.0,136.56153489194884,136.56147816088213,434.40758507266776,434.4076888644925,103.99564293799426,103.99524525398108,3263.0695203883924,3263.0695526437444,0.02260539526286667,108.0,11.0
702,31.0,136.56147816088213,136.56135813177698,434.4076888644925,434.40790038472386,103.99524525398108,103.99476628562937,3263.0695526437444,3263.0696055360377,0.016923033434988455,108.0,11.0
703,31.0,136.56135813177698,136.5614930570767,434.40790038472386,434.407935591472,103.99476628562937,103.99480817663866,3263.0696055360377,3263.069625894851,0.015191517802172799,108.0,11.0
704,31.0,136.56153711022267,136.5615440832933,434.40758448160875,434.40758262363454,103.99564182140867,103.99563831145868,3263.069521222562,3263.069523844745,0.00268342,109.0,11.0
705,31.0,138.20343412130265,138.2034027208886,432.7541504169047,432.7540317435798,106.17807855086826,106.17852825321975,3263.1760141120176,3263.1760489719454,0.002419713104784304,112.0,11.0
706,31.0,138.2034027208886,138.20301013800855,432.7540317435798,432.75419709117625,106.17852825321975,106.17980415671624,3263.1760489719454,3263.1761513366173,0.011627815318019452,112.0,11.0
707,31.0,138.20301013800855,138.20280704513613,432.75419709117625,432.75406573431457,106.17980415671624,106.17887161681399,3263.1761513366173,3263.1762321719384,0.016292829505981484,112.0,11.0
708,31.0,138.20280704513613,138.20320408792946,432.75406573431457,432.7539776985882,106.17887161681399,106.17910067395546,3263.1762321719384,3263.1762798747322,0.01632351078481561,112.0,11.0
709,31.0,138.20320408792946,138.203290755483,432.7539776985882,432.7539034060669,106.17910067395546,106.17908414121534,3263.1762798747322,3263.176297077253,0.013280814434129068,112.0,11.0
710,31.0,138.2769981254219,138.27706733797487,432.95415850153495,432.95423159601415,105.76947415354884,105.76945097260031,3263.191386041582,3263.1913969804477,0.001118861430434205,114.0,11.0
711,31.0,138.27706733797487,138.27727651159282,432.95423159601415,432.95454032938835,105.76945097260031,105.7693810952507,3263.1913969804477,3263.1914379411887,0.026289187648279415,114.0,11.0
712,31.0,139.1254339517346,139.12552963354653,432.35922625912144,432.359171318945,106.46604255959156,106.4660891392811,3263.233038793359,3263.2330564692716,0.01357275075502095,116.0,11.0
713,31.0,139.27303897349296,139.2730856612797,433.30582253879345,433.3061675956616,104.94632732541318,104.94601369271496,3263.2951434153506,3263.2951788136756,0.002897565071798544,119.0,11.0
714,31.0,139.2730856612797,139.27343935453663,433.3061675956616,433.3069759215159,104.94601369271496,104.94508320184923,3263.2951788136756,3263.295277791837,0.015662434037019772,119.0,11.0
715,31.0,139.27343935453663,139.27267442967738,433.3069759215159,433.3070665793308,104.94508320184923,104.94499992977975,3263.295277791837,3263.2953468964865,0.008845499296266246,119.0,11.0
716,31.0,139.27267442967738,139.27288253237532,433.3070665793308,433.3075302600356,104.94499992977975,104.9450325623661,3263.2953468964865,3263.2953977575917,0.019446728980964032,119.0,11.0
717,31.0,139.27288253237532,139.2729238518246,433.3075302600356,433.30758246923733,104.9450325623661,104.94509678612738,3263.2953977575917,3263.295412431513,0.011687506837331298,119.0,11.0
718,31.0,139.27303874537247,139.27303791566618,433.30582001204647,433.30581219951154,104.94632744262785,104.94632752877467,3263.295144245604,3263.2951468300307,0.002647845414438297,120.0,11.0
719,31.0,106.94703684573327,106.94705235930084,413.66314902596895,413.66313587689694,149.0675321230708,149.0675426386794,3260.5425994302664,3260.5426048631634,0.005124285916674089,123.0,11.0
720,31.0,106.94703318846595,106.94703629400237,413.6631520029714,413.66314581079604,149.0675287845941,149.0675309912403,3260.542598385838,3260.542600836324,0.002520859028553988,124.0,11.0
721,31.0,106.53138175983693,106.53142647735729,412.86842573955363,412.86839409756215,149.26390333283592,149.26393413638806,3260.5119600834014,3260.511968103745,0.0012268845253288014,128.0,11.0
722,31.0,106.53142647735729,106.5315276440894,412.86839409756215,412.86828721144474,149.26393413638806,149.2640383879957,3260.511968103745,3260.5119918866985,0.0171770940574567,128.0,11.0
723,31.0,106.53138155698771,106.53137979724629,412.86842638857325,412.868430703547,149.2639051881153,149.26390997780135,3260.5119607374363,3260.511963050582,0.002389283414697836,129.0,11.0
724,31.0,105.32743541213192,105.32741076620262,410.9710970514155,410.97116282843245,149.41401321786805,149.41382116696735,3260.4369250273658,3260.4369510866127,0.018460097493735277,133.0,11.0
725,31.0,105.32743792354002,105.32743630209029,410.97105720931796,410.97105002196594,149.4140699589965,149.4140733231217,3260.43691753796,3260.4369201769455,0.0026992216542158043,134.0,11.0
726,31.0,184.20250874254032,184.2453328248914,534.2184643895642,534.4455362597939,139.67944341597726,139.61898319507748,3265.328308318952,3265.3363037718577,0.3435128585422732,137.0,11.0
727,31.0,184.2453328248914,184.23291943441228,534.4455362597939,534.913749526828,139.61898319507748,139.4367237835392,3265.3363037718577,3265.353134940163,1.1523352316379973,137.0,11.0
728,31.0,184.23291943441228,184.13654394447406,534.913749526828,535.1126262777519,139.4367237835392,139.42694018971807,3265.353134940163,3265.360559858992,0.39880449862022443,137.0,11.0
729,31.0,184.13654394447406,183.96426303462584,535.1126262777519,535.4023114268018,139.42694018971807,139.40670462874067,3265.360559858992,3265.3719077403416,1.1248157181294913,137.0,11.0
730,31.0,183.96426303462584,183.9609591103248,535.4023114268018,535.6093784305685,139.40670462874067,139.48483333026832,3265.3719077403416,3265.37939630794,0.5693300394249241,137.0,11.0
731,31.0,183.9609591103248,184.0140411114075,535.6093784305685,535.7270919718109,139.48483333026832,139.58565180443887,3265.37939630794,3265.3849800830503,0.4619433497287798,137.0,11.0
732,31.0,184.0140411114075,183.97970785385866,535.7270919718109,535.675016144843,139.58565180443887,139.68628977165653,3265.3849800830503,3265.3890616255953,0.22283823688165477,137.0,11.0
733,31.0,183.97970785385866,183.96100737618656,535.675016144843,535.63124426145,139.68628977165653,139.7709171506478,3265.3890616255953,3265.3924390346037,0.21001248327758076,137.0,11.0
734,31.0,183.96100737618656,183.9768422351574,535.63124426145,535.5851764483176,139.7709171506478,139.83123997507735,3265.3924390346037,3265.395169883415,0.16175348829838965,137.0,11.0
735,31.0,183.9768422351574,184.00411808038444,535.5851764483176,535.549518244276,139.83123997507735,139.87532006017094,3265.395169883415,3265.397416905475,0.13299222441262534,137.0,11.0
736,31.0,184.00411808038444,183.98661985459145,535.549518244276,535.517066586448,139.87532006017094,139.91095414515408,3265.397416905475,3265.3992777253357,0.16363477024275247,137.0,11.0
737,31.0,183.98661985459145,183.97599975397802,535.517066586448,535.5520159332373,139.91095414515408,139.9197454277168,3265.3992777253357,3265.4006817074833,0.07946774456470722,137.0,11.0
738,31.0,183.97599975397802,183.95495245876185,535.5520159332373,535.5692008790036,139.9197454277168,139.90432246933076,3265.4006817074833,3265.401873296293,0.06032443339826658,137.0,11.0
739,31.0,183.95495245876185,183.94919086812098,535.5692008790036,535.5760026087539,139.90432246933076,139.87920475039942,3265.401873296293,3265.402909899499,0.077107424583903,137.0,11.0
740,31.0,183.94919086812098,183.93631138105022,535.5760026087539,535.5804305717086,139.87920475039942,139.86329369306208,3265.402909899499,3265.4037514321208,0.0542924874525212,137.0,11.0
741,31.0,183.93631138105022,183.91947441357834,535.5804305717086,535.5812868263131,139.86329369306208,139.86033633698537,3265.4037514321208,3265.4044602366143,0.046713246129806256,137.0,11.0
742,31.0,183.91947441357834,183.90832289224932,535.5812868263131,535.575836641519,139.86033633698537,139.8539027710388,3265.4044602366143,3265.4050585814507,0.04144392913555684,137.0,11.0
743,31.0,183.90832289224932,183.9050429913406,535.575836641519,535.568163292252,139.8539027710388,139.84621663889985,3265.4050585814507,3265.4055623721347,0.028094167558459164,137.0,11.0
744,31.0,183.9050429913406,183.90191649158933,535.568163292252,535.5593607640659,139.84621663889985,139.84379425398558,3265.4055623721347,3265.4060041855996,0.048933141620621234,137.0,11.0
745,31.0,183.90191649158933,183.90367805431782,535.5593607640659,535.5598528918096,139.84379425398558,139.83713432309258,3265.4060041855996,3265.406342881325,0.026513582457370115,137.0,11.0
746,31.0,183.90367805431782,183.89830177944097,535.5598528918096,535.5610926740154,139.83713432309258,139.83772040138314,3265.406342881325,3265.4066286885713,0.020487377344516233,137.0,11.0
747,31.0,183.89830177944097,183.89400699917073,535.5610926740154,535.5622903317612,139.83772040138314,139.83671889162002,3265.4066286885713,3265.4068752671083,0.021130616242348767,137.0,11.0
748,31.0,183.89400699917073,183.8957765959064,535.5622903317612,535.5603494341024,139.83671889162002,139.83421226147067,3265.4068752671083,3265.4070829818197,0.018647344202536924,137.0,11.0
749,31.0,183.8957765959064,183.8965283877678,535.5603494341024,535.5587819496689,139.83421226147067,139.8319355479563,3265.4070829818197,3265.407257728977,0.01829060234590804,137.0,11.0
750,31.0,183.8965283877678,183.89525921282214,535.5587819496689,535.5581583496061,139.8319355479563,139.83029238654484,3265.407257728977,3265.4074009285896,0.014572840353891003,137.0,11.0
751,31.0,183.89525921282214,183.89666439643418,535.5581583496061,535.5582364311558,139.83029238654484,139.8294328189286,3265.4074009285896,3265.4075190338804,0.012946310771471486,137.0,11.0
752,31.0,183.89666439643418,183.89603862500786,535.5582364311558,535.5574452273657,139.8294328189286,139.83010400814163,3265.4075190338804,3265.407614138808,0.026779249124907003,137.0,11.0
753,31.0,183.89603862500786,183.89576005751084,535.5574452273657,535.5576912966815,139.83010400814163,139.83022419388016,3265.407614138808,3265.4076559871323,0.010155920425129838,137.0,11.0
754,31.0,183.89576005751084,183.89587759275562,535.5576912966815,535.5575925024635,139.83022419388016,139.8301524923054,3265.4076559871323,3265.4076787163763,0.016574515376599527,137.0,11.0
755,31.0,184.20250874254032,184.4303965261766,534.2184643895642,534.5292275092655,139.67944341597726,139.69719236764408,3265.328308318952,3265.3411952502206,0.7245972340583169,138.0,-11.0
756,31.0,184.4303965261766,185.00669879421554,534.5292275092655,535.0945347043245,139.69719236764408,139.85193857476844,3265.3411952502206,3265.368660637465,1.7560072041811097,138.0,-11.0
757,31.0,185.00669879421554,185.51421417716008,535.0945347043245,535.440330469022,139.85193857476844,139.68961273457649,3265.368660637465,3265.389906434368,1.4181945012990544,138.0,-11.0
758,31.0,185.51421417716008,185.8485408788913,535.440330469022,535.6631262457701,139.68961273457649,139.41869791175333,3265.389906434368,3265.406139094238,0.9309620064925856,138.0,-11.0
759,31.0,185.8485408788913,185.85348771095295,535.6631262457701,535.8469311623987,139.41869791175333,139.0792389966718,3265.406139094238,3265.4190964651534,0.7572457617903989,138.0,-11.0
760,31.0,185.85348771095295,185.80950320862058,535.8469311623987,535.9622401924697,139.0792389966718,138.7987443373039,3265.4190964651534,3265.4294094577276,0.5882602173257658,138.0,-11.0
761,31.0,185.80950320862058,185.76624260005778,535.9622401924697,536.1055656945916,138.7987443373039,138.60458958517623,3265.4294094577276,3265.437689618341,0.47012682339416023,138.0,-11.0
762,31.0,185.76624260005778,185.83175753188073,536.1055656945916,536.2236833788081,138.60458958517623,138.4614613804792,3265.437689618341,3265.444366706841,0.32812978963218503,138.0,-11.0
763,31.0,185.83175753188073,185.81414022830617,536.2236833788081,536.1698177601586,138.4614613804792,138.30809204799942,3265.444366706841,3265.449941645892,0.27302735616572305,138.0,-11.0
764,31.0,185.81414022830617,185.75333586630492,536.1698177601586,536.0750227222771,138.30809204799942,138.2314563647556,3265.449941645892,3265.454614101894,0.2657594604970721,138.0,-11.0
765,31.0,185.75333586630492,185.8348480371382,536.0750227222771,536.0010104960879,138.2314563647556,138.23501807307645,3265.454614101894,3265.458424939525,0.19180717459915048,138.0,-11.0
766,31.0,185.8348480371382,185.90844131181413,536.0010104960879,536.0555304613788,138.23501807307645,138.22950225152232,3265.458424939525,3265.4616274776176,0.21630052683209283,138.0,-11.0
767,31.0,185.90844131181413,185.91712731394222,536.0555304613788,536.1261327911031,138.22950225152232,138.22192547181996,3265.4616274776176,3265.4641613120207,0.14172701622534067,138.0,-11.0
768,31.0,185.91712731394222,185.92445620415057,536.1261327911031,536.0698488466642,138.22192547181996,138.2069734566857,3265.4641613120207,3265.4662695931115,0.2032734435934739,138.0,-11.0
769,31.0,185.92445620415057,185.95914011869328,536.0698488466642,536.053449892635,138.2069734566857,138.19237207682963,3265.4662695931115,3265.4677904095397,0.10857406596779426,138.0,-11.0
770,31.0,185.95914011869328,185.9623018976809,536.053449892635,536.0546540216302,138.19237207682963,138.16041800996862,3265.4677904095397,3265.469011796769,0.07379322124271824,138.0,-11.0
771,31.0,185.9623018976809,185.9627880692759,536.0546540216302,536.0552799909673,138.16041800996862,138.1340600214163,3265.469011796769,3265.470038055197,0.061415000560950374,138.0,-11.0
772,31.0,185.9627880692759,185.98304749237585,536.0552799909673,536.0571873350101,138.1340600214163,138.1417328264253,3265.470038055197,3265.470906068912,0.06703517360040963,138.0,-11.0
773,31.0,185.98304749237585,185.9911438591784,536.0571873350101,536.0712450071942,138.1417328264253,138.14671574684104,3265.470906068912,3265.4716083120484,0.04649978376860886,138.0,-11.0
774,31.0,185.9911438591784,185.98399880694913,536.0712450071942,536.0811510576625,138.14671574684104,138.15324490277652,3265.4716083120484,3265.472200394194,0.03052347667130188,138.0,-11.0
775,31.0,185.98399880694913,185.97880544632224,536.0811510576625,536.0826582811108,138.15324490277652,138.1638440219657,3265.472200394194,3265.472722530396,0.02940586318148585,138.0,-11.0
776,31.0,185.97880544632224,185.9721702432108,536.0826582811108,536.0760029176357,138.1638440219657,138.1675595517703,3265.472722530396,3265.47317939167,0.0469994416238553,138.0,-11.0
777,31.0,185.9721702432108,185.96710950272194,536.0760029176357,536.073410645736,138.1675595517703,138.17235509283157,3265.47317939167,3265.4735367350204,0.029292117762428148,138.0,-11.0
778,31.0,185.96710950272194,185.9629385693848,536.073410645736,536.0699625657563,138.17235509283157,138.17475227555684,3265.4735367350204,3265.4738355402746,0.020584532250542603,138.0,-11.0
779,31.0,185.9629385693848,185.95993128033487,536.0699625657563,536.0676013922814,138.17475227555684,138.1778580844096,3265.4738355402746,3265.4740950533715,0.018196410731837757,138.0,-11.0
780,31.0,185.95993128033487,185.95864618317196,536.0676013922814,536.0643128399728,138.1778580844096,138.17995088829818,3265.4740950533715,3265.4743212176063,0.015064118344814595,138.0,-11.0
781,31.0,185.95864618317196,185.9557244604032,536.0643128399728,536.0626185764618,138.17995088829818,138.17917127139918,3265.4743212176063,3265.474520793527,0.02046940005845569,138.0,-11.0
782,31.0,185.9557244604032,185.95337931623112,536.0626185764618,536.0634267663148,138.17917127139918,138.18013730340104,3265.474520793527,3265.4746856729394,0.015793302164225847,138.0,-11.0
783,31.0,185.95337931623112,185.9523908903186,536.0634267663148,536.0652674184797,138.18013730340104,138.18018637256424,3265.4746856729394,3265.474824661784,0.012735493530471879,138.0,-11.0
784,31.0,185.9523908903186,185.95081302781128,536.0652674184797,536.065509246001,138.18018637256424,138.18062546017808,3265.474824661784,3265.474942884995,0.027564427946916627,138.0,-11.0
785,31.0,185.95081302781128,185.9515621487173,536.065509246001,536.0656088547428,138.18062546017808,138.1804707153695,3265.474942884995,3265.4750121692655,0.011450974277204923,138.0,-11.0
786,31.0,185.9515621487173,185.95147359452727,536.0656088547428,536.0656573906638,138.1804707153695,138.1808967344498,3265.4750121692655,3265.4750581454273,0.0208516821783202,138.0,-11.0
787,31.0,185.95147359452727,185.95143815602358,536.0656573906638,536.0656590370554,138.1808967344498,138.18086849768943,3265.4750581454273,3265.475067338572,0.00705915184176242,138.0,-11.0
788,31.0,177.26376258132814,177.26255352820834,506.2375176547489,506.23096197967095,122.4175958806837,122.41781440710766,3266.637132305778,3266.6374194875757,0.012242944939107991,142.0,11.0
789,31.0,177.26255352820834,177.26202174723068,506.23096197967095,506.21882064160917,122.41781440710766,122.42153680707247,3266.6374194875757,3266.6379724937296,0.030618375334204494,142.0,11.0
790,31.0,177.26202174723068,177.25629509726733,506.21882064160917,506.20969838339215,122.42153680707247,122.42071135564262,3266.6379724937296,3266.6384565489147,0.03173820383527714,142.0,11.0
791,31.0,177.25629509726733,177.24848503418502,506.20969838339215,506.2106419977039,122.42071135564262,122.41650109025959,3266.6384565489147,3266.638871401384,0.02989309378560564,142.0,11.0
792,31.0,177.24848503418502,177.24718475927781,506.2106419977039,506.211439964609,122.41650109025959,122.40940704833915,3266.638871401384,3266.6392234844507,0.026315538656781223,142.0,11.0
793,31.0,177.24718475927781,177.24400140488018,506.211439964609,506.2146629985226,122.40940704833915,122.41316216581075,3266.6392234844507,3266.6395225124475,0.02701930288815465,142.0,11.0
794,31.0,177.24400140488018,177.24341796602567,506.2146629985226,506.2144731390443,122.41316216581075,122.4177001128912,3266.6395225124475,3266.6397694771317,0.022958431460230244,142.0,11.0
795,31.0,177.24341796602567,177.2444934536804,506.2144731390443,506.2124726181834,122.4177001128912,122.42044358939697,3266.6397694771317,3266.6399742760345,0.01954728550998336,142.0,11.0
796,31.0,177.2444934536804,177.24246475140643,506.2124726181834,506.21074909151093,122.42044358939697,122.42119285785422,3266.6399742760345,3266.6401446457708,0.013965723983889176,142.0,11.0
797,31.0,177.24246475140643,177.2408710688126,506.21074909151093,506.20999749447276,122.42119285785422,122.41981906918129,3266.6401446457708,3266.640290942402,0.013951815097996603,142.0,11.0
798,31.0,177.2408710688126,177.23924594430468,506.20999749447276,506.210494290533,122.41981906918129,122.42016051810542,3266.640290942402,3266.6404132527614,0.014945475533945542,142.0,11.0
799,31.0,177.23924594430468,177.23849811900786,506.210494290533,506.2095232794857,122.42016051810542,122.42014806666054,3266.6404132527614,3266.6405091319084,0.02240751029279015,142.0,11.0
800,31.0,177.23849811900786,177.23834890603302,506.2095232794857,506.20908815925293,122.42014806666054,122.41990472111561,3266.6405091319084,3266.640560805774,0.023011669810003597,142.0,11.0
801,31.0,177.23834890603302,177.2383020947228,506.20908815925293,506.20906824596386,122.41990472111561,122.4199220894782,3266.640560805774,3266.6405707499016,0.008515078721096934,142.0,11.0
802,31.0,177.42438375295922,177.4240054912127,507.2399988042513,507.24039125363623,121.6202574264094,121.62029995578459,3266.680193301736,3266.680232463836,0.0023271649879661235,143.0,11.0
803,31.0,177.4240054912127,177.4232627320521,507.24039125363623,507.241495410294,121.62029995578459,121.62112928537053,3266.680232463836,3266.6803464625186,0.022408021261982054,143.0,11.0
804,31.0,177.4232627320521,177.42344085442556,507.241495410294,507.24187624315647,121.62112928537053,121.6218436306726,3266.6803464625186,3266.6804190250264,0.016728185432772026,143.0,11.0
805,31.0,177.42344085442556,177.42374500001648,507.24187624315647,507.24203709245484,121.6218436306726,121.62188525700915,3266.6804190250264,3266.6804573485206,0.024965930138186126,143.0,11.0
806,31.0,179.20885693256537,179.20891498590765,507.0333685049507,507.0333761414039,121.90669682687053,121.90660222609817,3266.740871610083,3266.740883622127,0.0011020753780088479,144.0,11.0
807,31.0,179.20891498590765,179.20897405348725,507.0333761414039,507.0334711187975,121.90660222609817,121.90626862400174,3266.740883622127,3266.740922374043,0.012740445089989012,144.0,11.0
808,31.0,179.20897405348725,179.20899641103136,507.0334711187975,507.0335663993903,121.90626862400174,121.90630088301148,3266.740922374043,3266.7409382336323,0.012441819464203054,144.0,11.0
809,31.0,179.34820061870678,179.34808283152964,508.0738062541533,508.0753241862243,126.08137721494697,126.08156038337097,3266.8844587827507,3266.8845465912373,0.002502773737166018,146.0,11.0
810,31.0,179.34808283152964,179.34787823341668,508.0753241862243,508.0788161902844,126.08156038337097,126.08124192783698,3266.8845465912373,3266.884749305452,0.017069498034291117,146.0,11.0
811,31.0,179.34787823341668,179.34916773952165,508.0788161902844,508.080463429564,126.08124192783698,126.08312847414884,3266.884749305452,3266.8849219550143,0.014022835309123063,146.0,11.0
812,31.0,179.34916773952165,179.35009311501872,508.080463429564,508.07838310909284,126.08312847414884,126.08299239622235,3266.8849219550143,3266.88507041346,0.012911734812853877,146.0,11.0
813,31.0,179.35009311501872,179.35156615636728,508.07838310909284,508.0781668100666,126.08299239622235,126.0840285238852,3266.88507041346,3266.8851966917778,0.022888040639869687,146.0,11.0
814,31.0,179.35156615636728,179.352551660252,508.0781668100666,508.0782212727424,126.0840285238852,126.08369828252243,3266.8851966917778,3266.885282100482,0.011392573137730228,146.0,11.0
815,31.0,179.352551660252,179.35308886660098,508.0782212727424,508.07854168387894,126.08369828252243,126.08396299490046,3266.885282100482,3266.8853449006438,0.03654579276306377,146.0,11.0
816,31.0,179.34820085472484,179.34820115570258,508.07380387673174,508.0737977385071,126.0813779824537,126.08138060215965,3266.884459602722,3266.8844619154156,0.0023888478240775644,147.0,11.0
817,31.0,196.25000216459392,196.25196575992675,571.4246017877621,571.4275766494966,156.86700273866194,156.86551571520954,3266.852605017551,3266.8527866930967,0.00559621187643646,150.0,11.0
818,31.0,196.25196575992675,196.25782438352405,571.4275766494966,571.4317456606227,156.86551571520954,156.8617720272003,3266.8527866930967,3266.8531710072816,0.041401591392315314,150.0,11.0
819,31.0,196.25782438352405,196.2602796008811,571.4317456606227,571.4329062324241,156.8617720272003,156.85652872834066,3266.8531710072816,3266.8534708489765,0.02559648788472402,150.0,11.0
820,31.0,196.2602796008811,196.26186260138132,571.4329062324241,571.4349668021879,156.85652872834066,156.85265527194622,3266.8534708489765,3266.8537212669517,0.016192203298019833,150.0,11.0
821,31.0,196.26186260138132,196.26236666782174,571.4349668021879,571.4386259625751,156.85265527194622,156.85130539388575,3266.8537212669517,3266.8539416365943,0.013082354201983826,150.0,11.0
822,31.0,196.26236666782174,196.26067468832844,571.4386259625751,571.4404645352045,156.85130539388575,156.84903901668423,3266.8539416365943,3266.8541384302453,0.01806219412535845,150.0,11.0
823,31.0,196.26067468832844,196.25882642967647,571.4404645352045,571.4415982175918,156.84903901668423,156.84751718955997,3266.8541384302453,3266.854303617891,0.017198633848131577,150.0,11.0
824,31.0,196.25882642967647,196.2568488341221,571.4415982175918,571.4419003499027,156.84751718955997,156.84767812649804,3266.854303617891,3266.854439220826,0.013487248320887503,150.0,11.0
825,31.0,196.2568488341221,196.25542394989333,571.4419003499027,571.4424687500921,156.84767812649804,156.84769971868494,3266.854439220826,3266.8545514901716,0.009932159700477861,150.0,11.0
826,31.0,196.25542394989333,196.25631736119328,571.4424687500921,571.443237809249,156.84769971868494,156.84792878403815,3266.8545514901716,3266.854645998358,0.009204208309942147,150.0,11.0
827,31.0,196.25631736119328,196.2568611371914,571.443237809249,571.4426729143454,156.84792878403815,156.84837414550404,3266.854645998358,3266.854723096299,0.00994584142312486,150.0,11.0
828,31.0,196.2568611371914,196.2568846505616,571.4426729143454,571.4430900436336,156.84837414550404,156.84879506371288,3266.854723096299,3266.854779970051,0.017962253819880224,150.0,11.0
829,31.0,196.2568846505616,196.25693858936637,571.4430900436336,571.4431951910149,156.84879506371288,156.84868635133586,3266.854779970051,3266.8548018269184,0.01607085220860923,150.0,11.0
830,31.0,198.24220934272225,198.24237904579076,569.0288113908072,569.0287521680709,169.43857510710922,169.4386989170293,3267.284643292494,3267.284670617465,0.01916320311652272,153.0,11.0
831,31.0,197.8432357874353,197.84311090345116,568.9635627442387,568.9635485138213,170.6166595570234,170.61850384771816,3267.3261806787496,3267.3262815879616,0.007074889092622775,154.0,11.0
832,31.0,197.84311090345116,197.8424180011577,568.9635485138213,568.9638128087511,170.61850384771816,170.62247896557363,3267.3262815879616,3267.326506571516,0.023360797798868117,154.0,11.0
833,31.0,197.8424180011577,197.84106834744915,568.9638128087511,568.9631906535506,170.62247896557363,170.62514870320894,3267.326506571516,3267.326689670739,0.020585254660873784,154.0,11.0
834,31.0,197.84106834744915,197.8416218657639,568.9631906535506,568.9646068720888,170.62514870320894,170.6268203860088,3267.326689670739,3267.3268371504437,0.016024569076297214,154.0,11.0
835,31.0,197.8416218657639,197.84277701023,568.9646068720888,568.9633845604766,170.6268203860088,170.62671449091826,3267.3268371504437,3267.3269570615234,0.028649043115000404,154.0,11.0
836,31.0,197.84277701023,197.84226777678114,568.9633845604766,568.9628504509539,170.62671449091826,170.6267597723633,3267.3269570615234,3267.327023860675,0.024766073144226294,154.0,11.0
837,31.0,197.84226777678114,197.8422855851464,568.9628504509539,568.9628210307237,170.6267597723633,170.62663687378762,3267.327023860675,3267.327042367036,0.014080169867776198,154.0,11.0
838,31.0,198.50881261663272,198.50987916852606,569.8460650899358,569.8475617816462,169.99943570311112,170.0003419232823,3267.368410053812,3267.3685198967282,0.00529870707175072,156.0,11.0
839,31.0,198.50987916852606,198.51331705049046,569.8475617816462,569.8499948304749,170.0003419232823,170.00177648363717,3267.3685198967282,3267.3687615683993,0.01686161600622048,156.0,11.0
840,31.0,198.51331705049046,198.51520797234804,569.8499948304749,569.8524132784497,170.00177648363717,169.99970886595426,3267.3687615683993,3267.3689722573827,0.020082421864564163,156.0,11.0
841,31.0,198.51520797234804,198.51509245026568,569.8524132784497,569.8496747161021,169.99970886595426,169.9988479731387,3267.3689722573827,3267.3691473770973,0.014260365840249119,156.0,11.0
842,31.0,198.51509245026568,198.51362492537447,569.8496747161021,569.8488365341553,169.9988479731387,169.99725120633536,3267.3691473770973,3267.3692978720856,0.017519917967555223,156.0,11.0
843,31.0,198.51362492537447,198.51232489895517,569.8488365341553,569.8487240473312,169.99725120633536,169.9983315783289,3267.3692978720856,3267.369418230975,0.02240940658007101,156.0,11.0
844,31.0,198.51232489895517,198.51153283629722,569.8487240473312,569.8485074421945,169.9983315783289,169.99880044749244,3267.369418230975,3267.369497995176,0.01118673513237361,156.0,11.0
845,31.0,198.51153283629722,198.51104622607716,569.8485074421945,569.8487690524156,169.99880044749244,169.9990259682242,3267.369497995176,3267.369555126497,0.011636753548143936,156.0,11.0
846,31.0,198.51104622607716,198.5112827521112,569.8487690524156,569.8486164235633,169.9990259682242,169.99895934667558,3267.369555126497,3267.3695886917317,0.016557034430975608,156.0,11.0
847,31.0,198.5112827521112,198.51125781503646,569.8486164235633,569.8486040436396,169.99895934667558,169.99894971572968,3267.3695886917317,3267.369595180012,0.005963453362961734,156.0,11.0
848,31.0,184.1123825416291,184.11251653472343,535.1603011908838,535.1603522807476,139.42742778495187,139.42743921019763,3265.362349718631,3265.3623699006375,0.015086584815289262,160.0,11.0
849,31.0,184.11319647429835,184.11320287187775,535.1604978123667,535.1604975348589,139.42730024052324,139.4272961279893,3265.3623736277355,3265.362376156252,0.0025949929778143594,163.0,11.0
850,31.0,105.46942414697887,105.4699039608416,424.9318418861943,424.9402514913393,150.40333374239245,150.40441535995546,14.317171372197686,14.317522521310725,0.010542409734079439,166.0,11.0
851,31.0,105.4699039608416,105.46832576965559,424.9402514913393,424.95667748647764,150.40441535995546,150.4030158054463,14.317522521310725,14.318211896756864,0.045279712245262324,166.0,11.0
852,31.0,105.46832576965559,105.47268071156581,424.95667748647764,424.9687734506779,150.4030158054463,150.40728526653544,14.318211896756864,14.318794795579171,0.04006172536755169,166.0,11.0
853,31.0,105.47268071156581,105.47496240039109,424.9687734506779,424.9596497080949,150.40728526653544,150.41302965815962,14.318794795579171,14.319286784709389,0.049291645694278755,166.0,11.0
854,31.0,105.47496240039109,105.47384814184552,424.9596497080949,424.9563268810169,150.41302965815962,150.40569414867036,14.319286784709389,14.3196719638554,0.02832148962374927,166.0,11.0
855,31.0,105.47384814184552,105.47231399062557,424.9563268810169,424.95363867450834,150.40569414867036,150.39986797327427,14.3196719638554,14.319998750038051,0.021823894356027856,166.0,11.0
856,31.0,105.47231399062557,105.46801330882813,424.95363867450834,424.9516336703352,150.39986797327427,150.39710643298616,14.319998750038051,14.320282252439997,0.036230951704122674,166.0,11.0
857,31.0,105.46801330882813,105.46539096217339,424.9516336703352,424.9536077784872,150.39710643298616,150.39904407803394,14.320282252439997,14.32049756893224,0.024810805834468888,166.0,11.0
858,31.0,105.46539096217339,105.46287169937598,424.9536077784872,424.9547773710914,150.39904407803394,150.39927927475017,14.32049756893224,14.320668914541672,0.018736212222177532,166.0,11.0
859,31.0,105.46287169937598,105.46438198776248,424.9547773710914,424.95335989641916,150.39927927475017,150.39908806533418,14.320668914541672,14.320807986166255,0.017129751981233933,166.0,11.0
860,31.0,105.46438198776248,105.4652395168664,424.95335989641916,424.9535279005263,150.39908806533418,150.39789481125953,14.320807986166255,14.320917403706135,0.016670478763189812,166.0,11.0
861,31.0,105.4652395168664,105.46555871079981,424.9535279005263,424.95425079164,150.39789481125953,150.39838298604244,14.320917403706135,14.320996155926416,0.011835693569867814,166.0,11.0
862,31.0,105.46555871079981,105.46506998463758,424.95425079164,424.95400183728134,150.39838298604244,150.39825854410995,14.320996155926416,14.321050860909047,0.010840160826967147,166.0,11.0
863,31.0,105.46506998463758,105.46491820174325,424.95400183728134,424.9539256311308,150.39825854410995,150.3980347446677,14.321050860909047,14.321083716079107,0.019514262460809506,166.0,11.0
864,31.0,105.46491820174325,105.46491340605385,424.9539256311308,424.9539254049515,150.3980347446677,150.3980286088509,14.321083716079107,14.321086285575202,0.002633752029799874,166.0,11.0
865,31.0,107.50440681694242,107.50438556931553,433.47239691672866,433.4621024322323,150.75862380950224,150.7551286460069,13.949287538673973,13.949718646649377,0.020285050955934896,167.0,11.0
866,31.0,107.50438556931553,107.49336542493822,433.4621024322323,433.4441378795248,150.7551286460069,150.75072366512893,13.949718646649377,13.950580366923267,0.04293236400849044,167.0,11.0
867,31.0,107.49336542493822,107.50026314618121,433.4441378795248,433.42998977346826,150.75072366512893,150.74106240086115,13.950580366923267,13.951336291401988,0.04233258982027197,167.0,11.0
868,31.0,107.50026314618121,107.49621361064473,433.42998977346826,433.4237502444249,150.74106240086115,150.727393917747,13.951336291401988,13.951990561323962,0.05681557532659926,167.0,11.0
869,31.0,107.49621361064473,107.4940886042951,433.4237502444249,433.42106922696655,150.727393917747,150.71602522646484,13.951990561323962,13.95251341921223,0.030051909790410256,167.0,11.0
870,31.0,107.4940886042951,107.4848701428175,433.42106922696655,433.41785693592044,150.71602522646484,150.71835734270078,13.95251341921223,13.95296946324584,0.02489801270003296,167.0,11.0
871,31.0,107.4848701428175,107.47661789580893,433.41785693592044,433.42016354310533,150.71835734270078,150.71779550645525,13.95296946324584,13.953371792143697,0.01756365804869843,167.0,11.0
872,31.0,107.47661789580893,107.47176519220548,433.42016354310533,433.42550229256085,150.71779550645525,150.7153839850132,13.953371792143697,13.953737221383816,0.02385043503688202,167.0,11.0
873,31.0,107.47176519220548,107.46724780886355,433.42550229256085,433.4299096571638,150.7153839850132,150.71479432080096,13.953737221383816,13.954053991949563,0.03618712536864942,167.0,11.0
874,31.0,107.46724780886355,107.46952974858036,433.4299096571638,433.43366532525243,150.71479432080096,150.71354782388553,13.954053991949563,13.954300497048148,0.013872275205204933,167.0,11.0
875,31.0,107.46952974858036,107.47047731200182,433.43366532525243,433.4374277815946,150.71354782388553,150.71284441378847,13.954300497048148,13.954521305582235,0.05737862154555433,167.0,11.0
876,31.0,107.47047731200182,107.47177888043859,433.4374277815946,433.4365490597699,150.71284441378847,150.71220405495086,13.954521305582235,13.954641758150013,0.01301377021475085,167.0,11.0
877,31.0,107.47177888043859,107.47280835045562,433.4365490597699,433.4368931302515,150.71220405495086,150.71157586046732,13.954641758150013,13.954739199972265,0.01728178474303363,167.0,11.0
878,31.0,107.47280835045562,107.47238662825214,433.4368931302515,433.4363825368599,150.71157586046732,150.71135507035814,13.954739199972265,13.954803265966857,0.011794098153069034,167.0,11.0
879,31.0,107.47238662825214,107.4720360216198,433.4363825368599,433.4364830761165,150.71135507035814,150.71133934718375,13.954803265966857,13.954843083042979,0.01882285273848711,167.0,11.0
880,31.0,107.4720360216198,107.47203006633609,433.4364830761165,433.4364932151925,150.71133934718375,150.71137505803935,13.954843083042979,13.954850794281283,0.006894887087794923,167.0,11.0
