,event,xi,xf,yi,yf,zi,zf,ti,tf,E,ParticleID,PDG
0,22.0,115.0,115.01040471923072,475.0,473.6144334519212,150.0,149.9983893372685,0.0,0.0817025191218876,6.1388992436013226,1.0,321.0
1,22.0,115.01040471923072,115.01181189569638,473.6144334519212,473.4287681354193,149.9983893372685,149.99741022394304,0.0817025191218876,0.09290138989369541,0.7807769675549177,1.0,321.0
2,22.0,115.01181189569638,115.0155288018133,473.4287681354193,472.2035840207952,149.99741022394304,149.97904226718896,0.09290138989369541,0.1671222684418585,6.055826121222588,1.0,321.0
3,22.0,115.0155288018133,115.05559695953966,472.2035840207952,471.10823916566204,149.97904226718896,149.92558054119016,0.1671222684418585,0.235245871558727,4.944710584163473,1.0,321.0
4,22.0,115.05559695953966,115.08999472375281,471.10823916566204,470.1128005481061,149.92558054119016,149.87360153366762,0.235245871558727,0.2985045045639155,4.898712292322223,1.0,321.0
5,22.0,115.08999472375281,115.10039444121158,470.1128005481061,469.5274922171173,149.87360153366762,149.83972657984182,0.2985045045639155,0.33656219476476656,2.9652879404940227,1.0,321.0
6,22.0,115.10039444121158,115.09459729198394,469.5274922171173,468.6885291604427,149.83972657984182,149.79086376718706,0.33656219476476656,0.39199608961034643,4.728078697131736,1.0,321.0
7,22.0,115.09459729198394,115.067532877428,468.6885291604427,467.93689915962113,149.79086376718706,149.72472032960408,0.39199608961034643,0.4430566459678761,4.361206208350085,1.0,321.0
8,22.0,115.067532877428,115.05331772070883,467.93689915962113,467.678720360201,149.72472032960408,149.6998947356502,0.4430566459678761,0.4610645050641303,1.5839366089830957,1.0,321.0
9,22.0,115.05331772070883,115.01948510442355,467.678720360201,467.0286573380082,149.6998947356502,149.64390083361934,0.4610645050641303,0.5067886841031074,3.9067676644907467,1.0,321.0
10,22.0,115.01948510442355,114.99690154499572,467.0286573380082,466.441107489875,149.64390083361934,149.59437441308134,0.5067886841031074,0.5491087260327874,4.092427712538798,1.0,321.0
11,22.0,114.99690154499572,114.96950612116942,466.441107489875,465.9166171770051,149.59437441308134,149.55366326855713,0.5491087260327874,0.5879484979653772,3.437125731590512,1.0,321.0
12,22.0,114.96950612116942,114.94743176606183,465.9166171770051,465.44319782700904,149.55366326855713,149.5093971072342,0.5879484979653772,0.623931169218596,3.1262553536176947,1.0,321.0
13,22.0,114.94743176606183,114.92393050050646,465.44319782700904,465.0138400527796,149.5093971072342,149.47130836349632,0.623931169218596,0.6573662907901793,2.929616134083688,1.0,321.0
14,22.0,114.92393050050646,114.90211287076504,465.0138400527796,464.6241930235309,149.47130836349632,149.43633334708636,0.6573662907901793,0.6884601453591898,2.8716095513079005,1.0,321.0
15,22.0,114.90211287076504,114.88210747158732,464.6241930235309,464.27320091674744,149.43633334708636,149.39194482683288,0.6884601453591898,0.7173047895586597,2.63427069563989,1.0,321.0
16,22.0,114.88210747158732,114.86279693794684,464.27320091674744,463.955338400391,149.39194482683288,149.3484197186049,0.7173047895586597,0.7441276062012547,2.867442968911522,1.0,321.0
17,22.0,114.86279693794684,114.84696490234369,463.955338400391,463.67112371066,149.3484197186049,149.31076417022743,0.7441276062012547,0.7687965723081209,2.180294382249523,1.0,321.0
18,22.0,114.84696490234369,114.83481243167651,463.67112371066,463.41214203401444,149.31076417022743,149.2716256844034,0.7687965723081209,0.7918620354298743,2.6057745092724627,1.0,321.0
19,22.0,114.83481243167651,114.83064872985986,463.41214203401444,463.18054910175624,149.2716256844034,149.24046990644368,0.7918620354298743,0.8130516881498149,2.352918520684809,1.0,321.0
20,22.0,114.83064872985986,114.8330215022614,463.18054910175624,462.9732411443996,149.24046990644368,149.21218013440446,0.8130516881498149,0.8325873789617303,2.2744106530596473,1.0,321.0
21,22.0,114.8330215022614,114.83699461231156,462.9732411443996,462.78873858014305,149.21218013440446,149.1830130729581,0.8325873789617303,0.8505620391958423,1.9944520993980517,1.0,321.0
22,22.0,114.83699461231156,114.83847519306543,462.78873858014305,462.623086338537,149.1830130729581,149.1553515722814,0.8505620391958423,0.8671998246317515,1.9974112443885128,1.0,321.0
23,22.0,114.83847519306543,114.83774656694463,462.623086338537,462.47534172464054,149.1553515722814,149.12918508697422,0.8671998246317515,0.8825301470221575,1.7587394242067145,1.0,321.0
24,22.0,114.83774656694463,114.8332597185431,462.47534172464054,462.34264823537677,149.12918508697422,149.10451320102098,0.8825301470221575,0.8967364466443871,1.7181888740575788,1.0,321.0
25,22.0,114.8332597185431,114.82868622768703,462.34264823537677,462.2234055837804,149.10451320102098,149.0848393969255,0.8967364466443871,0.9098705728101221,1.5826773462608121,1.0,321.0
26,22.0,114.82868622768703,114.82440905214405,462.2234055837804,462.1147291509412,149.0848393969255,149.08014576094976,0.9098705728101221,0.92204098275388,1.5356394508493598,1.0,321.0
27,22.0,114.82440905214405,114.82090147100458,462.1147291509412,462.0172853791407,149.08014576094976,149.07634986093768,0.92204098275388,0.9332991839759913,1.4929092856215627,1.0,321.0
28,22.0,114.82090147100458,114.81825514974692,462.0172853791407,461.9302880609574,149.07634986093768,149.07152591777074,0.9332991839759913,0.9436931726120342,1.294560328682076,1.0,321.0
29,22.0,114.81825514974692,114.81688834678849,461.9302880609574,461.8518360727156,149.07152591777074,149.06694498679622,0.9436931726120342,0.9533569178089648,1.2172387842918018,1.0,321.0
30,22.0,114.81688834678849,114.81611705336368,461.8518360727156,461.78105421455336,149.06694498679622,149.06240326455261,0.9533569178089648,0.9623519380367096,1.2607346375958473,1.0,321.0
31,22.0,114.81611705336368,114.81612988682889,461.78105421455336,461.71777012208065,149.06240326455261,149.0583753179645,0.9623519380367096,0.9706750689988525,1.0879424730033374,1.0,321.0
32,22.0,114.81612988682889,114.81562397260879,461.71777012208065,461.6605260604015,149.0583753179645,149.05567794626398,0.9706750689988525,0.9784371337430864,1.1444643248155018,1.0,321.0
33,22.0,114.81562397260879,114.81706124045638,461.6605260604015,461.6093713594607,149.05567794626398,149.0547633820049,0.9784371337430864,0.9856293684180241,0.8937417749639887,1.0,321.0
34,22.0,114.81706124045638,114.81854513074293,461.6093713594607,461.56272706149264,149.0547633820049,149.05355702537423,0.9856293684180241,0.992392058500367,1.055826153324373,1.0,321.0
35,22.0,114.81854513074293,114.82002843254244,461.56272706149264,461.5211622574063,149.05355702537423,149.05113943120952,0.992392058500367,0.9986657115745051,0.9604378228117767,1.0,321.0
36,22.0,114.82002843254244,114.82099072560781,461.5211622574063,461.4839407678402,149.05113943120952,149.04796264238357,0.9986657115745051,1.0045127298958427,0.9635987171828853,1.0,321.0
37,22.0,114.82099072560781,114.82237925987765,461.4839407678402,461.45074284218225,149.04796264238357,149.0453607574903,1.0045127298958427,1.0099505386684762,0.8105641726435019,1.0,321.0
38,22.0,114.82237925987765,114.82328863857144,461.45074284218225,461.42075019768697,149.0453607574903,149.04253989437368,1.0099505386684762,1.015060230234086,0.7881978741324068,1.0,321.0
39,22.0,114.82328863857144,114.82458599003198,461.42075019768697,461.393608835336,149.04253989437368,149.04088381123077,1.015060230234086,1.0198666334070248,0.7786306839567342,1.0,321.0
40,22.0,114.82458599003198,114.82662437711227,461.393608835336,461.36922314459014,149.04088381123077,149.03926198011138,1.0198666334070248,1.0243905118277645,0.7638201555026758,1.0,321.0
41,22.0,114.82662437711227,114.8285680572011,461.36922314459014,461.347329245231,149.03926198011138,149.03744815741132,1.0243905118277645,1.028655808624734,0.791908020814632,1.0,321.0
42,22.0,114.8285680572011,114.83075281710221,461.347329245231,461.327918104071,149.03744815741132,149.03505305632612,1.028655808624734,1.032675125256063,0.719044861729419,1.0,321.0
43,22.0,114.83075281710221,114.83330537115826,461.327918104071,461.31065626680464,149.03505305632612,149.0321636904409,1.032675125256063,1.0364936554184316,0.6758621819317103,1.0,321.0
44,22.0,114.83330537115826,114.83540206115592,461.31065626680464,461.29511391575625,149.0321636904409,149.0292352352386,1.0364936554184316,1.0401464342539206,0.7589279827941151,1.0,321.0
45,22.0,114.83540206115592,114.83752172604727,461.29511391575625,461.28140054737844,149.0292352352386,149.02639659519446,1.0401464342539206,1.043644438462639,0.7793742973920083,1.0,321.0
46,22.0,114.83752172604727,114.83977870647338,461.28140054737844,461.2695150012173,149.02639659519446,149.02334576163457,1.043644438462639,1.047024196877228,0.75278335559775,1.0,321.0
47,22.0,114.83977870647338,114.84214922133204,461.2695150012173,461.2590388128091,149.02334576163457,149.0212364872738,1.047024196877228,1.0503331902846227,0.8026692908689937,1.0,321.0
48,22.0,114.84214922133204,114.84475125084414,461.2590388128091,461.25018650976244,149.0212364872738,149.02076050652846,1.0503331902846227,1.0535963121287213,0.8880853403589598,1.0,321.0
49,22.0,114.84475125084414,114.8465655265722,461.25018650976244,461.2439375226221,149.02076050652846,149.0204792135256,1.0535963121287213,1.0565483288067143,1.124455309764716,1.0,321.0
50,22.0,114.8465655265722,114.84668982802134,461.2439375226221,461.24349635775644,149.0204792135256,149.0204502060373,1.0565483288067143,1.057064059959077,0.18467526209597285,1.0,321.0
51,22.0,114.84668982802134,114.84668882230912,461.24349635775644,461.2434459462361,149.0204502060373,149.0204661008909,1.057064059959077,1.057233291944195,0.03325994859775183,1.0,321.0
52,22.0,115.01181189569638,115.00945375293081,473.4287681354193,473.4217814614004,149.99741022394304,149.99640217039308,0.09290138989369541,0.09321552545630768,0.0168800516023123,2.0,11.0
53,22.0,115.00945375293081,115.00677579174905,473.4217814614004,473.40823887003825,149.99640217039308,149.99364023045902,0.09321552545630768,0.09381735248607363,0.05095856191318782,2.0,11.0
54,22.0,115.00677579174905,115.0075414551739,473.40823887003825,473.4011171980168,149.99364023045902,149.98548575838907,0.09381735248607363,0.0943032726571226,0.027671992792679304,2.0,11.0
55,22.0,115.0075414551739,115.00793102074135,473.4011171980168,473.3935561541184,149.98548575838907,149.9802481235134,0.0943032726571226,0.09472865993487911,0.025901347285120446,2.0,11.0
56,22.0,115.00793102074135,115.01314608211726,473.3935561541184,473.3907348119543,149.9802481235134,149.9752716974943,0.09472865993487911,0.09509916397095954,0.03238528878714849,2.0,11.0
57,22.0,115.01314608211726,115.01592142787597,473.3907348119543,473.3871261691651,149.9752716974943,149.9713220527269,0.09509916397095954,0.09540378777640611,0.022580281139736973,2.0,11.0
58,22.0,115.01592142787597,115.01820755465151,473.3871261691651,473.38279250344766,149.9713220527269,149.9717595165802,0.09540378777640611,0.09566450150519416,0.021424466254854994,2.0,11.0
59,22.0,115.01820755465151,115.01640092573629,473.38279250344766,473.37944401453234,149.9717595165802,149.972788418233,0.09566450150519416,0.0958852371084564,0.017718579369374026,2.0,11.0
60,22.0,115.01640092573629,115.01423234801203,473.37944401453234,473.37716419032984,149.972788418233,149.97331579428868,0.0958852371084564,0.09607417614529604,0.017422010349150276,2.0,11.0
61,22.0,115.01423234801203,115.01551911201689,473.37716419032984,473.3766786098143,149.97331579428868,149.97122391252236,0.09607417614529604,0.0962328177953006,0.01675586339708393,2.0,11.0
62,22.0,115.01551911201689,115.01541837014243,473.3766786098143,473.3785384602271,149.97122391252236,149.97152745078637,0.0962328177953006,0.09636266243969961,0.010820354002619654,2.0,11.0
63,22.0,115.01541837014243,115.01636318054906,473.3785384602271,473.3782373727505,149.97152745078637,149.97038761380963,0.09636266243969961,0.0964737266135508,0.020914532538250655,2.0,11.0
64,22.0,115.01636318054906,115.01640929981974,473.3782373727505,473.3785247907878,149.97038761380963,149.97115762638072,0.0964737266135508,0.0965459294454975,0.01797615654741665,2.0,11.0
65,22.0,115.01640929981974,115.01634661752624,473.3785247907878,473.37841078110534,149.97115762638072,149.97144183817232,0.0965459294454975,0.09658145598512173,0.012407502310813657,2.0,11.0
66,22.0,115.01634661752624,115.0162899841124,473.37841078110534,473.3783485621346,149.97144183817232,149.971454447866,0.09658145598512173,0.09659527278344435,0.011131098351763104,2.0,11.0
67,22.0,115.10039444121158,115.09687906129088,469.5274922171173,469.52104777297865,149.83972657984182,149.83754842117918,0.33656219476476656,0.33688381029739306,0.0145825887655143,3.0,11.0
68,22.0,115.09687906129088,115.0878867952104,469.52104777297865,469.50953571677064,149.83754842117918,149.83603429598574,0.33688381029739306,0.3375071810981481,0.037569729897284534,3.0,11.0
69,22.0,115.0878867952104,115.077370581176,469.50953571677064,469.50856709125867,149.83603429598574,149.84225477892326,0.3375071810981481,0.3380438895284662,0.047801681423336295,3.0,11.0
70,22.0,115.077370581176,115.07089021617666,469.50856709125867,469.51515456456644,149.84225477892326,149.8436878301283,0.3380438895284662,0.3384746476116072,0.022300826277027227,3.0,11.0
71,22.0,115.07089021617666,115.0664355740031,469.51515456456644,469.51927323819456,149.8436878301283,149.83835375602732,0.3384746476116072,0.33885789243075826,0.025539923719750078,3.0,11.0
72,22.0,115.0664355740031,115.05989089091727,469.51927323819456,469.5204039331484,149.83835375602732,149.8391957909162,0.33885789243075826,0.33918844152473293,0.01191364151195473,3.0,11.0
73,22.0,115.05989089091727,115.06219025528958,469.5204039331484,469.51582909480646,149.8391957909162,149.83591903636972,0.33918844152473293,0.3394950950134868,0.020810890224582563,3.0,11.0
74,22.0,115.06219025528958,115.06466996591834,469.51582909480646,469.5125754152406,149.83591903636972,149.83295469620305,0.3394950950134868,0.3397611419182545,0.021846970703244473,3.0,11.0
75,22.0,115.06466996591834,115.06687039140029,469.5125754152406,469.50963276057854,149.83295469620305,149.83126110453304,0.3397611419182545,0.33998621675403934,0.01650405868813878,3.0,11.0
76,22.0,115.06687039140029,115.06442022038888,469.50963276057854,469.5073827063167,149.83126110453304,149.83098555269495,0.33998621675403934,0.3401814968127116,0.02764254905904052,3.0,11.0
77,22.0,115.06442022038888,115.06258100120036,469.5073827063167,469.50849697222765,149.83098555269495,149.83030951862264,0.3401814968127116,0.34032871725226216,0.017265312120938583,3.0,11.0
78,22.0,115.06258100120036,115.06234527782506,469.50849697222765,469.5084378362866,149.83030951862264,149.8286907513429,0.34032871725226216,0.340446209481345,0.014660340457330985,3.0,11.0
79,22.0,115.06234527782506,115.06331223705374,469.5084378362866,469.50904630808816,149.8286907513429,149.8286381254123,0.340446209481345,0.3405375177646715,0.01669091865229722,3.0,11.0
80,22.0,115.06331223705374,115.06339017229554,469.50904630808816,469.50936305039005,149.8286381254123,149.82915880686087,0.3405375177646715,0.3405958835966381,0.021645805115783172,3.0,11.0
81,22.0,115.06339017229554,115.06345664188537,469.50936305039005,469.5094532204821,149.82915880686087,149.82914609108846,0.3405958835966381,0.3406128052219872,0.013106655836092461,3.0,11.0
82,22.0,114.84668882230912,114.98985020147256,461.2434459462361,460.8164841295082,149.0204661008909,149.14416473023243,5.8745814058019254,5.899812230051177,1.817909344320132,4.0,211.0
83,22.0,114.98985020147256,115.14453563202046,460.8164841295082,460.32409214616354,149.14416473023243,149.29509021925853,5.899812230051177,5.92952976571523,2.0340036409584057,4.0,211.0
84,22.0,115.14453563202046,115.29687954742433,460.32409214616354,459.8802354245322,149.29509021925853,149.42467767315122,5.92952976571523,5.957007561581264,2.2163559498509464,4.0,211.0
85,22.0,115.29687954742433,115.32858625154033,459.8802354245322,459.8010380176198,149.42467767315122,149.44783430287256,5.957007561581264,5.962122755158648,0.29647530870122735,4.0,211.0
86,22.0,115.32858625154033,115.34712675580215,459.8010380176198,459.7565873371952,149.44783430287256,149.46204620812233,5.962122755158648,5.965053264804513,0.20820455178783198,4.0,211.0
87,22.0,115.34712675580215,115.49222461809013,459.7565873371952,459.3991114006938,149.46204620812233,149.57412913769144,5.965053264804513,5.988693592219789,1.836484824660422,4.0,211.0
88,22.0,115.49222461809013,115.5159631530621,459.3991114006938,459.3375455138286,149.57412913769144,149.59868382844724,5.988693592219789,5.992939103703724,0.40701963621427323,4.0,211.0
89,22.0,115.5159631530621,115.61790578997832,459.3375455138286,459.0390586885379,149.59868382844724,149.73850592640503,5.992939103703724,6.013949658497731,1.371814662079701,4.0,211.0
90,22.0,115.61790578997832,115.71386673812177,459.0390586885379,458.7646190632353,149.73850592640503,149.8632848351294,6.013949658497731,6.03359108704761,1.6735630974700018,4.0,211.0
91,22.0,115.71386673812177,115.78959558770782,458.7646190632353,458.51867576392186,149.8632848351294,149.9802320520398,6.03359108704761,6.051601113185461,1.4288514219930997,4.0,211.0
92,22.0,115.78959558770782,115.85797000290684,458.51867576392186,458.2980670762624,149.9802320520398,150.08871214947578,6.051601113185461,6.0682536908066975,1.306532255609356,4.0,211.0
93,22.0,115.85797000290684,115.91361786649524,458.2980670762624,458.0984483838387,150.08871214947578,150.19098108345392,6.0682536908066975,6.083694743009295,1.5976431421710695,4.0,211.0
94,22.0,115.91361786649524,115.95531327599834,458.0984483838387,457.9222669330187,150.19098108345392,150.2829981676869,6.083694743009295,6.097696120167903,1.4635813697810423,4.0,211.0
95,22.0,115.95531327599834,115.99058851149712,457.9222669330187,457.76428789971044,150.2829981676869,150.3591468661594,6.097696120167903,6.110422380732448,1.018120001912403,4.0,211.0
96,22.0,115.99058851149712,116.00952709066323,457.76428789971044,457.6165243034485,150.3591468661594,150.42497599824557,6.110422380732448,6.122286267451852,1.0490466718177436,4.0,211.0
97,22.0,116.00952709066323,116.0229795003919,457.6165243034485,457.4803589189134,150.42497599824557,150.4788824122727,6.122286267451852,6.1332822716623046,1.0846551557019561,4.0,211.0
98,22.0,116.0229795003919,116.03685904679318,457.4803589189134,457.3595237511969,150.4788824122727,150.52878416060176,6.1332822716623046,6.143402617402621,0.8680551787766094,4.0,211.0
99,22.0,116.03685904679318,116.0444620439077,457.3595237511969,457.24834568236895,150.52878416060176,150.5720509191975,6.143402617402621,6.1528385281155575,0.7747086622558833,4.0,211.0
100,22.0,116.0444620439077,116.04833756156604,457.24834568236895,457.1475970794351,150.5720509191975,150.61433124669495,6.1528385281155575,6.161676824302368,1.0933339467739955,4.0,211.0
101,22.0,116.04833756156604,116.05291958281207,457.1475970794351,457.059190950533,150.61433124669495,150.6504924779148,6.161676824302368,6.169694261523002,0.758225769391723,4.0,211.0
102,22.0,116.05291958281207,116.05468466760708,457.059190950533,456.9792189860526,150.6504924779148,150.68372646495945,6.169694261523002,6.177158761022284,0.7296064805400904,4.0,211.0
103,22.0,116.05468466760708,116.05371306708693,456.9792189860526,456.90581276671,150.68372646495945,150.71110138161427,6.177158761022284,6.184104651227015,0.7811379162839408,4.0,211.0
104,22.0,116.05371306708693,116.05361169309762,456.90581276671,456.84033726042225,150.71110138161427,150.73567702048433,6.184104651227015,6.190510884430236,0.6049090033729959,4.0,211.0
105,22.0,116.05361169309762,116.05362876014765,456.84033726042225,456.7819332682401,150.73567702048433,150.7612027706868,6.190510884430236,6.196510999684498,0.6274840696512416,4.0,211.0
106,22.0,116.05362876014765,116.0574566052323,456.7819332682401,456.730092612362,150.7612027706868,150.78603856252946,6.196510999684498,6.202101436997026,0.5758755143553165,4.0,211.0
107,22.0,116.0574566052323,116.06038909332199,456.730092612362,456.6825244464212,150.78603856252946,150.80748041330034,6.202101436997026,6.207326950587331,0.5549604335480606,4.0,211.0
108,22.0,116.06038909332199,116.06196388442577,456.6825244464212,456.63846655301074,150.80748041330034,150.8247729933499,6.207326950587331,6.212211479754635,0.46203985409304094,4.0,211.0
109,22.0,116.06196388442577,116.06526626435684,456.63846655301074,456.59687097252873,150.8247729933499,150.8368740141746,6.212211479754635,6.216820653243974,0.4971474935488544,4.0,211.0
110,22.0,116.06526626435684,116.06667867027117,456.59687097252873,456.558995182173,150.8368740141746,150.84791745558323,6.216820653243974,6.221142872995527,0.6647108650774877,4.0,211.0
111,22.0,116.06667867027117,116.06762778100726,456.558995182173,456.5267159392009,150.84791745558323,150.85998253558063,6.221142872995527,6.2250978078346595,0.4889866462167307,4.0,211.0
112,22.0,116.06762778100726,116.06488845178019,456.5267159392009,456.49892228794715,150.85998253558063,150.87348696670472,6.2250978078346595,6.22879558247504,0.45916725840990447,4.0,211.0
113,22.0,116.06488845178019,116.0625643019979,456.49892228794715,456.4741352769091,150.87348696670472,150.88628785128424,6.22879558247504,6.232263077974796,0.3974036656254432,4.0,211.0
114,22.0,116.0625643019979,116.06022845598667,456.4741352769091,456.4512891932848,150.88628785128424,150.89741031134378,6.232263077974796,6.235541296359786,0.41103672802570734,4.0,211.0
115,22.0,116.06022845598667,116.05931212224152,456.4512891932848,456.430441917536,150.89741031134378,150.90734227774072,6.235541296359786,6.23863512147129,0.4399455467955103,4.0,211.0
116,22.0,116.05931212224152,116.05873838401722,456.430441917536,456.4120041326407,150.90734227774072,150.91676400485622,6.23863512147129,6.241546216392391,0.4639165180829626,4.0,211.0
117,22.0,116.05873838401722,116.05843734410416,456.4120041326407,456.39618451577763,150.91676400485622,150.9261278445736,6.241546216392391,6.244283195404612,0.3446725905317338,4.0,211.0
118,22.0,116.05843734410416,116.0584231790265,456.39618451577763,456.38125416926306,150.9261278445736,150.93379828949816,6.244283195404612,6.246904609507471,0.3703678356373949,4.0,211.0
119,22.0,116.0584231790265,116.0594978862049,456.38125416926306,456.3677596030566,150.93379828949816,150.94067586714192,6.246904609507471,6.24941666201747,0.4301751997843616,4.0,211.0
120,22.0,116.0594978862049,116.06118842071203,456.3677596030566,456.3555454988867,150.94067586714192,150.94609633690237,6.24941666201747,6.251823944798099,0.42661772213136584,4.0,211.0
121,22.0,116.06118842071203,116.0627294898414,456.3555454988867,456.34490355660273,150.94609633690237,150.9511913286462,6.251823944798099,6.254154226356952,0.40557679709739336,4.0,211.0
122,22.0,116.0627294898414,116.06471211515459,456.34490355660273,456.33542579530683,150.9511913286462,150.95517132366814,6.254154226356952,6.256435796396759,0.4240002300933814,4.0,211.0
123,22.0,116.06471211515459,116.06669244419341,456.33542579530683,456.32731705338995,150.95517132366814,150.9581738607948,6.256435796396759,6.258670247997459,0.5326504713950004,4.0,211.0
124,22.0,116.06669244419341,116.06785790513352,456.32731705338995,456.3224232041669,150.9581738607948,150.9604396258684,6.258670247997459,6.260505096293079,0.6627222521884818,4.0,211.0
125,22.0,116.06785790513352,116.0679034775246,456.3224232041669,456.3223595399263,150.9604396258684,150.96046835474561,6.260505096293079,6.2606150323307315,0.044706121311388514,4.0,211.0
126,22.0,114.84668882230912,114.86982860713815,461.2434459462361,461.2884880900293,149.0204661008909,148.95198204921672,5.8745814058019254,5.881961222591108,0.7109281293319565,5.0,-211.0
127,22.0,114.86982860713815,114.88882402460362,461.2884880900293,461.32653477897475,148.95198204921672,148.88758559072352,5.881961222591108,5.888837445065227,0.7948148166518069,5.0,-211.0
128,22.0,114.88882402460362,114.90448603951197,461.32653477897475,461.3593364984762,148.88758559072352,148.82932165276875,5.888837445065227,5.895166676831357,0.7931857345551596,5.0,-211.0
129,22.0,114.90448603951197,114.91845092134312,461.3593364984762,461.38620379443336,148.82932165276875,148.7767422471077,5.895166676831357,5.900968122045599,0.5862001429117809,5.0,-211.0
130,22.0,114.91845092134312,114.93066377648158,461.38620379443336,461.40890227612834,148.7767422471077,148.72806408218315,5.900968122045599,5.906391973566975,0.6142627394436726,5.0,-211.0
131,22.0,114.93066377648158,114.9399439050156,461.40890227612834,461.42927673138286,148.72806408218315,148.68390061130088,5.906391973566975,5.9114323525142645,0.5781119033423817,5.0,-211.0
132,22.0,114.9399439050156,114.9482765664543,461.42927673138286,461.4509015955311,148.68390061130088,148.64584700663926,5.9114323525142645,5.916124039246525,0.5301151959469641,5.0,-211.0
133,22.0,114.9482765664543,114.95202525178267,461.4509015955311,461.47257916807513,148.64584700663926,148.61213988751916,5.916124039246525,5.920507244394841,0.4850827176816557,5.0,-211.0
134,22.0,114.95202525178267,114.95129632529878,461.47257916807513,461.49102446227926,148.61213988751916,148.5806284035819,5.920507244394841,5.924618404271509,0.505736344317602,5.0,-211.0
135,22.0,114.95129632529878,114.95232034202802,461.49102446227926,461.5072223616823,148.5806284035819,148.55207391350703,5.924618404271509,5.928457148193838,0.38625453535927495,5.0,-211.0
136,22.0,114.95232034202802,114.95373794174085,461.5072223616823,461.5217587655437,148.55207391350703,148.52565580902166,5.928457148193838,5.932096191816814,0.40877231097608835,5.0,-211.0
137,22.0,114.95373794174085,114.9553634046492,461.5217587655437,461.53430282213264,148.52565580902166,148.50121854513574,5.932096191816814,5.935532599424289,0.45096663224434774,5.0,-211.0
138,22.0,114.9553634046492,114.95653820298642,461.53430282213264,461.54583505526205,148.50121854513574,148.47935238988953,5.935532599424289,5.938757429332639,0.4236544457644943,5.0,-211.0
139,22.0,114.95653820298642,114.95698063673528,461.54583505526205,461.55558006180246,148.47935238988953,148.459273206877,5.938757429332639,5.941796766438085,0.4234851643819504,5.0,-211.0
140,22.0,114.95698063673528,114.95660836370068,461.55558006180246,461.5646979335429,148.459273206877,148.44139689401695,5.941796766438085,5.944665367715618,0.4390683117689971,5.0,-211.0
141,22.0,114.95660836370068,114.95510267808852,461.5646979335429,461.57331037355635,148.44139689401695,148.4257604635554,5.944665367715618,5.947374414142702,0.41347127467067935,5.0,-211.0
142,22.0,114.95510267808852,114.95332305340742,461.57331037355635,461.5810376527552,148.4257604635554,148.4118105554961,5.947374414142702,5.9499515133787515,0.4002748956236983,5.0,-211.0
143,22.0,114.95332305340742,114.95098144778311,461.5810376527552,461.58785617778994,148.4118105554961,148.39936842946688,5.9499515133787515,5.952420452011344,0.4206123829640314,5.0,-211.0
144,22.0,114.95098144778311,114.9487974663216,461.58785617778994,461.5944102635265,148.39936842946688,148.38863181807466,5.952420452011344,5.954800018820967,0.41040824169360424,5.0,-211.0
145,22.0,114.9487974663216,114.94615371356743,461.5944102635265,461.5994078481979,148.38863181807466,148.3788520094036,5.954800018820967,5.957118922367737,0.46065716677695484,5.0,-211.0
146,22.0,114.94615371356743,114.94392258125349,461.5994078481979,461.6035426583797,148.3788520094036,148.37041648499846,5.957118922367737,5.9593945500735375,0.4716311848167685,5.0,-211.0
147,22.0,114.94392258125349,114.94198623662587,461.6035426583797,461.6064321581124,148.37041648499846,148.36371700840644,5.9593945500735375,5.961566270749507,0.6590028593307943,5.0,-211.0
148,22.0,114.94198623662587,114.94154094671751,461.6064321581124,461.60648233140535,148.36371700840644,148.36234345539742,5.961566270749507,5.962316766489147,0.2886595644594573,5.0,-211.0
149,22.0,114.84668882230912,114.67073739758871,461.2434459462361,461.4865666477841,149.0204661008909,149.08503560535132,5.8745814058019254,5.893771327853858,1.6961364226074203,6.0,211.0
150,22.0,114.67073739758871,114.50678195374346,461.4865666477841,461.70037750760974,149.08503560535132,149.13063906037073,5.893771327853858,5.911320404315956,1.5907799613131006,6.0,211.0
151,22.0,114.50678195374346,114.3596089553647,461.70037750760974,461.8915258813023,149.13063906037073,149.16133059527812,5.911320404315956,5.9273728933367344,1.2873527407816336,6.0,211.0
152,22.0,114.3596089553647,114.22560167614066,461.8915258813023,462.06326604052686,149.16133059527812,149.19183088695473,5.9273728933367344,5.942245882468124,1.2787818385984084,6.0,211.0
153,22.0,114.22560167614066,114.11040835770795,462.06326604052686,462.22012763497924,149.19183088695473,149.22789327189707,5.942245882468124,5.955977885242183,1.230019771425809,6.0,211.0
154,22.0,114.11040835770795,114.01274832216818,462.22012763497924,462.361055230897,149.22789327189707,149.27445934086802,5.955977885242183,5.968642829471073,1.3097746452057355,6.0,211.0
155,22.0,114.01274832216818,113.92059803638135,462.361055230897,462.48010152285843,149.27445934086802,149.32011553404527,5.968642829471073,5.980203822626705,1.194682324089485,6.0,211.0
156,22.0,113.92059803638135,113.83266239428008,462.48010152285843,462.58059845677906,149.32011553404527,149.36098705966995,5.980203822626705,5.990786244755846,1.2023084153196637,6.0,211.0
157,22.0,113.83266239428008,113.75245931458149,462.58059845677906,462.6639810153414,149.36098705966995,149.4021820474937,5.990786244755846,6.0004110383311895,0.8296014898853147,6.0,211.0
158,22.0,113.75245931458149,113.68218456741701,462.6639810153414,462.7407346880872,149.4021820474937,149.44291002789845,6.0004110383311895,6.009392097722589,0.9532948349404579,6.0,211.0
159,22.0,113.68218456741701,113.62248614674874,462.7407346880872,462.81171159356256,149.44291002789845,149.47930854388966,6.009392097722589,6.0176519267576705,0.7615499495027973,6.0,211.0
160,22.0,113.62248614674874,113.56994822822033,462.81171159356256,462.8769014846267,149.47930854388966,149.5134257678835,6.0176519267576705,6.02535051099975,0.7244765087170821,6.0,211.0
161,22.0,113.56994822822033,113.52339094473896,462.8769014846267,462.93585327686424,149.5134257678835,149.54636807912954,6.02535051099975,6.032528178303762,0.6268617153209276,6.0,211.0
162,22.0,113.52339094473896,113.4815349832858,462.93585327686424,462.9873073521911,149.54636807912954,149.58155063559798,6.032528178303762,6.039265946118116,0.7409014354679421,6.0,211.0
163,22.0,113.4815349832858,113.44571819148352,462.9873073521911,463.03428583435533,149.58155063559798,149.613700153995,6.039265946118116,6.045497546318563,0.6730630640282683,6.0,211.0
164,22.0,113.44571819148352,113.4134147630114,463.03428583435533,463.0766894719237,149.613700153995,149.64233958875604,6.045497546318563,6.0512830819232954,0.5626186896462052,6.0,211.0
165,22.0,113.4134147630114,113.38426644150687,463.0766894719237,463.11440631215316,149.64233958875604,149.67007268329183,6.0512830819232954,6.056706477172207,0.6912941148787083,6.0,211.0
166,22.0,113.38426644150687,113.35932274327897,463.11440631215316,463.1469307548746,149.67007268329183,149.69674510327854,6.056706477172207,6.061699235339548,0.5105970155340888,6.0,211.0
167,22.0,113.35932274327897,113.33709361292304,463.1469307548746,463.1750710645759,149.69674510327854,149.72315856572766,6.061699235339548,6.066384780283946,0.5382275290623267,6.0,211.0
168,22.0,113.33709361292304,113.31845308783952,463.1750710645759,463.20060332370747,149.72315856572766,149.74794670680265,6.066384780283946,6.07075730680394,0.5766717018988712,6.0,211.0
169,22.0,113.31845308783952,113.30325931066591,463.20060332370747,463.22444553236744,149.74794670680265,149.76985249116169,6.07075730680394,6.074807837235453,0.5702451072085962,6.0,211.0
170,22.0,113.30325931066591,113.28928053333664,463.22444553236744,463.2466242281853,149.76985249116169,149.78742476106993,6.074807837235453,6.078554763226177,0.5488158486081491,6.0,211.0
171,22.0,113.28928053333664,113.27591444481497,463.2466242281853,463.26644227982376,149.78742476106993,149.80206222113776,6.078554763226177,6.082024981105162,0.5093988058055883,6.0,211.0
172,22.0,113.27591444481497,113.26330660295892,463.26644227982376,463.2828600298147,149.80206222113776,149.81586207319123,6.082024981105162,6.0852542849441855,0.40980847826771577,6.0,211.0
173,22.0,113.26330660295892,113.25026200034763,463.2828600298147,463.2970021115531,149.81586207319123,149.82756718304782,6.0852542849441855,6.088302968170242,0.46841257084336263,6.0,211.0
174,22.0,113.25026200034763,113.2378135467757,463.2970021115531,463.3094761486217,149.82756718304782,149.8370704784139,6.088302968170242,6.091161838629071,0.3875746012631401,6.0,211.0
175,22.0,113.2378135467757,113.22659904183597,463.3094761486217,463.32123028243393,149.8370704784139,149.84507797018327,6.091161838629071,6.093878743288501,0.39548283764415604,6.0,211.0
176,22.0,113.22659904183597,113.21640012648706,463.32123028243393,463.33189045167376,149.84507797018327,149.85202147570803,6.093878743288501,6.096466556321838,0.394683141404751,6.0,211.0
177,22.0,113.21640012648706,113.208087844546,463.33189045167376,463.3419959787883,149.85202147570803,149.8585881019631,6.096466556321838,6.098943639056328,0.3714275405300912,6.0,211.0
178,22.0,113.208087844546,113.20154361656026,463.3419959787883,463.35129641309993,149.8585881019631,149.86526998808063,6.098943639056328,6.101335630389826,0.4323156029658218,6.0,211.0
179,22.0,113.20154361656026,113.19518523445979,463.35129641309993,463.359324485799,149.86526998808063,149.87075407200436,6.101335630389826,6.103654655719967,0.43866161919381286,6.0,211.0
180,22.0,113.19518523445979,113.18874772094034,463.359324485799,463.3659748576998,149.87075407200436,149.8747141132934,6.103654655719967,6.105925476409814,0.4733109383036431,6.0,211.0
181,22.0,113.18874772094034,113.1830446981913,463.3659748576998,463.37123680921985,149.8747141132934,149.8771606568627,6.105925476409814,6.108121423711417,0.5672108014410201,6.0,211.0
182,22.0,113.1830446981913,113.18089863118739,463.37123680921985,463.37362204288047,149.8771606568627,149.87760484963604,6.108121423711417,6.109387450984376,0.5012472555022409,6.0,211.0
183,22.0,113.18089863118739,113.18089098593668,463.37362204288047,463.3736274908348,149.87760484963604,149.8775983213891,6.109387450984376,6.109422807574006,0.009826832902860905,6.0,211.0
184,22.0,113.18089098593668,113.17425004306094,463.3736274908348,463.376463851462,149.8775983213891,149.90020467848007,31.71701240996736,31.719929340515034,0.3344504110792656,8.0,-13.0
185,22.0,113.17425004306094,113.16788538877105,463.376463851462,463.38008602892404,149.90020467848007,149.92054106840564,31.719929340515034,31.722694654913884,0.3381812105014749,8.0,-13.0
186,22.0,113.16788538877105,113.16198891894729,463.38008602892404,463.38352632068944,149.92054106840564,149.93892642011443,31.722694654913884,31.725317860097295,0.4368161113917162,8.0,-13.0
187,22.0,113.16198891894729,113.15665258373045,463.38352632068944,463.3852812797765,149.93892642011443,149.9552172136875,31.725317860097295,31.72777695198016,0.3616404717922492,8.0,-13.0
188,22.0,113.15665258373045,113.15135760411397,463.3852812797765,463.38582708060613,149.9552172136875,149.9697039344571,31.72777695198016,31.730119112510202,0.4005349301043082,8.0,-13.0
189,22.0,113.15135760411397,113.14631753934013,463.38582708060613,463.38647995360316,149.9697039344571,149.98232797056338,31.730119112510202,31.732354537452874,0.3533483712542906,8.0,-13.0
190,22.0,113.14631753934013,113.1414160444195,463.38647995360316,463.3881518982559,149.98232797056338,149.9932893386997,31.732354537452874,31.73451838996537,0.39825441477760243,8.0,-13.0
191,22.0,113.1414160444195,113.13671775270932,463.3881518982559,463.39101506739974,149.9932893386997,150.00226707792535,31.73451838996537,31.73662726642592,0.4124275335628198,8.0,-13.0
192,22.0,113.13671775270932,113.13346071301973,463.39101506739974,463.3937435558311,150.00226707792535,150.00993093775423,31.73662726642592,31.738683336557465,0.5000067545848077,8.0,-13.0
193,22.0,113.13346071301973,113.13177789125818,463.3937435558311,463.3952456551245,150.00993093775423,150.01426146792116,31.738683336557465,31.74023864536961,0.5478772000572842,8.0,-13.0
194,22.0,113.13177789125818,113.13175145025086,463.3952456551245,463.3952728831654,150.01426146792116,150.0143183271148,31.74023864536961,31.74032569003501,0.01736511045918924,8.0,-13.0
195,22.0,113.13175145025086,113.13174346306414,463.3952728831654,463.39528217003897,150.0143183271148,150.01434150101915,31.74032569003501,31.740372260493192,0.007040367661260591,8.0,-13.0
196,22.0,113.13174346306414,113.13173786317016,463.39528217003897,463.3952788931846,150.01434150101915,150.01435495274993,31.740372260493192,31.740406371528483,0.011869772712035678,8.0,-13.0
197,22.0,113.13173786317016,114.15904365621252,463.3952788931846,462.6391451166037,150.01435495274993,150.72923771549833,762.8534814851624,762.9022589705687,2.626157216928771,11.0,-11.0
198,22.0,114.15904365621252,114.21535874790982,462.6391451166037,462.59325136641684,150.72923771549833,150.7663151511848,762.9022589705687,762.9049797305953,0.11988556479443967,11.0,-11.0
199,22.0,114.21535874790982,114.5401937326885,462.59325136641684,462.31136736359304,150.7663151511848,150.97623362836867,762.9049797305953,762.9209444064774,0.8286159888211949,11.0,-11.0
200,22.0,114.5401937326885,115.41473195414994,462.31136736359304,461.56406683289833,150.97623362836867,151.51697600817863,762.9209444064774,762.9633459126457,2.5952083745724224,11.0,-11.0
201,22.0,115.41473195414994,115.46183015965671,461.56406683289833,461.52936953081235,151.51697600817863,151.54527041423336,762.9633459126457,762.9655136315063,0.19930613961903168,11.0,-11.0
202,22.0,115.46183015965671,116.04021776617431,461.52936953081235,461.1114050340576,151.54527041423336,151.8683840162075,762.9655136315063,762.991645330001,1.5763524081387787,11.0,-11.0
203,22.0,116.04021776617431,117.60608789734479,461.1114050340576,459.47941342775414,151.8683840162075,152.95663730815178,762.991645330001,763.0753754683695,4.82190808182711,11.0,-11.0
204,22.0,117.60608789734479,118.56005602898895,459.47941342775414,458.15821636639396,152.95663730815178,153.66218900905386,763.0753754683695,763.1346251122936,3.9433841187940533,11.0,-11.0
205,22.0,118.56005602898895,118.5805234686533,458.15821636639396,458.1038904377647,153.66218900905386,153.72228355075083,763.1346251122936,763.1374134171465,0.16868764303757652,11.0,-11.0
206,22.0,118.5805234686533,118.77728955802198,458.1038904377647,457.16336598287336,153.72228355075083,154.74497766406935,763.1374134171465,763.1842423795728,2.53731661218383,11.0,-11.0
207,22.0,118.77728955802198,118.8206610521432,457.16336598287336,457.03473921389025,154.74497766406935,155.05416223345944,763.1842423795728,763.1955127715091,0.6042773832697107,11.0,-11.0
208,22.0,118.8206610521432,118.84034612724072,457.03473921389025,456.9045509228922,155.05416223345944,155.33725064624716,763.1955127715091,763.2059339902283,0.49362055364834134,11.0,-11.0
209,22.0,118.84034612724072,119.18576513417217,456.9045509228922,456.48973233769595,155.33725064624716,156.54599166636208,763.2059339902283,763.250123103747,2.4555277539647964,11.0,-11.0
210,22.0,119.18576513417217,119.2496223884895,456.48973233769595,456.42986879121673,156.54599166636208,156.62596667867624,763.250123103747,763.2540822530088,0.22237306858359196,11.0,-11.0
211,22.0,119.2496223884895,119.39157341737935,456.42986879121673,456.2840443999747,156.62596667867624,156.78333579622978,763.2540822530088,763.2626740403275,0.5169369763035506,11.0,-11.0
212,22.0,119.39157341737935,119.8469889483458,456.2840443999747,455.89875614500363,156.78333579622978,157.22927384992363,763.2626740403275,763.2875685089095,1.3127444875324803,11.0,-11.0
213,22.0,119.8469889483458,119.68528711992398,455.89875614500363,455.8582130867233,157.22927384992363,157.36110820398537,763.2875685089095,763.2946787995229,0.3704904891426043,11.0,-11.0
214,22.0,119.68528711992398,119.58564974222301,455.8582130867233,455.8088865130329,157.36110820398537,157.5047460889601,763.2946787995229,763.3007611676527,0.28147941243020375,11.0,-11.0
215,22.0,119.58564974222301,119.48884997278279,455.8088865130329,455.5698780009899,157.5047460889601,157.77560523978417,763.3007611676527,763.3133171306058,0.8748028384737109,11.0,-11.0
216,22.0,119.48884997278279,119.42355298706798,455.5698780009899,455.40400191879445,157.77560523978417,157.99436207110523,763.3133171306058,763.3228252633288,0.8624497914660763,11.0,-11.0
217,22.0,119.42355298706798,119.34420068933744,455.40400191879445,455.2543859745477,157.99436207110523,158.08714668973317,763.3228252633288,763.3293801295138,0.47449240255377656,11.0,-11.0
218,22.0,119.34420068933744,119.28071768299733,455.2543859745477,455.141826763847,158.08714668973317,158.02090406491547,763.3293801295138,763.3343500380718,0.24837309212356365,11.0,-11.0
219,22.0,119.28071768299733,119.23146629269438,455.141826763847,455.0589068658566,158.02090406491547,158.09342185813995,763.3343500380718,763.3385082034487,0.24309400232263567,11.0,-11.0
220,22.0,119.23146629269438,119.21221866347578,455.0589068658566,455.0006512650134,158.09342185813995,158.16874065275155,763.3385082034487,763.3418889333741,0.2420653811671561,11.0,-11.0
221,22.0,119.21221866347578,119.23427362454109,455.0006512650134,454.9664487896889,158.16874065275155,158.2309975188845,763.3418889333741,763.344516815219,0.181275973360325,11.0,-11.0
222,22.0,119.23427362454109,119.25661829382648,454.9664487896889,454.9556531444056,158.2309975188845,158.28333141561922,763.344516815219,763.3465993445548,0.141618366411066,11.0,-11.0
223,22.0,119.25661829382648,119.28945631162267,454.9556531444056,454.95399585710646,158.28333141561922,158.31484244881904,763.3465993445548,763.348270167407,0.11637889380566267,11.0,-11.0
224,22.0,119.28945631162267,119.31120353939032,454.95399585710646,454.9274600163808,158.31484244881904,158.32502843723017,763.348270167407,763.3496146447301,0.07852045740598984,11.0,-11.0
225,22.0,119.31120353939032,119.33462324110708,454.9274600163808,454.9096109500245,158.32502843723017,158.32653358833593,763.3496146447301,763.3507465291964,0.05548556275272951,11.0,-11.0
226,22.0,119.33462324110708,119.34539114080974,454.9096109500245,454.8873110847756,158.32653358833593,158.33129131620836,763.3507465291964,763.3517334535052,0.05995267927746947,11.0,-11.0
227,22.0,119.34539114080974,119.36321367185334,454.8873110847756,454.8767336066977,158.33129131620836,158.33021153421748,763.3517334535052,763.3525671758857,0.042611515259068374,11.0,-11.0
228,22.0,119.36321367185334,119.37345186570312,454.8767336066977,454.86454635672646,158.33021153421748,158.32242454858917,763.3525671758857,763.3532956067315,0.051855764656639956,11.0,-11.0
229,22.0,119.37345186570312,119.37559608202348,454.86454635672646,454.8629215011808,158.32242454858917,158.30847397525116,763.3532956067315,763.3539004266912,0.03409050008959955,11.0,-11.0
230,22.0,119.37559608202348,119.37166410297434,454.8629215011808,454.87239274888435,158.30847397525116,158.30220857296234,763.3539004266912,763.354426843701,0.03760528534994251,11.0,-11.0
231,22.0,119.37166410297434,119.37016131452644,454.87239274888435,454.88200884914795,158.30220857296234,158.30227212143,763.354426843701,763.354869995525,0.028669149723030928,11.0,-11.0
232,22.0,119.37016131452644,119.36689031640415,454.88200884914795,454.8887793113298,158.30227212143,158.29927234357984,763.354869995525,763.3552521898492,0.03575991086432336,11.0,-11.0
233,22.0,119.36689031640415,119.36114826898843,454.8887793113298,454.88677941163417,158.29927234357984,158.3004736764504,763.3552521898492,763.3555618764279,0.03656937890013659,11.0,-11.0
234,22.0,119.36114826898843,119.35816174582331,454.88677941163417,454.88484309472835,158.3004736764504,158.29780513986725,763.3555618764279,763.3558021187492,0.023069655649392944,11.0,-11.0
235,22.0,119.35816174582331,119.35499200196611,454.88484309472835,454.8855335084405,158.29780513986725,158.2966117816765,763.3558021187492,763.3560012874758,0.017275308446415394,11.0,-11.0
236,22.0,119.35499200196611,119.35283654708685,454.8855335084405,454.8851800873529,158.2966117816765,158.29490229065146,763.3560012874758,763.3561710838518,0.01584269738528272,11.0,-11.0
237,22.0,119.35283654708685,119.35247509597177,454.8851800873529,454.8831470055364,158.29490229065146,158.29416592659055,763.3561710838518,763.3563148132378,0.018779788723437586,11.0,-11.0
238,22.0,119.35247509597177,119.35375635275986,454.8831470055364,454.8838216911211,158.29416592659055,158.29360798770097,763.3563148132378,763.3564278638339,0.00916662194740783,11.0,-11.0
239,22.0,119.35375635275986,119.35443507998392,454.8838216911211,454.8844194503462,158.29360798770097,158.29447573040898,763.3564278638339,763.3565253768526,0.011778523926258291,11.0,-11.0
240,22.0,119.35443507998392,119.35398728375121,454.8844194503462,454.88515736404133,158.29447573040898,158.2946459381877,763.3565253768526,763.3566014690405,0.01673893552092585,11.0,-11.0
241,22.0,119.35398728375121,119.353902749519,454.88515736404133,454.8854275724566,158.2946459381877,158.29491568211375,763.3566014690405,763.3566438222929,0.021489954214217382,11.0,-11.0
242,22.0,119.353902749519,119.35389545339402,454.8854275724566,454.88540765521986,158.29491568211375,158.2949256131823,763.3566438222929,763.3566496729426,0.004617608752698614,11.0,-11.0
243,22.0,118.56005602898895,118.56030505366864,458.15821636639396,458.15679226998753,153.66218900905386,153.68208739700182,763.1346251122936,763.1353640498829,0.061993979895227314,19.0,11.0
244,22.0,118.56030505366864,118.55292139132844,458.15679226998753,458.1532639284377,153.68208739700182,153.71711553891836,763.1353640498829,763.1367144722925,0.070827139731316,19.0,11.0
245,22.0,118.55292139132844,118.5410942529639,458.1532639284377,458.12861032759395,153.71711553891836,153.73034475948793,763.1367144722925,763.1378768062657,0.10517091417334658,19.0,11.0
246,22.0,118.5410942529639,118.53390427883168,458.12861032759395,458.1161805536009,153.73034475948793,153.7130524118556,763.1378768062657,763.1387710120285,0.04037700504549305,19.0,11.0
247,22.0,118.53390427883168,118.51611870250807,458.1161805536009,458.1169706839643,153.7130524118556,153.70493863870246,763.1387710120285,763.1395649453284,0.06275948902498797,19.0,11.0
248,22.0,118.51611870250807,118.51984965736474,458.1169706839643,458.1255950223317,153.70493863870246,153.69294788943796,763.1395649453284,763.1402076778239,0.04276754313372915,19.0,11.0
249,22.0,118.51984965736474,118.51052079566875,458.1255950223317,458.12624147618374,153.69294788943796,153.6847302624343,763.1402076778239,763.1407513018643,0.03245436228688274,19.0,11.0
250,22.0,118.51052079566875,118.50311847575388,458.12624147618374,458.1200720589948,153.6847302624343,153.68070805816234,763.1407513018643,763.1412221964118,0.1540931209171828,19.0,11.0
251,22.0,118.50311847575388,118.50166868094925,458.1200720589948,458.1184623484702,153.68070805816234,153.68226087766726,763.1412221964118,763.1413881161616,0.013854957108576732,19.0,11.0
252,22.0,118.50166868094925,118.50168188875469,458.1184623484702,458.1179087646341,153.68226087766726,153.68433185609007,763.1413881161616,763.1415301845918,0.010229770585117301,19.0,11.0
253,22.0,118.50168188875469,118.50302767549366,458.1179087646341,458.11675017391724,153.68433185609007,153.68425554780723,763.1415301845918,763.1416546739158,0.012904190229695123,19.0,11.0
254,22.0,118.50302767549366,118.50221412742931,458.11675017391724,458.1169196002219,153.68425554780723,153.68321012332012,763.1416546739158,763.1417565209292,0.018879564535643233,19.0,11.0
255,22.0,118.50221412742931,118.50284339185615,458.1169196002219,458.11719740834076,153.68321012332012,153.68343648913182,763.1417565209292,763.1418223193828,0.014707044616174393,19.0,11.0
256,22.0,118.50284339185615,118.50272087334193,458.11719740834076,458.1171660328823,153.68343648913182,153.6831478161152,763.1418223193828,763.1418580613323,0.021542444533138007,19.0,11.0
257,22.0,118.50272087334193,118.50272026273015,458.1171660328823,458.1171658157506,153.6831478161152,153.68314236025495,763.1418580613323,763.1418600856596,0.002107066434212712,19.0,11.0
258,22.0,119.2496223884895,119.26435187245838,456.42986879121673,456.4296780156904,156.62596667867624,156.62446450775684,763.2540822530088,763.254650286367,0.018410220491562792,24.0,11.0
259,22.0,119.26435187245838,119.29271287358408,456.4296780156904,456.4303700243102,156.62446450775684,156.6244794839489,763.254650286367,763.2557450774277,0.04872316962794023,24.0,11.0
260,22.0,119.29271287358408,119.31132858425251,456.4303700243102,456.4316559312568,156.6244794839489,156.60832705689631,763.2557450774277,763.2567145802553,0.048892219028640126,24.0,11.0
261,22.0,119.31132858425251,119.32739337152948,456.4316559312568,456.44437967326456,156.60832705689631,156.60335348903445,763.2567145802553,763.2575610746459,0.06162752021628575,24.0,11.0
262,22.0,119.32739337152948,119.34007753980794,456.44437967326456,456.4516176105176,156.60335348903445,156.6115560564593,763.2575610746459,763.2582570684381,0.046024530925699546,24.0,11.0
263,22.0,119.34007753980794,119.34213436175484,456.4516176105176,456.4582527081426,156.6115560564593,156.62333822398455,763.2582570684381,763.2588446372758,0.038806645564924164,24.0,11.0
264,22.0,119.34213436175484,119.33539941500445,456.4582527081426,456.46267360549564,156.62333822398455,156.63114934795928,763.2588446372758,763.2593439305211,0.03299807632269146,24.0,11.0
265,22.0,119.33539941500445,119.32829047180628,456.46267360549564,456.466296038011,156.63114934795928,156.63582080312042,763.2593439305211,763.2597707800112,0.019175157910011686,24.0,11.0
266,22.0,119.32829047180628,119.32317296009462,456.466296038011,456.4667930144927,156.63582080312042,156.64214652954144,763.2597707800112,763.2601567871195,0.06087904803510879,24.0,11.0
267,22.0,119.32317296009462,119.32259609877488,456.4667930144927,456.4631516265913,156.64214652954144,156.6455091859864,763.2601567871195,763.2604203462597,0.02038962509451924,24.0,11.0
268,22.0,119.32259609877488,119.32287364339808,456.4631516265913,456.4634149490395,156.6455091859864,156.6495439359253,763.2604203462597,763.2606457088739,0.015702769661085945,24.0,11.0
269,22.0,119.32287364339808,119.3213819401107,456.4634149490395,456.4641987578907,156.6495439359253,156.65247138221136,763.2606457088739,763.2608426914741,0.020190959474004216,24.0,11.0
270,22.0,119.3213819401107,119.31942394150596,456.4641987578907,456.46585866782806,156.65247138221136,156.65261987686262,763.2608426914741,763.2610043891166,0.015828828726268705,24.0,11.0
271,22.0,119.31942394150596,119.31804438230347,456.46585866782806,456.46702541314073,156.65261987686262,156.65180136692453,763.2610043891166,763.2611388718464,0.016385624777431086,24.0,11.0
272,22.0,119.31804438230347,119.3176264601664,456.46702541314073,456.46834969026133,156.65180136692453,156.65206610554134,763.2611388718464,763.2612448732942,0.019977026235762783,24.0,11.0
273,22.0,119.3176264601664,119.317495045262,456.46834969026133,456.4690724490109,156.65206610554134,156.6518618921122,763.2612448732942,763.2613131810261,0.01516888725009727,24.0,11.0
274,22.0,119.317495045262,119.31767031955334,456.4690724490109,456.46925020615856,156.6518618921122,156.65208280251753,763.2613131810261,763.2613504251694,0.01987519420795048,24.0,11.0
275,22.0,119.31767031955334,119.31767490541054,456.46925020615856,456.4692674411738,156.65208280251753,156.65207694727852,763.2613504251694,763.2613551520203,0.004543105763976287,24.0,11.0
276,22.0,119.39157341737935,119.3847462414905,456.2840443999747,456.2749156860415,156.78333579622978,156.83098810671606,763.2626740403275,763.264352386578,0.14647080326122014,25.0,11.0
277,22.0,119.3847462414905,119.36359368987871,456.2749156860415,456.2466542158619,156.83098810671606,156.9507847724147,763.264352386578,763.2686484275378,0.252760403258707,25.0,11.0
278,22.0,119.36359368987871,119.38286128157063,456.2466542158619,456.26843765461473,156.9507847724147,157.04708802493923,763.2686484275378,763.2721416165772,0.22254933647408182,25.0,11.0
279,22.0,119.38286128157063,119.34644479961605,456.26843765461473,456.234349704701,157.04708802493923,157.10935830953446,763.2721416165772,763.2749468561193,0.18508547649874693,25.0,11.0
280,22.0,119.34644479961605,119.33438378420279,456.234349704701,456.29288537861686,157.10935830953446,157.12934651736933,763.2749468561193,763.2771972685694,0.21024550284817942,25.0,11.0
281,22.0,119.33438378420279,119.3750475374136,456.29288537861686,456.30799162098384,157.12934651736933,157.14055327097816,763.2771972685694,763.2788427790983,0.0934773830501569,25.0,11.0
282,22.0,119.3750475374136,119.39426456677634,456.30799162098384,456.3216288608335,157.14055327097816,157.16919418748068,763.2788427790983,763.2802306352443,0.08085474524008253,25.0,11.0
283,22.0,119.39426456677634,119.38980905810945,456.3216288608335,456.35189145656824,157.16919418748068,157.17146516685128,763.2802306352443,763.2814029880184,0.07984397574220833,25.0,11.0
284,22.0,119.38980905810945,119.38752891280978,456.35189145656824,456.3684386456545,157.17146516685128,157.15336113465136,763.2814029880184,763.2823708768684,0.049245283424000016,25.0,11.0
285,22.0,119.38752891280978,119.36660184206896,456.3684386456545,456.3678407909821,157.15336113465136,157.151515280144,763.2823708768684,763.2832149181019,0.0795041522335294,25.0,11.0
286,22.0,119.36660184206896,119.35117423585923,456.3678407909821,456.3689923315612,157.151515280144,157.15165965557037,763.2832149181019,763.2838660098257,0.043863171368000504,25.0,11.0
287,22.0,119.35117423585923,119.34271337764194,456.3689923315612,456.3779141381004,157.15165965557037,157.15443054050098,763.2838660098257,763.284415206003,0.03221467412105571,25.0,11.0
288,22.0,119.34271337764194,119.34756705957481,456.3779141381004,456.3864912373654,157.15443054050098,157.15051604135817,763.284415206003,763.2848920292982,0.03344177730629781,25.0,11.0
289,22.0,119.34756705957481,119.3538963667963,456.3864912373654,456.3878688567115,157.15051604135817,157.14480097763453,763.2848920292982,763.2852962768378,0.016843978981768436,25.0,11.0
290,22.0,119.3538963667963,119.35955993427645,456.3878688567115,456.3841485374145,157.14480097763453,157.14115263046534,763.2852962768378,763.2856650772466,0.028688250129991055,25.0,11.0
291,22.0,119.35955993427645,119.36527778225054,456.3841485374145,456.3864762992953,157.14115263046534,157.1411244297428,763.2856650772466,763.2859754233403,0.046035929853391215,25.0,11.0
292,22.0,119.36527778225054,119.36438440992504,456.3864762992953,456.38824819895973,157.1411244297428,157.1376759098262,763.2859754233403,763.2861977087116,0.016915259854213018,25.0,11.0
293,22.0,119.36438440992504,119.36437923649935,456.38824819895973,456.38529107877986,157.1376759098262,157.1363082459493,763.2861977087116,763.2863895630749,0.01660086226472611,25.0,11.0
294,22.0,119.36437923649935,119.366010704269,456.38529107877986,456.3832957841334,157.1363082459493,157.135981397669,763.2863895630749,763.2865524660656,0.019144405449862997,25.0,11.0
295,22.0,119.366010704269,119.3675555476852,456.3832957841334,456.38265444802084,157.135981397669,157.1368615511813,763.2865524660656,763.2866824542083,0.014541305134376311,25.0,11.0
296,22.0,119.3675555476852,119.36875695850377,456.38265444802084,456.38196046347304,157.1368615511813,157.13683759979594,763.2866824542083,763.286787081736,0.006498359707050382,25.0,11.0
297,22.0,119.36875695850377,119.3696952615505,456.38196046347304,456.3826224885403,157.13683759979594,157.1370698426783,763.286787081736,763.2868799579745,0.017641009189654572,25.0,11.0
298,22.0,119.3696952615505,119.3697618397144,456.3826224885403,456.3820770729682,157.1370698426783,157.13733806583397,763.2868799579745,763.2869381164696,0.011306128902981123,25.0,11.0
299,22.0,119.3697618397144,119.36974617906012,456.3820770729682,456.3821066965869,157.13733806583397,157.13703177935537,763.2869381164696,763.286973270383,0.016087675857643324,25.0,11.0
300,22.0,119.36974617906012,119.36974464486998,456.3821066965869,456.3820984571965,157.13703177935537,157.13699163586412,763.286973270383,763.2869814722865,0.007258654781817406,25.0,11.0
301,22.0,115.37476269288773,115.3722965635736,445.0918893770331,445.0867703534539,159.80549056161107,159.80515794289937,763.7128428777069,763.7130865245564,0.015433844465686434,30.0,11.0
302,22.0,115.3722965635736,115.36612796965025,445.0867703534539,445.0787606251514,159.80515794289937,159.79703752406564,763.7130865245564,763.7136487350554,0.03379074061654458,30.0,11.0
303,22.0,115.36612796965025,115.36412151813347,445.0787606251514,445.07858880372953,159.79703752406564,159.78637180806754,763.7136487350554,763.7141346770436,0.025138469162399958,30.0,11.0
304,22.0,115.36412151813347,115.36868994108121,445.07858880372953,445.0865392246096,159.78637180806754,159.78452203593775,763.7141346770436,763.7145655494636,0.030561563854279526,30.0,11.0
305,22.0,115.36868994108121,115.37265428468996,445.0865392246096,445.0907595277001,159.78452203593775,159.789482792828,763.7145655494636,763.7149316502896,0.03163788288623152,30.0,11.0
306,22.0,115.37265428468996,115.37625464554745,445.0907595277001,445.09351962414485,159.789482792828,159.79334452821266,763.7149316502896,763.7152335615255,0.018926996953333605,30.0,11.0
307,22.0,115.37625464554745,115.37696697419771,445.09351962414485,445.095557583131,159.79334452821266,159.7978851704695,763.7152335615255,763.715498635582,0.014594191142902137,30.0,11.0
308,22.0,115.37696697419771,115.38080087276792,445.095557583131,445.09685848628516,159.7978851704695,159.79947156419632,763.715498635582,763.7157361733138,0.025103082096219264,30.0,11.0
309,22.0,115.38080087276792,115.38265810941239,445.09685848628516,445.096692302708,159.79947156419632,159.8021472453177,763.7157361733138,763.715928166907,0.01642194658338903,30.0,11.0
310,22.0,115.38265810941239,115.38060394118334,445.096692302708,445.0981056448475,159.8021472453177,159.8013829617747,763.715928166907,763.7160915143791,0.012337274501180101,30.0,11.0
311,22.0,115.38060394118334,115.37855164244907,445.0981056448475,445.0984428910241,159.8013829617747,159.80085924379003,763.7160915143791,763.7162336305598,0.013227899928219215,30.0,11.0
312,22.0,115.37855164244907,115.37780509652252,445.0984428910241,445.09706611257695,159.80085924379003,159.80026861641792,763.7162336305598,763.7163529768844,0.011765844492010308,30.0,11.0
313,22.0,115.37780509652252,115.37842498826674,445.09706611257695,445.0981555653706,159.80026861641792,159.8004986105985,763.7163529768844,763.716451524768,0.016795092573384546,30.0,11.0
314,22.0,115.37842498826674,115.37880784437564,445.0981555653706,445.0987740090453,159.8004986105985,159.80058073944713,763.716451524768,763.7165178395667,0.016133622953520325,30.0,11.0
315,22.0,115.37880784437564,115.37869910405307,445.0987740090453,445.09897013416287,159.80058073944713,159.80076185860773,763.7165178395667,763.716551318693,0.016819597851949485,30.0,11.0
316,22.0,115.37869910405307,115.37870508894014,445.09897013416287,445.0989653053328,159.80076185860773,159.800736008419,763.716551318693,763.7165574152593,0.0056558344461041625,30.0,11.0
317,22.0,118.23274153613866,118.2330958333813,445.43252458825316,445.4323128255295,156.2669442629225,156.2663792097092,763.8649912038445,763.865039175276,0.002534970065732549,32.0,11.0
318,22.0,118.2330958333813,118.2338817648244,445.4323128255295,445.43219740890646,156.2663792097092,156.26474090905876,763.865039175276,763.86516578795,0.06851826769777936,32.0,11.0
319,22.0,118.2338817648244,118.23388579433251,445.43219740890646,445.4321938300789,156.26474090905876,156.2647338956897,763.86516578795,763.8651685915531,0.0028531661451670076,32.0,11.0
320,22.0,108.37386181135791,108.37375929643031,458.5109795075358,458.51129502032893,162.5429140599345,162.5432018937935,764.4500537417528,764.4500993578615,0.018493823030117876,34.0,11.0
321,22.0,108.37375929643031,108.37382421895352,458.51129502032893,458.5112936366032,162.5432018937935,162.54323277272798,764.4500993578615,764.4501116039424,0.010092410700431965,34.0,11.0
322,22.0,107.50535711739053,107.50428419131617,458.70819914444036,458.70812836580524,159.54151419466703,159.54116309414363,764.5544669044316,764.5545358850821,0.0025381660791774395,36.0,11.0
323,22.0,107.50428419131617,107.501740611877,458.70812836580524,458.70703711926836,159.54116309414363,159.541123914705,764.5545358850821,764.5547063715017,0.040961766218709124,36.0,11.0
324,22.0,107.501740611877,107.5005245572451,458.70703711926836,458.70689446523437,159.541123914705,159.54153316459178,764.5547063715017,764.5548058203225,0.03152895244729087,36.0,11.0
325,22.0,107.5005245572451,107.50055212199698,458.70689446523437,458.7071435700233,159.54153316459178,159.54131499041517,764.5548058203225,764.5548429772836,0.01744103424545989,36.0,11.0
326,22.0,107.50055212199698,107.50055010891779,458.7071435700233,458.70715291930554,159.54131499041517,159.54135171282496,764.5548429772836,764.5548507394553,0.006932863575299167,36.0,11.0
327,22.0,107.50535651588307,107.50535931332793,458.70820109706926,458.70820816591714,159.54151487280473,159.54151617550244,764.5544676166738,764.5544701685279,0.00261708,37.0,11.0
328,22.0,122.75982068305639,122.75950165000924,463.26813650556153,463.26879412126993,157.0019626540267,157.00203987712518,763.6615320419809,763.6615818394356,0.0016786281033214555,41.0,11.0
329,22.0,122.75950165000924,122.75846355078806,463.26879412126993,463.270418444374,157.00203987712518,157.00207676933707,763.6615818394356,763.6617136601369,0.01470257127714436,41.0,11.0
330,22.0,122.75846355078806,122.75854929648551,463.270418444374,463.2717569662087,157.00207676933707,157.00253735830995,763.6617136601369,763.6618198972527,0.020559353296040327,41.0,11.0
331,22.0,122.75854929648551,122.75860875121,463.2717569662087,463.2724841594243,157.00253735830995,157.00270407773615,763.6618198972527,763.6618872903998,0.031735042808431244,41.0,11.0
332,22.0,122.75860875121,122.75859034864877,463.2724841594243,463.27245388036727,157.00270407773615,157.00272735235086,763.6618872903998,763.6618956880781,0.0074025369862002685,41.0,11.0
333,22.0,126.53013627735754,126.53129010721166,465.8777422352524,465.87752925280347,156.12213436115377,156.1214897331804,763.8172726128239,763.8173515086143,0.004813689871732037,43.0,11.0
334,22.0,126.53129010721166,126.53341640632365,465.87752925280347,465.87863094738697,156.1214897331804,156.11959685617984,763.8173515086143,763.8175344777206,0.011839330864496352,43.0,11.0
335,22.0,126.53341640632365,126.53095169237342,465.87863094738697,465.8793292539408,156.11959685617984,156.11995786215897,763.8175344777206,763.817696887348,0.013569470705495969,43.0,11.0
336,22.0,126.53095169237342,126.52896016368973,465.8793292539408,465.87919808828855,156.11995786215897,156.12054358071788,763.817696887348,763.8178359554586,0.013249988782684375,43.0,11.0
337,22.0,126.52896016368973,126.52860039419245,465.87919808828855,465.8777900706126,156.12054358071788,156.12124036413314,763.8178359554586,763.8179521727283,0.019949603919182133,43.0,11.0
338,22.0,126.52860039419245,126.52787203628786,465.8777900706126,465.8782418837536,156.12124036413314,156.12164565711393,763.8179521727283,763.8180320892193,0.02668983373316844,43.0,11.0
339,22.0,126.52787203628786,126.5276907470507,465.8782418837536,465.8783196822061,156.12164565711393,156.12171700425068,763.8180320892193,763.8180586375023,0.018732625334521164,43.0,11.0
340,22.0,127.41416938528293,127.41465323787949,479.4341672597035,479.4346240627933,155.95269215841867,155.95338155788585,764.270461985538,764.270523074992,0.0038563984340555047,46.0,11.0
341,22.0,127.41465323787949,127.41586993106846,479.4346240627933,479.43538495812317,155.95338155788585,155.95518603726265,764.270523074992,764.2706726702783,0.021599566597160617,46.0,11.0
342,22.0,127.41586993106846,127.41720754314497,479.43538495812317,479.43547175699496,155.95518603726265,155.95443716620554,764.2706726702783,764.2707850016526,0.02025267842863377,46.0,11.0
343,22.0,127.41720754314497,127.41776577987132,479.43547175699496,479.43561674175714,155.95443716620554,155.95378958500933,764.2707850016526,764.2708599648497,0.03143533065698123,46.0,11.0
344,22.0,127.41776577987132,127.41781269086243,479.43561674175714,479.43555601074394,155.95378958500933,155.95374358214,764.2708599648497,764.2708742909887,0.011462653598590646,46.0,11.0
345,22.0,120.52194689812924,120.52159713676801,484.79135703861357,484.7914156124742,147.44880141944765,147.44864677190176,764.6769702556139,764.677000800575,0.005996951678233824,48.0,11.0
346,22.0,120.52159713676801,120.52081310179467,484.7914156124742,484.7917410336198,147.44864677190176,147.44813287382593,764.677000800575,764.6770833598753,0.010589407623077177,48.0,11.0
347,22.0,120.52081310179467,120.52049002527399,484.7917410336198,484.79162940053385,147.44813287382593,147.44757050946174,764.6770833598753,764.6771447300415,0.01823991222249327,48.0,11.0
348,22.0,120.52049002527399,120.5204691470773,484.79162940053385,484.79168467536437,147.44757050946174,147.4473846675903,764.6771447300415,764.6771699038846,0.017963899211965305,48.0,11.0
349,22.0,123.36194027911549,123.36194015707667,485.53030965015614,485.53030659069793,142.39636979939044,142.39636598281703,764.8718667035928,764.8718685750646,0.001954419369683939,49.0,11.0
350,22.0,124.65319255014563,124.65312769495809,486.5952120278733,486.59533798658475,140.2141107468088,140.2141074824586,764.963608948278,764.963628911907,0.014956662720220422,50.0,11.0
351,22.0,125.21175133020317,125.2121654694477,486.3858666830855,486.3857610786746,139.72602484352285,139.7256267525317,764.9893110446465,764.9893528532804,0.0012386846465410111,52.0,11.0
352,22.0,125.2121654694477,125.21352237406775,486.3857610786746,486.3855354026906,139.7256267525317,139.7247916522932,764.9893528532804,764.9894689457028,0.014419825095152551,52.0,11.0
353,22.0,125.21352237406775,125.21385560245119,486.3855354026906,486.3846313852872,139.7247916522932,139.72421035245466,764.9894689457028,764.9895592111885,0.015903538950179538,52.0,11.0
354,22.0,125.21385560245119,125.21391480168492,486.3846313852872,486.3842292220135,139.72421035245466,139.72374071335773,764.9895592111885,764.9896180426994,0.01990953379448701,52.0,11.0
355,22.0,125.21391480168492,125.21385495980341,486.3842292220135,486.3843388348634,139.72374071335773,139.72381148391182,764.9896180426994,764.9896381927431,0.015067590658428012,52.0,11.0
356,22.0,124.96710004065658,124.96723368317546,486.22340623615554,486.22451792172876,140.48848444130977,140.48821586425416,765.0165653396708,765.0166356040997,0.05620881760171566,54.0,11.0
357,22.0,124.96723368317546,124.96736150262407,486.22451792172876,486.22534626279986,140.48821586425416,140.48797752352075,765.0166356040997,765.0167108276127,0.0162853244924912,54.0,11.0
358,22.0,124.96736150262407,124.96754216059182,486.22534626279986,486.2250009152357,140.48797752352075,140.4879465038183,765.0167108276127,765.016752703141,0.02674393125527347,54.0,11.0
359,22.0,118.73563798665145,118.7292543755336,453.291025901141,453.28806384959717,159.8575502448019,159.86547605365266,763.4191544767287,763.4195792385608,0.017257646569298776,57.0,11.0
360,22.0,118.7292543755336,118.7144123415521,453.28806384959717,453.2846035924801,159.86547605365266,159.87856983097214,763.4195792385608,763.4203914072457,0.03880573711664763,57.0,11.0
361,22.0,118.7144123415521,118.70647148084409,453.2846035924801,453.2964501508638,159.87856983097214,159.88847781752892,763.4203914072457,763.4211089261663,0.028382533122058826,57.0,11.0
362,22.0,118.70647148084409,118.70249344728434,453.2964501508638,453.3104465475993,159.88847781752892,159.89362278412673,763.4211089261663,763.4217586914438,0.05403933077797478,57.0,11.0
363,22.0,118.70249344728434,118.69345133365621,453.3104465475993,453.3160815511572,159.89362278412673,159.8882622744651,763.4217586914438,763.4222835169041,0.02950044724381368,57.0,11.0
364,22.0,118.69345133365621,118.68388866376922,453.3160815511572,453.315462709177,159.8882622744651,159.88500327211273,763.4222835169041,763.4227426776788,0.02924989446639839,57.0,11.0
365,22.0,118.68388866376922,118.68270061876669,453.315462709177,453.314572272476,159.88500327211273,159.87671421638555,763.4227426776788,763.4231387938642,0.024912222244204727,57.0,11.0
366,22.0,118.68270061876669,118.68610988350592,453.314572272476,453.3130747607318,159.87671421638555,159.87072629618612,763.4231387938642,763.4234830421774,0.020428464337756976,57.0,11.0
367,22.0,118.68610988350592,118.69184471162468,453.3130747607318,453.3142310262401,159.87072629618612,159.8694471787874,763.4234830421774,763.4237861580613,0.024134077525673002,57.0,11.0
368,22.0,118.69184471162468,118.69350395371846,453.3142310262401,453.3102017177788,159.8694471787874,159.86741057393584,763.4237861580613,763.4240424718495,0.030333446841701875,57.0,11.0
369,22.0,118.69350395371846,118.69340208893232,453.3102017177788,453.30929357436645,159.86741057393584,159.86407399607577,763.4240424718495,763.4242429348562,0.019915269683189792,57.0,11.0
370,22.0,118.69340208893232,118.69240804334905,453.30929357436645,453.30998234652054,159.86407399607577,159.86170821018004,763.4242429348562,763.4244084782144,0.013015121823938762,57.0,11.0
371,22.0,118.69240804334905,118.69249278969184,453.30998234652054,453.31213085316784,159.86170821018004,159.8614426070532,763.4244084782144,763.4245516146194,0.015083863881298268,57.0,11.0
372,22.0,118.69249278969184,118.69331365245353,453.31213085316784,453.31317139257806,159.8614426070532,159.86239174602656,763.4245516146194,763.4246687663077,0.014123625063708591,57.0,11.0
373,22.0,118.69331365245353,118.69386096887645,453.31317139257806,453.31286435182176,159.86239174602656,159.86336123544208,763.4246687663077,763.4247607048984,0.012653191915358837,57.0,11.0
374,22.0,118.69386096887645,118.69419094502753,453.31286435182176,453.31279761633186,159.86336123544208,159.86269302017314,763.4247607048984,763.4248280853549,0.024610071660252763,57.0,11.0
375,22.0,118.69419094502753,118.69431737393882,453.31279761633186,453.31281940120226,159.86269302017314,159.86265219861122,763.4248280853549,763.42484732157,0.014521278347221906,57.0,11.0
376,22.0,118.70183078014584,118.69864895546675,451.72878227528224,451.71953330563974,159.7617171093988,159.76046734517425,763.4713754466349,763.4717732052029,0.026997452745399317,59.0,11.0
377,22.0,118.69864895546675,118.68674955844547,451.71953330563974,451.70647519190004,159.76046734517425,159.75509455564324,763.4717732052029,763.4725290256048,0.049701305529287504,59.0,11.0
378,22.0,118.68674955844547,118.68640543030078,451.70647519190004,451.6981462732312,159.75509455564324,159.74254542166324,763.4725290256048,763.4731658092554,0.04922931261001211,59.0,11.0
379,22.0,118.68640543030078,118.68741595370352,451.6981462732312,451.7065786028039,159.74254542166324,159.7342336878035,763.4731658092554,763.4736890616211,0.03170720198173466,59.0,11.0
380,22.0,118.68741595370352,118.68394069925303,451.7065786028039,451.7154829058901,159.7342336878035,159.73147449973138,763.4736890616211,763.4741418681803,0.03650814732139155,59.0,11.0
381,22.0,118.68394069925303,118.68088524540113,451.7154829058901,451.7225439736807,159.73147449973138,159.73304783871194,763.4741418681803,763.4745166125279,0.03441382046807529,59.0,11.0
382,22.0,118.68088524540113,118.68663946342099,451.7225439736807,451.72402339621186,159.73304783871194,159.73406144521468,763.4745166125279,763.4748212446808,0.014971865325101232,59.0,11.0
383,22.0,118.68663946342099,118.68211290165678,451.72402339621186,451.72673627060146,159.73406144521468,159.7343308609174,763.4748212446808,763.4750965646934,0.02298484096867217,59.0,11.0
384,22.0,118.68211290165678,118.68152395705776,451.72673627060146,451.73089275770633,159.7343308609174,159.73464979044925,763.4750965646934,763.4753284240142,0.01877340942813135,59.0,11.0
385,22.0,118.68152395705776,118.68311608915988,451.73089275770633,451.72988750709294,159.73464979044925,159.73182266047337,763.4753284240142,763.4755262168866,0.012250673757668307,59.0,11.0
386,22.0,118.68311608915988,118.68137835798446,451.72988750709294,451.72762582529583,159.73182266047337,159.73233810032144,763.4755262168866,763.475702451304,0.016559917801772295,59.0,11.0
387,22.0,118.68137835798446,118.67982183831012,451.72762582529583,451.7289730982819,159.73233810032144,159.73327859899766,763.475702451304,763.4758500934469,0.016254849288522506,59.0,11.0
388,22.0,118.67982183831012,118.68069959776344,451.7289730982819,451.7285529314164,159.73327859899766,159.73464854328253,763.4758500934469,763.4759697688268,0.017069462845444555,59.0,11.0
389,22.0,118.68069959776344,118.68155253485413,451.7285529314164,451.72789626963976,159.73464854328253,159.73490232513785,763.4759697688268,763.4760589354188,0.010887800827597549,59.0,11.0
390,22.0,118.68155253485413,118.68182031571533,451.72789626963976,451.7285194998932,159.73490232513785,159.73523765812763,763.4760589354188,763.476126867236,0.01690592116888347,59.0,11.0
391,22.0,118.68182031571533,118.68182018040093,451.7285194998932,451.72851320555174,159.73523765812763,159.73552631834318,763.476126867236,763.4761603862601,0.019452943902032217,59.0,11.0
392,22.0,118.68182018040093,118.68181582244578,451.72851320555174,451.7285070942715,159.73552631834318,159.73553262267464,763.4761603862601,763.4761633954944,0.0030433684051688545,59.0,11.0
393,22.0,133.65948210209552,133.65952503891782,457.46841068644227,457.4684299504377,163.59192235296183,163.59182601620168,764.0208460117531,764.020862331218,0.012730944755011572,62.0,11.0
394,22.0,137.79714284732287,137.79855117045136,458.130309615338,458.1298450461969,167.54942517571754,167.55042854952134,764.2130963066934,764.2131949656593,0.005800031551889718,63.0,11.0
395,22.0,137.79855117045136,137.80114564428405,458.1298450461969,458.1273668760459,167.55042854952134,167.5520664541893,764.2131949656593,764.213415809093,0.020998582578778787,63.0,11.0
396,22.0,137.80114564428405,137.79942911419974,458.1273668760459,458.1262357902039,167.5520664541893,167.54980033083024,764.213415809093,764.2135990860634,0.023662245015334454,63.0,11.0
397,22.0,137.79942911419974,137.80023862431665,458.1262357902039,458.12796902613974,167.54980033083024,167.54881872544112,764.2135990860634,764.213741453605,0.020617703959810225,63.0,11.0
398,22.0,137.80023862431665,137.80028895135246,458.12796902613974,458.1277222616227,167.54881872544112,167.54741524425054,764.213741453605,764.2138480982279,0.026173442343861857,63.0,11.0
399,22.0,137.80028895135246,137.80000811149912,458.1277222616227,458.1281337072961,167.54741524425054,167.54710891094365,764.2138480982279,764.2139043909866,0.014677834411059774,63.0,11.0
400,22.0,137.80000811149912,137.80003774450327,458.1281337072961,458.1279192414628,167.54710891094365,167.54711107501714,764.2139043909866,764.2139315570022,0.019075306824750986,63.0,11.0
401,22.0,137.79714253364477,137.79714045022598,458.1303113444261,458.1303133114367,167.54942664004142,167.5494335651829,764.2130970544719,764.2130995565046,0.0025698816538683336,64.0,11.0
402,22.0,134.82971726258816,134.829844114908,458.11399289166854,458.1145944947565,169.02276314766638,169.02245536319012,764.3236092962192,764.3236562689789,0.0030740591423859885,67.0,11.0
403,22.0,134.829844114908,134.83005310721714,458.1145944947565,458.11604196873685,169.02245536319012,169.02136531659423,764.3236562689789,764.3237830428908,0.01347268176729693,67.0,11.0
404,22.0,134.83005310721714,134.8305539937181,458.11604196873685,458.11607492872906,169.02136531659423,169.02263014796588,764.3237830428908,764.3238862437786,0.014414229787221565,67.0,11.0
405,22.0,134.8305539937181,134.82988014299445,458.11607492872906,458.11555029333675,169.02263014796588,169.0223834710043,764.3238862437786,764.3239625524884,0.022183656568938396,67.0,11.0
406,22.0,134.82988014299445,134.82965367430972,458.11555029333675,458.11546728449423,169.0223834710043,169.02249188022301,764.3239625524884,764.3239939845366,0.01830692395616313,67.0,11.0
407,22.0,134.82965367430972,134.829646769034,458.11546728449423,458.11547428476297,169.02249188022301,169.02249386032088,764.3239939845366,764.3239970418844,0.0030875290541298,67.0,11.0
408,22.0,134.8297184030469,134.82972328444436,458.11399096558546,458.1139870216022,169.02276298214377,169.02276317815347,764.3236100296469,764.3236122463974,0.0022959744987661227,68.0,11.0
409,22.0,119.24176795275386,119.23967881435655,455.50560664740607,455.50204345473867,158.1896033222572,158.19523910840692,763.3281591432661,763.3284577098806,0.013608468043959059,71.0,11.0
410,22.0,119.23967881435655,119.2361474799349,455.50204345473867,455.4945298795195,158.19523910840692,158.20554094713,763.3284577098806,763.3290293426435,0.04090554490113436,71.0,11.0
411,22.0,119.2361474799349,119.23355120791561,455.4945298795195,455.5005069304335,158.20554094713,158.21399114697954,763.3290293426435,763.3295086085293,0.026007002520144974,71.0,11.0
412,22.0,119.23355120791561,119.23065898828176,455.5005069304335,455.5084289247114,158.21399114697954,158.21748541402332,763.3295086085293,763.3299311196214,0.026687085790310688,71.0,11.0
413,22.0,119.23065898828176,119.22371151729499,455.5084289247114,455.5061149130612,158.21748541402332,158.2196089552737,763.3299311196214,763.330297208865,0.038924277661946435,71.0,11.0
414,22.0,119.22371151729499,119.22134138976125,455.5061149130612,455.50155812253644,158.2196089552737,158.22182275237708,763.330297208865,763.3305847822866,0.0293741298105966,71.0,11.0
415,22.0,119.22134138976125,119.21924419634436,455.50155812253644,455.49876650967536,158.22182275237708,158.21947706333475,763.3305847822866,763.330816488035,0.01690355235212951,71.0,11.0
416,22.0,119.21924419634436,119.21687467466522,455.49876650967536,455.49727656269704,158.21947706333475,158.21742340277234,763.330816488035,763.3310174678252,0.014457581069453398,71.0,11.0
417,22.0,119.21687467466522,119.21711196500019,455.49727656269704,455.4974180233877,158.21742340277234,158.22029186655902,763.3310174678252,763.331192971104,0.03264676658157633,71.0,11.0
418,22.0,119.21711196500019,119.21805983092113,455.4974180233877,455.49689690018323,158.22029186655902,158.2215663883123,763.331192971104,763.3313122086828,0.010987949295324869,71.0,11.0
419,22.0,119.21805983092113,119.21933911496146,455.49689690018323,455.49695453789684,158.2215663883123,158.2217794856927,763.3313122086828,763.3314120480912,0.015372017453447273,71.0,11.0
420,22.0,119.21933911496146,119.21966497845611,455.49695453789684,455.4971096106695,158.2217794856927,158.2224922674949,763.3314120480912,763.3314827065227,0.016906907223738773,71.0,11.0
421,22.0,119.21966497845611,119.21941469803323,455.4971096106695,455.49702525378717,158.2224922674949,158.22267230203084,763.3314827065227,763.3315188202101,0.01832328251931594,71.0,11.0
422,22.0,119.21941469803323,119.21940594295215,455.49702525378717,455.4970472476215,158.22267230203084,158.22268275926587,763.3315188202101,763.3315247420938,0.005517225901925275,71.0,11.0
423,22.0,118.88131429201391,118.8813200181188,455.83197961340954,455.8319794692429,157.2688002431151,157.2687963136255,763.3628942123819,763.3628965875508,0.002448892312676131,72.0,11.0
424,22.0,118.47309734673698,118.47269870380175,456.07102677929043,456.07131534155604,156.73229092191,156.73226956188265,763.3867526591027,763.3867884343135,0.0010855753168434801,73.0,11.0
425,22.0,118.47269870380175,118.47214029681388,456.07131534155604,456.07253869827264,156.73226956188265,156.73301240961462,763.3867884343135,763.3869008107288,0.013535300830289528,73.0,11.0
426,22.0,118.47214029681388,118.47188575361626,456.07253869827264,456.07314469751947,156.73301240961462,156.732149456875,763.3869008107288,763.3869887644686,0.02214378882340228,73.0,11.0
427,22.0,118.47188575361626,118.47164624640075,456.07314469751947,456.0734223735544,156.732149456875,156.73196507740684,763.3869887644686,763.3870321634973,0.027497242035369913,73.0,11.0
428,22.0,125.50357702224358,125.50366076259058,455.9500706016339,455.9501215977727,155.90030486248517,155.90029210997358,763.6229390690183,763.6229544629247,0.012147089805349393,75.0,11.0
429,22.0,126.60322544224259,126.60324249090286,453.7426143080073,453.74261907649753,155.51405437552958,155.5142566186831,763.7062045284891,763.7062304505822,0.01838346826762545,77.0,11.0
430,22.0,126.60318736923668,126.60319078014122,453.7426273265454,453.7426250588107,155.51404632585013,155.5140401402305,763.7062000036642,763.7062024883504,0.00255340671113062,78.0,11.0
431,22.0,123.2950612619791,123.29450677862863,450.9945531688395,450.9951924208569,156.0547263070533,156.05490268834566,763.8507827313006,763.8508392502694,0.0035544953573881403,81.0,11.0
432,22.0,123.29450677862863,123.29328441463349,450.9951924208569,450.996859669736,156.05490268834566,156.0553478115782,763.8508392502694,763.8509799551407,0.015604688372119858,81.0,11.0
433,22.0,123.29328441463349,123.29398928899363,450.996859669736,450.9961078287062,156.0553478115782,156.05417203215092,763.8509799551407,763.8510937244565,0.019666138775339563,81.0,11.0
434,22.0,123.29398928899363,123.29336413422786,450.9961078287062,450.99547498403416,156.05417203215092,156.05397006332797,763.8510937244565,763.8511714621998,0.022503002114378345,81.0,11.0
435,22.0,123.29336413422786,123.29320533612736,450.99547498403416,450.9952561207224,156.05397006332797,156.05393030766413,763.8511714621998,763.8512036613093,0.015307340696509237,81.0,11.0
436,22.0,123.29320533612736,123.29321530173475,450.9952561207224,450.99526142089906,156.05393030766413,156.05389824740794,763.8512036613093,763.8512108400444,0.0064946115287251045,81.0,11.0
437,22.0,123.29506357517178,123.29506923580315,450.99455462163144,450.99455862256207,156.0547266346104,156.05472771907782,763.8507835939881,763.8507859854934,0.002464539689894249,82.0,11.0
438,22.0,119.38461729973835,119.38461946251248,456.27346018030914,456.27343884247273,156.84007426082215,156.8400827430372,763.2646610423134,763.2646665034065,0.005147145386509038,85.0,11.0
439,22.0,119.38461631487787,119.38461102219871,456.27346693616545,456.27346527659404,156.84007191267386,156.8400666571357,763.2646600691007,763.2646626046109,0.002601615777490067,86.0,11.0
440,22.0,118.85959436431013,118.85961401310138,456.8847802547404,456.88483142170617,155.40112565964984,155.40112394874885,763.2082549327711,763.2082622072537,0.0010835111680066955,90.0,11.0
441,22.0,118.85961401310138,118.85969484801062,456.88483142170617,456.8849662036946,155.40112394874885,155.40111868940275,763.2082622072537,763.2082837347783,0.015879484641263913,90.0,11.0
442,22.0,118.82656695627827,118.82655291912863,457.0157417307205,457.01576455184534,155.10145420819987,155.10149680633762,763.1972265345121,763.1972360220301,0.008190853181005665,93.0,11.0
443,22.0,118.82655875241082,118.82655793104229,457.0157303491768,457.0157237209305,155.10145676467585,155.1014609625053,763.1972249918463,763.1972275834175,0.00265458410967799,94.0,11.0
444,22.0,118.82631224555908,118.82615448182393,457.04254426795376,457.0423493383026,155.036421408299,155.03669442807103,763.1948924583188,763.1949221830483,0.004860850854842813,97.0,11.0
445,22.0,118.82615448182393,118.82557622634263,457.0423493383026,457.04192053022587,155.03669442807103,155.03734304187154,763.1949221830483,763.1950033536314,0.025836554214565335,97.0,11.0
446,22.0,118.82557622634263,118.82535768752238,457.04192053022587,457.04182151075804,155.03734304187154,155.0373464398812,763.1950033536314,763.1950326327108,0.02023430792875599,97.0,11.0
447,22.0,121.13523233481408,121.13531755805704,460.1494017369353,460.14962675325495,155.93199932887813,155.93211512131336,763.3274216968641,763.3274449554342,0.001474997126632847,98.0,11.0
448,22.0,121.13531755805704,121.13555210959687,460.14962675325495,460.1503498937924,155.93211512131336,155.93235538406847,763.3274449554342,763.3275155088483,0.018041169978915254,98.0,11.0
449,22.0,121.13555210959687,121.13565380675482,460.1503498937924,460.1505023745359,155.93235538406847,155.93258306705087,763.3275155088483,763.3275493300303,0.01676929329621693,98.0,11.0
450,22.0,121.13565380675482,121.13563311576377,460.1505023745359,460.1505042668452,155.93258306705087,155.93256310178378,763.3275493300303,763.3275557178076,0.0058849335905223656,98.0,11.0
451,22.0,121.19097792374052,121.19097965100741,457.10220304512404,457.10222437849944,151.27027413215723,151.27014369586294,763.5132076597805,763.5132266421359,0.014368350552226,99.0,11.0
452,22.0,121.1909684719747,121.19096462360451,457.1022113585294,457.10221820744573,151.2703151441097,151.2703141767084,763.5132024025303,763.5132050001405,0.002660277417300578,100.0,11.0
453,22.0,120.36358611199901,120.36343787101671,457.0422001952576,457.0420722178478,152.192529078154,152.19262381028645,763.5545844967432,763.5546117573197,0.01912760930883618,103.0,11.0
454,22.0,120.36362795419825,120.36362262367247,457.0422429199801,457.04224813979226,152.19248430861165,152.19248034434992,763.5545762825893,763.5545789991498,0.002771957704623332,104.0,11.0
455,22.0,120.43407492876293,120.43374261530239,457.2844606827657,457.28546158680444,151.810751289185,151.81043118252552,763.5698568246255,763.5699457739026,0.010773293444720451,107.0,11.0
456,22.0,120.43374261530239,120.4343872526508,457.28546158680444,457.28584833644436,151.81043118252552,151.81051687662455,763.5699457739026,763.5700137016464,0.009901116263105959,107.0,11.0
457,22.0,120.4343872526508,120.43408964678842,457.28584833644436,457.2861646144568,151.81051687662455,151.81067991475817,763.5700137016464,763.5700611879486,0.01989588253644197,107.0,11.0
458,22.0,120.43408964678842,120.43404784869112,457.2861646144568,457.28621548596146,151.81067991475817,151.81068494552926,763.5700611879486,763.5700727086473,0.009603231748952747,107.0,11.0
459,22.0,120.43413463987937,120.43413341399426,457.2841446557453,457.2841448202228,151.8109188562523,151.81091199705548,763.5698281399215,763.5698305206103,0.002454181810068242,108.0,11.0
460,22.0,118.84504702156339,118.84504957921206,455.5732276779234,455.57322113467706,156.36393512712007,156.36393784795033,763.2597578173321,763.2597603283625,0.002578418547697959,112.0,11.0
461,22.0,118.53216116925917,118.5321512136961,453.7003928880943,453.700388004904,168.1799505597966,168.1799576416651,763.6589545741103,763.6589582633733,0.0036545614997121204,113.0,11.0
462,22.0,119.22719560025423,119.22719815529638,453.60412700421455,453.60410549269574,168.83210379137734,168.83211751534424,763.6909085223541,763.6909144063159,0.0054870145101079655,114.0,11.0
463,22.0,123.41139519286506,123.41144039591488,457.13227186459045,457.1323961776128,169.09426893742113,169.0942741559989,763.8736853059943,763.8737043089827,0.014380799683321894,116.0,11.0
464,22.0,125.94592250532799,125.94616254996615,450.5340590534321,450.534183420859,168.73173292683597,168.73201929286824,764.1097594360649,764.1097905056934,0.0020832031291764994,118.0,11.0
465,22.0,125.94616254996615,125.94692042706272,450.534183420859,450.53450734110703,168.73201929286824,168.7327813693245,764.1097905056934,764.1098806162464,0.017336159333736854,118.0,11.0
466,22.0,125.94692042706272,125.94696207129743,450.53450734110703,450.5340460519759,168.7327813693245,168.73312418005403,764.1098806162464,764.109936302824,0.012189389492322561,118.0,11.0
467,22.0,125.94696207129743,125.9470651036047,450.5340460519759,450.53394544044966,168.73312418005403,168.73290554143307,764.109936302824,764.1099675052438,0.021271694208608603,118.0,11.0
468,22.0,125.94592320519935,125.9459234217305,450.5340581252478,450.534053963909,168.73173089176893,168.73172536840917,764.1097602214109,764.1097625901838,0.0024427602171810596,119.0,11.0
469,22.0,134.63273331696527,134.76805702941914,435.68242540635094,435.53151626468207,166.88567423127242,166.9548791359262,764.1563606015344,764.1635329884549,0.44828632885604097,124.0,11.0
470,22.0,134.76805702941914,135.03489318074145,435.53151626468207,435.22986898449534,166.9548791359262,167.07385880553687,764.1635329884549,764.1776153989036,0.8014615901090498,124.0,11.0
471,22.0,135.03489318074145,135.25949971085072,435.22986898449534,435.0097154459174,167.07385880553687,167.1699578233691,764.1776153989036,764.1886686020945,0.6154880439214807,124.0,11.0
472,22.0,135.25949971085072,135.35910208296573,435.0097154459174,434.7799449119275,167.1699578233691,167.08756906754883,764.1886686020945,764.1975595434646,0.8004189310534862,124.0,11.0
473,22.0,135.35910208296573,135.37437125946175,434.7799449119275,434.6764969745209,167.08756906754883,167.0737909165224,764.1975595434646,764.2011441137611,0.1910127047957104,124.0,11.0
474,22.0,135.37437125946175,135.24738883269328,434.6764969745209,434.57978953001987,167.0737909165224,167.04444154261586,764.2011441137611,764.2066771248882,0.35894811709409197,124.0,11.0
475,22.0,135.24738883269328,135.26350433519008,434.57978953001987,434.55461803448895,167.04444154261586,167.03344634589195,764.2066771248882,764.207771932482,0.04279184057814005,124.0,11.0
476,22.0,135.26350433519008,135.29554756312655,434.55461803448895,434.491146663932,167.03344634589195,166.99368239985034,764.207771932482,764.2106327036915,0.17824087930718793,124.0,11.0
477,22.0,135.29554756312655,135.3150407857629,434.491146663932,434.4641802629134,166.99368239985034,166.93754862938343,764.2106327036915,764.2129571579347,0.13656461569878944,124.0,11.0
478,22.0,135.3150407857629,135.3207081408977,434.4641802629134,434.4334499911005,166.93754862938343,166.89445823442463,764.2129571579347,764.2148828717891,0.103843415786409,124.0,11.0
479,22.0,135.3207081408977,135.33908935857173,434.4334499911005,434.40874598777754,166.89445823442463,166.86250531725355,764.2148828717891,764.2165141130706,0.09995968949503391,124.0,11.0
480,22.0,135.33908935857173,135.35698820296398,434.40874598777754,434.39642662575926,166.86250531725355,166.83360931996046,764.2165141130706,764.2178706580735,0.09104817936255825,124.0,11.0
481,22.0,135.35698820296398,135.3747907450808,434.39642662575926,434.3856637360689,166.83360931996046,166.8134189108861,764.2178706580735,764.2189862082711,0.09957427705744687,124.0,11.0
482,22.0,135.3747907450808,135.39204655737288,434.3856637360689,434.3967792283964,166.8134189108861,166.80676785626304,764.2189862082711,764.2198495082183,0.06391872448520426,124.0,11.0
483,22.0,135.39204655737288,135.40129829063662,434.3967792283964,434.4022437011546,166.80676785626304,166.79352233587244,764.2198495082183,764.220556201974,0.06619906832022136,124.0,11.0
484,22.0,135.40129829063662,135.39881171490578,434.4022437011546,434.40459293827007,166.79352233587244,166.7813261276388,764.220556201974,764.2211076511876,0.03336337014691426,124.0,11.0
485,22.0,135.39881171490578,135.40608256663498,434.40459293827007,434.40751553805165,166.7813261276388,166.77419630863733,764.2211076511876,764.2215841179158,0.03638215574797871,124.0,11.0
486,22.0,135.40608256663498,135.41069169769565,434.40751553805165,434.40066841859243,166.77419630863733,166.7723302916223,764.2215841179158,764.221981779369,0.0222741627493291,124.0,11.0
487,22.0,135.41069169769565,135.4109003639946,434.40066841859243,434.3938491088634,166.7723302916223,166.76993160648175,764.221981779369,764.2223329332733,0.022936369047556443,124.0,11.0
488,22.0,135.4109003639946,135.40638122751594,434.3938491088634,434.39039912494553,166.76993160648175,166.77194654454757,764.2223329332733,764.2226377529622,0.020674678099015145,124.0,11.0
489,22.0,135.40638122751594,135.4081164945979,434.39039912494553,434.386842858225,166.77194654454757,166.76886658973388,764.2226377529622,764.2229022924877,0.035742680676502776,124.0,11.0
490,22.0,135.4081164945979,135.40874074485293,434.386842858225,434.3858080089782,166.76886658973388,166.7656738889982,764.2229022924877,764.2231008108505,0.018216746250836358,124.0,11.0
491,22.0,135.40874074485293,135.40873650280724,434.3858080089782,434.3831480704763,166.7656738889982,166.76600532683122,764.2231008108505,764.2232674053296,0.013871352217651707,124.0,11.0
492,22.0,135.40873650280724,135.4102056126872,434.3831480704763,434.38281840522325,166.76600532683122,166.7644601598538,764.2232674053296,764.2234101160734,0.014352160608910704,124.0,11.0
493,22.0,135.4102056126872,135.41153056160778,434.38281840522325,434.38247111129186,166.7644601598538,166.76354577788646,764.2234101160734,764.2235281100278,0.012370260057081757,124.0,11.0
494,22.0,135.41153056160778,135.41256137267175,434.38247111129186,434.3828673452541,166.76354577788646,166.7640840928321,764.2235281100278,764.2236241484613,0.01575191202125434,124.0,11.0
495,22.0,135.41256137267175,135.41284909333544,434.3828673452541,434.3835065809806,166.7640840928321,166.76425469091618,764.2236241484613,764.2236897693916,0.019816993480681624,124.0,11.0
496,22.0,135.41284909333544,135.4130191636861,434.3835065809806,434.3835628473028,166.76425469091618,166.76415635254583,764.2236897693916,764.2237158156294,0.01845283275523355,124.0,11.0
497,22.0,134.63273414148995,134.63273798817,435.68242365588424,435.68241691528164,166.88567507341725,166.8856739211597,764.1563612910918,764.1563638730569,0.00264552284506672,125.0,11.0
498,22.0,148.49417570771655,148.49282322605185,335.2411868054842,335.1417002713307,240.45312482577575,240.52621680757483,768.3349418382562,768.3391037783501,0.2230079416106208,128.0,11.0
499,22.0,148.49282322605185,148.42857888962837,335.1417002713307,334.9815836589721,240.52621680757483,240.7031032227229,768.3391037783501,768.3474459879011,0.49721333030744197,128.0,11.0
500,22.0,148.42857888962837,148.4186755966137,334.9815836589721,334.84489595858946,240.7031032227229,240.84370334195538,768.3474459879011,768.3541062806047,0.4307093540399913,128.0,11.0
501,22.0,148.4186755966137,148.49435669024112,334.84489595858946,334.8580404616937,240.84370334195538,240.97620308033214,768.3541062806047,768.3593370468978,0.2597104730212358,128.0,11.0
502,22.0,148.49435669024112,148.60049376776902,334.8580404616937,334.7931670412248,240.97620308033214,241.0047075541981,768.3593370468978,768.3637232614908,0.2858139735589841,128.0,11.0
503,22.0,148.60049376776902,148.6633252688448,334.7931670412248,334.7463649821311,241.0047075541981,241.06704746820637,768.3637232614908,768.3672007137387,0.32930856385701557,128.0,11.0
504,22.0,148.6633252688448,148.7012556691953,334.7463649821311,334.68879779822385,241.06704746820637,241.07654108913212,768.3672007137387,768.3696687033702,0.16716087298237242,128.0,11.0
505,22.0,148.7012556691953,148.70405341855331,334.68879779822385,334.6367941063049,241.07654108913212,241.05961762769184,768.3696687033702,768.3716452541964,0.10323100757051651,128.0,11.0
506,22.0,148.70405341855331,148.66818344822488,334.6367941063049,334.64279518091513,241.05961762769184,241.08763817885097,768.3716452541964,768.3733276654283,0.1003412850102716,128.0,11.0
507,22.0,148.66818344822488,148.66314534746073,334.64279518091513,334.6139693878191,241.08763817885097,241.1112463277213,768.3733276654283,768.374732593198,0.11715914761186647,128.0,11.0
508,22.0,148.66314534746073,148.659904178649,334.6139693878191,334.62515749795887,241.1112463277213,241.13715422372655,768.374732593198,768.3758286195188,0.06761475200803244,128.0,11.0
509,22.0,148.659904178649,148.64905245037664,334.62515749795887,334.60564283208885,241.13715422372655,241.13045249671342,768.3758286195188,768.3767514470923,0.059186741980303395,128.0,11.0
510,22.0,148.64905245037664,148.64901940440308,334.60564283208885,334.58773501998024,241.13045249671342,241.12398932640855,768.3767514470923,768.3775271501842,0.03976229958029067,128.0,11.0
511,22.0,148.64901940440308,148.65508922559602,334.58773501998024,334.5965549588578,241.12398932640855,241.1117214573097,768.3775271501842,768.3782067815143,0.03948089123349259,128.0,11.0
512,22.0,148.65508922559602,148.65672678048443,334.5965549588578,334.60633008314466,241.1117214573097,241.1023244216135,768.3782067815143,768.3787936525293,0.039469065755268595,128.0,11.0
513,22.0,148.65672678048443,148.6574921344484,334.60633008314466,334.61734989787067,241.1023244216135,241.10392712807578,768.3787936525293,768.3792907932975,0.04159383569120672,128.0,11.0
514,22.0,148.6574921344484,148.65694531334333,334.61734989787067,334.6248606482514,241.10392712807578,241.09958061237458,768.3792907932975,768.3796971582052,0.027050768441204714,128.0,11.0
515,22.0,148.65694531334333,148.6619491907706,334.6248606482514,334.62986483087354,241.09958061237458,241.09828003488488,768.3796971582052,768.3800469142147,0.02763821040337553,128.0,11.0
516,22.0,148.6619491907706,148.6611977557469,334.62986483087354,334.6336266386303,241.09828003488488,241.09398195271442,768.3800469142147,768.3803411073487,0.021654922134650458,128.0,11.0
517,22.0,148.6611977557469,148.65950940745384,334.6336266386303,334.6349161182979,241.09398195271442,241.09819047034472,768.3803411073487,768.3805935532605,0.021177865089319486,128.0,11.0
518,22.0,148.65950940745384,148.66233436815537,334.6349161182979,334.63297117392625,241.09819047034472,241.09664373931292,768.3805935532605,768.380806808286,0.026303307881554543,128.0,11.0
519,22.0,148.66233436815537,148.6617160113415,334.63297117392625,334.6317799141478,241.09664373931292,241.0989691986938,768.380806808286,768.3809736029457,0.06253954882014484,128.0,11.0
520,22.0,148.6617160113415,148.6615942182741,334.6317799141478,334.6319654365127,241.0989691986938,241.09946082194043,768.3809736029457,768.3810266554134,0.014368135112417068,128.0,11.0
521,22.0,148.6615942182741,148.66143853893385,334.6319654365127,334.6318670546854,241.09946082194043,241.09940525200128,768.3810266554134,768.3810515801416,0.017823644853143764,128.0,11.0
522,22.0,147.4515833613328,147.45107861713004,335.7818757847819,335.78286417038623,240.88785114403967,240.8888466798856,768.376715069471,768.3768008520501,0.00586977497383103,129.0,11.0
523,22.0,147.45107861713004,147.44996888903023,335.78286417038623,335.7845676231774,240.8888466798856,240.89145534802734,768.3768008520501,768.3769948198689,0.02366605414569787,129.0,11.0
524,22.0,147.44996888903023,147.4508909251638,335.7845676231774,335.7832851536099,240.89145534802734,240.8932289263008,768.3769948198689,768.377147607693,0.01442844153525209,129.0,11.0
525,22.0,147.4508909251638,147.44987880272245,335.7832851536099,335.7833241002483,240.8932289263008,240.8947760272904,768.377147607693,768.3772756082657,0.018960959406286768,129.0,11.0
526,22.0,147.44987880272245,147.45059578134195,335.7833241002483,335.78330248204736,240.8947760272904,240.89574050635605,768.3772756082657,768.3773701773875,0.012724065414464948,129.0,11.0
527,22.0,147.45059578134195,147.4512341078168,335.78330248204736,335.7829715709621,240.89574050635605,240.8954110418818,768.3773701773875,768.3774403206135,0.011254059591160217,129.0,11.0
528,22.0,147.4512341078168,147.45098673598278,335.7829715709621,335.78330461053605,240.8954110418818,240.89560218354728,768.3774403206135,768.3774872710386,0.010809876775206352,129.0,11.0
529,22.0,147.45098673598278,147.45108209900326,335.78330461053605,335.7834713722404,240.89560218354728,240.8956704830694,768.3774872710386,768.3775132736553,0.018428467987883286,129.0,11.0
530,22.0,141.1762428185988,141.1755759693199,331.2806489450568,331.2803516048067,240.42344259223887,240.42345875785514,768.6347837978867,768.6348328428093,0.0016625458159074233,131.0,11.0
531,22.0,141.1755759693199,141.17371072853936,331.2803516048067,331.27969690725473,240.42345875785514,240.42323931715583,768.6348328428093,768.6349675838593,0.013804678318665978,131.0,11.0
532,22.0,141.17371072853936,141.1722377939796,331.27969690725473,331.27994774236424,240.42323931715583,240.42342999110087,768.6349675838593,768.6350784129957,0.024919543322719336,131.0,11.0
533,22.0,141.1722377939796,141.17242273624063,331.27994774236424,331.28038437373374,240.42342999110087,240.42292338823654,768.6350784129957,768.6351421999724,0.018924557161346067,131.0,11.0
534,22.0,141.17242273624063,141.1723083523209,331.28038437373374,331.2802334264389,240.42292338823654,240.42300007918456,768.6351421999724,768.6351682439421,0.01845156609528616,131.0,11.0
535,22.0,137.2202609882208,137.22001684458735,335.7134581302272,335.7139589605371,237.2682683199204,237.26819240300551,768.8591777824201,768.8592182277065,0.004061137817129284,132.0,11.0
536,22.0,137.22001684458735,137.21920058333367,335.7139589605371,335.71520001979604,237.26819240300551,237.26824717426112,768.8592182277065,768.8593280314934,0.011800167651360568,132.0,11.0
537,22.0,137.21920058333367,137.21866629194213,335.71520001979604,335.7146984176422,237.26824717426112,237.2674353973285,768.8593280314934,768.8594164946177,0.012119121956823593,132.0,11.0
538,22.0,137.21866629194213,137.21889361191953,335.7146984176422,335.71411576508956,237.2674353973285,237.267106221048,768.8594164946177,768.8594811403627,0.022112170702696977,132.0,11.0
539,22.0,137.21889361191953,137.21904089159452,335.71411576508956,335.7140839181552,237.267106221048,237.26707509580933,768.8594811403627,768.8595023305077,0.015681939902082824,132.0,11.0
540,22.0,137.95803657725256,137.95802425357076,331.8003263993204,331.8003258806431,238.39922794004633,238.39925771701945,768.9972608007298,768.9972677143041,0.006292811806093863,135.0,11.0
541,22.0,144.0473154880919,144.04737745195945,325.4307699948738,325.43068391845077,236.85414779593515,236.8541925845513,769.2958223303401,769.2958348441383,0.005186252201620798,136.0,11.0
542,22.0,144.04737745195945,144.04749867342875,325.43068391845077,325.43050571133153,236.8541925845513,236.85431946753675,769.2958348441383,769.2958650221556,0.02072121905035494,136.0,11.0
543,22.0,143.80726840406408,143.80660867475115,325.5711220775049,325.57121364711105,236.61735751752417,236.61744114397158,769.3080050001254,769.3080512940576,0.005604796027605569,137.0,11.0
544,22.0,143.80660867475115,143.8049952045434,325.57121364711105,325.57077804365133,236.61744114397158,236.61756745790694,769.3080512940576,769.3081707494808,0.013626159358642148,137.0,11.0
545,22.0,143.8049952045434,143.80479246652664,325.57077804365133,325.57106808327705,236.61756745790694,236.61640529251113,769.3081707494808,769.308266031403,0.010506264990335568,137.0,11.0
546,22.0,143.80479246652664,143.8041590838145,325.57106808327705,325.5709454703333,236.61640529251113,236.61581618449364,769.308266031403,769.3083413958545,0.015240733308580518,137.0,11.0
547,22.0,143.8041590838145,143.80406255723997,325.5709454703333,325.5713258510484,236.61581618449364,236.61566671976598,769.3083413958545,769.3083855309986,0.02067762475836304,137.0,11.0
548,22.0,143.80406255723997,143.80402732301883,325.5713258510484,325.5713412283836,236.61566671976598,236.61565469654744,769.3083855309986,769.3083936290374,0.007182031730464625,137.0,11.0
549,22.0,143.8072661894633,143.80725937806926,325.57112099682865,325.5711197579803,236.61735805956246,236.61735755762516,769.3080058249483,769.3080081989685,0.0024477912830914795,138.0,11.0
550,22.0,135.26350433519008,135.2663327274084,434.55461803448895,434.55499296264395,167.03344634589195,167.03089192105358,764.207771932482,764.2079237245601,0.0058179873132168615,144.0,11.0
551,22.0,135.2663327274084,135.26717675210662,434.55499296264395,434.5551708448678,167.03089192105358,167.0286193617293,764.2079237245601,764.208079061643,0.01679111723134819,144.0,11.0
552,22.0,135.26717675210662,135.26852266972085,434.5551708448678,434.55545227632047,167.0286193617293,167.02742998150828,764.208079061643,764.2082055437477,0.01439273897865973,144.0,11.0
553,22.0,135.26852266972085,135.26832626187442,434.55545227632047,434.5567542379773,167.02742998150828,167.02728795630827,764.2082055437477,764.2083067927937,0.0200873187583162,144.0,11.0
554,22.0,135.26832626187442,135.26867716029457,434.5567542379773,434.5565267838142,167.02728795630827,167.02782002482314,764.2083067927937,764.2083694256031,0.026010557333138257,144.0,11.0
555,22.0,135.26867716029457,135.26864683611774,434.5565267838142,434.5565922305824,167.02782002482314,167.02785652424316,764.2083694256031,764.2083827451339,0.010805042333654175,144.0,11.0
556,22.0,147.67315490693926,147.6746298104747,435.78004613579185,435.7804324907132,172.5639844631231,172.56407616774757,764.6628996540903,764.6629862742843,0.004280044092957336,146.0,11.0
557,22.0,147.6746298104747,147.67727181506936,435.7804324907132,435.7824680554275,172.56407616774757,172.56535422717226,764.6629862742843,764.6631914986326,0.01348144339955159,146.0,11.0
558,22.0,147.67727181506936,147.6769896944132,435.7824680554275,435.78541668932775,172.56535422717226,172.56591700833917,764.6631914986326,764.6633728383495,0.02931391619132928,146.0,11.0
559,22.0,147.6769896944132,147.67663938523216,435.78541668932775,435.78409310934256,172.56591700833917,172.56459070440235,764.6633728383495,764.6635036052355,0.05416035632134165,146.0,11.0
560,22.0,147.67663938523216,147.67675304189544,435.78409310934256,435.78427564926596,172.56459070440235,172.56451636960662,764.6635036052355,764.6635317703931,0.019625872322175893,146.0,11.0
561,22.0,149.16581859539718,149.16561857702897,429.863452067459,429.8631436728957,189.3514654510215,189.35172180382537,765.2587142725132,765.2587484181538,0.001197490470114603,148.0,11.0
562,22.0,149.16561857702897,149.16467641191815,429.8631436728957,429.8625305816646,189.35172180382537,189.35237398624145,765.2587484181538,765.2588483324737,0.010558988020075908,148.0,11.0
563,22.0,149.16467641191815,149.16402582181865,429.8625305816646,429.8628442615812,189.35237398624145,189.35175090040633,765.2588483324737,765.2589285969652,0.018581760477497898,148.0,11.0
564,22.0,149.16402582181865,149.16435548638873,429.8628442615812,429.86273740410877,189.35175090040633,189.3515550259454,765.2589285969652,765.2589710302117,0.021261171540593374,148.0,11.0
565,22.0,149.16435548638873,149.16433768898418,429.86273740410877,429.86272425197376,189.3515550259454,189.35157184332147,765.2589710302117,765.258977257633,0.0057590774469880625,148.0,11.0
566,22.0,149.16581764301455,149.1658146725949,429.8634543744255,429.8634615697044,189.35146597022384,189.35146758958223,765.2587151058804,765.258717711498,0.002667822881090952,149.0,11.0
567,22.0,151.4094946951954,151.40947293210445,436.4845151735182,436.4846021667046,189.96148091400056,189.96148152498338,765.4927913830834,765.492801768708,0.0029803357509426637,152.0,11.0
568,22.0,151.40947293210445,151.4094507861318,436.4846021667046,436.48482872457333,189.96148152498338,189.96148068048186,765.492801768708,765.4928299448273,0.0196318873545806,152.0,11.0
569,22.0,163.52614998173695,163.52620690660703,438.50316711226077,438.5032493772516,190.54512744103906,190.54517889566526,765.90299736782,765.9030142629981,0.013090222238734916,153.0,11.0
570,22.0,165.16850414176002,165.1697307594285,437.0093985238179,437.0085738200196,189.79064562372662,189.79023677161695,765.9812040928083,765.9812914425253,0.0034536603733544874,155.0,11.0
571,22.0,165.1697307594285,165.1722247258661,437.0085738200196,437.0071657121842,189.79023677161695,189.78814688581883,765.9812914425253,765.9814955554024,0.021219671112014782,155.0,11.0
572,22.0,165.1722247258661,165.17107393998705,437.0071657121842,437.00714176935224,189.78814688581883,189.78572064205596,765.9814955554024,765.9816623692726,0.0187020822788381,155.0,11.0
573,22.0,165.17107393998705,165.17133218638685,437.00714176935224,437.0066336934992,189.78572064205596,189.78381735314483,765.9816623692726,765.9817970073707,0.011487354363154411,155.0,11.0
574,22.0,165.17133218638685,165.1711754755522,437.0066336934992,437.0054700713714,189.78381735314483,189.7827548849319,765.9817970073707,765.9819117945854,0.020880784498229873,155.0,11.0
575,22.0,165.1711754755522,165.1714216909573,437.0054700713714,437.0050967447156,189.7827548849319,189.7819831762577,765.9819117945854,765.98198828885,0.01012462708659468,155.0,11.0
576,22.0,165.1714216909573,165.1713816791033,437.0050967447156,437.0053995646243,189.7819831762577,189.78247477577582,765.98198828885,765.9820441549916,0.015275190044084869,155.0,11.0
577,22.0,165.1713816791033,165.1712305969906,437.0053995646243,437.0052715155155,189.78247477577582,189.78250841917296,765.9820441549916,765.982069878571,0.018272404363440083,155.0,11.0
578,22.0,165.16850311755672,165.1685005784545,437.0093979810222,437.00939486558656,189.79064347578972,189.79063690537484,765.9812049006844,765.9812074500641,0.00261474,156.0,11.0
579,22.0,135.37231719540765,135.3723144131136,434.6753689921664,434.6753734860229,167.07351405160276,167.0735150356568,764.2012234385032,764.2012254332404,0.0020776942729804296,160.0,11.0
580,22.0,135.37231966313286,135.37232388324523,434.6753656374593,434.67536041871017,167.0735122300168,167.0735075753833,764.2012237282416,764.2012263824217,0.0027134968664449177,161.0,11.0
581,22.0,135.28219477423755,135.28148331306804,434.74514226777484,434.74486326224917,167.13993225220014,167.13998946578192,764.1975826659876,764.1976340893257,0.0012977507127110487,163.0,11.0
582,22.0,135.28148331306804,135.28017126678284,434.74486326224917,434.74341340064376,167.13998946578192,167.13953425770657,764.1976340893257,764.1977697244354,0.013461143621803482,163.0,11.0
583,22.0,135.28017126678284,135.2798638248149,434.74341340064376,434.7419116844415,167.13953425770657,167.13962845828115,764.1977697244354,764.1978820724925,0.012764974195081807,163.0,11.0
584,22.0,135.2798638248149,135.2793169343735,434.7419116844415,434.74120237044497,167.13962845828115,167.14028306300634,764.1978820724925,764.1979714350769,0.02524751126473624,163.0,11.0
585,22.0,135.2793169343735,135.279651203029,434.74120237044497,434.74110298510914,167.14028306300634,167.14024316513158,764.1979714350769,764.198010118436,0.01651817514148294,163.0,11.0
586,22.0,135.279651203029,135.27962708308533,434.74110298510914,434.7410731048247,167.14024316513158,167.1402038028456,764.198010118436,764.1980202253525,0.008629509382597433,163.0,11.0
587,22.0,135.28219340132017,135.2821893103283,434.7451440533381,434.74515062558874,167.13993340964464,167.1399354801903,764.1975834938298,764.1975861135268,0.00268108,164.0,11.0
588,22.0,139.8285612857131,139.82872217784427,429.10108842238816,429.10095431580623,173.60988767751638,173.61136886962714,764.5153573270137,764.5154434500826,0.004005563702900463,167.0,11.0
589,22.0,139.82872217784427,139.82986663706222,429.10095431580623,429.1008956434218,173.61136886962714,173.6145454113891,764.5154434500826,764.5156403958241,0.018992992997659722,167.0,11.0
590,22.0,139.82986663706222,139.832269927416,429.1008956434218,429.1005543430585,173.6145454113891,173.61552180987024,764.5156403958241,764.5158041242133,0.011158066624448756,167.0,11.0
591,22.0,139.832269927416,139.8313761952018,429.1005543430585,429.10231300594717,173.61552180987024,173.6164868841103,764.5158041242133,764.5159486446964,0.021563315037643298,167.0,11.0
592,22.0,139.8313761952018,139.83103928619911,429.10231300594717,429.10350890575137,173.6164868841103,173.61720749916805,764.5159486446964,764.5160558352134,0.011156568315562417,167.0,11.0
593,22.0,139.83103928619911,139.83059516856656,429.10350890575137,429.1032909471561,173.61720749916805,173.6181522288471,764.5160558352134,764.5161427319708,0.024210028463177543,167.0,11.0
594,22.0,139.83059516856656,139.83055290069112,429.1032909471561,429.1033196652499,173.6181522288471,173.61781185704882,764.5161427319708,764.5161808617701,0.024867933384515813,167.0,11.0
595,22.0,143.66085161293262,143.66398114068497,425.7975155312198,425.7955458777736,171.18087554635648,171.17704926810163,764.7025701358697,764.702806575453,0.011494245246423312,168.0,11.0
596,22.0,143.66398114068497,143.66683179343948,425.7955458777736,425.79360474069045,171.17704926810163,171.16702335594016,764.702806575453,764.7032833384507,0.039518858192836105,168.0,11.0
597,22.0,143.66683179343948,143.66835401973003,425.79360474069045,425.7902570364181,171.16702335594016,171.17445619137393,764.7032833384507,764.7036746489042,0.026539492891023704,168.0,11.0
598,22.0,143.66835401973003,143.66320471871978,425.7902570364181,425.78742898957825,171.17445619137393,171.17094519787258,764.7036746489042,764.704010942123,0.02351676825270174,168.0,11.0
599,22.0,143.66320471871978,143.6626371904792,425.78742898957825,425.7930367018829,171.17094519787258,171.17109160557357,764.704010942123,764.7043002985166,0.017377212441325274,168.0,11.0
600,22.0,143.6626371904792,143.66043562784148,425.7930367018829,425.797293896042,171.17109160557357,171.171338469903,764.7043002985166,764.7045561726255,0.023873565804273005,168.0,11.0
601,22.0,143.66043562784148,143.6587832426866,425.797293896042,425.7985807760994,171.171338469903,171.17441803165107,764.7045561726255,764.7047678273244,0.01666806089631567,168.0,11.0
602,22.0,143.6587832426866,143.65826196418988,425.7985807760994,425.79788396494087,171.17441803165107,171.17732084055223,764.7047678273244,764.7049498358689,0.016815446987468605,168.0,11.0
603,22.0,143.65826196418988,143.65615952486925,425.79788396494087,425.79765643940283,171.17732084055223,171.17840681369663,764.7049498358689,764.7051027287575,0.023153402539038297,168.0,11.0
604,22.0,143.65615952486925,143.65534502447503,425.79765643940283,425.79831696231395,171.17840681369663,171.17954528055117,764.7051027287575,764.7052156965099,0.037148235178831784,168.0,11.0
605,22.0,143.65534502447503,143.65537645374098,425.79831696231395,425.7986528331019,171.17954528055117,171.17936745796877,764.7052156965099,764.7052568100455,0.014848126937579885,168.0,11.0
606,22.0,143.65537645374098,143.65532030707104,425.7986528331019,425.79858224405825,171.17936745796877,171.17936628510662,764.7052568100455,764.7052712202603,0.011517153515648505,168.0,11.0
607,22.0,143.66085008175347,143.6608469777508,425.797517285935,425.797523687624,171.18087607095782,171.18087710206154,764.7025709256721,764.7025733573299,0.0025029073054766977,169.0,11.0
608,22.0,134.10306508309102,134.11715729393174,445.1117323952214,445.0810906517625,163.4402985687524,163.42325989105626,763.8843049696702,763.8856324806917,0.06499099416192794,173.0,11.0
609,22.0,134.11715729393174,134.10968701164447,445.0810906517625,445.02705692593156,163.42325989105626,163.37193274400866,763.8856324806917,763.8882761267137,0.14987672683652462,173.0,11.0
610,22.0,134.10968701164447,134.15961214051322,445.02705692593156,445.02330721272455,163.37193274400866,163.33636666142849,763.8882761267137,763.8904733123252,0.14703624639225313,173.0,11.0
611,22.0,134.15961214051322,134.14575309466812,445.02330721272455,444.99693470477814,163.33636666142849,163.29794219784426,763.8904733123252,763.8922459227051,0.13780903510986353,173.0,11.0
612,22.0,134.14575309466812,134.14785435840184,444.99693470477814,444.9613017323609,163.29794219784426,163.28763913810224,763.8922459227051,763.8936359017023,0.08894475969278107,173.0,11.0
613,22.0,134.14785435840184,134.1532143981064,444.9613017323609,444.93680543105455,163.28763913810224,163.27097815643145,763.8936359017023,763.894789141604,0.1208785981730629,173.0,11.0
614,22.0,134.1532143981064,134.16057385931043,444.93680543105455,444.9307393483414,163.27097815643145,163.25217670170977,763.894789141604,763.8956354289554,0.04579849638078164,173.0,11.0
615,22.0,134.16057385931043,134.14817271232778,444.9307393483414,444.92540089113857,163.25217670170977,163.24052201744098,763.8956354289554,763.8963693445259,0.07119315936262831,173.0,11.0
616,22.0,134.14817271232778,134.13868413837173,444.92540089113857,444.92789539501393,163.24052201744098,163.2318881476354,763.8963693445259,763.8969351975416,0.035602391871209775,173.0,11.0
617,22.0,134.13868413837173,134.14024561112586,444.92789539501393,444.9341163229531,163.2318881476354,163.22314863699995,763.8969351975416,763.897420642994,0.03374599077921878,173.0,11.0
618,22.0,134.14024561112586,134.1384367547583,444.9341163229531,444.9352271063177,163.22314863699995,163.21456384668684,763.897420642994,763.8978325410319,0.03009076108413398,173.0,11.0
619,22.0,134.1384367547583,134.1357017718301,444.9352271063177,444.93783579440185,163.21456384668684,163.20846943014203,763.8978325410319,763.898181379881,0.02656648093465266,173.0,11.0
620,22.0,134.1357017718301,134.13198508478712,444.93783579440185,444.93348213138336,163.20846943014203,163.20758497006162,763.898181379881,763.8984768019935,0.02349731217658111,173.0,11.0
621,22.0,134.13198508478712,134.1315951522218,444.93348213138336,444.93240032252436,163.20758497006162,163.2047203683648,763.8984768019935,763.8986425850305,0.014917019978455558,173.0,11.0
622,22.0,134.1315951522218,134.1304710108913,444.93240032252436,444.93209943467446,163.2047203683648,163.20340797999285,763.8986425850305,763.8987659194585,0.014756655767418511,173.0,11.0
623,22.0,134.1304710108913,134.13070620468838,444.93209943467446,444.93117015554753,163.20340797999285,163.2026033521754,763.8987659194585,763.8988632188668,0.030734402480574036,173.0,11.0
624,22.0,134.13070620468838,134.13088716995858,444.93117015554753,444.9309407556378,163.2026033521754,163.20274089975456,763.8988632188668,763.8988996061346,0.01509332885317082,173.0,11.0
625,22.0,134.13088716995858,134.13094310245143,444.9309407556378,444.93092696979454,163.20274089975456,163.20274598558507,763.8988996061346,763.8989100834746,0.008887423498290253,173.0,11.0
626,22.0,138.32686656199598,138.34463047175518,441.2832859524704,441.2661622380082,171.1166153224913,171.15317013306904,764.2032441243342,764.2047816699909,0.0754857197939448,176.0,11.0
627,22.0,138.34463047175518,138.39364533526097,441.2661622380082,441.25231546578186,171.15317013306904,171.22226600646104,764.2047816699909,764.2077870609443,0.18718514797777122,176.0,11.0
628,22.0,138.39364533526097,138.4063979897078,441.25231546578186,441.23545930795,171.22226600646104,171.28762403055777,764.2077870609443,764.210225277034,0.1369847583577117,176.0,11.0
629,22.0,138.4063979897078,138.3862417258131,441.23545930795,441.2133102757847,171.28762403055777,171.33555993850717,764.210225277034,764.2122602993221,0.28005113646480045,176.0,11.0
630,22.0,138.3862417258131,138.37587689523838,441.2133102757847,441.20525198286316,171.33555993850717,171.36593657354246,764.2122602993221,764.2135140904477,0.07442966654289465,176.0,11.0
631,22.0,138.37587689523838,138.37300595691272,441.20525198286316,441.19335194840704,171.36593657354246,171.36980674706072,764.2135140904477,764.2140117546599,0.022580595811051277,176.0,11.0
632,22.0,138.37300595691272,138.36455510944327,441.19335194840704,441.17835011629467,171.36980674706072,171.35784487581265,764.2140117546599,764.2148540336407,0.050369812863341856,176.0,11.0
633,22.0,138.36455510944327,138.36152130751847,441.17835011629467,441.17481452108416,171.35784487581265,171.34107254794043,764.2148540336407,764.2155730069052,0.1867214128329834,176.0,11.0
634,22.0,138.36152130751847,138.36312133635607,441.17481452108416,441.1690497318747,171.34107254794043,171.3416277864817,764.2155730069052,764.2158769049271,0.02928951111204927,176.0,11.0
635,22.0,138.36312133635607,138.36338132981336,441.1690497318747,441.17343595213936,171.3416277864817,171.34030705596555,764.2158769049271,764.2161242308082,0.04653300822558197,176.0,11.0
636,22.0,138.36338132981336,138.361297911853,441.17343595213936,441.1739243764291,171.34030705596555,171.3388011590517,764.2161242308082,764.2162879700755,0.053285395326478656,176.0,11.0
637,22.0,138.361297911853,138.36076067675168,441.1739243764291,441.1734294446742,171.3388011590517,171.3385729954898,764.2162879700755,764.2163564598226,0.014826504486744841,176.0,11.0
638,22.0,138.36076067675168,138.36093065059973,441.1734294446742,441.1735531937068,171.3385729954898,171.33884496095428,764.2163564598226,764.2163945548241,0.01838227043912851,176.0,11.0
639,22.0,138.36093065059973,138.36091376951146,441.1735531937068,441.17355597643945,171.33884496095428,171.3388158627741,764.2163945548241,764.2164016985068,0.006468045012335458,176.0,11.0
640,22.0,138.32686743258165,138.3268688731962,441.28328444199406,441.28327901619184,171.11661348545928,171.11660823261093,764.2032449519039,764.2032474980924,0.002611721480998159,177.0,11.0
641,22.0,139.4824309589761,139.48355781260773,440.60715514400255,440.6075440032817,170.21824552994912,170.21715671384416,764.2570250662095,764.2571165674193,0.0025678996528349335,180.0,11.0
642,22.0,139.48355781260773,139.48540565293834,440.6075440032817,440.60822659367903,170.21715671384416,170.21407995076194,764.2571165674193,764.2573252381817,0.021524060075511973,180.0,11.0
643,22.0,139.48540565293834,139.4865663464215,440.60822659367903,440.61074319401587,170.21407995076194,170.21400746902216,764.2573252381817,764.2574959132365,0.012644114378525055,180.0,11.0
644,22.0,139.4865663464215,139.48780130435907,440.61074319401587,440.6111845047209,170.21400746902216,170.21588457719477,764.2574959132365,764.2576447847404,0.016726013476389356,180.0,11.0
645,22.0,139.48780130435907,139.4876196387925,440.6111845047209,440.61257338999957,170.21588457719477,170.21682812340546,764.2576447847404,764.2577648833386,0.02530060068861482,180.0,11.0
646,22.0,139.4876196387925,139.48684779120146,440.61257338999957,440.6128298164296,170.21682812340546,170.2170689045244,764.2577648833386,764.2578386625204,0.013110303380930187,180.0,11.0
647,22.0,139.48684779120146,139.4872158984016,440.6128298164296,440.61262669386736,170.2170689045244,170.2172442508875,764.2578386625204,764.2578855188757,0.028506960116528368,180.0,11.0
648,22.0,139.86687887019988,139.8670439882523,435.9613091054747,435.96052544975163,170.1284952646102,170.12790284412517,764.4125523105463,764.4126153250364,0.0018122011804872712,181.0,11.0
649,22.0,139.8670439882523,139.86730819189927,435.96052544975163,435.95849212743406,170.12790284412517,170.1265617305869,764.4126153250364,764.4127715413605,0.016898553328818896,181.0,11.0
650,22.0,139.86730819189927,139.86571321007074,435.95849212743406,435.958678821934,170.1265617305869,170.12567946798123,764.4127715413605,764.4128987180004,0.014802984268990842,181.0,11.0
651,22.0,139.86571321007074,139.86454273366493,435.958678821934,435.9590651706838,170.12567946798123,170.12616314712744,764.4128987180004,764.4129999543508,0.01534302796110304,181.0,11.0
652,22.0,139.86454273366493,139.86400731411396,435.9590651706838,435.958499797728,170.12616314712744,170.12589236584148,764.4129999543508,764.4130722335573,0.0359698678068181,181.0,11.0
653,22.0,139.86400731411396,139.863984631721,435.958499797728,435.95850042053024,170.12589236584148,170.12587888400657,764.4130722335573,764.413078238132,0.005582953758636357,181.0,11.0
654,22.0,139.8377047366733,139.83739467269808,435.9331250329237,435.9332980038921,170.56210886459883,170.562669321756,764.4270792557554,764.4271254203096,0.004542697604815928,183.0,11.0
655,22.0,139.83739467269808,139.8365733034605,435.9332980038921,435.9340319608873,170.562669321756,170.5639089492241,764.4271254203096,764.4272439892234,0.013312009840187718,183.0,11.0
656,22.0,139.8365733034605,139.83764076663368,435.9340319608873,435.9338576445689,170.5639089492241,170.5644477549975,764.4272439892234,764.4273389131632,0.009527511782041264,183.0,11.0
657,22.0,139.83764076663368,139.83824937123944,435.9338576445689,435.93342595540105,170.5644477549975,170.5649486152573,764.4273389131632,764.4274158225866,0.026437139082393382,183.0,11.0
658,22.0,139.83824937123944,139.8384051343133,435.93342595540105,435.9334727968124,170.5649486152573,170.56485983000158,764.4274158225866,764.4274400789482,0.01744593297135577,183.0,11.0
659,22.0,140.93465524889274,140.93459037034194,435.126934846494,435.1268253852909,169.93253876264717,169.93267669639243,764.4771162308942,764.4771407109586,0.01757258725542719,185.0,11.0
660,22.0,143.1182998941428,143.11849811704727,436.6656012298241,436.66588318862466,169.4373290421583,169.43703697899502,764.5677408342169,764.5677874056947,0.02905336768704829,186.0,11.0
661,22.0,143.07724524516496,143.0766244681019,436.4374096095574,436.43714693418303,169.4145540709512,169.41418267443777,764.575494079741,764.5755455983789,0.002833573638496606,187.0,11.0
662,22.0,143.0766244681019,143.0750977440456,436.43714693418303,436.4366662906127,169.41418267443777,169.41303562450503,764.5755455983789,764.5756793933048,0.015181177794931656,187.0,11.0
663,22.0,143.0750977440456,143.07638852149952,436.4366662906127,436.43668850075045,169.41303562450503,169.41239581657177,764.5756793933048,764.5757868201717,0.010605311753666365,187.0,11.0
664,22.0,143.07638852149952,143.07744405026187,436.43668850075045,436.4365816310321,169.41239581657177,169.41264030002606,764.5757868201717,764.5758750016381,0.018103903212148418,187.0,11.0
665,22.0,143.07744405026187,143.07778425033607,436.4365816310321,436.4367415842538,169.41264030002606,169.41300555476147,764.5758750016381,764.5759269490054,0.021164974108915314,187.0,11.0
666,22.0,143.07778425033607,143.07782160051127,436.4367415842538,436.4368083187836,169.41300555476147,169.41301345486693,764.5759269490054,764.5759397973384,0.010493777394685277,187.0,11.0
667,22.0,143.07724333796378,143.07723771263795,436.43740935212935,436.4374085701591,169.41455258229024,169.41454756031266,764.575494884716,764.5754974065849,0.002588694371171643,188.0,11.0
668,22.0,137.56227768268107,137.5622702194,438.6685015518795,438.6684267181512,169.99448980846168,169.9944417495571,764.313659432681,764.3136737332503,0.01144606586867431,193.0,11.0
669,22.0,139.0972571154164,139.09734936549765,440.5115789975841,440.51177293411,172.2901577461356,172.2903628433177,764.4244008363564,764.4244251945454,0.0015324241813118502,194.0,11.0
670,22.0,139.09734936549765,139.0972393938519,440.51177293411,440.5123359710489,172.2903628433177,172.29117306234232,764.4244251945454,764.4245077794775,0.02769536116667203,194.0,11.0
671,22.0,139.0972393938519,139.0972217648769,440.5123359710489,440.5125339678755,172.29117306234232,172.2910854654047,764.4245077794775,764.4245350104384,0.019111233093859047,194.0,11.0
672,22.0,139.0972569157214,139.0972564385865,440.51158160820614,440.5115878458138,172.2901564632968,172.2901533981862,764.4244017506247,764.4244041305064,0.0024534085484416647,195.0,11.0
673,22.0,133.14704588860394,133.14682537958328,445.26673596598675,445.26642523771926,162.63870436579856,162.6388216206985,763.9381554317865,763.9381867434475,0.0019298740685429064,198.0,11.0
674,22.0,133.14682537958328,133.1463680026507,445.26642523771926,445.2653796638081,162.6388216206985,162.6389204018944,763.9381867434475,763.9382781541984,0.012054383425851647,198.0,11.0
675,22.0,133.1463680026507,133.14647079264222,445.2653796638081,445.2646552531851,162.6389204018944,162.63872233665185,763.9382781541984,763.9383461717687,0.017118306235215732,198.0,11.0
676,22.0,133.14647079264222,133.14631752123086,445.2646552531851,445.26460549285673,162.63872233665185,162.63848737284448,763.9383461717687,763.9383793659212,0.017677310951042715,198.0,11.0
677,22.0,133.14631752123086,133.1463342472004,445.26460549285673,445.2645973466327,162.63848737284448,162.63849319213318,763.9383793659212,763.938384219188,0.004648788359509076,198.0,11.0
678,22.0,133.1470482971408,133.1470523108726,445.26673586828446,445.2667367668323,162.63870379003976,162.63870046804135,763.9381562419662,763.9381582142013,0.002055300489970284,199.0,11.0
679,22.0,124.67268931284863,124.67068418423958,454.6364760595998,454.59977178413317,157.210996341981,157.24773247804325,763.3932728210882,763.395071289606,0.11742397454147,202.0,11.0
680,22.0,124.67068418423958,124.62330787722715,454.59977178413317,454.5410217431333,157.24773247804325,157.30869176886995,763.395071289606,763.3984460831504,0.16976475935559862,202.0,11.0
681,22.0,124.62330787722715,124.55459111337719,454.5410217431333,454.5838595549544,157.30869176886995,157.31417860718554,763.3984460831504,763.4012968154518,0.15023792760889987,202.0,11.0
682,22.0,124.55459111337719,124.51899975841539,454.5838595549544,454.6235563924406,157.31417860718554,157.35552704461026,763.4012968154518,763.403694637741,0.1177797082784708,202.0,11.0
683,22.0,124.51899975841539,124.47276217645785,454.6235563924406,454.63554468593594,157.35552704461026,157.38665870589392,763.403694637741,763.4057460531208,0.10855728362634336,202.0,11.0
684,22.0,124.47276217645785,124.42920070231166,454.63554468593594,454.61700050645385,157.38665870589392,157.39203430613526,763.4057460531208,763.4074863055105,0.11086138011153521,202.0,11.0
685,22.0,124.42920070231166,124.40187270562596,454.61700050645385,454.59746302784333,157.39203430613526,157.4106613368203,763.4074863055105,763.4089184603419,0.08593622357507746,202.0,11.0
686,22.0,124.40187270562596,124.41378176036599,454.59746302784333,454.6036169950004,157.4106613368203,157.43921893608595,763.4089184603419,763.4101202696872,0.10957707167671586,202.0,11.0
687,22.0,124.41378176036599,124.41086434154491,454.6036169950004,454.5969582366641,157.43921893608595,157.46131246576536,763.4101202696872,763.4110412457179,0.06756943579640928,202.0,11.0
688,22.0,124.41086434154491,124.42545364613264,454.5969582366641,454.6037249208395,157.46131246576536,157.47024777725488,763.4110412457179,763.4117947083862,0.0521933292374647,202.0,11.0
689,22.0,124.42545364613264,124.42402525504876,454.6037249208395,454.61586220640527,157.47024777725488,157.47865821685343,763.4117947083862,763.4124233615091,0.03342938887058058,202.0,11.0
690,22.0,124.42402525504876,124.43426156128564,454.61586220640527,454.62318521523576,157.47865821685343,157.48003960799616,763.4124233615091,763.4129746226423,0.10827155248049575,202.0,11.0
691,22.0,124.43426156128564,124.43583482478721,454.62318521523576,454.62609313458205,157.48003960799616,157.47459480245453,763.4129746226423,763.4132926082304,0.07521250369779274,202.0,11.0
692,22.0,124.43583482478721,124.4368862306111,454.62609313458205,454.6268144751457,157.47459480245453,157.4719714272825,763.4132926082304,763.4134696522661,0.022224903722672194,202.0,11.0
693,22.0,124.4368862306111,124.43729298806052,454.6268144751457,454.6287171669786,157.4719714272825,157.47268519342015,763.4134696522661,763.4136083639246,0.01638469546069379,202.0,11.0
694,22.0,124.43729298806052,124.43772490047024,454.6287171669786,454.6297031940906,157.47268519342015,157.47372577264397,763.4136083639246,763.413718724809,0.018555551079926992,202.0,11.0
695,22.0,124.43772490047024,124.43782483134453,454.6297031940906,454.63058167799306,157.47372577264397,157.47377618953112,763.413718724809,763.4137948282176,0.010738567268082774,202.0,11.0
696,22.0,124.43782483134453,124.43801288631485,454.63058167799306,454.63058113814213,157.47377618953112,157.4732539320719,763.4137948282176,763.413849008799,0.01683428780233795,202.0,11.0
697,22.0,124.43801288631485,124.43808694528495,454.63058113814213,454.63044885632206,157.4732539320719,157.47321076710563,763.413849008799,763.4138705736669,0.01590121842199381,202.0,11.0
698,22.0,131.94014863085243,132.0156717314518,451.30300811947944,451.2585833692825,159.33858246489172,159.38065730265706,763.6692547231239,763.6725474793873,0.13139345491954907,203.0,11.0
699,22.0,132.0156717314518,132.18517739031375,451.2585833692825,451.19809024096924,159.38065730265706,159.4554731145495,763.6725474793873,763.6791602811358,0.4288789937957097,203.0,11.0
700,22.0,132.18517739031375,132.27693056148405,451.19809024096924,451.2161346105089,159.4554731145495,159.44776665947546,763.6791602811358,763.6823656177856,0.1712189982851339,203.0,11.0
701,22.0,132.27693056148405,132.36435589409595,451.2161346105089,451.2117768137784,159.44776665947546,159.40657709351086,763.6823656177856,763.6857313103021,0.23861366149457514,203.0,11.0
702,22.0,132.36435589409595,132.4377188227359,451.2117768137784,451.2226040757902,159.40657709351086,159.39868047313115,763.6857313103021,763.6883642856407,0.15939417142514464,203.0,11.0
703,22.0,132.4377188227359,132.49774976866735,451.2226040757902,451.22449315269705,159.39868047313115,159.4035512930944,763.6883642856407,763.6905231960324,0.16871457325495345,203.0,11.0
704,22.0,132.49774976866735,132.5098243265969,451.22449315269705,451.23269057008093,159.4035512930944,159.36026851299897,763.6905231960324,763.6921978156557,0.09344894372758214,203.0,11.0
705,22.0,132.5098243265969,132.5215451545413,451.23269057008093,451.22523591803036,159.36026851299897,159.3249702793367,763.6921978156557,763.6936139372345,0.07936519465598467,203.0,11.0
706,22.0,132.5215451545413,132.50768725077185,451.22523591803036,451.21754628262806,159.3249702793367,159.29763094808982,763.6936139372345,763.6948175477352,0.10747744419626899,203.0,11.0
707,22.0,132.50768725077185,132.51369303631643,451.21754628262806,451.1990355222024,159.29763094808982,159.28452155522174,763.6948175477352,763.6957455501702,0.04861204691022763,203.0,11.0
708,22.0,132.51369303631643,132.52287829831522,451.1990355222024,451.20082580652695,159.28452155522174,159.2669208098908,763.6957455501702,763.6965522423178,0.048626652448084895,203.0,11.0
709,22.0,132.52287829831522,132.52808943658735,451.20082580652695,451.18657049347905,159.2669208098908,159.2734911196309,763.6965522423178,763.6972408514964,0.04080763309854638,203.0,11.0
710,22.0,132.52808943658735,132.52552854917207,451.18657049347905,451.1752789802369,159.2734911196309,159.28102971469133,763.6972408514964,763.6978333562589,0.03291551896801038,203.0,11.0
711,22.0,132.52552854917207,132.53407772183908,451.1752789802369,451.1754674282168,159.28102971469133,159.28904140243446,763.6978333562589,763.6983506411246,0.04998366216420929,203.0,11.0
712,22.0,132.53407772183908,132.53273378014578,451.1754674282168,451.1752043371277,159.28904140243446,159.28042044333054,763.6983506411246,763.6987582779551,0.028924582122556296,203.0,11.0
713,22.0,132.53273378014578,132.53671636267924,451.1752043371277,451.1768990831765,159.28042044333054,159.2747585187639,763.6987582779551,763.6991054140128,0.03277633695672215,203.0,11.0
714,22.0,132.53671636267924,132.53718095052182,451.1768990831765,451.1716570781106,159.2747585187639,159.2733664449408,763.6991054140128,763.6993870690785,0.028006403585197095,203.0,11.0
715,22.0,132.53718095052182,132.537639733043,451.1716570781106,451.1683160344519,159.2733664449408,159.27575345493727,763.6993870690785,763.6996156938534,0.026695498092965547,203.0,11.0
716,22.0,132.537639733043,132.54062863654627,451.1683160344519,451.1684276382847,159.27575345493727,159.27550773738142,763.6996156938534,763.6997964220363,0.014463704954774354,203.0,11.0
717,22.0,132.54062863654627,132.54259866250288,451.1684276382847,451.16969393051215,159.27550773738142,159.2748288828755,763.6997964220363,763.6999521034265,0.022400936574442892,203.0,11.0
718,22.0,132.54259866250288,132.5433692758417,451.16969393051215,451.1687947701789,159.2748288828755,159.27594805729785,763.6999521034265,763.7000692161553,0.01931954760371271,203.0,11.0
719,22.0,132.5433692758417,132.54348877729166,451.1687947701789,451.16952300025605,159.27594805729785,159.27660043761264,763.7000692161553,763.700151340056,0.015427538382439817,203.0,11.0
720,22.0,132.54348877729166,132.54353913605817,451.16952300025605,451.16924669322617,159.27660043761264,159.27617544523076,763.700151340056,763.7002022104305,0.013301313394081223,203.0,11.0
721,22.0,132.54353913605817,132.54350552496766,451.16924669322617,451.16908625932837,159.27617544523076,159.2762766085188,763.7002022104305,763.7002271595701,0.017837401191019397,203.0,11.0
722,22.0,209.38290057787154,209.3921512536073,460.15045963973336,460.147241100137,139.63072487163495,139.63305737624506,766.3510886568598,766.3514955144226,0.016637422040672836,205.0,11.0
723,22.0,209.3921512536073,209.41012957686604,460.147241100137,460.14146266020236,139.63305737624506,139.6346914988044,766.3514955144226,766.3522683131727,0.04667166293608766,205.0,11.0
724,22.0,209.41012957686604,209.40551508196995,460.14146266020236,460.1301720324585,139.6346914988044,139.64463212840977,766.3522683131727,766.3529286903993,0.04259241630400121,205.0,11.0
725,22.0,209.40551508196995,209.4134424734256,460.1301720324585,460.12359882877024,139.64463212840977,139.6524596391676,766.3529286903993,766.353489756645,0.04165717576060146,205.0,11.0
726,22.0,209.4134424734256,209.41779267555916,460.12359882877024,460.1154111224834,139.6524596391676,139.64786469321513,766.353489756645,766.353957204745,0.023793107668952165,205.0,11.0
727,22.0,209.41779267555916,209.424834711571,460.1154111224834,460.11352995916303,139.64786469321513,139.64267562671162,766.353957204745,766.3543729769625,0.021187116521073288,205.0,11.0
728,22.0,209.424834711571,209.43008049652593,460.11352995916303,460.11088664745256,139.64267562671162,139.64773710865478,766.3543729769625,766.3547439752078,0.026232493526290375,205.0,11.0
729,22.0,209.43008049652593,209.43255487362012,460.11088664745256,460.1166285785136,139.64773710865478,139.6466055245359,766.3547439752078,766.355061337658,0.09712592278167957,205.0,11.0
730,22.0,209.43255487362012,209.43443875174097,460.1166285785136,460.117000387154,139.6466055245359,139.64582577948119,766.355061337658,766.3552000503532,0.016850261498451435,205.0,11.0
731,22.0,209.43443875174097,209.43575940089028,460.117000387154,460.11738283716824,139.64582577948119,139.64637725584222,766.3552000503532,766.3553095919077,0.018787704497149737,205.0,11.0
732,22.0,209.43575940089028,209.4354833590126,460.11738283716824,460.11807630711894,139.64637725584222,139.6468111116177,766.3553095919077,766.3553843148476,0.010641695730356473,205.0,11.0
733,22.0,209.4354833590126,209.43544521462817,460.11807630711894,460.11760078178605,139.6468111116177,139.6470593414178,766.3553843148476,766.355437250095,0.027188272047890368,205.0,11.0
734,22.0,209.43544521462817,209.43545557159717,460.11760078178605,460.11761224941046,139.6470593414178,139.6470442500519,766.355437250095,766.3554424653516,0.0049469904834720975,205.0,11.0
735,22.0,212.24428801363038,212.2524313817402,462.18899603102847,462.1968516180662,136.59662170740768,136.59298407407982,766.5059319363077,766.5063959103372,0.02079783412433277,207.0,11.0
736,22.0,212.2524313817402,212.26397061425783,462.1968516180662,462.21795465552015,136.59298407407982,136.58930128264964,766.5063959103372,766.5073535536253,0.06266922618560734,207.0,11.0
737,22.0,212.26397061425783,212.26829689822435,462.21795465552015,462.20748504755136,136.58930128264964,136.60549914098792,766.5073535536253,766.5081544473856,0.06414507869783258,207.0,11.0
738,22.0,212.26829689822435,212.2803793628288,462.20748504755136,462.21027117648384,136.60549914098792,136.59648336415626,766.5081544473856,766.5088005898796,0.05250826244159688,207.0,11.0
739,22.0,212.2803793628288,212.2911080930569,462.21027117648384,462.21541921699406,136.59648336415626,136.59728062251497,766.5088005898796,766.5093254084522,0.062298289214402953,207.0,11.0
740,22.0,212.2911080930569,212.29743776651657,462.21541921699406,462.21144652974647,136.59728062251497,136.60070690165952,766.5093254084522,766.509714023669,0.03620446664722631,207.0,11.0
741,22.0,212.29743776651657,212.3021204627677,462.21144652974647,462.2078896994981,136.60070690165952,136.60289225735937,766.509714023669,766.5100282525666,0.020286357305218234,207.0,11.0
742,22.0,212.3021204627677,212.30567951574176,462.2078896994981,462.2088298856741,136.60289225735937,136.6066497149234,766.5100282525666,766.5103026178057,0.07621166615183292,207.0,11.0
743,22.0,212.30567951574176,212.30704291050984,462.2088298856741,462.2092518644642,136.6066497149234,136.60810530929268,766.5103026178057,766.5104397214348,0.020381664779404018,207.0,11.0
744,22.0,212.30704291050984,212.30645235270407,462.2092518644642,462.20838642022693,136.60810530929268,136.60728482996598,766.5104397214348,766.5105413161648,0.015248037237892887,207.0,11.0
745,22.0,212.30645235270407,212.30700501624855,462.20838642022693,462.2089044668148,136.60728482996598,136.6076331559467,766.5105413161648,766.5106141857444,0.012305824808816014,207.0,11.0
746,22.0,212.30700501624855,212.30731866394603,462.2089044668148,462.20869183929125,136.6076331559467,136.60736357048307,766.5106141857444,766.5106617594959,0.01639600473483818,207.0,11.0
747,22.0,212.30731866394603,212.30734759114085,462.20869183929125,462.2086958491662,136.60736357048307,136.60747306359383,766.5106617594959,766.5106787438586,0.013145614425178326,207.0,11.0
748,22.0,212.2442864087448,212.24428166626748,462.1889944747533,462.1889900031562,136.5966227084366,136.596626700875,766.5059327466977,766.5059352827815,0.002602158867985145,208.0,11.0
749,22.0,209.25979559444653,209.2566152074382,465.477773633952,465.4787653196019,134.66386149729794,134.6631736508328,766.6674913742653,766.6676528230398,0.009253351076396438,212.0,11.0
750,22.0,209.2566152074382,209.24975835562904,465.4787653196019,465.4756392652462,134.6631736508328,134.66365194485982,766.6676528230398,766.668016126362,0.01876299286419431,212.0,11.0
751,22.0,209.24975835562904,209.24963493025066,465.4756392652462,465.4702553396284,134.66365194485982,134.65992465999156,766.668016126362,766.6683410608608,0.024557336693818103,212.0,11.0
752,22.0,209.24963493025066,209.25097764653387,465.4702553396284,465.46566134957766,134.65992465999156,134.65762108268467,766.6683410608608,766.6686174780888,0.023820911314843207,212.0,11.0
753,22.0,209.25097764653387,209.25366390966337,465.46566134957766,465.4638903164402,134.65762108268467,134.65492458393615,766.6686174780888,766.6688488411212,0.039201722182626,212.0,11.0
754,22.0,209.25366390966337,209.25540077261567,465.4638903164402,465.46295906329016,134.65492458393615,134.65327618036616,766.6688488411212,766.6690104516427,0.032933382765128055,212.0,11.0
755,22.0,209.25540077261567,209.2544823651404,465.46295906329016,465.46271811747204,134.65327618036616,134.65428826855526,766.6690104516427,766.6691150843899,0.017239595100654384,212.0,11.0
756,22.0,209.2544823651404,209.25453346896794,465.46271811747204,465.4629852468862,134.65428826855526,134.65506659742957,766.6691150843899,766.6691873682938,0.015574070379856428,212.0,11.0
757,22.0,209.25453346896794,209.2543058073736,465.4629852468862,465.46269163981196,134.65506659742957,134.65507617746294,766.6691873682938,766.6692277115769,0.015777927310598724,212.0,11.0
758,22.0,209.2543058073736,209.25435324838537,465.46269163981196,465.4627273880792,134.65507617746294,134.65511906219055,766.6692277115769,766.6692401232254,0.010203165410270769,212.0,11.0
759,22.0,210.6624281425758,210.6635832534474,464.23538655049225,464.2333858493269,134.1101896189745,134.111146407743,766.7326641672305,766.7327927082484,0.006636060599671239,214.0,11.0
760,22.0,210.6635832534474,210.6648907614495,464.2333858493269,464.22916252344857,134.111146407743,134.11401948837502,766.7327927082484,766.7330675703304,0.018148943596931727,214.0,11.0
761,22.0,210.6648907614495,210.66454549816913,464.22916252344857,464.22611456653647,134.11401948837502,134.11719938627527,766.7330675703304,766.7333079714477,0.022255671097136512,214.0,11.0
762,22.0,210.66454549816913,210.66628415683545,464.22611456653647,464.2238579171788,134.11719938627527,134.11913384653673,766.7333079714477,766.7335077545064,0.015449813019108518,214.0,11.0
763,22.0,210.66628415683545,210.66581135568407,464.2238579171788,464.2210983519726,134.11913384653673,134.11943724407678,766.7335077545064,766.7336803688798,0.02737407697052548,214.0,11.0
764,22.0,210.66581135568407,210.66592707035198,464.2210983519726,464.2217933359357,134.11943724407678,134.12109114298033,766.7336803688798,766.7338058544633,0.013064578834026118,214.0,11.0
765,22.0,210.66592707035198,210.66563660859546,464.2217933359357,464.222852462641,134.12109114298033,134.12030703097577,766.7338058544633,766.7339084484562,0.014520901923831094,214.0,11.0
766,22.0,210.66563660859546,210.66562748860366,464.222852462641,464.2230712095732,134.12030703097577,134.11946021624925,766.7339084484562,766.7339838757956,0.017150594498771536,214.0,11.0
767,22.0,210.66562748860366,210.66544459868337,464.2230712095732,464.22331163997853,134.11946021624925,134.11924369902206,766.7339838757956,766.7340242199936,0.015954861228333374,214.0,11.0
768,22.0,210.66544459868337,210.665391290347,464.22331163997853,464.2233565335855,134.11924369902206,134.11922960909226,766.7340242199936,766.7340363680552,0.010026688672132786,214.0,11.0
769,22.0,210.66242786349366,210.6624286600965,464.2353888474091,464.23539552719285,134.11019040330962,134.11019317129436,766.7326649755369,766.7326674269615,0.0025217537266846043,215.0,11.0
770,22.0,132.27693056148405,132.28486467899492,451.2161346105089,451.2145068019983,159.44776665947546,159.45389470300455,763.6823656177856,763.6827753121678,0.030828140138297475,219.0,11.0
771,22.0,132.28486467899492,132.29763318624646,451.2145068019983,451.210576076943,159.45389470300455,159.46625131864087,763.6827753121678,763.6835218355482,0.09553880669041631,219.0,11.0
772,22.0,132.29763318624646,132.30810215727328,451.210576076943,451.20807698119506,159.46625131864087,159.4712236932248,763.6835218355482,763.6840441133212,0.03293864305666602,219.0,11.0
773,22.0,132.30810215727328,132.3163698456641,451.20807698119506,451.2029288255091,159.4712236932248,159.47269507449727,763.6840441133212,763.6844932889455,0.08058045133695406,219.0,11.0
774,22.0,132.3163698456641,132.317621353067,451.2029288255091,451.19770223208945,159.47269507449727,159.47171911824358,763.6844932889455,763.6847756845195,0.030042713273805404,219.0,11.0
775,22.0,132.317621353067,132.32121455858243,451.19770223208945,451.1990877305014,159.47171911824358,159.47299869133084,763.6847756845195,763.6850012640515,0.01237157150795014,219.0,11.0
776,22.0,132.32121455858243,132.3220761185837,451.1990877305014,451.2005826056517,159.47299869133084,159.4699277031116,763.6850012640515,763.6852044035156,0.023168142570766413,219.0,11.0
777,22.0,132.3220761185837,132.32336372519106,451.2005826056517,451.20246067667557,159.4699277031116,159.47116037060897,763.6852044035156,763.6853669153985,0.014712246615169292,219.0,11.0
778,22.0,132.32336372519106,132.32399097679027,451.20246067667557,451.2043417967625,159.47116037060897,159.47164272111112,763.6853669153985,763.685504124404,0.013361234460289253,219.0,11.0
779,22.0,132.32399097679027,132.32245239479903,451.2043417967625,451.20447027961325,159.47164272111112,159.4713546361178,763.685504124404,763.6856182546543,0.013954491639697841,219.0,11.0
780,22.0,132.32245239479903,132.32214695165936,451.20447027961325,451.2050029592996,159.4713546361178,159.47227181571407,763.6856182546543,763.685707295928,0.026503372095531864,219.0,11.0
781,22.0,132.32214695165936,132.32230223529515,451.2050029592996,451.20499030614974,159.47227181571407,159.47254765661833,763.685707295928,763.6857431739099,0.015495075597793216,219.0,11.0
782,22.0,132.32230223529515,132.3223083869261,451.20499030614974,451.2050110140288,159.47254765661833,159.472501818141,763.6857431739099,763.6857527084322,0.00822438709870056,219.0,11.0
783,22.0,121.19451840279343,121.194604050376,457.27591774098755,457.2758986361253,155.03427467468532,155.03436097164496,763.2305468536764,763.2305648814602,0.013788478502878987,220.0,11.0
784,22.0,120.7834866239765,120.7834704388732,456.1531035053331,456.1530876384862,154.84133089770722,154.84136057687087,763.2709423467935,763.2709500211585,0.006867361587964529,222.0,11.0
785,22.0,121.02658690650426,121.02649425007276,455.5847740426366,455.5854001299422,152.9572308128159,152.9571943872948,763.3370823485335,763.3371267615521,0.0029111142790692467,223.0,11.0
786,22.0,121.02649425007276,121.02644772167962,455.5854001299422,455.5870032725831,152.9571943872948,152.9567137056442,763.3371267615521,763.3372461317352,0.054830591982126635,223.0,11.0
787,22.0,121.02644772167962,121.02653071254016,455.5870032725831,455.58705082944687,152.9567137056442,152.9566789093522,763.3372461317352,763.3372618508768,0.01235313798848426,223.0,11.0
788,22.0,121.02658681278801,121.02658402289724,455.5847718320556,455.5847652390492,152.95723148799797,152.95723429504656,763.3370831044359,763.3370856509736,0.0026120517547885513,224.0,11.0
789,22.0,115.79097073424961,115.79651618674629,461.2888160643229,461.2769188711778,151.74554470230584,151.75104658089307,762.9806318198182,762.9811802523478,0.028415210847892933,227.0,11.0
790,22.0,115.79651618674629,115.8039356088965,461.2769188711778,461.25252036746986,151.75104658089307,151.7584081095161,762.9811802523478,762.9822131332842,0.08649789246650129,227.0,11.0
791,22.0,115.8039356088965,115.80292517182693,461.25252036746986,461.23240473991,151.7584081095161,151.757403869901,762.9822131332842,762.9830278420633,0.04428569293956155,227.0,11.0
792,22.0,115.80292517182693,115.79519536979664,461.23240473991,461.2184616424382,151.757403869901,151.75133336985328,762.9830278420633,762.9837346505097,0.04384483299951965,227.0,11.0
793,22.0,115.79519536979664,115.79766061632293,461.2184616424382,461.2063500405161,151.75133336985328,151.74451945622258,762.9837346505097,762.9843377325338,0.03021385365973499,227.0,11.0
794,22.0,115.79766061632293,115.80657536546687,461.2063500405161,461.1986400661555,151.74451945622258,151.74147793863742,762.9843377325338,762.984871411218,0.033956312186419764,227.0,11.0
795,22.0,115.80657536546687,115.80479464292046,461.1986400661555,461.197238480603,151.74147793863742,151.73164645365023,762.984871411218,762.9853293819847,0.03345782583415264,227.0,11.0
796,22.0,115.80479464292046,115.80355087551686,461.197238480603,461.1975091044027,151.73164645365023,151.72359252842682,762.9853293819847,762.985715470257,0.037155779824571696,227.0,11.0
797,22.0,115.80355087551686,115.79981661075813,461.1975091044027,461.2018457914602,151.72359252842682,151.72587983001762,762.985715470257,762.9860254065097,0.025230838123216612,227.0,11.0
798,22.0,115.79981661075813,115.79710227269224,461.2018457914602,461.199509661497,151.72587983001762,151.72250585010468,762.9860254065097,762.9862861630339,0.024995410558920617,227.0,11.0
799,22.0,115.79710227269224,115.79708022631641,461.199509661497,461.197326801501,151.72250585010468,151.71941165931838,762.9862861630339,762.9865004385535,0.011260847069762752,227.0,11.0
800,22.0,115.79708022631641,115.79864672596045,461.197326801501,461.1985341320159,151.71941165931838,151.72206582198814,762.9865004385535,762.9866945213361,0.018286544360735228,227.0,11.0
801,22.0,115.79864672596045,115.79811049810942,461.1985341320159,461.19832269002956,151.72206582198814,151.72458226875904,762.9866945213361,762.9868566872669,0.04281365361978142,227.0,11.0
802,22.0,115.79811049810942,115.79887221740077,461.19832269002956,461.1979767958255,151.72458226875904,151.72525192563515,762.9868566872669,762.9869438822159,0.03975183933287439,227.0,11.0
803,22.0,115.79887221740077,115.79886887257707,461.1979767958255,461.1980078886416,151.72525192563515,151.72530850026652,762.9869438822159,762.9869552286765,0.009484730926950007,227.0,11.0
804,22.0,115.01492448041458,115.01524756983281,465.0487163700765,465.04935234573907,151.92708215119063,151.92706789581197,763.1088352778344,763.1088837134815,0.0030132489120862785,228.0,11.0
805,22.0,115.01524756983281,115.01606348568427,465.04935234573907,465.0509864768108,151.92706789581197,151.92745722508414,763.1088837134815,763.1090126069506,0.015111525124586671,228.0,11.0
806,22.0,115.01606348568427,115.01642783908171,465.0509864768108,465.05208525060624,151.92745722508414,151.92814623642917,763.1090126069506,763.1091150789412,0.011660368988947456,228.0,11.0
807,22.0,115.01642783908171,115.01559794926072,465.05208525060624,465.05222546329543,151.92814623642917,151.92861682806475,763.1091150789412,763.1091959671318,0.014619503852038604,228.0,11.0
808,22.0,115.01559794926072,115.015117313521,465.05222546329543,465.05211025102534,151.92861682806475,151.92875833528015,763.1091959671318,763.109247181788,0.02016200558041892,228.0,11.0
809,22.0,115.015117313521,115.01514499674033,465.05211025102534,465.0521870176243,151.92875833528015,151.92873374391965,763.109247181788,763.1092610168376,0.011143020504477952,228.0,11.0
810,22.0,111.31004114633257,111.30864900137553,463.1815570142935,463.18029701939315,150.7761136701827,150.77657136277267,763.2524506899721,763.2525560222118,0.003641159062233608,229.0,11.0
811,22.0,111.30864900137553,111.30521351801167,463.18029701939315,463.178207697536,150.77657136277267,150.77786567570735,763.2525560222118,763.2527884581606,0.03946846333950886,229.0,11.0
812,22.0,111.30521351801167,111.30273660812809,463.178207697536,463.17755479615124,150.77786567570735,150.77818456780182,763.2527884581606,763.2529506093085,0.016941658394786355,229.0,11.0
813,22.0,111.30273660812809,111.30149035687899,463.17755479615124,463.17623493209487,150.77818456780182,150.7774638960273,763.2529506093085,763.2530836330933,0.015646955419809417,229.0,11.0
814,22.0,111.30149035687899,111.30060672859251,463.17623493209487,463.17728870857053,150.7774638960273,150.77777474244903,763.2530836330933,763.2531894370373,0.011516749759682591,229.0,11.0
815,22.0,111.30060672859251,111.30101812524538,463.17728870857053,463.1765271653743,150.77777474244903,150.77721767029203,763.2531894370373,763.2532741764729,0.016773503715637426,229.0,11.0
816,22.0,111.30101812524538,111.30076132372878,463.1765271653743,463.17609029044286,150.77721767029203,150.7771594832945,763.2532741764729,763.2533250966659,0.018437652979616977,229.0,11.0
817,22.0,111.30076132372878,111.30077069437273,463.17609029044286,463.1760443581846,150.7771594832945,150.7770631518581,763.2533250966659,763.253341406855,0.01272513183390088,229.0,11.0
818,22.0,111.31069628730856,111.31069446817867,463.1800337630798,463.1800405489262,150.77685583788545,150.7768563018139,763.2525121964474,763.2525145936908,0.0024700305599787064,232.0,11.0
819,22.0,114.21786965873866,114.2179360210796,462.5911039628425,462.5910940586925,150.76793452930127,150.76797742638234,762.9051063596753,762.9051195367983,0.010711214100860948,234.0,11.0
820,22.0,114.21784677065227,114.21784354252623,462.59109030183953,462.5910861611971,150.76792288282917,150.76792068810036,762.9051028344319,762.9051049076193,0.0021553786666162534,235.0,11.0
821,22.0,114.17681522868853,114.17680249150476,462.62464975102085,462.6246998658336,150.74099570519977,150.74104433453118,762.9031230348904,762.9031351681224,0.010016735293112084,239.0,11.0
822,22.0,114.17681782621499,114.17681270428936,462.62463194741275,462.62463391030417,150.74097434954427,150.74096868838444,762.9031195691247,762.9031221593477,0.0026533127592896113,240.0,11.0
823,22.0,114.94154395121814,114.94155816203674,461.6064827254585,461.60647812176387,148.36234854317127,148.36235808717234,5.962318242967403,5.962322784362172,0.004387143510988508,243.0,11.0
824,22.0,114.94154094671751,114.9415543505296,461.60648233140535,461.60663800363,148.36234345539742,148.36243270822303,5.962316766489147,5.962949867027317,1.0720593079147427,259.0,1000170360.0
825,22.0,114.9415543505296,114.94157242845606,461.60663800363,461.60672020294794,148.36243270822303,148.36248336923853,5.962949867027317,5.963640629550741,0.37687455934269487,259.0,1000170360.0
826,22.0,114.94157242845606,114.94239574007729,461.60672020294794,461.60384874114845,148.36248336923853,148.36768290418917,8.359124845888451e+20,8.359124845888451e+20,0.010235377796122444,262.0,11.0
827,22.0,114.94239574007729,114.94420533633914,461.60384874114845,461.5989984893493,148.36768290418917,148.37806301930976,8.359124845888451e+20,8.359124845888451e+20,0.03171915782675164,262.0,11.0
828,22.0,114.94420533633914,114.94403194381862,461.5989984893493,461.5969414727697,148.37806301930976,148.38751884561717,8.359124845888451e+20,8.359124845888451e+20,0.03484337299462919,262.0,11.0
829,22.0,114.94403194381862,114.9452175616417,461.5969414727697,461.60313292488775,148.38751884561717,148.3919285421054,8.359124845888451e+20,8.359124845888451e+20,0.01913214189128811,262.0,11.0
830,22.0,114.9452175616417,114.94212203940931,461.60313292488775,461.60552261837745,148.3919285421054,148.39732678847778,8.359124845888451e+20,8.359124845888451e+20,0.08175257231350785,262.0,11.0
831,22.0,114.94212203940931,114.940252980431,461.60552261837745,461.60695431909926,148.39732678847778,148.39899049866702,8.359124845888451e+20,8.359124845888451e+20,0.01818246363523989,262.0,11.0
832,22.0,114.940252980431,114.93957329655859,461.60695431909926,461.6067330217928,148.39899049866702,148.40105938776782,8.359124845888451e+20,8.359124845888451e+20,0.0137209122167498,262.0,11.0
833,22.0,114.93957329655859,114.94022520122112,461.6067330217928,461.6052509642577,148.40105938776782,148.401572606681,8.359124845888451e+20,8.359124845888451e+20,0.013550685190542162,262.0,11.0
834,22.0,114.94022520122112,114.94118392115475,461.6052509642577,461.6058441941382,148.401572606681,148.4020858348311,8.359124845888451e+20,8.359124845888451e+20,0.013589376142032726,262.0,11.0
835,22.0,114.94118392115475,114.94052232387644,461.6058441941382,461.6061516269896,148.4020858348311,148.402410937227,8.359124845888451e+20,8.359124845888451e+20,0.018154156369220246,262.0,11.0
836,22.0,114.94052232387644,114.94068957176103,461.6061516269896,461.6061728984026,148.402410937227,148.40264780772446,8.359124845888451e+20,8.359124845888451e+20,0.022585820429823354,262.0,11.0
837,22.0,115.70023326280173,115.72171799533109,461.96679942875505,461.95682642590555,149.8651208127879,149.89476778777586,6.019741956615232,6.021073983942063,0.06952736294040865,263.0,11.0
838,22.0,115.72171799533109,115.75106435676983,461.95682642590555,461.90833178232214,149.89476778777586,149.94487445246804,6.021073983942063,6.023742608385709,0.12404801761018183,263.0,11.0
839,22.0,115.75106435676983,115.79524239659884,461.90833178232214,461.9000855323684,149.94487445246804,149.991064341342,6.023742608385709,6.026040260352225,0.12647351093904144,263.0,11.0
840,22.0,115.79524239659884,115.83140114648452,461.9000855323684,461.9382387022617,149.991064341342,149.99998991328818,6.026040260352225,6.027968945735313,0.11194859543568034,263.0,11.0
841,22.0,115.83140114648452,115.85017548911958,461.9382387022617,461.97654421813314,149.99998991328818,150.00984584412885,6.027968945735313,6.0295804423728665,0.0742577892867516,263.0,11.0
842,22.0,115.85017548911958,115.86045299689638,461.97654421813314,461.98442368080987,150.00984584412885,150.04520881293794,6.0295804423728665,6.030987415732382,0.07459945992758955,263.0,11.0
843,22.0,115.86045299689638,115.87316972597657,461.98442368080987,461.9899369977571,150.04520881293794,150.07372967103635,6.030987415732382,6.032194717209314,0.07154807335561225,263.0,11.0
844,22.0,115.87316972597657,115.8802715822142,461.9899369977571,461.99476513495335,150.07372967103635,150.0985403100809,6.032194717209314,6.033217812776077,0.051722530361996304,263.0,11.0
845,22.0,115.8802715822142,115.88441324388027,461.99476513495335,461.99951613827824,150.0985403100809,150.12004164228256,6.033217812776077,6.034109583709023,0.05786761184707476,263.0,11.0
846,22.0,115.88441324388027,115.89654023589932,461.99951613827824,461.9980991973779,150.12004164228256,150.13362518857681,6.034109583709023,6.034858408580049,0.03428954674429342,263.0,11.0
847,22.0,115.89654023589932,115.90217240482386,461.9980991973779,462.01094469674433,150.13362518857681,150.14112824860044,6.034858408580049,6.0355248276926,0.056302666105081764,263.0,11.0
848,22.0,115.90217240482386,115.8989046192711,462.01094469674433,462.02140907305363,150.14112824860044,150.13571568134424,6.0355248276926,6.036060439630461,0.03705939101663989,263.0,11.0
849,22.0,115.8989046192711,115.89079962341562,462.02140907305363,462.02671705375496,150.13571568134424,150.1380051180672,6.036060439630461,6.036513486363359,0.038000699659130055,263.0,11.0
850,22.0,115.89079962341562,115.88600328321756,462.02671705375496,462.027152635431,150.1380051180672,150.13189917366728,6.036513486363359,6.036885345241339,0.03507165083383608,263.0,11.0
851,22.0,115.88600328321756,115.88456611379225,462.027152635431,462.0230437698343,150.13189917366728,150.13591733284935,6.036885345241339,6.037185937969521,0.014567075432952457,263.0,11.0
852,22.0,115.88456611379225,115.88527551114403,462.0230437698343,462.0203520601341,150.13591733284935,150.14031541757674,6.037185937969521,6.037458102322661,0.024617608512456153,263.0,11.0
853,22.0,115.88527551114403,115.88307626501246,462.0203520601341,462.01862607768146,150.14031541757674,150.14326542389932,6.037458102322661,6.037683937869222,0.02392795127908528,263.0,11.0
854,22.0,115.88307626501246,115.88351834061612,462.01862607768146,462.0211725565967,150.14326542389932,150.14488738821694,6.037683937869222,6.037866856335675,0.017993154214341823,263.0,11.0
855,22.0,115.88351834061612,115.88124999215015,462.0211725565967,462.0215886172888,150.14488738821694,150.14442257310128,6.037866856335675,6.038018616693711,0.009573008885220868,263.0,11.0
856,22.0,115.88124999215015,115.88162051820784,462.0215886172888,462.0229987658355,150.14442257310128,150.1457930501924,6.038018616693711,6.038153933429246,0.016140707394865242,263.0,11.0
857,22.0,115.88162051820784,115.88144849811849,462.0229987658355,462.0244260140145,150.1457930501924,150.14574585127278,6.038153933429246,6.038261231210499,0.01315508042807708,263.0,11.0
858,22.0,115.88144849811849,115.88057132065713,462.0244260140145,462.02487638260226,150.14574585127278,150.14555927057785,6.038261231210499,6.038344454125129,0.009889907255376019,263.0,11.0
859,22.0,115.88057132065713,115.88066939373034,462.02487638260226,462.02420078544174,150.14555927057785,150.14565973372632,6.038344454125129,6.038407981838381,0.012011570549080454,263.0,11.0
860,22.0,115.88066939373034,115.88097399250019,462.02420078544174,462.02404873447557,150.14565973372632,150.14575392962837,6.038407981838381,6.038446845348855,0.019003492983508688,263.0,11.0
861,22.0,115.88097399250019,115.88097862822795,462.02404873447557,462.02404672987524,150.14575392962837,150.14572259738506,6.038446845348855,6.038453683883285,0.006235029219908282,263.0,11.0
862,22.0,115.38135798883846,115.38195299960698,463.14011198816286,463.144721153236,150.08736504673462,150.09179988749082,6.060971022600038,6.061246996082384,0.014691462139756294,265.0,11.0
863,22.0,115.38195299960698,115.38965207611223,463.144721153236,463.15156896343126,150.09179988749082,150.09927335085453,6.061246996082384,6.061800664405785,0.04386219724294953,265.0,11.0
864,22.0,115.38965207611223,115.39246694332296,463.15156896343126,463.1517815839481,150.09927335085453,150.10888997000853,6.061800664405785,6.062256178110735,0.0362426861735222,265.0,11.0
865,22.0,115.39246694332296,115.38731051766868,463.1517815839481,463.15719778985147,150.10888997000853,150.11154710407826,6.062256178110735,6.062634066554637,0.024588158159346347,265.0,11.0
866,22.0,115.38731051766868,115.3808773220208,463.15719778985147,463.1560070973097,150.11154710407826,150.11059893088046,6.062634066554637,6.0629613744333355,0.02909073335460831,265.0,11.0
867,22.0,115.3808773220208,115.3795404953665,463.1560070973097,463.15382472118847,150.11059893088046,150.11506727605223,6.0629613744333355,6.0632313182264825,0.018579390501945302,265.0,11.0
868,22.0,115.3795404953665,115.37920363266399,463.15382472118847,463.1548430880459,150.11506727605223,150.1192136280152,6.0632313182264825,6.063466169984191,0.02805345549095546,265.0,11.0
869,22.0,115.37920363266399,115.3773547214591,463.1548430880459,463.15722940668957,150.1192136280152,150.1198345721437,6.063466169984191,6.063650418803164,0.022735299427776152,265.0,11.0
870,22.0,115.3773547214591,115.37934970474691,463.15722940668957,463.1563051756698,150.1198345721437,150.11999505630462,6.063650418803164,6.063795330292707,0.013005470385043467,265.0,11.0
871,22.0,115.37934970474691,115.37944074732877,463.1563051756698,463.1546306977922,150.11999505630462,150.11953760661632,6.063795330292707,6.063917883318179,0.013635498786484868,265.0,11.0
872,22.0,115.37944074732877,115.38024934200541,463.1546306977922,463.1538034530985,150.11953760661632,150.12007075336933,6.063917883318179,6.064016395615473,0.01109526155287627,265.0,11.0
873,22.0,115.38024934200541,115.37963215631574,463.1538034530985,463.1537457970618,150.12007075336933,150.12073928836793,6.064016395615473,6.0640941025098645,0.018061893405070976,265.0,11.0
874,22.0,115.37963215631574,115.37967142427124,463.1537457970618,463.15391880143335,150.12073928836793,150.1204056767418,6.0640941025098645,6.064134939105407,0.013631268630997884,265.0,11.0
875,22.0,115.37967142427124,115.37963924064118,463.15391880143335,463.15385355411416,150.1204056767418,150.1203296025338,6.064134939105407,6.0641510436347135,0.012596051369768949,265.0,11.0
876,22.0,114.46322250764001,114.46330145306153,451.883098422064,451.88301861486144,135.82717269921622,135.8271331297456,6.667761073151591,6.667773720765615,0.001252865305685488,268.0,11.0
877,22.0,114.46330145306153,114.46364513904783,451.88301861486144,451.8828854574243,135.8271331297456,135.8270912379376,6.667773720765615,6.667814008061515,0.01990868757661585,268.0,11.0
878,22.0,114.46364513904783,114.46363815195625,451.8828854574243,451.882885815382,135.8270912379376,135.82706193053747,6.667814008061515,6.667820600340348,0.006044420339860326,268.0,11.0
879,22.0,107.65807937970126,107.65768811804028,453.7313623451764,453.7316974536417,128.62678736388438,128.6268139187567,7.003948377268432,7.003999718321281,0.013295526793594026,269.0,11.0
880,22.0,107.65768811804028,107.65786846813327,453.7316974536417,453.73176176457173,128.6268139187567,128.62676745058332,7.003999718321281,7.00402508191301,0.01807053977938449,269.0,11.0
881,22.0,107.96432677498618,107.96436918975951,454.19182187297093,454.19183519429635,127.96269855166648,127.96252114991917,7.032756935245749,7.032774367638129,0.0012410154475249145,270.0,11.0
882,22.0,107.96436918975951,107.96452560050675,454.19183519429635,454.1917321226894,127.96252114991917,127.96198270891315,7.032774367638129,7.032829618876172,0.019437038545961578,270.0,11.0
883,22.0,107.96452560050675,107.96462162705036,454.1917321226894,454.1916855844902,127.96198270891315,127.96204483176413,7.032829618876172,7.032847688913141,0.013814311119111473,270.0,11.0
884,22.0,107.95652118734654,107.95653813125423,454.1254071478896,454.1253904623569,128.84787454658846,128.84788386497846,7.0623692223387895,7.062375089613438,0.00547370654574726,271.0,11.0
885,22.0,105.91225078120355,105.91214334700524,455.43744796615636,455.4374250267434,130.53349626115335,130.53360586187307,7.160995851865428,7.161017173171404,0.015758882988501966,274.0,11.0
886,22.0,108.17672919252917,108.17651854716621,456.49464844711764,456.49501157277865,129.09083980055408,129.09064384210134,7.257241324929001,7.257276192198317,0.0024991089351201314,275.0,11.0
887,22.0,108.17651854716621,108.1755305844184,456.49501157277865,456.4956995708435,129.09064384210134,129.09012125090177,7.257276192198317,7.257376801433457,0.01542668178321833,275.0,11.0
888,22.0,108.1755305844184,108.17534556581809,456.4956995708435,456.49521955750595,129.09012125090177,129.08949466792518,7.257376801433457,7.257448211424464,0.03309302844514777,275.0,11.0
889,22.0,108.17534556581809,108.17536890833219,456.49521955750595,456.4952160920422,129.08949466792518,129.0894521479907,7.257448211424464,7.257457470360355,0.008027245645560517,275.0,11.0
890,22.0,108.17672872973844,108.17672843671251,456.4946506040663,456.4946550527335,129.09083881006697,129.0908342856726,7.257242124984898,7.257244359344104,0.0023130823805333784,276.0,11.0
891,22.0,130.28060734097926,130.31081646430653,452.3782212738803,452.37072820829746,91.2075415556107,91.1864654610954,7.960117635547797,7.961443176709785,0.06022662639204157,279.0,11.0
892,22.0,130.31081646430653,130.3699392067836,452.37072820829746,452.34342649676285,91.1864654610954,91.15942029661929,7.961443176709785,7.963941754948808,0.1409494063591886,279.0,11.0
893,22.0,130.3699392067836,130.36246146034148,452.34342649676285,452.3369844743962,91.15942029661929,91.10232304532084,7.963941754948808,7.966023953565657,0.1315158233876432,279.0,11.0
894,22.0,130.36246146034148,130.3895117493076,452.3369844743962,452.34529180230686,91.10232304532084,91.06529859853696,7.966023953565657,7.967729299199656,0.09603331316825083,279.0,11.0
895,22.0,130.3895117493076,130.41239461593676,452.34529180230686,452.3288797286532,91.06529859853696,91.03888009475757,7.967729299199656,7.9691681508744585,0.07697958360520477,279.0,11.0
896,22.0,130.41239461593676,130.41018287747937,452.3288797286532,452.2965302181081,91.03888009475757,91.03994366938912,7.9691681508744585,7.970400087957677,0.07326027347407603,279.0,11.0
897,22.0,130.41018287747937,130.4050469484252,452.2965302181081,452.2755356725662,91.03994366938912,91.05584309330575,7.970400087957677,7.971442771214099,0.08124178033846655,279.0,11.0
898,22.0,130.4050469484252,130.40567432552584,452.2755356725662,452.28428598812206,91.05584309330575,91.0747204311674,7.971442771214099,7.972279904191434,0.05998756207071179,279.0,11.0
899,22.0,130.40567432552584,130.4181955835153,452.28428598812206,452.2878749447749,91.0747204311674,91.08501781343509,7.972279904191434,7.972970796337211,0.05340371355120695,279.0,11.0
900,22.0,130.4181955835153,130.4166127836817,452.2878749447749,452.2945425129031,91.08501781343509,91.0961394800121,7.972970796337211,7.973536449394481,0.03462237993387965,279.0,11.0
901,22.0,130.4166127836817,130.4189604383057,452.2945425129031,452.30518153956984,91.0961394800121,91.0961302785498,7.973536449394481,7.974023877787244,0.025973275982280424,279.0,11.0
902,22.0,130.4189604383057,130.41778928674145,452.30518153956984,452.30637882289994,91.0961302785498,91.09500329126577,7.974023877787244,7.974116882081252,0.0029620396811884677,279.0,11.0
903,22.0,130.41778928674145,130.4141710227218,452.30637882289994,452.3118698923313,91.09500329126577,91.09124171957174,7.974116882081252,7.97448112833174,0.0450729262583143,279.0,11.0
904,22.0,130.4141710227218,130.4141968655192,452.3118698923313,452.3119190837504,91.09124171957174,91.08599327861742,7.97448112833174,7.974755038213822,0.015209756322525293,279.0,11.0
905,22.0,130.4141968655192,130.4121354036922,452.3119190837504,452.3120278347284,91.08599327861742,91.08196057183413,7.974755038213822,7.97500001387072,0.021468842320742507,279.0,11.0
906,22.0,130.4121354036922,130.4107644111188,452.3120278347284,452.3134418945462,91.08196057183413,91.07897117883078,7.97500001387072,7.975205584225409,0.021033846568380022,279.0,11.0
907,22.0,130.4107644111188,130.41058536250094,452.3134418945462,452.31535793896546,91.07897117883078,91.07704297334011,7.975205584225409,7.975374124060039,0.0150367870706492,279.0,11.0
908,22.0,130.41058536250094,130.4098590089579,452.31535793896546,452.31523742527696,91.07704297334011,91.07501665001327,7.975374124060039,7.975516765230116,0.008076707261164232,279.0,11.0
909,22.0,130.4098590089579,130.41091053893712,452.31523742527696,452.31639185831426,91.07501665001327,91.0739968146406,7.975516765230116,7.975645539181177,0.011882622079681195,279.0,11.0
910,22.0,130.41091053893712,130.41069965496897,452.31639185831426,452.3175114439594,91.0739968146406,91.07489952360808,7.975645539181177,7.975753632043414,0.02066926104895689,279.0,11.0
911,22.0,130.41069965496897,130.41036322918802,452.3175114439594,452.3180291037708,91.07489952360808,91.07442649364204,7.975753632043414,7.975822930066392,0.018406375262580637,279.0,11.0
912,22.0,130.41036322918802,130.410107096813,452.3180291037708,452.31808414396426,91.07442649364204,91.07435956374144,7.975822930066392,7.975854877449741,0.017888966537215754,279.0,11.0
913,22.0,130.410107096813,130.4101037078602,452.31808414396426,452.3180721832662,91.07435956374144,91.07436577492385,7.975854877449741,7.975858709753565,0.0037797101417241866,279.0,11.0
914,22.0,130.258884601506,130.2620187305502,452.3697110302298,452.3611186488336,91.12358054800401,91.11270327793804,7.963024384435355,7.9635727373835365,0.021835384928644706,280.0,11.0
915,22.0,130.2620187305502,130.27036978796747,452.3611186488336,452.3498258616135,91.11270327793804,91.08995483575808,7.9635727373835365,7.964612137813822,0.07156032997644049,280.0,11.0
916,22.0,130.27036978796747,130.27700094934272,452.3498258616135,452.3303173464321,91.08995483575808,91.08408909687827,7.964612137813822,7.965470167360241,0.24176917320277364,280.0,11.0
917,22.0,130.27700094934272,130.28026018618525,452.3303173464321,452.32785774522,91.08408909687827,91.07956736772715,7.965470167360241,7.965777350047876,0.02691459285538792,280.0,11.0
918,22.0,130.28026018618525,130.2819253004077,452.32785774522,452.32790397562667,91.07956736772715,91.07509156887598,7.965777350047876,7.9660322791338185,0.018741360552693993,280.0,11.0
919,22.0,130.2819253004077,130.28414582453513,452.32790397562667,452.3310494200914,91.07509156887598,91.07432645627122,7.9660322791338185,7.9662523532537435,0.029145297475732742,280.0,11.0
920,22.0,130.28414582453513,130.28358157811374,452.3310494200914,452.3311126620736,91.07432645627122,91.07166613446155,7.9662523532537435,7.9664207168964305,0.016947837795700325,280.0,11.0
921,22.0,130.28358157811374,130.28273875501515,452.3311126620736,452.329213965225,91.07166613446155,91.07151969824898,7.9664207168964305,7.966559902914875,0.012990801451217001,280.0,11.0
922,22.0,130.28273875501515,130.28369001027315,452.329213965225,452.32827146895977,91.07151969824898,91.07060272506851,7.966559902914875,7.966676691853594,0.007353501743290665,280.0,11.0
923,22.0,130.28369001027315,130.2841112665625,452.32827146895977,452.3292743564227,91.07060272506851,91.0714399934452,7.966676691853594,7.966780525230992,0.031216156227246123,280.0,11.0
924,22.0,130.2841112665625,130.28448086959918,452.3292743564227,452.3291236174838,91.0714399934452,91.07147747614547,7.966780525230992,7.966823180981176,0.019636937982483487,280.0,11.0
925,22.0,130.28448086959918,130.28448942036135,452.3291236174838,452.3290923757203,91.07147747614547,91.07144877526996,7.966823180981176,7.96683170274499,0.007493366526581918,280.0,11.0
926,22.0,128.2372897435392,128.22946951949316,453.75861957117365,453.77229441602196,87.95790995768063,87.95247317235724,8.096605801871414,8.097236305879346,0.02670802300888502,283.0,11.0
927,22.0,128.22946951949316,128.2123673486115,453.77229441602196,453.7963119678082,87.95247317235724,87.94165259220345,8.097236305879346,8.098433396105701,0.07010168563622289,283.0,11.0
928,22.0,128.2123673486115,128.19897104078046,453.7963119678082,453.8020776426242,87.94165259220345,87.92004227348458,8.098433396105701,8.099450254276366,0.11413017200478984,283.0,11.0
929,22.0,128.19897104078046,128.19478114371924,453.8020776426242,453.7973223236938,87.92004227348458,87.90343157035367,8.099450254276366,8.100182178738292,0.05284536400860221,283.0,11.0
930,22.0,128.19478114371924,128.1931885974755,453.7973223236938,453.7930836644756,87.90343157035367,87.88996593181774,8.100182178738292,8.100788555300994,0.0475761918097511,283.0,11.0
931,22.0,128.1931885974755,128.20219430071674,453.7930836644756,453.7868126646434,87.88996593181774,87.89210365949012,8.100788555300994,8.101286358131654,0.04653923544678796,283.0,11.0
932,22.0,128.20219430071674,128.20974625390247,453.7868126646434,453.78471128347155,87.89210365949012,87.8952074510692,8.101286358131654,8.101682849101797,0.04078696660895954,283.0,11.0
933,22.0,128.20974625390247,128.21558199984722,453.78471128347155,453.78428453981087,87.8952074510692,87.8930701798167,8.101682849101797,8.101995371138067,0.02172155980875323,283.0,11.0
934,22.0,128.21558199984722,128.21699110605184,453.78428453981087,453.78444274469746,87.8930701798167,87.88811961397371,8.101995371138067,8.102265325532011,0.039773456331512934,283.0,11.0
935,22.0,128.21699110605184,128.21578089899978,453.78444274469746,453.7813997198713,87.88811961397371,87.8873525695814,8.102265325532011,8.102461696475391,0.016414863591993005,283.0,11.0
936,22.0,128.21578089899978,128.21446951859383,453.7813997198713,453.77948456021176,87.8873525695814,87.88873890443298,8.102461696475391,8.10262932008588,0.01380853983041812,283.0,11.0
937,22.0,128.21446951859383,128.21533961825997,453.77948456021176,453.77749889543094,87.88873890443298,87.88849524031596,8.10262932008588,8.102773161024915,0.0511290715969294,283.0,11.0
938,22.0,128.21533961825997,128.21576056747017,453.77749889543094,453.7773133482343,87.88849524031596,87.88834101242027,8.102773161024915,8.102822242395225,0.014598357844889363,283.0,11.0
939,22.0,128.21576056747017,128.2159058015653,453.7773133482343,453.77727403727675,87.88834101242027,87.88830941114222,8.102822242395225,8.102843420404463,0.015674814903306886,283.0,11.0
940,22.0,127.06612196037099,127.06694622665752,446.45086810453876,446.4482447908226,78.39744532252766,78.391731231303,8.499897552507376,8.500171388829582,0.011177522787723887,284.0,11.0
941,22.0,127.06694622665752,127.07148926232314,446.4482447908226,446.44648471042564,78.391731231303,78.38016056286648,8.500171388829582,8.500718808565153,0.03320126584838785,284.0,11.0
942,22.0,127.07148926232314,127.07547600286291,446.44648471042564,446.4382723095973,78.38016056286648,78.37497808058923,8.500718808565153,8.501191731685617,0.03365117677100921,284.0,11.0
943,22.0,127.07547600286291,127.0750754677993,446.4382723095973,446.44677238714223,78.37497808058923,78.37444746996636,8.501191731685617,8.501591782222034,0.03094169893886154,284.0,11.0
944,22.0,127.0750754677993,127.06958188458468,446.44677238714223,446.4506927540803,78.37444746996636,78.37340146215408,8.501591782222034,8.501927520428321,0.019692571982370646,284.0,11.0
945,22.0,127.06958188458468,127.06427810004587,446.4506927540803,446.4483255891961,78.37340146215408,78.37369168466638,8.501927520428321,8.502223847950972,0.018518912667936194,284.0,11.0
946,22.0,127.06427810004587,127.06027286994427,446.4483255891961,446.44832966973183,78.37369168466638,78.37653645686146,8.502223847950972,8.502484300591957,0.02159219769148725,284.0,11.0
947,22.0,127.06027286994427,127.05943780967073,446.44832966973183,446.44694881585156,78.37653645686146,78.38011774504893,8.502484300591957,8.502704479517266,0.03809578051947566,284.0,11.0
948,22.0,127.05943780967073,127.06144389688636,446.44694881585156,446.4480435199406,78.38011774504893,78.38078306089723,8.502704479517266,8.502857507689592,0.01703225194531884,284.0,11.0
949,22.0,127.06144389688636,127.0623194560691,446.4480435199406,446.44861142611745,78.38078306089723,78.38220333987854,8.502857507689592,8.502981259424963,0.007851140581937914,284.0,11.0
950,22.0,127.0623194560691,127.0614426871851,446.44861142611745,446.44961697741263,78.38220333987854,78.38287020863459,8.502981259424963,8.503091325303018,0.015764039503018978,284.0,11.0
951,22.0,127.0614426871851,127.06054769972476,446.44961697741263,446.44970734813023,78.38287020863459,78.3832328227677,8.503091325303018,8.503172548391362,0.015252605571678469,284.0,11.0
952,22.0,127.06054769972476,127.06038759135681,446.44970734813023,446.45009851791656,78.3832328227677,78.38296353588998,8.503172548391362,8.503222812134982,0.016685878222511358,284.0,11.0
953,22.0,127.06038759135681,127.06041374005504,446.45009851791656,446.450052649643,78.38296353588998,78.38308109326567,8.503222812134982,8.503241449389117,0.014159606802036179,284.0,11.0
954,22.0,126.80361550425751,126.80369754286967,447.29122509030157,447.29186357820333,78.25150382224295,78.25140238887874,8.529665385451539,8.529710441490458,0.0026929947017617297,285.0,11.0
955,22.0,126.80369754286967,126.80477568767242,447.29186357820333,447.29325652680006,78.25140238887874,78.25136668863547,8.529710441490458,8.529834160505187,0.018011530099101714,285.0,11.0
956,22.0,126.80477568767242,126.8053153212629,447.29325652680006,447.2941348320193,78.25136668863547,78.25085344884664,8.529834160505187,8.529925911281087,0.01961081724424883,285.0,11.0
957,22.0,126.8053153212629,126.80488276213191,447.2941348320193,447.29440583653275,78.25085344884664,78.25101684262879,8.529925911281087,8.529978715302521,0.01860771386848693,285.0,11.0
958,22.0,126.80488276213191,126.80495838950813,447.29440583653275,447.2944154421886,78.25101684262879,78.25092662827872,8.529978715302521,8.529996214939542,0.013464272951893123,285.0,11.0
959,22.0,122.24371838389251,122.24357773273513,444.5992755422434,444.59913186937183,79.55866424004628,79.55870537153417,8.7115967670486,8.711615849556892,0.004499838383559644,286.0,11.0
960,22.0,122.24357773273513,122.24341217695572,444.59913186937183,444.59863287719116,79.55870537153417,79.55878734785831,8.711615849556892,8.711668373852044,0.012739100965382468,286.0,11.0
961,22.0,122.24341217695572,122.24353335040921,444.59863287719116,444.59877262718845,79.55878734785831,79.55867019744876,8.711668373852044,8.711695761780229,0.01919798400132287,286.0,11.0
962,22.0,122.2437202710041,122.2437262233346,444.5992769045989,444.5992799534969,79.55866369018759,79.55866212030244,8.711597558291487,8.711599915491597,0.002431656152892653,287.0,11.0
963,22.0,125.53641859666217,125.5365189481532,449.3603576033699,449.3603060396781,79.95639512962785,79.956339046659,8.9051497191368,8.905168054817866,0.013976366975497886,291.0,11.0
964,22.0,124.69478566344053,124.69481710225554,450.1136113065847,450.11357576318994,81.17974207054326,81.17991859247361,8.960686570018225,8.960710586035406,0.017309585735988117,292.0,11.0
965,22.0,125.67902159896065,125.67902239188842,448.2442130079844,448.24420516397265,81.2110764857351,81.21106819788164,9.031159212189472,9.031162560074439,0.003351377909441959,294.0,11.0
966,22.0,125.52045422612812,125.52043855863181,448.1249440042081,448.1249352819573,81.58145689364434,81.5814370675105,9.045175460242705,9.045181518963032,0.005625881249590285,297.0,11.0
967,22.0,127.02888193440864,127.02885638104848,450.0167442569262,450.0169422431501,82.82600936752326,82.82632507945476,9.136468123817926,9.136498004355337,0.0013058621751553675,300.0,11.0
968,22.0,127.02885638104848,127.02857889982019,450.0169422431501,450.01734975612845,82.82632507945476,82.82730092156979,9.136498004355337,9.13658644852817,0.008502013482385834,300.0,11.0
969,22.0,127.02857889982019,127.02817662615337,450.01734975612845,450.0169593012405,82.82730092156979,82.82789880116944,9.13658644852817,9.13665842314087,0.020795094657195385,300.0,11.0
970,22.0,127.02817662615337,127.02830645821216,450.0169593012405,450.01704594720377,82.82789880116944,82.82809111179812,9.13665842314087,9.13668838781099,0.02060598756088863,300.0,11.0
971,22.0,127.02888095903788,127.02887626471616,450.0167428771612,450.0167386122897,82.82600756630606,82.8260028756734,9.13646893153226,9.136471523071378,0.002654553813281872,301.0,11.0
972,22.0,125.68131188302534,125.68130471609034,448.23049499723663,448.23049768794164,81.20637317088418,81.20637222935481,9.031648752394261,9.031651304248319,0.00261708,304.0,11.0
973,22.0,130.33585095857956,130.33568750556847,452.3266866708174,452.3264489153189,91.07972248591987,91.07956762067265,7.976989258739867,7.977026018596371,0.02079858846448065,308.0,11.0
974,22.0,130.33568750556847,130.33568186174156,452.3264489153189,452.32643997019994,91.07956762067265,91.07956296470392,7.977026018596371,7.9770293902293945,0.0033727333850255246,308.0,11.0
975,22.0,130.3359047572258,130.33589683173014,452.3267743742875,452.3267744180036,91.07970396449369,91.07970319154609,7.976978318884023,7.9769809272592855,0.0026704204948879515,309.0,11.0
976,22.0,116.86111039092978,116.90219754101949,462.72586317898094,462.766441456567,159.64411577985047,159.8455892418542,6.345866376705919,6.3528885191680775,0.353703066442321,312.0,11.0
977,22.0,116.90219754101949,116.98089940155826,462.766441456567,462.8100517738964,159.8455892418542,160.26819137341147,6.3528885191680775,6.367374407325243,0.9475515038051902,312.0,11.0
978,22.0,116.98089940155826,117.21586361435178,462.8100517738964,462.63479684246477,160.26819137341147,160.42567354533278,6.367374407325243,6.37855956511785,0.7198309350376175,312.0,11.0
979,22.0,117.21586361435178,117.38489323776928,462.63479684246477,462.57844418964424,160.42567354533278,160.61236722611517,6.37855956511785,6.387265999310595,0.4649080422647639,312.0,11.0
980,22.0,117.38489323776928,117.36781251242414,462.57844418964424,462.61999832696074,160.61236722611517,160.81796458594346,6.387265999310595,6.394393634815108,0.3830839441438387,312.0,11.0
981,22.0,117.36781251242414,117.46778044545496,462.61999832696074,462.7145141242598,160.81796458594346,160.92079654471644,6.394393634815108,6.400240003582923,0.29877765173984633,312.0,11.0
982,22.0,117.46778044545496,117.60682265790972,462.7145141242598,462.68558002811676,160.92079654471644,160.92462809215394,6.400240003582923,6.405104187275269,0.27587525694179205,312.0,11.0
983,22.0,117.60682265790972,117.66715910153994,462.68558002811676,462.70322338119166,160.92462809215394,160.8806827342348,6.405104187275269,6.4077512766122675,0.13377010000904282,312.0,11.0
984,22.0,117.66715910153994,117.61434018776201,462.70322338119166,462.6744670064665,160.8806827342348,160.84924124415585,6.4077512766122675,6.410162077278668,0.1239653447781556,312.0,11.0
985,22.0,117.61434018776201,117.61924815172256,462.6744670064665,462.6243538300473,160.84924124415585,160.82283684935197,6.410162077278668,6.412208190124189,0.14592963129818115,312.0,11.0
986,22.0,117.61924815172256,117.6071818368199,462.6243538300473,462.6589504592568,160.82283684935197,160.7978659693072,6.412208190124189,6.4138382749330995,0.08970967760552725,312.0,11.0
987,22.0,117.6071818368199,117.64261523890409,462.6589504592568,462.65831702233663,160.7978659693072,160.80831493289003,6.4138382749330995,6.4152213984815765,0.4048979126068391,312.0,11.0
988,22.0,117.64261523890409,117.64564965303005,462.65831702233663,462.66219774700147,160.80831493289003,160.81487593143547,6.4152213984815765,6.415609391280572,0.030228334939964047,312.0,11.0
989,22.0,117.64564965303005,117.64666388824739,462.66219774700147,462.6650639981475,160.81487593143547,160.80905455537865,6.415609391280572,6.415935027106674,0.027610333589182422,312.0,11.0
990,22.0,117.64666388824739,117.64490857524518,462.6650639981475,462.66954806304045,160.80905455537865,160.80714345983384,6.415935027106674,6.416206224969068,0.04329376629528026,312.0,11.0
991,22.0,117.64490857524518,117.64502782785448,462.66954806304045,462.67221089017437,160.80714345983384,160.80529335906843,6.416206224969068,6.416397501856341,0.026360790253814256,312.0,11.0
992,22.0,117.64502782785448,117.6470676316014,462.67221089017437,462.67134309439587,160.80529335906843,160.8053687244447,6.416397501856341,6.41654304145486,0.011616450419293671,312.0,11.0
993,22.0,117.6470676316014,117.64641954358174,462.67134309439587,462.67301829631003,160.8053687244447,160.8052562265232,6.41654304145486,6.416668625242067,0.018325382592905764,312.0,11.0
994,22.0,117.64641954358174,117.64532615573701,462.67301829631003,462.6726016113077,160.8052562265232,160.8053808282271,6.416668625242067,6.416761787755136,0.011227711005284007,312.0,11.0
995,22.0,117.64532615573701,117.64511408003546,462.6726016113077,462.67335453596786,160.8053808282271,160.8051559290381,6.416761787755136,6.416833401361002,0.010480257662876555,312.0,11.0
996,22.0,117.64511408003546,117.64543684544353,462.67335453596786,462.6736972077837,160.8051559290381,160.80499270635684,6.416833401361002,6.416883449514081,0.02046958752206262,312.0,11.0
997,22.0,117.64543684544353,117.64545436181254,462.6736972077837,462.67368898864714,160.80499270635684,160.80492116659744,6.416883449514081,6.416895963742094,0.01027162489305625,312.0,11.0
998,22.0,113.394138382549,113.39356637815607,459.6690909765578,459.6685794126382,158.37943058364328,158.37963250080244,6.505709998246378,6.505762846702896,0.002323391607493919,314.0,11.0
999,22.0,113.39356637815607,113.39235265267811,459.6685794126382,459.6670032201465,158.37963250080244,158.38000250618785,6.505762846702896,6.505899233600543,0.010205099198474198,314.0,11.0
1000,22.0,113.39235265267811,113.3934975049063,459.6670032201465,459.66606298641926,158.38000250618785,158.3792472266253,6.505899233600543,6.506018031508607,0.01577911548451598,314.0,11.0
1001,22.0,113.3934975049063,113.39292203351965,459.66606298641926,459.66542709547093,158.3792472266253,158.37850895358028,6.506018031508607,6.506108657983977,0.012018873148110322,314.0,11.0
1002,22.0,113.39292203351965,113.39353823845678,459.66542709547093,459.6650069123925,158.37850895358028,158.3784992319313,6.506108657983977,6.506175885608312,0.015696775066546327,314.0,11.0
1003,22.0,113.39353823845678,113.39369489588698,459.6650069123925,459.66526876920307,158.3784992319313,158.37845437070087,6.506175885608312,6.506211065145404,0.016748080116439423,314.0,11.0
1004,22.0,113.39369489588698,113.39368053624567,459.66526876920307,459.66525147977654,158.37845437070087,158.37842750560634,6.506211065145404,6.506218398528562,0.0066114889416908525,314.0,11.0
1005,22.0,113.4261628199718,113.42604780919335,459.24868547579524,459.24794363842983,157.61508723365773,157.61431965024778,6.534827432827246,6.53489405394857,0.0031100078088394933,315.0,11.0
1006,22.0,113.42604780919335,113.4260814070803,459.24794363842983,459.2465595510068,157.61431965024778,157.6121475502651,6.53489405394857,6.5350559590782575,0.010541488275092173,315.0,11.0
1007,22.0,113.4260814070803,113.42659427090004,459.2465595510068,459.24752097933685,157.6121475502651,157.61025949178435,6.5350559590782575,6.53519972317251,0.012775168873195832,315.0,11.0
1008,22.0,113.42659427090004,113.42488456987181,459.24752097933685,459.2477124162712,157.61025949178435,157.61035346409537,6.53519972317251,6.535321518702263,0.014243566543967336,315.0,11.0
1009,22.0,113.42488456987181,113.4246028070994,459.2477124162712,459.24829421183074,157.61035346409537,157.61141051896078,6.535321518702263,6.535418134157164,0.01326625909267457,315.0,11.0
1010,22.0,113.4246028070994,113.42403362394688,459.24829421183074,459.2488656541817,157.61141051896078,157.61134503082454,6.535418134157164,6.5354894479891295,0.008802702384745746,315.0,11.0
1011,22.0,113.42403362394688,113.42359952639163,459.2488656541817,459.2485513890907,157.61134503082454,157.611266499732,6.5354894479891295,6.5355426623060975,0.011857776094903707,315.0,11.0
1012,22.0,113.42359952639163,113.42354348151642,459.2485513890907,459.2484524485156,157.611266499732,157.6114819699366,6.5355426623060975,6.535572268723409,0.020412031824882913,315.0,11.0
1013,22.0,116.45934173418752,116.459307083049,465.74772490025026,465.7477640180074,157.89138063139336,157.8913697737193,6.7742402394646515,6.774250133416129,0.008479614304804307,317.0,11.0
1014,22.0,121.34991294606145,121.3499519307697,468.6167646867175,468.61676070819414,156.94941814010556,156.94943919274272,6.965962932056602,6.965971622176794,0.007616152875540349,318.0,11.0
1015,22.0,123.06140849316057,123.06315818018254,470.1685084233519,470.1688738045867,154.32236532087276,154.3217623952537,7.082814433470501,7.0829171232615185,0.008542558509723136,322.0,11.0
1016,22.0,123.06315818018254,123.06677686982066,470.1688738045867,470.16999599466817,154.3217623952537,154.32040084317464,7.0829171232615185,7.083141369507819,0.013793353180583423,322.0,11.0
1017,22.0,123.06677686982066,123.06928478139378,470.16999599466817,470.1676611401523,154.32040084317464,154.32020502294827,7.083141369507819,7.083340669408323,0.021777685854439465,322.0,11.0
1018,22.0,123.06928478139378,123.0700977083217,470.1676611401523,470.16763849454554,154.32020502294827,154.31777734711622,7.083340669408323,7.083501874494005,0.014962730846782669,322.0,11.0
1019,22.0,123.0700977083217,123.07122552483543,470.16763849454554,470.167457929124,154.31777734711622,154.31613021156764,7.083501874494005,7.0836373533450345,0.01123520299657387,322.0,11.0
1020,22.0,123.07122552483543,123.07176123346558,470.167457929124,470.16598464713434,154.31613021156764,154.3164926561136,7.0836373533450345,7.083753436285481,0.006645266671578636,322.0,11.0
1021,22.0,123.07176123346558,123.07083242729746,470.16598464713434,470.1654082666083,154.3164926561136,154.3173396787615,7.083753436285481,7.083857810689658,0.014011874378398738,322.0,11.0
1022,22.0,123.07083242729746,123.07124078107374,470.1654082666083,470.16561783645477,154.3173396787615,154.31814032756864,7.083857810689658,7.083936199920454,0.010101741245487001,322.0,11.0
1023,22.0,123.07124078107374,123.07154875162337,470.16561783645477,470.1651027578108,154.31814032756864,154.3182377000823,7.083936199920454,7.083994117270404,0.012107823340698065,322.0,11.0
1024,22.0,123.07154875162337,123.07154807961092,470.1651027578108,470.1648158507248,154.3182377000823,154.3182507180901,7.083994117270404,7.084027506473208,0.015675098756934163,322.0,11.0
1025,22.0,123.07154807961092,123.07153428846979,470.1648158507248,470.16483279777106,154.3182507180901,154.31822172707388,7.084027506473208,7.084035028365826,0.006753248669315561,322.0,11.0
1026,22.0,123.0614101666735,123.06141607436226,470.1685086785179,470.1685077538094,154.32236717512168,154.3223723983065,7.082815253903483,7.082817856968694,0.0026654181847753514,323.0,11.0
1027,22.0,114.7576530038749,114.7572980712841,462.3766388302075,462.3773393103549,158.7757091771514,158.77511291712696,6.528032458325763,6.5280943364963875,0.0016085317860951992,327.0,11.0
1028,22.0,114.7572980712841,114.75651189583664,462.3773393103549,462.3797421323749,158.77511291712696,158.77515377331412,6.5280943364963875,6.528254108440065,0.009326314037169185,327.0,11.0
1029,22.0,114.75651189583664,114.75721062208561,462.3797421323749,462.38177785606086,158.77515377331412,158.77549461923658,6.528254108440065,6.528397834219469,0.012979680228039562,327.0,11.0
1030,22.0,114.75721062208561,114.75890284915042,462.38177785606086,462.38153190341,158.77549461923658,158.7756259503023,6.528397834219469,6.528519236896161,0.031899407793356004,327.0,11.0
1031,22.0,114.75890284915042,114.75882652101434,462.38153190341,462.38165670938724,158.7756259503023,158.7749764555805,6.528519236896161,6.5285811281054755,0.02579693982614615,327.0,11.0
1032,22.0,114.75882652101434,114.75890352202691,462.38165670938724,462.3816395112003,158.7749764555805,158.7749799313811,6.5285811281054755,6.528594226374078,0.010659169521118075,327.0,11.0
1033,22.0,113.49631977369413,113.49463222549835,460.89229583906945,460.8873606197523,158.91196801975906,158.90949094037035,6.593165510426422,6.593418582736927,0.009632566020986411,328.0,11.0
1034,22.0,113.49463222549835,113.49817876445476,460.8873606197523,460.8793663625005,158.90949094037035,158.90188194315107,6.593418582736927,6.593931324861885,0.05283112180120166,328.0,11.0
1035,22.0,113.49817876445476,113.49821592215247,460.8793663625005,460.87689295294103,158.90188194315107,158.89379965207502,6.593931324861885,6.594328617421346,0.026804701843863903,328.0,11.0
1036,22.0,113.49821592215247,113.50117267082585,460.87689295294103,460.876860178467,158.89379965207502,158.88747690878716,6.594328617421346,6.594670133498495,0.015847818036687604,328.0,11.0
1037,22.0,113.50117267082585,113.5028096854847,460.876860178467,460.87666324855445,158.88747690878716,158.8815485876878,6.594670133498495,6.594979690712815,0.01948242651910299,328.0,11.0
1038,22.0,113.5028096854847,113.50089776389632,460.87666324855445,460.87796681171176,158.8815485876878,158.87690765388297,6.594979690712815,6.595251091719397,0.03924065996624433,328.0,11.0
1039,22.0,113.50089776389632,113.49991784798583,460.87796681171176,460.8810600808698,158.87690765388297,158.87583633668018,6.595251091719397,6.595449749422229,0.014870185307430582,328.0,11.0
1040,22.0,113.49991784798583,113.50227274169792,460.8810600808698,460.8801750914804,158.87583633668018,158.87709755788507,6.595449749422229,6.595622274524361,0.01542097023440882,328.0,11.0
1041,22.0,113.50227274169792,113.50204546325695,460.8801750914804,460.8823685749044,158.87709755788507,158.87679097467895,6.595622274524361,6.595768206392681,0.015714099066254872,328.0,11.0
1042,22.0,113.50204546325695,113.50089040561224,460.8823685749044,460.8833519779293,158.87679097467895,158.87610555609137,6.595768206392681,6.595887092694796,0.02083621693655463,328.0,11.0
1043,22.0,113.50089040561224,113.50135548141353,460.8833519779293,460.8825203394493,158.87610555609137,158.87592971566,6.595887092694796,6.595968259645879,0.01277810236384062,328.0,11.0
1044,22.0,113.50135548141353,113.50080936925283,460.8825203394493,460.882527927825,158.87592971566,158.8757622970516,6.595968259645879,6.5960235929292255,0.013916112848028591,328.0,11.0
1045,22.0,113.50080936925283,113.50083103825371,460.882527927825,460.88231413128113,158.8757622970516,158.87570472539545,6.5960235929292255,6.5960513013569475,0.019374763694351683,328.0,11.0
1046,22.0,113.49632027872201,113.49631801736935,460.892297754572,460.89230085290654,158.911966569644,158.91196115609688,6.59316631263466,6.59316861445541,0.00237836391160755,329.0,11.0
1047,22.0,114.5229085205536,114.52295694103827,456.7550842016265,456.7550799777935,149.30542179521262,149.30553036783195,7.281230158748449,7.281922729987567,0.36481280331230137,332.0,1000180400.0
1048,22.0,107.55149633194853,107.5514969115086,455.9088911523205,455.9088910092358,142.55225982806087,142.55225900757256,9.936715350877929,9.936749377803087,0.01841031519988843,333.0,1000180400.0
1049,22.0,99.70474783089794,99.70474488034876,455.54302874055827,455.5430354599727,138.75526660128725,138.75526705594572,12.31778891398782,12.317925504163272,0.059994998130091376,334.0,1000180400.0
1050,22.0,74.68321814061827,74.68315392699319,434.2044816730048,434.20443181993153,121.10455850153024,121.10448841275456,22.546145430353874,22.546768341436145,0.29683110521930317,336.0,1000180400.0
1051,22.0,74.68306725276443,74.68306898781672,434.2045995796032,434.2045995283388,121.10436284554075,121.10436348049677,22.546154896067957,22.546155875514,0.0010153697668923774,339.0,11.0
1052,22.0,75.51124323180878,75.51934940631926,435.4861182510152,435.5027869581819,121.57685167796049,121.57188659048882,22.599424698408207,22.600139234924256,0.023968667377310685,341.0,11.0
1053,22.0,75.51934940631926,75.54259101304339,435.5027869581819,435.5300378953569,121.57188659048882,121.56285926431994,22.600139234924256,22.601521982421865,0.06617495121951313,341.0,11.0
1054,22.0,75.54259101304339,75.56291830130729,435.5300378953569,435.5410955333922,121.56285926431994,121.54123616906642,22.601521982421865,22.602727943661346,0.07820782574615359,341.0,11.0
1055,22.0,75.56291830130729,75.581664212412,435.5410955333922,435.5568958958926,121.54123616906642,121.53348029289921,22.602727943661346,22.60373265888906,0.06196615739903932,341.0,11.0
1056,22.0,75.581664212412,75.58955613463664,435.5568958958926,435.5750207254011,121.53348029289921,121.5259892823864,22.60373265888906,22.604580946162898,0.05399555701519209,341.0,11.0
1057,22.0,75.58955613463664,75.60227132139583,435.5750207254011,435.5698831156395,121.5259892823864,121.51540396697422,22.604580946162898,22.605297009445213,0.056810411602209746,341.0,11.0
1058,22.0,75.60227132139583,75.59050314196719,435.5698831156395,435.57631639491365,121.51540396697422,121.51369933294447,22.605297009445213,22.605878955684624,0.03746440573100505,341.0,11.0
1059,22.0,75.59050314196719,75.58349100372621,435.57631639491365,435.57615515061616,121.51369933294447,121.52237236729577,22.605878955684624,22.60637581461836,0.02896013841288341,341.0,11.0
1060,22.0,75.58349100372621,75.57512877499579,435.57615515061616,435.5804437668106,121.52237236729577,121.52176454894031,22.60637581461836,22.60680902762844,0.02065445850115234,341.0,11.0
1061,22.0,75.57512877499579,75.57156680527075,435.5804437668106,435.5858904286815,121.52176454894031,121.52680881881443,22.60680902762844,22.607198127017295,0.03182172526073394,341.0,11.0
1062,22.0,75.57156680527075,75.56633131680991,435.5858904286815,435.58942579019674,121.52680881881443,121.52838845962302,22.607198127017295,22.6075216098555,0.0306376283333245,341.0,11.0
1063,22.0,75.56633131680991,75.56731779011139,435.58942579019674,435.59427963853994,121.52838845962302,121.52894863503636,22.6075216098555,22.607784954983934,0.027052233594075388,341.0,11.0
1064,22.0,75.56731779011139,75.56923170756626,435.59427963853994,435.5968582902956,121.52894863503636,121.52699963036571,22.607784954983934,22.60799796208365,0.018226094916315227,341.0,11.0
1065,22.0,75.56923170756626,75.56863077504731,435.5968582902956,435.59970129829316,121.52699963036571,121.52773693940635,22.60799796208365,22.60817855255132,0.009870676483002262,341.0,11.0
1066,22.0,75.56863077504731,75.56822834290364,435.59970129829316,435.6019679989569,121.52773693940635,121.5265062486282,22.60817855255132,22.608342013591304,0.011585443035258394,341.0,11.0
1067,22.0,75.56822834290364,75.56748714741772,435.6019679989569,435.6021700164426,121.5265062486282,121.52447173513838,22.608342013591304,22.60848553385739,0.016843559206093612,341.0,11.0
1068,22.0,75.56748714741772,75.56620614838933,435.6021700164426,435.602974194785,121.52447173513838,121.52402440699548,22.60848553385739,22.608600004592443,0.020269226445318575,341.0,11.0
1069,22.0,75.56620614838933,75.56622115873917,435.602974194785,435.602584637246,121.52402440699548,121.52484192521328,22.608600004592443,22.608677345734147,0.010259749578225645,341.0,11.0
1070,22.0,75.56622115873917,75.56653440234665,435.602584637246,435.60221985016443,121.52484192521328,121.5251794300043,22.608677345734147,22.608733824995728,0.017938031681098768,341.0,11.0
1071,22.0,75.56653440234665,75.56649039995246,435.60221985016443,435.6022346879025,121.5251794300043,121.52502872983491,22.608733824995728,22.608755396318777,0.01590497439052921,341.0,11.0
1072,22.0,75.51124315755371,75.51124400346825,435.48611702538994,435.4861123539551,121.57684959512854,121.5768433548795,22.599425488809022,22.59942806959638,0.0026444114984952066,342.0,11.0
1073,22.0,75.67556571674811,75.67068872102891,436.29131939521056,436.30593739587187,122.93308847446664,122.94034643922828,22.65232094944539,22.65296274213554,0.0352492214101082,345.0,11.0
1074,22.0,75.67068872102891,75.6614930612942,436.30593739587187,436.3317509116955,122.94034643922828,122.95687184358205,22.65296274213554,22.65417978431301,0.1058545739941385,345.0,11.0
1075,22.0,75.6614930612942,75.64211347557094,436.3317509116955,436.32797723927763,122.95687184358205,122.970449345359,22.65417978431301,22.655124778114306,0.061281962473588254,345.0,11.0
1076,22.0,75.64211347557094,75.63592161906561,436.32797723927763,436.3160916150824,122.970449345359,122.95627013334335,22.655124778114306,22.65591682786394,0.04183003615392069,345.0,11.0
1077,22.0,75.63592161906561,75.63021579722081,436.3160916150824,436.30703059940197,122.95627013334335,122.94358999869833,22.65591682786394,22.65660745162528,0.041372857434171156,345.0,11.0
1078,22.0,75.63021579722081,75.63514070815668,436.30703059940197,436.29751265820477,122.94358999869833,122.95233872091606,22.65660745162528,22.65720059880011,0.03096414369070975,345.0,11.0
1079,22.0,75.63514070815668,75.63443074916789,436.29751265820477,436.28653115376426,122.95233872091606,122.95675361525181,22.65720059880011,22.65772290615561,0.031204700923990362,345.0,11.0
1080,22.0,75.63443074916789,75.63245577891358,436.28653115376426,436.28021605475544,122.95675361525181,122.94931754379725,22.65772290615561,22.658175895645122,0.03159102296811487,345.0,11.0
1081,22.0,75.63245577891358,75.6402472334449,436.28021605475544,436.28140377030314,122.94931754379725,122.95131635612233,22.658175895645122,22.658561121611832,0.028092945521309396,345.0,11.0
1082,22.0,75.6402472334449,75.64654179902331,436.28140377030314,436.2798044991476,122.95131635612233,122.95008414563377,22.658561121611832,22.65888841424032,0.02876018446875152,345.0,11.0
1083,22.0,75.64654179902331,75.64578019781842,436.2798044991476,436.2751310889671,122.95008414563377,122.95214703100399,22.65888841424032,22.659158979124406,0.043914659797470335,345.0,11.0
1084,22.0,75.64578019781842,75.64556014484097,436.2751310889671,436.27204886243135,122.95214703100399,122.95300018398753,22.659158979124406,22.659348578533905,0.025347429023756418,345.0,11.0
1085,22.0,75.64556014484097,75.64724977269096,436.27204886243135,436.2733215907694,122.95300018398753,122.95232544597206,22.659348578533905,22.65949422721868,0.01300601112451356,345.0,11.0
1086,22.0,75.64724977269096,75.64795672087607,436.2733215907694,436.2743417137256,122.95232544597206,122.95108718030795,22.65949422721868,22.659617521328332,0.010025790106316003,345.0,11.0
1087,22.0,75.64795672087607,75.64916076363963,436.2743417137256,436.2748290843045,122.95108718030795,122.95163283298011,22.659617521328332,22.659723271357045,0.005867875181865016,345.0,11.0
1088,22.0,75.64916076363963,75.64982990674103,436.2748290843045,436.2739908375271,122.95163283298011,122.95106600840855,22.659723271357045,22.65981845868459,0.02011164998143884,345.0,11.0
1089,22.0,75.64982990674103,75.65033513279177,436.2739908375271,436.273866137131,122.95106600840855,122.95081977067446,22.65981845868459,22.65987410808454,0.015347261578555154,345.0,11.0
1090,22.0,75.65033513279177,75.65026654610111,436.273866137131,436.2738483089739,122.95081977067446,122.95063540765621,22.65987410808454,22.659899516862726,0.018095910771872233,345.0,11.0
1091,22.0,77.19944988839413,77.19905444673756,431.7114748482988,431.7108725521001,122.81923422970264,122.81904161259581,22.813367690699167,22.813417041691366,0.0035363343340241707,347.0,11.0
1092,22.0,77.19905444673756,77.19750046369387,431.7108725521001,431.7095726385437,122.81904161259581,122.81908072996774,22.813417041691366,22.81355356662808,0.017889054791574276,347.0,11.0
1093,22.0,77.19750046369387,77.1976952605675,431.7095726385437,431.70832545698187,122.81908072996774,122.81969333909278,22.81355356662808,22.813659011121757,0.01998065946083516,347.0,11.0
1094,22.0,77.1976952605675,77.1976171803346,431.70832545698187,431.70779415963017,122.81969333909278,122.81916610652027,22.813659011121757,22.81372667424336,0.017054956362262553,347.0,11.0
1095,22.0,77.1976171803346,77.19773713310578,431.70779415963017,431.7080194631905,122.81916610652027,122.81928703147798,22.81372667424336,22.81375965720897,0.017089813271684354,347.0,11.0
1096,22.0,77.19773713310578,77.19772275467734,431.7080194631905,431.7080242195393,122.81928703147798,122.81930421172774,22.81375965720897,22.81376509147496,0.005125396388560376,347.0,11.0
1097,22.0,83.9206479867137,83.92064384880896,436.18808605099304,436.18812462768835,125.18651732223945,125.18650073380608,23.094077032939392,23.094085402764385,0.007382109774606839,350.0,11.0
1098,22.0,88.08416013136967,88.08427228933073,435.8135240360094,435.8136030060734,126.54685269615145,126.54686898899914,23.240717477531643,23.24073707488186,0.014737943209348816,352.0,11.0
1099,22.0,91.45230192130255,91.45104440498068,427.25235741289526,427.25221700153816,129.73904518151014,129.7398502188392,23.565534302026673,23.56562054697165,0.004440398875315574,353.0,11.0
1100,22.0,91.45104440498068,91.44862428348007,427.25221700153816,427.2528191030359,129.7398502188392,129.7421220833175,23.56562054697165,23.56581734868159,0.02256327788030412,353.0,11.0
1101,22.0,91.44862428348007,91.44926777290661,427.2528191030359,427.2519614178394,129.7421220833175,129.74435483111793,23.56581734868159,23.565974783056255,0.021526716098231823,353.0,11.0
1102,22.0,91.44926777290661,91.4492113703948,427.2519614178394,427.2535335831873,129.74435483111793,129.74498565025922,23.565974783056255,23.56609518452169,0.02005929723525117,353.0,11.0
1103,22.0,91.4492113703948,91.44824714330935,427.2535335831873,427.25334632825997,129.74498565025922,129.74526893077604,23.56609518452169,23.566179510425478,0.014775156077335897,353.0,11.0
1104,22.0,91.44824714330935,91.44788081757022,427.25334632825997,427.2529292895344,129.74526893077604,129.7453510327428,23.566179510425478,23.566234122632444,0.012027022281951495,353.0,11.0
1105,22.0,91.44788081757022,91.44791544729472,427.2529292895344,427.2529413945572,129.7453510327428,129.7450994671097,23.566234122632444,23.566264662981325,0.020916453765518782,353.0,11.0
1106,22.0,91.4523002725604,91.452293748228,427.2523556314095,427.25235197771354,129.739044986152,129.7390477009379,23.56553509810919,23.56553770469877,0.002668738502385607,354.0,11.0
1107,22.0,41.08934309142715,41.08933789778469,469.86890633560733,469.868930788882,118.73087759689001,118.73089548127196,38.035766425970216,38.03612793142311,0.14967871049688217,358.0,1000180400.0
1108,22.0,40.77485074573796,40.78082625335939,470.60230327222706,470.60887703750467,117.94291008788109,117.93619176106763,38.07317425689159,38.07361799692745,0.03595016123382608,360.0,11.0
1109,22.0,40.78082625335939,40.792562948738286,470.60887703750467,470.6190472340278,117.93619176106763,117.92414393134823,38.07361799692745,38.074415060179064,0.07083335544279808,360.0,11.0
1110,22.0,40.792562948738286,40.79757356195067,470.6190472340278,470.6319609157516,117.92414393134823,117.91898409735703,38.074415060179064,38.07504180748505,0.07534560785962348,360.0,11.0
1111,22.0,40.79757356195067,40.79800206819089,470.6319609157516,470.6351516909873,117.91898409735703,117.92848031377062,38.07504180748505,38.07549749480029,0.03081938066427063,360.0,11.0
1112,22.0,40.79800206819089,40.80172785422288,470.6351516909873,470.6401182204255,117.92848031377062,117.93390284136849,38.07549749480029,38.07588694372605,0.022628467214558644,360.0,11.0
1113,22.0,40.80172785422288,40.80353645732704,470.6401182204255,470.64590077445445,117.93390284136849,117.93741825457434,38.07588694372605,38.076229410029825,0.02829274639177205,360.0,11.0
1114,22.0,40.80353645732704,40.801017017752436,470.64590077445445,470.64711439238,117.93741825457434,117.94221432572638,38.076229410029825,38.076515352166915,0.017535556921180195,360.0,11.0
1115,22.0,40.801017017752436,40.80044872953785,470.64711439238,470.65139213892746,117.94221432572638,117.9441015031902,38.076515352166915,38.07676762024481,0.014033125301855801,360.0,11.0
1116,22.0,40.80044872953785,40.79907699474346,470.65139213892746,470.6536522548228,117.9441015031902,117.94100561569753,38.07676762024481,38.076993741191316,0.02067567433541547,360.0,11.0
1117,22.0,40.79907699474346,40.79641980520992,470.6536522548228,470.65396175618855,117.94100561569753,117.94274266017412,38.076993741191316,38.077182648569355,0.015060530195453505,360.0,11.0
1118,22.0,40.79641980520992,40.79537956410762,470.65396175618855,470.65418207608525,117.94274266017412,117.9451077081125,38.077182648569355,38.07734532987846,0.028827594652058388,360.0,11.0
1119,22.0,40.79537956410762,40.795790856326455,470.65418207608525,470.65306257528573,117.9451077081125,117.94412069035077,38.07734532987846,38.07745831151493,0.009613013592312319,360.0,11.0
1120,22.0,40.795790856326455,40.79623352468708,470.65306257528573,470.65391590661176,117.94412069035077,117.94487966236855,38.07745831151493,38.077554143603486,0.024409768067695764,360.0,11.0
1121,22.0,40.79623352468708,40.79644658763803,470.65391590661176,470.65354031952927,117.94487966236855,117.94504910067322,38.077554143603486,38.07760162896039,0.014284187753011983,360.0,11.0
1122,22.0,40.79644658763803,40.79658451277255,470.65354031952927,470.6535791299887,117.94504910067322,117.94507704856616,38.07760162896039,38.07762202649266,0.015214467031544776,360.0,11.0
1123,22.0,32.81334305365904,32.798140653650265,475.6134630337791,475.6321620368714,112.4854199149097,112.47752551432825,38.43594959562732,38.43686855507172,0.043457041851773084,361.0,11.0
1124,22.0,32.798140653650265,32.75650904925691,475.6321620368714,475.6566728861807,112.47752551432825,112.47375369853066,38.43686855507172,38.43863574403456,0.09791636685383921,361.0,11.0
1125,22.0,32.75650904925691,32.74989624527476,475.6566728861807,475.6574484176361,112.47375369853066,112.51345139526768,38.43863574403456,38.44012941176992,0.30770728330923586,361.0,11.0
1126,22.0,32.74989624527476,32.751575194732325,475.6574484176361,475.66796576070567,112.51345139526768,112.52652429803479,38.44012941176992,38.44082933716583,0.05359436692740843,361.0,11.0
1127,22.0,32.751575194732325,32.75262672070364,475.66796576070567,475.67497201908236,112.52652429803479,112.53777284882979,38.44082933716583,38.44140322022939,0.03471851189366009,361.0,11.0
1128,22.0,32.75262672070364,32.757111890411814,475.67497201908236,475.684481915602,112.53777284882979,112.54135558353657,38.44140322022939,38.44189840342846,0.03200468400641572,361.0,11.0
1129,22.0,32.757111890411814,32.758952174709194,475.684481915602,475.6873495231108,112.54135558353657,112.54989742587671,38.44189840342846,38.44232342573438,0.028794374746491276,361.0,11.0
1130,22.0,32.758952174709194,32.75207018659539,475.6873495231108,475.6904731990342,112.54989742587671,112.55037781741642,38.44232342573438,38.442687563709406,0.08325898730350821,361.0,11.0
1131,22.0,32.75207018659539,32.748728369595156,475.6904731990342,475.68966305415535,112.55037781741642,112.54965454762937,38.442687563709406,38.442890337258305,0.04258492608165649,361.0,11.0
1132,22.0,32.748728369595156,32.749315773142854,475.68966305415535,475.68790832556687,112.54965454762937,112.54988852120262,38.442890337258305,38.44301911594769,0.03936874464673096,361.0,11.0
1133,22.0,32.749315773142854,32.749124887014275,475.68790832556687,475.6883095389,112.54988852120262,112.55024617585363,38.44301911594769,38.44307438710308,0.03326094522577405,361.0,11.0
1134,22.0,32.81334284744567,32.81334220554784,475.61346320877976,475.6134637535189,112.48542245335484,112.48543035498774,38.43595042979655,38.43595303437835,0.0026668470643086213,362.0,11.0
1135,22.0,33.47704304678677,33.47698041866802,473.33956459440105,473.33890701200755,113.51003004737952,113.5099238559505,38.52203846090175,38.522084690184165,0.00230558952327426,365.0,11.0
1136,22.0,33.47698041866802,33.476846211429844,473.33890701200755,473.33730014583523,113.5099238559505,113.50917228305757,38.522084690184165,38.522209256932605,0.01685788911748326,365.0,11.0
1137,22.0,33.476846211429844,33.477260689272285,473.33730014583523,473.3375044851808,113.50917228305757,113.50805873243841,38.522209256932605,38.52230402862809,0.019889310644000548,365.0,11.0
1138,22.0,33.477260689272285,33.4775081912765,473.3375044851808,473.3376163108293,113.50805873243841,113.50755128941248,38.52230402862809,38.522359667200305,0.022908210112444257,365.0,11.0
1139,22.0,33.4775081912765,33.47744017417447,473.3376163108293,473.3376170064779,113.50755128941248,113.5075144928326,38.522359667200305,38.52237256980184,0.010529745702355747,365.0,11.0
1140,22.0,35.14651961095404,35.14710420161768,473.97177869214084,473.9718625914139,114.11723742206743,114.11693068689313,38.58494960002081,38.585011472168354,0.014337596415767435,366.0,11.0
1141,22.0,35.14710420161768,35.14699726995382,473.9718625914139,473.9718069759181,114.11693068689313,114.1171835147585,38.585011472168354,38.58504425372947,0.02210927902833635,366.0,11.0
1142,22.0,35.2951692020297,35.29519422347529,472.0492886539888,472.04911636177155,116.74387653671234,116.74395822119382,38.693617088414456,38.69363527044952,0.0023620626615167245,368.0,11.0
1143,22.0,35.29519422347529,35.29529969700368,472.04911636177155,472.04866200213473,116.74395822119382,116.74426020478897,38.69363527044952,38.693689492516675,0.013122249211846283,368.0,11.0
1144,22.0,35.29529969700368,35.2952027106489,472.04866200213473,472.0484771433993,116.74426020478897,116.74416935861117,38.693689492516675,38.69371767111423,0.019633247149736025,368.0,11.0
1145,22.0,34.625962196141046,34.62667743970916,475.7027908528456,475.70316939317297,116.88551761173626,116.88501168201637,38.81760236690961,38.81766317344755,0.0045249385619360125,371.0,11.0
1146,22.0,34.62667743970916,34.62861969239998,475.70316939317297,475.7040568871171,116.88501168201637,116.88419441649062,38.81766317344755,38.81781188844805,0.01998932549870356,371.0,11.0
1147,22.0,34.62861969239998,34.6297542291774,475.7040568871171,475.70509616195477,116.88419441649062,116.88386699882096,38.81781188844805,38.81792614412391,0.024447992873634673,371.0,11.0
1148,22.0,34.6297542291774,34.629352974731376,475.70509616195477,475.7046471144548,116.88386699882096,116.88338850500938,38.81792614412391,38.817994885919596,0.024507201011751162,371.0,11.0
1149,22.0,34.629352974731376,34.62924759222632,475.7046471144548,475.7047076206087,116.88338850500938,116.88330524075134,38.817994885919596,38.81801541748453,0.01529382652520183,371.0,11.0
1150,22.0,34.625964053611966,34.625970446020794,475.70279038514445,475.7027863024814,116.88551913078751,116.8855217166769,38.817603166090606,38.817605785787535,0.00268108,372.0,11.0
1151,22.0,40.957803668985484,40.95780228303231,469.83662353349035,469.8366218049644,118.55953418593928,118.55953103298502,38.11837312961589,38.118459932636796,0.04080413823093099,376.0,1000180400.0
1152,22.0,40.29057782342083,40.27249185889292,469.571940247803,469.57232292372765,118.57442709136608,118.57099736323023,38.142321762618515,38.1430100771689,0.03972830997824614,379.0,11.0
1153,22.0,40.27249185889292,40.24180889133674,469.57232292372765,469.5627567630475,118.57099736323023,118.55917665629208,38.1430100771689,38.14430257124321,0.07568783222803582,379.0,11.0
1154,22.0,40.24180889133674,40.235963224621706,469.5627567630475,469.56951726106536,118.55917665629208,118.5322351621066,38.14430257124321,38.14539789579769,0.09000221470133113,379.0,11.0
1155,22.0,40.235963224621706,40.232614690855755,469.56951726106536,469.55483648139295,118.5322351621066,118.51667342070198,38.14539789579769,38.146263860332205,0.03953761650700456,379.0,11.0
1156,22.0,40.232614690855755,40.23942581356147,469.55483648139295,469.5488260168275,118.51667342070198,118.50018348273122,38.146263860332205,38.14703221038118,0.059156173418409785,379.0,11.0
1157,22.0,40.23942581356147,40.23657147856313,469.5488260168275,469.54609297872673,118.50018348273122,118.48594291921465,38.14703221038118,38.14765885846108,0.04143612594239229,379.0,11.0
1158,22.0,40.23657147856313,40.23036430662716,469.54609297872673,469.5382925964688,118.48594291921465,118.47908260740148,38.14765885846108,38.14818997229883,0.03047054165443972,379.0,11.0
1159,22.0,40.23036430662716,40.229935745215265,469.5382925964688,469.52943822715525,118.47908260740148,118.47397678696902,38.14818997229883,38.14865310577067,0.032192924502732694,379.0,11.0
1160,22.0,40.229935745215265,40.2308961076706,469.52943822715525,469.52510880511653,118.47397678696902,118.48106017631478,38.14865310577067,38.14904682611434,0.024828407883576115,379.0,11.0
1161,22.0,40.2308961076706,40.23355810470365,469.52510880511653,469.52566680615064,118.48106017631478,118.48750514211989,38.14904682611434,38.149388931160594,0.03168707957498882,379.0,11.0
1162,22.0,40.23355810470365,40.23286540346563,469.52566680615064,469.5216651685798,118.48750514211989,118.49102857347445,38.149388931160594,38.14966792761975,0.01920910398196498,379.0,11.0
1163,22.0,40.23286540346563,40.23115696939106,469.5216651685798,469.51910817298256,118.49102857347445,118.49426915313609,38.14966792761975,38.14991033925377,0.023813948221158135,379.0,11.0
1164,22.0,40.23115696939106,40.228606075413836,469.51910817298256,469.52097053213464,118.49426915313609,118.49558957787357,38.14991033925377,38.150109262924865,0.01804868188240208,379.0,11.0
1165,22.0,40.228606075413836,40.22706773520143,469.52097053213464,469.52267013247365,118.49558957787357,118.49700819080547,38.150109262924865,38.15027654104751,0.027144910125451883,379.0,11.0
1166,22.0,40.22706773520143,40.22858244403125,469.52267013247365,469.52191106719664,118.49700819080547,118.49712086575019,38.15027654104751,38.15039709538929,0.01012688722869363,379.0,11.0
1167,22.0,40.22858244403125,40.229863302684215,469.52191106719664,469.52192831249874,118.49712086575019,118.49668744860176,38.15039709538929,38.150499843551295,0.010235220924229373,379.0,11.0
1168,22.0,40.229863302684215,40.230016656926765,469.52192831249874,469.52287997270395,118.49668744860176,118.49636854621926,38.150499843551295,38.1505837608844,0.02051080327888078,379.0,11.0
1169,22.0,40.230016656926765,40.23010320240412,469.52287997270395,469.5230973892084,118.49636854621926,118.49668971429624,38.1505837608844,38.1506261394072,0.026993165785760907,379.0,11.0
1170,22.0,38.61955298097103,38.61693005765064,466.03126949688084,466.0284926495462,118.4587246754104,118.45604471870574,38.272975290730365,38.27318860484748,0.020073788433268534,380.0,11.0
1171,22.0,38.61693005765064,38.61356226959562,466.0284926495462,466.02206630800646,118.45604471870574,118.45150053853463,38.27318860484748,38.273589960600965,0.019618140591511277,380.0,11.0
1172,22.0,38.61356226959562,38.60849533573997,466.02206630800646,466.0245110887744,118.45150053853463,118.45641466651205,38.273589960600965,38.27395018284032,0.05264145941804409,380.0,11.0
1173,22.0,38.60849533573997,38.60400438005196,466.0245110887744,466.02306471554283,118.45641466651205,118.45727131814238,38.27395018284032,38.27420590125475,0.018976714812619547,380.0,11.0
1174,22.0,38.60400438005196,38.600367960983384,466.02306471554283,466.02432603087345,118.45727131814238,118.45646018284246,38.27420590125475,38.27442630632084,0.011791335058540783,380.0,11.0
1175,22.0,38.600367960983384,38.60109956358683,466.02432603087345,466.0224913576623,118.45646018284246,118.45926204323557,38.27442630632084,38.27462543348619,0.018121557373025607,380.0,11.0
1176,22.0,38.60109956358683,38.59958965268148,466.0224913576623,466.02270936478806,118.45926204323557,118.46148664974051,38.27462543348619,38.27479278295427,0.014683854246645055,380.0,11.0
1177,22.0,38.59958965268148,38.59954041836643,466.02270936478806,466.02399048988974,118.46148664974051,118.45976862435103,38.27479278295427,38.27493484849144,0.022494862727423563,380.0,11.0
1178,22.0,38.59954041836643,38.60022700747667,466.02399048988974,466.0251342596074,118.45976862435103,118.46001627664457,38.27493484849144,38.27503783697013,0.009501270738794127,380.0,11.0
1179,22.0,38.60022700747667,38.600243774026914,466.0251342596074,466.0261404511175,118.46001627664457,118.45974032110803,38.27503783697013,38.27512340253241,0.010056886930622915,380.0,11.0
1180,22.0,38.600243774026914,38.60018729724663,466.0261404511175,466.0255068470162,118.45974032110803,118.45939695139892,38.27512340253241,38.27518911670637,0.038315375480779575,380.0,11.0
1181,22.0,38.554009308862575,38.55845432544534,462.14334075202197,462.1374454160624,121.20765703303577,121.21103455484777,38.43181946201554,38.432156711113336,0.08131882732403765,381.0,11.0
1182,22.0,38.55845432544534,38.562992797040216,462.1374454160624,462.13141714894454,121.21103455484777,121.21967600803211,38.432156711113336,38.43266510456188,0.03441646503428783,381.0,11.0
1183,22.0,38.562992797040216,38.56458492628677,462.13141714894454,462.13555245852405,121.21967600803211,121.22796592288739,38.43266510456188,38.43309766835168,0.029440297395454975,381.0,11.0
1184,22.0,38.56458492628677,38.56819879451364,462.13555245852405,462.1409074540223,121.22796592288739,121.2322090889893,38.43309766835168,38.43346772900065,0.025850259668862948,381.0,11.0
1185,22.0,38.56819879451364,38.56753443992467,462.1409074540223,462.1463874097552,121.2322090889893,121.2353486786053,38.43346772900065,38.433784955483816,0.0515493846979668,381.0,11.0
1186,22.0,38.56753443992467,38.56804043428444,462.1463874097552,462.1502208764558,121.2353486786053,121.2349433376296,38.433784955483816,38.434003460357935,0.01761449323291391,381.0,11.0
1187,22.0,38.56804043428444,38.56877010046509,462.1502208764558,462.1500394343976,121.2349433376296,121.23799689171543,38.434003460357935,38.434190429566165,0.015896167945643514,381.0,11.0
1188,22.0,38.56877010046509,38.56975564935469,462.1500394343976,462.1483981580144,121.23799689171543,121.2396340718105,38.434190429566165,38.43434977319709,0.058528427848465514,381.0,11.0
1189,22.0,38.56975564935469,38.56942154545207,462.1483981580144,462.1481003928334,121.2396340718105,121.2399190898163,38.43434977319709,38.43440218851193,0.014046399411363156,381.0,11.0
1190,22.0,38.56942154545207,38.569603399600894,462.1481003928334,462.1481135179104,121.2399190898163,121.23998125707041,38.43440218851193,38.43442713892729,0.017838120042803825,381.0,11.0
1191,22.0,32.33567842074656,32.33354190047628,464.13606994310794,464.13879655434386,119.53012641197071,119.52801174535402,38.65670380748787,38.656891934496215,0.0052942026078805415,382.0,11.0
1192,22.0,32.33354190047628,32.32577514354911,464.13879655434386,464.14146507569075,119.52801174535402,119.52497915817435,38.656891934496215,38.65730051836304,0.028395572369081433,382.0,11.0
1193,22.0,32.32577514354911,32.31902426608194,464.14146507569075,464.1394142099739,119.52497915817435,119.52365361941672,38.65730051836304,38.657649650557296,0.032610873927107244,382.0,11.0
1194,22.0,32.31902426608194,32.3148355563031,464.1394142099739,464.1366545846922,119.52365361941672,119.52590822334687,38.657649650557296,38.65793352069184,0.03445298498193257,382.0,11.0
1195,22.0,32.3148355563031,32.31458521789614,464.1366545846922,464.1348391334685,119.52590822334687,119.52934772870842,38.65793352069184,38.658152416288274,0.01595521087978323,382.0,11.0
1196,22.0,32.31458521789614,32.316308470444916,464.1348391334685,464.1331902304114,119.52934772870842,119.53151295561113,38.658152416288274,38.65834268783883,0.01657891466896557,382.0,11.0
1197,22.0,32.316308470444916,32.316455506134574,464.1331902304114,464.1313465653358,119.53151295561113,119.53328946800693,38.65834268783883,38.65850408401157,0.013323917113619963,382.0,11.0
1198,22.0,32.316455506134574,32.31637958765451,464.1313465653358,464.1294424684391,119.53328946800693,119.53409172687921,38.65850408401157,38.6586425650301,0.02649494911593006,382.0,11.0
1199,22.0,32.31637958765451,32.31597158656678,464.1294424684391,464.12858322582804,119.53409172687921,119.53343674012487,38.6586425650301,38.65873450438476,0.010757890511136986,382.0,11.0
1200,22.0,32.31597158656678,32.31546603073532,464.12858322582804,464.12908358789247,119.53343674012487,119.53305394403188,38.65873450438476,38.658805726693956,0.016420780334873656,382.0,11.0
1201,22.0,32.31546603073532,32.31530325748058,464.12908358789247,464.12912210136585,119.53305394403188,119.53276039455243,38.658805726693956,38.65884334049776,0.01639139977355422,382.0,11.0
1202,22.0,32.31530325748058,32.31532179993465,464.12912210136585,464.1291638620145,119.53276039455243,119.53273871529113,38.65884334049776,38.6588528616962,0.008214885291349557,382.0,11.0
1203,22.0,32.33568048736529,32.335686642794954,464.13607095576054,464.1360736901298,119.53012473670398,119.53012062877467,38.65670470042353,38.656707292153506,0.002654733784146975,383.0,11.0
1204,22.0,47.849873837475265,47.85140716528794,486.37332588457485,486.3905646664878,111.10460023593055,111.09318469313067,38.765641511044095,38.76640741957364,0.025044486882859,385.0,11.0
1205,22.0,47.85140716528794,47.86454973210088,486.3905646664878,486.4251923815489,111.09318469313067,111.0779236188426,38.76640741957364,38.76789462534,0.09923825673182968,385.0,11.0
1206,22.0,47.86454973210088,47.844840572766344,486.4251923815489,486.44992858692046,111.0779236188426,111.0725515208251,38.76789462534,38.76911440035396,0.06421708952726955,385.0,11.0
1207,22.0,47.844840572766344,47.822183077586345,486.44992858692046,486.46265096698335,111.0725515208251,111.06461704297355,38.76911440035396,38.77016853982282,0.060002943813465034,385.0,11.0
1208,22.0,47.822183077586345,47.81055348516781,486.46265096698335,486.48153379603843,111.06461704297355,111.05985234775764,38.77016853982282,38.77106979600117,0.06865271207410538,385.0,11.0
1209,22.0,47.81055348516781,47.79434418205123,486.48153379603843,486.4872655949155,111.05985234775764,111.05533607176832,38.77106979600117,38.7718016303263,0.057024554698205186,385.0,11.0
1210,22.0,47.79434418205123,47.79638643904105,486.4872655949155,486.50080221705366,111.05533607176832,111.05275733638598,38.7718016303263,38.772398203688965,0.039429988516433236,385.0,11.0
1211,22.0,47.79638643904105,47.80558864815353,486.50080221705366,486.50397058917406,111.05275733638598,111.04677778395308,38.772398203688965,38.77290479603118,0.034817307452829765,385.0,11.0
1212,22.0,47.80558864815353,47.81331189867327,486.50397058917406,486.50843303203555,111.04677778395308,111.0440428128555,38.77290479603118,38.773334758246314,0.03417260642200635,385.0,11.0
1213,22.0,47.81331189867327,47.820096023423574,486.50843303203555,486.5087370536924,111.0440428128555,111.04699503192553,38.773334758246314,38.77369250712251,0.020727454111606827,385.0,11.0
1214,22.0,47.820096023423574,47.82479333061072,486.5087370536924,486.50721583722316,111.04699503192553,111.0509216687429,38.77369250712251,38.7740081041749,0.020362288623922507,385.0,11.0
1215,22.0,47.82479333061072,47.8296832768347,486.50721583722316,486.50552301054165,111.0509216687429,111.04982477252918,38.7740081041749,38.7742836440425,0.02657354653218238,385.0,11.0
1216,22.0,47.8296832768347,47.829893419744444,486.50552301054165,486.5026332989748,111.04982477252918,111.0469876409151,38.7742836440425,38.774509100345206,0.014178567197942655,385.0,11.0
1217,22.0,47.829893419744444,47.82817545081828,486.5026332989748,486.5044255508474,111.0469876409151,111.04460123857825,38.774509100345206,38.77470888935751,0.01888139160278313,385.0,11.0
1218,22.0,47.82817545081828,47.82976069270395,486.5044255508474,486.5054287554265,111.04460123857825,111.04268402825946,38.77470888935751,38.77487556670919,0.015150329963165812,385.0,11.0
1219,22.0,47.82976069270395,47.8281506569359,486.5054287554265,486.50625651071516,111.04268402825946,111.04159546144199,38.77487556670919,38.77501616404503,0.011228874889290124,385.0,11.0
1220,22.0,47.8281506569359,47.82679635329795,486.50625651071516,486.5071133563,111.04159546144199,111.04219923318813,38.77501616404503,38.77513744325801,0.05081181076443963,385.0,11.0
1221,22.0,47.82679635329795,47.82675583235023,486.5071133563,486.5072917238305,111.04219923318813,111.04223186079477,38.77513744325801,38.77516174641024,0.017472444425000823,385.0,11.0
1222,22.0,49.37904392266368,49.389808548966776,487.3809582850993,487.39012467485946,111.38723375065328,111.39265660799435,38.827450550024075,38.82802777112816,0.026443646921888074,386.0,11.0
1223,22.0,49.389808548966776,49.4071715727234,487.39012467485946,487.4137090387879,111.39265660799435,111.39433344349088,38.82802777112816,38.829154956367404,0.070682392321652,386.0,11.0
1224,22.0,49.4071715727234,49.39727539468368,487.4137090387879,487.4342837769494,111.39433344349088,111.40181854743614,38.829154956367404,38.83010217262717,0.05870695344678843,386.0,11.0
1225,22.0,49.39727539468368,49.37778796188762,487.4342837769494,487.43236668392444,111.40181854743614,111.40443610317644,38.83010217262717,38.83090270496407,0.09616568131488716,386.0,11.0
1226,22.0,49.37778796188762,49.36908610264801,487.43236668392444,487.42313869607244,111.40443610317644,111.4081566416681,38.83090270496407,38.8314738899793,0.02561964469916845,386.0,11.0
1227,22.0,49.36908610264801,49.35945286441303,487.42313869607244,487.4203993284427,111.4081566416681,111.41400449334519,38.8314738899793,38.83198681599828,0.05403176569301023,386.0,11.0
1228,22.0,49.35945286441303,49.35215407271856,487.4203993284427,487.41651034398217,111.41400449334519,111.41541213861005,38.83198681599828,38.832381739810494,0.03475808253018311,386.0,11.0
1229,22.0,49.35215407271856,49.34705783454202,487.41651034398217,487.4145198034877,111.41541213861005,111.4189263480303,38.832381739810494,38.83270486335994,0.03300406155963279,386.0,11.0
1230,22.0,49.34705783454202,49.34280100277549,487.4145198034877,487.4121665012109,111.4189263480303,111.41889635370899,38.83270486335994,38.832963359183196,0.021024831888083018,386.0,11.0
1231,22.0,49.34280100277549,49.34085278246535,487.4121665012109,487.4111374102657,111.41889635370899,111.42212387233727,38.832963359183196,38.83318269672153,0.012215294469445902,386.0,11.0
1232,22.0,49.34085278246535,49.342832644299314,487.4111374102657,487.4135732562384,111.42212387233727,111.42339325688593,38.83318269672153,38.83338002688241,0.016262188377311516,386.0,11.0
1233,22.0,49.342832644299314,49.34314914695891,487.4135732562384,487.4160929908288,111.42339325688593,111.42439650643988,38.83338002688241,38.83354884769381,0.016580527140457397,386.0,11.0
1234,22.0,49.34314914695891,49.34277252619222,487.4160929908288,487.41507265636,111.42439650643988,111.42259369987062,38.83354884769381,38.833689117440535,0.022961820895972554,386.0,11.0
1235,22.0,49.34277252619222,49.34311370046252,487.41507265636,487.4139418782488,111.42259369987062,111.4220358803087,38.833689117440535,38.833789391017724,0.0160787340997167,386.0,11.0
1236,22.0,49.34311370046252,49.34245846800279,487.4139418782488,487.41408263933926,111.4220358803087,111.42244321016642,38.833789391017724,38.833859107861954,0.009852410083414968,386.0,11.0
1237,22.0,49.34245846800279,49.342277202214994,487.41408263933926,487.414272875067,111.42244321016642,111.42285624138374,38.833859107861954,38.83390851155166,0.018965587363577875,386.0,11.0
1238,22.0,49.342277202214994,49.34230859121995,487.414272875067,487.41435374492875,111.42285624138374,111.42283427560339,38.83390851155166,38.83392283932232,0.011463711913245175,386.0,11.0
1239,22.0,48.22316812945952,48.223136055015786,487.8073340392431,487.8068471936878,110.03315256520087,110.03277905270814,38.888531403359934,38.88858977203037,0.021425659260209503,387.0,11.0
1240,22.0,48.223136055015786,48.22325117994957,487.8068471936878,487.8068520179859,110.03277905270814,110.03276520708111,38.88858977203037,38.88860705112588,0.01332817083594488,387.0,11.0
1241,22.0,47.95822871244019,47.95827027661349,488.89088407983826,488.89112484151667,109.64127156952756,109.64091851305507,38.92794736063513,38.92798033794088,0.0010379572720681152,389.0,11.0
1242,22.0,47.95827027661349,47.95787363203772,488.89112484151667,488.89119769873923,109.64091851305507,109.63971496081089,38.92798033794088,38.92807860967967,0.015207307334039626,389.0,11.0
1243,22.0,47.95787363203772,47.95750247571054,488.89119769873923,488.89164586995184,109.63971496081089,109.63920038167267,38.92807860967967,38.92814784519296,0.012049834797688804,389.0,11.0
1244,22.0,47.95750247571054,47.9577540538404,488.89164586995184,488.8919026200462,109.63920038167267,109.63942427631056,38.92814784519296,38.92819225448241,0.015705553247053014,389.0,11.0
1245,22.0,47.9577540538404,47.95780136642331,488.8919026200462,488.89192712935585,109.63942427631056,109.63950992575751,38.92819225448241,38.928207871977925,0.01228884513922534,389.0,11.0
1246,22.0,41.1905464058214,41.19048197335888,487.74791006867844,487.74808617261317,109.82827846234227,109.82837692424394,39.15742253835882,39.15744201226052,0.0015213243782028784,390.0,11.0
1247,22.0,41.19048197335888,41.19093975157482,487.74808617261317,487.74846273408895,109.82837692424394,109.8286362113748,39.15744201226052,39.15750262392224,0.014125678904607775,390.0,11.0
1248,22.0,41.19093975157482,41.19112775781173,487.74846273408895,487.7485598687298,109.8286362113748,109.82846640328971,39.15750262392224,39.15753465159382,0.015513429031282697,390.0,11.0
1249,22.0,41.19112775781173,41.191110520724585,487.7485598687298,487.74856332037115,109.82846640328971,109.82849244541538,39.15753465159382,39.15754144185666,0.006197785837749003,390.0,11.0
1250,22.0,44.4686099442941,44.46873515630858,473.33279232371854,473.33252144442315,115.39225334966663,115.39253777534407,39.68431489151676,39.68435843114991,0.020035349790377917,392.0,11.0
1251,22.0,44.46873515630858,44.46873122030722,473.33252144442315,473.33254419327886,115.39253777534407,115.39257481712005,39.68435843114991,39.6843670046982,0.007531189058554547,392.0,11.0
1252,22.0,45.869530300409856,45.86959569204569,475.4801849558382,475.4808012907748,114.42002948125139,114.42053532864247,39.77576410288516,39.775817326975876,0.0021316091776093175,393.0,11.0
1253,22.0,45.86959569204569,45.86931184833644,475.4808012907748,475.4824047808809,114.42053532864247,114.42176099722583,39.775817326975876,39.775954411324086,0.011090425703471941,393.0,11.0
1254,22.0,45.86931184833644,45.870489319587506,475.4824047808809,475.4829272371094,114.42176099722583,114.42278613956869,39.775954411324086,39.776072376544356,0.01058505695478644,393.0,11.0
1255,22.0,45.870489319587506,45.87057521422556,475.4829272371094,475.48404467165255,114.42278613956869,114.42341933703987,39.776072376544356,39.77617162245743,0.013933141978350053,393.0,11.0
1256,22.0,45.87057521422556,45.86990502757373,475.48404467165255,475.4845410754657,114.42341933703987,114.42342905152648,39.77617162245743,39.77624451173131,0.017943215451256798,393.0,11.0
1257,22.0,45.86990502757373,45.86978992572584,475.4845410754657,475.4842568869467,114.42342905152648,114.42333278605483,39.77624451173131,39.77628076885079,0.01610207681396313,393.0,11.0
1258,22.0,45.86978992572584,45.86977766514845,475.4842568869467,475.48429956613717,114.42333278605483,114.42334637862893,39.77628076885079,39.77628972895568,0.00781199192808598,393.0,11.0
1259,22.0,111.54171651653562,111.54171448779405,462.9026055169691,462.9026108104782,150.5870459089976,150.58704261397878,6.901379759895008,6.901505877683318,0.05596427197553007,527.0,1000180400.0
1260,22.0,87.24200024593748,87.24189244675408,460.7551068231072,460.75514943189603,178.1512708042369,178.1513147244463,15.026718229795303,15.027434797256596,0.39467104959816013,529.0,1000180400.0
1261,22.0,87.24189244675408,87.24189251249952,460.75514943189603,460.7551494815722,178.1513147244463,178.15131468795104,15.027434797256596,15.02744139006568,0.0038688291979174783,529.0,1000180400.0
1262,22.0,84.01567915060158,84.01426210156917,439.5618751821982,439.5615220892564,160.12743391407545,160.1268947573862,15.960948378678204,15.9610372901335,0.004532648309341016,536.0,11.0
1263,22.0,84.01426210156917,84.01130377962488,439.5615220892564,439.56097552597475,160.1268947573862,160.12518148063626,15.9610372901335,15.961237862905998,0.02340233763693604,536.0,11.0
1264,22.0,84.01130377962488,84.00906933987879,439.56097552597475,439.56213370435734,160.12518148063626,160.1249722404669,15.961237862905998,15.961397497056094,0.013657791254790533,536.0,11.0
1265,22.0,84.00906933987879,84.00790102106446,439.56213370435734,439.5637788461032,160.1249722404669,160.12502865869266,15.961397497056094,15.961533651149221,0.006528783209694413,536.0,11.0
1266,22.0,84.00790102106446,84.00772262618074,439.5637788461032,439.5646740240421,160.12502865869266,160.1234930873382,15.961533651149221,15.961658580063839,0.01294007753794263,536.0,11.0
1267,22.0,84.00772262618074,84.00890065102273,439.5646740240421,439.5640591290996,160.1234930873382,160.1236860811161,15.961658580063839,15.961760819214229,0.010931438693309753,536.0,11.0
1268,22.0,84.00890065102273,84.00933855425744,439.5640591290996,439.5634119594048,160.1236860811161,160.12428348444797,15.961760819214229,15.961842860922916,0.010509593903653499,536.0,11.0
1269,22.0,84.00933855425744,84.00979256818906,439.5634119594048,439.5633719823313,160.12428348444797,160.12475019637404,15.961842860922916,15.96190383852741,0.01712826076799711,536.0,11.0
1270,22.0,84.00979256818906,84.00973658039372,439.5633719823313,439.5635770178016,160.12475019637404,160.12474021029942,15.96190383852741,15.961930662185159,0.018885602927651818,536.0,11.0
1271,22.0,86.9442017959824,86.9555703381158,421.3686075224349,421.36115905814825,144.80081716715273,144.77869660393347,16.760442727727774,16.761382574505074,0.04677486609440791,538.0,11.0
1272,22.0,86.9555703381158,86.97724856962841,421.36115905814825,421.35641938400795,144.77869660393347,144.73521156661812,16.761382574505074,16.76316178525386,0.09406514544195632,538.0,11.0
1273,22.0,86.97724856962841,87.01552808665375,421.35641938400795,421.3432131062247,144.73521156661812,144.72932402899744,16.76316178525386,16.764677738054374,0.07481227102062082,538.0,11.0
1274,22.0,87.01552808665375,87.04823624829986,421.3432131062247,421.34296599134194,144.72932402899744,144.71732210894385,16.764677738054374,16.76599027017171,0.08570823442622366,538.0,11.0
1275,22.0,87.04823624829986,87.04712663828217,421.34296599134194,421.33104807083447,144.71732210894385,144.7070558884352,16.76599027017171,16.766599279447927,0.03297730243301262,538.0,11.0
1276,22.0,87.04712663828217,87.04442029772481,421.33104807083447,421.3099615686976,144.7070558884352,144.69840809997592,16.766599279447927,16.7675097204116,0.06627953130559586,538.0,11.0
1277,22.0,87.04442029772481,87.03475907933161,421.3099615686976,421.31597280376144,144.69840809997592,144.68420925437732,16.7675097204116,16.76825615775743,0.04307712612213144,538.0,11.0
1278,22.0,87.03475907933161,87.02789707332144,421.31597280376144,421.3158472324718,144.68420925437732,144.67059087532522,16.76825615775743,16.76889945243539,0.04138248426636971,538.0,11.0
1279,22.0,87.02789707332144,87.03018559088227,421.3158472324718,421.30634556660334,144.67059087532522,144.6627149705274,16.76889945243539,16.76944677410293,0.03337592336639061,538.0,11.0
1280,22.0,87.03018559088227,87.02886070069682,421.30634556660334,421.2964126655858,144.6627149705274,144.65963240000517,16.76944677410293,16.769919216898916,0.030681289508408732,538.0,11.0
1281,22.0,87.02886070069682,87.02140605049752,421.2964126655858,421.29201472305874,144.65963240000517,144.66032032920086,16.769919216898916,16.770325118509092,0.029758931663448993,538.0,11.0
1282,22.0,87.02140605049752,87.01736113469647,421.29201472305874,421.2922226608516,144.66032032920086,144.66607679074028,16.770325118509092,16.77066887914285,0.021316317479696402,538.0,11.0
1283,22.0,87.01736113469647,87.01625743959738,421.2922226608516,421.29305476701956,144.66607679074028,144.6718450157059,16.77066887914285,16.77096976647131,0.022857019150081776,538.0,11.0
1284,22.0,87.01625743959738,87.02073734532739,421.29305476701956,421.29437154698223,144.6718450157059,144.67066141507757,16.77096976647131,16.7712263662087,0.02107350637779129,538.0,11.0
1285,22.0,87.02073734532739,87.02193757411344,421.29437154698223,421.29786276092227,144.67066141507757,144.67179586026236,16.7712263662087,16.771443795519062,0.02576639304178506,538.0,11.0
1286,22.0,87.02193757411344,87.0210761215026,421.29786276092227,421.3001375722168,144.67179586026236,144.6731736328754,16.771443795519062,16.771615499059042,0.011131702974569328,538.0,11.0
1287,22.0,87.0210761215026,87.01891356269317,421.3001375722168,421.30011892956975,144.6731736328754,144.67220770321694,16.771615499059042,16.77176799284759,0.010083743086518812,538.0,11.0
1288,22.0,87.01891356269317,87.01739413415473,421.30011892956975,421.29913097857013,144.67220770321694,144.67136678078657,16.77176799284759,16.771903164543424,0.033710319524212704,538.0,11.0
1289,22.0,87.01739413415473,87.01673731077092,421.29913097857013,421.2992154330601,144.67136678078657,144.6708196845492,16.771903164543424,16.771977617194437,0.016581827872095996,538.0,11.0
1290,22.0,87.01673731077092,87.01700283412501,421.2992154330601,421.2993012438725,144.6708196845492,144.67106811985695,16.771977617194437,16.772018116677664,0.026059124756044192,538.0,11.0
1291,22.0,83.12392836739463,83.12219925771208,416.90366825906983,416.9034829636863,144.53829743128955,144.53816004099303,16.95664842984561,16.956745482046333,0.005808875364078907,540.0,11.0
1292,22.0,83.12219925771208,83.11854455329157,416.9034829636863,416.9025234722559,144.53816004099303,144.5384543836676,16.956745482046333,16.956959894388064,0.012715209532551753,540.0,11.0
1293,22.0,83.11854455329157,83.11589804622388,416.9025234722559,416.9015508923584,144.5384543836676,144.54007699729266,16.956959894388064,16.95715153550657,0.044060137327405734,540.0,11.0
1294,22.0,83.11589804622388,83.11441500660592,416.9015508923584,416.90213853265357,144.54007699729266,144.5400582747829,16.95715153550657,16.95726692489451,0.02032312140014155,540.0,11.0
1295,22.0,83.11441500660592,83.11462588036349,416.90213853265357,416.90277771383705,144.5400582747829,144.53942983181375,16.95726692489451,16.95734519032738,0.013697272995604012,540.0,11.0
1296,22.0,83.11462588036349,83.11458625879138,416.90277771383705,416.9027245307769,144.53942983181375,144.5399274873825,16.95734519032738,16.957395519845743,0.025066213304874872,540.0,11.0
1297,22.0,83.11458625879138,83.11457922801961,416.9027245307769,416.90272104527537,144.5399274873825,144.53995458854064,16.957395519845743,16.957401813410808,0.005811077681739579,540.0,11.0
1298,22.0,82.84442770604602,82.84147363379307,411.10661724235416,411.1021711288364,145.24158664488772,145.24525686916905,17.15165804734581,17.15193607710379,0.01198594317170974,541.0,11.0
1299,22.0,82.84147363379307,82.839919162544,411.1021711288364,411.09266585334206,145.24525686916905,145.25395572413055,17.15193607710379,17.152498685168265,0.07120423566680902,541.0,11.0
1300,22.0,82.839919162544,82.84517404824298,411.09266585334206,411.0915562693299,145.25395572413055,145.2607445100704,17.152498685168265,17.15290360816134,0.022314685378019814,541.0,11.0
1301,22.0,82.84517404824298,82.8418053999248,411.0915562693299,411.08769086341607,145.2607445100704,145.26610046359414,17.15290360816134,17.153261724360934,0.022321842725730182,541.0,11.0
1302,22.0,82.8418053999248,82.84686159252445,411.08769086341607,411.0867149540385,145.26610046359414,145.269617068422,17.153261724360934,17.153574490026976,0.026282414948774424,541.0,11.0
1303,22.0,82.84686159252445,82.85144728533933,411.0867149540385,411.0880232996312,145.269617068422,145.27089772339858,17.153574490026976,17.153835946508984,0.021557862593269226,541.0,11.0
1304,22.0,82.85144728533933,82.8509484790965,411.0880232996312,411.0889145630746,145.27089772339858,145.27471618176256,17.153835946508984,17.154057150537202,0.017034925876737293,541.0,11.0
1305,22.0,82.8509484790965,82.84819226681142,411.0889145630746,411.0905032175859,145.27471618176256,145.27416387371903,17.154057150537202,17.154247748379966,0.01581660289129311,541.0,11.0
1306,22.0,82.84819226681142,82.84664559415967,411.0905032175859,411.0909294193639,145.27416387371903,145.27211679571994,17.154247748379966,17.154410777928348,0.015174688437975379,541.0,11.0
1307,22.0,82.84664559415967,82.84710126096984,411.0909294193639,411.09141553132895,145.27211679571994,145.27019406922233,17.154410777928348,17.154547708369893,0.015644450316454412,541.0,11.0
1308,22.0,82.84710126096984,82.84702027127824,411.09141553132895,411.0921550111563,145.27019406922233,145.27148169361553,17.154547708369893,17.154657544517068,0.021048780467381577,541.0,11.0
1309,22.0,82.84702027127824,82.84751303204762,411.0921550111563,411.09273300496955,145.27148169361553,145.27172285416916,17.154657544517068,17.154728072856326,0.016359680086646237,541.0,11.0
1310,22.0,82.84751303204762,82.84772414838429,411.09273300496955,411.0926762239943,145.27172285416916,145.27147422402217,17.154728072856326,17.154765130530787,0.015696975350260184,541.0,11.0
1311,22.0,82.84772414838429,82.8477072049821,411.0926762239943,411.09271799188554,145.27147422402217,145.27150566513643,17.154765130530787,17.154775232891097,0.008626323962365134,541.0,11.0
1312,22.0,87.41791820958827,87.41792336752947,415.5823418566785,415.5826328621433,143.1937045565118,143.19354885575382,17.375774267789765,17.37580138466436,0.002087983318620366,543.0,11.0
1313,22.0,87.41792336752947,87.41756856309348,415.5826328621433,415.5834529062149,143.19354885575382,143.19317319611034,17.37580138466436,17.375882571380945,0.015259811194072525,543.0,11.0
1314,22.0,87.41756856309348,87.41709974678923,415.5834529062149,415.5832837853588,143.19317319611034,143.19321837341056,17.375882571380945,17.375932781220364,0.01816188631855869,543.0,11.0
1315,22.0,87.41709974678923,87.41713255066296,415.5832837853588,415.5831930805674,143.19321837341056,143.19326269820084,17.375932781220364,17.375948983626873,0.012657530545055834,543.0,11.0
1316,22.0,88.47027716549937,88.47029647809573,414.4098556002772,414.40985967239055,143.84998169334744,143.84997987262858,17.432704220498497,17.432707690069194,0.0023020522059859503,546.0,11.0
1317,22.0,88.47029647809573,88.47033501156244,414.40985967239055,414.40986232982584,143.84997987262858,143.8499930066332,17.432707690069194,17.432715861815907,0.007236428305649572,546.0,11.0
1318,22.0,88.46109343076311,88.46075652671489,414.32652139702,414.32602682476136,143.89093109840104,143.89086503157978,17.43582900914493,17.435886513203826,0.015767669123975103,548.0,11.0
1319,22.0,88.46075652671489,88.46057611697015,414.32602682476136,414.3259382921122,143.89086503157978,143.89081707434374,17.435886513203826,17.435912768066554,0.018569240769418734,548.0,11.0
1320,22.0,91.1088140958427,91.10892364921509,415.75045205371424,415.75047269795795,143.04488083102078,143.04479184951742,17.54160567291591,17.541625730971774,0.015012884592349215,550.0,11.0
1321,22.0,90.31322374860135,90.31340860565996,416.6274257222799,416.62755073894294,143.69062730401092,143.69012701403395,17.586620291321076,17.58665940769944,0.0016384169333215003,551.0,11.0
1322,22.0,90.31340860565996,90.31302705423074,416.62755073894294,416.62822951653595,143.69012701403395,143.68871893272478,17.58665940769944,17.58677549227456,0.013267995458949456,551.0,11.0
1323,22.0,90.31302705423074,90.31234522892625,416.62822951653595,416.6277944621605,143.68871893272478,143.68788340540806,17.58677549227456,17.586867879787814,0.024368313529513654,551.0,11.0
1324,22.0,90.31234522892625,90.31223289762764,416.6277944621605,416.6278848159609,143.68788340540806,143.68749458161034,17.586867879787814,17.586911608520055,0.01736219132994274,551.0,11.0
1325,22.0,90.31223289762764,90.3121683887522,416.6278848159609,416.62792128250896,143.68749458161034,143.68750156218502,17.586911608520055,17.586924161550996,0.0102974897994073,551.0,11.0
1326,22.0,90.31290891476127,90.31291491794317,416.62714119897225,416.6271437613333,143.69047262195096,143.69047134113944,17.586636215555956,17.58663852138024,0.002382225379260382,554.0,11.0
1327,22.0,86.88015505534734,86.8803537567535,421.289524980061,421.2895985745404,144.6411032133289,144.6405817379908,16.772762176881663,16.7728169146717,0.02017180151073372,558.0,11.0
1328,22.0,86.8803537567535,86.88029549173532,421.2895985745404,421.2895475810665,144.6405817379908,144.64050545490727,16.7728169146717,16.772833395878852,0.012832180218744094,558.0,11.0
1329,22.0,86.88012963103992,86.88013372835982,421.28947181809633,421.289469774425,144.64127453448708,144.64128049778915,16.772745674097607,16.77274818158975,0.0025750622030490957,559.0,11.0
1330,22.0,86.54853798021907,86.54850795080073,461.62185521917047,461.62211819653277,178.1871975894731,178.18719813102433,15.063771544216978,15.063802997277989,0.017143559594842633,563.0,11.0
1331,22.0,86.54850795080073,86.54851260856579,461.62211819653277,461.6221026209096,178.18719813102433,178.18720277221078,15.063802997277989,15.063807390906494,0.00426211525443532,563.0,11.0
1332,22.0,78.77971347118785,78.77153020940074,469.3083066863816,469.30805706098755,178.89555753384633,178.89994725608332,15.42907035012115,15.429449586365907,0.019944744999489332,565.0,11.0
1333,22.0,78.77153020940074,78.75769071164342,469.30805706098755,469.31092223690223,178.89994725608332,178.91009938253643,15.429449586365907,15.430168350318635,0.23199501660330485,565.0,11.0
1334,22.0,78.75769071164342,78.7550108757994,469.31092223690223,469.3125224313112,178.91009938253643,178.91238075871715,15.430168350318635,15.43038594567175,0.016232931273061257,565.0,11.0
1335,22.0,78.7550108757994,78.75394811608946,469.3125224313112,469.31191963648143,178.91238075871715,178.9153174526901,15.43038594567175,15.43057446846606,0.01719648076637397,565.0,11.0
1336,22.0,78.75394811608946,78.75283132917536,469.31191963648143,469.31068194944527,178.9153174526901,178.91718464766217,15.43057446846606,15.43073309184946,0.020955326842440766,565.0,11.0
1337,22.0,78.75283132917536,78.7512841176277,469.31068194944527,469.30994260469197,178.91718464766217,178.91689600942613,15.43073309184946,15.430855678790957,0.01957827904867641,565.0,11.0
1338,22.0,78.7512841176277,78.75084011537747,469.30994260469197,469.30918091197225,178.91689600942613,178.91627413591323,15.430855678790957,15.430943295626061,0.016082954196559217,565.0,11.0
1339,22.0,78.75084011537747,78.7506153434076,469.30918091197225,469.30955912167684,178.91627413591323,178.91664249640746,15.430943295626061,15.430998810463924,0.022656958791204513,565.0,11.0
1340,22.0,78.7506153434076,78.75057281616228,469.30955912167684,469.3095879203418,178.91664249640746,178.91658146373257,15.430998810463924,15.431012003008941,0.010721385180354693,565.0,11.0
1341,22.0,77.68693698704658,77.68481399586099,484.90674651193666,484.9078883613749,173.47712844890748,173.47779282301155,15.98108099397006,15.981202506925225,0.006970097045800511,566.0,11.0
1342,22.0,77.68481399586099,77.6792841047336,484.9078883613749,484.9038848453191,173.47779282301155,173.47806711942886,15.981202506925225,15.981538358315445,0.021710663784209005,566.0,11.0
1343,22.0,77.6792841047336,77.6771629617514,484.9038848453191,484.9085118446007,173.47806711942886,173.4754635642404,15.981538358315445,15.98183082829056,0.034808684889975516,566.0,11.0
1344,22.0,77.6771629617514,77.67575979173581,484.9085118446007,484.90590850395273,173.4754635642404,173.47265950068754,15.98183082829056,15.982057125813844,0.014483327588949407,566.0,11.0
1345,22.0,77.67575979173581,77.67348708056977,484.90590850395273,484.9034967276754,173.47265950068754,173.47361913096705,15.982057125813844,15.982257188126903,0.021735306060904496,566.0,11.0
1346,22.0,77.67348708056977,77.6719090232838,484.9034967276754,484.9017453813218,173.47361913096705,173.47257512371365,15.982257188126903,15.982419203087826,0.012651030478682346,566.0,11.0
1347,22.0,77.6719090232838,77.67323750050313,484.9017453813218,484.9005615427027,173.47257512371365,173.47145036412516,15.982419203087826,15.982559454621333,0.014132943126980515,566.0,11.0
1348,22.0,77.67323750050313,77.67277161291983,484.9005615427027,484.9020051216879,173.47145036412516,173.47197482512928,15.982559454621333,15.982675334572079,0.027090183296591682,566.0,11.0
1349,22.0,77.67277161291983,77.67330586009768,484.9020051216879,484.9022314540374,173.47197482512928,173.4723941110643,15.982675334572079,15.982740584135474,0.013139120893575947,566.0,11.0
1350,22.0,77.67330586009768,77.6735241898129,484.9022314540374,484.9022726870089,173.4723941110643,173.47265956001482,15.982740584135474,15.982778874950597,0.018166366416352376,566.0,11.0
1351,22.0,77.6735241898129,77.67349590969428,484.9022726870089,484.90228776852217,173.47265956001482,173.47267717768983,15.982778874950597,15.982786436585272,0.006783038546940973,566.0,11.0
1352,22.0,89.28080152658697,89.28108953703611,496.6938347647758,496.6954656912855,147.0207447601361,147.01739312227699,17.021722592410605,17.02190061571781,0.011874565394902207,568.0,11.0
1353,22.0,89.28108953703611,89.2820063824215,496.6954656912855,496.69856205285413,147.01739312227699,147.01086447902495,17.02190061571781,17.02225374405501,0.055706504150908914,568.0,11.0
1354,22.0,89.2820063824215,89.28525921791677,496.69856205285413,496.6954922126013,147.01086447902495,147.0104333124978,17.02225374405501,17.02249721391539,0.011995655964286528,568.0,11.0
1355,22.0,89.28525921791677,89.28855152389033,496.6954922126013,496.69390752591954,147.0104333124978,147.01194578915914,17.02249721391539,17.022718493255198,0.0268377414160655,568.0,11.0
1356,22.0,89.28855152389033,89.28859603440513,496.69390752591954,496.691503847072,147.01194578915914,147.01345094607507,17.022718493255198,17.022892000379905,0.013245993604787988,568.0,11.0
1357,22.0,89.28859603440513,89.28852871247175,496.691503847072,496.69293168595203,147.01345094607507,147.01528878245227,17.022892000379905,17.02304264432448,0.014492276788501176,568.0,11.0
1358,22.0,89.28852871247175,89.28774403938114,496.69293168595203,496.69455416394976,147.01528878245227,147.0152376201601,17.02304264432448,17.023168388580515,0.015223769656746036,568.0,11.0
1359,22.0,89.28774403938114,89.28870604100082,496.69455416394976,496.694987981125,147.0152376201601,147.01450905896976,17.023168388580515,17.023267369770963,0.011243329156861869,568.0,11.0
1360,22.0,89.28870604100082,89.28790341552181,496.694987981125,496.6946825503959,147.01450905896976,147.01419250099255,17.023267369770963,17.02334529470062,0.01610967169300636,568.0,11.0
1361,22.0,89.28790341552181,89.28794707758695,496.6946825503959,496.6942784029592,147.01419250099255,147.01404824543323,17.02334529470062,17.023390307953598,0.01623771158763003,568.0,11.0
1362,22.0,89.28794707758695,89.2880202064267,496.6942784029592,496.6942167329245,147.01404824543323,147.01402910840312,17.023390307953598,17.023405554058623,0.012053133186586865,568.0,11.0
1363,22.0,93.51358703330628,93.51352048266885,491.73652565778565,491.73625376722805,148.17615145987136,148.1765658170779,17.242546939592664,17.24258327902279,0.006233654609801534,570.0,11.0
1364,22.0,93.51352048266885,93.51407359875,491.73625376722805,491.73586544692637,148.1765658170779,148.1777446559028,17.24258327902279,17.242686374442062,0.015124471727912741,570.0,11.0
1365,22.0,93.51407359875,93.51476738199973,491.73586544692637,491.73536704101735,148.1777446559028,148.17761295602872,17.242686374442062,17.242761160753652,0.013536580517438768,570.0,11.0
1366,22.0,93.51476738199973,93.51464924700954,491.73536704101735,491.7349763404777,148.17761295602872,148.17782003749073,17.242761160753652,17.242808180753443,0.013586616887144257,570.0,11.0
1367,22.0,93.51464924700954,93.5146449391971,491.7349763404777,491.73491406462443,148.17782003749073,148.1779607395242,17.242808180753443,17.242829377254676,0.015685671330093683,570.0,11.0
1368,22.0,97.1383939270007,97.13876582789925,494.00825241974945,494.0083507060576,142.57908223091445,142.57879334151664,17.477542279284766,17.47759105359128,0.016083717200594382,573.0,11.0
1369,22.0,97.13876582789925,97.13878322120884,494.0083507060576,494.0082743457504,142.57879334151664,142.5788933186168,17.47759105359128,17.477609494895876,0.014040633836182332,573.0,11.0
1370,22.0,90.40540924830748,90.40541074996507,496.44742755150054,496.4474316571908,142.29926447883406,142.29926796560432,17.716577438907184,17.716579487601106,0.002131189195965968,575.0,11.0
1371,22.0,85.7186726605768,85.71865384567201,496.4289630169793,496.4289522127527,141.07300143573872,141.07301485983652,17.878175075791976,17.87818093864156,0.005470176150629044,576.0,11.0
1372,22.0,83.01267577855933,83.01264615910343,496.30112601235805,496.3011025912201,138.75965706387586,138.75963035604462,17.997002822622992,17.99701175690519,0.007793317280828552,578.0,11.0
1373,22.0,80.3673744269653,80.3674039696238,501.39720626725773,501.3972059880113,135.15346498311544,135.15339001023384,18.223165800273772,18.223175238958213,0.0015238468549311206,579.0,11.0
1374,22.0,80.3674039696238,80.36749479060951,501.3972059880113,501.39712163075563,135.15339001023384,135.15317693205785,18.223175238958213,18.22320509988969,0.020549883401359048,579.0,11.0
1375,22.0,79.45376534137668,79.45325558674884,501.0091274010994,501.00879892545606,138.4621914885894,138.46252931661292,18.338392560303635,18.338440180942314,0.003571517467576865,580.0,11.0
1376,22.0,79.45325558674884,79.45184474209303,501.00879892545606,501.0078709947823,138.46252931661292,138.46309224170733,18.338440180942314,18.338564796499778,0.015440270852509869,580.0,11.0
1377,22.0,79.45184474209303,79.45118295801609,501.0078709947823,501.00705755756354,138.46309224170733,138.46377888658685,18.338564796499778,18.338662201184505,0.047606343711348906,580.0,11.0
1378,22.0,79.45118295801609,79.45121169641205,501.00705755756354,501.0070303542781,138.46377888658685,138.46378559212906,18.338662201184505,18.338670278627106,0.0071668136335659785,580.0,11.0
1379,22.0,79.45376402841545,79.45375916776962,501.0091270985734,501.009122959654,138.46218968621002,138.46218593106684,18.338393314366446,18.338395796247095,0.00255074,581.0,11.0
1380,22.0,87.96952395612682,87.97323438223954,453.4381033757756,453.44479766159566,199.47647704072193,199.48940838262337,15.77914911223451,15.77972441835385,0.028676834960164245,586.0,11.0
1381,22.0,87.97323438223954,87.98547506815575,453.44479766159566,453.4575881086463,199.48940838262337,199.51120227824129,15.77972441835385,15.780809362499348,0.08739364029263759,586.0,11.0
1382,22.0,87.98547506815575,87.98794471283733,453.4575881086463,453.47802081775734,199.51120227824129,199.50480323297873,15.780809362499348,15.78167185659509,0.04939380986739723,586.0,11.0
1383,22.0,87.98794471283733,87.98406464028692,453.47802081775734,453.4949257267058,199.50480323297873,199.50975963306013,15.78167185659509,15.782412835595482,0.038938116800535084,586.0,11.0
1384,22.0,87.98406464028692,87.9710974691289,453.4949257267058,453.5026746601291,199.50975963306013,199.50688881119365,15.782412835595482,15.78306058811117,0.040139450200190156,586.0,11.0
1385,22.0,87.9710974691289,87.9678486764444,453.5026746601291,453.50526103461686,199.50688881119365,199.51894484449355,15.78306058811117,15.783615059818166,0.02871745796668398,586.0,11.0
1386,22.0,87.9678486764444,87.97253075099732,453.50526103461686,453.4954939681873,199.51894484449355,199.52060256928274,15.783615059818166,15.784104762199611,0.04055912777619808,586.0,11.0
1387,22.0,87.97253075099732,87.97429594701222,453.4954939681873,453.4956922594767,199.52060256928274,199.52898014030103,15.784104762199611,15.78450622605722,0.020826881691716075,586.0,11.0
1388,22.0,87.97429594701222,87.9799659994485,453.4956922594767,453.499618956752,199.52898014030103,199.52627919931518,15.78450622605722,15.784864054992417,0.027262129781865183,586.0,11.0
1389,22.0,87.9799659994485,87.98436344606695,453.499618956752,453.4975454398842,199.52627919931518,199.52280254055276,15.784864054992417,15.785166722170954,0.021733050237072945,586.0,11.0
1390,22.0,87.98436344606695,87.98591526611965,453.4975454398842,453.4998126702086,199.52280254055276,199.5268749652458,15.785166722170954,15.78542716870122,0.017105837028623252,586.0,11.0
1391,22.0,87.98591526611965,87.98380961596094,453.4998126702086,453.4982316773018,199.5268749652458,199.53005188755276,15.78542716870122,15.785655569658209,0.012567133710025174,586.0,11.0
1392,22.0,87.98380961596094,87.98158757483107,453.4982316773018,453.4980017665148,199.53005188755276,199.532848345196,15.785655569658209,15.785861109563085,0.015789356113578363,586.0,11.0
1393,22.0,87.98158757483107,87.98322902490528,453.4980017665148,453.49817150176204,199.532848345196,199.5352693188808,15.785861109563085,15.786038726401326,0.014633627234631208,586.0,11.0
1394,22.0,87.98322902490528,87.98491727627103,453.49817150176204,453.49651654264574,199.5352693188808,199.53532466246787,15.786038726401326,15.786191046936931,0.0277759883386724,586.0,11.0
1395,22.0,87.98491727627103,87.98439858689777,453.49651654264574,453.497593338756,199.53532466246787,199.53601409937065,15.786191046936931,15.786295258321465,0.018478159063912217,586.0,11.0
1396,22.0,87.98439858689777,87.98470434617431,453.497593338756,453.49737910217993,199.53601409937065,199.53533162117031,15.786295258321465,15.786364566766723,0.015194637097083914,586.0,11.0
1397,22.0,87.98470434617431,87.98447461528528,453.49737910217993,453.49741535458924,199.53533162117031,199.5350773212926,15.786364566766723,15.786402731376322,0.016987234920575897,586.0,11.0
1398,22.0,87.98447461528528,87.98443316512511,453.49741535458924,453.49740255157695,199.5350773212926,199.53509620048163,15.786402731376322,15.786411811064752,0.00789831898515627,586.0,11.0
1399,22.0,87.9695229833483,87.96952009393303,453.4381053663422,453.4381112788631,199.47647876957544,199.4764839047379,15.779150003575447,15.779152697725207,0.002750981282966784,587.0,11.0
1400,22.0,86.82966808361215,86.83349496248657,449.1219481923955,449.0993643986458,204.68947838354646,204.70250642358735,16.00808163792213,16.009034714599014,0.044461637400950556,590.0,11.0
1401,22.0,86.83349496248657,86.84156850398753,449.0993643986458,449.05689716003036,204.70250642358735,204.72680945824797,16.009034714599014,16.010839581392805,0.11145890075049227,590.0,11.0
1402,22.0,86.84156850398753,86.85986366368509,449.05689716003036,449.02682727213295,204.72680945824797,204.74629143013442,16.010839581392805,16.012332510383594,0.10021246534122184,590.0,11.0
1403,22.0,86.85986366368509,86.87814925353595,449.02682727213295,449.0055561655912,204.74629143013442,204.7620380258666,16.012332510383594,16.01355521207816,0.09992036194249485,590.0,11.0
1404,22.0,86.87814925353595,86.88206468094788,449.0055561655912,448.9813708990765,204.7620380258666,204.76378699876227,16.01355521207816,16.014520711291677,0.05755407919150597,590.0,11.0
1405,22.0,86.88206468094788,86.87045393686606,448.9813708990765,448.97364064825314,204.76378699876227,204.77860716304937,16.014520711291677,16.015341838849764,0.08248784827937516,590.0,11.0
1406,22.0,86.87045393686606,86.87308899077776,448.97364064825314,448.96640010446964,204.77860716304937,204.7910746582972,16.015341838849764,16.01596415616685,0.031913724155655764,590.0,11.0
1407,22.0,86.87308899077776,86.87852854725536,448.96640010446964,448.96083629464056,204.7910746582972,204.80096735926395,16.01596415616685,16.016512707972176,0.03247956103508553,590.0,11.0
1408,22.0,86.87852854725536,86.88293843175744,448.96083629464056,448.9581936445864,204.80096735926395,204.7917306928891,16.016512707972176,16.016988321292338,0.03365284810270055,590.0,11.0
1409,22.0,86.88293843175744,86.88907524380969,448.9581936445864,448.9574207039001,204.7917306928891,204.79769879414795,16.016988321292338,16.017390955806565,0.02028372028035726,590.0,11.0
1410,22.0,86.88907524380969,86.89214016014081,448.9574207039001,448.9574791898518,204.79769879414795,204.80450691467536,16.017390955806565,16.017751046205653,0.05731387994626039,590.0,11.0
1411,22.0,86.89214016014081,86.89636623328917,448.9574791898518,448.958615321272,204.80450691467536,204.8031735781811,16.017751046205653,16.017997828145234,0.018361879326762434,590.0,11.0
1412,22.0,86.89636623328917,86.89840979974306,448.958615321272,448.9593859740182,204.8031735781811,204.80012012288134,16.017997828145234,16.01821073758117,0.02023538180794892,590.0,11.0
1413,22.0,86.89840979974306,86.89873781645854,448.9593859740182,448.9572797938157,204.80012012288134,204.802109384881,16.01821073758117,16.01838772800019,0.01700064214373411,590.0,11.0
1414,22.0,86.89873781645854,86.90071012749891,448.9572797938157,448.95694449822696,204.802109384881,204.80105160300758,16.01838772800019,16.018535358890546,0.01906359725931571,590.0,11.0
1415,22.0,86.90071012749891,86.9018903654009,448.95694449822696,448.95610404862066,204.80105160300758,204.8004135286948,16.018535358890546,16.01865013071978,0.01314247856141437,590.0,11.0
1416,22.0,86.9018903654009,86.90165449610672,448.95610404862066,448.9550911743584,204.8004135286948,204.80088612526023,16.01865013071978,16.018741361947015,0.017276803624098794,590.0,11.0
1417,22.0,86.90165449610672,86.9020444388053,448.9550911743584,448.95465570127607,204.80088612526023,204.80077098815735,16.018741361947015,16.01879842621004,0.01553060562221938,590.0,11.0
1418,22.0,86.9020444388053,86.90213993460398,448.95465570127607,448.95459717870654,204.80077098815735,204.8009451790793,16.01879842621004,16.018824726058714,0.018594315792550536,590.0,11.0
1419,22.0,84.82744470792692,84.83106901574067,450.1265476146392,450.13168495608005,210.62725755165656,210.63329233407256,16.219770936639033,16.22013037331206,0.017184668074398845,591.0,11.0
1420,22.0,84.83106901574067,84.8376473777221,450.13168495608005,450.14293782773495,210.63329233407256,210.6432229725192,16.22013037331206,16.22081363879835,0.040984120175419754,591.0,11.0
1421,22.0,84.8376473777221,84.8316915175728,450.14293782773495,450.1524366657412,210.6432229725192,210.6510251553072,16.22081363879835,16.221400555877704,0.06317962241249395,591.0,11.0
1422,22.0,84.8316915175728,84.83272891918287,450.1524366657412,450.16208358193717,210.6510251553072,210.65023740440543,16.221400555877704,16.221845474511444,0.03447017414269646,591.0,11.0
1423,22.0,84.83272891918287,84.83061686558884,450.16208358193717,450.16788375737514,210.65023740440543,210.65494971034332,16.221845474511444,16.22221692309143,0.02865195998244795,591.0,11.0
1424,22.0,84.83061686558884,84.82969877554841,450.16788375737514,450.1740522897032,210.65494971034332,210.65472395904362,16.22221692309143,16.222529877953843,0.021535745404256255,591.0,11.0
1425,22.0,84.82969877554841,84.8253821839372,450.1740522897032,450.17631481533016,210.65472395904362,210.65300155655603,16.222529877953843,16.22280060659338,0.017753558154734384,591.0,11.0
1426,22.0,84.8253821839372,84.82552112049564,450.17631481533016,450.1731659502615,210.65300155655603,210.65002002197838,16.22280060659338,16.223037749982563,0.017409178055153764,591.0,11.0
1427,22.0,84.82552112049564,84.82780608549882,450.1731659502615,450.17180218830816,210.65002002197838,210.64763388614824,16.223037749982563,16.223243077375013,0.010298824172339195,591.0,11.0
1428,22.0,84.82780608549882,84.83075880626038,450.17180218830816,450.1727917068376,210.64763388614824,210.64808083637854,16.223243077375013,16.223430101199707,0.016293294478584366,591.0,11.0
1429,22.0,84.83075880626038,84.83316912477392,450.1727917068376,450.1729017771776,210.64808083637854,210.6487543727752,16.223430101199707,16.223588814094537,0.010676255498575014,591.0,11.0
1430,22.0,84.83316912477392,84.8351244087968,450.1729017771776,450.17279607594844,210.6487543727752,210.64797581830354,16.223588814094537,16.223729166809925,0.013038447831099836,591.0,11.0
1431,22.0,84.8351244087968,84.83587660170515,450.17279607594844,450.17350318347036,210.64797581830354,210.64669535383115,16.223729166809925,16.2238470566458,0.016520302414709094,591.0,11.0
1432,22.0,84.83587660170515,84.83692051278962,450.17350318347036,450.17370832934375,210.64669535383115,210.64645661582335,16.2238470566458,16.223935330177948,0.02126644760529124,591.0,11.0
1433,22.0,84.83692051278962,84.83668508993831,450.17370832934375,450.17403461933793,210.64645661582335,210.64662999232314,16.223935330177948,16.223980862906522,0.02854540837815301,591.0,11.0
1434,22.0,77.14744885557087,77.14669464616942,445.6628456564848,445.66279106924105,212.9148063840183,212.91474509898006,16.525741866744042,16.52579179500262,0.004109965232563756,592.0,11.0
1435,22.0,77.14669464616942,77.14489847992489,445.66279106924105,445.66217340475225,212.91474509898006,212.91398544729032,16.52579179500262,16.525929237160206,0.0139826987172095,592.0,11.0
1436,22.0,77.14489847992489,77.14568514523293,445.66217340475225,445.66130966019443,212.91398544729032,212.91296083211813,16.525929237160206,16.526042517253764,0.013119522317993727,592.0,11.0
1437,22.0,77.14568514523293,77.14672121057784,445.66130966019443,445.6609204044465,212.91296083211813,212.9130973720274,16.526042517253764,16.52613220944269,0.012080002328953855,592.0,11.0
1438,22.0,77.14672121057784,77.14735245882667,445.6609204044465,445.66128267941957,212.9130973720274,212.91306936891797,16.52613220944269,16.52619828541723,0.02832550820946297,592.0,11.0
1439,22.0,77.14735245882667,77.14735159837616,445.66128267941957,445.66121524598094,212.91306936891797,212.91309683073487,16.52619828541723,16.526210642521665,0.0101667141995208,592.0,11.0
1440,22.0,75.75264830962978,75.75265102206882,439.99767031037516,439.99766292519314,213.93706672374438,213.93717159758936,16.72331967291409,16.723331054951082,0.0014242141338098794,594.0,11.0
1441,22.0,75.75265102206882,75.75257304881629,439.99766292519314,439.9976722877767,213.93717159758936,213.93750314403619,16.723331054951082,16.723368902348852,0.0197181047141586,594.0,11.0
1442,22.0,75.75257304881629,75.75256685090271,439.9976722877767,439.99765390518985,213.93750314403619,213.93749270016005,16.723368902348852,16.723374190741705,0.005006737284426122,594.0,11.0
1443,22.0,72.11731693264474,72.1172284890322,434.5582239751087,434.55819826958776,212.61651463837998,212.61667369274227,16.94595992658127,16.945984038891833,0.017364247041713875,597.0,11.0
1444,22.0,65.77116672472305,65.77123777422057,423.1254226951002,423.1244551212264,200.53644692375963,200.5361461022466,17.53976149137679,17.53982546842421,0.002388248642342085,600.0,11.0
1445,22.0,65.77123777422057,65.77155998924795,423.1244551212264,423.1220943231595,200.5361461022466,200.53550937549645,17.53982546842421,17.539982422838655,0.0148735107144224,600.0,11.0
1446,22.0,65.77155998924795,65.77037861635506,423.1220943231595,423.12070356809517,200.53550937549645,200.53610411005795,17.539982422838655,17.540113819102384,0.013974364006631018,600.0,11.0
1447,22.0,65.77037861635506,65.77120670944404,423.12070356809517,423.1214736265932,200.53610411005795,200.53522163346784,17.540113819102384,17.540220909629245,0.0601780982082601,600.0,11.0
1448,22.0,60.22239449406228,60.22204954883265,429.89095855797166,429.8909242249341,194.9409418775403,194.94048623215127,17.88644094332213,17.886482006745272,0.0032644057459411597,602.0,11.0
1449,22.0,60.22204954883265,60.221026503917415,429.8909242249341,429.89023935180614,194.94048623215127,194.93957983635465,17.886482006745272,17.886593997366486,0.011804205783582256,602.0,11.0
1450,22.0,60.221026503917415,60.22082309591493,429.89023935180614,429.89131070682106,194.93957983635465,194.93926820070817,17.886593997366486,17.88668476677762,0.05115232359778275,602.0,11.0
1451,22.0,60.222394907604254,60.22239635511043,429.8909568173138,429.8909509161097,194.94094366289238,194.94094784310656,17.88644176958614,17.886444244253795,0.0025438813989594094,603.0,11.0
1452,22.0,61.50635815845813,61.506447423723145,428.378409395727,428.378211223996,195.30301409978614,195.30302346948878,17.953713998821428,17.95373394595742,0.0014713671676185533,606.0,11.0
1453,22.0,61.506447423723145,61.506709207060894,428.378211223996,428.37761695322513,195.30302346948878,195.30311300604598,17.95373394595742,17.953795140405763,0.010147841509897473,606.0,11.0
1454,22.0,61.506709207060894,61.5066193308102,428.37761695322513,428.37782732705074,195.30311300604598,195.30282042691704,17.953795140405763,17.953835463358793,0.015442166822007015,606.0,11.0
1455,22.0,61.5066193308102,61.50665275498956,428.37782732705074,428.3778902515496,195.30282042691704,195.30279038997773,17.953835463358793,17.95384836448004,0.010528765012518836,606.0,11.0
1456,22.0,61.20795498259999,61.207915005320125,428.81792011690857,428.8179344986903,195.42855756002578,195.42850785261984,17.97192558500148,17.971937025281644,0.009548588072778537,609.0,11.0
1457,22.0,61.262075079313284,61.26214437544088,428.8510931673236,428.85111018916314,195.44362984606596,195.44356549064466,17.974099735473093,17.974114816227505,0.011947783287204163,612.0,11.0
1458,22.0,60.44056523391917,60.440528000384475,428.10309849456024,428.1030571078486,195.9823939451714,195.98242288191767,18.015286887702487,18.01529799428717,0.009320926683346406,614.0,11.0
1459,22.0,60.79476046363199,60.794414345426716,428.19432631250555,428.19370147606276,195.03556818515153,195.03504018560284,18.04916154062192,18.049237808917844,0.017474035912414133,616.0,11.0
1460,22.0,60.794414345426716,60.79468809204228,428.19370147606276,428.1939482896697,195.03504018560284,195.0349754410309,18.049237808917844,18.04927835739322,0.011967466427581699,616.0,11.0
1461,22.0,60.79468809204228,60.79467332566112,428.1939482896697,428.19401162595943,195.0349754410309,195.0350859026351,18.04927835739322,18.04929692296153,0.014116119995305772,616.0,11.0
1462,22.0,60.79491144216024,60.794919088067594,428.1945017860774,428.1944988239337,195.03574066613996,195.03573705477538,18.04913777949772,18.049140608088553,0.0028764034457252315,617.0,11.0
1463,22.0,61.204931002344416,61.204931063576,428.8115502815964,428.81154480307305,195.44518887927333,195.44519101261542,17.972525026694314,17.972527146456027,0.0022012122084323128,619.0,11.0
1464,22.0,85.71696634402981,85.7164752900474,460.2059864445856,460.20458044821345,178.56349530431257,178.56292681758845,15.08250617035472,15.082595793598566,0.00355682805116623,621.0,11.0
1465,22.0,85.7164752900474,85.71593470350567,460.20458044821345,460.2009125963021,178.56292681758845,178.5625354991431,15.082595793598566,15.082807608168176,0.010547951529332583,621.0,11.0
1466,22.0,85.71593470350567,85.71309318696076,460.2009125963021,460.1995687796607,178.5625354991431,178.56348425369222,15.082807608168176,15.08300054647116,0.028458837847377065,621.0,11.0
1467,22.0,85.71309318696076,85.71163961950808,460.1995687796607,460.1997439805088,178.56348425369222,178.56187536926734,15.08300054647116,15.083144095071948,0.01708953135479137,621.0,11.0
1468,22.0,85.71163961950808,85.71057964181779,460.1997439805088,460.1994400178196,178.56187536926734,178.56075866030764,15.083144095071948,15.083258164399256,0.012395193687821222,621.0,11.0
1469,22.0,85.71057964181779,85.7096477281604,460.1994400178196,460.2001198188922,178.56075866030764,178.5607405996048,15.083258164399256,15.08335003427915,0.011882545819607107,621.0,11.0
1470,22.0,85.7096477281604,85.70928322342526,460.2001198188922,460.200743630615,178.5607405996048,178.56047100796292,15.08335003427915,15.083418905524223,0.014436417434509748,621.0,11.0
1471,22.0,85.70928322342526,85.70907458824388,460.200743630615,460.20045292921196,178.56047100796292,178.56046331077678,15.083418905524223,15.08345814613371,0.014201961508180537,621.0,11.0
1472,22.0,85.70907458824388,85.7090131795422,460.20045292921196,460.20039681195357,178.56046331077678,178.56044023714762,15.08345814613371,15.083472108943962,0.011226389148706406,621.0,11.0
1473,22.0,82.30166484395986,82.29988475849305,461.05131738121537,461.05138806078867,181.96683966661456,181.96652856355547,15.245787827594672,15.245880717902002,0.0062533299468031794,624.0,11.0
1474,22.0,82.29988475849305,82.29890007893854,461.05138806078867,461.05217523822296,181.96652856355547,181.9613700471811,15.245880717902002,15.246157080560941,0.04336666265220908,624.0,11.0
1475,22.0,82.29890007893854,82.29979479160261,461.05217523822296,461.0551885002752,181.9613700471811,181.96020497596422,15.246157080560941,15.246352972130916,0.032945907447614595,624.0,11.0
1476,22.0,82.29979479160261,82.29848538661847,461.0551885002752,461.05667267878437,181.96020497596422,181.96081911891466,15.246352972130916,15.246491676359017,0.05095938662172483,624.0,11.0
1477,22.0,82.29848538661847,82.29833942272,461.05667267878437,461.0570523484841,181.96081911891466,181.96086397935923,15.246491676359017,15.246534980797446,0.017344484321557215,624.0,11.0
1478,22.0,82.29833942272,82.29831607022984,461.0570523484841,461.0570082341766,181.96086397935923,181.96091597055528,15.246534980797446,15.246547247344449,0.010106118773581484,624.0,11.0
1479,22.0,82.30166491867145,82.30166512130481,461.0513148476125,461.0513079759564,181.96683993859492,181.96684067626205,15.245788660961777,15.245791028612715,0.0024416841216697753,625.0,11.0
1480,22.0,83.76276514847918,83.76318380814848,462.6284553840725,462.6282096906756,184.94760951750573,184.94964676293642,15.368379631707189,15.368490787287211,0.0054034181613963235,628.0,11.0
1481,22.0,83.76318380814848,83.76384635613115,462.6282096906756,462.62701857845286,184.94964676293642,184.9540787608284,15.368490787287211,15.368740092245721,0.01578239250529977,628.0,11.0
1482,22.0,83.76384635613115,83.76491501073588,462.62701857845286,462.6307949620822,184.9540787608284,184.9540615832795,15.368740092245721,15.368960131588302,0.021008688176365087,628.0,11.0
1483,22.0,83.76491501073588,83.76747388700373,462.6307949620822,462.63167053501036,184.9540615832795,184.95545297585957,15.368960131588302,15.36914261951222,0.010287831262710543,628.0,11.0
1484,22.0,83.76747388700373,83.7677466838555,462.63167053501036,462.63419887527596,184.95545297585957,184.9547584039843,15.36914261951222,15.369307232388486,0.03618792683369002,628.0,11.0
1485,22.0,83.7677466838555,83.76836015012603,462.63419887527596,462.6352193363089,184.9547584039843,184.9541503289135,15.369307232388486,15.369409158806066,0.01354847316644202,628.0,11.0
1486,22.0,83.76836015012603,83.76867722468013,462.6352193363089,462.6360236961209,184.9541503289135,184.95437706818808,15.369409158806066,15.369485770714283,0.014259136206833114,628.0,11.0
1487,22.0,83.76867722468013,83.7685391657107,462.6360236961209,462.63646279682945,184.95437706818808,184.95442851043558,15.369485770714283,15.369533202873681,0.02158809548649936,628.0,11.0
1488,22.0,83.7685391657107,83.76851664359974,462.63646279682945,462.6364223838249,184.95442851043558,184.9544192942222,15.369533202873681,15.369542263671038,0.007884698397200633,628.0,11.0
1489,22.0,80.50048671915262,80.50044048734269,457.58733091068746,457.58721449282746,166.0602226428788,166.06011184354128,16.030348478573,16.030364956201385,0.001542149837268573,629.0,11.0
1490,22.0,80.50044048734269,80.50030827965153,457.58721449282746,457.58689416767777,166.06011184354128,166.0597623359854,16.030364956201385,16.030414556301107,0.03052439450753352,629.0,11.0
1491,22.0,86.02995867691476,86.02994895949385,474.54580710017837,474.545885143184,163.7978414749776,163.79786895998555,16.630331359987743,16.630341229554556,0.001753473996926137,630.0,11.0
1492,22.0,86.02994895949385,86.02988390595189,474.545885143184,474.5460894502432,163.79786895998555,163.79795460517383,16.630341229554556,16.630369698054576,0.019792121942478154,630.0,11.0
1493,22.0,86.73413686011284,86.73420846556431,474.0846035800484,474.08447089958554,163.1895070005456,163.1894960865325,16.66498014258157,16.665001062404514,0.015522995557929556,631.0,11.0
1494,22.0,84.41497419753043,84.41515379823025,476.386020553514,476.3863072398114,161.48651468954426,161.48694955005655,16.78787204774842,16.787912057801957,0.0030100056736561743,633.0,11.0
1495,22.0,84.41515379823025,84.41527955494979,476.3863072398114,476.3869124461015,161.48694955005655,161.48828472255747,16.787912057801957,16.788021076146784,0.014831482342943242,633.0,11.0
1496,22.0,84.41527955494979,84.41539816139581,476.3869124461015,476.3871422327725,161.48828472255747,161.48923082066176,16.788021076146784,16.78810295101731,0.013529751473008451,633.0,11.0
1497,22.0,84.41539816139581,84.4153357003265,476.3871422327725,476.38744550002787,161.48923082066176,161.48969750224074,16.78810295101731,16.78815748728182,0.013254186188564016,633.0,11.0
1498,22.0,84.4153357003265,84.41553829966021,476.38744550002787,476.3873807728417,161.48969750224074,161.48977981388623,16.78815748728182,16.78818570133817,0.01965270019688935,633.0,11.0
1499,22.0,84.41497286687178,84.41496946844501,476.38601893846754,476.3860140999885,161.48651565983374,161.48651829508694,16.787872820674842,16.78787508411205,0.00234127083974804,634.0,11.0
1500,22.0,86.40631518389556,86.38503574924059,461.37926946831476,461.3781316423873,177.53147092319077,177.51619653722744,15.067189610032703,15.068138084539308,0.04430283117400118,639.0,11.0
1501,22.0,86.38503574924059,86.34470431344151,461.3781316423873,461.3909944301014,177.51619653722744,177.49060687999253,15.068138084539308,15.069938796154231,0.09743431525229991,639.0,11.0
1502,22.0,86.34470431344151,86.30655264891637,461.3909944301014,461.4051361453867,177.49060687999253,177.48372204484866,15.069938796154231,15.07146634842234,0.07854608203628166,639.0,11.0
1503,22.0,86.30655264891637,86.27880411163919,461.4051361453867,461.38410735669805,177.48372204484866,177.48163623313593,15.07146634842234,15.072780137031037,0.07880083311614226,639.0,11.0
1504,22.0,86.27880411163919,86.25528026023068,461.38410735669805,461.36791237565114,177.48163623313593,177.47826656711936,15.072780137031037,15.07388806105417,0.04993714137199945,639.0,11.0
1505,22.0,86.25528026023068,86.25021151257123,461.36791237565114,461.34346805114353,177.47826656711936,177.47791651816826,15.07388806105417,15.074867338701837,0.06255551865665836,639.0,11.0
1506,22.0,86.25021151257123,86.25956349816065,461.34346805114353,461.3376761958066,177.47791651816826,177.47361912245123,15.074867338701837,15.07534372343141,0.02488040133552141,639.0,11.0
1507,22.0,86.25956349816065,86.27043759643436,461.3376761958066,461.3417798835052,177.47361912245123,177.479202142444,15.07534372343141,15.075903314661668,0.11257912091631622,639.0,11.0
1508,22.0,86.27043759643436,86.2676877570996,461.3417798835052,461.3438218060863,177.479202142444,177.48453229348897,15.075903314661668,15.076219969571998,0.029311403504990067,639.0,11.0
1509,22.0,86.2676877570996,86.26530429347656,461.3438218060863,461.3477006771036,177.48453229348897,177.48630708199676,15.076219969571998,15.076479361442557,0.022713147399276566,639.0,11.0
1510,22.0,86.26530429347656,86.26283679527869,461.3477006771036,461.35040885406727,177.48630708199676,177.48510868413052,15.076479361442557,15.076696481355945,0.02338499782807585,639.0,11.0
1511,22.0,86.26283679527869,86.26423054511427,461.35040885406727,461.3528050942602,177.48510868413052,177.48589948533333,15.076696481355945,15.076872026347594,0.010529875634672475,639.0,11.0
1512,22.0,86.26423054511427,86.26626391068737,461.3528050942602,461.3541009186927,177.48589948533333,177.48645673823873,15.076872026347594,15.077029363582634,0.01708121415386395,639.0,11.0
1513,22.0,86.26626391068737,86.2646594110773,461.3541009186927,461.35499539192267,177.48645673823873,177.486248004414,15.077029363582634,15.07715734626184,0.012140674390353115,639.0,11.0
1514,22.0,86.2646594110773,86.26549185010977,461.35499539192267,461.3538784851247,177.486248004414,177.48592804752084,15.07715734626184,15.077264167821435,0.01058964327736739,639.0,11.0
1515,22.0,86.26549185010977,86.26632709809527,461.3538784851247,461.3536423759606,177.48592804752084,177.4852885742847,15.077264167821435,15.077351738539791,0.01822370953057315,639.0,11.0
1516,22.0,86.26632709809527,86.266669879388,461.3536423759606,461.3537851472403,177.4852885742847,177.4849367813663,15.077351738539791,15.077402762684338,0.017898617044092156,639.0,11.0
1517,22.0,86.266669879388,86.2666513702848,461.3537851472403,461.35369306796173,177.4849367813663,177.4850046005692,15.077402762684338,15.077420019484343,0.013314387877397325,639.0,11.0
1518,22.0,86.72611241781689,86.72701443908795,463.71949367262107,463.72115506934915,176.8935796282459,176.89528507039515,15.148799219834993,15.148930082033749,0.005120170557608309,640.0,11.0
1519,22.0,86.72701443908795,86.72782187931946,463.72115506934915,463.72457823971473,176.89528507039515,176.89931654318673,15.148930082033749,15.149208023908297,0.024653706635564803,640.0,11.0
1520,22.0,86.72782187931946,86.73183760222491,463.72457823971473,463.7250820030887,176.89931654318673,176.90042420003962,15.149208023908297,15.149439303666929,0.03200040583642334,640.0,11.0
1521,22.0,86.73183760222491,86.73345058912187,463.7250820030887,463.7269637360765,176.90042420003962,176.90182594650517,15.149439303666929,15.149613294631694,0.015198461336613924,640.0,11.0
1522,22.0,86.73345058912187,86.73551750291838,463.7269637360765,463.7277789218724,176.90182594650517,176.90138119116372,15.149613294631694,15.149761059840559,0.009634700125472058,640.0,11.0
1523,22.0,86.73551750291838,86.73585828508172,463.7277789218724,463.7270897750776,176.90138119116372,176.9031358034048,15.149761059840559,15.149892282158572,0.01289571038825382,640.0,11.0
1524,22.0,86.73585828508172,86.73648893655962,463.7270897750776,463.7281678926962,176.9031358034048,176.90390618497355,15.149892282158572,15.150001101700983,0.012962986338931134,640.0,11.0
1525,22.0,86.73648893655962,86.73745054356853,463.7281678926962,463.72852202654695,176.90390618497355,176.90374305563466,15.150001101700983,15.150086327049644,0.013559441132516663,640.0,11.0
1526,22.0,86.73745054356853,86.736917675885,463.72852202654695,463.72872274288903,176.90374305563466,176.90396422160242,15.150086327049644,15.1501444453902,0.012364301964403536,640.0,11.0
1527,22.0,86.736917675885,86.73664015265393,463.72872274288903,463.7286695199711,176.90396422160242,176.90393978565652,15.1501444453902,15.150177530357398,0.01523529446587778,640.0,11.0
1528,22.0,86.73664015265393,86.73666425255692,463.7286695199711,463.72869903066004,176.90393978565652,176.9039475410889,15.150177530357398,15.150185427830179,0.0070334977692236116,640.0,11.0
1529,22.0,85.79371550420538,85.79326383532984,465.3630324104279,465.36315522171816,174.84254764673716,174.84281480052383,15.241823038475752,15.241861648052835,0.002188998219890816,641.0,11.0
1530,22.0,85.79326383532984,85.79223421188475,465.36315522171816,465.363636395256,174.84281480052383,174.84390093233188,15.241861648052835,15.24197585293457,0.01391601032703151,641.0,11.0
1531,22.0,85.79223421188475,85.79118975601203,465.363636395256,465.3639518222723,174.84390093233188,174.8440846079979,15.24197585293457,15.242065045515165,0.022223126336295973,641.0,11.0
1532,22.0,85.79118975601203,85.79143563050225,465.3639518222723,465.3641419375141,174.8440846079979,174.84379360569773,15.242065045515165,15.242109630819094,0.023943894372990514,641.0,11.0
1533,22.0,85.79143563050225,85.79142835491938,465.3641419375141,465.3641298563184,174.84379360569773,174.843801376553,15.242109630819094,15.242113877399728,0.004136953468100765,641.0,11.0
1534,22.0,94.33644240712403,94.33644922451478,487.51113350826864,487.51117879426,153.15584262741956,153.15591862849868,16.31434320393574,16.314357444970046,0.01140742073676897,642.0,11.0
1535,22.0,99.33983593401098,99.3400401399194,493.8627637019884,493.86313727230817,142.39580160858293,142.39574906064755,16.76329635359164,16.763329442975238,0.0013369698287098014,644.0,11.0
1536,22.0,99.3400401399194,99.34059241686585,493.86313727230817,493.86424539441043,142.39574906064755,142.3958304619651,16.763329442975238,16.763426154310018,0.016407621986716376,644.0,11.0
1537,22.0,99.34059241686585,99.34052395290608,493.86424539441043,493.8641968934673,142.3958304619651,142.3965381254389,16.763426154310018,16.763491189327382,0.012388726059346903,644.0,11.0
1538,22.0,99.34052395290608,99.34074781511566,493.8641968934673,493.86401896318773,142.3965381254389,142.39676014421585,16.763491189327382,16.763530761949834,0.021408040066200007,644.0,11.0
1539,22.0,99.34074781511566,99.34075982326577,493.86401896318773,493.8640252374072,142.39676014421585,142.39675086330186,16.763530761949834,16.763535067334054,0.004187098245078,644.0,11.0
1540,22.0,99.91467608232227,99.91610970420736,493.5255882353482,493.5256889310182,140.6362119260727,140.63368514756746,16.8260585840476,16.82620400774445,0.04605862712844668,646.0,11.0
1541,22.0,99.91610970420736,99.91817304352834,493.5256889310182,493.52578858802445,140.63368514756746,140.6301504721633,16.82620400774445,16.826431076276208,0.060060514579588734,646.0,11.0
1542,22.0,99.91817304352834,99.91815464829354,493.52578858802445,493.5269217786201,140.6301504721633,140.62885469974213,16.826431076276208,16.82655279869571,0.009358378016211711,646.0,11.0
1543,22.0,99.91815464829354,99.91732104477546,493.5269217786201,493.52662195603546,140.62885469974213,140.62776962664552,16.82655279869571,16.826658120317393,0.013205141668769868,646.0,11.0
1544,22.0,99.91732104477546,99.91810832014556,493.52662195603546,493.5269346524301,140.62776962664552,140.62823383780042,16.826658120317393,16.826739109029692,0.015613423346886621,646.0,11.0
1545,22.0,99.91810832014556,99.91844978042039,493.5269346524301,493.52722616425046,140.62823383780042,140.6284242845084,16.826739109029692,16.82678837618291,0.015898626247206733,646.0,11.0
1546,22.0,99.91844978042039,99.91844752061307,493.52722616425046,493.52711104882394,140.6284242845084,140.6284922854106,16.82678837618291,16.826807518124202,0.014464547704908206,646.0,11.0
1547,22.0,99.91467739592362,99.91468260337061,493.52558666355424,493.52558297760606,140.63621048130096,140.636205893036,16.826059403497187,16.82606198827384,0.0026481755524924494,647.0,11.0
1548,22.0,96.4998078119647,96.49980315668705,493.1171634708503,493.11716805881713,142.82682981073975,142.82682718039308,16.96207386177619,16.962076260137916,0.002471100418927471,650.0,11.0
1549,22.0,94.70435744541138,94.70421151292257,493.0405017907613,493.0403582139305,145.13307064889491,145.1330792017282,17.05959868437786,17.05961774935628,0.001976236430921435,651.0,11.0
1550,22.0,94.70421151292257,94.70386468835217,493.0403582139305,493.03986583146786,145.1330792017282,145.13312683718047,17.05961774935628,17.059675399774115,0.01734982182843801,651.0,11.0
1551,22.0,94.70386468835217,94.70391875683465,493.03986583146786,493.0397535242922,145.13312683718047,145.13299952321017,17.059675399774115,17.059698973026325,0.01705764661522578,651.0,11.0
1552,22.0,97.87867627014028,97.87873430363538,503.214579228668,503.2147300890018,147.1457294983555,147.14573198560646,17.421387270947164,17.421403328845184,0.0011976939722728687,654.0,11.0
1553,22.0,97.87873430363538,97.87882393918161,503.2147300890018,503.2152069061952,147.14573198560646,147.14570271388482,17.421403328845184,17.42145247404533,0.022983680916337585,654.0,11.0
1554,22.0,97.87882393918161,97.87879140789917,503.2152069061952,503.2152063938728,147.14570271388482,147.145728638387,17.42145247404533,17.421460759868168,0.007320417113092469,654.0,11.0
1555,22.0,96.04636121250824,96.04635763833528,500.2667624214131,500.266749580884,148.19521621743957,148.19521088411813,17.542341257670177,17.542345177710423,0.0038559909494240542,655.0,11.0
1556,22.0,94.45073537591148,94.4507258593194,498.7469267027179,498.7469164865437,150.47106298769836,150.47106033977454,17.654152784446676,17.654156676816214,0.0038319714040710843,656.0,11.0
1557,22.0,94.72486362835964,94.72442127330018,498.71964641189186,498.71981588659037,151.1780103177872,151.17838884648702,17.679459759523333,17.679502882599817,0.0011483342013214326,657.0,11.0
1558,22.0,94.72442127330018,94.7230617347201,498.71981588659037,498.72010207423136,151.17838884648702,151.17927642905482,17.679502882599817,17.67962096589109,0.012304829038214133,657.0,11.0
1559,22.0,94.7230617347201,94.72243677879514,498.72010207423136,498.72094031150334,151.17927642905482,151.17992884540544,17.67962096589109,17.67971721688443,0.012386836224703976,657.0,11.0
1560,22.0,94.72243677879514,94.72193389205844,498.72094031150334,498.7215821249006,151.17992884540544,151.18008778578303,17.67971721688443,17.679789894729,0.014871878646781838,657.0,11.0
1561,22.0,94.72193389205844,94.72230441020649,498.7215821249006,498.72155202689675,151.18008778578303,151.18021973581284,17.679789894729,17.679832044336678,0.020699678376798248,657.0,11.0
1562,22.0,94.72230441020649,94.72232874291595,498.72155202689675,498.7215716675919,151.18021973581284,151.1802196626166,17.679832044336678,17.679838811738005,0.006180127131698687,657.0,11.0
1563,22.0,94.72486501289382,94.72486891920708,498.71964737779234,498.7196519483244,151.17801206617565,151.17801688014333,17.679460563968515,17.67946311334822,0.00261474,658.0,11.0
1564,22.0,94.97476133455083,94.9741338633431,460.0153533785362,460.0148303553077,180.37731378421128,180.3772678396136,15.417531649024882,15.417585456546773,0.004029995582379878,663.0,11.0
1565,22.0,94.9741338633431,94.97218483668567,460.0148303553077,460.0146384135369,180.3772678396136,180.37665007116772,15.417585456546773,15.417723273454268,0.06015266512129165,663.0,11.0
1566,22.0,94.97218483668567,94.97219401166734,460.0146384135369,460.0144479667085,180.37665007116772,180.37664313262718,15.417723273454268,15.417748050192817,0.01774019109246168,663.0,11.0
1567,22.0,94.97321454099163,94.97321492180642,460.01044330402436,460.01045105910646,180.38146443116915,180.38146479599268,15.41775294861969,15.417755514062495,0.0026299234621730886,666.0,11.0
1568,22.0,70.74591958880804,70.70572439733763,464.32215238186035,464.334273490947,175.7148390591721,175.71659588887286,15.595521492638653,15.59699305976262,0.07128173004295425,668.0,11.0
1569,22.0,70.70572439733763,70.63115794151435,464.334273490947,464.3544431573754,175.71659588887286,175.7324366176378,15.59699305976262,15.599767483802626,0.19856747908764402,668.0,11.0
1570,22.0,70.63115794151435,70.58116837347643,464.3544431573754,464.3495751186962,175.7324366176378,175.69795341058332,15.599767483802626,15.601948476145104,0.09405625309493079,668.0,11.0
1571,22.0,70.58116837347643,70.57830602467217,464.3495751186962,464.3892269825743,175.69795341058332,175.66336581238312,15.601948476145104,15.603856480936736,0.12476115307764261,668.0,11.0
1572,22.0,70.57830602467217,70.57220521309398,464.3892269825743,464.4308652199602,175.66336581238312,175.66171753918297,15.603856480936736,15.605412353328498,0.08758136005832075,668.0,11.0
1573,22.0,70.57220521309398,70.57379066618853,464.4308652199602,464.4638757098968,175.66171753918297,175.65027054896893,15.605412353328498,15.606729358893821,0.08301485141700361,668.0,11.0
1574,22.0,70.57379066618853,70.58492741689949,464.4638757098968,464.49012493116743,175.65027054896893,175.65109562125946,15.606729358893821,15.607829445086157,0.05158526833453643,668.0,11.0
1575,22.0,70.58492741689949,70.58338974100003,464.49012493116743,464.48894153633347,175.65109562125946,175.6265537651245,15.607829445086157,15.608796851492546,0.07259773359381184,668.0,11.0
1576,22.0,70.58338974100003,70.58038068515256,464.48894153633347,464.48207867337004,175.6265537651245,175.6087309801419,15.608796851492546,15.609582795048665,0.04914411501441461,668.0,11.0
1577,22.0,70.58038068515256,70.58426734145289,464.48207867337004,464.4760793753491,175.6087309801419,175.59449439402812,15.609582795048665,15.610250046573311,0.05171630369245411,668.0,11.0
1578,22.0,70.58426734145289,70.5933927662742,464.4760793753491,464.46942013279113,175.59449439402812,175.59993412808254,15.610250046573311,15.6107968827857,0.03407352688090624,668.0,11.0
1579,22.0,70.5933927662742,70.60250985757926,464.46942013279113,464.4715187604834,175.59993412808254,175.60454348993196,15.6107968827857,15.611267317482236,0.031333012104192884,668.0,11.0
1580,22.0,70.60250985757926,70.60692035671617,464.4715187604834,464.47466900138454,175.60454348993196,175.61121233193833,15.611267317482236,15.611669895103654,0.028009559072846198,668.0,11.0
1581,22.0,70.60692035671617,70.60484823039627,464.47466900138454,464.478099525559,175.61121233193833,175.61701059759432,15.611669895103654,15.612014038215065,0.016415526016423508,668.0,11.0
1582,22.0,70.60484823039627,70.60133048087212,464.478099525559,464.4784751618428,175.61701059759432,175.62209005948552,15.612014038215065,15.612325025795716,0.04185952324195698,668.0,11.0
1583,22.0,70.60133048087212,70.59771035490732,464.4784751618428,464.48050968310537,175.62209005948552,175.62255343001334,15.612325025795716,15.612555579880242,0.03064872041484866,668.0,11.0
1584,22.0,70.59771035490732,70.59918127053783,464.48050968310537,464.4791541838373,175.62255343001334,175.6246327962319,15.612555579880242,15.6127312381312,0.025552232026365043,668.0,11.0
1585,22.0,70.59918127053783,70.59858421044305,464.4791541838373,464.4782421971169,175.6246327962319,175.6262184590188,15.6127312381312,15.612862872383936,0.013728623188789939,668.0,11.0
1586,22.0,70.59858421044305,70.59878975705828,464.4782421971169,464.4776793647223,175.6262184590188,175.62753600332687,15.612862872383936,15.61297064335659,0.01713020808748754,668.0,11.0
1587,22.0,70.59878975705828,70.59891491861393,464.4776793647223,464.47807868931585,175.62753600332687,175.62831495374965,15.61297064335659,15.613046663973046,0.01890499178160591,668.0,11.0
1588,22.0,70.59891491861393,70.59904977225072,464.47807868931585,464.4783733219462,175.62831495374965,175.62822622151495,15.613046663973046,15.613084122060732,0.015557545174662181,668.0,11.0
1589,22.0,70.59904977225072,70.59906025985728,464.4783733219462,464.47842539108234,175.62822622151495,175.62825132473387,15.613084122060732,15.61309471806281,0.008969608581586757,668.0,11.0
1590,22.0,93.05133455282045,93.05124129109781,482.7679975635061,482.76871912414,141.32873169381358,141.32838846852985,17.094774335902514,17.094827312979717,0.002566537241253556,670.0,11.0
1591,22.0,93.05124129109781,93.05028767263298,482.76871912414,482.7700653122106,141.32838846852985,141.32709433845133,17.094827312979717,17.094967171509015,0.03530740742027469,670.0,11.0
1592,22.0,93.05028767263298,93.04989967547507,482.7700653122106,482.7702528767785,141.32709433845133,141.32787900418805,17.094967171509015,17.09504386872933,0.013345577727088845,670.0,11.0
1593,22.0,93.04989967547507,93.04978930814018,482.7702528767785,482.77036035331804,141.32787900418805,141.32741433259633,17.09504386872933,17.09509327318732,0.018399381631505396,670.0,11.0
1594,22.0,93.04978930814018,93.04983341315159,482.77036035331804,482.7702759798606,141.32741433259633,141.32743410698887,17.09509327318732,17.095108483405166,0.012030289685395823,670.0,11.0
1595,22.0,105.11941885636539,105.12003259651513,472.3987799973539,472.39818690040767,136.43797319100034,136.4374949062925,17.650014642847264,17.650076807857236,0.0039124680981628135,671.0,11.0
1596,22.0,105.12003259651513,105.12148032607101,472.39818690040767,472.3968307507569,136.4374949062925,136.43626797576493,17.650076807857236,17.65022764456817,0.01294037558619194,671.0,11.0
1597,22.0,105.12148032607101,105.12316553930543,472.3968307507569,472.39730107889665,136.43626797576493,136.43563176728804,17.65022764456817,17.650356254480798,0.015592933037773914,671.0,11.0
1598,22.0,105.12316553930543,105.12330257118774,472.39730107889665,472.3985627564307,136.43563176728804,136.43601439749358,17.650356254480798,17.650457567672134,0.017798408770434086,671.0,11.0
1599,22.0,105.12330257118774,105.12292921730935,472.3985627564307,472.3988411429805,136.43601439749358,136.43542841826593,17.650457567672134,17.650524966216004,0.023274644521399254,671.0,11.0
1600,22.0,105.12292921730935,105.12301844362814,472.3988411429805,472.3989302713847,136.43542841826593,136.4355219461941,17.650524966216004,17.650546469865624,0.01586558460173488,671.0,11.0
1601,22.0,105.11941674646042,105.11941137148224,472.39877879516297,472.3987757325843,136.437973966717,136.43797594285348,17.65001547621437,17.6500177446223,0.0023460818275319213,672.0,11.0
1602,22.0,104.87075559887016,104.87079065390955,473.1026116255945,473.1026586815814,137.06232490585555,137.06244057538294,17.682475544477164,17.682489199867973,0.001001477008386918,675.0,11.0
1603,22.0,104.87079065390955,104.87093842521799,473.1026586815814,473.10279464484194,137.06244057538294,137.06277632415396,17.682489199867973,17.68253109404046,0.023699206835671307,675.0,11.0
1604,22.0,104.87093842521799,104.87094417039718,473.10279464484194,473.1027937269161,137.06277632415396,137.06276836757468,17.68253109404046,17.68253411481487,0.0030539724278432316,675.0,11.0
1605,22.0,104.32522111659311,104.32521376100183,473.3570334598302,473.3570143004764,136.03336154142315,136.0333229335577,17.72224226181719,17.72225084600437,0.007538953476380933,676.0,11.0
1606,22.0,102.0289015133229,102.02888824593583,475.13414223525433,475.13419941768854,135.90102302919132,135.90100557811738,17.82087132460163,17.820882240306638,0.009190018206807801,680.0,11.0
1607,22.0,102.02890723810707,102.02890816778775,475.13412225023023,475.1341186878426,135.90102668675758,135.90101963304465,17.82086858378929,17.820871190708395,0.002669048908438328,681.0,11.0
1608,22.0,100.61531320015632,100.61528490057476,472.552620111569,472.5523111668091,137.32595095011783,137.325454668943,17.930268650662907,17.93031024319745,0.0022273539414996114,684.0,11.0
1609,22.0,100.61528490057476,100.61543741841372,472.5523111668091,472.5511564204192,137.325454668943,137.32433526969186,17.93031024319745,17.930426653326215,0.011917279207668963,684.0,11.0
1610,22.0,100.61543741841372,100.6151003613897,472.5511564204192,472.55062367944566,137.32433526969186,137.32329838735575,17.930426653326215,17.930521859913828,0.01072004020756093,684.0,11.0
1611,22.0,100.6151003613897,100.61488607039,472.55062367944566,472.55058633374557,137.32329838735575,137.3224606613097,17.930521859913828,17.930596718622127,0.013760746478396401,684.0,11.0
1612,22.0,100.61488607039,100.61494750853598,472.55058633374557,472.55049295598184,137.3224606613097,137.32202206925794,17.930596718622127,17.93064335403346,0.016333542049319777,684.0,11.0
1613,22.0,100.61494750853598,100.6149310651546,472.55049295598184,472.55059580803555,137.32202206925794,137.32199543621633,17.93064335403346,17.93065970558365,0.01275104573600424,684.0,11.0
1614,22.0,100.61436206978578,100.61436916623936,472.55086306060576,472.5508622027095,137.31911998242109,137.31912009665822,17.930506979504187,17.930509401929147,0.002494096215558404,686.0,11.0
1615,22.0,91.83741168836862,91.8374105031477,464.1680774754009,464.1680824015072,180.1158392838038,180.115841361317,17.854573574806125,17.854684759241202,0.05022311446847271,688.0,1000180400.0
1616,22.0,96.14466871393408,96.14468415600878,463.02506310817864,463.02505589341433,180.02637673716254,180.0263610849131,19.95928739256287,19.959587147118647,0.12339163222148365,689.0,1000180400.0
1617,22.0,96.3580932450112,96.35809239596301,472.9133777796361,472.91337993297765,228.91840968491084,228.91841016013504,44.15366776964329,44.1537294384073,0.030397461340059904,690.0,1000180400.0
1618,22.0,104.37017401356593,104.37017138136673,458.8015414008231,458.8015311611989,253.85199588532473,253.85199882066476,58.68182020783465,58.68200054888799,0.07664291839437684,691.0,1000180400.0
1619,22.0,118.78847064772972,118.78847072444682,475.0717559092012,475.0717557121553,267.56109826915764,267.56109857743945,71.45653991446201,71.45655692195967,0.010002879504963744,692.0,1000180400.0
1620,22.0,119.79290208349917,119.79284758993406,476.9010178866776,476.90108242018795,267.93823198473746,267.93822537245325,72.51310694610694,72.5135617884638,0.19375041745197125,693.0,1000180400.0
1621,22.0,119.60329247946875,119.60329132684146,473.18159836854863,473.1815978329291,266.93585591987215,266.93585635101425,74.52886393365115,74.52890531132036,0.02178273782134143,694.0,1000180400.0
1622,22.0,132.26942303006444,132.2694227272672,456.4212061618804,456.42120583171226,255.50977436016882,255.50977427219678,87.09898934055387,87.09900891173292,0.011266587776514913,695.0,1000180400.0
1623,22.0,150.2278961147475,150.22792183161826,449.03035583651234,449.03034123944917,247.40469191530536,247.40467029520642,98.19287929188182,98.19328418997675,0.16946176455384057,696.0,1000180400.0
1624,22.0,120.14676503102945,120.14676513912215,474.5796046025292,474.5796046266868,293.8818000102519,293.88180010057266,131.88008984516236,131.88009880446361,0.0052683768091090315,697.0,1000180400.0
1625,22.0,98.82274733677562,98.82274653060144,484.72208991963697,484.7220925461037,309.1448612113976,309.1448713284264,147.4380358760149,147.43821061652218,0.07452030958689533,698.0,1000180400.0
1626,22.0,76.17686835861073,76.17686791397117,485.8241295078474,485.8241276118789,284.22947870618015,284.2294777782653,166.4962032240659,166.49626107331136,0.028789285982016785,699.0,1000180400.0
1627,22.0,75.62894248427538,75.62894133745561,486.66328241237596,486.6632821326096,283.8109587564214,283.8109560068623,167.1160917475551,167.11616447371932,0.035048298892148645,700.0,1000180400.0
1628,22.0,73.18050284292738,73.1805017524418,500.93427722834275,500.93427826489824,291.5771486019941,291.5771478141113,176.59758717152027,176.5976360513456,0.02499449270875239,701.0,1000180400.0
1629,22.0,74.19455928017354,74.19455918427384,502.0171435162897,502.01714361625574,293.9455381076092,293.9455381341341,178.2231866796654,178.22319556087393,0.005221802228898062,702.0,1000180400.0
1630,22.0,79.57628399466151,79.57628467994456,503.1521009382583,503.1521023798973,300.81490124202526,300.81490129364386,183.35055291376025,183.35059971500127,0.024109100386798418,703.0,1000180400.0
1631,22.0,80.7214602755291,80.72145976365546,500.72987082279724,500.72987076287046,303.9615387278182,303.9615391363994,185.77751707125788,185.77754231919607,0.014048567070964565,704.0,1000180400.0
1632,22.0,102.05854118115289,102.05855509516508,485.7831610880445,485.7831425973812,316.3114094846234,316.31142129958573,202.79305688305297,202.79338061486803,0.1333678328673205,706.0,1000180400.0
1633,22.0,101.89863600186618,101.89862759358604,486.27501937545566,486.2750241184858,316.0665224035117,316.06652043759607,203.14665251769097,203.14681988965953,0.07173489837149598,707.0,1000180400.0
1634,22.0,123.91438148451311,123.91440386041276,490.15813741837485,490.15814336209485,312.8000915670831,312.80008864366295,217.48569229721033,217.4859937322698,0.12408216295190147,708.0,1000180400.0
1635,22.0,114.57929825836973,114.57929025048266,486.7618916657851,486.7618928575421,313.85368034444775,313.85367702182714,224.1505956406119,224.15074977181118,0.06674585647874033,709.0,1000180400.0
1636,22.0,117.6776460585626,117.6776513171865,482.90271172361827,482.90270008096405,318.64605826363277,318.64607037902994,228.88278763869292,228.8830369977418,0.10321633584814506,710.0,1000180400.0
1637,22.0,117.62303860900923,117.62303908920603,483.2134558841819,483.21345570734627,318.37205145673767,318.3720499680247,229.18414832464416,229.1841946512401,0.023906495817020583,711.0,1000180400.0
1638,22.0,96.46639869802831,96.46639869088344,525.5110667958298,525.5110668320251,331.3168154813723,331.31681540984675,264.9715525022092,264.9715586691346,0.0035260865919671666,712.0,1000180400.0
1639,22.0,118.04707329663987,118.04707506438406,403.7829706536337,403.78296934717247,171.60277609171686,171.60277634649532,17.671508223071193,17.67156711667209,0.0292292893749534,850.0,1000180400.0
1640,22.0,126.70702981101809,126.71085654643089,399.1504319042651,399.1501945921624,177.17110084410243,177.16818408473844,18.04809824957323,18.04831464353459,0.007241315629947179,852.0,11.0
1641,22.0,126.71085654643089,126.71965461386324,399.1501945921624,399.1483231204561,177.16818408473844,177.1633181666861,18.04831464353459,18.0487776562783,0.07826534978647412,852.0,11.0
1642,22.0,126.71965461386324,126.71469170581088,399.1483231204561,399.1513266775263,177.1633181666861,177.16434714704408,18.0487776562783,18.049076977432527,0.018243370963925018,852.0,11.0
1643,22.0,126.71469170581088,126.71003812542293,399.1513266775263,399.1519876377434,177.16434714704408,177.16604593843604,18.049076977432527,18.04934085265361,0.043712556541268016,852.0,11.0
1644,22.0,126.71003812542293,126.70716542141231,399.1519876377434,399.1529904853598,177.16604593843604,177.16562249289387,18.04934085265361,18.04952467022258,0.022725854555840377,852.0,11.0
1645,22.0,126.70716542141231,126.70790804018762,399.1529904853598,399.1515931746202,177.16562249289387,177.16410011468506,18.04952467022258,18.049669175563427,0.017460764640581106,852.0,11.0
1646,22.0,126.70790804018762,126.70764609519105,399.1515931746202,399.15150635856014,177.16410011468506,177.16254870246385,18.049669175563427,18.049783569847623,0.018703771271359172,852.0,11.0
1647,22.0,126.70764609519105,126.70763101422662,399.15150635856014,399.15095443674045,177.16254870246385,177.16176996274547,18.049783569847623,18.0498638778802,0.021286545739330563,852.0,11.0
1648,22.0,126.70763101422662,126.70794731360722,399.15095443674045,399.1508947925778,177.16176996274547,177.1616909681931,18.0498638778802,18.049900964294203,0.00943107081670331,852.0,11.0
1649,22.0,126.70794731360722,126.70802113141858,399.1508947925778,399.15100696181764,177.1616909681931,177.16173363283437,18.049900964294203,18.049920844401516,0.014906878218332415,852.0,11.0
1650,22.0,131.3820968088219,131.44859876486314,395.79653099910354,395.8040377075588,180.77467040959564,180.81078617086104,18.2745551479931,18.27714801653819,0.21200959636181893,853.0,11.0
1651,22.0,131.44859876486314,131.5801699513683,395.8040377075588,395.8339631426071,180.81078617086104,180.85148588176224,18.27714801653819,18.281974616948805,0.3462753744018565,853.0,11.0
1652,22.0,131.5801699513683,131.66899838874332,395.8339631426071,395.8288900025433,180.85148588176224,180.91148641754495,18.281974616948805,18.285689736659663,0.39790460993268423,853.0,11.0
1653,22.0,131.66899838874332,131.73002630337118,395.8288900025433,395.836430397536,180.91148641754495,180.87758187205975,18.285689736659663,18.28817854679505,0.25628988771353767,853.0,11.0
1654,22.0,131.73002630337118,131.77469635971062,395.836430397536,395.84269778360004,180.87758187205975,180.86208816176526,18.28817854679505,18.289920322025168,0.0995152831197317,853.0,11.0
1655,22.0,131.77469635971062,131.79386530452092,395.84269778360004,395.84471973770604,180.86208816176526,180.8277441214358,18.289920322025168,18.291384953504025,0.07218936426204434,853.0,11.0
1656,22.0,131.79386530452092,131.80918902241143,395.84471973770604,395.85826933442297,180.8277441214358,180.80113194670434,18.291384953504025,18.2926546303214,0.0740007703029415,853.0,11.0
1657,22.0,131.80918902241143,131.81595490899616,395.85826933442297,395.8440072239627,180.80113194670434,180.7821213062752,18.2926546303214,18.293610350683107,0.0840933897345906,853.0,11.0
1658,22.0,131.81595490899616,131.81163425661572,395.8440072239627,395.8281395384283,180.7821213062752,180.77039998947032,18.293610350683107,18.294426062610313,0.052863680903636405,853.0,11.0
1659,22.0,131.81163425661572,131.80673171658094,395.8281395384283,395.8204168391037,180.77039998947032,180.75666832164342,18.294426062610313,18.29511328738038,0.08478681733355538,853.0,11.0
1660,22.0,131.80673171658094,131.80037589816874,395.8204168391037,395.8223450827699,180.75666832164342,180.74790091681575,18.29511328738038,18.29560450854343,0.030923654450096674,853.0,11.0
1661,22.0,131.80037589816874,131.79447896643265,395.8223450827699,395.8204231613885,180.74790091681575,180.74422034296484,18.29560450854343,18.29593811571799,0.021684992548678658,853.0,11.0
1662,22.0,131.79447896643265,131.79430510476828,395.8204231613885,395.81975739875554,180.74422034296484,180.73671262384113,18.29593811571799,18.296300970870146,0.028310233844191734,853.0,11.0
1663,22.0,131.79430510476828,131.7914325828347,395.81975739875554,395.8248243316215,180.73671262384113,180.73508761939019,18.296300970870146,18.29660637586484,0.02610528347767123,853.0,11.0
1664,22.0,131.7914325828347,131.79431935373208,395.8248243316215,395.8285665709239,180.73508761939019,180.73574434425024,18.29660637586484,18.29686114229195,0.03150537198779367,853.0,11.0
1665,22.0,131.79431935373208,131.7968342432689,395.8285665709239,395.8286710425259,180.73574434425024,180.73799464874747,18.29686114229195,18.29705806151755,0.05226290576421311,853.0,11.0
1666,22.0,131.7968342432689,131.79699525183506,395.8286710425259,395.82729639829864,180.73799464874747,180.7376895385688,18.29705806151755,18.297164252756193,0.0141621020274017,853.0,11.0
1667,22.0,131.79699525183506,131.79668850895825,395.82729639829864,395.8270359534194,180.7376895385688,180.7368279875875,18.297164252756193,18.29724433702868,0.007063329305176953,853.0,11.0
1668,22.0,131.79668850895825,131.79740620346337,395.8270359534194,395.82711251986973,180.7368279875875,180.73674166038188,18.29724433702868,18.2973103177789,0.017205544414483062,853.0,11.0
1669,22.0,131.79740620346337,131.79732841481865,395.82711251986973,395.82712341736953,180.73674166038188,180.73649262814837,18.2973103177789,18.297341461198958,0.017914059208648383,853.0,11.0
1670,22.0,131.79732841481865,131.7973298799806,395.82712341736953,395.8271126218701,180.73649262814837,180.7364896272588,18.297341461198958,18.29734478097079,0.003326056552737263,853.0,11.0
1671,22.0,143.36182898489554,143.35489444813305,368.9023981957118,368.8910377861497,193.01039500598392,193.03208486525517,19.338055266555315,19.338976865133066,0.059022301686181354,855.0,11.0
1672,22.0,143.35489444813305,143.35267873333075,368.8910377861497,368.87816067722673,193.03208486525517,193.07777648595456,19.338976865133066,19.340712945529106,0.10931539967517859,855.0,11.0
1673,22.0,143.35267873333075,143.35785750890875,368.87816067722673,368.8659867632071,193.07777648595456,193.11384460949347,19.340712945529106,19.34214528963155,0.07051385407512202,855.0,11.0
1674,22.0,143.35785750890875,143.35225429637518,368.8659867632071,368.88237559223,193.11384460949347,193.1416560166898,19.34214528963155,19.343388032538336,0.08229005299908325,855.0,11.0
1675,22.0,143.35225429637518,143.3648477482958,368.88237559223,368.9029662094423,193.1416560166898,193.15249001421836,19.343388032538336,19.344417977249215,0.08826120908293773,855.0,11.0
1676,22.0,143.3648477482958,143.3668530338465,368.9029662094423,368.918760845835,193.15249001421836,193.16452553358272,19.344417977249215,19.34522552253421,0.05146224823549308,855.0,11.0
1677,22.0,143.3668530338465,143.3639555797412,368.918760845835,368.9329118393373,193.16452553358272,193.17222687009567,19.34522552253421,19.345908185170657,0.03654125463827856,855.0,11.0
1678,22.0,143.3639555797412,143.3662893730051,368.9329118393373,368.9443095292462,193.17222687009567,193.1645621071407,19.345908185170657,19.34650481172981,0.05123259934318803,855.0,11.0
1679,22.0,143.3662893730051,143.36378445657672,368.9443095292462,368.95279885636205,193.1645621071407,193.17057564648331,19.34650481172981,19.346985160580427,0.040209669243108676,855.0,11.0
1680,22.0,143.36378445657672,143.36727356734767,368.95279885636205,368.96037742183137,193.17057564648331,193.17075868600998,19.346985160580427,19.34737843501439,0.026790873952469478,855.0,11.0
1681,22.0,143.36727356734767,143.37030899241824,368.96037742183137,368.96612559327554,193.17075868600998,193.17301208536568,19.34737843501439,19.34771610852241,0.02165130395238164,855.0,11.0
1682,22.0,143.37030899241824,143.36647594290503,368.96612559327554,368.96967890269275,193.17301208536568,193.1705798419923,19.34771610852241,19.34801045429534,0.03709314764576868,855.0,11.0
1683,22.0,143.36647594290503,143.36410705257123,368.96967890269275,368.9678875931502,193.1705798419923,193.16787572668457,19.34801045429534,19.34823431166826,0.014581504382641162,855.0,11.0
1684,22.0,143.36410705257123,143.36150825616335,368.9678875931502,368.96835645449045,193.16787572668457,193.165749519734,19.34823431166826,19.348431829497464,0.023932882630327064,855.0,11.0
1685,22.0,143.36150825616335,143.36169230305148,368.96835645449045,368.9667733275919,193.165749519734,193.16759736994385,19.348431829497464,19.34858759838052,0.016227443955202887,855.0,11.0
1686,22.0,143.36169230305148,143.36285502041844,368.9667733275919,368.96765206322243,193.16759736994385,193.16646310895004,19.34858759838052,19.348715483081847,0.0266340466208814,855.0,11.0
1687,22.0,143.36285502041844,143.36266505774623,368.96765206322243,368.96829427443487,193.16646310895004,193.16578956869674,19.348715483081847,19.348795503515507,0.014775563614222902,855.0,11.0
1688,22.0,143.36266505774623,143.36274540941983,368.96829427443487,368.9678362095086,193.16578956869674,193.1659651502353,19.348795503515507,19.348845467500094,0.014231144670735885,855.0,11.0
1689,22.0,143.36274540941983,143.36276726550153,368.9678362095086,368.96767094257774,193.1659651502353,193.16594800028784,19.348845467500094,19.34886801394032,0.016469349464529992,855.0,11.0
1690,22.0,156.68963421107728,156.72195800583467,359.27768198267347,359.2752899299228,195.78827414358375,195.7923713794628,19.894199918158805,19.89535997725353,0.05981448948566034,856.0,11.0
1691,22.0,156.72195800583467,156.78354561901935,359.2752899299228,359.28831669805396,195.7923713794628,195.79406493046105,19.89535997725353,19.897608858685512,0.1354699685304813,856.0,11.0
1692,22.0,156.78354561901935,156.83110641018533,359.28831669805396,359.2862028360663,195.79406493046105,195.8126748262518,19.897608858685512,19.899464401588865,0.0970150948983943,856.0,11.0
1693,22.0,156.83110641018533,156.85735841748627,359.2862028360663,359.2532086035309,195.8126748262518,195.82058168803167,19.899464401588865,19.901046420269207,0.0839539448638256,856.0,11.0
1694,22.0,156.85735841748627,156.88480390314822,359.2532086035309,359.2315297970286,195.82058168803167,195.82920130074973,19.901046420269207,19.902398511618543,0.08271080904339803,856.0,11.0
1695,22.0,156.88480390314822,156.90193126790544,359.2315297970286,359.2118698493543,195.82920130074973,195.84300955618522,19.902398511618543,19.903531447768927,0.04971645615683992,856.0,11.0
1696,22.0,156.90193126790544,156.92687270650225,359.2118698493543,359.2145873818342,195.84300955618522,195.84884935236906,19.903531447768927,19.904537715223704,0.04860430777175545,856.0,11.0
1697,22.0,156.92687270650225,156.94581830406457,359.2145873818342,359.2223445133483,195.84884935236906,195.85731755868343,19.904537715223704,19.905420854984715,0.05742848532434698,856.0,11.0
1698,22.0,156.94581830406457,156.96234918801596,359.2223445133483,359.21696756196206,195.85731755868343,195.85244036850648,19.905420854984715,19.906162385443178,0.07012578697935128,856.0,11.0
1699,22.0,156.96234918801596,156.96114072220132,359.21696756196206,359.21416035345123,195.85244036850648,195.83945521737925,19.906162385443178,19.90673791953746,0.04703625622419851,856.0,11.0
1700,22.0,156.96114072220132,156.96633450355574,359.21416035345123,359.21276745120423,195.83945521737925,195.83054976440923,19.90673791953746,19.907207389703757,0.032007344247339774,856.0,11.0
1701,22.0,156.96633450355574,156.9647150575615,359.21276745120423,359.2115815177285,195.83054976440923,195.8222588336839,19.907207389703757,19.907607605394023,0.023297071331215363,856.0,11.0
1702,22.0,156.9647150575615,156.9645813694711,359.2115815177285,359.2187096244392,195.8222588336839,195.82352921687973,19.907607605394023,19.907959132339755,0.0415863124054878,856.0,11.0
1703,22.0,156.9645813694711,156.9657451870387,359.2187096244392,359.22369433260485,195.82352921687973,195.82363865378494,19.907959132339755,19.908227899425757,0.05478007895770995,856.0,11.0
1704,22.0,156.9657451870387,156.96475272658625,359.22369433260485,359.22588278070344,195.82363865378494,195.82233390086498,19.908227899425757,19.908396890283495,0.012804524882389779,856.0,11.0
1705,22.0,156.96475272658625,156.96252827212388,359.22588278070344,359.22620290706584,195.82233390086498,195.82229052841362,19.908396890283495,19.908543814180884,0.035279419953736534,856.0,11.0
1706,22.0,156.96252827212388,156.9624039440876,359.22620290706584,359.22664455708866,195.82229052841362,195.82136980524405,19.908543814180884,19.908628517175718,0.016070195862499352,856.0,11.0
1707,22.0,156.9624039440876,156.96226460697284,359.22664455708866,359.2271338548957,195.82136980524405,195.82122297857316,19.908628517175718,19.90868085449696,0.016746658944631773,856.0,11.0
1708,22.0,156.96226460697284,156.96222717776968,359.2271338548957,359.2272703023396,195.82122297857316,195.8211957547168,19.90868085449696,19.90870105948706,0.015100238105946573,856.0,11.0
1709,22.0,156.59347292050947,156.5932654702732,359.15219767143515,359.1507965733533,195.62833182547115,195.6273880874901,19.90170139208911,19.9017967152348,0.0040154721559025695,857.0,11.0
1710,22.0,156.5932654702732,156.5917930868223,359.1507965733533,359.1473430000428,195.6273880874901,195.6270961616605,19.9017967152348,19.902010107926806,0.013771291502614625,857.0,11.0
1711,22.0,156.5917930868223,156.5903080113075,359.1473430000428,359.14591054951154,195.6270961616605,195.6246675596031,19.902010107926806,19.90219889149864,0.020231866387599984,857.0,11.0
1712,22.0,156.5903080113075,156.5881686076183,359.14591054951154,359.1456652963196,195.6246675596031,195.62362199997403,19.90219889149864,19.90235254265042,0.014443590067701392,857.0,11.0
1713,22.0,156.5881686076183,156.58867128451493,359.1456652963196,359.14567480296546,195.62362199997403,195.6218246123829,19.90235254265042,19.902481380144152,0.008507239969845322,857.0,11.0
1714,22.0,156.58867128451493,156.5873758281923,359.14567480296546,359.1448809274055,195.6218246123829,195.62221965811744,19.902481380144152,19.9025954741976,0.014731981545957305,857.0,11.0
1715,22.0,156.5873758281923,156.58728329690456,359.1448809274055,359.1449711439877,195.62221965811744,195.62114972128185,19.9025954741976,19.902683022294557,0.017257738727311345,857.0,11.0
1716,22.0,156.58728329690456,156.5867888637641,359.1449711439877,359.14516426707104,195.62114972128185,195.62124145467538,19.902683022294557,19.902736023196972,0.01894066977042099,857.0,11.0
1717,22.0,156.5867888637641,156.58681023458587,359.14516426707104,359.14525342590645,195.62124145467538,195.62131008366376,19.902736023196972,19.90275313758906,0.013226248692536816,857.0,11.0
1718,22.0,155.89255404815296,155.8917972942948,358.75401421847255,358.75391920044706,196.22522215844532,196.22517189522836,19.93515964000131,19.935209091072068,0.0025392905207138054,859.0,11.0
1719,22.0,155.8917972942948,155.8899200585427,358.75391920044706,358.75284215601135,196.22517189522836,196.22461614584387,19.935209091072068,19.93535539683867,0.013345230644921166,859.0,11.0
1720,22.0,155.8899200585427,155.89001177067536,358.75284215601135,358.7521373911218,196.22461614584387,196.22301180183157,19.93535539683867,19.935478765534807,0.013339553338496998,859.0,11.0
1721,22.0,155.89001177067536,155.89110718829218,358.7521373911218,358.75147721748874,196.22301180183157,196.22324061784488,19.935478765534807,19.935578663786302,0.011645368185345483,859.0,11.0
1722,22.0,155.89110718829218,155.8915990018949,358.75147721748874,358.75092567884934,196.22324061784488,196.22269483498195,19.935578663786302,19.935656796541597,0.014160136205660982,859.0,11.0
1723,22.0,155.8915990018949,155.89198371809155,358.75092567884934,358.75111152947363,196.22269483498195,196.22292903033863,19.935656796541597,19.935706029430108,0.0303465768964418,859.0,11.0
1724,22.0,159.60809111052404,159.60808671268103,360.219260208267,360.21923021747614,196.7803589825527,196.78036098675778,20.06966847534454,20.06967510570467,0.006073997316085844,862.0,11.0
1725,22.0,160.32822736405652,160.32925301298587,361.1772195390963,361.17749592608584,196.92446547967765,196.92555104950782,20.110003160525117,20.110090391522803,0.004209598454385634,863.0,11.0
1726,22.0,160.32925301298587,160.3312996538968,361.17749592608584,361.17846830989697,196.92555104950782,196.92808635401545,20.110090391522803,20.11028833477965,0.0150867132496974,863.0,11.0
1727,22.0,160.3312996538968,160.33093844442135,361.17846830989697,361.1797623509479,196.92808635401545,196.93053146505517,20.11028833477965,20.11045978853827,0.019688522654275665,863.0,11.0
1728,22.0,160.33093844442135,160.33160253507987,361.1797623509479,361.17782611494636,196.93053146505517,196.930471401523,20.11045978853827,20.110597333155805,0.018110122517296042,863.0,11.0
1729,22.0,160.33160253507987,160.33094775463601,361.17782611494636,361.17715564539026,196.930471401523,196.93153248512175,20.110597333155805,20.11070344084897,0.02227679221909998,863.0,11.0
1730,22.0,160.33094775463601,160.33037965024,361.17715564539026,361.17750693103005,196.93153248512175,196.93171720874852,20.11070344084897,20.11076716843484,0.019343733005697427,863.0,11.0
1731,22.0,160.33037965024,160.33038585535076,361.17750693103005,361.1773153017362,196.93171720874852,196.93167769518288,20.11076716843484,20.110792412730564,0.018003513443607,863.0,11.0
1732,22.0,131.79975025618904,131.79975386180809,395.8150432029759,395.8150376771471,180.74450246062534,180.74451351650166,18.296190698060304,18.296194332171993,0.003606036894972466,866.0,11.0
1733,22.0,131.79975186534833,131.7997550925023,395.81504330522984,395.815036227367,180.74449987587005,180.74450293700184,18.296190388276084,18.29619308514294,0.00275352601711212,867.0,11.0
1734,22.0,131.79434150448307,131.7943647795059,395.7367919780201,395.7368225706983,180.7336560758852,180.73368879127165,18.29760074865915,18.29760761193915,0.0010705931322818956,869.0,11.0
1735,22.0,131.7943647795059,131.79443158350878,395.7368225706983,395.73690946035947,180.73368879127165,180.73378070689077,18.29760761193915,18.29762771106595,0.015037317607390702,869.0,11.0
1736,22.0,131.79433927347137,131.79433124080225,395.73679268178864,395.73679263169913,180.7336546549844,180.73365199737117,18.297601618959433,18.29760433830213,0.002774559851990293,870.0,11.0
1737,22.0,109.71569825714928,109.71564895320725,370.61182887256075,370.6117672354417,186.0365570933222,186.0365898837446,25.890007074804775,25.890467596475204,0.19663602849798859,874.0,1000180400.0
1738,22.0,95.32529537913277,95.29345578014959,358.9983090784832,358.9784381822293,194.6005523288174,194.6259106346745,26.569773997459933,26.571351501777713,0.06799016151214009,877.0,11.0
1739,22.0,95.29345578014959,95.24966878217936,358.9784381822293,358.9314496396727,194.6259106346745,194.68663873287895,26.571351501777713,26.574441260450328,0.15334891739299727,877.0,11.0
1740,22.0,95.24966878217936,95.22379463253716,358.9314496396727,358.895795955524,194.68663873287895,194.74639787254628,26.574441260450328,26.57706314536138,0.41574125229588477,877.0,11.0
1741,22.0,95.22379463253716,95.2164030910722,358.895795955524,358.8584181661433,194.74639787254628,194.74575781423502,26.57706314536138,26.578485088522037,0.08138893315921435,877.0,11.0
1742,22.0,95.2164030910722,95.19536110289589,358.8584181661433,358.88110307520583,194.74575781423502,194.7392916162486,26.578485088522037,26.579689003229763,0.08504410304963196,877.0,11.0
1743,22.0,95.19536110289589,95.17567079433627,358.88110307520583,358.89243346974314,194.7392916162486,194.728518955017,26.579689003229763,26.580674260064807,0.06652941420324888,877.0,11.0
1744,22.0,95.17567079433627,95.15769536152415,358.89243346974314,358.8997833908071,194.728518955017,194.72272923765618,26.580674260064807,26.581492375739018,0.044938785727034386,877.0,11.0
1745,22.0,95.15769536152415,95.15563913078542,358.8997833908071,358.9050364817321,194.72272923765618,194.70657696496613,26.581492375739018,26.582200931466424,0.04157056374781727,877.0,11.0
1746,22.0,95.15563913078542,95.1479976675648,358.9050364817321,358.9079921043717,194.70657696496613,194.69484374690504,26.582200931466424,26.582811003441048,0.04900276900020104,877.0,11.0
1747,22.0,95.1479976675648,95.15870481593238,358.9079921043717,358.9058851716498,194.69484374690504,194.6923669106462,26.582811003441048,26.5833091616371,0.02395152295746028,877.0,11.0
1748,22.0,95.15870481593238,95.16049085837051,358.9058851716498,358.9031397687911,194.6923669106462,194.68318776095867,26.5833091616371,26.583754504499904,0.028218308729954737,877.0,11.0
1749,22.0,95.16049085837051,95.1540467470968,358.9031397687911,358.9009618179206,194.68318776095867,194.678746883775,26.583754504499904,26.58413944973539,0.05194689440054904,877.0,11.0
1750,22.0,95.1540467470968,95.15147642156869,358.9009618179206,358.90136031230924,194.678746883775,194.6740186642609,26.58413944973539,26.584419234775027,0.022379984811404803,877.0,11.0
1751,22.0,95.15147642156869,95.15135355735966,358.90136031230924,358.9001209280696,194.6740186642609,194.66985968362206,26.584419234775027,26.58465649192269,0.019539618604542418,877.0,11.0
1752,22.0,95.15135355735966,95.15060316034466,358.9001209280696,358.89754596161305,194.66985968362206,194.66763182844983,26.58465649192269,26.584858111591423,0.020958042797896672,877.0,11.0
1753,22.0,95.15060316034466,95.14940442810484,358.89754596161305,358.8987272670787,194.66763182844983,194.6655956310202,26.584858111591423,26.585022971961724,0.018022486561509534,877.0,11.0
1754,22.0,95.14940442810484,95.14767642098032,358.8987272670787,358.899180022602,194.6655956310202,194.66642766842446,26.585022971961724,26.58515683562811,0.015948814051387736,877.0,11.0
1755,22.0,95.14767642098032,95.14768393281422,358.899180022602,358.90050304469014,194.66642766842446,194.66592241400093,26.58515683562811,26.585262972325918,0.026038497030074242,877.0,11.0
1756,22.0,95.14768393281422,95.14813385861518,358.90050304469014,358.90086942950836,194.66592241400093,194.6659345249881,26.585262972325918,26.585318951133942,0.007983305052984483,877.0,11.0
1757,22.0,95.14813385861518,95.14801298750173,358.90086942950836,358.9005429571276,194.6659345249881,194.6660359794345,26.585318951133942,26.58535857045277,0.016179726017265254,877.0,11.0
1758,22.0,95.14801298750173,95.14801086364261,358.9005429571276,358.90055718914806,194.6660359794345,194.6659735077328,26.58535857045277,26.58536984960318,0.009438845038179895,877.0,11.0
1759,22.0,100.04109479154839,100.04101173902538,349.171206531443,349.17115831048034,195.29800557683535,195.29788609671692,26.934109876112416,26.934131009061005,0.01564835072773151,878.0,11.0
1760,22.0,103.51832487216453,103.5183390631674,344.1795540008571,344.17956159982214,197.05827116680945,197.0583114661609,27.1453501087703,27.145358647104473,0.007505474561013915,879.0,11.0
1761,22.0,113.85353735273975,113.85473627371039,330.3947003928372,330.39400465481674,198.6825789257021,198.68195391132053,27.722593780025793,27.722680941993158,0.004145516300015736,880.0,11.0
1762,22.0,113.85473627371039,113.85772951185217,330.39400465481674,330.3925248521854,198.68195391132053,198.68117384626137,27.722680941993158,27.722880107064487,0.014335130178479202,880.0,11.0
1763,22.0,113.85772951185217,113.86034855262119,330.3925248521854,330.3936009371372,198.68117384626137,198.68146490322852,27.722880107064487,27.72305405553145,0.04063637009804769,880.0,11.0
1764,22.0,113.86034855262119,113.86135128042619,330.3936009371372,330.394435254587,198.68146490322852,198.68105089966932,27.72305405553145,27.723157669514023,0.00811770454064963,880.0,11.0
1765,22.0,113.86135128042619,113.86145042549761,330.394435254587,330.3934867244319,198.68105089966932,198.68159890088137,27.723157669514023,27.723246492502884,0.018450582040599413,880.0,11.0
1766,22.0,113.86145042549761,113.86153258668772,330.3934867244319,330.3935369256215,198.68159890088137,198.68211402989328,27.723246492502884,27.723298432674248,0.020988240368151178,880.0,11.0
1767,22.0,113.86153258668772,113.86153320405417,330.3935369256215,330.3935254244883,198.68211402989328,198.6820357982952,27.723298432674248,27.723311542859186,0.010667038541288334,880.0,11.0
1768,22.0,112.64402623222733,112.64495633402922,323.35959264963043,323.3570225098512,203.92002644701216,203.92127721733033,28.01791861798656,28.01806566776523,0.009950644370973767,883.0,11.0
1769,22.0,112.64495633402922,112.64745026386592,323.3570225098512,323.3528698702312,203.92127721733033,203.92555301703473,28.01806566776523,28.018387187380608,0.017312209627208756,883.0,11.0
1770,22.0,112.64745026386592,112.64737487565439,323.3528698702312,323.34874310635547,203.92555301703473,203.92931360655135,28.018387187380608,28.01867439020178,0.013589140049301016,883.0,11.0
1771,22.0,112.64737487565439,112.6445508311994,323.34874310635547,323.3465625223066,203.92931360655135,203.9259175033531,28.01867439020178,28.01893537069537,0.016078393926283255,883.0,11.0
1772,22.0,112.6445508311994,112.64144426542516,323.3465625223066,323.3483288697421,203.9259175033531,203.9237400980682,28.01893537069537,28.019166183764714,0.024338264695848492,883.0,11.0
1773,22.0,112.64144426542516,112.64132766489824,323.3483288697421,323.3476634089453,203.9237400980682,203.9268107987515,28.019166183764714,28.01935312622129,0.015523853500843815,883.0,11.0
1774,22.0,112.64132766489824,112.64337947384077,323.3476634089453,323.3488705016383,203.9268107987515,203.9259463540909,28.01935312622129,28.019513085220545,0.02552352469397562,883.0,11.0
1775,22.0,112.64337947384077,112.64384115846269,323.3488705016383,323.3501337743954,203.9259463540909,203.9268264241134,28.019513085220545,28.019629083512157,0.016359847292591267,883.0,11.0
1776,22.0,112.64384115846269,112.64333230067807,323.3501337743954,323.35106375422754,203.9268264241134,203.92684149898935,28.019629083512157,28.019715620177355,0.014319521571592119,883.0,11.0
1777,22.0,112.64333230067807,112.64361556237634,323.35106375422754,323.35116343658666,203.92684149898935,203.92631179950178,28.019715620177355,28.019773601799887,0.010912501249870565,883.0,11.0
1778,22.0,112.64361556237634,112.64362952595238,323.35116343658666,323.3514752833949,203.92631179950178,203.92626753006516,28.019773601799887,28.019809353762167,0.023654662135807004,883.0,11.0
1779,22.0,116.79949085227429,116.79952274390209,329.8585494741335,329.85854784392336,202.45000071136445,202.44996880478192,28.279857353895075,28.27986367385488,0.0010854268399034348,884.0,11.0
1780,22.0,116.79952274390209,116.7996191917897,329.85854784392336,329.85853838855485,202.44996880478192,202.44988610236484,28.27986367385488,28.27988215741206,0.014066315728605878,884.0,11.0
1781,22.0,116.94509916023033,116.94510967263989,331.38415346211093,331.3841554474769,203.57291599815218,203.57291636950973,28.343232065927374,28.343235263741086,0.0032156944075557034,886.0,11.0
1782,22.0,116.370757672471,116.36998347253909,332.7357666550762,332.73534208237095,204.38562301069163,204.3871790021027,28.399218352862,28.399317079930825,0.0018453951011856704,887.0,11.0
1783,22.0,116.36998347253909,116.36888882470002,332.73534208237095,332.73440811664926,204.3871790021027,204.39101198471698,28.399317079930825,28.39954415387244,0.022648333089855744,887.0,11.0
1784,22.0,116.36888882470002,116.36843439363611,332.73440811664926,332.73210488048437,204.39101198471698,204.39308269648188,28.39954415387244,28.39973050065976,0.025543818078030245,887.0,11.0
1785,22.0,116.36843232048656,116.3681634891175,332.73209280141293,332.7311634187407,204.39307539287248,204.39253305770222,28.39973144595557,28.399820793814634,0.015557344679621441,887.0,11.0
1786,22.0,116.3681634891175,116.36839627252387,332.7311634187407,332.7317216884597,204.39253305770222,204.39241263095266,28.399820793814634,28.399879320279396,0.015559567814915928,887.0,11.0
1787,22.0,116.36839627252387,116.36835337595895,332.7317216884597,332.73191797739344,204.39241263095266,204.39232207352825,28.399879320279396,28.399906839356817,0.01927037955890456,887.0,11.0
1788,22.0,116.37075732143151,116.37075697779844,332.7357642794383,332.7357592767454,204.3856214663575,204.385614180841,28.39921924849101,28.399222051989124,0.0028530684115985186,888.0,11.0
1789,22.0,116.60501310307252,116.6050021147029,332.6817408781702,332.68185891474184,204.318628242245,204.31863928322102,28.408173198737888,28.40818596797009,0.0012914278045662738,891.0,11.0
1790,22.0,116.6050021147029,116.60492834880695,332.68185891474184,332.6822052818849,204.31863928322102,204.31859775903484,28.40818596797009,28.408225100330085,0.02537390197262124,891.0,11.0
1791,22.0,116.60501361926704,116.60501520155071,332.681738485861,332.68173115274976,204.31862752873386,204.3186253416183,28.408174032104995,28.408176606872114,0.002638729172906357,892.0,11.0
1792,22.0,121.76972688858567,121.77495511109399,365.7812408530835,365.77636285118245,189.06535901363412,189.07003131668222,26.334796788846607,26.335147839852276,0.017097196231975743,895.0,11.0
1793,22.0,121.77495511109399,121.78301603391694,365.77636285118245,365.7621206088694,189.07003131668222,189.07380954635656,26.335147839852276,26.335845437316262,0.05345631006519671,895.0,11.0
1794,22.0,121.78301603391694,121.78116255228042,365.7621206088694,365.750309655513,189.07380954635656,189.0794985923403,26.335845437316262,26.336417403723257,0.04665836090324502,895.0,11.0
1795,22.0,121.78116255228042,121.77978162650263,365.750309655513,365.74096272953193,189.0794985923403,189.07531658432598,26.336417403723257,26.33688429381107,0.022925964868697503,895.0,11.0
1796,22.0,121.77978162650263,121.7831355716348,365.74096272953193,365.73427588957315,189.07531658432598,189.07034402921184,26.33688429381107,26.337301380698825,0.029696363256276198,895.0,11.0
1797,22.0,121.7831355716348,121.78929344605176,365.73427588957315,365.73067521062933,189.07034402921184,189.07200064703852,26.337301380698825,26.337656016454954,0.041955503154516835,895.0,11.0
1798,22.0,121.78929344605176,121.79228655471168,365.73067521062933,365.73250051278865,189.07200064703852,189.07580698920702,26.337656016454954,26.337926976834062,0.04065537979910392,895.0,11.0
1799,22.0,121.79228655471168,121.79257197255149,365.73250051278865,365.7358367802562,189.07580698920702,189.0757805051219,26.337926976834062,26.33812271009917,0.0163755296177496,895.0,11.0
1800,22.0,121.79257197255149,121.79456925227609,365.7358367802562,365.73706480983856,189.0757805051219,189.07445937485807,26.33812271009917,26.33828978121659,0.012922746732181729,895.0,11.0
1801,22.0,121.79456925227609,121.79597228503914,365.73706480983856,365.73810239238514,189.07445937485807,189.07311565179356,26.33828978121659,26.33843459488974,0.01216207473845185,895.0,11.0
1802,22.0,121.79597228503914,121.79561994777794,365.73810239238514,365.73979150826386,189.07311565179356,189.07349058280448,26.33843459488974,26.33855850758641,0.06031019159716504,895.0,11.0
1803,22.0,121.79561994777794,121.7955758633721,365.73979150826386,365.73983061360485,189.07349058280448,189.0734636870381,26.33855850758641,26.3385698709469,0.009496242262524213,895.0,11.0
1804,22.0,150.41539082298888,150.41615992931722,356.1743323177765,356.1748053576919,181.20459702493386,181.20331472448737,27.376167831619007,27.376256779239842,0.005189121269250481,896.0,11.0
1805,22.0,150.41615992931722,150.41690159519013,356.1748053576919,356.1755093749908,181.20331472448737,181.19993421837952,27.376256779239842,27.376460313055322,0.015278585558816496,896.0,11.0
1806,22.0,150.41690159519013,150.41948148195183,356.1755093749908,356.17566192504967,181.19993421837952,181.19860592286688,27.376460313055322,27.376636871656288,0.014329448985182052,896.0,11.0
1807,22.0,150.41948148195183,150.42178593900252,356.17566192504967,356.17598948707337,181.19860592286688,181.1982585517019,27.376636871656288,27.37678867027865,0.013269749623600878,896.0,11.0
1808,22.0,150.42178593900252,150.42010882349962,356.17598948707337,356.17680877253014,181.1982585517019,181.19836955576062,27.37678867027865,27.376917675297193,0.016939498332505135,896.0,11.0
1809,22.0,150.42010882349962,150.41885309338127,356.17680877253014,356.176680987288,181.19836955576062,181.1981117230762,27.376917675297193,27.377016977822578,0.0329010320110931,896.0,11.0
1810,22.0,150.41885309338127,150.41902912926508,356.176680987288,356.176702535872,181.1981117230762,181.19835162525138,27.377016977822578,27.37705131062387,0.02292075486236301,896.0,11.0
1811,22.0,158.6912240340942,158.69125019591743,350.5646766579866,350.56470031406275,180.80757889052455,180.80761547736557,27.709927156697766,27.709936710791737,0.008238339127966721,898.0,11.0
1812,22.0,160.38652706059028,160.3878306854041,349.3147366672303,349.2999133656657,180.52681813161564,180.52090535732242,27.78080333528054,27.781406469444427,0.02972602149134371,901.0,11.0
1813,22.0,160.3878306854041,160.3772663417882,349.2999133656657,349.2697467755306,180.52090535732242,180.51490455973632,27.781406469444427,27.78264105978333,0.07217519680658568,901.0,11.0
1814,22.0,160.3772663417882,160.37472820682768,349.2697467755306,349.26171239186317,180.51490455973632,180.48926315550983,27.78264105978333,27.783689123278187,0.05817366954761082,901.0,11.0
1815,22.0,160.37472820682768,160.36661235026776,349.26171239186317,349.246428007992,180.48926315550983,180.47465895480474,27.783689123278187,27.784589057558517,0.04995862816324528,901.0,11.0
1816,22.0,160.36661235026776,160.36334097906663,349.246428007992,349.2397185515564,180.47465895480474,180.49218357017187,27.784589057558517,27.78536509507044,0.03874162475972828,901.0,11.0
1817,22.0,160.36334097906663,160.37329836011537,349.2397185515564,349.2291834155008,180.49218357017187,180.49977077833086,27.78536509507044,27.786047487500678,0.03785171150689608,901.0,11.0
1818,22.0,160.37329836011537,160.36203886555134,349.2291834155008,349.22208268209096,180.49977077833086,180.50355588214282,27.786047487500678,27.786640811504974,0.0386956069152342,901.0,11.0
1819,22.0,160.36203886555134,160.35454120565117,349.22208268209096,349.23052589030317,180.50355588214282,180.50498149703844,27.786640811504974,27.787145911006384,0.0871408716684274,901.0,11.0
1820,22.0,160.35454120565117,160.34902788968878,349.23052589030317,349.2330153205587,180.50498149703844,180.50287026518885,27.787145911006384,27.78746533626662,0.03175013243381131,901.0,11.0
1821,22.0,160.34902788968878,160.34461825066052,349.2330153205587,349.23481849624994,180.50287026518885,180.5020363598569,27.78746533626662,27.787722719128226,0.026636984345357773,901.0,11.0
1822,22.0,160.34461825066052,160.34790980675376,349.23481849624994,349.23399378788633,180.5020363598569,180.50335323307658,27.787722719128226,27.787930821866876,0.015910273117977644,901.0,11.0
1823,22.0,160.34790980675376,160.3480166488619,349.23399378788633,349.23456398225693,180.50335323307658,180.50627816588772,27.787930821866876,27.788110713973005,0.022871192034821304,901.0,11.0
1824,22.0,160.3480166488619,160.3471565279799,349.23456398225693,349.2339439729917,180.50627816588772,180.50810049219808,27.788110713973005,27.788251118508775,0.018411167752577912,901.0,11.0
1825,22.0,160.3471565279799,160.34815671177174,349.2339439729917,349.23377580658746,180.50810049219808,180.50704767787002,27.788251118508775,27.788359645017685,0.033734885557998764,901.0,11.0
1826,22.0,160.34815671177174,160.3484113314062,349.23377580658746,349.2340587237036,180.50704767787002,180.50691183374707,27.788359645017685,27.788402552598463,0.014300213102847457,901.0,11.0
1827,22.0,160.3484113314062,160.34839562429627,349.2340587237036,349.2340842788255,180.50691183374707,180.5070181737792,27.788402552598463,27.788419229787305,0.012954532664251618,901.0,11.0
1828,22.0,177.20592593134776,177.20617320585384,361.2131645589342,361.2130734789238,195.8656593734576,195.86562720025958,28.637579330355052,28.637602502477243,0.0034331291192335267,902.0,11.0
1829,22.0,177.20617320585384,177.2068830733403,361.2130734789238,361.2129079912167,195.86562720025958,195.86559234497454,28.637602502477243,28.637668669353832,0.016232366143166574,902.0,11.0
1830,22.0,177.2068830733403,177.20712526231443,361.2129079912167,361.21281151461665,195.86559234497454,195.86570608140244,28.637668669353832,28.63770182199268,0.02230431642574826,902.0,11.0
1831,22.0,177.90866354815617,177.90865651209768,364.67714791146034,364.6771515128298,199.83769620462417,199.83769642733296,28.814934946336912,28.81493754212578,0.002658560586621878,904.0,11.0
1832,22.0,177.89887837577103,177.89872490069394,365.90159370538606,365.9030913318118,200.9473143777489,200.9495905951368,28.870054193257523,28.870191712532954,0.0059983363465963765,907.0,11.0
1833,22.0,177.89872490069394,177.89777684086556,365.9030913318118,365.90420383916364,200.9495905951368,200.95520842970706,28.870191712532954,28.870487629955214,0.019565519421393618,907.0,11.0
1834,22.0,177.89777684086556,177.90115027776918,365.90420383916364,365.90651607840874,200.95520842970706,200.95560499843387,28.870487629955214,28.870706112185548,0.015534182246957887,907.0,11.0
1835,22.0,177.90115027776918,177.90397597024952,365.90651607840874,365.9039838031018,200.95560499843387,200.95595681995457,28.870706112185548,28.870921387284024,0.016683404932250564,907.0,11.0
1836,22.0,177.90397597024952,177.90529425571162,365.9039838031018,365.9042020996299,200.95595681995457,200.95314798683157,28.870921387284024,28.871106872337297,0.019478669415277365,907.0,11.0
1837,22.0,177.90529425571162,177.9074299792938,365.9042020996299,365.90449183473856,200.95314798683157,200.95408890588283,28.871106872337297,28.871258593901818,0.03458947054790313,907.0,11.0
1838,22.0,177.9074299792938,177.90810119979136,365.90449183473856,365.9046143078056,200.95408890588283,200.95500486943757,28.871258593901818,28.871349815980484,0.020803434359151433,907.0,11.0
1839,22.0,177.90810119979136,177.90834768731247,365.9046143078056,365.9045397502626,200.95500486943757,200.95542656281475,28.871349815980484,28.871399558533092,0.02067328054708131,907.0,11.0
1840,22.0,177.90834768731247,177.90841391532084,365.9045397502626,365.9045405794765,200.95542656281475,200.95540449847095,28.871399558533092,28.871411547942305,0.009920065421218625,907.0,11.0
1841,22.0,177.98643160327163,177.9862670610767,364.4884391684693,364.488160465196,201.11481007179552,201.11468079078335,28.917611661985166,28.91764001104302,0.0017407413123564077,909.0,11.0
1842,22.0,177.9862670610767,177.98583304773382,364.488160465196,364.4872716384988,201.11468079078335,201.1144473634191,28.91764001104302,28.917723986128838,0.020388863024447135,909.0,11.0
1843,22.0,177.98583304773382,177.98615129604346,364.4872716384988,364.48709144572956,201.1144473634191,201.11461257768877,28.917723986128838,28.917766672466986,0.027145426173181556,909.0,11.0
1844,22.0,192.986847828919,192.98695690884202,368.61608038557677,368.61616510466627,206.83203211200265,206.83205471152024,29.470500098371076,29.470514540108304,0.0031010455076165965,911.0,11.0
1845,22.0,192.98695690884202,192.98719398417157,368.61616510466627,368.61644830233405,206.83205471152024,206.8320581436496,29.470514540108304,29.470554699142593,0.02050386024253013,911.0,11.0
1846,22.0,192.98719398417157,192.98717459241817,368.61644830233405,368.61645717712463,206.8320581436496,206.83207091535328,29.470554699142593,29.47056045558777,0.005385105664996764,911.0,11.0
1847,22.0,192.98684822817103,192.9868490992052,368.61607806346024,368.61607127292336,206.8320322024103,206.8320310406757,29.470500878486067,29.470503253145747,0.002448404222622231,912.0,11.0
1848,22.0,189.47005157115157,189.47003221261326,363.3613232806901,363.36129899925106,205.70508803933922,205.70511660634338,29.684738935985514,29.684747305735694,0.007382054887908141,916.0,11.0
1849,22.0,190.51451530218404,190.51452683669862,361.3048294805942,361.30480542592375,205.24142270192297,205.24142516526135,29.77512340297961,29.775129470993956,0.005633240921659909,919.0,11.0
1850,22.0,185.1094196115627,185.10941466296342,358.46878765585546,358.4687843077579,207.31866365149955,207.3186718268988,29.995690846887047,29.995693924321028,0.0031059260250037414,922.0,11.0
1851,22.0,181.68645093288208,181.6864516129357,359.46218141165645,359.4621786684771,205.1209507881877,205.12094510353964,30.13715947040786,30.137161703937064,0.0023122766331346994,924.0,11.0
1852,22.0,179.2936088558595,179.29347875853495,360.74454723624046,360.74481162613563,205.461888175579,205.4617746033129,30.228426122888266,30.228450536164697,0.0027483133837044415,925.0,11.0
1853,22.0,179.29347875853495,179.29318130056714,360.74481162613563,360.7459420265451,205.4617746033129,205.4619676498623,30.228450536164697,30.22854414547704,0.017469905562213468,925.0,11.0
1854,22.0,179.29318130056714,179.29337755600076,360.7459420265451,360.74653540783675,205.4619676498623,205.46190151429246,30.22854414547704,30.2286034855996,0.03108007820468654,925.0,11.0
1855,22.0,179.29337755600076,179.29336913016724,360.74653540783675,360.7465259852925,205.46190151429246,205.46191154628212,30.2286034855996,30.228607738710267,0.004142528280625463,925.0,11.0
1856,22.0,179.2936110892246,179.29361726221236,360.744546295792,360.74454355723606,205.46188790898896,205.46188766196846,30.228426929468725,30.228429260357824,0.0024063693008323007,926.0,11.0
1857,22.0,177.90430460284645,177.90430219844637,365.90259509340046,365.9025806666777,200.9556043623719,200.95561334556493,28.87087528584662,28.870879726107827,0.004301649519607277,931.0,11.0
1858,22.0,177.904306025889,177.90430813309652,365.90260267475804,365.9026115174221,200.95560172498367,200.9556020966395,28.87087477318547,28.870877631728284,0.0029042124881075585,932.0,11.0
1859,22.0,108.23890000110411,108.23891995097009,366.4102878497304,366.4103505302206,205.7366224435695,205.7366966646933,31.273597076452766,31.274161899276923,0.2557581587268159,935.0,1000180400.0
1860,22.0,108.23911962205156,108.23912156653812,366.41036896748096,366.41036812881373,205.7363377133228,205.73633814757108,31.273609703185087,31.27361078818417,0.0011322011945370945,943.0,11.0
1861,22.0,107.45902663838032,107.45919523876209,368.5985242833648,368.59911135550624,207.71416784467687,207.71464960239328,31.375360189170998,31.37541224189997,0.005613445910828276,946.0,11.0
1862,22.0,107.45919523876209,107.45945951039312,368.59911135550624,368.6004744798604,207.71464960239328,207.71590684402562,31.37541224189997,31.375541406886125,0.013222902776880591,946.0,11.0
1863,22.0,107.45945951039312,107.45939110971445,368.6004744798604,368.60185036877647,207.71590684402562,207.7162341359886,31.375541406886125,31.37564752766,0.012301336458910992,946.0,11.0
1864,22.0,107.45939110971445,107.45909147869607,368.60185036877647,368.6027409339387,207.7162341359886,207.71660370928277,31.37564752766,31.375731113471957,0.008921890212448602,946.0,11.0
1865,22.0,107.45909147869607,107.45915489314314,368.6027409339387,368.60325639480857,207.71660370928277,207.71609676660574,31.375731113471957,31.375797017550454,0.015361156858763509,946.0,11.0
1866,22.0,107.45915489314314,107.45896786584694,368.60325639480857,368.60321011452555,207.71609676660574,207.71632831602975,31.375797017550454,31.375831593439628,0.02304702164174786,946.0,11.0
1867,22.0,97.43203050812106,97.43169086491211,367.52217515535096,367.52218777869246,200.96192234731518,200.9617942426873,31.780186633391565,31.780215865918517,0.0013144288346535933,947.0,11.0
1868,22.0,97.43169086491211,97.43064651054945,367.52218777869246,367.5219693561531,200.9617942426873,200.96187231530274,31.780215865918517,31.78030295790746,0.01491477428348278,947.0,11.0
1869,22.0,97.43064651054945,97.4300583859974,367.5219693561531,367.52204027683933,200.96187231530274,200.9619674950958,31.78030295790746,31.7803603169611,0.015147327970917264,947.0,11.0
1870,22.0,97.4300583859974,97.43018642324316,367.52204027683933,367.5219255853004,200.9619674950958,200.96210058073183,31.7803603169611,31.780387563200087,0.019119681763061974,947.0,11.0
1871,22.0,101.27617171438531,101.27623718205098,366.58009519424627,366.58009475913025,203.4303955613065,203.4304267990357,31.93578023727687,31.935789113021407,0.001560483438323144,948.0,11.0
1872,22.0,101.27623718205098,101.27641956114618,366.58009475913025,366.58013719494954,203.4304267990357,203.43051352104607,31.935789113021407,31.935815345036982,0.01855650229145029,948.0,11.0
1873,22.0,100.1086985949369,100.10869683821038,366.94315065510057,366.9431614442229,204.05281998014664,204.05283322211542,31.981544447996622,31.981548889477413,0.004302682480658501,949.0,11.0
1874,22.0,99.20251584061398,99.20203902007493,366.3459751151428,366.34598949969745,204.23419220863883,204.23395635604138,32.018245419274706,32.01828367161643,0.002558531195598472,950.0,11.0
1875,22.0,99.20203902007493,99.20135176525193,366.34598949969745,366.34552125009037,204.23395635604138,204.23265900199647,32.01828367161643,32.01839628917482,0.01421788474842569,950.0,11.0
1876,22.0,99.20135176525193,99.20123807659469,366.34552125009037,366.3455440949698,204.23265900199647,204.2318554825251,32.01839628917482,32.01846243112618,0.007853790801761476,950.0,11.0
1877,22.0,99.20123807659469,99.20168335171022,366.3455440949698,366.34558683657536,204.2318554825251,204.2317523935066,32.01846243112618,32.01850955317236,0.016869603473602043,950.0,11.0
1878,22.0,99.20168335171022,99.20170180912311,366.34558683657536,366.345608592652,204.2317523935066,204.23165321682598,32.01850955317236,32.01852542949354,0.012452372158044896,950.0,11.0
1879,22.0,99.20251402161406,99.20250828296206,366.34597493068634,366.3459754420874,204.23419043964748,204.23418605285144,32.01824625093562,32.018248694750156,0.0025144998540583986,951.0,11.0
1880,22.0,99.20207412145695,99.20210362013358,366.34613180763796,366.346168784037,204.23404551971186,204.23401595845755,32.018546149455084,32.01855635969417,0.008701660165064615,955.0,11.0
1881,22.0,99.20206972560113,99.20206496218013,366.34611539071113,366.3461121818348,204.23405052285517,204.23404686307853,32.018543892506415,32.01854623580033,0.0024182985182828825,956.0,11.0
1882,22.0,109.31680224557203,109.33052857008961,366.004202603364,366.00633229416707,203.27794169156724,203.25829957786658,31.36416381032031,31.365041366080106,0.047675942864771316,960.0,11.0
1883,22.0,109.33052857008961,109.36081655430353,366.00633229416707,366.01157935827655,203.25829957786658,203.22641269356276,31.365041366080106,31.366669796074962,0.15967781621293992,960.0,11.0
1884,22.0,109.36081655430353,109.33763430393613,366.01157935827655,366.00341036076463,203.22641269356276,203.20697149698395,31.366669796074962,31.367864576861994,0.07480214500370144,960.0,11.0
1885,22.0,109.33763430393613,109.31357293096592,366.00341036076463,366.0093457916616,203.20697149698395,203.21358853279727,31.367864576861994,31.368867139905557,0.05661894980505163,960.0,11.0
1886,22.0,109.31357293096592,109.29335192726664,366.0093457916616,366.0118075116099,203.21358853279727,203.2068171683982,31.368867139905557,31.369726643760806,0.051614608629977236,960.0,11.0
1887,22.0,109.29335192726664,109.28393796857435,366.0118075116099,365.9974771272069,203.2068171683982,203.20203320979553,31.369726643760806,31.370459336964615,0.04263140790917187,960.0,11.0
1888,22.0,109.28393796857435,109.26915761931858,365.9974771272069,365.99559305274266,203.20203320979553,203.20227725696938,31.370459336964615,31.371090342009296,0.04319994129867549,960.0,11.0
1889,22.0,109.26915761931858,109.27105715912919,365.99559305274266,365.9932373903564,203.20227725696938,203.1905544972679,31.371090342009296,31.37162166668839,0.04057259328122247,960.0,11.0
1890,22.0,109.27105715912919,109.27083284384203,365.9932373903564,365.98920644571103,203.1905544972679,203.18180546605518,31.37162166668839,31.372062938587195,0.04416617581119809,960.0,11.0
1891,22.0,109.27083284384203,109.26699110987934,365.98920644571103,365.9864425812808,203.18180546605518,203.17644924638435,31.372062938587195,31.37241086882596,0.028521662311797074,960.0,11.0
1892,22.0,109.26699110987934,109.26694825113887,365.9864425812808,365.981703046398,203.17644924638435,203.17333248857054,31.37241086882596,31.372701582535335,0.02197405343319025,960.0,11.0
1893,22.0,109.26694825113887,109.26577661070864,365.981703046398,365.97723738851676,203.17333248857054,203.17338048447826,31.372701582535335,31.37295008383414,0.01725890566802933,960.0,11.0
1894,22.0,109.26577661070864,109.2624403130264,365.97723738851676,365.97763159560736,203.17338048447826,203.171517275737,31.37295008383414,31.373166654841977,0.016545959077118623,960.0,11.0
1895,22.0,109.2624403130264,109.2596889849676,365.97763159560736,365.9780340317599,203.171517275737,203.17004779197197,31.373166654841977,31.373353635168126,0.015557962138662429,960.0,11.0
1896,22.0,109.2596889849676,109.2579007191973,365.9780340317599,365.9783602620821,203.17004779197197,203.1682849805919,31.373353635168126,31.373513572479464,0.021768973944071193,960.0,11.0
1897,22.0,109.2579007191973,109.25941210834294,365.9783602620821,365.977589901799,203.1682849805919,203.16865894870946,31.373513572479464,31.373636071046175,0.015425476455705212,960.0,11.0
1898,22.0,109.25941210834294,109.26035727415737,365.977589901799,365.97797780721794,203.16865894870946,203.1680043130311,31.373636071046175,31.373731273339473,0.013050449900060804,960.0,11.0
1899,22.0,109.26035727415737,109.26046131665233,365.97797780721794,365.9785371016446,203.1680043130311,203.16745396762565,31.373731273339473,31.373801457344637,0.011462190569281624,960.0,11.0
1900,22.0,109.26046131665233,109.2602658052972,365.9785371016446,365.97822694690296,203.16745396762565,203.1677177865592,31.373801457344637,31.373848022707104,0.017002974652285573,960.0,11.0
1901,22.0,109.2602658052972,109.26020189870103,365.97822694690296,365.9781564465802,203.1677177865592,203.1677389361649,31.373848022707104,31.373863259813817,0.012047406540674249,960.0,11.0
1902,22.0,100.27271129576499,100.27252405555124,349.0962502421166,349.0960139574906,216.3020118221384,216.30271791624654,32.137749434714806,32.13780094565014,0.0018045728425241847,962.0,11.0
1903,22.0,100.27252405555124,100.27170319410591,349.0960139574906,349.09570183045895,216.30271791624654,216.3045041051355,32.13780094565014,32.13793575635014,0.03151101880052324,962.0,11.0
1904,22.0,100.27170319410591,100.2712010938849,349.09570183045895,349.09514156211424,216.3045041051355,216.30397003464495,32.13793575635014,32.13801412994319,0.011212862796035852,962.0,11.0
1905,22.0,100.2712010938849,100.27143454980992,349.09514156211424,349.09536375702953,216.30397003464495,216.3034939214469,32.13801412994319,32.138069725112175,0.017696586245142924,962.0,11.0
1906,22.0,100.27143454980992,100.27150192907445,349.09536375702953,349.0953561585403,216.3034939214469,216.3036327717413,32.138069725112175,32.13809098089432,0.01572045901809548,962.0,11.0
1907,22.0,99.83373729458813,99.83360221947054,348.381456492943,348.3814005334579,215.60846420659533,215.60850399381607,32.17410093226528,32.174121888276986,0.01554430269027823,965.0,11.0
1908,22.0,100.42620310290185,100.42625009165725,347.45312092039404,347.45273917153196,214.48537714345622,214.48543642917883,32.2265614535837,32.22659053969875,0.0031814308325495114,967.0,11.0
1909,22.0,100.42625009165725,100.42638245452173,347.45273917153196,347.4515874167724,214.48543642917883,214.48607258789835,32.22659053969875,32.22669168525044,0.02420043162738029,967.0,11.0
1910,22.0,100.42638245452173,100.42663412045768,347.4515874167724,347.45112752401644,214.48607258789835,214.4858983081925,32.22669168525044,32.2267456777368,0.013224638622211573,967.0,11.0
1911,22.0,100.42663412045768,100.42673832290066,347.45112752401644,347.4509300138567,214.4858983081925,214.4858927898168,32.2267456777368,32.22677346873134,0.01942022934884606,967.0,11.0
1912,22.0,99.59872693473342,99.5987486316162,350.80692159301714,350.80692858382014,216.16040778291534,216.16044883593995,32.35462163377996,32.35463066490459,0.007863291432219685,968.0,11.0
1913,22.0,98.61269987729217,98.61261775077091,351.5394826607723,351.53960107557657,215.42148461438242,215.42126033331516,32.40244207094137,32.40247368883899,0.020694239159464188,970.0,11.0
1914,22.0,101.28348462386737,101.28349811878154,349.92621215387715,349.92621959098744,220.80232692952185,220.8023676900495,32.610294924982156,32.61030348851774,0.00752387974566973,971.0,11.0
1915,22.0,103.26015979357817,103.26055681465975,351.01976423407217,351.01981888376815,219.7583007990945,219.75849983909225,32.69330244181556,32.69333656911754,0.0016107475406827354,974.0,11.0
1916,22.0,103.26055681465975,103.2616039390623,351.01981888376815,351.0197587733226,219.75849983909225,219.75923615430088,32.69333656911754,32.69343550363077,0.011419033675049626,974.0,11.0
1917,22.0,103.2616039390623,103.2613028802522,351.0197587733226,351.0192895240982,219.75923615430088,219.75995384662178,32.69343550363077,32.693513033596226,0.015617055377827727,974.0,11.0
1918,22.0,103.2613028802522,103.26088662880458,351.0192895240982,351.0193064954056,219.75995384662178,219.76009259599536,32.693513033596226,32.693558640897436,0.028581921752344995,974.0,11.0
1919,22.0,103.26015850450554,103.26015296020971,351.01976413605496,351.01976635475773,219.7582988190561,219.7582944300253,32.693303214520434,32.693305697452125,0.0025517390796152882,975.0,11.0
1920,22.0,124.40655363412084,124.41969495396218,358.28277323481484,358.2945330283987,224.82959936708662,224.85246682498854,32.151061686980135,32.152096736269556,0.08027649005912113,978.0,11.0
1921,22.0,124.41969495396218,124.44641679100532,358.2945330283987,358.324244867794,224.85246682498854,224.88714258522182,32.152096736269556,32.154011814732634,0.1254235334441329,978.0,11.0
1922,22.0,124.44641679100532,124.46836169643802,358.324244867794,358.35660461570797,224.88714258522182,224.9031917478582,32.154011814732634,32.15557268136024,0.10687920772411869,978.0,11.0
1923,22.0,124.46836169643802,124.49650292832735,358.35660461570797,358.361991019303,224.9031917478582,224.9207087960586,32.15557268136024,32.15684294532587,0.07834333292775293,978.0,11.0
1924,22.0,124.49650292832735,124.5133211963695,358.361991019303,358.37069049611046,224.9207087960586,224.9407121460806,32.15684294532587,32.157909781797294,0.0953739419740717,978.0,11.0
1925,22.0,124.5133211963695,124.51409049546096,358.37069049611046,358.38793355349395,224.9407121460806,224.92970148380172,32.157909781797294,32.15873508864123,0.06922813501686162,978.0,11.0
1926,22.0,124.51409049546096,124.51984625731743,358.38793355349395,358.39795841102915,224.92970148380172,224.91914606921108,32.15873508864123,32.15939261301996,0.03545272096121849,978.0,11.0
1927,22.0,124.51984625731743,124.5177267628317,358.39795841102915,358.40604530092594,224.91914606921108,224.9087805790939,32.15939261301996,32.15996731477076,0.0672698675351608,978.0,11.0
1928,22.0,124.5177267628317,124.5109485534056,358.40604530092594,358.4061251961434,224.9087805790939,224.90258231176398,32.15996731477076,32.160391925648874,0.03705794776443442,978.0,11.0
1929,22.0,124.5109485534056,124.50910970614805,358.4061251961434,358.39928117777026,224.90258231176398,224.903221455308,32.160391925648874,32.16073863178993,0.024993246295547496,978.0,11.0
1930,22.0,124.50910970614805,124.51028115892703,358.39928117777026,358.3979076303857,224.903221455308,224.8976895831754,32.16073863178993,32.16103510355598,0.046586931362965586,978.0,11.0
1931,22.0,124.51028115892703,124.51373785776737,358.3979076303857,358.39686830563625,224.8976895831754,224.89714223858064,32.16103510355598,32.1612436683506,0.07252146588295295,978.0,11.0
1932,22.0,124.51373785776737,124.5146961488048,358.39686830563625,358.39682714315074,224.89714223858064,224.89704546208537,32.1612436683506,32.161324542517576,0.01401882509783619,978.0,11.0
1933,22.0,124.5146961488048,124.51516585378158,358.39682714315074,358.3967632057867,224.89704546208537,224.89728470365563,32.161324542517576,32.16137698669792,0.018899648435061995,978.0,11.0
1934,22.0,124.51516585378158,124.5151611812042,358.3967632057867,358.3968230854219,224.89728470365563,224.89737821997073,32.16137698669792,32.16139373492001,0.012998794464174974,978.0,11.0
1935,22.0,134.12735346543062,134.12820532656443,350.19789038665533,350.19328226727123,228.7416769626255,228.74665029593615,32.59253175845624,32.59282392721766,0.012865545719443806,979.0,11.0
1936,22.0,134.12820532656443,134.12920834946004,350.19328226727123,350.1842993407146,228.74665029593615,228.75630752085598,32.59282392721766,32.593395437115575,0.04049898293023616,979.0,11.0
1937,22.0,134.12920834946004,134.13287016643903,350.1842993407146,350.1773870091861,228.75630752085598,228.76359724785365,32.593395437115575,32.593875484804315,0.03578197013499966,979.0,11.0
1938,22.0,134.13287016643903,134.13364173049519,350.1773870091861,350.1698591442047,228.76359724785365,228.76765810999956,32.593875484804315,32.594277855033525,0.030464252267010883,979.0,11.0
1939,22.0,134.13364173049519,134.13116746254582,350.1698591442047,350.1705310410853,228.76765810999956,228.77407775396077,32.594277855033525,32.59461678779675,0.018990297555510505,979.0,11.0
1940,22.0,134.13116746254582,134.125822886375,350.1705310410853,350.1715225442758,228.77407775396077,228.77644670245022,32.59461678779675,32.59491759757943,0.017836081821568914,979.0,11.0
1941,22.0,134.125822886375,134.12557458997995,350.1715225442758,350.17376062783586,228.77644670245022,228.78097046816674,32.59491759757943,32.595183693731265,0.03253175039174879,979.0,11.0
1942,22.0,134.12557458997995,134.12227783423816,350.17376062783586,350.1751051153365,228.78097046816674,228.7813759990883,32.595183693731265,32.59538941190917,0.015113087650530717,979.0,11.0
1943,22.0,134.12227783423816,134.1199411181041,350.1751051153365,350.1741960742603,228.7813759990883,228.77980129492477,32.59538941190917,32.59556838127232,0.015471251632780467,979.0,11.0
1944,22.0,134.1199411181041,134.11884516689912,350.1741960742603,350.17225178078724,228.77980129492477,228.77902686243482,32.59556838127232,32.59572059493873,0.011986517564859606,979.0,11.0
1945,22.0,134.11884516689912,134.1190071473946,350.17225178078724,350.17090252489686,228.77902686243482,228.7776648505788,32.59572059493873,32.59585222015598,0.013139808715918003,979.0,11.0
1946,22.0,134.1190071473946,134.1182940106523,350.17090252489686,350.17071535522655,228.7776648505788,228.7763963896476,32.59585222015598,32.59596102272282,0.019591924957425847,979.0,11.0
1947,22.0,134.1182940106523,134.11787935665947,350.17071535522655,350.17012723260245,228.7763963896476,228.77599404926946,32.59596102272282,32.59603330426141,0.01616050450584212,979.0,11.0
1948,22.0,134.11787935665947,134.11793946445087,350.17012723260245,350.17028182692997,228.77599404926946,228.77567787233176,32.59603330426141,32.59607247553565,0.00975223601803723,979.0,11.0
1949,22.0,134.11793946445087,134.11809112382167,350.17028182692997,350.17026990089994,228.77567787233176,228.77569572178544,32.59607247553565,32.596093596386694,0.01564124349693132,979.0,11.0
1950,22.0,153.54796064891673,153.57390116136463,343.8172399873516,343.8148896945793,228.76296097844778,228.7627668510625,33.27447448797825,33.275417632889905,0.037995356686826964,983.0,11.0
1951,22.0,153.57390116136463,153.62066539248357,343.8148896945793,343.8048536528485,228.7627668510625,228.75030699209984,33.275417632889905,33.2772169851183,0.11704502375992183,983.0,11.0
1952,22.0,153.62066539248357,153.62830850286323,343.8048536528485,343.8109696964781,228.75030699209984,228.71192395204986,33.2772169851183,33.27868924656163,0.1583685819418699,983.0,11.0
1953,22.0,153.62830850286323,153.6460496031738,343.8109696964781,343.8314846416276,228.71192395204986,228.71087935175245,33.27868924656163,33.27974246427194,0.0677201568651827,983.0,11.0
1954,22.0,153.6460496031738,153.6528811703882,343.8314846416276,343.82533643741846,228.71087935175245,228.73096903146202,33.27974246427194,33.28062346876989,0.03985801483290722,983.0,11.0
1955,22.0,153.6528811703882,153.66128682852894,343.82533643741846,343.8335579339326,228.73096903146202,228.74618365824313,33.28062346876989,33.28140575506008,0.05623742453798285,983.0,11.0
1956,22.0,153.66128682852894,153.67092795588172,343.8335579339326,343.84124649230137,228.74618365824313,228.75532918954406,33.28140575506008,33.28205267117824,0.03684961808152372,983.0,11.0
1957,22.0,153.67092795588172,153.68256785102395,343.84124649230137,343.844406344996,228.75532918954406,228.7600129446915,33.28205267117824,33.28261386045501,0.08233174124351579,983.0,11.0
1958,22.0,153.68256785102395,153.68978016228544,343.844406344996,343.8425216089752,228.7600129446915,228.76290302571437,33.28261386045501,33.282993969692065,0.037040481743697194,983.0,11.0
1959,22.0,153.68978016228544,153.68545943645987,343.8425216089752,343.84359188742775,228.76290302571437,228.76696190982744,33.282993969692065,33.283298477235896,0.02688270384145431,983.0,11.0
1960,22.0,153.68545943645987,153.68457561891492,343.84359188742775,343.8394902083742,228.76696190982744,228.76911102064642,33.283298477235896,33.283550917494104,0.022473525484394036,983.0,11.0
1961,22.0,153.68457561891492,153.6838242224516,343.8394902083742,343.8359077388568,228.76911102064642,228.76852878785309,33.283550917494104,33.28376182307504,0.01260303927857514,983.0,11.0
1962,22.0,153.6838242224516,153.68551493355034,343.8359077388568,343.83337125806776,228.76852878785309,228.76762902156233,33.28376182307504,33.28395024288225,0.02063726325511472,983.0,11.0
1963,22.0,153.68551493355034,153.68681574488676,343.83337125806776,343.8334114056828,228.76762902156233,228.76961071263236,33.28395024288225,33.28410284107258,0.028869847450499333,983.0,11.0
1964,22.0,153.68681574488676,153.68652344435512,343.8334114056828,343.8334736117209,228.76961071263236,228.7709256957301,33.28410284107258,33.284205386351864,0.020554546856644585,983.0,11.0
1965,22.0,153.68652344435512,153.68632637777097,343.8334736117209,343.8337478170762,228.7709256957301,228.77152116591387,33.284205386351864,33.28426854598652,0.01069457172030325,983.0,11.0
1966,22.0,153.68632637777097,153.68610323285003,343.8337478170762,343.8340271097573,228.77152116591387,228.77165473562314,33.28426854598652,33.28430968249295,0.018619038717865057,983.0,11.0
1967,22.0,153.68610323285003,153.68612782664576,343.8340271097573,343.8339997990124,228.77165473562314,228.77168222137067,33.28430968249295,33.28431856753767,0.007757676428817271,983.0,11.0
1968,22.0,147.80890625140722,147.80760941720877,339.40910445141134,339.4087529927138,227.29833153649957,227.29834257204828,33.52075582595291,33.520834796892665,0.0044292968134438185,984.0,11.0
1969,22.0,147.80760941720877,147.80453022309206,339.4087529927138,339.40901005943533,227.29834257204828,227.29859552053745,33.520834796892665,33.52101983826598,0.015672125919437473,984.0,11.0
1970,22.0,147.80453022309206,147.8032825964129,339.40901005943533,339.4068799155736,227.29859552053745,227.29830369635437,33.52101983826598,33.52117767831863,0.01436454276819681,984.0,11.0
1971,22.0,147.8032825964129,147.8043130635079,339.4068799155736,339.4057762656057,227.29830369635437,227.29706062634767,33.52117767831863,33.521310831974404,0.025871336598254892,984.0,11.0
1972,22.0,147.8043130635079,147.8034381572819,339.4057762656057,339.4054339090401,227.29706062634767,227.29758058951074,33.521310831974404,33.52139815413525,0.012257065328474516,984.0,11.0
1973,22.0,147.8034381572819,147.80399395121188,339.4054339090401,339.40554507727353,227.29758058951074,227.29796312722027,33.52139815413525,33.52146126422075,0.01383488350515994,984.0,11.0
1974,22.0,147.80399395121188,147.80374117675342,339.40554507727353,339.40562962668116,227.29796312722027,227.29811143270672,33.52146126422075,33.52149615906883,0.017031849195936193,984.0,11.0
1975,22.0,147.80374117675342,147.8037627444317,339.40562962668116,339.40562247376363,227.29811143270672,227.29808994530134,33.52149615906883,33.521502926945736,0.00618049460869094,984.0,11.0
1976,22.0,147.8089083217217,147.8089130929938,339.40910350241666,339.4090971197973,227.29833052728654,227.29832958247772,33.520756639938526,33.52075926212197,0.00268342,985.0,11.0
1977,22.0,148.3957395451327,148.39607030563113,339.4377661401451,339.437889846897,227.27575474428994,227.27570106251287,33.54036827485577,33.54039689155532,0.0014667661746122105,988.0,11.0
1978,22.0,148.39607030563113,148.39662722839623,339.437889846897,339.4388055603506,227.27570106251287,227.27585142538788,33.54039689155532,33.54048470174438,0.017353513610662546,988.0,11.0
1979,22.0,148.39662722839623,148.39699494391013,339.4388055603506,339.4385983455526,227.27585142538788,227.2755146970106,33.54048470174438,33.54053779388278,0.008618374552779447,988.0,11.0
1980,22.0,148.39699494391013,148.39729534671048,339.4385983455526,339.4386023062537,227.2755146970106,227.27560543409635,33.54053779388278,33.540573425124876,0.015198165180088397,988.0,11.0
1981,22.0,148.39729534671048,148.3972833866835,339.4386023062537,339.4385929487884,227.27560543409635,227.2756556537404,33.540573425124876,33.54058319869607,0.008394366321034607,988.0,11.0
1982,22.0,141.7361256625238,141.73614020729815,336.5788614856483,336.5788714190848,228.73672529856293,228.73675687219787,33.78697831481746,33.78698581486999,0.0067368636851007635,989.0,11.0
1983,22.0,140.16139931447768,140.1613814247738,336.31638603154073,336.31638457393404,227.00180295470167,227.00180332433365,33.865620749157436,33.865625330984024,0.004421232733645878,992.0,11.0
1984,22.0,140.25925072667042,140.2599415372194,336.13521703574895,336.1353776166824,226.43756045989107,226.43730394332707,33.885654255794535,33.88570487114651,0.002201177862053352,994.0,11.0
1985,22.0,140.2599415372194,140.2618992790714,336.1353776166824,336.1352961518663,226.43730394332707,226.43706346930608,33.88570487114651,33.88583890395645,0.018322997761241026,994.0,11.0
1986,22.0,140.2618992790714,140.26240054554128,336.1352961518663,336.1342015157144,226.43706346930608,226.4376512552255,33.88583890395645,33.885940981524236,0.024217003238326228,994.0,11.0
1987,22.0,140.26240054554128,140.2622256278364,336.1342015157144,336.13368493796304,226.4376512552255,226.4378065554819,33.885940981524236,33.88599601765968,0.017997214104615147,994.0,11.0
1988,22.0,140.2622256278364,140.2621976948802,336.13368493796304,336.13359168944197,226.4378065554819,226.4379139124016,33.88599601765968,33.886016307323324,0.015150505269969576,994.0,11.0
1989,22.0,141.73612433107118,141.73611961438584,336.5788688072804,336.5788729748186,228.7367190246369,228.73672337400006,33.78697689419323,33.786979431863436,0.0026036606016516654,997.0,11.0
1990,22.0,104.51388555022118,104.51307518636818,355.4689577967621,355.4681405637635,217.50017743826658,217.50516264876075,31.82369439491655,31.8239245090713,0.017092164332943527,1000.0,11.0
1991,22.0,104.51307518636818,104.5109867078623,355.4681405637635,355.46737008292973,217.50516264876075,217.51447155640184,31.8239245090713,31.82436341081192,0.05371758032273521,1000.0,11.0
1992,22.0,104.5109867078623,104.51534476691388,355.46737008292973,355.46259380159756,217.51447155640184,217.5132288069945,31.82436341081192,31.824689685731286,0.022325238057702416,1000.0,11.0
1993,22.0,104.51534476691388,104.51566065873132,355.46259380159756,355.4611074562298,217.5132288069945,217.51846593793175,31.824689685731286,31.824971720014478,0.017845324866455858,1000.0,11.0
1994,22.0,104.51566065873132,104.5176095231762,355.4611074562298,355.4646347042925,217.51846593793175,217.52068894453538,31.824971720014478,31.82521962279399,0.03136292305042393,1000.0,11.0
1995,22.0,104.5176095231762,104.5205623379193,355.4646347042925,355.4648880495441,217.52068894453538,217.51940003735945,31.82521962279399,31.82541034725811,0.021547048337509197,1000.0,11.0
1996,22.0,104.5205623379193,104.5216067802038,355.4648880495441,355.46698485970467,217.51940003735945,217.51985192537418,31.82541034725811,31.825563627770865,0.022306543451970307,1000.0,11.0
1997,22.0,104.5216067802038,104.52284321176856,355.46698485970467,355.4662110096725,217.51985192537418,217.52047108070013,31.825563627770865,31.8256784719388,0.01406356469317431,1000.0,11.0
1998,22.0,104.52284321176856,104.52331414023267,355.4662110096725,355.4652509404831,217.52047108070013,217.52078161373115,31.8256784719388,31.825768070708754,0.017101796124943145,1000.0,11.0
1999,22.0,104.52331414023267,104.52346963001551,355.4652509404831,355.46569842218884,217.52078161373115,217.52110756828966,31.825768070708754,31.825823672490927,0.016137295357590165,1000.0,11.0
2000,22.0,104.52346963001551,104.52339752268988,355.46569842218884,355.46578997634845,217.52110756828966,217.5209673864967,31.825823672490927,31.825847641590308,0.01728293596310487,1000.0,11.0
2001,22.0,113.16823884197159,113.1679461006112,332.3139803090873,332.3125694344043,210.27159942284038,210.27025386659062,32.68277779651277,32.68288449045905,0.008334804425221073,1002.0,11.0
2002,22.0,113.1679461006112,113.16850595938797,332.3125694344043,332.30962208060936,210.27025386659062,210.2674040854566,32.68288449045905,32.68311336857889,0.01589501337486254,1002.0,11.0
2003,22.0,113.16850595938797,113.17107493887245,332.30962208060936,332.3085062844315,210.2674040854566,210.2694178729389,32.68311336857889,32.68331341378206,0.016267447543386077,1002.0,11.0
2004,22.0,113.17107493887245,113.1713365588572,332.3085062844315,332.3060837430914,210.2694178729389,210.26805917761203,32.68331341378206,32.683484864543836,0.01108844728847699,1002.0,11.0
2005,22.0,113.1713365588572,113.1727939844637,332.3060837430914,332.3042481429118,210.26805917761203,210.26774564436943,32.683484864543836,32.68363718193006,0.009523717497986429,1002.0,11.0
2006,22.0,113.1727939844637,113.17169256651042,332.3042481429118,332.30302392305794,210.26774564436943,210.26658542938407,32.68363718193006,32.68377313874844,0.016795842108707427,1002.0,11.0
2007,22.0,113.17169256651042,113.17231684737085,332.30302392305794,332.3024429031598,210.26658542938407,210.26543904269403,32.68377313874844,32.683879936532584,0.011075208484028976,1002.0,11.0
2008,22.0,113.17231684737085,113.17212782915553,332.3024429031598,332.3016531242163,210.26543904269403,210.26612320024128,32.683879936532584,32.68396656936481,0.012270708830933681,1002.0,11.0
2009,22.0,113.17212782915553,113.17271472023053,332.3016531242163,332.3014276922618,210.26612320024128,210.2663610735623,32.68396656936481,32.68402889581161,0.019715456576109222,1002.0,11.0
2010,22.0,113.17271472023053,113.1728838266124,332.3014276922618,332.3013926137593,210.2663610735623,210.26632594498307,32.68402889581161,32.68405228318169,0.016951574777405047,1002.0,11.0
2011,22.0,113.16823901058589,113.1682394972045,332.3139825766339,332.31398912074235,210.27159851265515,210.271595885873,32.68277860719003,32.68278101087143,0.0024761880942908506,1003.0,11.0
2012,22.0,121.70710810409494,121.7070832717357,336.2337517810318,336.2338302447733,219.89720831885847,219.8973101455179,33.13145466541179,33.13146841202585,0.001316856981264801,1007.0,11.0
2013,22.0,121.7070832717357,121.70694886376091,336.2338302447733,336.23406171910887,219.8973101455179,219.89759018384174,33.13146841202585,33.13151000413061,0.017985998478422256,1007.0,11.0
2014,22.0,121.70694886376091,121.70699667495742,336.23406171910887,336.23404868951593,219.89759018384174,219.89756665396243,33.13151000413061,33.13152009351542,0.008617250464523978,1007.0,11.0
2015,22.0,128.08026460130952,128.08190747522463,334.36786359436195,334.36632166961056,219.48386293739856,219.4837331427524,33.35339267573023,33.35351172045782,0.004970392107312694,1008.0,11.0
2016,22.0,128.08190747522463,128.0854228028937,334.36632166961056,334.36314840697645,219.4837331427524,219.4830657536168,33.35351172045782,33.353766924372465,0.01701630842492533,1008.0,11.0
2017,22.0,128.0854228028937,128.08517593170765,334.36314840697645,334.3604827950534,219.4830657536168,219.4800831176383,33.353766924372465,33.353990419046646,0.037788755402222755,1008.0,11.0
2018,22.0,128.08517593170765,128.08505986762023,334.3604827950534,334.35979288264366,219.4800831176383,219.47772448317855,33.353990419046646,33.354147096721654,0.017275042101944003,1008.0,11.0
2019,22.0,128.08505986762023,128.08621613137262,334.35979288264366,334.35931768963644,219.47772448317855,219.47905881163496,33.354147096721654,33.354274086337156,0.01045563697567293,1008.0,11.0
2020,22.0,128.08621613137262,128.0867915545624,334.35931768963644,334.35916899795535,219.47905881163496,219.4777178255994,33.354274086337156,33.354382868942,0.014289820944450655,1008.0,11.0
2021,22.0,128.0867915545624,128.08582695977543,334.35916899795535,334.3589459251954,219.4777178255994,219.47780618527446,33.354382868942,33.35446552704457,0.016934547970117925,1008.0,11.0
2022,22.0,128.08582695977543,128.08612394355112,334.3589459251954,334.35929476457454,219.47780618527446,219.4779322261124,33.35446552704457,33.35451385988485,0.01974848857458943,1008.0,11.0
2023,22.0,128.08612394355112,128.08614839751664,334.35929476457454,334.35932605035714,219.4779322261124,219.4779931890579,33.35451385988485,33.354526209562216,0.010161748094839617,1008.0,11.0
2024,22.0,128.0802645918387,128.08026464349047,334.3678654822079,334.36787070174864,219.48386122933502,219.48385625299383,33.35339350799599,33.35339594497031,0.0025079779385215675,1009.0,11.0
2025,22.0,104.31529042586874,104.31521699151043,352.8974259735463,352.89769738384354,202.55379764728391,202.55462111038315,31.754835281094824,31.754910428097972,0.012388033738260614,1012.0,11.0
2026,22.0,104.31521699151043,104.31529577066756,352.89769738384354,352.89721029974754,202.55462111038315,202.5545904628775,31.754910428097972,31.754960189822462,0.0150641641810614,1012.0,11.0
2027,22.0,104.31529577066756,104.31527402896093,352.89721029974754,352.8970711985312,202.5545904628775,202.55453471396723,31.754960189822462,31.754981135909773,0.015538460323876846,1012.0,11.0
2028,22.0,99.20074825784684,99.19269452921226,337.23274880486946,337.23170389052416,196.2991764251542,196.295330008273,32.342736421670324,32.3431043450248,0.01820911901334195,1013.0,11.0
2029,22.0,99.19269452921226,99.17790680488605,337.23170389052416,337.2332836743119,196.295330008273,196.2867609436437,32.3431043450248,32.34381481989399,0.04201376238017799,1013.0,11.0
2030,22.0,99.17790680488605,99.19042273404436,337.2332836743119,337.22952531776946,196.2867609436437,196.28087106503273,32.34381481989399,32.34442571934069,0.036234324547028185,1013.0,11.0
2031,22.0,99.19042273404436,99.19607104123205,337.22952531776946,337.21894140478764,196.28087106503273,196.2813151865971,32.34442571934069,32.344953365788164,0.034601057684762855,1013.0,11.0
2032,22.0,99.19607104123205,99.19804008881214,337.21894140478764,337.2130046048493,196.2813151865971,196.28897917528346,32.344953365788164,32.345404100405894,0.03180729645369787,1013.0,11.0
2033,22.0,99.19804008881214,99.19103134022936,337.2130046048493,337.2101195801183,196.28897917528346,196.29172476786658,32.345404100405894,32.34578670239278,0.02485212485303767,1013.0,11.0
2034,22.0,99.19103134022936,99.19078693925735,337.2101195801183,337.20553730139324,196.29172476786658,196.29662703840035,32.34578670239278,32.346118024503035,0.017139588425065848,1013.0,11.0
2035,22.0,99.19078693925735,99.18799902763456,337.20553730139324,337.20119295238175,196.29662703840035,196.2993458841202,32.346118024503035,32.34641509422842,0.02314627805068169,1013.0,11.0
2036,22.0,99.18799902763456,99.18859674230438,337.20119295238175,337.197185406796,196.2993458841202,196.30175300200563,32.34641509422842,32.34666748432008,0.01663013127295116,1013.0,11.0
2037,22.0,99.18859674230438,99.18652089728742,337.197185406796,337.19614433451375,196.30175300200563,196.3049597311041,32.34666748432008,32.346888963295065,0.017158392837612134,1013.0,11.0
2038,22.0,99.18652089728742,99.18472713919353,337.19614433451375,337.19451203715863,196.3049597311041,196.3070929793752,32.346888963295065,32.34707960870236,0.022788893635269963,1013.0,11.0
2039,22.0,99.18472713919353,99.1825550417312,337.19451203715863,337.1953729035571,196.3070929793752,196.307024752226,32.34707960870236,32.34723067523661,0.08560553608895057,1013.0,11.0
2040,22.0,105.48564058917461,105.48529034825178,307.8992792276335,307.89805924943363,186.53270416380445,186.53042009613753,33.395096140725364,33.39522968670973,0.006462446620861013,1015.0,11.0
2041,22.0,105.48529034825178,105.48435111029956,307.89805924943363,307.89445664475545,186.53042009613753,186.52647926105143,33.39522968670973,33.39551046115963,0.046586948129137815,1015.0,11.0
2042,22.0,105.48435111029956,105.48142319954589,307.89445664475545,307.8936707116834,186.52647926105143,186.5251426827409,33.39551046115963,33.3957046775245,0.021037034613910318,1015.0,11.0
2043,22.0,105.48142319954589,105.47910898742882,307.8936707116834,307.89281789146906,186.5251426827409,186.5253980929919,33.3957046775245,33.39586223319447,0.012237123147105747,1015.0,11.0
2044,22.0,105.47910898742882,105.47755320275105,307.89281789146906,307.8929561921718,186.5253980929919,186.52668894260248,33.39586223319447,33.39599875481058,0.012163928622038045,1015.0,11.0
2045,22.0,105.47755320275105,105.47686374254901,307.8929561921718,307.8915224962558,186.52668894260248,186.5265385284921,33.39599875481058,33.39611427747929,0.012350558124036628,1015.0,11.0
2046,22.0,105.47686374254901,105.47608835439351,307.8915224962558,307.8912152203646,186.5265385284921,186.52737669836756,33.39611427747929,33.3962077600655,0.016787043729267627,1015.0,11.0
2047,22.0,105.47608835439351,105.47613468787281,307.8912152203646,307.8917666240505,186.52737669836756,186.5277119261955,33.3962077600655,33.39626837073604,0.035836414558897293,1015.0,11.0
2048,22.0,107.0504092231952,107.05379230717304,303.8206097275449,303.8098219152648,186.96504366732324,186.95948613691422,33.54152645965446,33.54202009414878,0.03742274439417977,1016.0,11.0
2049,22.0,107.05379230717304,107.06240720917233,303.8098219152648,303.7944900935127,186.95948613691422,186.94563274341942,33.54202009414878,33.542911226014795,0.09754092559321062,1016.0,11.0
2050,22.0,107.06240720917233,107.06636317781783,303.7944900935127,303.7934918798586,186.94563274341942,186.93065152084645,33.542911226014795,33.5435642783809,0.06172574089323143,1016.0,11.0
2051,22.0,107.06636317781783,107.06371745138708,303.7934918798586,303.79875297331876,186.93065152084645,186.92073357057845,33.5435642783809,33.54407492620785,0.025321411832411506,1016.0,11.0
2052,22.0,107.06371745138708,107.07369037293547,303.79875297331876,303.7983150644,186.92073357057845,186.92124216192332,33.54407492620785,33.544529451485005,0.02893433989240177,1016.0,11.0
2053,22.0,107.07369037293547,107.07813643982247,303.7983150644,303.7927879326754,186.92124216192332,186.92558903150464,33.544529451485005,33.54492175755533,0.018879533345292056,1016.0,11.0
2054,22.0,107.07813643982247,107.07357125720564,303.7927879326754,303.7874168938944,186.92558903150464,186.92740192125075,33.54492175755533,33.545274687531816,0.027203678370277904,1016.0,11.0
2055,22.0,107.07357125720564,107.07046644788174,303.7874168938944,303.7911035663163,186.92740192125075,186.92406878306264,33.545274687531816,33.545572775381245,0.023996032025215174,1016.0,11.0
2056,22.0,107.07046644788174,107.07315174349753,303.7911035663163,303.79186460113254,186.92406878306264,186.92029046574004,33.545572775381245,33.54582453615146,0.018494673931905733,1016.0,11.0
2057,22.0,107.07315174349753,107.07642752623615,303.79186460113254,303.7935191676881,186.92029046574004,186.91908417787218,33.54582453615146,33.54604200537624,0.019115119653797752,1016.0,11.0
2058,22.0,107.07642752623615,107.07903823702596,303.7935191676881,303.7949967895304,186.91908417787218,186.91847572987265,33.54604200537624,33.546225340862094,0.031462324730887274,1016.0,11.0
2059,22.0,107.07903823702596,107.08034711314485,303.7949967895304,303.796233186783,186.91847572987265,186.91898227996296,33.546225340862094,33.54635437392541,0.010842563671480102,1016.0,11.0
2060,22.0,107.08034711314485,107.08171973197368,303.796233186783,303.79568536780846,186.91898227996296,186.91876367871834,33.54635437392541,33.546464568219406,0.02733105051245019,1016.0,11.0
2061,22.0,107.08171973197368,107.08207327050903,303.79568536780846,303.79618182279523,186.91876367871834,186.91873850141124,33.546464568219406,33.54652262618577,0.023913076548465795,1016.0,11.0
2062,22.0,107.08207327050903,107.08207056023325,303.79618182279523,303.79610259373766,186.91873850141124,186.91874255325735,33.54652262618577,33.54653577252177,0.010690902059445066,1016.0,11.0
2063,22.0,110.1449209648528,110.14523083810472,302.2335276067839,302.2332321309915,199.36143910358473,199.36163888366167,33.970990008623275,33.971025520015054,0.0022535918617579377,1017.0,11.0
2064,22.0,110.14523083810472,110.14570511130646,302.2332321309915,302.23219849745493,199.36163888366167,199.362322629934,33.971025520015054,33.97112691075974,0.01263775614378585,1017.0,11.0
2065,22.0,110.14570511130646,110.14622051212898,302.23219849745493,302.23149453801597,199.362322629934,199.36259317810453,33.97112691075974,33.971204725152305,0.013114712527738026,1017.0,11.0
2066,22.0,110.14622051212898,110.14606595296189,302.23149453801597,302.23124545877585,199.36259317810453,199.36301292189847,33.971204725152305,33.97125578315899,0.017977434981518603,1017.0,11.0
2067,22.0,110.14606595296189,110.14603043980954,302.23124545877585,302.23134953136,199.36301292189847,199.3630462671826,33.97125578315899,33.971272939011165,0.013251927662429039,1017.0,11.0
2068,22.0,109.87169326441901,109.87209341023095,303.80437371415525,303.8053376507037,202.24569891863047,202.24642512924456,34.08094297313573,34.08104136279386,0.014734670301388718,1019.0,11.0
2069,22.0,109.87209341023095,109.87171891842831,303.8053376507037,303.80484289689065,202.24642512924456,202.24593019546776,34.08104136279386,34.081111687184865,0.01214711213805192,1019.0,11.0
2070,22.0,109.87171891842831,109.87209808118178,303.80484289689065,303.8046694037759,202.24593019546776,202.24580566041993,34.081111687184865,34.08115699433165,0.02565411247546986,1019.0,11.0
2071,22.0,109.87209808118178,109.87209208788575,303.8046694037759,303.8046687004784,202.24580566041993,202.24581163428513,34.08115699433165,34.08115972034548,0.00278079746473724,1019.0,11.0
2072,22.0,107.3704768549486,107.37047098542462,305.23791470329513,305.23791687314963,203.70885560680418,203.70884771852263,34.18875059345197,34.188753658925386,0.0030949741614175598,1021.0,11.0
2073,22.0,105.25493083231702,105.25426933191902,308.8887942005836,308.88915273497616,209.37755589907698,209.37774517761167,34.424470181365585,34.424522143971245,0.00275334456332501,1024.0,11.0
2074,22.0,105.25426933191902,105.25255141992871,308.88915273497616,308.89003709981563,209.37774517761167,209.37812211820614,34.424522143971245,34.42465591187693,0.018349890549608377,1024.0,11.0
2075,22.0,105.25255141992871,105.2513577436013,308.89003709981563,308.88944729740246,209.37812211820614,209.37804432554475,34.42465591187693,34.424757664542106,0.04537284778493332,1024.0,11.0
2076,22.0,105.2513577436013,105.25138234682956,308.88944729740246,308.8894903391818,209.37804432554475,209.3779642320329,34.424757664542106,34.42477253067441,0.01181066627789712,1024.0,11.0
2077,22.0,118.20989506494243,118.20996504401148,307.22899295728996,307.22906547665445,220.0058648260815,220.00586476827635,34.98615387642696,34.98616354144627,0.001365550941513776,1027.0,11.0
2078,22.0,118.20996504401148,118.21023920326982,307.22906547665445,307.2295019917818,220.00586476827635,220.00566456348193,34.98616354144627,34.98621757156242,0.018984148080089542,1027.0,11.0
2079,22.0,118.21023920326982,118.21019649867821,307.2295019917818,307.2293896106909,220.00566456348193,220.00564778065237,34.98621757156242,34.98623542031824,0.013678853226953749,1027.0,11.0
2080,22.0,120.4813229487459,120.48137327247696,309.832161138724,309.8321619248237,219.99467643732322,219.99472118955183,35.101395296192294,35.10140376882174,0.002579497313207617,1028.0,11.0
2081,22.0,120.48137327247696,120.48148351317093,309.8321619248237,309.83213498878865,219.99472118955183,219.9948425725933,35.10140376882174,35.10142617664879,0.016389476150033517,1028.0,11.0
2082,22.0,120.48032878982107,120.48033047668002,309.87584122527244,309.8758624027153,219.95824241616916,219.9582291794606,35.103294478510335,35.103300263081664,0.0054076260995502366,1029.0,11.0
2083,22.0,119.24589048372313,119.24587487739507,310.60957950408243,310.6095784191402,217.6568467145039,217.65684653534194,35.19377938130805,35.193783543431394,0.004064703807935083,1031.0,11.0
2084,22.0,119.04630107702378,119.04626361923268,310.81871057870006,310.81879993861196,215.44112195010683,215.44050690185162,35.27298327629384,35.27304221202929,0.013810083859027902,1034.0,11.0
2085,22.0,119.04626361923268,119.04628685446612,310.81879993861196,310.8185408388246,215.44050690185162,215.44052301197127,35.27304221202929,35.273073312905055,0.021217335267305504,1034.0,11.0
2086,22.0,117.1368226515809,117.13678461435191,313.2043423200965,313.2043739827142,217.11280485192827,217.1128046923639,35.38914279350091,35.389149551089346,0.003691899230950798,1035.0,11.0
2087,22.0,117.13678461435191,117.13673209001331,313.2043739827142,313.204455834078,217.1128046923639,217.11283069695986,35.389149551089346,35.38916514626302,0.012274713591699654,1035.0,11.0
2088,22.0,120.94156684296176,120.94215826786149,313.3092165143095,313.30905407976013,219.9740051014097,219.9744332316055,35.5479751573599,35.54802547927812,0.003161166816300957,1036.0,11.0
2089,22.0,120.94215826786149,120.94352046311614,313.30905407976013,313.30821164953977,219.9744332316055,219.97549721141462,35.54802547927812,35.548157048274454,0.010396630250445932,1036.0,11.0
2090,22.0,120.94352046311614,120.94338046796467,313.30821164953977,313.3088033528241,219.97549721141462,219.97693337943983,35.548157048274454,35.548270616710965,0.014573162779444067,1036.0,11.0
2091,22.0,120.94338046796467,120.94350841241605,313.3088033528241,313.30912847183646,219.97693337943983,219.9759187445993,35.548270616710965,35.54835789926085,0.02217431067043038,1036.0,11.0
2092,22.0,120.94350841241605,120.94360151407375,313.30912847183646,313.3088308266383,219.9759187445993,219.9761698016834,35.54835789926085,35.54840051170248,0.024680194157877103,1036.0,11.0
2093,22.0,120.94360151407375,120.94359487096247,313.3088308266383,313.30883059305626,219.9761698016834,219.9761714824157,35.54840051170248,35.54840286582029,0.0024286968351179966,1036.0,11.0
2094,22.0,108.33489109151712,108.33743178578564,366.4999494185812,366.4992535270734,205.69331459583572,205.68927714085953,31.278210529094583,31.278429732167293,0.01311093719864332,1039.0,11.0
2095,22.0,108.33743178578564,108.34028417337993,366.4992535270734,366.49760537826745,205.68927714085953,205.68065720874566,31.278429732167293,31.27885592770416,0.03253004677854188,1039.0,11.0
2096,22.0,108.34028417337993,108.33743963154821,366.49760537826745,366.49709691092215,205.68065720874566,205.673845536414,31.27885592770416,31.279213461773278,0.04237592120417718,1039.0,11.0
2097,22.0,108.33743963154821,108.33511785688741,366.49709691092215,366.4968125062518,205.673845536414,205.66917637084686,31.279213461773278,31.279486318423015,0.015511625935812581,1039.0,11.0
2098,22.0,108.33511785688741,108.33354404808047,366.4968125062518,366.4927022633078,205.66917637084686,205.6700716854992,31.279486318423015,31.279729705662394,0.0211493804720899,1039.0,11.0
2099,22.0,108.33354404808047,108.33249900647031,366.4927022633078,366.4893260270026,205.6700716854992,205.6696660750939,31.279729705662394,31.27993432729142,0.025092004121581173,1039.0,11.0
2100,22.0,108.33249900647031,108.3326219979313,366.4893260270026,366.4870320425058,205.6696660750939,205.67076662593863,31.27993432729142,31.280094947598442,0.006945601481414995,1039.0,11.0
2101,22.0,108.3326219979313,108.33043798564108,366.4870320425058,366.4876689173726,205.67076662593863,205.67098402022876,31.280094947598442,31.280243610685243,0.01176432424954073,1039.0,11.0
2102,22.0,108.33043798564108,108.33062489409951,366.4876689173726,366.489457336419,205.67098402022876,205.67051393047163,31.280243610685243,31.2803720696569,0.013082985889076224,1039.0,11.0
2103,22.0,108.33062489409951,108.33027737767145,366.489457336419,366.4903383203626,205.67051393047163,205.67155422604168,31.2803720696569,31.280477709754532,0.011300867230642664,1039.0,11.0
2104,22.0,108.33027737767145,108.33014407209949,366.4903383203626,366.4910532399495,205.67155422604168,205.67228833819166,31.280477709754532,31.280562683864055,0.009396518754569108,1039.0,11.0
2105,22.0,108.33014407209949,108.33012681396765,366.4910532399495,366.49171438991397,205.67228833819166,205.6719707603957,31.280562683864055,31.28062910981794,0.011617111944222968,1039.0,11.0
2106,22.0,108.33012681396765,108.33008256402043,366.49171438991397,366.49210028873813,205.6719707603957,205.67206089501263,31.28062910981794,31.28067159580942,0.020764636165045362,1039.0,11.0
2107,22.0,108.33008256402043,108.33011438219822,366.49210028873813,366.49209912789706,205.67206089501263,205.67206524733092,31.28067159580942,31.280678494953612,0.006281710901930845,1039.0,11.0
2108,22.0,121.52217051992268,121.52181632671656,384.2621300826254,384.26434280568213,205.699763333858,205.69856246052328,32.01613350397301,32.01626355916445,0.0033781802574136604,1041.0,11.0
2109,22.0,121.52181632671656,121.52031263494666,384.26434280568213,384.26872825207806,205.69856246052328,205.69551106109057,32.01626355916445,32.016549435494476,0.029889858227037134,1041.0,11.0
2110,22.0,121.52031263494666,121.51985667318506,384.26872825207806,384.2727817742531,205.69551106109057,205.69477828792165,32.016549435494476,32.01677858442583,0.015642670365351406,1041.0,11.0
2111,22.0,121.51985667318506,121.52306955228865,384.2727817742531,384.2740682941766,205.69477828792165,205.69497372155197,32.01677858442583,32.016979342554414,0.02258876842161029,1041.0,11.0
2112,22.0,121.52306955228865,121.52506054940238,384.2740682941766,384.27567389837895,205.69497372155197,205.69509244679028,32.016979342554414,32.01714055781845,0.011515189690859483,1041.0,11.0
2113,22.0,121.52506054940238,121.5258675375268,384.27567389837895,384.27550960282497,205.69509244679028,205.69705636945378,32.01714055781845,32.01728196290758,0.013546791216312743,1041.0,11.0
2114,22.0,121.5258675375268,121.52597105290212,384.27550960282497,384.27388047058304,205.69705636945378,205.69682717631258,32.01728196290758,32.01740003499642,0.011706396373370353,1041.0,11.0
2115,22.0,121.52597105290212,121.52653892670928,384.27388047058304,384.27281059430965,205.69682717631258,205.69714413171909,32.01740003499642,32.01749736228442,0.01279095768985338,1041.0,11.0
2116,22.0,121.52653892670928,121.52609533370796,384.27281059430965,384.27238994836796,205.69714413171909,205.69657289775805,32.01749736228442,32.017570416156296,0.014655856444820724,1041.0,11.0
2117,22.0,121.52609533370796,121.52631266563412,384.27238994836796,384.2727221664159,205.69657289775805,205.69665247411945,32.017570416156296,32.01761338236634,0.01695989035949594,1041.0,11.0
2118,22.0,121.52631266563412,121.52638680786973,384.2727221664159,384.27272308697127,205.69665247411945,205.69666200143797,32.01761338236634,32.01762597490809,0.010323809015023274,1041.0,11.0
2119,22.0,134.68763986892137,134.6933087915545,392.36093049911864,392.35922973770926,206.54643779009933,206.54373209543036,32.532697789932435,32.53297862720925,0.012312367166842492,1042.0,11.0
2120,22.0,134.6933087915545,134.70262988002372,392.35922973770926,392.3563320444021,206.54373209543036,206.53587214184546,32.53297862720925,32.53352524657319,0.04289184755476118,1042.0,11.0
2121,22.0,134.70262988002372,134.71150293415803,392.3563320444021,392.35200289166596,206.53587214184546,206.53655509829576,32.53352524657319,32.53397612922138,0.043546330421499496,1042.0,11.0
2122,22.0,134.71150293415803,134.71882346224075,392.35200289166596,392.35164933093176,206.53655509829576,206.53540234230815,32.53397612922138,32.534334421396956,0.02607788885451433,1042.0,11.0
2123,22.0,134.71882346224075,134.71677326108113,392.35164933093176,392.34733466946875,206.53540234230815,206.5316925040119,32.534334421396956,32.53463988034437,0.02012435414264224,1042.0,11.0
2124,22.0,134.71677326108113,134.71824224444475,392.34733466946875,392.3459185324799,206.5316925040119,206.52706645237384,32.53463988034437,32.534906089810846,0.017508836748623482,1042.0,11.0
2125,22.0,134.71824224444475,134.7165021783194,392.3459185324799,392.3484707896699,206.52706645237384,206.52997581729943,32.534906089810846,32.53513931893322,0.017206335046597427,1042.0,11.0
2126,22.0,134.7165021783194,134.71435049215282,392.3484707896699,392.35090295633046,206.52997581729943,206.53126403117017,32.53513931893322,32.535341229389694,0.014391292950230292,1042.0,11.0
2127,22.0,134.71435049215282,134.71267916038832,392.35090295633046,392.3532330271543,206.53126403117017,206.53172920860158,32.535341229389694,32.535517754106706,0.01580833223391574,1042.0,11.0
2128,22.0,134.71267916038832,134.7145600880212,392.3532330271543,392.3541470958533,206.53172920860158,206.53268038015304,32.535517754106706,32.535666975270466,0.030389454851161464,1042.0,11.0
2129,22.0,134.7145600880212,134.71522790342237,392.3541470958533,392.354607344345,206.53268038015304,206.5317522437077,32.535666975270466,32.5357632348503,0.012322662704654415,1042.0,11.0
2130,22.0,134.71522790342237,134.715331177676,392.354607344345,392.3553577300194,206.5317522437077,206.5320986168944,32.5357632348503,32.53583605064202,0.010011455895009813,1042.0,11.0
2131,22.0,134.715331177676,134.71483523111516,392.3553577300194,392.3551757290653,206.5320986168944,206.532111133119,32.53583605064202,32.53588830964817,0.018958553972048688,1042.0,11.0
2132,22.0,134.71483523111516,134.71476531223587,392.3551757290653,392.35525881560767,206.532111133119,206.53212012181876,32.53588830964817,32.535904820265394,0.012850562984400897,1042.0,11.0
2133,22.0,139.1995081556164,139.1993897945856,403.78702279205515,403.7894846148703,210.351781873918,210.35071290894953,32.96167883331475,32.96181533828597,0.00589622910900642,1045.0,11.0
2134,22.0,139.1993897945856,139.1994879053644,403.7894846148703,403.79488258832293,210.35071290894953,210.34924810833914,32.96181533828597,32.96210294928441,0.017362988262459803,1045.0,11.0
2135,22.0,139.1994879053644,139.19808405397163,403.79488258832293,403.7990071963178,210.34924810833914,210.34733635165853,32.96210294928441,32.96235715967988,0.02214736198169856,1045.0,11.0
2136,22.0,139.19808405397163,139.19442973061788,403.7990071963178,403.7989619786781,210.34733635165853,210.34644885231947,32.96235715967988,32.96257034887186,0.022838134095926034,1045.0,11.0
2137,22.0,139.19442973061788,139.19247960749365,403.7989619786781,403.800603913048,210.34644885231947,210.3452459281396,32.96257034887186,32.962743082065856,0.014349097089794378,1045.0,11.0
2138,22.0,139.19247960749365,139.19053635209116,403.800603913048,403.80125067715426,210.3452459281396,210.34622623258005,32.962743082065856,32.962891062398874,0.021313925029454298,1045.0,11.0
2139,22.0,139.19053635209116,139.1908451139567,403.80125067715426,403.8017986793825,210.34622623258005,210.3476024237647,32.962891062398874,32.963002245875835,0.01321175525692703,1045.0,11.0
2140,22.0,139.1908451139567,139.19102159457134,403.8017986793825,403.80278396939445,210.3476024237647,210.34721542688936,32.963002245875835,32.96308953252063,0.028500225102507486,1045.0,11.0
2141,22.0,139.19102159457134,139.19104453737629,403.80278396939445,403.80275141145756,210.34721542688936,210.3469671510301,32.96308953252063,32.96311982907903,0.020785156748799348,1045.0,11.0
2142,22.0,140.18610312145447,140.18591605200757,404.87817896970154,404.87812177438065,212.02608490156376,212.0264144999932,33.03603355668886,33.03607482395867,0.017530583001952475,1047.0,11.0
2143,22.0,140.18591605200757,140.18587941482292,404.87812177438065,404.87814650588916,212.0264144999932,212.02645219795494,33.03607482395867,33.03608533559869,0.008911200952925542,1047.0,11.0
2144,22.0,145.0519482132226,145.05524074875075,410.24964126103276,410.250820469328,216.59980893365355,216.59992785635,33.32189091846413,33.32205965440484,0.05450990818905582,1049.0,11.0
2145,22.0,145.05524074875075,145.05949247242899,410.250820469328,410.25273138145985,216.59992785635,216.599250754273,33.32205965440484,33.32231193839027,0.02420074836015398,1049.0,11.0
2146,22.0,145.05949247242899,145.06243759011818,410.25273138145985,410.2521519035105,216.599250754273,216.5972112409523,33.32231193839027,33.322519579743215,0.014478156515566103,1049.0,11.0
2147,22.0,145.06243759011818,145.06243519789183,410.2521519035105,410.25292350601313,216.5972112409523,216.60014037049186,33.322519579743215,33.3227015279215,0.01600949974046239,1049.0,11.0
2148,22.0,145.06243519789183,145.06124398024923,410.25292350601313,410.25215234009767,216.60014037049186,216.6020836958415,33.3227015279215,33.32285574869579,0.025252964157152877,1049.0,11.0
2149,22.0,145.06124398024923,145.06193170018315,410.25215234009767,410.25144243210264,216.6020836958415,216.6009520668096,33.32285574869579,33.322966383828,0.011864902665439502,1049.0,11.0
2150,22.0,145.06193170018315,145.06182740540763,410.25144243210264,410.25053521296906,216.6009520668096,216.6003264544849,33.322966383828,33.32305560723583,0.02055701267865772,1049.0,11.0
2151,22.0,145.06182740540763,145.06184827589755,410.25053521296906,410.2506487735016,216.6003264544849,216.60078320717517,33.32305560723583,33.32310363775392,0.029763498563307296,1049.0,11.0
2152,22.0,144.28205100148028,144.28205014469756,412.15782580112284,412.15782654993944,217.2513735830195,217.25137185950507,33.39388583791782,33.3938868909456,0.0010970231377986014,1050.0,11.0
2153,22.0,144.23521303221975,144.23513040328746,412.28545801758827,412.2853888649182,217.30636300576398,217.3062048430084,33.398777380454185,33.398794477068535,0.001418642721825156,1051.0,11.0
2154,22.0,144.23513040328746,144.23499259485538,412.2853888649182,412.2848692639168,217.3062048430084,217.30571670678714,33.398794477068535,33.39886040574448,0.013658019863487076,1051.0,11.0
2155,22.0,144.23499259485538,144.23489944224755,412.2848692639168,412.2845700992004,217.30571670678714,217.30558058285,33.39886040574448,33.39889832678742,0.01617179778956457,1051.0,11.0
2156,22.0,144.23489944224755,144.2349266377006,412.2845700992004,412.2845827755541,217.30558058285,217.30553500751543,33.39889832678742,33.398908377775,0.008590384682337079,1051.0,11.0
2157,22.0,147.37830534224491,147.37903996153315,422.8752435559189,422.87768118935367,224.6805010925863,224.68203378123061,33.84180336806873,33.84195114004962,0.008860894483030669,1052.0,11.0
2158,22.0,147.37903996153315,147.3792787320714,422.87768118935367,422.88347975895977,224.68203378123061,224.68365933935056,33.84195114004962,33.84225575840372,0.017797900104165827,1052.0,11.0
2159,22.0,147.3792787320714,147.3786041253108,422.88347975895977,422.8827037434177,224.68365933935056,224.68870286949746,33.84225575840372,33.84252561878211,0.022095268929728913,1052.0,11.0
2160,22.0,147.3786041253108,147.3762596363086,422.8827037434177,422.8814679832062,224.68870286949746,224.69186148266712,33.84252561878211,33.842753891665794,0.04356296326486795,1052.0,11.0
2161,22.0,147.3762596363086,147.3747778928263,422.8814679832062,422.88099670122693,224.69186148266712,224.69361111434569,33.842753891665794,33.84290510689202,0.010204663403952726,1052.0,11.0
2162,22.0,147.3747778928263,147.37525591777376,422.88099670122693,422.88052096407364,224.69361111434569,224.69545883497958,33.84290510689202,33.843038795648205,0.023510647813003386,1052.0,11.0
2163,22.0,147.37525591777376,147.37467290986163,422.88052096407364,422.8806033055648,224.69545883497958,224.6964596681218,33.843038795648205,33.843131088545135,0.018288685382195854,1052.0,11.0
2164,22.0,147.37467290986163,147.3747340816731,422.8806033055648,422.8806210816307,224.6964596681218,224.69588027000856,33.843131088545135,33.843187246036074,0.020795700983167926,1052.0,11.0
2165,22.0,147.3747340816731,147.37481161831914,422.8806210816307,422.88069616300174,224.69588027000856,224.69589917252284,33.843187246036074,33.84320382341771,0.012892265366404528,1052.0,11.0
2166,22.0,144.92738859929636,144.92738541351446,417.87351783272015,417.8735133106437,223.91303443599344,223.91300919742926,34.02936706155778,34.02937297674124,0.005511891167712134,1053.0,11.0
2167,22.0,144.9273908681641,144.92739261155373,417.87352011514804,417.8735274926174,223.91304377392134,223.91304633964995,34.029365943470644,34.02936856080643,0.0026788576243171464,1054.0,11.0
2168,22.0,144.86843186020295,144.8684804740782,417.64404832886004,417.64396407739906,224.1010929444886,224.10107945478472,34.0394590091955,34.03947432787218,0.012099291646581979,1057.0,11.0
2169,22.0,143.8224029453066,143.82235583751628,417.55814126273833,417.55818118868046,224.98015548947092,224.98033872448832,34.08512716484106,34.085152183671646,0.017876658724213138,1059.0,11.0
2170,22.0,143.82242667311579,143.8224220405836,417.55810852380694,417.5581029032969,224.98010535358895,224.98010653700098,34.08511983344892,34.08512230900918,0.0025447303508982022,1060.0,11.0
2171,22.0,143.36362093154676,143.3641928667724,416.32935923185397,416.328393102913,224.7070763277797,224.70693152327095,34.12980760481783,34.12987574878707,0.00413007473050642,1063.0,11.0
2172,22.0,143.3641928667724,143.36623138732426,416.328393102913,416.3264301341749,224.70693152327095,224.70718601370476,34.12987574878707,34.130049476649766,0.011036884438100112,1063.0,11.0
2173,22.0,143.36623138732426,143.36613779379468,416.3264301341749,416.3255716525799,224.70718601370476,224.7094424072518,34.130049476649766,34.13020414106346,0.01395109098344969,1063.0,11.0
2174,22.0,143.36613779379468,143.36451563929867,416.3255716525799,416.32462723399505,224.7094424072518,224.7097660717841,34.13020414106346,34.13033483706013,0.018310469272255218,1063.0,11.0
2175,22.0,143.36451563929867,143.36355334986362,416.32462723399505,416.32452017185994,224.7097660717841,224.70893590268406,34.13033483706013,34.13043343987051,0.012322916573926888,1063.0,11.0
2176,22.0,143.36355334986362,143.36392915099594,416.32452017185994,416.3239190444924,224.70893590268406,224.70842472678905,34.13043343987051,34.130508826524775,0.03261900123475574,1063.0,11.0
2177,22.0,143.36392915099594,143.36389094398618,416.3239190444924,416.3239739182003,224.70842472678905,224.70846264467247,34.130508826524775,34.130521673080004,0.01049259861500517,1063.0,11.0
2178,22.0,143.3636198341074,143.3636116356649,416.3293569170236,416.32935463307,224.70707722886965,224.70708019288995,34.12980845845654,34.1298112984036,0.0028869529501213687,1064.0,11.0
2179,22.0,134.683952701135,134.68394995492366,392.3447836401886,392.3447761969759,206.5495139323174,206.54951288473603,32.53326045187984,32.533263069090665,0.0026787399999999998,1066.0,11.0
2180,22.0,107.71370909696509,107.7137090419855,365.6309554975441,365.63095591569623,200.207033352175,200.20703249985309,39.507382874007476,39.50741374124125,0.01768604060376993,1068.0,1000180360.0
2181,22.0,107.7181921535317,107.71819189971515,341.0780156444133,341.0780149286401,213.5210569732498,213.5210576841965,82.08921045983341,82.08924506925047,0.018705613041505344,1069.0,1000180400.0
2182,22.0,135.62251956435748,135.62251956598672,364.41221580158447,364.41221594655997,165.32812412592776,165.3281234311333,178.21880234951664,178.2188289669857,0.01472120066531385,1070.0,1000180400.0
2183,22.0,138.21789923548462,138.21789975018103,364.6609307294336,364.66093080423775,170.1286681986954,170.12866906286234,187.2436738693078,187.2437077574993,0.01834012482205095,1071.0,1000180400.0
2184,22.0,133.81215533271597,133.81215535124775,363.82526273139234,363.82526263668717,163.43729990414752,163.43729982079145,201.2364307573663,201.23643906141805,0.0048821724213809125,1072.0,1000180400.0
2185,22.0,116.62973894544714,116.6297385192014,380.5157575054161,380.51575813946863,160.06087083266655,160.06087072271436,243.86388637391946,243.86391458053035,0.015504222856140306,1073.0,1000180400.0
2186,22.0,155.04924141382168,155.0492414960613,281.42279505441894,281.4227950171876,175.20742910977754,175.20742905740082,442.380204666019,442.380211922546,0.004282890316320459,1074.0,1000180400.0
2187,22.0,116.67434931197434,116.67434894855133,233.58912388177828,233.58912356853847,225.72406001319132,225.7240603396518,592.7492332640558,592.7492564077162,0.013017418420681607,1076.0,1000180400.0
2188,22.0,133.08813689464554,133.08813704441724,239.4477287100805,239.44772888928873,210.7066615755319,210.7066615333528,637.9875688815985,637.9875813843388,0.007460248508200646,1077.0,1000180400.0
2189,22.0,125.87483425588348,125.87483423100548,211.05928470482644,211.05928424195673,197.91688133888226,197.91688119121355,702.6425443718084,702.6425648334812,0.0117036202900361,1078.0,1000180400.0
2190,22.0,125.62416825007278,125.62416814581488,212.89343682406812,212.8934369568795,198.27043897647872,198.27043891925942,706.642420713603,706.6424310713079,0.006133603283444944,1079.0,1000180400.0
2191,22.0,152.86673185607543,152.86673206341248,208.90678075801526,208.90678069801817,223.36436676392321,223.36436679416337,787.8773089989775,787.8773207924538,0.007071120909265801,1080.0,1000180400.0
2192,22.0,89.89161363726114,89.89161362838169,235.62012576288157,235.6201258296358,259.90635564531397,259.90635571975383,962.7055417803792,962.7055488478502,0.00417661791030698,1081.0,1000180400.0
2193,22.0,89.45785457658141,89.45785447219407,235.3069975200702,235.3069975372492,259.6150312098536,259.61503119579123,964.1074328338058,964.1074402006196,0.004345116616240995,1082.0,1000180400.0
2194,22.0,125.16372539734648,125.16372545923033,190.13756124493764,190.13756119465668,240.3796928347524,240.37969287918628,1106.9903484097724,1106.9903550511303,0.0039110773209597854,1083.0,1000180400.0
2195,22.0,124.52981292600847,124.52981278217935,190.05661587114668,190.05661586072182,238.26607762833146,238.26607740728764,1112.2985945535795,1112.2986079964505,0.007980436176471727,1084.0,1000180400.0
2196,22.0,125.97793392239385,125.97793410242613,190.1303614206664,190.13036142978453,239.47192138588298,239.47192156848192,1117.046165080216,1117.0461782673224,0.007838354786242844,1085.0,1000180400.0
2197,22.0,125.65457716333594,125.65457706768431,190.11342492286482,190.11342487444364,239.06784729281125,239.0678472568216,1118.4163355056392,1118.416343166348,0.004511855063462433,1086.0,1000180400.0
2198,22.0,157.86831711585478,157.86831719716128,220.14462193802115,220.1446220661773,225.2232660250247,225.22326593707356,1244.4378326998537,1244.437842949372,0.006064232389358504,1087.0,1000180400.0
2199,22.0,152.09893212541945,152.09893210115146,194.46340530316297,194.4634053042036,248.22136977660406,248.22136979455,1344.257729618557,1344.2577327872255,0.0016926882185847344,1088.0,1000180360.0
2200,22.0,122.50481485286392,122.50481472613303,458.82571220354396,458.82571267920804,132.96991904080792,132.9699188650172,7.705856675468044,7.705878190738777,0.012219994881888852,1187.0,1000180400.0
2201,22.0,130.3389427452804,130.33885728954357,454.66486309517296,454.6648786348868,118.32060212963566,118.320622832704,9.424627058119949,9.425116760658101,0.21191999119037064,1188.0,1000180400.0
2202,22.0,141.43567563025985,141.4356741510072,449.46167376544355,449.4616721881036,109.08642247388457,109.08642127746023,10.967369282646633,10.967432919600013,0.031225310551235452,1189.0,1000180400.0
2203,22.0,150.60541311586988,150.60553634116607,446.6787951514624,446.6787224264928,103.077035278592,103.07692646971734,12.104815951849268,12.105448391457355,1.1162888128624906,1197.0,1000180370.0
2204,22.0,150.60553634116607,150.6056043729435,446.6787224264928,446.6787024093237,103.07692646971734,103.07686883580314,12.105448391457355,12.106106969786406,0.36873830045594735,1197.0,1000180370.0
2205,22.0,150.60560470963225,150.6056057379513,446.6787035243643,446.6787068734946,103.07687060710198,103.07687593522219,2326660951866216.5,2326660951866216.5,0.0023188674173173158,1201.0,11.0
2206,22.0,153.07921563882252,153.07922532374482,452.4043921672198,452.40438738239726,96.32808600226305,96.32801850382756,12.411571667693114,12.41158010747795,0.0011661121535381505,1204.0,11.0
2207,22.0,153.07922532374482,153.07928865485195,452.40438738239726,452.4043112020746,96.32801850382756,96.32783717858618,12.41158010747795,12.41160636402243,0.01857017833953709,1204.0,11.0
2208,22.0,155.59367331177071,155.59441624614087,453.8302885352861,453.8309661772847,96.28046425922072,96.2795690310368,12.508005420707079,12.508084775628312,0.003336152912479534,1207.0,11.0
2209,22.0,155.59441624614087,155.59585952605136,453.8309661772847,453.83227446459284,96.2795690310368,96.27714419105003,12.508084775628312,12.508270256837102,0.02121894719894101,1207.0,11.0
2210,22.0,155.59585952605136,155.59670429280345,453.83227446459284,453.8342732627517,96.27714419105003,96.27786531120805,12.508270256837102,12.508418981189653,0.012284131018347244,1207.0,11.0
2211,22.0,155.59670429280345,155.59571494379855,453.8342732627517,453.8328209303389,96.27786531120805,96.27841572184386,12.508418981189653,12.508546606915266,0.027448117236111246,1207.0,11.0
2212,22.0,155.59571494379855,155.59501565283625,453.8328209303389,453.8333032576189,96.27841572184386,96.27876585243574,12.508546606915266,12.508624749104843,0.020667710490635333,1207.0,11.0
2213,22.0,155.59501565283625,155.59528964482396,453.8333032576189,453.83333196069725,96.27876585243574,96.27860360818795,12.508624749104843,12.508660869257678,0.023843825878415378,1207.0,11.0
2214,22.0,155.59367518082058,155.59368000351958,453.8302899260775,453.83029132668725,96.28046430885597,96.28046814093788,12.508006192012058,12.508008417997912,0.002304950797118814,1208.0,11.0
2215,22.0,153.07709445010613,153.0770971839659,452.4057999095595,452.4058003822124,96.32870256615739,96.32870976295797,12.411659852264531,12.411662404118589,0.00261708,1212.0,11.0
2216,22.0,145.05852998808717,145.04489591775274,448.5707873860416,448.57463371818676,105.12252947412935,105.12948190552171,12.311871933956866,12.312473166223564,0.03173983330717249,1215.0,11.0
2217,22.0,145.04489591775274,145.02146645251545,448.57463371818676,448.582756924591,105.12948190552171,105.14462092091124,12.312473166223564,12.313590866606141,0.11005009508671215,1215.0,11.0
2218,22.0,145.02146645251545,145.00321521749248,448.582756924591,448.58170547911567,105.14462092091124,105.15470677090377,12.313590866606141,12.314430165744765,0.03924509740900487,1215.0,11.0
2219,22.0,145.00321521749248,144.99279948092314,448.58170547911567,448.5673284184437,105.15470677090377,105.15821167118187,12.314430165744765,12.31517314304869,0.03848173441996522,1215.0,11.0
2220,22.0,144.99279948092314,144.98012036502126,448.5673284184437,448.5593686936028,105.15821167118187,105.15434321771416,12.31517314304869,12.315823920638266,0.06097821572715082,1215.0,11.0
2221,22.0,144.98012036502126,144.97308441310958,448.5593686936028,448.5553588927754,105.15434321771416,105.14614839117012,12.315823920638266,12.316334087312237,0.07849136726913238,1215.0,11.0
2222,22.0,144.97308441310958,144.97323351692972,448.5553588927754,448.5502408113912,105.14614839117012,105.14140478777449,12.316334087312237,12.316675598561512,0.020993416140468086,1215.0,11.0
2223,22.0,144.97323351692972,144.97846964221407,448.5502408113912,448.5475388401016,105.14140478777449,105.1413634275146,12.316675598561512,12.31697494885625,0.01915744944603487,1215.0,11.0
2224,22.0,144.97846964221407,144.98315587664362,448.5475388401016,448.54790134472404,105.1413634275146,105.13979471704297,12.31697494885625,12.317237106868138,0.011538362876655023,1215.0,11.0
2225,22.0,144.98315587664362,144.98515964873738,448.54790134472404,448.5480633277034,105.13979471704297,105.13586067793472,12.317237106868138,12.31747749413272,0.015276587377182193,1215.0,11.0
2226,22.0,144.98515964873738,144.98723486466346,448.5480633277034,448.55117451214085,105.13586067793472,105.13588866744627,12.31747749413272,12.317689805022988,0.012725707630678226,1215.0,11.0
2227,22.0,144.98723486466346,144.98411081981973,448.55117451214085,448.55111970840164,105.13588866744627,105.13517455336708,12.317689805022988,12.317879378917542,0.015545395127426111,1215.0,11.0
2228,22.0,144.98411081981973,144.98418638992345,448.55111970840164,448.5485330772882,105.13517455336708,105.13509428582802,12.317879378917542,12.31804187573202,0.012104606280165128,1215.0,11.0
2229,22.0,144.98418638992345,144.98384960169136,448.5485330772882,448.5470053950944,105.13509428582802,105.13654753705171,12.31804187573202,12.318183544793456,0.023856795368118265,1215.0,11.0
2230,22.0,144.98384960169136,144.98301169096217,448.5470053950944,448.54613098334005,105.13654753705171,105.13702981308563,12.318183544793456,12.318283674716529,0.02224326738186653,1215.0,11.0
2231,22.0,144.98301169096217,144.98310629744748,448.54613098334005,448.54601394308185,105.13702981308563,105.1364560329667,12.318283674716529,12.318340557383584,0.014899388007432943,1215.0,11.0
2232,22.0,144.98310629744748,144.98315451297879,448.54601394308185,448.54621657031794,105.1364560329667,105.13651955473878,12.318340557383584,12.318367836780837,0.019138014382902704,1215.0,11.0
2233,22.0,147.10336215526127,147.10334102378974,447.7654786930999,447.76547383807076,104.00110673928816,104.00105345436857,12.394174939971785,12.39418537801139,0.008860158189845797,1216.0,11.0
2234,22.0,150.36445647628526,150.36445381120134,446.1983822920366,446.1983812760931,104.21052283165918,104.2105256005331,12.515059904781626,12.515061531492229,0.001706068172722433,1217.0,11.0
2235,22.0,150.36445608421369,150.3644525960652,446.19838066824076,446.1983738973364,104.21052157271554,104.21052146521065,12.515060110416156,12.515062640502615,0.0025964798649677043,1218.0,11.0
2236,22.0,151.58816372869907,151.5882025217569,445.97519470517636,445.9752318763577,103.91516968955375,103.91518203723619,12.557704692668134,12.55771200730961,0.0015296925172058142,1222.0,11.0
2237,22.0,151.5882025217569,151.588312338846,445.9752318763577,445.97532367016913,103.91518203723619,103.91522529143708,12.55771200730961,12.55773276215202,0.015425744395979673,1222.0,11.0
2238,22.0,152.59857118739123,152.59859214315395,444.34604468540203,444.346064647234,103.26582204255499,103.26582909389359,12.625221210322312,12.625227749589113,0.006003184008893995,1224.0,11.0
2239,22.0,152.62725267983302,152.627149453579,443.37463728633577,443.374579274045,103.09452874856439,103.09442798421469,12.658140381448101,12.658161732864981,0.015776530839722424,1226.0,11.0
2240,22.0,152.62722921816334,152.62722176935367,443.37465819118444,443.37465716769645,103.09450117073725,103.09450120253537,12.658135717865516,12.6581382254749,0.0025751734305995257,1227.0,11.0
2241,22.0,152.45663376792695,152.45670007938875,443.6767206588793,443.67670148649677,100.9409484568255,100.9406562313112,12.731667910618048,12.731693272424224,0.0016659143683996531,1232.0,11.0
2242,22.0,152.45670007938875,152.45690930428552,443.67670148649677,443.6766915059159,100.9406562313112,100.93979344160161,12.731693272424224,12.731769515676293,0.011048165149445243,1232.0,11.0
2243,22.0,152.45690930428552,152.45697365559667,443.6766915059159,443.6768429239479,100.93979344160161,100.93927053628579,12.731769515676293,12.731823200841964,0.03249676342948049,1232.0,11.0
2244,22.0,152.03752652155097,152.0373499084672,443.2333320035649,443.2331665199593,103.83389754729701,103.83400125922807,12.830296534931326,12.830327868549647,0.014309191585621717,1233.0,11.0
2245,22.0,152.0373499084672,152.0373472599515,443.2331665199593,443.2331846865528,103.83400125922807,103.83396699275033,12.830327868549647,12.830335764906653,0.0070326693270947975,1233.0,11.0
2246,22.0,153.21024476381203,153.2102315589746,444.44721169963896,444.44722148332283,99.83331241073513,99.83325465550776,12.975122230451756,12.97513299362916,0.009085045192095114,1236.0,11.0
2247,22.0,154.6969055157563,154.69690841272535,443.4559065575542,443.4559073522126,100.62457029059422,100.62457079157377,13.040304126058446,13.04030548708286,0.0014293706597673021,1238.0,11.0
2248,22.0,154.77777658901593,154.77770619867223,443.00887642584195,443.0087742095326,100.92175793260625,100.92210109745113,13.058411497220542,13.058440802261062,0.0021956336242185417,1239.0,11.0
2249,22.0,154.77770619867223,154.77776349977722,443.0087742095326,443.00869538184025,100.92210109745113,100.92314602629462,13.058440802261062,13.058526715886613,0.013650974343998565,1239.0,11.0
2250,22.0,154.77776349977722,154.77718449358028,443.00869538184025,443.0086483623501,100.92314602629462,100.92293229009378,13.058526715886613,13.058585398806937,0.03490542849426302,1239.0,11.0
2251,22.0,154.7777741404542,154.777766218976,443.008875292455,443.00887134529387,100.92175901857166,100.92176136855932,13.058412409221825,13.05841528056279,0.00291608,1240.0,11.0
2252,22.0,144.3489010226833,144.34889867817415,439.08659160048535,439.08659041889194,97.18266633488354,97.18266792099652,17.66500234710376,17.665076338339414,0.035581137713614465,1242.0,1000180400.0
2253,22.0,144.55929037790355,144.5592903774604,437.8729958030852,437.8729956722897,94.03812842927134,94.03812845738324,19.315455875027272,19.315464449379444,0.005040265817696366,1243.0,1000180400.0
2254,22.0,147.16126729288044,147.16126738090583,435.2452367266402,435.2452367756449,53.27524894256167,53.275248930685166,39.34140904364823,39.34141616181804,0.004205069309985674,1244.0,1000180400.0
2255,22.0,146.060216354644,146.06022458747796,434.00860269142197,434.00858857845344,47.23105891583287,47.23102549055002,42.41053835543747,42.410947297417685,0.17136925518654816,1245.0,1000180400.0
2256,22.0,139.21741857731075,139.21740855841492,439.70005022431604,439.70005943664336,54.695895253986166,54.695909221341154,48.33532164593504,48.335588881628176,0.1102628098714094,1247.0,1000180400.0
2257,22.0,139.87895335342597,139.91496844223465,439.5256002479462,439.5169066563584,54.377110908923655,54.35762864024466,48.36049821252455,48.3619643543837,0.05723732368331969,1249.0,11.0
2258,22.0,139.91496844223465,139.97809387316994,439.5169066563584,439.4888876896281,54.35762864024466,54.31734152688904,48.3619643543837,48.364775223693776,0.2485850013508177,1249.0,11.0
2259,22.0,139.97809387316994,139.99670473221593,439.4888876896281,439.44136887399407,54.31734152688904,54.2906914975206,48.364775223693776,48.366845109822364,0.17314157546434858,1249.0,11.0
2260,22.0,139.99670473221593,139.97083072694187,439.44136887399407,439.41147986875137,54.2906914975206,54.27441963911849,48.366845109822364,48.36842217776849,0.10970772650681548,1249.0,11.0
2261,22.0,139.97083072694187,139.99864781629412,439.41147986875137,439.40462542908983,54.27441963911849,54.29239438333544,48.36842217776849,48.369700453495824,0.10286327656154214,1249.0,11.0
2262,22.0,139.99864781629412,139.9935017074386,439.40462542908983,439.4161347218931,54.29239438333544,54.315032681790896,48.369700453495824,48.37071190324012,0.06818935764466678,1249.0,11.0
2263,22.0,139.9935017074386,139.9928778280451,439.4161347218931,439.3957782725039,54.315032681790896,54.3196410937807,48.37071190324012,48.37155126360361,0.036854761026002124,1249.0,11.0
2264,22.0,139.9928778280451,140.00482496032387,439.3957782725039,439.38988457553234,54.3196410937807,54.33213637513942,48.37155126360361,48.372300104945296,0.039367957981444546,1249.0,11.0
2265,22.0,140.00482496032387,140.00528790707554,439.38988457553234,439.3754737353703,54.33213637513942,54.33799988748616,48.372300104945296,48.372954498775265,0.03314759805818854,1249.0,11.0
2266,22.0,140.00528790707554,139.99875619656464,439.3754737353703,439.36647257691095,54.33799988748616,54.345439194464134,48.372954498775265,48.37353146532157,0.036044334342390155,1249.0,11.0
2267,22.0,139.99875619656464,139.99389037237384,439.36647257691095,439.3705837950908,54.345439194464134,54.35454028827617,48.37353146532157,48.374026676985345,0.10727324430909323,1249.0,11.0
2268,22.0,139.99389037237384,139.99564264613048,439.3705837950908,439.3732059213013,54.35454028827617,54.350432056378985,48.374026676985345,48.3742978105928,0.01551112035185029,1249.0,11.0
2269,22.0,139.99564264613048,139.99994975428987,439.3732059213013,439.37217963689034,54.350432056378985,54.3508812694659,48.3742978105928,48.37453952590566,0.024126411990576517,1249.0,11.0
2270,22.0,139.99994975428987,140.00049340227432,439.37217963689034,439.36890280066274,54.3508812694659,54.35018082809732,48.37453952590566,48.374737229252254,0.015810749062776436,1249.0,11.0
2271,22.0,140.00049340227432,140.00006288488984,439.36890280066274,439.36770412054784,54.35018082809732,54.34773643689887,48.374737229252254,48.374907194709664,0.018065961193558112,1249.0,11.0
2272,22.0,140.00006288488984,140.00162686344044,439.36770412054784,439.36895920514615,54.34773643689887,54.347201208773456,48.374907194709664,48.375046049854504,0.01835486081844945,1249.0,11.0
2273,22.0,140.00162686344044,140.0023434807728,439.36895920514615,439.3700590410426,54.347201208773456,54.347776464748314,48.375046049854504,48.37515307832418,0.015577767363132699,1249.0,11.0
2274,22.0,140.0023434807728,140.0025016520579,439.3700590410426,439.3702809013147,54.347776464748314,54.34865576782572,48.37515307832418,48.375231325672594,0.012731900245361352,1249.0,11.0
2275,22.0,140.0025016520579,140.00298777577913,439.3702809013147,439.3704744838983,54.34865576782572,54.348577109831055,48.375231325672594,48.37528363504168,0.014410887003577256,1249.0,11.0
2276,22.0,140.00298777577913,140.003160644385,439.3704744838983,439.37053634816886,54.348577109831055,54.34855547998188,48.37528363504168,48.375307850107255,0.01742252591056906,1249.0,11.0
2277,22.0,140.5147737680212,140.51443195437113,439.0565703122582,439.05641150336,62.153887287964366,62.15431881628077,48.621238904454366,48.62128006266682,0.0018265104869130946,1251.0,11.0
2278,22.0,140.51443195437113,140.51330679544466,439.05641150336,439.05638878871895,62.15431881628077,62.15541291804952,48.62128006266682,48.621394141295,0.0157271706671183,1251.0,11.0
2279,22.0,140.51330679544466,140.51383930564498,439.05638878871895,439.0570968823981,62.15541291804952,62.15596714955311,48.621394141295,48.62147979837349,0.03789626252551148,1251.0,11.0
2280,22.0,140.51383930564498,140.5138201338212,439.0570968823981,439.05712650092994,62.15596714955311,62.15603589214214,48.62147979837349,48.62149269289113,0.010524389844619952,1251.0,11.0
2281,22.0,146.51565731453667,146.5174332678896,440.5054251007053,440.5017164737798,65.30354518109522,65.30347943979648,48.852411405057154,48.852602375176055,0.008281141483243146,1252.0,11.0
2282,22.0,146.5174332678896,146.52024003264196,440.5017164737798,440.49390188707446,65.30347943979648,65.301639739678,48.852602375176055,48.8530016277844,0.025894989450504512,1252.0,11.0
2283,22.0,146.52024003264196,146.52436291995974,440.49390188707446,440.4885779533777,65.301639739678,65.29945942611761,48.8530016277844,48.85334689352885,0.029172161577692875,1252.0,11.0
2284,22.0,146.52436291995974,146.5210664422315,440.4885779533777,440.48483342077213,65.29945942611761,65.30195009459914,48.85334689352885,48.853633791202036,0.018032882905929953,1252.0,11.0
2285,22.0,146.5210664422315,146.5171271313002,440.48483342077213,440.48396365221276,65.30195009459914,65.29951998784527,48.853633791202036,48.85388604458245,0.02005181623920101,1252.0,11.0
2286,22.0,146.5171271313002,146.51667118366737,440.48396365221276,440.482612828583,65.29951998784527,65.29599032435729,48.85388604458245,48.85410115704464,0.029928613902841246,1252.0,11.0
2287,22.0,146.51667118366737,146.51858436559468,440.482612828583,440.4808936596769,65.29599032435729,65.29573579364805,48.85410115704464,48.854263460819794,0.017765089408166936,1252.0,11.0
2288,22.0,146.51858436559468,146.5201609184859,440.4808936596769,440.4815327267085,65.29573579364805,65.29664065549802,48.854263460819794,48.854395222348174,0.009103536094252431,1252.0,11.0
2289,22.0,146.5201609184859,146.52134951825764,440.4815327267085,440.48249304248264,65.29664065549802,65.29714087387809,48.854395222348174,48.854511246795404,0.01957359208963449,1252.0,11.0
2290,22.0,146.52134951825764,146.52179867898522,440.48249304248264,440.4819532094346,65.29714087387809,65.29779050546856,48.854511246795404,48.854591677621734,0.016027395864796238,1252.0,11.0
2291,22.0,146.52179867898522,146.52140955814977,440.4819532094346,440.48214317721823,65.29779050546856,65.29761218664407,48.854591677621734,48.85463949612234,0.01733760701383964,1252.0,11.0
2292,22.0,146.52140955814977,146.5213093162989,440.48214317721823,440.4821343706391,65.29761218664407,65.29760007225158,48.85463949612234,48.8546551674855,0.012322929072801012,1252.0,11.0
2293,22.0,146.51565634496984,146.51565423377465,440.50542626049963,440.5054210021869,65.30354361147133,65.30353838574615,48.85241211714211,48.8524146678755,0.002616020235632422,1253.0,11.0
2294,22.0,144.3320443642188,144.332044175662,432.7258676793258,432.72586655770294,40.65688408875086,40.65688354043381,66.15808369684889,66.15812331982548,0.02102391720903066,1256.0,1000180400.0
2295,22.0,173.27712035910633,173.27712287750785,485.9222658141697,485.92226795933055,15.018815359274214,15.018814514448385,139.22354816125113,139.2236236745396,0.03809523823146142,1258.0,1000180360.0
2296,22.0,98.79439495959893,98.7943925778078,459.84366748822583,459.84366631997136,16.38243497589835,16.38243418488172,230.83251934135387,230.83258823002774,0.03343354563301712,1259.0,1000180400.0
2297,22.0,99.29792360272936,99.29792467562449,460.1960159165039,460.1960162495601,16.806790639706023,16.806790529137064,231.7391946098132,231.73922930472915,0.01972539794397903,1260.0,1000180360.0
2298,22.0,82.36105103299386,82.36105085552309,461.64800521733616,461.64800541653256,34.792259590092044,34.79225959043071,262.65399176104097,262.6540053030013,0.008035605042546112,1261.0,1000180400.0
2299,22.0,81.96992434046889,81.96992412428139,454.68115481632503,454.68115460518686,42.36495282814646,42.36495283842369,275.6742746923694,275.67428943412483,0.008709741330779631,1262.0,1000180400.0
2300,22.0,95.37295673704598,95.37295877456862,455.47978893317907,455.4797885944751,55.873566288680216,55.87356752156954,300.0835721790389,300.0836313590037,0.03078560309055234,1263.0,1000180360.0
2301,22.0,79.81602678736968,79.8160266122126,460.9182856534867,460.9182861200053,51.57960246263328,51.57960227269098,323.04674745696735,323.04676927567243,0.012368619278933058,1264.0,1000180400.0
2302,22.0,77.95320998498693,77.95320962359213,457.7651164351485,457.7651160075993,52.3995818693484,52.39958154546675,328.2194045642253,328.2194295204686,0.01390549810088109,1265.0,1000180400.0
2303,22.0,81.02813396738628,81.0281347451814,458.79304016258703,458.79304048072163,62.126712939614016,62.12671383648825,342.7216238215237,342.7216626931183,0.02069788841886725,1266.0,1000180400.0
2304,22.0,23.62728651384351,23.62728577741206,433.7656120869816,433.7656113016771,38.26759838846116,38.267597999936434,441.4869143845348,441.4869513373678,0.019862062924818954,1267.0,1000180400.0
2305,22.0,24.721288064758255,24.72128808101954,436.87045692453785,436.87045697963276,39.18096939734439,39.18096957594457,446.74326175808284,446.74327246281985,0.006359424704742283,1268.0,1000180400.0
2306,22.0,150.0753609644655,150.0753603995966,446.24284077142175,446.24283533485294,99.51661861046725,99.51661652405461,13.798554155871914,13.79867061480627,0.052251135376866924,1393.0,1000180400.0
2307,22.0,149.95654791567011,149.95654750310322,447.82360712049393,447.823606948317,98.12702201205343,98.1270216421664,14.794080675488035,14.794103816775113,0.013016256255747158,1394.0,1000180400.0
2308,22.0,159.25761560467447,159.25762256234947,476.9078663482431,476.90790412414833,86.54324698781839,86.54325267575322,30.268069858624916,30.26849012389606,0.17674502992234273,1396.0,1000180400.0
2309,22.0,160.3077585176831,160.30775515544352,458.45538336621047,458.4553660755686,73.93249337593753,73.9324808221509,41.28778329931093,41.28806981937949,0.11799638086984744,1398.0,1000180400.0
2310,22.0,159.07344190364665,159.07760341239154,466.9598291393019,467.00267302160955,72.75241743679031,72.75297028916958,41.57712340714996,41.57862915174245,0.06783056624247563,1403.0,11.0
2311,22.0,159.07760341239154,159.09293332756175,467.00267302160955,467.08130919370643,72.75297028916958,72.76544901478951,41.57862915174245,41.5814772745686,0.1500112744257082,1403.0,11.0
2312,22.0,159.09293332756175,159.07985450854207,467.08130919370643,467.1399599685948,72.76544901478951,72.79600529263416,41.5814772745686,41.58387322624943,0.13102409608246587,1403.0,11.0
2313,22.0,159.07985450854207,159.06673760003972,467.1399599685948,467.18784093331425,72.79600529263416,72.82148783402981,41.58387322624943,41.58588441018891,0.1281561812144421,1403.0,11.0
2314,22.0,159.06673760003972,159.04252591528876,467.18784093331425,467.2180064654716,72.82148783402981,72.84413194379272,41.58588441018891,41.58753051185824,0.08910286480689918,1403.0,11.0
2315,22.0,159.04252591528876,159.04371616589148,467.2180064654716,467.23862176932806,72.84413194379272,72.87538653491916,41.58753051185824,41.58893080283324,0.09974987656589182,1403.0,11.0
2316,22.0,159.04371616589148,159.05274158787302,467.23862176932806,467.2656710320257,72.87538653491916,72.88319495119093,41.58893080283324,41.590065776350286,0.062014153853669575,1403.0,11.0
2317,22.0,159.05274158787302,159.0374915204805,467.2656710320257,467.28344890915076,72.88319495119093,72.89163128697713,41.590065776350286,41.591042628045486,0.09404766278898438,1403.0,11.0
2318,22.0,159.0374915204805,159.034079487925,467.28344890915076,467.2808547001182,72.89163128697713,72.90920342969977,41.591042628045486,41.59178529792224,0.06501309994728137,1403.0,11.0
2319,22.0,159.034079487925,159.04738703840465,467.2808547001182,467.2777373345534,72.90920342969977,72.90824263762468,41.59178529792224,41.59237372190922,0.041197882509025965,1403.0,11.0
2320,22.0,159.04738703840465,159.04621132643732,467.2777373345534,467.2671049702061,72.90824263762468,72.91119494971632,41.59237372190922,41.59286850370053,0.03940543463780108,1403.0,11.0
2321,22.0,159.04621132643732,159.04675746095694,467.2671049702061,467.25838573056325,72.91119494971632,72.911832632105,41.59286850370053,41.593277279125694,0.042187467090469964,1403.0,11.0
2322,22.0,159.04675746095694,159.04830624478168,467.25838573056325,467.25246128687286,72.911832632105,72.90978969563324,41.593277279125694,41.593598573166155,0.02534898430942207,1403.0,11.0
2323,22.0,159.04830624478168,159.04399585057905,467.25246128687286,467.2499991499605,72.90978969563324,72.9112900892222,41.593598573166155,41.59386997343989,0.026800452693547628,1403.0,11.0
2324,22.0,159.04399585057905,159.04372473458562,467.2499991499605,467.24672590161236,72.9112900892222,72.90909509076215,41.59386997343989,41.5940910821479,0.02881229895811517,1403.0,11.0
2325,22.0,159.04372473458562,159.04181417197034,467.24672590161236,467.2457582703158,72.90909509076215,72.90736157195991,41.5940910821479,41.59426100270247,0.06018633789636954,1403.0,11.0
2326,22.0,159.04181417197034,159.04141802871987,467.2457582703158,467.24527606775445,72.90736157195991,72.90713891545168,41.59426100270247,41.59432267821746,0.024779055444379847,1403.0,11.0
2327,22.0,159.04141802871987,159.04132948155,467.24527606775445,467.24528221023667,72.90713891545168,72.90715875464738,41.59432267821746,41.59433717404762,0.011572584722899931,1403.0,11.0
2328,22.0,154.62452161932418,154.62451240477296,462.21841392020696,462.21688375823544,79.44484879939283,79.44559923901588,41.88836310316813,41.888458043554365,0.01404304757218259,1406.0,11.0
2329,22.0,154.62451240477296,154.62459136575123,462.21688375823544,462.21349584625113,79.44559923901588,79.44606088748375,41.888458043554365,41.8886568323516,0.010700324057620728,1406.0,11.0
2330,22.0,154.62459136575123,154.6259625797399,462.21349584625113,462.2124776363912,79.44606088748375,79.44361597881412,41.8886568323516,41.888836744877416,0.01956961610604456,1406.0,11.0
2331,22.0,154.6259625797399,154.6242895801835,462.2124776363912,462.2121703436569,79.44361597881412,79.44505794614741,41.888836744877416,41.88898283960582,0.012785106920903126,1406.0,11.0
2332,22.0,154.6242895801835,154.62402496519354,462.2121703436569,462.2137206208466,79.44505794614741,79.44587012068531,41.88898283960582,41.889106963950425,0.015916295502127767,1406.0,11.0
2333,22.0,154.62402496519354,154.62470140072065,462.2137206208466,462.2132224989714,79.44587012068531,79.44676618337475,41.889106963950425,41.8892029858623,0.017313843085540216,1406.0,11.0
2334,22.0,154.62470140072065,154.62485705250353,462.2132224989714,462.213600077331,79.44676618337475,79.4473013059955,41.8892029858623,41.88926537787429,0.01684216708262524,1406.0,11.0
2335,22.0,154.62485705250353,154.62489238512904,462.213600077331,462.21343077481106,79.4473013059955,79.44745624091527,41.88926537787429,41.88929396432509,0.01985665244336648,1406.0,11.0
2336,22.0,153.63906584156612,153.6389053264007,466.87287648111425,466.8728878867802,77.84238952850535,77.8425461421601,42.05582841604745,42.05585631305578,0.019478560400381845,1409.0,11.0
2337,22.0,155.10544310955189,155.10544516670305,467.6557756018559,467.6557768453789,76.44265996064075,76.44265988170028,42.12830626981068,42.12830743369386,0.00121826831760969,1411.0,11.0
2338,22.0,158.6376421369401,158.6377627461727,468.3841947116557,468.3841845961104,71.63866573641612,71.63863330387588,42.328681581093406,42.32869482826681,0.0016640576989493078,1412.0,11.0
2339,22.0,158.6377627461727,158.6381035998214,468.3841845961104,468.38404642058975,71.63863330387588,71.63861661048581,42.32869482826681,42.32873489350128,0.016777456104922893,1412.0,11.0
2340,22.0,158.6381035998214,158.63808325651905,468.38404642058975,468.3840216674279,71.63861661048581,71.6386671223768,42.32873489350128,42.32874562698935,0.009064573801254888,1412.0,11.0
2341,22.0,158.63764444969553,158.63765114242833,468.3841944573793,468.3841976204179,71.6386657564815,71.63866351525719,42.32868234173164,42.32868489842193,0.0026216524250381114,1413.0,11.0
2342,22.0,156.94257852684925,156.94240402877716,467.29642219703373,467.2962677624008,71.25847850874632,71.25851887348149,42.39705718861909,42.39708615952514,0.02006654602129135,1416.0,11.0
2343,22.0,158.70806497127697,158.7077108966249,471.59434307428876,471.5946528905598,69.1611737517865,69.16083345703865,42.56709056556414,42.56713217215264,0.0021768831475124303,1417.0,11.0
2344,22.0,158.7077108966249,158.70684248595109,471.5946528905598,471.5950485931795,69.16083345703865,69.15958518083389,42.56713217215264,42.5672463377196,0.016123552004087247,1417.0,11.0
2345,22.0,158.70684248595109,158.70629631077472,471.5950485931795,471.5946773304601,69.15958518083389,69.15878982208783,42.5672463377196,42.56733133834305,0.013461459261233795,1417.0,11.0
2346,22.0,158.70629631077472,158.7061986269889,471.5946773304601,471.5941586611132,69.15878982208783,69.1584834880313,42.56733133834305,42.567389413981665,0.021103675359610257,1417.0,11.0
2347,22.0,158.7061986269889,158.70630078100282,471.5941586611132,471.59421876292765,69.1584834880313,69.15847554688422,42.567389413981665,42.56740698596291,0.013508825602369563,1417.0,11.0
2348,22.0,158.70806412432427,158.70806198739726,471.5943410241551,471.59433623112534,69.16117277062708,69.16116805825492,42.567091358132075,42.5670937582499,0.0024727801808002146,1418.0,11.0
2349,22.0,218.44331394906186,218.44331739683906,526.6361237865138,526.6361272808829,134.7251171428778,134.72511812575746,143.59835549318814,143.59845989190686,0.04761139667780405,1421.0,1000180400.0
2350,22.0,177.14419587881747,177.14419275623578,489.80403823029985,489.80403771296307,147.06503280491228,147.0650338557895,199.48377445835843,199.48385287564864,0.037448306160513374,1422.0,1000180400.0
2351,22.0,179.28873278100514,179.28873418855932,488.7825124829293,488.78251271763065,146.27059039618777,146.27059071618837,202.04309538290119,202.04313935622307,0.0228993612763584,1423.0,1000180400.0
2352,22.0,131.79778021697865,131.79777906636363,421.44911014240625,421.44910990796643,80.0161539087687,80.01615371051156,312.62886995420627,312.6289079641517,0.020323148473832445,1424.0,1000180400.0
2353,22.0,151.83411177404813,151.83411386315703,411.8162487039015,411.816248252918,69.71398976187575,69.71398985287544,338.83245408333806,338.83251159279126,0.028646068731331128,1426.0,1000180400.0
2354,22.0,138.22303902113387,138.22303585206794,407.9926554843416,407.9926541429039,61.854332833358534,61.85433120889179,356.6976461126658,356.69773214767514,0.040505268695604724,1427.0,1000180400.0
2355,22.0,139.34924525813736,139.34924526542002,408.6454616469574,408.6454616292586,62.35352688345639,62.3535269125728,358.3155829217393,358.3155865370336,0.0019231022270321777,1428.0,1000180400.0
2356,22.0,162.8351807911698,162.8351807650078,431.35383338430984,431.3538334352573,62.03476303484054,62.034763012662246,396.323980142771,396.32398535544655,0.0028740845272593055,1429.0,1000180400.0
2357,22.0,148.64132937202072,148.64130503581032,448.0091102195196,448.00911867915363,103.96668514817104,103.96670741625857,12.907281550618107,12.90766789902857,0.16085598269643342,1539.0,1000180400.0
2358,22.0,148.64137996829567,148.6413870916591,448.00912379142227,448.00912167736277,103.96671425580237,103.96671218704091,12.907284309745224,12.907286861599282,0.00261708,1545.0,11.0
2359,22.0,148.64105786126424,148.6410648477973,448.00903142629494,448.00902677786905,103.96651542232105,103.9665172722146,12.907293451450402,12.907296199908973,0.0028017654920173465,1550.0,11.0
2360,22.0,140.39902715242266,140.35577750345743,440.0500926484482,440.0346256399483,114.07499054309665,114.1319813122683,13.416946688508437,13.419446186215447,0.11917940958938418,1553.0,11.0
2361,22.0,140.35577750345743,140.26954610493937,440.0346256399483,440.03076145370005,114.1319813122683,114.24493756412195,13.419446186215447,13.424313313786968,0.3183882652438837,1553.0,11.0
2362,22.0,140.26954610493937,140.28010957791832,440.03076145370005,440.00548754857454,114.24493756412195,114.35268651531983,13.424313313786968,13.42815608242264,0.19624187744598298,1553.0,11.0
2363,22.0,140.28010957791832,140.28351796500817,440.00548754857454,439.92717012844935,114.35268651531983,114.4018692481555,13.42815608242264,13.431383038388573,0.1656935300178504,1553.0,11.0
2364,22.0,140.28351796500817,140.25402500148294,439.92717012844935,439.88839845204996,114.4018692481555,114.46171558896503,13.431383038388573,13.434101666269967,0.13240241989871848,1553.0,11.0
2365,22.0,140.25402500148294,140.27539367653148,439.88839845204996,439.8718918784651,114.46171558896503,114.52103409868224,13.434101666269967,13.436423480019755,0.13795414329916827,1553.0,11.0
2366,22.0,140.27539367653148,140.29954078947463,439.8718918784651,439.8327051329394,114.52103409868224,114.54737017995038,13.436423480019755,13.43834263826408,0.12241312890244099,1553.0,11.0
2367,22.0,140.29954078947463,140.33948377340266,439.8327051329394,439.8182046189004,114.54737017995038,114.54392211336047,13.43834263826408,13.439915801360582,0.20578646437639347,1553.0,11.0
2368,22.0,140.33948377340266,140.3607057558492,439.8182046189004,439.81246449423026,114.54392211336047,114.55839038727247,13.439915801360582,13.440941053473095,0.05380244664054342,1553.0,11.0
2369,22.0,140.3607057558492,140.37787552616854,439.81246449423026,439.8188474473084,114.55839038727247,114.5711353165747,13.440941053473095,13.44182971409294,0.04708337499584215,1553.0,11.0
2370,22.0,140.37787552616854,140.39632709474256,439.8188474473084,439.82004022513377,114.5711353165747,114.56705892289267,13.44182971409294,13.442601798247402,0.045867127687219345,1553.0,11.0
2371,22.0,140.39632709474256,140.41134814187376,439.82004022513377,439.81849971293724,114.56705892289267,114.56251242281841,13.442601798247402,13.443263390129921,0.033386300476340953,1553.0,11.0
2372,22.0,140.41134814187376,140.41765823372864,439.81849971293724,439.8093872000521,114.56251242281841,114.57032599834967,13.443263390129921,13.443846816142063,0.03710058430612801,1553.0,11.0
2373,22.0,140.41765823372864,140.42659739396396,439.8093872000521,439.8048733334819,114.57032599834967,114.57537727691818,13.443846816142063,13.44434591763582,0.033601895574255664,1553.0,11.0
2374,22.0,140.42659739396396,140.42825171327738,439.8048733334819,439.81385812078605,114.57537727691818,114.57650825843923,13.44434591763582,13.444771281403348,0.023982218104027855,1553.0,11.0
2375,22.0,140.42825171327738,140.4301701920321,439.81385812078605,439.8195341399788,114.57650825843923,114.58157422983359,13.444771281403348,13.445145765643,0.024690917660315823,1553.0,11.0
2376,22.0,140.4301701920321,140.4308857832037,439.8195341399788,439.8254522433005,114.58157422983359,114.5789321023982,13.445145765643,13.445469582410011,0.02056770731443714,1553.0,11.0
2377,22.0,140.4308857832037,140.4344906728915,439.8254522433005,439.8295788919421,114.5789321023982,114.57890155275716,13.445469582410011,13.445752663711218,0.024265526297017073,1553.0,11.0
2378,22.0,140.4344906728915,140.43770118444044,439.8295788919421,439.82884778443275,114.57890155275716,114.58171793095923,13.445752663711218,13.445989569192612,0.015284805100839832,1553.0,11.0
2379,22.0,140.43770118444044,140.44007236768343,439.82884778443275,439.8316045967781,114.58171793095923,114.5813086458136,13.445989569192612,13.446198488441444,0.01870853276953776,1553.0,11.0
2380,22.0,140.44007236768343,140.44031914300837,439.8316045967781,439.8312369871178,114.5813086458136,114.58416308557996,13.446198488441444,13.446374292265105,0.011242021527554236,1553.0,11.0
2381,22.0,140.44031914300837,140.44013497973768,439.8312369871178,439.82950444785257,114.58416308557996,114.58589034166053,13.446374292265105,13.446530659179063,0.021021014371049893,1553.0,11.0
2382,22.0,140.44013497973768,140.44063109771025,439.82950444785257,439.8281844056025,114.58589034166053,114.58682347742342,13.446530659179063,13.446650862699453,0.014631137225048654,1553.0,11.0
2383,22.0,140.44063109771025,140.44108075416818,439.8281844056025,439.82856265387574,114.58682347742342,114.58578186415825,13.446650862699453,13.446745095499155,0.01468750857804754,1553.0,11.0
2384,22.0,140.44108075416818,140.44045560481635,439.82856265387574,439.8288466514647,114.58578186415825,114.58555291963731,13.446745095499155,13.446810870660284,0.01850664341639625,1553.0,11.0
2385,22.0,140.44045560481635,140.4402275171717,439.8288466514647,439.828814781774,114.58555291963731,114.58557948343454,13.446810870660284,13.446839423975062,0.019838530243376725,1553.0,11.0
2386,22.0,141.028783523661,141.0296174167256,422.784005193704,422.7779130817895,109.80740849813313,109.80746814276759,14.010584539154058,14.010850477690868,0.017920780130099626,1556.0,11.0
2387,22.0,141.0296174167256,141.03574660524967,422.7779130817895,422.7677491756637,109.80746814276759,109.80558568551632,14.010850477690868,14.011378568049059,0.032003955630827634,1556.0,11.0
2388,22.0,141.03574660524967,141.04284119115835,422.7677491756637,422.763053855483,109.80558568551632,109.80021963456856,14.011378568049059,14.011835409146556,0.03367717006473838,1556.0,11.0
2389,22.0,141.04284119115835,141.04757705857347,422.763053855483,422.76148705923407,109.80021963456856,109.80661762273989,14.011835409146556,14.012219951283244,0.02291506072152521,1556.0,11.0
2390,22.0,141.04757705857347,141.05098720002374,422.76148705923407,422.7559313844866,109.80661762273989,109.80877264986546,14.012219951283244,14.012557081448435,0.026383575708384142,1556.0,11.0
2391,22.0,141.05098720002374,141.05407674418186,422.7559313844866,422.7553363294825,109.80877264986546,109.81330443551128,14.012557081448435,14.012841642949985,0.02645235098192197,1556.0,11.0
2392,22.0,141.05407674418186,141.0533696539886,422.7553363294825,422.7547831096117,109.81330443551128,109.8091315470364,14.012841642949985,14.013075900018775,0.01877887663946541,1556.0,11.0
2393,22.0,141.0533696539886,141.0524574287686,422.7547831096117,422.75638214970195,109.8091315470364,109.80621290013946,14.013075900018775,14.013275992006106,0.015366745426454373,1556.0,11.0
2394,22.0,141.0524574287686,141.0526421071408,422.75638214970195,422.7567399378224,109.80621290013946,109.80341548824133,14.013275992006106,14.013449051064327,0.020210580112565355,1556.0,11.0
2395,22.0,141.0526421071408,141.05329909332485,422.7567399378224,422.7552037804354,109.80341548824133,109.8022062699878,14.013449051064327,14.01358728737281,0.02060971866945989,1556.0,11.0
2396,22.0,141.05329909332485,141.05421850986332,422.7552037804354,422.7543301733149,109.8022062699878,109.80265472157892,14.01358728737281,14.013689656699354,0.025249656971710922,1556.0,11.0
2397,22.0,141.05421850986332,141.0543150162082,422.7543301733149,422.7544587113763,109.80265472157892,109.80213723972898,14.013689656699354,14.01374288782721,0.01390411835061241,1556.0,11.0
2398,22.0,141.0543150162082,141.0541474154129,422.7544587113763,422.75439993409634,109.80213723972898,109.80223519554553,14.01374288782721,14.013768792615304,0.018373793687502544,1556.0,11.0
2399,22.0,141.07482496773963,141.07523948494025,422.7988368428402,422.7995754434363,109.69971112385663,109.69872952745102,14.014522646759941,14.014599265492691,0.0035849224234013564,1558.0,11.0
2400,22.0,141.07523948494025,141.076951332747,422.7995754434363,422.80146811675303,109.69872952745102,109.69702401442294,14.014599265492691,14.014782969704461,0.021284013353802218,1558.0,11.0
2401,22.0,141.076951332747,141.0788959311138,422.80146811675303,422.80124472204744,109.69702401442294,109.69592122229835,14.014782969704461,14.0149298415477,0.014769508870438113,1558.0,11.0
2402,22.0,141.0788959311138,141.07945451031424,422.80124472204744,422.80242190670396,109.69592122229835,109.69480384792277,14.0149298415477,14.015051315600285,0.01204116996160976,1558.0,11.0
2403,22.0,141.07945451031424,141.07869447768587,422.80242190670396,422.80173767750205,109.69480384792277,109.69399145874624,14.015051315600285,14.015151580365728,0.019067604066730328,1558.0,11.0
2404,22.0,141.07869447768587,141.07810565163572,422.80173767750205,422.8013942764884,109.69399145874624,109.69387697446625,14.015151580365728,14.015215185962585,0.014369725706733302,1558.0,11.0
2405,22.0,141.07810565163572,141.0778942191788,422.8013942764884,422.80139507674664,109.69387697446625,109.6936665767284,14.015215185962585,14.01524951388749,0.018144064300639105,1558.0,11.0
2406,22.0,141.0778942191788,141.07789493793274,422.80139507674664,422.8013790749416,109.6936665767284,109.6936791569158,14.01524951388749,14.015254518732533,0.0047741552119893865,1558.0,11.0
2407,22.0,152.3248896058169,152.32494862617972,408.6237471366992,408.62371911986105,114.01923490934061,114.01930856498606,14.635131662857354,14.635147010036603,0.012117407224140987,1561.0,11.0
2408,22.0,152.75223370337255,152.7522323919041,408.2474865110663,408.24749155044253,113.75763609509411,113.75763009831948,14.656028349953765,14.656030953572232,0.002665939462985489,1564.0,11.0
2409,22.0,163.81541537060758,163.8154777747944,399.17925751870075,399.17923491848956,98.86039530360897,98.86010754945937,15.344944030762596,15.344969073415307,0.0016171827518925719,1567.0,11.0
2410,22.0,163.8154777747944,163.8155604293606,399.17923491848956,399.1790632976471,98.86010754945937,98.85925212330523,15.344969073415307,15.345044607339188,0.021061949767050007,1567.0,11.0
2411,22.0,163.8155604293606,163.81539954802278,399.1790632976471,399.178834711231,98.85925212330523,98.85927444516679,15.345044607339188,15.345077416932753,0.02123315601425543,1567.0,11.0
2412,22.0,164.22376512226563,164.22375996406987,397.0760766349673,397.0760619009405,100.91073629236662,100.91072941220209,15.443862845441876,15.443867266816621,0.0042856467732679746,1568.0,11.0
2413,22.0,164.30064353644437,164.30061792746176,397.0240157487,397.024027460799,101.10149850169168,101.10158014684406,15.450938206678405,15.450948207843826,0.0012492959809741035,1569.0,11.0
2414,22.0,164.30061792746176,164.3005676764153,397.024027460799,397.02387953719307,101.10158014684406,101.10179279657915,15.450948207843826,15.450979589811457,0.017200927513127396,1569.0,11.0
2415,22.0,164.3005676764153,164.3005704378815,397.02387953719307,397.02386348673565,101.10179279657915,101.10179323782319,15.450979589811457,15.450983871341828,0.004166772221196758,1569.0,11.0
2416,22.0,165.11109568881244,165.1107489414207,396.19506416452816,396.1957051949079,100.5789274813005,100.57827819241729,15.493355624752299,15.493417617364948,0.002948580688899552,1570.0,11.0
2417,22.0,165.1107489414207,165.10973402470708,396.1957051949079,396.19742950047385,100.57827819241729,100.57700355273042,15.493417617364948,15.493570284846728,0.014836109481368336,1570.0,11.0
2418,22.0,165.10973402470708,165.10836465491727,396.19742950047385,396.19622655404555,100.57700355273042,100.57681624311721,15.493570284846728,15.493697463210875,0.04827556409340923,1570.0,11.0
2419,22.0,165.10836465491727,165.10838931431073,396.19622655404555,396.1959931127411,100.57681624311721,100.57701859680577,15.493697463210875,15.493732768052242,0.019923191725413215,1570.0,11.0
2420,22.0,165.10838931431073,165.10838298030708,396.1959931127411,396.19598261625646,100.57701859680577,100.57701919099318,15.493732768052242,15.493736283486768,0.0035010791573297437,1570.0,11.0
2421,22.0,165.11109744619188,165.11110277453454,396.19506240203117,396.1950568063308,100.57892623530611,100.57892241405571,15.49335650977551,15.493359264153176,0.002807290546636525,1571.0,11.0
2422,22.0,139.95924916492393,139.95570259427083,444.9286118180072,444.9248482845148,103.82902594672082,103.8273381329258,13.214607851821674,13.214849378338755,0.015809905702786,1574.0,11.0
2423,22.0,139.95570259427083,139.94963061406335,444.9248482845148,444.91655237089356,103.8273381329258,103.82883310076734,13.214849378338755,13.215318326489204,0.026324284162594403,1574.0,11.0
2424,22.0,139.94963061406335,139.95018692791655,444.91655237089356,444.9234140488109,103.82883310076734,103.83438041509439,13.215318326489204,13.215730141045801,0.0217159922140732,1574.0,11.0
2425,22.0,139.95018692791655,139.94728283612395,444.9234140488109,444.9248141676171,103.83438041509439,103.84128848298553,13.215730141045801,13.216096190623317,0.06615777158830906,1574.0,11.0
2426,22.0,139.94728283612395,139.9462554673285,444.9248141676171,444.9232586748126,103.84128848298553,103.84516555382793,13.216096190623317,13.216331826619056,0.03734564857586356,1574.0,11.0
2427,22.0,139.9462554673285,139.9481157735894,444.9232586748126,444.921318854649,103.84516555382793,103.84564475412257,13.216331826619056,13.216500627319785,0.03020580756752368,1574.0,11.0
2428,22.0,139.9481157735894,139.94718714020124,444.921318854649,444.9199949533275,103.84564475412257,103.84577634573728,13.216500627319785,13.216617390817012,0.017032165451419945,1574.0,11.0
2429,22.0,139.94718714020124,139.94642179165263,444.9199949533275,444.9192844069621,103.84577634573728,103.84590807091888,13.216617390817012,13.216703487203498,0.011094247940537096,1574.0,11.0
2430,22.0,139.94642179165263,139.94679663463927,444.9192844069621,444.91986722194713,103.84590807091888,103.84581242330515,13.216703487203498,13.21676765001615,0.037558950617313194,1574.0,11.0
2431,22.0,136.50496419798856,136.50258393184936,444.3831551281775,444.38397078061587,105.04676531360678,105.05054548343772,13.338127932504836,13.338335624555322,0.0147773963555891,1575.0,11.0
2432,22.0,136.50258393184936,136.49646725460136,444.38397078061587,444.38249675460264,105.05054548343772,105.05675532166399,13.338335624555322,13.33874740492685,0.023158903188904848,1575.0,11.0
2433,22.0,136.49646725460136,136.4915073040944,444.38249675460264,444.3812413494642,105.05675532166399,105.05121197724945,13.33874740492685,13.339110427537488,0.04304706800228111,1575.0,11.0
2434,22.0,136.4915073040944,136.4896224362364,444.3812413494642,444.3762953861681,105.05121197724945,105.05069230660168,13.339110427537488,13.33938711139993,0.020614206467885483,1575.0,11.0
2435,22.0,136.4896224362364,136.4871096564235,444.3762953861681,444.3728916500345,105.05069230660168,105.05169923322674,13.33938711139993,13.339624675572376,0.021110640488872363,1575.0,11.0
2436,22.0,136.4871096564235,136.4879634080171,444.3728916500345,444.36960934603474,105.05169923322674,105.05219561784482,13.339624675572376,13.339823784838222,0.017330068969707436,1575.0,11.0
2437,22.0,136.4879634080171,136.48539059144014,444.36960934603474,444.3687357935648,105.05219561784482,105.05195358552234,13.339823784838222,13.339992486076275,0.011079336936762182,1575.0,11.0
2438,22.0,136.48539059144014,136.48437838465009,444.3687357935648,444.36832066401985,105.05195358552234,105.0499239881937,13.339992486076275,13.340142088471941,0.013760506117010804,1575.0,11.0
2439,22.0,136.48437838465009,136.4857889240963,444.36832066401985,444.3692834940637,105.0499239881937,105.05051571089311,13.340142088471941,13.340268050393433,0.016576623805659243,1575.0,11.0
2440,22.0,136.4857889240963,136.48657866277432,444.3692834940637,444.3683302733731,105.05051571089311,105.05061251282682,13.340268050393433,13.340364808545313,0.030083856523752645,1575.0,11.0
2441,22.0,136.48657866277432,136.48687798498494,444.3683302733731,444.36842319589823,105.05061251282682,105.05071994707161,13.340364808545313,13.340401885988417,0.014312705103176808,1575.0,11.0
2442,22.0,136.48687798498494,136.4868726285759,444.36842319589823,444.3683541068003,105.05071994707161,105.05070434758836,13.340401885988417,13.340414025084385,0.010020671399338073,1575.0,11.0
2443,22.0,127.26567223321953,127.25494315178028,441.1764722484965,441.1670132754375,104.20195718680172,104.20748320836637,13.665566640531221,13.666152528951413,0.01867577357044817,1577.0,11.0
2444,22.0,127.25494315178028,127.2384451249937,441.1670132754375,441.146047533251,104.20748320836637,104.21961654439569,13.666152528951413,13.667278825149006,0.056406196431500334,1577.0,11.0
2445,22.0,127.2384451249937,127.24138467825756,441.146047533251,441.15040850183993,104.21961654439569,104.24412438311722,13.667278825149006,13.66826147517381,0.06254159749777886,1577.0,11.0
2446,22.0,127.24138467825756,127.22646145559963,441.15040850183993,441.1554062146356,104.24412438311722,104.25722537559177,13.66826147517381,13.669086921974374,0.04876639621917994,1577.0,11.0
2447,22.0,127.22646145559963,127.2126555035076,441.1554062146356,441.1524819942491,104.25722537559177,104.24765774595782,13.669086921974374,13.669793406723672,0.0727985065436781,1577.0,11.0
2448,22.0,127.2126555035076,127.20224938639141,441.1524819942491,441.15223517461027,104.24765774595782,104.24121179529975,13.669793406723672,13.670329637884533,0.03151740410000181,1577.0,11.0
2449,22.0,127.20224938639141,127.19324666675372,441.15223517461027,441.15186958997236,104.24121179529975,104.23621567807602,13.670329637884533,13.670795432185233,0.0654998622900798,1577.0,11.0
2450,22.0,127.19324666675372,127.19176171547072,441.15186958997236,441.147918247036,104.23621567807602,104.23112678687062,13.670795432185233,13.671122775749229,0.038144461303840395,1577.0,11.0
2451,22.0,127.19176171547072,127.18792924378037,441.147918247036,441.1457722241277,104.23112678687062,104.22939603166606,13.671122775749229,13.671375495685389,0.0283951431321835,1577.0,11.0
2452,22.0,127.18792924378037,127.18470418467864,441.1457722241277,441.1470276750707,104.22939603166606,104.22944402460277,13.671375495685389,13.671576030062214,0.032103388319237994,1577.0,11.0
2453,22.0,127.18470418467864,127.18548376481951,441.1470276750707,441.1486053353261,104.22944402460277,104.22812639043563,13.671576030062214,13.671720655601401,0.014243385875279986,1577.0,11.0
2454,22.0,127.18548376481951,127.18397378294625,441.1486053353261,441.149200919579,104.22812639043563,104.2285943201629,13.671720655601401,13.671840775483975,0.011205724985984013,1577.0,11.0
2455,22.0,127.18397378294625,127.18453659792246,441.149200919579,441.1497866397419,104.2285943201629,104.22961935830267,13.671840775483975,13.67194113807238,0.01370275404309618,1577.0,11.0
2456,22.0,127.18453659792246,127.18524661349579,441.1497866397419,441.14948810788337,104.22961935830267,104.23000438884749,13.67194113807238,13.672015722286467,0.02766697347402264,1577.0,11.0
2457,22.0,127.18524661349579,127.18531047046955,441.14948810788337,441.14940177473693,104.23000438884749,104.23009895830202,13.672015722286467,13.672035826193197,0.015040160367096222,1577.0,11.0
2458,22.0,125.03268563805884,125.03261297575686,443.09526559513154,443.09511645782834,98.50106512446158,98.5008731755254,13.87958945171511,13.879611745631337,0.0012600766854383401,1579.0,11.0
2459,22.0,125.03261297575686,125.03234404182483,443.09511645782834,443.0945779414852,98.5008731755254,98.50038033528793,13.879611745631337,13.879681056327902,0.01381938741750135,1579.0,11.0
2460,22.0,125.03234404182483,125.0322344185937,443.0945779414852,443.0949074458654,98.50038033528793,98.50053146354352,13.879681056327902,13.879721962330683,0.017197831369160678,1579.0,11.0
2461,22.0,125.0322344185937,125.03229032603477,443.0949074458654,443.09491312927446,98.50053146354352,98.50055194311962,13.879721962330683,13.8797326951062,0.009064082324002187,1579.0,11.0
2462,22.0,124.10658289407267,124.10659496098076,452.21884919862896,452.2192496165676,89.01000968501128,89.01017474239913,14.319815179355455,14.319848558111207,0.0025240734839397055,1580.0,11.0
2463,22.0,124.10659496098076,124.10679917555464,452.2192496165676,452.2202533251308,89.01017474239913,89.0108133355625,14.319848558111207,14.319943407759538,0.024559736309223354,1580.0,11.0
2464,22.0,124.10679917555464,124.10684734196029,452.2202533251308,452.22005865205995,89.0108133355625,89.011210825913,14.319943407759538,14.319989481591971,0.018979148780308333,1580.0,11.0
2465,22.0,124.10684734196029,124.10679843980279,452.22005865205995,452.22003873624163,89.011210825913,89.01125483973513,14.319989481591971,14.320001338880893,0.009831036777596704,1580.0,11.0
2466,22.0,123.77342035717547,123.77265409861884,453.31986142580644,453.3205829625457,74.11233455078285,74.11137850857388,14.818227304050666,14.818310005398695,0.005133513099346401,1583.0,11.0
2467,22.0,123.77265409861884,123.77061741532688,453.3205829625457,453.32163931611706,74.11137850857388,74.10914905193175,14.818310005398695,14.818499322301163,0.017988167567253327,1583.0,11.0
2468,22.0,123.77061741532688,123.76831285353163,453.32163931611706,453.3210471384424,74.10914905193175,74.10841487493046,14.818499322301163,14.818657357770835,0.015975896022696633,1583.0,11.0
2469,22.0,123.76831285353163,123.76878905184647,453.3210471384424,453.3201195583674,74.10841487493046,74.11000603546071,14.818657357770835,14.818787938151122,0.0138985605108568,1583.0,11.0
2470,22.0,123.76878905184647,123.76768070744056,453.3201195583674,453.3192335642789,74.11000603546071,74.11008088055823,14.818787938151122,14.818894321222832,0.02184795244377513,1583.0,11.0
2471,22.0,123.76768070744056,123.7678729216132,453.3192335642789,453.3186581650122,74.11008088055823,74.10971009491837,14.818894321222832,14.818959248262265,0.020829007686706005,1583.0,11.0
2472,22.0,123.7678729216132,123.76796056652427,453.3186581650122,453.3186144941821,74.10971009491837,74.10985991722765,14.818959248262265,14.81898289969175,0.01710220359058091,1583.0,11.0
2473,22.0,124.0883610334716,124.08837086555289,452.52215508525126,452.52216115860955,73.85232201870762,73.85232182866702,14.848121586098266,14.848124958130025,0.003373091682712325,1586.0,11.0
2474,22.0,124.63748677506803,124.63727864496866,448.3637324757644,448.3636034215718,73.28386223006206,73.28383866627641,14.989321935856879,14.989351753970604,0.020526712540233045,1587.0,11.0
2475,22.0,126.01242749733717,126.01247180449248,447.27139459345415,447.27118610264614,73.19121637922498,73.19103231376529,15.047977499833477,15.04801041281426,0.01570927159500991,1590.0,11.0
2476,22.0,126.01247180449248,126.01244448636017,447.27118610264614,447.2711843049434,73.19103231376529,73.19105207640344,15.04801041281426,15.048017557952255,0.006469148547497517,1590.0,11.0
2477,22.0,127.56213541859529,127.56255920774883,446.92492563340585,446.9247584280773,74.67375138919707,74.6739313228305,15.120430892031134,15.120467573790188,0.003951981589161105,1591.0,11.0
2478,22.0,127.56255920774883,127.56373733950404,446.9247584280773,446.92435610770553,74.6739313228305,74.67425898909661,15.120467573790188,15.120566824853348,0.009819424553348968,1591.0,11.0
2479,22.0,127.56373733950404,127.56438309766625,446.92435610770553,446.9240618945834,74.67425898909661,74.67360375042506,15.120566824853348,15.120647808271217,0.034332645706826356,1591.0,11.0
2480,22.0,127.56438309766625,127.56433436097923,446.9240618945834,446.92412615523097,74.67360375042506,74.67364776087604,15.120647808271217,15.120662410237218,0.011641208628796182,1591.0,11.0
2481,22.0,126.27950993291188,126.27941158132118,447.4009334763694,447.4009894068719,74.7187568763107,74.71882104563976,15.166090652060724,15.166104278258391,0.0015453113170571298,1592.0,11.0
2482,22.0,126.27941158132118,126.27919384001432,447.4009894068719,447.4010863666372,74.71882104563976,74.71912345275715,15.166104278258391,15.166145685719442,0.019678912639402878,1592.0,11.0
2483,22.0,126.27919384001432,126.27921308863195,447.4010863666372,447.40111498152135,74.71912345275715,74.71910997881456,15.166145685719442,15.166153313551526,0.006832586202051259,1592.0,11.0
2484,22.0,128.74139934389012,128.7415347446856,446.07390309226383,446.0738679483473,71.86608029633143,71.8659548226875,15.299354011324393,15.299378515493784,0.01758622062508092,1593.0,11.0
2485,22.0,127.32262951722728,127.32236812287017,446.15957068981817,446.1595452102042,72.98335448809615,72.98369473948546,15.359649395608157,15.359682167889263,0.0020306841347002627,1594.0,11.0
2486,22.0,127.32236812287017,127.3215564866603,446.1595452102042,446.15947254776586,72.98369473948546,72.98466725031082,15.359682167889263,15.359780410367444,0.01623018343149882,1594.0,11.0
2487,22.0,127.3215564866603,127.3215253683946,446.15947254776586,446.15933386247673,72.98466725031082,72.98539785311273,15.359780410367444,15.359847533727283,0.02129896327291163,1594.0,11.0
2488,22.0,127.3215253683946,127.32160397227639,446.15933386247673,446.15928363982886,72.98539785311273,72.9852321456836,15.359847533727283,15.359872250293595,0.01770623033453787,1594.0,11.0
2489,22.0,127.32262917567508,127.32263376402679,446.1595693408114,446.15956293561567,72.98335536278177,72.98335682509088,15.359649932924231,15.359652552621158,0.00268108,1595.0,11.0
2490,22.0,148.70616294385422,148.7061596613093,448.46806137398727,448.46807037901755,103.31241568235555,103.31240069172823,13.444381414978864,13.444632563011728,0.10391659554969959,1598.0,1000180400.0
2491,22.0,150.6354818288359,150.63548396477577,446.7626497475685,446.762650341184,106.7664853991752,106.76648606071396,16.467629734183173,16.467690494923417,0.030015380339043916,1599.0,1000180400.0
2492,22.0,125.70034258115668,125.7003422116525,415.2982417076149,415.2982419898029,130.32880006300576,130.32880055993093,49.60320151121027,49.603227363951184,0.014345407444395787,1600.0,1000180400.0
2493,22.0,119.31302751513275,119.31302571129065,367.97553140138837,367.97553001268386,128.62208003827274,128.6220783268647,83.8534788860375,83.85354915249414,0.03401307749421057,1601.0,1000180400.0
2494,22.0,131.8711186585833,131.87111803222362,358.8928723618802,358.8928694074185,142.42236017363928,142.42236443553938,98.98245224415832,98.98255980422951,0.04882867726759809,1602.0,1000180400.0
2495,22.0,143.71916089411238,143.7191688597282,364.3202183756235,364.32022151990833,135.09142261348995,135.09141372886916,110.16316844542195,110.16336400246618,0.08243911236023062,1603.0,1000180400.0
2496,22.0,109.0999262766832,109.09992454591274,354.8263381578348,354.82633933993304,206.72951106306655,206.72951189922804,172.89806694417547,172.89812665217903,0.02957224412465839,1604.0,1000180400.0
2497,22.0,112.03715634907226,112.03716338613631,350.22095898405746,350.22095364289476,209.62677923617466,209.62678336341574,177.82483254991405,177.82499872973318,0.07128493471844452,1605.0,1000180400.0
2498,22.0,94.96238978423233,94.96238102624173,355.5553976512818,355.55540122793,203.37053868554653,203.37053645048468,193.6219845962367,193.62215041594985,0.07114905099936127,1606.0,1000180400.0
2499,22.0,98.8928794632318,98.89288110670317,353.54500682669425,353.54500600741255,203.9147166315897,203.91471887188527,197.51804414142353,197.5181152433871,0.034364618721388816,1607.0,1000180400.0
2500,22.0,105.32340841721313,105.32340926077052,349.34724635831174,349.3472472223378,126.90634888922277,126.90634798228503,267.072802371596,267.0728473570001,0.023333062973467558,1608.0,1000180400.0
2501,22.0,101.76245506391699,101.76245498991001,344.8583671624199,344.858366994446,125.21298900992186,125.21298923040933,272.54182651008836,272.5418407370912,0.00841904642834565,1609.0,1000180400.0
2502,22.0,80.40797955172307,80.40797648454955,327.76956341819863,327.7695632054267,80.85951791922096,80.85951261112065,320.56337573771714,320.56349611955096,0.053759072672331085,1610.0,1000180400.0
2503,22.0,115.39737997933022,115.39737965484956,310.02242771332965,310.02242740470285,131.98933937896322,131.98934154850173,382.7245657031234,382.72462464213345,0.02924841533879043,1611.0,1000180400.0
2504,22.0,123.5620400194337,123.56204442050435,309.2131274326953,309.2131262295928,125.35985642062346,125.35985385221201,393.1734452428287,393.17355298070987,0.04889711252822067,1612.0,1000180400.0
2505,22.0,84.3194485027165,84.31944819656607,322.90530055822444,322.9053002792186,141.60466838338007,141.6046684049474,439.60457277498745,439.6045910717516,0.010639655044273461,1614.0,1000180400.0
2506,22.0,84.2355149796393,84.23551578061554,323.29916121863573,323.2991637962568,141.74521043965626,141.74521184156376,440.05286043935524,440.05293399722245,0.03539857001992371,1615.0,1000180400.0
2507,22.0,59.87743413536582,59.877432772645875,303.28771252105105,303.2877109699483,124.44306726937195,124.44306486761855,479.34207429670494,479.3421499541904,0.036283475677200326,1616.0,1000180400.0
2508,22.0,62.94051393043768,62.94051512710787,313.1280506916857,313.1280518937314,151.08085665713187,151.08085846808132,511.92365754994603,511.9237213645801,0.03130002908044718,1617.0,1000180400.0
2509,22.0,128.62754788560804,128.48961285218186,461.1614902301011,461.2091069737209,102.75021244775272,102.73150011645889,12.982844998617807,12.987791884630694,0.33728687722127376,2420.0,11.0
2510,22.0,128.48961285218186,128.20311536420752,461.2091069737209,461.22360975867485,102.73150011645889,102.69858109622369,12.987791884630694,12.997516088716171,0.5584241196757519,2420.0,11.0
2511,22.0,128.20311536420752,127.98089530183722,461.22360975867485,461.1922191546134,102.69858109622369,102.64305815989198,12.997516088716171,13.005331198464612,0.47820896975193117,2420.0,11.0
2512,22.0,127.98089530183722,127.875573057461,461.1922191546134,461.18370506417676,102.64305815989198,102.49411755144956,13.005331198464612,13.011536965390038,0.3592844574852028,2420.0,11.0
2513,22.0,127.875573057461,127.73111372031482,461.18370506417676,461.17322880986495,102.49411755144956,102.51783549906744,13.011536965390038,13.016556439022766,0.3017140456099411,2420.0,11.0
2514,22.0,127.73111372031482,127.62924715032337,461.17322880986495,461.12444130343664,102.51783549906744,102.54943028016275,13.016556439022766,13.020601038892238,0.27284814099797094,2420.0,11.0
2515,22.0,127.62924715032337,127.54540892049268,461.12444130343664,461.0969940457494,102.54943028016275,102.52589567889042,13.020601038892238,13.023786988197049,0.23972772975506845,2420.0,11.0
2516,22.0,127.54540892049268,127.49897705146482,461.0969940457494,461.0463542295429,102.52589567889042,102.5344082819068,13.023786988197049,13.026243045041749,0.14002698608809633,2420.0,11.0
2517,22.0,127.49897705146482,127.47127435975055,461.0463542295429,461.00754258365293,102.5344082819068,102.56523054488407,13.026243045041749,13.028286584399288,0.1105073221456558,2420.0,11.0
2518,22.0,127.47127435975055,127.42733969733828,461.00754258365293,460.997425057725,102.56523054488407,102.57938028974775,13.028286584399288,13.030013668986623,0.09579580540251341,2420.0,11.0
2519,22.0,127.42733969733828,127.40376449456521,460.997425057725,461.0251740492366,102.57938028974775,102.5940673371997,13.030013668986623,13.031474243503832,0.15133955418985082,2420.0,11.0
2520,22.0,127.40376449456521,127.38003745180188,461.0251740492366,461.0380648128883,102.5940673371997,102.5984285942158,13.031474243503832,13.032534594372976,0.055355672886002974,2420.0,11.0
2521,22.0,127.38003745180188,127.35707063852676,461.0380648128883,461.0413491460654,102.5984285942158,102.59821544866347,13.032534594372976,13.033453606069301,0.06965043074188405,2420.0,11.0
2522,22.0,127.35707063852676,127.34312099767503,461.0413491460654,461.0406840689451,102.59821544866347,102.60988266844647,13.033453606069301,13.034200117502323,0.06435517759624235,2420.0,11.0
2523,22.0,127.34312099767503,127.33047659419204,461.0406840689451,461.0383875280442,102.60988266844647,102.61503965240766,13.034200117502323,13.03479373173735,0.04001008937987103,2420.0,11.0
2524,22.0,127.33047659419204,127.31948243464657,461.0383875280442,461.0383811686476,102.61503965240766,102.6123942862022,13.03479373173735,13.035296169320787,0.03851568737423858,2420.0,11.0
2525,22.0,127.31948243464657,127.31086996057459,461.0383811686476,461.0357450401706,102.6123942862022,102.61228261455679,13.035296169320787,13.035714180768577,0.025058747696054248,2420.0,11.0
2526,22.0,127.31086996057459,127.30457651837742,461.0357450401706,461.03165374175467,102.61228261455679,102.61346415361295,13.035714180768577,13.036079300009815,0.02283969920189155,2420.0,11.0
2527,22.0,127.30457651837742,127.2995745895025,461.03165374175467,461.0276890082738,102.61346415361295,102.61338185071565,13.036079300009815,13.036397797135468,0.028466800400638,2420.0,11.0
2528,22.0,127.2995745895025,127.29463211553946,461.0276890082738,461.0272098803346,102.61338185071565,102.61317579353776,13.036397797135468,13.03666055036108,0.030023660137232202,2420.0,11.0
2529,22.0,127.29463211553946,127.29125919825731,461.0272098803346,461.0259347285003,102.61317579353776,102.6134420109845,13.03666055036108,13.036867634400632,0.016374995327522703,2420.0,11.0
2530,22.0,127.29125919825731,127.28882628960969,461.0259347285003,461.0273533439219,102.6134420109845,102.61259546201772,13.036867634400632,13.037045727841459,0.017879340160317964,2420.0,11.0
2531,22.0,127.28882628960969,127.28685724580214,461.0273533439219,461.0267612216545,102.61259546201772,102.61351872994116,13.037045727841459,13.037192936225917,0.014591789630649209,2420.0,11.0
2532,22.0,127.28685724580214,127.28710453447825,461.0267612216545,461.0259224846867,102.61351872994116,102.6120265651466,13.037192936225917,13.037315057055267,0.011756119138679053,2420.0,11.0
2533,22.0,127.28710453447825,127.28813652802401,461.0259224846867,461.025102794904,102.6120265651466,102.61219028597357,13.037315057055267,13.037416505746792,0.01227399881087215,2420.0,11.0
2534,22.0,127.28813652802401,127.28828766353563,461.025102794904,461.02586937126523,102.61219028597357,102.61169299488009,13.037416505746792,13.03749509454887,0.009099536006804252,2420.0,11.0
2535,22.0,127.28828766353563,127.28835457236173,461.02586937126523,461.0264652551581,102.61169299488009,102.61146627914805,13.03749509454887,13.037555300049153,0.023434741911595232,2420.0,11.0
2536,22.0,127.28835457236173,127.2882785482687,461.0264652551581,461.02640179447354,102.61146627914805,102.61147780554354,13.037555300049153,13.037570786524213,0.012205833621057087,2420.0,11.0
2537,22.0,108.16413650072445,108.14978183238816,485.92423548220285,485.9551591670712,122.97210290128938,123.0037855351491,14.249013887011941,14.250632839964975,0.0568738190416118,2422.0,11.0
2538,22.0,108.14978183238816,108.14792881483922,485.9551591670712,486.0077967797538,123.0037855351491,123.0788645737733,14.250632839964975,14.253832322242578,0.18975009670291346,2422.0,11.0
2539,22.0,108.14792881483922,108.10602725088677,486.0077967797538,486.0648484548077,123.0788645737733,123.10097367592195,14.253832322242578,14.256451450968077,0.2539926778524179,2422.0,11.0
2540,22.0,108.10602725088677,108.09951888523128,486.0648484548077,486.01730266073065,123.10097367592195,123.11994251699142,14.256451450968077,14.258323152217505,0.12602523692211953,2422.0,11.0
2541,22.0,108.09951888523128,108.10907414711228,486.01730266073065,486.00271376853834,123.11994251699142,123.08287948410793,14.258323152217505,14.259840498665472,0.08316794119469482,2422.0,11.0
2542,22.0,108.10907414711228,108.12693809680461,486.00271376853834,486.0070005273603,123.08287948410793,123.05401378996696,14.259840498665472,14.261132031662498,0.06680790569445673,2422.0,11.0
2543,22.0,108.12693809680461,108.12895029521829,486.0070005273603,485.9972453246555,123.05401378996696,123.02678729637167,14.261132031662498,14.262247623800787,0.10617093547135412,2422.0,11.0
2544,22.0,108.12895029521829,108.13441702889224,485.9972453246555,485.99355761792594,123.02678729637167,123.00674382541513,14.262247623800787,14.26309454056986,0.0486976342493386,2422.0,11.0
2545,22.0,108.13441702889224,108.15031692171233,485.99355761792594,485.9865416823494,123.00674382541513,123.00983774756739,14.26309454056986,14.263822056815904,0.10083428546435873,2422.0,11.0
2546,22.0,108.15031692171233,108.1610216874149,485.9865416823494,485.9887784428338,123.00983774756739,123.0083034107447,14.263822056815904,14.264314874203585,0.03401623448606227,2422.0,11.0
2547,22.0,108.1610216874149,108.15747734494562,485.9887784428338,485.9961692629111,123.0083034107447,123.00454217822195,14.264314874203585,14.26473329217931,0.030443108817706253,2422.0,11.0
2548,22.0,108.15747734494562,108.15438474960169,485.9961692629111,485.9988686640033,123.00454217822195,122.99848593433634,14.26473329217931,14.265087668358774,0.02444367227509574,2422.0,11.0
2549,22.0,108.15438474960169,108.14986959074697,485.9988686640033,485.9957382325489,122.99848593433634,122.99598904505365,14.265087668358774,14.265392603891572,0.017847987056209692,2422.0,11.0
2550,22.0,108.14986959074697,108.1466303766337,485.9957382325489,485.9976340378874,122.99598904505365,122.99245884397055,14.265392603891572,14.265662675420877,0.03084475609443046,2422.0,11.0
2551,22.0,108.1466303766337,108.14683446939428,485.9976340378874,486.0006934688887,122.99245884397055,122.99030990257442,14.265662675420877,14.265875171098077,0.018308900109432116,2422.0,11.0
2552,22.0,108.14683446939428,108.14785702303365,486.0006934688887,485.99905893333573,122.99030990257442,122.98803335887041,14.265875171098077,14.266055123271292,0.04070661240435919,2422.0,11.0
2553,22.0,108.14785702303365,108.1479918237201,485.99905893333573,486.0004927914241,122.98803335887041,122.98768133137919,14.266055123271292,14.266164726725874,0.01634893146252309,2422.0,11.0
2554,22.0,108.1479918237201,108.14887197777497,486.0004927914241,486.00059263602844,122.98768133137919,122.98735911967006,14.266164726725874,14.266244310050523,0.02938241562660492,2422.0,11.0
2555,22.0,108.14887197777497,108.14884626142512,486.00059263602844,486.0007383152462,122.98735911967006,122.98730635333985,14.266244310050523,14.26626581856743,0.015868418639234116,2422.0,11.0
2556,22.0,107.08785993371335,107.08546703960829,487.9477298871948,487.9494216976426,120.60447250575217,120.60093154521284,14.358931099389379,14.359141649600426,0.012072415933246802,2423.0,11.0
2557,22.0,107.08546703960829,107.0802488833109,487.9494216976426,487.95387551482645,120.60093154521284,120.59523002451817,14.359141649600426,14.359556416857389,0.022151322806127912,2423.0,11.0
2558,22.0,107.0802488833109,107.07732425032407,487.95387551482645,487.9609437336645,120.59523002451817,120.5946015470264,14.359556416857389,14.359924430854004,0.10068736501693984,2423.0,11.0
2559,22.0,107.07732425032407,107.07628164766193,487.9609437336645,487.96361527886046,120.5946015470264,120.59436270464383,14.359924430854004,14.360099757162073,0.0137125029056052,2423.0,11.0
2560,22.0,107.07628164766193,107.07428292839197,487.96361527886046,487.96467103532393,120.59436270464383,120.5950053013202,14.360099757162073,14.360251399023008,0.014789987872311759,2423.0,11.0
2561,22.0,107.07428292839197,107.0747505537473,487.96467103532393,487.96533356772187,120.5950053013202,120.59662674095105,14.360251399023008,14.36037763000178,0.008626719933122844,2423.0,11.0
2562,22.0,107.0747505537473,107.07497887686159,487.96533356772187,487.96386065001326,120.59662674095105,120.59689247867664,14.36037763000178,14.360488859337636,0.016092727003259394,2423.0,11.0
2563,22.0,107.07497887686159,107.0751760878293,487.96386065001326,487.9629356070327,120.59689247867664,120.59663366362565,14.360488859337636,14.360570722396469,0.014597886430434642,2423.0,11.0
2564,22.0,107.0751760878293,107.0754757666177,487.9629356070327,487.9631813838405,120.59663366362565,120.59699385747533,14.360570722396469,14.360623030095574,0.015314823869830047,2423.0,11.0
2565,22.0,107.0754757666177,107.07557739710953,487.9631813838405,487.96323824754546,120.59699385747533,120.59687215257436,14.360623030095574,14.360645660683904,0.01651778343425849,2423.0,11.0
2566,22.0,110.3478193143413,110.34817008212663,500.2113571066884,500.2118071138274,132.15404453905822,132.15484926050434,14.93127936516478,14.931338624963148,0.005774041852175013,2425.0,11.0
2567,22.0,110.34817008212663,110.34893553878362,500.2118071138274,500.2093149624708,132.15484926050434,132.15586753107635,14.931338624963148,14.931510474667574,0.013267972628606212,2425.0,11.0
2568,22.0,110.34893553878362,110.3490639173363,500.2093149624708,500.2081685917992,132.15586753107635,132.1578479135266,14.931510474667574,14.931659438441683,0.01745389317298845,2425.0,11.0
2569,22.0,110.3490639173363,110.34941400248303,500.2081685917992,500.2095817712085,132.1578479135266,132.15703910926442,14.931659438441683,14.931778366324474,0.013798513612901608,2425.0,11.0
2570,22.0,110.34941400248303,110.34976937837953,500.2095817712085,500.20887550335283,132.15703910926442,132.1579406876528,14.931778366324474,14.931872778374071,0.010476270901675805,2425.0,11.0
2571,22.0,110.34976937837953,110.34914796380019,500.20887550335283,500.20934154058125,132.1579406876528,132.1583084513008,14.931872778374071,14.931947257642873,0.014959429564866105,2425.0,11.0
2572,22.0,110.34914796380019,110.34954720192859,500.20934154058125,500.20936187877777,132.1583084513008,132.15819475194616,14.931947257642873,14.931991057929876,0.018765730115679027,2425.0,11.0
2573,22.0,110.34954720192859,110.34950093301481,500.20936187877777,500.2093965157775,132.15819475194616,132.15820236023185,14.931991057929876,14.932001595521738,0.008929179725351698,2425.0,11.0
2574,22.0,110.29503914509367,110.29481041400672,494.99465792721446,494.99445628428293,129.9196119662398,129.9195575671165,15.120770487273207,15.120805776892517,0.0153623588050918,2427.0,11.0
2575,22.0,110.29481041400672,110.29478183543674,494.99445628428293,494.9944174356944,129.9195575671165,129.91954945628805,15.120805776892517,15.120815073199864,0.008054055241773982,2427.0,11.0
2576,22.0,113.06868303232216,113.06923055012926,495.36193225100334,495.36106891448435,127.99996191915193,128.00029407901044,15.23406843447995,15.234135092880056,0.0035784372555575533,2428.0,11.0
2577,22.0,113.06923055012926,113.0704745870466,495.36106891448435,495.3592189978358,128.00029407901044,128.0015601252028,15.234135092880056,15.234296453715958,0.02177408613432556,2428.0,11.0
2578,22.0,113.0704745870466,113.071230688344,495.3592189978358,495.36052141359215,128.0015601252028,128.00063806310374,15.234296453715958,15.234420371261022,0.022224388435585347,2428.0,11.0
2579,22.0,113.071230688344,113.07161677339309,495.36052141359215,495.3605298761486,128.00063806310374,127.99969622031702,15.234420371261022,15.23450444262454,0.019883791213759126,2428.0,11.0
2580,22.0,113.07161677339309,113.0717122932552,495.3605298761486,495.3607677658039,127.99969622031702,128.00002355921214,15.23450444262454,15.234548255406615,0.015592478837154308,2428.0,11.0
2581,22.0,113.0717122932552,113.07162965073476,495.3607677658039,495.3607179725909,128.00002355921214,128.0000045852257,15.234548255406615,15.234563588698768,0.01210858183280154,2428.0,11.0
2582,22.0,113.06868461899369,113.06868854347935,495.361934201476,495.36193980765086,127.9999621981348,127.99996307062229,15.234069261117385,15.234071625157062,0.0024382200032909552,2429.0,11.0
2583,22.0,160.64800375820283,160.64810383090503,448.26585574189374,448.2658654984966,106.00072769890899,106.00068886849166,14.48152845730533,14.482154377810545,0.29922692943209145,2433.0,1000180400.0
2584,22.0,127.4822734438391,127.46768854416469,418.0613784181722,418.0378905634524,149.99067948090112,150.07515259957614,16.57725408409148,16.58026865068103,0.1344018786062027,2440.0,11.0
2585,22.0,127.46768854416469,127.50410279005771,418.0378905634524,417.98091437395334,150.07515259957614,150.24645951974222,16.58026865068103,16.586525851041934,0.6448534179689742,2440.0,11.0
2586,22.0,127.50410279005771,127.52474721763149,417.98091437395334,418.00505633905794,150.24645951974222,150.36252705888887,16.586525851041934,16.590671364730923,0.24053491042561573,2440.0,11.0
2587,22.0,127.52474721763149,127.57932544675752,418.00505633905794,418.0846860452498,150.36252705888887,150.3747809867131,16.590671364730923,16.594055973551068,0.3574915876016933,2440.0,11.0
2588,22.0,127.57932544675752,127.61505715093074,418.0846860452498,418.09718130772507,150.3747809867131,150.4268744477598,16.594055973551068,16.596351931285746,0.15237939120229327,2440.0,11.0
2589,22.0,127.61505715093074,127.65209396906123,418.09718130772507,418.09894943950366,150.4268744477598,150.46193937931216,16.596351931285746,16.598204733849595,0.13315510643133638,2440.0,11.0
2590,22.0,127.65209396906123,127.68909295166614,418.09894943950366,418.0851884832656,150.46193937931216,150.4672380236067,16.598204733849595,16.59968426696457,0.08910224043115099,2440.0,11.0
2591,22.0,127.68909295166614,127.71855923833323,418.0851884832656,418.09791427125384,150.4672380236067,150.46120822657863,16.59968426696457,16.60092346422105,0.0777853915600402,2440.0,11.0
2592,22.0,127.71855923833323,127.72082445637106,418.09791427125384,418.11512564540607,150.46120822657863,150.46863515370853,16.60092346422105,16.601657683627092,0.04370529827802911,2440.0,11.0
2593,22.0,127.72082445637106,127.73860192311925,418.11512564540607,418.1167874618474,150.46863515370853,150.45937726694885,16.601657683627092,16.602470541208675,0.07706645320392545,2440.0,11.0
2594,22.0,127.73860192311925,127.74364062068867,418.1167874618474,418.1085426090839,150.45937726694885,150.47057917495226,16.602470541208675,16.603097713634735,0.04086055596257567,2440.0,11.0
2595,22.0,127.74364062068867,127.73742154785118,418.1085426090839,418.11034097949823,150.47057917495226,150.48086249363197,16.603097713634735,16.60363063778508,0.061233190032886665,2440.0,11.0
2596,22.0,127.73742154785118,127.73035619477325,418.11034097949823,418.10726363034644,150.48086249363197,150.47731673856666,16.60363063778508,16.604029078272774,0.026880040304295808,2440.0,11.0
2597,22.0,127.73035619477325,127.72342299740319,418.10726363034644,418.10673184028894,150.47731673856666,150.4764706892866,16.604029078272774,16.604371546545316,0.03596152252652125,2440.0,11.0
2598,22.0,127.72342299740319,127.71834361288957,418.10673184028894,418.1067494266452,150.4764706892866,150.47546564874315,16.604371546545316,16.60464262996571,0.025358475330333346,2440.0,11.0
2599,22.0,127.71834361288957,127.7174695871666,418.1067494266452,418.11050984728854,150.47546564874315,150.47439395717666,16.60464262996571,16.604866076246978,0.039794608624676917,2440.0,11.0
2600,22.0,127.7174695871666,127.71596086816858,418.11050984728854,418.11231439170103,150.47439395717666,150.47400864984442,16.604866076246978,16.605019255015034,0.010069850355828294,2440.0,11.0
2601,22.0,127.71596086816858,127.71427149149076,418.11231439170103,418.113141003691,150.47400864984442,150.47472561236071,16.605019255015034,16.605155133551836,0.01955376941658722,2440.0,11.0
2602,22.0,127.71427149149076,127.71331552666462,418.113141003691,418.1123654738518,150.47472561236071,150.47524114769027,16.605155133551836,16.605256932648928,0.012797404728026847,2440.0,11.0
2603,22.0,127.71331552666462,127.71319486090135,418.1123654738518,418.11207214700227,150.47524114769027,150.47610008779367,16.605256932648928,16.605334880055576,0.0106613641482878,2440.0,11.0
2604,22.0,127.71319486090135,127.71268054318762,418.11207214700227,418.1123145474959,150.47610008779367,150.47596359009376,16.605334880055576,16.60539116760833,0.026137572944499355,2440.0,11.0
2605,22.0,127.71268054318762,127.71266250834454,418.1123145474959,418.11234119802975,150.47596359009376,150.47599425967238,16.60539116760833,16.605399853478975,0.007613059900173306,2440.0,11.0
2606,22.0,124.19064284768346,124.18830326375954,412.9816207029351,412.97464077188033,147.15016055818487,147.15022957595255,16.800286817285635,16.800597344293365,0.01175531429037784,2441.0,11.0
2607,22.0,124.18830326375954,124.18103285612047,412.97464077188033,412.9622256399539,147.15022957595255,147.15183199158065,16.800597344293365,16.801213285448764,0.04150557515028822,2441.0,11.0
2608,22.0,124.18103285612047,124.18165301645914,412.9622256399539,412.95685660456786,147.15183199158065,147.16233305657894,16.801213285448764,16.801733906480322,0.038628022979431485,2441.0,11.0
2609,22.0,124.18165301645914,124.18561844937187,412.95685660456786,412.9552652536642,147.16233305657894,147.1707861491543,16.801733906480322,16.80216912297513,0.02252808889027485,2441.0,11.0
2610,22.0,124.18561844937187,124.19164001367562,412.9552652536642,412.953829674513,147.1707861491543,147.1761346415616,16.80216912297513,16.802556225715346,0.02216361814365976,2441.0,11.0
2611,22.0,124.19164001367562,124.18899044803982,412.953829674513,412.94740175157915,147.1761346415616,147.17663063025228,16.802556225715346,16.802897367544418,0.02466583194379805,2441.0,11.0
2612,22.0,124.18899044803982,124.18718165972822,412.94740175157915,412.94283866747617,147.17663063025228,147.17952717288912,16.802897367544418,16.80318913552916,0.01706513837515328,2441.0,11.0
2613,22.0,124.18718165972822,124.18521082462489,412.94283866747617,412.940654042077,147.17952717288912,147.18341010354186,16.80318913552916,16.80344793921194,0.01417182745409518,2441.0,11.0
2614,22.0,124.18521082462489,124.18149767199357,412.940654042077,412.94240640179476,147.18341010354186,147.18438025834564,16.80344793921194,16.803680162588336,0.046434034545039665,2441.0,11.0
2615,22.0,124.18149767199357,124.17957983240267,412.94240640179476,412.9412524396457,147.18438025834564,147.184965109281,16.803680162588336,16.80383012068035,0.014971259468456396,2441.0,11.0
2616,22.0,124.17957983240267,124.1792583635511,412.9412524396457,412.9401156198519,147.184965109281,147.1862860463923,16.80383012068035,16.80395435029784,0.014507407059166798,2441.0,11.0
2617,22.0,124.1792583635511,124.18026200157355,412.9401156198519,412.9409033700319,147.1862860463923,147.18623242110567,16.80395435029784,16.80405303988531,0.015489791712363423,2441.0,11.0
2618,22.0,124.18026200157355,124.18020371869838,412.9409033700319,412.94104136024214,147.18623242110567,147.1869929844199,16.80405303988531,16.80412217087002,0.035934119994413066,2441.0,11.0
2619,22.0,124.18020371869838,124.18020531358619,412.94104136024214,412.94105087691213,147.1869929844199,147.18700525046341,16.80412217087002,16.804126325864427,0.004058592554751925,2441.0,11.0
2620,22.0,121.54267718613175,121.5424811469458,416.18646796630867,416.18689935172716,145.33474464067245,145.3343577843835,16.95160328236896,16.95164621324612,0.0016994140364286051,2443.0,11.0
2621,22.0,121.5424811469458,121.5426243486518,416.18689935172716,416.1883222435811,145.3343577843835,145.3334278053467,16.95164621324612,16.951767159455834,0.032442147176720004,2443.0,11.0
2622,22.0,121.5426243486518,121.5432075485523,416.1883222435811,416.1882100784508,145.3334278053467,145.3331857020433,16.951767159455834,16.951827384363234,0.020757145803686535,2443.0,11.0
2623,22.0,121.5432075485523,121.54309224210098,416.1882100784508,416.18822699408946,145.3331857020433,145.3332644711856,16.951827384363234,16.951847240881193,0.014892807878628057,2443.0,11.0
2624,22.0,121.02583542061555,121.02541320544772,416.53585308986993,416.5365970799447,145.8828665318036,145.88277580228745,16.979322991662368,16.97939752250793,0.011146865513330871,2445.0,11.0
2625,22.0,121.02541320544772,121.02516616863579,416.5365970799447,416.5367788662934,145.88277580228745,145.8823551659613,16.97939752250793,16.979449210189333,0.016874085162824685,2445.0,11.0
2626,22.0,121.02516616863579,121.02516925141549,416.5367788662934,416.53688505905166,145.8823551659613,145.88244144348158,16.979449210189333,16.97946867631392,0.014659332320993954,2445.0,11.0
2627,22.0,121.02597700006939,121.02597816263543,416.53561746234044,416.53561573001764,145.88292276331907,145.8829235018389,16.97929882028107,16.97929954376472,0.002166832478213311,2446.0,11.0
2628,22.0,121.89432023831796,121.89428348947322,412.8641651966279,412.864159974734,153.0406626836397,153.04075142855942,17.2491907684908,17.24920169392658,0.0010992165295341568,2449.0,11.0
2629,22.0,121.89428348947322,121.89415906986945,412.864159974734,412.8641928203418,153.04075142855942,153.04100936905863,17.24920169392658,17.249235172861503,0.015386763628558588,2449.0,11.0
2630,22.0,121.89415906986945,121.89416445179688,412.8641928203418,412.8641974331293,153.04100936905863,153.04104812421878,17.249235172861503,17.249243144577147,0.007088568512961212,2449.0,11.0
2631,22.0,125.81314869904983,125.81327241760485,410.90529020823806,410.9051531543366,154.05768648466528,154.05773893661416,17.399215814433703,17.399234004064525,0.0028359967684239065,2450.0,11.0
2632,22.0,125.81327241760485,125.81368179369322,410.9051531543366,410.90481136196274,154.05773893661416,154.05779989582135,17.399234004064525,17.399286867303157,0.016459750403127676,2450.0,11.0
2633,22.0,125.81368179369322,125.81355675251397,410.90481136196274,410.90474103504056,154.05779989582135,154.05785354156748,17.399286867303157,17.399307987384105,0.015640791038585098,2450.0,11.0
2634,22.0,126.37345594026979,126.37337687771762,412.2655602622564,412.26563150945714,152.58667843810164,152.58664081402853,17.468616265731313,17.46863320275022,0.0131162181244796,2451.0,11.0
2635,22.0,138.03638829448622,138.0363981340605,406.2637466752557,406.26373090974266,147.54709898041688,147.54708883664935,17.937315250881646,17.937318797979778,0.010439730871157795,2452.0,11.0
2636,22.0,138.7349918079983,138.73479292184885,406.6099754119298,406.61066874110844,148.12236434605825,148.12273090858903,17.969635726069228,17.96968940176398,0.0026908338314516416,2453.0,11.0
2637,22.0,138.73479292184885,138.73535116046753,406.61066874110844,406.6123657300029,148.12273090858903,148.12371237585052,17.96968940176398,17.96982649389915,0.020559359128870056,2453.0,11.0
2638,22.0,138.73535116046753,138.73610310771352,406.6123657300029,406.6131976354499,148.12371237585052,148.12441741701264,17.96982649389915,17.969927757617125,0.01428639551546571,2453.0,11.0
2639,22.0,138.73610310771352,138.7366107448334,406.6131976354499,406.6136565171706,148.12441741701264,148.12493578567415,17.969927757617125,17.970002177933114,0.01260362653912667,2453.0,11.0
2640,22.0,138.7366107448334,138.73644997047455,406.6136565171706,406.6140394521336,148.12493578567415,148.12517285388316,17.970002177933114,17.970050739236317,0.022235847384677664,2453.0,11.0
2641,22.0,138.73644997047455,138.73646708262885,406.6140394521336,406.6140811853496,148.12517285388316,148.1251629969816,17.970050739236317,17.97005966232504,0.0077852186096118645,2453.0,11.0
2642,22.0,127.80553763661683,127.80562254177585,418.09600705447485,418.09576029878554,150.69716800290217,150.6971043873523,16.609812565587884,16.609835907057757,0.001076878275335039,2457.0,11.0
2643,22.0,127.80562254177585,127.8057092442701,418.09576029878554,418.09508002874634,150.6971043873523,150.69666064932022,16.609835907057757,16.60990770519778,0.0109171369170674,2457.0,11.0
2644,22.0,127.8057092442701,127.80523354123446,418.09508002874634,418.09518717514595,150.69666064932022,150.6966295888631,16.60990770519778,16.609957040361298,0.013304821307764551,2457.0,11.0
2645,22.0,127.80523354123446,127.80514516937669,418.09518717514595,418.09511677317386,150.6966295888631,150.6967681464273,16.609957040361298,16.609980672641345,0.017091292346002693,2457.0,11.0
2646,22.0,127.80553807287431,127.8055360051846,418.09600466141745,418.09599775941786,150.6971679873146,150.69716562607044,16.609813360802736,16.609815882857912,0.002588870977490275,2458.0,11.0
2647,22.0,155.89404663067867,155.89319065182463,426.46214168931147,426.4617363999993,111.4413690423647,111.44133155430718,15.24771192050218,15.247772551352385,0.0023512677419116686,2461.0,11.0
2648,22.0,155.89319065182463,155.89121800291116,426.4617363999993,426.46049136587516,111.44133155430718,111.4412538846384,15.247772551352385,15.247923457718544,0.012124292749173024,2461.0,11.0
2649,22.0,155.89121800291116,155.89088711967867,426.46049136587516,426.4587179288152,111.4412538846384,111.441824278096,15.247923457718544,15.248053540402179,0.018001071177751037,2461.0,11.0
2650,22.0,155.89088711967867,155.89151493060947,426.4587179288152,426.45785383639276,111.441824278096,111.44251841220492,15.248053540402179,15.248152057397137,0.029957660738771805,2461.0,11.0
2651,22.0,155.89151493060947,155.89137773792265,426.45785383639276,426.4576464351526,111.44251841220492,111.44226096936075,15.248152057397137,15.248191300115531,0.019699537432261684,2461.0,11.0
2652,22.0,155.89137773792265,155.89138777325908,426.4576464351526,426.45762279660613,111.44226096936075,111.44225096522662,15.248191300115531,15.248197490458981,0.005729873647277558,2461.0,11.0
2653,22.0,156.3181447188387,156.31822714656127,422.09881583575,422.0789266868719,112.74589128986642,112.74059671687105,15.40027966716134,15.401039483273472,0.05035421527647913,2463.0,11.0
2654,22.0,156.31822714656127,156.31676895918739,422.0789266868719,422.04161457174644,112.74059671687105,112.73213620394804,15.401039483273472,15.402467451548139,0.07704087879821751,2463.0,11.0
2655,22.0,156.31676895918739,156.34674663772657,422.04161457174644,422.0301120193908,112.73213620394804,112.73114529204581,15.402467451548139,15.403688674001168,0.08887675512138714,2463.0,11.0
2656,22.0,156.34674663772657,156.33876220559193,422.0301120193908,422.020137338138,112.73114529204581,112.7092542322949,15.403688674001168,15.404680894902707,0.06702548112270473,2463.0,11.0
2657,22.0,156.33876220559193,156.34558311580454,422.020137338138,422.01073952303005,112.7092542322949,112.69245192143231,15.404680894902707,15.405504525022867,0.06688146232330137,2463.0,11.0
2658,22.0,156.34558311580454,156.35683781261213,422.01073952303005,421.9997938977094,112.69245192143231,112.69100262367053,15.405504525022867,15.406166005001328,0.03572350612643498,2463.0,11.0
2659,22.0,156.35683781261213,156.36484163595284,421.9997938977094,421.9892578768648,112.69100262367053,112.69316513787246,15.406166005001328,15.406743927980227,0.030063813001425407,2463.0,11.0
2660,22.0,156.36484163595284,156.35839371334632,421.9892578768648,421.9802972744722,112.69316513787246,112.69639887746048,15.406743927980227,15.407253444940723,0.027944653113184743,2463.0,11.0
2661,22.0,156.35839371334632,156.35735972269595,421.9802972744722,421.98283347746667,112.69639887746048,112.70581869826256,15.407253444940723,15.407701143584434,0.03409558412812705,2463.0,11.0
2662,22.0,156.35735972269595,156.36078579014952,421.98283347746667,421.98990186858265,112.70581869826256,112.70563959226308,15.407701143584434,15.408076037783523,0.02073912800521934,2463.0,11.0
2663,22.0,156.36078579014952,156.35877420684267,421.98990186858265,421.9928601138472,112.70563959226308,112.69993015366666,15.408076037783523,15.408408236714408,0.0277407019420125,2463.0,11.0
2664,22.0,156.35877420684267,156.356750487831,421.9928601138472,421.98870918547055,112.69993015366666,112.69726543962102,15.408408236714408,15.408685447229908,0.039119374177485185,2463.0,11.0
2665,22.0,156.356750487831,156.35684965872832,421.98870918547055,421.98533658760687,112.69726543962102,112.69836536041467,15.408685447229908,15.40888970229272,0.027218031043620014,2463.0,11.0
2666,22.0,156.35684965872832,156.3574403585663,421.98533658760687,421.98309040512623,112.69836536041467,112.6975588037561,15.40888970229272,15.409046307787978,0.010558117371988397,2463.0,11.0
2667,22.0,156.3574403585663,156.35823947769194,421.98309040512623,421.9811840976864,112.6975588037561,112.69757193474939,15.409046307787978,15.40918476366934,0.01836158422326889,2463.0,11.0
2668,22.0,156.35823947769194,156.3594818423584,421.9811840976864,421.98080745673394,112.69757193474939,112.69698401430438,15.40918476366934,15.409291367650194,0.017952637074925008,2463.0,11.0
2669,22.0,156.3594818423584,156.35989064011451,421.98080745673394,421.98059647182924,112.69698401430438,112.69628472471405,15.409291367650194,15.409364444477122,0.012750793655151221,2463.0,11.0
2670,22.0,156.35989064011451,156.359746897611,421.98059647182924,421.9804964687525,112.69628472471405,112.69670548365382,15.409364444477122,15.409411316812273,0.015464847376122495,2463.0,11.0
2671,22.0,156.359746897611,156.35970527129297,421.9804964687525,421.9805869630447,112.69670548365382,112.69677636926376,15.409411316812273,15.409429257845687,0.01373539282500508,2463.0,11.0
2672,22.0,156.31814652138547,156.3181487242754,422.09881730948143,422.09882413982433,112.74589132243611,112.74589182272851,15.40028042837703,15.400282861274519,0.0025040898569175457,2464.0,11.0
2673,22.0,156.6632154995779,156.66365723048267,422.54669130636455,422.547122289922,113.0030394023039,113.00275546043068,15.421014250905921,15.421077059472546,0.0112269703964659,2467.0,11.0
2674,22.0,156.66365723048267,156.66352956273315,422.547122289922,422.5468019195313,113.00275546043068,113.00263905923009,15.421077059472546,15.421116789100132,0.022690739583114423,2467.0,11.0
2675,22.0,156.66352956273315,156.6635273695217,422.5468019195313,422.54680702789136,113.00263905923009,113.00264675639099,15.421116789100132,15.421119732967355,0.0029831611769533355,2467.0,11.0
2676,22.0,156.9522641465224,156.9521226174803,423.28472662813675,423.2846419154075,116.7735915174649,116.77423982818918,15.549512409336051,15.549558713692974,0.001493148640336751,2468.0,11.0
2677,22.0,156.9521226174803,156.95102059156602,423.2846419154075,423.28451256793176,116.77423982818918,116.7756530528059,15.549558713692974,15.549684153155152,0.015067920162146848,2468.0,11.0
2678,22.0,156.95102059156602,156.95228430672623,423.28451256793176,423.2847189743331,116.7756530528059,116.77570860146716,15.549684153155152,15.549783096621328,0.016009416472467425,2468.0,11.0
2679,22.0,156.95228430672623,156.9522147409282,423.2847189743331,423.28403766239796,116.77570860146716,116.77604562675,15.549783096621328,15.549851457897224,0.015177490641160692,2468.0,11.0
2680,22.0,156.9522147409282,156.95214924937824,423.28403766239796,423.2841880200347,116.77604562675,116.7763363280396,15.549851457897224,15.54988873692336,0.01799359561724045,2468.0,11.0
2681,22.0,156.95214924937824,156.95216406984724,423.2841880200347,423.28420196652394,116.7763363280396,116.77630967928,15.54988873692336,15.549895846888065,0.006442463080404394,2468.0,11.0
2682,22.0,156.9779077071519,156.97903287081962,423.3221485695091,423.3226948268899,116.72827673880242,116.72933742611255,15.551651234972137,15.551743616598628,0.004126531141361964,2469.0,11.0
2683,22.0,156.97903287081962,156.98188385929387,423.3226948268899,423.3244389548825,116.72933742611255,116.73086517160655,15.551743616598628,15.55195319098161,0.021330990127215347,2469.0,11.0
2684,22.0,156.98188385929387,156.98415687830644,423.3244389548825,423.32280724203173,116.73086517160655,116.7307747387795,15.55195319098161,15.552125069614192,0.013848703693247616,2469.0,11.0
2685,22.0,156.98415687830644,156.98438605928268,423.32280724203173,423.3207031724225,116.7307747387795,116.73159768585211,15.552125069614192,15.552273063531608,0.08381896348787507,2469.0,11.0
2686,22.0,157.11659203554296,157.10888612504135,419.3453470006831,419.3317539229233,96.71305791795446,96.7101887083385,15.501562608876746,15.502164139228755,0.028899726400450774,2472.0,11.0
2687,22.0,157.10888612504135,157.09771454679796,419.3317539229233,419.3078400403809,96.7101887083385,96.69391557826586,15.502164139228755,15.50334778022556,0.10587123133340534,2472.0,11.0
2688,22.0,157.09771454679796,157.07942937830398,419.3078400403809,419.3209864351062,96.69391557826586,96.68913361690959,15.50334778022556,15.504260673327314,0.04396147622743785,2472.0,11.0
2689,22.0,157.07942937830398,157.06485691909617,419.3209864351062,419.32607066771595,96.68913361690959,96.67666930407707,15.504260673327314,15.505064067773084,0.16585505529807543,2472.0,11.0
2690,22.0,157.06485691909617,157.05818182848014,419.32607066771595,419.3230641466081,96.67666930407707,96.67139302611157,15.505064067773084,15.505482695207023,0.024184345421644163,2472.0,11.0
2691,22.0,157.05818182848014,157.05264959614973,419.3230641466081,419.3217086612608,96.67139302611157,96.66626757234839,15.505482695207023,15.505850227426665,0.022241980708467987,2472.0,11.0
2692,22.0,157.05264959614973,157.0549292916297,419.3217086612608,419.3219577749975,96.66626757234839,96.66021296916423,15.505850227426665,15.506172258228673,0.02365866735350846,2472.0,11.0
2693,22.0,157.0549292916297,157.05396498882956,419.3219577749975,419.32008426181284,96.66021296916423,96.65536585196888,15.506172258228673,15.506447625119506,0.027197576634047278,2472.0,11.0
2694,22.0,157.05396498882956,157.05085220383054,419.32008426181284,419.3176360229478,96.65536585196888,96.65465488300231,15.506447625119506,15.506671772060718,0.025077904942858914,2472.0,11.0
2695,22.0,157.05085220383054,157.0512903508173,419.3176360229478,419.31481342270126,96.65465488300231,96.65546226219041,15.506671772060718,15.506851070408352,0.017279133081178583,2472.0,11.0
2696,22.0,157.0512903508173,157.05314576037807,419.31481342270126,419.3140362902056,96.65546226219041,96.65658129971919,15.506851070408352,15.5070004981936,0.012396029726504295,2472.0,11.0
2697,22.0,157.05314576037807,157.0544699221663,419.3140362902056,419.3130185430115,96.65658129971919,96.65738167603595,15.5070004981936,15.507128635366753,0.014109943729048922,2472.0,11.0
2698,22.0,157.0544699221663,157.0557199454023,419.3130185430115,419.31301614722076,96.65738167603595,96.65793244280955,15.507128635366753,15.507232112360192,0.013233207481349494,2472.0,11.0
2699,22.0,157.0557199454023,157.05624561872804,419.31301614722076,419.31308152730196,96.65793244280955,96.65869894917567,15.507232112360192,15.507311039621243,0.02704755708783229,2472.0,11.0
2700,22.0,157.05624561872804,157.0564354503579,419.31308152730196,419.31309129426575,96.65869894917567,96.65873329863413,15.507311039621243,15.507336039699577,0.017866097600113595,2472.0,11.0
2701,22.0,159.79550691722392,159.78664583299388,407.0705509257933,407.0537168199092,90.20202560563071,90.18859606635257,15.97357730842388,15.974428457156261,0.03030493169224319,2475.0,11.0
2702,22.0,159.78664583299388,159.7725604508939,407.0537168199092,407.0303182105994,90.18859606635257,90.15324123749517,15.974428457156261,15.97606969474305,0.09145828092065149,2475.0,11.0
2703,22.0,159.7725604508939,159.76640978241477,407.0303182105994,407.02872332385454,90.15324123749517,90.11666047112185,15.97606969474305,15.977458884737281,0.07031929558102581,2475.0,11.0
2704,22.0,159.76640978241477,159.7860799894409,407.02872332385454,407.0219655939779,90.11666047112185,90.09295999866028,15.977458884737281,15.97866019384415,0.09979907020353308,2475.0,11.0
2705,22.0,159.7860799894409,159.79850754490167,407.0219655939779,407.0235093470454,90.09295999866028,90.07252358397463,15.97866019384415,15.979605413388366,0.05934091773234064,2475.0,11.0
2706,22.0,159.79850754490167,159.7978830275477,407.0235093470454,407.03323168682255,90.07252358397463,90.05545346866771,15.979605413388366,15.980402449921865,0.050299877985447106,2475.0,11.0
2707,22.0,159.7978830275477,159.79515398156937,407.03323168682255,407.0486601519242,90.05545346866771,90.05940335719882,15.980402449921865,15.981077702250548,0.05070322541608257,2475.0,11.0
2708,22.0,159.79515398156937,159.79313034902293,407.0486601519242,407.0590834546478,90.05940335719882,90.05222473053354,15.981077702250548,15.9816345303213,0.027394864730811482,2475.0,11.0
2709,22.0,159.79313034902293,159.7950578457883,407.0590834546478,407.0699613462399,90.05222473053354,90.05112932493371,15.9816345303213,15.982129472672433,0.024027818141731373,2475.0,11.0
2710,22.0,159.7950578457883,159.79319450791238,407.0699613462399,407.0676122976664,90.05112932493371,90.04195015592194,15.982129472672433,15.982571514962828,0.03538869702834577,2475.0,11.0
2711,22.0,159.79319450791238,159.79366448850394,407.0676122976664,407.0600342311794,90.04195015592194,90.04282375203155,15.982571514962828,15.982938298979123,0.02318021761012454,2475.0,11.0
2712,22.0,159.79366448850394,159.79166174597702,407.0600342311794,407.05459702262766,90.04282375203155,90.04555798349062,15.982938298979123,15.983257721274489,0.03257460611193317,2475.0,11.0
2713,22.0,159.79166174597702,159.7920562654107,407.05459702262766,407.0525505115236,90.04555798349062,90.04123665959038,15.983257721274489,15.983513537196774,0.020309805171314033,2475.0,11.0
2714,22.0,159.7920562654107,159.7938093288297,407.0525505115236,407.05003670434917,90.04123665959038,90.03886138743316,15.983513537196774,15.983731604558038,0.013761742692614262,2475.0,11.0
2715,22.0,159.7938093288297,159.79671534667574,407.05003670434917,407.051516615419,90.03886138743316,90.03840554245689,15.983731604558038,15.983924951788065,0.012400846610403986,2475.0,11.0
2716,22.0,159.79671534667574,159.79943391540854,407.051516615419,407.0508749039333,90.03840554245689,90.03845724271153,15.983924951788065,15.984096575871579,0.013405909256012996,2475.0,11.0
2717,22.0,159.79943391540854,159.80021211720666,407.0508749039333,407.048906345227,90.03845724271153,90.0393093780502,15.984096575871579,15.984245078769698,0.014675066264829735,2475.0,11.0
2718,22.0,159.80021211720666,159.79975933096867,407.048906345227,407.05045172140257,90.0393093780502,90.04000181976815,15.984245078769698,15.984368358081635,0.009547027988292899,2475.0,11.0
2719,22.0,159.79975933096867,159.79913330447457,407.05045172140257,407.05165350682677,90.04000181976815,90.04044198429774,15.984368358081635,15.984474942955723,0.01162823675432567,2475.0,11.0
2720,22.0,159.79913330447457,159.79980484753224,407.05165350682677,407.0522014260812,90.04044198429774,90.04101677907126,15.984474942955723,15.98456030489706,0.014665997140539313,2475.0,11.0
2721,22.0,159.79980484753224,159.7996657966326,407.0522014260812,407.0521264179971,90.04101677907126,90.04045843601233,15.98456030489706,15.98461627704213,0.020796561842379793,2475.0,11.0
2722,22.0,159.7996657966326,159.7997682452826,407.0521264179971,407.052092043755,90.04045843601233,90.04046488358325,15.98461627704213,15.984632710158014,0.01280210408172482,2475.0,11.0
2723,22.0,181.07597756474604,181.07757871838527,385.9077896310238,385.90830570384804,82.39245294082373,82.3923791282665,17.008008090769987,17.008098723302908,0.006380581470511043,2476.0,11.0
2724,22.0,181.07757871838527,181.0801232424546,385.90830570384804,385.9076878078505,82.3923791282665,82.39582064293408,17.008098723302908,17.008335280736567,0.08246150238228638,2476.0,11.0
2725,22.0,181.0801232424546,181.07910962710176,385.9076878078505,385.907500743439,82.39582064293408,82.39630308401397,17.008335280736567,17.008426270786046,0.015429708016188412,2476.0,11.0
2726,22.0,181.07910962710176,181.07940432972387,385.907500743439,385.9079686800618,82.39630308401397,82.39663918466512,17.008426270786046,17.008486892425395,0.018746417318124913,2476.0,11.0
2727,22.0,181.07940432972387,181.07926433268395,385.9079686800618,385.90788981629464,82.39663918466512,82.39656062433613,17.008486892425395,17.00851053173935,0.017095300449918988,2476.0,11.0
2728,22.0,210.6145716566037,210.62184817349424,331.54733626341937,331.5476892666119,78.05601551297065,78.05709075945637,19.076748869319914,19.07706004936774,0.01702628595600216,2477.0,11.0
2729,22.0,210.62184817349424,210.63580981726818,331.5476892666119,331.5478972992731,78.05709075945637,78.05731594362769,19.07706004936774,19.07765784698515,0.033086869880250815,2477.0,11.0
2730,22.0,210.63580981726818,210.64636291336677,331.5478972992731,331.54775813379933,78.05731594362769,78.06270354456599,19.07765784698515,19.078179887331675,0.033721995706136376,2477.0,11.0
2731,22.0,210.64636291336677,210.65398808288077,331.54775813379933,331.5511515562449,78.06270354456599,78.05757216323113,19.078179887331675,19.078627125991147,0.03148820079375949,2477.0,11.0
2732,22.0,210.65398808288077,210.65703114792078,331.5511515562449,331.55011874025223,78.05757216323113,78.05025709966759,19.078627125991147,19.079007034418176,0.023096025250547852,2477.0,11.0
2733,22.0,210.65703114792078,210.6581663440878,331.55011874025223,331.54689617847714,78.05025709966759,78.04444764791859,19.079007034418176,19.079339313194563,0.02079305941607232,2477.0,11.0
2734,22.0,210.6581663440878,210.65635777721567,331.54689617847714,331.5446561468473,78.04444764791859,78.03955676867237,19.079339313194563,19.079630131642112,0.02645803467535511,2477.0,11.0
2735,22.0,210.65635777721567,210.65430189513023,331.5446561468473,331.54140196003885,78.03955676867237,78.0373977569982,19.079630131642112,19.079870332364752,0.02221765353435487,2477.0,11.0
2736,22.0,210.65430189513023,210.6544148007053,331.54140196003885,331.5382500585052,78.0373977569982,78.03877263173783,19.079870332364752,19.080069991598062,0.01914322692366027,2477.0,11.0
2737,22.0,210.6544148007053,210.65704278952094,331.5382500585052,331.5380614136476,78.03877263173783,78.03920140632184,19.080069991598062,19.08023609077654,0.01405268894662156,2477.0,11.0
2738,22.0,210.65704278952094,210.65863842363206,331.5380614136476,331.5379684222777,78.03920140632184,78.04062484301795,19.08023609077654,19.080377998023742,0.015236393041791477,2477.0,11.0
2739,22.0,210.65863842363206,210.658465868924,331.5379684222777,331.53836647893144,78.04062484301795,78.04216512878715,19.080377998023742,19.080493635549047,0.03752589085744238,2477.0,11.0
2740,22.0,210.658465868924,210.65847616175634,331.53836647893144,331.53804952735163,78.04216512878715,78.04242638822537,19.080493635549047,19.08053706840507,0.011379543383307442,2477.0,11.0
2741,22.0,210.65847616175634,210.65839446910385,331.53804952735163,331.53804601146726,78.04242638822537,78.04228690660499,19.08053706840507,19.080559034855753,0.016134373635140156,2477.0,11.0
2742,22.0,210.4204019764944,210.42053109050326,330.2281492856642,330.22813820568734,77.74779310854848,77.74767365696707,19.122399125954782,19.122416193337987,0.0019785231560899793,2478.0,11.0
2743,22.0,210.42053109050326,210.42098867686323,330.22813820568734,330.2280278335281,77.74767365696707,77.74746512429464,19.122416193337987,19.12246746092215,0.012232036959400372,2478.0,11.0
2744,22.0,210.42098867686323,210.42115156028981,330.2280278335281,330.22807530947586,77.74746512429464,77.74732987358973,19.12246746092215,19.122494668952516,0.019098550645946358,2478.0,11.0
2745,22.0,203.22507414751365,203.2246300567941,305.19176341765365,305.19110075434804,78.14339848760645,78.14273529794467,19.99142793657365,19.99149263843903,0.006164057949227934,2479.0,11.0
2746,22.0,203.2246300567941,203.22390859700033,305.19110075434804,305.1895408048564,78.14273529794467,78.14104302026502,19.99149263843903,19.99164712025779,0.03545717732260768,2479.0,11.0
2747,22.0,203.22390859700033,203.22346311373536,305.1895408048564,305.18852392795975,78.14104302026502,78.14140049961162,19.99164712025779,19.99173970088063,0.013553955613969371,2479.0,11.0
2748,22.0,203.22346311373536,203.22283048705341,305.18852392795975,305.18833268218333,78.14140049961162,78.14171296496421,19.99173970088063,19.991805954014918,0.013126794338319765,2479.0,11.0
2749,22.0,203.22283048705341,203.2224919922062,305.18833268218333,305.188235821634,78.14171296496421,78.14164547954091,19.991805954014918,19.991845241836465,0.019822158768353946,2479.0,11.0
2750,22.0,203.2224919922062,203.22246785469645,305.188235821634,305.18823993775624,78.14164547954091,78.14165628576501,19.991845241836465,19.991851305667314,0.005629928444794156,2479.0,11.0
2751,22.0,203.17197072197422,203.17035526115387,301.7174851963311,301.71608807516174,79.60829178476992,79.60945322206757,20.117210093983285,20.117336202888765,0.006658763686955166,2481.0,11.0
2752,22.0,203.17035526115387,203.16763846138969,301.71608807516174,301.7131654810274,79.60945322206757,79.61257015993502,20.117336202888765,20.117602705960252,0.029248193375254784,2481.0,11.0
2753,22.0,203.16763846138969,203.16468770355954,301.7131654810274,301.71519736142324,79.61257015993502,79.61361874901746,20.117602705960252,20.11781472624422,0.014361178444322446,2481.0,11.0
2754,22.0,203.16468770355954,203.16220708939196,301.71519736142324,301.7133717117463,79.61361874901746,79.61418620156559,20.11781472624422,20.118001136577174,0.0165041840574016,2481.0,11.0
2755,22.0,203.16220708939196,203.15989086602613,301.7133717117463,301.7127688347508,79.61418620156559,79.61352220226249,20.118001136577174,20.118158885377674,0.01249695334260415,2481.0,11.0
2756,22.0,203.15989086602613,203.15918576733077,301.7127688347508,301.7109226103372,79.61352220226249,79.61309957193166,20.118158885377674,20.118295153551834,0.010915608652427342,2481.0,11.0
2757,22.0,203.15918576733077,203.15840073827124,301.7109226103372,301.7123165748772,79.61309957193166,79.61344129276549,20.118295153551834,20.118412595137638,0.013047800232544026,2481.0,11.0
2758,22.0,203.15840073827124,203.15723696962735,301.7123165748772,301.71240178928247,79.61344129276549,79.61370233101994,20.118412595137638,20.11850681722644,0.01136417484836066,2481.0,11.0
2759,22.0,203.15723696962735,203.15784444761198,301.71240178928247,301.7122333132064,79.61370233101994,79.61316568993746,20.11850681722644,20.118579316686677,0.013665538664994219,2481.0,11.0
2760,22.0,203.15784444761198,203.15803994788754,301.7122333132064,301.71224430859905,79.61316568993746,79.6127901096724,20.118579316686677,20.118623731513868,0.013615271686355481,2481.0,11.0
2761,22.0,203.15803994788754,203.15798696032527,301.71224430859905,301.71234700055425,79.6127901096724,79.61272549245341,20.118623731513868,20.11864273623886,0.014381847278407498,2481.0,11.0
2762,22.0,217.98715453847018,217.98932555966067,284.6818315251922,284.6812837951602,81.58708151817093,81.58903142212229,20.873171706945325,20.873319076449278,0.009622472216472699,2483.0,11.0
2763,22.0,217.98932555966067,217.9943721024068,284.6812837951602,284.6808686858466,81.58903142212229,81.59232680914556,20.873319076449278,20.873624266939636,0.02649499941441763,2483.0,11.0
2764,22.0,217.9943721024068,217.9961718492566,284.6808686858466,284.68469600693885,81.59232680914556,81.59016816795301,20.873624266939636,20.87387809111561,0.019665545147258056,2483.0,11.0
2765,22.0,217.9961718492566,217.99399271420225,284.68469600693885,284.6866208643505,81.59016816795301,81.58762982934677,20.87387809111561,20.87409541646626,0.01874652906362483,2483.0,11.0
2766,22.0,217.99399271420225,217.99467186000757,284.6866208643505,284.689614752135,81.58762982934677,81.58775810024503,20.87409541646626,20.87427925961276,0.02885516518661544,2483.0,11.0
2767,22.0,217.99467186000757,217.99600963867132,284.689614752135,284.6904844506966,81.58775810024503,81.58891969011489,20.87427925961276,20.874413269394136,0.02306441578014898,2483.0,11.0
2768,22.0,217.99600963867132,217.99687903404316,284.6904844506966,284.6903861154668,81.58891969011489,81.58971442289882,20.874413269394136,20.874506727072273,0.01565284367425213,2483.0,11.0
2769,22.0,217.99687903404316,217.99652061043088,284.6903861154668,284.6908740456533,81.58971442289882,81.58940250971091,20.874506727072273,20.874569651389447,0.013222785331392593,2483.0,11.0
2770,22.0,217.99652061043088,217.99663658717964,284.6908740456533,284.69084427673965,81.58940250971091,81.58910883601723,20.874569651389447,20.874605558164575,0.016383332621767943,2483.0,11.0
2771,22.0,217.99663658717964,217.9966509239934,284.69084427673965,284.69084943007135,81.58910883601723,81.58906980981048,20.874605558164575,20.87461388550902,0.007350927603219121,2483.0,11.0
2772,22.0,223.54460657339706,223.54447742328202,279.50865707631533,279.5080851819704,60.671656257201185,60.67014256549413,21.61538144229432,21.615473124656386,0.003936194897012263,2486.0,11.0
2773,22.0,223.54447742328202,223.54330271217538,279.5080851819704,279.5065613332756,60.67014256549413,60.667047205372754,21.615473124656386,21.615681428095,0.016821222425486778,2486.0,11.0
2774,22.0,223.54330271217538,223.5430114701072,279.5065613332756,279.5059348779044,60.667047205372754,60.669915154014234,21.615681428095,21.615859924578825,0.01721915562468012,2486.0,11.0
2775,22.0,223.5430114701072,223.5428683880786,279.5059348779044,279.5045850911731,60.669915154014234,60.671755822963725,21.615859924578825,21.616008665299205,0.009669562635441803,2486.0,11.0
2776,22.0,223.5428683880786,223.54126335439096,279.5045850911731,279.5048105414186,60.671755822963725,60.67281217032138,21.616008665299205,21.616140802480757,0.018747768792021648,2486.0,11.0
2777,22.0,223.54126335439096,223.54046776120035,279.5048105414186,279.5044867887317,60.67281217032138,60.67377294980425,21.616140802480757,21.616240130610144,0.009802930123489076,2486.0,11.0
2778,22.0,223.54046776120035,223.5404328518875,279.5044867887317,279.5045688805572,60.67377294980425,60.672809292445365,21.616240130610144,21.616321228242366,0.010666918772441976,2486.0,11.0
2779,22.0,223.5404328518875,223.54074192022821,279.5045688805572,279.50416904447627,60.672809292445365,60.67319012805065,21.616321228242366,21.616380865597957,0.017673153404497172,2486.0,11.0
2780,22.0,223.54074192022821,223.54093145235407,279.50416904447627,279.50416895013285,60.67319012805065,60.6731781685494,21.616380865597957,21.616405558676764,0.017692969630307104,2486.0,11.0
2781,22.0,158.11460491273732,158.11508241025768,433.08790929174563,433.08730723716553,106.39899951015055,106.39857676190172,14.994986203965869,14.995043168236844,0.003453453629550709,2510.0,11.0
2782,22.0,158.11508241025768,158.11661373600168,433.08730723716553,433.0858458878357,106.39857676190172,106.3980997745897,14.995043168236844,14.995186457989881,0.018060695660439132,2510.0,11.0
2783,22.0,158.11661373600168,158.11801656940426,433.0858458878357,433.08600977917666,106.3980997745897,106.39750890898651,14.995186457989881,14.995298561141006,0.013785271167045508,2510.0,11.0
2784,22.0,158.11801656940426,158.1190635761509,433.08600977917666,433.0861185143296,106.39750890898651,106.3973084888539,14.995298561141006,14.995385753808824,0.0129586742580639,2510.0,11.0
2785,22.0,158.1190635761509,158.11862004015967,433.0861185143296,433.08621570204167,106.3973084888539,106.39682907082424,14.995385753808824,14.995447274512074,0.012195674734044116,2510.0,11.0
2786,22.0,158.11862004015967,158.11846066690694,433.08621570204167,433.08646148347873,106.39682907082424,106.39697056595317,14.995447274512074,14.995483857672053,0.01640724467324736,2510.0,11.0
2787,22.0,158.11846066690694,158.11841600163365,433.08646148347873,433.08645856623525,106.39697056595317,106.39696541741675,14.995483857672053,14.995492627026215,0.007673762510748406,2510.0,11.0
2788,22.0,158.11460693333922,158.1146132850346,433.0879077376841,433.08790285254264,106.39899937262449,106.39899894031582,14.994987038135095,14.994989660318538,0.00268342,2511.0,11.0
2789,22.0,154.02095882974783,154.020942961611,429.41066499341105,429.4085444921951,108.49079915313811,108.49197754170568,15.191352328865444,15.191478242504763,0.005000321290987594,2514.0,11.0
2790,22.0,154.020942961611,154.02122951732298,429.4085444921951,429.40358222732414,108.49197754170568,108.4932451226379,15.191478242504763,15.191747396628058,0.03405476638956531,2514.0,11.0
2791,22.0,154.02122951732298,154.02184805098813,429.40358222732414,429.4000716515763,108.4932451226379,108.49285053530454,15.191747396628058,15.191953242900597,0.016061962974625588,2514.0,11.0
2792,22.0,154.02184805098813,154.02297147179587,429.4000716515763,429.3986625257653,108.49285053530454,108.49054558235271,15.191953242900597,15.192130681892309,0.013609901725028314,2514.0,11.0
2793,22.0,154.02297147179587,154.02305748242594,429.3986625257653,429.3970494049719,108.49054558235271,108.48877142346825,15.192130681892309,15.192284588739925,0.029556872115198935,2514.0,11.0
2794,22.0,154.02305748242594,154.02233414134258,429.3970494049719,429.3960497749957,108.48877142346825,108.48822129913563,15.192284588739925,15.192387265235565,0.016985184745868156,2514.0,11.0
2795,22.0,154.02233414134258,154.02189852460216,429.3960497749957,429.39658587419433,108.48822129913563,108.48862060167153,15.192387265235565,15.192457856123848,0.017320359954192562,2514.0,11.0
2796,22.0,154.02189852460216,154.02162752593628,429.39658587419433,429.3964982940794,108.48862060167153,108.48850018917332,15.192457856123848,15.192493101546338,0.023393596948878912,2514.0,11.0
2797,22.0,145.38104814786172,145.37883473043104,431.23503990747423,431.23667055437517,107.53301655793027,107.53244385544356,15.48763113850752,15.487772260179726,0.003778183510713947,2517.0,11.0
2798,22.0,145.37883473043104,145.37493773012312,431.23667055437517,431.24121366843764,107.53244385544356,107.53269570146685,15.487772260179726,15.48807546941884,0.021420963440279224,2517.0,11.0
2799,22.0,145.37493773012312,145.3786192399995,431.24121366843764,431.24269868966866,107.53269570146685,107.53563641050766,15.48807546941884,15.488337032345193,0.020282638543358426,2517.0,11.0
2800,22.0,145.3786192399995,145.37959094018396,431.24269868966866,431.2414085809061,107.53563641050766,107.53930820728445,15.488337032345193,15.488560672598286,0.015206823279369121,2517.0,11.0
2801,22.0,145.37959094018396,145.37966866148003,431.2414085809061,431.2446230509696,107.53930820728445,107.53833536360068,15.488560672598286,15.488756867594974,0.021977991166581938,2517.0,11.0
2802,22.0,145.37966866148003,145.38022124410492,431.2446230509696,431.24704608981835,107.53833536360068,107.53840158999219,15.488756867594974,15.48891472227766,0.014433827011957593,2517.0,11.0
2803,22.0,145.38022124410492,145.37875226160153,431.24704608981835,431.24623782756953,107.53840158999219,107.53940430046002,15.48891472227766,15.489047771552354,0.015110481976174069,2517.0,11.0
2804,22.0,145.37875226160153,145.37741692756657,431.24623782756953,431.24586008974876,107.53940430046002,107.53906535961656,15.489047771552354,15.48915455410127,0.021412893151301488,2517.0,11.0
2805,22.0,145.37741692756657,145.37774783683327,431.24586008974876,431.2456480249565,107.53906535961656,107.53844849265656,15.48915455410127,15.489220832949709,0.012098701564943854,2517.0,11.0
2806,22.0,145.37774783683327,145.37796032659224,431.2456480249565,431.2453290373207,107.53844849265656,107.53841701510426,15.489220832949709,15.48926220272289,0.017197201683240185,2517.0,11.0
2807,22.0,145.37796032659224,145.3778988420044,431.2453290373207,431.24533869963807,107.53841701510426,107.53842213789342,15.48926220272289,15.489273272262746,0.009295560141728571,2517.0,11.0
2808,22.0,147.35984677512627,147.36015395876774,428.99166825992387,428.9914345318015,106.98699564490747,106.98683000497363,15.589061498095916,15.589093925484192,0.001007944316891994,2520.0,11.0
2809,22.0,147.36015395876774,147.361009373081,428.9914345318015,428.9906839392259,106.98683000497363,106.98631768668648,15.589093925484192,15.589191034039851,0.01496088132691215,2520.0,11.0
2810,22.0,147.361009373081,147.36105103211077,428.9906839392259,428.99058813875,106.98631768668648,106.98556045442137,15.589191034039851,15.589259467646677,0.01220329627969736,2520.0,11.0
2811,22.0,147.36105103211077,147.3611833268024,428.99058813875,428.9908122732419,106.98556045442137,106.98587609343949,15.589259467646677,15.589302762491691,0.0234456851061052,2520.0,11.0
2812,22.0,147.3611833268024,147.36118419425026,428.9908122732419,428.9908164448395,106.98587609343949,106.98589072735892,15.589302762491691,15.589306849474847,0.0040001869240936,2520.0,11.0
2813,22.0,147.3598446844673,147.3598383011102,428.99166768510895,428.9916659300408,106.9869944983781,106.9869909977084,15.589062309571718,15.589064810303585,0.0025686468834680023,2521.0,11.0
2814,22.0,147.0058462079881,147.005871842236,429.5835875134347,429.583631077904,106.76848603784076,106.76838889265983,15.61319891444819,15.613215484715191,0.012887823320330954,2525.0,11.0
2815,22.0,145.95374023815205,145.95411832400794,429.97718460188105,429.9776181341649,108.5393548065197,108.53884945621641,15.683144492075218,15.683195344248169,0.003180132411685722,2526.0,11.0
2816,22.0,145.95411832400794,145.95572705257788,429.9776181341649,429.9787940323373,108.53884945621641,108.53856602812996,15.683195344248169,15.683331219937823,0.00873110722081821,2526.0,11.0
2817,22.0,145.95572705257788,145.9553805391443,429.9787940323373,429.98038522007965,108.53856602812996,108.53806531152051,15.683331219937823,15.683452059200253,0.035394930897829684,2526.0,11.0
2818,22.0,145.9553805391443,145.95513391035743,429.98038522007965,429.980499351484,108.53806531152051,108.5385459969367,15.683452059200253,15.683506032192335,0.025857965751434682,2526.0,11.0
2819,22.0,145.95513391035743,145.95514204784814,429.980499351484,429.9805292201096,108.5385459969367,108.53852661734027,15.683506032192335,15.683513586445583,0.0067775080608677984,2526.0,11.0
2820,22.0,145.95374214621305,145.95374824122933,429.97718610521963,429.9771910836545,108.53935406541208,108.53935358620575,15.683145322311686,15.683147912933602,0.002653688896502801,2527.0,11.0
2821,22.0,156.5300301717587,156.523670931786,452.85699247030726,452.86484833479005,111.17440533718818,111.17196590605496,14.750048969454651,14.750465798387053,0.01652883024521104,2530.0,11.0
2822,22.0,156.523670931786,156.51519194500253,452.86484833479005,452.88305968437555,111.17196590605496,111.17216800275916,14.750465798387053,14.751277864763711,0.04067635853298024,2530.0,11.0
2823,22.0,156.51519194500253,156.51035766908845,452.88305968437555,452.87496581673724,111.17216800275916,111.15774158075617,14.751277864763711,14.751990778105014,0.03777520342679254,2530.0,11.0
2824,22.0,156.51035766908845,156.5151767845848,452.87496581673724,452.86994437666624,111.15774158075617,111.14481566443108,14.751990778105014,14.752613952705754,0.046317751840324946,2530.0,11.0
2825,22.0,156.5151767845848,156.52393884338906,452.86994437666624,452.8638684446143,111.14481566443108,111.13999160210821,14.752613952705754,14.753130699237204,0.05132769234225481,2530.0,11.0
2826,22.0,156.52393884338906,156.5276692158857,452.8638684446143,452.85798746829914,111.13999160210821,111.134880194113,14.753130699237204,14.753534964368523,0.03861871302944458,2530.0,11.0
2827,22.0,156.5276692158857,156.53099410905918,452.85798746829914,452.863399047577,111.134880194113,111.1364004833628,14.753534964368523,14.753859179905472,0.026425914649614114,2530.0,11.0
2828,22.0,156.53099410905918,156.53589027826092,452.863399047577,452.8649850912002,111.1364004833628,111.1356306724376,14.753859179905472,14.754131301782769,0.02021150674160222,2530.0,11.0
2829,22.0,156.53589027826092,156.53595463921775,452.8649850912002,452.8631732143011,111.1356306724376,111.13948592247252,14.754131301782769,14.75436522610389,0.016093987133681185,2530.0,11.0
2830,22.0,156.53595463921775,156.53419161353656,452.8631732143011,452.8621985724303,111.13948592247252,111.14241673126469,14.75436522610389,14.75456980145701,0.015872247223185476,2530.0,11.0
2831,22.0,156.53419161353656,156.53675515903734,452.8621985724303,452.86217427986475,111.14241673126469,111.14378353701345,14.75456980145701,14.75474633783432,0.01433999187794855,2530.0,11.0
2832,22.0,156.53675515903734,156.53740466546836,452.86217427986475,452.8640716879654,111.14378353701345,111.14501331740624,14.75474633783432,14.754898096353287,0.015664165675743517,2530.0,11.0
2833,22.0,156.53740466546836,156.5378791118164,452.8640716879654,452.8641839920968,111.14501331740624,111.14672999758787,14.754898096353287,14.755022936538941,0.012737526905801214,2530.0,11.0
2834,22.0,156.5378791118164,156.53659718548658,452.8641839920968,452.8637998779724,111.14672999758787,111.146569302533,14.755022936538941,14.755125446373247,0.014825622161839566,2530.0,11.0
2835,22.0,156.53659718548658,156.5371212671988,452.8637998779724,452.8632708301915,111.146569302533,111.1470063008749,14.755125446373247,14.755200176175066,0.013111549326077016,2530.0,11.0
2836,22.0,156.5371212671988,156.5370159330331,452.8632708301915,452.8636768592256,111.1470063008749,111.14679759198955,14.755200176175066,14.755248011820342,0.02155641135252631,2530.0,11.0
2837,22.0,156.5370159330331,156.53702225410711,452.8636768592256,452.86371532161303,111.14679759198955,111.14682811716648,14.755248011820342,14.75525738964691,0.008112452476667944,2530.0,11.0
2838,22.0,154.77292209386084,154.7588010108381,453.4577283693003,453.46115779868387,115.42248744795029,115.43971879482042,14.904696543792896,14.9055222909399,0.02690793847840979,2531.0,11.0
2839,22.0,154.7588010108381,154.75176743596475,453.46115779868387,453.4678945801658,115.43971879482042,115.48243074006243,14.9055222909399,14.907134639344376,0.08095481767375205,2531.0,11.0
2840,22.0,154.75176743596475,154.76418462834164,453.4678945801658,453.4899452202452,115.48243074006243,115.50961689771641,14.907134639344376,14.908524270155354,0.08597007108707547,2531.0,11.0
2841,22.0,154.76418462834164,154.75715215292792,453.4899452202452,453.4956458981359,115.50961689771641,115.53856098888289,14.908524270155354,14.909684948669806,0.08299344749676635,2531.0,11.0
2842,22.0,154.75715215292792,154.7674554772173,453.4956458981359,453.48271477619255,115.53856098888289,115.55604814288684,14.909684948669806,14.91063350805265,0.05379230790422578,2531.0,11.0
2843,22.0,154.7674554772173,154.78320683600865,453.48271477619255,453.4943454755238,115.55604814288684,115.56078079791084,14.91063350805265,14.911447453291125,0.10288835083958583,2531.0,11.0
2844,22.0,154.78320683600865,154.78240774075502,453.4943454755238,453.50482943210665,115.56078079791084,115.5529066820729,14.911447453291125,14.912015699960076,0.041654192756710284,2531.0,11.0
2845,22.0,154.78240774075502,154.7837642023312,453.50482943210665,453.51339374272146,115.5529066820729,115.55889266214157,14.912015699960076,14.91249005427738,0.030244829240840133,2531.0,11.0
2846,22.0,154.7837642023312,154.7774206925458,453.51339374272146,453.5180225584387,115.55889266214157,115.55501734360266,14.91249005427738,14.912898731962697,0.024540836461677745,2531.0,11.0
2847,22.0,154.7774206925458,154.7723654322187,453.5180225584387,453.5206510403671,115.55501734360266,115.5503122218106,14.912898731962697,14.913255889931925,0.0363920626131905,2531.0,11.0
2848,22.0,154.7723654322187,154.767281546738,453.5206510403671,453.5195108737077,115.5503122218106,115.5520903700254,14.913255889931925,14.913539988969765,0.012139527150651572,2531.0,11.0
2849,22.0,154.767281546738,154.763757396724,453.5195108737077,453.5161879013738,115.5520903700254,115.55123254002464,14.913539988969765,14.913800699598502,0.022922506007544138,2531.0,11.0
2850,22.0,154.763757396724,154.7600195816847,453.5161879013738,453.5151884308425,115.55123254002464,115.55100531460282,14.913800699598502,14.91401869944676,0.015976733007534258,2531.0,11.0
2851,22.0,154.7600195816847,154.7599824297014,453.5151884308425,453.5165873936095,115.55100531460282,115.55388338143962,14.91401869944676,14.91420806557816,0.015239563680014405,2531.0,11.0
2852,22.0,154.7599824297014,154.76121355725712,453.5165873936095,453.5146933142523,115.55388338143962,115.55516285258928,14.91420806557816,14.914370886789495,0.01581029606055592,2531.0,11.0
2853,22.0,154.76121355725712,154.76072346162965,453.5146933142523,453.514543331548,115.55516285258928,115.55322175069387,14.914370886789495,14.914506519365611,0.012938474988542331,2531.0,11.0
2854,22.0,154.76072346162965,154.76166485720236,453.514543331548,453.51577674472856,115.55322175069387,115.5532998175964,14.914506519365611,14.914619781264541,0.016068255678809443,2531.0,11.0
2855,22.0,154.76166485720236,154.76207731980145,453.51577674472856,453.51501096458435,115.5532998175964,115.55276923193192,14.914619781264541,14.914703906410804,0.012593313682765898,2531.0,11.0
2856,22.0,154.76207731980145,154.76253627569835,453.51501096458435,453.51524915723377,115.55276923193192,115.55311565966221,14.914703906410804,14.914762826343,0.017231075129457693,2531.0,11.0
2857,22.0,154.76253627569835,154.7625323631254,453.51524915723377,453.5153377020409,115.55311565966221,115.55328564583718,14.914762826343,14.914787689112863,0.01778871767177656,2531.0,11.0
2858,22.0,154.77292244554255,154.7729234671017,453.45772981805857,453.4577338807456,115.42248496288599,115.4224773974643,14.904697452850034,14.904700213327605,0.0028129823929497633,2532.0,11.0
2859,22.0,160.88776324451987,160.8887723027111,454.51838830912004,454.5181569894071,113.15675536536494,113.15570764305883,15.125075714223307,15.125159511963316,0.004637149062938387,2534.0,11.0
2860,22.0,160.8887723027111,160.89138703885268,454.5181569894071,454.52003016278286,113.15570764305883,113.15429929653723,15.125159511963316,15.125362176028593,0.024275195822458764,2534.0,11.0
2861,22.0,160.89138703885268,160.89205779233626,454.52003016278286,454.5195225696401,113.15429929653723,113.15190604838725,15.125362176028593,15.125522321513499,0.01710335624533893,2534.0,11.0
2862,22.0,160.89205779233626,160.8917966420956,454.5195225696401,454.5176487900887,113.15190604838725,113.15167609598612,15.125522321513499,15.125653068944693,0.008497285577939792,2534.0,11.0
2863,22.0,160.8917966420956,160.89279950502421,454.5176487900887,454.5176979254399,113.15167609598612,113.15041958113291,15.125653068944693,15.125769121480186,0.011440789960631961,2534.0,11.0
2864,22.0,160.89279950502421,160.89191659376027,454.5176979254399,454.51707889004666,113.15041958113291,113.15099546553196,15.125769121480186,15.125864823138814,0.015297052175807258,2534.0,11.0
2865,22.0,160.89191659376027,160.89205643183467,454.51707889004666,454.51754041244055,113.15099546553196,113.15154327543932,15.125864823138814,15.125930996351734,0.017020287136079677,2534.0,11.0
2866,22.0,160.89205643183467,160.89215829794801,454.51754041244055,454.51731846335724,113.15154327543932,113.15165157823522,15.125930996351734,15.12596266274399,0.021519494946287902,2534.0,11.0
2867,22.0,162.55405895262334,162.5540472236359,452.55281027850526,452.5529556579846,117.95995706970078,117.96008677334774,15.306900855195016,15.306926045261536,0.01797302334378142,2536.0,11.0
2868,22.0,168.19512108262865,168.19511722433498,449.2811841101478,449.28118172906596,121.43271002952841,121.43273313678219,15.553337116629093,15.553342658044077,0.0052121278315762805,2538.0,11.0
2869,22.0,168.85639056977098,168.85667279972523,448.6765867976318,448.6763131741086,121.61954844603945,121.61957174739425,15.58386557947064,15.58389650522979,0.0013453147959800729,2540.0,11.0
2870,22.0,168.85667279972523,168.85743103775746,448.6763131741086,448.6754516505122,121.61957174739425,121.61937071664474,15.58389650522979,15.583989020354462,0.01629343380102644,2540.0,11.0
2871,22.0,168.85743103775746,168.85760852971913,448.6754516505122,448.6748707464024,121.61937071664474,121.61915084284367,15.583989020354462,15.58404956363678,0.010704238721111075,2540.0,11.0
2872,22.0,168.85760852971913,168.85769796806588,448.6748707464024,448.67519528225864,121.61915084284367,121.61924601500519,15.58404956363678,15.584088151706622,0.018178071922287698,2540.0,11.0
2873,22.0,168.85769796806588,168.85773101926404,448.67519528225864,448.67521048246954,121.61924601500519,121.61923559242203,15.584088151706622,15.584095898663664,0.0069215247072561825,2540.0,11.0
2874,22.0,166.72564012948447,166.72484954329195,449.6144611094734,449.6145881934257,121.82713918809927,121.82775690568567,15.661828290163987,15.661891840545298,0.004764420342884544,2541.0,11.0
2875,22.0,166.72484954329195,166.72257071751787,449.6145881934257,449.61467577884207,121.82775690568567,121.8284955379548,15.661891840545298,15.662045643496405,0.013619429196578534,2541.0,11.0
2876,22.0,166.72257071751787,166.7222108378187,449.61467577884207,449.61471416574403,121.8284955379548,121.83035947343774,15.662045643496405,15.662176049398875,0.02253835766813414,2541.0,11.0
2877,22.0,166.7222108378187,166.7222667298674,449.61471416574403,449.6152079723097,121.83035947343774,121.83137477470504,15.662176049398875,15.662266606614136,0.01646467328691256,2541.0,11.0
2878,22.0,166.7222667298674,166.72210100178617,449.6152079723097,449.614624013897,121.83137477470504,121.83142478221139,15.662266606614136,15.662324600747617,0.01884738458057166,2541.0,11.0
2879,22.0,166.72210100178617,166.72203107408487,449.614624013897,449.6147071299025,121.83142478221139,121.8313147493405,15.662324600747617,15.662345865654892,0.01572581181653111,2541.0,11.0
2880,22.0,166.72563987238215,166.72563876025583,449.6144616731963,449.614464248615,121.82714165004711,121.8271491447728,15.66182912044514,15.661831737655966,0.00267874,2542.0,11.0
2881,22.0,160.32739491021917,160.31277780773294,447.79364878244434,447.7762261264901,105.88530063560127,105.89638575428557,14.5009524548802,14.501871604598243,0.051589510422902767,2545.0,11.0
2882,22.0,160.31277780773294,160.28473865240403,447.7762261264901,447.7460534313853,105.89638575428557,105.91739578092964,14.501871604598243,14.503564924695718,0.09317797728477284,2545.0,11.0
2883,22.0,160.28473865240403,160.28548567875538,447.7460534313853,447.73460961839555,105.91739578092964,105.95414475767625,14.503564924695718,14.504999909990554,0.07337467525322945,2545.0,11.0
2884,22.0,160.28548567875538,160.27518206820045,447.73460961839555,447.7165274324946,105.95414475767625,105.97925624227412,14.504999909990554,14.506237638983311,0.06614922649085166,2545.0,11.0
2885,22.0,160.27518206820045,160.26444675453325,447.7165274324946,447.720198525019,105.97925624227412,105.95416245400273,14.506237638983311,14.507304323517456,0.05886959745819862,2545.0,11.0
2886,22.0,160.26444675453325,160.24346808568822,447.720198525019,447.72351353262263,105.95416245400273,105.94502007844915,14.507304323517456,14.508220654000345,0.07793377176244676,2545.0,11.0
2887,22.0,160.24346808568822,160.2378519711712,447.72351353262263,447.73356275145625,105.94502007844915,105.9317761050643,14.508220654000345,14.508944532829007,0.03586737057691441,2545.0,11.0
2888,22.0,160.2378519711712,160.2333038119064,447.73356275145625,447.73613021826384,105.9317761050643,105.9175980700057,14.508944532829007,14.509582865861304,0.03719765012716652,2545.0,11.0
2889,22.0,160.2333038119064,160.24264471878055,447.73613021826384,447.74283622471665,105.9175980700057,105.9122445666371,14.509582865861304,14.510134928547135,0.028673763519678458,2545.0,11.0
2890,22.0,160.24264471878055,160.2503567018008,447.74283622471665,447.7482089982185,105.9122445666371,105.90673320160779,14.510134928547135,14.510622383788924,0.03881494051313368,2545.0,11.0
2891,22.0,160.2503567018008,160.25546522460905,447.7482089982185,447.74896819487674,105.90673320160779,105.91361659709685,14.510622383788924,14.511025405987352,0.03186767697335068,2545.0,11.0
2892,22.0,160.25546522460905,160.2601770392026,447.74896819487674,447.7535790912155,105.91361659709685,105.91549372963539,14.511025405987352,14.511362106030045,0.01794887789377653,2545.0,11.0
2893,22.0,160.2601770392026,160.2596512036993,447.7535790912155,447.7594210735533,105.91549372963539,105.91464451345412,14.511362106030045,14.511662806540414,0.015939768576497333,2545.0,11.0
2894,22.0,160.2596512036993,160.26174165791267,447.7594210735533,447.76273325099265,105.91464451345412,105.9179753081615,14.511662806540414,14.511932434666386,0.021052595509764425,2545.0,11.0
2895,22.0,160.26174165791267,160.25952984624374,447.76273325099265,447.7657128742329,105.9179753081615,105.91986511734521,14.511932434666386,14.512162407002362,0.01589107521695551,2545.0,11.0
2896,22.0,160.25952984624374,160.25793075013283,447.7657128742329,447.7668461240355,105.91986511734521,105.91699591344914,14.512162407002362,14.512363518940589,0.01627446205021603,2545.0,11.0
2897,22.0,160.25793075013283,160.25914593693923,447.7668461240355,447.768101196213,105.91699591344914,105.91920070422114,14.512363518940589,14.512535993637552,0.013557753090912013,2545.0,11.0
2898,22.0,160.25914593693923,160.2588740142504,447.768101196213,447.76986216711236,105.91920070422114,105.92064625943242,14.512535993637552,14.512685078561871,0.013878933587948726,2545.0,11.0
2899,22.0,160.2588740142504,160.2594864056723,447.76986216711236,447.76891715692875,105.92064625943242,105.92204112562277,14.512685078561871,14.512810317309004,0.009281088669304698,2545.0,11.0
2900,22.0,160.2594864056723,160.25892440291722,447.76891715692875,447.7693637146393,105.92204112562277,105.92075580690039,14.512810317309004,14.512919380357033,0.024816180160421628,2545.0,11.0
2901,22.0,160.25892440291722,160.25850516115085,447.7693637146393,447.76965529167546,105.92075580690039,105.92032764461405,14.512919380357033,14.512981315236466,0.021630434481288055,2545.0,11.0
2902,22.0,160.25850516115085,160.25849815795712,447.76965529167546,447.7696678395356,105.92032764461405,105.92046681544744,14.512981315236466,14.51300109472143,0.01484683068457697,2545.0,11.0
2903,22.0,160.1174770153413,160.11734702150528,447.64320355492475,447.64298400341823,105.29801952603569,105.29803127117945,14.52235257106009,14.522375062409443,0.0013108776154042048,2548.0,11.0
2904,22.0,160.11734702150528,160.11705977943313,447.64298400341823,447.64226931038604,105.29803127117945,105.29802267735349,14.522375062409443,14.522443878364678,0.014514942665075973,2548.0,11.0
2905,22.0,160.11705977943313,160.11734064534105,447.64226931038604,447.64205225848536,105.29802267735349,105.29803815487858,14.522443878364678,14.52248290880297,0.013704240550245526,2548.0,11.0
2906,22.0,160.11734064534105,160.11738886535517,447.64205225848536,447.64206740822584,105.29803815487858,105.29811451042579,14.52248290880297,14.522497475418948,0.011618363935687714,2548.0,11.0
2907,22.0,159.9217707037786,159.922190109489,447.6528341132938,447.6514743719048,103.99479184612683,103.9929275295824,14.566312169227407,14.56643452186395,0.00490142044799708,2549.0,11.0
2908,22.0,159.922190109489,159.92220330123004,447.6514743719048,447.64784078163996,103.9929275295824,103.98946333672988,14.56643452186395,14.566699299178289,0.026956101647708196,2549.0,11.0
2909,22.0,159.92220330123004,159.9203487434077,447.64784078163996,447.644932758528,103.98946333672988,103.99104168429899,14.566699299178289,14.566913838780394,0.014754375313559298,2549.0,11.0
2910,22.0,159.9203487434077,159.92123000065675,447.644932758528,447.6419290368384,103.99104168429899,103.99155694912028,14.566913838780394,14.567102004604259,0.020484660824576183,2549.0,11.0
2911,22.0,159.92123000065675,159.9235641049762,447.6419290368384,447.642302100346,103.99155694912028,103.99174431695103,14.567102004604259,14.56725461733865,0.014475807239704451,2549.0,11.0
2912,22.0,159.9235641049762,159.9241758307249,447.642302100346,447.64402605271954,103.99174431695103,103.99197616137954,14.56725461733865,14.567382361277302,0.015597255251003524,2549.0,11.0
2913,22.0,159.9241758307249,159.92542770343766,447.64402605271954,447.643648623822,103.99197616137954,103.99202853088961,14.567382361277302,14.567482761991831,0.013387615319114698,2549.0,11.0
2914,22.0,159.92542770343766,159.92483103322968,447.643648623822,447.6442775861674,103.99202853088961,103.991936475689,14.567482761991831,14.56755801364386,0.013993110048222476,2549.0,11.0
2915,22.0,159.92483103322968,159.92503164181085,447.6442775861674,447.6444487216303,103.991936475689,103.99230320316067,14.56755801364386,14.567604578931194,0.01574285446603994,2549.0,11.0
2916,22.0,159.92503164181085,159.92504190020287,447.6444487216303,447.64447731612006,103.99230320316067,103.99219151735538,14.567604578931194,14.567621824575811,0.013307490034344113,2549.0,11.0
2917,22.0,159.590025512758,159.5894316050237,448.062045883027,448.0632070897501,103.50036053999729,103.49701859991498,14.590411372015977,14.590583825130198,0.010752335934894266,2550.0,11.0
2918,22.0,159.5894316050237,159.5876565274231,448.0632070897501,448.065678229084,103.49701859991498,103.49071233294103,14.590583825130198,14.590926180118299,0.044756827517570937,2550.0,11.0
2919,22.0,159.5876565274231,159.58403852722512,448.065678229084,448.0659843981588,103.49071233294103,103.48763828904808,14.590926180118299,14.59118037099937,0.018403491991768495,2550.0,11.0
2920,22.0,159.58403852722512,159.58203052487792,448.0659843981588,448.06585141057496,103.48763828904808,103.48427045847761,14.59118037099937,14.591400350104633,0.021470999013196324,2550.0,11.0
2921,22.0,159.58203052487792,159.58072436761472,448.06585141057496,448.06827528881485,103.48427045847761,103.48551483601132,14.591400350104633,14.59158197098185,0.04389968404755417,2550.0,11.0
2922,22.0,159.58072436761472,159.5803168094396,448.06827528881485,448.0682613952416,103.48551483601132,103.48686125692954,14.59158197098185,14.591687611655603,0.016704035588104554,2550.0,11.0
2923,22.0,159.5803168094396,159.58115590241528,448.0682613952416,448.06816949389133,103.48686125692954,103.48669930923037,14.591687611655603,14.591762096479748,0.014634254084076311,2550.0,11.0
2924,22.0,159.58115590241528,159.58125246179821,448.06816949389133,448.0685748948122,103.48669930923037,103.48661990690698,14.591762096479748,14.591806563747161,0.01541654083194547,2550.0,11.0
2925,22.0,159.58125246179821,159.58128695532866,448.0685748948122,448.06860448323397,103.48661990690698,103.48671501885026,14.591806563747161,14.59182268464457,0.012606338606669178,2550.0,11.0
2926,22.0,148.37348807418724,148.37314068331418,453.31104699392,453.31086508380776,109.58115857577347,109.5818020178277,15.050607535993988,15.050658417378076,0.0029695947828709476,2551.0,11.0
2927,22.0,148.37314068331418,148.3722536602767,453.31086508380776,453.31022336120515,109.5818020178277,109.58336066337047,15.050658417378076,15.050789112401908,0.014503790049337746,2551.0,11.0
2928,22.0,148.3722536602767,148.37310730502057,453.31022336120515,453.3113253901769,109.58336066337047,109.58351736874954,15.050789112401908,15.05089453876417,0.012140637360894685,2551.0,11.0
2929,22.0,148.37310730502057,148.37239000313943,453.3113253901769,453.3119844196825,109.58351736874954,109.58328147416337,15.05089453876417,15.050977685218156,0.014454133048711572,2551.0,11.0
2930,22.0,148.37239000313943,148.3724287009972,453.3119844196825,453.31144305036014,109.58328147416337,109.5833847405091,15.050977685218156,15.051031679761595,0.02150974397396127,2551.0,11.0
2931,22.0,148.3724287009972,148.37244017967123,453.31144305036014,453.31135985103595,109.5833847405091,109.58337078091681,15.051031679761595,15.051045504239664,0.011136115282304765,2551.0,11.0
2932,22.0,142.82039972899582,142.82002246642804,467.05268762289677,467.0528566459495,100.85042810283181,100.85038867035907,15.624543065741161,15.624586839761218,0.019716473509467963,2552.0,11.0
2933,22.0,142.82002246642804,142.82002702325585,467.0528566459495,467.05289433072966,100.85038867035907,100.8504180435325,15.624586839761218,15.624596012761597,0.007965505287335712,2552.0,11.0
2934,22.0,143.56930185656142,143.56958544402448,467.7832914096442,467.78345291837195,100.19183486867459,100.19147722524427,15.665765225779836,15.665801102818646,0.007539340667057581,2555.0,11.0
2935,22.0,143.56958544402448,143.5704078845169,467.78345291837195,467.7842094494475,100.19147722524427,100.19099131298097,15.665801102818646,15.665896589184754,0.012856833499826647,2555.0,11.0
2936,22.0,143.5704078845169,143.57018019141998,467.7842094494475,467.78492497964214,100.19099131298097,100.1907080251781,15.665896589184754,15.665967478596771,0.01665926583775684,2555.0,11.0
2937,22.0,143.57018019141998,143.5699458878035,467.78492497964214,467.7848965303001,100.1907080251781,100.19093607825097,15.665967478596771,15.666004299760695,0.020121882234383038,2555.0,11.0
2938,22.0,143.5699458878035,143.56993505910955,467.7848965303001,467.7848994456914,100.19093607825097,100.19094713165912,15.666004299760695,15.666008480613643,0.0040807500914697425,2555.0,11.0
2939,22.0,142.20505589947177,142.20485791791066,469.2127445488151,469.21259186581,109.21055495939848,109.2110251379144,15.973744784566017,15.973797339806776,0.017211358767802942,2556.0,11.0
2940,22.0,142.20485791791066,142.20483573687056,469.21259186581,469.21269887928247,109.2110251379144,109.21094058362087,15.973797339806776,15.97381694168214,0.01474065161717105,2556.0,11.0
2941,22.0,142.41616533141,142.41616195736913,469.5668067690881,469.56681010042746,108.65315747230716,108.65315732309571,15.996847926955889,15.996849759685038,0.0019153704300192166,2557.0,11.0
2942,22.0,145.07748701541695,145.0770961582684,467.8349646072942,467.8348410108805,103.77987377269055,103.77922250584459,16.190862377242365,16.190914075432865,0.0026405792356896025,2559.0,11.0
2943,22.0,145.0770961582684,145.07581178917707,467.8348410108805,467.8344072320562,103.77922250584459,103.77781893927609,16.190914075432865,16.191047015805637,0.012367086534703895,2559.0,11.0
2944,22.0,145.07581178917707,145.0744159766951,467.8344072320562,467.83471308427926,103.77781893927609,103.7783357228194,16.191047015805637,16.191158528314947,0.04713347955408926,2559.0,11.0
2945,22.0,145.0744159766951,145.07448513707817,467.83471308427926,467.8348422593664,103.7783357228194,103.77837476193675,16.191158528314947,16.191179495451784,0.015550851119010022,2559.0,11.0
2946,22.0,145.07748667013536,145.0774886571162,467.83496410500277,467.8349593254276,103.77987164799958,103.7798664729269,16.190863117923765,16.190865579747822,0.002531659181573112,2560.0,11.0
2947,22.0,142.82029365713157,142.82029670777283,467.04976071191606,467.0497562790477,100.84823256507693,100.84823130885786,15.624651473522908,15.624653505750969,0.0021148945208027707,2565.0,11.0
2948,22.0,160.32617504796985,160.32617485791096,447.79020968994064,447.7902164925489,105.88801365855538,105.88801567651538,14.501105007016562,14.501107417622451,0.0024828072037389134,2568.0,11.0
2949,22.0,164.5782720366894,164.57827216015446,450.1032244877973,450.1032244981414,81.11186184190697,81.11186181468523,46.05802044103062,46.058028290482035,0.004866559943864228,2570.0,1000180360.0
2950,22.0,160.82536464703475,160.82536369864775,450.18623788973525,450.1862371563619,75.4019811745325,75.40197969727777,54.66134065194427,54.66139360741116,0.026723112948025686,2571.0,1000180400.0
2951,22.0,161.1563051144667,161.15630517842348,450.8597050557164,450.8597065706971,75.93690047420839,75.93690123592283,55.871535352967875,55.87158420345428,0.024982015318629053,2572.0,1000180400.0
2952,22.0,168.1587710213921,168.1587710856863,429.57527471997565,429.575274368002,70.40217044678099,70.40216989604203,87.51054859259943,87.51057381596738,0.014036513746479443,2573.0,1000180400.0
2953,22.0,169.06308999856165,169.06308993342554,428.6795427001346,428.6795421994645,75.59016635569536,75.59016673763881,95.02498207969501,95.02500539776551,0.01373525443923977,2574.0,1000180360.0
2954,22.0,115.15663827054853,115.15665595951702,460.9905674621144,460.99056279757485,147.9462187824325,147.94563916102157,5.9881438527895465,5.9881997997869005,0.015573983836786905,2708.0,11.0
2955,22.0,115.15665595951702,115.15670910975777,460.99056279757485,460.99046282153984,147.94563916102157,147.94579906312424,5.9881997997869005,5.9882250601880465,0.018012566051072036,2708.0,11.0
2956,22.0,117.83496684892233,117.83480585466513,450.46729293311853,450.4670161684212,145.02935972850076,145.02799071023793,6.3631757953608545,6.36325626919777,0.004121931087485157,2711.0,11.0
2957,22.0,117.83480585466513,117.83263996380924,450.4670161684212,450.46779400187927,145.02799071023793,145.0254205094064,6.36325626919777,6.363456327004627,0.040736463084285544,2711.0,11.0
2958,22.0,117.83263996380924,117.83137189681402,450.46779400187927,450.4689632548293,145.0254205094064,145.02616035659025,6.363456327004627,6.363585672007354,0.009701697535155878,2711.0,11.0
2959,22.0,117.83137189681402,117.82999758949677,450.4689632548293,450.4695794635525,145.02616035659025,145.02584362104477,6.363585672007354,6.363698190480414,0.023494501551296055,2711.0,11.0
2960,22.0,117.82999758949677,117.82953970042038,450.4695794635525,450.46963187732337,145.02584362104477,145.025229328598,6.363698190480414,6.363766854728989,0.01255342039453095,2711.0,11.0
2961,22.0,117.82953970042038,117.82950261330318,450.46963187732337,450.47000784082576,145.025229328598,145.02508913528237,6.363766854728989,6.363809670477569,0.0266508527741102,2711.0,11.0
2962,22.0,119.26770305678637,119.26769810228026,442.7359946415901,442.7359746596779,148.37067406046015,148.3707961280782,6.648159152611473,6.648177256068429,0.013834732409327885,2712.0,11.0
2963,22.0,123.75436514249705,123.75389231201787,424.04251889551534,424.0422656754487,151.15149143893012,151.1516031043234,7.296083173403604,7.296122604711751,0.002152438951031803,2713.0,11.0
2964,22.0,123.75389231201787,123.7524167081456,424.0422656754487,424.0418341951587,151.1516031043234,151.15178467375495,7.296122604711751,7.29623558472861,0.01915040664200503,2713.0,11.0
2965,22.0,123.7524167081456,123.75197039688058,424.0418341951587,424.04193735000626,151.15178467375495,151.15099341852914,7.29623558472861,7.296313450107796,0.006460179944365229,2713.0,11.0
2966,22.0,123.75197039688058,123.75188797681535,424.04193735000626,424.04262352697543,151.15099341852914,151.15115757328027,7.296313450107796,7.296378333488054,0.017888507758465694,2713.0,11.0
2967,22.0,123.75188797681535,123.75183299750229,424.04262352697543,424.0428508792176,151.15115757328027,151.1511855026006,7.296378333488054,7.296407221630562,0.020021418114701695,2713.0,11.0
2968,22.0,124.54414973270374,124.54396801299329,422.8456729177773,422.84533555600655,150.5999695091724,150.59985545353896,7.347341884826199,7.347384453570793,0.026790621175099522,2715.0,11.0
2969,22.0,128.7923481165605,128.79380822757474,420.531941484034,420.5305176814707,149.57232788741345,149.5710347315985,7.512287790450385,7.512413295280834,0.008769891575382454,2717.0,11.0
2970,22.0,128.79380822757474,128.7968929627595,420.5305176814707,420.5273240720555,149.5710347315985,149.56891638189603,7.512413295280834,7.512674024258344,0.03226564736106826,2717.0,11.0
2971,22.0,128.7968929627595,128.7994335164214,420.5273240720555,420.5251486027205,149.56891638189603,149.56986220206588,7.512674024258344,7.5128751848720805,0.016671453020915095,2717.0,11.0
2972,22.0,128.7994335164214,128.79806431713342,420.5251486027205,420.5230643832973,149.56986220206588,149.57113218189198,7.5128751848720805,7.513047018058506,0.015070662139019633,2717.0,11.0
2973,22.0,128.79806431713342,128.796254415276,420.5230643832973,420.5219055548297,149.57113218189198,149.57170700020657,7.513047018058506,7.513192866599755,0.0114213556991911,2717.0,11.0
2974,22.0,128.796254415276,128.79673356661118,420.5219055548297,420.52059104223264,149.57170700020657,149.57055413552513,7.513192866599755,7.513319096730868,0.015136471574707723,2717.0,11.0
2975,22.0,128.79673356661118,128.79769067376822,420.52059104223264,420.51980618840224,149.57055413552513,149.57093368293312,7.513319096730868,7.513418744206591,0.012449266670795388,2717.0,11.0
2976,22.0,128.79769067376822,128.79796481778433,420.51980618840224,420.5198856824792,149.57093368293312,149.57177503522914,7.513418744206591,7.5134950245132694,0.012863255530320299,2717.0,11.0
2977,22.0,128.79796481778433,128.7980991401334,420.5198856824792,420.5200429243452,149.57177503522914,149.5722270752284,7.5134950245132694,7.513544988417163,0.015524888358136939,2717.0,11.0
2978,22.0,128.7980991401334,128.7981134004274,420.5200429243452,420.5199351760978,149.5722270752284,149.5723235580573,7.513544988417163,7.513565320328944,0.015175566736941903,2717.0,11.0
2979,22.0,132.05126706891616,132.05142070829584,422.98635236764386,422.9868127020717,159.1619852342703,159.1627597615004,7.8599092938104755,7.859968263256861,0.005748277089970912,2718.0,11.0
2980,22.0,132.05142070829584,132.0518213785142,422.9868127020717,422.98828508774767,159.1627597615004,159.16425812888713,7.859968263256861,7.86011009034295,0.01207294907773889,2718.0,11.0
2981,22.0,132.0518213785142,132.05094595629262,422.98828508774767,422.9872582793731,159.16425812888713,159.16321077458946,7.86011009034295,7.860231148277172,0.008867995414677091,2718.0,11.0
2982,22.0,132.05094595629262,132.0503203718551,422.9872582793731,422.9863405059556,159.16321077458946,159.16235135402067,7.860231148277172,7.860336659879034,0.023603966073050358,2718.0,11.0
2983,22.0,132.0503203718551,132.0497510662069,422.9863405059556,422.9861158755859,159.16235135402067,159.16215618439804,7.860336659879034,7.8603969564790335,0.017608013507529465,2718.0,11.0
2984,22.0,132.0497510662069,132.04959508255308,422.9861158755859,422.98600169365193,159.16215618439804,159.16219489144504,7.8603969564790335,7.860422330838287,0.018076586304106208,2718.0,11.0
2985,22.0,132.27740692801794,132.27788111302658,421.2548234016546,421.25423869205986,156.3974122141091,156.39608434542043,7.968981161098338,7.969067923407739,0.003577012352097967,2720.0,11.0
2986,22.0,132.27788111302658,132.27948241567765,421.25423869205986,421.25378947625603,156.39608434542043,156.39292635234284,7.969067923407739,7.9692730395653815,0.011278609468079627,2720.0,11.0
2987,22.0,132.27948241567765,132.28171450600527,421.25378947625603,421.251843780674,156.39292635234284,156.3920037564314,7.9692730395653815,7.96945813434581,0.018462733242089392,2720.0,11.0
2988,22.0,132.28171450600527,132.2817247148447,421.251843780674,421.2498782972947,156.3920037564314,156.3906590090501,7.96945813434581,7.969611221822407,0.014966989664944925,2720.0,11.0
2989,22.0,132.2817247148447,132.28084630127634,421.2498782972947,421.25028124999545,156.3906590090501,156.39222042088056,7.969611221822407,7.969738595039805,0.04809347621277742,2720.0,11.0
2990,22.0,132.28084630127634,132.28099104635504,421.25028124999545,421.25037872575166,156.39222042088056,156.3919560169977,7.969738595039805,7.9697744731214115,0.01857196774784871,2720.0,11.0
2991,22.0,132.28099104635504,132.28097932864608,421.25037872575166,421.25038026528483,156.3919560169977,156.39197582586263,7.9697744731214115,7.969779934709184,0.00514754616705887,2720.0,11.0
2992,22.0,132.27740554842592,132.27739850420977,421.2548253572574,421.25482727387526,156.39741284661835,156.39741742389407,7.96898193761293,7.968984691235887,0.0028065861851460806,2721.0,11.0
2993,22.0,120.27435042061761,120.27464613233553,457.8045208546017,457.80457522066763,144.20165469514413,144.201529682003,6.221135634973043,6.221162425889786,0.001504832693772071,2723.0,11.0
2994,22.0,120.27464613233553,120.27560455252728,457.80457522066763,457.8047582295506,144.201529682003,144.20141271917794,6.221162425889786,6.2212444150567,0.010437231016063217,2723.0,11.0
2995,22.0,120.27560455252728,120.27559729291525,457.8047582295506,457.80469681496197,144.20141271917794,144.20206349064,6.2212444150567,6.221305485711757,0.017019345738944872,2723.0,11.0
2996,22.0,120.27559729291525,120.27549801718996,457.80469681496197,457.804521042836,144.20206349064,144.2021397877839,6.221305485711757,6.221332587090339,0.019039531937867612,2723.0,11.0
2997,22.0,120.09507544474297,120.09510230446867,457.26170830616854,457.2615235563815,144.35489270291956,144.3546908983016,6.240877074862528,6.240900228753073,0.002014578808656598,2724.0,11.0
2998,22.0,120.09510230446867,120.09519272280389,457.2615235563815,457.2608640595601,144.3546908983016,144.35410590809096,6.240900228753073,6.240976369201301,0.011496609416375179,2724.0,11.0
2999,22.0,120.09519272280389,120.09546133579488,457.2608640595601,457.26130304553783,144.35410590809096,144.354247557614,6.240976369201301,6.241029016122598,0.014870726204410422,2724.0,11.0
3000,22.0,120.09546133579488,120.0954534400779,457.26130304553783,457.2611622249275,144.354247557614,144.35413667358324,6.241029016122598,6.241052708449843,0.01712550055327318,2724.0,11.0
3001,22.0,117.81007940201921,117.8099826677593,461.67608180443005,461.67644306566126,144.28415235553305,144.28418252054416,6.40670751400662,6.406748140177388,0.021418219385638673,2725.0,11.0
3002,22.0,117.8099826677593,117.80996704148818,461.67644306566126,461.6764341996899,144.28418252054416,144.28417401638714,6.406748140177388,6.40675306027161,0.0047041474940826555,2725.0,11.0
3003,22.0,118.0583276617186,118.05838616812363,461.32121383673393,461.32114532114383,144.2034297594098,144.20345553649724,6.421389337684804,6.421404148733342,0.011775406134674355,2726.0,11.0
3004,22.0,119.03755981041768,119.03758182434315,464.65510144413145,464.6550933456809,147.93681012930216,147.9368075482177,6.591590184232563,6.591595733919081,0.005218808253265696,2728.0,11.0
3005,22.0,118.83973075852668,118.83986842240608,464.64329438021116,464.64302925097644,148.02949357063443,148.02941277168287,6.598886192121224,6.59891140274325,0.0035193245280402325,2730.0,11.0
3006,22.0,118.83986842240608,118.84076904095767,464.64302925097644,464.64271662461016,148.02941277168287,148.02942606660335,6.59891140274325,6.598991639718092,0.015461025119569444,2730.0,11.0
3007,22.0,118.84076904095767,118.84084036329368,464.64271662461016,464.64254848239216,148.02942606660335,148.02987118844888,6.598991639718092,6.599040419027801,0.014647459587300815,2730.0,11.0
3008,22.0,118.84084036329368,118.84084573660539,464.64254848239216,464.6426970111356,148.02987118844888,148.02984798955742,6.599040419027801,6.599061264713287,0.015479316985023079,2730.0,11.0
3009,22.0,118.83973292020684,118.8397390278484,464.6432947928729,464.64329543105515,148.0294923459664,148.0294872662851,6.598887015086065,6.598889624885222,0.002671761559905766,2731.0,11.0
3010,22.0,114.9594224764453,114.95941965902357,461.60154158292363,461.60158405060974,148.3389671838154,148.3389529913922,5.963426102446585,5.963434845399993,0.0076545795550411215,2734.0,11.0
3011,22.0,114.95942173680464,114.95942569287642,461.6015283087669,461.6015320463533,148.33896848286577,148.33896269881626,5.963424072198688,5.963426675798971,0.0026659223288644875,2735.0,11.0
3012,22.0,114.9415709224146,114.94157303916145,461.60655535168945,461.60656377050907,148.36242724415314,148.36242081639983,5.962321720733459,5.962324938509397,0.0032338163711969725,2738.0,11.0
3013,22.0,114.94157014947157,114.9415687913424,461.6065522775061,461.606550304641,148.36242959128646,148.36242928476878,5.962320593713691,5.9623213830865485,0.0014937791507957136,2739.0,11.0
3014,22.0,114.9415687913424,114.94156737742078,461.606550304641,461.6065485037687,148.36242928476878,148.3624289341522,5.9623213830865485,5.962322518475256,0.0011873008492042866,2739.0,11.0
3015,22.0,114.9425200254497,114.94251840885428,461.6093873086729,461.6093863978077,148.36179741140035,148.36179860262567,5.96242100446081,5.962422103679272,0.0011477926473954997,2742.0,11.0
3016,22.0,114.94089107586072,114.94088324321744,461.6001155692461,461.6001169048385,148.36053473027764,148.36053465727107,5.962738205478366,5.962740809987406,0.002666778517155681,2745.0,11.0
3017,22.0,114.94115701065489,114.94115120826616,461.6058685774865,461.6058717791544,148.3620923146968,148.3620964119,5.962343172555139,5.962345742159076,0.002633853878674168,2747.0,11.0
3018,22.0,114.94115106550831,114.9411509635371,461.6055220075812,461.6055197368567,148.36175519872126,148.36175894120433,5.962357071677354,5.962358807936709,0.001817676649434826,2750.0,11.0
3019,22.0,114.94133575898897,114.94133421837368,461.60820774401947,461.60820731423365,148.36179928732875,148.36179743886203,5.962377873074432,5.962379049472464,0.0012318250347500997,2753.0,11.0
3020,22.0,114.94102178126832,114.94101783846301,461.6081884458669,461.6081888619292,148.3619106264738,148.36190534290012,5.9623891089538965,5.962391403879197,0.0023717098728195675,2756.0,11.0
3021,22.0,114.98985020147256,114.99390718747138,460.8164841295082,460.8016086955278,149.14416473023243,149.14781699432396,5.899812230051177,5.900414692199131,0.037305092551921465,2759.0,11.0
3022,22.0,114.99390718747138,115.00090363019494,460.8016086955278,460.7732834065911,149.14781699432396,149.14708492713297,5.900414692199131,5.901536855145722,0.07117841655580368,2759.0,11.0
3023,22.0,115.00090363019494,114.97888547050329,460.7732834065911,460.78226734792025,149.14708492713297,149.145310178334,5.901536855145722,5.902477921891129,0.051563764504725856,2759.0,11.0
3024,22.0,114.97888547050329,114.96052560833384,460.78226734792025,460.7893389526442,149.145310178334,149.14938335987785,5.902477921891129,5.903290070452693,0.05333673121181943,2759.0,11.0
3025,22.0,114.96052560833384,114.96508924259585,460.7893389526442,460.79971004037145,149.14938335987785,149.16119667470434,5.903290070452693,5.903972716146984,0.04058044552743137,2759.0,11.0
3026,22.0,114.96508924259585,114.9736411423253,460.79971004037145,460.80959976792946,149.16119667470434,149.16518267246093,5.903972716146984,5.9045599663889545,0.031734458658026446,2759.0,11.0
3027,22.0,114.9736411423253,114.98136311469666,460.80959976792946,460.8165870087849,149.16518267246093,149.1704055148596,5.9045599663889545,5.905074802745618,0.0409188274572295,2759.0,11.0
3028,22.0,114.98136311469666,114.98108348554092,460.8165870087849,460.82476933680965,149.1704055148596,149.16623455049358,5.905074802745618,5.905499527913508,0.05062602201519272,2759.0,11.0
3029,22.0,114.98108348554092,114.982809818683,460.82476933680965,460.8304048743547,149.16623455049358,149.16373089073772,5.905499527913508,5.905818821809506,0.026169805145980798,2759.0,11.0
3030,22.0,114.982809818683,114.98699769049992,460.8304048743547,460.83260502899645,149.16373089073772,149.16182938730353,5.905818821809506,5.906086730960028,0.02764665132731042,2759.0,11.0
3031,22.0,114.98699769049992,114.99009751482417,460.83260502899645,460.8320142636262,149.16182938730353,149.1596518085459,5.906086730960028,5.906302985724585,0.014696214353926701,2759.0,11.0
3032,22.0,114.99009751482417,114.98715995885001,460.8320142636262,460.8329422201206,149.1596518085459,149.15873756032494,5.906302985724585,5.906492919253354,0.021979695466385618,2759.0,11.0
3033,22.0,114.98715995885001,114.9866521443112,460.8329422201206,460.8322960807803,149.15873756032494,149.16094202872566,5.906492919253354,5.906644684376163,0.02158430034691632,2759.0,11.0
3034,22.0,114.9866521443112,114.98787980441793,460.8322960807803,460.83142812218085,149.16094202872566,149.16045906538946,5.906644684376163,5.9067592517782295,0.015077879422835085,2759.0,11.0
3035,22.0,114.98787980441793,114.98886637756212,460.83142812218085,460.83184615153834,149.16045906538946,149.16054913059986,5.9067592517782295,5.906846658607947,0.049349386102805246,2759.0,11.0
3036,22.0,115.32858625154033,115.33551259064134,459.8010380176198,459.7931506722351,149.44783430287256,149.4478569274229,5.962122755158648,5.962543190610023,0.016237186984634402,2760.0,11.0
3037,22.0,115.33551259064134,115.34353404515494,459.7931506722351,459.77462217631563,149.4478569274229,149.44935665277407,5.962543190610023,5.963360658544504,0.05021866021792744,2760.0,11.0
3038,22.0,115.34353404515494,115.33231972037368,459.77462217631563,459.77260911534825,149.44935665277407,149.46160566103518,5.963360658544504,5.9640559138298,0.061345925278342435,2760.0,11.0
3039,22.0,115.33231972037368,115.32302639657148,459.77260911534825,459.76399392699733,149.46160566103518,149.46159164594377,5.9640559138298,5.96460755848398,0.04408795652251853,2760.0,11.0
3040,22.0,115.32302639657148,115.31971468149834,459.76399392699733,459.7566980698558,149.46159164594377,149.4675017684914,5.96460755848398,5.965060641038567,0.02363608702347884,2760.0,11.0
3041,22.0,115.31971468149834,115.3273452987936,459.7566980698558,459.76006398097434,149.4675017684914,149.46952413581087,5.965060641038567,5.965462773868911,0.018835702863433897,2760.0,11.0
3042,22.0,115.3273452987936,115.33084753799903,459.76006398097434,459.7666291644784,149.46952413581087,149.46835342146778,5.965462773868911,5.965825373411164,0.033426186605048654,2760.0,11.0
3043,22.0,115.33084753799903,115.3280244633507,459.7666291644784,459.7704378763313,149.46835342146778,149.46504191977658,5.965825373411164,5.9661204275603525,0.014573366738517203,2760.0,11.0
3044,22.0,115.3280244633507,115.3253292327141,459.7704378763313,459.7735459167105,149.46504191977658,149.46207927187587,5.9661204275603525,5.966387182104851,0.017475205309722835,2760.0,11.0
3045,22.0,115.3253292327141,115.32322496481822,459.7735459167105,459.7771980748561,149.46207927187587,149.4614777375844,5.966387182104851,5.9666210004866915,0.018956820724828988,2760.0,11.0
3046,22.0,115.32322496481822,115.32523400541831,459.7771980748561,459.77950291308434,149.4614777375844,149.4630395982734,5.9666210004866915,5.966820352620266,0.0157944798852433,2760.0,11.0
3047,22.0,115.32523400541831,115.32717474441338,459.77950291308434,459.7784349337244,149.4630395982734,149.4647409671615,5.966820352620266,5.966991949956455,0.018226579623877706,2760.0,11.0
3048,22.0,115.32717474441338,115.32754698774495,459.7784349337244,459.77721994790284,149.4647409671615,149.4664177598625,5.966991949956455,5.967132145279316,0.013335890855379718,2760.0,11.0
3049,22.0,115.32754698774495,115.32740184814972,459.77721994790284,459.77568168215623,149.4664177598625,149.4658943100508,5.967132145279316,5.967249357655153,0.01919496961189182,2760.0,11.0
3050,22.0,115.32740184814972,115.3274673633861,459.77568168215623,459.7748001045601,149.4658943100508,149.46634189663837,5.967249357655153,5.967331830354135,0.013200178187530722,2760.0,11.0
3051,22.0,115.3274673633861,115.32742199561137,459.7748001045601,459.77537252103514,149.46634189663837,149.46641443047557,5.967331830354135,5.967387697050866,0.0218262756367616,2760.0,11.0
3052,22.0,115.32742199561137,115.32747512550698,459.77537252103514,459.77543433038636,149.46641443047557,149.4664591628603,5.967387697050866,5.967402424105494,0.011721586170118557,2760.0,11.0
3053,22.0,115.34712675580215,115.35411144699772,459.7565873371952,459.74702449818807,149.46204620812233,149.46281485484448,5.965053264804513,5.9655180052135925,0.018697653300860997,2761.0,11.0
3054,22.0,115.35411144699772,115.3628480057645,459.74702449818807,459.72649488017544,149.46281485484448,149.45433368743096,5.9655180052135925,5.966459832601785,0.05396153909770312,2761.0,11.0
3055,22.0,115.3628480057645,115.35162110134918,459.72649488017544,459.71030184490263,149.45433368743096,149.45740503695936,5.966459832601785,5.967266811179099,0.043531174351870816,2761.0,11.0
3056,22.0,115.35162110134918,115.34563744277807,459.71030184490263,459.7138759187451,149.45740503695936,149.47279599847093,5.967266811179099,5.967967903152528,0.04269316028087208,2761.0,11.0
3057,22.0,115.34563744277807,115.34023174253223,459.7138759187451,459.7051489605022,149.47279599847093,149.48236428319737,5.967967903152528,5.968568127655596,0.04025059006731707,2761.0,11.0
3058,22.0,115.34023174253223,115.33576249483694,459.7051489605022,459.6956322126105,149.48236428319737,149.4869464232238,5.968568127655596,5.969076404626778,0.029696313774128704,2761.0,11.0
3059,22.0,115.33576249483694,115.34112220427339,459.6956322126105,459.69940286412793,149.4869464232238,149.49406251732955,5.969076404626778,5.969519087895139,0.02687701122329663,2761.0,11.0
3060,22.0,115.34112220427339,115.34737923142254,459.69940286412793,459.6981737090849,149.49406251732955,149.49910611466333,5.969519087895139,5.969904282393914,0.028762220376135125,2761.0,11.0
3061,22.0,115.34737923142254,115.35294284448689,459.6981737090849,459.6950276627029,149.49910611466333,149.50064715509149,5.969904282393914,5.970230193838877,0.023086224443438844,2761.0,11.0
3062,22.0,115.35294284448689,115.3563215063675,459.6950276627029,459.6914808663008,149.50064715509149,149.49835785231483,5.970230193838877,5.970510399954228,0.04244949099080145,2761.0,11.0
3063,22.0,115.3563215063675,115.35682223594253,459.6914808663008,459.6883192386431,149.49835785231483,149.49970642266925,5.970510399954228,5.970711460311264,0.03904663350419059,2761.0,11.0
3064,22.0,115.35682223594253,115.35711064038351,459.6883192386431,459.6866472760468,149.49970642266925,149.50068178476792,5.970711460311264,5.970844673299051,0.013840386452450712,2761.0,11.0
3065,22.0,115.35711064038351,115.35606260202687,459.6866472760468,459.68635601759377,149.50068178476792,149.50167763996473,5.970844673299051,5.970953871099897,0.020615384049628125,2761.0,11.0
3066,22.0,115.35606260202687,115.356203861464,459.68635601759377,459.68664021669883,149.50167763996473,149.50241107164786,5.970953871099897,5.971024543657228,0.017509617059582174,2761.0,11.0
3067,22.0,115.356203861464,115.35648370674672,459.68664021669883,459.6865354717805,149.50241107164786,149.5023461877756,5.971024543657228,5.971059501208209,0.017364308381977875,2761.0,11.0
3068,22.0,115.35648370674672,115.35647336029835,459.6865354717805,459.6865331376868,149.5023461877756,149.50237294075382,5.971059501208209,5.9710658833067916,0.005880488734022905,2761.0,11.0
3069,22.0,115.5159631530621,115.52165434911153,459.3375455138286,459.3341708436575,149.59868382844724,149.6019472138202,5.992939103703724,5.993251296619756,0.012142998504372858,2762.0,11.0
3070,22.0,115.52165434911153,115.53202306307699,459.3341708436575,459.32544186465276,149.6019472138202,149.6060383092305,5.993251296619756,5.993855941792796,0.04108369238551784,2762.0,11.0
3071,22.0,115.53202306307699,115.52615021246046,459.32544186465276,459.33412516335,149.6060383092305,149.61085187393934,5.993855941792796,5.994366614328702,0.027810982833455882,2762.0,11.0
3072,22.0,115.52615021246046,115.53173416513553,459.33412516335,459.34070573004817,149.61085187393934,149.60610793431388,5.994366614328702,5.994815726804026,0.030763282188912496,2762.0,11.0
3073,22.0,115.53173416513553,115.5366639172037,459.34070573004817,459.34181503936077,149.60610793431388,149.61241043945705,5.994815726804026,5.995198959823146,0.02848725445881303,2762.0,11.0
3074,22.0,115.5366639172037,115.54192095268768,459.34181503936077,459.33995121979297,149.61241043945705,149.61582593882875,5.995198959823146,5.995523543759469,0.031500904892518077,2762.0,11.0
3075,22.0,115.54192095268768,115.5433834434813,459.33995121979297,459.3353148375468,149.61582593882875,149.61685646084686,5.995523543759469,5.995786284145205,0.023696799324443876,2762.0,11.0
3076,22.0,115.5433834434813,115.54268345507701,459.3353148375468,459.3338831104903,149.61685646084686,149.6133095821348,5.995786284145205,5.996004812495236,0.014660450418311129,2762.0,11.0
3077,22.0,115.54268345507701,115.54381232968338,459.3338831104903,459.3329428829094,149.6133095821348,149.61039242653266,5.996004812495236,5.9961970164904965,0.01959345312095826,2762.0,11.0
3078,22.0,115.54381232968338,115.54238094190787,459.3329428829094,459.33092446261173,149.61039242653266,149.61010383064,5.9961970164904965,5.996355101854992,0.07317614773688419,2762.0,11.0
3079,22.0,115.54238094190787,115.54243582331472,459.33092446261173,459.33076716399546,149.61010383064,149.61012731526486,5.996355101854992,5.996377712725626,0.016506438011045732,2762.0,11.0
3080,22.0,116.0679034775246,116.08677696096015,456.3223595399263,456.30836608619285,150.96046835474561,150.95712630142037,9.052892619792106,9.055809550339779,0.36352487813350975,2764.0,-13.0
3081,22.0,116.08677696096015,116.10372720281937,456.30836608619285,456.2956733399922,150.95712630142037,150.95378991088631,9.055809550339779,9.058562180388291,0.35820859958535356,2764.0,-13.0
3082,22.0,116.10372720281937,116.11774140061729,456.2956733399922,456.28264575250915,150.95378991088631,150.95102607260802,9.058562180388291,9.061165791739493,0.32038605559533584,2764.0,-13.0
3083,22.0,116.11774140061729,116.13052504641624,456.28264575250915,456.27081747794665,150.95102607260802,150.9486049566039,9.061165791739493,9.063648623291165,0.3478916103142995,2764.0,-13.0
3084,22.0,116.13052504641624,116.14167979661337,456.27081747794665,456.25972722929555,150.9486049566039,150.94688041801953,9.063648623291165,9.066015389323095,0.35906255064332554,2764.0,-13.0
3085,22.0,116.14167979661337,116.15194350966078,456.25972722929555,456.25023082083806,150.94688041801953,150.94471537739201,9.066015389323095,9.068280736671552,0.325715003104762,2764.0,-13.0
3086,22.0,116.15194350966078,116.16070376509742,456.25023082083806,456.2412405163897,150.94471537739201,150.94252465940463,9.068280736671552,9.07047227935856,0.316676018807644,2764.0,-13.0
3087,22.0,116.16070376509742,116.1690767407907,456.2412405163897,456.2337678748592,150.94252465940463,150.9402192946242,9.07047227935856,9.072610135950939,0.37506009794001566,2764.0,-13.0
3088,22.0,116.1690767407907,116.17638732155153,456.2337678748592,456.22774263190075,150.9402192946242,150.93718024471886,9.072610135950939,9.074703499162691,0.4355665892960806,2764.0,-13.0
3089,22.0,116.17638732155153,116.1808593145859,456.22774263190075,456.22245465041004,150.93718024471886,150.9338869422226,9.074703499162691,9.076709105123415,0.48326397903671675,2764.0,-13.0
3090,22.0,116.1808593145859,116.18236593802442,456.22245465041004,456.2211721877887,150.9338869422226,150.93167596922152,9.076709105123415,9.077803804433321,0.418604775840663,2764.0,-13.0
3091,22.0,116.18236593802442,116.18236891128802,456.2211721877887,456.22115495254565,150.93167596922152,150.93166359842604,9.077803804433321,9.07784513087314,0.010455581645360664,2764.0,-13.0
3092,22.0,116.18236891128802,116.18236878709237,456.22115495254565,456.2211515217192,150.93166359842604,150.93165927407216,9.07784513087314,9.077863353473413,0.005396919995237651,2764.0,-13.0
3093,22.0,116.18236878709237,116.51698814892836,456.2211515217192,456.0613536909823,150.93165927407216,150.8861179717598,1447.6505292245204,1447.6629923760374,0.843397290872029,2767.0,-11.0
3094,22.0,116.51698814892836,116.91913493429463,456.0613536909823,455.87326280527515,150.8861179717598,150.82264836334056,1447.6629923760374,1447.6779532283192,0.7411350083155028,2767.0,-11.0
3095,22.0,116.91913493429463,117.17650891933772,455.87326280527515,455.73309974592877,150.82264836334056,150.85180769000993,1447.6779532283192,1447.6877780378197,0.6936856012400431,2767.0,-11.0
3096,22.0,117.17650891933772,117.97638774356076,455.73309974592877,455.2513559872007,150.85180769000993,150.92339687859956,1447.6877780378197,1447.7190190181502,1.7305411573817764,2767.0,-11.0
3097,22.0,117.97638774356076,118.07096776580902,455.2513559872007,455.2022378266737,150.92339687859956,150.94361158850745,1447.7190190181502,1447.7226377220418,0.1765167183271879,2767.0,-11.0
3098,22.0,118.07096776580902,121.01255371450938,455.2022378266737,453.4045066734992,150.94361158850745,151.54004375883704,1447.7226377220418,1447.8393529246762,6.871322114976117,2767.0,-11.0
3099,22.0,121.01255371450938,122.2746822154327,453.4045066734992,452.4132897876696,151.54004375883704,151.62434766222017,1447.8393529246762,1447.8929675058769,3.122679735505796,2767.0,-11.0
3100,22.0,122.2746822154327,122.63340023942308,452.4132897876696,452.08854883571246,151.62434766222017,151.72085126532554,1447.8929675058769,1447.9094294199524,1.024491568878832,2767.0,-11.0
3101,22.0,122.63340023942308,123.59581768707191,452.08854883571246,451.3197755864103,151.72085126532554,151.9479690728298,1447.9094294199524,1447.951220068353,2.4603034958759697,2767.0,-11.0
3102,22.0,123.59581768707191,124.8748707549635,451.3197755864103,449.8098843414621,151.9479690728298,152.14004757032723,1447.951220068353,1448.017559029539,3.7692565147176027,2767.0,-11.0
3103,22.0,124.8748707549635,124.9207671716814,449.8098843414621,449.78227938002175,152.14004757032723,152.15451399960392,1448.017559029539,1448.0194105199353,0.0767514879570254,2767.0,-11.0
3104,22.0,124.9207671716814,125.2715971037737,449.78227938002175,449.58090222664543,152.15451399960392,152.25861287126963,1448.0194105199353,1448.0333507139767,0.8183969932588845,2767.0,-11.0
3105,22.0,125.2715971037737,126.40311761102052,449.58090222664543,448.9059245135436,152.25861287126963,152.77805605479722,1448.0333507139767,1448.0806192528692,3.337254587538452,2767.0,-11.0
3106,22.0,126.40311761102052,126.42731940181594,448.9059245135436,448.9001100062448,152.77805605479722,152.79022328431805,1448.0806192528692,1448.0815445822843,0.0300173990274804,2767.0,-11.0
3107,22.0,126.42731940181594,127.25243572304164,448.9001100062448,448.6414921586364,152.79022328431805,153.19263481813869,1448.0815445822843,1448.1134001870448,1.7297586958971987,2767.0,-11.0
3108,22.0,127.25243572304164,127.97207819580531,448.6414921586364,448.8980461620143,153.19263481813869,153.2873193456104,1448.1134001870448,1448.1391293518068,1.5759384885454542,2767.0,-11.0
3109,22.0,127.97207819580531,128.53828305391588,448.8980461620143,449.0052265869078,153.2873193456104,153.46232966854396,1448.1391293518068,1448.1592778153272,1.1695204476680734,2767.0,-11.0
3110,22.0,128.53828305391588,128.6198231524294,449.0052265869078,449.0005661085878,153.46232966854396,153.479402236197,1448.1592778153272,1448.1620732052406,0.11055792236100967,2767.0,-11.0
3111,22.0,128.6198231524294,129.0235679552107,449.0005661085878,448.8970077608161,153.479402236197,153.4833831296095,1448.1620732052406,1448.176053456753,0.7973482771295674,2767.0,-11.0
3112,22.0,129.0235679552107,129.32498589704568,448.8970077608161,448.83728612146945,153.4833831296095,153.61116450317542,1448.176053456753,1448.1872411162774,0.7021501586076376,2767.0,-11.0
3113,22.0,129.32498589704568,129.5552231828967,448.83728612146945,448.7329102971606,153.61116450317542,153.6694290980619,1448.1872411162774,1448.1959937172614,0.5120897253403479,2767.0,-11.0
3114,22.0,129.5552231828967,129.69898529202644,448.7329102971606,448.58459034564856,153.6694290980619,153.67022559995584,1448.1959937172614,1448.2029941333005,0.3588198564087997,2767.0,-11.0
3115,22.0,129.69898529202644,129.78337169590588,448.58459034564856,448.5449072597686,153.67022559995584,153.710393589268,1448.2029941333005,1448.2064521804298,0.15509303978247793,2767.0,-11.0
3116,22.0,129.78337169590588,129.79016736852074,448.5449072597686,448.4159555766777,153.710393589268,153.7263171059876,1448.2064521804298,1448.2109225238605,0.7205622574601767,2767.0,-11.0
3117,22.0,129.79016736852074,129.7305801488746,448.4159555766777,448.400675610883,153.7263171059876,153.7219567039703,1448.2109225238605,1448.2131294554615,0.1103312084393309,2767.0,-11.0
3118,22.0,129.7305801488746,129.7151268435814,448.400675610883,448.3853208598747,153.7219567039703,153.71095552174413,1448.2131294554615,1448.2140147226355,0.044420771405444565,2767.0,-11.0
3119,22.0,129.7151268435814,129.6953671108046,448.3853208598747,448.35755357471396,153.71095552174413,153.68047048841785,1448.2140147226355,1448.2156916768984,0.11574261616272359,2767.0,-11.0
3120,22.0,129.6953671108046,129.6789494417075,448.35755357471396,448.3311278752587,153.68047048841785,153.66232226590012,1448.2156916768984,1448.2170438121466,0.06986867618331305,2767.0,-11.0
3121,22.0,129.6789494417075,129.6844167339103,448.3311278752587,448.32573529727296,153.66232226590012,153.6329222365095,1448.2170438121466,1448.2182062159288,0.09790068567975548,2767.0,-11.0
3122,22.0,129.6844167339103,129.69256125334056,448.32573529727296,448.3443553510564,153.6329222365095,153.62240362373763,1448.2182062159288,1448.219113303828,0.07634694761142236,2767.0,-11.0
3123,22.0,129.69256125334056,129.70263392649892,448.3443553510564,448.3579423329801,153.62240362373763,153.61836542639708,1448.219113303828,1448.2198301803735,0.05223930485821905,2767.0,-11.0
3124,22.0,129.70263392649892,129.70910152098463,448.3579423329801,448.3521278466918,153.61836542639708,153.60756048760996,1448.2198301803735,1448.220422999067,0.029167398499511266,2767.0,-11.0
3125,22.0,129.70910152098463,129.71387656041642,448.3521278466918,448.3411613503501,153.60756048760996,153.6065508112129,1448.220422999067,1448.220948911707,0.03402357810991848,2767.0,-11.0
3126,22.0,129.71387656041642,129.7179500762881,448.3411613503501,448.3426471479256,153.6065508112129,153.5976163542323,1448.220948911707,1448.2213993550356,0.025506197223544632,2767.0,-11.0
3127,22.0,129.7179500762881,129.717649197629,448.3426471479256,448.34265825274343,153.5976163542323,153.5891622371185,1448.2213993550356,1448.221795209712,0.031668130062557545,2767.0,-11.0
3128,22.0,129.717649197629,129.71838776354232,448.34265825274343,448.3453956372797,153.5891622371185,153.58304421502865,1448.221795209712,1448.222125976202,0.028595150035523792,2767.0,-11.0
3129,22.0,129.71838776354232,129.72149824311364,448.3453956372797,448.3496031884748,153.58304421502865,153.5839593824352,1448.222125976202,1448.2224008794333,0.016356046312812116,2767.0,-11.0
3130,22.0,129.72149824311364,129.7257180321163,448.3496031884748,448.3483825970616,153.5839593824352,153.58514220032168,1448.2224008794333,1448.222645208637,0.02013103759218376,2767.0,-11.0
3131,22.0,129.7257180321163,129.7282929229322,448.3483825970616,448.3469051526824,153.58514220032168,153.58730146048418,1448.222645208637,1448.222853385296,0.018884731486023192,2767.0,-11.0
3132,22.0,129.7282929229322,129.7271541922297,448.3469051526824,448.34949103716536,153.58730146048418,153.5879983467641,1448.222853385296,1448.2230291440587,0.015183423532356001,2767.0,-11.0
3133,22.0,129.7271541922297,129.725359694467,448.34949103716536,448.3495427297333,153.5879983467641,153.58649238195784,1448.2230291440587,1448.223179764603,0.014727410491818091,2767.0,-11.0
3134,22.0,129.725359694467,129.72365064879773,448.3495427297333,448.3492166405258,153.58649238195784,153.58705309703092,1448.223179764603,1448.223306381079,0.018556978463397867,2767.0,-11.0
3135,22.0,129.72365064879773,129.72261268155802,448.3492166405258,448.348732476699,153.58705309703092,153.58746602135983,1448.223306381079,1448.2234019472317,0.009725324221963937,2767.0,-11.0
3136,22.0,129.72261268155802,129.72171317518743,448.348732476699,448.3486852662028,153.58746602135983,153.58734303279388,1448.2234019472317,1448.2234798286,0.015244127642708279,2767.0,-11.0
3137,22.0,129.72171317518743,129.72197824976826,448.3486852662028,448.3483873507106,153.58734303279388,153.58712488660333,1448.2234798286,1448.2235270738497,0.02853750138222636,2767.0,-11.0
3138,22.0,122.63340023942308,122.63514810659515,452.08854883571246,452.08667514609834,151.72085126532554,151.73002375689785,1447.9094294199524,1447.9098169716274,0.014754898417735567,2774.0,11.0
3139,22.0,122.63514810659515,122.636500099714,452.08667514609834,452.0874834705361,151.73002375689785,151.7481164066922,1447.9098169716274,1447.9105622072514,0.055567069287743145,2774.0,11.0
3140,22.0,122.636500099714,122.6290159331672,452.0874834705361,452.08220982081684,151.7481164066922,151.75921637148255,1447.9105622072514,1447.911175043522,0.036119410814373025,2774.0,11.0
3141,22.0,122.6290159331672,122.62904627260646,452.08220982081684,452.083918900506,151.75921637148255,151.7711589540562,1447.911175043522,1447.9117048277128,0.03061877797823255,2774.0,11.0
3142,22.0,122.62904627260646,122.62856972687864,452.083918900506,452.0838264055804,151.7711589540562,151.78133333862067,1447.9117048277128,1447.9121663462383,0.05723514839645498,2774.0,11.0
3143,22.0,122.62856972687864,122.63117086714715,452.0838264055804,452.0839372499412,151.78133333862067,151.78777172115798,1447.9121663462383,1447.9125065136602,0.04525096338049722,2774.0,11.0
3144,22.0,122.63117086714715,122.62859444539728,452.0839372499412,452.0877189155629,151.78777172115798,151.78877383377062,1447.9125065136602,1447.9127577454199,0.025222057971438054,2774.0,11.0
3145,22.0,122.62859444539728,122.6307889264817,452.0877189155629,452.0900667198624,151.78877383377062,151.79030952099222,1447.9127577454199,1447.9129625493533,0.017897780179399216,2774.0,11.0
3146,22.0,122.6307889264817,122.63183032794264,452.0900667198624,452.09187632266975,151.79030952099222,151.79222030489203,1447.9129625493533,1447.9131357850258,0.01919369129955814,2774.0,11.0
3147,22.0,122.63183032794264,122.63389132873249,452.09187632266975,452.0918211273982,151.79222030489203,151.79180546302817,1447.9131357850258,1447.9132759408585,0.014667804924715165,2774.0,11.0
3148,22.0,122.63389132873249,122.63474919189284,452.0918211273982,452.09233176679845,151.79180546302817,151.79057479249605,1447.9132759408585,1447.913390789385,0.01311254990040911,2774.0,11.0
3149,22.0,122.63474919189284,122.6347576305271,452.09233176679845,452.0927686478749,151.79057479249605,151.78951673114705,1447.913390789385,1447.9134821571392,0.017240863472721017,2774.0,11.0
3150,22.0,122.6347576305271,122.63473886326615,452.0927686478749,452.0924678432343,151.78951673114705,151.78899904891904,1447.9134821571392,1447.9135394491068,0.013858492626974023,2774.0,11.0
3151,22.0,122.63473886326615,122.63451877552635,452.0924678432343,452.09256443126515,151.78899904891904,151.78903408008546,1447.9135394491068,1447.9135689894192,0.020376179946203485,2774.0,11.0
3152,22.0,123.59581768707191,123.58980041056896,451.3197755864103,451.30776933243095,151.9479690728298,151.94860509825506,1447.951220068353,1447.9517416196147,0.028049093045598,2775.0,11.0
3153,22.0,123.58980041056896,123.57650231134866,451.30776933243095,451.2865469469178,151.94860509825506,151.95008552486343,1447.9517416196147,1447.952725035345,0.074893759513549,2775.0,11.0
3154,22.0,123.57650231134866,123.56540434989056,451.2865469469178,451.27352949047037,151.95008552486343,151.9404832401407,1447.952725035345,1447.9535207684069,0.08846418015919681,2775.0,11.0
3155,22.0,123.56540434989056,123.55575061446741,451.27352949047037,451.26491477095834,151.9404832401407,151.9363272961407,1447.9535207684069,1447.9541052087238,0.029106760204999572,2775.0,11.0
3156,22.0,123.55575061446741,123.54444962255533,451.26491477095834,451.2655049712713,151.9363272961407,151.9332089308396,1447.9541052087238,1447.9546232238663,0.034826329225308504,2775.0,11.0
3157,22.0,123.54444962255533,123.53633045540603,451.2655049712713,451.2668551307926,151.9332089308396,151.92821557321287,1447.9546232238663,1447.9550641759256,0.0366346821350731,2775.0,11.0
3158,22.0,123.53633045540603,123.53897746048543,451.2668551307926,451.26560066561325,151.92821557321287,151.9212600955049,1447.9550641759256,1447.9554273323413,0.018582904997589998,2775.0,11.0
3159,22.0,123.53897746048543,123.53714926022728,451.26560066561325,451.2700387414714,151.9212600955049,151.91679575475484,1447.9554273323413,1447.9557524870434,0.023797522063980642,2775.0,11.0
3160,22.0,123.53714926022728,123.53591859520209,451.2700387414714,451.27339009500173,151.91679575475484,151.91280587614864,1447.9557524870434,1447.9560305864038,0.016736039638599175,2775.0,11.0
3161,22.0,123.53591859520209,123.53945214342738,451.27339009500173,451.27317590246196,151.91280587614864,151.9099317337236,1447.9560305864038,1447.9562767638613,0.03127593774841943,2775.0,11.0
3162,22.0,123.53945214342738,123.54203473759426,451.27317590246196,451.27129205171843,151.9099317337236,151.90984886755385,1447.9562767638613,1447.9564660208734,0.03583507723397558,2775.0,11.0
3163,22.0,123.54203473759426,123.5433746871892,451.27129205171843,451.2725455134384,151.90984886755385,151.9098368831931,1447.9564660208734,1447.95659332481,0.013950772464683996,2775.0,11.0
3164,22.0,123.5433746871892,123.54265728889406,451.2725455134384,451.27237155249924,151.9098368831931,151.9109732529892,1447.95659332481,1447.9566962210904,0.010879567835179946,2775.0,11.0
3165,22.0,123.54265728889406,123.5424794402855,451.27237155249924,451.27212848825866,151.9109732529892,151.91192382495137,1447.9566962210904,1447.9567790661383,0.017112482451781087,2775.0,11.0
3166,22.0,123.5424794402855,123.54250964846906,451.27212848825866,451.27256918706996,151.91192382495137,151.9120927942493,1447.9567790661383,1447.956827233506,0.02299520515934192,2775.0,11.0
3167,22.0,123.54250964846906,123.54253903342119,451.27256918706996,451.2725645365864,151.9120927942493,151.9121148672288,1447.956827233506,1447.9568348642015,0.006834727365341655,2775.0,11.0
3168,22.0,141.45069620186422,141.4546759684385,442.93402230678066,442.93487761619815,140.14858443540737,140.14185747133857,1448.8453110753671,1448.8456402271618,0.011428230763496429,2785.0,11.0
3169,22.0,141.4546759684385,141.4548393659925,442.93487761619815,442.9403851704853,140.14185747133857,140.12767361915581,1448.8456402271618,1448.8462823389345,0.039871348479665746,2785.0,11.0
3170,22.0,141.4548393659925,141.4517548671849,442.9403851704853,442.9350062387163,140.12767361915581,140.11668656544563,1448.8462823389345,1448.8468319617436,0.04419439526125549,2785.0,11.0
3171,22.0,141.4517548671849,141.45542854926484,442.9350062387163,442.93397750669936,140.11668656544563,140.10755407957896,1448.8468319617436,1448.8472828768179,0.03146574918172535,2785.0,11.0
3172,22.0,141.45542854926484,141.45486757085865,442.93397750669936,442.94035332591295,140.10755407957896,140.10261440732236,1448.8472828768179,1448.8476663697102,0.02254403121466075,2785.0,11.0
3173,22.0,141.45486757085865,141.45319653960306,442.94035332591295,442.94624829298994,140.10261440732236,140.09953178778753,1448.8476663697102,1448.8480032388738,0.024947165472468048,2785.0,11.0
3174,22.0,141.45319653960306,141.4548669116755,442.94624829298994,442.95138413573596,140.09953178778753,140.0981226641151,1448.8480032388738,1448.8482903523584,0.021435829997021715,2785.0,11.0
3175,22.0,141.4548669116755,141.4549714468334,442.95138413573596,442.94708979602035,140.0981226641151,140.0966019223011,1448.8482903523584,1448.8485364066312,0.03058637859391367,2785.0,11.0
3176,22.0,141.4549714468334,141.45374633878876,442.94708979602035,442.9480024580318,140.0966019223011,140.09376364771245,1448.8485364066312,1448.8487267647474,0.013894175593130305,2785.0,11.0
3177,22.0,141.45374633878876,141.45200737576621,442.9480024580318,442.94688463101085,140.09376364771245,140.09207426110913,1448.8487267647474,1448.8488928789511,0.01672666352474032,2785.0,11.0
3178,22.0,141.45200737576621,141.4501767201972,442.94688463101085,442.94671845371033,140.09207426110913,140.0911817999343,1448.8488928789511,1448.8490302121147,0.01235004944770031,2785.0,11.0
3179,22.0,141.4501767201972,141.4494769025235,442.94671845371033,442.94587046744937,140.0911817999343,140.09000864324094,1448.8490302121147,1448.849146235426,0.01066697352579853,2785.0,11.0
3180,22.0,141.4494769025235,141.45029098983133,442.94587046744937,442.9467569317684,140.09000864324094,140.08968046647485,1448.849146235426,1448.8492433146457,0.03489526305117083,2785.0,11.0
3181,22.0,141.45029098983133,141.45051983561075,442.9467569317684,442.94675888895097,140.08968046647485,140.0896725965743,1448.8492433146457,1448.8492716124754,0.019698636265349886,2785.0,11.0
3182,22.0,136.1659843430271,136.16591134812396,444.9811275843848,444.9810591284598,142.68145363119768,142.68147563533643,1449.0523788516607,1449.0523946463127,0.012400838961403707,2788.0,11.0
3183,22.0,135.48312567679275,135.48289149848404,446.43254812243885,446.432989749423,143.64295703139686,143.64316900313213,1449.1147544816429,1449.1147941495706,0.0019408542590454393,2789.0,11.0
3184,22.0,135.48289149848404,135.4822125625973,446.432989749423,446.43417910234774,143.64316900313213,143.64372061472616,1449.1147941495706,1449.1149034327063,0.016919928628513405,2789.0,11.0
3185,22.0,135.4822125625973,135.48183805070806,446.43417910234774,446.43338184490614,143.64372061472616,143.64398056811015,1449.1149034327063,1449.1149815488711,0.013803559287991762,2789.0,11.0
3186,22.0,135.48183805070806,135.48156099674807,446.43338184490614,446.43376666452514,143.64398056811015,143.64412923486708,1449.1149815488711,1449.1150315008226,0.020088251696608363,2789.0,11.0
3187,22.0,135.48156099674807,135.48158650471566,446.43376666452514,446.4337055670824,143.64412923486708,143.64408742443464,1449.1150315008226,1449.11504451927,0.01060642076266844,2789.0,11.0
3188,22.0,136.3537786309784,136.35380435479667,444.3201461602401,444.320069815826,142.96741417151384,142.96743891294886,1449.1942324115369,1449.1942461350873,0.011070138204861291,2790.0,11.0
3189,22.0,137.3514983635931,137.35166595139418,444.58149053347614,444.5812397838883,141.5433883790332,141.5425964500588,1449.2528778423912,1449.2529327990887,0.003331927002634769,2793.0,11.0
3190,22.0,137.35166595139418,137.3524823857358,444.5812397838883,444.5808845755367,141.5425964500588,141.5405997396782,1449.2529327990887,1449.2530768569434,0.01010987176329311,2793.0,11.0
3191,22.0,137.3524823857358,137.35261805723565,444.5808845755367,444.582273872364,141.5405997396782,141.5394281813571,1449.2530768569434,1449.253203550981,0.015633383032251626,2793.0,11.0
3192,22.0,137.35261805723565,137.35383957877391,444.582273872364,444.5822455251272,141.5394281813571,141.5390236851667,1449.253203550981,1449.2533027875943,0.012698661593656256,2793.0,11.0
3193,22.0,137.35383957877391,137.35433797769062,444.5822455251272,444.5816071379051,141.5390236851667,141.5393501017105,1449.2533027875943,1449.2533781247573,0.024986460425434828,2793.0,11.0
3194,22.0,137.35433797769062,137.35448175238056,444.5816071379051,444.5817424473442,141.5393501017105,141.53934211500027,1449.2533781247573,1449.2534035410927,0.01810015299732086,2793.0,11.0
3195,22.0,137.35149953377444,137.35150267730097,444.5814903290251,444.5814892545066,141.54338624930776,141.54337963051293,1449.2528786492037,1449.2528811308853,0.0025505507725897846,2794.0,11.0
3196,22.0,129.08320150358725,129.0834208434789,448.64326787384397,448.6435367422514,154.31902305125334,154.3197342899345,1448.2573910616222,1448.257443846867,0.0028613157185428,2798.0,11.0
3197,22.0,129.0834208434789,129.08410904213173,448.6435367422514,448.6440440901063,154.3197342899345,154.32153501276917,1448.257443846867,1448.2575788004115,0.01944728043973661,2798.0,11.0
3198,22.0,129.08410904213173,129.08488031605532,448.6440440901063,448.6449264245251,154.32153501276917,154.32214274681448,1448.2575788004115,1448.2576798230289,0.01539455596390859,2798.0,11.0
3199,22.0,129.08488031605532,129.08534278708802,448.6449264245251,448.6454190481215,154.32214274681448,154.32167992061483,1448.2576798230289,1448.2577517599573,0.01381637677958491,2798.0,11.0
3200,22.0,129.08534278708802,129.08528611160256,448.6454190481215,448.6455994762802,154.32167992061483,154.32131362513638,1448.2577517599573,1448.2577952983845,0.01570923558077716,2798.0,11.0
3201,22.0,129.08528611160256,129.0853410353966,448.6455994762802,448.6456236375117,154.32131362513638,154.3212401922646,1448.2577952983845,1448.2578102365112,0.011856709075613082,2798.0,11.0
3202,22.0,122.9794002228369,122.9750321928849,449.2412046679381,449.2415879450682,156.11893730262642,156.12052276125556,1448.470594652658,1448.4708058754466,0.009450187387952617,2800.0,11.0
3203,22.0,122.9750321928849,122.9676137080595,449.2415879450682,449.24000123566884,156.12052276125556,156.1264621555552,1448.4708058754466,1448.4712471159207,0.029206437810970935,2800.0,11.0
3204,22.0,122.9676137080595,122.96978072536834,449.24000123566884,449.23338256026784,156.1264621555552,156.1303238657539,1448.4712471159207,1448.4716260278492,0.020918756533335442,2800.0,11.0
3205,22.0,122.96978072536834,122.96591851915382,449.23338256026784,449.2366662704493,156.1303238657539,156.1349000761916,1448.4716260278492,1448.4719617610594,0.06052034525816961,2800.0,11.0
3206,22.0,122.96591851915382,122.96312640398844,449.2366662704493,449.2386761427083,156.1349000761916,156.136729793022,1448.4719617610594,1448.4721806279113,0.037340640951645784,2800.0,11.0
3207,22.0,122.96312640398844,122.96129572946793,449.2386761427083,449.2380575470394,156.136729793022,156.13533773540067,1448.4721806279113,1448.4723337180756,0.021050756275315222,2800.0,11.0
3208,22.0,122.96129572946793,122.96236114986475,449.2380575470394,449.23855395971293,156.13533773540067,156.1342170514457,1448.4723337180756,1448.4724505607276,0.009718430598866665,2800.0,11.0
3209,22.0,122.96236114986475,122.96254468116926,449.23855395971293,449.2378232277867,156.1342170514457,156.133164246008,1448.4724505607276,1448.4725502070803,0.01790918545234343,2800.0,11.0
3210,22.0,122.96254468116926,122.9618621238134,449.2378232277867,449.2376681372724,156.133164246008,156.1333164229657,1448.4725502070803,1448.4726154866514,0.011894913786562147,2800.0,11.0
3211,22.0,122.9618621238134,122.96168005206778,449.2376681372724,449.23789511715677,156.1333164229657,156.13355670589598,1448.4726154866514,1448.4726562850067,0.019065450393135237,2800.0,11.0
3212,22.0,122.96168005206778,122.96169652074889,449.23789511715677,449.2378739165807,156.13355670589598,156.13358623602284,1448.4726562850067,1448.4726643299778,0.007142804901533295,2800.0,11.0
3213,22.0,134.05989883806095,134.06039638133572,438.10168472263814,438.101184326136,163.67130586912737,163.6714554120308,1449.0520922865267,1449.0521414003224,0.005238353543650405,2801.0,11.0
3214,22.0,134.06039638133572,134.0611245262257,438.101184326136,438.0996040512162,163.6714554120308,163.6717783911931,1449.0521414003224,1449.0522655075624,0.013939247321924288,2801.0,11.0
3215,22.0,134.0611245262257,134.0608984783493,438.0996040512162,438.09859350416554,163.6717783911931,163.67255359694644,1449.0522655075624,1449.052365095216,0.01132132936774628,2801.0,11.0
3216,22.0,134.0608984783493,134.06131296743786,438.09859350416554,438.0979549424522,163.67255359694644,163.6720307509189,1449.052365095216,1449.0524435246232,0.01549232378687521,2801.0,11.0
3217,22.0,134.06131296743786,134.061146083087,438.0979549424522,438.0983590701697,163.6720307509189,163.67215601136783,1449.0524435246232,1449.052490327117,0.019395286513433512,2801.0,11.0
3218,22.0,134.061146083087,134.0612078029887,438.0983590701697,438.0983628926957,163.67215601136783,163.6721276762884,1449.052490327117,1449.0525020952973,0.009770868178797062,2801.0,11.0
3219,22.0,131.72818026594464,131.72694525118987,439.8680609822436,439.8681775513272,162.95688359115994,162.95631674172628,1449.152535496473,1449.15261580854,0.004736600473690023,2802.0,11.0
3220,22.0,131.72694525118987,131.72433647277697,439.8681775513272,439.8684206667061,162.95631674172628,162.9547259601625,1449.15261580854,1449.1527993286668,0.007624808151550831,2802.0,11.0
3221,22.0,131.72433647277697,131.7219097178126,439.8684206667061,439.86851780241204,162.9547259601625,162.95340975206116,1449.1527993286668,1449.1529695652875,0.016035358826946924,2802.0,11.0
3222,22.0,131.7219097178126,131.7215966990016,439.86851780241204,439.8687746391694,162.95340975206116,162.95129286258418,1449.1529695652875,1449.153112174585,0.011254216091014298,2802.0,11.0
3223,22.0,131.7215966990016,131.72084196348612,439.8687746391694,439.8679666179008,162.95129286258418,162.95265265774282,1449.153112174585,1449.153235438229,0.009491400030611786,2802.0,11.0
3224,22.0,131.72084196348612,131.72065617692743,439.8679666179008,439.86810840210785,162.95265265774282,162.95405971370184,1449.153235438229,1449.1533421056988,0.012691502978956257,2802.0,11.0
3225,22.0,131.72065617692743,131.72128004316568,439.86810840210785,439.86805788002823,162.95405971370184,162.95484860383687,1449.1533421056988,1449.1534255348156,0.019008293242036,2802.0,11.0
3226,22.0,131.72128004316568,131.72093549223135,439.86805788002823,439.8682126344256,162.95484860383687,162.95464313735096,1449.1534255348156,1449.153470443728,0.01400356540825222,2802.0,11.0
3227,22.0,131.72093549223135,131.72091244694326,439.8682126344256,439.86816888806123,162.95464313735096,162.95452282265526,1449.153470443728,1449.1534892072573,0.014236103176521377,2802.0,11.0
3228,22.0,131.72580563067973,131.725802752103,439.8670262736723,439.8670322817335,162.94850985201504,162.94851271356399,1449.1528287380831,1449.152831184032,0.0025165346774968195,2805.0,11.0
3229,22.0,129.3946394446039,129.39462401495283,448.28020554074254,448.2801958755532,153.61886206234294,153.61877422115285,1448.225677194294,1448.225687409035,0.0035364779403271886,2807.0,11.0
3230,22.0,129.39462401495283,129.39475469527892,448.2801958755532,448.2801793166047,153.61877422115285,153.6185816865363,1448.225687409035,1448.2257160927147,0.01990979836719242,2807.0,11.0
3231,22.0,129.39463818707048,129.39463601545455,448.2802044423191,448.280205331287,153.61886045421886,153.61885361065603,1448.2256779521233,1448.225680394387,0.002513021071243636,2808.0,11.0
3232,22.0,129.81905350434695,129.81902143757867,446.7896595202034,446.7896179341994,154.01542944185888,154.01546842575243,1448.265890407211,1448.265898652763,0.0010612651079003645,2811.0,11.0
3233,22.0,129.81902143757867,129.81895143346327,446.7896179341994,446.78948470596913,154.01546842575243,154.01558815270968,1448.265898652763,1448.265923573036,0.017821133797422478,2811.0,11.0
3234,22.0,129.81905392796955,129.81905517751184,446.7896617392868,446.7896686788542,154.01542964682147,154.01542787900416,1448.2658911673423,1448.2658936176288,0.0025206691030299293,2812.0,11.0
3235,22.0,130.0505970791433,130.05065215374185,446.4117796153382,446.41155106605646,153.9443166381491,153.9445235169076,1448.2808622962907,1448.2808885182958,0.001981883016819789,2817.0,11.0
3236,22.0,130.05065215374185,130.05062998087107,446.41155106605646,446.4108638098099,153.9445235169076,153.9451143715478,1448.2808885182958,1448.2809659136922,0.01737964657841918,2817.0,11.0
3237,22.0,130.05062998087107,130.05069890757727,446.4108638098099,446.4108261197518,153.9451143715478,153.94473118819684,1448.2809659136922,1448.2810078029624,0.01263674259673973,2817.0,11.0
3238,22.0,130.05069890757727,130.05072207597865,446.4108261197518,446.41076565291206,153.94473118819684,153.9446205999741,1448.2810078029624,1448.2810263650463,0.014114005147940225,2817.0,11.0
3239,22.0,130.23226094819688,130.23231418907238,446.3528965979328,446.35295877673053,153.38534709314075,153.3847374123349,1448.300565629045,1448.3006091903342,0.0024597650241234142,2818.0,11.0
3240,22.0,130.23231418907238,130.23220900030447,446.35295877673053,446.3529225449237,153.3847374123349,153.38311366618728,1448.3006091903342,1448.3007262107717,0.014584449543165928,2818.0,11.0
3241,22.0,130.23220900030447,130.23291504765243,446.3529225449237,446.352905369738,153.38311366618728,153.38222223918575,1448.3007262107717,1448.3008171581282,0.010353245963717833,2818.0,11.0
3242,22.0,130.23291504765243,130.23357347331188,446.352905369738,446.353209809395,153.38222223918575,153.3818764689673,1448.3008171581282,1448.300888114545,0.011598590447258396,2818.0,11.0
3243,22.0,130.23357347331188,130.2339037016163,446.353209809395,446.3529112252785,153.3818764689673,153.38176744692095,1448.300888114545,1448.3009351843039,0.029296535861660408,2818.0,11.0
3244,22.0,129.67047442582103,129.6704453529583,445.2888572386516,445.2888138861823,155.29711914611354,155.2971457876361,1448.3759170352723,1448.3759276126696,0.008956736616481824,2820.0,11.0
3245,22.0,129.29403672676443,129.29316460673576,445.3318213813792,445.33212678509847,155.49584938536745,155.49639077216057,1448.390185317037,1448.3902517521906,0.004216500552772279,2821.0,11.0
3246,22.0,129.29316460673576,129.29122803562151,445.33212678509847,445.3328098904917,155.49639077216057,155.4978791636133,1448.3902517521906,1448.3904118714447,0.025467751933238324,2821.0,11.0
3247,22.0,129.29122803562151,129.2898906250438,445.3328098904917,445.3333956511915,155.4978791636133,155.49719487316878,1448.3904118714447,1448.3905281292314,0.016786535668528293,2821.0,11.0
3248,22.0,129.2898906250438,129.28894144324676,445.3333956511915,445.33354546523077,155.49719487316878,155.49676877796497,1448.3905281292314,1448.3906141417272,0.010330060677946411,2821.0,11.0
3249,22.0,129.28894144324676,129.28922283071603,445.33354546523077,445.3342039102996,155.49676877796497,155.49667835222803,1448.3906141417272,1448.39067978082,0.01392673910147806,2821.0,11.0
3250,22.0,129.28922283071603,129.28922320028798,445.3342039102996,445.3341655096944,155.49667835222803,155.496348822186,1448.39067978082,1448.3907168947228,0.012610903214533838,2821.0,11.0
3251,22.0,129.28922320028798,129.289312546065,445.3341655096944,445.33415883035025,155.496348822186,155.49637463906657,1448.3907168947228,1448.3907316521502,0.011741055319342313,2821.0,11.0
3252,22.0,129.29403825140201,129.29403986854706,445.3318200072181,445.3318146529047,155.49585112056099,155.49585624687577,1448.3901861694758,1448.3901886926515,0.002589932875963121,2822.0,11.0
3253,22.0,141.44157532196067,141.4420093237649,446.7718272410116,446.7728253387025,153.878817289807,153.87877319282094,1448.5964055767008,1448.5964937889094,0.017740410224714846,2824.0,11.0
3254,22.0,141.4420093237649,141.44183409345433,446.7728253387025,446.7733306096319,153.87877319282094,153.87875831622586,1448.5964937889094,1448.5965465238442,0.013753683228499824,2824.0,11.0
3255,22.0,141.44183409345433,141.4416354025074,446.7733306096319,446.7733256950589,153.87875831622586,153.87872751089995,1448.5965465238442,1448.5965722698998,0.01828498832396335,2824.0,11.0
3256,22.0,142.90958419963223,142.90965830703527,445.6203482427277,445.61894459457227,153.71200745703203,153.71215855011357,1448.6588547393183,1448.65893724936,0.006981894882124983,2826.0,11.0
3257,22.0,142.90965830703527,142.909898631964,445.61894459457227,445.6159105291591,153.71215855011357,153.71263845425963,1448.65893724936,1448.6591214633586,0.011881860094816784,2826.0,11.0
3258,22.0,142.909898631964,142.9106494840042,445.6159105291591,445.61459876162724,153.71263845425963,153.71476956572988,1448.6591214633586,1448.6592850245715,0.01265404716193991,2826.0,11.0
3259,22.0,142.9106494840042,142.91274309753257,445.61459876162724,445.61443904509713,153.71476956572988,153.7151708133286,1448.6592850245715,1448.6594268095585,0.016005266226334053,2826.0,11.0
3260,22.0,142.91274309753257,142.91378617462757,445.61443904509713,445.61501931076464,153.7151708133286,153.7141488390554,1448.6594268095585,1448.659540978993,0.01682290453528874,2826.0,11.0
3261,22.0,142.91378617462757,142.91326795138943,445.61501931076464,445.61418024320744,153.7141488390554,153.71392536940962,1448.659540978993,1448.6596246539748,0.013565251320342177,2826.0,11.0
3262,22.0,142.91326795138943,142.91328991183047,445.61418024320744,445.61467794277513,153.71392536940962,153.71423492758265,1448.6596246539748,1448.6596810679896,0.017248324440832685,2826.0,11.0
3263,22.0,142.91328991183047,142.91328540278693,445.61467794277513,445.6148361264205,153.71423492758265,153.71417488230935,1448.6596810679896,1448.6597037776223,0.016563242492078765,2826.0,11.0
3264,22.0,142.90958623122413,142.90959179037665,445.6203473362887,445.62034465049584,153.7120086933864,153.71201239705925,1448.6588555713295,1448.658858005486,0.002505290833471358,2827.0,11.0
3265,22.0,145.45059601515462,145.45143595565972,446.4212143460625,446.42050074892575,152.77297910678527,152.77261351000843,1448.7530823265222,1448.7531527005594,0.004875430496412571,2830.0,11.0
3266,22.0,145.45143595565972,145.45275262430837,446.42050074892575,446.4181582049696,152.77261351000843,152.77207356290074,1448.7531527005594,1448.7533219834802,0.014803018798439609,2830.0,11.0
3267,22.0,145.45275262430837,145.45352240534302,446.4181582049696,446.4161203268689,152.77207356290074,152.77198352045417,1448.7533219834802,1448.7534657634287,0.04529585683724274,2830.0,11.0
3268,22.0,145.45352240534302,145.45355620003514,446.4161203268689,446.4154674837142,152.77198352045417,152.7720049052549,1448.7534657634287,1448.753526858889,0.016957273074274266,2830.0,11.0
3269,22.0,145.45355620003514,145.45359216433008,446.4154674837142,446.41552631009597,152.7720049052549,152.7722109469642,1448.753526858889,1448.7535540941396,0.019113605381139816,2830.0,11.0
3270,22.0,145.18436843094514,145.18407750330655,449.8285525713344,449.82891504236625,153.19792990112433,153.19776804540507,1448.8679631475813,1448.8679997192285,0.0027261353829730575,2831.0,11.0
3271,22.0,145.18407750330655,145.18370773104226,449.82891504236625,449.83022196105486,153.19776804540507,153.19762917151502,1448.8679997192285,1448.868103160089,0.04332586327224784,2831.0,11.0
3272,22.0,145.18370773104226,145.18382933054602,449.83022196105486,449.83028920552397,153.19762917151502,153.19762163923562,1448.868103160089,1448.8681228624791,0.014800771384164448,2831.0,11.0
3273,22.0,146.74268187467078,146.74268557443912,450.00182452693406,450.00182203751973,153.95012700923775,153.9501224592921,1448.9259712655244,1448.9259735044245,0.0023174895302399507,2833.0,11.0
3274,22.0,149.15015915012498,149.15024717361706,451.23112915033107,451.2311391776392,156.5082840792947,156.5084903351596,1449.050114003635,1449.0501344211082,0.0019591874326481138,2834.0,11.0
3275,22.0,149.15024717361706,149.1503801974921,451.2311391776392,451.2311606218791,156.5084903351596,156.50913780115616,1449.0501344211082,1449.0501960115685,0.010611742287327,2834.0,11.0
3276,22.0,149.1503801974921,149.15065055520478,451.2311606218791,451.23092242724954,156.50913780115616,156.50908207874414,1449.0501960115685,1449.0502357906853,0.014944781327139832,2834.0,11.0
3277,22.0,149.15065055520478,149.1506094295293,451.23092242724954,451.2308541520016,156.50908207874414,156.50907332298289,1449.0502357906853,1449.050249032604,0.010753931606590305,2834.0,11.0
3278,22.0,148.4822738917689,148.48230555428216,452.4629091432732,452.4629266324687,154.01349770754098,154.0134833257717,1449.145560883486,1449.1455687872397,0.007038160777977473,2837.0,11.0
3279,22.0,145.7843991139969,145.7839849888332,452.9134545036908,452.9128209943369,153.527874297,153.52837190182953,1449.2382222690283,1449.2382805066622,0.0035861825506619954,2839.0,11.0
3280,22.0,145.7839849888332,145.7836535467473,452.9128209943369,452.91093098436295,153.52837190182953,153.5295391247509,1449.2382805066622,1449.2384273462985,0.017267472525363592,2839.0,11.0
3281,22.0,145.7836535467473,145.78219365577124,452.91093098436295,452.91025901392476,153.5295391247509,153.52980634954898,1449.2384273462985,1449.2385444489537,0.016094814623439042,2839.0,11.0
3282,22.0,145.78219365577124,145.78145069263422,452.91025901392476,452.90946320609555,153.52980634954898,153.52976595461618,1449.2385444489537,1449.2386326726166,0.013382617577002731,2839.0,11.0
3283,22.0,145.78145069263422,145.7813972315648,452.90946320609555,452.9096335843945,153.52976595461618,153.53040563676197,1449.2386326726166,1449.2386944533266,0.013763929199732251,2839.0,11.0
3284,22.0,145.7813972315648,145.78127197503318,452.9096335843945,452.90971227368084,153.53040563676197,153.53065732208557,1449.2386944533266,1449.238728244683,0.021369639335470893,2839.0,11.0
3285,22.0,145.78127197503318,145.7812728939424,452.90971227368084,452.9097140817291,153.53065732208557,153.5306557705555,1449.238728244683,1449.2387294555451,0.0012690168805286652,2839.0,11.0
3286,22.0,145.7844000233844,145.78439869151737,452.9134536539833,452.9134497297215,153.52787218988166,153.52786554701646,1449.238223069043,1449.2382256472747,0.0026419996649997904,2840.0,11.0
3287,22.0,129.5982230841375,129.59827338919797,446.7552807379608,446.75524271646316,154.3743925717056,154.37449132973808,1448.2220545185078,1448.222071917556,0.013402249850005047,2845.0,11.0
3288,22.0,129.38086358912722,129.38068805285,443.38820654179165,443.3878979944867,153.32702811754916,153.32699203175432,1448.339903131931,1448.339942284725,0.01408941851096407,2847.0,11.0
3289,22.0,129.38068805285,129.38066119186337,443.3878979944867,443.3879769637836,153.32699203175432,153.32696649840528,1448.339942284725,1448.3399563524913,0.011294764319237193,2847.0,11.0
3290,22.0,129.8936777678135,129.8939412377362,451.1792308968691,451.1795487729954,154.00845904608929,154.00790623487106,1448.6255187430604,1448.6255660729178,0.003018107018001324,2849.0,11.0
3291,22.0,129.8939412377362,129.89511362980016,451.1795487729954,451.18045548870816,154.00790623487106,154.0068851160084,1448.6255660729178,1448.6256916614057,0.012122810334010147,2849.0,11.0
3292,22.0,129.89511362980016,129.89382656061164,451.18045548870816,451.18090378475017,154.0068851160084,154.00665003584515,1448.6256916614057,1448.6257960441744,0.017709859572815494,2849.0,11.0
3293,22.0,129.89382656061164,129.89348683060138,451.18090378475017,451.18162799589373,154.00665003584515,154.00655848483106,1448.6257960441744,1448.6258671003636,0.02287469416782143,2849.0,11.0
3294,22.0,129.89348683060138,129.8935778356531,451.18162799589373,451.1814909979431,154.00655848483106,154.00645001187624,1448.6258671003636,1448.625892462861,0.018069925189607754,2849.0,11.0
3295,22.0,129.89367719242443,129.89367546887752,451.1792320571449,451.1792358051665,154.00845705519038,154.00845053805543,1448.6255195288509,1448.625522080705,0.00261708,2850.0,11.0
3296,22.0,156.38105668814788,156.38128897743772,444.6413789867837,444.64233797108744,167.00391949944935,167.00396434707267,1449.1965586041754,1449.1966209847544,0.0034335718722342625,2854.0,11.0
3297,22.0,156.38128897743772,156.3815499201943,444.64233797108744,444.6447044557838,167.00396434707267,167.0042899003243,1449.1966209847544,1449.1967750546257,0.021865147650917707,2854.0,11.0
3298,22.0,156.3815499201943,156.38091184600063,444.6447044557838,444.6443518710059,167.0042899003243,167.00573164431881,1449.1967750546257,1449.1968914698398,0.015244530614450347,2854.0,11.0
3299,22.0,156.38091184600063,156.38173634012503,444.6443518710059,444.6443445805785,167.00573164431881,167.00646630798948,1449.1968914698398,1449.1969805450688,0.017740758860228464,2854.0,11.0
3300,22.0,156.38173634012503,156.38158763771384,444.6443445805785,444.64391089889267,167.00646630798948,167.00616561276541,1449.1969805450688,1449.1970342375323,0.017458110718611943,2854.0,11.0
3301,22.0,156.38158763771384,156.38147954496048,444.64391089889267,444.643916227098,167.00616561276541,167.00625926946375,1449.1970342375323,1449.197054344818,0.015042169938649933,2854.0,11.0
3302,22.0,156.38105527002634,156.3810508103845,444.6413803179612,444.64138450418534,167.00392098791616,167.00392566877642,1449.1965594148526,1449.1965619642324,0.00261474,2855.0,11.0
3303,22.0,173.39597993298395,173.4265258079316,437.8115705546237,437.8033455930437,175.44094907043478,175.45733226172032,1449.8697776926915,1449.8710379247966,0.048554639585207,2859.0,11.0
3304,22.0,173.4265258079316,173.48058249973707,437.8033455930437,437.78484238874324,175.45733226172032,175.4940495903564,1449.8710379247966,1449.8734505107316,0.115908135893188,2859.0,11.0
3305,22.0,173.48058249973707,173.50981446761446,437.78484238874324,437.7765707373477,175.4940495903564,175.5430037282466,1449.8734505107316,1449.8755217817347,0.13028747207205912,2859.0,11.0
3306,22.0,173.50981446761446,173.51170754661652,437.7765707373477,437.7630923296375,175.5430037282466,175.58734808444424,1449.8755217817347,1449.8772200143933,0.10535815269254287,2859.0,11.0
3307,22.0,173.51170754661652,173.5238602692273,437.7630923296375,437.7433801951441,175.58734808444424,175.61703170315133,1449.8772200143933,1449.8786265972697,0.0979334753553028,2859.0,11.0
3308,22.0,173.5238602692273,173.50671455550804,437.7433801951441,437.73764843930155,175.61703170315133,175.64082753446723,1449.8786265972697,1449.8797723467674,0.06718621598868683,2859.0,11.0
3309,22.0,173.50671455550804,173.48862916574933,437.73764843930155,437.7408142800453,175.64082753446723,175.65752561439854,1449.8797723467674,1449.8807465530513,0.200785434720776,2859.0,11.0
3310,22.0,173.48862916574933,173.49078679078795,437.7408142800453,437.7345462466986,175.65752561439854,175.66630531225513,1449.8807465530513,1449.8812378482003,0.04289474054939144,2859.0,11.0
3311,22.0,173.49078679078795,173.4834852642309,437.7345462466986,437.7310125667294,175.66630531225513,175.6687497448896,1449.8812378482003,1449.8816358751785,0.020415829705241858,2859.0,11.0
3312,22.0,173.4834852642309,173.4794459744028,437.7310125667294,437.72529327837526,175.6687497448896,175.67095689810463,1449.8816358751785,1449.8819912099304,0.07483612756686887,2859.0,11.0
3313,22.0,173.4794459744028,173.4830828018773,437.72529327837526,437.7247663120729,175.67095689810463,175.6713041487189,1449.8819912099304,1449.882201473738,0.0180040271267768,2859.0,11.0
3314,22.0,173.4830828018773,173.48366932686832,437.7247663120729,437.7268417261609,175.6713041487189,175.6692970304102,1449.882201473738,1449.882379803069,0.020370149044051693,2859.0,11.0
3315,22.0,173.48366932686832,173.48495904404513,437.7268417261609,437.7279983395659,175.6692970304102,175.66799511645223,1449.882379803069,1449.882522964284,0.01308825221597765,2859.0,11.0
3316,22.0,173.48495904404513,173.48504124518516,437.7279983395659,437.729396577693,175.66799511645223,175.66703201979868,1449.882522964284,1449.8826436090537,0.013016297397702796,2859.0,11.0
3317,22.0,173.48504124518516,173.4850353119262,437.729396577693,437.73059973909665,175.66703201979868,175.66739837003374,1449.8826436090537,1449.882741247345,0.01664698222535778,2859.0,11.0
3318,22.0,173.4850353119262,173.48482082893517,437.73059973909665,437.73008361860775,175.66739837003374,175.66785384927277,1449.882741247345,1449.8828068378082,0.016240688245026468,2859.0,11.0
3319,22.0,173.48482082893517,173.48468654295837,437.73008361860775,437.7303174396675,175.66785384927277,175.6677862440572,1449.8828068378082,1449.8828394389866,0.01784649277104906,2859.0,11.0
3320,22.0,173.48468654295837,173.48468380320853,437.7303174396675,437.7303017084972,175.6677862440572,175.6677829777929,1449.8828394389866,1449.8828437216812,0.004167764674737447,2859.0,11.0
3321,22.0,173.39597753482354,173.39596988955995,437.81157131814035,437.81157140953894,175.44094932029793,175.4409514822976,1449.869778519484,1449.869781123897,0.0026666879823067477,2860.0,11.0
3322,22.0,178.81847598932737,178.8216704921168,437.53203975159875,437.53371404806785,168.74887571291967,168.74777815708822,1450.1572345651352,1450.1574097371818,0.007699583650545685,2863.0,11.0
3323,22.0,178.8216704921168,178.82804173814654,437.53371404806785,437.5391538071729,168.74777815708822,168.749279535509,1450.1574097371818,1450.1578092267002,0.023610521856184605,2863.0,11.0
3324,22.0,178.82804173814654,178.82229884262748,437.5391538071729,437.54069211145827,168.749279535509,168.74520712450683,1450.1578092267002,1450.1581594061004,0.029999540701633003,2863.0,11.0
3325,22.0,178.82229884262748,178.81939681168197,437.54069211145827,437.54487604173426,168.74520712450683,168.74766419031602,1450.1581594061004,1450.1584493713353,0.020978113404839925,2863.0,11.0
3326,22.0,178.81939681168197,178.81610525303594,437.54487604173426,437.5466309798171,168.74766419031602,168.75043306478284,1450.1584493713353,1450.1586990282635,0.018782322284995778,2863.0,11.0
3327,22.0,178.81610525303594,178.81520072795053,437.5466309798171,437.54899549065766,168.75043306478284,168.74759638326867,1450.1586990282635,1450.1589139465136,0.023895733122656502,2863.0,11.0
3328,22.0,178.81520072795053,178.8133416047464,437.54899549065766,437.5501188365387,168.74759638326867,168.74580622737915,1450.1589139465136,1450.1590864990262,0.022221711740358977,2863.0,11.0
3329,22.0,178.8133416047464,178.81297038613752,437.5501188365387,437.5511030663939,168.74580622737915,168.74748297995188,1450.1590864990262,1450.1592207835242,0.011290200261070157,2863.0,11.0
3330,22.0,178.81297038613752,178.81297879613604,437.5511030663939,437.55230927693174,168.74748297995188,168.74850837506247,1450.1592207835242,1450.1593355552545,0.017596154088727486,2863.0,11.0
3331,22.0,178.81297879613604,178.8126942506472,437.55230927693174,437.5531182282717,168.74850837506247,168.74901757911596,1450.1593355552545,1450.1594184109788,0.016955767208187335,2863.0,11.0
3332,22.0,178.8126942506472,178.81262695681076,437.5531182282717,437.5534679080157,168.74901757911596,168.7493355786952,1450.1594184109788,1450.1594669128208,0.01879257707447317,2863.0,11.0
3333,22.0,178.81262695681076,178.812667376233,437.5534679080157,437.55339865237295,168.7493355786952,168.74930456732997,1450.1594669128208,1450.1594808346267,0.011199648668550891,2863.0,11.0
3334,22.0,177.5524801050701,177.55245682400283,439.01485449147515,439.0148758298768,181.3674073194986,181.36740678151415,1450.5831404047549,1450.5831472202067,0.006217227321818967,2864.0,11.0
3335,22.0,177.48753646938297,177.4873467582211,437.175024937966,437.1746420960027,185.88185190534927,185.8828285799312,1450.7457809427196,1450.7458678175456,0.013029381839818608,2865.0,11.0
3336,22.0,177.4873467582211,177.48692928662416,437.1746420960027,437.17433699995433,185.8828285799312,185.88322744394682,1450.7458678175456,1450.7459288428167,0.015898809101542087,2865.0,11.0
3337,22.0,177.48692928662416,177.48680679822365,437.17433699995433,437.17418234071454,185.88322744394682,185.88309438629568,1450.7459288428167,1450.7459579450922,0.02013811301221681,2865.0,11.0
3338,22.0,186.83220682458813,186.83261984166708,440.7923044254923,440.7914519372075,180.88004053199955,180.87928427012656,1451.1193144985368,1451.11938750233,0.0038568361679545992,2866.0,11.0
3339,22.0,186.83261984166708,186.83367199827785,440.7914519372075,440.7892823720746,180.87928427012656,180.87777131735365,1451.11938750233,1451.1195614587305,0.014895752862939074,2866.0,11.0
3340,22.0,186.83367199827785,186.83521853939402,440.7892823720746,440.7900355834814,180.87777131735365,180.87628032439878,1451.1195614587305,1451.1197097101738,0.017215029454466037,2866.0,11.0
3341,22.0,186.83521853939402,186.83573897669993,440.7900355834814,440.7904276219595,180.87628032439878,180.87475420382992,1451.1197097101738,1451.1198283331973,0.020179776988458666,2866.0,11.0
3342,22.0,186.83573897669993,186.8363859382456,440.7904276219595,440.79041779472516,180.87475420382992,180.8754971932343,1451.1198283331973,1451.1199104718626,0.011129053736420844,2866.0,11.0
3343,22.0,186.8363859382456,186.83602270062534,440.79041779472516,440.79087098660295,180.8754971932343,180.8752400805178,1451.1199104718626,1451.1199702723075,0.020905855429399798,2866.0,11.0
3344,22.0,186.83602270062534,186.83615111568355,440.79087098660295,440.7908888913248,180.8752400805178,180.87527737990376,1451.1199702723075,1451.1199895380514,0.014539032981384394,2866.0,11.0
3345,22.0,186.8322086212591,186.83221266740333,440.7923034087445,440.79229880684807,180.8800393125672,180.8800346282749,1451.1193152918017,1451.1193178436558,0.00261708,2867.0,11.0
3346,22.0,125.27294687260901,125.27299255484539,449.5800893909226,449.5800809381015,152.25926476196437,152.25925685797716,1448.0334102581135,1448.0334193122337,0.007879882604274538,2870.0,11.0
3347,22.0,125.27293108691849,125.27293198613293,449.580089585252,449.5800906424555,152.25926738311765,152.25926213810465,1448.0334080230484,1448.0334100301677,0.002089995595204075,2871.0,11.0
3348,22.0,128.41818333716557,128.41818555302098,447.8084393955129,447.8084234039321,153.08036301081046,153.08036573550683,1448.1568837034067,1448.1568879996787,0.004179336045529781,2874.0,11.0
3349,22.0,135.39528531884403,135.39560833962577,448.23498595034215,448.23493836670775,158.30660739076023,158.30686215117805,1448.4484957066566,1448.448539392653,0.015202835748894248,2878.0,11.0
3350,22.0,135.39560833962577,135.39568954510003,448.23493836670775,448.23498296921906,158.30686215117805,158.30690706733574,1448.448539392653,1448.448555242702,0.01243580099006635,2878.0,11.0
3351,22.0,135.32487788997554,135.32520400001553,448.3329741709149,448.33284505852146,158.1511993644121,158.1505335619782,1448.455041394732,1448.4550916224582,0.004300041385082233,2879.0,11.0
3352,22.0,135.32520400001553,135.32532768957338,448.33284505852146,448.3325310043022,158.1505335619782,158.1486258965497,1448.4550916224582,1448.455223887445,0.026002078316543633,2879.0,11.0
3353,22.0,135.32532768957338,135.3244390297753,448.3325310043022,448.33236816416445,158.1486258965497,158.1491662199914,1448.455223887445,1448.4553099892514,0.013721475144552952,2879.0,11.0
3354,22.0,135.3244390297753,135.32455720714148,448.33236816416445,448.33295003470676,158.1491662199914,158.14898822257842,1448.4553099892514,1448.455368732622,0.02261148867133323,2879.0,11.0
3355,22.0,135.32455720714148,135.3246226328206,448.33295003470676,448.3329598842868,158.14898822257842,158.14891143898984,1448.455368732622,1448.4553844042655,0.012323106394256496,2879.0,11.0
3356,22.0,135.32488024433798,135.32488764519857,448.33297323521975,448.33297029389297,158.15119967794845,158.15120066353967,1448.4550422289012,1448.4550448510847,0.00268342,2880.0,11.0
3357,22.0,123.76994429221388,123.76995137719646,450.9190896700972,450.91908890910156,152.10816723530962,152.10817705095232,1447.9653029212077,1447.9653064078775,0.003475525870613263,2883.0,11.0
3358,22.0,125.27206672929921,125.27206796215327,449.191533073975,449.1915388398494,149.8943180662866,149.89431385384142,1448.071530797683,1448.071533242651,0.0025155995118469245,2884.0,11.0
3359,22.0,125.44920586969565,125.44964360477168,448.66833949147315,448.66825515515586,149.8808207029237,149.8809282816085,1448.0899716533593,1448.090006519794,0.0016719415629557132,2885.0,11.0
3360,22.0,125.44964360477168,125.45085920268075,448.66825515515586,448.6682513495448,149.8809282816085,149.88137010126502,1448.090006519794,1448.0901061001282,0.021549973034903403,2885.0,11.0
3361,22.0,125.45085920268075,125.4504027340663,448.6682513495448,448.6679934904103,149.88137010126502,149.8810687721243,1448.0901061001282,1448.0901637885208,0.014467998415815489,2885.0,11.0
3362,22.0,125.4504027340663,125.4502460821179,448.6679934904103,448.66795812379786,149.8810687721243,149.88089821743134,1448.0901637885208,1448.0901925600467,0.019957778396213266,2885.0,11.0
3363,22.0,125.44920498481699,125.44920346443817,448.6683386871904,448.6683339152681,149.88081815999087,149.8808108510563,1448.0899725345207,1448.0899753414615,0.0028562719460937945,2886.0,11.0
3364,22.0,118.08090357065714,118.08089669726996,455.1963318883031,455.19632984428944,150.945540008259,150.94552169637353,1447.7230299868029,1447.723034870164,0.004673735085938626,2888.0,11.0
3365,22.0,118.08478537370544,118.0847820233818,455.19537698976575,455.1953736592054,150.94699516031605,150.94700101211515,1447.723171261037,1447.7231737690652,0.002575570817596601,2891.0,11.0
3366,22.0,118.01881317834007,118.01879084548807,455.2297879171222,455.2295566422058,150.9323054697818,150.93228561609345,1447.7206425909585,1447.7206712669292,0.019905586153167346,2894.0,11.0
3367,22.0,118.01777586661358,118.01777425928492,455.2330108266733,455.2330123086919,150.93322689689322,150.9332195079712,1447.7207487373275,1447.7207512874843,0.002615474864140203,2897.0,11.0
3368,22.0,117.33555694355186,117.33554305498994,455.62648660846526,455.62633842709675,150.8695928433279,150.86938711015517,1447.6942020470647,1447.6942325607845,0.02090212509370772,2898.0,11.0
3369,22.0,117.33754573996393,117.33753740420237,455.6268796682284,455.62688201813427,150.8693499019162,150.86934692780096,1447.6942608678783,1447.6942637392192,0.0029160799999999997,2900.0,11.0
3370,22.0,119.17773838394012,119.1779342044578,454.6528818271912,454.652800771861,151.11596691872796,151.1158002062505,1447.7641436025783,1447.7641668101946,0.001644893375204048,2902.0,11.0
3371,22.0,119.1779342044578,119.17839810202058,454.652800771861,454.6529054594722,151.1158002062505,151.11512189819106,1447.7641668101946,1447.7642393426545,0.01865863021134247,2902.0,11.0
3372,22.0,119.17839810202058,119.17831744807313,454.6529054594722,454.65306773117754,151.11512189819106,151.11488203672576,1447.7642393426545,1447.7642738674313,0.023020491872005038,2902.0,11.0
3373,22.0,119.17773627442728,119.1777298210155,454.65288163040714,454.6528810284062,151.1159650724291,151.1159594242404,1447.7641444939193,1447.7641472432651,0.002802593831733118,2903.0,11.0
3374,22.0,122.96911103343083,122.96902440146816,452.51159704480034,452.5113656872951,149.9750234101444,149.9748483726466,1447.9105161886882,1447.9105508945054,0.02026937060562328,2906.0,11.0
3375,22.0,122.96902440146816,122.96901807964409,452.5113656872951,452.51136973172527,149.9748483726466,149.97484376790234,1447.9105508945054,1447.9105536893824,0.0028450432396585623,2906.0,11.0
3376,22.0,122.96912555455285,122.96912610588625,452.51168411071546,452.51168448688503,149.9750566857834,149.9750632377529,1447.9105064196126,1447.9105087098364,0.002367170654890561,2907.0,11.0
3377,22.0,125.95674436024528,125.95702597870797,452.16031689814133,452.16047508665713,150.058932726683,150.05875256093248,1448.0108981657543,1448.0109383653187,0.02590923920350036,2910.0,11.0
3378,22.0,127.76193025764778,127.76238658783352,450.6413179302123,450.6408585849402,151.03905711238863,151.03958882407298,1448.096102188013,1448.0961568879475,0.0014332321100190746,2911.0,11.0
3379,22.0,127.76238658783352,127.76403852833509,450.6408585849402,450.6395459698414,151.03958882407298,151.04022519089511,1448.0961568879475,1448.096301766783,0.023748950350147298,2911.0,11.0
3380,22.0,127.76403852833509,127.76458307789721,450.6395459698414,450.63988129807376,151.04022519089511,151.04143642435025,1448.096301766783,1448.0964054413341,0.02223435735580669,2911.0,11.0
3381,22.0,127.76458307789721,127.76487136958376,450.63988129807376,450.63969520455214,151.04143642435025,151.04199155514885,1448.0964054413341,1448.096466438094,0.02052242762253323,2911.0,11.0
3382,22.0,127.76487136958376,127.76476783922269,450.63969520455214,450.6398015719934,151.04199155514885,151.0419650197898,1448.096466438094,1448.0964873200694,0.015500702106444969,2911.0,11.0
3383,22.0,129.30765105452872,129.30782008993796,450.8079158424792,450.80784818514513,145.65254237202842,145.65221021342956,1448.2831110498796,1448.2831412990029,0.001800073908717667,2912.0,11.0
3384,22.0,129.30782008993796,129.3083698323049,450.80784818514513,450.8075952389804,145.65221021342956,145.65131106336858,1448.2831412990029,1448.283229198536,0.009550760622672107,2912.0,11.0
3385,22.0,129.3083698323049,129.3085036431588,450.8075952389804,450.80713260917355,145.65131106336858,145.65070089168654,1448.283229198536,1448.28329846874,0.013348044858687663,2912.0,11.0
3386,22.0,129.3085036431588,129.3088629090655,450.80713260917355,450.80727221895484,145.65070089168654,145.65064015216268,1448.28329846874,1448.283340282508,0.017890653900570992,2912.0,11.0
3387,22.0,129.3088629090655,129.3089138536959,450.80727221895484,450.8072978701891,145.65064015216268,145.65064304399078,1448.283340282508,1448.2833506665186,0.00882263696326525,2912.0,11.0
3388,22.0,128.7318667333529,128.73194267002094,451.4317768613215,451.4317960461647,146.66422892568423,146.66426320642773,1448.3271681264816,1448.3271819925155,0.011163252785579218,2913.0,11.0
3389,22.0,124.47590561748045,124.4758751775948,446.4614460963122,446.46128106568466,151.656866589258,151.65698643792996,1448.6017158954128,1448.6017421143624,0.018549216284633435,2914.0,11.0
3390,22.0,124.53614138036116,124.53627129163829,448.09846332811014,448.09883874612825,151.72952831599088,151.72907116663163,1448.656401039157,1448.6564439832757,0.0020744881771054035,2916.0,11.0
3391,22.0,124.53627129163829,124.53689532482429,448.09883874612825,448.0999764069517,151.72907116663163,151.72807906545978,1448.6564439832757,1448.6565612980214,0.018778623644549776,2916.0,11.0
3392,22.0,124.53689532482429,124.53601954920194,448.0999764069517,448.0995116179811,151.72807906545978,151.728250768021,1448.6565612980214,1448.6566446797967,0.015025062483043613,2916.0,11.0
3393,22.0,124.53601954920194,124.53593604604778,448.0995116179811,448.09950107305065,151.728250768021,151.72878373854485,1448.6566446797967,1448.6566977453813,0.023811199012769155,2916.0,11.0
3394,22.0,124.53593604604778,124.5359344084105,448.09950107305065,448.0995498462289,151.72878373854485,151.7287646910558,1448.6566977453813,1448.6567075084315,0.008386904878652016,2916.0,11.0
3395,22.0,124.5361393779018,124.53613308315293,448.09846210225703,448.0984582487769,151.72952732294553,151.72952420129857,1448.656401872524,1448.6564044922209,0.00268108,2917.0,11.0
