,event,xi,xf,yi,yf,zi,zf,ti,tf,E,ParticleID,PDG
0,87.0,115.0,114.98804015630738,475.0,473.6144993641566,150.0,149.98773371334983,0.0,0.0817025191218876,5.857385498966953,1.0,321.0
1,87.0,114.98804015630738,114.96479063404675,473.6144993641566,472.35950373124587,149.98773371334983,149.96761346407274,0.0817025191218876,0.15733877147528952,5.37765419685562,1.0,321.0
2,87.0,114.96479063404675,114.93754238867416,472.35950373124587,471.70975819251896,149.96761346407274,149.9556796709873,0.15733877147528952,0.19736873653273976,3.252941673446777,1.0,321.0
3,87.0,114.93754238867416,114.8915787110083,471.70975819251896,470.6448974675077,149.9556796709873,149.89967672937297,0.19736873653273976,0.26403605026593696,5.168583494568918,1.0,321.0
4,87.0,114.8915787110083,114.88538771545446,470.6448974675077,470.5052090995121,149.89967672937297,149.89007259591398,0.26403605026593696,0.2729941769301795,0.7619059680913296,1.0,321.0
5,87.0,114.88538771545446,114.86404820481262,470.5052090995121,469.5652716127367,149.89007259591398,149.83166817486796,0.2729941769301795,0.3335206343085084,4.707423081557953,1.0,321.0
6,87.0,114.86404820481262,114.8640154332215,469.5652716127367,469.56358562227877,149.83166817486796,149.83157726155864,0.3335206343085084,0.33363165442691806,0.009958311068004197,1.0,321.0
7,87.0,114.8640154332215,114.85064420389514,469.56358562227877,468.87244746230755,149.83157726155864,149.79128239747553,0.33363165442691806,0.3791554858068083,3.7732124488485037,1.0,321.0
8,87.0,114.85064420389514,114.8179558854072,468.87244746230755,468.09049941044213,149.79128239747553,149.75270439934542,0.3791554858068083,0.4316891510424238,4.540959710551338,1.0,321.0
9,87.0,114.8179558854072,114.77360734580816,468.09049941044213,467.38835078918976,149.75270439934542,149.72702959011397,0.4316891510424238,0.4800916143600641,4.226946965431586,1.0,321.0
10,87.0,114.77360734580816,114.72628167896653,467.38835078918976,466.7568533969775,149.72702959011397,149.71779679154116,0.4800916143600641,0.5247468140228755,3.5661446945856463,1.0,321.0
11,87.0,114.72628167896653,114.67608783516694,466.7568533969775,466.18292605513506,149.71779679154116,149.70512865751851,0.5247468140228755,0.5663143771347728,3.639265023991724,1.0,321.0
12,87.0,114.67608783516694,114.63305775246256,466.18292605513506,465.6647983752715,149.70512865751851,149.68228228904323,0.5663143771347728,0.6047992564341075,3.7894681547721754,1.0,321.0
13,87.0,114.63305775246256,114.59438513108532,465.6647983752715,465.20205950142633,149.68228228904323,149.661045078709,0.6047992564341075,0.6401454703815989,3.2082825015946246,1.0,321.0
14,87.0,114.59438513108532,114.57065226083994,465.20205950142633,464.78294600191657,149.661045078709,149.65375100031554,0.6401454703815989,0.6728906083878192,2.8216788220201416,1.0,321.0
15,87.0,114.57065226083994,114.54395415983655,464.78294600191657,464.4019996279365,149.65375100031554,149.65593720712445,0.6728906083878192,0.7033929461441006,3.294367058984691,1.0,321.0
16,87.0,114.54395415983655,114.5252138705386,464.4019996279365,464.06299490322965,149.65593720712445,149.65585137863084,0.7033929461441006,0.731332867009663,2.8388900343117633,1.0,321.0
17,87.0,114.5252138705386,114.51133577014207,464.06299490322965,463.7587728452606,149.65585137863084,149.66701432587212,0.731332867009663,0.7571152051632326,2.7311908712219974,1.0,321.0
18,87.0,114.51133577014207,114.49735956019651,463.7587728452606,463.48637982576275,149.66701432587212,149.6734698740318,0.7571152051632326,0.7808680258783668,2.6635785435892188,1.0,321.0
19,87.0,114.49735956019651,114.48289104756618,463.48637982576275,463.24362751088995,149.6734698740318,149.6759605693547,0.7808680258783668,0.8026874152319728,2.106961425402818,1.0,321.0
20,87.0,114.48289104756618,114.47268668063425,463.24362751088995,463.0230401149273,149.6759605693547,149.6764207009289,0.8026874152319728,0.8230110481051099,2.4884135460911474,1.0,321.0
21,87.0,114.47268668063425,114.46095206260763,463.0230401149273,462.8278120083708,149.6764207009289,149.68132810936385,0.8230110481051099,0.8416083158542079,2.010926195008967,1.0,321.0
22,87.0,114.46095206260763,114.45441041020877,462.8278120083708,462.65173289692905,149.68132810936385,149.68703968933661,0.8416083158542079,0.8588437860173412,1.9605696135845938,1.0,321.0
23,87.0,114.45441041020877,114.44536004206468,462.65173289692905,462.49382772060534,149.68703968933661,149.69374907425552,0.8588437860173412,0.8747815942525836,1.9484179686965746,1.0,321.0
24,87.0,114.44536004206468,114.4319546326141,462.49382772060534,462.35327321754437,149.69374907425552,149.6993947068658,0.8747815942525836,0.8894605106890773,1.7750499232803072,1.0,321.0
25,87.0,114.4319546326141,114.42140383272965,462.35327321754437,462.22734669409726,149.6993947068658,149.70686748990556,0.8894605106890773,0.903020559973237,1.546768234150772,1.0,321.0
26,87.0,114.42140383272965,114.40995339860747,462.22734669409726,462.11383299472664,149.70686748990556,149.71495778824192,0.903020559973237,0.9156286331804476,1.5275748270327765,1.0,321.0
27,87.0,114.40995339860747,114.39578046311632,462.11383299472664,462.0123715292061,149.71495778824192,149.72442684495007,0.9156286331804476,0.9273185591850288,1.642860222797706,1.0,321.0
28,87.0,114.39578046311632,114.37923458251396,462.0123715292061,461.92319520372456,149.72442684495007,149.73359840492722,0.9273185591850288,0.9380465201832342,1.222557916514533,1.0,321.0
29,87.0,114.37923458251396,114.36474763609537,461.92319520372456,461.84207881604516,149.73359840492722,149.74244477118336,0.9380465201832342,0.9480766784771714,1.3007493352603197,1.0,321.0
30,87.0,114.36474763609537,114.34896289625412,461.84207881604516,461.76971433553916,149.74244477118336,149.7502247770114,0.9480766784771714,0.9573826200810889,1.1660174703606796,1.0,321.0
31,87.0,114.34896289625412,114.33453051678244,461.76971433553916,461.7042930564865,149.7502247770114,149.75687389032527,0.9573826200810889,0.966057305036411,1.1751217983099835,1.0,321.0
32,87.0,114.33453051678244,114.32834537094163,461.7042930564865,461.6756317619723,149.75687389032527,149.75913117432881,0.966057305036411,0.9699744342677276,0.4668465007129648,1.0,321.0
33,87.0,114.93754238867416,114.93970002000208,471.70975819251896,471.7042466986362,149.9556796709873,149.95665934933822,0.19736873653273976,0.19763101287286594,0.010723850990478066,2.0,11.0
34,87.0,114.93970002000208,114.94325151564229,471.7042466986362,471.6935497734277,149.95665934933822,149.9597874179114,0.19763101287286594,0.1981475430293719,0.03693131349670335,2.0,11.0
35,87.0,114.94325151564229,114.95244168983945,471.6935497734277,471.69279902062715,149.9597874179114,149.9619220223493,0.1981475430293719,0.19858250109156636,0.04574651720373857,2.0,11.0
36,87.0,114.95244168983945,114.95112665780304,471.69279902062715,471.699569075444,149.9619220223493,149.96231658079776,0.19858250109156636,0.1989212486763057,0.018330182746636538,2.0,11.0
37,87.0,114.95112665780304,114.95680189207398,471.699569075444,471.6980959374695,149.96231658079776,149.96125701236815,0.1989212486763057,0.1992231841455116,0.023822581838072805,2.0,11.0
38,87.0,114.95680189207398,114.95711283338201,471.6980959374695,471.7018540808566,149.96125701236815,149.95829266632296,0.1992231841455116,0.1994789578947981,0.027824725163365944,2.0,11.0
39,87.0,114.95711283338201,114.95691463283875,471.7018540808566,471.7050013764004,149.95829266632296,149.95665532452395,0.1994789578947981,0.19968340114153857,0.021211571953306557,2.0,11.0
40,87.0,114.95691463283875,114.95877486614548,471.7050013764004,471.7067090627932,149.95665532452395,149.95759073504368,0.19968340114153857,0.19985054745906486,0.011078371718195805,2.0,11.0
41,87.0,114.95877486614548,114.95950669540693,471.7067090627932,471.7069034697532,149.95759073504368,149.95973312156448,0.19985054745906486,0.19999860570737835,0.013665677114820352,2.0,11.0
42,87.0,114.95950669540693,114.9608671287436,471.7069034697532,471.7057701945538,149.95973312156448,149.95990774513578,0.19999860570737835,0.20012318203470908,0.015355392711303036,2.0,11.0
43,87.0,114.9608671287436,114.96142164639559,471.7057701945538,471.70464444515983,149.95990774513578,149.95994634238713,0.20012318203470908,0.20022069949473478,0.012299506524030097,2.0,11.0
44,87.0,114.96142164639559,114.9612236045493,471.70464444515983,471.70542450247893,149.95994634238713,149.9602368764635,0.20022069949473478,0.20029494296941883,0.014596902860829278,2.0,11.0
45,87.0,114.9612236045493,114.96150040919038,471.70542450247893,471.70566306379953,149.9602368764635,149.9604479952936,0.20029494296941883,0.2003392393168689,0.016226946493945283,2.0,11.0
46,87.0,114.96150040919038,114.9614627852441,471.70566306379953,471.70560150784456,149.9604479952936,149.96050643327789,0.2003392393168689,0.2003539513520598,0.011711955444951069,2.0,11.0
47,87.0,114.88538771545446,114.8856022886117,470.5052090995121,470.49615322253084,149.89007259591398,149.89163139302815,0.2729941769301795,0.27337041664815637,0.017100677201524285,3.0,11.0
48,87.0,114.8856022886117,114.88739825348746,470.49615322253084,470.47907418676016,149.89163139302815,149.89347078511202,0.27337041664815637,0.2740846454840193,0.04344313118639217,3.0,11.0
49,87.0,114.88739825348746,114.88933449423749,470.47907418676016,470.4743579950268,149.89347078511202,149.9068767104342,0.2740846454840193,0.27469584905440053,0.04934069665077776,3.0,11.0
50,87.0,114.88933449423749,114.88526532630256,470.4743579950268,470.472653919425,149.9068767104342,149.91717028297813,0.27469584905440053,0.2751943360556256,0.028156736676787565,3.0,11.0
51,87.0,114.88526532630256,114.88474395086021,470.472653919425,470.47641949943517,149.91717028297813,149.92588436547663,0.2751943360556256,0.27563086684574434,0.019275331333584434,3.0,11.0
52,87.0,114.88474395086021,114.88734973637187,470.47641949943517,470.47317708087473,149.92588436547663,149.93317960551724,0.27563086684574434,0.27602611648030484,0.031739173985607945,3.0,11.0
53,87.0,114.88734973637187,114.88982159177574,470.47317708087473,470.47385992225134,149.93317960551724,149.9393350775103,0.27602611648030484,0.2763556433364893,0.023779647431668653,3.0,11.0
54,87.0,114.88982159177574,114.89103865206349,470.47385992225134,470.47636186677425,149.9393350775103,149.94403386043712,0.2763556433364893,0.27663797897746384,0.04321106105350457,3.0,11.0
55,87.0,114.89103865206349,114.89440464979494,470.47636186677425,470.47571249358515,149.94403386043712,149.94467543198795,0.27663797897746384,0.2768396373399878,0.015133728236578554,3.0,11.0
56,87.0,114.89440464979494,114.89287612303296,470.47571249358515,470.4734547112895,149.94467543198795,149.94377934885722,0.2768396373399878,0.2770146248032113,0.019009974409786145,3.0,11.0
57,87.0,114.89287612303296,114.8946053845265,470.4734547112895,470.4726059542589,149.94377934885722,149.94283223357155,0.2770146248032113,0.2771568264221963,0.015599682019743388,3.0,11.0
58,87.0,114.8946053845265,114.89552075886157,470.4726059542589,470.4713128713428,149.94283223357155,149.94300443038685,0.2771568264221963,0.2772721289906023,0.013420570938348156,3.0,11.0
59,87.0,114.89552075886157,114.89511906057953,470.4713128713428,470.4710806679932,149.94300443038685,149.9440491981792,0.2772721289906023,0.27736340771665635,0.020654973004276257,3.0,11.0
60,87.0,114.89511906057953,114.8950990440256,470.4710806679932,470.4710026540952,149.9440491981792,149.944541771289,0.27736340771665635,0.27741352040124345,0.017989572101265512,3.0,11.0
61,87.0,114.8950990440256,114.89515331023142,470.4710026540952,470.4709319038232,149.944541771289,149.94448088026385,0.27741352040124345,0.27742992275587036,0.012782855213911027,3.0,11.0
62,87.0,114.32834537094163,114.32443699014262,461.6756317619723,461.66614390853,149.75913117432881,149.7765749833392,0.9699744342677276,0.9740511179905309,0.7736395521546159,4.0,321.0
63,87.0,114.32443699014262,114.32058141405848,461.66614390853,461.6567424491738,149.7765749833392,149.79141808681737,0.9740511179905309,0.9779061631598343,0.6655689450018049,4.0,321.0
64,87.0,114.32058141405848,114.31612117034362,461.6567424491738,461.6464854073746,149.79141808681737,149.80330432548837,0.9779061631598343,0.981593051577192,0.7447688434583837,4.0,321.0
65,87.0,114.31612117034362,114.31186293055468,461.6464854073746,461.63723420504795,149.80330432548837,149.81367084127027,0.981593051577192,0.9851209823218174,0.6984871461891861,4.0,321.0
66,87.0,114.31186293055468,114.30773986880736,461.63723420504795,461.6289692472691,149.81367084127027,149.82280124296457,0.9851209823218174,0.9885327440774772,0.8005406823364325,4.0,321.0
67,87.0,114.30773986880736,114.30426837830603,461.6289692472691,461.6213286173491,149.82280124296457,149.83042480156456,0.9885327440774772,0.9918560697329193,0.7448889315016879,4.0,321.0
68,87.0,114.30426837830603,114.30115885351547,461.6213286173491,461.6144459226933,149.83042480156456,149.83659939485563,0.9918560697329193,0.9951345306103903,0.8573159460417266,4.0,321.0
69,87.0,114.30115885351547,114.29731566098121,461.6144459226933,461.6090141367684,149.83659939485563,149.84034774837178,0.9951345306103903,0.9982811529053155,0.9832538608035919,4.0,321.0
70,87.0,114.29731566098121,114.29629334347378,461.6090141367684,461.6073026938946,149.84034774837178,149.84129906448538,0.9982811529053155,0.9997266595886088,0.5163290629885773,4.0,321.0
71,87.0,114.29629334347378,114.29615542340314,461.6073026938946,461.6071297007643,149.84129906448538,149.8413648355328,0.9997266595886088,1.0000671597808761,0.11706512147158714,4.0,321.0
72,87.0,114.29615542340314,114.29614905054147,461.6071297007643,461.6071195443468,149.8413648355328,149.84136685210407,1.0000671597808761,1.0001336573248312,0.009182121316081274,4.0,321.0
73,87.0,114.32834537094163,114.32834215909068,461.6756317619723,461.6756048026562,149.75913117432881,149.7591094553198,0.9699744342677276,0.9703659861813257,0.1632467186282156,8.0,1000180400.0
74,87.0,116.3236013551031,116.3240919579788,462.292435144497,462.2925600232841,145.5333128604342,145.53295059065022,1.1272187621711447,1.1272776897144539,0.03502346575554943,9.0,11.0
75,87.0,116.54392233189535,116.54393149227762,462.1296069300621,462.1295508500827,146.9968122751083,146.9969364482742,1.1768640522835216,1.1768834873843625,0.014640727839208539,10.0,11.0
76,87.0,116.63095834991498,116.63135627377349,462.0880109093567,462.087886383909,146.24614013443215,146.24575818627886,1.2021022801031216,1.202143015590296,0.003180403670392938,12.0,11.0
77,87.0,116.63135627377349,116.63254595408486,462.087886383909,462.0879493917888,146.24575818627886,146.2448338674305,1.202143015590296,1.2022539280425595,0.012419874576577252,12.0,11.0
78,87.0,116.63254595408486,116.632142864255,462.0879493917888,462.08693257792345,146.2448338674305,146.24481463215417,1.2022539280425595,1.2023424097108124,0.016863495344960976,12.0,11.0
79,87.0,116.632142864255,116.63263323728525,462.08693257792345,462.08667181544354,146.24481463215417,146.24471363883646,1.2023424097108124,1.2023972630602306,0.017389298777229827,12.0,11.0
80,87.0,116.63263323728525,116.63269186386708,462.08667181544354,462.0868134839564,146.24471363883646,146.2447033173385,1.2023972630602306,1.2024184334792454,0.015670358111286684,12.0,11.0
81,87.0,116.62954707964536,116.62954980843881,462.0883078564428,462.08831315041,146.2470915882253,146.24708682208873,1.202160537973818,1.2021630705190913,0.0025988084546085173,15.0,11.0
82,87.0,116.38912408735874,116.40051155947522,460.2120649499263,460.20751457286576,149.06734933708145,149.06603289120252,1.0573873149328004,1.0578666563709107,0.01789288289023029,18.0,11.0
83,87.0,116.40051155947522,116.42324193617,460.20751457286576,460.19637999789427,149.06603289120252,149.06335058128684,1.0578666563709107,1.0588624814673016,0.06128804737654688,18.0,11.0
84,87.0,116.42324193617,116.44242699929069,460.19637999789427,460.18820269677946,149.06335058128684,149.06521594342925,1.0588624814673016,1.0597038206100344,0.04340278340156175,18.0,11.0
85,87.0,116.44242699929069,116.4520704772593,460.18820269677946,460.19853066890244,149.06521594342925,149.07614556147783,1.0597038206100344,1.0604387128333372,0.03545507706201983,18.0,11.0
86,87.0,116.4520704772593,116.44804211695255,460.19853066890244,460.1983069184001,149.07614556147783,149.09105071780422,1.0604387128333372,1.0610887598932468,0.04760047207687611,18.0,11.0
87,87.0,116.44804211695255,116.44345458679734,460.1983069184001,460.2043994295394,149.09105071780422,149.10075084542302,1.0610887598932468,1.061628442005075,0.09131472527612938,18.0,11.0
88,87.0,116.44345458679734,116.44541272660891,460.2043994295394,460.20768397542736,149.10075084542302,149.10660565077444,1.061628442005075,1.0619704541934922,0.023613742062488095,18.0,11.0
89,87.0,116.44541272660891,116.44762268548985,460.20768397542736,460.2121121367588,149.10660565077444,149.10957835971584,1.0619704541934922,1.0622651253390276,0.03440136555522127,18.0,11.0
90,87.0,116.44762268548985,116.45165545326043,460.2121121367588,460.21280625361777,149.10957835971584,149.11022880297952,1.0622651253390276,1.0624942353621394,0.0184064223715251,18.0,11.0
91,87.0,116.45165545326043,116.45286154068219,460.21280625361777,460.2141783706567,149.11022880297952,149.1074206871615,1.0624942353621394,1.0626900326077184,0.05534088988836428,18.0,11.0
92,87.0,116.45286154068219,116.45339453333527,460.2141783706567,460.21535634415113,149.1074206871615,149.10741897119124,1.0626900326077184,1.0627895879823503,0.012674442259368576,18.0,11.0
93,87.0,116.45339453333527,116.45390040284198,460.21535634415113,460.21586116729094,149.10741897119124,149.10793178927207,1.0627895879823503,1.0628653226849798,0.014554704551824775,18.0,11.0
94,87.0,116.45390040284198,116.45427231879953,460.21586116729094,460.2156331058969,149.10793178927207,149.10785409842026,1.0628653226849798,1.0629112382199881,0.019658571436697705,18.0,11.0
95,87.0,116.45427231879953,116.45426907337651,460.2156331058969,460.2155798151222,149.10785409842026,149.10782688453978,1.0629112382199881,1.062921985658213,0.00907419428529338,18.0,11.0
96,87.0,128.59752931641822,128.62862641357881,455.32961154749654,455.31549038695965,150.5909698484139,150.60644964212923,1.498909425354017,1.5002298278534727,0.06885968406703884,20.0,11.0
97,87.0,128.62862641357881,128.67945803588555,455.31549038695965,455.27759320043896,150.60644964212923,150.63954010820842,1.5002298278534727,1.5027616531542765,0.12943454761218323,20.0,11.0
98,87.0,128.67945803588555,128.68364427783206,455.27759320043896,455.2284963891536,150.63954010820842,150.67365911780573,1.5027616531542765,1.5049098412761044,0.13692512173525562,20.0,11.0
99,87.0,128.68364427783206,128.68083701239908,455.2284963891536,455.18104908154993,150.67365911780573,150.68076683403774,1.5049098412761044,1.506663742779657,0.09539883477155146,20.0,11.0
100,87.0,128.68083701239908,128.65454620779573,455.18104908154993,455.1521474376271,150.68076683403774,150.67185885322647,1.506663742779657,1.5081514312089968,0.08926056913675816,20.0,11.0
101,87.0,128.65454620779573,128.66384699583165,455.1521474376271,455.1294551116741,150.67185885322647,150.64995811320767,1.5081514312089968,1.5093980796128577,0.09456810368147218,20.0,11.0
102,87.0,128.66384699583165,128.66610954309664,455.1294551116741,455.1046907040719,150.64995811320767,150.64370788297066,1.5093980796128577,1.51040030854836,0.04941398383373377,20.0,11.0
103,87.0,128.66610954309664,128.67869900836524,455.1046907040719,455.1090375470497,150.64370788297066,150.6262222675986,1.51040030854836,1.5112774740208597,0.07104907326771853,20.0,11.0
104,87.0,128.67869900836524,128.67982293913815,455.1090375470497,455.1007665572341,150.6262222675986,150.6114730686027,1.5112774740208597,1.5119803761545993,0.08100239321474131,20.0,11.0
105,87.0,128.67982293913815,128.69063191709967,455.1007665572341,455.10458526228433,150.6114730686027,150.60947655495386,1.5119803761545993,1.5124947063354515,0.04030017390654741,20.0,11.0
106,87.0,128.69063191709967,128.69427033425248,455.10458526228433,455.10792085786704,150.60947655495386,150.60169955717964,1.5124947063354515,1.5129202788928953,0.0684230836857971,20.0,11.0
107,87.0,128.69427033425248,128.69152090098953,455.10792085786704,455.1114094875846,150.60169955717964,150.59841465339773,1.5129202788928953,1.5132051416760832,0.018749227911555352,20.0,11.0
108,87.0,128.69152090098953,128.6870389677421,455.1114094875846,455.112558036096,150.59841465339773,150.59831876674306,1.5132051416760832,1.5134540775390135,0.02015729385310879,20.0,11.0
109,87.0,128.6870389677421,128.68984469239993,455.112558036096,455.1129582174036,150.59831876674306,150.6007378262329,1.5134540775390135,1.5136658108735264,0.019341383308581758,20.0,11.0
110,87.0,128.68984469239993,128.69107515645027,455.1129582174036,455.1156119963142,150.6007378262329,150.60076644802447,1.5136658108735264,1.5138432265351436,0.016446034279016187,20.0,11.0
111,87.0,128.69107515645027,128.68907838888765,455.1156119963142,455.1159431401018,150.60076644802447,150.60184340248637,1.5138432265351436,1.5139922306790312,0.022266216550561654,20.0,11.0
112,87.0,128.68907838888765,128.68777379289637,455.1159431401018,455.11609654129063,150.60184340248637,150.60111718387574,1.5139922306790312,1.514102786366151,0.011355349382144712,20.0,11.0
113,87.0,128.68777379289637,128.68763253891933,455.11609654129063,455.11719671541175,150.60111718387574,150.60094741253,1.514102786366151,1.5141928740375579,0.01870970765794029,20.0,11.0
114,87.0,128.68763253891933,128.68743992060473,455.11719671541175,455.1168794679817,150.60094741253,150.60133419410232,1.5141928740375579,1.5142456847624235,0.021748776066900847,20.0,11.0
115,87.0,128.68743992060473,128.68737373456617,455.1168794679817,455.1168689298755,150.60133419410232,150.60130099859774,1.5142456847624235,1.5142582812601415,0.010326443220385093,20.0,11.0
116,87.0,128.51888199847807,128.51905160393508,463.91074184927504,463.91076277051434,152.98790079341117,152.98775530905692,1.7961217138345766,1.7961496000267791,0.01947261149197544,21.0,11.0
117,87.0,128.15887452963858,128.1587484956966,465.20659159437446,465.2083832094193,154.1952760460663,154.1965499079874,1.8563996489992038,1.856515552097109,0.006144773947746569,23.0,11.0
118,87.0,128.1587484956966,128.15676031788198,465.2083832094193,465.21244251172646,154.1965499079874,154.19807696207397,1.856515552097109,1.8567702913844666,0.09399609896837881,23.0,11.0
119,87.0,128.15676031788198,128.15620479472628,465.21244251172646,465.2128136517057,154.19807696207397,154.19723113959188,1.8567702913844666,1.8568578475132038,0.017488701067783826,23.0,11.0
120,87.0,128.15620479472628,128.15578431552706,465.2128136517057,465.2124886353664,154.19723113959188,154.19725906121758,1.8568578475132038,1.8569103783434662,0.02665577577886233,23.0,11.0
121,87.0,128.15578431552706,128.15578293311822,465.2124886353664,465.2124925058768,154.19725906121758,154.19723532240363,1.8569103783434662,1.8569160094605648,0.005284461177869307,23.0,11.0
122,87.0,128.96687527060692,128.96696750786606,463.85757424623415,463.8574937845174,153.2527853518984,153.2527327546845,1.9175520712144203,1.917565553737222,0.0011254478869288475,24.0,11.0
123,87.0,128.96696750786606,128.96739730856,463.8574937845174,463.8573915434649,153.2527327546845,153.25263023159545,1.917565553737222,1.9176122590037734,0.01772134619844796,24.0,11.0
124,87.0,128.96739730856,128.9674440432711,463.8573915434649,463.85731652084706,153.25263023159545,153.2526241419401,1.9176122590037734,1.917626484528331,0.011397347756033294,24.0,11.0
125,87.0,132.2209124119033,132.22097572304398,472.01171437948125,472.01171942210647,153.40469534973784,153.40462737751596,2.2104510415314538,2.210465774582843,0.011725430816780041,27.0,11.0
126,87.0,132.18857421600657,132.18857874348205,472.1004145051879,472.100434121791,153.6948122305366,153.6948150885981,2.2206241919696597,2.22062919106593,0.004769413558451806,28.0,11.0
127,87.0,132.00151694039513,132.00191921614575,470.7556945564599,470.7550831274569,155.84408052469936,155.84379011795548,2.305420135036433,2.3054726193869253,0.002888220630016333,29.0,11.0
128,87.0,132.00191921614575,132.00335483981456,470.7550831274569,470.7543494006509,155.84379011795548,155.8426110744877,2.3054726193869253,2.305607763046277,0.012522012110869752,29.0,11.0
129,87.0,132.00335483981456,132.00182638165666,470.7543494006509,470.75407396849005,155.8426110744877,155.84248616459803,2.305607763046277,2.3057212554043787,0.06381292322434517,29.0,11.0
130,87.0,132.00151824930705,132.00152230684327,470.75569579688016,470.75570068008767,155.84408221100625,155.84408573452862,2.3054209421388965,2.305423390524423,0.0025188574139527365,30.0,11.0
131,87.0,109.01809327713147,109.0164815937953,467.1369717750804,467.14861804728633,264.49153082999476,264.58910101451994,4.805460938903943,4.8087479878649235,0.20190833782084486,33.0,11.0
132,87.0,109.0164815937953,108.92205063805935,467.14861804728633,467.22758332664336,264.58910101451994,265.0726834170988,4.8087479878649235,4.825459862085233,1.1554066453360492,33.0,11.0
133,87.0,108.92205063805935,108.88171897049895,467.22758332664336,467.5364982896934,265.0726834170988,265.2857495419927,4.825459862085233,4.8381292849546975,0.8885574957542661,33.0,11.0
134,87.0,108.88171897049895,108.69456286865417,467.5364982896934,467.62813280144894,265.2857495419927,265.4798543421478,4.8381292849546975,4.847721912650834,0.6189923377295532,33.0,11.0
135,87.0,108.69456286865417,108.53133083870482,467.62813280144894,467.77661066429863,265.4798543421478,265.4660626437713,4.847721912650834,4.855202152449761,0.4593419578930684,33.0,11.0
136,87.0,108.53133083870482,108.38346643041818,467.77661066429863,467.86642439709055,265.4660626437713,265.4894762713842,4.855202152449761,4.86114192796706,0.3413498203258954,33.0,11.0
137,87.0,108.38346643041818,108.32111993835129,467.86642439709055,467.9135670501012,265.4894762713842,265.6064116287141,4.86114192796706,4.865959182088301,0.28035142515190037,33.0,11.0
138,87.0,108.32111993835129,108.29190298771687,467.9135670501012,468.0221904026521,265.6064116287141,265.6204621659659,4.865959182088301,4.869874058814533,0.23296472008145477,33.0,11.0
139,87.0,108.29190298771687,108.21076939195457,468.0221904026521,468.0633049828533,265.6204621659659,265.62751012360246,4.869874058814533,4.873057593440674,0.18642813131271269,33.0,11.0
140,87.0,108.21076939195457,108.21191096948175,468.0633049828533,468.104333135385,265.62751012360246,265.6890746409259,4.873057593440674,4.875671219246827,0.13403928292187398,33.0,11.0
141,87.0,108.21191096948175,108.25324952825227,468.104333135385,468.13132549189197,265.6890746409259,265.7264700303946,4.875671219246827,4.877885692933613,0.1276193004366945,33.0,11.0
142,87.0,108.25324952825227,108.29619249198171,468.13132549189197,468.15540109108605,265.7264700303946,265.73893893715314,4.877885692933613,4.879730272243685,0.10549159607486172,33.0,11.0
143,87.0,108.29619249198171,108.33240475347517,468.15540109108605,468.1538854618715,265.73893893715314,265.75991271349466,4.879730272243685,4.881278135710943,0.09565721917880661,33.0,11.0
144,87.0,108.33240475347517,108.33772527414528,468.1538854618715,468.12744237234165,265.75991271349466,265.7807769994769,4.881278135710943,4.882565804742015,0.08848593762586675,33.0,11.0
145,87.0,108.33772527414528,108.36300079112125,468.12744237234165,468.1176930461068,265.7807769994769,265.7838868350974,4.882565804742015,4.883623304893531,0.08173491529869802,33.0,11.0
146,87.0,108.36300079112125,108.38122626792085,468.1176930461068,468.1088347199795,265.7838868350974,265.7900990943397,4.883623304893531,4.884473480406656,0.07839037257456792,33.0,11.0
147,87.0,108.38122626792085,108.37752121502906,468.1088347199795,468.1028094638408,265.7900990943397,265.8041289465667,4.884473480406656,4.8851330519544796,0.05118501703816903,33.0,11.0
148,87.0,108.37752121502906,108.37139168253286,468.1028094638408,468.10937181101656,265.8041289465667,265.8126322955202,4.8851330519544796,4.885673732335128,0.03246436344509473,33.0,11.0
149,87.0,108.37139168253286,108.36560967827681,468.10937181101656,468.11288308816677,265.8126322955202,265.8204834046021,4.885673732335128,4.886141753584256,0.13246762308498589,33.0,11.0
150,87.0,108.36560967827681,108.36535106070282,468.11288308816677,468.11618660160127,265.8204834046021,265.81940176948353,4.886141753584256,4.886343331413905,0.017230520314987997,33.0,11.0
151,87.0,108.36535106070282,108.3672651523124,468.11618660160127,468.11737964156663,265.81940176948353,265.81776679614666,4.886343331413905,4.88651459984248,0.015141749038642616,33.0,11.0
152,87.0,108.3672651523124,108.3688244932151,468.11737964156663,468.1189456769292,265.81776679614666,265.8177572572753,4.88651459984248,4.886659766646427,0.014734957101924335,33.0,11.0
153,87.0,108.3688244932151,108.3699558547434,468.1189456769292,468.1194649768264,265.8177572572753,265.81889012674617,4.886659766646427,4.886779580191468,0.01242140851457291,33.0,11.0
154,87.0,108.3699558547434,108.3691426446226,468.1194649768264,468.1202424071039,265.81889012674617,265.8183193263202,4.886779580191468,4.886877428340437,0.01563541041033922,33.0,11.0
155,87.0,108.3691426446226,108.36929006304509,468.1202424071039,468.12095147217576,265.8183193263202,265.8185364025728,4.886877428340437,4.886945319559166,0.03806825268244818,33.0,11.0
156,87.0,108.36929006304509,108.36929071332345,468.12095147217576,468.12095136205335,265.8185364025728,265.81853900873074,4.886945319559166,4.886946572383704,0.0013140190584516737,33.0,11.0
157,87.0,108.970767223339,108.97075687362027,466.99423348370067,466.9939811384813,264.3265432431136,264.32681225719625,4.8129073327246665,4.8129352918645525,0.00187631257559537,35.0,11.0
158,87.0,108.97075687362027,108.97035464237595,466.9939811384813,466.9934054980703,264.32681225719625,264.32790872118244,4.8129352918645525,4.813035341000049,0.018438203140359894,35.0,11.0
159,87.0,108.97035464237595,108.96988515929988,466.9934054980703,466.9936077302403,264.32790872118244,264.32742050399224,4.813035341000049,4.8130999939416395,0.01497165831384279,35.0,11.0
160,87.0,108.96988515929988,108.96964517679164,466.9936077302403,466.9936443690525,264.32742050399224,264.32759017662494,4.8130999939416395,4.813134144540772,0.021549729888489293,35.0,11.0
161,87.0,108.96964517679164,108.96964708471187,466.9936443690525,466.9936427709889,264.32759017662494,264.32759083727535,4.813134144540772,4.8131353621082775,0.0012762287389620208,35.0,11.0
162,87.0,104.08163912714,104.08098948231199,469.03593224835066,469.0362662534145,259.3024354933824,259.30203165088477,5.057006672704141,5.057061360340928,0.00237297283451792,38.0,11.0
163,87.0,104.08098948231199,104.07940630921046,469.0362662534145,469.03726660853397,259.30203165088477,259.30099158962486,5.057061360340928,5.057203355345022,0.011249276257731984,38.0,11.0
164,87.0,104.07940630921046,104.07951908790487,469.03726660853397,469.0387218675617,259.30099158962486,259.30004396980183,5.057203355345022,5.057326008824761,0.02546426513643726,38.0,11.0
165,87.0,104.07951908790487,104.08018328097789,469.0387218675617,469.03849551962213,259.30004396980183,259.30059151938184,5.057326008824761,5.057402387868877,0.013586351141934279,38.0,11.0
166,87.0,104.08018328097789,104.08030399328231,469.03849551962213,469.0380987325549,259.30059151938184,259.30082994208186,5.057402387868877,5.057450962277874,0.014233009737013842,38.0,11.0
167,87.0,104.08030399328231,104.08024592273632,469.0380987325549,469.0382046408925,259.30082994208186,259.3007315490687,5.057450962277874,5.057472344214966,0.01579441247119895,38.0,11.0
168,87.0,104.08163940433185,104.08164168311939,469.03593215535403,469.0359259937566,259.3024377838005,259.30243883930405,5.057007427531828,5.057009733852393,0.002382703951974912,39.0,11.0
169,87.0,104.06665031954226,104.06621757718048,468.27920330233644,468.278479931902,259.1835929927014,259.1831050137834,5.082578565709324,5.082660034485471,0.022835252405724375,42.0,11.0
170,87.0,104.06621757718048,104.06603915577992,468.278479931902,468.2784464394407,259.1831050137834,259.18335522779654,5.082660034485471,5.082695273590587,0.01829733602961386,42.0,11.0
171,87.0,104.06603915577992,104.06603534831929,468.2784464394407,468.2784436502155,259.18335522779654,259.18337739425164,5.082695273590587,5.082700667946419,0.005092998897264667,42.0,11.0
172,87.0,103.93103614745648,103.93100856366775,471.3986522150916,471.39871874733336,255.82566722574538,255.82560587602256,5.235494974989406,5.2355057771953115,0.0014677869357587674,44.0,11.0
173,87.0,103.93100856366775,103.93093275472697,471.39871874733336,471.39894752341445,255.82560587602256,255.82547508675893,5.2355057771953115,5.235538053859659,0.01661692081966043,44.0,11.0
174,87.0,103.93093275472697,103.93095096379534,471.39894752341445,471.39896241215484,255.82547508675893,255.82547260171836,5.235538053859659,5.235543612499783,0.005226037138224643,44.0,11.0
175,87.0,105.45286550070905,105.45284322961717,470.2261953059651,470.22618892436867,258.07373820412755,258.0737646578615,5.334135412420891,5.334142766245673,0.006626898205938918,45.0,11.0
176,87.0,105.74584759492545,105.74665240946288,470.25395912829583,470.25308591433105,257.9314135084354,257.9307282632989,5.345060920867492,5.345164667674047,0.01939537297850984,46.0,11.0
177,87.0,105.74665240946288,105.74660070078858,470.25308591433105,470.25319736089193,257.9307282632989,257.9299974122145,5.345164667674047,5.34523158178505,0.015452029130121512,46.0,11.0
178,87.0,105.74660070078858,105.74635799722702,470.25319736089193,470.2533647180365,257.9299974122145,257.9300949567312,5.34523158178505,5.345266937568194,0.018317127808519743,46.0,11.0
179,87.0,105.74635799722702,105.74633667478756,470.2533647180365,470.2533611777095,257.9300949567312,257.9301027071933,5.345266937568194,5.345272381740523,0.005133430178477189,46.0,11.0
180,87.0,105.74546967863084,105.74547194988631,470.25423345090604,470.2542368461968,257.93151785678515,257.93151167851425,5.345025727454281,5.345028209334931,0.00255074,47.0,11.0
181,87.0,109.0164815937953,109.02977885925375,467.14861804728633,467.1287308616196,264.58910101451994,264.6125225058926,4.8087479878649235,4.80993221311826,0.052336431310751164,52.0,11.0
182,87.0,109.02977885925375,109.04841186700017,467.1287308616196,467.08719823692155,264.6125225058926,264.6626286722736,4.80993221311826,4.812337505070128,0.2027513400995452,52.0,11.0
183,87.0,109.04841186700017,109.07351440482834,467.08719823692155,467.0473360974323,264.6626286722736,264.6790074356272,4.812337505070128,4.8141517662053435,0.16597144266758093,52.0,11.0
184,87.0,109.07351440482834,109.09921560746861,467.0473360974323,467.02538485598126,264.6790074356272,264.66643251204465,4.8141517662053435,4.815505259180341,0.07150203913101935,52.0,11.0
185,87.0,109.09921560746861,109.11628120430377,467.02538485598126,467.0036246847265,264.66643251204465,264.65377771567495,4.815505259180341,4.816668808114243,0.0810179085428827,52.0,11.0
186,87.0,109.11628120430377,109.13448485644271,467.0036246847265,466.98755432682884,264.65377771567495,264.65454747202045,4.816668808114243,4.8176251651647375,0.06856840361432884,52.0,11.0
187,87.0,109.13448485644271,109.13990144958055,466.98755432682884,466.9690206420905,264.65454747202045,264.6548607617521,4.8176251651647375,4.818410329249882,0.058455298156652645,52.0,11.0
188,87.0,109.13990144958055,109.14732531147368,466.9690206420905,466.957426281946,264.6548607617521,264.64822571489196,4.818410329249882,4.819054783237782,0.2217465756747749,52.0,11.0
189,87.0,109.14732531147368,109.15029827489016,466.957426281946,466.95767719975294,264.64822571489196,264.6480010362868,4.819054783237782,4.8192351151767765,0.019045264433779754,52.0,11.0
190,87.0,109.15029827489016,109.14858749911716,466.95767719975294,466.9580096699523,264.6480010362868,264.64656494545426,4.8192351151767765,4.819382523744805,0.01390348903532512,52.0,11.0
191,87.0,109.14858749911716,109.14794685227676,466.9580096699523,466.9569396386361,264.64656494545426,264.6453264484527,4.819382523744805,4.819506036507688,0.011065878424854387,52.0,11.0
192,87.0,109.14794685227676,109.14845436531138,466.9569396386361,466.955710022564,264.6453264484527,264.6456866743191,4.819506036507688,4.819610160071226,0.029949351226814736,52.0,11.0
193,87.0,109.14845436531138,109.14882280071927,466.955710022564,466.9558153535878,264.6456866743191,264.645473495253,4.819610160071226,4.819655722098491,0.020931934608091993,52.0,11.0
194,87.0,109.14882280071927,109.14883342336604,466.9558153535878,466.9558553403614,264.645473495253,264.6454568413685,4.819655722098491,4.81966442825305,0.007627820323397729,52.0,11.0
195,87.0,114.29614905054147,114.66475463253805,461.6071195443468,460.5615264080949,149.84136685210407,148.47408053598863,4.22294410673845,4.2816632521088005,3.198477103669801,53.0,-11.0
196,87.0,114.66475463253805,114.70423125679528,460.5615264080949,460.4577481071368,148.47408053598863,148.32093065848773,4.2816632521088005,4.28797338231285,0.3327677177546492,53.0,-11.0
197,87.0,114.70423125679528,114.71844271581683,460.4577481071368,460.416530244347,148.32093065848773,148.25891076943532,4.28797338231285,4.290502287964973,0.13113298648500535,53.0,-11.0
198,87.0,114.71844271581683,114.84657378000445,460.416530244347,460.02196243923044,148.25891076943532,147.69067156905444,4.290502287964973,4.313971605124794,1.4965732360104116,53.0,-11.0
199,87.0,114.84657378000445,114.9143725166387,460.02196243923044,459.782153843585,147.69067156905444,147.40526254945954,4.313971605124794,4.326610868969614,0.6808711961014671,53.0,-11.0
200,87.0,114.9143725166387,115.35972547945303,459.782153843585,458.1955345238268,147.40526254945954,145.74846351121877,4.326610868969614,4.40456240441039,4.589264895861129,53.0,-11.0
201,87.0,115.35972547945303,115.45676733080347,458.1955345238268,458.0116529746212,145.74846351121877,145.56741463109438,4.40456240441039,4.413759190908233,0.4753759407392937,53.0,-11.0
202,87.0,115.45676733080347,115.88931526890767,458.0116529746212,457.1016888989383,145.56741463109438,144.6109745275436,4.413759190908233,4.460101234326987,2.269655477890352,53.0,-11.0
203,87.0,115.88931526890767,115.95850675969218,457.1016888989383,456.96725194365456,144.6109745275436,144.44891543287272,4.460101234326987,4.46749508519064,0.5644281242677694,53.0,-11.0
204,87.0,115.95850675969218,115.96660202199976,456.96725194365456,456.9511321258278,144.44891543287272,144.4301550578731,4.46749508519064,4.468363306982028,0.03824067037943127,53.0,-11.0
205,87.0,115.96660202199976,116.41805561928916,456.9511321258278,456.0690051148158,144.4301550578731,143.32573581972105,4.468363306982028,4.517863800066042,2.7347505854430967,53.0,-11.0
206,87.0,116.41805561928916,116.54029327015587,456.0690051148158,455.7985861827795,143.32573581972105,143.00426388275534,4.517863800066042,4.532459594074304,0.7218708326946224,53.0,-11.0
207,87.0,116.54029327015587,117.13051329263124,455.7985861827795,454.6960210857672,143.00426388275534,141.64019293527605,4.532459594074304,4.594198205371641,3.6483207820156163,53.0,-11.0
208,87.0,117.13051329263124,117.14744944719753,454.6960210857672,454.68662167319746,141.64019293527605,141.62241649845333,4.594198205371641,4.595075333093441,0.04665207075373616,53.0,-11.0
209,87.0,117.14744944719753,117.26741472174164,454.68662167319746,454.62141357711363,141.62241649845333,141.48905195650832,4.595075333093441,4.601443251590721,0.3093928521391186,53.0,-11.0
210,87.0,117.26741472174164,117.28319080730901,454.62141357711363,454.61127582812617,141.48905195650832,141.47150510764862,4.601443251590721,4.602300082493684,0.03804860934824483,53.0,-11.0
211,87.0,117.28319080730901,117.3737349522232,454.61127582812617,454.5508360243838,141.47150510764862,141.36650327069853,4.602300082493684,4.607348206310966,0.47112480802911466,53.0,-11.0
212,87.0,117.3737349522232,117.9741666723354,454.5508360243838,454.0541338541493,141.36650327069853,140.67632236431044,4.607348206310966,4.642094497772753,2.089153181317328,53.0,-11.0
213,87.0,117.9741666723354,118.10182088690681,454.0541338541493,453.8151635443502,140.67632236431044,140.42014134455968,4.642094497772753,4.654582477919681,0.6725604709020782,53.0,-11.0
214,87.0,118.10182088690681,118.22549479472573,453.8151635443502,453.5457207899265,140.42014134455968,140.2025692715447,4.654582477919681,4.666931138559945,0.6647483079229819,53.0,-11.0
215,87.0,118.22549479472573,118.07294213037616,453.5457207899265,453.29114872277495,140.2025692715447,140.176252663044,4.666931138559945,4.676962045423969,0.7995726554104624,53.0,-11.0
216,87.0,118.07294213037616,118.15769964139524,453.29114872277495,453.117782582009,140.176252663044,140.27102737387446,4.676962045423969,4.684241851914518,0.5134472019253445,53.0,-11.0
217,87.0,118.15769964139524,118.1584811395447,453.117782582009,453.09307334325774,140.27102737387446,140.27996704238302,4.684241851914518,4.685138314019458,0.06891682520361556,53.0,-11.0
218,87.0,118.1584811395447,118.17127201728309,453.09307334325774,452.95238585511754,140.27996704238302,140.34567351114327,4.685138314019458,4.690458340415541,0.3758754838153213,53.0,-11.0
219,87.0,118.17127201728309,118.18348684718748,452.95238585511754,452.8358676025361,140.34567351114327,140.32755114067828,4.690458340415541,4.694546570644734,0.23577804685695475,53.0,-11.0
220,87.0,118.18348684718748,118.14199236086529,452.8358676025361,452.8617472254752,140.32755114067828,140.24519998540958,4.694546570644734,4.697882094245647,0.17504695299273923,53.0,-11.0
221,87.0,118.14199236086529,118.08269804187982,452.8617472254752,452.839221390887,140.24519998540958,140.19766080059372,4.697882094245647,4.700671709128596,0.18187635744803657,53.0,-11.0
222,87.0,118.08269804187982,118.08953022094913,452.839221390887,452.83307672359496,140.19766080059372,140.19121694089273,4.700671709128596,4.701072912837464,0.013958291049035239,53.0,-11.0
223,87.0,118.08953022094913,118.13333158455494,452.83307672359496,452.80618877630087,140.19121694089273,140.16581457127162,4.701072912837464,4.703135896787555,0.14919585319921688,53.0,-11.0
224,87.0,118.13333158455494,118.14996926100866,452.80618877630087,452.77631216633034,140.16581457127162,140.1376070846656,4.703135896787555,4.7047662763824345,0.09842585907041128,53.0,-11.0
225,87.0,118.14996926100866,118.17909357609344,452.77631216633034,452.7588790681684,140.1376070846656,140.1498887254823,4.7047662763824345,4.706121095421731,0.07598977925246625,53.0,-11.0
226,87.0,118.17909357609344,118.19198164167608,452.7588790681684,452.73868324940406,140.1498887254823,140.16791136514837,4.706121095421731,4.707269745498525,0.0703163078512427,53.0,-11.0
227,87.0,118.19198164167608,118.21521629857497,452.73868324940406,452.7380333008091,140.16791136514837,140.1758675149696,4.707269745498525,4.708234505873295,0.06268242295308703,53.0,-11.0
228,87.0,118.21521629857497,118.23016390646353,452.7380333008091,452.737886470805,140.1758675149696,140.18906106891956,4.708234505873295,4.709040038636999,0.1244872832925504,53.0,-11.0
229,87.0,118.23016390646353,118.23321171168065,452.737886470805,452.74039308806107,140.18906106891956,140.19993616737526,4.709040038636999,4.709550241256495,0.030983447455500086,53.0,-11.0
230,87.0,118.23321171168065,118.2370727750347,452.74039308806107,452.73180082767084,140.19993616737526,140.2022460863943,4.709550241256495,4.709992138329081,0.025964643478204784,53.0,-11.0
231,87.0,118.2370727750347,118.23953641940102,452.73180082767084,452.72468743509745,140.2022460863943,140.198960905948,4.709992138329081,4.710378770370381,0.038966004948591065,53.0,-11.0
232,87.0,118.23953641940102,118.23772053336089,452.72468743509745,452.72332737304225,140.198960905948,140.19325192200867,4.710378770370381,4.710686331814984,0.023071838588491926,53.0,-11.0
233,87.0,118.23772053336089,118.23294075556991,452.72332737304225,452.72182549496546,140.19325192200867,140.19295239568672,4.710686331814984,4.710949575413615,0.01872995870511479,53.0,-11.0
234,87.0,118.23294075556991,118.23343780006071,452.72182549496546,452.7187595857258,140.19295239568672,140.19573208973173,4.710949575413615,4.711178361405635,0.02184569522199869,53.0,-11.0
235,87.0,118.23343780006071,118.23437632684912,452.7187595857258,452.71614220527283,140.19573208973173,140.19404936228077,4.711178361405635,4.711368762487171,0.013383335918862298,53.0,-11.0
236,87.0,118.23437632684912,118.23276537503537,452.71614220527283,452.71396279631733,140.19404936228077,140.19373536107236,4.711368762487171,4.711536565910472,0.03160260867840104,53.0,-11.0
237,87.0,118.23276537503537,118.23246771608945,452.71396279631733,452.71237893035124,140.19373536107236,140.19369839431656,4.711536565910472,4.7116526299662125,0.014960357080488203,53.0,-11.0
238,87.0,118.23246771608945,118.2315797334187,452.71237893035124,452.71192662462715,140.19369839431656,140.19317322000285,4.7116526299662125,4.711743166935043,0.01627105939983045,53.0,-11.0
239,87.0,118.2315797334187,118.23169668082203,452.71192662462715,452.71225543436657,140.19317322000285,140.19265974422512,4.711743166935043,4.711802429929755,0.013224950352572823,53.0,-11.0
240,87.0,118.23169668082203,118.23142283703699,452.71225543436657,452.7122486009388,140.19265974422512,140.19266361330273,4.711802429929755,4.711835163314737,0.021157747671729364,53.0,-11.0
241,87.0,110.24021984891401,109.62528257348245,457.9659715988093,457.3772936279514,152.0578078537945,152.436281479702,4.419212352425762,4.450289257754737,1.6690210045832043,58.0,11.0
242,87.0,109.62528257348245,109.47399413038269,457.3772936279514,457.23839958612626,152.436281479702,152.5351264723877,4.450289257754737,4.457892473628864,0.439935772828958,58.0,11.0
243,87.0,109.47399413038269,109.03257737568045,457.23839958612626,456.8755376446696,152.5351264723877,152.82471505356102,4.457892473628864,4.479262155123887,1.2549216919713106,58.0,11.0
244,87.0,109.03257737568045,108.75115688316825,456.8755376446696,456.6209422219255,152.82471505356102,153.04167765428122,4.479262155123887,4.493844511649987,0.9104212242948315,58.0,11.0
245,87.0,108.75115688316825,108.33110165501623,456.6209422219255,456.0705811541432,153.04167765428122,153.50242932233044,4.493844511649987,4.521587525149442,1.6192188778301453,58.0,11.0
246,87.0,108.33110165501623,108.1221660856183,456.0705811541432,455.7768767139147,153.50242932233044,153.72169641554632,4.521587525149442,4.535661652568858,0.7482431600040391,58.0,11.0
247,87.0,108.1221660856183,107.96263183740962,455.7768767139147,455.55070147964005,153.72169641554632,153.90729570970848,4.535661652568858,4.546778627627317,0.8029736798491394,58.0,11.0
248,87.0,107.96263183740962,107.94023635693031,455.55070147964005,455.51838491433557,153.90729570970848,153.9326493802826,4.546778627627317,4.548339333649655,0.06507816711507507,58.0,11.0
249,87.0,107.94023635693031,107.88353305825481,455.51838491433557,455.437330052477,153.9326493802826,153.99606048343375,4.548339333649655,4.552259131820619,0.23141069008440612,58.0,11.0
250,87.0,107.88353305825481,107.85779502310729,455.437330052477,455.39754447630014,153.99606048343375,154.0271470374362,4.552259131820619,4.554149724090234,0.09429844330137509,58.0,11.0
251,87.0,107.85779502310729,107.00879036095799,455.39754447630014,454.1134128680731,154.0271470374362,155.18565843520733,4.554149724090234,4.618423579910426,3.9319756265907957,58.0,11.0
252,87.0,107.00879036095799,106.45638984303343,454.1134128680731,453.19051280925015,155.18565843520733,155.8505238311754,4.618423579910426,4.66060935159469,2.232851393078417,58.0,11.0
253,87.0,106.45638984303343,105.8831677755536,453.19051280925015,451.8461252472289,155.8505238311754,156.39162122858323,4.66060935159469,4.712603740094383,2.8138689924219658,58.0,11.0
254,87.0,105.8831677755536,105.87006513409679,451.8461252472289,451.7672443329212,156.39162122858323,156.42443924170612,4.712603740094383,4.715487705279511,0.13508735218737628,58.0,11.0
255,87.0,105.87006513409679,105.86980979982395,451.7672443329212,451.76492550443515,156.42443924170612,156.42536147605017,4.715487705279511,4.71557140479686,0.004280886760083438,58.0,11.0
256,87.0,105.86980979982395,105.85616991394836,451.76492550443515,451.645109229034,156.42536147605017,156.4732899610715,4.71557140479686,4.7199011800446335,0.21592255390997417,58.0,11.0
257,87.0,105.85616991394836,105.8405488678357,451.645109229034,451.09420565572856,156.4732899610715,156.6591126584285,4.7199011800446335,4.739307550157125,1.0284756085229294,58.0,11.0
258,87.0,105.8405488678357,105.91640114468984,451.09420565572856,450.53799441315914,156.6591126584285,156.85693099414507,4.739307550157125,4.759167910594117,1.15930706347118,58.0,11.0
259,87.0,105.91640114468984,105.8661273965641,450.53799441315914,449.82360585479256,156.85693099414507,157.31086144543585,4.759167910594117,4.7874683761241,1.604765283910229,58.0,11.0
260,87.0,105.8661273965641,106.18431155007995,449.82360585479256,448.9990438578585,157.31086144543585,157.95435271099024,4.7874683761241,4.823972864861711,1.9028107708268303,58.0,11.0
261,87.0,106.18431155007995,106.2744813038997,448.9990438578585,448.2422173407148,157.95435271099024,158.417343182361,4.823972864861711,4.8537633501118105,1.8136370282765968,58.0,11.0
262,87.0,106.2744813038997,106.41037285108666,448.2422173407148,448.1064920116346,158.417343182361,158.50762775059403,4.8537633501118105,4.860858393898,0.39179292190437565,58.0,11.0
263,87.0,106.41037285108666,106.74545010738079,448.1064920116346,447.61427454274553,158.50762775059403,158.7702349225313,4.860858393898,4.882621772001233,1.536842981828482,58.0,11.0
264,87.0,106.74545010738079,107.14546667245278,447.61427454274553,447.3445335221025,158.7702349225313,158.69504683594653,4.882621772001233,4.8989772304692405,0.8597369804309046,58.0,11.0
265,87.0,107.14546667245278,107.29234720544773,447.3445335221025,447.43996677154627,158.69504683594653,158.3378952420055,4.8989772304692405,4.912323434909801,0.7365780487173766,58.0,11.0
266,87.0,107.29234720544773,107.31175908686564,447.43996677154627,447.47584439382825,158.3378952420055,158.31232516587,4.912323434909801,4.913942491680578,0.11121952164159749,58.0,11.0
267,87.0,107.31175908686564,107.39725111733439,447.47584439382825,447.68846505356976,158.31232516587,158.12552663244136,4.913942491680578,4.923895879415081,0.588011817764199,58.0,11.0
268,87.0,107.39725111733439,107.44364592460224,447.68846505356976,447.81376885003266,158.12552663244136,157.93223304283813,4.923895879415081,4.931836577069812,0.47104932568662916,58.0,11.0
269,87.0,107.44364592460224,107.3849314390159,447.81376885003266,447.809694516953,157.93223304283813,157.85376132943537,4.931836577069812,4.9351679255465815,0.1590833529991399,58.0,11.0
270,87.0,107.38502264188746,107.40866402144164,447.809922122896,447.86830383551387,157.85354437530768,157.79836096195896,4.935179394932695,4.938115410464653,0.24262275897558944,58.0,11.0
271,87.0,107.40866402144164,107.39680159775575,447.86830383551387,447.8290832683403,157.79836096195896,157.7522151998138,4.938115410464653,4.940322520647922,0.16761610172947716,58.0,11.0
272,87.0,107.39680159775575,107.42216316292718,447.8290832683403,447.8075901451365,157.7522151998138,157.71876654415854,4.940322520647922,4.942046482546764,0.10411056578951348,58.0,11.0
273,87.0,107.42216316292718,107.40703845900266,447.8075901451365,447.816280230879,157.71876654415854,157.6844535778552,4.942046482546764,4.943481314778394,0.10035633368791408,58.0,11.0
274,87.0,107.40703845900266,107.38537007715306,447.816280230879,447.8345047609438,157.6844535778552,157.6957951262731,4.943481314778394,4.944647852810531,0.09614071529395919,58.0,11.0
275,87.0,107.38537007715306,107.37726800089236,447.8345047609438,447.84966550403743,157.6957951262731,157.71146280197013,4.944647852810531,4.945568823975649,0.058535667474165394,58.0,11.0
276,87.0,107.37726800089236,107.36562989794106,447.84966550403743,447.84806885496164,157.71146280197013,157.6964881152242,4.945568823975649,4.946344319978775,0.03765257773673001,58.0,11.0
277,87.0,107.36562989794106,107.35002263538517,447.84806885496164,447.852682654652,157.6964881152242,157.69867147195953,4.946344319978775,4.947028783867369,0.03647406186838684,58.0,11.0
278,87.0,107.35002263538517,107.33875004609345,447.852682654652,447.86000551216387,157.69867147195953,157.70253221381444,4.947028783867369,4.9476273182271395,0.09544834822880419,58.0,11.0
279,87.0,107.33875004609345,107.332000841562,447.86000551216387,447.8571474066549,157.70253221381444,157.70613348840988,4.9476273182271395,4.948013876224133,0.03253057431779554,58.0,11.0
280,87.0,107.332000841562,107.33237133366636,447.8571474066549,447.86123589966684,157.70613348840988,157.7110595882397,4.948013876224133,4.9483335080347475,0.06247677704631904,58.0,11.0
281,87.0,107.33237133366636,107.33194791504131,447.86123589966684,447.86359536969513,157.7110595882397,157.7135697630559,4.9483335080347475,4.94853445882296,0.01630993187801414,58.0,11.0
282,87.0,107.33194791504131,107.33089247918993,447.86359536969513,447.8646037696095,157.7135697630559,157.7159686018898,4.94853445882296,4.9487067154775515,0.01783291246058542,58.0,11.0
283,87.0,107.33089247918993,107.33069285699882,447.8646037696095,447.8653112420916,157.7159686018898,157.71796999762253,4.9487067154775515,4.948848238939092,0.011538100577541576,58.0,11.0
284,87.0,107.33069285699882,107.33023453162998,447.8653112420916,447.86648535941885,157.71796999762253,157.71914123792774,4.948848238939092,4.9489699170877115,0.020835547576478677,58.0,11.0
285,87.0,107.33023453162998,107.32979616169628,447.86648535941885,447.8660150348404,157.71914123792774,157.71834811213756,4.9489699170877115,4.949054167625242,0.013669834292867198,58.0,11.0
286,87.0,107.32979616169628,107.32961016544978,447.8660150348404,447.866276416045,157.71834811213756,157.71785014722317,4.949054167625242,4.949110991712676,0.025874337912348083,58.0,11.0
287,87.0,107.32961016544978,107.32965196170592,447.866276416045,447.86627597712385,157.71785014722317,157.7178231841517,4.949110991712676,4.949120400824321,0.008134833835793193,58.0,11.0
288,87.0,110.24021984891401,109.42529432376102,457.9659715988093,457.23794645663645,152.0578078537945,152.52496141140952,4.419212352425762,4.458854372635009,2.3901261935495333,59.0,-11.0
289,87.0,109.42529432376102,107.45316273872716,457.23794645663645,455.7000282058032,152.52496141140952,153.6886812002866,4.458854372635009,4.550865491141013,5.20284195704504,59.0,-11.0
290,87.0,107.45316273872716,107.15934956989554,455.7000282058032,455.48914594445586,153.6886812002866,153.83969343105153,4.550865491141013,4.563938730256402,0.8568543983505373,59.0,-11.0
291,87.0,107.15934956989554,106.947329987646,455.48914594445586,455.3365083123197,153.83969343105153,153.95271167130295,4.563938730256402,4.573433633881715,0.5349792727775703,59.0,-11.0
292,87.0,106.947329987646,106.59421799781187,455.3365083123197,455.0698299063348,153.95271167130295,154.14409588625546,4.573433633881715,4.589515409738613,0.9781829851750896,59.0,-11.0
293,87.0,106.59421799781187,105.75557840168412,455.0698299063348,454.43135400540285,154.14409588625546,154.60108208296475,4.589515409738613,4.627836774389903,2.1879974654377943,59.0,-11.0
294,87.0,105.75557840168412,105.532182756821,454.43135400540285,454.2600765972835,154.60108208296475,154.72963597274116,4.627836774389903,4.638159538717293,0.608446725177034,59.0,-11.0
295,87.0,105.532182756821,104.18493283689932,454.2600765972835,453.2384252014232,154.72963597274116,155.47745703859806,4.638159538717293,4.699830278455848,3.86548176841938,59.0,-11.0
296,87.0,104.18493283689932,103.52467084772266,453.2384252014232,452.80330007459014,155.47745703859806,155.75336006642766,4.699830278455848,4.727766821073865,1.5167618431087608,59.0,-11.0
297,87.0,103.52467084772266,103.11469093926382,452.80330007459014,452.5312225444022,155.75336006642766,155.91546842397563,4.727766821073865,4.745047933904053,1.188817170206001,59.0,-11.0
298,87.0,103.11469093926382,102.28915413366552,452.5312225444022,452.0141149989607,155.91546842397563,156.2367543718062,4.745047933904053,4.779263666938059,2.057176881226407,59.0,-11.0
299,87.0,102.28915413366552,102.03278587497842,452.0141149989607,451.8354494870424,156.2367543718062,156.34442144791356,4.779263666938059,4.790288650405714,0.5358971324515532,59.0,-11.0
300,87.0,102.03278587497842,102.01188931745477,451.8354494870424,451.8210991868606,156.34442144791356,156.35423754699457,4.790288650405714,4.791195425038408,0.04058860844242804,59.0,-11.0
301,87.0,102.01188931745477,101.84703631771329,451.8210991868606,451.7070498229591,156.35423754699457,156.429745420511,4.791195425038408,4.798340837691013,0.38706999435478523,59.0,-11.0
302,87.0,101.84703631771329,100.67909163031868,451.7070498229591,450.9644407315985,156.429745420511,156.9577130030979,4.798340837691013,4.847753744734708,2.7519665352601965,59.0,-11.0
303,87.0,100.67909163031868,100.48707664623754,450.9644407315985,450.60141976083315,156.9577130030979,157.14068017380106,4.847753744734708,4.862750892065641,1.2497956112225355,59.0,-11.0
304,87.0,100.48707664623754,100.39014994377469,450.60141976083315,450.3914045176827,157.14068017380106,157.2456168694552,4.862750892065641,4.871223481975967,0.47076132486759775,59.0,-11.0
305,87.0,100.39014994377469,100.189490689504,450.3914045176827,449.94496875839087,157.2456168694552,157.45210828538916,4.871223481975967,4.888944047025311,1.3475067241400542,59.0,-11.0
306,87.0,100.189490689504,99.90932681528102,449.94496875839087,449.2607822248394,157.45210828538916,157.75014768945616,4.888944047025311,4.915534635217722,1.512195575686677,59.0,-11.0
307,87.0,99.90932681528102,99.81450203144844,449.2607822248394,449.00323124025755,157.75014768945616,157.88057723057884,4.915534635217722,4.925671049175823,0.48898823711750905,59.0,-11.0
308,87.0,99.81450203144844,99.53055744209516,449.00323124025755,448.18190126484313,157.88057723057884,158.25164312015045,4.925671049175823,4.957192644631117,1.764580902937447,59.0,-11.0
309,87.0,99.53055744209516,99.32866674640101,448.18190126484313,447.48564939289764,158.25164312015045,158.57574907252976,4.957192644631117,4.98368374050404,1.3594674603678176,59.0,-11.0
310,87.0,99.32866674640101,99.20991748523882,447.48564939289764,447.14244634933584,158.57574907252976,158.70560960242855,4.98368374050404,4.996550629897679,0.8321820072666763,59.0,-11.0
311,87.0,99.20991748523882,99.1273495923078,447.14244634933584,446.93028492405057,158.70560960242855,158.81858039242496,4.996550629897679,5.005029421262136,0.3746640170849607,59.0,-11.0
312,87.0,99.1273495923078,98.88647428224385,446.93028492405057,446.38175559525934,158.81858039242496,159.09975831665037,5.005029421262136,5.027108384975429,1.6133047939359593,59.0,-11.0
313,87.0,98.88647428224385,98.66378491278498,446.38175559525934,445.3721580870546,159.09975831665037,159.49553085167412,5.027108384975429,5.064042926639332,2.0459470455645445,59.0,-11.0
314,87.0,98.66378491278498,98.61700889348528,445.3721580870546,445.2563534530585,159.49553085167412,159.5716651988847,5.064042926639332,5.068923261351852,0.21966911278187592,59.0,-11.0
315,87.0,98.61700889348528,98.4678153931543,445.2563534530585,444.72468054020146,159.5716651988847,159.88202841904564,5.068923261351852,5.090062332729625,1.2943876884897356,59.0,-11.0
316,87.0,98.4678153931543,98.4268221410824,444.72468054020146,444.27979799154474,159.88202841904564,160.0764694226697,5.090062332729625,5.106328910538866,1.0510031949987293,59.0,-11.0
317,87.0,98.4268221410824,98.74812004361904,444.27979799154474,443.9737107250289,160.0764694226697,160.076998642533,5.106328910538866,5.121146677154209,0.7539713211073883,59.0,-11.0
318,87.0,98.74812004361904,98.90868612862151,443.9737107250289,443.7646845174803,160.076998642533,159.97003792491398,5.121146677154209,5.130646537249855,0.43123017584901463,59.0,-11.0
319,87.0,98.90868612862151,99.41822894106708,443.7646845174803,442.97234489209814,159.97003792491398,159.82758566026305,5.130646537249855,5.162468819873636,1.9310036005156659,59.0,-11.0
320,87.0,99.41822894106708,99.80437962579214,442.97234489209814,442.34064092102517,159.82758566026305,159.72505871599017,5.162468819873636,5.1874517359083985,1.5434436667041123,59.0,-11.0
321,87.0,99.80437962579214,100.00855735745401,442.34064092102517,441.88922353967826,159.72505871599017,159.95128849185005,5.1874517359083985,5.20567629391844,1.0408082340949856,59.0,-11.0
322,87.0,100.00855735745401,100.10709811116708,441.88922353967826,441.54513900660424,159.95128849185005,160.16991428547982,5.20567629391844,5.219742079813392,0.8691400168347428,59.0,-11.0
323,87.0,100.10709811116708,100.09993006236188,441.54513900660424,441.459068054831,160.16991428547982,160.22083891338318,5.219742079813392,5.223113388761552,0.2863227842573805,59.0,-11.0
324,87.0,100.09993006236188,100.12937207760419,441.459068054831,441.2737359886919,160.22083891338318,160.38834967436827,5.223113388761552,5.231604831910776,0.47386336051301775,59.0,-11.0
325,87.0,100.12937207760419,100.02206991355897,441.2737359886919,441.24433006612827,160.38834967436827,160.55779095554976,5.231604831910776,5.238477510140296,0.3681078527117597,59.0,-11.0
326,87.0,100.02206991355897,100.01143381915517,441.24433006612827,441.2342633655282,160.55779095554976,160.72243715118557,5.238477510140296,5.244111706255109,0.3160607119677831,59.0,-11.0
327,87.0,100.01143381915517,100.0006428711862,441.2342633655282,441.18460950394217,160.72243715118557,160.84612774852914,5.244111706255109,5.248701483785567,0.3041379353794569,59.0,-11.0
328,87.0,100.0006428711862,100.0846123360323,441.18460950394217,441.14419663775897,160.84612774852914,160.89232186845,5.248701483785567,5.2523091096337575,0.17883422316306122,59.0,-11.0
329,87.0,100.0846123360323,100.12120871765111,441.14419663775897,441.0678778745215,160.89232186845,160.87235876433977,5.2523091096337575,5.255353213588381,0.21801257308355088,59.0,-11.0
330,87.0,100.12120871765111,100.1371471464965,441.0678778745215,441.01739828143116,160.87235876433977,160.83170035463553,5.255353213588381,5.257728467029845,0.15420845003846492,59.0,-11.0
331,87.0,100.1371471464965,100.13998843082132,441.01739828143116,440.98917024458314,160.83170035463553,160.8310042934283,5.257728467029845,5.258756154321668,0.04800524240110087,59.0,-11.0
332,87.0,100.13998843082132,100.1571143633688,440.98917024458314,440.94684826849345,160.8310042934283,160.81755076606584,5.258756154321668,5.260495485045991,0.10376302558646958,59.0,-11.0
333,87.0,100.1571143633688,100.14176151140411,440.94684826849345,440.9660330323169,160.81755076606584,160.7875193420489,5.260495485045991,5.261941075632632,0.10143818018972894,59.0,-11.0
334,87.0,100.14176151140411,100.14648058641208,440.9660330323169,440.9849516927816,160.7875193420489,160.76398915388103,5.261941075632632,5.263109317203837,0.07263246868706813,59.0,-11.0
335,87.0,100.14648058641208,100.14284124396265,440.9849516927816,441.0030412158568,160.76398915388103,160.74719876470482,5.263109317203837,5.2640870679236365,0.07326338846683103,59.0,-11.0
336,87.0,100.14284124396265,100.12984389301258,441.0030412158568,441.00932551495043,160.74719876470482,160.73403378716313,5.2640870679236365,5.264878746875441,0.042960971887193396,59.0,-11.0
337,87.0,100.12984389301258,100.1323695342281,441.00932551495043,441.0205583621852,160.73403378716313,160.73415603011247,5.264878746875441,5.265357123031943,0.02160284456877852,59.0,-11.0
338,87.0,109.42529432376102,109.37641904414781,457.23794645663645,457.1602817155622,152.52496141140952,152.53429095464153,4.458854372635009,4.461983486261288,0.12684628107734547,61.0,11.0
339,87.0,109.37641904414781,109.26884709271431,457.1602817155622,457.0140505171013,152.53429095464153,152.55625597354793,4.461983486261288,4.468197332183654,0.3655962057511296,61.0,11.0
340,87.0,109.26884709271431,109.18393272989302,457.0140505171013,456.90217686024926,152.55625597354793,152.59751205863458,4.468197332183654,4.473204105531173,0.29139336217657935,61.0,11.0
341,87.0,109.18393272989302,109.10790712136354,456.90217686024926,456.81369695121583,152.59751205863458,152.58040071406577,4.473204105531173,4.477269243444753,0.2980974193981848,61.0,11.0
342,87.0,109.10790712136354,109.14466977045224,456.81369695121583,456.7323001153269,152.58040071406577,152.57402513595025,4.477269243444753,4.480396982951423,0.2010391271492751,61.0,11.0
343,87.0,109.14466977045224,109.15264058879015,456.7323001153269,456.6622062735796,152.57402513595025,152.58227466798064,4.480396982951423,4.482912490696596,0.14252979254934842,61.0,11.0
344,87.0,109.15264058879015,109.12168727073984,456.6622062735796,456.6563937129351,152.58227466798064,152.63133779425576,4.482912490696596,4.485006548461587,0.13281981374335552,61.0,11.0
345,87.0,109.12168727073984,109.09567237620846,456.6563937129351,456.6245007061748,152.63133779425576,152.65368694808515,4.485006548461587,4.4867196910237706,0.1953161526309363,61.0,11.0
346,87.0,109.09567237620846,109.08602054398519,456.6245007061748,456.6167976773986,152.65368694808515,152.68202695757,4.4867196910237706,4.4879001528292966,0.0826990440964284,61.0,11.0
347,87.0,109.08602054398519,109.0780819450501,456.6167976773986,456.60169218954127,152.68202695757,152.69981584052132,4.4879001528292966,4.488868648325596,0.09141592208439994,61.0,11.0
348,87.0,109.0780819450501,109.06026024013045,456.60169218954127,456.6032142915201,152.69981584052132,152.70217905083308,4.488868648325596,4.489609741065673,0.055051659755673714,61.0,11.0
349,87.0,109.06026024013045,109.05643071218137,456.6032142915201,456.58986853696297,152.70217905083308,152.7056443537397,4.489609741065673,4.490219796560564,0.05918891571218997,61.0,11.0
350,87.0,109.05643071218137,109.05373927796806,456.58986853696297,456.57976722404356,152.7056443537397,152.70719707940663,4.490219796560564,4.490695314162597,0.03875433917417854,61.0,11.0
351,87.0,109.05373927796806,109.0500060627256,456.57976722404356,456.57263092903725,152.70719707940663,152.70922078442365,4.490695314162597,4.491087049039332,0.025166815929755205,61.0,11.0
352,87.0,109.0500060627256,109.04712846828116,456.57263092903725,456.56633430841384,152.70922078442365,152.70946731009172,4.491087049039332,4.491426546262635,0.02322176895789458,61.0,11.0
353,87.0,109.04712846828116,109.05001535890274,456.56633430841384,456.56154834297797,152.70946731009172,152.71073498953575,4.491426546262635,4.4917195656601985,0.019372731690417446,61.0,11.0
354,87.0,109.05001535890274,109.05389443381209,456.56154834297797,456.5587558129776,152.71073498953575,152.7110941245214,4.4917195656601985,4.491975199387238,0.02933105536983936,61.0,11.0
355,87.0,109.05389443381209,109.05284079941971,456.5587558129776,456.5563249308777,152.7110941245214,152.71336050883514,4.491975199387238,4.49217681262673,0.014235769980691558,61.0,11.0
356,87.0,109.05284079941971,109.05563010724386,456.5563249308777,456.55575245850923,152.71336050883514,152.7139336997291,4.49217681262673,4.492353318763658,0.010039992879503296,61.0,11.0
357,87.0,109.05563010724386,109.05456142241194,456.55575245850923,456.5535830714871,152.7139336997291,152.7132455034211,4.492353318763658,4.492512451172534,0.01747479788020661,61.0,11.0
358,87.0,109.05456142241194,109.05414035216288,456.5535830714871,456.551772835093,152.7132455034211,152.71302367917417,4.492512451172534,4.4926415495277485,0.01855251231792741,61.0,11.0
359,87.0,109.05414035216288,109.05399146369936,456.551772835093,456.5513500094442,152.71302367917417,152.7118712532383,4.4926415495277485,4.492738027213982,0.014023281437324741,61.0,11.0
360,87.0,109.05399146369936,109.0537862581928,456.5513500094442,456.55117342943714,152.7118712532383,152.71113660828794,4.492738027213982,4.492807659103254,0.014378498096133573,61.0,11.0
361,87.0,109.0537862581928,109.05407742208028,456.55117342943714,456.5512096017551,152.71113660828794,152.71091340073403,4.492807659103254,4.492847762779262,0.015849615130606308,61.0,11.0
362,87.0,109.05407742208028,109.05408121915418,456.5512096017551,456.5511413825831,152.71091340073403,152.71089438748348,4.492847762779262,4.4928598884409015,0.010011653203965711,61.0,11.0
363,87.0,107.45316273872716,107.4543449897089,455.7000282058032,455.6908637427765,153.6886812002866,153.70113885965947,4.550865491141013,4.551454769606825,0.03892657984741715,62.0,11.0
364,87.0,107.4543449897089,107.45395516985343,455.6908637427765,455.6833399590614,153.70113885965947,153.72942548206825,4.551454769606825,4.552579870595409,0.07319449804948609,62.0,11.0
365,87.0,107.45395516985343,107.45780790294084,455.6833399590614,455.66678552328494,153.72942548206825,153.7460579569614,4.552579870595409,4.553518693682258,0.1068984533160414,62.0,11.0
366,87.0,107.45780790294084,107.47032410812047,455.66678552328494,455.65822925983036,153.7460579569614,153.75168799707413,4.553518693682258,4.554194462354496,0.050942253641613235,62.0,11.0
367,87.0,107.47032410812047,107.48136575555206,455.65822925983036,455.65803287194257,153.75168799707413,153.7581903092218,4.554194462354496,4.554751239544289,0.04341868256466299,62.0,11.0
368,87.0,107.48136575555206,107.4900721145884,455.65803287194257,455.6618358477731,153.7581903092218,153.76170490654323,4.554751239544289,4.555210702937545,0.040964427192042685,62.0,11.0
369,87.0,107.4900721145884,107.49187207125378,455.6618358477731,455.66931337503604,153.76170490654323,153.76284350698566,4.555210702937545,4.5555824949136685,0.020114725248755554,62.0,11.0
370,87.0,107.49187207125378,107.49785970543466,455.66931337503604,455.67199389401355,153.76284350698566,153.76152067594646,4.5555824949136685,4.555912947393917,0.018061814331318954,62.0,11.0
371,87.0,107.49785970543466,107.50251022470184,455.67199389401355,455.67048795493145,153.76152067594646,153.7584616491375,4.555912947393917,4.5562073571028225,0.021608327997079204,62.0,11.0
372,87.0,107.50251022470184,107.50645372124957,455.67048795493145,455.6681155232699,153.7584616491375,153.75951727713,4.5562073571028225,4.556460099244966,0.05542140252372744,62.0,11.0
373,87.0,107.50645372124957,107.50524188504673,455.6681155232699,455.66744260439054,153.75951727713,153.75757297382296,4.556460099244966,4.556613475701885,0.013849545320146437,62.0,11.0
374,87.0,107.50524188504673,107.5049707222624,455.66744260439054,455.66645401607985,153.75757297382296,153.75599491925436,4.556613475701885,4.556743060248871,0.02226185015425644,62.0,11.0
375,87.0,107.5049707222624,107.5047097542546,455.66645401607985,455.66595899720016,153.75599491925436,153.7550203431386,4.556743060248871,4.556833243691646,0.023783476915833837,62.0,11.0
376,87.0,107.5047097542546,107.50468570751325,455.66595899720016,455.66556523130765,153.7550203431386,153.75496111991336,4.556833243691646,4.556875743143116,0.016711335407206655,62.0,11.0
377,87.0,107.50468570751325,107.50471012237605,455.66556523130765,455.66554680656463,153.75496111991336,153.7550295771535,4.556875743143116,4.556888362514177,0.010341670704847507,62.0,11.0
378,87.0,103.11469093926382,103.10780565186899,452.5312225444022,452.5360513893155,155.91546842397563,155.91785964374375,4.745047933904053,4.745404781024512,0.03227611195458649,70.0,11.0
379,87.0,103.10780565186899,103.09443433585389,452.5360513893155,452.5453970892073,155.91785964374375,155.91489084523906,4.745404781024512,4.746094880800027,0.04719773373974321,70.0,11.0
380,87.0,103.09443433585389,103.08617967345336,452.5453970892073,452.5531586682126,155.91489084523906,155.90765877706986,4.746094880800027,4.7466740514171795,0.04041504519255409,70.0,11.0
381,87.0,103.08617967345336,103.07964404055477,452.5531586682126,452.5613925696014,155.90765877706986,155.91053939899192,4.7466740514171795,4.747161662185818,0.04826012141919003,70.0,11.0
382,87.0,103.07964404055477,103.0737489548472,452.5613925696014,452.5657682899795,155.91053939899192,155.90717105239676,4.747161662185818,4.747544872194983,0.018280184511721476,70.0,11.0
383,87.0,103.0737489548472,103.07042439569781,452.5657682899795,452.56672736827403,155.90717105239676,155.90099571209467,4.747544872194983,4.747890167997985,0.019945622215391277,70.0,11.0
384,87.0,103.07042439569781,103.07058074479482,452.56672736827403,452.57050383764306,155.90099571209467,155.89628598567887,4.747890167997985,4.748195255607978,0.04512483761801983,70.0,11.0
385,87.0,103.07058074479482,103.07208302112856,452.57050383764306,452.56897153847933,155.89628598567887,155.89302630203133,4.748195255607978,4.74841437349316,0.03490164629969931,70.0,11.0
386,87.0,103.07208302112856,103.07358847800882,452.56897153847933,452.5673783389987,155.89302630203133,155.8918686083625,4.74841437349316,4.748571900112622,0.0103406469995225,70.0,11.0
387,87.0,103.07358847800882,103.07410401684186,452.5673783389987,452.5675325314975,155.8918686083625,155.8898445279282,4.748571900112622,4.7487116469190855,0.0139797946258069,70.0,11.0
388,87.0,103.07410401684186,103.07294813111596,452.5675325314975,452.56848996312937,155.8898445279282,155.89039926372593,4.7487116469190855,4.748827280870054,0.010881668768157278,70.0,11.0
389,87.0,103.07294813111596,103.07218140210857,452.56848996312937,452.5692325777486,155.89039926372593,155.89101646907596,4.748827280870054,4.748923563859855,0.010506154962718705,70.0,11.0
390,87.0,103.07218140210857,103.07276775741641,452.5692325777486,452.568584710119,155.89101646907596,155.89084121931654,4.748923563859855,4.749000014200539,0.018339903818640278,70.0,11.0
391,87.0,103.07276775741641,103.07281062548518,452.568584710119,452.56893380950817,155.89084121931654,155.8908892716173,4.749000014200539,4.74903901966968,0.020748531597042798,70.0,11.0
392,87.0,103.07281062548518,103.0728129776882,452.56893380950817,452.56892437777805,155.8908892716173,155.89087306757705,4.74903901966968,4.749043768474698,0.004561501129762571,70.0,11.0
393,87.0,102.03278587497842,102.03976474352628,451.8354494870424,451.82479918307655,156.34442144791356,156.3373130351802,4.790288650405714,4.790840342124046,0.02924193498200131,72.0,11.0
394,87.0,102.03976474352628,102.03946157543234,451.82479918307655,451.81254234013613,156.3373130351802,156.308585319276,4.790840342124046,4.792031620997147,0.06764013860681341,72.0,11.0
395,87.0,102.03946157543234,102.04472261895421,451.81254234013613,451.7892790821491,156.308585319276,156.2980099462682,4.792031620997147,4.793049121795945,0.08391173787596698,72.0,11.0
396,87.0,102.04472261895421,102.04735287093956,451.7892790821491,451.8018544655617,156.2980099462682,156.28278242423596,4.793049121795945,4.793855445964034,0.06032298045934642,72.0,11.0
397,87.0,102.04735287093956,102.04781451727904,451.8018544655617,451.81187444532964,156.28278242423596,156.27065812625068,4.793855445964034,4.794515849752072,0.05809063613281335,72.0,11.0
398,87.0,102.04781451727904,102.04519736623868,451.81187444532964,451.8216286855537,156.27065812625068,156.2642616026439,4.794515849752072,4.795041675364864,0.09605941625459868,72.0,11.0
399,87.0,102.04519736623868,102.04636529998328,451.8216286855537,451.82709722766805,156.2642616026439,156.2611027871762,4.795041675364864,4.795361692749038,0.06557129980682928,72.0,11.0
400,87.0,102.04636529998328,102.04773204084411,451.82709722766805,451.8281132334961,156.2611027871762,156.25821836486674,4.795361692749038,4.795557472593606,0.015390117564585663,72.0,11.0
401,87.0,102.04773204084411,102.04957733213234,451.8281132334961,451.8288972354816,156.25821836486674,156.25636471771583,4.795557472593606,4.795726293574284,0.015476881202014018,72.0,11.0
402,87.0,102.04957733213234,102.04933057527934,451.8288972354816,451.8299061374879,156.25636471771583,156.25824237271908,4.795726293574284,4.795868458028951,0.01920848041532461,72.0,11.0
403,87.0,102.04933057527934,102.04849040398413,451.8299061374879,451.8297502284189,156.25824237271908,156.25704674305968,4.795868458028951,4.795977387057766,0.012724642306978328,72.0,11.0
404,87.0,102.04849040398413,102.04826114483228,451.8297502284189,451.8307603042439,156.25704674305968,156.2568910728749,4.795977387057766,4.796063180679604,0.013851710878404271,72.0,11.0
405,87.0,102.04826114483228,102.04835746178092,451.8307603042439,451.83087757067705,156.2568910728749,156.2574830315885,4.796063180679604,4.796121315775036,0.022861499715364674,72.0,11.0
406,87.0,102.04835746178092,102.04835802818721,451.83087757067705,451.83090897006105,156.2574830315885,156.2573946766929,4.796121315775036,4.796136133489777,0.011779674784030417,72.0,11.0
407,87.0,100.48707664623754,100.48680385323573,450.60141976083315,450.5996261378097,157.14068017380106,157.15118412690708,4.862750892065641,4.863176872242964,0.011139156267305139,76.0,11.0
408,87.0,100.48680385323573,100.48388738817566,450.5996261378097,450.5989544150916,157.15118412690708,157.17192513447102,4.863176872242964,4.864018812987198,0.04239229030641617,76.0,11.0
409,87.0,100.48388738817566,100.49210619088687,450.5989544150916,450.5872328653277,157.17192513447102,157.1827555461031,4.864018812987198,4.864756739834482,0.04499677441161791,76.0,11.0
410,87.0,100.49210619088687,100.49947866084466,450.5872328653277,450.57988152068845,157.1827555461031,157.1721127729499,4.864756739834482,4.865387265777828,0.0546618860313097,76.0,11.0
411,87.0,100.49947866084466,100.50846779429708,450.57988152068845,450.58382278674753,157.1721127729499,157.1663537149489,4.865387265777828,4.865892317181036,0.02877610857185186,76.0,11.0
412,87.0,100.50846779429708,100.51756432343987,450.58382278674753,450.58323643384483,157.1663537149489,157.16320700181728,4.865892317181036,4.86633387248964,0.026421211594931385,76.0,11.0
413,87.0,100.51756432343987,100.521224560812,450.58323643384483,450.5821976882811,157.16320700181728,157.15602610671914,4.86633387248964,4.866718933880119,0.044007036771775296,76.0,11.0
414,87.0,100.521224560812,100.5188630826462,450.5821976882811,450.5870883309741,157.15602610671914,157.1540134422832,4.866718933880119,4.867014340278159,0.024529963010388914,76.0,11.0
415,87.0,100.5188630826462,100.51580184377036,450.5870883309741,450.590382034709,157.1540134422832,157.15502665824965,4.867014340278159,4.867262529579414,0.021242099788373218,76.0,11.0
416,87.0,100.51580184377036,100.5190831048101,450.590382034709,450.59061909873583,157.15502665824965,157.15663640450978,4.867262529579414,4.8674715875947525,0.016206740252066844,76.0,11.0
417,87.0,100.5190831048101,100.51966024180896,450.59061909873583,450.58954353749385,157.15663640450978,157.1593672818923,4.8674715875947525,4.86765188786506,0.015164051790106747,76.0,11.0
418,87.0,100.51966024180896,100.518877881565,450.58954353749385,450.59171180845505,157.1593672818923,157.15868965203765,4.86765188786506,4.867805941978383,0.016481575368858224,76.0,11.0
419,87.0,100.518877881565,100.52006048003864,450.59171180845505,450.5930700086158,157.15868965203765,157.15860871854545,4.867805941978383,4.867931673082632,0.016167920816328972,76.0,11.0
420,87.0,100.52006048003864,100.52124420125477,450.5930700086158,450.5928835682445,157.15860871854545,157.15825034654537,4.867931673082632,4.868028930577734,0.02173097248145588,76.0,11.0
421,87.0,100.52124420125477,100.52163205997911,450.5928835682445,450.59325500992526,157.15825034654537,157.15808594300637,4.868028930577734,4.86808357935369,0.014161153357742541,76.0,11.0
422,87.0,100.52163205997911,100.5215624423495,450.59325500992526,450.5933617515344,157.15808594300637,157.15825423433108,4.86808357935369,4.8681102487357375,0.018799941705437154,76.0,11.0
423,87.0,100.189490689504,100.1799911145765,449.94496875839087,449.94056305781635,157.45210828538916,157.44815194906704,4.888944047025311,4.889387512893493,0.020584560130850586,78.0,11.0
424,87.0,100.1799911145765,100.1589240349252,449.94056305781635,449.9401208646086,157.44815194906704,157.44310469350154,4.889387512893493,4.890253942529564,0.050520120403989295,78.0,11.0
425,87.0,100.1589240349252,100.1414018704962,449.9401208646086,449.937960994729,157.44310469350154,157.43925224726695,4.890253942529564,4.890996016231322,0.04555730998177233,78.0,11.0
426,87.0,100.1414018704962,100.13262358009786,449.937960994729,449.92873351474054,157.43925224726695,157.4471097876513,4.890996016231322,4.891629242829457,0.046266066324839095,78.0,11.0
427,87.0,100.13262358009786,100.13080733354428,449.92873351474054,449.91889301036827,157.4471097876513,157.45368563460934,4.891629242829457,4.892155770665921,0.03149142471200436,78.0,11.0
428,87.0,100.13080733354428,100.12438351139289,449.91889301036827,449.9119168253129,157.45368563460934,157.45036494251144,4.892155770665921,4.892612220776185,0.02577243686094971,78.0,11.0
429,87.0,100.12438351139289,100.12535473958448,449.9119168253129,449.9150423136233,157.45036494251144,157.44246853501318,4.892612220776185,4.893013086305402,0.0223273658855515,78.0,11.0
430,87.0,100.12535473958448,100.13243270792884,449.9150423136233,449.916431738767,157.44246853501318,157.44127893631895,4.893013086305402,4.893367239061053,0.045169313705654364,78.0,11.0
431,87.0,100.13243270792884,100.13407569353069,449.916431738767,449.92097809984097,157.44127893631895,157.44259318753,4.893367239061053,4.8936315854511205,0.023828390153398323,78.0,11.0
432,87.0,100.13407569353069,100.13413451168202,449.92097809984097,449.92131198582683,157.44259318753,157.44649798501467,4.8936315854511205,4.893851407014945,0.02477813919619871,78.0,11.0
433,87.0,100.13413451168202,100.13303233291245,449.92131198582683,449.9225137132732,157.44649798501467,157.44887943778545,4.893851407014945,4.8940271073701505,0.01766085207926222,78.0,11.0
434,87.0,100.13303233291245,100.13259785086954,449.9225137132732,449.9203499710599,157.44887943778545,157.44901672139477,4.8940271073701505,4.894172330019828,0.008755229643616651,78.0,11.0
435,87.0,100.13259785086954,100.13210507387836,449.9203499710599,449.9215133286083,157.44901672139477,157.44760527602415,4.894172330019828,4.894302521277543,0.011287146451443854,78.0,11.0
436,87.0,100.13210507387836,100.13097906505838,449.9215133286083,449.9207978447007,157.44760527602415,157.4469156917583,4.894302521277543,4.894413119029407,0.008116190230833502,78.0,11.0
437,87.0,100.13097906505838,100.13087725357958,449.9207978447007,449.9201129097305,157.4469156917583,157.44793155929912,4.894413119029407,4.894509205238545,0.010733106209444832,78.0,11.0
438,87.0,100.13087725357958,100.13040723438529,449.9201129097305,449.9206020736747,157.44793155929912,157.44737024394095,4.894509205238545,4.894584994134523,0.033696359144629214,78.0,11.0
439,87.0,100.13040723438529,100.13046409046235,449.9206020736747,449.9205763654519,157.44737024394095,157.44739239373365,4.894584994134523,4.894596537354295,0.009618519470500832,78.0,11.0
440,87.0,99.81450203144844,99.69604529747998,449.00323124025755,448.729297042625,157.88057723057884,158.1186386571949,4.925671049175823,4.9384242289470635,0.6432682683055735,80.0,11.0
441,87.0,99.69604529747998,99.42888265063806,448.729297042625,448.0882370693233,158.1186386571949,158.55697249907934,4.9384242289470635,4.965865278174237,1.5721695623267689,80.0,11.0
442,87.0,99.42888265063806,99.04726256512447,448.0882370693233,447.63518347572335,158.55697249907934,158.83580392193346,4.965865278174237,4.987759262478729,1.4070271853434302,80.0,11.0
443,87.0,99.04726256512447,98.75626227693171,447.63518347572335,447.6080351784264,158.83580392193346,158.83427679823666,4.987759262478729,4.997546570414431,0.5558215491721027,80.0,11.0
444,87.0,98.75626227693171,98.31230330653611,447.6080351784264,447.61129489447103,158.83427679823666,158.8769536782833,4.997546570414431,5.012496080968484,0.8380350717060308,80.0,11.0
445,87.0,98.31230330653611,98.02018420912589,447.61129489447103,447.6465445145606,158.8769536782833,159.08094149188108,5.012496080968484,5.024521026546745,0.7161749646868789,80.0,11.0
446,87.0,98.02018420912589,97.86338067475575,447.6465445145606,447.61971772234864,159.08094149188108,159.06441407180446,5.024521026546745,5.02990876551984,0.3484616823698572,80.0,11.0
447,87.0,97.86338067475575,97.77605007929337,447.61971772234864,447.62320583060693,159.06441407180446,159.00962309694327,5.02990876551984,5.03348642207215,0.1923793436196816,80.0,11.0
448,87.0,97.77605007929337,97.70246686199332,447.62320583060693,447.6644341966765,159.00962309694327,158.99859864301894,5.03348642207215,5.036466160289925,0.18657709682562376,80.0,11.0
449,87.0,97.70246686199332,97.67987326791834,447.6644341966765,447.7065822371795,158.99859864301894,158.9502646086351,5.036466160289925,5.038881291451733,0.15055212537469806,80.0,11.0
450,87.0,97.67987326791834,97.67725800629925,447.7065822371795,447.76031518920956,158.9502646086351,158.9405686353501,5.038881291451733,5.040854647235438,0.12561009891533645,80.0,11.0
451,87.0,97.67725800629925,97.70370575699864,447.76031518920956,447.79177265951296,158.9405686353501,158.92503119525182,5.040854647235438,5.042471289847751,0.10840845820891307,80.0,11.0
452,87.0,97.70370575699864,97.68373877439362,447.79177265951296,447.804485726047,158.92503119525182,158.89917204598294,5.042471289847751,5.043791053888318,0.08164730362607346,80.0,11.0
453,87.0,97.68373877439362,97.65715867883895,447.804485726047,447.81318241858634,158.89917204598294,158.89268057219257,5.043791053888318,5.04489737108597,0.062434293107866023,80.0,11.0
454,87.0,97.65715867883895,97.63339182031044,447.81318241858634,447.8160839629119,158.89268057219257,158.89119531902182,5.04489737108597,5.045843312720749,0.06765988442133894,80.0,11.0
455,87.0,97.63339182031044,97.61620718602892,447.8160839629119,447.81230623135673,158.89119531902182,158.898589430803,5.045843312720749,5.046620645507212,0.05188458422606817,80.0,11.0
456,87.0,97.61620718602892,97.605170064989,447.81230623135673,447.80539099573963,158.898589430803,158.90700900501102,5.046620645507212,5.047273067525168,0.0315802438176406,80.0,11.0
457,87.0,97.605170064989,97.60699725913808,447.80539099573963,447.8186198338988,158.90700900501102,158.90840829585923,5.047273067525168,5.047851726274556,0.054162979761255316,80.0,11.0
458,87.0,97.60699725913808,97.60402880406627,447.8186198338988,447.8277713449187,158.90840829585923,158.91133861126107,5.047851726274556,5.048308521626048,0.10158944291070265,80.0,11.0
459,87.0,97.60402880406627,97.60386291562615,447.8277713449187,447.831612360487,158.91133861126107,158.90876605453826,5.048308521626048,5.0485573823939704,0.042983254910114836,80.0,11.0
460,87.0,97.60386291562615,97.60165989621754,447.831612360487,447.83147475295556,158.90876605453826,158.91046625291247,5.0485573823939704,5.0487286720757,0.012059450681291379,80.0,11.0
461,87.0,97.60165989621754,97.60026515203378,447.83147475295556,447.8299174880534,158.91046625291247,158.9114834261099,5.0487286720757,5.048879158984708,0.020528851400363025,80.0,11.0
462,87.0,97.60026515203378,97.60127030078893,447.8299174880534,447.8295013971817,158.9114834261099,158.91032397638347,5.048879158984708,5.048994272524335,0.016882907904309668,80.0,11.0
463,87.0,97.60127030078893,97.60184436306216,447.8295013971817,447.8300243468765,158.91032397638347,158.9096522595161,5.048994272524335,5.0490788611083675,0.019714165018343714,80.0,11.0
464,87.0,97.60184436306216,97.60188680333887,447.8300243468765,447.82980707670987,158.9096522595161,158.91001786701375,5.0490788611083675,5.049123572363116,0.020428890031404842,80.0,11.0
465,87.0,97.60188680333887,97.60185972379686,447.82980707670987,447.8298415931316,158.91001786701375,158.91002975877157,5.049123572363116,5.049132396861261,0.00771379006256314,80.0,11.0
466,87.0,99.32866674640101,99.32237300241637,447.48564939289764,447.48011254763003,158.57574907252976,158.59174494446145,4.98368374050404,4.984359648724397,0.024164735133184224,82.0,11.0
467,87.0,99.32237300241637,99.30893600468936,447.48011254763003,447.45842570542993,158.59174494446145,158.61581684746722,4.984359648724397,4.98568004917072,0.07352556758216691,82.0,11.0
468,87.0,99.30893600468936,99.29405268380677,447.45842570542993,447.4664663239784,158.61581684746722,158.63974535839816,4.98568004917072,4.98680621474883,0.07242023672245958,82.0,11.0
469,87.0,99.29405268380677,99.28791070594627,447.4664663239784,447.4434509644963,158.63974535839816,158.64125580937036,4.98680621474883,4.987748034446011,0.05840317568471312,82.0,11.0
470,87.0,99.28791070594627,99.2934680187841,447.4434509644963,447.42484927501965,158.64125580937036,158.6383804212369,4.987748034446011,4.988544077458662,0.05473714395829424,82.0,11.0
471,87.0,99.2934680187841,99.29342319208997,447.42484927501965,447.4336433579815,158.6383804212369,158.62521725809032,4.988544077458662,4.989207818653658,0.05714381053691172,82.0,11.0
472,87.0,99.29342319208997,99.29088798500989,447.4336433579815,447.42268659407335,158.62521725809032,158.62074682661247,4.989207818653658,4.989738968043933,0.04762727125739034,82.0,11.0
473,87.0,99.29088798500989,99.29987980022999,447.42268659407335,447.4206736652103,158.62074682661247,158.620469626193,4.989738968043933,4.990164813247485,0.025978653542192906,82.0,11.0
474,87.0,99.29987980022999,99.29448227254589,447.4206736652103,447.41511456163596,158.620469626193,158.62046147140097,4.990164813247485,4.990535599191581,0.0330912976501196,82.0,11.0
475,87.0,99.29448227254589,99.29009974897181,447.41511456163596,447.41421712003023,158.62046147140097,158.62445707487126,4.990535599191581,4.990839091840743,0.024277687057910557,82.0,11.0
476,87.0,99.29009974897181,99.29022842318311,447.41421712003023,447.4117615721676,158.62445707487126,158.62859361522027,4.990839091840743,4.991095494008526,0.020388327745372956,82.0,11.0
477,87.0,99.29022842318311,99.28740304223422,447.4117615721676,447.40948893163375,158.62859361522027,158.6299953674182,4.991095494008526,4.991313981623606,0.023258241935822037,82.0,11.0
478,87.0,99.28740304223422,99.2873508984412,447.40948893163375,447.40765402832494,158.6299953674182,158.63226300021557,4.991313981623606,4.991491054702679,0.01422055801468867,82.0,11.0
479,87.0,99.2873508984412,99.28599766366457,447.40765402832494,447.4068927245614,158.63226300021557,158.63405164718247,4.991491054702679,4.991643549047702,0.013899931089545983,82.0,11.0
480,87.0,99.28599766366457,99.28661817816945,447.4068927245614,447.4071040983299,158.63405164718247,158.63579426072312,4.991643549047702,4.991772165560103,0.01404505454993876,82.0,11.0
481,87.0,99.28661817816945,99.2879779434164,447.4071040983299,447.40694209388084,158.63579426072312,158.6356447800406,4.991772165560103,4.991876255674757,0.0163622758344376,82.0,11.0
482,87.0,99.2879779434164,99.28833154479956,447.40694209388084,447.40714567512606,158.6356447800406,158.6349074832485,4.991876255674757,4.991949686302527,0.01781315660273397,82.0,11.0
483,87.0,99.28833154479956,99.28834656216857,447.40714567512606,447.4068151842598,158.6349074832485,158.6349128708275,4.991949686302527,4.991986727542134,0.024314920524121292,82.0,11.0
484,87.0,98.88647428224385,98.87726164146052,446.38175559525934,446.3791906056614,159.09975831665037,159.11713256660667,5.027108384975429,5.027843441148874,0.04166133854511002,85.0,11.0
485,87.0,98.87726164146052,98.85561959661324,446.3791906056614,446.3877914913561,159.11713256660667,159.14630702125328,5.027843441148874,5.029239365466459,0.08403526233386069,85.0,11.0
486,87.0,98.85561959661324,98.84851095628444,446.3877914913561,446.41720239648504,159.14630702125328,159.14137485573104,5.029239365466459,5.030411183287576,0.1356046216621272,85.0,11.0
487,87.0,98.84851095628444,98.8557867746779,446.41720239648504,446.43196142135156,159.14137485573104,159.1536569540803,5.030411183287576,5.03123856461267,0.05957085929875456,85.0,11.0
488,87.0,98.8557867746779,98.84758780484478,446.43196142135156,446.43148844865726,159.1536569540803,159.16781114632732,5.03123856461267,5.031921046751196,0.03399783814838197,85.0,11.0
489,87.0,98.84758780484478,98.84041438471985,446.43148844865726,446.43366700039826,159.16781114632732,159.15587714285067,5.031921046751196,5.03252340698346,0.04137039735968526,85.0,11.0
490,87.0,98.84041438471985,98.83642737160665,446.43366700039826,446.4359137159189,159.15587714285067,159.14537432415628,5.03252340698346,5.033031232878939,0.03526991175946946,85.0,11.0
491,87.0,98.83642737160665,98.83993784228491,446.4359137159189,446.44011001015195,159.14537432415628,159.13781019295135,5.033031232878939,5.033461406016911,0.05714597753534903,85.0,11.0
492,87.0,98.83993784228491,98.83634025589453,446.44011001015195,446.4365581840917,159.13781019295135,159.13422415238634,5.033461406016911,5.033772711778767,0.02068588011301384,85.0,11.0
493,87.0,98.83634025589453,98.83610998980515,446.4365581840917,446.43725879125276,159.13422415238634,159.12910688229618,5.033772711778767,5.034043485506994,0.019709630940173598,85.0,11.0
494,87.0,98.83610998980515,98.83199654416471,446.43725879125276,446.43627171929694,159.12910688229618,159.1295301457024,5.034043485506994,5.034277042196997,0.020190845426352227,85.0,11.0
495,87.0,98.83199654416471,98.82958658670313,446.43627171929694,446.43819280090077,159.1295301457024,159.12815232722076,5.034277042196997,5.034473944845909,0.018516339282553477,85.0,11.0
496,87.0,98.82958658670313,98.83130967993259,446.43819280090077,446.4389612680276,159.12815232722076,159.12631451119884,5.034473944845909,5.034638454150465,0.012996858933400354,85.0,11.0
497,87.0,98.83130967993259,98.83258721635917,446.4389612680276,446.4403947549091,159.12631451119884,159.1253579053149,5.034638454150465,5.034780593659541,0.02402348575721252,85.0,11.0
498,87.0,98.83258721635917,98.83244770229176,446.4403947549091,446.43914226410925,159.1253579053149,159.12501088195927,5.034780593659541,5.034880916835555,0.03954264027956628,85.0,11.0
499,87.0,98.83244770229176,98.83239006496646,446.43914226410925,446.4390035231736,159.12501088195927,159.1249224720511,5.034880916835555,5.03490411838367,0.016845353195958666,85.0,11.0
500,87.0,98.61700889348528,98.61629067013021,445.2563534530585,445.2556040237311,159.5716651988847,159.5720164058178,5.068923261351852,5.068959966708961,0.003341163137853451,87.0,11.0
501,87.0,98.61629067013021,98.55803960318973,445.2556040237311,445.19429177694,159.5720164058178,159.59948488254838,5.068959966708961,5.071938473146624,0.12823072803387686,87.0,11.0
502,87.0,98.55803960318973,98.20340021817947,445.19429177694,445.03715486070917,159.59948488254838,159.86787707090363,5.071938473146624,5.087741925073888,0.9832781181484994,87.0,11.0
503,87.0,98.20340021817947,98.04828118404343,445.03715486070917,444.96137711153324,159.86787707090363,159.99747266701166,5.087741925073888,5.094989946947397,0.46819298880602256,87.0,11.0
504,87.0,98.04828118404343,97.76084851850896,444.96137711153324,444.8749761140828,159.99747266701166,160.1031519443092,5.094989946947397,5.105691873853004,0.6661495193361446,87.0,11.0
505,87.0,97.76084851850896,97.56598399689781,444.8749761140828,444.7378414926455,160.1031519443092,160.176194357556,5.105691873853004,5.114104897232078,0.5161739138799383,87.0,11.0
506,87.0,97.56598399689781,97.39841988055119,444.7378414926455,444.63720053635154,160.176194357556,160.19657960864043,5.114104897232078,5.120771251393905,0.48336010126418755,87.0,11.0
507,87.0,97.39841988055119,97.31798673469484,444.63720053635154,444.51447923003127,160.19657960864043,160.17633494384154,5.120771251393905,5.125835485917508,0.3132351395964862,87.0,11.0
508,87.0,97.31798673469484,97.26049313747595,444.51447923003127,444.45268114110996,160.17633494384154,160.09460362241458,5.125835485917508,5.129887023347448,0.2146201653818676,87.0,11.0
509,87.0,97.26049313747595,97.2140812504713,444.45268114110996,444.4463171019646,160.09460362241458,160.00968396565364,5.129887023347448,5.133260759924405,0.20541959433437898,87.0,11.0
510,87.0,97.2140812504713,97.20718461593037,444.4463171019646,444.3931445858726,160.00968396565364,159.95324249792787,5.133260759924405,5.136001971488975,0.14086951824615335,87.0,11.0
511,87.0,97.20718461593037,97.16428000720235,444.3931445858726,444.3608767277756,159.95324249792787,159.91644749223715,5.136001971488975,5.138320764872246,0.15062760082256063,87.0,11.0
512,87.0,97.16428000720235,97.17786547206991,444.3608767277756,444.3737340468093,159.91644749223715,159.86809063699548,5.138320764872246,5.140200649637861,0.11531781522105251,87.0,11.0
513,87.0,97.17786547206991,97.21448081445511,444.3737340468093,444.3530313776745,159.86809063699548,159.86944533923358,5.140200649637861,5.141755507182539,0.08628136960704035,87.0,11.0
514,87.0,97.21448081445511,97.19897570851617,444.3530313776745,444.3309481163586,159.86944533923358,159.89181468307672,5.141755507182539,5.143075016764514,0.08780715895101292,87.0,11.0
515,87.0,97.19897570851617,97.19540500532058,444.3309481163586,444.33218659524135,159.89181468307672,159.919790355115,5.143075016764514,5.144165081937616,0.1317467421495795,87.0,11.0
516,87.0,97.19540500532058,97.19033222248129,444.33218659524135,444.34979496327134,159.919790355115,159.92253616959948,5.144165081937616,5.144923109438511,0.04238300844216673,87.0,11.0
517,87.0,97.19033222248129,97.18138228034327,444.34979496327134,444.3553041673599,159.92253616959948,159.91098585270794,5.144923109438511,5.145579304616726,0.055287199327973074,87.0,11.0
518,87.0,97.18138228034327,97.17349763870048,444.3553041673599,444.3548086427483,159.91098585270794,159.92004349288712,5.145579304616726,5.146107452543432,0.05447538845857619,87.0,11.0
519,87.0,97.17349763870048,97.17287506732472,444.3548086427483,444.34609342149514,159.92004349288712,159.9204625930966,5.146107452543432,5.146515776824031,0.03298085785285678,87.0,11.0
520,87.0,97.17287506732472,97.17452750234904,444.34609342149514,444.33957797876167,159.9204625930966,159.9221387573636,5.146515776824031,5.1468552804370775,0.025115892177469002,87.0,11.0
521,87.0,97.17452750234904,97.17535258416596,444.33957797876167,444.33526624104786,159.9221387573636,159.92567509117794,5.1468552804370775,5.147144593219896,0.02198813020560554,87.0,11.0
522,87.0,97.17535258416596,97.1763501948942,444.33526624104786,444.3338991198831,159.92567509117794,159.92141570919324,5.147144593219896,5.1473917228573685,0.022393474906207075,87.0,11.0
523,87.0,97.1763501948942,97.17601215556536,444.3338991198831,444.3347118374926,159.92141570919324,159.9179359356586,5.1473917228573685,5.147597693886384,0.0176104791275574,87.0,11.0
524,87.0,97.17601215556536,97.17326725969562,444.3347118374926,444.335300827229,159.9179359356586,159.9173532482145,5.147597693886384,5.147772558237727,0.014278968481374252,87.0,11.0
525,87.0,97.17326725969562,97.17229434672805,444.335300827229,444.3374028376309,159.9173532482145,159.91724305335063,5.147772558237727,5.147922768654127,0.02789887385371761,87.0,11.0
526,87.0,97.17229434672805,97.17185020397912,444.3374028376309,444.33726744544174,159.91724305335063,159.91599186925842,5.147922768654127,5.1480245670179805,0.014074149594858209,87.0,11.0
527,87.0,97.17185020397912,97.17202372161817,444.33726744544174,444.3381238717094,159.91599186925842,159.91595180648181,5.1480245670179805,5.148099999701537,0.010142022013877617,87.0,11.0
528,87.0,97.17202372161817,97.17169595296541,444.3381238717094,444.337668923233,159.91595180648181,159.91590643025046,5.148099999701537,5.148154714327192,0.01456756612485829,87.0,11.0
529,87.0,97.17169595296541,97.17150179626796,444.337668923233,444.3377085967096,159.91590643025046,159.91585876122883,5.148154714327192,5.148180711192997,0.018425255153634496,87.0,11.0
530,87.0,100.09993006236188,100.10028516860913,441.459068054831,441.46452450218413,160.22083891338318,160.2309422053027,5.223113388761552,5.22356693923501,0.04320501291488629,93.0,11.0
531,87.0,100.10028516860913,100.09438224131073,441.46452450218413,441.47681817255017,160.2309422053027,160.2464054033831,5.22356693923501,5.224397230390733,0.03873131760841014,93.0,11.0
532,87.0,100.09438224131073,100.09923237135023,441.47681817255017,441.4728825412582,160.2464054033831,160.26315779995187,5.224397230390733,5.225132644437535,0.0818893671609343,93.0,11.0
533,87.0,100.09923237135023,100.0978292081141,441.4728825412582,441.475424782872,160.26315779995187,160.27524038950412,5.225132644437535,5.225675468026832,0.03259984550029419,93.0,11.0
534,87.0,100.0978292081141,100.10273889419332,441.475424782872,441.4803930469692,160.27524038950412,160.28296183872573,5.225675468026832,5.226145266595172,0.050212072066060306,93.0,11.0
535,87.0,100.10273889419332,100.09551922374234,441.4803930469692,441.4784853298164,160.28296183872573,160.28389675599124,5.226145266595172,5.226507611882636,0.04627405104540929,93.0,11.0
536,87.0,100.09551922374234,100.09448033248138,441.4784853298164,441.4793172344347,160.28389675599124,160.28886822423928,5.226507611882636,5.22677744261887,0.047789004921383174,93.0,11.0
537,87.0,100.09448033248138,100.09455782310013,441.4793172344347,441.4765359809072,160.28886822423928,160.29007555930093,5.22677744261887,5.226959562153664,0.01424673839801741,93.0,11.0
538,87.0,100.09455782310013,100.0964565103503,441.4765359809072,441.476030377892,160.29007555930093,160.28856785841543,5.226959562153664,5.227116986857126,0.014113277389366114,93.0,11.0
539,87.0,100.0964565103503,100.09784321740885,441.476030377892,441.4755073710197,160.28856785841543,160.2872911230309,5.227116986857126,5.227250157895646,0.0119247563859172,93.0,11.0
540,87.0,100.09784321740885,100.09676163071734,441.4755073710197,441.474487570359,160.2872911230309,160.28689197305602,5.227250157895646,5.227362682846899,0.036921236227119854,93.0,11.0
541,87.0,100.09676163071734,100.09667028141935,441.474487570359,441.4743161633298,160.28689197305602,160.28721938756206,5.227362682846899,5.227403745125389,0.014508576446298035,93.0,11.0
542,87.0,100.09667028141935,100.09665404182871,441.4743161633298,441.47440648440795,160.28721938756206,160.28724184968755,5.227403745125389,5.227418643330754,0.011831183956769555,93.0,11.0
543,87.0,100.62613938026632,100.63004376111212,444.0760953519797,444.07513074925765,171.10748637322848,171.11106085380646,5.6264486873214725,5.626687271741611,0.00941873951221696,97.0,11.0
544,87.0,100.63004376111212,100.63690872874987,444.07513074925765,444.06826199709747,171.11106085380646,171.11591564869997,5.626687271741611,5.627173320614938,0.03693123628414622,97.0,11.0
545,87.0,100.63690872874987,100.64029063450246,444.06826199709747,444.0761731628628,171.11591564869997,171.11703880124458,5.627173320614938,5.627579003558585,0.03081996311352598,97.0,11.0
546,87.0,100.64029063450246,100.64621908996327,444.0761731628628,444.0792679945715,171.11703880124458,171.11902565302225,5.627579003558585,5.627920386712529,0.026831681009412803,97.0,11.0
547,87.0,100.64621908996327,100.64723915850371,444.0792679945715,444.08383448072846,171.11902565302225,171.1220984498134,5.627920386712529,5.628208146055195,0.02646127985361671,97.0,11.0
548,87.0,100.64723915850371,100.64644995465925,444.08383448072846,444.0852347918309,171.1220984498134,171.12613206696363,5.628208146055195,5.628445429131704,0.012812507125525098,97.0,11.0
549,87.0,100.64644995465925,100.64995342093272,444.0852347918309,444.08477002447796,171.12613206696363,171.12745692465404,5.628445429131704,5.628659184513369,0.029496433482333603,97.0,11.0
550,87.0,100.64995342093272,100.65124813134483,444.08477002447796,444.08273748461744,171.12745692465404,171.12835728427993,5.628659184513369,5.628820943663519,0.022196751864432734,97.0,11.0
551,87.0,100.65124813134483,100.65058502408577,444.08273748461744,444.0813708315257,171.12835728427993,171.12924444991262,5.628820943663519,5.628944530051785,0.01790569104868724,97.0,11.0
552,87.0,100.65058502408577,100.65083539572143,444.0813708315257,444.0804061211613,171.12924444991262,171.12982314373008,5.628944530051785,5.629036334543462,0.019584304770679507,97.0,11.0
553,87.0,100.65083539572143,100.65084396172954,444.0804061211613,444.079905994117,171.12982314373008,171.12962626778256,5.629036334543462,5.62908925387785,0.011618120803496348,97.0,11.0
554,87.0,100.65084396172954,100.65080600499682,444.079905994117,444.07977328662525,171.12962626778256,171.1298294900889,5.62908925387785,5.629119040136809,0.020509468969885744,97.0,11.0
555,87.0,95.29307973917432,95.29314750002074,447.32392244969844,447.3241450555923,177.20979089588673,177.20984954573288,5.91767903933708,5.917700455218574,0.0011234511133530994,99.0,11.0
556,87.0,95.29314750002074,95.29334733787195,447.3241450555923,447.324787793015,177.20984954573288,177.21015241178694,5.917700455218574,5.917767171417959,0.01652877196445967,99.0,11.0
557,87.0,95.29334733787195,95.29325752368928,447.324787793015,447.32464273414007,177.21015241178694,177.21037921994517,5.917767171417959,5.917800271685439,0.02227682581616139,99.0,11.0
558,87.0,90.90172931696324,90.90405031426492,447.62524771741346,447.62529028434017,182.47899565466676,182.48244704252244,6.146697632736734,6.146891036273372,0.005890017230061155,100.0,11.0
559,87.0,90.90405031426492,90.91119509728681,447.62529028434017,447.6271607197439,182.48244704252244,182.48681944849304,6.146891036273372,6.14729320992566,0.02141453165579607,100.0,11.0
560,87.0,90.91119509728681,90.91730707767225,447.6271607197439,447.62339411250775,182.48681944849304,182.4885847639835,6.14729320992566,6.147650515289775,0.05296761335578179,100.0,11.0
561,87.0,90.91730707767225,90.91673621585306,447.62339411250775,447.6224081002409,182.4885847639835,182.49315895137917,6.147650515289775,6.147902945722389,0.018711809657470505,100.0,11.0
562,87.0,90.91673621585306,90.91751039050435,447.6224081002409,447.6253138297702,182.49315895137917,182.49072436526077,6.147902945722389,6.148120665224588,0.014918814081751181,100.0,11.0
563,87.0,90.91751039050435,90.9153922421405,447.6253138297702,447.62301396349693,182.49072436526077,182.48988509854954,6.148120665224588,6.148311627320283,0.042522022463789534,100.0,11.0
564,87.0,90.9153922421405,90.91500252463636,447.62301396349693,447.62382608139126,182.48988509854954,182.49124971199083,6.148311627320283,6.148429028909808,0.014736237313076625,100.0,11.0
565,87.0,90.91500252463636,90.91532638420166,447.62382608139126,447.6244941166002,182.49124971199083,182.49211416911683,6.148429028909808,6.148520100422806,0.02609374922122458,100.0,11.0
566,87.0,90.91532638420166,90.91565681289441,447.6244941166002,447.62446424167774,182.49211416911683,182.49199414710876,6.148520100422806,6.148558930507587,0.01665786749932531,100.0,11.0
567,87.0,90.91565681289441,90.91563615607681,447.62446424167774,447.62444011972104,182.49199414710876,182.4920381645639,6.148558930507587,6.148568943669964,0.00856380794302692,100.0,11.0
568,87.0,83.37418978964162,83.37138857850213,451.8604650313038,451.86122670494854,180.61371743340155,180.6138496385334,6.441444840549589,6.441590432861237,0.006781388020719711,101.0,11.0
569,87.0,83.37138857850213,83.36567457455958,451.86122670494854,451.8624427610236,180.6138496385334,180.6148160497869,6.441590432861237,6.441890922190207,0.01921719846563194,101.0,11.0
570,87.0,83.36567457455958,83.36146211338887,451.8624427610236,451.8647578141502,180.6148160497869,180.61351499324007,6.441890922190207,6.442154066924619,0.020508226193454555,101.0,11.0
571,87.0,83.36146211338887,83.35830170688799,451.8647578141502,451.86640697236845,180.61351499324007,180.61541169122572,6.442154066924619,6.442378813619796,0.02965950294166171,101.0,11.0
572,87.0,83.35830170688799,83.36088921575386,451.86640697236845,451.8669790652945,180.61541169122572,180.61450785935466,6.442378813619796,6.442550709023315,0.01531915853857906,101.0,11.0
573,87.0,83.36088921575386,83.36261174610813,451.8669790652945,451.8679127693499,180.61450785935466,180.6134709121065,6.442550709023315,6.442696192198854,0.01592397022175321,101.0,11.0
574,87.0,83.36261174610813,83.36402308977728,451.8679127693499,451.8670904747404,180.6134709121065,180.61369215660383,6.442696192198854,6.442814259585457,0.013804010146533735,101.0,11.0
575,87.0,83.36402308977728,83.36457624006103,451.8670904747404,451.8670132894578,180.61369215660383,180.61473463711772,6.442814259585457,6.442907754540385,0.01278292252425415,101.0,11.0
576,87.0,83.36457624006103,83.36415474811477,451.8670132894578,451.86755175083215,180.61473463711772,180.61437933148204,6.442907754540385,6.442976590253957,0.02313803730692892,101.0,11.0
577,87.0,83.36415474811477,83.36414843213869,451.86755175083215,451.86758003741454,180.61437933148204,180.61420992388918,6.442976590253957,6.4429995541624985,0.0167092369336814,101.0,11.0
578,87.0,85.01136586379769,85.01264058042541,451.98935402765403,451.98845410628655,180.0534560146338,180.05347507206073,6.499343742846287,6.499457357702105,0.015526048372388886,103.0,11.0
579,87.0,85.01264058042541,85.01220959489092,451.98845410628655,451.98784346181674,180.05347507206073,180.05420251461706,6.499457357702105,6.499542894060192,0.02577721295182202,103.0,11.0
580,87.0,85.01220959489092,85.01237076430712,451.98784346181674,451.9876707920542,180.05420251461706,180.05403322150036,6.499542894060192,6.499576572380374,0.019208655427838537,103.0,11.0
581,87.0,85.01237076430712,85.01238141683676,451.9876707920542,451.9876735678781,180.05403322150036,180.05403670548577,6.499576572380374,6.4995799420355445,0.003370955992704046,103.0,11.0
582,87.0,82.38722455984056,82.38711272216293,452.3720821753492,452.37205832923826,181.95738701600823,181.95749895236554,6.6081929394571315,6.608214741488237,0.016039037094756733,104.0,11.0
583,87.0,82.16594782914981,82.16540718278699,452.66955966875383,452.66947953739816,181.63276598109326,181.63215730970234,6.6246223018382295,6.624676467007629,0.008499765055240957,105.0,11.0
584,87.0,82.16540718278699,82.16364005641636,452.66947953739816,452.669178694248,181.63215730970234,181.63172214238034,6.624676467007629,6.624804245830413,0.013267271597939178,105.0,11.0
585,87.0,82.16364005641636,82.16412674459352,452.669178694248,452.66949043312906,181.63172214238034,181.6329833119928,6.624804245830413,6.624908854635622,0.015207299101791968,105.0,11.0
586,87.0,82.16412674459352,82.1638254660872,452.66949043312906,452.66995887019993,181.6329833119928,181.63229068508258,6.624908854635622,6.624985155279378,0.038710310938155384,105.0,11.0
587,87.0,82.1638254660872,82.16382130861254,452.66995887019993,452.6699622208763,181.63229068508258,181.6322703733376,6.624985155279378,6.624990268936514,0.004863709361581814,105.0,11.0
588,87.0,82.16594615960084,82.16594128841676,452.66955850986113,452.6695556000458,181.6327671986566,181.63277222283182,6.624623085668686,6.624625606962183,0.0025881491231644366,106.0,11.0
589,87.0,98.45899680414071,98.45928652022944,444.3600624032091,444.3615142837487,155.35769654365578,155.35745356843208,5.483730253542223,5.483816007204058,0.005044386709925299,110.0,11.0
590,87.0,98.45928652022944,98.46102844982467,444.3615142837487,444.3643994594912,155.35745356843208,155.35681429171137,5.483816007204058,5.484015230897576,0.012424290568886075,110.0,11.0
591,87.0,98.46102844982467,98.4616059460336,444.3643994594912,444.36174059321377,155.35681429171137,155.35788338845813,5.484015230897576,5.484192561391196,0.020472189724230847,110.0,11.0
592,87.0,98.4616059460336,98.46000564406606,444.36174059321377,444.3604432271774,155.35788338845813,155.3572956813975,5.484192561391196,5.484334563512215,0.008192376369109435,110.0,11.0
593,87.0,98.46000564406606,98.46182545658529,444.3604432271774,444.36055661578274,155.3572956813975,155.35759542309717,5.484334563512215,5.484462498090333,0.03438587962193675,110.0,11.0
594,87.0,98.46182545658529,98.46242729689236,444.36055661578274,444.36084328646274,155.35759542309717,155.35736446310636,5.484462498090333,5.484527059868195,0.020213212040306565,110.0,11.0
595,87.0,98.46242729689236,98.46257958977417,444.36084328646274,444.3609337436017,155.35736446310636,155.35742457734128,5.484527059868195,5.484551482320634,0.01753999190861623,110.0,11.0
596,87.0,98.45899690473783,98.4589969794311,444.36006002790737,444.36005294058987,155.35769565010554,155.35769273986247,5.483731083820281,5.483733624056232,0.0026060890918284388,111.0,11.0
597,87.0,97.77067806687117,97.77090459638983,443.1379012779007,443.1378392808748,151.91938173326452,151.91928552043217,5.607596527071351,5.607618620844886,0.0024747338031610513,114.0,11.0
598,87.0,97.77090459638983,97.77164490458792,443.1378392808748,443.1379087635981,151.91928552043217,151.9190948686961,5.607618620844886,5.6076872626180405,0.01730947026718739,114.0,11.0
599,87.0,97.77164490458792,97.77181539212795,443.1379087635981,443.1377720636634,151.9190948686961,151.91928171620674,5.6076872626180405,5.607720678374564,0.022442254781987442,114.0,11.0
600,87.0,96.91832515611041,96.9176168708136,443.2599164067516,443.2606802285659,150.82842510119423,150.82653974714262,5.65395569114599,5.654069912223181,0.010165963499026863,116.0,11.0
601,87.0,96.9176168708136,96.9145245124864,443.2606802285659,443.2618884830673,150.82653974714262,150.82359856735928,5.654069912223181,5.654311015491706,0.016646414219740596,116.0,11.0
602,87.0,96.9145245124864,96.91615171113831,443.2618884830673,443.26520794238934,150.82359856735928,150.8236664772281,5.654311015491706,5.654521543495703,0.019307114034896346,116.0,11.0
603,87.0,96.91615171113831,96.91865137526395,443.26520794238934,443.26640946331736,150.8236664772281,150.82281848059532,5.654521543495703,5.654697857258856,0.01813797026373813,116.0,11.0
604,87.0,96.91865137526395,96.9197919180761,443.26640946331736,443.26468110116446,150.82281848059532,150.8220562348924,5.654697857258856,5.65484286570428,0.013947024241583861,116.0,11.0
605,87.0,96.9197919180761,96.91825569502643,443.26468110116446,443.2639448509135,150.8220562348924,150.82217035483737,5.65484286570428,5.654963886015262,0.026943534733865484,116.0,11.0
606,87.0,96.91825569502643,96.91788669470681,443.2639448509135,443.26339858859984,150.82217035483737,150.82264610227713,5.654963886015262,5.655035438970102,0.034381629926091374,116.0,11.0
607,87.0,96.91788669470681,96.91790108037638,443.26339858859984,443.2634319441193,150.82264610227713,150.82264011203586,5.655035438970102,5.6550430361952335,0.0068096886240148966,116.0,11.0
608,87.0,96.26493034400778,96.26487736391621,442.53587110183844,442.5355660142617,152.0097605792892,152.0099305745117,5.705054399776106,5.705083110534417,0.0016101096010536532,117.0,11.0
609,87.0,96.26487736391621,96.2648240567678,442.5355660142617,442.53468973520194,152.0099305745117,152.01045673548842,5.705083110534417,5.705167508286923,0.02051192278518407,117.0,11.0
610,87.0,96.2648240567678,96.26515125681166,442.53468973520194,442.5346063169435,152.01045673548842,152.01067830659684,5.705167508286923,5.705210395119848,0.02006728924167227,117.0,11.0
611,87.0,96.26515125681166,96.26518160967058,442.5346063169435,442.5346242166241,152.01067830659684,152.0106588876439,5.705210395119848,5.705218486630003,0.007177208762103565,117.0,11.0
612,87.0,94.74001580155678,94.73989728623104,446.50580332716055,446.50593790389723,152.2619888421341,152.2619293042861,5.847159537265904,5.8471775401650135,0.0011948449892694563,119.0,11.0
613,87.0,94.73989728623104,94.73949797452492,446.50593790389723,446.5062406900112,152.2619293042861,152.26165283085473,5.8471775401650135,5.847232950536456,0.028711474042334383,119.0,11.0
614,87.0,94.73949797452492,94.73948601007453,446.5062406900112,446.50622562942937,152.26165283085473,152.26165402394946,5.847232950536456,5.847237765132604,0.004616541147543705,119.0,11.0
615,87.0,96.18665638403846,96.18670483548014,445.3552795478048,445.35531500176137,153.1046105713611,153.10460590487088,5.914921976821435,5.914932761900498,0.009100138738832503,122.0,11.0
616,87.0,94.04696921337822,94.04697186286998,440.62139361442735,440.62139023262205,154.24721938756426,154.24721933047638,6.093231573595585,6.093233287792167,0.0017952930356668595,124.0,11.0
617,87.0,93.75710002552616,93.75678322956875,440.32102040427526,440.32120753579466,154.05146994730768,154.052003608864,6.108609907943788,6.10865530091232,0.0017520552038385703,126.0,11.0
618,87.0,93.75678322956875,93.75587633346974,440.32120753579466,440.3218265978773,154.052003608864,154.0533236492592,6.10865530091232,6.1087768025434075,0.009341796994382777,126.0,11.0
619,87.0,93.75587633346974,93.75624547430621,440.3218265978773,440.3205717021104,154.0533236492592,154.05381425605478,6.1087768025434075,6.108881926864321,0.014171491586641665,126.0,11.0
620,87.0,93.75624547430621,93.7561731271034,440.3205717021104,440.31971546683917,154.05381425605478,154.05417329599632,6.108881926864321,6.108960826250259,0.018241716711453096,126.0,11.0
621,87.0,93.7561731271034,93.7559431650435,440.31971546683917,440.319637050903,154.05417329599632,154.05447679685562,6.108960826250259,6.109002527879102,0.01655790429010999,126.0,11.0
622,87.0,93.7559431650435,93.75600765385246,440.319637050903,440.3196596465579,154.05447679685562,154.05445412823715,6.109002527879102,6.1090147848873855,0.010099730416942301,126.0,11.0
623,87.0,93.75709765207051,93.75708998732117,440.3210206943636,440.3210222244679,154.05147067300874,154.05147249123033,6.108610724469016,6.108613346652459,0.00268342,127.0,11.0
624,87.0,100.13581491448795,100.1357640439792,440.9789429697038,440.97892713734666,160.8078099356287,160.8077594758168,5.259616285826923,5.259628711537487,0.010212557279500606,130.0,11.0
625,87.0,100.13881234479322,100.13881674207512,440.9816598723981,440.9816550091373,160.80063565641467,160.800641256189,5.259888419639214,5.259891174524274,0.002807764074428273,132.0,11.0
626,87.0,100.44734943858901,100.44699914029634,440.6270610890566,440.62507946126436,160.91607143168443,160.91624870411488,5.26065266270447,5.26076125556724,0.005297147494326875,135.0,11.0
627,87.0,100.44699914029634,100.4456294904097,440.62507946126436,440.62097080819683,160.91624870411488,160.9170089111349,5.26076125556724,5.261000793204393,0.015658800031395165,135.0,11.0
628,87.0,100.4456294904097,100.44433451237676,440.62097080819683,440.6179175695115,160.9170089111349,160.9186578948095,5.261000793204393,5.261211589295867,0.013717996059222283,135.0,11.0
629,87.0,100.44433451237676,100.44535246460374,440.6179175695115,440.6151609977881,160.9186578948095,160.91973719219783,5.261211589295867,5.261397939855232,0.015451330835833308,135.0,11.0
630,87.0,100.44535246460374,100.4477700055507,440.6151609977881,440.61564742587564,160.91973719219783,160.9192059381906,5.261397939855232,5.261557443916897,0.012728223325136078,135.0,11.0
631,87.0,100.4477700055507,100.44890835322003,440.61564742587564,440.6141436863666,160.9192059381906,160.91840404146765,5.261557443916897,5.261695063462498,0.01586746721441531,135.0,11.0
632,87.0,100.44890835322003,100.45021076533017,440.6141436863666,440.6134716345908,160.91840404146765,160.91811849453245,5.261695063462498,5.261805214309626,0.030545012017671267,135.0,11.0
633,87.0,100.45021076533017,100.45009570126636,440.6134716345908,440.61296895450397,160.91811849453245,160.91813035302488,5.261805214309626,5.261856553881255,0.01917985774260475,135.0,11.0
634,87.0,100.45009570126636,100.45008315191686,440.61296895450397,440.6129623604335,160.91813035302488,160.91803195703787,5.261856553881255,5.261872008290409,0.012185493561200259,135.0,11.0
635,87.0,100.44734823281297,100.44734104240686,440.62705921412123,440.6270561028402,160.91607051500046,160.91606577471242,5.260653418492197,5.260656289833163,0.00291608,136.0,11.0
636,87.0,104.44986561611964,104.45097584760117,439.35204905113176,439.3492455906144,165.81741286015682,165.81895806396534,5.475973232062216,5.476136013372272,0.009850261978628086,138.0,11.0
637,87.0,104.45097584760117,104.44952165779736,439.3492455906144,439.34276395507925,165.81895806396534,165.82137868659328,5.476136013372272,5.476480979946164,0.036199355423296546,138.0,11.0
638,87.0,104.44952165779736,104.45039599108665,439.34276395507925,439.3461666037248,165.82137868659328,165.82524677872885,5.476480979946164,5.476753958694459,0.018139260874592465,138.0,11.0
639,87.0,104.45039599108665,104.44786587962247,439.3461666037248,439.3479568470665,165.82524677872885,165.8283334404178,5.476753958694459,5.476992558523376,0.0361831032268074,138.0,11.0
640,87.0,104.44786587962247,104.44610392072104,439.3479568470665,439.3479362313681,165.8283334404178,165.83055820602868,5.476992558523376,5.477166138346641,0.011834184556809907,138.0,11.0
641,87.0,104.44610392072104,104.44446199945715,439.3479362313681,439.3486668297445,165.83055820602868,165.83212278519858,5.477166138346641,5.477319283610547,0.01735816606154463,138.0,11.0
642,87.0,104.44446199945715,104.44545610473612,439.3486668297445,439.3472225342815,165.83212278519858,165.8321043329199,5.477319283610547,5.4774425896509635,0.012930737364110604,138.0,11.0
643,87.0,104.44545610473612,104.44659265846335,439.3472225342815,439.34748010342,165.8321043329199,165.83270638289736,5.4774425896509635,5.477543158761679,0.016336723250620782,138.0,11.0
644,87.0,104.44659265846335,104.44638848469341,439.34748010342,439.34699722115784,165.83270638289736,165.83212708965377,5.477543158761679,5.477612685619557,0.02599441839403029,138.0,11.0
645,87.0,104.44638848469341,104.44629606627193,439.34699722115784,439.347086667069,165.83212708965377,165.8321413684295,5.477612685619557,5.477631378811601,0.014193510120132629,138.0,11.0
646,87.0,103.10569805158293,103.1057626800064,440.8324376547688,440.83314645741956,165.1213265421125,165.12113361035227,5.546613603480806,5.546680276358423,0.013125499895859857,139.0,11.0
647,87.0,103.1057626800064,103.10567008020386,440.83314645741956,440.8330715906659,165.12113361035227,165.12079004951016,5.546680276358423,5.546719976022728,0.01915803396555813,139.0,11.0
648,87.0,103.10567008020386,103.10565160797171,440.8330715906659,440.8330452325643,165.12079004951016,165.12077895758785,5.546719976022728,5.546727162982337,0.0065008409107347315,139.0,11.0
649,87.0,98.999601768315,98.99953274736376,433.24286393475643,433.24154190945546,157.26558921306818,157.2648359031875,5.935836345627645,5.9359232305575595,0.0030183419440524477,140.0,11.0
650,87.0,98.99953274736376,98.99874570598061,433.24154190945546,433.2382575814869,157.2648359031875,157.26376460728596,5.9359232305575595,5.936127245801333,0.07381724379806358,140.0,11.0
651,87.0,98.99874570598061,98.99902136321816,433.2382575814869,433.2374953227498,157.26376460728596,157.26353867708113,5.936127245801333,5.936200601213045,0.03380248817820618,140.0,11.0
652,87.0,98.99902136321816,98.99899059982805,433.2374953227498,433.2374885203427,157.26353867708113,157.26349814103523,5.936200601213045,5.9362102249433075,0.008287929241663841,140.0,11.0
653,87.0,99.00035024542144,99.00034402372123,433.24376248267555,433.2437661986597,157.26288026156357,157.26288051724657,5.935935594283785,5.93593804042381,0.002516716960699685,143.0,11.0
654,87.0,98.9135657035882,98.91360752347491,443.75766181696633,443.7576803471517,159.968127420636,159.96816009753337,5.130941597363852,5.130951864506392,0.00874132599586328,146.0,11.0
655,87.0,98.91355042628743,98.91355262729019,443.7576666323615,443.7576678389822,159.9681239025394,159.96813027297281,5.130939258822727,5.130941610753783,0.002426596852049163,147.0,11.0
656,87.0,98.76726505755873,98.76730399033565,443.95175481623363,443.95176674475925,160.06111777858104,160.06111730614515,5.122255985204163,5.122264146268388,0.007228550903203524,151.0,11.0
657,87.0,98.76725033102792,98.76724276507163,443.9517480890581,443.95174915588694,160.0611206164089,160.0611227413508,5.1222540544275885,5.122256655502026,0.0026635423181085014,152.0,11.0
658,87.0,101.79011192435958,101.79019386667775,440.3825227215096,440.38239309464996,160.08916148302427,160.08908231622448,5.278043591525876,5.278059564828743,0.0014479772832453955,155.0,11.0
659,87.0,101.79019386667775,101.79046084291409,440.38239309464996,440.38186907607894,160.08908231622448,160.08931588200872,5.278059564828743,5.278119202013417,0.019900082660980815,155.0,11.0
660,87.0,101.79046084291409,101.79042060766051,440.38186907607894,440.3819041026387,160.08931588200872,160.08917547435624,5.278119202013417,5.278140025036703,0.015465957834961918,155.0,11.0
661,87.0,102.47149454738721,102.47169724296434,439.00285547249325,439.00288468753126,163.76276329206826,163.76276842227477,5.410905244667769,5.410931337391243,0.01847878797960974,157.0,11.0
662,87.0,97.48695458884472,97.48660983019059,439.06311308615767,439.0631054288677,169.46659951085152,169.4667935731625,5.663575428444753,5.663606641628538,0.009076670633517359,158.0,11.0
663,87.0,97.48660983019059,97.48580263672112,439.0631054288677,439.06289166090784,169.4667935731625,169.46712045281768,5.663606641628538,5.663683431004595,0.010917571127896505,158.0,11.0
664,87.0,97.48580263672112,97.4856047380566,439.06289166090784,439.06237241276875,169.46712045281768,169.4671897609916,5.663683431004595,5.6637379622967705,0.01422772529988992,158.0,11.0
665,87.0,97.4856047380566,97.48560126452766,439.06237241276875,439.0625790217994,169.4671897609916,169.4671605407648,5.6637379622967705,5.663764410181815,0.018676765355790957,158.0,11.0
666,87.0,100.61365211668277,100.61378469885814,439.7382035718395,439.73821685984785,167.4852242054151,167.48435479208476,5.789085242173319,5.789142480236412,0.001966414201679883,160.0,11.0
667,87.0,100.61378469885814,100.6142610479611,439.73821685984785,439.73833010030273,167.48435479208476,167.482200197684,5.789142480236412,5.789287624977371,0.03360182450244828,160.0,11.0
668,87.0,100.6142610479611,100.61457397060697,439.73833010030273,439.73853581961873,167.482200197684,167.4812197204081,5.789287624977371,5.789373544230037,0.014555161949007857,160.0,11.0
669,87.0,100.61457397060697,100.61403531054835,439.73853581961873,439.7384931815751,167.4812197204081,167.4809773613613,5.789373544230037,5.789430358042435,0.012458731125631806,160.0,11.0
670,87.0,100.61403531054835,100.61428972301118,439.7384931815751,439.7385660716112,167.4809773613613,167.48093698510777,5.789430358042435,5.789462073214588,0.01780382557873773,160.0,11.0
671,87.0,100.61428972301118,100.61428376659464,439.7385660716112,439.73856505417814,167.48093698510777,167.48094924719516,5.789462073214588,5.789465861911955,0.0037416633756004007,160.0,11.0
672,87.0,100.61365486837322,100.61366337606837,439.7382041412978,439.738206330047,167.4852234340803,167.4852208493482,5.789086155881738,5.789089027222704,0.00291608,161.0,11.0
673,87.0,96.96159528229978,96.9348483007164,431.6145260572048,431.5829600274419,165.59110111636943,165.6372353661728,5.569674101319368,5.5718024392993435,0.08555980552219421,163.0,11.0
674,87.0,96.9348483007164,96.86584263232503,431.5829600274419,431.5820866091725,165.6372353661728,165.73757200019423,5.5718024392993435,5.5759956398859565,0.29153365139138904,163.0,11.0
675,87.0,96.86584263232503,96.87852803720027,431.5820866091725,431.6567305102535,165.73757200019423,165.7931272501126,5.5759956398859565,5.579267768336072,0.23859037659037852,163.0,11.0
676,87.0,96.87852803720027,96.89540598256954,431.6567305102535,431.682719669362,165.7931272501126,165.80632679608786,5.579267768336072,5.580459802456173,0.05017697087284666,163.0,11.0
677,87.0,96.89540598256954,96.91522355764172,431.682719669362,431.69664969508324,165.80632679608786,165.82653067678555,5.580459802456173,5.581661475862708,0.13339009136324692,163.0,11.0
678,87.0,96.91522355764172,96.92069009072054,431.69664969508324,431.71468500174825,165.82653067678555,165.83690712900653,5.581661475862708,5.582522599936127,0.05838038326259364,163.0,11.0
679,87.0,96.92069009072054,96.91299822136509,431.71468500174825,431.7302642777478,165.83690712900653,165.83660750991612,5.582522599936127,5.583240522782465,0.0563850042595673,163.0,11.0
680,87.0,96.91299822136509,96.91276564090722,431.7302642777478,431.74361750575724,165.83660750991612,165.8340532747634,5.583240522782465,5.583825234460324,0.037707517214446096,163.0,11.0
681,87.0,96.91276564090722,96.91737942077984,431.74361750575724,431.7529644252597,165.8340532747634,165.82992079773624,5.583825234460324,5.584324223036019,0.02617070195979362,163.0,11.0
682,87.0,96.91737942077984,96.91419680990838,431.7529644252597,431.76200553492174,165.82992079773624,165.82891976073523,5.584324223036019,5.584765549256081,0.054477205339218605,163.0,11.0
683,87.0,96.91419680990838,96.91461282029884,431.76200553492174,431.76340011528146,165.82891976073523,165.82782850699422,5.584765549256081,5.584855633907694,0.005021376049723652,163.0,11.0
684,87.0,96.91461282029884,96.91480823804677,431.76340011528146,431.7637868130763,165.82782850699422,165.8274818477574,5.584855633907694,5.584909800172561,0.032728607643657565,163.0,11.0
685,87.0,99.52799981174937,99.54432017723659,419.51921943491607,419.472711442976,165.36804482630475,165.35643505874015,5.982179250122656,5.983924919034049,0.22589190899268663,164.0,11.0
686,87.0,99.54432017723659,99.57862329531487,419.472711442976,419.3842945202796,165.35643505874015,165.34617582246744,5.983924919034049,5.987246017426323,0.19970857613547172,164.0,11.0
687,87.0,99.57862329531487,99.57409526161297,419.3842945202796,419.34841961763607,165.34617582246744,165.27839266624457,5.987246017426323,5.989953349705675,0.18221235038109768,164.0,11.0
688,87.0,99.57409526161297,99.62559901594102,419.34841961763607,419.331118419809,165.27839266624457,165.25197278418136,5.989953349705675,5.992117470657127,0.10778823154498966,164.0,11.0
689,87.0,99.62559901594102,99.63473245614928,419.331118419809,419.30189577387443,165.25197278418136,165.21116596943807,5.992117470657127,5.99396967968628,0.11184259596533482,164.0,11.0
690,87.0,99.63473245614928,99.5958188345463,419.30189577387443,419.29285052790044,165.21116596943807,165.1996772606452,5.99396967968628,5.995507363568158,0.08971841057733732,164.0,11.0
691,87.0,99.5958188345463,99.57507702029537,419.29285052790044,419.32014344004267,165.1996772606452,165.1995041174198,5.995507363568158,5.996801068188501,0.0738397616979084,164.0,11.0
692,87.0,99.57507702029537,99.55495902571934,419.32014344004267,419.33992587836417,165.1995041174198,165.19506494261464,5.996801068188501,5.997902372297437,0.05868766143156728,164.0,11.0
693,87.0,99.55495902571934,99.53701058811767,419.33992587836417,419.3379641743897,165.19506494261464,165.21106474181124,5.997902372297437,5.998852925975706,0.04606788864509167,164.0,11.0
694,87.0,99.53701058811767,99.52916858067394,419.3379641743897,419.3536287582595,165.21106474181124,165.2221939083609,5.998852925975706,5.999687919896561,0.11504378738882766,164.0,11.0
695,87.0,99.52916858067394,99.53123955053613,419.3536287582595,419.3663270685506,165.2221939083609,165.22315985856977,5.999687919896561,6.0002478063540945,0.08866053216110957,164.0,11.0
696,87.0,99.53123955053613,99.5349234389129,419.3663270685506,419.3666658660959,165.22315985856977,165.21650428429572,6.0002478063540945,6.000613524872408,0.02737415594729471,164.0,11.0
697,87.0,99.5349234389129,99.53719401780847,419.3666658660959,419.3716543346583,165.21650428429572,165.21368180382044,6.000613524872408,6.000923535135695,0.030990160921718513,164.0,11.0
698,87.0,99.53719401780847,99.53372534618198,419.3716543346583,419.3723675123335,165.21368180382044,165.2106652549706,6.000923535135695,6.001173449699573,0.03352460442179093,164.0,11.0
699,87.0,99.53372534618198,99.53153748232941,419.3723675123335,419.37372785552617,165.2106652549706,165.21254141914176,6.001173449699573,6.001362245469559,0.014619761615367178,164.0,11.0
700,87.0,99.53153748232941,99.5298551450225,419.37372785552617,419.37408387503064,165.21254141914176,165.21450165483802,6.001362245469559,6.0015255779757,0.013945483750463793,164.0,11.0
701,87.0,99.5298551450225,99.52831667701913,419.37408387503064,419.3754806770568,165.21450165483802,165.2146821265457,6.0015255779757,6.001664918854969,0.012728682280281532,164.0,11.0
702,87.0,99.52831667701913,99.52902256434068,419.3754806770568,419.3766230397745,165.2146821265457,165.21561507386346,6.001664918854969,6.001782321602524,0.019065204944933523,164.0,11.0
703,87.0,99.52902256434068,99.52950989166202,419.3766230397745,419.3770469385833,165.21561507386346,165.21637665431848,6.001782321602524,6.001865252205052,0.015657199227040217,164.0,11.0
704,87.0,99.52950989166202,99.52966597420871,419.3770469385833,419.37685256029715,165.21637665431848,165.21592622217798,6.001865252205052,6.001916518412762,0.03132992286881424,164.0,11.0
705,87.0,99.39122583402857,99.3907183552386,419.60287840968914,419.60312012861004,165.4287314988037,165.42833291447482,5.98791385070948,5.987977314676628,0.009759970089517693,166.0,11.0
706,87.0,99.3907183552386,99.390678955001,419.60312012861004,419.60303213438056,165.42833291447482,165.42793497747533,5.987977314676628,5.988020636438702,0.013529572678478737,166.0,11.0
707,87.0,99.390678955001,99.39079304405637,419.60303213438056,419.6030694843983,165.42793497747533,165.42797075269465,5.988020636438702,5.988038895312518,0.01392957327547621,166.0,11.0
708,87.0,96.59022449315253,96.5902730629124,419.94731936763367,419.9471445061411,170.71868106209587,170.71882066293762,6.18789369425567,6.187921989686022,0.019697321047465466,168.0,11.0
709,87.0,93.76610191013705,93.76594578514853,423.0093060303332,423.009654357172,173.58047920773907,173.58043203233441,6.356461849246257,6.356491999109077,0.002312450947627774,170.0,11.0
710,87.0,93.76594578514853,93.76507196075369,423.009654357172,423.01034812272866,173.58043203233441,173.58019325326057,6.356491999109077,6.356583156138637,0.013503421633843129,170.0,11.0
711,87.0,93.76507196075369,93.76471206743528,423.01034812272866,423.0109421218334,173.58019325326057,173.58005198903518,6.356583156138637,6.356647933412847,0.014119178956573379,170.0,11.0
712,87.0,93.76471206743528,93.76477952147806,423.0109421218334,423.01125111396715,173.58005198903518,173.58007700272418,6.356647933412847,6.356683849462663,0.01526014976784422,170.0,11.0
713,87.0,93.76477952147806,93.76474119651422,423.01125111396715,423.01125852889334,173.58007700272418,173.58011339177037,6.356683849462663,6.356693742370592,0.008478876301201137,170.0,11.0
714,87.0,93.46888021676651,93.46929175648046,416.58458684485305,416.5844683369599,184.24401472498178,184.24647006889438,6.771848062625262,6.7719766930004575,0.0042265689751018595,171.0,11.0
715,87.0,93.46929175648046,93.47050070980653,416.5844683369599,416.5842941607146,184.24647006889438,184.2516243322163,6.7719766930004575,6.772252525875867,0.021054883565059506,171.0,11.0
716,87.0,93.47050070980653,93.47057307761361,416.5842941607146,416.58806176112967,184.2516243322163,184.24953441112353,6.772252525875867,6.772488453114589,0.025025667968566725,171.0,11.0
717,87.0,93.47057307761361,93.46829551539555,416.58806176112967,416.5898533102119,184.24953441112353,184.24811006183086,6.772488453114589,6.772679051858424,0.017302612922353536,171.0,11.0
718,87.0,93.46829551539555,93.46666677340552,416.5898533102119,416.58909770399015,184.24811006183086,184.24630790440975,6.772679051858424,6.77283951986864,0.020930445717322117,171.0,11.0
719,87.0,93.46666677340552,93.46709853469777,416.58909770399015,416.587381021073,184.24630790440975,184.24614912372644,6.77283951986864,6.772963999942835,0.011125162653757459,171.0,11.0
720,87.0,93.46709853469777,93.46625759076646,416.587381021073,416.5874696302477,184.24614912372644,184.24725860395014,6.772963999942835,6.773069015604967,0.015288849714720224,171.0,11.0
721,87.0,93.46625759076646,93.46556068748701,416.5874696302477,416.58797565320003,184.24725860395014,184.2470207393385,6.773069015604967,6.773145605865417,0.01890159410013805,171.0,11.0
722,87.0,93.46556068748701,93.46569834413123,416.58797565320003,416.58806004078633,184.2470207393385,184.24732336748193,6.773145605865417,6.773183639718005,0.024593018726579718,171.0,11.0
723,87.0,93.46888067612376,93.46888195157754,416.584584454949,416.58457781912847,184.24401444932852,184.24401368394817,6.771848873302529,6.771851214273856,0.0024160659663404957,172.0,11.0
724,87.0,99.54461432880372,99.54471584673652,419.47073474285196,419.4707160197262,165.3556665908358,165.3556758909704,5.984001355397012,5.984017281490329,0.01248374871251787,177.0,11.0
725,87.0,96.89540598256954,96.89578207545884,431.682719669362,431.693417683417,165.80632679608786,165.8081301173589,5.580459802456173,5.580892692440136,0.024777343903106343,179.0,11.0
726,87.0,96.89578207545884,96.89844769521474,431.693417683417,431.7125707931047,165.8081301173589,165.81432205314286,5.580892692440136,5.581712193703387,0.04035434057423893,179.0,11.0
727,87.0,96.89844769521474,96.88814622114396,431.7125707931047,431.7104843566285,165.81432205314286,165.82826890780888,5.581712193703387,5.582433141261256,0.05390616321254983,179.0,11.0
728,87.0,96.88814622114396,96.88841140190291,431.7104843566285,431.7179233956255,165.82826890780888,165.83993668471737,5.582433141261256,5.5830264948219215,0.047173356649558684,179.0,11.0
729,87.0,96.88841140190291,96.89004272043675,431.7179233956255,431.7259879575489,165.83993668471737,165.84702761049348,5.5830264948219215,5.58351271647866,0.029536002412978057,179.0,11.0
730,87.0,96.89004272043675,96.88774925156193,431.7259879575489,431.73459212502394,165.84702761049348,165.84893229824667,5.58351271647866,5.58393438599364,0.022117894235644666,179.0,11.0
731,87.0,96.88774925156193,96.88784269193626,431.73459212502394,431.74242660114544,165.84893229824667,165.84948151960805,5.58393438599364,5.584309177301783,0.04055011171443281,179.0,11.0
732,87.0,96.88784269193626,96.88878339301348,431.74242660114544,431.7477583463,165.84948151960805,165.84763662132153,5.584309177301783,5.584601747838441,0.019983506729656896,179.0,11.0
733,87.0,96.88878339301348,96.89187605825624,431.7477583463,431.75134127823094,165.84763662132153,165.84808033772495,5.584601747838441,5.5848557918548325,0.01969421530418951,179.0,11.0
734,87.0,96.89187605825624,96.89037075350738,431.75134127823094,431.75489240526224,165.84808033772495,165.8483036884109,5.5848557918548325,5.585073276524345,0.01588338655463943,179.0,11.0
735,87.0,96.89037075350738,96.8874583245034,431.75489240526224,431.7560448539851,165.8483036884109,165.84768578745587,5.585073276524345,5.585262308337066,0.030283122929220047,179.0,11.0
736,87.0,96.8874583245034,96.88667360052509,431.7560448539851,431.75656261759116,165.84768578745587,165.84948319020856,5.585262308337066,5.585398931302985,0.01573071977851323,179.0,11.0
737,87.0,96.88667360052509,96.88750332139323,431.75656261759116,431.7567559385599,165.84948319020856,165.85069100197092,5.585398931302985,5.585508299352734,0.011502000516498885,179.0,11.0
738,87.0,96.88750332139323,96.88755882673465,431.7567559385599,431.75690951498945,165.85069100197092,165.84960793495605,5.585508299352734,5.585596857912793,0.01605569440113346,179.0,11.0
739,87.0,96.88755882673465,96.88716145211654,431.75690951498945,431.7564926955532,165.84960793495605,165.8497333584982,5.585596857912793,5.585653473292951,0.021324179326455847,179.0,11.0
740,87.0,96.88716145211654,96.88719737173305,431.7564926955532,431.7564577363006,165.8497333584982,165.8498257306879,5.585653473292951,5.585669559316243,0.012584417561343555,179.0,11.0
741,87.0,97.01147422756434,97.01317528048432,431.7925918472026,431.79268403352,165.76681103694457,165.76613479738316,5.58879641115951,5.588895235547956,0.0049638102396262805,181.0,11.0
742,87.0,97.01317528048432,97.01549887446328,431.79268403352,431.79635484863627,165.76613479738316,165.7658118319003,5.588895235547956,5.589133105203023,0.05451620833636142,181.0,11.0
743,87.0,97.01549887446328,97.01497887181029,431.79635484863627,431.79780987627237,165.7658118319003,165.76727408170942,5.589133105203023,5.589274405046298,0.015301665330979364,181.0,11.0
744,87.0,97.01497887181029,97.01404677667446,431.79780987627237,431.79850011123307,165.76727408170942,165.7683555446436,5.589274405046298,5.589389310617465,0.013257635929977179,181.0,11.0
745,87.0,97.01404677667446,97.01365454412495,431.79850011123307,431.7974711575636,165.7683555446436,165.768056525065,5.589389310617465,5.589480470358101,0.013203367162722768,181.0,11.0
746,87.0,97.01365454412495,97.01323918696096,431.7974711575636,431.79688832601107,165.768056525065,165.76811474861614,5.589480470358101,5.5895458658042045,0.02122002132604426,181.0,11.0
747,87.0,97.01323918696096,97.01332403577712,431.79688832601107,431.7968636826844,165.76811474861614,165.7679625020632,5.5895458658042045,5.589569232390128,0.01693970311785925,181.0,11.0
748,87.0,97.01147603574208,97.01148362191766,431.7925914702299,431.7925911601598,165.766809896926,165.7668090735203,5.588797129280169,5.588799663850066,0.0026007255320523483,182.0,11.0
749,87.0,98.03930332612683,98.03931923730029,444.9584833381712,444.95850931346683,160.0013842199184,160.0014289857715,5.095333818621838,5.095343814491681,0.008551608777003733,189.0,11.0
750,87.0,98.03930024378835,98.03930450474846,444.9584775607257,444.95848275103236,160.0013677452738,160.0013658290636,5.095331391321693,5.095333775167232,0.002457205682827514,190.0,11.0
751,87.0,98.47683011634219,98.47682376316746,445.157323280382,445.157259050345,159.6818047604764,159.68180362444957,5.075991579209614,5.076002914489979,0.009477113483153632,193.0,11.0
752,87.0,98.47683314742322,98.47683564621748,445.157348668575,445.15735701091006,159.68180561569298,159.68180805186276,5.0759886116826145,5.075991458319147,0.002893163922099582,194.0,11.0
753,87.0,98.6160205162371,98.6160632486144,445.255175082027,445.25518216703665,159.57217434938593,159.57215657107295,5.068979806392249,5.068988819037942,0.007849952199454427,196.0,11.0
754,87.0,98.6200667919377,98.61991589491676,445.2607800204587,445.26077855467446,159.56988245797862,159.56990620497697,5.06874186207615,5.068757135981307,0.0021687411370295874,198.0,11.0
755,87.0,98.61991589491676,98.61948568004895,445.26077855467446,445.2607179936772,159.56990620497697,159.57001235014224,5.068757135981307,5.068803363458218,0.015400782404959741,198.0,11.0
756,87.0,98.61948568004895,98.61946116914513,445.2607179936772,445.26081243951177,159.57001235014224,159.57007944922486,5.068803363458218,5.06882089595783,0.01348451681301805,198.0,11.0
757,87.0,98.62006750581756,98.62006998310457,445.2607796393593,445.26077833149384,159.56988009387445,159.5698731946404,5.068742678939452,5.068745169924752,0.0025593918160099313,199.0,11.0
758,87.0,95.69812082072212,95.69526652276099,439.0040532622167,439.0033296687269,163.0155771762658,163.02364927256258,5.325319639212391,5.325672208611688,0.016817940197893257,202.0,11.0
759,87.0,95.69526652276099,95.69546667751824,439.0033296687269,439.00774530685595,163.02364927256258,163.04006700963222,5.325672208611688,5.326377035430405,0.054368641701733146,202.0,11.0
760,87.0,95.69546667751824,95.68544612038362,439.00774530685595,439.0138815745583,163.04006700963222,163.04645760885757,5.326377035430405,5.326953838884219,0.0449893132678535,202.0,11.0
761,87.0,95.68544612038362,95.6814871217429,439.0138815745583,439.0127082604442,163.04645760885757,163.05617656272688,5.326953838884219,5.327429040230924,0.031284034279758254,202.0,11.0
762,87.0,95.6814871217429,95.68149758724418,439.0127082604442,439.0048170034728,163.05617656272688,163.0598856383794,5.327429040230924,5.32783631978288,0.022191349157591682,202.0,11.0
763,87.0,95.68149758724418,95.68372045818033,439.0048170034728,438.9977405404128,163.0598856383794,163.05890910916594,5.32783631978288,5.328196978562166,0.06100274950315887,202.0,11.0
764,87.0,95.68372045818033,95.68393264379282,438.9977405404128,438.9977175627722,163.05890910916594,163.05449626693607,5.328196978562166,5.328437369169648,0.022919430824661847,202.0,11.0
765,87.0,95.68393264379282,95.68502198007033,438.9977175627722,438.99791628051645,163.05449626693607,163.05126529522192,5.328437369169648,5.328635958569256,0.015900791192748127,202.0,11.0
766,87.0,95.68502198007033,95.68335690919893,438.99791628051645,438.9995039211805,163.05126529522192,163.04971861762738,5.328635958569256,5.328806629911025,0.013995402292832878,202.0,11.0
767,87.0,95.68335690919893,95.68377954793979,438.9995039211805,439.0006407467523,163.04971861762738,163.0478358225234,5.328806629911025,5.328953174677696,0.020975594985044886,202.0,11.0
768,87.0,95.68377954793979,95.68481946859373,439.0006407467523,439.00098704023975,163.0478358225234,163.04681736051032,5.328953174677696,5.329063483984335,0.009256414922060925,202.0,11.0
769,87.0,95.68481946859373,95.68465465262797,439.00098704023975,439.0020953174159,163.04681736051032,163.0472073897192,5.329063483984335,5.329157187602577,0.010708056969351442,202.0,11.0
770,87.0,95.68465465262797,95.68484231028495,439.0020953174159,439.00129217535516,163.0472073897192,163.04704958487983,5.329157187602577,5.329230434012434,0.015222761485703826,202.0,11.0
771,87.0,95.68484231028495,95.68517950737575,439.00129217535516,439.00130925080185,163.04704958487983,163.04725023272508,5.329230434012434,5.329272449024625,0.02217706304791561,202.0,11.0
772,87.0,95.68517950737575,95.68517391912127,439.00130925080185,439.00130913783977,163.04725023272508,163.04726881560913,5.329272449024625,5.329277286962788,0.004636037535474442,202.0,11.0
773,87.0,86.42857643056989,86.41096632669236,408.62935547659293,408.6077811808017,169.96493054046613,169.96302018027933,6.409705798385259,6.410706091239021,0.06113691128193787,203.0,11.0
774,87.0,86.41096632669236,86.40290115824514,408.6077811808017,408.55364613600455,169.96302018027933,169.9646057601658,6.410706091239021,6.412682505429521,0.11712948390515089,203.0,11.0
775,87.0,86.40290115824514,86.38933073404948,408.55364613600455,408.5125711436502,169.9646057601658,169.97601145876746,6.412682505429521,6.414325809402255,0.09141893164484867,203.0,11.0
776,87.0,86.38933073404948,86.38370315333721,408.5125711436502,408.4779052585054,169.97601145876746,169.98825123635123,6.414325809402255,6.415717107351947,0.06758248501044274,203.0,11.0
777,87.0,86.38370315333721,86.37894002898459,408.4779052585054,408.4465750414664,169.98825123635123,169.98552132374925,6.415717107351947,6.416927679661418,0.08530695503845821,203.0,11.0
778,87.0,86.37894002898459,86.39915148548708,408.4465750414664,408.43260767150286,169.98552132374925,169.9916128125081,6.416927679661418,6.4179187130650455,0.059044844008800945,203.0,11.0
779,87.0,86.39915148548708,86.40995054813371,408.43260767150286,408.44606326408933,169.9916128125081,170.00352303945934,6.4179187130650455,6.418760965831478,0.057550602954546344,203.0,11.0
780,87.0,86.40995054813371,86.41498745561054,408.44606326408933,408.4517925860172,170.00352303945934,170.01861700479293,6.418760965831478,6.41946264081728,0.06790698952782338,203.0,11.0
781,87.0,86.41498745561054,86.41490478401683,408.4517925860172,408.44910188747065,170.01861700479293,170.03074770093104,6.41946264081728,6.420005434983788,0.05782796905249293,203.0,11.0
782,87.0,86.41490478401683,86.41997480389108,408.44910188747065,408.44932088326766,170.03074770093104,170.03809011057857,6.420005434983788,6.42042039216937,0.06596213832943199,203.0,11.0
783,87.0,86.41997480389108,86.42530028976246,408.44932088326766,408.4496765515145,170.03809011057857,170.03725231792274,6.42042039216937,6.420700426319914,0.017742913750927132,203.0,11.0
784,87.0,86.42530028976246,86.42915221965008,408.4496765515145,408.4476389788183,170.03725231792274,170.03859384365526,6.420700426319914,6.420946586918148,0.019764684608588025,203.0,11.0
785,87.0,86.42915221965008,86.43245084919157,408.4476389788183,408.44644292774524,170.03859384365526,170.03970188651255,6.420946586918148,6.421156362384383,0.03504901779876788,203.0,11.0
786,87.0,86.43245084919157,86.43301918390873,408.44644292774524,408.4475785592041,170.03970188651255,170.03780843719514,6.421156362384383,6.421304772591334,0.011057312788668864,203.0,11.0
787,87.0,86.43301918390873,86.4339970442618,408.4475785592041,408.4463694726661,170.03780843719514,170.03675469125216,6.421304772591334,6.421434194571758,0.015105669517895583,203.0,11.0
788,87.0,86.4339970442618,86.43430373724183,408.4463694726661,408.44680856622256,170.03675469125216,170.035507166585,6.421434194571758,6.421537226988089,0.013050555086376524,203.0,11.0
789,87.0,86.43430373724183,86.43396330679809,408.44680856622256,408.44669142404643,170.035507166585,170.03465009613257,6.421537226988089,6.4216160253869905,0.013600413544014874,203.0,11.0
790,87.0,86.43396330679809,86.43369828163563,408.44669142404643,408.4469749847808,170.03465009613257,170.0349847352266,6.4216160253869905,6.421667120186143,0.01582277771697429,203.0,11.0
791,87.0,86.43369828163563,86.43364623018029,408.4469749847808,408.4469426757793,170.0349847352266,170.03484836583291,6.421667120186143,6.421687872677933,0.015424357411790914,203.0,11.0
792,87.0,86.42857643056989,86.42648097125509,408.62935547659293,408.62482858790844,169.96493054046613,169.9679693786538,6.409705798385259,6.409960664038429,0.013307125948172429,204.0,-11.0
793,87.0,86.42648097125509,86.4235071882978,408.62482858790844,408.61746473064477,169.9679693786538,169.97622803014806,6.409960664038429,6.410466830919699,0.0845800501707839,204.0,-11.0
794,87.0,86.4235071882978,86.42980183630036,408.61746473064477,408.61718320537466,169.97622803014806,169.97829332223117,6.410466830919699,6.410793274016971,0.02452364609051285,204.0,-11.0
795,87.0,86.42980183630036,86.43070117270086,408.61718320537466,408.61592639416153,169.97829332223117,169.98347131985105,6.410793274016971,6.411071815968306,0.02162172982366175,204.0,-11.0
796,87.0,86.43070117270086,86.43003860312747,408.61592639416153,408.6151528165264,169.98347131985105,169.98774992879095,6.411071815968306,6.411310007410989,0.028537563981420315,204.0,-11.0
797,87.0,86.43003860312747,86.43041625963276,408.6151528165264,408.61776620492907,169.98774992879095,169.98596009732972,6.411310007410989,6.411497838751574,0.019970844761623835,204.0,-11.0
798,87.0,86.43041625963276,86.42985099357534,408.61776620492907,408.62012582426627,169.98596009732972,169.98604802942376,6.411497838751574,6.411652285951915,0.01575639923680346,204.0,-11.0
799,87.0,86.42985099357534,86.42803689758044,408.62012582426627,408.62037837894286,169.98604802942376,169.98565946033332,6.411652285951915,6.411781026186377,0.023898278805352453,204.0,-11.0
800,87.0,86.42803689758044,86.42773395590282,408.62037837894286,408.6198621896841,169.98565946033332,169.9847498189145,6.411781026186377,6.411869444935897,0.01885038826061601,204.0,-11.0
801,87.0,86.42773395590282,86.42772951485566,408.6198621896841,408.6199601337724,169.9847498189145,169.98424733383283,6.411869444935897,6.411920963100977,0.021920849795046823,204.0,-11.0
802,87.0,86.42772951485566,86.42773270828089,408.6199601337724,408.61993870283914,169.98424733383283,169.9841879053411,6.411920963100977,6.411932542329289,0.008700939348650207,204.0,-11.0
803,87.0,78.9303629147632,78.92803806307434,412.7851567347164,412.7884862305156,178.15131710569932,178.1545742068573,6.806979464765143,6.8072130583970285,0.008666758405589626,208.0,11.0
804,87.0,78.92803806307434,78.9226594002445,412.7884862305156,412.79477317185484,178.1545742068573,178.16053813594277,6.8072130583970285,6.807675063281485,0.03109102761457905,208.0,11.0
805,87.0,78.9226594002445,78.91786089231566,412.79477317185484,412.798433393875,178.16053813594277,178.16636676969807,6.807675063281485,6.808070026975848,0.03008294823456037,208.0,11.0
806,87.0,78.91786089231566,78.9143367151155,412.798433393875,412.8026717488983,178.16636676969807,178.17025971794286,6.808070026975848,6.808402634813638,0.01816354562061315,208.0,11.0
807,87.0,78.9143367151155,78.91197738374035,412.8026717488983,412.80452696048735,178.17025971794286,178.17523988968267,6.808402634813638,6.808698937120173,0.027631321117233907,208.0,11.0
808,87.0,78.91197738374035,78.91429872783212,412.80452696048735,412.80077541907514,178.17523988968267,178.1760609094369,6.808698937120173,6.808942161811742,0.0196754339450398,208.0,11.0
809,87.0,78.91429872783212,78.91182147193406,412.80077541907514,412.80095856374663,178.1760609094369,178.17868925512946,6.808942161811742,6.809149275531778,0.02046101662060579,208.0,11.0
810,87.0,78.91182147193406,78.90977610009905,412.80095856374663,412.8021263801576,178.17868925512946,178.18016624715762,6.809149275531778,6.809320294388807,0.015483700395905218,208.0,11.0
811,87.0,78.90977610009905,78.90768726135664,412.8021263801576,412.8021813759824,178.18016624715762,178.17950365605884,6.809320294388807,6.809464626406263,0.013676299142276596,208.0,11.0
812,87.0,78.90768726135664,78.90665916296521,412.8021813759824,412.8009947045322,178.17950365605884,178.18016342126322,6.809464626406263,6.8095854334776,0.024613304904279702,208.0,11.0
813,87.0,78.90665916296521,78.90729623062205,412.8009947045322,412.8005159122887,178.18016342126322,178.17978277350167,6.8095854334776,6.809661387695405,0.02844050393330549,208.0,11.0
814,87.0,78.90729623062205,78.90743569037365,412.8005159122887,412.80050244978867,178.17978277350167,178.17976135975118,6.809661387695405,6.809681353614275,0.014958026898727616,208.0,11.0
815,87.0,77.85176823540561,77.8509108525971,411.4944945151751,411.49316570090957,177.8855175448114,177.88469581354647,6.863781667945922,6.863880414525976,0.03365206908409543,209.0,11.0
816,87.0,77.8509108525971,77.8499139406328,411.49316570090957,411.4909721559173,177.88469581354647,177.88346121897717,6.863880414525976,6.86404820447277,0.015119828416736595,209.0,11.0
817,87.0,77.8499139406328,77.84800018393918,411.4909721559173,411.49192056617386,177.88346121897717,177.88339058546845,6.86404820447277,6.864189958804714,0.019329219469331405,209.0,11.0
818,87.0,77.84800018393918,77.84844762382426,411.49192056617386,411.491773796025,177.88339058546845,177.88201135098063,6.864189958804714,6.864298252524336,0.013438757492803653,209.0,11.0
819,87.0,77.84844762382426,77.84768095875907,411.491773796025,411.49153556732153,177.88201135098063,177.88139428152604,6.864298252524336,6.864382008231928,0.015915032865384583,209.0,11.0
820,87.0,77.84768095875907,77.84768900226604,411.49153556732153,411.49124437388474,177.88139428152604,177.88182472845799,6.864382008231928,6.86443363522806,0.03150412355344631,209.0,11.0
821,87.0,80.42079033284253,80.42087383297066,413.3416666680905,413.34163534887966,178.9972995914071,178.99717476491736,6.9756570500153945,6.975678194805792,0.015655306759256478,210.0,11.0
822,87.0,80.87600144752098,80.87602598018006,413.41489864857414,413.4148440870851,178.62623641809466,178.62620328491886,6.9953970675202735,6.995408880909736,0.009801407145069007,211.0,11.0
823,87.0,83.74919808282627,83.74918422079631,419.92618139994386,419.9262565190078,177.20645193118526,177.20640139760252,7.237503581279984,7.237514132952608,0.001081122871387169,214.0,11.0
824,87.0,83.74918422079631,83.74910067756994,419.9262565190078,419.9264855082209,177.20640139760252,177.20627854278592,7.237514132952608,7.237546302130154,0.015145456030103773,214.0,11.0
825,87.0,83.74910067756994,83.74910303647806,419.9264855082209,419.9264588529701,177.20627854278592,177.2062555396754,7.237546302130154,7.237553674225533,0.006640663179207371,214.0,11.0
826,87.0,84.14391569211391,84.14399522183604,419.4598799902251,419.459807323757,177.95097548049975,177.95111953805014,7.269634766975801,7.269658504709692,0.01715135585074892,215.0,11.0
827,87.0,84.98470806463895,84.98470938637709,421.65823144123596,421.6577549505663,175.63411292757112,175.63417389665022,7.387535244225676,7.387571034069032,0.0017394317530160294,219.0,11.0
828,87.0,84.98470938637709,84.98501810850352,421.6577549505663,421.65655763846826,175.63417389665022,175.6335481793496,7.387571034069032,7.387675562491159,0.02038412039346296,219.0,11.0
829,87.0,84.98501810850352,84.98463548389988,421.65655763846826,421.65678627837923,175.6335481793496,175.63297764088458,7.387675562491159,7.387741351795201,0.019288428616460216,219.0,11.0
830,87.0,84.98463548389988,84.98472606555515,421.65678627837923,421.6567659146441,175.63297764088458,175.6331729841286,7.387741351795201,7.387768496756501,0.019063655933664585,219.0,11.0
831,87.0,99.40786995536685,99.40986918573107,401.40919376978934,401.40898679124723,155.8457066329077,155.84658793505403,7.09589243914891,7.096036889864908,0.012174553528738278,222.0,11.0
832,87.0,99.40986918573107,99.41081871982018,401.40898679124723,401.4086701987201,155.84658793505403,155.8480330548671,7.096036889864908,7.096160415926342,0.023899831888710588,222.0,11.0
833,87.0,99.41081871982018,99.41162885656327,401.4086701987201,401.4091786779237,155.8480330548671,155.84803254962404,7.096160415926342,7.0962408369128775,0.015144476505077175,222.0,11.0
834,87.0,99.41162885656327,99.41138321376937,401.4091786779237,401.409580823222,155.84803254962404,155.8481759554301,7.0962408369128775,7.0962904658846,0.01756596281347487,222.0,11.0
835,87.0,99.41138321376937,99.41143548999567,401.409580823222,401.4096581247258,155.8481759554301,155.8481163068447,7.0962904658846,7.096307171751731,0.012972407915472502,222.0,11.0
836,87.0,99.40718431126587,99.40718225968189,401.409108541522,401.4091031073935,155.84524940843707,155.84525414091473,7.095838789249048,7.095841290789185,0.00256941408299296,223.0,11.0
837,87.0,99.21692710944356,99.21753521270924,397.81654401727553,397.8156221367712,147.82341451717645,147.82144582261304,7.389094857594777,7.389213310004993,0.004061656309335318,227.0,11.0
838,87.0,99.21753521270924,99.21715692706466,397.8156221367712,397.8149652216128,147.82144582261304,147.81657047445646,7.389213310004993,7.38947461670891,0.020257289504211434,227.0,11.0
839,87.0,99.21715692706466,99.21872151990257,397.8149652216128,397.8113052441869,147.81657047445646,147.81611364698676,7.38947461670891,7.389698057134008,0.02021616967413098,227.0,11.0
840,87.0,99.21872151990257,99.21971110241773,397.8113052441869,397.81419463394093,147.81611364698676,147.81687985287263,7.389698057134008,7.389885200805918,0.02144357449039976,227.0,11.0
841,87.0,99.21971110241773,99.21964783826076,397.81419463394093,397.81636403511163,147.81687985287263,147.81768115912158,7.389885200805918,7.3900351649508425,0.01737071841011606,227.0,11.0
842,87.0,99.21964783826076,99.2207146521708,397.81636403511163,397.8164579920534,147.81768115912158,147.81898663382492,7.3900351649508425,7.390155247283124,0.01071004619893492,227.0,11.0
843,87.0,99.2207146521708,99.22090728774336,397.8164579920534,397.81527749942984,147.81898663382492,147.81841962429405,7.390155247283124,7.390256462216854,0.020283203288873702,227.0,11.0
844,87.0,99.22090728774336,99.22092895948808,397.81527749942984,397.81587694232246,147.81841962429405,147.81871850359187,7.390256462216854,7.390318651870888,0.017290889662658522,227.0,11.0
845,87.0,99.22092895948808,99.220768027002,397.81587694232246,397.81577702436016,147.81871850359187,147.8188326727782,7.390318651870888,7.390346242479727,0.019309832353010772,227.0,11.0
846,87.0,89.26647677475312,89.26647603992652,406.96149614273196,406.9614263089546,138.1538318594403,138.15347197856974,7.943396130695675,7.94342558381786,0.0013593177958176673,230.0,11.0
847,87.0,89.26647603992652,89.26650249285736,406.9614263089546,406.9611146872652,138.15347197856974,138.15244354687235,7.94342558381786,7.943512971688191,0.013947056287544066,230.0,11.0
848,87.0,89.26650249285736,89.26681576441739,406.9611146872652,406.9616396537168,138.15244354687235,138.1522771346162,7.943512971688191,7.943572663105294,0.012788544521112374,230.0,11.0
849,87.0,89.26681576441739,89.26702620883366,406.9616396537168,406.9618267042173,138.1522771346162,138.1522030287367,7.943572663105294,7.943606387502814,0.02037025463823645,230.0,11.0
850,87.0,89.26702620883366,89.26702951009776,406.9618267042173,406.96183088136206,138.1522030287367,138.15220582535605,7.943606387502814,7.94360854013573,0.002233431817104021,230.0,11.0
851,87.0,82.80396383243718,82.80400881186657,427.1341180004632,427.1341155312084,142.30015290205958,142.30021195849935,8.663648747091194,8.663661281387615,0.010285004049250781,233.0,11.0
852,87.0,79.61482532266362,79.61486056179933,431.30901696632793,431.3090687348169,141.40960214936035,141.40971007492857,8.841389804904543,8.841408012563544,0.013898343187093277,235.0,11.0
853,87.0,78.46847949021593,78.46769492960526,431.8907655718769,431.89109702116883,141.65529769207305,141.65533973938963,8.885041684794652,8.885097609293803,0.0033272086303806716,236.0,11.0
854,87.0,78.46769492960526,78.46573650776709,431.89109702116883,431.891621046245,141.65533973938963,141.65588780016415,8.885097609293803,8.885237625202551,0.01451897543413062,236.0,11.0
855,87.0,78.46573650776709,78.46524877225889,431.891621046245,431.8918606478875,141.65588780016415,141.65439673623683,8.885237625202551,8.885352591335884,0.010847195249562144,236.0,11.0
856,87.0,78.46524877225889,78.46429129827312,431.8918606478875,431.89152284955236,141.65439673623683,141.65371761672924,8.885352591335884,8.885448240790852,0.017358851732381324,236.0,11.0
857,87.0,78.46429129827312,78.46427553159546,431.89152284955236,431.89165824350505,141.65371761672924,141.6530661634032,8.885448240790852,8.885510118021774,0.009781428165634397,236.0,11.0
858,87.0,78.46427553159546,78.46439282023647,431.89165824350505,431.8915544809829,141.6530661634032,141.65271003816673,8.885510118021774,8.885551840349041,0.015927193553975573,236.0,11.0
859,87.0,78.46439282023647,78.46441287055178,431.8915544809829,431.8915504891812,141.65271003816673,141.65263267892962,8.885551840349041,8.885565062215003,0.010740716185807075,236.0,11.0
860,87.0,79.36936519067312,79.3694785222987,431.09931484462277,431.09927433937503,142.38591677804177,142.38587846324322,8.931880943984144,8.931893793093423,0.0011655989191317008,238.0,11.0
861,87.0,79.3694785222987,79.36988685203701,431.09927433937503,431.0994467856411,142.38587846324322,142.38587952380595,8.931893793093423,8.931939717453094,0.019541180075362437,238.0,11.0
862,87.0,79.36988685203701,79.36989842661316,431.0994467856411,431.0995036638872,142.38587952380595,142.38585978761392,8.931939717453094,8.93195064172216,0.009195902446860433,238.0,11.0
863,87.0,78.92991136569495,78.92975341950356,430.85750231311613,430.8574476198366,141.80579772148977,141.80580266511308,8.957467830588273,8.957490341334267,0.01644879210943092,239.0,11.0
864,87.0,80.55500819539813,80.555168495362,430.69914424852277,430.6995365722731,141.60152312979412,141.60130288003884,9.012347542111646,9.012382637528596,0.0013555059397266178,241.0,11.0
865,87.0,80.555168495362,80.5562541710178,430.6995365722731,430.70024924554707,141.60130288003884,141.60198522966778,9.012382637528596,9.012491433108906,0.018091521151203372,241.0,11.0
866,87.0,80.5562541710178,80.55593651478225,430.70024924554707,430.69943713197074,141.60198522966778,141.601979098602,9.012491433108906,9.012566698586944,0.024525163220536602,241.0,11.0
867,87.0,80.55593651478225,80.55586812220037,430.69943713197074,430.69937002641774,141.601979098602,141.60216118008796,9.012566698586944,9.012592874601093,0.018525268467813983,241.0,11.0
868,87.0,80.55500890177443,80.55501301276453,430.6991440464161,430.69914391994087,141.60152137261883,141.6015153725223,9.012348180323473,9.012350631772987,0.002521777437927497,242.0,11.0
869,87.0,89.27145329650224,89.27144966397978,406.9632488286374,406.9632554482391,138.15222696081423,138.1522281117968,7.943580861147037,7.943583395939084,0.0026009358638313966,247.0,11.0
870,87.0,99.20875114946674,99.2087411767297,447.13933877826605,447.13933619654597,158.70726006146802,158.7072618406733,4.996675187611038,4.996678333514008,0.003168462119705984,250.0,11.0
871,87.0,99.20875400797212,99.20875238164966,447.13933575719227,447.13933295300257,158.70726283904133,158.7072694952813,4.996675058432502,4.9966775396354945,0.002550095802762688,251.0,11.0
872,87.0,57.42861041418521,57.36420967708383,306.4930393231558,306.26066903934424,225.51127181281413,225.57712887568263,10.374109764273737,10.382461449940136,0.39513964585173056,255.0,11.0
873,87.0,57.36420967708383,57.29207741590305,306.26066903934424,305.93963036148045,225.57712887568263,225.72860361667313,10.382461449940136,10.394567311069844,0.6168850329874341,255.0,11.0
874,87.0,57.29207741590305,57.04722184730277,305.93963036148045,305.4812851332034,225.72860361667313,225.65771987122966,10.394567311069844,10.412115595604368,1.132992608064568,255.0,11.0
875,87.0,57.04722184730277,56.712019480580544,305.4812851332034,305.17168129416063,225.65771987122966,225.605331622321,10.412115595604368,10.427506942519374,0.9500421890288614,255.0,11.0
876,87.0,56.712019480580544,56.428202895465894,305.17168129416063,304.9957159187978,225.605331622321,225.47216795204184,10.427506942519374,10.439581018608319,0.7724278026847039,255.0,11.0
877,87.0,56.428202895465894,56.35082846991266,304.9957159187978,304.87340514124946,225.47216795204184,225.42413742104154,10.439581018608319,10.444719106775043,0.29176089482960527,255.0,11.0
878,87.0,56.35082846991266,56.34459430361297,304.87340514124946,304.8129827918307,225.42413742104154,225.4091836844786,10.444719106775043,10.446841745030126,0.10173527245882018,255.0,11.0
879,87.0,56.34459430361297,56.32418418884341,304.8129827918307,304.6328985514282,225.4091836844786,225.3992835591485,10.446841745030126,10.453010809450083,0.32306929678396235,255.0,11.0
880,87.0,56.32418418884341,56.37511256213257,304.6328985514282,304.59166678394695,225.3992835591485,225.26517734342346,10.453010809450083,10.458112681507005,0.34159588696144555,255.0,11.0
881,87.0,56.37511256213257,56.42061170666983,304.59166678394695,304.5605310568963,225.26517734342346,225.16327636737023,10.458112681507005,10.462110227625548,0.21810399427470936,255.0,11.0
882,87.0,56.42061170666983,56.50947378017598,304.5605310568963,304.54292716913966,225.16327636737023,225.19210675253248,10.462110227625548,10.465420575789388,0.2218511965499884,255.0,11.0
883,87.0,56.50947378017598,56.54779359528156,304.54292716913966,304.5513668140076,225.19210675253248,225.2554194752965,10.465420575789388,10.468050540024093,0.18455139454941633,255.0,11.0
884,87.0,56.54779359528156,56.55962345138886,304.5513668140076,304.5390522693797,225.2554194752965,225.31080092700145,10.468050540024093,10.47013307807014,0.11944401768236831,255.0,11.0
885,87.0,56.55962345138886,56.54586025395914,304.5390522693797,304.4934517153159,225.31080092700145,225.31056445311555,10.47013307807014,10.471872808831765,0.11020157229648753,255.0,11.0
886,87.0,56.54586025395914,56.55540692625307,304.4934517153159,304.4680775651497,225.31056445311555,225.33783145883095,10.471872808831765,10.47330625945805,0.08048242848081195,255.0,11.0
887,87.0,56.55540692625307,56.5767085560246,304.4680775651497,304.4617031549144,225.33783145883095,225.3608610059568,10.47330625945805,10.474523704295276,0.07830738295014962,255.0,11.0
888,87.0,56.5767085560246,56.57404934219708,304.4617031549144,304.4724984146364,225.3608610059568,225.38440236790956,10.474523704295276,10.475539319776676,0.05178282286680413,255.0,11.0
889,87.0,56.57404934219708,56.57825176180832,304.4724984146364,304.48021486693347,225.38440236790956,225.40477718585007,10.475539319776676,10.476423633981575,0.0502006844824056,255.0,11.0
890,87.0,56.57825176180832,56.58606816313269,304.48021486693347,304.4715778971264,225.40477718585007,225.41926862919445,10.476423633981575,10.477183876980396,0.052917586948029983,255.0,11.0
891,87.0,56.58606816313269,56.59157422286247,304.4715778971264,304.4678853200061,225.41926862919445,225.43269315562688,10.477183876980396,10.477817367946141,0.05783770103975562,255.0,11.0
892,87.0,56.59157422286247,56.588173938638285,304.4678853200061,304.4714758918677,225.43269315562688,225.44281137240623,10.477817367946141,10.478318138305355,0.035193556122026036,255.0,11.0
893,87.0,56.588173938638285,56.58343249251108,304.4714758918677,304.47599002047065,225.44281137240623,225.44921322818237,10.478318138305355,10.478741683869153,0.08830476147974937,255.0,11.0
894,87.0,56.58343249251108,56.581160131343346,304.47599002047065,304.47794699119294,225.44921322818237,225.45261101604245,10.478741683869153,10.47898672310295,0.023561776263625028,255.0,11.0
895,87.0,56.581160131343346,56.58343048575621,304.47794699119294,304.48057184251695,225.45261101604245,225.45300510741717,10.47898672310295,10.479188603041422,0.020759692639589693,255.0,11.0
896,87.0,56.58343048575621,56.58379424802727,304.48057184251695,304.4805422509147,225.45300510741717,225.45563487658978,10.479188603041422,10.479354057287113,0.0162934696773755,255.0,11.0
897,87.0,56.58379424802727,56.58446216689373,304.4805422509147,304.4800815057457,225.45563487658978,225.45751225879923,10.479354057287113,10.479491478246494,0.01018786148121832,255.0,11.0
898,87.0,56.58446216689373,56.586131226981955,304.4800815057457,304.479917711146,225.45751225879923,225.4573555306115,10.479491478246494,10.479611352781134,0.014570013775441802,255.0,11.0
899,87.0,56.586131226981955,56.587274433955386,304.479917711146,304.47975482847215,225.4573555306115,225.457649917967,10.479611352781134,10.479705350271388,0.017067810515775446,255.0,11.0
900,87.0,56.587274433955386,56.58680688613949,304.47975482847215,304.480194555351,225.457649917967,225.45756861935973,10.479705350271388,10.479765960922828,0.01299302290887246,255.0,11.0
901,87.0,56.58680688613949,56.58689028961372,304.480194555351,304.4802854404761,225.45756861935973,225.45729891319652,10.479765960922828,10.479800144991874,0.02284338241635925,255.0,11.0
902,87.0,52.80690970799462,52.80871416214579,294.63098097412274,294.60938727740916,246.59495603505235,246.64485150427163,11.195646565521631,11.197524622320824,0.1037654209984912,257.0,11.0
903,87.0,52.80871416214579,52.82313842457653,294.60938727740916,294.56991212277865,246.64485150427163,246.74026192427587,11.197524622320824,11.20113870996493,0.3099926842195481,257.0,11.0
904,87.0,52.82313842457653,52.87196618883443,294.56991212277865,294.55039281343267,246.74026192427587,246.68636912466792,11.20113870996493,11.203795495505814,0.20872116610593305,257.0,11.0
905,87.0,52.87196618883443,52.91575286629173,294.55039281343267,294.5166959179639,246.68636912466792,246.67402040050288,11.203795495505814,11.205833608071533,0.1283590215995401,257.0,11.0
906,87.0,52.91575286629173,52.939977802026476,294.5166959179639,294.4841279044743,246.67402040050288,246.653271218495,11.205833608071533,11.207505183931309,0.10897676386297261,257.0,11.0
907,87.0,52.939977802026476,52.96637532594592,294.4841279044743,294.4856404772551,246.653271218495,246.6279819235527,11.207505183931309,11.20887626263254,0.07166906450816542,257.0,11.0
908,87.0,52.96637532594592,52.97162327830131,294.4856404772551,294.5160962343555,246.6279819235527,246.6281724741149,11.20887626263254,11.210056440857608,0.06503931294807554,257.0,11.0
909,87.0,52.97162327830131,52.968427702168256,294.5160962343555,294.5388031220693,246.6281724741149,246.64035796115232,11.210056440857608,11.211069765819724,0.06835953362901172,257.0,11.0
910,87.0,52.968427702168256,52.95574244433131,294.5388031220693,294.52472306354235,246.64035796115232,246.64922016584705,11.211069765819724,11.211910519211074,0.04241059268759369,257.0,11.0
911,87.0,52.95574244433131,52.958363908553885,294.52472306354235,294.5101450166428,246.64922016584705,246.6593003598968,11.211910519211074,11.212647242850341,0.1304162690598324,257.0,11.0
912,87.0,52.958363908553885,52.965452268468425,294.5101450166428,294.50414420704953,246.6593003598968,246.66128822448076,11.212647242850341,11.21308342265193,0.018473766957472326,257.0,11.0
913,87.0,52.965452268468425,52.971149090632366,294.50414420704953,294.5034915938805,246.66128822448076,246.66747306876664,11.21308342265193,11.213480026180632,0.02905225778233882,257.0,11.0
914,87.0,52.971149090632366,52.97526965458327,294.5034915938805,294.50872322749257,246.66747306876664,246.66904924964442,11.213480026180632,11.213816300181847,0.021821240066862917,257.0,11.0
915,87.0,52.97526965458327,52.97811758194035,294.50872322749257,294.5135001337947,246.66904924964442,246.67039565417878,11.213816300181847,11.214108961077184,0.03180834853124288,257.0,11.0
916,87.0,52.97811758194035,52.979008691865985,294.5135001337947,294.5175874622405,246.67039565417878,246.66989057739738,11.214108961077184,11.21434096941137,0.03463746994686657,257.0,11.0
917,87.0,52.979008691865985,52.980155545419734,294.5175874622405,294.51907240116776,246.66989057739738,246.67191384748838,11.21434096941137,11.214511069218178,0.02321092362407185,257.0,11.0
918,87.0,52.980155545419734,52.98045210568921,294.51907240116776,294.5201894825219,246.67191384748838,246.6734137785166,11.214511069218178,11.214641224763039,0.02556149794034407,257.0,11.0
919,87.0,52.98045210568921,52.98089355679392,294.5201894825219,294.5211152526721,246.6734137785166,246.67335800832294,11.214641224763039,11.214725836513669,0.018529429970960135,257.0,11.0
920,87.0,52.98089355679392,52.98075948435341,294.5211152526721,294.52119210185026,246.67335800832294,246.67379077149235,11.214725836513669,11.214772994812465,0.02933961209161051,257.0,11.0
921,87.0,50.442072599200706,50.44445513855989,297.81319342468777,297.81771699827146,252.82243133451192,252.82916250482262,11.441898164527679,11.44224630836714,0.13820890542261083,259.0,11.0
922,87.0,50.44445513855989,50.449838253475875,297.81771699827146,297.821787867049,252.82916250482262,252.83494314335266,11.44224630836714,11.442659805824338,0.030656098398947278,259.0,11.0
923,87.0,50.449838253475875,50.45393335301661,297.821787867049,297.82654205042866,252.83494314335266,252.8384354286887,11.442659805824338,11.443009019731477,0.03244419322270946,259.0,11.0
924,87.0,50.45393335301661,50.45866433436397,297.82654205042866,297.8279201251004,252.8384354286887,252.83597075381604,11.443009019731477,11.443293292052525,0.02245699165773902,259.0,11.0
925,87.0,50.45866433436397,50.461252834246906,297.8279201251004,297.8271533572708,252.83597075381604,252.83244192561338,11.443293292052525,11.443534707285322,0.017022259470608248,259.0,11.0
926,87.0,50.461252834246906,50.463905613478424,297.8271533572708,297.8265515299457,252.83244192561338,252.82995082758657,11.443534707285322,11.443744858282884,0.013017483647875553,259.0,11.0
927,87.0,50.463905613478424,50.461112286997334,297.8265515299457,297.8262660210286,252.82995082758657,252.8285354897417,11.443744858282884,11.443931812657533,0.03617075172072225,259.0,11.0
928,87.0,50.461112286997334,50.460509260008266,297.8262660210286,297.82537698219386,252.8285354897417,252.82995110686997,11.443931812657533,11.444056284063663,0.00985551000081557,259.0,11.0
929,87.0,50.460509260008266,50.46125817843786,297.82537698219386,297.82428491084517,252.82995110686997,252.83051088199477,11.444056284063663,11.44416354525246,0.016410795723897784,259.0,11.0
930,87.0,50.46125817843786,50.46164876298006,297.82428491084517,297.8234786790115,252.83051088199477,252.83057358084702,11.44416354525246,11.444240416421538,0.020718551314659946,259.0,11.0
931,87.0,50.46164876298006,50.461631863894134,297.8234786790115,297.82317575989237,252.83057358084702,252.83056644924915,11.444240416421538,11.444275181395055,0.02014293425215348,259.0,11.0
932,87.0,50.461631863894134,50.46163316816519,297.82317575989237,297.8231851128925,252.83056644924915,252.8305681265685,11.444275181395055,11.444278145840892,0.003002141347274133,259.0,11.0
933,87.0,40.305521185146716,40.307652130545726,285.1260392408071,285.1225580340243,267.99009558609157,267.99284317277085,12.183110005046334,12.183330902100122,0.009227857945926505,261.0,11.0
934,87.0,40.307652130545726,40.313822761857836,285.1225580340243,285.1164035701077,267.99284317277085,267.9980209961369,12.183330902100122,12.183790633949034,0.027483610284333063,261.0,11.0
935,87.0,40.313822761857836,40.321551548691176,285.1164035701077,285.1158337441269,267.9980209961369,268.00159866021204,12.183790633949034,12.184191046852103,0.03171901563991887,261.0,11.0
936,87.0,40.321551548691176,40.32033370243586,285.1158337441269,285.11136988440137,268.00159866021204,267.99661899085953,12.184191046852103,12.184525552623516,0.02141247510796982,261.0,11.0
937,87.0,40.32033370243586,40.314912586638165,285.11136988440137,285.1098173896424,267.99661899085953,267.99579368595556,12.184525552623516,12.18481730835041,0.02317612637453413,261.0,11.0
938,87.0,40.314912586638165,40.314167219667,285.1098173896424,285.10652526336037,267.99579368595556,267.99268918588587,12.18481730835041,12.185064548860536,0.015742249123667545,261.0,11.0
939,87.0,40.314167219667,40.31089124132286,285.10652526336037,285.1086000688071,267.99268918588587,267.9926139069375,12.185064548860536,12.185282660038743,0.01519541101146028,261.0,11.0
940,87.0,40.31089124132286,40.30967426178611,285.1086000688071,285.1070031909855,267.9926139069375,267.9900775928296,12.185282660038743,12.185473513382043,0.01413727121403373,261.0,11.0
941,87.0,40.30967426178611,40.30875200641979,285.1070031909855,285.10462929298654,267.9900775928296,267.98927179097615,12.185473513382043,12.18563969199614,0.016300633062232263,261.0,11.0
942,87.0,40.30875200641979,40.3079380754299,285.10462929298654,285.10326110446147,267.98927179097615,267.99057937563936,12.18563969199614,12.185777820108397,0.018339430580176074,261.0,11.0
943,87.0,40.3079380754299,40.30781658615042,285.10326110446147,285.10187643187913,267.99057937563936,267.99086692322726,12.185777820108397,12.185884124441202,0.016904638674711984,261.0,11.0
944,87.0,40.30781658615042,40.30744362982983,285.10187643187913,285.10250238800234,267.99086692322726,267.9904007201456,12.185884124441202,12.18595895302782,0.02122345067136733,261.0,11.0
945,87.0,40.30744362982983,40.307683563383065,285.10250238800234,285.10250757866635,267.9904007201456,267.9905223295545,12.18595895302782,12.185990783547844,0.01735791476587721,261.0,11.0
946,87.0,40.307683563383065,40.307674166722336,285.10250757866635,285.1024996844842,267.9905223295545,267.9905108271179,12.185990783547844,12.185995161484538,0.004248795449513256,261.0,11.0
947,87.0,41.60513460235579,41.605067658797665,286.6855374649516,286.68552004826824,265.2078042893797,265.20773291852487,12.297999011434825,12.298014463501694,0.01218400743392804,262.0,11.0
948,87.0,45.33905565508781,45.33909754881431,288.97728682290773,288.97745581924517,264.3489589509326,264.34860060253993,12.446924288399996,12.446966747667634,0.015288127156366139,264.0,11.0
949,87.0,45.33909754881431,45.339112915360616,288.97745581924517,288.97738484774186,264.34860060253993,264.34854202966824,12.446966747667634,12.446981511246959,0.011744997749952793,264.0,11.0
950,87.0,50.72496969409528,50.72522210092908,284.88473903276207,284.8847737717933,269.0138766547813,269.01407312900477,12.721005591686069,12.721041879637944,0.012720752427283544,265.0,11.0
951,87.0,50.72522210092908,50.72530402686088,284.8847737717933,284.8847515532623,269.01407312900477,269.0140587155962,12.721041879637944,12.721055815963503,0.011209119287003633,265.0,11.0
952,87.0,50.420657970400626,50.42050682411993,282.0004471445114,282.0002690955066,266.38973540282586,266.3887691466026,12.851457133590948,12.851519768857527,0.002180655998153784,266.0,11.0
953,87.0,50.42050682411993,50.41958634527392,282.0002690955066,282.00038583897623,266.3887691466026,266.386479043697,12.851519768857527,12.851676933651571,0.017982546080756074,266.0,11.0
954,87.0,50.41958634527392,50.419466728753164,282.00038583897623,282.0004256788356,266.386479043697,266.3846699581258,12.851676933651571,12.851803191584006,0.029494022610561606,266.0,11.0
955,87.0,50.419466728753164,50.41997342797927,282.0004256788356,281.9998118637744,266.3846699581258,266.3844411531674,12.851803191584006,12.851875708880584,0.01716053180638935,266.0,11.0
956,87.0,50.41997342797927,50.42019414875234,281.9998118637744,282.0000327298123,266.3844411531674,266.38431823973485,12.851875708880584,12.851913135248504,0.020086796701836645,266.0,11.0
957,87.0,50.42019414875234,50.42019778896863,282.0000327298123,282.0000481962401,266.38431823973485,266.3843266395823,12.851913135248504,12.851917720630372,0.004424227905492354,266.0,11.0
958,87.0,50.4206590334699,50.42066221453324,282.0004470582534,282.0004466682737,266.389733196915,266.38972667860173,12.851457944243675,12.851460393187843,0.0025193898599462816,267.0,11.0
959,87.0,56.35082846991266,56.33666561594894,304.87340514124946,304.86804454595784,225.42413742104154,225.42455110833743,10.444719106775043,10.445297664261034,0.02312779940748793,274.0,11.0
960,87.0,56.33666561594894,56.309219674553034,304.86804454595784,304.85904085239815,225.42455110833743,225.42798801319387,10.445297664261034,10.446416551620903,0.06518572598534501,274.0,11.0
961,87.0,56.309219674553034,56.28879173883304,304.85904085239815,304.85376908919915,225.42798801319387,225.4398391574958,10.446416551620903,10.447369615165908,0.048945294821409406,274.0,11.0
962,87.0,56.28879173883304,56.27410787636545,304.85376908919915,304.8628044421527,225.4398391574958,225.4285314058643,10.447369615165908,10.448199930807624,0.05577359380881437,274.0,11.0
963,87.0,56.27410787636545,56.26186102783597,304.8628044421527,304.85172389985894,225.4285314058643,225.42602825714803,10.448199930807624,10.448894325072239,0.051212077753099064,274.0,11.0
964,87.0,56.26186102783597,56.254502044039455,304.85172389985894,304.84073203222977,225.42602825714803,225.42739761832644,10.448894325072239,10.449468379586786,0.04022842017037777,274.0,11.0
965,87.0,56.254502044039455,56.24559395804139,304.84073203222977,304.83555121816414,225.42739761832644,225.43054874624053,10.449468379586786,10.449951476862857,0.03077324095121078,274.0,11.0
966,87.0,56.24559395804139,56.23749376537414,304.83555121816414,304.83925698901874,225.43054874624053,225.4314522275285,10.449951476862857,10.450367470828942,0.04462547277926257,274.0,11.0
967,87.0,56.23749376537414,56.23404157389221,304.83925698901874,304.833962655755,225.4314522275285,225.42991735858587,10.450367470828942,10.45069065344752,0.013196217074617331,274.0,11.0
968,87.0,56.23404157389221,56.230762783061195,304.833962655755,304.82916358372256,225.42991735858587,225.42946402545022,10.45069065344752,10.450987551889568,0.020615238540670485,274.0,11.0
969,87.0,56.230762783061195,56.227021346496635,304.82916358372256,304.8321580035903,225.42946402545022,225.43004665293455,10.450987551889568,10.451244569912003,0.02895659113352745,274.0,11.0
970,87.0,56.227021346496635,56.22388631131382,304.8321580035903,304.83302825483156,225.43004665293455,225.42866929114558,10.451244569912003,10.451448159983903,0.013944530756115613,274.0,11.0
971,87.0,56.22388631131382,56.2212744950758,304.83302825483156,304.8336717794114,225.42866929114558,225.429904781098,10.451448159983903,10.451627098711215,0.016553240339601528,274.0,11.0
972,87.0,56.2212744950758,56.22007796183381,304.8336717794114,304.8352325831316,225.429904781098,225.43113789981675,10.451627098711215,10.451777420633965,0.013383090460013921,274.0,11.0
973,87.0,56.22007796183381,56.21938676121367,304.8352325831316,304.8369254370635,225.43113789981675,225.4312974124306,10.451777420633965,10.451904753578061,0.0133098552165782,274.0,11.0
974,87.0,56.21938676121367,56.21898026175511,304.8369254370635,304.8356403159667,225.4312974124306,225.43157988663057,10.451904753578061,10.452008824772445,0.017743813923384155,274.0,11.0
975,87.0,56.21898026175511,56.21856819753285,304.8356403159667,304.83626716309595,225.43157988663057,225.43185371027897,10.452008824772445,10.452079460023702,0.015557235630308029,274.0,11.0
976,87.0,56.21856819753285,56.21877872213745,304.83626716309595,304.8365450633531,225.43185371027897,225.43190050095217,10.452079460023702,10.452118204864078,0.02057544038517426,274.0,11.0
977,87.0,56.21877872213745,56.21876800969926,304.8365450633531,304.8365596699354,225.43190050095217,225.43189419314277,10.452118204864078,10.452123003565806,0.004603255965213833,274.0,11.0
978,87.0,56.328627448635835,56.328627329805144,304.70691601341025,304.70691448997525,225.41462598974255,225.4146250123752,10.450424511262863,10.450425478816557,0.0010020735908185306,276.0,11.0
979,87.0,56.318570521413776,56.318717502100185,304.7031652905555,304.7032191005232,225.48661555870672,225.48671578694217,10.452859723117038,10.452884032170811,0.01747578747434118,278.0,11.0
980,87.0,56.3185165440688,56.31851665031544,304.70314167543313,304.70314723495886,225.48659837487668,225.4866027740537,10.452852531750356,10.452854940530466,0.0024810623171518495,279.0,11.0
981,87.0,57.03760065909919,57.03751009286408,305.47298523838236,305.4730173028228,225.65659586966808,225.6564484197911,10.412541094357309,10.412558183980074,0.0013186549788648154,282.0,11.0
982,87.0,57.03751009286408,57.037197451548664,305.4730173028228,305.47310109064153,225.6564484197911,225.6560314266364,10.412558183980074,10.41261040202561,0.021827848009560308,282.0,11.0
983,87.0,57.037197451548664,57.037260380057624,305.47310109064153,305.47307497532404,225.6560314266364,225.6560140523627,10.41261040202561,10.4126224530459,0.009961508009897362,282.0,11.0
984,87.0,57.03760218381541,57.037606538729484,305.47298325351494,305.4729778720402,225.65659541547615,225.65659288233323,10.412541925570578,10.412544399438046,0.002543120285855969,283.0,11.0
985,87.0,52.89475228019103,52.87944761885981,300.91275190295926,300.8858016957456,226.16793651088057,226.16730364366504,10.617828587100442,10.618934492530853,0.03938224114615064,286.0,11.0
986,87.0,52.87944761885981,52.84209439039902,300.8858016957456,300.8410051850518,226.16730364366504,226.15169770907545,10.618934492530853,10.621097394613704,0.1273623528607421,286.0,11.0
987,87.0,52.84209439039902,52.8430494014429,300.8410051850518,300.88983521620236,226.15169770907545,226.15843937019085,10.621097394613704,10.622892661649564,0.12084403966522204,286.0,11.0
988,87.0,52.8430494014429,52.823164205461445,300.88983521620236,300.92096037445725,226.15843937019085,226.17151908990394,10.622892661649564,10.62435058067132,0.07652528525893008,286.0,11.0
989,87.0,52.823164205461445,52.79068816155459,300.92096037445725,300.91793091571066,226.17151908990394,226.1767144384077,10.62435058067132,10.625602214667847,0.11892862126322608,286.0,11.0
990,87.0,52.79068816155459,52.77769692686568,300.91793091571066,300.9217371977825,226.1767144384077,226.19648495485185,10.625602214667847,10.626547191211932,0.04364924162146462,286.0,11.0
991,87.0,52.77769692686568,52.78089886973861,300.9217371977825,300.92246966086464,226.19648495485185,226.21699348093665,10.626547191211932,10.627382727788211,0.04374613643357696,286.0,11.0
992,87.0,52.78089886973861,52.7860737590447,300.92246966086464,300.91340754425084,226.21699348093665,226.2201145806277,10.627382727788211,10.627831541908138,0.02757906193253926,286.0,11.0
993,87.0,52.7860737590447,52.796808225334914,300.91340754425084,300.9032206724054,226.2201145806277,226.22298886924722,10.627831541908138,10.628468668309342,0.040531578115780606,286.0,11.0
994,87.0,52.796808225334914,52.79726445868679,300.9032206724054,300.89103215005105,226.22298886924722,226.22054379566788,10.628468668309342,10.629011962688514,0.06627115488499503,286.0,11.0
995,87.0,52.79726445868679,52.80024848486981,300.89103215005105,300.8836550988835,226.22054379566788,226.21768291346302,10.629011962688514,10.629409404508667,0.019601068143294598,286.0,11.0
996,87.0,52.80024848486981,52.80200916328238,300.8836550988835,300.8767787239748,226.21768291346302,226.2196684038096,10.629409404508667,10.629765850256991,0.025948455023752006,286.0,11.0
997,87.0,52.80200916328238,52.803189055566904,300.8767787239748,300.8795537331996,226.2196684038096,226.21447014452315,10.629765850256991,10.630069792363196,0.06758292517237069,286.0,11.0
998,87.0,52.803189055566904,52.80428729389725,300.8795537331996,300.8821783531935,226.21447014452315,226.21372896361413,10.630069792363196,10.630247855628497,0.021726280688522948,286.0,11.0
999,87.0,52.80428729389725,52.80329551259937,300.8821783531935,300.8822722845239,226.21372896361413,226.21559110046888,10.630247855628497,10.630388426605151,0.011503265946047047,286.0,11.0
1000,87.0,52.80329551259937,52.80192589362754,300.8822722845239,300.88176523706534,226.21559110046888,226.2147161955276,10.630388426605151,10.630509203633942,0.021975249410739823,286.0,11.0
1001,87.0,52.80192589362754,52.80272769027984,300.88176523706534,300.88123035607873,226.2147161955276,226.2147983993692,10.630509203633942,10.630590274671576,0.017727105919982025,286.0,11.0
1002,87.0,52.80272769027984,52.802317191985324,300.88123035607873,300.8813472521183,226.2147983993692,226.21473588849275,10.630590274671576,10.630635290589046,0.015598508388522132,286.0,11.0
1003,87.0,52.802317191985324,52.80236385717668,300.8813472521183,300.8812561597515,226.21473588849275,226.21470582048846,10.630635290589046,10.630651550552164,0.012693643046547062,286.0,11.0
1004,87.0,54.807160251330366,54.80766296992092,304.7784529576642,304.7792620766816,229.02416070478384,229.024632747464,10.790378187233518,10.790444401454334,0.0031635829922778917,287.0,11.0
1005,87.0,54.80766296992092,54.80847122321463,304.7792620766816,304.7811784743832,229.024632747464,229.02608863322084,10.790444401454334,10.79060463816675,0.016457914344421155,287.0,11.0
1006,87.0,54.80847122321463,54.80922054513111,304.7811784743832,304.78251812948304,229.02608863322084,229.02491755069622,10.79060463816675,10.790736585612732,0.015022815630214547,287.0,11.0
1007,87.0,54.80922054513111,54.8100595944037,304.78251812948304,304.7813869321123,229.02491755069622,229.02485419551755,10.790736585612732,10.790842384991594,0.024071534872270532,287.0,11.0
1008,87.0,54.8100595944037,54.81051591763777,304.7813869321123,304.7810360934993,229.02485419551755,229.02459038341854,10.790842384991594,10.790902048875589,0.018594390148180026,287.0,11.0
1009,87.0,54.81051591763777,54.81038418472768,304.7810360934993,304.78114588248815,229.02459038341854,229.02461485944733,10.790902048875589,10.79092514419255,0.01678454406836384,287.0,11.0
1010,87.0,53.728112569656204,53.729118406492525,304.2522870977178,304.25327717414166,229.31100351391268,229.31204566910046,10.831549688918528,10.8316455694936,0.006318131187184382,288.0,11.0
1011,87.0,53.729118406492525,53.73025487037538,304.25327717414166,304.25695901526285,229.31204566910046,229.3133175583066,10.8316455694936,10.831871134565052,0.013357275070593996,288.0,11.0
1012,87.0,53.73025487037538,53.731789697331564,304.25695901526285,304.2599109853678,229.3133175583066,229.31229543306273,10.831871134565052,10.832072496172769,0.024598535035396663,288.0,11.0
1013,87.0,53.731789697331564,53.7298309328976,304.2599109853678,304.2609969051236,229.31229543306273,229.3111920048008,10.832072496172769,10.83223083002721,0.009728227198182875,288.0,11.0
1014,87.0,53.7298309328976,53.73122450568161,304.2609969051236,304.26237113862527,229.3111920048008,229.31034197378494,10.83223083002721,10.832372432384002,0.011486487867524157,288.0,11.0
1015,87.0,53.73122450568161,53.731851144065864,304.26237113862527,304.26297105691594,229.31034197378494,229.30885215509807,10.832372432384002,10.832494279491401,0.016539360135983214,288.0,11.0
1016,87.0,53.731851144065864,53.73155509607831,304.26297105691594,304.26398895574,229.30885215509807,229.30837057075308,10.832494279491401,10.832586749478523,0.009306706241455806,288.0,11.0
1017,87.0,53.73155509607831,53.73118073591153,304.26398895574,304.26467695756884,229.30837057075308,229.30873283916247,10.832586749478523,10.832661450763823,0.008848110633856328,288.0,11.0
1018,87.0,53.73118073591153,53.7315656621445,304.26467695756884,304.26448809777685,229.30873283916247,229.30832803678044,10.832661450763823,10.832718085544558,0.010707448846635591,288.0,11.0
1019,87.0,53.7315656621445,53.73151609620076,304.26448809777685,304.2642240070177,229.30832803678044,229.30847229830496,10.832718085544558,10.832752976824839,0.021138655210836712,288.0,11.0
1020,87.0,53.73151609620076,53.73151150958137,304.2642240070177,304.26422672543094,229.30847229830496,229.30847277437766,10.832752976824839,10.832754965676196,0.002071841537262937,288.0,11.0
1021,87.0,53.72811147017022,53.72810966393142,304.2522858627964,304.2522800955806,229.31100171195868,229.3109976211887,10.831550488053011,10.831552944890902,0.002526910887696456,289.0,11.0
1022,87.0,52.77041684559721,52.770432773311995,300.9286942520436,300.9286409021308,226.22630033173772,226.22634582373917,10.628594433810788,10.628606679102095,0.010091881739210837,293.0,11.0
1023,87.0,57.011086128267564,57.01107945664636,304.66561485308364,304.66560380475306,226.3249395170107,226.32495389964797,10.442394149151301,10.442398972995477,0.0046242675154755985,296.0,11.0
1024,87.0,56.66331189603032,56.663361446322064,303.52873351322376,303.52858547463563,226.37163916064281,226.37174087251842,10.482080197517279,10.482098001339365,0.0010807664178205925,297.0,11.0
1025,87.0,56.663361446322064,56.66351918268374,303.52858547463563,303.52818915706683,226.37174087251842,226.37211788016833,10.482098001339365,10.482153194963969,0.019198954048229376,297.0,11.0
1026,87.0,56.66351918268374,56.66353479074453,303.52818915706683,303.5280657911528,226.37211788016833,226.37209333391314,10.482153194963969,10.482171609966462,0.014024639212047753,297.0,11.0
1027,87.0,56.66331393285096,56.66331849920185,303.52873426343126,303.5287359418989,226.37164027247792,226.37164466361497,10.482081004382243,10.482083286955778,0.002359780107799361,298.0,11.0
1028,87.0,56.03871386507027,56.03872126563251,303.5218997306847,303.5218827421421,225.69303127110516,225.6930108744385,10.512846776327004,10.512852966186028,0.005729491835569529,302.0,11.0
1029,87.0,55.802797462697335,55.80279922559008,302.9391794338198,302.93923438227563,223.9087804442413,223.90852817869512,10.57594789641435,10.575970505253313,0.003811059328999147,305.0,11.0
1030,87.0,55.80279922559008,55.80283181797663,302.93923438227563,302.9392322836476,223.90852817869512,223.90782026738788,10.575970505253313,10.576035277430563,0.011263743042042453,305.0,11.0
1031,87.0,55.80283181797663,55.80321297401487,302.9392322836476,302.9392796117565,223.90782026738788,223.90777204993606,10.576035277430563,10.576076846844071,0.023683172867337274,305.0,11.0
1032,87.0,55.80321297401487,55.80320970133671,302.9392796117565,302.9392807356279,223.90777204993606,223.90778048882652,10.576076846844071,10.576079710338355,0.002908804970844489,305.0,11.0
1033,87.0,56.55739052240305,56.55739948974592,302.3677138536702,302.3676978731138,225.44682578652902,225.44682567934683,10.636188935442915,10.636192253482967,0.0012384604138902442,306.0,11.0
1034,87.0,56.55739948974592,56.55742674126226,302.3676978731138,302.36767338325643,225.44682567934683,225.44679969814197,10.636192253482967,10.636201003466205,0.007659688699597375,306.0,11.0
1035,87.0,56.55739176798577,56.557396041471826,302.36771213312426,302.36770697707533,225.44682480853595,225.44682164466045,10.6361897190269,10.63619220090755,0.00255074,307.0,11.0
1036,87.0,57.19672259193699,57.197295698395735,305.07835489981187,305.07865695599696,226.6208946238831,226.62131849472524,10.73700455433694,10.737056363078782,0.004035602499495792,312.0,11.0
1037,87.0,57.197295698395735,57.19835497168468,305.07865695599696,305.0789096562806,226.62131849472524,226.62290989227571,10.737056363078782,10.737188196604736,0.010556103207632431,312.0,11.0
1038,87.0,57.19835497168468,57.19917500266158,305.0789096562806,305.0797458000748,226.62290989227571,226.62393951123053,10.737188196604736,10.737301755413098,0.00802067546932057,312.0,11.0
1039,87.0,57.19917500266158,57.20023647630038,305.0797458000748,305.0800497141796,226.62393951123053,226.62327521041158,10.737301755413098,10.737401073108042,0.013937852821903348,312.0,11.0
1040,87.0,57.20023647630038,57.199682719765704,305.0800497141796,305.0804214140477,226.62327521041158,226.62277250573666,10.737401073108042,10.73747403252642,0.013743284400014875,312.0,11.0
1041,87.0,57.199682719765704,57.199634725274585,305.0804214140477,305.08038972212677,226.62277250573666,226.62319619525107,10.73747403252642,10.737518756766809,0.026223073875466248,312.0,11.0
1042,87.0,57.199634725274585,57.199638781546625,305.08038972212677,305.0803877758256,226.62319619525107,226.62319456826572,10.737518756766809,10.737520600007993,0.0019259798546861426,312.0,11.0
1043,87.0,57.196724181909744,57.196729502947335,305.0783568118503,305.07836233111937,226.62089416613748,226.62089294630943,10.737005380927238,10.737007944100325,0.0026277790977524045,313.0,11.0
1044,87.0,84.08355700565136,84.06650043103491,444.961652634078,444.9636463469269,153.63164896851364,153.62177417164685,5.53187982577727,5.532615841625609,0.02904433448747892,318.0,11.0
1045,87.0,84.06650043103491,84.03493977021651,444.9636463469269,444.97242258727283,153.62177417164685,153.60377744111105,5.532615841625609,5.5340133245885,0.09406763934414698,318.0,11.0
1046,87.0,84.03493977021651,84.02330736655622,444.97242258727283,444.98343830753436,153.60377744111105,153.57850319804962,5.5340133245885,5.5351604148539355,0.05450728965695381,318.0,11.0
1047,87.0,84.02330736655622,84.0150628988932,444.98343830753436,444.99860255332595,153.57850319804962,153.55931676388536,5.5351604148539355,5.536168318597352,0.07091339659852998,318.0,11.0
1048,87.0,84.0150628988932,84.02486544609611,444.99860255332595,444.98699983364793,153.55931676388536,153.5454226367554,5.536168318597352,5.536997497312296,0.03751414735665395,318.0,11.0
1049,87.0,84.02486544609611,84.00782177965462,444.98699983364793,444.9814488184702,153.5454226367554,153.54594045490333,5.536997497312296,5.537734771336377,0.04516310637530377,318.0,11.0
1050,87.0,84.00782177965462,84.00158794536954,444.9814488184702,444.9685527438213,153.54594045490333,153.54989443902386,5.537734771336377,5.538364274440475,0.03660868470207638,318.0,11.0
1051,87.0,84.00158794536954,83.99804021770468,444.9685527438213,444.9581516975272,153.54989443902386,153.54397414208952,5.538364274440475,5.538909113348269,0.03575985687975759,318.0,11.0
1052,87.0,83.99804021770468,84.00588255121833,444.9581516975272,444.9634481879705,153.54397414208952,153.5399708562579,5.538909113348269,5.539373906184298,0.030664680514663412,318.0,11.0
1053,87.0,84.00588255121833,84.01340781327225,444.9634481879705,444.966184420742,153.5399708562579,153.53716069062122,5.539373906184298,5.5397724611837305,0.04299232009498369,318.0,11.0
1054,87.0,84.01340781327225,84.01102456775253,444.966184420742,444.9671922750302,153.53716069062122,153.53156346178747,5.5397724611837305,5.540082527892233,0.01731203986645207,318.0,11.0
1055,87.0,84.01102456775253,84.01126988128722,444.9671922750302,444.9694483779382,153.53156346178747,153.52677029504304,5.540082527892233,5.54035860968422,0.021882131232473023,318.0,11.0
1056,87.0,84.01126988128722,84.0099779116791,444.9694483779382,444.97343607485436,153.52677029504304,153.52591830955615,5.54035860968422,5.540593240711102,0.01888350304712258,318.0,11.0
1057,87.0,84.0099779116791,84.00670038815379,444.97343607485436,444.97385463632935,153.52591830955615,153.5269274459436,5.540593240711102,5.540793505984285,0.04441383500118585,318.0,11.0
1058,87.0,84.00670038815379,84.0054424803331,444.97385463632935,444.97351012586535,153.5269274459436,153.52809641988284,5.540793505984285,5.54091671254582,0.016159875982812176,318.0,11.0
1059,87.0,84.0054424803331,84.00475907176234,444.97351012586535,444.9743329254534,153.52809641988284,153.52864633234256,5.54091671254582,5.541011320989633,0.016169420070090545,318.0,11.0
1060,87.0,84.00475907176234,84.00531376914537,444.9743329254534,444.9747016679763,153.52864633234256,153.52848874551972,5.541011320989633,5.541074474990021,0.014359689531466704,318.0,11.0
1061,87.0,84.00531376914537,84.00503826922004,444.9747016679763,444.9747917443136,153.52848874551972,153.52853503000458,5.541074474990021,5.541108400879922,0.01744757033520546,318.0,11.0
1062,87.0,84.00503826922004,84.0050535360483,444.9747917443136,444.9748050387142,153.52853503000458,153.5285222938242,5.541108400879922,5.541114003229479,0.005261291048431888,318.0,11.0
1063,87.0,83.74081849090335,83.73438005271993,444.51697482610734,444.5129067563904,153.61146461836898,153.61246335983097,5.55061934414251,5.5509392241387365,0.01376941364810444,321.0,11.0
1064,87.0,83.73438005271993,83.72547439001046,444.5129067563904,444.5008072069278,153.61246335983097,153.61660160253635,5.5509392241387365,5.55159425961611,0.040407181147124535,321.0,11.0
1065,87.0,83.72547439001046,83.73209782149021,444.5008072069278,444.4940141868078,153.61660160253635,153.6078157910699,5.55159425961611,5.552155166676271,0.03162344852863891,321.0,11.0
1066,87.0,83.73209782149021,83.73984960395447,444.4940141868078,444.4912129416306,153.6078157910699,153.6006044841758,5.552155166676271,5.552644660736733,0.14504598813219088,321.0,11.0
1067,87.0,83.73984960395447,83.74142237320716,444.4912129416306,444.4892165449731,153.6006044841758,153.59839842864778,5.552644660736733,5.552841113768141,0.019769882073248327,321.0,11.0
1068,87.0,83.74142237320716,83.74105077303102,444.4892165449731,444.4876831460987,153.59839842864778,153.59636224865028,5.552841113768141,5.553003023985424,0.04740478240807218,321.0,11.0
1069,87.0,83.74105077303102,83.74146654007296,444.4876831460987,444.48714915569116,153.59636224865028,153.5957414562269,5.553003023985424,5.553081138055567,0.012854654898177791,321.0,11.0
1070,87.0,83.74146654007296,83.7417863414019,444.48714915569116,444.48696333105056,153.5957414562269,153.59611219049796,5.553081138055567,5.553133051759236,0.010201429080050848,321.0,11.0
1071,87.0,83.7417863414019,83.7418711377097,444.48696333105056,444.48683705065804,153.59611219049796,153.59589464255606,5.553133051759236,5.553164571134045,0.015829968730377442,321.0,11.0
1072,87.0,83.7418711377097,83.74185425938335,444.48683705065804,444.48685759032696,153.59589464255606,153.595895923691,5.553164571134045,5.55317061120836,0.005611108259828763,321.0,11.0
1073,87.0,92.53154400772482,92.53235482975833,421.98459686100966,421.9801832877523,155.19256037271754,155.19051231189712,6.35911484107933,6.359337529527332,0.010630737940695148,322.0,11.0
1074,87.0,92.53235482975833,92.53145235117799,421.9801832877523,421.9711312153333,155.19051231189712,155.1870080974243,6.359337529527332,6.3597829669656045,0.032732294373155654,322.0,11.0
1075,87.0,92.53145235117799,92.5275645385656,421.9711312153333,421.9665768599249,155.1870080974243,155.1921225633357,6.3597829669656045,6.360158540422606,0.03778094586812303,322.0,11.0
1076,87.0,92.5275645385656,92.53240091270797,421.9665768599249,421.96916491508154,155.1921225633357,155.19001242800334,6.360158540422606,6.360457296959808,0.020873739870022112,322.0,11.0
1077,87.0,92.53240091270797,92.53572487061778,421.96916491508154,421.9656777919364,155.19001242800334,155.1893739417323,6.360457296959808,6.360715613896103,0.018302118956160664,322.0,11.0
1078,87.0,92.53572487061778,92.53683796057338,421.9656777919364,421.9618172756941,155.1893739417323,155.18958811565938,6.360715613896103,6.360939759004589,0.016027604204181745,322.0,11.0
1079,87.0,92.53683796057338,92.53683040186311,421.9618172756941,421.95850416768815,155.18958811565938,155.18998419123056,6.360939759004589,6.361134985249846,0.020742874893426494,322.0,11.0
1080,87.0,92.53683040186311,92.5376733627771,421.95850416768815,421.9561953610481,155.18998419123056,155.1905045954414,6.361134985249846,6.361294028129474,0.01298226806669787,322.0,11.0
1081,87.0,92.5376733627771,92.53640866484248,421.9561953610481,421.9557504288605,155.1905045954414,155.19202964042782,6.361294028129474,6.361430752528429,0.014558057528617415,322.0,11.0
1082,87.0,92.53640866484248,92.5348925006006,421.9557504288605,421.955787023637,155.19202964042782,155.1921308076687,6.361430752528429,6.361542289179179,0.013741969609193319,322.0,11.0
1083,87.0,92.5348925006006,92.53583067407882,421.955787023637,421.9561103534737,155.1921308076687,155.19175119290776,6.361542289179179,6.361628956584248,0.01828353991905204,322.0,11.0
1084,87.0,92.53583067407882,92.53614774343039,421.9561103534737,421.9557390330153,155.19175119290776,155.19184019104298,6.361628956584248,6.361678862832683,0.014248841096108127,322.0,11.0
1085,87.0,92.53614774343039,92.53621946773993,421.9557390330153,421.95583949626354,155.19184019104298,155.1917280435719,6.361678862832683,6.361701330060955,0.016423718868636517,322.0,11.0
1086,87.0,94.25926717256105,94.25974275693055,425.23709922101136,425.23749610867634,159.49653210090594,159.49679322680655,6.548066378171616,6.54811296427864,0.0021219858312281374,323.0,11.0
1087,87.0,94.25974275693055,94.2611431947839,425.23749610867634,425.23857216780823,159.49679322680655,159.49685729697964,6.54811296427864,6.548236952437016,0.012388301969678123,323.0,11.0
1088,87.0,94.2611431947839,94.26007028740916,425.23857216780823,425.2387305052322,159.49685729697964,159.49764944968564,6.548236952437016,6.54833920398064,0.01341955476734264,323.0,11.0
1089,87.0,94.26007028740916,94.25919084691303,425.2387305052322,425.23870109666984,159.49764944968564,159.49785567208787,6.54833920398064,6.548416426320936,0.006975912042097523,323.0,11.0
1090,87.0,94.25919084691303,94.25939812160621,425.23870109666984,425.2381848735075,159.49785567208787,159.49745698385857,6.548416426320936,6.54847957578305,0.023054284657525865,323.0,11.0
1091,87.0,94.25939812160621,94.25943803672355,425.2381848735075,425.2381120608031,159.49745698385857,159.49755248526168,6.54847957578305,6.54849797011087,0.014012062533788536,323.0,11.0
1092,87.0,78.37657604522184,78.37621431710934,420.7380330556659,420.7380238029735,160.50611233318173,160.50601113164998,7.105485944868992,7.105515981281317,0.0019639134227131985,326.0,11.0
1093,87.0,78.37621431710934,78.37521287658954,420.7380238029735,420.73829789119554,160.50601113164998,160.50573464595027,7.105515981281317,7.105603341586311,0.014857359669408309,326.0,11.0
1094,87.0,78.37521287658954,78.37561602951571,420.73829789119554,420.7381535728417,160.50573464595027,160.50616334822809,7.105603341586311,7.105661115990292,0.0183493056991475,326.0,11.0
1095,87.0,78.37561602951571,78.37546416623105,420.7381535728417,420.73818102095873,160.50616334822809,160.50621059768662,7.105661115990292,7.105683054079001,0.01611794041260619,326.0,11.0
1096,87.0,79.38625192651257,79.38631922156088,421.08411104391536,421.0839729784178,161.3998348641942,161.39993351089998,7.151927172300253,7.151951164808541,0.017296233827808816,328.0,11.0
1097,87.0,75.807183102557,75.80718375224178,422.0384892473024,422.0384859457232,162.4804209132256,162.4804223257757,7.280626530627817,7.280628066515273,0.0016125555529760804,330.0,11.0
1098,87.0,75.39600969719034,75.39579869724554,422.2342379601163,422.23433568669515,162.19235816725626,162.19274279017372,7.298669403447203,7.298703570363832,0.001889593915109192,332.0,11.0
1099,87.0,75.39579869724554,75.39517216583407,422.23433568669515,422.234296319488,162.19274279017372,162.19386613457283,7.298703570363832,7.298802795561661,0.029809553435057562,332.0,11.0
1100,87.0,75.39517216583407,75.39531302779392,422.234296319488,422.23412910565685,162.19386613457283,162.19416631174425,7.298802795561661,7.298843115447176,0.017887842881897886,332.0,11.0
1101,87.0,75.39531302779392,75.39535398179586,422.23412910565685,422.234107297301,162.19416631174425,162.1941826434492,7.298843115447176,7.298852450123879,0.008081555727191634,332.0,11.0
1102,87.0,75.39601121048722,75.3960192703008,422.234240293092,422.2342439490536,162.19235836116613,162.1923567566493,7.298670279686264,7.29867311583564,0.0028834258260966145,333.0,11.0
1103,87.0,98.71212557946407,98.71207542106603,447.6115772926331,447.6115666317576,158.8396428516693,158.83966855354592,4.999037126461881,4.999047542709972,0.008845030042026953,335.0,11.0
1104,87.0,98.71212808545788,98.71212424829868,447.6115725582605,447.61156864675587,158.83962901709543,158.83963437604913,4.999034986333814,4.9990375271170215,0.0026066070140000966,336.0,11.0
1105,87.0,99.09333092947945,99.09213071837512,447.07343067164595,446.92976644847175,158.77281079359062,158.79600156329417,5.000552237882256,5.0054464741199505,0.20484562975529283,339.0,11.0
1106,87.0,99.09213071837512,99.10801576102529,446.92976644847175,446.6445179162909,158.79600156329417,158.88239219514756,5.0054464741199505,5.015493291768732,0.6280867530349171,339.0,11.0
1107,87.0,99.10801576102529,99.17347566554989,446.6445179162909,446.5028124756689,158.88239219514756,159.0141503531283,5.015493291768732,5.022396878148054,0.46502270469541684,339.0,11.0
1108,87.0,99.17347566554989,99.27201396760854,446.5028124756689,446.4469822811226,159.0141503531283,159.04633536438683,5.022396878148054,5.026456587264713,0.3115324288138281,339.0,11.0
1109,87.0,99.27201396760854,99.28340310864019,446.4469822811226,446.35970690626357,159.04633536438683,159.0507816600955,5.026456587264713,5.029537609971019,0.1685344451904319,339.0,11.0
1110,87.0,99.28340310864019,99.2665065613451,446.35970690626357,446.2935096840141,159.0507816600955,159.07534739604944,5.029537609971019,5.032105251700693,0.1499486513913525,339.0,11.0
1111,87.0,99.2665065613451,99.2278460845701,446.2935096840141,446.26058124479476,159.07534739604944,159.1057287430573,5.032105251700693,5.0342283392395375,0.11575316816928043,339.0,11.0
1112,87.0,99.2278460845701,99.2265524107357,446.26058124479476,446.2217866258485,159.1057287430573,159.13584838468847,5.0342283392395375,5.036017915614866,0.09542295945713837,339.0,11.0
1113,87.0,99.2265524107357,99.2378688699549,446.2217866258485,446.18229484420027,159.13584838468847,159.1343391675963,5.036017915614866,5.037540199223863,0.11506834252061797,339.0,11.0
1114,87.0,99.2378688699549,99.25924651096712,446.18229484420027,446.1587008117823,159.1343391675963,159.13439018143535,5.037540199223863,5.038751809393252,0.06645838883821333,339.0,11.0
1115,87.0,99.25924651096712,99.28059094849523,446.1587008117823,446.1457279140133,159.13439018143535,159.1440043408405,5.038751809393252,5.039792195891007,0.07193329834079393,339.0,11.0
1116,87.0,99.28059094849523,99.287066618152,446.1457279140133,446.12538813725723,159.1440043408405,159.14583504022838,5.039792195891007,5.040650250248971,0.0524267492744125,339.0,11.0
1117,87.0,99.287066618152,99.299749219926,446.12538813725723,446.11827018908133,159.14583504022838,159.1357394986979,5.040650250248971,5.041379571898043,0.05423263287528993,339.0,11.0
1118,87.0,99.299749219926,99.29641530477775,446.11827018908133,446.1069959307495,159.1357394986979,159.12805562523147,5.041379571898043,5.041980216921979,0.052956021301630955,339.0,11.0
1119,87.0,99.29641530477775,99.29562058581676,446.1069959307495,446.1164200277388,159.12805562523147,159.133062559984,5.041980216921979,5.0424605805034375,0.09261223279903284,339.0,11.0
1120,87.0,99.29562058581676,99.29250689971742,446.1164200277388,446.1206001053685,159.133062559984,159.13502212226618,5.0424605805034375,5.042747181180775,0.03944095855828137,339.0,11.0
1121,87.0,99.29250689971742,99.29370360605398,446.1206001053685,446.12376258101597,159.13502212226618,159.1366238145672,5.042747181180775,5.042959559420691,0.01712480238386596,339.0,11.0
1122,87.0,99.29370360605398,99.29224934567534,446.12376258101597,446.1250290709122,159.1366238145672,159.13428910271784,5.042959559420691,5.043141468585706,0.017591797093891123,339.0,11.0
1123,87.0,99.29224934567534,99.29228642030537,446.1250290709122,446.1231237287252,159.13428910271784,159.13565733534628,5.043141468585706,5.0432929278284755,0.012603018393016594,339.0,11.0
1124,87.0,99.29228642030537,99.29209552254576,446.1231237287252,446.1213751153881,159.13565733534628,159.13497563902266,5.0432929278284755,5.043422740036656,0.02277425314181385,339.0,11.0
1125,87.0,99.29209552254576,99.29301885095644,446.1213751153881,446.1209555606559,159.13497563902266,159.13543018471518,5.043422740036656,5.043512216844592,0.018214683057644825,339.0,11.0
1126,87.0,99.29301885095644,99.29345916799215,446.1209555606559,446.12115779293543,159.13543018471518,159.1356704400122,5.043512216844592,5.043565373140214,0.028963857859414556,339.0,11.0
1127,87.0,99.29345916799215,99.29345552976284,446.12115779293543,446.12115488843136,159.1356704400122,159.1356804494467,5.043565373140214,5.043568639668224,0.003277978739226965,339.0,11.0
1128,87.0,95.94468691579529,95.90563884300965,442.8779199332009,442.84889679019886,163.9389485961989,164.01926739309107,5.246136182077094,5.249320416194961,0.14257941150715872,340.0,11.0
1129,87.0,95.90563884300965,95.8403376449655,442.84889679019886,442.8101094015272,164.01926739309107,164.1880468305818,5.249320416194961,5.25560774482297,0.349517894646608,340.0,11.0
1130,87.0,95.8403376449655,95.79257394984812,442.8101094015272,442.6855633077809,164.1880468305818,164.24560487993614,5.25560774482297,5.260577980593672,0.2787008053399796,340.0,11.0
1131,87.0,95.79257394984812,95.7833266132766,442.6855633077809,442.6611815757903,164.24560487993614,164.24967129264508,5.260577980593672,5.261487873509021,0.036354462231968684,340.0,11.0
1132,87.0,95.7833266132766,95.76706707315611,442.6611815757903,442.59546204859987,164.24967129264508,164.24866715330728,5.261487873509021,5.263893571638701,0.14054198045072058,340.0,11.0
1133,87.0,95.76706707315611,95.73008583962641,442.59546204859987,442.56196854692354,164.24866715330728,164.27241837680148,5.263893571638701,5.265886693265046,0.11927977067809524,340.0,11.0
1134,87.0,95.73008583962641,95.69019803337792,442.56196854692354,442.56941689963486,164.27241837680148,164.2919707403517,5.265886693265046,5.267540169323418,0.10286558903997513,340.0,11.0
1135,87.0,95.69019803337792,95.65918638899011,442.56941689963486,442.56929531016857,164.2919707403517,164.31133312641867,5.267540169323418,5.268910319794289,0.0801786370657747,340.0,11.0
1136,87.0,95.65918638899011,95.67606334033333,442.56929531016857,442.57003971522056,164.31133312641867,164.33638755388824,5.268910319794289,5.270067319280125,0.06400428562373338,340.0,11.0
1137,87.0,95.67606334033333,95.698720235893,442.57003971522056,442.5798417702737,164.33638755388824,164.3422763339569,5.270067319280125,5.271060633241921,0.10172450058075877,340.0,11.0
1138,87.0,95.698720235893,95.70927707070975,442.5798417702737,442.57315876104883,164.3422763339569,164.32931633426801,5.271060633241921,5.271800331786786,0.04153093647416835,340.0,11.0
1139,87.0,95.70927707070975,95.71266392970686,442.57315876104883,442.56004130234516,164.32931633426801,164.32249549777515,5.271800331786786,5.272440725853221,0.0427444272743744,340.0,11.0
1140,87.0,95.71266392970686,95.7179960308055,442.56004130234516,442.5513905733977,164.32249549777515,164.31541139731763,5.272440725853221,5.272982144541246,0.029677439424256328,340.0,11.0
1141,87.0,95.7179960308055,95.71171093394064,442.5513905733977,442.548504408395,164.31541139731763,164.30744320290907,5.272982144541246,5.273457027631163,0.04877018017233632,340.0,11.0
1142,87.0,95.71171093394064,95.70818696576099,442.548504408395,442.5432069713294,164.30744320290907,164.30305154588783,5.273457027631163,5.273827155295673,0.026125410579467725,340.0,11.0
1143,87.0,95.70818696576099,95.70185404027305,442.5432069713294,442.5431052178891,164.30305154588783,164.30328166739642,5.273827155295673,5.274143895029764,0.021541134787472587,340.0,11.0
1144,87.0,95.70185404027305,95.69963093840222,442.5431052178891,442.54021249509753,164.30328166739642,164.3070710349727,5.274143895029764,5.274418260413665,0.027821006141834328,340.0,11.0
1145,87.0,95.69963093840222,95.6997221332039,442.54021249509753,442.54072278045396,164.3070710349727,164.31101023474383,5.274418260413665,5.274640315632096,0.02261350505746172,340.0,11.0
1146,87.0,95.6997221332039,95.6998339971355,442.54072278045396,442.5382975453316,164.31101023474383,164.31280852754745,5.274640315632096,5.274821925175892,0.012497133331626959,340.0,11.0
1147,87.0,95.6998339971355,95.7000080185841,442.5382975453316,442.53614340161977,164.31280852754745,164.31412805841575,5.274821925175892,5.27498186209186,0.015870081939573358,340.0,11.0
1148,87.0,95.7000080185841,95.69995113311033,442.53614340161977,442.5344142849561,164.31412805841575,164.3150178910583,5.27498186209186,5.27511452039713,0.015758237369954627,340.0,11.0
1149,87.0,95.69995113311033,95.69870270396314,442.5344142849561,442.53402501615636,164.3150178910583,164.315514968707,5.27511452039713,5.275219748062507,0.020342394402730897,340.0,11.0
1150,87.0,95.69870270396314,95.69890077100708,442.53402501615636,442.53410907533845,164.315514968707,164.31604271984872,5.275219748062507,5.275271275483911,0.004305990933936344,340.0,11.0
1151,87.0,95.69890077100708,95.69896288082272,442.53410907533845,442.53411323023766,164.31604271984872,164.31592456158177,5.275271275483911,5.275290400168273,0.01445415534259763,340.0,11.0
1152,87.0,90.22357405815694,90.22074431785373,424.7068078501039,424.6988046732745,155.76625025234026,155.76252648296884,5.937598898743309,5.937977175893512,0.014124492839659891,342.0,11.0
1153,87.0,90.22074431785373,90.21846974607499,424.6988046732745,424.68292450696424,155.76252648296884,155.75469924200416,5.937977175893512,5.9387115793412635,0.03644773169662997,342.0,11.0
1154,87.0,90.21846974607499,90.23213082119055,424.68292450696424,424.67636459829055,155.75469924200416,155.75721277972522,5.9387115793412635,5.939358804473641,0.05098691652627659,342.0,11.0
1155,87.0,90.23213082119055,90.24134109115657,424.67636459829055,424.67435984828563,155.75721277972522,155.7497046726507,5.939358804473641,5.939888099350755,0.03615179983790373,342.0,11.0
1156,87.0,90.24134109115657,90.24565930838435,424.67435984828563,424.66651264286264,155.7497046726507,155.7456215123528,5.939888099350755,5.940337040742572,0.045509227692173505,342.0,11.0
1157,87.0,90.24565930838435,90.25253004361512,424.66651264286264,424.6688405585275,155.7456215123528,155.74523247432936,5.940337040742572,5.94068945136478,0.02367994544518887,342.0,11.0
1158,87.0,90.25253004361512,90.25778842178644,424.6688405585275,424.66850009301635,155.74523247432936,155.74231058114685,5.94068945136478,5.940994008265219,0.022718391124373037,342.0,11.0
1159,87.0,90.25778842178644,90.25412231196178,424.66850009301635,424.66813985147803,155.74231058114685,155.73906276577054,5.940994008265219,5.941254394650817,0.01949517626465922,342.0,11.0
1160,87.0,90.25412231196178,90.25056749376715,424.66813985147803,424.6686512632902,155.73906276577054,155.7372592374509,5.941254394650817,5.9414783466218095,0.01739595047745143,342.0,11.0
1161,87.0,90.25056749376715,90.25243124056706,424.6686512632902,424.6676109203805,155.7372592374509,155.7347743345848,5.9414783466218095,5.941670960408501,0.019072799556206763,342.0,11.0
1162,87.0,90.25243124056706,90.25360810103791,424.6676109203805,424.6658913150839,155.7347743345848,155.73335743480442,5.941670960408501,5.941830341670646,0.012991400974009382,342.0,11.0
1163,87.0,90.25360810103791,90.25558358522372,424.6658913150839,424.6655667731887,155.73335743480442,155.7329795063575,5.941830341670646,5.941967387373974,0.013962901686556622,342.0,11.0
1164,87.0,90.25558358522372,90.25620314507486,424.6655667731887,424.66609583124927,155.7329795063575,155.73166476168197,5.941967387373974,5.942080297223212,0.01828567317525855,342.0,11.0
1165,87.0,90.25620314507486,90.256158518621,424.66609583124927,424.66570212079233,155.73166476168197,155.73081149336858,5.942080297223212,5.942159771681061,0.01836238081547439,342.0,11.0
1166,87.0,90.256158518621,90.25604350871384,424.66570212079233,424.665465595447,155.73081149336858,155.73051913896717,5.942159771681061,5.9422018256883185,0.022527807851183187,342.0,11.0
1167,87.0,90.25604350871384,90.25605414995673,424.665465595447,424.665479081027,155.73051913896717,155.7305195628717,5.9422018256883185,5.942206269459851,0.004304622557199218,342.0,11.0
1168,87.0,94.05400577163346,94.05549776836709,424.14437387780043,424.1448255581712,155.01191075916296,155.01251241588326,6.069166858246869,6.069260613340001,0.004952448523960635,344.0,11.0
1169,87.0,94.05549776836709,94.05891741537326,424.1448255581712,424.14513391305957,155.01251241588326,155.01388581054914,6.069260613340001,6.069471164568794,0.01770144699278228,344.0,11.0
1170,87.0,94.05891741537326,94.06157523778357,424.14513391305957,424.14523405364906,155.01388581054914,155.01519527034412,6.069471164568794,6.069650299539453,0.012441509402862348,344.0,11.0
1171,87.0,94.06157523778357,94.06252458405157,424.14523405364906,424.1460676338038,155.01519527034412,155.01732977371077,6.069650299539453,6.069807892752377,0.015949152756897466,344.0,11.0
1172,87.0,94.06252458405157,94.064249707196,424.1460676338038,424.14675461360423,155.01732977371077,155.01695569999853,6.069807892752377,6.069938077807522,0.027794403071201696,344.0,11.0
1173,87.0,94.064249707196,94.06508530809538,424.14675461360423,424.1472172063598,155.01695569999853,155.01698455524715,6.069938077807522,6.070018441623896,0.02006510678950758,344.0,11.0
1174,87.0,94.06508530809538,94.06526855637934,424.1472172063598,424.1474420130153,155.01698455524715,155.01676816822288,6.070018441623896,6.070058000426754,0.02558820230589443,344.0,11.0
1175,87.0,93.21939393272518,93.2193963448018,423.48640713800876,423.4863924645453,154.3245979452793,154.32455951870753,6.111387362783169,6.111395592303476,0.007278994457411072,346.0,11.0
1176,87.0,87.4455576538741,87.44557958707874,421.5195659105084,421.5195058219646,153.88475340952743,153.88465143368478,6.31537496042614,6.315387333149541,0.0010858571719518705,347.0,11.0
1177,87.0,87.44557958707874,87.44565030471543,421.5195058219646,421.51910372549946,153.88465143368478,153.8845238613074,6.315387333149541,6.315432069676728,0.014028426836694901,347.0,11.0
1178,87.0,87.44565030471543,87.44567410362036,421.51910372549946,421.51922709389646,153.8845238613074,153.88449763741423,6.315432069676728,6.315450652608623,0.0141266572956536,347.0,11.0
1179,87.0,87.17858449818848,87.17859109398324,422.02793128060455,422.0279281385027,154.02417604175727,154.0241799480474,6.335085780705771,6.335088460967632,0.0027379676464822957,350.0,11.0
1180,87.0,87.17858474127519,87.17859072849505,422.02793255189044,422.02793241655763,154.0241734293972,154.0241722930487,6.335085674661583,6.335087847152058,0.002252844138451265,351.0,11.0
1181,87.0,83.83664532682913,83.83662528512512,425.16869848841714,425.1690161633117,153.64445264183126,153.6444599065167,6.48859559407998,6.488631604155661,0.02236815077013922,354.0,11.0
1182,87.0,83.83662528512512,83.83662701554512,425.1690161633117,425.1690173857172,153.6444599065167,153.6444620491505,6.488631604155661,6.488632955577395,0.0014191731809509445,354.0,11.0
1183,87.0,83.4449047583778,83.44488285339757,424.06690745866354,424.0668956496673,153.4019919078524,153.40197082930473,6.5284182662853345,6.528425237767717,0.006337116331716413,356.0,11.0
1184,87.0,83.42861160710493,83.42890318117676,423.15202649416426,423.15144037427297,154.38126873302335,154.38095943737164,6.573288435993208,6.573337788158729,0.0018486636469846188,359.0,11.0
1185,87.0,83.42890318117676,83.42952313064248,423.15144037427297,423.149973847156,154.38095943737164,154.37995595910684,6.573337788158729,6.573467384492382,0.012750082008949884,359.0,11.0
1186,87.0,83.42952313064248,83.43006627893006,423.149973847156,423.1486602461916,154.37995595910684,154.3801886457804,6.573467384492382,6.573574788587741,0.036071691847364265,359.0,11.0
1187,87.0,83.43006627893006,83.42976307484585,423.1486602461916,423.1487627625878,154.3801886457804,154.38010777730318,6.573574788587741,6.57361176804731,0.024283415641110646,359.0,11.0
1188,87.0,95.7833266132766,95.77546041374711,442.6611815757903,442.6562016640868,164.24967129264508,164.26027513806127,5.261487873509021,5.26203317873869,0.02285448396877298,363.0,11.0
1189,87.0,95.77546041374711,95.76033218481253,442.6562016640868,442.6476914142534,164.26027513806127,164.28005025253464,5.26203317873869,5.263058230960564,0.21473729495994756,363.0,11.0
1190,87.0,95.76033218481253,95.75798251496089,442.6476914142534,442.6417801532907,164.28005025253464,164.28946884715157,5.263058230960564,5.2635627548273805,0.03743919610283193,363.0,11.0
1191,87.0,95.75798251496089,95.76008855047004,442.6417801532907,442.6379856281002,164.28946884715157,164.2974942627984,5.2635627548273805,5.263985079342006,0.037498451086619165,363.0,11.0
1192,87.0,95.76008855047004,95.7570118552633,442.6379856281002,442.64192520805835,164.2974942627984,164.3024446873894,5.263985079342006,5.264328708266847,0.018358476981839525,363.0,11.0
1193,87.0,95.7570118552633,95.75600382034537,442.64192520805835,442.64540989068763,164.3024446873894,164.30732157478002,5.264328708266847,5.2646353291019885,0.026194721375537112,363.0,11.0
1194,87.0,95.75600382034537,95.75369762664447,442.64540989068763,442.6488393670481,164.30732157478002,164.3097554840958,5.2646353291019885,5.264891086342425,0.10449458986274812,363.0,11.0
1195,87.0,95.75369762664447,95.75346684341312,442.6488393670481,442.64869803989757,164.3097554840958,164.3104643131191,5.264891086342425,5.264959151373316,0.01672894649079947,363.0,11.0
1196,87.0,95.75346684341312,95.75375279977908,442.64869803989757,442.64874157423026,164.3104643131191,164.31051805867918,5.264959151373316,5.26499313468604,0.022738804344773027,363.0,11.0
1197,87.0,95.71822630339508,95.7182279618337,442.51191166509824,442.51175033476176,164.28883621316402,164.28883622553383,5.276615457387353,5.27663738992504,0.016114723504823895,365.0,11.0
1198,87.0,95.71823767883431,95.71823107263415,442.51195091977377,442.51195458140364,164.2888030270547,164.28880348620336,5.276609277113491,5.276611795731606,0.002585613293615175,366.0,11.0
1199,87.0,95.98220848510093,95.98203426451174,442.4993834453532,442.49917318253193,164.3508774444835,164.3507034154304,5.268230039550132,5.268256914623996,0.0013839155942540757,369.0,11.0
1200,87.0,95.98203426451174,95.98134186729507,442.49917318253193,442.4987242503977,164.3507034154304,164.35022073076985,5.268256914623996,5.268337306256619,0.010456099210984074,369.0,11.0
1201,87.0,95.98134186729507,95.98189778774046,442.4987242503977,442.49847030317443,164.35022073076985,164.35007568247553,5.268337306256619,5.268396623540368,0.0352115807460393,369.0,11.0
1202,87.0,95.98220864475981,95.98220922034508,442.49938378739046,442.4993856975363,164.3508749506625,164.3508673463707,5.268230863724669,5.26823344920954,0.0026488436757033293,370.0,11.0
1203,87.0,99.17347566554989,99.16681501351282,446.5028124756689,446.4909461793879,159.0141503531283,159.02971122589105,5.022396878148054,5.023158330376922,0.040765284987071236,373.0,11.0
1204,87.0,99.16681501351282,99.1597852391258,446.4909461793879,446.4781224895378,159.02971122589105,159.06698499735782,5.023158330376922,5.024644907317141,0.09936455112490362,373.0,11.0
1205,87.0,99.1597852391258,99.17767838110565,446.4781224895378,446.4723556139061,159.06698499735782,159.09294614875176,5.024644907317141,5.0258637443687695,0.07611298994235602,373.0,11.0
1206,87.0,99.17767838110565,99.16777149159783,446.4723556139061,446.48242566871795,159.09294614875176,159.1150594291977,5.0258637443687695,5.026886344555148,0.06430601725609865,373.0,11.0
1207,87.0,99.16777149159783,99.15711773643702,446.48242566871795,446.4848884874838,159.1150594291977,159.13354277400305,5.026886344555148,5.027746169922639,0.05363605273965434,373.0,11.0
1208,87.0,99.15711773643702,99.1466138187941,446.4848884874838,446.47976238691956,159.13354277400305,159.14679423931898,5.027746169922639,5.028474286448642,0.04416058240243347,373.0,11.0
1209,87.0,99.1466138187941,99.14401224678122,446.47976238691956,446.46871780811523,159.14679423931898,159.15610053033865,5.028474286448642,5.029097268046271,0.07677401218372994,373.0,11.0
1210,87.0,99.14401224678122,99.13542255961704,446.46871780811523,446.47195544409124,159.15610053033865,159.15966345647374,5.029097268046271,5.029546324647925,0.03976555078776651,373.0,11.0
1211,87.0,99.13542255961704,99.13633745097209,446.47195544409124,446.46980597258136,159.15966345647374,159.16687400229273,5.029546324647925,5.0299107114624855,0.02133263776404909,373.0,11.0
1212,87.0,99.13633745097209,99.13821681123423,446.46980597258136,446.4668758910046,159.16687400229273,159.1722956456677,5.0299107114624855,5.030231525569819,0.026143700930651985,373.0,11.0
1213,87.0,99.13821681123423,99.14164114532558,446.4668758910046,446.46510305829463,159.1722956456677,159.17568833212468,5.030231525569819,5.030500938226127,0.022963969348258537,373.0,11.0
1214,87.0,99.14164114532558,99.14431355879597,446.46510305829463,446.46490291220607,159.17568833212468,159.17875705100013,5.030500938226127,5.030727184166543,0.05208847313476467,373.0,11.0
1215,87.0,99.14431355879597,99.14603784677493,446.46490291220607,446.4648606416655,159.17875705100013,159.17974491247725,5.030727184166543,5.030861864172012,0.009000256450076556,373.0,11.0
1216,87.0,99.14603784677493,99.144641051957,446.4648606416655,446.465437934687,159.17974491247725,159.1804556546946,5.030861864172012,5.030981027296992,0.009438640221257885,373.0,11.0
1217,87.0,99.144641051957,99.14510661463576,446.465437934687,446.46568326565637,159.1804556546946,159.1816972496727,5.030981027296992,5.0310835726603536,0.026075455962358784,373.0,11.0
1218,87.0,99.14510661463576,99.1449274033872,446.46568326565637,446.46520859522855,159.1816972496727,159.1818159215894,5.0310835726603536,5.031135295575765,0.01763514001854016,373.0,11.0
1219,87.0,99.1449274033872,99.14497457764193,446.46520859522855,446.4651175957739,159.1818159215894,159.18174430303765,5.031135295575765,5.03115353101289,0.013915284707627141,373.0,11.0
1220,87.0,100.38622097087554,100.38622863897629,450.38290908049566,450.382895599579,157.249462891562,157.24944892680412,4.871562665291823,4.871567756375786,0.0048451618517593095,374.0,11.0
1221,87.0,100.3862193655111,100.38622055765072,450.3829152343193,450.3829178533768,157.24946842156174,157.249475095183,4.871561739168461,4.871564189037949,0.002520271740020667,375.0,11.0
1222,87.0,97.00072838087826,97.0006061217154,444.0214073834615,444.0209632097258,160.4613702576093,160.46134705833526,5.134719078179525,5.1347540645945955,0.002971420998566644,378.0,11.0
1223,87.0,97.0006061217154,97.00040739733728,444.0209632097258,444.019744592638,160.46134705833526,160.46160395148286,5.1347540645945955,5.134851890909797,0.013921233749274679,378.0,11.0
1224,87.0,97.00040739733728,97.0007913910514,444.019744592638,444.02028271035005,160.46160395148286,160.46207127498863,5.134851890909797,5.134923228685536,0.01778804863796255,378.0,11.0
1225,87.0,97.0007913910514,97.00072072418064,444.02028271035005,444.02008442306,160.46207127498863,160.46184786490443,5.134923228685536,5.13495828590855,0.019385606048780247,378.0,11.0
1226,87.0,97.00072072418064,97.00072665723118,444.02008442306,444.0200799722982,160.46184786490443,160.46186054470996,5.13495828590855,5.134962269177323,0.003910747275397506,378.0,11.0
1227,87.0,96.03881726791377,96.0384672098423,444.57416376884856,444.57435626111845,164.89910034137785,164.89924182837677,5.287301449609823,5.2873341527548705,0.0025494590445453006,381.0,11.0
1228,87.0,96.0384672098423,96.03744256027338,444.57435626111845,444.57493419309674,164.89924182837677,164.89947432875636,5.2873341527548705,5.287428565235867,0.01900779546896984,381.0,11.0
1229,87.0,96.03744256027338,96.03737847481185,444.57493419309674,444.57522007355163,164.89947432875636,164.89999302727006,5.287428565235867,5.287485625617214,0.01538625689259343,381.0,11.0
1230,87.0,96.03737847481185,96.03718071199619,444.57522007355163,444.5752425886177,164.89999302727006,164.90005955452523,5.287485625617214,5.287512181395369,0.01873679369853723,381.0,11.0
1231,87.0,98.13602633016441,98.13601828860558,443.7131326750381,443.7131369985549,165.32759884204677,165.3276315877908,5.364262077059868,5.364267109295872,0.0012163441805798367,382.0,11.0
1232,87.0,98.13601828860558,98.13598467919815,443.7131369985549,443.7131644396192,165.3276315877908,165.32772240006142,5.364267109295872,5.364282701576843,0.01227288194340686,382.0,11.0
1233,87.0,98.40715880050314,98.40717903941908,443.60462167893064,443.60462255144523,165.11147908569666,165.11148553323432,5.3763825104186544,5.376387667917155,0.004899686187900912,384.0,11.0
1234,87.0,98.40715008987743,98.40714255967664,443.6046238778411,443.6046261878657,165.11147651690317,165.11147799261144,5.376381544209804,5.376384163906731,0.00268108,385.0,11.0
1235,87.0,98.44187155456238,98.44178530355143,443.50039491257485,443.5004285920674,164.61400588151682,164.61391565846645,5.393379788630413,5.393398468949262,0.01418571017197408,388.0,11.0
1236,87.0,98.44190499448567,98.44190561751034,443.5003914610611,443.50038487441043,164.61403430427345,164.6140388259685,5.393374379542752,5.3933769992396785,0.00268108,389.0,11.0
1237,87.0,109.30002881772891,109.30007010560419,438.3884480891103,438.3884464790823,163.56811379476176,163.56811099326805,5.79570744977794,5.795712248455576,0.0037697775098905497,392.0,11.0
1238,87.0,109.30007010560419,109.29990138648778,438.3884464790823,438.38846433529477,163.56811099326805,163.56823720291484,5.795712248455576,5.795738950815992,0.018818262030611925,392.0,11.0
1239,87.0,108.84127021262603,108.84101541099028,438.700609752187,438.70049225896275,164.5661352316684,164.56673714631688,5.83379736078249,5.83384302775105,0.003042529106109798,393.0,11.0
1240,87.0,108.84101541099028,108.83985583147175,438.70049225896275,438.7002715249779,164.56673714631688,164.5680740115626,5.83384302775105,5.833967810805966,0.015332586857051595,393.0,11.0
1241,87.0,108.83985583147175,108.84096587634875,438.7002715249779,438.7006637991855,164.5680740115626,164.5685235796824,5.833967810805966,5.834065586800474,0.016661599600081668,393.0,11.0
1242,87.0,108.84096587634875,108.84144421121376,438.7006637991855,438.7008166329977,164.5685235796824,164.56800355620095,5.834065586800474,5.834131302816318,0.015641302830271656,393.0,11.0
1243,87.0,108.84144421121376,108.84139304343626,438.7008166329977,438.70054232288294,164.56800355620095,164.56791499866813,5.834131302816318,5.834165163747457,0.022674972516736554,393.0,11.0
1244,87.0,108.84126887094405,108.84126224733907,438.70060889365766,438.7006063468025,164.5661365332938,164.56613641154115,5.833798050077301,5.8338004605140545,0.0024826455721934223,394.0,11.0
1245,87.0,100.59396273648052,100.59395241822693,450.90654574637136,450.9065203097433,157.01678762513757,157.01675572066614,4.851665403506746,4.851671348930477,0.0017133353759671611,399.0,11.0
1246,87.0,100.59395241822693,100.59393680536675,450.9065203097433,450.9064666722246,157.01675572066614,157.01665692095668,4.851671348930477,4.851688352610104,0.01315760269341201,399.0,11.0
1247,87.0,100.50323789667189,100.50326224055033,450.8630550151961,450.8630103573514,157.88839455569726,157.88844877119428,4.8809355873648155,4.8809481292822685,0.010290083619814335,400.0,11.0
1248,87.0,95.56846078230282,95.56844821004483,458.81857842902946,458.81857911223926,162.99431279423294,162.99426095507894,5.2366343766137415,5.2366442668952455,0.00847701880321662,401.0,11.0
1249,87.0,93.48138541921904,93.48071102951546,457.62593484397337,457.62574369042085,168.50218682564673,168.50215587226438,5.4370886152850275,5.437134586156901,0.005048310044996966,402.0,11.0
1250,87.0,93.48071102951546,93.47885542446342,457.62574369042085,457.626437352798,168.50215587226438,168.5016487284536,5.437134586156901,5.437271991648584,0.018548190321404964,402.0,11.0
1251,87.0,93.47885542446342,93.47847266197667,457.626437352798,457.6277624505782,168.5016487284536,168.50187793632978,5.437271991648584,5.437377176546215,0.016095278580708448,402.0,11.0
1252,87.0,93.47847266197667,93.47838044196016,457.6277624505782,457.6276573021235,168.50187793632978,168.50273737786483,5.437377176546215,5.437452361114338,0.013375651652698047,402.0,11.0
1253,87.0,93.47838044196016,93.47835665103419,457.6276573021235,457.62809931194533,168.50273737786483,168.50288797664535,5.437452361114338,5.437500124897057,0.01580552399481708,402.0,11.0
1254,87.0,93.47835665103419,93.47838318467163,457.62809931194533,457.6280348925455,168.50288797664535,168.50299018370438,5.437500124897057,5.437518218041066,0.013828431710461539,402.0,11.0
1255,87.0,93.48138570565479,93.48138734306848,457.6259324309468,457.6259256844545,168.5021861035347,168.50218210083924,5.437089443989898,5.4370920636868245,0.00268108,403.0,11.0
1256,87.0,101.95247118233024,101.9524592670409,451.7808734394874,451.7807847722394,156.38091301577913,156.38094310550102,4.793752765722937,4.793767653755656,0.011824677369988957,406.0,11.0
1257,87.0,101.95248406389548,101.95248732673778,451.7808971282544,451.7808909651136,156.38090243326707,156.38090109164474,4.793748821815974,4.793751233185412,0.002483536843861211,407.0,11.0
1258,87.0,99.94564146340522,99.94521527312538,450.33461508822256,450.33437677457925,157.24347581049403,157.2429088840044,4.881174620677901,4.881224179674822,0.0028414673055525397,411.0,11.0
1259,87.0,99.94521527312538,99.94346855819406,450.33437677457925,450.3334955325673,157.2429088840044,157.24231580256577,4.881224179674822,4.881361558634342,0.012597750660803878,411.0,11.0
1260,87.0,99.94346855819406,99.9420307487506,450.3334955325673,450.3333444159149,157.24231580256577,157.24300178960908,4.881361558634342,4.8814771962544885,0.012642819726696203,411.0,11.0
1261,87.0,99.9420307487506,99.94113894390944,450.3333444159149,450.3340582189735,157.24300178960908,157.24272649666983,4.8814771962544885,4.8815702629430024,0.01573015832451736,411.0,11.0
1262,87.0,99.94113894390944,99.94050790517367,450.3340582189735,450.3340641000905,157.24272649666983,157.24295800024882,4.8815702629430024,4.881632589086175,0.021303878719753158,411.0,11.0
1263,87.0,99.94050790517367,99.94058362116863,450.3340641000905,450.3341911181381,157.24295800024882,157.24297126312283,4.881632589086175,4.881653237665808,0.015363005434967998,411.0,11.0
1264,87.0,99.94563914634503,99.94563351813349,450.3346140890474,450.334610550897,157.2434760890291,157.24347713088372,4.881175450575561,4.8811777747159555,0.002399873850749292,412.0,11.0
1265,87.0,103.45811726332957,103.45818687294681,452.758631420448,452.7585486860482,155.77979018618558,155.77977725222183,4.730582074270926,4.730594049780319,0.0011800302170212908,415.0,11.0
1266,87.0,103.45818687294681,103.45838062105084,452.7585486860482,452.7583128988346,155.77977725222183,155.7796644975364,4.730594049780319,4.730630635266392,0.018874572634726222,415.0,11.0
1267,87.0,103.45838062105084,103.45839408406866,452.7583128988346,452.75831547975577,155.7796644975364,155.77968360253817,4.730630635266392,4.7306361711065765,0.005207624195583065,415.0,11.0
1268,87.0,103.45811508716004,103.45810803947393,452.75862993882185,452.7586288736924,155.77979121999186,155.77979403084157,4.730582961148404,4.730585501385725,0.002606090389418164,416.0,11.0
1269,87.0,94.73006617837716,94.61812159117116,447.1308033880767,447.0681338314448,159.57353835300086,159.63802710864485,5.099377453514992,5.104207543508313,0.22929576706722282,418.0,11.0
1270,87.0,94.61812159117116,94.40878270657723,447.0681338314448,446.90444181130243,159.63802710864485,159.7550754645015,5.104207543508313,5.113985810833515,0.620163262072004,418.0,11.0
1271,87.0,94.40878270657723,94.35134979747194,446.90444181130243,446.87968530243614,159.7550754645015,159.97275265080222,5.113985810833515,5.121644829801053,0.398791189522381,418.0,11.0
1272,87.0,94.35134979747194,94.3694755579287,446.87968530243614,446.8638686391573,159.97275265080222,160.0313124189667,5.121644829801053,5.123795217231711,0.09884613538227535,418.0,11.0
1273,87.0,94.3694755579287,94.38290964229641,446.8638686391573,446.9070156588692,160.0313124189667,160.19926665483197,5.123795217231711,5.129713354278094,0.36819228489964023,418.0,11.0
1274,87.0,94.38290964229641,94.28545448234861,446.9070156588692,446.9858806301605,160.19926665483197,160.25543407972788,5.129713354278094,5.13442220412647,0.26340735301641677,418.0,11.0
1275,87.0,94.28545448234861,94.23440302870708,446.9858806301605,447.01962231091954,160.25543407972788,160.34897662421088,5.13442220412647,5.138284949548555,0.25941301375365844,418.0,11.0
1276,87.0,94.23440302870708,94.23603539716777,447.01962231091954,447.10331996347566,160.34897662421088,160.3734725374994,5.138284949548555,5.14133610153484,0.17088619433030652,418.0,11.0
1277,87.0,94.23603539716777,94.27173651001524,447.10331996347566,447.15522569569873,160.3734725374994,160.40730637660866,5.14133610153484,5.143867573723843,0.12963776639457075,418.0,11.0
1278,87.0,94.27173651001524,94.3137458473715,447.15522569569873,447.18365844626396,160.40730637660866,160.4391737241744,5.143867573723843,5.14601482285581,0.14654647605294568,418.0,11.0
1279,87.0,94.3137458473715,94.30159953788042,447.18365844626396,447.21530667488634,160.4391737241744,160.47203798332995,5.14601482285581,5.147740628069448,0.09162709663811912,418.0,11.0
1280,87.0,94.30159953788042,94.26996400419188,447.21530667488634,447.23150525427354,160.47203798332995,160.4546511411863,5.147740628069448,5.149211379203049,0.1964471021726403,418.0,11.0
1281,87.0,94.26996400419188,94.2751257552601,447.23150525427354,447.25458014206504,160.4546511411863,160.44933499879053,5.149211379203049,5.150165720798429,0.05944150177143715,418.0,11.0
1282,87.0,94.2751257552601,94.29236475457732,447.25458014206504,447.2456393281865,160.44933499879053,160.44497339544952,5.150165720798429,5.15097135860161,0.050770803459365015,418.0,11.0
1283,87.0,94.29236475457732,94.29858186363997,447.2456393281865,447.2603137085399,160.44497339544952,160.4486857827436,5.15097135860161,5.151653823311705,0.0370536261889973,418.0,11.0
1284,87.0,94.29858186363997,94.31051738161781,447.2603137085399,447.26738219577567,160.4486857827436,160.4494612978662,5.151653823311705,5.152249068461553,0.033353596830977834,418.0,11.0
1285,87.0,94.31051738161781,94.3121520798722,447.26738219577567,447.2745816668888,160.4494612978662,160.45862070578346,5.152249068461553,5.152768028265972,0.04084039788666253,418.0,11.0
1286,87.0,94.3121520798722,94.30806245685356,447.2745816668888,447.2813068443191,160.45862070578346,160.4635730399329,5.152768028265972,5.153196870221868,0.02341390153065778,418.0,11.0
1287,87.0,94.30806245685356,94.30133097111934,447.2813068443191,447.28489277450336,160.4635730399329,160.46587551167687,5.153196870221868,5.153575918406304,0.025550023534601524,418.0,11.0
1288,87.0,94.30133097111934,94.29893368168572,447.28489277450336,447.289750180566,160.46587551167687,160.4696278298379,5.153575918406304,5.153902402495188,0.09222209635090424,418.0,11.0
1289,87.0,94.29893368168572,94.29984925685217,447.289750180566,447.29176848782333,160.4696278298379,160.4706046041714,5.153902402495188,5.15405733916636,0.015464417629477051,418.0,11.0
1290,87.0,94.29984925685217,94.30126830566786,447.29176848782333,447.2921546205692,160.4706046041714,160.4717379449472,5.15405733916636,5.15418570517313,0.029440241631697894,418.0,11.0
1291,87.0,94.30126830566786,94.30110375850592,447.2921546205692,447.2918543314211,160.4717379449472,160.47093943552338,5.15418570517313,5.154260770671157,0.011953574944630018,418.0,11.0
1292,87.0,94.30110375850592,94.30129207502685,447.2918543314211,447.2915077011142,160.47093943552338,160.47062351780716,5.154260770671157,5.154311345693111,0.019467855105424415,418.0,11.0
1293,87.0,94.30129207502685,94.30136573346616,447.2915077011142,447.2915358094043,160.47062351780716,160.47057938565706,5.154311345693111,5.154325772845058,0.011528124688107377,418.0,11.0
1294,87.0,100.22224316951208,100.22327943299848,452.42139892208286,452.4220154736846,157.44031615544137,157.43992424708892,5.363515245423429,5.363591108629062,0.0047866644381337805,419.0,11.0
1295,87.0,100.22327943299848,100.2255272595394,452.4220154736846,452.42346966758066,157.43992424708892,157.43885978208135,5.363591108629062,5.363766582061151,0.043386258600879864,419.0,11.0
1296,87.0,100.2255272595394,100.22595399447744,452.42346966758066,452.4241508287063,157.43885978208135,157.43988900170095,5.363766582061151,5.363866838161275,0.014222529400205615,419.0,11.0
1297,87.0,100.22595399447744,100.22592965351694,452.4241508287063,452.4239025807642,157.43988900170095,157.44069390744957,5.363866838161275,5.363940269048687,0.011198701519736814,419.0,11.0
1298,87.0,100.22592965351694,100.22580926176524,452.4239025807642,452.4237619569664,157.44069390744957,157.44116216463732,5.363940269048687,5.363990706560594,0.02603588516077589,419.0,11.0
1299,87.0,100.22580926176524,100.22582390375104,452.4237619569664,452.42377717747775,157.44116216463732,157.4411641767571,5.363990706560594,5.363995856662214,0.004893620465997898,419.0,11.0
1300,87.0,96.60750416507832,96.60669906159032,452.735405404578,452.73552132002743,157.99826020162627,157.9978406701236,5.48598027034043,5.486058192941678,0.018826782947631484,420.0,11.0
1301,87.0,96.60669906159032,96.60655337469441,452.73552132002743,452.73540338429194,157.9978406701236,157.99753159561726,5.486058192941678,5.48609772055086,0.015145579607336108,420.0,11.0
1302,87.0,96.60655337469441,96.60658725747102,452.73540338429194,452.7353366929927,157.99753159561726,157.99754526899054,5.48609772055086,5.486110468205416,0.010426964705316503,420.0,11.0
1303,87.0,97.15073847105339,97.15137859746257,452.86441313905163,452.86480459640444,157.7364102274945,157.73697448144364,5.506520251376443,5.506580260706992,0.0020424361150920005,421.0,11.0
1304,87.0,97.15137859746257,97.15314014797842,452.86480459640444,452.865976061536,157.73697448144364,157.73800219490568,5.506580260706992,5.506731991990151,0.017672199498518306,421.0,11.0
1305,87.0,97.15314014797842,97.15378320246047,452.865976061536,452.8645926319594,157.73800219490568,157.73722136365143,5.506731991990151,5.506853332614041,0.034950806756802094,421.0,11.0
1306,87.0,97.15378320246047,97.15354705587637,452.8645926319594,452.86407581350284,157.73722136365143,157.73729927771822,5.506853332614041,5.50690882783448,0.013322874010586273,421.0,11.0
1307,87.0,97.15354705587637,97.15371577162648,452.86407581350284,452.8641428134764,157.73729927771822,157.73714836117395,5.50690882783448,5.506937761087103,0.02004601886078467,421.0,11.0
1308,87.0,97.15073705927685,97.15073304611323,452.864414309669,452.8644176373053,157.7364084568335,157.7364034234928,5.506521084743548,5.506523529763015,0.002515648678215109,422.0,11.0
1309,87.0,94.38634963981941,94.38639902443755,446.87905703989463,446.8792313391726,160.0556743986368,160.05565374020378,5.124913164183563,5.124937136767231,0.017284915451243794,426.0,11.0
1310,87.0,94.38633248286087,94.38632788538801,446.879001152943,446.878999495041,160.0556899418476,160.0556835623777,5.124906178660936,5.124908803463536,0.002685884404185366,427.0,11.0
1311,87.0,105.44318142965524,105.44362244721518,454.19257784322764,454.1906390897701,154.77917794752048,154.77832346410963,4.642235539820527,4.642350606977453,0.0058374074627015535,429.0,11.0
1312,87.0,105.44362244721518,105.44419582117204,454.1906390897701,454.1868759960065,154.77832346410963,154.77577389584124,4.642350606977453,4.642597662741373,0.018011931849124255,429.0,11.0
1313,87.0,105.44419582117204,105.44387919623023,454.1868759960065,454.1841528572716,154.77577389584124,154.77836989064397,4.642597662741373,4.642811470266621,0.035878386771805916,429.0,11.0
1314,87.0,105.44387919623023,105.44491503527999,454.1841528572716,454.18239160124284,154.77836989064397,154.7794939695415,4.642811470266621,4.642962288407718,0.01444253572518691,429.0,11.0
1315,87.0,105.44491503527999,105.44423624572141,454.18239160124284,454.1818687094877,154.7794939695415,154.78108638226942,4.642962288407718,4.643088293014309,0.010183005017287205,429.0,11.0
1316,87.0,105.44423624572141,105.44474222013795,454.1818687094877,454.1805224663684,154.78108638226942,154.7808551924956,4.643088293014309,4.643196547307235,0.02081421865582299,429.0,11.0
1317,87.0,105.44474222013795,105.44466606089956,454.1805224663684,454.1807844495015,154.7808551924956,154.78012865506946,4.643196547307235,4.643265736484767,0.013025179006308103,429.0,11.0
1318,87.0,105.44466606089956,105.44487629377787,454.1807844495015,454.1806907037882,154.78012865506946,154.78045266936982,4.643265736484767,4.643308121165535,0.014862572690941392,429.0,11.0
1319,87.0,105.44487629377787,105.44483699708704,454.1806907037882,454.18070737955793,154.78045266936982,154.7805416416811,4.643308121165535,4.643323493896567,0.01213364103639869,429.0,11.0
1320,87.0,58.200477893610284,58.075404772182594,425.56520258843875,425.5045189262617,180.8903409531726,180.9233073020111,6.680307380448733,6.685113739102228,0.21257354409800477,431.0,11.0
1321,87.0,58.075404772182594,57.80620459881722,425.5045189262617,425.40156274600105,180.9233073020111,180.95748351975595,6.685113739102228,6.694887350990488,0.9592654904464004,431.0,11.0
1322,87.0,57.80620459881722,57.69853641084503,425.40156274600105,425.38903435911004,180.95748351975595,180.89244460021575,6.694887350990488,6.69917779031464,0.2021433644721414,431.0,11.0
1323,87.0,57.69853641084503,57.58934371243187,425.38903435911004,425.45929134288417,180.89244460021575,180.8419755978814,6.69917779031464,6.703950490612078,0.2487557944801175,431.0,11.0
1324,87.0,57.58934371243187,57.47504313278758,425.45929134288417,425.4604866769158,180.8419755978814,180.82865610484296,6.703950490612078,6.707922282164048,0.21165244424664,431.0,11.0
1325,87.0,57.47504313278758,57.393493296166,425.4604866769158,425.4955568207844,180.82865610484296,180.79507041640164,6.707922282164048,6.711227538977111,0.17843055605081615,431.0,11.0
1326,87.0,57.393493296166,57.32662870722747,425.4955568207844,425.4839410724509,180.79507041640164,180.75599873398585,6.711227538977111,6.71398397179041,0.12163795909843178,431.0,11.0
1327,87.0,57.32662870722747,57.2759366649088,425.4839410724509,425.5194080302341,180.75599873398585,180.7296191600204,6.71398397179041,6.716374715712592,0.11951544850148507,431.0,11.0
1328,87.0,57.2759366649088,57.22536739232116,425.5194080302341,425.54036350534324,180.7296191600204,180.7442305048578,6.716374715712592,6.7184141842089735,0.2894950110957275,431.0,11.0
1329,87.0,57.22536739232116,57.23242984536356,425.54036350534324,425.5511866538054,180.7442305048578,180.77401634505134,6.7184141842089735,6.719647002910135,0.07654978696773716,431.0,11.0
1330,87.0,57.23242984536356,57.25182308853715,425.5511866538054,425.5564336538595,180.77401634505134,180.79146132982518,6.719647002910135,6.7206820745294555,0.14102438791041094,431.0,11.0
1331,87.0,57.25182308853715,57.266873306737565,425.5564336538595,425.5628221802123,180.79146132982518,180.78998494492816,6.7206820745294555,6.7213663902303304,0.05364896901959253,431.0,11.0
1332,87.0,57.266873306737565,57.27568706099673,425.5628221802123,425.5719717169192,180.78998494492816,180.787916288419,6.7213663902303304,6.721925174254295,0.030894136882190303,431.0,11.0
1333,87.0,57.27568706099673,57.278095346904045,425.5719717169192,425.5721238987611,180.787916288419,180.77724611408084,6.721925174254295,6.722414228656893,0.037381724890782196,431.0,11.0
1334,87.0,57.278095346904045,57.27909413713038,425.5721238987611,425.5712823687903,180.77724611408084,180.76861618191822,6.722414228656893,6.7228218337470365,0.030100419168832257,431.0,11.0
1335,87.0,57.27909413713038,57.282057311048376,425.5712823687903,425.57081984169156,180.76861618191822,180.76222149498352,6.7228218337470365,6.7231665312126,0.02827728177913178,431.0,11.0
1336,87.0,57.282057311048376,57.278734114854196,425.57081984169156,425.5718195982158,180.76222149498352,180.75781809569042,6.7231665312126,6.723454634777238,0.015236315698534427,431.0,11.0
1337,87.0,57.278734114854196,57.27677764886744,425.5718195982158,425.56819503000554,180.75781809569042,180.75522020090747,6.723454634777238,6.723713357314761,0.019517423537935962,431.0,11.0
1338,87.0,57.27677764886744,57.27617960340922,425.56819503000554,425.56476703989983,180.75522020090747,180.7532899396597,6.723713357314761,6.723935666975382,0.01577258442023417,431.0,11.0
1339,87.0,57.27617960340922,57.27638368516968,425.56476703989983,425.5648955009319,180.7532899396597,180.74999297612516,6.723935666975382,6.724129568181305,0.022926366320106778,431.0,11.0
1340,87.0,57.27638368516968,57.27728793448911,425.5648955009319,425.5638083707862,180.74999297612516,180.7480520811077,6.724129568181305,6.724283564488144,0.020464385838012362,431.0,11.0
1341,87.0,57.27728793448911,57.27804196172874,425.5638083707862,425.56328680395643,180.7480520811077,180.74666523314337,6.724283564488144,6.724402343737566,0.014804587219496445,431.0,11.0
1342,87.0,57.27804196172874,57.27742609875868,425.56328680395643,425.5627715634304,180.74666523314337,180.7458236005113,6.724402343737566,6.724494751545875,0.014592322918549632,431.0,11.0
1343,87.0,57.27742609875868,57.27715687442056,425.5627715634304,425.562196461436,180.7458236005113,180.74610870883313,6.724494751545875,6.724558683617463,0.03369080483780535,431.0,11.0
1344,87.0,57.27715687442056,57.2771460411516,425.562196461436,425.5621903813242,180.74610870883313,180.74610280428686,6.724558683617463,6.724562488599166,0.003755882102936696,431.0,11.0
1345,87.0,59.28891349150227,59.29086750094651,424.6246825558399,424.6246814119689,182.48675292839198,182.48745201091202,6.751987201448419,6.7520980556498005,0.003831300328335811,432.0,11.0
1346,87.0,59.29086750094651,59.29541154416397,424.6246814119689,424.62526504079386,182.48745201091202,182.48761708754475,6.7520980556498005,6.752345227947296,0.019695265051003736,432.0,11.0
1347,87.0,59.29541154416397,59.2983495633708,424.62526504079386,424.62731490211655,182.48761708754475,182.48856478763503,6.752345227947296,6.75255610144859,0.017986702062924163,432.0,11.0
1348,87.0,59.2983495633708,59.300349764410555,424.62731490211655,424.62941085036874,182.48856478763503,182.48795678949693,6.75255610144859,6.752735049938544,0.012764207726961789,432.0,11.0
1349,87.0,59.300349764410555,59.29847358924802,424.62941085036874,424.6298707704485,182.48795678949693,182.48948652421907,6.752735049938544,6.752891903336153,0.021381470237956536,432.0,11.0
1350,87.0,59.29847358924802,59.29937356843699,424.6298707704485,424.63031229802993,182.48948652421907,182.4908449504366,6.752891903336153,6.75301197157312,0.01296271664721366,432.0,11.0
1351,87.0,59.29937356843699,59.29984408397881,424.63031229802993,424.62947660108864,182.4908449504366,182.49164426332499,6.75301197157312,6.753109103889153,0.021882853660656044,432.0,11.0
1352,87.0,59.29984408397881,59.300035834669515,424.62947660108864,424.629052333719,182.49164426332499,182.49134177325533,6.753109103889153,6.753163294373234,0.014349675622218732,432.0,11.0
1353,87.0,59.300035834669515,59.29999961968563,424.629052333719,424.6288569557643,182.49134177325533,182.49129949569027,6.753163294373234,6.753189229228555,0.01839060227665705,432.0,11.0
1354,87.0,57.057193391356044,57.0575740165393,415.00635283820947,415.0054915293862,187.18470199493487,187.18544229801665,7.116723282845773,7.1167954762590995,0.004117768101362677,435.0,11.0
1355,87.0,57.0575740165393,57.05809929501834,415.0054915293862,415.00394261242263,187.18544229801665,187.18775025591782,7.1167954762590995,7.116968645326639,0.013866857036038424,435.0,11.0
1356,87.0,57.05809929501834,57.056546665673956,415.00394261242263,415.0040532509619,187.18775025591782,187.18944059248264,7.116968645326639,7.117117886573226,0.01754956354801768,435.0,11.0
1357,87.0,57.056546665673956,57.056870637623376,415.0040532509619,415.00266012048604,187.18944059248264,187.19029827457865,7.117117886573226,7.117236928580482,0.015161462814338316,435.0,11.0
1358,87.0,57.056870637623376,57.05587691001917,415.00266012048604,415.00211442293084,187.19029827457865,187.1905266615119,7.117236928580482,7.117328957214669,0.019047497781759484,435.0,11.0
1359,87.0,57.05587691001917,57.056326313134775,415.00211442293084,415.00240648297284,187.1905266615119,187.19067658810124,7.117328957214669,7.117383242263944,0.011479390988471892,435.0,11.0
1360,87.0,57.056326313134775,57.05648081954831,415.00240648297284,415.0022611827176,187.19067658810124,187.19052183571827,7.117383242263944,7.117414509658809,0.021306453174953804,435.0,11.0
1361,87.0,52.11771780946417,52.117576969761465,413.7656041486278,413.76546207784077,187.52700778474463,187.52726060314416,7.286988230457343,7.287015007143252,0.0020659854208289834,436.0,11.0
1362,87.0,52.117576969761465,52.117314523584454,413.76546207784077,413.7648208387818,187.52726060314416,187.52788339351036,7.287015007143252,7.287093927712282,0.016479010268413693,436.0,11.0
1363,87.0,52.117314523584454,52.11714402678009,413.7648208387818,413.76512857155814,187.52788339351036,187.52813935991577,7.287093927712282,7.287139227309016,0.012085309412706042,436.0,11.0
1364,87.0,52.11714402678009,52.11726382721247,413.76512857155814,413.7650146552056,187.52813935991577,187.52814464440516,7.287139227309016,7.287161559598273,0.016345901028584187,436.0,11.0
1365,87.0,48.907605188512974,48.906899998859075,414.05789696804123,414.0577387382024,183.98960240275045,183.98893176725036,7.446623987604685,7.446686467098951,0.004174038128870612,437.0,11.0
1366,87.0,48.906899998859075,48.90524277618273,414.0577387382024,414.0575960933922,183.98893176725036,183.98727796897896,7.446686467098951,7.446837906942911,0.01162095616991944,437.0,11.0
1367,87.0,48.90524277618273,48.90484435761637,414.0575960933922,414.05890449617834,183.98727796897896,183.98592903788094,7.446837906942911,7.446969387567485,0.01697611899638948,437.0,11.0
1368,87.0,48.90484435761637,48.90451468438185,414.05890449617834,414.0592516811672,183.98592903788094,183.984682722386,7.446969387567485,7.447071215430261,0.014505653289167437,437.0,11.0
1369,87.0,48.90451468438185,48.90405317442618,414.0592516811672,414.0594177475015,183.984682722386,183.98397447293883,7.447071215430261,7.4471458247913525,0.023490630253826333,437.0,11.0
1370,87.0,48.90405317442618,48.904012979097644,414.0594177475015,414.0592025509415,183.98397447293883,183.9839913202378,7.4471458247913525,7.447173269175205,0.019229157693651786,437.0,11.0
1371,87.0,49.18910060864623,49.18907386878969,414.21512780342727,414.215236258394,184.11787353571253,184.11810112033203,7.458206386239573,7.458236864599637,0.020883093806159804,439.0,11.0
1372,87.0,50.03892869232179,50.03899490446208,417.3491433011228,417.3493616941144,182.04920828084732,182.04914396190557,7.5867944736562425,7.58682349877961,0.020096091834959716,441.0,11.0
1373,87.0,47.301723208315565,47.301719251665325,415.865766166286,415.8657686830464,180.76275729100695,180.76275983052372,7.6991492690040495,7.699151252778395,0.0020667903818138746,442.0,11.0
1374,87.0,46.293786206009464,46.29378053863755,413.8260251728789,413.8260227665836,180.45701993503664,180.45700471226198,7.775724337988202,7.775728643067995,0.004186838970489512,445.0,11.0
1375,87.0,46.293789680900645,46.293792103459666,413.8260266933672,413.82602540792095,180.45702754714424,180.45703508865384,7.775723650299298,7.775726272482741,0.00268342,446.0,11.0
1376,87.0,45.12445725147988,45.12431252431897,414.3001190739571,414.3002089210701,181.80425898569882,181.80482044734677,7.837293543897016,7.837335509189849,0.0032106917177076207,449.0,11.0
1377,87.0,45.12431252431897,45.12390020763892,414.3002089210701,414.30071999534414,181.80482044734677,181.80621999961417,7.837335509189849,7.837448379908708,0.018176386319336896,449.0,11.0
1378,87.0,45.12390020763892,45.124078925159566,414.30071999534414,414.2997937856124,181.80621999961417,181.8062431049565,7.837448379908708,7.837528023340362,0.010240549432887896,449.0,11.0
1379,87.0,45.124078925159566,45.1246586552851,414.2997937856124,414.29972327851567,181.8062431049565,181.8064601978504,7.837528023340362,7.837586987690348,0.0206775845165589,449.0,11.0
1380,87.0,45.1246586552851,45.12466355029237,414.29972327851567,414.2997735817324,181.8064601978504,181.80658225319988,7.837586987690348,7.837605962246197,0.014363643685280862,449.0,11.0
1381,87.0,45.12436168272537,45.12435694798134,414.30030512587535,414.30030357201247,181.8045809953933,181.80457737358014,7.837307160505754,7.837309348691968,0.0022681607414047913,452.0,11.0
1382,87.0,57.69853641084503,57.69998565865907,425.38903435911004,425.39129940857686,180.89244460021575,180.88545470449657,6.69917779031464,6.699493527614455,0.02106378326351729,455.0,11.0
1383,87.0,57.69998565865907,57.700463356388866,425.39129940857686,425.3909380367312,180.88545470449657,180.87155499769432,6.699493527614455,6.7000894622219525,0.050654508661205834,455.0,11.0
1384,87.0,57.700463356388866,57.696415042700814,425.3909380367312,425.3889298422552,180.87155499769432,180.86183654757318,6.7000894622219525,6.7005704310960645,0.0547607870730761,455.0,11.0
1385,87.0,57.696415042700814,57.69265985181081,425.3889298422552,425.3863082650361,180.86183654757318,180.85582985430807,6.7005704310960645,6.700933827665859,0.0214259745472056,455.0,11.0
1386,87.0,57.69265985181081,57.68957593356238,425.3863082650361,425.3807886098455,180.85582985430807,180.8547555193512,6.700933827665859,6.701253495276884,0.0480117254078508,455.0,11.0
1387,87.0,57.68957593356238,57.686014585253545,425.3807886098455,425.38202427808926,180.8547555193512,180.8531494449122,6.701253495276884,6.701480706842517,0.013583163350595185,455.0,11.0
1388,87.0,57.686014585253545,57.68349912766881,425.38202427808926,425.3841212902854,180.8531494449122,180.85188975247954,6.701480706842517,6.7016832666492405,0.016006736945662164,455.0,11.0
1389,87.0,57.68349912766881,57.68381286068821,425.3841212902854,425.3855044544217,180.85188975247954,180.84941146981916,6.7016832666492405,6.701857612297545,0.011503586856274187,455.0,11.0
1390,87.0,57.68381286068821,57.6846767520308,425.3855044544217,425.3870071105246,180.84941146981916,180.84773440818338,6.701857612297545,6.702012085303751,0.022087755926453217,455.0,11.0
1391,87.0,57.6846767520308,57.68523685636196,425.3870071105246,425.38557545011247,180.84773440818338,180.8472364112471,6.702012085303751,6.702128520690569,0.010669034199729232,455.0,11.0
1392,87.0,57.68523685636196,57.68414517768135,425.38557545011247,425.38605559898735,180.8472364112471,180.8468447661326,6.702128520690569,6.7022260250777315,0.011996125380548601,455.0,11.0
1393,87.0,57.68414517768135,57.68371127768361,425.38605559898735,425.38539997720966,180.8468447661326,180.8464838588711,6.7022260250777315,6.702300857275855,0.017158635555705702,455.0,11.0
1394,87.0,57.68371127768361,57.6834798971925,425.38539997720966,425.38535773660067,180.8464838588711,180.84620609239477,6.702300857275855,6.702340585794054,0.025673344473490525,455.0,11.0
1395,87.0,105.71129491362858,105.71126770161031,454.37309112045324,454.3730302820428,154.55295987072537,154.55297351019115,4.631228611318242,4.631237102984956,0.0011024485407964174,456.0,11.0
1396,87.0,105.71126770161031,105.71118239875041,454.3730302820428,454.37285650528156,154.55297351019115,154.55302024943055,4.631237102984956,4.631262664499011,0.018181598848738177,456.0,11.0
1397,87.0,105.71129722459503,105.71130129500155,454.37309135107836,454.3730880066843,154.5529604145866,154.55295784336246,4.631229390742178,4.631231506224575,0.0021970098792383715,457.0,11.0
1398,87.0,101.5719283194251,101.39332706038599,451.311351356449,451.12324399722127,156.65869700983419,156.80291681763023,4.814943477915098,4.8248667791319395,0.9234928586721599,460.0,11.0
1399,87.0,101.39332706038599,101.0527161601203,451.12324399722127,450.76378144816937,156.80291681763023,157.10715397309306,4.8248667791319395,4.8443137005660954,1.1488325185648403,460.0,11.0
1400,87.0,101.0527161601203,101.09348115493505,450.76378144816937,450.59784479862844,157.10715397309306,157.0838570692974,4.8443137005660954,4.850092526826477,0.29190105022726137,460.0,11.0
1401,87.0,101.09348115493505,101.24808349143444,450.59784479862844,450.35596713111744,157.0838570692974,156.95136758757727,4.850092526826477,4.860693946736048,0.6814088042237008,460.0,11.0
1402,87.0,101.24808349143444,101.30210769132076,450.35596713111744,450.0164803584836,156.95136758757727,156.87983748965559,4.860693946736048,4.872489310747371,0.6730323372730325,460.0,11.0
1403,87.0,101.30210769132076,101.32366863673369,450.0164803584836,449.7609358065764,156.87983748965559,156.7647898966949,4.872489310747371,4.881958951259388,0.5184030289630739,460.0,11.0
1404,87.0,101.32366863673369,101.23473298118942,449.7609358065764,449.6039441771204,156.7647898966949,156.71028562588327,4.881958951259388,4.888332293141197,0.35203463581265887,460.0,11.0
1405,87.0,101.23473298118942,101.22579164090544,449.6039441771204,449.4193420707291,156.71028562588327,156.75812617790064,4.888332293141197,4.894812697639127,0.5230926857946601,460.0,11.0
1406,87.0,101.22579164090544,101.28183702442878,449.4193420707291,449.3955056377662,156.75812617790064,156.88277613090582,4.894812697639127,4.8995664470154345,0.36419044207717743,460.0,11.0
1407,87.0,101.28183702442878,101.21948748717851,449.3955056377662,449.417955109353,156.88277613090582,156.962239176502,4.8995664470154345,4.903154494780079,0.20101529617397032,460.0,11.0
1408,87.0,101.21948748717851,101.14153381153052,449.417955109353,449.4390108713257,156.962239176502,156.9371046190427,4.903154494780079,4.906117874776342,0.18192517196521082,460.0,11.0
1409,87.0,101.14153381153052,101.0746470779734,449.4390108713257,449.43140506305247,156.9371046190427,156.9462214888856,4.906117874776342,4.908530983157482,0.12533724304975458,460.0,11.0
1410,87.0,101.0746470779734,101.05341724951036,449.43140506305247,449.37942021301296,156.9462214888856,156.95479710254062,4.908530983157482,4.910575362619085,0.1382044606880184,460.0,11.0
1411,87.0,101.05341724951036,101.0656621506071,449.37942021301296,449.35595045060916,156.95479710254062,156.99111138008283,4.910575362619085,4.912225389239615,0.08265368678526655,460.0,11.0
1412,87.0,101.0656621506071,101.04406990259871,449.35595045060916,449.35446281720886,156.99111138008283,157.02246415378198,4.912225389239615,4.91364702106064,0.14969639669103893,460.0,11.0
1413,87.0,101.04406990259871,101.03641108848521,449.35446281720886,449.36289227757453,157.02246415378198,157.04627451183535,4.91364702106064,4.914674846702304,0.05576023954334567,460.0,11.0
1414,87.0,101.03641108848521,101.04694461684353,449.36289227757453,449.3673911923417,157.04627451183535,157.0653445729822,4.914674846702304,4.915561110716653,0.06167367672373965,460.0,11.0
1415,87.0,101.04694461684353,101.063406852638,449.3673911923417,449.3684891490681,157.0653445729822,157.07214659229982,4.915561110716653,4.916295376696136,0.04584182795800238,460.0,11.0
1416,87.0,101.063406852638,101.074001858238,449.3684891490681,449.3734979503628,157.07214659229982,157.08107363129088,4.916295376696136,4.916920375297804,0.03582051958148907,460.0,11.0
1417,87.0,101.074001858238,101.08526637053212,449.3734979503628,449.3747749305554,157.08107363129088,157.07602265523042,4.916920375297804,4.917462636669051,0.03047343946147839,460.0,11.0
1418,87.0,101.08526637053212,101.08450317782726,449.3747749305554,449.3778656829553,157.07602265523042,157.06599033692814,4.917462636669051,4.917936580208526,0.0319118428320607,460.0,11.0
1419,87.0,101.08450317782726,101.09218577667845,449.3778656829553,449.3808923298296,157.06599033692814,157.06340963137797,4.917936580208526,4.918341309694576,0.025932691342664634,460.0,11.0
1420,87.0,101.09218577667845,101.0940461517782,449.3808923298296,449.3861991304716,157.06340963137797,157.05889075760916,4.918341309694576,4.918691784636157,0.03195716608572811,460.0,11.0
1421,87.0,101.0940461517782,101.0898104197696,449.3861991304716,449.38980452552204,157.05889075760916,157.05901962638615,4.918691784636157,4.918978203979069,0.01653393571541858,460.0,11.0
1422,87.0,101.0898104197696,101.08698614181381,449.38980452552204,449.3924571811218,157.05901962638615,157.06179856627324,4.918978203979069,4.91923282867691,0.02021881295194466,460.0,11.0
1423,87.0,101.08698614181381,101.08760555020125,449.3924571811218,449.39624684566854,157.06179856627324,157.06147015225355,4.91923282867691,4.919449916901916,0.020429180303119302,460.0,11.0
1424,87.0,101.08760555020125,101.08994629410272,449.39624684566854,449.39437184574416,157.06147015225355,157.06152942956425,4.919449916901916,4.9196305857942475,0.019120689626042832,460.0,11.0
1425,87.0,101.08994629410272,101.08803611061003,449.39437184574416,449.3942014235474,157.06152942956425,157.06273004720708,4.9196305857942475,4.919778196115808,0.01715533721520156,460.0,11.0
1426,87.0,101.08803611061003,101.08708275593793,449.3942014235474,449.3930532935453,157.06273004720708,157.06202959126568,4.919778196115808,4.919896274448128,0.06504779091455679,460.0,11.0
1427,87.0,101.08708275593793,101.08708009466798,449.3930532935453,449.3930532747363,157.06202959126568,157.06202836511588,4.919896274448128,4.919897601017464,0.0013927079192063568,460.0,11.0
1428,87.0,97.64172332940214,97.52255066794757,450.1877030695161,450.1657254327105,157.04120210787363,157.036833545273,4.951889341003068,4.955978685755449,0.1960194576464642,461.0,11.0
1429,87.0,97.52255066794757,97.28175489193116,450.1657254327105,450.15010539882843,157.036833545273,157.00102918070485,4.955978685755449,4.964216563148083,0.4364023439438881,461.0,11.0
1430,87.0,97.28175489193116,97.13778570133152,450.15010539882843,450.27136410399754,157.00102918070485,156.93523135209136,4.964216563148083,4.970978143428113,0.4121773328209068,461.0,11.0
1431,87.0,97.13778570133152,96.99596398685148,450.27136410399754,450.3371077496478,156.93523135209136,156.9122855392157,4.970978143428113,4.976368990793729,0.28901000601588495,461.0,11.0
1432,87.0,96.99596398685148,96.90555347757272,450.3371077496478,450.4009694614968,156.9122855392157,156.8450495144444,4.976368990793729,4.9808178105536545,0.25109524392151156,461.0,11.0
1433,87.0,96.90555347757272,96.82823712565963,450.4009694614968,450.33601118266006,156.8450495144444,156.81531211056964,4.9808178105536545,4.984465370069571,0.17258674282716055,461.0,11.0
1434,87.0,96.82823712565963,96.77723238270798,450.33601118266006,450.3012126215702,156.81531211056964,156.8793761158467,4.984465370069571,4.987574415545551,0.15360750417059887,461.0,11.0
1435,87.0,96.77723238270798,96.70929930333594,450.3012126215702,450.2719860321473,156.8793761158467,156.89051777119565,4.987574415545551,4.99021437308105,0.23413391152054017,461.0,11.0
1436,87.0,96.70929930333594,96.74020986603935,450.2719860321473,450.2553925527074,156.89051777119565,156.9314577197436,4.99021437308105,4.992162905396872,0.19166963818069055,461.0,11.0
1437,87.0,96.74020986603935,96.76970418776297,450.2553925527074,450.26055348113806,156.9314577197436,156.95448988410232,4.992162905396872,4.99357377359235,0.08729119805154076,461.0,11.0
1438,87.0,96.76970418776297,96.76118285463005,450.26055348113806,450.2717299391464,156.95448988410232,156.98193217100658,4.99357377359235,4.9947514816697955,0.06704622504715267,461.0,11.0
1439,87.0,96.76118285463005,96.77689664521036,450.2717299391464,450.2662517504896,156.98193217100658,157.00157587246852,4.9947514816697955,4.995757250739181,0.06151543604726972,461.0,11.0
1440,87.0,96.77689664521036,96.7657456506714,450.2662517504896,450.24991257226765,157.00157587246852,156.99394487523483,4.995757250739181,4.996607682248788,0.0424506670945274,461.0,11.0
1441,87.0,96.7657456506714,96.7533485464615,450.24991257226765,450.23976240810805,156.99394487523483,156.98534331106424,4.996607682248788,4.9973537559343395,0.05783644894887053,461.0,11.0
1442,87.0,96.7533485464615,96.74955981824897,450.23976240810805,450.22659295864094,156.98534331106424,156.9813912181881,4.9973537559343395,4.99796210446306,0.058519942224065875,461.0,11.0
1443,87.0,96.74955981824897,96.749027676201,450.22659295864094,450.2217216487796,156.9813912181881,156.99075057720077,4.99796210446306,4.998437482278968,0.03457412397464802,461.0,11.0
1444,87.0,96.749027676201,96.74988294107116,450.2217216487796,450.21334341190993,156.99075057720077,156.98935427530267,4.998437482278968,4.998837933450876,0.032367324955294804,461.0,11.0
1445,87.0,96.74988294107116,96.75087615720953,450.21334341190993,450.2146150370825,156.98935427530267,156.98278525300552,4.998837933450876,4.999171159863333,0.017131943458992487,461.0,11.0
1446,87.0,96.75087615720953,96.75268811054652,450.2146150370825,450.2090212311922,156.98278525300552,156.9826387625116,4.999171159863333,4.999470096836529,0.021749693774042216,461.0,11.0
1447,87.0,96.75268811054652,96.75221946417803,450.2090212311922,450.20476750093405,156.9826387625116,156.9848624645207,4.999470096836529,4.9997269239902655,0.01415186004887805,461.0,11.0
1448,87.0,96.75221946417803,96.75222035746633,450.20476750093405,450.204582551338,156.9848624645207,156.98903154568916,4.9997269239902655,4.999957261496301,0.025528190186149373,461.0,11.0
1449,87.0,96.75222035746633,96.7516847752965,450.204582551338,450.20240551856693,156.98903154568916,156.99115135799,4.999957261496301,5.00014166065466,0.01441473273397478,461.0,11.0
1450,87.0,96.7516847752965,96.75311123939355,450.20240551856693,450.20178922536013,156.99115135799,156.9931348994554,5.00014166065466,5.000301036588162,0.012434534884235859,461.0,11.0
1451,87.0,96.75311123939355,96.75405176298469,450.20178922536013,450.1999980654329,156.9931348994554,156.99276090829485,5.000301036588162,5.0004390324610055,0.0076105309754518555,461.0,11.0
1452,87.0,96.75405176298469,96.75524509702421,450.1999980654329,450.19996761351683,156.99276090829485,156.99408948929994,5.0004390324610055,5.000563946973625,0.008646130343493425,461.0,11.0
1453,87.0,96.75524509702421,96.75571501568702,450.19996761351683,450.1994693980977,156.99408948929994,156.99276918334004,5.000563946973625,5.000673798522267,0.012816794658462149,461.0,11.0
1454,87.0,96.75571501568702,96.75638645046465,450.1994693980977,450.19864870342474,156.99276918334004,156.9928162608737,5.000673798522267,5.000760404919252,0.01149545918584784,461.0,11.0
1455,87.0,96.75638645046465,96.75676628875557,450.19864870342474,450.198176506445,156.9928162608737,156.9924749766556,5.000760404919252,5.000824299073533,0.028206613736955294,461.0,11.0
1456,87.0,96.75676628875557,96.75679119518296,450.198176506445,450.1981470491469,156.9924749766556,156.99242694862912,5.000824299073533,5.000835260805716,0.009221630741928402,461.0,11.0
1457,87.0,99.47915516496514,99.47918282991454,450.7458264639081,450.74569079631465,163.4805052358438,163.48055582009758,5.17603580127112,5.176056343256883,0.015299991234348113,462.0,11.0
1458,87.0,102.58186981710557,102.58217734203481,457.10734037700894,457.10739372169417,178.3258418912085,178.32628247507148,5.72461712487957,5.724656639979303,0.001576993002227516,465.0,11.0
1459,87.0,102.58217734203481,102.58251435977084,457.10739372169417,457.1078943093854,178.32628247507148,178.32763378009523,5.724656639979303,5.724766105907661,0.0102721764080143,465.0,11.0
1460,87.0,102.58251435977084,102.58291936789723,457.1078943093854,457.10720495754083,178.32763378009523,178.32844266467953,5.724766105907661,5.724857055547372,0.012049412886228955,465.0,11.0
1461,87.0,102.58291936789723,102.58277615902163,457.10720495754083,457.1076438340404,178.32844266467953,178.3278511030298,5.724857055547372,5.72492457621472,0.014186439367015118,465.0,11.0
1462,87.0,102.58277615902163,102.582711231976,457.1076438340404,457.10741807131325,178.3278511030298,178.3275947158722,5.72492457621472,5.724962994318181,0.016817108419902478,465.0,11.0
1463,87.0,102.582711231976,102.58270410135158,457.10741807131325,457.10742942921445,178.3275947158722,178.3276432821526,5.724962994318181,5.724972489950081,0.008196644431461887,465.0,11.0
1464,87.0,100.57443311048915,100.57444391575646,459.5409089978054,459.5409172730655,180.73029219559038,180.73028781530047,5.856927925445374,5.8569318343464145,0.0038463257529492726,466.0,11.0
1465,87.0,97.72254724943097,97.72182748687837,461.55964873835035,461.5605998862881,183.70855440423733,183.7086760842146,6.0100707264668864,6.010143028025049,0.006833883586250473,467.0,11.0
1466,87.0,97.72182748687837,97.72052468828123,461.5605998862881,461.5624429133203,183.7086760842146,183.7101884037808,6.010143028025049,6.01031123999615,0.01650228794643349,467.0,11.0
1467,87.0,97.72052468828123,97.71892141032866,461.5624429133203,461.56375995153803,183.7101884037808,183.70989496501028,6.01031123999615,6.01045104016208,0.017157404980728555,467.0,11.0
1468,87.0,97.71892141032866,97.71864217436027,461.56375995153803,461.5648170014294,183.70989496501028,183.71091093685286,6.01045104016208,6.010561157327783,0.019042624762230977,467.0,11.0
1469,87.0,97.71864217436027,97.7182181740005,461.5648170014294,461.56546737091423,183.71091093685286,183.71129372244363,6.010561157327783,6.0106360225547055,0.012455387630130538,467.0,11.0
1470,87.0,97.7182181740005,97.71848479384423,461.56546737091423,461.56568871348657,183.71129372244363,183.71094936587932,6.0106360225547055,6.010685351765196,0.02061913006052826,467.0,11.0
1471,87.0,97.71848479384423,97.71841955678624,461.56568871348657,461.56570766406514,183.71094936587932,183.71094523219227,6.010685351765196,6.010697124728713,0.009774100496175216,467.0,11.0
1472,87.0,97.72254716963614,97.72254521399024,461.5596461453961,461.55963789174984,183.70855350301525,183.70855105959058,6.010071597509354,6.0100743972272115,0.00284955,468.0,11.0
1473,87.0,97.0433827805796,97.0433319535056,447.8638597915885,447.8637430204518,197.44481031664708,197.44486920223645,6.657495027329548,6.657509443729668,0.002233588922002671,471.0,11.0
1474,87.0,97.0433319535056,97.043326790402,447.8637430204518,447.863385212028,197.44486920223645,197.44504408668678,6.657509443729668,6.657551894110241,0.02016475337105008,471.0,11.0
1475,87.0,97.043326790402,97.04334505756358,447.863385212028,447.86337758324106,197.44504408668678,197.4450757151284,6.657551894110241,6.657559563939863,0.006863974153663983,471.0,11.0
1476,87.0,97.04338198497011,97.04337913262017,447.8638598301892,447.86386002987564,197.44481261923355,197.44481971359284,6.657495833431872,6.6574983707043005,0.002603284061697163,472.0,11.0
1477,87.0,97.77097334827991,97.77135553816055,447.9530749944808,447.9527374854221,198.58480354021415,198.58469714990423,6.702716620899135,6.702768329025221,0.019955952386202343,476.0,11.0
1478,87.0,97.77135553816055,97.77144446618136,447.9527374854221,447.9527272540645,198.58469714990423,198.58467996514915,6.702768329025221,6.702782847653147,0.011587333701187513,476.0,11.0
1479,87.0,97.92248511026676,97.92247247453028,451.1390960403668,451.139089232276,199.11702523823166,199.1169964261429,6.810565412460401,6.810572319768744,0.006287992098127503,478.0,11.0
1480,87.0,98.10933470686523,98.10934950452949,452.52373776029344,452.5237524229359,200.57215697900102,200.57219550150086,6.877855516411318,6.87786411047623,0.007546160548112352,480.0,11.0
1481,87.0,100.23726888823603,100.23733971630988,451.76195195475736,451.7618894280134,204.54981375485596,204.54982951391855,7.030461005585886,7.030476051719524,0.0119256935581487,482.0,11.0
1482,87.0,99.80241976579933,99.80241881843985,451.90302790090936,451.9030172446751,205.49020206410802,205.4902060156624,7.0653351740101265,7.065338514992895,0.003345165216876591,484.0,11.0
1483,87.0,99.30186698717499,99.30251050548029,453.2257393027623,453.22624738126376,206.73328633161245,206.73386337506955,7.128141356264484,7.128204332491735,0.004564261167228725,485.0,11.0
1484,87.0,99.30251050548029,99.30459906597733,453.22624738126376,453.2272291688552,206.73386337506955,206.73455285598374,7.128204332491735,7.128358659194949,0.020640639638244775,485.0,11.0
1485,87.0,99.30459906597733,99.30521356643989,453.2272291688552,453.22865131251393,206.73455285598374,206.73394817500986,7.128358659194949,7.128477465686665,0.013192751537728989,485.0,11.0
1486,87.0,99.30521356643989,99.30502475038342,453.22865131251393,453.22879438461024,206.73394817500986,206.73275463459018,7.128477465686665,7.128572856828135,0.01578397015725986,485.0,11.0
1487,87.0,99.30502475038342,99.30493668082462,453.22879438461024,453.2283363830783,206.73275463459018,206.7332892909469,7.128572856828135,7.12863768404978,0.012046233271257745,485.0,11.0
1488,87.0,99.30493668082462,99.30520283291781,453.2283363830783,453.22811638297117,206.7332892909469,206.7334166107699,7.12863768404978,7.128677737869822,0.017470020286626014,485.0,11.0
1489,87.0,99.30520283291781,99.30515456202923,453.22811638297117,453.2281123916297,206.7334166107699,206.73339723409032,7.128677737869822,7.128687471874617,0.008366296393456839,485.0,11.0
1490,87.0,99.3018662452023,99.30186421441842,453.22573990267495,453.2257415446394,206.7332890625168,206.73329653701913,7.128142265585447,7.128144863691415,0.0026607447117567465,486.0,11.0
1491,87.0,101.23274270689157,101.23270909160453,449.5984695858844,449.59846046758804,156.7139833617991,156.71397718476942,4.888564625312172,4.888572010144631,0.006650254928130958,491.0,11.0
1492,87.0,101.2327506294408,101.2327457825139,449.5984743050408,449.59846922323896,156.7139848575326,156.71398504084732,4.888562972467816,4.888565366045541,0.00246652310973483,492.0,11.0
1493,87.0,101.25370381979197,101.25370262609536,450.3106893594216,450.3106592469045,156.94634032987906,156.9463745907485,4.862225052449795,4.862231435781349,0.0022461150370798265,497.0,11.0
1494,87.0,101.25370262609536,101.2537121467425,450.3106592469045,450.3105840759431,156.9463745907485,156.94645450329637,4.862231435781349,4.862248073155415,0.012929703851135824,497.0,11.0
1495,87.0,101.25370148076898,101.25369447345962,450.3106900483843,450.31069112437274,156.94634089245397,156.94633946179187,4.862225870511825,4.862228312238464,0.0025125089034869785,498.0,11.0
1496,87.0,101.42270558946234,101.42264363049455,449.8215774824274,449.8213794559694,156.60320675689178,156.6033479316272,4.8824672275272825,4.882489392677726,0.0015713878116132534,501.0,11.0
1497,87.0,101.42264363049455,101.42232327078725,449.8213794559694,449.8209166471971,156.6033479316272,156.60384895867261,4.882489392677726,4.882557120864895,0.016994104592840613,501.0,11.0
1498,87.0,101.42232327078725,101.42235742067297,449.8209166471971,449.8211990600524,156.60384895867261,156.60384414490088,4.882557120864895,4.8825902805837575,0.016856383492801674,501.0,11.0
1499,87.0,101.42235742067297,101.42233328025111,449.8211990600524,449.8211924261074,156.60384414490088,156.6038482525195,4.8825902805837575,4.882596120222561,0.00545164845352011,501.0,11.0
1500,87.0,101.42270591863226,101.42270598356794,449.82157965179505,449.8215858570221,156.60320769843344,156.60321214578912,4.882468017837553,4.8824705518682885,0.0026002150383909114,502.0,11.0
1501,87.0,101.95856674868337,101.95803064398879,451.64512413742267,451.6445817174479,156.72022467326806,156.72487748879723,4.800093330377597,4.800308196192101,0.013494230820884674,506.0,11.0
1502,87.0,101.95803064398879,101.95995503540651,451.6445817174479,451.6431379814773,156.72487748879723,156.73364648353703,4.800308196192101,4.800729382860959,0.04829199092866948,506.0,11.0
1503,87.0,101.95995503540651,101.95419708322464,451.6431379814773,451.6432102957864,156.73364648353703,156.7365286134628,4.800729382860959,4.8010500595698,0.02793562719235073,506.0,11.0
1504,87.0,101.95419708322464,101.95123972471538,451.6432102957864,451.6405167915809,156.7365286134628,156.7396060760746,4.8010500595698,4.801315904072222,0.03701678308871038,506.0,11.0
1505,87.0,101.95123972471538,101.948164131316,451.6405167915809,451.6417716320815,156.7396060760746,156.7402782843087,4.801315904072222,4.801513367972445,0.012580250099953985,506.0,11.0
1506,87.0,101.948164131316,101.94591565621435,451.6417716320815,451.63999322284553,156.7402782843087,156.74053232424743,4.801513367972445,4.801688707239348,0.027889837079386002,506.0,11.0
1507,87.0,101.94591565621435,101.9446800614381,451.63999322284553,451.6386752079969,156.74053232424743,156.7402120649687,4.801688707239348,4.801816006505967,0.011676018462197608,506.0,11.0
1508,87.0,101.9446800614381,101.9450385131358,451.6386752079969,451.64003101801165,156.7402120649687,156.73992459189392,4.801816006505967,4.801922948027311,0.015039675275833187,506.0,11.0
1509,87.0,101.9450385131358,101.94542344016588,451.64003101801165,451.6400140667565,156.73992459189392,156.74077789793085,4.801922948027311,4.802002149289069,0.025623598168559778,506.0,11.0
1510,87.0,101.94542344016588,101.94539182065617,451.6400140667565,451.6401947758147,156.74077789793085,156.74090571644587,4.802002149289069,4.802029959399964,0.019430751377277487,506.0,11.0
1511,87.0,92.74279387947612,92.74236778656588,442.44556937857925,442.4424282386299,155.62463045565363,155.6256219693822,5.235982101674816,5.236144114445586,0.0067410140079509715,507.0,11.0
1512,87.0,92.74236778656588,92.74189204507552,442.4424282386299,442.43586798758196,155.6256219693822,155.62700691589743,5.236144114445586,5.236475700534923,0.02334022223911253,507.0,11.0
1513,87.0,92.74189204507552,92.73854300513901,442.43586798758196,442.4382996582531,155.62700691589743,155.6306781204487,5.236475700534923,5.236760872213259,0.026810574704496586,507.0,11.0
1514,87.0,92.73854300513901,92.73920044255702,442.4382996582531,442.4424863009318,155.6306781204487,155.63018675702816,5.236760872213259,5.23699504553908,0.021585988882046665,507.0,11.0
1515,87.0,92.73920044255702,92.7365486759845,442.4424863009318,442.4445009227999,155.63018675702816,155.6300859892137,5.23699504553908,5.237190060641678,0.014505020476148836,507.0,11.0
1516,87.0,92.7365486759845,92.73828853750788,442.4445009227999,442.44655360934814,155.6300859892137,155.63064472858588,5.237190060641678,5.237359668294434,0.015525208934601208,507.0,11.0
1517,87.0,92.73828853750788,92.73920260115531,442.44655360934814,442.44821513072355,155.63064472858588,155.6316802274744,5.237359668294434,5.237502530040542,0.008943896127221898,507.0,11.0
1518,87.0,92.73920260115531,92.73893561953872,442.44821513072355,442.4481586365672,155.6316802274744,155.62986163592637,5.237502530040542,5.2376300327477185,0.012545012324197911,507.0,11.0
1519,87.0,92.73893561953872,92.7390292515008,442.4481586365672,442.4469396603716,155.62986163592637,155.629166818673,5.2376300327477185,5.237735641453504,0.012249398686130663,507.0,11.0
1520,87.0,92.7390292515008,92.73917161418231,442.4469396603716,442.44770733921735,155.629166818673,155.62979490129274,5.237735641453504,5.23781877604489,0.01845477189930423,507.0,11.0
1521,87.0,92.73917161418231,92.73900818415656,442.44770733921735,442.4480999572562,155.62979490129274,155.62991018504792,5.23781877604489,5.237864499979226,0.015963237758236926,507.0,11.0
1522,87.0,92.73900818415656,92.73908276619868,442.4480999572562,442.44817525918853,155.62991018504792,155.62991974895115,5.237864499979226,5.237880731460945,0.012675776807098058,507.0,11.0
1523,87.0,80.21543556894021,80.21316906177509,436.5152674697218,436.51138966389817,146.7586510027058,146.75209951303788,5.784802780692851,5.785134483820045,0.021977826323268602,509.0,11.0
1524,87.0,80.21316906177509,80.20937276581049,436.51138966389817,436.50837053786364,146.75209951303788,146.73815981916886,5.785134483820045,5.785760451365515,0.03673253080583175,509.0,11.0
1525,87.0,80.20937276581049,80.20511660582605,436.50837053786364,436.51677326085854,146.73815981916886,146.73012678488664,5.785760451365515,5.786301578885845,0.06537319355178335,509.0,11.0
1526,87.0,80.20511660582605,80.20884953625492,436.51677326085854,436.52295498662136,146.73012678488664,146.72573257116068,5.786301578885845,5.786698904797636,0.031389495261189816,509.0,11.0
1527,87.0,80.20884953625492,80.21114599219482,436.52295498662136,436.526905215382,146.72573257116068,146.72078029597705,5.786698904797636,5.787031125670451,0.03032043042372907,509.0,11.0
1528,87.0,80.21114599219482,80.21622357926032,436.526905215382,436.52726225260693,146.72078029597705,146.71968274063522,5.787031125670451,5.787303375485553,0.02085606931324684,509.0,11.0
1529,87.0,80.21622357926032,80.21870342760421,436.52726225260693,436.52591372838816,146.71968274063522,146.71652668077525,5.787303375485553,5.7875362290751715,0.021134549629429896,509.0,11.0
1530,87.0,80.21870342760421,80.22024512916515,436.52591372838816,436.52821474391885,146.71652668077525,146.71469440612788,5.7875362290751715,5.787730780927313,0.03143314825092687,509.0,11.0
1531,87.0,80.22024512916515,80.22193221593214,436.52821474391885,436.5293815351085,146.71469440612788,146.71514359356917,5.787730780927313,5.7878707861014504,0.014335224321079289,509.0,11.0
1532,87.0,80.22193221593214,80.2203494925356,436.5293815351085,436.5293591245938,146.71514359356917,146.71532374900292,5.7878707861014504,5.787986062314545,0.02536437218715508,509.0,11.0
1533,87.0,80.2203494925356,80.22086503565231,436.5293591245938,436.528844279601,146.71532374900292,146.7155355477911,5.787986062314545,5.78805412888648,0.025137738170688234,509.0,11.0
1534,87.0,80.22086503565231,80.2207813033251,436.528844279601,436.5287838902147,146.7155355477911,146.7156171308267,5.78805412888648,5.788073048992798,0.014330770743571988,509.0,11.0
1535,87.0,80.21543348871514,80.21542878298534,436.5152684323313,436.5152706773309,146.7586501981064,146.75864757599808,5.7848035748350055,5.784805683911977,0.0021907163186712375,510.0,11.0
1536,87.0,78.64525344376847,78.6452657641972,437.511363157716,437.511589900378,148.03779650295797,148.03778499700726,5.860095035350671,5.860123187037767,0.019618479972996126,513.0,11.0
1537,87.0,77.32011057937025,77.32021666313418,437.5655401447075,437.5656426646577,149.77429749443948,149.77444234951824,5.932970780732458,5.932989357242513,0.0010272699729521422,514.0,11.0
1538,87.0,77.32021666313418,77.32078183160355,437.5656426646577,437.5655033121208,149.77444234951824,149.7748703481869,5.932989357242513,5.933055047221709,0.014480492704160243,514.0,11.0
1539,87.0,77.32078183160355,77.32057445955496,437.5655033121208,437.56574205997504,149.7748703481869,149.77491397347606,5.933055047221709,5.933091126913559,0.02382306262173141,514.0,11.0
1540,87.0,67.10873041881437,67.10869070150333,431.7538497080594,431.75366311754397,152.93425518061719,152.93450340700653,6.338814752898505,6.338840735694793,0.0029922155152348963,516.0,11.0
1541,87.0,67.10869070150333,67.10855657114948,431.75366311754397,431.75280270702905,152.93450340700653,152.93474779928033,6.338840735694793,6.338917999273949,0.015270718665621671,516.0,11.0
1542,87.0,67.10855657114948,67.10823408118219,431.75280270702905,431.7525509137869,152.93474779928033,152.9345734590322,6.338917999273949,6.338964037014456,0.011404303398836305,516.0,11.0
1543,87.0,67.10823408118219,67.10835118966733,431.7525509137869,431.75259497935156,152.9345734590322,152.93443822490937,6.338964037014456,6.338988191605427,0.017388233208122144,516.0,11.0
1544,87.0,64.48496370698356,64.48485946617157,429.4843213309011,429.4840347710243,149.75012771254114,149.74992408188857,6.49588618063725,6.495912315801448,0.0026325323415575716,517.0,11.0
1545,87.0,64.48485946617157,64.48606216723739,429.4840347710243,429.4845497332388,149.74992408188857,149.7490295508262,6.495912315801448,6.496027174438073,0.035614909609215026,517.0,11.0
1546,87.0,64.48606216723739,64.48569788716186,429.4845497332388,429.4846594489744,149.7490295508262,149.74926943755415,6.496027174438073,6.496073593584913,0.013494137015141829,517.0,11.0
1547,87.0,64.48569788716186,64.48566126027146,429.4846594489744,429.4847579421991,149.74926943755415,149.74937720303697,6.496073593584913,6.496094448614674,0.01548482431236426,517.0,11.0
1548,87.0,61.33055198038797,61.330410150452906,432.61882217322244,432.6188822150605,152.47667324094374,152.4766221444267,6.669882176324807,6.669898070451498,0.0020583463401430413,518.0,11.0
1549,87.0,61.330410150452906,61.33002910095706,432.6188822150605,432.619110084668,152.4766221444267,152.47641604542963,6.669898070451498,6.669947470986313,0.026148799304972006,518.0,11.0
1550,87.0,61.33002910095706,61.33003438558647,432.619110084668,432.61910666833217,152.47641604542963,152.47643185539266,6.669947470986313,6.669951884487905,0.004278972218821626,518.0,11.0
1551,87.0,61.93544779605331,61.93546205274591,432.91065805940343,432.9106525059007,152.75346153851183,152.75345495059648,6.694114101800183,6.69411845023814,0.0042237327142453495,520.0,11.0
1552,87.0,62.2635929439684,62.26358703233484,432.9813896406648,432.98139354245507,153.53957948521477,153.5395763910716,6.722626214078946,6.7226287696621485,0.0026206058651216196,523.0,11.0
1553,87.0,62.275286314715174,62.27530589182307,432.92516957527477,432.9251333103927,153.97464942991797,153.97488558380445,6.737270453997558,6.737299712932752,0.02022335509444897,526.0,11.0
1554,87.0,60.24685559829457,60.246844945100044,432.2095495326124,432.2095448431557,152.00464229609324,152.0046431637729,6.836202602533244,6.836205997506692,0.0033936918568824256,529.0,11.0
1555,87.0,60.28200195141651,60.28171946459463,431.77391274174886,431.773506847897,151.65711224761316,151.6568857723066,6.85524556519504,6.85528529942397,0.0014573054019866873,531.0,11.0
1556,87.0,60.28171946459463,60.28088456540229,431.773506847897,431.7723353403941,151.6568857723066,151.65648535254354,6.85528529942397,6.8553954564180275,0.03821352636875197,531.0,11.0
1557,87.0,60.28088456540229,60.280727713539044,431.7723353403941,431.77208849504024,151.65648535254354,151.65636476004346,6.8553954564180275,6.855431297173545,0.01836313272106509,531.0,11.0
1558,87.0,60.280727713539044,60.280718283689204,431.77208849504024,431.77210445278814,151.65636476004346,151.65638076902408,6.855431297173545,6.8554369938812325,0.0053371938668314405,531.0,11.0
1559,87.0,60.282003453788924,60.28200628169732,431.77391279774685,431.7739182091206,151.6571141988304,151.6571189434942,6.855246370092143,6.855248926361457,0.0026212544728760026,532.0,11.0
1560,87.0,107.08462875123246,107.0838366113164,455.43478158029,455.43356265854425,153.8800419680269,153.88014497267937,4.567302057089304,4.567386116809784,0.004114503762992111,535.0,11.0
1561,87.0,107.0838366113164,107.08243042865647,455.43356265854425,455.4306129756884,153.88014497267937,153.87941741265283,4.567386116809784,4.567581814797654,0.013715014142977468,535.0,11.0
1562,87.0,107.08243042865647,107.08064819921307,455.4306129756884,455.4287796857989,153.87941741265283,153.87829038082378,4.567581814797654,4.567753457970506,0.011733745168090583,535.0,11.0
1563,87.0,107.08064819921307,107.08201890684238,455.4287796857989,455.42881887170705,153.87829038082378,153.8763885048789,4.567753457970506,4.567904855917675,0.011540826533513689,535.0,11.0
1564,87.0,107.08201890684238,107.08183193790464,455.42881887170705,455.42770048109986,153.8763885048789,153.87483539242913,4.567904855917675,4.568036432377759,0.01601919892778352,535.0,11.0
1565,87.0,107.08183193790464,107.08297669779995,455.42770048109986,455.42695104307484,153.87483539242913,153.8747889771724,4.568036432377759,4.568140072384765,0.013166789478501634,535.0,11.0
1566,87.0,107.08297669779995,107.08362055058873,455.42695104307484,455.42664082797535,153.8747889771724,153.87418331107799,4.568140072384765,4.568219306731667,0.009475486585388396,535.0,11.0
1567,87.0,107.08362055058873,107.0837221715929,455.42664082797535,455.4270932620411,153.87418331107799,153.8737426247524,4.568219306731667,4.56827941969951,0.02524740659719438,535.0,11.0
1568,87.0,107.0837221715929,107.08368015955332,455.4270932620411,455.42712468595056,153.8737426247524,153.87368893907706,4.56827941969951,4.56829204926759,0.010348457278134052,535.0,11.0
1569,87.0,107.11318234653046,107.11317479096843,456.3266714243456,456.3271378606635,153.35745258013236,153.35716804520925,4.6018074211005775,4.601860980256714,0.02007168458623052,536.0,11.0
1570,87.0,107.11317479096843,107.11307422359342,456.3271378606635,456.3271404728983,153.35716804520925,153.35715155951513,4.601860980256714,4.601876717133251,0.012364346106555086,536.0,11.0
1571,87.0,111.96107949407735,111.96129464668077,455.8415867056395,455.8417881766977,153.55909658280922,153.5592325814044,4.764452678154152,4.764489203849654,0.024051611779843874,537.0,11.0
1572,87.0,111.9609809671966,111.96098129901907,455.84156081921884,455.841566107594,153.55908369700393,153.55908887200286,4.764441992299911,4.764444474180561,0.00255074,538.0,11.0
1573,87.0,110.42110714626908,110.4211180263081,454.88812741525726,454.88810856234886,153.326739585871,153.32674813553177,4.825351180109245,4.825356694728243,0.005190471646034323,543.0,11.0
1574,87.0,109.12359967360791,109.1235932586771,455.3536974045219,455.35369397415235,152.8833364967048,152.8833465803979,4.873652709737359,4.873656256894609,0.003529208374970892,545.0,11.0
1575,87.0,108.98627586139908,108.98630455671673,455.77338753249506,455.7733896971643,152.30543405681897,152.30541975518284,4.897913528939127,4.897920427982225,0.006281633112162384,548.0,11.0
1576,87.0,108.08479783131308,108.08435993019626,454.82718383942967,454.827071597743,151.54527953497217,151.54527809680746,4.9483499874287675,4.94838446255725,0.0023207909311679237,550.0,11.0
1577,87.0,108.08435993019626,108.0831031823318,454.827071597743,454.82701706178506,151.54527809680746,151.54530411319067,4.94838446255725,4.948482127378805,0.02455387391484152,550.0,11.0
1578,87.0,108.0831031823318,108.0833189197671,454.82701706178506,454.82729770958804,151.54530411319067,151.54563956078624,4.948482127378805,4.948531393520108,0.014639427244978732,550.0,11.0
1579,87.0,108.0833189197671,108.0831847217584,454.82729770958804,454.82737374147547,151.54563956078624,151.5456496568329,4.948531393520108,4.948552654071237,0.015723256571853046,550.0,11.0
1580,87.0,108.0847959833053,108.08479032757536,454.827182869193,454.8271800294933,151.5452809859876,151.54528591998763,4.94835081807594,4.948353440259383,0.00268342,551.0,11.0
1581,87.0,109.47399413038269,109.47462675084492,457.23839958612626,457.2238609359475,152.5351264723877,152.5514807061715,4.457892473628864,4.458698497173865,0.03148313153042396,555.0,11.0
1582,87.0,109.47462675084492,109.47369768409105,457.2238609359475,457.1992505706119,152.5514807061715,152.5842707327738,4.458698497173865,4.4602174373619405,0.08457650969340968,555.0,11.0
1583,87.0,109.47369768409105,109.49814153705643,457.1992505706119,457.19966708211786,152.5842707327738,152.60811465117007,4.4602174373619405,4.461506751794739,0.0759234626045397,555.0,11.0
1584,87.0,109.49814153705643,109.48416445816713,457.19966708211786,457.22168408552517,152.60811465117007,152.61904224725976,4.461506751794739,4.4625983728698175,0.07321347108138755,555.0,11.0
1585,87.0,109.48416445816713,109.4697206545917,457.22168408552517,457.23613035119524,152.61904224725976,152.60897099344166,4.4625983728698175,4.463502822109451,0.09708632357687987,555.0,11.0
1586,87.0,109.4697206545917,109.45839673150985,457.23613035119524,457.2473012540637,152.60897099344166,152.60947993257852,4.463502822109451,4.464169523160613,0.043162153866675435,555.0,11.0
1587,87.0,109.45839673150985,109.44964331583878,457.2473012540637,457.25072962735237,152.60947993257852,152.61855935095963,4.464169523160613,4.464735393380994,0.0540147828083101,555.0,11.0
1588,87.0,109.44964331583878,109.44175781960044,457.25072962735237,457.25504036346246,152.61855935095963,152.62230528938665,4.464735393380994,4.465180379795021,0.04970591141547019,555.0,11.0
1589,87.0,109.44175781960044,109.43810999495732,457.25504036346246,457.26094633093254,152.62230528938665,152.62217235166344,4.465180379795021,4.465520474713925,0.024487807700362123,555.0,11.0
1590,87.0,109.43810999495732,109.43456749005864,457.26094633093254,457.25902786243176,152.62217235166344,152.6181643900479,4.465520474713925,4.4658115856010765,0.0223295493498069,555.0,11.0
1591,87.0,109.43456749005864,109.43077001374282,457.25902786243176,457.25683524077556,152.6181643900479,152.61674192176542,4.4658115856010765,4.466059799391114,0.02517136790989697,555.0,11.0
1592,87.0,109.43077001374282,109.42993508819347,457.25683524077556,457.2536623651833,152.61674192176542,152.61794990711147,4.466059799391114,4.466261823955801,0.021237940789029033,555.0,11.0
1593,87.0,109.42993508819347,109.42843523921401,457.2536623651833,457.2518149457227,152.61794990711147,152.61680748376295,4.466261823955801,4.466426591937,0.02408434650905494,555.0,11.0
1594,87.0,109.42843523921401,109.42801273122345,457.2518149457227,457.2506237823397,152.61680748376295,152.61559115574897,4.466426591937,4.466549929837364,0.013728656177751316,555.0,11.0
1595,87.0,109.42801273122345,109.42804814445337,457.2506237823397,457.25068634904926,152.61559115574897,152.61687487415614,4.466549929837364,4.466649094026454,0.013009642863441103,555.0,11.0
1596,87.0,109.42804814445337,109.42727633700255,457.25068634904926,457.2505990320574,152.61687487415614,152.61650105585048,4.466649094026454,4.466723734648144,0.02137181048440719,555.0,11.0
1597,87.0,109.42727633700255,109.42720803153426,457.2505990320574,457.2506842123019,152.61650105585048,152.61626093127535,4.466723734648144,4.4667551091487,0.021363709850637045,555.0,11.0
1598,87.0,108.75115688316825,108.67264063524094,456.6209422219255,456.575630290698,153.04167765428122,153.06399684203043,4.493844511649987,4.497010533968463,0.19352318310904087,557.0,11.0
1599,87.0,108.67264063524094,108.51319121491144,456.575630290698,456.51657279380726,153.06399684203043,153.12091624860486,4.497010533968463,4.503106818434117,0.3370120061987398,557.0,11.0
1600,87.0,108.51319121491144,108.40334212873763,456.51657279380726,456.5758675591772,153.12091624860486,153.1960953898557,4.503106818434117,4.5080916666274025,0.5214927158788382,557.0,11.0
1601,87.0,108.40334212873763,108.33641312972732,456.5758675591772,456.62917002914276,153.1960953898557,153.23804820069776,4.5080916666274025,4.511409502205844,0.17760135913571007,557.0,11.0
1602,87.0,108.33641312972732,108.32878392452741,456.62917002914276,456.5700411653319,153.23804820069776,153.18658717763088,4.511409502205844,4.514180729518219,0.15800314120664125,557.0,11.0
1603,87.0,108.32878392452741,108.30347136613105,456.5700411653319,456.5151861673864,153.18658717763088,153.16417693526898,4.514180729518219,4.516478075602944,0.13459740614006535,557.0,11.0
1604,87.0,108.30347136613105,108.3336777910461,456.5151861673864,456.5246341433118,153.16417693526898,153.12215654233137,4.516478075602944,4.518383128402822,0.10802291761059149,557.0,11.0
1605,87.0,108.3336777910461,108.36157591995865,456.5246341433118,456.50222371097135,153.12215654233137,153.097559067389,4.518383128402822,4.519982634977734,0.08118981397739233,557.0,11.0
1606,87.0,108.36157591995865,108.38629886917985,456.50222371097135,456.4814893057563,153.097559067389,153.11515003362564,4.519982634977734,4.521359156713513,0.07194785943690626,557.0,11.0
1607,87.0,108.38629886917985,108.3891574279443,456.4814893057563,456.46428336079526,153.11515003362564,153.14082647530114,4.521359156713513,4.522543885329556,0.0770058217281217,557.0,11.0
1608,87.0,108.3891574279443,108.3659113254051,456.46428336079526,456.4555229566046,153.14082647530114,153.13660663026388,4.522543885329556,4.523531033940152,0.045882651010717736,557.0,11.0
1609,87.0,108.3659113254051,108.36582571575022,456.4555229566046,456.4337338354849,153.13660663026388,153.13750772380348,4.523531033940152,4.524402277965089,0.04815092277179661,557.0,11.0
1610,87.0,108.36582571575022,108.35906801950966,456.4337338354849,456.41783600727547,153.13750772380348,153.1312577105347,4.524402277965089,4.5251547901402,0.05338340157666814,557.0,11.0
1611,87.0,108.35906801950966,108.3445524696252,456.41783600727547,456.41691036886584,153.1312577105347,153.12892686845228,4.5251547901402,4.525779736580774,0.05394151442439566,557.0,11.0
1612,87.0,108.3445524696252,108.34672265188483,456.41691036886584,456.4276602874537,153.12892686845228,153.12629702374832,4.525779736580774,4.526281076986732,0.026518481828003652,557.0,11.0
1613,87.0,108.34672265188483,108.35426135516548,456.4276602874537,456.43367823719655,153.12629702374832,153.1270886519958,4.526281076986732,4.526723934352098,0.028309221790227174,557.0,11.0
1614,87.0,108.35426135516548,108.35945388947016,456.43367823719655,456.4383772833932,153.1270886519958,153.13106791132023,4.526723934352098,4.527106287970996,0.03465884483834323,557.0,11.0
1615,87.0,108.35945388947016,108.36242512182227,456.4383772833932,456.44380623060806,153.13106791132023,153.1314378933375,4.527106287970996,4.5274176590584885,0.012653730366053568,557.0,11.0
1616,87.0,108.36242512182227,108.35941731841119,456.44380623060806,456.4392117283069,153.1314378933375,153.13233006063834,4.5274176590584885,4.52770406202002,0.020542928338455002,557.0,11.0
1617,87.0,108.35941731841119,108.35540756322321,456.4392117283069,456.4370514742297,153.13233006063834,153.13183684655206,4.52770406202002,4.527951109635533,0.01864807638741678,557.0,11.0
1618,87.0,108.35540756322321,108.35621231893151,456.4370514742297,456.4378898713902,153.13183684655206,153.1282736663934,4.527951109635533,4.528163756963509,0.011669118758898358,557.0,11.0
1619,87.0,108.35621231893151,108.35549549083412,456.4378898713902,456.44091803667413,153.1282736663934,153.12731529706852,4.528163756963509,4.528355525613727,0.014977342767471402,557.0,11.0
1620,87.0,108.35549549083412,108.35741840450812,456.44091803667413,456.4427285694861,153.12731529706852,153.12701002897887,4.528355525613727,4.528521147467376,0.015867034545631403,557.0,11.0
1621,87.0,108.35741840450812,108.35822576984901,456.4427285694861,456.4413318919559,153.12701002897887,153.1257222825155,4.528521147467376,4.528659466605586,0.020806294004728453,557.0,11.0
1622,87.0,108.35822576984901,108.35942524780243,456.4413318919559,456.4414327012928,153.1257222825155,153.12513289023454,4.528659466605586,4.528761570240194,0.014357112987963754,557.0,11.0
1623,87.0,108.35942524780243,108.35982678686227,456.4414327012928,456.44209056904185,153.12513289023454,153.12472684286496,4.528761570240194,4.528836779677988,0.019595252440918743,557.0,11.0
1624,87.0,108.35982678686227,108.35974513723463,456.44209056904185,456.44238954529845,153.12472684286496,153.1247326999149,4.528836779677988,4.528872089616879,0.023140070908236884,557.0,11.0
1625,87.0,107.96263183740962,107.97071235822209,455.55070147964005,455.5298461079334,153.90729570970848,153.94521993245152,4.546778627627317,4.5483163768411465,0.062413486013664594,560.0,11.0
1626,87.0,107.97071235822209,108.01063309733274,455.5298461079334,455.4913578846757,153.94521993245152,154.0082358787034,4.5483163768411465,4.551258991145037,0.34807267884839954,560.0,11.0
1627,87.0,108.01063309733274,108.04628333978886,455.4913578846757,455.45560893629715,154.0082358787034,154.02322641978313,4.551258991145037,4.5531660118594255,0.1560612521407825,560.0,11.0
1628,87.0,108.04628333978886,108.06086527083362,455.45560893629715,455.42620520340796,154.02322641978313,154.04521085492996,4.5531660118594255,4.554634659567464,0.2196191681162508,560.0,11.0
1629,87.0,108.06086527083362,108.05682604362221,455.42620520340796,455.40600417128917,154.04521085492996,154.0541797787663,4.554634659567464,4.5555285742442875,0.06262954460217408,560.0,11.0
1630,87.0,108.05682604362221,108.05402927677444,455.40600417128917,455.396371970385,154.0541797787663,154.06911632189747,4.5555285742442875,4.5562679154897054,0.08924594403280679,560.0,11.0
1631,87.0,108.05402927677444,108.05336841711214,455.396371970385,455.3843313980157,154.06911632189747,154.0687272784199,4.5562679154897054,4.556797724058138,0.026877807953304987,560.0,11.0
1632,87.0,108.05336841711214,108.05670184923656,455.3843313980157,455.3756565627531,154.0687272784199,154.0640338975173,4.556797724058138,4.557267492608847,0.032460190345154134,560.0,11.0
1633,87.0,108.05670184923656,108.06206575122626,455.3756565627531,455.38214939871295,154.0640338975173,154.06279557057078,4.557267492608847,4.557667034727544,0.07939687524752076,560.0,11.0
1634,87.0,108.06206575122626,108.06332937185898,455.38214939871295,455.38638096528956,154.06279557057078,154.06251294154146,4.557667034727544,4.5579077213948835,0.017076976918031502,560.0,11.0
1635,87.0,108.06332937185898,108.06686540979581,455.38638096528956,455.38609017697866,154.06251294154146,154.0615767052788,4.5579077213948835,4.5581170695251965,0.019338932393146574,560.0,11.0
1636,87.0,108.06686540979581,108.06947598436986,455.38609017697866,455.38613462507647,154.0615767052788,154.06037784170536,4.5581170695251965,4.55829219033896,0.017386013340208,560.0,11.0
1637,87.0,108.06947598436986,108.0711462286569,455.38613462507647,455.3853822060033,154.06037784170536,154.0616123671678,4.55829219033896,4.558437312879847,0.01822888390331743,560.0,11.0
1638,87.0,108.0711462286569,108.07206868046023,455.3853822060033,455.384136160411,154.0616123671678,154.06180074392122,4.558437312879847,4.558550991696448,0.027469909297902214,560.0,11.0
1639,87.0,108.07206868046023,108.07251580414727,455.384136160411,455.38366186438606,154.06180074392122,154.06166620215052,4.558550991696448,4.558612869245974,0.018357393186247184,560.0,11.0
1640,87.0,108.07251580414727,108.07241798469462,455.38366186438606,455.38381205390834,154.06166620215052,154.06174901229954,4.558612869245974,4.558638271234324,0.018092099056372685,560.0,11.0
1641,87.0,107.88353305825481,107.88366826313589,455.437330052477,455.431315315774,153.99606048343375,153.99061966797535,4.552259131820619,4.55259393866376,0.018348592091935192,562.0,11.0
1642,87.0,107.88366826313589,107.88568979219474,455.431315315774,455.42455344490673,153.99061966797535,153.9760096569002,4.55259393866376,4.553271548532521,0.08410721917795656,562.0,11.0
1643,87.0,107.88568979219474,107.89166681953918,455.42455344490673,455.42789496909757,153.9760096569002,153.98435458074397,4.553271548532521,4.553755328472813,0.03010281193954852,562.0,11.0
1644,87.0,107.89166681953918,107.89460595355058,455.42789496909757,455.43171804476026,153.98435458074397,153.99196512338676,4.553755328472813,4.554173419210388,0.05482573261936384,562.0,11.0
1645,87.0,107.89460595355058,107.89909335111538,455.43171804476026,455.4324175291807,153.99196512338676,153.99593232388443,4.554173419210388,4.5544781732221935,0.019561098500009297,562.0,11.0
1646,87.0,107.89909335111538,107.90288435349196,455.4324175291807,455.4306011788074,153.99593232388443,153.99875960297754,4.5544781732221935,4.554744781010252,0.03722039950895851,562.0,11.0
1647,87.0,107.90288435349196,107.90506976393294,455.4306011788074,455.43155793297285,153.99875960297754,154.0011781839047,4.554744781010252,4.554942591802809,0.04716484152859116,562.0,11.0
1648,87.0,107.90506976393294,107.90562685528751,455.43155793297285,455.4300633485376,154.0011781839047,154.00097320183886,4.554942591802809,4.555058631319095,0.013636953124264864,562.0,11.0
1649,87.0,107.90562685528751,107.90652580836934,455.4300633485376,455.4297039577126,154.00097320183886,154.00035270466927,4.555058631319095,4.555150290492471,0.013274115654135166,562.0,11.0
1650,87.0,107.90652580836934,107.90643754656466,455.4297039577126,455.4295889215317,154.00035270466927,153.99964313934868,4.555150290492471,4.55521609413803,0.03239684100218806,562.0,11.0
1651,87.0,107.90643754656466,107.90643037003258,455.4295889215317,455.4295754772409,153.99964313934868,153.99966833934624,4.55521609413803,4.55522258087768,0.005962251754626585,562.0,11.0
1652,87.0,107.85779502310729,107.84405455271128,455.39754447630014,455.3799013097913,154.0271470374362,154.01475306849449,4.554149724090234,4.555051463965261,0.03417215424788441,563.0,11.0
1653,87.0,107.84405455271128,107.83434989546201,455.3799013097913,455.3320415390034,154.01475306849449,153.97895773537138,4.555051463965261,4.557219986912898,0.12931241736235963,563.0,11.0
1654,87.0,107.83434989546201,107.80836217335585,455.3320415390034,455.2901479560339,153.97895773537138,153.97914527858933,4.557219986912898,4.559015164643762,0.1364306223339943,563.0,11.0
1655,87.0,107.80836217335585,107.79328443509098,455.2901479560339,455.26623773168785,153.97914527858933,153.95388579410627,4.559015164643762,4.560430475918737,0.08065210835081064,563.0,11.0
1656,87.0,107.79328443509098,107.8013433275853,455.26623773168785,455.26629826251263,153.95388579410627,153.9234581302464,4.560430475918737,4.561629912086844,0.09438301539249914,563.0,11.0
1657,87.0,107.8013433275853,107.79676151474344,455.26629826251263,455.24441956569626,153.9234581302464,153.9138826946467,4.561629912086844,4.562587067496947,0.04741372756544184,563.0,11.0
1658,87.0,107.79676151474344,107.77836668939838,455.24441956569626,455.24793322210627,153.9138826946467,153.90472969405928,4.562587067496947,4.5634251739621385,0.05836981596325299,563.0,11.0
1659,87.0,107.77836668939838,107.7768629515336,455.24793322210627,455.2478804318981,153.90472969405928,153.90196689564002,4.5634251739621385,4.563555905722619,0.005329694832916888,563.0,11.0
1660,87.0,107.7768629515336,107.76942213274432,455.2478804318981,455.25033172806434,153.90196689564002,153.8881046172476,4.563555905722619,4.5642228916954855,0.04659454746718171,563.0,11.0
1661,87.0,107.76942213274432,107.75839697400538,455.25033172806434,455.2552348095084,153.8881046172476,153.8925450703427,4.5642228916954855,4.564781169454935,0.03182683494524005,563.0,11.0
1662,87.0,107.75839697400538,107.74879401274261,455.2552348095084,455.2603230222846,153.8925450703427,153.89236316149572,4.564781169454935,4.565267659768299,0.03860645171986298,563.0,11.0
1663,87.0,107.74879401274261,107.74038041291745,455.2603230222846,455.2587641886513,153.89236316149572,153.8915789589828,4.565267659768299,4.5656702017663555,0.062185591429194276,563.0,11.0
1664,87.0,107.74038041291745,107.73778697441472,455.2587641886513,455.2558540567708,153.8915789589828,153.8951745427492,4.5656702017663555,4.565946277505427,0.019360933095711106,563.0,11.0
1665,87.0,107.73778697441472,107.7344380765757,455.2558540567708,455.2532625101324,153.8951745427492,153.8963386916284,4.565946277505427,4.566185589747207,0.02974493851696602,563.0,11.0
1666,87.0,107.7344380765757,107.73198165049946,455.2532625101324,455.2526377634091,153.8963386916284,153.89814190870555,4.566185589747207,4.566371080762411,0.023953221365539668,563.0,11.0
1667,87.0,107.73198165049946,107.73103987387015,455.2526377634091,455.2541251035129,153.89814190870555,153.89943740325165,4.566371080762411,4.566515115536224,0.015114118557419108,563.0,11.0
1668,87.0,107.73103987387015,107.7304769147831,455.2541251035129,455.25261627474265,153.89943740325165,153.8997834273195,4.566515115536224,4.566633125106974,0.04720346111391189,563.0,11.0
1669,87.0,107.7304769147831,107.73027555509171,455.25261627474265,455.2526388030334,153.8997834273195,153.89970048191802,4.566633125106974,4.566660512182487,0.019197513061101894,563.0,11.0
1670,87.0,105.85616991394836,105.85095020123708,451.645109229034,451.6416746866692,156.4732899610715,156.48164636934646,4.7199011800446335,4.720320656890233,0.03262443099987221,569.0,11.0
1671,87.0,105.85095020123708,105.84795347353732,451.6416746866692,451.63899998019485,156.48164636934646,156.49974993174595,4.720320656890233,4.721079196086668,0.05036271568919436,569.0,11.0
1672,87.0,105.84795347353732,105.84833787160082,451.63899998019485,451.63070335865734,156.49974993174595,156.5123556073039,4.721079196086668,4.72171705043945,0.03739907772238372,569.0,11.0
1673,87.0,105.84833787160082,105.8526486231311,451.63070335865734,451.6195641495706,156.5123556073039,156.51654673328062,4.72171705043945,4.722268188923451,0.032869742845620484,569.0,11.0
1674,87.0,105.8526486231311,105.86252142316373,451.6195641495706,451.6157446128509,156.51654673328062,156.5173462480116,4.722268188923451,4.722745446047279,0.038452930032616246,569.0,11.0
1675,87.0,105.86252142316373,105.86799144644303,451.6157446128509,451.6124937669053,156.5173462480116,156.52277686377863,4.722745446047279,4.723139480717751,0.025894225416615717,569.0,11.0
1676,87.0,105.86799144644303,105.87436098268049,451.6124937669053,451.61395441955926,156.52277686377863,156.5251327731455,4.723139480717751,4.72347971394194,0.032892775076715654,569.0,11.0
1677,87.0,105.87436098268049,105.87862484272807,451.61395441955926,451.6139480543785,156.5251327731455,156.5282355357006,4.72347971394194,4.723754602567193,0.025490540980217035,569.0,11.0
1678,87.0,105.87862484272807,105.87642874130935,451.6139480543785,451.61311871143334,156.5282355357006,156.5315825948257,4.723754602567193,4.723981429606064,0.02126252688743049,569.0,11.0
1679,87.0,105.87642874130935,105.87474566646328,451.61311871143334,451.6123251791144,156.5315825948257,156.5341630139913,4.723981429606064,4.7241699795775025,0.039617899632771694,569.0,11.0
1680,87.0,105.87474566646328,105.8759978901634,451.6123251791144,451.6122909870534,156.5341630139913,156.53529498411956,4.7241699795775025,4.7242900531200815,0.012773549718733169,569.0,11.0
1681,87.0,105.8759978901634,105.8765137179457,451.6122909870534,451.6113614796873,156.53529498411956,156.53596174308723,4.7242900531200815,4.724387534376516,0.017054042314863505,569.0,11.0
1682,87.0,105.8765137179457,105.87623222497548,451.6113614796873,451.61189022573825,156.53596174308723,156.53633494071053,4.724387534376516,4.724452112802547,0.012898282098440633,569.0,11.0
1683,87.0,105.87623222497548,105.87650291226473,451.61189022573825,451.6118772435052,156.53633494071053,156.53654693654764,4.724452112802547,4.724490232919604,0.017313725308760974,569.0,11.0
1684,87.0,105.87650291226473,105.87650884564485,451.6118772435052,451.61190470014037,156.53654693654764,156.5365132975323,4.724490232919604,4.724498831296908,0.007549306436526428,569.0,11.0
1685,87.0,107.3849314390159,107.37362498176472,447.809694516953,447.81326383187286,157.85376132943537,157.82641680738783,4.9351679255465815,4.936236031107206,0.054795865525307734,575.0,11.0
1686,87.0,107.37362498176472,107.35249011328878,447.81326383187286,447.80823539600914,157.82641680738783,157.77562639167064,4.936236031107206,4.938228578290324,0.11560420156273568,575.0,11.0
1687,87.0,107.35249011328878,107.33151823335227,447.80823539600914,447.8480079026548,157.77562639167064,157.78142086827836,4.938228578290324,4.9398917998045135,0.13188847523650143,575.0,11.0
1688,87.0,107.33151823335227,107.30908572717665,447.8480079026548,447.8566666899237,157.78142086827836,157.80617723993376,4.9398917998045135,4.941193269838557,0.11417617116552088,575.0,11.0
1689,87.0,107.30908572717665,107.29007268398986,447.8566666899237,447.8597662986922,157.80617723993376,157.78914423793148,4.941193269838557,4.942197993193735,0.14023251297433673,575.0,11.0
1690,87.0,107.29007268398986,107.28232439068354,447.8597662986922,447.8668859888563,157.78914423793148,157.77753364781879,4.942197993193735,4.942856066485174,0.03185152550743756,575.0,11.0
1691,87.0,107.28232439068354,107.27433010335339,447.8668859888563,447.8582652459169,157.77753364781879,157.77076828125752,4.942856066485174,4.943439609317706,0.06558057998512067,575.0,11.0
1692,87.0,107.27433010335339,107.27536711900181,447.8582652459169,447.8489945401526,157.77076828125752,157.7726034956925,4.943439609317706,4.943876145432893,0.024602210894485634,575.0,11.0
1693,87.0,107.27536711900181,107.27177193886823,447.8489945401526,447.84236250946043,157.7726034956925,157.77555039805173,4.943876145432893,4.9442601670520165,0.03886194179629364,575.0,11.0
1694,87.0,107.27177193886823,107.26657875869981,447.84236250946043,447.8401432172803,157.77555039805173,157.77344792319008,4.9442601670520165,4.9445647591903175,0.028549024375179522,575.0,11.0
1695,87.0,107.26657875869981,107.26764035365136,447.8401432172803,447.84214327730206,157.77344792319008,157.7693995017317,4.9445647591903175,4.944814136856652,0.018135570562608106,575.0,11.0
1696,87.0,107.26764035365136,107.26571206025979,447.84214327730206,447.83901737227205,157.7693995017317,157.76833591232048,4.944814136856652,4.945029960493389,0.015195440364522516,575.0,11.0
1697,87.0,107.26571206025979,107.26261128462427,447.83901737227205,447.8392257147495,157.76833591232048,157.7690253086478,4.945029960493389,4.94521859512437,0.012423447733088597,575.0,11.0
1698,87.0,107.26261128462427,107.26037641091239,447.8392257147495,447.8404025337355,157.7690253086478,157.7681030761776,4.94521859512437,4.945385562753313,0.01361391404556375,575.0,11.0
1699,87.0,107.26037641091239,107.26179197450578,447.8404025337355,447.83918860840606,157.7681030761776,157.76922213887337,4.945385562753313,4.945529086345448,0.016153713917114607,575.0,11.0
1700,87.0,107.26179197450578,107.2630443926123,447.83918860840606,447.8388507718102,157.76922213887337,157.76828370438537,4.945529086345448,4.9456447656876525,0.018407840907292226,575.0,11.0
1701,87.0,107.2630443926123,107.26281693433438,447.8388507718102,447.8384837555353,157.76828370438537,157.76917222937342,4.9456447656876525,4.945727061708396,0.011423963121769553,575.0,11.0
1702,87.0,107.26281693433438,107.26274117159035,447.8384837555353,447.8381693492809,157.76917222937342,157.76971144460563,4.945727061708396,4.945786421205341,0.0193205627593912,575.0,11.0
1703,87.0,107.26274117159035,107.26284764781656,447.8381693492809,447.8382856541709,157.76971144460563,157.7697176052663,4.945786421205341,4.9458080035678735,0.015911397166921287,575.0,11.0
1704,87.0,107.39455263496431,107.39453464367284,447.8270783794116,447.82712350257214,157.83121992006676,157.83118399936112,4.936174081278227,4.9361848916089714,0.009117532461750351,577.0,11.0
1705,87.0,107.39456566842878,107.39457303714735,447.827069892444,447.8270702679255,157.83123683642808,157.83123977196806,4.936171276267769,4.936173879600348,0.0026656701011438712,578.0,11.0
1706,87.0,108.91851330152167,108.91816889041748,451.63652583365746,451.6372334909768,154.47751185758582,154.47599971921704,5.110147155899749,5.110242156179583,0.005954138076169272,581.0,11.0
1707,87.0,108.91816889041748,108.91669935654227,451.6372334909768,451.63821642135565,154.47599971921704,154.47268375149193,5.110242156179583,5.110455220105737,0.015872740963336088,581.0,11.0
1708,87.0,108.91669935654227,108.91413075513603,451.63821642135565,451.63937835982824,154.47268375149193,154.47140915589762,5.110455220105737,5.110639987764508,0.015709148413590217,581.0,11.0
1709,87.0,108.91413075513603,108.91318409913455,451.63937835982824,451.637265015837,154.47140915589762,154.47052569843532,5.110639987764508,5.110797495509796,0.014679798698025635,581.0,11.0
1710,87.0,108.91318409913455,108.91177016467307,451.637265015837,451.6385524323201,154.47052569843532,154.47083835002783,5.110797495509796,5.11092977646438,0.0174433583687003,581.0,11.0
1711,87.0,108.91177016467307,108.91223948648049,451.6385524323201,451.63735848714424,154.47083835002783,154.47046870809783,5.11092977646438,5.1110316018980395,0.013430407648687977,581.0,11.0
1712,87.0,108.91223948648049,108.91255900478127,451.63735848714424,451.63662332671083,154.47046870809783,154.47006879990877,5.1110316018980395,5.111108335404399,0.015680497389332516,581.0,11.0
1713,87.0,108.91255900478127,108.91266943138058,451.63662332671083,451.63626268640957,154.47006879990877,154.47026818398373,5.111108335404399,5.111152986565678,0.02052479049153211,581.0,11.0
1714,87.0,108.91266943138058,108.91265245688972,451.63626268640957,451.63623636168285,154.47026818398373,154.4702993834373,5.111152986565678,5.1111616385591585,0.007588391206528031,581.0,11.0
1715,87.0,108.91851408512748,108.91851709648797,451.6365280397475,451.63653325169554,154.47751106651907,154.47750798683887,5.110147963738999,5.110150295511308,0.0024072190781656458,582.0,11.0
1716,87.0,106.6918543233382,106.69186129561679,447.5348063250717,447.5348084329051,158.99916976160816,158.9991728336326,4.887787764460822,4.88779035978482,0.0026581223512672707,585.0,11.0
1717,87.0,106.69608865350258,106.69609683612616,447.1891177589896,447.18903261673523,158.9990407730606,158.9989957815706,4.899322754746469,4.899337898232523,0.011987781060996362,586.0,11.0
1718,87.0,106.56561091056042,106.56500043878563,447.9375026734888,447.93662659410467,159.8381145880082,159.83782609775443,4.937109154546905,4.937198329031844,0.020352253183010892,587.0,11.0
1719,87.0,106.56500043878563,106.56519991778744,447.93662659410467,447.93677223105004,159.83782609775443,159.8374191510363,4.937198329031844,4.937246727368325,0.01544441758733949,587.0,11.0
1720,87.0,106.56519991778744,106.56520480222491,447.93677223105004,447.93688991692534,159.8374191510363,159.83735473760774,4.937246727368325,4.937265924215867,0.014497597017224565,587.0,11.0
1721,87.0,106.56584744460244,106.56585489299837,447.937767446563,447.9377684327883,159.8382162709489,159.83821716330678,4.937080373301933,4.9370828917287,0.002585431907303984,588.0,11.0
1722,87.0,106.30454382002942,106.3199524674792,448.6833622869423,448.6552514034821,158.1277875943251,158.14081445147622,4.836489052327031,4.8377156277173725,0.056521951206019216,592.0,11.0
1723,87.0,106.3199524674792,106.35809787168537,448.6552514034821,448.62154330325876,158.14081445147622,158.1812586966601,4.8377156277173725,4.840032168934704,0.1449678550933013,592.0,11.0
1724,87.0,106.35809787168537,106.38283726864623,448.62154330325876,448.58582967436104,158.1812586966601,158.21032328192055,4.840032168934704,4.841926088393886,0.13866028732437843,592.0,11.0
1725,87.0,106.38283726864623,106.38990325731724,448.58582967436104,448.5459386874653,158.21032328192055,158.20837818672348,4.841926088393886,4.843429994081004,0.0800622938370497,592.0,11.0
1726,87.0,106.38990325731724,106.41662322189693,448.5459386874653,448.5250437871738,158.20837818672348,158.21162709868068,4.843429994081004,4.844716798943486,0.06379420404831387,592.0,11.0
1727,87.0,106.41662322189693,106.44008459963212,448.5250437871738,448.51799642818503,158.21162709868068,158.22730962524716,4.844716798943486,4.845835619300791,0.06337025111048196,592.0,11.0
1728,87.0,106.44008459963212,106.46068134110178,448.51799642818503,448.5182642541016,158.22730962524716,158.24025976506584,4.845835619300791,4.846793226539629,0.07790380484622042,592.0,11.0
1729,87.0,106.46068134110178,106.47623010030993,448.5182642541016,448.52787691743305,158.24025976506584,158.23637813914053,4.846793226539629,4.847556765338039,0.03557436430372369,592.0,11.0
1730,87.0,106.47623010030993,106.48909867286145,448.52787691743305,448.53768663778,158.23637813914053,158.2351314399227,4.847556765338039,4.848234508352587,0.038768038632847446,592.0,11.0
1731,87.0,106.48909867286145,106.48493434033067,448.53768663778,448.5506879179201,158.2351314399227,158.2349781940947,4.848234508352587,4.8488211961464005,0.147782500049804,592.0,11.0
1732,87.0,106.48493434033067,106.48817996767609,448.5506879179201,448.554489133552,158.2349781940947,158.23366924181605,4.8488211961464005,4.84909183990294,0.022225425676767236,592.0,11.0
1733,87.0,106.48817996767609,106.49089385091104,448.554489133552,448.55381494202686,158.23366924181605,158.2367160389967,4.84909183990294,4.849320623568528,0.08407341749821737,592.0,11.0
1734,87.0,106.49089385091104,106.49103418464549,448.55381494202686,448.55311362936953,158.2367160389967,158.23609187055564,4.849320623568528,4.8494006104398,0.012684533748416483,592.0,11.0
1735,87.0,106.49103418464549,106.4912291650598,448.55311362936953,448.5525937036049,158.23609187055564,158.23612388198222,4.8494006104398,4.849454871353401,0.01599392855044547,592.0,11.0
1736,87.0,106.4912291650598,106.49112441315594,448.5525937036049,448.5524921848356,158.23612388198222,158.23603060458197,4.849454871353401,4.849477959235656,0.0167802859581265,592.0,11.0
1737,87.0,111.48127793613666,111.48401653806619,452.49015248702443,452.4932997731993,170.67489082119639,170.6830036939309,5.306707989968159,5.307082039605778,0.01721172676441366,594.0,11.0
1738,87.0,111.48401653806619,111.48924786108262,452.4932997731993,452.49930135655285,170.6830036939309,170.69809605755646,5.307082039605778,5.307789006218948,0.0501215985082989,594.0,11.0
1739,87.0,111.48924786108262,111.48627532915529,452.49930135655285,452.50796022208743,170.69809605755646,170.70829945320858,5.307789006218948,5.308377675974739,0.036102213309068924,594.0,11.0
1740,87.0,111.48627532915529,111.47797955262624,452.50796022208743,452.5157438988106,170.70829945320858,170.7073233762369,5.308377675974739,5.308884084227127,0.03969342982075197,594.0,11.0
1741,87.0,111.47797955262624,111.47494526509554,452.5157438988106,452.5205088880424,170.7073233762369,170.7002632821928,5.308884084227127,5.309303373823271,0.025695912095701292,594.0,11.0
1742,87.0,111.47494526509554,111.47129215820321,452.5205088880424,452.5246538501935,170.7002632821928,170.6950496585159,5.309303373823271,5.309668407168617,0.026170917075907834,594.0,11.0
1743,87.0,111.47129215820321,111.47312084674009,452.5246538501935,452.5282737056179,170.6950496585159,170.69034730405795,5.309668407168617,5.309980158055365,0.028603316841238152,594.0,11.0
1744,87.0,111.47312084674009,111.47561158152266,452.5282737056179,452.53198202343094,170.69034730405795,170.68857972133574,5.309980158055365,5.310236234849331,0.024833058139354505,594.0,11.0
1745,87.0,111.47561158152266,111.474985589729,452.53198202343094,452.5328337061345,170.68857972133574,170.69211261537393,5.310236234849331,5.31044634914696,0.04378475034790581,594.0,11.0
1746,87.0,111.474985589729,111.47600975872801,452.5328337061345,452.53383992631814,170.69211261537393,170.69345840134514,5.31044634914696,5.310580082174593,0.01935136770195829,594.0,11.0
1747,87.0,111.47600975872801,111.47549887469827,452.53383992631814,452.53473320538797,170.69345840134514,170.6942521333238,5.310580082174593,5.310679997796738,0.03252817885279155,594.0,11.0
1748,87.0,111.47549887469827,111.4754733959556,452.53473320538797,452.5344276921093,170.6942521333238,170.6941806853916,5.310679997796738,5.310715708709218,0.023633541249874504,594.0,11.0
1749,87.0,109.17265603656192,109.17224087794361,449.9093688006425,449.9090671779235,165.87506360244146,165.87443718375891,5.504127557582935,5.504180985624321,0.00793232506845233,595.0,11.0
1750,87.0,109.17224087794361,109.17119890084038,449.9090671779235,449.90778804977407,165.87443718375891,165.87351499584514,5.504180985624321,5.504310971106929,0.014689519224814096,595.0,11.0
1751,87.0,109.17119890084038,109.1702641172108,449.90778804977407,449.9068490631292,165.87351499584514,165.87391010178234,5.504310971106929,5.504415331749965,0.013566829619516168,595.0,11.0
1752,87.0,109.1702641172108,109.17084312062195,449.9068490631292,449.90612420649677,165.87391010178234,165.8737790166652,5.504415331749965,5.504494573659566,0.01406986106980689,595.0,11.0
1753,87.0,109.17084312062195,109.17106067132643,449.90612420649677,449.90653178057573,165.8737790166652,165.87357348799395,5.504494573659566,5.504545168120628,0.020742007055442633,595.0,11.0
1754,87.0,109.17106067132643,109.17105185473375,449.90653178057573,449.90649554597184,165.87357348799395,165.87363741371445,5.504545168120628,5.504557669968176,0.010263368824981824,595.0,11.0
1755,87.0,110.60174953634423,110.60173778012276,453.1684841578731,453.16856062362046,169.2979131041138,169.29796097378076,5.668911990064408,5.668926488915265,0.011574539233781335,596.0,11.0
1756,87.0,111.14840681954892,111.14840379692552,452.40565586590446,452.405615560475,171.53934593696238,171.5393829230885,5.7499625480914585,5.7499692548716554,0.0019317122227287197,598.0,11.0
1757,87.0,111.14840379692552,111.14851013359734,452.405615560475,452.4055800643529,171.5393829230885,171.53921870768403,5.7499692548716554,5.749994786958208,0.018165097684011203,598.0,11.0
1758,87.0,110.50974856550167,110.50950028721691,452.58459778357053,452.5849179947201,168.94819549690348,168.94786792557395,5.839180594229714,5.839218941977753,0.0034624548100019178,600.0,11.0
1759,87.0,110.50950028721691,110.50902447285418,452.5849179947201,452.5857468985072,168.94786792557395,168.9468618123226,5.839218941977753,5.839323572720945,0.011213369603192597,600.0,11.0
1760,87.0,110.50902447285418,110.50802007647492,452.5857468985072,452.5857353015375,168.9468618123226,168.94702598272028,5.839323572720945,5.839407635349776,0.032669064046455185,600.0,11.0
1761,87.0,110.50802007647492,110.50793033883026,452.5857353015375,452.5856458189716,168.94702598272028,168.94708771840536,5.839407635349776,5.839427522703631,0.014911199719377391,600.0,11.0
1762,87.0,110.50974655513012,110.50974115265235,452.5845989327283,452.58460202086343,168.94819468842383,168.94819251579386,5.839181405705516,5.839183697189146,0.002368387137497335,601.0,11.0
1763,87.0,106.65925226160103,106.64694487027455,433.8731782073907,433.8357229135305,165.6775151656455,165.6926770812494,5.388597818322828,5.390076121376351,0.05232262064395261,605.0,11.0
1764,87.0,106.64694487027455,106.6463244266599,433.8357229135305,433.75634788998786,165.6926770812494,165.71169911118352,5.390076121376351,5.392942176141306,0.1485586444203944,605.0,11.0
1765,87.0,106.6463244266599,106.68962373444067,433.75634788998786,433.70982773443546,165.71169911118352,165.73609171320132,5.392942176141306,5.395359946228868,0.1646817763213577,605.0,11.0
1766,87.0,106.68962373444067,106.67978884579904,433.70982773443546,433.7479643982873,165.73609171320132,165.7723213832878,5.395359946228868,5.397295137953852,0.14482531159847262,605.0,11.0
1767,87.0,106.67978884579904,106.64592897084458,433.7479643982873,433.7304569399762,165.7723213832878,165.78805118143435,5.397295137953852,5.3988216744859505,0.0827480129459059,605.0,11.0
1768,87.0,106.64592897084458,106.6372672540551,433.7304569399762,433.69903370205776,165.78805118143435,165.79940012440295,5.3988216744859505,5.400123229058731,0.12079930065050562,605.0,11.0
1769,87.0,106.6372672540551,106.61272930606371,433.69903370205776,433.70431667371275,165.79940012440295,165.79695406645294,5.400123229058731,5.401111100834243,0.056110483763789826,605.0,11.0
1770,87.0,106.61272930606371,106.60351324805,433.70431667371275,433.68701061387645,165.79695406645294,165.78919279378763,5.401111100834243,5.401957566992803,0.041315335939983426,605.0,11.0
1771,87.0,106.60351324805,106.59336781355223,433.68701061387645,433.6848248488227,165.78919279378763,165.77429891230304,5.401957566992803,5.402702524682702,0.08177061926435163,605.0,11.0
1772,87.0,106.59336781355223,106.58177152950277,433.6848248488227,433.6831309571903,165.77429891230304,165.76944689265832,5.402702524682702,5.403254590344819,0.03140074945469784,605.0,11.0
1773,87.0,106.58177152950277,106.57246228354465,433.6831309571903,433.68158962220696,165.76944689265832,165.76433903641592,5.403254590344819,5.403735998011887,0.020970906872526025,605.0,11.0
1774,87.0,106.57246228354465,106.5695954511092,433.68158962220696,433.6853376280613,165.76433903641592,165.75611879162219,5.403735998011887,5.404171462018007,0.024732873490562177,605.0,11.0
1775,87.0,106.5695954511092,106.56336472030532,433.6853376280613,433.68853116810715,165.75611879162219,165.75211771357914,5.404171462018007,5.404554169423149,0.025599306466225966,605.0,11.0
1776,87.0,106.56336472030532,106.55847256431564,433.68853116810715,433.6849084667476,165.75211771357914,165.7493714631246,5.404554169423149,5.404884080292705,0.020533935553669246,605.0,11.0
1777,87.0,106.55847256431564,106.55950713682387,433.6849084667476,433.68104774339827,165.7493714631246,165.74540621439402,5.404884080292705,5.405173117167919,0.02657181905862154,605.0,11.0
1778,87.0,106.55950713682387,106.55813253724182,433.68104774339827,433.67751851202877,165.74540621439402,165.7475795627828,5.405173117167919,5.405411410240528,0.024295706144703808,605.0,11.0
1779,87.0,106.55813253724182,106.55562593240866,433.67751851202877,433.67944269973884,165.7475795627828,165.74856940716734,5.405411410240528,5.405605552633644,0.027059474700076375,605.0,11.0
1780,87.0,106.55562593240866,106.55342713432928,433.67944269973884,433.6790708308573,165.74856940716734,165.74888346436327,5.405605552633644,5.405752673169762,0.026284745082283043,605.0,11.0
1781,87.0,106.55342713432928,106.55250274134491,433.6790708308573,433.67978674223787,165.74888346436327,165.7495141351063,5.405752673169762,5.4058541435041105,0.013788724787086652,605.0,11.0
1782,87.0,106.55250274134491,106.5529365123198,433.67978674223787,433.6805077158294,165.7495141351063,165.7492632105286,5.4058541435041105,5.405929779256201,0.011961161643329435,605.0,11.0
1783,87.0,106.5529365123198,106.55318512598146,433.6805077158294,433.68057520721857,165.7492632105286,165.7497071809156,5.405929779256201,5.4059809343969,0.017062840373230442,605.0,11.0
1784,87.0,106.55318512598146,106.553195701282,433.68057520721857,433.68070359292415,165.7497071809156,165.74969193162394,5.4059809343969,5.405999660493419,0.01421344078858846,605.0,11.0
1785,87.0,107.40006580724655,107.42964601268383,432.21397445470086,432.1455592567252,166.51737535605707,166.57062381508916,5.455370043210102,5.4584782367223275,0.36331983911620797,608.0,11.0
1786,87.0,107.42964601268383,107.47269947067923,432.1455592567252,432.0721558530557,166.57062381508916,166.6358946752313,5.4584782367223275,5.462137823733587,0.20892102252324338,608.0,11.0
1787,87.0,107.47269947067923,107.54411933565552,432.0721558530557,432.06172627558215,166.6358946752313,166.7367016117824,5.462137823733587,5.466388019447386,0.3552847599777977,608.0,11.0
1788,87.0,107.54411933565552,107.54740667856224,432.06172627558215,432.0997737938791,166.7367016117824,166.77897935109905,5.466388019447386,5.468437983899885,0.3093451276735423,608.0,11.0
1789,87.0,107.54740667856224,107.5634539216966,432.0997737938791,432.0904934371133,166.77897935109905,166.80407110660255,5.468437983899885,5.469627984790328,0.12117109168761481,608.0,11.0
1790,87.0,107.5634539216966,107.55978546816227,432.0904934371133,432.0946925931165,166.80407110660255,166.82543468458007,5.469627984790328,5.470508544085647,0.1718130877577615,608.0,11.0
1791,87.0,107.55978546816227,107.56477815445123,432.0946925931165,432.08673560639625,166.82543468458007,166.83014470764857,5.470508544085647,5.470981865944497,0.06937540682805513,608.0,11.0
1792,87.0,107.56477815445123,107.56981965932457,432.08673560639625,432.0846312106737,166.83014470764857,166.83382617304798,5.470981865944497,5.4713082830579784,0.020273215904604902,608.0,11.0
1793,87.0,107.56981965932457,107.57330239741445,432.0846312106737,432.0839025454417,166.83382617304798,166.8380953551013,5.4713082830579784,5.471594451526419,0.018752515708582506,608.0,11.0
1794,87.0,107.57330239741445,107.56911346166564,432.0839025454417,432.08545866927795,166.8380953551013,166.83677832953907,5.471594451526419,5.471844642249334,0.016963044862656707,608.0,11.0
1795,87.0,107.56911346166564,107.5665891224517,432.08545866927795,432.0858988982835,166.83677832953907,166.83970991047153,5.471844642249334,5.472063385435055,0.013812588275703558,608.0,11.0
1796,87.0,107.5665891224517,107.56594999275944,432.0858988982835,432.0874297108206,166.83970991047153,166.8425696785252,5.472063385435055,5.472257299781856,0.06309997456380526,608.0,11.0
1797,87.0,107.56594999275944,107.56573026514782,432.0874297108206,432.0865347459943,166.8425696785252,166.84217223878602,5.472257299781856,5.4723405261121,0.015267751343132522,608.0,11.0
1798,87.0,107.56573026514782,107.56625487192225,432.0865347459943,432.0866118497476,166.84217223878602,166.8421651892248,5.4723405261121,5.472392919693935,0.03187403618600135,608.0,11.0
1799,87.0,107.12448823950635,107.12448960941887,430.4487414684131,430.44875508273054,163.1296243198458,163.12961281249304,5.583126294337241,5.583130862929021,0.004410079599261329,611.0,11.0
1800,87.0,107.0515401297288,107.05171992052995,429.62657649118455,429.62420815851357,162.03318673960908,162.03312138164603,5.62890280761834,5.629026052010407,0.00634665622396338,612.0,11.0
1801,87.0,107.05171992052995,107.05358731488721,429.62420815851357,429.619678474099,162.03312138164603,162.03446058659935,5.629026052010407,5.62929319018072,0.020108475469758195,612.0,11.0
1802,87.0,107.05358731488721,107.0567439367549,429.619678474099,429.61741750533946,162.03446058659935,162.03299969056917,5.62929319018072,5.62952251117576,0.019210805466749144,612.0,11.0
1803,87.0,107.0567439367549,107.05633970732735,429.61741750533946,429.61412563859676,162.03299969056917,162.03282039323273,5.62952251117576,5.629717083591107,0.04302755622884092,612.0,11.0
1804,87.0,107.05633970732735,107.05538158450005,429.61412563859676,429.6144953212467,162.03282039323273,162.0341603561812,5.629717083591107,5.629837150857547,0.017766735060403,612.0,11.0
1805,87.0,107.05538158450005,107.05521965450589,429.6144953212467,429.6142107149094,162.0341603561812,162.0352005895133,5.629837150857547,5.629925436920178,0.009856656296436266,612.0,11.0
1806,87.0,107.05521965450589,107.05503522353645,429.6142107149094,429.6144798350566,162.0352005895133,162.0359026971498,5.629925436920178,5.629994505367842,0.016022102277287214,612.0,11.0
1807,87.0,107.05503522353645,107.0551452679593,429.6144798350566,429.6143070698722,162.0359026971498,162.03615111448067,5.629994505367842,5.630030812684447,0.02217101638938885,612.0,11.0
1808,87.0,107.0551452679593,107.05514474787927,429.6143070698722,429.61431109762526,162.03615111448067,162.03615004394524,5.630030812684447,5.630032500805825,0.0017687788630958955,612.0,11.0
1809,87.0,109.28983919913632,109.29011688169558,433.71357376186234,433.71424827006723,156.65700295390658,156.6564933031854,5.866218791175933,5.866276410673258,0.00491346777372805,614.0,11.0
1810,87.0,109.29011688169558,109.2912855024907,433.71424827006723,433.71522764601303,156.6564933031854,156.65499128146806,5.866276410673258,5.866418318506092,0.012979748463965287,614.0,11.0
1811,87.0,109.2912855024907,109.29293059295159,433.71522764601303,433.7155591103791,156.65499128146806,156.655007023181,5.866418318506092,5.866537885022837,0.010986492888505938,614.0,11.0
1812,87.0,109.29293059295159,109.292259047666,433.7155591103791,433.71506140994995,156.655007023181,156.65600861093546,5.866537885022837,5.866638068310613,0.020732818304502836,614.0,11.0
1813,87.0,109.292259047666,109.29176170816557,433.71506140994995,433.71489533528165,156.65600861093546,156.65564310857266,5.866638068310613,5.866698143234273,0.02035370461621805,614.0,11.0
1814,87.0,109.29176170816557,109.2917126344153,433.71489533528165,433.7149600530912,156.65564310857266,156.65576459682822,5.866698143234273,5.866718556480458,0.015223777747432748,614.0,11.0
1815,87.0,109.28983899680529,109.28983836077585,433.7135734014676,433.71357226856344,156.65700043837958,156.65699253079796,5.866219624543038,5.866222244239965,0.00268108,615.0,11.0
1816,87.0,109.41597779895582,109.4160742356783,432.7385490215349,432.73853256912764,156.0142446066223,156.01421967854088,5.905399759754271,5.905411084496239,0.0015489695398286916,618.0,11.0
1817,87.0,109.4160742356783,109.41632935554212,432.73853256912764,432.7385972317749,156.01421967854088,156.014092181546,5.905411084496239,5.905444918820054,0.01628279567580375,618.0,11.0
1818,87.0,109.41632935554212,109.41633326508301,432.7385972317749,432.7385793304696,156.014092181546,156.0141195912212,5.905444918820054,5.905451944356763,0.006378290835716328,618.0,11.0
1819,87.0,109.41597998931138,109.41598423745275,432.7385490368388,432.73854883786237,156.01424374942084,156.01424170525863,5.90540054794328,5.90540237406635,0.0019086977093372608,619.0,11.0
1820,87.0,94.18168549905322,94.18145983879673,431.2485511412725,431.24857644175245,156.7548585149974,156.75492376808805,6.416590529814933,6.416619480251611,0.020055387728282966,624.0,11.0
1821,87.0,93.28727673704796,93.2889210441088,429.5599594482677,429.55972699669894,155.37351589847225,155.37382164321568,6.495229513301885,6.495324191824495,0.010317535422433223,627.0,11.0
1822,87.0,93.2889210441088,93.2921816679147,429.55972699669894,429.5590702154077,155.37382164321568,155.3748455282468,6.495324191824495,6.495525533952142,0.023891993613048366,627.0,11.0
1823,87.0,93.2921816679147,93.29343671258091,429.5590702154077,429.5578464575448,155.3748455282468,155.37303064881363,6.495525533952142,6.495685066320605,0.025227726615088507,627.0,11.0
1824,87.0,93.29343671258091,93.29323600353288,429.5578464575448,429.5566148540458,155.37303064881363,155.3740463974247,6.495685066320605,6.4958011487407346,0.010258759376521192,627.0,11.0
1825,87.0,93.29323600353288,93.2924373395107,429.5566148540458,429.55586709204755,155.3740463974247,155.37467571722306,6.4958011487407346,6.495899030079256,0.015517103242244392,627.0,11.0
1826,87.0,93.2924373395107,93.29210470040584,429.55586709204755,429.55623141554815,155.37467571722306,155.37409716668495,6.495899030079256,6.495967199054921,0.010795763491943286,627.0,11.0
1827,87.0,93.29210470040584,93.29200615160651,429.55623141554815,429.5563232900046,155.37409716668495,155.37451905233075,6.495967199054921,6.496013094890064,0.021970000046039714,627.0,11.0
1828,87.0,93.29200615160651,93.29202350601406,429.5563232900046,429.5563235667467,155.37451905233075,155.3745509356474,6.496013094890064,6.496020616622644,0.006753128640853961,627.0,11.0
1829,87.0,93.28727599611713,93.28727405912672,429.5599613784167,429.55996868912763,155.3735165547718,155.3735166866807,6.495230230959406,6.495232748907628,0.00258497826448974,628.0,11.0
1830,87.0,107.54411933565552,107.5499842121665,432.06172627558215,432.06249877482185,166.7367016117824,166.74876040332052,5.466388019447386,5.466907696700362,0.03661972228202949,632.0,11.0
1831,87.0,107.5499842121665,107.54544821745637,432.06249877482185,432.06476031702493,166.74876040332052,166.7732525812451,5.466907696700362,5.467888485364179,0.07684548489611616,632.0,11.0
1832,87.0,107.54544821745637,107.53353305214299,432.06476031702493,432.06300394644984,166.7732525812451,166.78846809483818,5.467888485364179,5.46867689817095,0.05233684195162607,632.0,11.0
1833,87.0,107.53353305214299,107.54274655929628,432.06300394644984,432.05019407808487,166.78846809483818,166.78812757846845,5.46867689817095,5.469338960176262,0.04447768921006517,632.0,11.0
1834,87.0,107.54274655929628,107.54375069808063,432.05019407808487,432.0373887507286,166.78812757846845,166.7887580948538,5.469338960176262,5.46989733584482,0.21278468141122822,632.0,11.0
1835,87.0,107.54375069808063,107.54416723735298,432.0373887507286,432.0355290141765,166.7887580948538,166.78906210269196,5.46989733584482,5.470029245283038,0.012286079292932316,632.0,11.0
1836,87.0,107.54416723735298,107.5450988746372,432.0355290141765,432.03610525455196,166.78906210269196,166.7880347609292,5.470029245283038,5.470139844627643,0.016686706188559323,632.0,11.0
1837,87.0,107.5450988746372,107.54566595858944,432.03610525455196,432.0363496931077,166.7880347609292,166.7873129681835,5.470139844627643,5.4702198695516415,0.018753487359692966,632.0,11.0
1838,87.0,107.54566595858944,107.54537051052766,432.0363496931077,432.0361095119905,166.7873129681835,166.7872263243138,5.4702198695516415,5.470261706690331,0.014940630733129465,632.0,11.0
1839,87.0,107.54537051052766,107.54538869687067,432.0361095119905,432.0361785153899,166.7872263243138,166.78728725392907,5.470261706690331,5.470276531559662,0.011784255711972386,632.0,11.0
1840,87.0,105.84804514779134,105.84791905792164,451.0478391059413,451.04758222101543,156.67479969582047,156.6748054151496,4.740967967926394,4.741001273298517,0.02238442201019342,633.0,11.0
1841,87.0,105.8577408045712,105.85759304538094,451.6323361109818,451.63246426302794,156.4781454395216,156.47833452926093,4.72035732664346,4.720389416971702,0.021744392072485158,636.0,11.0
1842,87.0,105.85777519487502,105.85778111261591,451.63234067372304,451.6323430500338,156.47806932418607,156.47807409103575,4.72034834604502,4.720350954088749,0.0026701082286140136,637.0,11.0
1843,87.0,105.86923557973145,105.86924282262603,451.75672683117637,451.7567175416768,156.4293553914355,156.4293525353948,4.715876996698475,4.715880481627812,0.0034739781742585624,640.0,11.0
1844,87.0,105.8692342543786,105.86923764574847,451.75673087457125,451.7567368463809,156.4293546255978,156.42935155876893,4.715876693654609,4.715879201811861,0.0025756931922391257,641.0,11.0
1845,87.0,105.5826808403777,105.55974331457203,450.5588698685334,450.5308477548525,156.966409080539,156.99279045171323,4.760684431553892,4.762244435948034,0.08669476841736887,644.0,11.0
1846,87.0,105.55974331457203,105.48274188613519,450.5308477548525,450.5139646798777,156.99279045171323,157.02980486808136,4.762244435948034,4.765291096276326,0.16709570370282667,644.0,11.0
1847,87.0,105.48274188613519,105.47146652322647,450.5139646798777,450.50755361305863,157.02980486808136,157.10034245716707,4.765291096276326,4.767829564553175,0.13698589536171052,644.0,11.0
1848,87.0,105.47146652322647,105.51387190499636,450.50755361305863,450.4785572995167,157.10034245716707,157.1302909256275,4.767829564553175,4.769962145191799,0.13860447421322328,644.0,11.0
1849,87.0,105.51387190499636,105.55980322591465,450.4785572995167,450.46896848997113,157.1302909256275,157.12314465423339,4.769962145191799,4.771696210135532,0.08231670209073871,644.0,11.0
1850,87.0,105.55980322591465,105.59789852739257,450.46896848997113,450.4640149693767,157.12314465423339,157.13619654692607,4.771696210135532,4.77320058471938,0.08756644615899324,644.0,11.0
1851,87.0,105.59789852739257,105.58858203252971,450.4640149693767,450.43737441524115,157.13619654692607,157.15423206115813,4.77320058471938,4.774467846705611,0.09271289415525781,644.0,11.0
1852,87.0,105.58858203252971,105.5904136907405,450.43737441524115,450.4150747890988,157.15423206115813,157.1681804480034,4.774467846705611,4.7754947320876004,0.06514487148332557,644.0,11.0
1853,87.0,105.5904136907405,105.59593852730211,450.4150747890988,450.40689012153734,157.1681804480034,157.1873187859317,4.7754947320876004,4.776356624753263,0.05848279222938733,644.0,11.0
1854,87.0,105.59593852730211,105.58921948677168,450.40689012153734,450.41510058971636,157.1873187859317,157.20109940923368,4.776356624753263,4.777075043909057,0.03726991317653457,644.0,11.0
1855,87.0,105.58921948677168,105.59110544191451,450.41510058971636,450.4297555382424,157.20109940923368,157.20273025283853,4.777075043909057,4.777704761761156,0.04394810585414039,644.0,11.0
1856,87.0,105.59110544191451,105.58088606438544,450.4297555382424,450.435403729011,157.20273025283853,157.19985310457793,4.777704761761156,4.778233152226149,0.03597067063387388,644.0,11.0
1857,87.0,105.58088606438544,105.57622231728355,450.435403729011,450.44132302379086,157.19985310457793,157.20616614431822,4.778233152226149,4.778681616872668,0.0315035058124311,644.0,11.0
1858,87.0,105.57622231728355,105.57503876240287,450.44132302379086,450.447926122231,157.20616614431822,157.21056189404902,4.778681616872668,4.779062672651703,0.02207739340180493,644.0,11.0
1859,87.0,105.57503876240287,105.57813893258086,450.447926122231,450.4449301824412,157.21056189404902,157.21584927605483,4.779062672651703,4.779398129845991,0.03037982780806474,644.0,11.0
1860,87.0,105.57813893258086,105.57910680799723,450.4449301824412,450.44010803442154,157.21584927605483,157.2177736678321,4.779398129845991,4.7796733411005325,0.06860480052902615,644.0,11.0
1861,87.0,105.57910680799723,105.57778626196622,450.44010803442154,450.44203276550513,157.2177736678321,157.21780089256623,4.7796733411005325,4.779824264085631,0.01414607913084805,644.0,11.0
1862,87.0,105.57778626196622,105.5783945245732,450.44203276550513,450.4436299470467,157.21780089256623,157.21842910756703,4.779824264085631,4.779950884655914,0.012608743095946208,644.0,11.0
1863,87.0,105.5783945245732,105.57733706415827,450.4436299470467,450.44419245922535,157.21842910756703,157.21773007802636,4.779950884655914,4.780055468436634,0.01662607500920218,644.0,11.0
1864,87.0,105.57733706415827,105.57712494786256,450.44419245922535,450.4434506011322,157.21773007802636,157.21806984599937,4.780055468436634,4.780128925266089,0.018671439671946226,644.0,11.0
1865,87.0,105.57712494786256,105.57699482685159,450.4434506011322,450.4431935435011,157.21806984599937,157.21818687314186,4.780128925266089,4.780164318270949,0.012015593431376677,644.0,11.0
1866,87.0,105.57699482685159,105.57695955152504,450.4431935435011,450.4432540870691,157.21818687314186,157.21824232536238,4.780164318270949,4.780178631324638,0.011454165585194123,644.0,11.0
1867,87.0,105.58268225194652,105.5826880820041,450.55886787402994,450.55886401164736,156.96640859118764,156.966404803504,4.760685246202259,4.760687852334327,0.0026683075241751876,645.0,11.0
1868,87.0,124.17094245124767,124.17148974652643,467.15316020651863,467.1534131156633,136.7064412795656,136.70634568173546,5.83191877814784,5.831962146323004,0.0020672690872200975,648.0,11.0
1869,87.0,124.17148974652643,124.17283829091271,467.1534131156633,467.15426083543355,136.70634568173546,136.70603612928142,5.831962146323004,5.8320789196655385,0.02325715453996724,648.0,11.0
1870,87.0,124.17283829091271,124.17248356044595,467.15426083543355,467.15468848553826,136.70603612928142,136.70668254779167,5.8320789196655385,5.832152960157483,0.016562394150829562,648.0,11.0
1871,87.0,124.17248356044595,124.1722318405277,467.15468848553826,467.1549430913843,136.70668254779167,136.70677147102552,5.832152960157483,5.832193084210433,0.01696624073534848,648.0,11.0
1872,87.0,124.1722318405277,124.17222745277267,467.1549430913843,467.1549367829451,136.70677147102552,136.70671395337584,5.832193084210433,5.832203587225806,0.008905223812899758,648.0,11.0
1873,87.0,120.99428176222948,120.99383882033958,468.0192314970485,468.01958085611267,133.77812344779994,133.77814635439148,5.978913037573901,5.9789678979634955,0.015163480670758265,649.0,11.0
1874,87.0,120.99383882033958,120.9937296650733,468.01958085611267,468.0194809845634,133.77814635439148,133.77802118871134,5.9789678979634955,5.978992957481498,0.01789956806227332,649.0,11.0
1875,87.0,121.97308436603002,121.97402679642796,461.00442059917486,461.0037114735084,127.17222829013724,127.17100527959808,6.301957059257885,6.302051526328203,0.008575090439710917,651.0,11.0
1876,87.0,121.97402679642796,121.97525943427442,461.0037114735084,461.0018912538743,127.17100527959808,127.16805310935429,6.302051526328203,6.302261351264372,0.021395619092080095,651.0,11.0
1877,87.0,121.97525943427442,121.97435051811844,461.0018912538743,461.00206337092413,127.16805310935429,127.16540776522788,6.302261351264372,6.302433358664459,0.013558201996885233,651.0,11.0
1878,87.0,121.97435051811844,121.97397614276993,461.00206337092413,461.00036314589727,127.16540776522788,127.16392867756701,6.302433358664459,6.3025819796949065,0.014206900722033153,651.0,11.0
1879,87.0,121.97397614276993,121.97389613776764,461.00036314589727,461.00109752454654,127.16392867756701,127.1623183253977,6.3025819796949065,6.302706186661752,0.011928009273601967,651.0,11.0
1880,87.0,121.97389613776764,121.9739387677013,461.00109752454654,461.0009618950802,127.1623183253977,127.16096307041141,6.302706186661752,6.30280948843205,0.015117285136484268,651.0,11.0
1881,87.0,121.9739387677013,121.97394467524211,461.0009618950802,461.00128093774373,127.16096307041141,127.16177056214254,6.30280948843205,6.302884518122967,0.020034898262612087,651.0,11.0
1882,87.0,121.97394467524211,121.97397768193491,461.00128093774373,461.00099908926677,127.16177056214254,127.16168028581708,6.302884518122967,6.302918804479612,0.016711684476031143,651.0,11.0
1883,87.0,121.97397768193491,121.9739601507579,461.00099908926677,461.0009733180067,127.16168028581708,127.16168326608913,6.302918804479612,6.302925578082765,0.006184918839764526,651.0,11.0
1884,87.0,121.9730855931391,121.97308796977188,461.0044227817019,461.00442890278737,127.17222931386414,127.17223004208752,6.301957919367112,6.301960214497329,0.0023719076744192335,652.0,11.0
1885,87.0,105.79553016165274,105.79560565602773,451.70992038644255,451.7093223938088,156.4378181845796,156.43833415597453,4.7181315498913285,4.718183820531319,0.004724592173653077,655.0,11.0
1886,87.0,105.79560565602773,105.79572895893753,451.7093223938088,451.7074136871035,156.43833415597453,156.43897050243953,4.718183820531319,4.718319840773349,0.01359027661241236,655.0,11.0
1887,87.0,105.79572895893753,105.7944296464198,451.7074136871035,451.7071246223178,156.43897050243953,156.43819797972998,4.718319840773349,4.71843235603937,0.018307576656910022,655.0,11.0
1888,87.0,105.7944296464198,105.79405692878888,451.7071246223178,451.7079097466306,156.43819797972998,156.43785908071064,4.71843235603937,4.718511350022642,0.04494789878620831,655.0,11.0
1889,87.0,93.56102831694832,93.5610257391744,448.36586934971274,448.3658703949697,153.72260034515983,153.7225947695377,5.150786964399916,5.150789169657845,0.002284793219403588,656.0,11.0
1890,87.0,86.17347802934573,86.17287605538452,444.99154771486747,444.9918652263974,152.38962399552983,152.3893915902032,5.425321467675792,5.425370435173,0.003014431689664732,657.0,11.0
1891,87.0,86.17287605538452,86.17145649324128,444.9918652263974,444.992972305115,152.3893915902032,152.3889747123376,5.425370435173,5.425498371694144,0.015949027471018434,657.0,11.0
1892,87.0,86.17145649324128,86.17140646391576,444.992972305115,444.99313924482965,152.3889747123376,152.38768585948498,5.425498371694144,5.425598340411824,0.015928583174567,657.0,11.0
1893,87.0,86.17140646391576,86.17158753734108,444.99313924482965,444.9936223089795,152.38768585948498,152.38709596137795,5.425598340411824,5.42566801855713,0.020857207429050617,657.0,11.0
1894,87.0,86.17158753734108,86.17172464538183,444.9936223089795,444.9937910420307,152.38709596137795,152.38714592856303,5.42566801855713,5.425695782604872,0.01940539444760643,657.0,11.0
1895,87.0,87.58496487112842,87.58521724570026,437.37645044417025,437.3752028709056,155.26702434203804,155.26693564264957,5.700935531311038,5.701034163030327,0.015036393750210883,660.0,11.0
1896,87.0,87.58521724570026,87.58464043222493,437.3752028709056,437.3746667583632,155.26693564264957,155.26697417129944,5.701034163030327,5.701104147882875,0.01168715120685215,660.0,11.0
1897,87.0,87.58464043222493,87.58434318340241,437.3746667583632,437.3748499231955,155.26697417129944,155.26724679747764,5.701104147882875,5.701150051543342,0.014227723000030489,660.0,11.0
1898,87.0,87.58434318340241,87.58431875743813,437.3748499231955,437.3748864873627,155.26724679747764,155.2671199258628,5.701150051543342,5.701169251111259,0.0144992338406851,660.0,11.0
1899,87.0,87.57396689456323,87.57401193944986,437.62978953637077,437.62987686217105,155.59080446239312,155.59104522900387,5.714615798163957,5.714646847353257,0.02118964885551451,662.0,11.0
1900,87.0,88.21717436310875,88.21681754255312,441.28137566479126,441.28223186678605,152.9305672860776,152.93017372151797,5.8668236195127506,5.866886361339956,0.004071348078044775,663.0,11.0
1901,87.0,88.21681754255312,88.21563316986715,441.28223186678605,441.284393577213,152.93017372151797,152.92971900166685,5.866886361339956,5.867045138346388,0.06437046303747794,663.0,11.0
1902,87.0,88.21563316986715,88.21528378341488,441.284393577213,441.2844586689072,152.92971900166685,152.92963595009851,5.867045138346388,5.867084947187014,0.024297142215886566,663.0,11.0
1903,87.0,88.21528378341488,88.21528563456826,441.2844586689072,441.2844566061476,152.92963595009851,152.92963711047148,5.867084947187014,5.8670862960656756,0.0014164699593444824,663.0,11.0
1904,87.0,88.21717198512107,88.21716515240708,441.2813748248785,441.28137241154246,152.93056765812543,152.93056872713697,5.866824452879856,5.866826915949309,0.002532844869905362,664.0,11.0
1905,87.0,106.56242677042044,106.56257921719089,453.45010144576037,453.4502115990184,155.88137968992024,155.8819546095562,4.653791302415761,4.653849005365851,0.027972588790605667,667.0,11.0
1906,87.0,106.56257921719089,106.56260215306267,453.4502115990184,453.4501965644987,155.8819546095562,155.88193504729105,4.653849005365851,4.653856138713491,0.0064602065657999065,667.0,11.0
1907,87.0,106.2305463580196,106.22957855828247,453.222032041174,453.2215463937329,155.84605124576143,155.84576705707275,4.66727287961298,4.667362817619268,0.015464119326379727,669.0,11.0
1908,87.0,106.22957855828247,106.22998646536146,453.2215463937329,453.22107604730473,155.84576705707275,155.84567736690443,4.667362817619268,4.667422194341829,0.01361906586371131,669.0,11.0
1909,87.0,106.22998646536146,106.23018462231434,453.22107604730473,453.221249557789,155.84567736690443,155.84562095829443,4.667422194341829,4.667454052197668,0.017673997706583622,669.0,11.0
1910,87.0,106.23018462231434,106.2301794007833,453.221249557789,453.22123764131254,155.84562095829443,155.84561366781173,4.667454052197668,4.667458077687055,0.003947212579630398,669.0,11.0
1911,87.0,106.23081445307828,106.23080794622142,453.2221904109118,453.2221941164228,155.8462475082638,155.8462497154881,4.66724425641416,4.667246829446984,0.0026370917775335396,670.0,11.0
1912,87.0,106.62619644653428,106.6262887993286,452.65423510521293,452.6545822615577,158.05082188844807,158.05121200517522,4.744330446868626,4.744382842548622,0.017022780134359365,673.0,11.0
1913,87.0,106.6262887993286,106.62639543715329,452.6545822615577,452.65464569920294,158.05121200517522,158.0512768430926,4.744382842548622,4.7444026311399,0.014852268142234448,673.0,11.0
1914,87.0,106.5912506101354,106.59124865438908,452.3517047585598,452.35170666284705,158.0403129531479,158.04031168620295,4.754475909066937,4.754477259344369,0.001417956953954673,674.0,11.0
1915,87.0,107.11412088765402,107.11411784283862,449.10090455730585,449.1008047678747,158.48193947348884,158.48185109800977,4.865287695907143,4.865301552668976,0.0012807499017361505,675.0,11.0
1916,87.0,107.11411784283862,107.11399477971402,449.1008047678747,449.1006406146611,158.48185109800977,158.48150259273726,4.865301552668976,4.865344481483223,0.022495124384584834,675.0,11.0
1917,87.0,107.11399477971402,107.11400597182038,449.1006406146611,449.1006546778417,158.48150259273726,158.48151211324534,4.865344481483223,4.86534948142152,0.0047701081353265715,675.0,11.0
1918,87.0,110.02514309717822,110.02522808413937,453.0215654992359,453.0215717221803,165.23214723130872,165.2321465382068,5.1431945786295135,5.143208412162754,0.011142030024692414,677.0,11.0
1919,87.0,109.37253219712629,109.37251390029303,453.1262487894534,453.1262404978335,165.6409866295903,165.64097962124845,5.16914655245159,5.169150237634346,0.0010577125763967406,682.0,11.0
1920,87.0,109.37251390029303,109.37246665695605,453.1262404978335,453.12621358942033,165.64097962124845,165.64096777611834,5.169150237634346,5.169160430263559,0.008689374739682834,682.0,11.0
1921,87.0,110.71117323871485,110.71091889284494,456.89122067122173,456.89178241228166,167.53039895456422,167.53023150094245,5.316583588233623,5.316628171684472,0.0019690762554595825,683.0,11.0
1922,87.0,110.71091889284494,110.7098814167417,456.89178241228166,456.89313182838407,167.53023150094245,167.5299152877447,5.316628171684472,5.316750379699173,0.04039325824794885,683.0,11.0
1923,87.0,110.7098814167417,110.70965502260799,456.89313182838407,456.8934773199759,167.5299152877447,167.52977898306443,5.316750379699173,5.316795671400129,0.028427341454546666,683.0,11.0
1924,87.0,110.71013009897872,110.71012726336104,456.8862569413415,456.88625826022417,167.53461654784104,167.53460949722762,5.316804447706781,5.31680699956084,0.00261708,686.0,11.0
1925,87.0,107.77645883698676,107.77644727167115,455.25175084861866,455.25175344993403,153.90478296625938,153.90478227509672,4.563717235267145,4.563720670926197,0.0034300990165542257,691.0,11.0
1926,87.0,107.77646113254778,107.77645573021945,455.25174831360636,455.2517435092092,153.90478387258128,153.90478395775392,4.5637168933632015,4.563719334573503,0.00251201648893525,692.0,11.0
1927,87.0,100.82807768167065,100.82785383999455,451.72333175072225,451.7231201278437,150.1240150210799,150.12395302888416,4.849141280312333,4.849167541165958,0.0012859386232811024,696.0,11.0
1928,87.0,100.82785383999455,100.82744628049369,451.7231201278437,451.722460240688,150.12395302888416,150.12384329741923,4.849167541165958,4.849233822860304,0.005423251768650284,696.0,11.0
1929,87.0,100.82744628049369,100.82711686139783,451.722460240688,451.72216233268125,150.12384329741923,150.1242140268313,4.849233822860304,4.849289672832244,0.013211838067063577,696.0,11.0
1930,87.0,100.82711686139783,100.82691986329544,451.72216233268125,451.7221588911275,150.1242140268313,150.12407370653582,4.849289672832244,4.849319124303099,0.020327965952626415,696.0,11.0
1931,87.0,101.45195881315504,101.45191379977298,452.27101950288034,452.27168868370654,150.44843842804772,150.4478965093023,4.878872304637354,4.878928005535247,0.003964661906855385,699.0,11.0
1932,87.0,101.45191379977298,101.4510622324975,452.27168868370654,452.2733663504503,150.4478965093023,150.44676767972138,4.878928005535247,4.879072430020431,0.018584326827705316,699.0,11.0
1933,87.0,101.4510622324975,101.45071942115143,452.2733663504503,452.27463717224873,150.44676767972138,150.44755873739263,4.879072430020431,4.879184773631572,0.0631576362881308,699.0,11.0
1934,87.0,101.45455587334231,101.4545543367146,452.26514660306657,452.26515268438044,150.45256387659512,150.45256765620258,4.879127756457333,4.87913021915049,0.0025324866265607738,702.0,11.0
1935,87.0,100.82717060319916,100.82716777259614,451.72249593991364,451.7224900468953,150.12586554136533,150.12586091813128,4.849302789678986,4.849305407924316,0.0026797137563328846,705.0,11.0
1936,87.0,100.82716975307213,100.82716530259853,451.72249852473476,451.7224978052683,150.12586413420715,150.12585721313715,4.849302836391404,4.849305511129845,0.0027327887840526166,706.0,11.0
1937,87.0,101.16541874559614,101.16262066142498,446.04579204208187,446.0429113292498,162.09190962601832,162.1011866302989,5.022659615385334,5.023060599662119,0.016076545811994844,708.0,11.0
1938,87.0,101.16262066142498,101.16146556922408,446.0429113292498,446.04596714609227,162.1011866302989,162.12272636296717,5.023060599662119,5.023931093028072,0.03853610713185669,708.0,11.0
1939,87.0,101.16146556922408,101.17486074683941,446.04596714609227,446.04879005945503,162.12272636296717,162.13593793277647,5.023931093028072,5.02470632415883,0.04610567694194456,708.0,11.0
1940,87.0,101.17486074683941,101.18768782513017,446.04879005945503,446.0506875270594,162.13593793277647,162.12683971955363,5.02470632415883,5.025370404042547,0.0949762469457745,708.0,11.0
1941,87.0,101.18768782513017,101.19312286401622,446.0506875270594,446.04290831277706,162.12683971955363,162.12929049135764,5.025370404042547,5.025817778959643,0.034858065003420764,708.0,11.0
1942,87.0,101.19312286401622,101.19205487239046,446.04290831277706,446.0353690079196,162.12929049135764,162.13101162683466,5.025817778959643,5.026190771075342,0.0413456977360983,708.0,11.0
1943,87.0,101.19205487239046,101.1955185489074,446.0353690079196,446.03117714101364,162.13101162683466,162.12952452845303,5.026190771075342,5.026480093538072,0.02278538233421313,708.0,11.0
1944,87.0,101.1955185489074,101.199283198404,446.03117714101364,446.03084343975087,162.12952452845303,162.12699692051467,5.026480093538072,5.026725735640559,0.02233598050043065,708.0,11.0
1945,87.0,101.199283198404,101.19715421990936,446.03084343975087,446.0310709800956,162.12699692051467,162.12415503225742,5.026725735640559,5.026930387307873,0.02275821055594689,708.0,11.0
1946,87.0,101.19715421990936,101.19881116195232,446.0310709800956,446.0329789810838,162.12415503225742,162.12491050804627,5.026930387307873,5.027095062273197,0.04269647971843111,708.0,11.0
1947,87.0,101.19881116195232,101.19918333310284,446.0329789810838,446.03204921809095,162.12491050804627,162.12541831554168,5.027095062273197,5.027185192461932,0.021936552599225445,708.0,11.0
1948,87.0,101.19918333310284,101.1990416374866,446.03204921809095,446.0322181559387,162.12541831554168,162.12502964630744,5.027185192461932,5.027231391217489,0.018766023956900538,708.0,11.0
1949,87.0,101.1990416374866,101.19901218624352,446.0322181559387,446.0322229853047,162.12502964630744,162.12509523777376,5.027231391217489,5.027243656446646,0.010105236237997826,708.0,11.0
1950,87.0,114.3504953910794,114.35137313487628,442.4188705985186,442.4175265128853,184.39038807423694,184.3914449183764,5.895185087607811,5.895289282457843,0.00295306984681714,710.0,11.0
1951,87.0,114.35137313487628,114.35177755487925,442.4175265128853,442.4157183795871,184.3914449183764,184.39537939795144,5.895289282457843,5.895526844970766,0.017361663730031892,710.0,11.0
1952,87.0,114.35177755487925,114.34850935053187,442.4157183795871,442.4169983329384,184.39537939795144,184.39611295115705,5.895526844970766,5.8957326624535025,0.017289521191210005,710.0,11.0
1953,87.0,114.34850935053187,114.34927657371352,442.4169983329384,442.41907292454954,184.39611295115705,184.39795191993102,5.8957326624535025,5.89590793639983,0.01690472575285924,710.0,11.0
1954,87.0,114.34927657371352,114.34997134006592,442.41907292454954,442.4180563179959,184.39795191993102,184.39981122647328,5.89590793639983,5.896054037214373,0.017896483343027066,710.0,11.0
1955,87.0,114.34997134006592,114.34925246543871,442.4180563179959,442.4170341776733,184.39981122647328,184.40079871411518,5.896054037214373,5.896169292891324,0.011623919630599668,710.0,11.0
1956,87.0,114.34925246543871,114.34851507365428,442.4170341776733,442.4173706802145,184.40079871411518,184.4016854150245,5.896169292891324,5.896263826774475,0.011819349455013152,710.0,11.0
1957,87.0,114.34851507365428,114.34830314673226,442.4173706802145,442.41661029982095,184.4016854150245,184.40190322797497,5.896263826774475,5.89633575472859,0.015075810547575496,710.0,11.0
1958,87.0,114.34830314673226,114.34848720580547,442.41661029982095,442.41628639917525,184.40190322797497,184.4018296741037,5.89633575472859,5.896376741276251,0.018845473289462168,710.0,11.0
1959,87.0,114.34848720580547,114.34846390626163,442.41628639917525,442.4162948070214,184.4018296741037,184.40186472262465,5.896376741276251,5.896385212724943,0.0074565702936388485,710.0,11.0
1960,87.0,113.00178474564727,113.0013171203095,447.9349490923869,447.93589812059025,189.66272481886148,189.66268425335687,6.153656750843465,6.153722073529108,0.0038828151902045955,711.0,11.0
1961,87.0,113.0013171203095,113.00059537783552,447.93589812059025,447.9383780922274,189.66268425335687,189.66238049829124,6.153722073529108,6.1538850950172925,0.012939046393616769,711.0,11.0
1962,87.0,113.00059537783552,112.99891532153558,447.9383780922274,447.93910089353665,189.66238049829124,189.66131661845185,6.1538850950172925,6.154025853782722,0.016443327230323573,711.0,11.0
1963,87.0,112.99891532153558,112.99868472270366,447.93910089353665,447.93883248577595,189.66131661845185,189.66281117991053,6.154025853782722,6.154138208302286,0.019763900373760204,711.0,11.0
1964,87.0,112.99868472270366,112.99780527064118,447.93883248577595,447.93880348172627,189.66281117991053,189.66273506782073,6.154138208302286,6.154214165328916,0.015011799398158597,711.0,11.0
1965,87.0,112.99780527064118,112.99747228267263,447.93880348172627,447.93863024605554,189.66273506782073,189.66251735453824,6.154214165328916,6.154259377064896,0.013453502212439595,711.0,11.0
1966,87.0,112.99747228267263,112.99738096118631,447.93863024605554,447.9387137431037,189.66251735453824,189.66244902716136,6.154259377064896,6.1542793037547865,0.0149346510055394,711.0,11.0
1967,87.0,114.79552199092795,114.7955188151168,447.27812168026395,447.27810367538984,190.56528328680284,190.56529516668147,6.2241306975233925,6.22413594736257,0.004975263027159134,714.0,11.0
1968,87.0,116.37446498666179,116.37461914176095,447.20017300067076,447.20039332322494,190.69285795922934,190.69293318895626,6.277055541519769,6.277088248906596,0.020097066702645706,715.0,11.0
1969,87.0,116.37461914176095,116.37461574798412,447.20039332322494,447.20039522210783,190.69293318895626,190.69293010188534,6.277088248906596,6.277090139019066,0.001973155858651949,715.0,11.0
1970,87.0,117.28086428152737,117.28092883169317,446.3978778023985,446.39778780308404,189.6828740930153,189.68291079954048,6.329634725949762,6.329652072064548,0.013369575436807384,716.0,11.0
1971,87.0,120.03166606095752,120.03171143290406,449.46201310665066,449.46202188132264,170.16600046582244,170.16596867051862,6.994976326702359,6.994986578144712,0.00873038677535336,718.0,11.0
1972,87.0,119.74037644522654,119.74017995064928,449.6979389519429,449.69781537748725,169.7077521867808,169.70756838000995,7.014729756890026,7.0147638993409105,0.01857682111278029,719.0,11.0
1973,87.0,119.74017995064928,119.74019168250568,449.69781537748725,449.69782265947896,169.70756838000995,169.7075779407739,7.0147638993409105,7.014768272684459,0.004244895007552978,719.0,11.0
1974,87.0,119.74044801503707,119.74044834276569,449.69797352858103,449.69798007469524,169.70780588624515,169.70780889402678,7.014719643470015,7.0147220803724855,0.00250790942369918,720.0,11.0
1975,87.0,120.95117531687053,120.95117660429908,450.431425112339,450.43142341513595,170.13349862097996,170.13349967500665,7.064026152681758,7.064027307504188,0.0012084363285541147,725.0,11.0
1976,87.0,121.25454420575852,121.25542469483673,450.7462149619365,450.745677866356,170.1400619775258,170.13968270087776,7.078610141297535,7.078677924830142,0.0030980738544964504,726.0,11.0
1977,87.0,121.25542469483673,121.25692760629481,450.745677866356,450.74409843061113,170.13968270087776,170.1382062496156,7.078677924830142,7.078842401057464,0.020680875053385974,726.0,11.0
1978,87.0,121.25692760629481,121.25786889230429,450.74409843061113,450.7445357244145,170.1382062496156,170.13665318594772,7.078842401057464,7.078971314957021,0.023220880287095038,726.0,11.0
1979,87.0,121.25786889230429,121.25825612106982,450.7445357244145,450.7436226441596,170.13665318594772,170.13708005401529,7.078971314957021,7.079058980790241,0.014812155824576786,726.0,11.0
1980,87.0,121.25825612106982,121.25877458417042,450.7436226441596,450.7438659163242,170.13708005401529,170.13686395083147,7.079058980790241,7.079117186575821,0.01708705897575179,726.0,11.0
1981,87.0,121.25877458417042,121.25870523628274,450.7438659163242,450.7438280587574,170.13686395083147,170.13703449028088,7.079117186575821,7.079141694259535,0.01758820802979134,726.0,11.0
1982,87.0,121.25454372416979,121.25454293708522,450.746212959489,450.74620641331103,170.1400630165063,170.14006627433557,7.0786109048286034,7.0786133746817,0.002539301224408504,727.0,11.0
1983,87.0,103.7953694931734,103.79442234899525,450.17045608485853,450.17029337195015,159.10288296865937,159.103125825736,4.83234678585923,4.832409161528058,0.005499463007560031,731.0,11.0
1984,87.0,103.79442234899525,103.7920874796968,450.17029337195015,450.17024952242673,159.103125825736,159.10344595565869,4.832409161528058,4.832561131040741,0.011532003292687784,731.0,11.0
1985,87.0,103.7920874796968,103.79024213334625,450.17024952242673,450.1696732464784,159.10344595565869,159.1035322758583,4.832561131040741,4.832693293309182,0.025660749707166346,731.0,11.0
1986,87.0,103.79024213334625,103.78961354925016,450.1696732464784,450.1705157009592,159.1035322758583,159.10368291698518,4.832693293309182,4.832779925870249,0.009755785578684567,731.0,11.0
1987,87.0,103.78961354925016,103.78890594238472,450.1705157009592,450.1707428486734,159.10368291698518,159.1035834034288,4.832779925870249,4.832847409105639,0.015675571926679226,731.0,11.0
1988,87.0,103.78890594238472,103.78902228693639,450.1707428486734,450.17060035203895,159.1035834034288,159.10333162549958,4.832847409105639,4.832882872855301,0.01961998196034693,731.0,11.0
1989,87.0,103.78902228693639,103.78902961281293,450.17060035203895,450.17058989791883,159.10333162549958,159.10333858665638,4.832882872855301,4.832886827818812,0.0038862567322303296,731.0,11.0
1990,87.0,105.77449747202272,105.77467827369257,449.50216650276235,449.5019005643952,160.82761804483516,160.82809067053307,4.9227067664233894,4.922747931317189,0.0022130827860916418,732.0,11.0
1991,87.0,105.77467827369257,105.77495229503043,449.5019005643952,449.5011622469543,160.82809067053307,160.82941776311992,4.922747931317189,4.922860659785503,0.013832615466241238,732.0,11.0
1992,87.0,105.77495229503043,105.77591200100069,449.5011622469543,449.50139018511453,160.82941776311992,160.82986149862657,4.922860659785503,4.922948432485048,0.020582088997121273,732.0,11.0
1993,87.0,105.77591200100069,105.77585870500386,449.50139018511453,449.5009577771345,160.82986149862657,160.82975166793693,4.922948432485048,4.922994817591144,0.020854448692351684,732.0,11.0
1994,87.0,105.77585870500386,105.77586629632722,449.5009577771345,449.50100637217736,160.82975166793693,160.82975689353722,4.922994817591144,4.923004189031151,0.008107881485584969,732.0,11.0
1995,87.0,106.57316460032675,106.57209559821081,464.3283026248704,464.3297123360029,158.86008835925898,158.86001493639375,5.422299993981256,5.422398143900565,0.016267263686469278,733.0,11.0
1996,87.0,106.57209559821081,106.56979574985675,464.3297123360029,464.3322061766621,158.86001493639375,158.86027185729543,5.422398143900565,5.422596165624376,0.01856649770151065,733.0,11.0
1997,87.0,106.56979574985675,106.57082572013937,464.3322061766621,464.33380068239086,158.86027185729543,158.85841388987123,5.422596165624376,5.422761674108361,0.01524514161627397,733.0,11.0
1998,87.0,106.57082572013937,106.5714818581799,464.33380068239086,464.3353770120858,158.85841388987123,158.8572183817104,5.422761674108361,5.422900947739926,0.02583310212322219,733.0,11.0
1999,87.0,106.5714818581799,106.57114256081783,464.3353770120858,464.3358847814469,158.8572183817104,158.85824186493926,5.422900947739926,5.422994953481114,0.034034356373225605,733.0,11.0
2000,87.0,106.57114256081783,106.57095734197101,464.3358847814469,464.3358796070932,158.85824186493926,158.85834601519952,5.422994953481114,5.423021756883379,0.018874362336626607,733.0,11.0
2001,87.0,106.57316744570171,106.57317578299822,464.32830207797804,464.32830060429404,158.8600883037613,158.86008552413034,5.422300902717123,5.422303720752458,0.0028665914932555383,734.0,11.0
2002,87.0,101.87624948230847,101.87456127366445,446.7839292989506,446.7846732407862,160.7328282721842,160.73386113111022,4.969434484398955,4.969547359308723,0.005492314045788684,736.0,11.0
2003,87.0,101.87456127366445,101.87139883101013,446.7846732407862,446.7862271175883,160.73386113111022,160.73668981198438,4.969547359308723,4.969791852528399,0.01504622685824176,736.0,11.0
2004,87.0,101.87139883101013,101.86822344828325,446.7862271175883,446.7841855264607,160.73668981198438,160.73595987909,4.969791852528399,4.9700085655800565,0.01878104078307681,736.0,11.0
2005,87.0,101.86822344828325,101.8663227482074,446.7841855264607,446.78213755264125,160.73595987909,160.7372018245356,4.9700085655800565,4.9701917582792685,0.025362976645913908,736.0,11.0
2006,87.0,101.8663227482074,101.86524296280274,446.78213755264125,446.7810839586356,160.7372018245356,160.73864290246286,4.9701917582792685,4.9703311239784425,0.011675081805997701,736.0,11.0
2007,87.0,101.86524296280274,101.86513714332071,446.7810839586356,446.779624473921,160.73864290246286,160.7394520008375,4.9703311239784425,4.970450384153173,0.0282336240048784,736.0,11.0
2008,87.0,101.86513714332071,101.86492299233895,446.779624473921,446.7796557240822,160.7394520008375,160.74016028805244,4.970450384153173,4.970517265990593,0.014535675425810033,736.0,11.0
2009,87.0,101.86492299233895,101.86512053696998,446.7796557240822,446.7798000406814,160.74016028805244,160.73993623473413,4.970517265990593,4.9705543781924515,0.02039435351727113,736.0,11.0
2010,87.0,101.86512053696998,101.86511452796499,446.7798000406814,446.7798017641759,160.73993623473413,160.73994983969348,4.9705543781924515,4.970558414725662,0.003956738238893347,736.0,11.0
2011,87.0,101.87624721599452,101.87624188212668,446.78392995904426,446.78393489733924,160.73282886344666,160.732829313298,4.9694352798964205,4.969437733278405,0.0025236187375123178,737.0,11.0
2012,87.0,102.63055759559752,102.57636864872987,451.05403372381033,451.0145905337652,157.7808300460593,157.81623873030168,4.811889021138607,4.814474503004554,0.47116317004145397,740.0,11.0
2013,87.0,102.57636864872987,102.5023632567079,451.0145905337652,450.9417826643815,157.81623873030168,157.86262203157702,4.814474503004554,4.818400895210898,0.21302698517248406,740.0,11.0
2014,87.0,102.5023632567079,102.42070108564636,450.9417826643815,450.90244671832414,157.86262203157702,157.8853162674091,4.818400895210898,4.821657506491457,0.18778763732696496,740.0,11.0
2015,87.0,102.42070108564636,102.39002037493756,450.90244671832414,450.8551175165677,157.8853162674091,157.83435128600235,4.821657506491457,4.82433816221539,0.16628408361763808,740.0,11.0
2016,87.0,102.39002037493756,102.32945712991211,450.8551175165677,450.861403024852,157.83435128600235,157.83871037815413,4.82433816221539,4.826523140521039,0.14773344151890994,740.0,11.0
2017,87.0,102.32945712991211,102.2871960783948,450.861403024852,450.84661571906037,157.83871037815413,157.82084110725725,4.826523140521039,4.828281992296002,0.09574825822798744,740.0,11.0
2018,87.0,102.2871960783948,102.26277119062384,450.84661571906037,450.8156229806638,157.82084110725725,157.82845548313156,4.828281992296002,4.829773527531989,0.08372713771625907,740.0,11.0
2019,87.0,102.26277119062384,102.24292580886738,450.8156229806638,450.79372366980726,157.82845548313156,157.81283508747313,4.829773527531989,4.831038590248186,0.08354807165063745,740.0,11.0
2020,87.0,102.24292580886738,102.23109421337888,450.79372366980726,450.7727160658284,157.81283508747313,157.8249851023517,4.831038590248186,4.83208693893591,0.04937313368386481,740.0,11.0
2021,87.0,102.23109421337888,102.23751586696893,450.7727160658284,450.7656246730277,157.8249851023517,157.8462300991251,4.83208693893591,4.833009311582876,0.1657435789845113,740.0,11.0
2022,87.0,102.23751586696893,102.23931870534601,450.7656246730277,450.76625230939,157.8462300991251,157.8579805755869,4.833009311582876,4.833533334079925,0.03752533636699349,740.0,11.0
2023,87.0,102.23931870534601,102.23876514401489,450.76625230939,450.7714062561007,157.8579805755869,157.86609034302873,4.833533334079925,4.833974210417445,0.07783009936086589,740.0,11.0
2024,87.0,102.23876514401489,102.23733122604057,450.7714062561007,450.7765206796077,157.86609034302873,157.86506260439862,4.833974210417445,4.83425454006059,0.040114869967147,740.0,11.0
2025,87.0,102.23733122604057,102.23644248634099,450.7765206796077,450.77935384715045,157.86506260439862,157.8630719398285,4.83425454006059,4.834459896360644,0.025617918575452935,740.0,11.0
2026,87.0,102.23644248634099,102.23798248754693,450.77935384715045,450.78031510453377,157.8630719398285,157.86129137667547,4.834459896360644,4.834620315701108,0.012698468900328759,740.0,11.0
2027,87.0,102.23798248754693,102.23896208645034,450.78031510453377,450.78196897469405,157.86129137667547,157.86052398705974,4.834620315701108,4.834758897590963,0.015872088281517784,740.0,11.0
2028,87.0,102.23896208645034,102.2395592041836,450.78196897469405,450.78262371743676,157.86052398705974,157.8592987703747,4.834758897590963,4.8348700273814815,0.030347785428760696,740.0,11.0
2029,87.0,102.2395592041836,102.23906005329114,450.78262371743676,450.7826140441822,157.8592987703747,157.8591001630934,4.8348700273814815,4.834922928524957,0.011420085217681876,740.0,11.0
2030,87.0,102.23906005329114,102.23927303318041,450.7826140441822,450.78249134107665,157.8591001630934,157.8590565869892,4.834922928524957,4.834953064881154,0.02069873335423803,740.0,11.0
2031,87.0,104.10280101393091,104.10281989990867,454.73637111229726,454.7363722492804,153.65083128854275,153.65083580176866,5.002880352140725,5.002885198053798,0.004642688163360387,743.0,11.0
2032,87.0,103.83949869868056,103.83952803718853,456.72991989216763,456.72991261909294,151.91152861914532,151.91153290894584,5.091565963253896,5.09157261698564,0.006092131021807214,745.0,11.0
2033,87.0,100.57984688131961,100.57956021854194,461.83241711532753,461.8333931018008,147.31122716112793,147.31048528327926,5.345211911664499,5.345287010316299,0.0034718211117677426,746.0,11.0
2034,87.0,100.57956021854194,100.5793019394851,461.8333931018008,461.8359789281967,147.31048528327926,147.30905222098016,5.345287010316299,5.345466278970929,0.023041228688676432,746.0,11.0
2035,87.0,100.5793019394851,100.58025487904784,461.8359789281967,461.83752273577164,147.30905222098016,147.30801629494016,5.345466278970929,5.3456057789632565,0.009763247202213074,746.0,11.0
2036,87.0,100.58025487904784,100.57985933712385,461.83752273577164,461.8380236472077,147.30801629494016,147.306396090471,5.3456057789632565,5.345728488569402,0.015958760774531774,746.0,11.0
2037,87.0,100.57985933712385,100.5807367823011,461.8380236472077,461.8385667920173,147.306396090471,147.30578396062916,5.345728488569402,5.345822939249965,0.009285592597436,746.0,11.0
2038,87.0,100.5807367823011,100.5810819049925,461.8385667920173,461.83776527065965,147.30578396062916,147.30557160470806,5.345822939249965,5.3458998153441355,0.014497540877813504,746.0,11.0
2039,87.0,100.5810819049925,100.58066207469378,461.83776527065965,461.83764676153686,147.30557160470806,147.3057185377248,5.3458998153441355,5.345947033213799,0.01635339928422416,746.0,11.0
2040,87.0,100.58066207469378,100.58058928554702,461.83764676153686,461.83761849208696,147.3057185377248,147.30579796822332,5.345947033213799,5.345963807766561,0.013015190050966272,746.0,11.0
2041,87.0,101.32983179853339,101.3305091278726,461.0296107748592,461.0294586192398,148.0667811651261,148.0667219953162,5.389702310530146,5.389766286614346,0.01922182017292334,748.0,11.0
2042,87.0,101.3305091278726,101.33066087247303,461.0294586192398,461.02936752350706,148.0667219953162,148.06681595601847,5.389766286614346,5.389791963538923,0.018246275888352082,748.0,11.0
2043,87.0,97.074716132174,97.07400341531745,460.8049456246337,460.8045218449282,146.052789255811,146.05277856722344,5.546885648638586,5.546940330541605,0.007448852276976727,750.0,11.0
2044,87.0,97.07400341531745,97.07216715688917,460.8045218449282,460.8042607498957,146.05277856722344,146.05324072640562,5.546940330541605,5.547071349688052,0.012157006142466807,750.0,11.0
2045,87.0,97.07216715688917,97.07146241514907,460.8042607498957,460.8029497102436,146.05324072640562,146.0532218567626,5.547071349688052,5.547181263800674,0.023309055194493174,750.0,11.0
2046,87.0,97.07146241514907,97.07203387705087,460.8029497102436,460.80329997987457,146.0532218567626,146.05293883268513,5.547181263800674,5.5472472880797365,0.027817253052446634,750.0,11.0
2047,87.0,97.07203387705087,97.07195944628735,460.80329997987457,460.8032777233836,146.05293883268513,146.05292531608137,5.5472472880797365,5.547260371996284,0.01064969009185458,750.0,11.0
2048,87.0,97.07471660306275,97.07471908258928,460.8049443449378,460.804941877486,146.05279167823707,146.05279849313163,5.546886532531597,5.546889072381514,0.0026057237373553555,751.0,11.0
2049,87.0,100.4125746657913,100.40856056960797,448.20554649389135,448.20202853517156,158.54371880134642,158.54544560257506,4.929387314413954,4.929574715003853,0.0078232783822912,754.0,11.0
2050,87.0,100.40856056960797,99.79095707810356,448.20202853517156,447.6894981331085,158.54544560257506,158.81592950421458,4.929574715003853,4.957866917912778,1.6832176503559406,754.0,11.0
2051,87.0,99.79095707810356,99.54263837604624,447.6894981331085,447.77416648876834,158.81592950421458,158.9096514745416,4.957866917912778,4.967190955402629,0.527801017273257,754.0,11.0
2052,87.0,99.54263837604624,99.12026781394617,447.77416648876834,447.7753615754715,158.9096514745416,158.98447899832257,4.967190955402629,4.981572931495129,0.7624844574052425,754.0,11.0
2053,87.0,99.12026781394617,99.00091238423624,447.7753615754715,447.8691973643877,158.98447899832257,159.02715307234945,4.981572931495129,4.986871253659007,0.271437868966519,754.0,11.0
2054,87.0,99.00091238423624,98.73706839081588,447.8691973643877,448.01108451215384,159.02715307234945,159.1003189642788,4.986871253659007,4.997247194416757,0.7306256544595574,754.0,11.0
2055,87.0,98.73706839081588,98.59293417704956,448.01108451215384,447.83111160098224,159.1003189642788,159.0673289416538,4.997247194416757,5.00511968471841,0.5127908368174658,754.0,11.0
2056,87.0,98.59293417704956,98.60721960158321,447.83111160098224,447.6508946241876,159.0673289416538,159.06287895753772,5.00511968471841,5.011266556661959,0.33909722441820367,754.0,11.0
2057,87.0,98.60721960158321,98.6295446939966,447.6508946241876,447.5108717379227,159.06287895753772,159.10172211289063,5.011266556661959,5.016294228310891,0.275784823365191,754.0,11.0
2058,87.0,98.6295446939966,98.73950320391933,447.5108717379227,447.46844537472344,159.10172211289063,159.07898651085964,5.016294228310891,5.020429713889582,0.20607166494275725,754.0,11.0
2059,87.0,98.73950320391933,98.82261239204084,447.46844537472344,447.4133983251512,159.07898651085964,159.08986435645292,5.020429713889582,5.023912302607612,0.2024208005038605,754.0,11.0
2060,87.0,98.82261239204084,98.90303901592377,447.4133983251512,447.4176676277584,159.08986435645292,159.07856028768657,5.023912302607612,5.026768584529844,0.2792720434845941,754.0,11.0
2061,87.0,98.90303901592377,98.91399054400135,447.4176676277584,447.3625688292365,159.07856028768657,159.0798148575402,5.026768584529844,5.028792622426524,0.10233864522480166,754.0,11.0
2062,87.0,98.91399054400135,98.91179714544845,447.3625688292365,447.3440610781014,159.0798148575402,159.06590500912654,5.028792622426524,5.029642420816142,0.05013652165240603,754.0,11.0
2063,87.0,98.91179714544845,98.89090259982906,447.3440610781014,447.31854625954793,159.06590500912654,159.05975524990689,5.029642420816142,5.030911492794801,0.08084313757971107,754.0,11.0
2064,87.0,98.89090259982906,98.88396515120486,447.31854625954793,447.29327726580897,159.05975524990689,159.06748107015147,5.030911492794801,5.031970711130259,0.055507196182887374,754.0,11.0
2065,87.0,98.88396515120486,98.88047033385922,447.29327726580897,447.27581483926906,159.06748107015147,159.0822844888503,5.031970711130259,5.032888235291452,0.06596224227167474,754.0,11.0
2066,87.0,98.88047033385922,98.8728000252354,447.27581483926906,447.2716129824039,159.0822844888503,159.0660795220636,5.032888235291452,5.033642278134334,0.04700995609222815,754.0,11.0
2067,87.0,98.8728000252354,98.86019148110617,447.2716129824039,447.27459112269554,159.0660795220636,159.05813703182992,5.033642278134334,5.034283678010247,0.04517231062581133,754.0,11.0
2068,87.0,98.86019148110617,98.85490986876299,447.27459112269554,447.28442127431083,159.05813703182992,159.05305683639466,5.034283678010247,5.034820551252283,0.03324307220802826,754.0,11.0
2069,87.0,98.85490986876299,98.84628640093855,447.28442127431083,447.28905253291606,159.05305683639466,159.05598190428609,5.034820551252283,5.035283175217723,0.038186855717481226,754.0,11.0
2070,87.0,98.84628640093855,98.8393351452255,447.28905253291606,447.28631656299393,159.05598190428609,159.05886806581185,5.035283175217723,5.035663786709313,0.08877245202970109,754.0,11.0
2071,87.0,98.8393351452255,98.83753328626482,447.28631656299393,447.28565370046846,159.05886806581185,159.06193111570147,5.035663786709313,5.035870840986087,0.014860345082947488,754.0,11.0
2072,87.0,98.83753328626482,98.83799784857185,447.28565370046846,447.28397428612254,159.06193111570147,159.06437395952477,5.035870840986087,5.036051549980833,0.02173109572163517,754.0,11.0
2073,87.0,98.83799784857185,98.83963884115343,447.28397428612254,447.28431153821685,159.06437395952477,159.06574866323731,5.036051549980833,5.0361947144462444,0.01700042381852013,754.0,11.0
2074,87.0,98.83963884115343,98.83897080973091,447.28431153821685,447.2830013784329,159.06574866323731,159.06521411884745,5.0361947144462444,5.0363085482750884,0.024855052620526803,754.0,11.0
2075,87.0,98.83897080973091,98.83862678329196,447.2830013784329,447.2824481296204,159.06521411884745,159.06558346512296,5.0363085482750884,5.036375972616133,0.010423164958886464,754.0,11.0
2076,87.0,98.83862678329196,98.83881062386381,447.2824481296204,447.28271704230946,159.06558346512296,159.06588377455006,5.036375972616133,5.036421881943057,0.028233499478155136,754.0,11.0
2077,87.0,97.12305323416795,97.13577326338033,437.0503425285845,437.0160254565267,177.3311302723716,177.37927727333218,5.6664253615792335,5.6685048364229385,0.14682443891272656,755.0,11.0
2078,87.0,97.13577326338033,97.1737990138028,437.0160254565267,436.9560173886308,177.37927727333218,177.46596193004817,5.6685048364229385,5.67237735489861,0.3324425457023742,755.0,11.0
2079,87.0,97.1737990138028,97.12884138625506,436.9560173886308,436.92674854290436,177.46596193004817,177.52630321315962,5.67237735489861,5.67521414829638,0.15854973269004913,755.0,11.0
2080,87.0,97.12884138625506,97.10038625942245,436.92674854290436,436.8951430971234,177.52630321315962,177.57718510511125,5.67521414829638,5.677573684436057,0.13489022267450831,755.0,11.0
2081,87.0,97.10038625942245,97.08582510910884,436.8951430971234,436.9444477272592,177.57718510511125,177.59497130872487,5.677573684436057,5.67953828758634,0.11279666896836134,755.0,11.0
2082,87.0,97.08582510910884,97.07303260005531,436.9444477272592,436.9872831827929,177.59497130872487,177.59713430459732,5.67953828758634,5.68118226240803,0.11261341909912885,755.0,11.0
2083,87.0,97.07303260005531,97.07085057267868,436.9872831827929,437.0191383357639,177.59713430459732,177.6126577658753,5.68118226240803,5.68251699553517,0.069867169418667,755.0,11.0
2084,87.0,97.07085057267868,97.04099405253534,437.0191383357639,437.01817726918887,177.6126577658753,177.60990403224687,5.68251699553517,5.683666604263023,0.08328106691165221,755.0,11.0
2085,87.0,97.04099405253534,97.02066260419448,437.01817726918887,437.00716921735574,177.60990403224687,177.6045571317951,5.683666604263023,5.684603703110968,0.05679132929590207,755.0,11.0
2086,87.0,97.02066260419448,97.02054828675298,437.00716921735574,436.9943055224585,177.6045571317951,177.58975910319086,5.684603703110968,5.685399124495014,0.10510341553936792,755.0,11.0
2087,87.0,97.02054828675298,97.02827674494655,436.9943055224585,436.98515547519526,177.58975910319086,177.58613262870318,5.685399124495014,5.685945092321317,0.041792495757761866,755.0,11.0
2088,87.0,97.02827674494655,97.03403364574216,436.98515547519526,436.97708047486213,177.58613262870318,177.58539122031482,5.685945092321317,5.686397751188318,0.06937313139350255,755.0,11.0
2089,87.0,97.03403364574216,97.03970972847131,436.97708047486213,436.97487781705615,177.58539122031482,177.5849781195301,5.686397751188318,5.686705324320372,0.027227526709015556,755.0,11.0
2090,87.0,97.03970972847131,97.0430657398769,436.97487781705615,436.9780176688855,177.5849781195301,177.5862563700932,5.686705324320372,5.686960032797056,0.013598902493895566,755.0,11.0
2091,87.0,97.0430657398769,97.0428318881027,436.9780176688855,436.97588789903665,177.5862563700932,177.5898080941214,5.686960032797056,5.6871893283691035,0.018327631995684802,755.0,11.0
2092,87.0,97.0428318881027,97.04276102872967,436.97588789903665,436.97541423383444,177.5898080941214,177.59313127001639,5.6871893283691035,5.68738544441513,0.015885883768723776,755.0,11.0
2093,87.0,97.04276102872967,97.04350968689033,436.97541423383444,436.97645564547213,177.59313127001639,177.595528292633,5.68738544441513,5.687553734951324,0.02041447144254063,755.0,11.0
2094,87.0,97.04350968689033,97.04520110567526,436.97645564547213,436.9757216090544,177.595528292633,177.5948753790367,5.687553734951324,5.687686899332877,0.01470502595940899,755.0,11.0
2095,87.0,97.04520110567526,97.04489914355455,436.9757216090544,436.9752409311839,177.5948753790367,177.5935470902106,5.687686899332877,5.687794518975938,0.017659831440176074,755.0,11.0
2096,87.0,97.04489914355455,97.04416646793238,436.9752409311839,436.9756633107522,177.5935470902106,177.59336731315108,5.687794518975938,5.687869321469714,0.013747308645012677,755.0,11.0
2097,87.0,97.04416646793238,97.04424034227542,436.9756633107522,436.975978886896,177.59336731315108,177.59368266603602,5.687869321469714,5.687915926412407,0.018592793579796447,755.0,11.0
2098,87.0,97.04424034227542,97.04419751305873,436.975978886896,436.97602131959474,177.59368266603602,177.59363530018217,5.687915926412407,5.687928749322124,0.010476916341114462,755.0,11.0
2099,87.0,90.52337995737824,90.5221150432035,442.7138092278042,442.7140554359539,175.42990779774672,175.42892782780382,5.963363342190485,5.96345483122925,0.004891400680017434,756.0,11.0
2100,87.0,90.5221150432035,90.519019640649,442.7140554359539,442.71378134367325,175.42892782780382,175.42711862251454,5.96345483122925,5.96366107435526,0.014000247217299857,756.0,11.0
2101,87.0,90.519019640649,90.51677699946309,442.71378134367325,442.7146765414212,175.42711862251454,175.42530985485487,5.96366107435526,5.963842498617495,0.017356329535524132,756.0,11.0
2102,87.0,90.51677699946309,90.51521897966109,442.7146765414212,442.7151645602415,175.42530985485487,175.4269923714602,5.963842498617495,5.963993886206936,0.009422032203447218,756.0,11.0
2103,87.0,90.51521897966109,90.51449033430745,442.7151645602415,442.71365035078645,175.4269923714602,175.4280744131525,5.963993886206936,5.964129090236564,0.013676189307498449,756.0,11.0
2104,87.0,90.51449033430745,90.51341721178726,442.71365035078645,442.71346229583696,175.4280744131525,175.42913410246172,5.964129090236564,5.964240619602733,0.014490328170211893,756.0,11.0
2105,87.0,90.51341721178726,90.51369753092139,442.71346229583696,442.7128468882355,175.42913410246172,175.42992159839702,5.964240619602733,5.964325865902086,0.015172857450524506,756.0,11.0
2106,87.0,90.51369753092139,90.51344562295917,442.7128468882355,442.7132610682353,175.42992159839702,175.4296340055493,5.964325865902086,5.964380659227568,0.013169609244367513,756.0,11.0
2107,87.0,90.51344562295917,90.51324355566422,442.7132610682353,442.71337557883305,175.4296340055493,175.42963012383296,5.964380659227568,5.9644092538649485,0.01986112893460347,756.0,11.0
2108,87.0,90.64617232071345,90.64607161172948,442.84311927819397,442.8432429652488,175.70398091366414,175.70420546450413,5.974270180480589,5.97429401658252,0.001644686982149821,759.0,11.0
2109,87.0,90.64607161172948,90.6457693140496,442.8432429652488,442.8436377250704,175.70420546450413,175.70484683174647,5.97429401658252,5.974365478367518,0.011370693534505904,759.0,11.0
2110,87.0,90.6457693140496,90.64542013292133,442.8436377250704,442.8438711177767,175.70484683174647,175.7050609834557,5.974365478367518,5.974413533223059,0.01955508276719759,759.0,11.0
2111,87.0,90.64542013292133,90.64543681106083,442.8438711177767,442.8438897802738,175.7050609834557,175.70499190294697,5.974413533223059,5.974425970426972,0.010220231874271409,759.0,11.0
2112,87.0,90.6461733757563,90.64617916370233,442.84311880286606,442.84311909307814,175.7039788810403,175.70397426565685,5.974270944761748,5.974273427086901,0.0025511625381602573,760.0,11.0
2113,87.0,92.21405742210085,92.21413619515867,442.88732515047997,442.88739574595655,175.08377396521695,175.08375986825584,6.030531621824783,6.030543417019965,0.0011970451154886884,763.0,11.0
2114,87.0,92.21413619515867,92.21437566947537,442.88739574595655,442.8876040640933,175.08375986825584,175.0837862960464,6.030543417019965,6.03057943635113,0.017092832217526905,763.0,11.0
2115,87.0,92.21437566947537,92.21438871980516,442.8876040640933,442.88762943054155,175.0837862960464,175.08380794980846,6.03057943635113,6.030586886310176,0.0066992442141736615,763.0,11.0
2116,87.0,93.5659839989043,93.56599459885065,438.35735013723763,438.35727352095256,176.7416781275188,176.74174878888772,6.197640793400272,6.197656842847912,0.012561415183630284,764.0,11.0
2117,87.0,89.87201671422298,89.87239819520654,433.078945142962,433.0787942459473,175.19118719597964,175.19028235822077,6.418706725212583,6.4187689404744335,0.00447394139615289,769.0,11.0
2118,87.0,89.87239819520654,89.87227700864558,433.0787942459473,433.078414288358,175.19028235822077,175.18787606462064,6.4187689404744335,6.418924658851493,0.017045358737851,769.0,11.0
2119,87.0,89.87227700864558,89.87069402061816,433.078414288358,433.07923351453417,175.18787606462064,175.18752372840794,6.418924658851493,6.419051084436034,0.011657626925921118,769.0,11.0
2120,87.0,89.87069402061816,89.87003863572548,433.07923351453417,433.0804217872895,175.18752372840794,175.18712267013876,6.419051084436034,6.419157158731716,0.013661495342170246,769.0,11.0
2121,87.0,89.87003863572548,89.86912245225805,433.0804217872895,433.08029709733347,175.18712267013876,175.18739851072533,6.419157158731716,6.419238084007525,0.010169535185303395,769.0,11.0
2122,87.0,89.86912245225805,89.8688592724503,433.08029709733347,433.0800218019434,175.18739851072533,175.18791917418142,6.419238084007525,6.419298565987731,0.034015458398725246,769.0,11.0
2123,87.0,89.8688592724503,89.86885521252545,433.0800218019434,433.0800225078112,175.18791917418142,175.18791857890432,6.419298565987731,6.419300244255742,0.0017587426264454309,769.0,11.0
2124,87.0,89.87201473246121,89.87200777204976,433.07894611821393,433.07894908261494,175.19118728197853,175.1911883394978,6.41870744780781,6.418709982812058,0.0026011367735216985,770.0,11.0
2125,87.0,99.54263837604624,99.5352030407096,447.77416648876834,447.76197492358517,158.9096514745416,158.92493544819763,4.967190955402629,4.967963589843946,0.027932553149493645,775.0,11.0
2126,87.0,99.5352030407096,99.52015527792045,447.76197492358517,447.74713142665604,158.92493544819763,158.95873920576682,4.967963589843946,4.969444420543697,0.09028060787682105,775.0,11.0
2127,87.0,99.52015527792045,99.49772769584186,447.74713142665604,447.73675141613205,158.95873920576682,158.9800041471686,4.969444420543697,4.970681748478758,0.054638133484646995,775.0,11.0
2128,87.0,99.49772769584186,99.47364120245341,447.73675141613205,447.7400358364772,158.9800041471686,158.99470513924183,4.970681748478758,4.9717778746701775,0.09402822880756025,775.0,11.0
2129,87.0,99.47364120245341,99.4545836445242,447.7400358364772,447.7322459620576,158.99470513924183,159.00048703585853,4.9717778746701775,4.972634572068492,0.04462698778383694,775.0,11.0
2130,87.0,99.4545836445242,99.44239012466252,447.7322459620576,447.7189855652202,159.00048703585853,158.99783221339243,4.972634572068492,4.973381474526165,0.04163835304787793,775.0,11.0
2131,87.0,99.44239012466252,99.44599786186004,447.7189855652202,447.71668707017744,158.99783221339243,158.98308087115015,4.973381474526165,4.974028614398607,0.032955702660201834,775.0,11.0
2132,87.0,99.44599786186004,99.44724987700471,447.71668707017744,447.70526450916213,158.98308087115015,158.9765957541586,4.974028614398607,4.974598958929182,0.12035271466782436,775.0,11.0
2133,87.0,99.44724987700471,99.44800373898576,447.70526450916213,447.69934778796414,158.9765957541586,158.97498892293737,4.974598958929182,4.974909446218111,0.014478227595175346,775.0,11.0
2134,87.0,99.44800373898576,99.44556853361199,447.69934778796414,447.6949265089103,158.97498892293737,158.97292855022536,4.974909446218111,4.975191431491844,0.023165338900969598,775.0,11.0
2135,87.0,99.44556853361199,99.4463089150629,447.6949265089103,447.6928853578058,158.97292855022536,158.97670625483855,4.975191431491844,4.975429335168324,0.03697371865764973,775.0,11.0
2136,87.0,99.4463089150629,99.44495452421197,447.6928853578058,447.6930033572333,158.97670625483855,158.97914521337555,4.975429335168324,4.97560089380656,0.022830621381413525,775.0,11.0
2137,87.0,99.44495452421197,99.44391125940918,447.6930033572333,447.69447472961775,158.97914521337555,158.97843881190875,4.97560089380656,4.975733149166913,0.06671053137570539,775.0,11.0
2138,87.0,99.44391125940918,99.44387661695231,447.69447472961775,447.6944437515364,158.97843881190875,158.97842781252444,4.975733149166913,4.975742289515,0.007942012456985392,775.0,11.0
2139,87.0,98.51452253302573,98.51452494951766,446.9691742396288,446.96916879137655,158.7785734881105,158.77856742757297,5.050230653984389,5.050233381968669,0.002782639389681942,778.0,11.0
2140,87.0,92.07366838861842,92.07365719790825,441.2256115192786,441.2256267874218,158.94733632154228,158.9472477826602,5.338146938295227,5.338161387126103,0.011542163589192118,779.0,11.0
2141,87.0,94.8674752668517,94.86740522895205,429.7402612589811,429.74004383601624,158.28858258581184,158.28861213443224,5.7330423433207045,5.7330707616685395,0.019764664589645244,780.0,11.0
2142,87.0,94.8133065807628,94.81257864159636,429.75723486152054,429.756964125744,158.1499410800797,158.14976803019346,5.738030362026069,5.738083304876364,0.002520659630731588,781.0,11.0
2143,87.0,94.81257864159636,94.81091559597948,429.756964125744,429.7559384584438,158.14976803019346,158.1492426469157,5.738083304876364,5.738219683843318,0.02026196258518968,781.0,11.0
2144,87.0,94.81091559597948,94.81135954622442,429.7559384584438,429.7566285599886,158.1492426469157,158.148207854862,5.738219683843318,5.738320735157512,0.009676311157195664,781.0,11.0
2145,87.0,94.81135954622442,94.81123873165565,429.7566285599886,429.7572231419249,158.148207854862,158.14740945802612,5.738320735157512,5.738403913232622,0.016253484110117206,781.0,11.0
2146,87.0,94.81123873165565,94.81081631131812,429.7572231419249,429.75730179663714,158.14740945802612,158.14766836481922,5.738403913232622,5.738454213304323,0.024279692811615926,781.0,11.0
2147,87.0,94.81081631131812,94.81081781689707,429.75730179663714,429.75726936852215,158.14766836481922,158.14768083459694,5.738454213304323,5.73846150940275,0.006583359359502473,781.0,11.0
2148,87.0,94.81330830816938,94.81331185995874,429.75723305605806,429.75722973512774,158.14994097647144,158.14994105647713,5.738031179223027,5.738033042968028,0.0019466430252333788,782.0,11.0
2149,87.0,91.04054730695643,91.0395993543086,452.9013571545826,452.9009364524377,165.59956798005635,165.60061800540188,5.372399661298874,5.3724849648347375,0.002908180326839853,785.0,11.0
2150,87.0,91.0395993543086,91.0371800693633,452.9009364524377,452.8998300953332,165.60061800540188,165.6026883207939,5.3724849648347375,5.372681654369501,0.01365227668026861,785.0,11.0
2151,87.0,91.0371800693633,91.0363932402031,452.8998300953332,452.9025306614482,165.6026883207939,165.60250911376846,5.372681654369501,5.372854374385729,0.01340583462066964,785.0,11.0
2152,87.0,91.0363932402031,91.03519018418828,452.9025306614482,452.90299167096,165.60250911376846,165.60442091272824,5.372854374385729,5.373003963658409,0.012892909587983645,785.0,11.0
2153,87.0,91.03519018418828,91.0344961176309,452.90299167096,452.9046844594679,165.60442091272824,165.6045941832159,5.373003963658409,5.373131407182555,0.01623235448517275,785.0,11.0
2154,87.0,91.0344961176309,91.03330722390459,452.9046844594679,452.90496222492357,165.6045941832159,165.6049839468456,5.373131407182555,5.373230347943595,0.0512412570573811,785.0,11.0
2155,87.0,91.03330722390459,91.03330401162508,452.90496222492357,452.90494929463847,165.6049839468456,165.60497232384276,5.373230347943595,5.373234881124006,0.004380211585476232,785.0,11.0
2156,87.0,91.04054912023511,91.04055431644682,452.9013572003538,452.90135768293067,165.59956570631624,165.5995581959982,5.37240057369701,5.372403442513706,0.00291374,786.0,11.0
2157,87.0,31.163170787345905,31.13191171666919,472.25960987617964,472.27334772948524,179.49913118144906,179.5226881254296,7.485318468432881,7.486771194038626,0.07119235430801284,788.0,11.0
2158,87.0,31.13191171666919,31.079136211015197,472.27334772948524,472.26508144033886,179.5226881254296,179.58073246320436,7.486771194038626,7.489546630686416,0.14344200974637744,788.0,11.0
2159,87.0,31.079136211015197,31.018286279093815,472.26508144033886,472.2639449139154,179.58073246320436,179.55555730554966,7.489546630686416,7.491891193674942,0.13069620426287898,788.0,11.0
2160,87.0,31.018286279093815,30.98510036310064,472.2639449139154,472.22825888530525,179.55555730554966,179.5315474591189,7.491891193674942,7.493853338413196,0.11230888546986899,788.0,11.0
2161,87.0,30.98510036310064,30.95457283960344,472.22825888530525,472.1961323182654,179.5315474591189,179.52551286764944,7.493853338413196,7.495496292609694,0.11525563316803965,788.0,11.0
2162,87.0,30.95457283960344,30.920944063667484,472.1961323182654,472.1970397373023,179.52551286764944,179.51494280051955,7.495496292609694,7.496822947711353,0.10378192830000392,788.0,11.0
2163,87.0,30.920944063667484,30.90822301030811,472.1970397373023,472.1847531260936,179.51494280051955,179.49426074758304,7.496822947711353,7.497878556531544,0.0631780052759006,788.0,11.0
2164,87.0,30.90822301030811,30.904747966611012,472.1847531260936,472.1677096143775,179.49426074758304,179.4800014864245,7.497878556531544,7.498773268039853,0.06562662916621241,788.0,11.0
2165,87.0,30.904747966611012,30.912341061413553,472.1677096143775,472.15267815477773,179.4800014864245,179.47421958035184,7.498773268039853,7.499506119272093,0.04278759331939081,788.0,11.0
2166,87.0,30.912341061413553,30.910003719988993,472.15267815477773,472.1429087134804,179.47421958035184,179.4852188061967,7.499506119272093,7.500136910933974,0.03942414673124567,788.0,11.0
2167,87.0,30.910003719988993,30.908490782852898,472.1429087134804,472.13521556180774,179.4852188061967,179.49474687183795,7.500136910933974,7.50067659449653,0.0385827981473868,788.0,11.0
2168,87.0,30.908490782852898,30.90418574722147,472.13521556180774,472.127299198631,179.49474687183795,179.49901592200197,7.50067659449653,7.501130231242052,0.03316448855974923,788.0,11.0
2169,87.0,30.90418574722147,30.901346702146668,472.127299198631,472.12429753442655,179.49901592200197,179.50593606651927,7.501130231242052,7.501512773319315,0.037674472000060036,788.0,11.0
2170,87.0,30.901346702146668,30.898772042080488,472.12429753442655,472.1241221195136,179.50593606651927,179.51140883595627,7.501512773319315,7.501818323743824,0.02123558913524339,788.0,11.0
2171,87.0,30.898772042080488,30.89461546500396,472.1241221195136,472.1248486785964,179.51140883595627,179.51410092445448,7.501818323743824,7.502082495044527,0.015089614767690895,788.0,11.0
2172,87.0,30.89461546500396,30.891250961191417,472.1248486785964,472.1268543079858,179.51410092445448,179.51588587561258,7.502082495044527,7.50231823484503,0.015528681703296,788.0,11.0
2173,87.0,30.891250961191417,30.890645457861716,472.1268543079858,472.1304195226975,179.51588587561258,179.51568182630848,7.50231823484503,7.502525584643702,0.021432662757489233,788.0,11.0
2174,87.0,30.890645457861716,30.891783460562028,472.1304195226975,472.13242287917876,179.51568182630848,179.51418556909528,7.502525584643702,7.502695147424043,0.012398788433833068,788.0,11.0
2175,87.0,30.891783460562028,30.890910986084474,472.13242287917876,472.13451646162275,179.51418556909528,179.5140073435403,7.502695147424043,7.502843336716793,0.016051817646294507,788.0,11.0
2176,87.0,30.890910986084474,30.891600130877883,472.13451646162275,472.1360439082372,179.5140073435403,179.51428472808317,7.502843336716793,7.502963916560291,0.015291070633313236,788.0,11.0
2177,87.0,30.891600130877883,30.892151337486307,472.1360439082372,472.1370723571093,179.51428472808317,179.51446915577696,7.502963916560291,7.503057337196812,0.01872574579284319,788.0,11.0
2178,87.0,30.892151337486307,30.892271698841974,472.1370723571093,472.1374880410385,179.51446915577696,179.51407097644622,7.503057337196812,7.50311385995771,0.012360712968653941,788.0,11.0
2179,87.0,30.892271698841974,30.892284774273964,472.1374880410385,472.1372272678458,179.51407097644622,179.5140161476416,7.50311385995771,7.503145495886286,0.014030958240096534,788.0,11.0
2180,87.0,30.892284774273964,30.892285889889997,472.1372272678458,472.13725802809495,179.5140161476416,179.51404627571893,7.503145495886286,7.503153988829667,0.007472295359412224,788.0,11.0
2181,87.0,31.163169824829488,31.163166244895876,472.259608609956,472.2596060099104,179.49912892376884,179.49912128453428,7.485319344335287,7.485322144257263,0.00284974,789.0,11.0
2182,87.0,31.03382612607088,31.033814768517953,472.0348970183795,472.0349204377334,175.58483857443383,175.5848308538403,7.616173020567154,7.616179145651705,0.005678377328515753,792.0,11.0
2183,87.0,28.77892028199426,28.777888035819263,471.30128186809134,471.30139079983553,168.39423290446874,168.39377218738568,7.868729304867996,7.8687983980558265,0.004424795275791826,794.0,11.0
2184,87.0,28.777888035819263,28.77521687412957,471.30139079983553,471.30150726725077,168.39377218738568,168.3932813611984,7.8687983980558265,7.868966679063378,0.023187521387610256,794.0,11.0
2185,87.0,28.77521687412957,28.776942845628174,471.30150726725077,471.3020694372955,168.3932813611984,168.39288890336903,7.868966679063378,7.869095068335154,0.012611423195313618,794.0,11.0
2186,87.0,28.776942845628174,28.77570241190741,471.3020694372955,471.30276250092527,168.39288890336903,168.39285392965033,7.869095068335154,7.869201474000809,0.0171329889814467,794.0,11.0
2187,87.0,28.77570241190741,28.77512832752534,471.30276250092527,471.30334018739666,168.39285392965033,168.39257906146284,7.869201474000809,7.869275962349576,0.012334664164288434,794.0,11.0
2188,87.0,28.77512832752534,28.775212879224824,471.30334018739666,471.3028838892521,168.39257906146284,168.39243266074396,7.869275962349576,7.869325149131138,0.014581423410634411,794.0,11.0
2189,87.0,28.775212879224824,28.77510592286611,471.3028838892521,471.3029614014994,168.39243266074396,168.39251357789732,7.869325149131138,7.869346443037048,0.015742818726909198,794.0,11.0
2190,87.0,31.174159560179863,31.174329661704043,470.30375268597,470.3037887907223,167.76887084970878,167.7690440128943,7.957763978760175,7.957793742005617,0.020497008494642657,796.0,11.0
2191,87.0,31.174097346478607,31.17409276540219,470.30371797904957,470.3037132717562,167.7688404157379,167.76884329880312,7.957755692739695,7.957758120804116,0.002499478867531973,797.0,11.0
2192,87.0,31.033646559403547,31.03355759437834,466.85695146083845,466.85656144315635,166.84129754204434,166.8410732511711,8.07690903208806,8.076943925975126,0.0012638740338321917,800.0,11.0
2193,87.0,31.03355759437834,31.033278045047417,466.85656144315635,466.8554504459685,166.8410732511711,166.84045070769923,8.076943925975126,8.07704407128286,0.012632792814425616,800.0,11.0
2194,87.0,31.033278045047417,31.033308334994523,466.8554504459685,466.85499429969184,166.84045070769923,166.83968543627068,8.07704407128286,8.077120534401262,0.01896548659835931,800.0,11.0
2195,87.0,31.033308334994523,31.033387668526082,466.85499429969184,466.8553065450031,166.83968543627068,166.83957707536447,8.077120534401262,8.077158314950427,0.024690932311803256,800.0,11.0
2196,87.0,39.763458548699425,39.76356196602785,475.76238322831057,475.7625917755789,173.84051310374636,173.84054750558911,8.554744176057588,8.55477304117659,0.02000885870271718,803.0,11.0
2197,87.0,39.590552762076456,39.59042823979741,474.9436000976087,474.9433160772616,173.7188704881975,173.71842943959342,8.582940098456598,8.58297580941704,0.0020199467411161232,805.0,11.0
2198,87.0,39.59042823979741,39.58855325974108,474.9433160772616,474.9441285120964,173.71842943959342,173.71807303261824,8.58297580941704,8.58311460634696,0.010299313836336138,805.0,11.0
2199,87.0,39.58855325974108,39.587369838598946,474.9441285120964,474.9453085535956,173.71807303261824,173.7184274833172,8.58311460634696,8.583235678388101,0.012721655313876755,805.0,11.0
2200,87.0,39.587369838598946,39.58708033089009,474.9453085535956,474.9465472669711,173.7184274833172,173.71833187129766,8.583235678388101,8.583334296623633,0.02367905458894562,805.0,11.0
2201,87.0,39.58708033089009,39.587296988377275,474.9465472669711,474.9462474437643,173.71833187129766,173.7179563044746,8.583334296623633,8.58338646209487,0.014293059058360676,805.0,11.0
2202,87.0,39.587296988377275,39.58718411909516,474.9462474437643,474.94612014273696,173.7179563044746,173.71803091032797,8.58338646209487,8.583410762577383,0.017470932057002245,805.0,11.0
2203,87.0,39.590551503192025,39.590547797209176,474.9435976418225,474.94359041232553,173.71886954639209,173.71886677384637,8.582941012790684,8.582943759268465,0.0027999161392321427,806.0,11.0
2204,87.0,100.30611944519201,100.30605543859159,448.12370823038157,448.1236411304314,158.59153379405802,158.5915659448863,4.934142518815349,4.934153623157494,0.001886559886618621,808.0,11.0
2205,87.0,100.30605543859159,100.30587826580333,448.1236411304314,448.1234353928197,158.5915659448863,158.59161023044177,4.934153623157494,4.934185976312936,0.021883375818513556,808.0,11.0
2206,87.0,100.30611907943484,100.30611771300543,448.12370638663486,448.1236998879841,158.5915323645567,158.59152846279568,4.934143300458646,4.93414584983835,0.00261474,809.0,11.0
2207,87.0,104.60180267783078,103.47440563877849,468.2691668222027,469.13336485183436,149.03286411947238,148.92021511100126,4.616234431619607,4.663771822595723,2.670324526428677,813.0,11.0
2208,87.0,103.47440563877849,103.32317771940241,469.13336485183436,469.24518893265883,148.92021511100126,148.89448878602485,4.663771822595723,4.6701047918904335,0.32931598108208865,813.0,11.0
2209,87.0,103.32317771940241,102.9079940777812,469.24518893265883,469.53159599981234,148.89448878602485,148.8393679701473,4.6701047918904335,4.687031851457753,0.8094445632667789,813.0,11.0
2210,87.0,102.9079940777812,102.42805435912753,469.53159599981234,469.8214445043115,148.8393679701473,148.7566068971704,4.687031851457753,4.705939449084437,1.0385331021576587,813.0,11.0
2211,87.0,102.42805435912753,100.5307241317961,469.8214445043115,470.7972467004544,148.7566068971704,148.39485921266922,4.705939449084437,4.778135625016716,4.5237138726039285,813.0,11.0
2212,87.0,100.5307241317961,100.44272138971928,470.7972467004544,470.8264535299065,148.39485921266922,148.36847375749147,4.778135625016716,4.781352483574803,0.20645770240982114,813.0,11.0
2213,87.0,100.44272138971928,98.73105900404265,470.8264535299065,471.47013669399695,148.36847375749147,147.96055971594316,4.781352483574803,4.843873516471186,3.6788520170565753,813.0,11.0
2214,87.0,98.73105900404265,98.48093394091163,471.47013669399695,471.6904754353982,147.96055971594316,147.951051878135,4.843873516471186,4.855003290436256,0.5743880882253992,813.0,11.0
2215,87.0,98.48093394091163,97.9553353209237,471.6904754353982,472.180483743591,147.951051878135,147.8505053493051,4.855003290436256,4.879230041214124,1.6633899276024677,813.0,11.0
2216,87.0,97.9553353209237,97.2130873091642,472.180483743591,472.59049262580885,147.8505053493051,147.67642653471634,4.879230041214124,4.908149720288921,1.6766842471097754,813.0,11.0
2217,87.0,97.2130873091642,96.68532964937813,472.59049262580885,472.8821432942403,147.67642653471634,147.34513036577155,4.908149720288921,4.931152371145826,1.2495206991019454,813.0,11.0
2218,87.0,96.68532964937813,96.37207735228307,472.8821432942403,473.25175707271774,147.34513036577155,147.07288000095895,4.931152371145826,4.949752500523836,1.2167371375603597,813.0,11.0
2219,87.0,96.37207735228307,96.20219344283797,473.25175707271774,473.3083357274036,147.07288000095895,146.68479594479723,4.949752500523836,4.9640829721602735,1.0331203695001836,813.0,11.0
2220,87.0,96.20219344283797,96.25125163857533,473.3083357274036,473.40294716602966,146.68479594479723,146.38391291274314,4.9640829721602735,4.974818127455865,0.6846874876810034,813.0,11.0
2221,87.0,96.25125163857533,96.2337778048666,473.40294716602966,473.53573619598103,146.38391291274314,146.1748238648849,4.974818127455865,4.983200703684073,0.5978195858190126,813.0,11.0
2222,87.0,96.2337778048666,96.22369905192741,473.53573619598103,473.4957506033861,146.1748238648849,145.99204604461,4.983200703684073,4.989563940631985,0.33380155487625934,813.0,11.0
2223,87.0,96.22369905192741,96.170144077577,473.4957506033861,473.39609525747363,145.99204604461,145.88761756335,4.989563940631985,4.99482142552603,0.31926861680014734,813.0,11.0
2224,87.0,96.170144077577,96.17939204164826,473.39609525747363,473.3517778641748,145.88761756335,145.773662427163,4.99482142552603,4.99904239971999,0.21946313934500888,813.0,11.0
2225,87.0,96.17939204164826,96.20630547619916,473.3517778641748,473.35176021604883,145.773662427163,145.67575500226926,4.99904239971999,5.002566672193041,0.20567424334321613,813.0,11.0
2226,87.0,96.20630547619916,96.26395142679014,473.35176021604883,473.38238771372426,145.67575500226926,145.62570414319313,5.002566672193041,5.005453621853564,0.23567347162282667,813.0,11.0
2227,87.0,96.26395142679014,96.31336953528555,473.38238771372426,473.4101333827026,145.62570414319313,145.6033940084902,5.005453621853564,5.0076340612864945,0.11764385183066944,813.0,11.0
2228,87.0,96.31336953528555,96.34214030727341,473.4101333827026,473.4493854687322,145.6033940084902,145.5893707183119,5.0076340612864945,5.009474030629053,0.09223320693390319,813.0,11.0
2229,87.0,96.34214030727341,96.36433751847039,473.4493854687322,473.4837465771694,145.5893707183119,145.57663915842636,5.009474030629053,5.01105417756874,0.17995439083049938,813.0,11.0
2230,87.0,96.36433751847039,96.3893896602667,473.4837465771694,473.4734411818408,145.57663915842636,145.56784919720866,5.01105417756874,5.012152687957793,0.07528634774008072,813.0,11.0
2231,87.0,96.3893896602667,96.39959691382812,473.4734411818408,473.492335714919,145.56784919720866,145.5601357008545,5.012152687957793,5.013058595426089,0.06877245912408053,813.0,11.0
2232,87.0,96.39959691382812,96.40528884948678,473.492335714919,473.50074126936534,145.5601357008545,145.5748743998872,5.013058595426089,5.013794617874844,0.04666920931359664,813.0,11.0
2233,87.0,96.40528884948678,96.40221516835878,473.50074126936534,473.4933361014191,145.5748743998872,145.58722556296678,5.013794617874844,5.014419377473373,0.035840951610199,813.0,11.0
2234,87.0,96.40221516835878,96.40080981845043,473.4933361014191,473.48273911415583,145.58722556296678,145.59351594349863,5.014419377473373,5.01496136039586,0.04317192268888953,813.0,11.0
2235,87.0,96.40080981845043,96.39281201767918,473.48273911415583,473.48482890709136,145.59351594349863,145.5987035105443,5.01496136039586,5.015407192451909,0.026455669884262397,813.0,11.0
2236,87.0,96.39281201767918,96.38504098914198,473.48482890709136,473.48511917735595,145.5987035105443,145.5959945581752,5.015407192451909,5.015796321847554,0.0315396279917155,813.0,11.0
2237,87.0,96.38504098914198,96.3796088677959,473.48511917735595,473.48873778442714,145.5959945581752,145.59605173177457,5.015796321847554,5.016120401538695,0.025233789257600656,813.0,11.0
2238,87.0,96.3796088677959,96.37682977858847,473.48873778442714,473.4883057331109,145.59605173177457,145.60049465816834,5.016120401538695,5.016394692165354,0.03097089117529693,813.0,11.0
2239,87.0,96.37682977858847,96.377740820568,473.4883057331109,473.485311347485,145.60049465816834,145.5982809091466,5.016394692165354,5.016610932008899,0.01585529824905755,813.0,11.0
2240,87.0,96.377740820568,96.3798171447884,473.485311347485,473.4860022722786,145.5982809091466,145.5959932576573,5.016610932008899,5.016798807511653,0.013666273676236167,813.0,11.0
2241,87.0,96.3798171447884,96.38136951709164,473.4860022722786,473.4838872527419,145.5959932576573,145.59593670636158,5.016798807511653,5.016962884157842,0.016162540165282423,813.0,11.0
2242,87.0,96.38136951709164,96.38236139797532,473.4838872527419,473.4823620834915,145.59593670636158,145.59505632432067,5.016962884157842,5.017099160765565,0.012653945186239076,813.0,11.0
2243,87.0,96.38236139797532,96.38379883800094,473.4823620834915,473.48300281367545,145.59505632432067,145.59496878186468,5.017099160765565,5.017213577689137,0.00990461201837977,813.0,11.0
2244,87.0,96.38379883800094,96.38360389040731,473.48300281367545,473.48188352470004,145.59496878186468,145.59446631946966,5.017213577689137,5.017310371051467,0.020241106265800272,813.0,11.0
2245,87.0,96.38360389040731,96.38350123646889,473.48188352470004,473.48232269694364,145.59446631946966,145.59485878803412,5.017310371051467,5.017367581734419,0.023012331510113386,813.0,11.0
2246,87.0,96.38350123646889,96.38354883158212,473.48232269694364,473.48239114412155,145.59485878803412,145.5948788918245,5.017367581734419,5.017381478270082,0.011183161336313578,813.0,11.0
2247,87.0,104.60180267783078,104.52069301854276,468.2691668222027,468.32740713369947,149.03286411947238,149.02912631317506,4.616234431619607,4.619567991765775,0.15555285088140278,814.0,-11.0
2248,87.0,104.52069301854276,104.3972173538468,468.32740713369947,468.422880318783,149.02912631317506,149.0209574161739,4.619567991765775,4.62478218092199,0.28321627152610446,814.0,-11.0
2249,87.0,104.3972173538468,103.65611535472097,468.422880318783,469.05298224864674,149.0209574161739,148.94474607230813,4.62478218092199,4.657334178501874,2.158099864501547,814.0,-11.0
2250,87.0,103.65611535472097,103.3260357291256,469.05298224864674,469.3119239142881,148.94474607230813,148.94267752120035,4.657334178501874,4.671330802054816,0.8477949607853131,814.0,-11.0
2251,87.0,103.3260357291256,102.56721450558582,469.3119239142881,469.8867742828549,148.94267752120035,148.84897925602863,4.671330802054816,4.703244956890894,2.098117478468426,814.0,-11.0
2252,87.0,102.56721450558582,102.54530908318259,469.8867742828549,469.90698855277117,148.84897925602863,148.8563517396106,4.703244956890894,4.70426941614465,0.12602091563277845,814.0,-11.0
2253,87.0,102.54530908318259,101.00297055261682,469.90698855277117,471.31613979728417,148.8563517396106,149.3663065345353,4.70426941614465,4.776018744429331,4.110378494659266,814.0,-11.0
2254,87.0,101.00297055261682,100.26617769149014,471.31613979728417,471.8880090926582,149.3663065345353,149.79520593158333,4.776018744429331,4.810281477525014,1.87005851658127,814.0,-11.0
2255,87.0,100.26617769149014,99.98135449305647,471.8880090926582,472.2276021049418,149.79520593158333,149.8135246798194,4.810281477525014,4.825090306723927,0.8550067723178335,814.0,-11.0
2256,87.0,99.98135449305647,99.85439911167778,472.2276021049418,472.4454427691438,149.8135246798194,149.8402022282443,4.825090306723927,4.833555371580004,0.4574126393103149,814.0,-11.0
2257,87.0,99.85439911167778,99.8364644168164,472.4454427691438,472.4768124056004,149.8402022282443,149.8436616687697,4.833555371580004,4.834767416598171,0.07006268133882032,814.0,-11.0
2258,87.0,99.8364644168164,99.77458350810379,472.4768124056004,472.61755882214146,149.8436616687697,149.88462965265296,4.834767416598171,4.84008054157364,0.25837965660770457,814.0,-11.0
2259,87.0,99.77458350810379,99.55169411590761,472.61755882214146,473.10414591978525,149.88462965265296,150.03417924150554,4.84008054157364,4.8586385019179765,0.894219026586369,814.0,-11.0
2260,87.0,99.55169411590761,99.46300202060726,473.10414591978525,473.6815320077064,150.03417924150554,150.10999035154762,4.8586385019179765,4.878316251702137,1.3180531364102284,814.0,-11.0
2261,87.0,99.46300202060726,99.388314060397,473.6815320077064,473.9566937071434,150.10999035154762,150.11570223434302,4.878316251702137,4.887848937461193,0.4281156041054357,814.0,-11.0
2262,87.0,99.388314060397,99.4152463807216,473.9566937071434,474.5870725751796,150.11570223434302,150.18573548551933,4.887848937461193,4.909081923517871,1.1218334494479005,814.0,-11.0
2263,87.0,99.4152463807216,99.41200958554923,474.5870725751796,474.81498072405645,150.18573548551933,150.17897515941797,4.909081923517871,4.91671758111564,0.528614558863131,814.0,-11.0
2264,87.0,99.41200958554923,99.46766058604616,474.81498072405645,475.2220685271276,150.17897515941797,150.15830945980204,4.91671758111564,4.930517000896348,0.7312168127161894,814.0,-11.0
2265,87.0,99.46766058604616,99.62499569672626,475.2220685271276,475.4532636574435,150.15830945980204,150.34153032646208,4.930517000896348,4.941755829252395,1.0844939766770847,814.0,-11.0
2266,87.0,99.62499569672626,99.72355871829124,475.4532636574435,475.64645430291193,150.34153032646208,150.38600294712347,4.941755829252395,4.949247737613888,0.3868717988519668,814.0,-11.0
2267,87.0,99.72355871829124,99.88629491757489,475.64645430291193,475.71834728232045,150.38600294712347,150.42351266489928,4.949247737613888,4.955428859409235,0.3598130265773557,814.0,-11.0
2268,87.0,99.88629491757489,99.98083712000931,475.71834728232045,475.8108384306738,150.42351266489928,150.48437764112558,4.955428859409235,4.960411236368276,0.28288800226658145,814.0,-11.0
2269,87.0,99.98083712000931,100.08101692775273,475.8108384306738,475.8624114809909,150.48437764112558,150.5182700173344,4.960411236368276,4.9644701280257255,0.24992909421336817,814.0,-11.0
2270,87.0,100.08101692775273,100.15847206403288,475.8624114809909,475.88989946997935,150.5182700173344,150.4735577128649,4.9644701280257255,4.967732469697479,0.16371126049147802,814.0,-11.0
2271,87.0,100.15847206403288,100.15496984895393,475.88989946997935,475.91915581395506,150.4735577128649,150.4700707796712,4.967732469697479,4.968777557367599,0.038189032774117455,814.0,-11.0
2272,87.0,100.15496984895393,100.15797408277128,475.91915581395506,475.95203115819186,150.4700707796712,150.4429849809032,4.968777557367599,4.970353595402252,0.09661024736155248,814.0,-11.0
2273,87.0,100.15797408277128,100.14009566685284,475.95203115819186,475.97470748860906,150.4429849809032,150.4237797279392,4.970353595402252,4.971660789925351,0.058505698736851554,814.0,-11.0
2274,87.0,100.14009566685284,100.13952869188084,475.97470748860906,476.0000780675267,150.4237797279392,150.40779730495484,4.971660789925351,4.972809799256073,0.08702723572387755,814.0,-11.0
2275,87.0,100.13952869188084,100.14737843629783,476.0000780675267,476.0218793984817,150.40779730495484,150.41043555393028,4.972809799256073,4.973731882582805,0.04905001735415522,814.0,-11.0
2276,87.0,100.14737843629783,100.15175466571202,476.0218793984817,476.0342466232536,150.41043555393028,150.39570357148952,4.973731882582805,4.974530086559239,0.05016123748014622,814.0,-11.0
2277,87.0,100.15175466571202,100.16590866826954,476.0342466232536,476.0329768620451,150.39570357148952,150.38788164190606,4.974530086559239,4.97520605090292,0.07146850749252319,814.0,-11.0
2278,87.0,100.16590866826954,100.17610699722859,476.0329768620451,476.0340197468395,150.38788164190606,150.3825316247525,4.97520605090292,4.975716059698944,0.02583167758922544,814.0,-11.0
2279,87.0,100.17610699722859,100.18108712152635,476.0340197468395,476.034813820214,150.3825316247525,150.3738989105747,4.975716059698944,4.976168957493178,0.02643125302931136,814.0,-11.0
2280,87.0,100.18108712152635,100.17723984176278,476.034813820214,476.0423604260335,150.3738989105747,150.37384779846806,4.976168957493178,4.976565238216327,0.049753404418967126,814.0,-11.0
2281,87.0,100.17723984176278,100.17847523058757,476.0423604260335,476.04615429395335,150.37384779846806,150.37810391800136,4.976565238216327,4.9768607188750495,0.09271432668829102,814.0,-11.0
2282,87.0,100.17847523058757,100.17992104765955,476.04615429395335,476.04713487248836,150.37810391800136,150.37726031198497,4.9768607188750495,4.976992676845603,0.02157700553869443,814.0,-11.0
2283,87.0,100.17992104765955,100.17888151060215,476.04713487248836,476.0464943511885,150.37726031198497,150.37736879103826,4.976992676845603,4.977088696781322,0.019926308631118175,814.0,-11.0
2284,87.0,100.17888151060215,100.17832542589262,476.0464943511885,476.04627423705836,150.37736879103826,150.37727845062574,4.977088696781322,4.977146849896405,0.016207804142587663,814.0,-11.0
2285,87.0,100.17832542589262,100.1782720595381,476.04627423705836,476.04623083449025,150.37727845062574,150.37708871635414,4.977146849896405,4.977173133590553,0.017633452755371128,814.0,-11.0
2286,87.0,103.65611535472097,103.63863215064939,469.05298224864674,469.05837934998124,148.94474607230813,148.94745211129734,4.657334178501874,4.6580221062232114,0.13623713051277359,818.0,11.0
2287,87.0,103.63863215064939,103.61387440182969,469.05837934998124,469.0722452787797,148.94745211129734,148.95091421518575,4.6580221062232114,4.659124245789001,0.20479034348701958,818.0,11.0
2288,87.0,103.61387440182969,103.60118138316611,469.0722452787797,469.0758501700913,148.95091421518575,148.94656694507105,4.659124245789001,4.659719471992358,0.03611426216757022,818.0,11.0
2289,87.0,103.60118138316611,103.59017873180403,469.0758501700913,469.07944242519386,148.94656694507105,148.94592464397095,4.659719471992358,4.660232202034491,0.024431361944634238,818.0,11.0
2290,87.0,103.59017873180403,103.58288659218195,469.07944242519386,469.07686057132634,148.94592464397095,148.93942502464424,4.660232202034491,4.660690705135059,0.02783863808014053,818.0,11.0
2291,87.0,103.58288659218195,103.5816503229822,469.07686057132634,469.08084755463517,148.93942502464424,148.93203916977873,4.660690705135059,4.661089175587706,0.07137796683966857,818.0,11.0
2292,87.0,103.5816503229822,103.57730827967134,469.08084755463517,469.0827651306814,148.93203916977873,148.9325387621355,4.661089175587706,4.661343988343953,0.02526177090948229,818.0,11.0
2293,87.0,103.57730827967134,103.57604965242527,469.0827651306814,469.08016937468767,148.9325387621355,148.93475973178062,4.661343988343953,4.661552126744412,0.018217558330341388,818.0,11.0
2294,87.0,103.57604965242527,103.57540120135236,469.08016937468767,469.07759004722504,148.93475973178062,148.93362675291172,4.661552126744412,4.661728030909256,0.05421101267546359,818.0,11.0
2295,87.0,103.57540120135236,103.57531328543396,469.07759004722504,469.0769260048511,148.93362675291172,148.9329398854615,4.661728030909256,4.66180862724267,0.03392698737226357,818.0,11.0
2296,87.0,103.57531328543396,103.57526543995186,469.0769260048511,469.07686073207213,148.9329398854615,148.93289072877323,4.66180862724267,4.66182354940756,0.011846505082740919,818.0,11.0
2297,87.0,102.56721450558582,102.56626726633674,469.8867742828549,469.8906251790052,148.84897925602863,148.85515128190693,4.703244956890894,4.703555331196468,0.01792215376487093,820.0,11.0
2298,87.0,102.56626726633674,102.56360261772802,469.8906251790052,469.8996230522892,148.85515128190693,148.86527068146265,4.703555331196468,4.704147291591298,0.042229808800805485,820.0,11.0
2299,87.0,102.56360261772802,102.55753098469499,469.8996230522892,469.9046388581427,148.86527068146265,148.87313183738118,4.704147291591298,4.704643177426652,0.04003640986659566,820.0,11.0
2300,87.0,102.55753098469499,102.56057679231075,469.9046388581427,469.91255098480167,148.87313183738118,148.87530331675444,4.704643177426652,4.705051663078676,0.02483782214710235,820.0,11.0
2301,87.0,102.56057679231075,102.5675453480915,469.91255098480167,469.9144571436409,148.87530331675444,148.8767521119966,4.705051663078676,4.705408022326775,0.03267495635988737,820.0,11.0
2302,87.0,102.5675453480915,102.56898244584261,469.9144571436409,469.9198411497708,148.8767521119966,148.8757056974587,4.705408022326775,4.70569862671128,0.019430957054707855,820.0,11.0
2303,87.0,102.56898244584261,102.57311920341704,469.9198411497708,469.92103102850194,148.8757056974587,148.87373831138447,4.70569862671128,4.705951819315508,0.02272894558876712,820.0,11.0
2304,87.0,102.57311920341704,102.573742749911,469.92103102850194,469.92074384340066,148.87373831138447,148.87008976438068,4.705951819315508,4.706162982701771,0.018630662065000622,820.0,11.0
2305,87.0,102.573742749911,102.57552761921743,469.92074384340066,469.9186085617774,148.87008976438068,148.86913869857392,4.706162982701771,4.706341087702747,0.02285877420106088,820.0,11.0
2306,87.0,102.57552761921743,102.57660028553376,469.9186085617774,469.91705808692484,148.86913869857392,148.86828033347237,4.706341087702747,4.706479756283294,0.014610015426143977,820.0,11.0
2307,87.0,102.57660028553376,102.57714915095085,469.91705808692484,469.91574636605344,148.86828033347237,148.86891451487173,4.706479756283294,4.70659318957451,0.016152795825507448,820.0,11.0
2308,87.0,102.57714915095085,102.57778954999537,469.91574636605344,469.9165387164796,148.86891451487173,148.8689463552269,4.70659318957451,4.706677340027387,0.018820482652385968,820.0,11.0
2309,87.0,102.57778954999537,102.57779146532032,469.9165387164796,469.9167433705241,148.8689463552269,148.86934161109326,4.706677340027387,4.706723405138264,0.01560079380473732,820.0,11.0
2310,87.0,102.57779146532032,102.57788294827796,469.9167433705241,469.91678419282186,148.86934161109326,148.8692867650364,4.706723405138264,4.7067404854467,0.013205127065036484,820.0,11.0
2311,87.0,100.26617769149014,100.26965283603967,471.8880090926582,471.8948175152162,149.79520593158333,149.79374577039277,4.810281477525014,4.810607830746314,0.013480402163639747,823.0,11.0
2312,87.0,100.26965283603967,100.27747220606355,471.8948175152162,471.90615270786174,149.79374577039277,149.7880301199301,4.810607830746314,4.811239108197748,0.03480958849085889,823.0,11.0
2313,87.0,100.27747220606355,100.27168876960678,471.90615270786174,471.9136642852518,149.7880301199301,149.77966216375754,4.811239108197748,4.811789771056041,0.05078078918351128,823.0,11.0
2314,87.0,100.27168876960678,100.27243724723192,471.9136642852518,471.90470909383805,149.77966216375754,149.77647291331817,4.811789771056041,4.812227350267282,0.043354134544133685,823.0,11.0
2315,87.0,100.27243724723192,100.27519540489575,471.90470909383805,471.89858543278586,149.77647291331817,149.77417052026618,4.812227350267282,4.8125734567773355,0.039109010366439226,823.0,11.0
2316,87.0,100.27519540489575,100.28005404719792,471.89858543278586,471.8975016934578,149.77417052026618,149.77533344142464,4.8125734567773355,4.812841909193458,0.01840229192610513,823.0,11.0
2317,87.0,100.28005404719792,100.28392238481223,471.8975016934578,471.896172280787,149.77533344142464,149.77650843733807,4.812841909193458,4.813075650022259,0.01423562001400401,823.0,11.0
2318,87.0,100.28392238481223,100.28471216236264,471.896172280787,471.89546246928,149.77650843733807,149.77998090768978,4.813075650022259,4.813283387274357,0.01676814275068676,823.0,11.0
2319,87.0,100.28471216236264,100.28404675163378,471.89546246928,471.89378014190504,149.77998090768978,149.78229782186125,4.813283387274357,4.813461428058419,0.035878338541017143,823.0,11.0
2320,87.0,100.28404675163378,100.28519691737137,471.89378014190504,471.89334516863426,149.78229782186125,149.7833375408248,4.813461428058419,4.81357757688183,0.013460857894068569,823.0,11.0
2321,87.0,100.28519691737137,100.2848245551458,471.89334516863426,471.8930655005146,149.7833375408248,149.78439749692322,4.81357757688183,4.813669676758306,0.028702830346403304,823.0,11.0
2322,87.0,100.2848245551458,100.28508183465209,471.8930655005146,471.8930777990516,149.78439749692322,149.78455901595,4.813669676758306,4.81370448816507,0.019042638793486583,823.0,11.0
2323,87.0,100.28508183465209,100.28507353387754,471.8930777990516,471.8930692791564,149.78455901595,149.78454826202156,4.81370448816507,4.813708722499528,0.00412649434881766,823.0,11.0
2324,87.0,99.8364644168164,99.83309923203065,472.4768124056004,472.4785959135771,149.8436616687697,149.83925207895592,4.834767416598171,4.835022535417036,0.013542012762112147,826.0,11.0
2325,87.0,99.83309923203065,99.82891562777547,472.4785959135771,472.4815839293795,149.83925207895592,149.8290569881936,4.835022535417036,4.835528963349581,0.03700715050052811,826.0,11.0
2326,87.0,99.82891562777547,99.8325262745802,472.4815839293795,472.48460595096014,149.8290569881936,149.82115549883846,4.835528963349581,4.835954046211603,0.02614464137587996,826.0,11.0
2327,87.0,99.8325262745802,99.8386968823888,472.48460595096014,472.4850336870224,149.82115549883846,149.81653649681803,4.835954046211603,4.836323749151009,0.030449754343658045,826.0,11.0
2328,87.0,99.8386968823888,99.84385174939277,472.4850336870224,472.4880778548137,149.81653649681803,149.8153359410482,4.836323749151009,4.836631452332505,0.03940073662883124,826.0,11.0
2329,87.0,99.84385174939277,99.84696800983018,472.4880778548137,472.4895121173955,149.8153359410482,149.81288735254464,4.836631452332505,4.8368635014222106,0.021264808975725517,826.0,11.0
2330,87.0,99.84696800983018,99.85007930261412,472.4895121173955,472.4905995454349,149.81288735254464,149.8127806818963,4.8368635014222106,4.8370570513709366,0.019957715304455698,826.0,11.0
2331,87.0,99.85007930261412,99.85160187299842,472.4905995454349,472.4925003338923,149.8127806818963,149.81218889679238,4.8370570513709366,4.837215818681954,0.014091092993118769,826.0,11.0
2332,87.0,99.85160187299842,99.85339383454055,472.4925003338923,472.49179281376126,149.81218889679238,149.8126664643271,4.837215818681954,4.837350365803828,0.011522486173031895,826.0,11.0
2333,87.0,99.85339383454055,99.85492361638391,472.49179281376126,472.4913958590408,149.8126664643271,149.8126610332425,4.837350365803828,4.83746499894895,0.01691588369701506,826.0,11.0
2334,87.0,99.85492361638391,99.85568547676408,472.4913958590408,472.4918075409253,149.8126610332425,149.81212818852475,4.83746499894895,4.837549002021002,0.020451848471464657,826.0,11.0
2335,87.0,99.85568547676408,99.85544449942856,472.4918075409253,472.4915101763402,149.81212818852475,149.81224459927054,4.837549002021002,4.837591590692035,0.015585178134963238,826.0,11.0
2336,87.0,99.85544449942856,99.85548045261791,472.4915101763402,472.49159279484957,149.81224459927054,149.81224223533013,4.837591590692035,4.83760599288769,0.011511958088495379,826.0,11.0
2337,87.0,99.55169411590761,99.5520983617306,473.10414591978525,473.1083358691817,150.03417924150554,150.029404271532,4.8586385019179765,4.85891435397915,0.012573663066287467,828.0,11.0
2338,87.0,99.5520983617306,99.54953721145566,473.1083358691817,473.1151297533961,150.029404271532,150.01959526749,4.85891435397915,4.859449163519228,0.04698761732082132,828.0,11.0
2339,87.0,99.54953721145566,99.54940662935698,473.1151297533961,473.10581790301524,150.01959526749,150.01876404817116,4.859449163519228,4.859879872035513,0.03512507900360567,828.0,11.0
2340,87.0,99.54940662935698,99.55187520095437,473.10581790301524,473.0991688284479,150.01876404817116,150.0167535344174,4.859879872035513,4.860236368190857,0.06181114481377823,828.0,11.0
2341,87.0,99.55187520095437,99.55424572886561,473.0991688284479,473.09965929775865,150.0167535344174,150.01321197458964,4.860236368190857,4.86047150660649,0.025240010006782526,828.0,11.0
2342,87.0,99.55424572886561,99.55709899515344,473.09965929775865,473.0999746865067,150.01321197458964,150.01463204818938,4.86047150660649,4.8606609768365825,0.045241605681050276,828.0,11.0
2343,87.0,99.55709899515344,99.55769946480078,473.0999746865067,473.09939906318425,150.01463204818938,150.01589561509525,4.8606609768365825,4.86077214267006,0.062487102403837744,828.0,11.0
2344,87.0,99.388314060397,99.38718451851865,473.9566937071434,473.95889138439344,150.11570223434302,150.10548058125647,4.887848937461193,4.888261924630215,0.021380508799662027,830.0,11.0
2345,87.0,99.38718451851865,99.38935474196708,473.95889138439344,473.95281286496066,150.10548058125647,150.0832523059012,4.888261924630215,4.889179052106013,0.05332374879482119,830.0,11.0
2346,87.0,99.38935474196708,99.39844968373744,473.95281286496066,473.93680270372244,150.0832523059012,150.07749198529672,4.889179052106013,4.889963578732463,0.040494197849412675,830.0,11.0
2347,87.0,99.39844968373744,99.39252553149308,473.93680270372244,473.92792136096443,150.07749198529672,150.06493953969496,4.889963578732463,4.890650063833632,0.07172536615448034,830.0,11.0
2348,87.0,99.39252553149308,99.38591839154353,473.92792136096443,473.9323822137109,150.06493953969496,150.0562572226101,4.890650063833632,4.89116984701291,0.039769920027700606,830.0,11.0
2349,87.0,99.38591839154353,99.38022880723244,473.9323822137109,473.93294307761215,150.0562572226101,150.04881698982933,4.89116984701291,4.891601789509228,0.034553154741814245,830.0,11.0
2350,87.0,99.38022880723244,99.38340194006614,473.93294307761215,473.93342572124095,150.04881698982933,150.04211156987074,4.891601789509228,4.8919606462869565,0.04170775187252437,830.0,11.0
2351,87.0,99.38340194006614,99.38820629979142,473.93342572124095,473.93340802754835,150.04211156987074,150.04431526478677,4.8919606462869565,4.892236028169986,0.013844482251627405,830.0,11.0
2352,87.0,99.38820629979142,99.39193869382763,473.93340802754835,473.9326138151384,150.04431526478677,150.0416955464472,4.892236028169986,4.892485000783587,0.022042511957497537,830.0,11.0
2353,87.0,99.39193869382763,99.39277061323345,473.9326138151384,473.9349070335258,150.0416955464472,150.03898572457265,4.892485000783587,4.892693366438149,0.02219226710951403,830.0,11.0
2354,87.0,99.39277061323345,99.3938375980988,473.9349070335258,473.9374134301356,150.03898572457265,150.03869423407016,4.892693366438149,4.8928625908327925,0.01701618579624186,830.0,11.0
2355,87.0,99.3938375980988,99.39214354300769,473.9374134301356,473.938594057935,150.03869423407016,150.0383222901848,4.8928625908327925,4.893002513041292,0.01107520237283748,830.0,11.0
2356,87.0,99.39214354300769,99.39220142227626,473.938594057935,473.93727160848084,150.0383222901848,150.03724892004809,4.893002513041292,4.893123376842086,0.009360492770206293,830.0,11.0
2357,87.0,99.39220142227626,99.39175912464151,473.93727160848084,473.936043821065,150.03724892004809,150.0367880050749,4.893123376842086,4.893227812348775,0.02291878938264989,830.0,11.0
2358,87.0,99.39175912464151,99.3916869296113,473.936043821065,473.93606354755366,150.0367880050749,150.037428467939,4.893227812348775,4.893288275868948,0.017966881297075035,830.0,11.0
2359,87.0,99.3916869296113,99.39159580680447,473.93606354755366,473.9359209834485,150.037428467939,150.03751898138987,4.893288275868948,4.893313155805007,0.017798396347457543,830.0,11.0
2360,87.0,100.15496984895393,100.14689003643602,475.91915581395506,475.92191065913374,150.4700707796712,150.46907396885524,4.968777557367599,4.969131812505493,0.01419437934903866,832.0,11.0
2361,87.0,100.14689003643602,100.1336841457954,475.92191065913374,475.9319399090908,150.46907396885524,150.46745160954828,4.969131812505493,4.969824720727874,0.0510152621092721,832.0,11.0
2362,87.0,100.1336841457954,100.12148548591298,475.9319399090908,475.936654890825,150.46745160954828,150.46970696845565,4.969824720727874,4.97039779958745,0.04553110521421638,832.0,11.0
2363,87.0,100.12148548591298,100.12076436257482,475.936654890825,475.94448372242994,150.46970696845565,150.46285403967482,4.97039779958745,4.970868236822403,0.03711419075560176,832.0,11.0
2364,87.0,100.12076436257482,100.11699369589483,475.94448372242994,475.9517954129345,150.46285403967482,150.4636686497675,4.970868236822403,4.971258574496196,0.02543979654740511,832.0,11.0
2365,87.0,100.11699369589483,100.11069013369259,475.9517954129345,475.9542329367605,150.4636686497675,150.46494448433305,4.971258574496196,4.9715961672473385,0.027979360459986544,832.0,11.0
2366,87.0,100.11069013369259,100.11225535429841,475.9542329367605,475.9590753828485,150.46494448433305,150.4668938136582,4.9715961672473385,4.9718780652954315,0.020636688669641138,832.0,11.0
2367,87.0,100.11225535429841,100.10939106711594,475.9590753828485,475.9601514437066,150.4668938136582,150.46363440612066,4.9718780652954315,4.972120602298303,0.01342468263706694,832.0,11.0
2368,87.0,100.10939106711594,100.11154642898535,475.9601514437066,475.9630979975985,150.46363440612066,150.4623498895316,4.972120602298303,4.972338364564525,0.019768510684326647,832.0,11.0
2369,87.0,100.11154642898535,100.1142754084243,475.9630979975985,475.9644399505258,150.4623498895316,150.46236235004218,4.972338364564525,4.972520837270307,0.019759173709074616,832.0,11.0
2370,87.0,100.1142754084243,100.11483894932032,475.9644399505258,475.96398436171177,150.46236235004218,150.46452113335405,4.972520837270307,4.972669122325989,0.017871341213219438,832.0,11.0
2371,87.0,100.11483894932032,100.11575273088403,475.96398436171177,475.96479509798263,150.46452113335405,150.46561139827864,4.972669122325989,4.9727866375998655,0.010924527121036922,832.0,11.0
2372,87.0,100.11575273088403,100.1167870880399,475.96479509798263,475.9648416764818,150.46561139827864,150.46488055714275,4.9727866375998655,4.972884802318775,0.015060609309937205,832.0,11.0
2373,87.0,100.1167870880399,100.11638644165461,475.9648416764818,475.9642965098684,150.46488055714275,150.46526781087607,4.972884802318775,4.972954215450453,0.012650193406487273,832.0,11.0
2374,87.0,100.11638644165461,100.11637348869475,475.9642965098684,475.96450166495094,150.46526781087607,150.46491302502127,4.972954215450453,4.972997582805749,0.014865109307721362,832.0,11.0
2375,87.0,100.11637348869475,100.11639386061123,475.96450166495094,475.96455592508954,150.46491302502127,150.46500124855373,4.972997582805749,4.97301371990272,0.012616517536612271,832.0,11.0
2376,87.0,100.06352327012371,100.06412791342149,474.8011074163366,474.79873173425995,150.5609208169147,150.56266159257558,5.019330328638363,5.019479769925884,0.00921467640599576,835.0,11.0
2377,87.0,100.06412791342149,100.06474581057792,474.79873173425995,474.79337499231144,150.56266159257558,150.56534259645474,5.019479769925884,5.019784198119451,0.0257900625667488,835.0,11.0
2378,87.0,100.06474581057792,100.06814278216487,474.79337499231144,474.7905336471843,150.56534259645474,150.56709681073497,5.019784198119451,5.020038628977426,0.013981612405472498,835.0,11.0
2379,87.0,100.06814278216487,100.07200028538092,474.7905336471843,474.78920585167543,150.56709681073497,150.5664913317185,5.020038628977426,5.020266948999459,0.02024144882782217,835.0,11.0
2380,87.0,100.07200028538092,100.07297087782892,474.78920585167543,474.78610722946996,150.5664913317185,150.566244275185,5.020266948999459,5.020458733798042,0.014153126493043634,835.0,11.0
2381,87.0,100.07297087782892,100.070814419034,474.78610722946996,474.78590206841983,150.566244275185,150.56784085070268,5.020458733798042,5.020625795731156,0.015589066560266204,835.0,11.0
2382,87.0,100.070814419034,100.0700350155961,474.78590206841983,474.78770975907827,150.56784085070268,150.56858511484938,5.020625795731156,5.020766021905009,0.0166469172312312,835.0,11.0
2383,87.0,100.0700350155961,100.06935476066016,474.78770975907827,474.7888638007407,150.56858511484938,150.56787042449662,5.020766021905009,5.020877474012974,0.011041721945946239,835.0,11.0
2384,87.0,100.06935476066016,100.0692082419876,474.7888638007407,474.788269484179,150.56787042449662,150.56884291211472,5.020877474012974,5.020969087053168,0.01301412216158846,835.0,11.0
2385,87.0,100.0692082419876,100.06970839229338,474.788269484179,474.7887167992629,150.56884291211472,150.569134247958,5.020969087053168,5.021035371320343,0.01633227961011056,835.0,11.0
2386,87.0,100.06970839229338,100.06994208767316,474.7887167992629,474.78855686352415,150.569134247958,150.5691472094344,5.021035371320343,5.0210684430392405,0.016181608139139797,835.0,11.0
2387,87.0,100.06994208767316,100.0699184979006,474.78855686352415,474.788575483179,150.5691472094344,150.56914243404483,5.0210684430392405,5.021075081426611,0.00608022712434898,835.0,11.0
2388,87.0,99.32440719586747,99.32412525996105,473.7706411760073,473.7702651786843,149.12725159194267,149.12733295830193,5.083175931520894,5.083211821304332,0.0022185529583482943,836.0,11.0
2389,87.0,99.32412525996105,99.32309761993506,473.7702651786843,473.76947233429985,149.12733295830193,149.12758721211463,5.083211821304332,5.083312977721104,0.02338212439013991,836.0,11.0
2390,87.0,99.32309761993506,99.32292422899145,473.76947233429985,473.76898547575064,149.12758721211463,149.12733182927326,5.083312977721104,5.083368681194075,0.01411861461611828,836.0,11.0
2391,87.0,99.32292422899145,99.32286122803221,473.76898547575064,473.7687970751258,149.12733182927326,149.12743089704384,5.083368681194075,5.083396345779002,0.01935060884995649,836.0,11.0
2392,87.0,101.07029546614204,101.07000134906917,479.4846779638392,479.4846714835947,122.79983390169164,122.79787479751153,5.983694752702158,5.983801559952037,0.003527266908646434,838.0,11.0
2393,87.0,101.07000134906917,101.06888366371756,479.4846714835947,479.4861982762436,122.79787479751153,122.79387670703227,5.983801559952037,5.984042164723314,0.034349972283316606,838.0,11.0
2394,87.0,101.06888366371756,101.06875066828721,479.4861982762436,479.483247946742,122.79387670703227,122.79387344035027,5.984042164723314,5.9842208075602015,0.01602019759666305,838.0,11.0
2395,87.0,101.06875066828721,101.06838600657561,479.483247946742,479.4831421087859,122.79387344035027,122.79617723029409,5.9842208075602015,5.984371754733829,0.021953805604420774,838.0,11.0
2396,87.0,101.06838600657561,101.06899173691951,479.4831421087859,479.4817209953371,122.79617723029409,122.79630620408201,5.984371754733829,5.984484843134405,0.015595545093632186,838.0,11.0
2397,87.0,101.06899173691951,101.06830779299084,479.4817209953371,479.4815319784473,122.79630620408201,122.79705413049639,5.984484843134405,5.984569678443361,0.014757495495757281,838.0,11.0
2398,87.0,101.06830779299084,101.06800797209948,479.4815319784473,479.4812969876969,122.79705413049639,122.79747740347742,5.984569678443361,5.984624883933799,0.032542640380403255,838.0,11.0
2399,87.0,101.62042211962697,101.62014332379661,479.1670192775089,479.16609376929966,124.41866320859887,124.42018447380353,6.041701872069825,6.041801246454671,0.004353706075783755,839.0,11.0
2400,87.0,101.62014332379661,101.61933895283548,479.16609376929966,479.16452288398625,124.42018447380353,124.42377121156217,6.041801246454671,6.042024309750183,0.019408401809932214,839.0,11.0
2401,87.0,101.61933895283548,101.61924191891435,479.16452288398625,479.1625285293708,124.42377121156217,124.42130481241182,6.042024309750183,6.042212513232204,0.021203173941599023,839.0,11.0
2402,87.0,101.61924191891435,101.6214185497573,479.1625285293708,479.1616881897792,124.42130481241182,124.42106994031253,6.042212513232204,6.042363926371051,0.013292598047018253,839.0,11.0
2403,87.0,101.6214185497573,101.62310393240602,479.1616881897792,479.16138030936065,124.42106994031253,124.42034306652052,6.042363926371051,6.042492506740295,0.01768469125983492,839.0,11.0
2404,87.0,101.62310393240602,101.62240884087022,479.16138030936065,479.161727723016,124.42034306652052,124.42132895492634,6.042492506740295,6.042590014030786,0.016316708368563294,839.0,11.0
2405,87.0,101.62240884087022,101.6222548217903,479.161727723016,479.1610431416445,124.42132895492634,124.4211313002256,6.042590014030786,6.0426561324840895,0.018068668569220854,839.0,11.0
2406,87.0,101.6222548217903,101.62226561175879,479.1610431416445,479.1608863348697,124.4211313002256,124.42094426833822,6.0426561324840895,6.04268579848281,0.02044432879605266,839.0,11.0
2407,87.0,101.62042242187698,101.62042356819782,479.16702022206766,479.16702333210213,124.41866594187832,124.41867419323907,6.0417027838027,6.041705597714113,0.0028627564257484002,840.0,11.0
2408,87.0,102.51052863517717,102.51105678978669,501.3532279216982,501.36055227843417,146.64072140883005,146.63952591501973,5.834013505175458,5.8343274717388685,0.01415472161249018,842.0,11.0
2409,87.0,102.51105678978669,102.51438547304915,501.36055227843417,501.3739367049869,146.63952591501973,146.63583940820808,5.8343274717388685,5.83493632429033,0.046610019747381715,842.0,11.0
2410,87.0,102.51438547304915,102.52500802423931,501.3739367049869,501.37707689325316,146.63583940820808,146.63809930538943,5.83493632429033,5.835438660751865,0.02637335623531151,842.0,11.0
2411,87.0,102.52500802423931,102.52936339819446,501.37707689325316,501.36844029341074,146.63809930538943,146.63898789616087,5.835438660751865,5.8358828022152505,0.047350807162378106,842.0,11.0
2412,87.0,102.52936339819446,102.52956746629184,501.36844029341074,501.3628896205397,146.63898789616087,146.6346498224699,5.8358828022152505,5.836226913829149,0.029023335914567884,842.0,11.0
2413,87.0,102.52956746629184,102.5320785172261,501.3628896205397,501.3581855706698,146.6346498224699,146.63309097112742,5.836226913829149,5.836513000987566,0.01440945633697031,842.0,11.0
2414,87.0,102.5320785172261,102.53285938428265,501.3581855706698,501.35744654713136,146.63309097112742,146.6283513454552,5.836513000987566,5.836771332735912,0.017954521177636063,842.0,11.0
2415,87.0,102.53285938428265,102.53076687985376,501.35744654713136,501.3548825616551,146.6283513454552,146.63066706631736,5.836771332735912,5.836996129757818,0.0236241642663759,842.0,11.0
2416,87.0,102.53076687985376,102.52836693616321,501.3548825616551,501.3530357513391,146.63066706631736,146.6309428915145,5.836996129757818,5.837178589556021,0.021052737154738918,842.0,11.0
2417,87.0,102.52836693616321,102.52673430491625,501.3530357513391,501.3540131120726,146.6309428915145,146.6321037131093,5.837178589556021,5.837324638398666,0.009934117061502318,842.0,11.0
2418,87.0,102.52673430491625,102.52617967392032,501.3540131120726,501.3540987590989,146.6321037131093,146.633887038983,5.837324638398666,5.83745362959322,0.013876517996362707,842.0,11.0
2419,87.0,102.52617967392032,102.52632300080654,501.3540987590989,501.3553302276097,146.633887038983,146.63325739329213,5.83745362959322,5.837558408347104,0.02809805942834026,842.0,11.0
2420,87.0,102.52632300080654,102.52638238744753,501.3553302276097,501.3556245273461,146.63325739329213,146.6328584564455,5.837558408347104,5.83760853393704,0.017293418465725918,842.0,11.0
2421,87.0,102.52638238744753,102.52642837396002,501.3556245273461,501.3557007534374,146.6328584564455,146.63293656247595,5.83760853393704,5.837626067628773,0.01348525099986227,842.0,11.0
2422,87.0,103.23273780508887,103.23273798343484,500.0032259305506,500.0032315422001,147.99449897512983,147.99455888852765,5.902184778419015,5.902192559114046,0.0012803101151235257,843.0,11.0
2423,87.0,103.23273798343484,103.23275626352725,500.0032315422001,500.003229403265,147.99455888852765,147.99472820904685,5.902192559114046,5.902215372161465,0.016622663011118873,843.0,11.0
2424,87.0,103.90940240669025,103.90946509792339,499.13058431273396,499.130554168223,147.94736860406016,147.9474814610734,5.939057908382142,5.939076931478178,0.014392928425444556,846.0,11.0
2425,87.0,104.09230490597483,104.09223538519942,495.7346056125965,495.73433846993987,145.68586197307565,145.68557327019374,6.075284782403945,6.0753160451946355,0.0016192315420879098,847.0,11.0
2426,87.0,104.09223538519942,104.09194824846038,495.73433846993987,495.7335227519087,145.68557327019374,145.68478503883566,6.0753160451946355,6.075408838387379,0.023945137543835603,847.0,11.0
2427,87.0,104.09194824846038,104.09169797169739,495.7335227519087,495.7333963714785,145.68478503883566,145.68511325188257,6.075408838387379,6.075453876813334,0.022298843324405827,847.0,11.0
2428,87.0,104.09169797169739,104.09172414582395,495.7333963714785,495.7333890161491,145.68511325188257,145.6851010564658,6.075453876813334,6.0754604175724305,0.006004345826529114,847.0,11.0
2429,87.0,111.3339402832199,111.33403218275892,501.7165156859845,501.7165100831829,146.3465090759149,146.34649015286885,6.38937254498896,6.389387388242333,0.011796024447011803,849.0,11.0
2430,87.0,111.14530344046432,111.1456061468861,502.2707480848324,502.2711361660804,146.96726232885413,146.96796557352178,6.417829939194412,6.417885532263077,0.0026068380787183554,850.0,11.0
2431,87.0,111.1456061468861,111.14761836219301,502.2711361660804,502.2718504509156,146.96796557352178,146.96858566777934,6.417885532263077,6.418031325227213,0.009717892791417972,850.0,11.0
2432,87.0,111.14761836219301,111.14927254909855,502.2718504509156,502.27252310668956,146.96858566777934,146.96802412851795,6.418031325227213,6.418160432196469,0.013709316002975305,850.0,11.0
2433,87.0,111.14927254909855,111.14973533986915,502.27252310668956,502.27273236024064,146.96802412851795,146.96672122223035,6.418160432196469,6.41826562842358,0.022821990921516138,850.0,11.0
2434,87.0,111.14973533986915,111.14974196524179,502.27273236024064,502.2728062882203,146.96672122223035,146.96606471107756,6.41826562842358,6.418327175112255,0.013443689654290936,850.0,11.0
2435,87.0,111.14974196524179,111.1497699601983,502.2728062882203,502.27294184307584,146.96606471107756,146.96632706271075,6.418327175112255,6.4183613633895265,0.013730683717453604,850.0,11.0
2436,87.0,111.1497699601983,111.14971487717294,502.27294184307584,502.2729581511024,146.96632706271075,146.96630845167894,6.4183613633895265,6.418372169881867,0.009114889099313558,850.0,11.0
2437,87.0,111.14530491890837,111.14530823262824,502.2707482153749,502.27074926877293,146.96726436429987,146.9672704087535,6.417830762348333,6.4178331438313,0.00245494263510775,851.0,11.0
2438,87.0,100.34445854097402,100.34443559236266,481.95572804835047,481.95573682170124,149.20733977931565,149.20735311797847,5.159107935917368,5.15911418876049,0.005779077939540573,854.0,11.0
2439,87.0,104.3640254165872,104.36335234294627,511.3254047185771,511.32595784069406,139.9631912147835,139.96324254161726,6.194869032314011,6.1949256898428695,0.002184125648774962,855.0,11.0
2440,87.0,104.36335234294627,104.36180725542833,511.32595784069406,511.3275385422174,139.96324254161726,139.96303611662557,6.1949256898428695,6.195071323570813,0.01498252120799761,855.0,11.0
2441,87.0,104.36180725542833,104.36276387973528,511.3275385422174,511.3288339552904,139.96303611662557,139.9625435243284,6.195071323570813,6.195191179089306,0.03266461192613976,855.0,11.0
2442,87.0,104.36276387973528,104.36318517675893,511.3288339552904,511.32913602828114,139.9625435243284,139.96221116102163,6.195191179089306,6.195249640699152,0.01731199396555807,855.0,11.0
2443,87.0,104.36318517675893,104.3631910348546,511.32913602828114,511.32929528220177,139.96221116102163,139.96230720006042,6.195249640699152,6.19527396896142,0.01748666735013716,855.0,11.0
2444,87.0,114.5806473439211,114.58073545940006,519.058762480788,519.0585532340834,135.25835461443404,135.25752445468743,6.650201326534752,6.650275882566855,0.014919406318146297,856.0,11.0
2445,87.0,114.58073545940006,114.58114575844509,519.0585532340834,519.0585921390644,135.25752445468743,135.25745668931313,6.650275882566855,6.650319842642929,0.027773547807177855,856.0,11.0
2446,87.0,120.58508063921222,120.58512188465997,525.1140304506614,525.1142010840524,137.56702616615704,137.56694326634707,6.9448707147358,6.944895806671258,0.017917815533952983,857.0,11.0
2447,87.0,127.23949602672425,127.23995786049991,532.7016371827057,532.7019007641563,146.1210116793343,146.12078460091882,7.3861568389401056,7.386195318820262,0.010046791817337499,858.0,11.0
2448,87.0,127.23995786049991,127.2394338245801,532.7019007641563,532.7004048706009,146.12078460091882,146.12153713924187,7.386195318820262,7.386318681896028,0.014921818947296616,858.0,11.0
2449,87.0,127.2394338245801,127.23997534685893,532.7004048706009,532.7007255881327,146.12153713924187,146.1204610855047,7.386318681896028,7.38641571145821,0.016173446122770715,858.0,11.0
2450,87.0,127.23997534685893,127.2404538348267,532.7007255881327,532.7003111783031,146.1204610855047,146.12081513152125,7.38641571145821,7.386481584725051,0.0144301577020664,858.0,11.0
2451,87.0,127.2404538348267,127.24070657262476,532.7003111783031,532.7002349816391,146.12081513152125,146.12100043843333,7.386481584725051,7.38651793725627,0.01667740555254528,858.0,11.0
2452,87.0,127.24070657262476,127.24069725943448,532.7002349816391,532.7002263674701,146.12100043843333,146.121039706369,7.38651793725627,7.38652617568833,0.00728555489122407,858.0,11.0
2453,87.0,123.36635143040425,123.3666925295345,535.0655173661113,535.065861943727,150.9671752937159,150.9672701401613,7.6076200612491665,7.607669799156325,0.013311063888525576,861.0,11.0
2454,87.0,123.3666925295345,123.36665497995591,535.065861943727,535.0658182187207,150.9672701401613,150.96744303102122,7.607669799156325,7.607693763147513,0.017280033795700145,861.0,11.0
2455,87.0,119.13738721400473,119.13737994506171,531.7303812963377,531.7303357912913,154.43195906301784,154.43194549415654,7.821217569531115,7.821224159554174,0.0050154604376321165,863.0,11.0
2456,87.0,119.13737994506171,119.13734915557214,531.7303357912913,531.73026631263,154.43194549415654,154.4319183079294,7.821224159554174,7.821237463945587,0.010795077226215564,863.0,11.0
2457,87.0,118.91343495204038,118.91315958837147,531.7594228221062,531.7594984252922,154.6275655304353,154.6276352960703,7.831183263209377,7.831208148405983,0.0013261493017705812,865.0,11.0
2458,87.0,118.91315958837147,118.91238870678436,531.7594984252922,531.7595448191166,154.6276352960703,154.62808014577982,7.831208148405983,7.831284600287415,0.013115287626851652,865.0,11.0
2459,87.0,118.91238870678436,118.91205819100783,531.7595448191166,531.7596696941275,154.62808014577982,154.62773705509377,7.831284600287415,7.831334223185212,0.01570009153395895,865.0,11.0
2460,87.0,118.91205819100783,118.91216039365406,531.7596696941275,531.7596063391568,154.62773705509377,154.62780821145978,7.831334223185212,7.831353983428121,0.014835339013915438,865.0,11.0
2461,87.0,119.20777918921121,119.20764465498314,531.5553516321678,531.5550096607628,154.99025858089527,154.99028439533265,7.848195259692418,7.848235342079735,0.01722660624847658,867.0,11.0
2462,87.0,119.20764465498314,119.20767974837892,531.5550096607628,531.5549920127926,154.99028439533265,154.9903227934082,7.848235342079735,7.84824544112841,0.008624008454581542,867.0,11.0
2463,87.0,119.24026505181966,119.24025028311135,531.548806451525,531.5487972503508,154.96882475468084,154.96873038289237,7.849503748944458,7.849518815277083,0.011938582828499382,868.0,11.0
2464,87.0,119.7732827568839,119.7733363720209,531.4246459028938,531.4247092160228,155.38722325825864,155.38725524399595,7.872481410621848,7.872495672910521,0.01142122103246839,869.0,11.0
2465,87.0,118.89987617647716,118.89982510498737,530.5431131715366,530.5430568139598,155.08032092188216,155.0803197083475,7.91511937498581,7.915132125180727,0.010428651916666259,871.0,11.0
2466,87.0,119.14748175489959,119.1474751398586,530.4164883251763,530.4162359898513,154.96230731678898,154.96180297428006,7.925192166519788,7.9252329225554545,0.001098937127085128,872.0,11.0
2467,87.0,119.1474751398586,119.1477274029954,530.4162359898513,530.4155335360738,154.96180297428006,154.96043037566463,7.9252329225554545,7.925346635254859,0.06393875394053491,872.0,11.0
2468,87.0,119.14748134058763,119.1474797237574,530.4164864184096,530.4164809460669,154.96230873920075,154.96231341108134,7.9251929654119895,7.925195439977823,0.0025437845492964416,873.0,11.0
2469,87.0,97.44906338798343,97.44893939377121,479.7232573527227,479.72368958195585,149.79653366441025,149.79611755393682,5.091005280216374,5.091048400505577,0.0013786509748472827,877.0,11.0
2470,87.0,97.44893939377121,97.4481347690253,479.72368958195585,479.72498897625,149.79611755393682,149.79537250023657,5.091048400505577,5.091169068282323,0.014556884587814052,877.0,11.0
2471,87.0,97.4481347690253,97.44884775317938,479.72498897625,479.72594966625894,149.79537250023657,149.7955338609256,5.091169068282323,5.09126392649575,0.01601618320921556,877.0,11.0
2472,87.0,97.44884775317938,97.44868167193783,479.72594966625894,479.72630743769395,149.7955338609256,149.79496363322994,5.09126392649575,5.091327677075681,0.021914927304396443,877.0,11.0
2473,87.0,97.44868167193783,97.4486007254149,479.72630743769395,479.7262974752406,149.79496363322994,149.79483795589348,5.091327677075681,5.091348462013472,0.015443498789303841,877.0,11.0
2474,87.0,96.4940915300323,96.49405045941204,480.3628038484977,480.36255334267815,152.09907911863414,152.09978982194508,5.176846731749376,5.176897499451243,0.006926199306422208,879.0,11.0
2475,87.0,96.49405045941204,96.49438038705435,480.36255334267815,480.36193060371505,152.09978982194508,152.10143563285726,5.176897499451243,5.177022623474528,0.021879447919587562,879.0,11.0
2476,87.0,96.49438038705435,96.49467789062086,480.36193060371505,480.3621603745802,152.10143563285726,152.1024179770104,5.177022623474528,5.177108673415389,0.014226273321894472,879.0,11.0
2477,87.0,96.49467789062086,96.4950500995457,480.3621603745802,480.3624435521433,152.1024179770104,152.10203576872766,5.177108673415389,5.1771663131527195,0.015236208756542156,879.0,11.0
2478,87.0,96.4950500995457,96.49514369515971,480.3624435521433,480.3623129629101,152.10203576872766,152.1018879618951,5.1771663131527195,5.177193643385174,0.01916611048963352,879.0,11.0
2479,87.0,101.72418335764142,101.72376440052349,491.3733308340573,491.3745701240474,147.71702641790924,147.71620013971625,5.608922272564342,5.60901033652885,0.005207486131758887,881.0,11.0
2480,87.0,101.72376440052349,101.72186088238223,491.3745701240474,491.3772419867667,147.71620013971625,147.7150334185234,5.60901033652885,5.609211752497734,0.01758697131620707,881.0,11.0
2481,87.0,101.72186088238223,101.7202793682868,491.3772419867667,491.37869618312186,147.7150334185234,147.71328779981462,5.609211752497734,5.609382246185748,0.018740295387895494,881.0,11.0
2482,87.0,101.7202793682868,101.7201468490811,491.37869618312186,491.3801274024404,147.71328779981462,147.71476643370113,5.609382246185748,5.609520467443212,0.017961480979081474,881.0,11.0
2483,87.0,101.7201468490811,101.7209888092514,491.3801274024404,491.37997282709705,147.71476643370113,147.71591692489034,5.609520467443212,5.60962753836487,0.014736729965992837,881.0,11.0
2484,87.0,101.7209888092514,101.72097970666864,491.37997282709705,491.37934418369076,147.71591692489034,147.71662692934333,5.60962753836487,5.609707470074311,0.015347775323448703,881.0,11.0
2485,87.0,101.72097970666864,101.72120533816332,491.37934418369076,491.3789520068843,147.71662692934333,147.7167869411823,5.609707470074311,5.609756158122504,0.03008252958998293,881.0,11.0
2486,87.0,101.72418116840385,101.72417512758673,491.37333013807074,491.3733302953313,147.71702582461467,147.71702560076443,5.608923048176913,5.608925208853919,0.0022413002160575676,882.0,11.0
2487,87.0,94.92920503927684,94.9288238399086,482.5286167850628,482.5288110670689,158.30465070728778,158.30494454163733,5.30300636068343,5.303044615734166,0.004813468562692061,885.0,11.0
2488,87.0,94.9288238399086,94.92781145367763,482.5288110670689,482.52922686896466,158.30494454163733,158.30570952386648,5.303044615734166,5.303146453449768,0.014910981122877916,885.0,11.0
2489,87.0,94.92781145367763,94.92851571770439,482.52922686896466,482.5287799910069,158.30570952386648,158.30555229718405,5.303146453449768,5.303220266945331,0.013714730105602277,885.0,11.0
2490,87.0,94.92851571770439,94.92877200887845,482.5287799910069,482.52883159268083,158.30555229718405,158.30519873735707,5.303220266945331,5.303265921845783,0.020888406795716484,885.0,11.0
2491,87.0,94.92877200887845,94.92879051860803,482.52883159268083,482.52883332307084,158.30519873735707,158.30524024931768,5.303265921845783,5.3032747505175095,0.007716817332146936,885.0,11.0
2492,87.0,95.22659296638969,95.22679290707332,482.61860903662307,482.6184765225942,158.3119374678219,158.3119363097688,5.313380861824241,5.313410133848912,0.020230472343231415,886.0,11.0
2493,87.0,95.25646824673154,95.25647094854313,483.00391242183923,483.00395424786865,158.12326816304972,158.12326459202308,5.327717713473496,5.327726064901565,0.007368609889606059,887.0,11.0
2494,87.0,84.23911351513495,84.23909925166956,487.67513287443563,487.6751297657326,143.1837161935024,143.18371814104694,5.96984588426665,5.969849874697115,0.003916938188616557,890.0,11.0
2495,87.0,83.37962908159324,83.37943895976449,491.6554553877183,491.6554786391945,134.52816815589753,134.5278047028147,6.291099135973187,6.291142565455196,0.02751225390512304,892.0,11.0
2496,87.0,83.42262051063338,83.42261497704281,491.707762245884,491.7077718447683,134.7759284482786,134.77609093445508,6.299654437574555,6.299676520509199,0.016201813321502414,893.0,11.0
2497,87.0,84.04046590417627,84.04034090897639,491.9105027896876,491.91060947336575,131.84534187309208,131.8450102214873,6.399776861599085,6.3998052023829235,0.002406186753837201,894.0,11.0
2498,87.0,84.04034090897639,84.03957121536293,491.91060947336575,491.91079224713815,131.8450102214873,131.84405851262753,6.3998052023829235,6.399901736705078,0.016455818965355667,894.0,11.0
2499,87.0,84.03957121536293,84.0398561780982,491.91079224713815,491.911183564763,131.84405851262753,131.8435416830876,6.399901736705078,6.399966473246735,0.015422055701766869,894.0,11.0
2500,87.0,84.0398561780982,84.03977603683101,491.911183564763,491.91104835225616,131.8435416830876,131.84330163005365,6.399966473246735,6.399999839447921,0.021225381249081115,894.0,11.0
2501,87.0,84.03977603683101,84.03977833203939,491.91104835225616,491.9110482861902,131.84330163005365,131.8433020051651,6.399999839447921,6.40000097815723,0.001190916803682402,894.0,11.0
2502,87.0,84.04046607017253,84.04046725489617,491.9105015177703,491.91049760694716,131.8453439581949,131.8453504869944,6.3997776718942605,6.399780221273964,0.00261474,895.0,11.0
2503,87.0,99.56425619803709,99.56431109107174,472.8145840194617,472.8147865724774,149.91449292682478,149.91448367564612,4.8494116797183855,4.849431011699853,0.0014770729852747592,899.0,11.0
2504,87.0,99.56431109107174,99.56441957253456,472.8147865724774,472.8154234012951,149.91448367564612,149.91447827507244,4.849431011699853,4.849491557677402,0.012803453574255474,899.0,11.0
2505,87.0,99.56441957253456,99.56456615436203,472.8154234012951,472.81523157903166,149.91447827507244,149.9142998648751,4.849491557677402,4.84952604623218,0.02238735668887089,899.0,11.0
2506,87.0,99.97417011388066,99.97412780005502,472.2396022538176,472.2395672597116,149.81478482453196,149.81477291672854,4.825562362369044,4.825572625785677,0.008738730283363605,902.0,11.0
2507,87.0,99.97428361270578,99.97427737175803,472.2397322140009,472.23973643437,149.81469746674816,149.8146923719819,4.82556567697354,4.825568534879411,0.0029036216249593216,904.0,11.0
2508,87.0,75.81963198994376,75.70571060510323,490.95799709185513,491.0341169961257,164.70491803380446,164.79156053242795,5.957832192104648,5.963276484949728,0.23850518687055858,906.0,11.0
2509,87.0,75.70571060510323,75.43309809451856,491.0341169961257,491.1277212921292,164.79156053242795,164.96246614770604,5.963276484949728,5.974539469456315,0.7372463818995221,906.0,11.0
2510,87.0,75.43309809451856,75.27103657700751,491.1277212921292,491.15948061559027,164.96246614770604,165.04292741144158,5.974539469456315,5.980736730372864,0.3479000355978176,906.0,11.0
2511,87.0,75.27103657700751,75.18304311521341,491.15948061559027,491.23751805121645,165.04292741144158,165.1586253668777,5.980736730372864,5.986358766518513,0.29245782017674216,906.0,11.0
2512,87.0,75.18304311521341,75.1385050035407,491.23751805121645,491.3435595449196,165.1586253668777,165.23126426668364,5.986358766518513,5.991023215841593,0.3381826954311368,906.0,11.0
2513,87.0,75.1385050035407,75.07890613926944,491.3435595449196,491.42789104046585,165.23126426668364,165.22775159036104,5.991023215841593,5.9946065245112905,0.25709967422669355,906.0,11.0
2514,87.0,75.07890613926944,75.02858038326531,491.42789104046585,491.4841279030634,165.22775159036104,165.25193764565364,5.9946065245112905,5.997393985484713,0.191736832692763,906.0,11.0
2515,87.0,75.02858038326531,74.98653016793958,491.4841279030634,491.5290993355187,165.25193764565364,165.2584265662354,5.997393985484713,5.999607623751622,0.1393436860312648,906.0,11.0
2516,87.0,74.98653016793958,74.94614035344227,491.5290993355187,491.54174750229475,165.2584265662354,165.28458742124022,5.999607623751622,6.001417984788663,0.09859689495146293,906.0,11.0
2517,87.0,74.94614035344227,74.92303517583198,491.54174750229475,491.56997987635657,165.28458742124022,165.30426716262133,6.001417984788663,6.0029517004093265,0.22641946088400408,906.0,11.0
2518,87.0,74.92303517583198,74.90874486673654,491.56997987635657,491.5740862312543,165.30426716262133,165.28580066338708,6.0029517004093265,6.003888044663428,0.05466310170093285,906.0,11.0
2519,87.0,74.90874486673654,74.89619087462981,491.5740862312543,491.5732129695125,165.28580066338708,165.27059467908038,6.003888044663428,6.004687964519805,0.047009411074563634,906.0,11.0
2520,87.0,74.89619087462981,74.8903389163942,491.5732129695125,491.5884102384904,165.27059467908038,165.27299970379528,6.004687964519805,6.0053738631063265,0.037372469699683386,906.0,11.0
2521,87.0,74.8903389163942,74.90008816036631,491.5884102384904,491.59645266780115,165.27299970379528,165.2670559150936,6.0053738631063265,6.005971705989613,0.02965684385306389,906.0,11.0
2522,87.0,74.90008816036631,74.91035699240791,491.59645266780115,491.6008044470558,165.2670559150936,165.27165961382974,6.005971705989613,6.006501540639756,0.0293184100279921,906.0,11.0
2523,87.0,74.91035699240791,74.9126089874872,491.6008044470558,491.59435163197384,165.27165961382974,165.2793188451223,6.006501540639756,6.006965963878732,0.04007141016758761,906.0,11.0
2524,87.0,74.9126089874872,74.91557653148324,491.59435163197384,491.5875035428924,165.2793188451223,165.28205530499258,6.006965963878732,6.007344342839564,0.050424712557692014,906.0,11.0
2525,87.0,74.91557653148324,74.91581465705885,491.5875035428924,491.5838478495427,165.28205530499258,165.28341520095435,6.007344342839564,6.007547639577588,0.011650183072417402,906.0,11.0
2526,87.0,74.91581465705885,74.91575335236219,491.5838478495427,491.5816229551726,165.28341520095435,165.28400522561577,6.007547639577588,6.007697100615695,0.010891526118456353,906.0,11.0
2527,87.0,74.91575335236219,74.91478539979764,491.5816229551726,491.5802004161825,165.28400522561577,165.28318525254284,6.007697100615695,6.007827857904066,0.012754027683385427,906.0,11.0
2528,87.0,74.91478539979764,74.91459323563627,491.5802004161825,491.57989059831834,165.28318525254284,165.284602228035,6.007827857904066,6.007936449760083,0.01093446951889785,906.0,11.0
2529,87.0,74.91459323563627,74.91431893135777,491.57989059831834,491.580524389311,165.284602228035,165.28545775477627,6.007936449760083,6.008025247146282,0.013081657943255913,906.0,11.0
2530,87.0,74.91431893135777,74.91475080664252,491.580524389311,491.5805794003107,165.28545775477627,165.28493190213692,6.008025247146282,6.00808828156294,0.01625903824338509,906.0,11.0
2531,87.0,74.91475080664252,74.91452866325344,491.5805794003107,491.58060780269545,165.28493190213692,165.28481913634258,6.00808828156294,6.008118515616651,0.02075145131043517,906.0,11.0
2532,87.0,77.5728921007656,77.57363466955019,493.1215550576332,493.1259973921724,165.42636711403404,165.4280828185435,6.053788517235981,6.05400643485494,0.011827127212040257,908.0,11.0
2533,87.0,77.57363466955019,77.57914472427173,493.1259973921724,493.1329060601938,165.4280828185435,165.43182501635633,6.05400643485494,6.054446267544992,0.04015286595772318,908.0,11.0
2534,87.0,77.57914472427173,77.58313356972273,493.1329060601938,493.139030191912,165.43182501635633,165.43235711793548,6.054446267544992,6.0548010862476005,0.023395584169096026,908.0,11.0
2535,87.0,77.58313356972273,77.58361857118244,493.139030191912,493.1451068389371,165.43235711793548,165.43216028540184,6.0548010862476005,6.055108529302141,0.01857601867046074,908.0,11.0
2536,87.0,77.58361857118244,77.58169131569342,493.1451068389371,493.14912025996375,165.43216028540184,165.43480472444983,6.055108529302141,6.055379629524671,0.015962818560367426,908.0,11.0
2537,87.0,77.58169131569342,77.58104008755517,493.14912025996375,493.1502390985829,165.43480472444983,165.43904028267667,6.055379629524671,6.055620468890109,0.02147305225652332,908.0,11.0
2538,87.0,77.58104008755517,77.5822049388534,493.1502390985829,493.15335708834107,165.43904028267667,165.4400771009188,6.055620468890109,6.055822069335473,0.01854044992967571,908.0,11.0
2539,87.0,77.5822049388534,77.58190091355935,493.15335708834107,493.15606382952365,165.4400771009188,165.439829091103,6.055822069335473,6.055991090446338,0.01060953888901182,908.0,11.0
2540,87.0,77.58190091355935,77.58132024473784,493.15606382952365,493.1581448048996,165.439829091103,165.438956273712,6.055991090446338,6.056141818829965,0.01827347108963285,908.0,11.0
2541,87.0,77.58132024473784,77.57965580642525,493.1581448048996,493.1582704603039,165.438956273712,165.43906371152644,6.056141818829965,6.056261105257346,0.009179448020147387,908.0,11.0
2542,87.0,77.57965580642525,77.57986326818455,493.1582704603039,493.1591052472618,165.43906371152644,165.44011658960744,6.056261105257346,6.056364241289796,0.015679089635654165,908.0,11.0
2543,87.0,77.57986326818455,77.57961131542264,493.1591052472618,493.1588672184098,165.44011658960744,165.4408898620477,6.056364241289796,6.056437969064005,0.015677897818641737,908.0,11.0
2544,87.0,77.57961131542264,77.57964147792022,493.1588672184098,493.15852959957954,165.4408898620477,165.44070254266288,6.056437969064005,6.056479552755766,0.01165950710183677,908.0,11.0
2545,87.0,77.57964147792022,77.57969963732718,493.15852959957954,493.1584152916486,165.44070254266288,165.4406429271376,6.056479552755766,6.056499487687449,0.014939563109454173,908.0,11.0
2546,87.0,87.31549336338952,87.31693185222682,488.028431808926,488.0287545764136,167.40024951680883,167.39994915175976,6.426357953956526,6.426443046149664,0.002850278119367611,910.0,11.0
2547,87.0,87.31693185222682,87.32029958250762,488.0287545764136,488.02985449951046,167.39994915175976,167.3989858960014,6.426443046149664,6.426652478254832,0.01996322285873237,910.0,11.0
2548,87.0,87.32029958250762,87.32142608771804,488.02985449951046,488.03247215178527,167.3989858960014,167.39893451735836,6.426652478254832,6.426826594632258,0.01584343614462698,910.0,11.0
2549,87.0,87.32142608771804,87.32028071577521,488.03247215178527,488.0342302063691,167.39893451735836,167.39813698726735,6.426826594632258,6.426973375207981,0.022240084714047478,910.0,11.0
2550,87.0,87.32028071577521,87.32163010835521,488.0342302063691,488.03477478616804,167.39813698726735,167.39822698174618,6.426973375207981,6.427081695672527,0.021039170526248124,910.0,11.0
2551,87.0,87.32163010835521,87.32233776319502,488.03477478616804,488.034513464206,167.39822698174618,167.3980716565824,6.427081695672527,6.427150504164629,0.039833873191342864,910.0,11.0
2552,87.0,84.30385836861365,84.30556239318365,493.4895427204644,493.48992328723295,168.6810799378014,168.68099221824724,6.6387264654722244,6.638823672231941,0.006669019673894877,912.0,11.0
2553,87.0,84.30556239318365,84.3092485249231,493.48992328723295,493.490349187199,168.68099221824724,168.68037476321624,6.638823672231941,6.639036897271478,0.022834000969904775,912.0,11.0
2554,87.0,84.3092485249231,84.30969325641743,493.490349187199,493.4929971298883,168.68037476321624,168.67951344308204,6.639036897271478,6.639209671991304,0.017161683083135204,912.0,11.0
2555,87.0,84.30969325641743,84.30840836881254,493.4929971298883,493.49423704737563,168.67951344308204,168.67828449805324,6.639209671991304,6.639352860549517,0.008917504361353693,912.0,11.0
2556,87.0,84.30840836881254,84.30733930238827,493.49423704737563,493.49294616191685,168.67828449805324,168.67750947045332,6.639352860549517,6.639480736284388,0.014381237198829387,912.0,11.0
2557,87.0,84.30733930238827,84.30721147466787,493.49294616191685,493.4924747014532,168.67750947045332,168.67624902432905,6.639480736284388,6.639583456652771,0.013074866906916588,912.0,11.0
2558,87.0,84.30721147466787,84.3064171594099,493.4924747014532,493.4920966816887,168.67624902432905,168.67652923862863,6.639583456652771,6.639661867136046,0.017660223404654365,912.0,11.0
2559,87.0,84.3064171594099,84.30667998244344,493.4920966816887,493.49180712174194,168.67652923862863,168.6765991955473,6.639661867136046,6.63970423636856,0.018304390634960515,912.0,11.0
2560,87.0,84.30667998244344,84.30670191082682,493.49180712174194,493.4918560736568,168.6765991955473,168.67661378429347,6.63970423636856,6.6397144215489705,0.008684176691061009,912.0,11.0
2561,87.0,84.30386046429092,84.30386705207114,493.4895432009295,493.489544711276,168.68107856813415,168.6810742625729,6.6387272988393295,6.6387299185362565,0.00268108,913.0,11.0
2562,87.0,75.27103657700751,75.25664736431816,491.15948061559027,491.16630279149257,165.04292741144158,165.03723994741333,5.980736730372864,5.981376312391662,0.03018706892675626,916.0,11.0
2563,87.0,75.25664736431816,75.23065636925561,491.16630279149257,491.178197422644,165.03723994741333,165.02467659193252,5.981376312391662,5.982567185797406,0.15953565680321205,916.0,11.0
2564,87.0,75.23065636925561,75.21446649541306,491.178197422644,491.18001314004835,165.02467659193252,165.01424477999413,5.982567185797406,5.983353511243999,0.0413463388185518,916.0,11.0
2565,87.0,75.21446649541306,75.21474453479338,491.18001314004835,491.17615727786927,165.01424477999413,165.03025498087803,5.983353511243999,5.984039713149488,0.07331244324731223,916.0,11.0
2566,87.0,75.21474453479338,75.21331587921466,491.17615727786927,491.1796107263318,165.03025498087803,165.0413218091324,5.984039713149488,5.984555655491746,0.04097949892909508,916.0,11.0
2567,87.0,75.21331587921466,75.21523918201562,491.1796107263318,491.1803936639488,165.0413218091324,165.05029810697718,5.984555655491746,5.984981308638197,0.0383158082885202,916.0,11.0
2568,87.0,75.21523918201562,75.2101151411438,491.1803936639488,491.18472266509826,165.05029810697718,165.04805158780403,5.984981308638197,5.985326430080415,0.028175540417236248,916.0,11.0
2569,87.0,75.2101151411438,75.20450654885082,491.18472266509826,491.18475674362924,165.04805158780403,165.0476676791837,5.985326430080415,5.985615137681077,0.04932120715923523,916.0,11.0
2570,87.0,75.20450654885082,75.20150559088908,491.18475674362924,491.184286658777,165.0476676791837,165.04621144951312,5.985615137681077,5.9858117268153554,0.014198392940044501,916.0,11.0
2571,87.0,75.20150559088908,75.20092926588202,491.184286658777,491.1827274340476,165.04621144951312,165.0484582525276,5.9858117268153554,5.98598340133669,0.016570781653009375,916.0,11.0
2572,87.0,75.20092926588202,75.20309386333619,491.1827274340476,491.1828065175749,165.0484582525276,165.04846395753208,5.98598340133669,5.986126515714702,0.018105867832369338,916.0,11.0
2573,87.0,75.20309386333619,75.20440774626213,491.1828065175749,491.18209079955875,165.04846395753208,165.0481639453322,5.986126515714702,5.986238360251421,0.010821235927025143,916.0,11.0
2574,87.0,75.20440774626213,75.20551399416686,491.18209079955875,491.1817418925766,165.0481639453322,165.04807128750068,5.986238360251421,5.986330792177512,0.015050122334878045,916.0,11.0
2575,87.0,75.20551399416686,75.2052730697408,491.1817418925766,491.1813629177112,165.04807128750068,165.0475574379794,5.986330792177512,5.98639380906235,0.021360539674481826,916.0,11.0
2576,87.0,75.2052730697408,75.20538806853375,491.1813629177112,491.18126178609134,165.0475574379794,165.047554261528,5.98639380906235,5.986414930245916,0.015641438865582256,916.0,11.0
2577,87.0,75.76884302450331,75.768770750463,490.93164828170455,490.93150693751033,165.65641924153022,165.65603213721232,6.047045574389712,6.047077933878321,0.001163124205219456,918.0,11.0
2578,87.0,75.768770750463,75.76905199595942,490.93150693751033,490.9315330124833,165.65603213721232,165.65482978466144,6.047077933878321,6.047174331388025,0.021841007999313232,918.0,11.0
2579,87.0,75.76905199595942,75.76872319981403,490.9315330124833,490.9314524745946,165.65482978466144,165.65525658766245,6.047174331388025,6.047227770121954,0.00951839150699966,918.0,11.0
2580,87.0,75.76872319981403,75.7685283806612,490.9314524745946,490.9312292114062,165.65525658766245,165.65523720600606,6.047227770121954,6.04726198534347,0.019426492736297478,918.0,11.0
2581,87.0,75.7685283806612,75.76852690613167,490.9312292114062,490.9312333572402,165.65523720600606,165.65522615892536,6.04726198534347,6.047265424370807,0.0034331029822873005,918.0,11.0
2582,87.0,75.76884387984474,75.76884635664024,490.9316464521986,490.9316405862931,165.65641769096388,165.65641282532016,6.047046406746913,6.04704902644384,0.00268108,919.0,11.0
2583,87.0,101.35612725738835,101.3561169233658,470.9642949995929,470.9639184866136,149.24752606286341,149.24714810750106,4.75894702666223,4.758999659529862,0.031989449061933226,922.0,11.0
2584,87.0,103.31797802987788,103.31798455210415,469.31760326468776,469.31758458474496,148.9420918641634,148.94214189165666,4.671660211642294,4.671667336553922,0.001033131063445337,925.0,11.0
2585,87.0,103.31798455210415,103.31803773410577,469.31758458474496,469.3175446902492,148.94214189165666,148.94228648710532,4.671667336553922,4.671689052214732,0.015988887950793274,925.0,11.0
2586,87.0,103.31797671712737,103.31797180553531,469.31760474342525,469.31760028775733,148.942091294641,148.94209292503007,4.671660884333485,4.67166323200476,0.002422504950201401,926.0,11.0
2587,87.0,98.11771869992371,98.11772097490132,474.0906542406002,474.0906495473138,148.67545340697384,148.67545192489288,4.907182097465156,4.907184103718901,0.0020891361800814603,929.0,11.0
2588,87.0,97.76736439027766,97.76733584623618,474.19081303168616,474.1908339169175,148.49921024959346,148.49919728563813,4.92068539827031,4.920693120119907,0.006902803227222461,932.0,11.0
2589,87.0,97.7673714305275,97.76737341230015,474.19080332499107,474.1908009653265,148.49920966721982,148.49920308078885,4.920683699443927,4.920686150244571,0.002521159115265253,933.0,11.0
2590,87.0,97.72264198114229,97.72264094961307,474.12160971763285,474.1215999906661,148.4780305048342,148.478019238452,4.923520591606671,4.923523462576851,0.003929478769932767,937.0,11.0
2591,87.0,97.72264094961307,97.72264059609621,474.1215999906661,474.1215918473795,148.478019238452,148.47800690704273,4.923523462576851,4.923527463227144,0.003925768820283079,937.0,11.0
2592,87.0,96.68487177206819,96.6848575796668,474.1929798718793,474.1929842793803,149.9841171608007,149.9841389694288,4.984576104921309,4.984580407520617,0.0014389264388477833,939.0,11.0
2593,87.0,96.6848575796668,96.68480899606536,474.1929842793803,474.19297266163767,149.9841389694288,149.98418217133568,4.984580407520617,4.984591929585144,0.009604159078215208,939.0,11.0
2594,87.0,96.96992330888563,96.97006136423408,473.9366508990082,473.93693903922997,149.50504020985662,149.50495504581608,5.0050427466393455,5.005069915388459,0.0021131108042589763,940.0,11.0
2595,87.0,96.97006136423408,96.97032407706396,473.93693903922997,473.9378704227305,149.50495504581608,149.50493632827298,5.005069915388459,5.005151020757988,0.03137319078217071,940.0,11.0
2596,87.0,96.97032407706396,96.97020187590657,473.9378704227305,473.9378264479571,149.50493632827298,149.50497972647855,5.005151020757988,5.0051704944374515,0.014663861725783975,940.0,11.0
2597,87.0,104.49218633551422,104.4920172744336,468.34746352272487,468.347365965282,149.02741415472167,149.02712230185142,4.620743044943576,4.62078173665055,0.015169765200951132,943.0,11.0
2598,87.0,104.4920172744336,104.49195338101174,468.347365965282,468.3473958460092,149.02712230185142,149.02712426307386,4.62078173665055,4.620793818355681,0.009982130770469111,943.0,11.0
2599,87.0,104.492259588795,104.49226248634072,468.3474973763135,468.3474927193115,149.0274948561576,149.02749622137472,4.620731377649057,4.6207334413251635,0.0021459924768939525,944.0,11.0
2600,87.0,103.32317771940241,103.32303912012806,469.24518893265883,469.2489487477381,148.89448878602485,148.88757699554662,4.6701047918904335,4.670434532153523,0.011243232355068434,949.0,11.0
2601,87.0,103.32303912012806,103.3246155828464,469.2489487477381,469.2592396543222,148.88757699554662,148.87658743510514,4.670434532153523,4.671073873583063,0.03934694933622919,949.0,11.0
2602,87.0,103.3246155828464,103.31373008327947,469.2592396543222,469.26335388240204,148.87658743510514,148.88135168354432,4.671073873583063,4.671622009895606,0.04409463355447046,949.0,11.0
2603,87.0,103.31373008327947,103.30449887420988,469.26335388240204,469.2605309659569,148.88135168354432,148.88338281104143,4.671622009895606,4.67207172026539,0.03944378989810441,949.0,11.0
2604,87.0,103.30449887420988,103.30445904917511,469.2605309659569,469.25455048720426,148.88338281104143,148.87867133521206,4.67207172026539,4.672437397010245,0.03271765262407018,949.0,11.0
2605,87.0,103.30445904917511,103.30697416406977,469.25455048720426,469.2577661657124,148.87867133521206,148.87442162989208,4.672437397010245,4.672736770662877,0.10084583908708723,949.0,11.0
2606,87.0,103.30697416406977,103.30710844205706,469.2577661657124,469.25937368254927,148.87442162989208,148.87458432017075,4.672736770662877,4.6728534752559145,0.019446519849755848,949.0,11.0
2607,87.0,103.30710844205706,103.3073699705066,469.25937368254927,469.26024699069796,148.87458432017075,148.87492534691324,4.6728534752559145,4.672934904468447,0.016408992500818457,949.0,11.0
2608,87.0,103.3073699705066,103.30705199211896,469.26024699069796,469.26053112827714,148.87492534691324,148.87472297624055,4.672934904468447,4.672983002043878,0.023490621082971987,949.0,11.0
2609,87.0,103.30705199211896,103.30708089019272,469.26053112827714,469.2605183930623,148.87472297624055,148.87472994184986,4.672983002043878,4.67298993203253,0.006305433035961986,949.0,11.0
2610,87.0,102.42805435912753,102.39966872327257,469.8214445043115,469.8125038072869,148.7566068971704,148.74577082434763,4.705939449084437,4.707069102095318,0.04807424606077191,951.0,11.0
2611,87.0,102.39966872327257,102.35133871378581,469.8125038072869,469.78403002122496,148.74577082434763,148.7250299350614,4.707069102095318,4.709213027636429,0.1196952267097801,951.0,11.0
2612,87.0,102.35133871378581,102.30425079903102,469.78403002122496,469.79834854499614,148.7250299350614,148.72932272180404,4.709213027636429,4.711011658635877,0.10323260447774445,951.0,11.0
2613,87.0,102.30425079903102,102.27893698026213,469.79834854499614,469.82305554174974,148.72932272180404,148.70913662293816,4.711011658635877,4.7125211945788426,0.16122015465674305,951.0,11.0
2614,87.0,102.27893698026213,102.26464877295955,469.82305554174974,469.84688518437343,148.70913662293816,148.71225398888848,4.7125211945788426,4.713602101766526,0.09844447200925016,951.0,11.0
2615,87.0,102.26464877295955,102.24832041300114,469.84688518437343,469.8592290389398,148.71225398888848,148.71492667870316,4.713602101766526,4.71443326176907,0.05534067259129028,951.0,11.0
2616,87.0,102.24832041300114,102.24189964127663,469.8592290389398,469.87392253410997,148.71492667870316,148.71006085993898,4.71443326176907,4.715129509762648,0.04661893595863426,951.0,11.0
2617,87.0,102.24189964127663,102.24137973380883,469.87392253410997,469.88752726811606,148.71006085993898,148.70913951306514,4.715129509762648,4.715715949033584,0.03277759583941587,951.0,11.0
2618,87.0,102.24137973380883,102.23617864362107,469.88752726811606,469.89376206905774,148.70913951306514,148.71737325751678,4.715715949033584,4.716227652981406,0.03376063283929671,951.0,11.0
2619,87.0,102.23617864362107,102.23661907160435,469.89376206905774,469.8986847061998,148.71737325751678,148.72551529211245,4.716227652981406,4.716664829151275,0.03170310005109275,951.0,11.0
2620,87.0,102.23661907160435,102.24055148867964,469.8986847061998,469.8995649498685,148.72551529211245,148.73210237307583,4.716664829151275,4.717034615054142,0.059762475760119324,951.0,11.0
2621,87.0,102.24055148867964,102.24059066546977,469.8995649498685,469.9041045603535,148.73210237307583,148.73097440692794,4.717034615054142,4.717285581583652,0.019889642925122856,951.0,11.0
2622,87.0,102.24059066546977,102.23864778623384,469.9041045603535,469.90675870371797,148.73097440692794,148.73284549577124,4.717285581583652,4.717499751123573,0.023634600567814683,951.0,11.0
2623,87.0,102.23864778623384,102.23756425210664,469.90675870371797,469.9091226959398,148.73284549577124,148.73178392432274,4.717499751123573,4.717672040786831,0.019980456375909412,951.0,11.0
2624,87.0,102.23756425210664,102.23704799164443,469.9091226959398,469.910637321361,148.73178392432274,148.73307280784195,4.717672040786831,4.71780991136114,0.06356411772591948,951.0,11.0
2625,87.0,102.23704799164443,102.23698996713772,469.910637321361,469.9105576725777,148.73307280784195,148.73316070455442,4.71780991136114,4.717828879906722,0.014360016290563132,951.0,11.0
2626,87.0,98.48093394091163,98.38291412438079,471.6904754353982,471.7372477818718,147.951051878135,148.00589406222042,4.855003290436256,4.859106335954816,0.2579566114137255,954.0,11.0
2627,87.0,98.38291412438079,98.21285590751219,471.7372477818718,471.8305076595226,148.00589406222042,148.1433851937754,4.859106335954816,4.867138564198125,0.7563307877106592,954.0,11.0
2628,87.0,98.21285590751219,98.2042967493679,471.8305076595226,471.97568241016444,148.1433851937754,148.21283965524177,4.867138564198125,4.872634198344543,0.3293448173037076,954.0,11.0
2629,87.0,98.2042967493679,98.11916986360804,471.97568241016444,472.0700066665807,148.21283965524177,148.2332096253894,4.872634198344543,4.877055555396812,0.2888044319362687,954.0,11.0
2630,87.0,98.11916986360804,98.03577388407645,472.0700066665807,472.0187208912603,148.2332096253894,148.25750490004896,4.877055555396812,4.880557816370779,0.20574869634251844,954.0,11.0
2631,87.0,98.03577388407645,98.01972121782487,472.0187208912603,471.94640848075386,148.25750490004896,148.22326986603235,4.880557816370779,4.883423100081821,0.2587159706228734,954.0,11.0
2632,87.0,98.01972121782487,98.01314698781864,471.94640848075386,471.8936842475138,148.22326986603235,148.19939519496407,4.883423100081821,4.88551544539643,0.1536339984080529,954.0,11.0
2633,87.0,98.01314698781864,98.0442646519648,471.8936842475138,471.8678718733766,148.19939519496407,148.2192180140034,4.88551544539643,4.88716844867451,0.10896227337904443,954.0,11.0
2634,87.0,98.0442646519648,98.04708501659563,471.8678718733766,471.8321236210994,148.2192180140034,148.2154626445568,4.88716844867451,4.888521689424454,0.07784123322389999,954.0,11.0
2635,87.0,98.04708501659563,98.03494192109842,471.8321236210994,471.8089175800702,148.2154626445568,148.22991437878142,4.888521689424454,4.88966843085263,0.09978739311430081,954.0,11.0
2636,87.0,98.03494192109842,98.0126043336022,471.8089175800702,471.80736200188375,148.22991437878142,148.23129649687192,4.88966843085263,4.890561169183186,0.07237084157687261,954.0,11.0
2637,87.0,98.0126043336022,98.00191968004086,471.80736200188375,471.7951060884249,148.23129649687192,148.2254338127477,4.890561169183186,4.891275840615088,0.07400653649524924,954.0,11.0
2638,87.0,98.00191968004086,97.99770218751925,471.7951060884249,471.78549160020685,148.2254338127477,148.21886979261438,4.891275840615088,4.891817057707583,0.038173567190940734,954.0,11.0
2639,87.0,97.99770218751925,98.00301864780208,471.78549160020685,471.7815295835641,148.21886979261438,148.21133618016557,4.891817057707583,4.892273065194494,0.03188990480603392,954.0,11.0
2640,87.0,98.00301864780208,98.00136478010538,471.7815295835641,471.78373836626713,148.21133618016557,148.20362345958603,4.892273065194494,4.892660566541096,0.02176816306269982,954.0,11.0
2641,87.0,98.00136478010538,98.00372581436571,471.78373836626713,471.78532098746257,148.20362345958603,148.19722500404526,4.892660566541096,4.893002902291295,0.028887040342819928,954.0,11.0
2642,87.0,98.00372581436571,98.0061611518939,471.78532098746257,471.7857883273508,148.19722500404526,148.1922940527811,4.893002902291295,4.893287560979887,0.01640046681472554,954.0,11.0
2643,87.0,98.0061611518939,98.00577201205007,471.7857883273508,471.7817593210483,148.1922940527811,148.1898426451738,4.893287560979887,4.893540730234964,0.026920876269390746,954.0,11.0
2644,87.0,98.00577201205007,98.00401835720797,471.7817593210483,471.7821623212229,148.1898426451738,148.1868018621313,4.893540730234964,4.893744327309418,0.015825379629494915,954.0,11.0
2645,87.0,98.00401835720797,98.00581647344424,471.7821623212229,471.7843570201595,148.1868018621313,148.18732734345906,4.893744327309418,4.893919995621942,0.014555661356871601,954.0,11.0
2646,87.0,98.00581647344424,98.00650616960863,471.7843570201595,471.78653539990773,148.18732734345906,148.1868934039621,4.893919995621942,4.894070525062784,0.009038288285358912,954.0,11.0
2647,87.0,98.00650616960863,98.00481020577755,471.78653539990773,471.78592394918996,148.1868934039621,148.18604024327735,4.894070525062784,4.894205531609129,0.01516914110691516,954.0,11.0
2648,87.0,98.00481020577755,98.00516836411025,471.78592394918996,471.7845719339017,148.18604024327735,148.18560389695116,4.894205531609129,4.894314228189937,0.009011994949809277,954.0,11.0
2649,87.0,98.00516836411025,98.00438402280595,471.7845719339017,471.7846232900356,148.18560389695116,148.18474485995384,4.894314228189937,4.894406700281419,0.013613441158915038,954.0,11.0
2650,87.0,98.00438402280595,98.00405274466395,471.7846232900356,471.7848303652525,148.18474485995384,148.18535840900782,4.894406700281419,4.894472711309101,0.03413177982904844,954.0,11.0
2651,87.0,98.00405274466395,98.0040362941783,471.7848303652525,471.7848262873719,148.18535840900782,148.1853620791036,4.894472711309101,4.894477183508027,0.004328683923151555,954.0,11.0
2652,87.0,97.9553353209237,97.94141758660591,472.180483743591,472.1803708154008,147.8505053493051,147.83556660906783,4.879230041214124,4.879985875719694,0.04257438392788376,955.0,11.0
2653,87.0,97.94141758660591,97.91458376626676,472.1803708154008,472.18076379625955,147.83556660906783,147.8090119189808,4.879985875719694,4.881396003502541,0.07844959366211188,955.0,11.0
2654,87.0,97.91458376626676,97.93808840407446,472.18076379625955,472.194686049486,147.8090119189808,147.79332903209317,4.881396003502541,4.882596219328235,0.07931478564753712,955.0,11.0
2655,87.0,97.93808840407446,97.94637228677841,472.194686049486,472.2108607164964,147.79332903209317,147.7754875822415,4.882596219328235,4.8835925231482875,0.0646724169660706,955.0,11.0
2656,87.0,97.94637228677841,97.93624606146965,472.2108607164964,472.21288645323614,147.7754875822415,147.75753808844954,4.8835925231482875,4.884425932773607,0.043514422452108376,955.0,11.0
2657,87.0,97.93624606146965,97.93454477000908,472.21288645323614,472.19620851765274,147.75753808844954,147.75206819003398,4.884425932773607,4.885152822057888,0.06079302891309028,955.0,11.0
2658,87.0,97.93454477000908,97.93857085861673,472.19620851765274,472.1890006399158,147.75206819003398,147.74132087180072,4.885152822057888,4.8857359334027315,0.029374577668028205,955.0,11.0
2659,87.0,97.93857085861673,97.93810221370349,472.1890006399158,472.1788971785325,147.74132087180072,147.74717370479476,4.8857359334027315,4.8862520508465686,0.03423942680588045,955.0,11.0
2660,87.0,97.93810221370349,97.94413569924149,472.1788971785325,472.1758819355787,147.74717370479476,147.7540215463774,4.8862520508465686,4.88669244685741,0.024101247979508897,955.0,11.0
2661,87.0,97.94413569924149,97.95055897186657,472.1758819355787,472.17100830380275,147.7540215463774,147.75238874973962,4.88669244685741,4.887081268494944,0.05565307950596915,955.0,11.0
2662,87.0,97.95055897186657,97.94629793237411,472.17100830380275,472.17200278665416,147.75238874973962,147.75538933154797,4.887081268494944,4.887357441516742,0.027387964782898223,955.0,11.0
2663,87.0,97.94629793237411,97.94524559826753,472.17200278665416,472.1728774279894,147.75538933154797,147.7591836863946,4.887357441516742,4.887582004179297,0.01880261629450383,955.0,11.0
2664,87.0,97.94524559826753,97.9441158933387,472.1728774279894,472.1698498319697,147.7591836863946,147.75920842741357,4.887582004179297,4.88777271933858,0.01595124746750722,955.0,11.0
2665,87.0,97.9441158933387,97.94440694323403,472.1698498319697,472.1685403555227,147.75920842741357,147.76143357981115,4.88777271933858,4.887935631179486,0.014324596583540888,955.0,11.0
2666,87.0,97.94440694323403,97.9432282245389,472.1685403555227,472.16695487829213,147.76143357981115,147.7608389282032,4.887935631179486,4.8880739031515485,0.01742998359235554,955.0,11.0
2667,87.0,97.9432282245389,97.94411389120265,472.16695487829213,472.16624866214227,147.7608389282032,147.76174891914937,4.8880739031515485,4.8881819673216595,0.01096740755818186,955.0,11.0
2668,87.0,97.94411389120265,97.94399594774266,472.16624866214227,472.16574290812866,147.76174891914937,147.76079210340987,4.8881819673216595,4.888270145094949,0.017020094556133132,955.0,11.0
2669,87.0,97.94399594774266,97.9436243442178,472.16574290812866,472.1655376344864,147.76079210340987,147.76043425586187,4.888270145094949,4.888324336220273,0.016172994243052647,955.0,11.0
2670,87.0,97.9436243442178,97.9436565174019,472.1655376344864,472.16570385221155,147.76043425586187,147.76043752046365,4.888324336220273,4.88834705342035,0.016567592643368007,955.0,11.0
2671,87.0,100.39140826351044,100.39138405478266,470.8499468752299,470.8498583907087,148.36322248353866,148.36319985396236,4.783248073774414,4.783262972882198,0.011831761111756062,956.0,11.0
2672,87.0,76.44959868296029,76.40605680617247,478.2987474771338,478.32306528681966,140.8925654767735,140.86221127505232,5.65589579011778,5.657907142825335,0.07369839756253947,958.0,11.0
2673,87.0,76.40605680617247,76.31857065162043,478.32306528681966,478.37868028373333,140.86221127505232,140.81695039998368,5.657907142825335,5.661814040084156,0.19779837648675713,958.0,11.0
2674,87.0,76.31857065162043,76.28031760250744,478.37868028373333,478.45734049339825,140.81695039998368,140.85217665621914,5.661814040084156,5.665098916770073,0.1879428529768346,958.0,11.0
2675,87.0,76.28031760250744,76.31779949941502,478.45734049339825,478.51985842066523,140.85217665621914,140.87647598310056,5.665098916770073,5.66780663068146,0.13807564557103288,958.0,11.0
2676,87.0,76.31779949941502,76.27125689589317,478.51985842066523,478.55645130907317,140.87647598310056,140.85127281783213,5.66780663068146,5.670101003165626,0.1482798128562735,958.0,11.0
2677,87.0,76.27125689589317,76.27943349696366,478.55645130907317,478.56461838730576,140.85127281783213,140.80125069695893,5.670101003165626,5.671963987508714,0.10520622092600088,958.0,11.0
2678,87.0,76.27943349696366,76.26544505235013,478.56461838730576,478.5920820898633,140.80125069695893,140.77208362188304,5.671963987508714,5.673530504230582,0.10747637818977189,958.0,11.0
2679,87.0,76.26544505235013,76.25855920001223,478.5920820898633,478.56209377232915,140.77208362188304,140.75834493793838,5.673530504230582,5.67480460116326,0.07937962409564144,958.0,11.0
2680,87.0,76.25855920001223,76.24660188915371,478.56209377232915,478.5401611507271,140.75834493793838,140.7466681295823,5.67480460116326,5.675872480354501,0.06436944239561775,958.0,11.0
2681,87.0,76.24660188915371,76.22905881989963,478.5401611507271,478.5438688162625,140.7466681295823,140.73266181592123,5.675872480354501,5.676776128103796,0.1637132143318878,958.0,11.0
2682,87.0,76.22905881989963,76.21753575769245,478.5438688162625,478.54309736739685,140.73266181592123,140.7319994553439,5.676776128103796,5.677287982551642,0.06418949991973753,958.0,11.0
2683,87.0,76.21753575769245,76.21073805780348,478.54309736739685,478.5412366878583,140.7319994553439,140.7353316645803,5.677287982551642,5.67766056365107,0.023261107575510996,958.0,11.0
2684,87.0,76.21073805780348,76.2049598982139,478.5412366878583,478.54191911149235,140.7353316645803,140.7383344423335,5.67766056365107,5.677985424228029,0.018120070392264796,958.0,11.0
2685,87.0,76.2049598982139,76.20409122433226,478.54191911149235,478.5468953222273,140.7383344423335,140.74081096642814,5.677985424228029,5.678274291801823,0.023073220190327957,958.0,11.0
2686,87.0,76.20409122433226,76.20001893617831,478.5468953222273,478.54613196708317,140.74081096642814,140.7426245843044,5.678274291801823,5.678518958239005,0.019582028608318553,958.0,11.0
2687,87.0,76.20001893617831,76.19834045560705,478.54613196708317,478.5491460838722,140.7426245843044,140.74382636487218,5.678518958239005,5.678727626457736,0.015552138718407467,958.0,11.0
2688,87.0,76.19834045560705,76.19943768503248,478.5491460838722,478.55190222934135,140.74382636487218,140.7443291194101,5.678727626457736,5.678908693045736,0.023462785740768568,958.0,11.0
2689,87.0,76.19943768503248,76.20093389725406,478.55190222934135,478.5528825977878,140.7443291194101,140.74545058373673,5.678908693045736,5.679049235574043,0.01665527677821245,958.0,11.0
2690,87.0,76.20093389725406,76.20082747666332,478.5528825977878,478.55253634896707,140.74545058373673,140.7469312582575,5.679049235574043,5.679160996833699,0.009168949010853134,958.0,11.0
2691,87.0,76.20082747666332,76.20011349234487,478.55253634896707,478.5517299840014,140.7469312582575,140.74636566587364,5.679160996833699,5.679256370558486,0.019072377144266805,958.0,11.0
2692,87.0,76.20011349234487,76.19956188548746,478.5517299840014,478.55198897547734,140.74636566587364,140.7463720403885,5.679256370558486,5.6793143883297725,0.020831413679290593,958.0,11.0
2693,87.0,76.19956188548746,76.19962682978081,478.55198897547734,478.5519776889382,140.7463720403885,140.74647532981183,5.6793143883297725,5.679332358420746,0.013753181446576595,958.0,11.0
2694,87.0,75.41124899471295,75.34408550984273,478.37080063860583,478.39244170494703,140.97215482771642,140.99687279602963,5.690716050537899,5.693267256704557,0.16615679868661307,959.0,11.0
2695,87.0,75.34408550984273,75.24414432926753,478.39244170494703,478.4686174527934,140.99687279602963,141.0616752754863,5.693267256704557,5.698108776907168,0.2819190833806204,959.0,11.0
2696,87.0,75.24414432926753,75.1744613705868,478.4686174527934,478.55657703847936,141.0616752754863,141.08132774912627,5.698108776907168,5.702042374886827,0.22140083710120065,959.0,11.0
2697,87.0,75.1744613705868,75.145973450516,478.55657703847936,478.6417100825506,141.08132774912627,141.10509657945417,5.702042374886827,5.705280022245339,0.2060681092414037,959.0,11.0
2698,87.0,75.145973450516,75.10514999582949,478.6417100825506,478.6694968831891,141.10509657945417,141.0502631420007,5.705280022245339,5.707887059011363,0.14929966682797996,959.0,11.0
2699,87.0,75.10514999582949,75.08146804921144,478.6694968831891,478.72344441346866,141.0502631420007,141.03700693484663,5.707887059011363,5.710050334731886,0.15040077834620616,959.0,11.0
2700,87.0,75.08146804921144,75.09362795148157,478.72344441346866,478.7657880663225,141.03700693484663,141.0196474751338,5.710050334731886,5.711780713704714,0.09401889607530071,959.0,11.0
2701,87.0,75.09362795148157,75.0846023341464,478.7657880663225,478.8041979269283,141.0196474751338,141.02157699739377,5.711780713704714,5.713249350669009,0.11184802788902186,959.0,11.0
2702,87.0,75.0846023341464,75.10005136257908,478.8041979269283,478.8297798431119,141.02157699739377,141.0280049080324,5.713249350669009,5.714418175530058,0.06988227000123529,959.0,11.0
2703,87.0,75.10005136257908,75.10544773681912,478.8297798431119,478.8450195426643,141.0280049080324,141.0474359010198,5.714418175530058,5.715408022022408,0.07576059889283589,959.0,11.0
2704,87.0,75.10544773681912,75.0963509705823,478.8450195426643,478.84068751949746,141.0474359010198,141.0644043465808,5.715408022022408,5.716207817898549,0.04293870214991763,959.0,11.0
2705,87.0,75.0963509705823,75.0884423783153,478.84068751949746,478.8283272491597,141.0644043465808,141.05635579365443,5.716207817898549,5.716903334311082,0.050781316272954846,959.0,11.0
2706,87.0,75.0884423783153,75.07635910322495,478.8283272491597,478.82363923683124,141.05635579365443,141.0595829401068,5.716903334311082,5.717479460043932,0.025593224505042648,959.0,11.0
2707,87.0,75.07635910322495,75.06680173484689,478.82363923683124,478.82788284712615,141.0595829401068,141.0542629363821,5.717479460043932,5.7179972734784394,0.06392333194417958,959.0,11.0
2708,87.0,75.06680173484689,75.06146775071473,478.82788284712615,478.83368746426305,141.0542629363821,141.05318087721122,5.7179972734784394,5.7183759488702,0.024809609456211263,959.0,11.0
2709,87.0,75.06146775071473,75.05739201000027,478.83368746426305,478.8388821372132,141.05318087721122,141.05271897915625,5.7183759488702,5.718703568651457,0.02386947272962031,959.0,11.0
2710,87.0,75.05739201000027,75.06006486123654,478.8388821372132,478.84357519811294,141.05271897915625,141.05303580378677,5.718703568651457,5.718983896962897,0.01683675890718983,959.0,11.0
2711,87.0,75.06006486123654,75.0642979753566,478.84357519811294,478.84538760969247,141.05303580378677,141.05285465477317,5.718983896962897,5.719232044976124,0.025589132321575142,959.0,11.0
2712,87.0,75.0642979753566,75.06673612431987,478.84538760969247,478.84490301845034,141.05285465477317,141.0552859428275,5.719232044976124,5.719433260015359,0.03327376324508045,959.0,11.0
2713,87.0,75.06673612431987,75.06641201724636,478.84490301845034,478.84324379120915,141.0552859428275,141.05664538066918,5.719433260015359,5.7195765296511185,0.017878051163078872,959.0,11.0
2714,87.0,75.06641201724636,75.06601243513124,478.84324379120915,478.8444545448827,141.05664538066918,141.0575034318336,5.7195765296511185,5.71968893278221,0.013840954714499787,959.0,11.0
2715,87.0,75.06601243513124,75.065807822876,478.8444545448827,478.8453327963497,141.0575034318336,141.05691770126086,5.71968893278221,5.7197763418970275,0.01362789503542877,959.0,11.0
2716,87.0,75.065807822876,75.06516987314276,478.8453327963497,478.84525072192616,141.05691770126086,141.05689716274824,5.7197763418970275,5.719836717346816,0.012937679304632115,959.0,11.0
2717,87.0,75.06516987314276,75.0651012075638,478.84525072192616,478.84501885718583,141.05689716274824,141.05672776177488,5.719836717346816,5.719870789357202,0.022785028988216407,959.0,11.0
2718,87.0,75.56480617528372,75.56599262986262,478.4057446337356,478.40649917363044,140.84042293622764,140.84004234093885,5.697564616276147,5.697647970757687,0.006903313585904443,960.0,11.0
2719,87.0,75.56599262986262,75.56904826788586,478.40649917363044,478.4078233311622,140.84004234093885,140.84026018277766,5.697647970757687,5.697843223641092,0.015354544132942344,960.0,11.0
2720,87.0,75.56904826788586,75.57061235199811,478.4078233311622,478.4099117731445,140.84026018277766,140.84102985737957,5.697843223641092,5.698011592697066,0.04074829142960268,960.0,11.0
2721,87.0,75.57061235199811,75.57165622022049,478.4099117731445,478.4096148626692,140.84102985737957,140.84039478255195,5.698011592697066,5.698109215593228,0.021826375884795506,960.0,11.0
2722,87.0,75.57165622022049,75.57199155008608,478.4096148626692,478.4098808104324,140.84039478255195,140.8400263646952,5.698109215593228,5.69816408431517,0.029710520643171253,960.0,11.0
2723,87.0,75.57199155008608,75.57198280159535,478.4098808104324,478.4098755964104,140.8400263646952,140.8400210946797,5.69816408431517,5.698167437940131,0.0033565424776572407,960.0,11.0
2724,87.0,75.28498553917382,75.28496986963185,478.475711904528,478.4757096426644,140.86630363464855,140.86629521352316,5.707225783782964,5.707230361946817,0.004418146634241981,962.0,11.0
2725,87.0,75.21506136474753,75.215320070583,478.51878790990725,478.5195959169714,140.91573879712746,140.9143337342859,5.710421828675022,5.710514164414261,0.004739142215695153,963.0,11.0
2726,87.0,75.215320070583,75.21621873599497,478.5195959169714,478.5211122652733,140.9143337342859,140.91111666144616,5.710514164414261,5.71072346553477,0.020616536293715026,963.0,11.0
2727,87.0,75.21621873599497,75.21377802583388,478.5211122652733,478.52118340983435,140.91111666144616,140.9097026396774,5.71072346553477,5.710896321057268,0.01813809175108662,963.0,11.0
2728,87.0,75.21377802583388,75.21318093359584,478.52118340983435,478.522897361971,140.9097026396774,140.90858102587964,5.710896321057268,5.711037912990215,0.012140422046079437,963.0,11.0
2729,87.0,75.21318093359584,75.21266578164064,478.522897361971,478.52451132704607,140.90858102587964,140.90873310183025,5.711037912990215,5.711158616524316,0.016218640028758943,963.0,11.0
2730,87.0,75.21266578164064,75.21277251037836,478.52451132704607,478.52565640580497,140.90873310183025,140.90881839509126,5.711158616524316,5.711250460860726,0.008647171506089782,963.0,11.0
2731,87.0,75.21277251037836,75.21360428083092,478.52565640580497,478.52549815964414,140.90881839509126,140.90860488546735,5.711250460860726,5.711325797412923,0.028406283816975818,963.0,11.0
2732,87.0,75.21360428083092,75.2134990875937,478.52549815964414,478.525565383284,140.90860488546735,140.90854798659842,5.711325797412923,5.7113452980519535,0.014680021258449624,963.0,11.0
2733,87.0,75.21506362619684,75.2150693685624,478.5187876536793,478.51878717298496,140.91573838791444,140.9157349116908,5.710422593733607,5.710424918035841,0.002400029662174919,964.0,11.0
2734,87.0,94.20958680783966,94.20913343282152,474.98553952746136,474.9869452508874,147.50601793940268,147.5067416727365,5.032372373937744,5.032465133742699,0.004403887979236828,968.0,11.0
2735,87.0,94.20913343282152,94.20762274849471,474.9869452508874,474.99008008930724,147.5067416727365,147.50783115997055,5.032465133742699,5.032673512614235,0.05072612325759881,968.0,11.0
2736,87.0,94.20762274849471,94.20778714928603,474.99008008930724,474.99095858182284,147.50783115997055,147.50639790448741,5.032673512614235,5.032793621765066,0.008677528048385081,968.0,11.0
2737,87.0,94.20778714928603,94.2081348010371,474.99095858182284,474.9905402784294,147.50639790448741,147.50767963684436,5.032793621765066,5.032898498762607,0.011133978017182094,968.0,11.0
2738,87.0,94.2081348010371,94.20715390860595,474.9905402784294,474.9902514123613,147.50767963684436,147.50761097618619,5.032898498762607,5.032982975396298,0.016755868947874855,968.0,11.0
2739,87.0,94.20715390860595,94.20712622696306,474.9902514123613,474.990575760741,147.50761097618619,147.50722269285185,5.032982975396298,5.03303364574129,0.015396323715575227,968.0,11.0
2740,87.0,94.20712622696306,94.20697809917029,474.990575760741,474.99055466714356,147.50722269285185,147.50718955655182,5.03303364574129,5.03305477422714,0.01564572901165935,968.0,11.0
2741,87.0,88.85087957393522,88.84485007707377,475.71765646027427,475.72394076912514,144.80996150116263,144.80672329161897,5.233952359214985,5.234331267738035,0.016389799071512317,969.0,11.0
2742,87.0,88.84485007707377,88.83436453821577,475.72394076912514,475.73823318934444,144.80672329161897,144.8053393672091,5.234331267738035,5.235063242459949,0.03854055572344342,969.0,11.0
2743,87.0,88.83436453821577,88.82015004397553,475.73823318934444,475.7377741295115,144.8053393672091,144.80550061471914,5.235063242459949,5.235663824887929,0.05609793403364952,969.0,11.0
2744,87.0,88.82015004397553,88.81897385796896,475.7377741295115,475.7396405199206,144.80550061471914,144.80168448442095,5.235663824887929,5.23590380291072,0.02416257356772339,969.0,11.0
2745,87.0,88.81897385796896,88.81682637089804,475.7396405199206,475.7414896702241,144.80168448442095,144.80347921446204,5.23590380291072,5.23609978669417,0.01645669272201552,969.0,11.0
2746,87.0,88.81682637089804,88.81571513466186,475.7414896702241,475.7424597483667,144.80347921446204,144.8012255122706,5.23609978669417,5.236266961283697,0.02238086113309705,969.0,11.0
2747,87.0,88.81571513466186,88.8139099328439,475.7424597483667,475.74231011589865,144.8012255122706,144.80078977271594,5.236266961283697,5.236395637721942,0.013002585218713943,969.0,11.0
2748,87.0,88.8139099328439,88.81282867493746,475.74231011589865,475.74301161353344,144.80078977271594,144.8002087680966,5.236395637721942,5.236501645289867,0.014962353638212128,969.0,11.0
2749,87.0,88.81282867493746,88.81309230937602,475.74301161353344,475.74215309125884,144.8002087680966,144.80041665250624,5.236501645289867,5.236579970808515,0.022877038266931184,969.0,11.0
2750,87.0,88.81309230937602,88.81331359253518,475.74215309125884,475.74226359196166,144.80041665250624,144.80030421521684,5.236579970808515,5.2366120306803765,0.021499470559150295,969.0,11.0
2751,87.0,88.85087935126076,88.85087868133145,475.7176548180108,475.7176512691227,144.8099595740119,144.8099561091966,5.233953190130751,5.2339550904307535,0.0019833815901030708,970.0,11.0
2752,87.0,87.16855874983102,87.1683296639681,461.0580465101376,461.0567761782987,147.5142509715759,147.51423917253885,5.734351367777677,5.73442813103679,0.002429385466957173,973.0,11.0
2753,87.0,87.1683296639681,87.16812903750855,461.0567761782987,461.0538540056667,147.51423917253885,147.51506837295747,5.73442813103679,5.73461073669866,0.018267066624404388,973.0,11.0
2754,87.0,87.16812903750855,87.16788551950245,461.0538540056667,461.0516477005702,147.51506837295747,147.51579505514948,5.73461073669866,5.734761718561905,0.008540648940109653,973.0,11.0
2755,87.0,87.16788551950245,87.1696968282588,461.0516477005702,461.0507864614365,147.51579505514948,147.51553920378473,5.734761718561905,5.734898030370891,0.02030154699541097,973.0,11.0
2756,87.0,87.1696968282588,87.16964559228954,461.0507864614365,461.0494965644617,147.51553920378473,147.51580515662747,5.734898030370891,5.734998940205617,0.024582707255164215,973.0,11.0
2757,87.0,87.16964559228954,87.16976765337066,461.0494965644617,461.04963674754316,147.51580515662747,147.5163096647707,5.734998940205617,5.735051867477234,0.011975836979126317,973.0,11.0
2758,87.0,87.16976765337066,87.16993844125325,461.04963674754316,461.0495382168783,147.5163096647707,147.51644353710998,5.735051867477234,5.735081001837117,0.02015557989222553,973.0,11.0
2759,87.0,86.92829287232182,86.92836083632497,462.2581609308862,462.2582834590433,148.38207380032108,148.3821087286208,5.784398419971326,5.784413162596898,0.0011714945940515735,974.0,11.0
2760,87.0,86.92836083632497,86.9286745882925,462.2582834590433,462.2585839137719,148.3821087286208,148.38215550769104,5.784413162596898,5.784458603857604,0.028500612299118266,974.0,11.0
2761,87.0,84.38500125171923,84.38498170610582,461.3796408581417,461.37963801897484,148.48978518494044,148.4897555828257,5.874226280988175,5.874233697281662,0.006673931825199567,975.0,11.0
2762,87.0,82.33654894818818,82.3363937671187,460.1705723255508,460.170464299705,151.16134881249357,151.16138997350168,5.993547216973773,5.993572249597734,0.017884426029417245,976.0,11.0
2763,87.0,86.21942133224837,86.2195129181006,460.40763149488987,460.40762136849673,153.50536749669558,153.5054558042462,6.145038576438211,6.145057083615563,0.014080665840171156,979.0,11.0
2764,87.0,86.3753040825526,86.37563135566505,462.7735288731309,462.7731919517808,152.20060418436628,152.2009846635042,6.235305210939533,6.235348031759834,0.0017751565094853352,981.0,11.0
2765,87.0,86.37563135566505,86.37616053733979,462.7731919517808,462.77238554955875,152.2009846635042,152.20232230294295,6.235348031759834,6.235466138618512,0.022312106733955832,981.0,11.0
2766,87.0,86.37616053733979,86.37584968513464,462.77238554955875,462.771586799738,152.20232230294295,152.20202543834836,6.235466138618512,6.235543562268727,0.01442364725052431,981.0,11.0
2767,87.0,86.37584968513464,86.37602400810655,462.771586799738,462.7712126927524,152.20202543834836,152.20180068160752,6.235543562268727,6.235591505557953,0.022424194492957645,981.0,11.0
2768,87.0,86.37602400810655,86.37604348061458,462.7712126927524,462.77117678870445,152.20180068160752,152.20180728874007,6.235591505557953,6.2355997594720725,0.0072969485865304225,981.0,11.0
2769,87.0,89.19230782695678,89.19244286423533,472.95102103801145,472.9508261859809,145.65932442941562,145.65950734012532,5.333674409128771,5.333699691431985,0.0010518772879835087,984.0,11.0
2770,87.0,89.19244286423533,89.19309595228353,472.9508261859809,472.9502945881638,145.65950734012532,145.6598487375645,5.333699691431985,5.333777213282915,0.01970914341079218,984.0,11.0
2771,87.0,89.19309595228353,89.19327771880583,472.9502945881638,472.950485428047,145.6598487375645,145.66005547567343,5.333777213282915,5.333814589854572,0.024485696966891252,984.0,11.0
2772,87.0,89.10770585282843,89.10742427884634,473.392241790753,473.39250746201225,145.40785017276963,145.40853718369996,5.350848022198564,5.350900623085639,0.0017459887511532975,987.0,11.0
2773,87.0,89.10742427884634,89.10668681529587,473.39250746201225,473.392463582704,145.40853718369996,145.41043154488418,5.350900623085639,5.351037478403717,0.017784153909586917,987.0,11.0
2774,87.0,89.10668681529587,89.10553753874157,473.392463582704,473.39164135031143,145.41043154488418,145.4104258121144,5.351037478403717,5.3511434515394605,0.015082597186114837,987.0,11.0
2775,87.0,89.10553753874157,89.10554956546613,473.39164135031143,473.39160650405745,145.4104258121144,145.41134242403717,5.3511434515394605,5.351221504010384,0.022316168478909923,987.0,11.0
2776,87.0,89.10554956546613,89.1054675055797,473.39160650405745,473.39179414415014,145.41134242403717,145.41115005038935,5.351221504010384,5.351254362019349,0.01334483937553273,987.0,11.0
2777,87.0,89.1054675055797,89.105423329571,473.39179414415014,473.39175832790477,145.41115005038935,145.41115222253487,5.351254362019349,5.351264720178394,0.008804668575792426,987.0,11.0
2778,87.0,89.10770442035218,89.10770200447193,473.3922437050487,473.39225071416104,145.4078502470664,145.40785191353785,5.350848804183641,5.350851330037132,0.0025924700927675184,988.0,11.0
2779,87.0,89.19283328815138,89.19283999197665,472.9521816475623,472.95217625519007,145.65999933528468,145.6600018585928,5.333723374397211,5.333726204319783,0.00287764094235255,991.0,11.0
2780,87.0,114.9143725166387,114.91749140236277,459.782153843585,459.78114841958785,147.40526254945954,147.39683525296343,4.326610868969614,4.326980752613272,0.011325197941388553,996.0,11.0
2781,87.0,114.91749140236277,114.92332758531748,459.78114841958785,459.77739139459266,147.39683525296343,147.38050144647784,4.326980752613272,4.327711584192384,0.045909140873240495,996.0,11.0
2782,87.0,114.92332758531748,114.92628068415006,459.77739139459266,459.7884332465016,147.38050144647784,147.37136351862495,4.327711584192384,4.32833310100374,0.039835032093802375,996.0,11.0
2783,87.0,114.92628068415006,114.93567438669092,459.7884332465016,459.79581048170155,147.37136351862495,147.37306031228715,4.32833310100374,4.3288628810166525,0.03796602330517149,996.0,11.0
2784,87.0,114.93567438669092,114.94412036883637,459.79581048170155,459.7994439219722,147.37306031228715,147.37630180121826,4.3288628810166525,4.329308336886046,0.08814767888613677,996.0,11.0
2785,87.0,114.94412036883637,114.94100162149718,459.7994439219722,459.79778920977117,147.37630180121826,147.3798615649176,4.329308336886046,4.329572845477993,0.02173336713558544,996.0,11.0
2786,87.0,114.94100162149718,114.93804336058027,459.79778920977117,459.7960632469609,147.3798615649176,147.38195751325756,4.329572845477993,4.329796654199419,0.015324761805845341,996.0,11.0
2787,87.0,114.93804336058027,114.93752613868419,459.7960632469609,459.7954756024007,147.38195751325756,147.37869175598215,4.329796654199419,4.329992802947091,0.015242046026107691,996.0,11.0
2788,87.0,114.93752613868419,114.93999764137277,459.7954756024007,459.7942905156263,147.37869175598215,147.3785542090605,4.329992802947091,4.330162239668738,0.01637988145197359,996.0,11.0
2789,87.0,114.93999764137277,114.94185819538708,459.7942905156263,459.795318732571,147.3785542090605,147.37855673423547,4.330162239668738,4.330303464516578,0.01385434831066451,996.0,11.0
2790,87.0,114.94185819538708,114.94055677854286,459.795318732571,459.79590690052527,147.37855673423547,147.37935101000943,4.330303464516578,4.330420818560369,0.017437949280919733,996.0,11.0
2791,87.0,114.94055677854286,114.94055790319972,459.79590690052527,459.795434122387,147.37935101000943,147.3802890401416,4.330420818560369,4.330506788853445,0.013617147453168396,996.0,11.0
2792,87.0,114.94055790319972,114.9409629648593,459.795434122387,459.7949657440414,147.3802890401416,147.38024370438833,4.330506788853445,4.330565604066788,0.014652481067097647,996.0,11.0
2793,87.0,114.9409629648593,114.94116692750715,459.7949657440414,459.79489651625397,147.38024370438833,147.38013413944864,4.330565604066788,4.3305950349338875,0.02031677927003326,996.0,11.0
2794,87.0,115.45676733080347,115.4575085400788,458.0116529746212,458.01357040165806,145.56741463109438,145.56153220439663,4.413759190908233,4.414030545949284,0.008617630410789558,998.0,11.0
2795,87.0,115.4575085400788,115.45896531306543,458.01357040165806,458.0176220396659,145.56153220439663,145.55022265035836,4.414030545949284,4.4145616674472015,0.03323128398810629,998.0,11.0
2796,87.0,115.45896531306543,115.45446301537876,458.0176220396659,458.01902020804744,145.55022265035836,145.54132980768364,4.4145616674472015,4.41501875405151,0.025658675008630005,998.0,11.0
2797,87.0,115.45446301537876,115.44836482929335,458.01902020804744,458.01906205053166,145.54132980768364,145.53530745203796,4.41501875405151,4.41542047864594,0.030383911150588166,998.0,11.0
2798,87.0,115.44836482929335,115.44814675580494,458.01906205053166,458.01417222254076,145.53530745203796,145.5304429364978,4.41542047864594,4.415758956062994,0.02683423709134833,998.0,11.0
2799,87.0,115.44814675580494,115.44451715717352,458.01417222254076,458.01508904376414,145.5304429364978,145.5345094751442,4.415758956062994,4.416043929014953,0.09265791818141043,998.0,11.0
2800,87.0,115.44451715717352,115.44399071929908,458.01508904376414,458.0158671193174,145.5345094751442,145.53315232024102,4.416043929014953,4.416162109167504,0.01939764221845774,998.0,11.0
2801,87.0,115.44399071929908,115.44321003232467,458.0158671193174,458.0163436402474,145.53315232024102,145.53356224029466,4.416162109167504,4.4162452582937375,0.04440166156240239,998.0,11.0
2802,87.0,115.44321003232467,115.4432073434273,458.0163436402474,458.0163482396617,145.53356224029466,145.53356834428882,4.4162452582937375,4.416247897818538,0.0026997287566147624,998.0,11.0
2803,87.0,115.95850675969218,115.99064941433235,456.96725194365456,456.9698892671843,144.44891543287272,144.41273786526818,4.46749508519064,4.469178516200823,0.06748804498663631,1000.0,11.0
2804,87.0,115.99064941433235,116.0390380876579,456.9698892671843,456.9955922950603,144.41273786526818,144.38911867674864,4.469178516200823,4.471257813646159,0.09356020736545152,1000.0,11.0
2805,87.0,116.0390380876579,116.06566285245313,456.9955922950603,456.99648389145113,144.38911867674864,144.36154749138524,4.471257813646159,4.472687503386148,0.06783426899977549,1000.0,11.0
2806,87.0,116.06566285245313,116.07893746596646,456.99648389145113,456.973197555156,144.36154749138524,144.38062178270656,4.472687503386148,4.473934769588358,0.08601376642120971,1000.0,11.0
2807,87.0,116.07893746596646,116.08581299128203,456.973197555156,456.9483527802915,144.38062178270656,144.375391754134,4.473934769588358,4.474959528748212,0.04625754947642775,1000.0,11.0
2808,87.0,116.08581299128203,116.07301967878443,456.9483527802915,456.93265316245527,144.375391754134,144.3859827893004,4.474959528748212,4.475866656511061,0.05082271574750284,1000.0,11.0
2809,87.0,116.07301967878443,116.06183645766866,456.93265316245527,456.9171778709257,144.3859827893004,144.38406569951118,4.475866656511061,4.476647582339074,0.05486850985774046,1000.0,11.0
2810,87.0,116.06183645766866,116.07212390662114,456.9171778709257,456.9080288003647,144.38406569951118,144.39098273936838,4.476647582339074,4.4772964196928875,0.034986032252011724,1000.0,11.0
2811,87.0,116.07212390662114,116.07554197664463,456.9080288003647,456.89550292475576,144.39098273936838,144.38916606327294,4.4772964196928875,4.47786375031957,0.0392865490244298,1000.0,11.0
2812,87.0,116.07554197664463,116.07193062845758,456.89550292475576,456.88908629104355,144.38916606327294,144.39686864585798,4.47786375031957,4.478342456868937,0.022296666594802464,1000.0,11.0
2813,87.0,116.07193062845758,116.08031634489797,456.88908629104355,456.89024764438255,144.39686864585798,144.40078936732885,4.478342456868937,4.478772417053412,0.022598051905649837,1000.0,11.0
2814,87.0,116.08031634489797,116.08310092386198,456.89024764438255,456.8877813473835,144.40078936732885,144.4079184758459,4.478772417053412,4.4791542620942,0.03484549037633454,1000.0,11.0
2815,87.0,116.08310092386198,116.08700005364304,456.8877813473835,456.8832742006583,144.4079184758459,144.40629080704193,4.4791542620942,4.479464778041716,0.02389393717282585,1000.0,11.0
2816,87.0,116.08700005364304,116.083796232681,456.8832742006583,456.88044771553115,144.40629080704193,144.40369813111658,4.479464778041716,4.479728640750469,0.021119593559364058,1000.0,11.0
2817,87.0,116.083796232681,116.0817768956595,456.88044771553115,456.883881101337,144.40369813111658,144.4042943369054,4.479728640750469,4.479952955358169,0.018732339311728644,1000.0,11.0
2818,87.0,116.0817768956595,116.07959552423642,456.883881101337,456.88608365814355,144.4042943369054,144.40339083115958,4.479952955358169,4.48014355577984,0.02201228708280859,1000.0,11.0
2819,87.0,116.07959552423642,116.07805998673109,456.88608365814355,456.88566087744266,144.40339083115958,144.40513997115852,4.48014355577984,4.480295914752692,0.02133427599474655,1000.0,11.0
2820,87.0,116.07805998673109,116.07734910834776,456.88566087744266,456.8870901028901,144.40513997115852,144.4052436719341,4.480295914752692,4.480411521887168,0.013441493312405343,1000.0,11.0
2821,87.0,116.07734910834776,116.07622996396461,456.8870901028901,456.88709428339536,144.4052436719341,144.40498705732108,4.480411521887168,4.480503084424579,0.014135770345011907,1000.0,11.0
2822,87.0,116.07622996396461,116.07574970092458,456.88709428339536,456.8869277982082,144.40498705732108,144.4045115844135,4.480503084424579,4.480567013305201,0.018585329755398818,1000.0,11.0
2823,87.0,116.07574970092458,116.07559039246067,456.8869277982082,456.8869050603424,144.4045115844135,144.40437315548436,4.480567013305201,4.480593790480406,0.01885980508199537,1000.0,11.0
2824,87.0,115.96660202199976,115.96995117681311,456.9511321258278,456.94566549554327,144.4301550578731,144.43192705096774,4.468363306982028,4.468649791538996,0.00826109025270102,1001.0,11.0
2825,87.0,115.96995117681311,115.97690975122057,456.94566549554327,456.9355256503157,144.43192705096774,144.4359476462542,4.468649791538996,4.46921097253659,0.11494317032449766,1001.0,11.0
2826,87.0,115.97690975122057,115.9808986176899,456.9355256503157,456.931221360199,144.4359476462542,144.43379771964572,4.46921097253659,4.469524287256163,0.044016810890412754,1001.0,11.0
2827,87.0,115.9808986176899,115.98099154009651,456.931221360199,456.9301896696451,144.43379771964572,144.42979545865418,4.469524287256163,4.469753013196446,0.02198061340487439,1001.0,11.0
2828,87.0,115.98099154009651,115.981435177978,456.9301896696451,456.92784499288484,144.42979545865418,144.42767217620667,4.469753013196446,4.4699421157096255,0.010259014214340379,1001.0,11.0
2829,87.0,115.981435177978,115.97898325277075,456.92784499288484,456.92737396609664,144.42767217620667,144.426441519005,4.4699421157096255,4.470113289507786,0.023411224399388784,1001.0,11.0
2830,87.0,115.97898325277075,115.97728528975958,456.92737396609664,456.928159465754,144.426441519005,144.4260643846647,4.470113289507786,4.470244165982294,0.0738499895177563,1001.0,11.0
2831,87.0,117.14744944719753,117.15460382825677,454.68662167319746,454.6891786830438,141.62241649845333,141.62263534008653,4.595075333093441,4.595391283651181,0.012553503631174995,1005.0,11.0
2832,87.0,117.15460382825677,117.16372356166828,454.6891786830438,454.7019810233257,141.62263534008653,141.6205557421277,4.595391283651181,4.596055898675017,0.04420694019192553,1005.0,11.0
2833,87.0,117.16372356166828,117.16785779018372,454.7019810233257,454.71221128428095,141.6205557421277,141.61378413219506,4.596055898675017,4.596617358167521,0.03520133390861658,1005.0,11.0
2834,87.0,117.16785779018372,117.17502338525988,454.71221128428095,454.72010261029635,141.61378413219506,141.61516567117144,4.596617358167521,4.597099444124076,0.03328289260481578,1005.0,11.0
2835,87.0,117.17502338525988,117.17460950786429,454.72010261029635,454.72872290512134,141.61516567117144,141.61353419491212,4.597099444124076,4.597509096430235,0.03267264535010095,1005.0,11.0
2836,87.0,117.17460950786429,117.17653662622959,454.72872290512134,454.73515526676,141.61353419491212,141.6116394773178,4.597509096430235,4.597850498463599,0.020798759253362352,1005.0,11.0
2837,87.0,117.17653662622959,117.17511544596232,454.73515526676,454.7404519390715,141.6116394773178,141.60946492526398,4.597850498463599,4.598150127454158,0.030225196677790053,1005.0,11.0
2838,87.0,117.17511544596232,117.1723868901116,454.7404519390715,454.7396199397684,141.60946492526398,141.60605486797388,4.598150127454158,4.598391656823541,0.019813691964349168,1005.0,11.0
2839,87.0,117.1723868901116,117.17013288020394,454.7396199397684,454.7392849372097,141.60605486797388,141.60330418514863,4.598391656823541,4.598596892395973,0.017503974016558243,1005.0,11.0
2840,87.0,117.17013288020394,117.16858959690244,454.7392849372097,454.73768151072215,141.60330418514863,141.60509296015678,4.598596892395973,4.598771230020291,0.018172489127121168,1005.0,11.0
2841,87.0,117.16858959690244,117.16993298313074,454.73768151072215,454.7360528301685,141.60509296015678,141.60461998110347,4.598771230020291,4.5989142279167705,0.018303102838718905,1005.0,11.0
2842,87.0,117.16993298313074,117.17072445792272,454.7360528301685,454.7372704654091,141.60461998110347,141.60505811081893,4.5989142279167705,4.599025606763279,0.01614758086942744,1005.0,11.0
2843,87.0,117.17072445792272,117.17070151043916,454.7372704654091,454.7370594820645,141.60505811081893,141.60601647126367,4.599025606763279,4.59910752787257,0.027332531324169854,1005.0,11.0
2844,87.0,117.17070151043916,117.17055867141876,454.7370594820645,454.737127741364,141.60601647126367,141.6058672391317,4.59910752787257,4.599134789448368,0.01912816184131545,1005.0,11.0
2845,87.0,117.3737349522232,117.39174145049681,454.5508360243838,454.5579426991673,141.36650327069853,141.36081078509977,4.607348206310966,4.608096589279636,0.03617244126130552,1008.0,11.0
2846,87.0,117.39174145049681,117.42793421844672,454.5579426991673,454.5647131399963,141.36081078509977,141.35372878779947,4.608096589279636,4.609498065187791,0.08247728793069838,1008.0,11.0
2847,87.0,117.42793421844672,117.43743613305264,454.5647131399963,454.5923877066195,141.35372878779947,141.34368106644757,4.609498065187791,4.610679330124767,0.1215795349858497,1008.0,11.0
2848,87.0,117.43743613305264,117.44622149845868,454.5923877066195,454.60169169140937,141.34368106644757,141.32602312465733,4.610679330124767,4.611550546264304,0.05315491440445503,1008.0,11.0
2849,87.0,117.44622149845868,117.43604988002758,454.60169169140937,454.5938783257334,141.32602312465733,141.31528667152836,4.611550546264304,4.612237737122456,0.15506280687258342,1008.0,11.0
2850,87.0,117.43604988002758,117.4310593429029,454.5938783257334,454.58805791675576,141.31528667152836,141.31494493931794,4.612237737122456,4.612605729449294,0.021492108055117844,1008.0,11.0
2851,87.0,117.4310593429029,117.42591091720271,454.58805791675576,454.58499983183856,141.31494493931794,141.31235348601643,4.612605729449294,4.612929715101113,0.01890874874238881,1008.0,11.0
2852,87.0,117.42591091720271,117.4239674614308,454.58499983183856,454.5825292859487,141.31235348601643,141.30776079498835,4.612929715101113,4.613216193129244,0.02292868546617295,1008.0,11.0
2853,87.0,117.4239674614308,117.42111037186768,454.5825292859487,454.5834037180336,141.30776079498835,141.3044317645262,4.613216193129244,4.613458840783704,0.035856678809082575,1008.0,11.0
2854,87.0,117.42111037186768,117.41858809563493,454.5834037180336,454.58416472906055,141.3044317645262,141.30313401129357,4.613458840783704,4.613636763002354,0.0188810609392842,1008.0,11.0
2855,87.0,117.41858809563493,117.41638739190448,454.58416472906055,454.5839667998792,141.30313401129357,141.30300675486876,4.613636763002354,4.613782081085635,0.019410989801973026,1008.0,11.0
2856,87.0,117.41638739190448,117.41552389000893,454.5839667998792,454.582782119484,141.30300675486876,141.30342762185782,4.613782081085635,4.613893886577102,0.013869413364223392,1008.0,11.0
2857,87.0,117.41552389000893,117.41568268400688,454.582782119484,454.582265871442,141.30342762185782,141.30251172811603,4.613893886577102,4.613980602164905,0.014770291846622017,1008.0,11.0
2858,87.0,117.41568268400688,117.41570216019045,454.582265871442,454.5820968872596,141.30251172811603,141.3030853744743,4.613980602164905,4.6140378458492135,0.03421139952395175,1008.0,11.0
2859,87.0,117.6180810022798,117.618106684094,452.61552314577483,452.6155446965561,140.79281659307017,140.79353620743345,4.740640264896783,4.740689219516082,0.006689593818315464,1014.0,11.0
2860,87.0,117.618106684094,117.61722339229043,452.6155446965561,452.6153758976322,140.79353620743345,140.79501601703276,4.740689219516082,4.740811445610633,0.016980563238695956,1014.0,11.0
2861,87.0,117.61722339229043,117.61671504860377,452.6153758976322,452.61438628201967,140.79501601703276,140.7946982274405,4.740811445610633,4.740903505864918,0.011383293607603987,1014.0,11.0
2862,87.0,117.61671504860377,117.61679691346232,452.61438628201967,452.6136773576063,140.7946982274405,140.79435914317344,4.740903505864918,4.740973598096053,0.011930195198880292,1014.0,11.0
2863,87.0,117.61679691346232,117.61652341869777,452.6136773576063,452.61333967481005,140.79435914317344,140.79430508314402,4.740973598096053,4.74101911364113,0.027942189029344023,1014.0,11.0
2864,87.0,97.91368551398733,97.90891185519837,450.97775525481,450.9779796036288,144.2798347671965,144.2794091736524,5.4103525592009865,5.410571194161239,0.011148991412713001,1015.0,11.0
2865,87.0,97.90891185519837,97.89973165399462,450.9779796036288,450.9783992100618,144.2794091736524,144.27853386359612,5.410571194161239,5.410997515425361,0.019764527041122224,1015.0,11.0
2866,87.0,97.89973165399462,97.89375481809427,450.9783992100618,450.981338467351,144.27853386359612,144.27391532965754,5.410997515425361,5.411381767685685,0.02182581216447613,1015.0,11.0
2867,87.0,97.89375481809427,97.89288083172602,450.981338467351,450.9820148123693,144.27391532965754,144.2807426609274,5.411381767685685,5.411720835032188,0.025283421837524675,1015.0,11.0
2868,87.0,97.89288083172602,97.89570998829174,450.9820148123693,450.9863588929476,144.2807426609274,144.28290817595263,5.411720835032188,5.412009401318908,0.017757534071996824,1015.0,11.0
2869,87.0,97.89570998829174,97.8988294327622,450.9863588929476,450.98962609363343,144.28290817595263,144.284416297201,5.412009401318908,5.412263789900656,0.018277994831695215,1015.0,11.0
2870,87.0,97.8988294327622,97.90138569902733,450.98962609363343,450.98929089344574,144.284416297201,144.28738688493974,5.412263789900656,5.412484188866288,0.016073588820051738,1015.0,11.0
2871,87.0,97.90138569902733,97.90336422789234,450.98929089344574,450.99112232462005,144.28738688493974,144.28920222241285,5.412484188866288,5.412675706902463,0.011999858182446303,1015.0,11.0
2872,87.0,97.90336422789234,97.90426485332372,450.99112232462005,450.9925092657892,144.28920222241285,144.28698128596466,5.412675706902463,5.412846234455823,0.01829763814755037,1015.0,11.0
2873,87.0,97.90426485332372,97.9040559684378,450.9925092657892,450.99392757492996,144.28698128596466,144.28547579870525,5.412846234455823,5.412985248797524,0.017955723770852267,1015.0,11.0
2874,87.0,97.9040559684378,97.9036396102241,450.99392757492996,450.99491990582464,144.28547579870525,144.28450420043222,5.412985248797524,5.413093148296064,0.014804006015025219,1015.0,11.0
2875,87.0,97.9036396102241,97.90273934036864,450.99491990582464,450.9950852100211,144.28450420043222,144.28421057505793,5.413093148296064,5.413173855775787,0.017320546407622532,1015.0,11.0
2876,87.0,97.90273934036864,97.9023309972574,450.9950852100211,450.995090298799,144.28421057505793,144.2843666551218,5.413173855775787,5.413219317103209,0.018942599775227137,1015.0,11.0
2877,87.0,97.9023309972574,97.90234300191368,450.995090298799,450.9950305930656,144.2843666551218,144.28434223012903,5.413219317103209,5.413230785703639,0.009567841098091709,1015.0,11.0
2878,87.0,98.09109070185467,98.09351646796634,450.8196815631476,450.81975412184073,144.5286287965075,144.53104998298545,5.4218282481902635,5.421994484079881,0.005876806295232783,1017.0,11.0
2879,87.0,98.09351646796634,98.09793453782868,450.81975412184073,450.82188428365697,144.53104998298545,144.53599064731665,5.421994484079881,5.422335302934375,0.036983436533549324,1017.0,11.0
2880,87.0,98.09793453782868,98.0998123546912,450.82188428365697,450.820870286913,144.53599064731665,144.54061162732643,5.422335302934375,5.42260287095598,0.01289763357398152,1017.0,11.0
2881,87.0,98.0998123546912,98.10396819611454,450.820870286913,450.81921739897814,144.54061162732643,144.54094821556433,5.42260287095598,5.422846002787212,0.033295821553843544,1017.0,11.0
2882,87.0,98.10396819611454,98.10518410202788,450.81921739897814,450.81700810271116,144.54094821556433,144.5392330703044,5.422846002787212,5.423028852729664,0.018912119561005313,1017.0,11.0
2883,87.0,98.10518410202788,98.10600545153413,450.81700810271116,450.815712458676,144.5392330703044,144.53749699639135,5.423028852729664,5.423178964848076,0.013406033354352455,1017.0,11.0
2884,87.0,98.10600545153413,98.10548134496787,450.815712458676,450.8155093273446,144.53749699639135,144.53923890987986,5.423178964848076,5.423306048234134,0.013225324311702579,1017.0,11.0
2885,87.0,98.10548134496787,98.10445302421502,450.8155093273446,450.8163749865709,144.53923890987986,144.53894877715547,5.423306048234134,5.4234100117028605,0.009335412577296382,1017.0,11.0
2886,87.0,98.10445302421502,98.10355593221341,450.8163749865709,450.81694949788107,144.53894877715547,144.5388954956353,5.4234100117028605,5.423496919723273,0.04908394912042274,1017.0,11.0
2887,87.0,98.09112674687756,98.09113066605735,450.82008702037774,450.8200813371711,144.5287607843697,144.52876449387495,5.421843381587675,5.421845961519802,0.0026436044170305628,1020.0,11.0
2888,87.0,122.24015070588766,122.24001037092216,453.34443444865053,453.3437268909614,136.27013650161487,136.26829093746002,4.900101814851289,4.900209120715389,0.004645473356222876,1022.0,11.0
2889,87.0,122.24001037092216,122.23887856019189,453.3437268909614,453.34302466985355,136.26829093746002,136.26421083161173,4.900209120715389,4.900444348932279,0.024404754805425862,1022.0,11.0
2890,87.0,122.23887856019189,122.23679223483002,453.34302466985355,453.3405832023971,136.26421083161173,136.26463163670388,4.900444348932279,4.900635379369738,0.02485408264895556,1022.0,11.0
2891,87.0,122.23679223483002,122.23709013450564,453.3405832023971,453.3415904968764,136.26463163670388,136.26262085100134,4.900635379369738,4.900783268953125,0.010228092828062202,1022.0,11.0
2892,87.0,122.23709013450564,122.23843910151584,453.3415904968764,453.3409345389916,136.26262085100134,136.26145936995368,4.900783268953125,4.900913595729237,0.021694406529552592,1022.0,11.0
2893,87.0,122.23843910151584,122.23915807760152,453.3409345389916,453.34065141605834,136.26145936995368,136.2605988232177,4.900913595729237,4.901005628857085,0.013363158186290915,1022.0,11.0
2894,87.0,122.23915807760152,122.23893265422657,453.34065141605834,453.3399910586883,136.2605988232177,136.26039211377048,4.901005628857085,4.901071664744907,0.011463728193780706,1022.0,11.0
2895,87.0,122.23893265422657,122.23866251527882,453.3399910586883,453.3401331835813,136.26039211377048,136.26064717568389,4.901071664744907,4.9011140750408915,0.021741129851276506,1022.0,11.0
2896,87.0,122.23866251527882,122.23867066595001,453.3401331835813,453.34011072621115,136.26064717568389,136.26064527929313,4.9011140750408915,4.901119685420831,0.005267761508997465,1022.0,11.0
2897,87.0,128.4403707087075,128.4403309879659,456.5982898501463,456.59884738244756,136.48685790830916,136.48676238258992,5.133780715438872,5.133821555000046,0.0018658073735770123,1024.0,11.0
2898,87.0,128.4403309879659,128.44009370232487,456.59884738244756,456.6003148978995,136.48676238258992,136.48630878200015,5.133821555000046,5.133934850341425,0.013014220993237622,1024.0,11.0
2899,87.0,128.44009370232487,128.44073943623346,456.6003148978995,456.5999912852104,136.48630878200015,136.48545424962703,5.133934850341425,5.134024754574771,0.017602601547835557,1024.0,11.0
2900,87.0,128.44073943623346,128.44072093024,456.5999912852104,456.5995156768698,136.48545424962703,136.48514944544223,5.134024754574771,5.1340796576786,0.012326446668758463,1024.0,11.0
2901,87.0,128.44072093024,128.44087282947478,456.5995156768698,456.5996911832179,136.48514944544223,136.48524460425216,5.1340796576786,5.134109902355459,0.020757181034626662,1024.0,11.0
2902,87.0,129.12550176301255,129.12581164507648,456.4017860859487,456.4021238911854,136.46400765543785,136.4638192085789,5.157567844991468,5.157604430707815,0.0068694954548785036,1025.0,11.0
2903,87.0,129.12581164507648,129.126754067976,456.4021238911854,456.4027097693347,136.4638192085789,136.46322376910385,5.157604430707815,5.157702158393997,0.01602593165549846,1025.0,11.0
2904,87.0,129.126754067976,129.12677771986387,456.4027097693347,456.4022845592525,136.46322376910385,136.4638311590175,5.157702158393997,5.1577691188281305,0.01648546533834061,1025.0,11.0
2905,87.0,129.12677771986387,129.12677527906075,456.4022845592525,456.4025637394422,136.4638311590175,136.46376270415223,5.1577691188281305,5.157802529956766,0.014200270122922735,1025.0,11.0
2906,87.0,129.12677527906075,129.1268258289318,456.4025637394422,456.40256125678144,136.46376270415223,136.4637674471378,5.157802529956766,5.157812085765245,0.008239561043744334,1025.0,11.0
2907,87.0,130.96875551121428,130.96883801035824,451.3961178755575,451.395792754975,135.0945553566743,135.094094622265,5.341269615301309,5.341310585395987,0.0027445499418671075,1026.0,11.0
2908,87.0,130.96883801035824,130.96930374489085,451.395792754975,451.3948362959858,135.094094622265,135.09298940762645,5.341310585395987,5.341422844393497,0.017234858920351547,1026.0,11.0
2909,87.0,130.96930374489085,130.9690832645498,451.3948362959858,451.39513630486607,135.09298940762645,135.09210165075353,5.341422844393497,5.341503636068103,0.012801521456565348,1026.0,11.0
2910,87.0,130.9690832645498,130.96887476705737,451.39513630486607,451.39485032754675,135.09210165075353,135.09254193300305,5.341503636068103,5.34155851719278,0.023695068249323503,1026.0,11.0
2911,87.0,130.96887476705737,130.96890935388177,451.39485032754675,451.3948329895728,135.09254193300305,135.0925921606691,5.34155851719278,5.341569707183241,0.009377970296939448,1026.0,11.0
2912,87.0,131.22206363576035,131.22213053095575,451.37499317169414,451.37490378001365,135.32537548271708,135.32562148884878,5.35273071215966,5.352762639079201,0.021657830092993578,1028.0,11.0
2913,87.0,135.47160607674826,135.4715474230547,453.52595798533105,453.52618092498926,134.968051514867,134.96768412941552,5.512051294734263,5.512096490904574,0.016670953225613593,1029.0,11.0
2914,87.0,135.4715474230547,135.47157782054535,453.52618092498926,453.52617733638965,134.96768412941552,134.9677717465211,5.512096490904574,5.512111199221237,0.011709570737292424,1029.0,11.0
2915,87.0,135.55852286139856,135.5585146376815,453.5512319110685,453.55121613223974,135.23326545895716,135.2332816293188,5.521383744672933,5.521389367793471,0.0052780231127818895,1030.0,11.0
2916,87.0,137.81525970042358,137.81526297875374,455.096697784729,455.09669199665916,137.14202641171318,137.14203109496728,5.63263864233314,5.632641289275472,0.00270669891073181,1031.0,11.0
2917,87.0,142.86182161682547,142.86170490659555,462.78582214314855,462.78621763206985,140.56275639669695,140.56276942115488,5.959969582823537,5.9600131460758545,0.01892804068357754,1032.0,11.0
2918,87.0,142.86170490659555,142.86171628587812,462.78621763206985,462.7862680431449,140.56276942115488,140.5627888634705,5.9600131460758545,5.9600232825054285,0.008650135406458932,1032.0,11.0
2919,87.0,143.11066594485604,143.11068005405164,462.35401423240444,462.3539980939201,140.71986553725256,140.71986239233402,5.977382613237906,5.977386342383981,0.0014613899220368423,1033.0,11.0
2920,87.0,143.11068005405164,143.11071231661504,462.3539980939201,462.3539596478132,140.71986239233402,140.71987836115824,5.977386342383981,5.977396142923392,0.008413484161799094,1033.0,11.0
2921,87.0,142.29626366226637,142.29619226523172,461.71246757991446,461.71244719439784,141.67239684538427,141.672536488822,6.024350088250918,6.024371705636496,0.01593176835427923,1034.0,11.0
2922,87.0,145.4271690764856,145.42720239404463,459.59715138591554,459.59713883015957,136.532717477996,136.5327396890658,6.237190483099241,6.2371988203669435,0.007358214591493434,1037.0,11.0
2923,87.0,145.17314834163082,145.17314114422408,459.8386019809982,459.83860114031586,136.250461758721,136.25045710265027,6.252198497906604,6.252201250796697,0.002805902181824856,1038.0,11.0
2924,87.0,145.3851227070785,145.38529744168193,460.68088079726033,460.6807659016753,136.16232961547934,136.1620218076377,6.281317753215559,6.281347403889394,0.0014550190807435216,1040.0,11.0
2925,87.0,145.38529744168193,145.38592465805607,460.6807659016753,460.6804447806353,136.1620218076377,136.16117217586017,6.281347403889394,6.28143644857012,0.016873116473875644,1040.0,11.0
2926,87.0,145.38592465805607,145.3863450149009,460.6804447806353,460.68017059626953,136.16117217586017,136.16144872277246,6.28143644857012,6.281491907781684,0.03335154486985613,1040.0,11.0
2927,87.0,145.38499615003897,145.38498888503514,460.6827202539463,460.68272089020536,136.16284387308258,136.16284681536902,6.281382414594507,6.2813850006097365,0.0026493439859775797,1043.0,11.0
2928,87.0,118.1040316448419,118.10387465937397,452.82177918513753,452.82154236739854,140.19605398611418,140.19690061853973,4.701725622911254,4.701802185628088,0.02396390500657146,1045.0,11.0
2929,87.0,118.10387465937397,118.1037351478,452.82154236739854,452.8214564635822,140.19690061853973,140.19706188347897,4.701802185628088,4.701830564519239,0.019743054741311092,1045.0,11.0
2930,87.0,121.38184362028309,121.385455401972,449.762559937158,449.7598968125538,136.30356137543984,136.3034832258363,4.876166411847143,4.876372690952622,0.008561550317244869,1048.0,11.0
2931,87.0,121.385455401972,121.38915787185024,449.7598968125538,449.75206377505464,136.3034832258363,136.30577629625662,4.876372690952622,4.87678901884197,0.02404194463597632,1048.0,11.0
2932,87.0,121.38915787185024,121.39497992457243,449.75206377505464,449.75676730026305,136.30577629625662,136.30439234893828,4.87678901884197,4.8771546184491275,0.022371901746801155,1048.0,11.0
2933,87.0,121.39497992457243,121.39661212451809,449.75676730026305,449.75664973670837,136.30439234893828,136.31059963986095,4.8771546184491275,4.877474518760603,0.04210951973468794,1048.0,11.0
2934,87.0,121.39661212451809,121.39896013486937,449.75664973670837,449.75676539661225,136.31059963986095,136.31428121272364,4.877474518760603,4.877712868415691,0.015673007640667428,1048.0,11.0
2935,87.0,121.39896013486937,121.39677345563958,449.75676539661225,449.75922883021997,136.31428121272364,136.31591273706385,4.877712868415691,4.877922487579902,0.0183532516485947,1048.0,11.0
2936,87.0,121.39677345563958,121.39514926178522,449.75922883021997,449.7614684784359,136.31591273706385,136.31684065936238,4.877922487579902,4.878099585622472,0.01691201700801343,1048.0,11.0
2937,87.0,121.39514926178522,121.39415782308629,449.7614684784359,449.7614987317299,136.31684065936238,136.314800373044,4.878099585622472,4.878247475090432,0.06459875673862897,1048.0,11.0
2938,87.0,121.39415782308629,121.39400542664823,449.7614987317299,449.7614356569675,136.314800373044,136.31494320087512,4.878247475090432,4.878274793275735,0.01915945321952986,1048.0,11.0
2939,87.0,121.38184426367721,121.38184446164618,449.76255771358376,449.7625508855723,136.3035620516573,136.30356533181788,4.876167210054299,4.876169731085702,0.0025879007231710827,1049.0,11.0
2940,87.0,119.7151568214188,119.7138512657677,449.2115465584644,449.21123049713276,133.05660573610191,133.0561682602167,4.999288084872033,4.999370554938832,0.005881958908138158,1053.0,11.0
2941,87.0,119.7138512657677,119.71097818804276,449.21123049713276,449.2106652887981,133.0561682602167,133.05508212411956,4.999370554938832,4.999556586566084,0.01576948281850632,1053.0,11.0
2942,87.0,119.71097818804276,119.7103870948041,449.2106652887981,449.209072749435,133.05508212411956,133.05692118169938,4.999556586566084,4.99971522990012,0.014099176359154626,1053.0,11.0
2943,87.0,119.7103870948041,119.71125308854425,449.209072749435,449.2091809000838,133.05692118169938,133.05870071568674,4.99971522990012,4.9998496396315115,0.021244132806024094,1053.0,11.0
2944,87.0,119.71125308854425,119.71210986139003,449.2091809000838,449.2098663081696,133.05870071568674,133.05810226147634,4.9998496396315115,4.999946844667948,0.014938590776573044,1053.0,11.0
2945,87.0,119.71210986139003,119.71161998959369,449.2098663081696,449.21038351056933,133.05810226147634,133.0583859083751,4.999946844667948,5.0000154313662,0.012071594791151939,1053.0,11.0
2946,87.0,119.71161998959369,119.71144437618553,449.21038351056933,449.2104421732799,133.0583859083751,133.0587567714636,5.0000154313662,5.000059146509638,0.0235429873380556,1053.0,11.0
2947,87.0,119.71144437618553,119.71144798406252,449.2104421732799,449.21043376690466,133.0587567714636,133.05876981409125,5.000059146509638,5.00006336154806,0.004110002593147907,1053.0,11.0
2948,87.0,120.33077857409123,120.33069280574198,449.21095113439196,449.2111500255086,132.4308162212282,132.43077188986334,5.028577757260699,5.028605339995826,0.019305490794046226,1054.0,11.0
2949,87.0,128.68671446297282,128.68736363352116,444.529699799332,444.5297446673947,129.0544574968345,129.0540810461097,5.36732157718658,5.367372362720259,0.0022554169069156573,1057.0,11.0
2950,87.0,128.68736363352116,128.68885534700627,444.5297446673947,444.5295964235635,129.0540810461097,129.05286992452,5.367372362720259,5.36750414049876,0.013457584796995426,1057.0,11.0
2951,87.0,128.68885534700627,128.6901128289649,444.5295964235635,444.53031638100003,129.05286992452,129.05269595132236,5.36750414049876,5.367612538540687,0.010332953761023353,1057.0,11.0
2952,87.0,128.6901128289649,128.690099771536,444.53031638100003,444.5303504138882,129.05269595132236,129.05381090568739,5.367612538540687,5.3677022526029186,0.014231457366552626,1057.0,11.0
2953,87.0,128.690099771536,128.69003952412717,444.5303504138882,444.53044101655615,129.05381090568739,129.05315728371053,5.3677022526029186,5.36776392994146,0.014262058724791467,1057.0,11.0
2954,87.0,128.69003952412717,128.6898452711812,444.53044101655615,444.53062937583707,129.05315728371053,129.05322801216053,5.36776392994146,5.367796675765273,0.022090464499321682,1057.0,11.0
2955,87.0,123.54558836373533,123.5444443012685,437.8305082489754,437.83131394154924,131.67302285756506,131.67437428963802,5.662233042434804,5.662338462484786,0.0036310213745063802,1058.0,11.0
2956,87.0,123.5444443012685,123.54332531469497,437.83131394154924,437.8333563105625,131.67437428963802,131.67801933529182,5.662338462484786,5.662575064203043,0.016162499977327157,1058.0,11.0
2957,87.0,123.54332531469497,123.54125079607945,437.8333563105625,437.83431433311927,131.67801933529182,131.68082026582468,5.662575064203043,5.662782108491816,0.022142197440377247,1058.0,11.0
2958,87.0,123.54125079607945,123.54043249156814,437.83431433311927,437.83634885457633,131.68082026582468,131.682417565476,5.662782108491816,5.66295014941743,0.02229869896492144,1058.0,11.0
2959,87.0,123.54043249156814,123.53999558020946,437.83634885457633,437.838033155744,131.682417565476,131.68313914826211,5.66295014941743,5.663079828562995,0.013811405700349657,1058.0,11.0
2960,87.0,123.53999558020946,123.54101324435176,437.838033155744,437.83843392955185,131.68313914826211,131.68402292683305,5.663079828562995,5.66318543508554,0.0076299079368955715,1058.0,11.0
2961,87.0,123.54101324435176,123.54178106084017,437.83843392955185,437.83922354603703,131.68402292683305,131.68436235857746,5.66318543508554,5.66327723986249,0.025590931715250773,1058.0,11.0
2962,87.0,123.54178106084017,123.54174318348844,437.83922354603703,437.8395540677182,131.68436235857746,131.68453577786178,5.66327723986249,5.663317863529355,0.019662044245491072,1058.0,11.0
2963,87.0,123.54174318348844,123.54176261467587,437.8395540677182,437.83955328339863,131.68453577786178,131.68456327179493,5.663317863529355,5.663324995382766,0.006459073091117946,1058.0,11.0
2964,87.0,123.54707112031022,123.54707483536461,437.83090771947525,437.83091248235587,131.66997310527785,131.66996957435114,5.662347690722409,5.662350077694874,0.0024602001857623765,1061.0,11.0
2965,87.0,121.87626805576811,121.89767889267598,445.7079234484412,445.6632089689514,132.16458920561485,132.12827080255494,5.060495079261731,5.0625587948116255,0.08530818466594756,1064.0,11.0
2966,87.0,121.89767889267598,122.03912250025687,445.6632089689514,445.43353992641096,132.12827080255494,131.95032667218084,5.0625587948116255,5.073424721953548,0.6444089130841445,1064.0,11.0
2967,87.0,122.03912250025687,122.12848156474335,445.43353992641096,445.2179817877338,131.95032667218084,131.84420590637495,5.073424721953548,5.082073822179474,0.5834094894124257,1064.0,11.0
2968,87.0,122.12848156474335,122.1968306904266,445.2179817877338,445.22177822796385,131.84420590637495,131.65978155211604,5.082073822179474,5.088746616699004,0.3918269788317979,1064.0,11.0
2969,87.0,122.1968306904266,122.11577485608557,445.22177822796385,445.1480458968978,131.65978155211604,131.54680385482402,5.088746616699004,5.094117356412202,0.26853213812248744,1064.0,11.0
2970,87.0,122.11577485608557,122.0782725160924,445.1480458968978,445.10817674669124,131.54680385482402,131.42788246028775,5.094117356412202,5.0986125405769105,0.23975643639366684,1064.0,11.0
2971,87.0,122.0782725160924,121.99990248209217,445.10817674669124,445.1562723809322,131.42788246028775,131.37176314093486,5.0986125405769105,5.102341205926458,0.20117632576848343,1064.0,11.0
2972,87.0,121.99990248209217,122.0450875794503,445.1562723809322,445.0993884686338,131.37176314093486,131.32085859369764,5.102341205926458,5.105441345400556,0.15323469491353217,1064.0,11.0
2973,87.0,122.0450875794503,122.08593261473038,445.0993884686338,445.0457628415951,131.32085859369764,131.28899983857553,5.105441345400556,5.108073721766576,0.17031748741527,1064.0,11.0
2974,87.0,122.08593261473038,122.14007952050534,445.0457628415951,445.0262569778799,131.28899983857553,131.30318947832396,5.108073721766576,5.110200103839191,0.1468844611719595,1064.0,11.0
2975,87.0,122.14007952050534,122.15909834428098,445.0262569778799,445.00193377499966,131.30318947832396,131.3380675957175,5.110200103839191,5.111904834045161,0.10323423736888025,1064.0,11.0
2976,87.0,122.15909834428098,122.19049256637587,445.00193377499966,445.00754535216595,131.3380675957175,131.31739088078834,5.111904834045161,5.113323466758206,0.11722426680267259,1064.0,11.0
2977,87.0,122.19049256637587,122.21209366515939,445.00754535216595,445.00252505008893,131.31739088078834,131.33574744056733,5.113323466758206,5.1144324312241265,0.04918639713371446,1064.0,11.0
2978,87.0,122.21209366515939,122.20762152247184,445.00252505008893,444.97811473327175,131.33574744056733,131.33231467837803,5.1144324312241265,5.115414642447296,0.193199324968541,1064.0,11.0
2979,87.0,122.20762152247184,122.1978381917113,444.97811473327175,444.97372832579947,131.33231467837803,131.3277242031974,5.115414642447296,5.11592994125257,0.03633724401330514,1064.0,11.0
2980,87.0,122.1978381917113,122.19315336649402,444.97372832579947,444.97918807760124,131.3277242031974,131.3215699464075,5.11592994125257,5.116365000645652,0.0262591023624322,1064.0,11.0
2981,87.0,122.19315336649402,122.19380559311455,444.97918807760124,444.9749071286202,131.3215699464075,131.3148804543123,5.116365000645652,5.116744115246086,0.026614292289347374,1064.0,11.0
2982,87.0,122.19380559311455,122.19969415990913,444.9749071286202,444.9741219787364,131.3148804543123,131.31760489535702,5.116744115246086,5.117068516909205,0.016492059805478326,1064.0,11.0
2983,87.0,122.19969415990913,122.20358058406707,444.9741219787364,444.9781996794007,131.31760489535702,131.31676475843383,5.117068516909205,5.11736012706063,0.027045375049980558,1064.0,11.0
2984,87.0,122.20358058406707,122.2040036053426,444.9781996794007,444.98248315118053,131.31676475843383,131.31770116623252,5.11736012706063,5.1175999856221175,0.026058532331163294,1064.0,11.0
2985,87.0,122.2040036053426,122.20465298455906,444.98248315118053,444.9854619913549,131.31770116623252,131.31650983145963,5.1175999856221175,5.117792493545732,0.016792021702992793,1064.0,11.0
2986,87.0,122.20465298455906,122.20357633343497,444.9854619913549,444.98606706123053,131.31650983145963,131.3142163476403,5.117792493545732,5.117955704006379,0.013408221006768035,1064.0,11.0
2987,87.0,122.20357633343497,122.20422555455488,444.98606706123053,444.98537715811307,131.3142163476403,131.31609361451063,5.117955704006379,5.118095845502298,0.011393283812377381,1064.0,11.0
2988,87.0,122.20422555455488,122.20581928719237,444.98537715811307,444.9859310533192,131.31609361451063,131.3159064286091,5.118095845502298,5.118216379339461,0.012184358771173444,1064.0,11.0
2989,87.0,122.20581928719237,122.20531099318832,444.9859310533192,444.986988087673,131.3159064286091,131.31642699023365,5.118216379339461,5.118315407588056,0.021845387946516633,1064.0,11.0
2990,87.0,122.20531099318832,122.20503324555482,444.986988087673,444.9873111699534,131.31642699023365,131.3160233385152,5.118315407588056,5.118371848457356,0.014297510792513308,1064.0,11.0
2991,87.0,122.20503324555482,122.2051841993084,444.9873111699534,444.9871677984549,131.3160233385152,131.31593662718404,5.118371848457356,5.1183998335658805,0.01952699588495518,1064.0,11.0
2992,87.0,121.87626805576811,121.89404299490818,445.7079234484412,445.69573264679036,132.16458920561485,132.13384892928747,5.060495079261731,5.061819073319492,0.058638248106832165,1065.0,-11.0
2993,87.0,121.89404299490818,121.91858202201306,445.69573264679036,445.6757913164656,132.13384892928747,132.0841284757161,5.061819073319492,5.063906739780883,0.19062575982115146,1065.0,-11.0
2994,87.0,121.91858202201306,121.9263358837396,445.6757913164656,445.6861229071181,132.0841284757161,132.03649754009913,5.063906739780883,5.065704510261871,0.11659156578041417,1065.0,-11.0
2995,87.0,121.9263358837396,121.90515484066634,445.6861229071181,445.7127031497692,132.03649754009913,132.0165215091044,5.065704510261871,5.067170883946665,0.07442371854711578,1065.0,-11.0
2996,87.0,121.90515484066634,121.8977938063836,445.7127031497692,445.74230110674637,132.0165215091044,132.00311742710034,5.067170883946665,5.068432133308804,0.0968393259496946,1065.0,-11.0
2997,87.0,121.8977938063836,121.91738191027488,445.74230110674637,445.7327298587762,132.00311742710034,131.98945205065115,5.068432133308804,5.069436590659304,0.04587656212075489,1065.0,-11.0
2998,87.0,121.91738191027488,121.93838531998435,445.7327298587762,445.73945287348016,131.98945205065115,131.9862920870215,5.069436590659304,5.0703228714977975,0.05356163908092765,1065.0,-11.0
2999,87.0,121.93838531998435,121.95223634850363,445.73945287348016,445.7342446924473,131.9862920870215,131.9972433253886,5.0703228714977975,5.071075340383919,0.04754251686492083,1065.0,-11.0
3000,87.0,121.95223634850363,121.95892638418484,445.7342446924473,445.7421462938306,131.9972433253886,132.0083010352568,5.071075340383919,5.071713493982863,0.046294402068184484,1065.0,-11.0
3001,87.0,121.95892638418484,121.96235330297793,445.7421462938306,445.75316668163623,132.0083010352568,132.0120703126001,5.071713493982863,5.072244359590978,0.03365420678448066,1065.0,-11.0
3002,87.0,121.96235330297793,121.96708330458912,445.75316668163623,445.75295916828844,132.0120703126001,132.00316835205567,5.072244359590978,5.072700376805964,0.024790266199894547,1065.0,-11.0
3003,87.0,121.96708330458912,121.96375419781695,445.75295916828844,445.7545894094811,132.00316835205567,131.99535933525354,5.072700376805964,5.073103136746836,0.03002929070135292,1065.0,-11.0
3004,87.0,121.96375419781695,121.96521873311258,445.7545894094811,445.75669777596005,131.99535933525354,131.98884628160857,5.073103136746836,5.073443789926233,0.0982895186705115,1065.0,-11.0
3005,87.0,121.96521873311258,121.96617614141644,445.75669777596005,445.7573421853241,131.98884628160857,131.9865675629321,5.073443789926233,5.07360389255857,0.014057932314605073,1065.0,-11.0
3006,87.0,121.96617614141644,121.96783014126979,445.7573421853241,445.7561747862299,131.9865675629321,131.98624826868124,5.07360389255857,5.0737410016650575,0.018979318864513862,1065.0,-11.0
3007,87.0,121.96783014126979,121.9679250403586,445.7561747862299,445.75572038520687,131.98624826868124,131.9875819592278,5.0737410016650575,5.073846917891424,0.011289925783696279,1065.0,-11.0
3008,87.0,121.9679250403586,121.96698768083311,445.75572038520687,445.7554057829393,131.9875819592278,131.98793453940024,5.073846917891424,5.07393310007483,0.016910100359615807,1065.0,-11.0
3009,87.0,121.96698768083311,121.96721029310982,445.7554057829393,445.75535540571207,131.98793453940024,131.98745402617243,5.07393310007483,5.073986075712549,0.0203946248468896,1065.0,-11.0
3010,87.0,121.96721029310982,121.96723164208132,445.75535540571207,445.755365243919,131.98745402617243,131.98754252923035,5.073986075712549,5.074001077464487,0.010933350081024057,1065.0,-11.0
3011,87.0,123.98914411104965,123.98913402984908,450.6353236742214,450.635323694828,130.13953004788297,130.13951898873742,5.260670961350507,5.260674996391261,0.003955451251835659,1070.0,11.0
3012,87.0,126.60390334960115,126.60424222317938,455.95725172721876,455.95733849952114,128.76823234716792,128.76842765469524,5.46367935922023,5.463710583217795,0.00299765137712801,1071.0,11.0
3013,87.0,126.60424222317938,126.60533317830932,455.95733849952114,455.9571428042003,128.76842765469524,128.76870459434394,5.463710583217795,5.463801821342719,0.01174570909395209,1071.0,11.0
3014,87.0,126.60533317830932,126.60605392049936,455.9571428042003,455.9568942549912,128.76870459434394,128.76876437695924,5.463801821342719,5.46387027642259,0.020140589710395125,1071.0,11.0
3015,87.0,126.60605392049936,126.60591504744346,455.9568942549912,455.95684691044715,128.76876437695924,128.768593312893,5.46387027642259,5.46389824726385,0.01951915447687621,1071.0,11.0
3016,87.0,127.20309901351023,127.20395229081824,459.78283375722606,459.78517606488504,125.87491493787104,125.87482536284097,5.624916800416546,5.625045385750339,0.006189647267849508,1072.0,11.0
3017,87.0,127.20395229081824,127.20708703043572,459.78517606488504,459.78921074545985,125.87482536284097,125.87594029251136,5.625045385750339,5.62531853117799,0.02112247254766366,1072.0,11.0
3018,87.0,127.20708703043572,127.20755134245132,459.78921074545985,459.7934188435851,125.87594029251136,125.8762245995958,5.62531853117799,5.625551751840352,0.023351644420450318,1072.0,11.0
3019,87.0,127.20755134245132,127.2093536335024,459.7934188435851,459.7960990709438,125.8762245995958,125.87644990379201,5.625551751840352,5.6257427294025835,0.022177080067242606,1072.0,11.0
3020,87.0,127.2093536335024,127.20960942531315,459.7960990709438,459.7982638385306,125.87644990379201,125.87737354242181,5.6257427294025835,5.625895172152693,0.018512199535239547,1072.0,11.0
3021,87.0,127.20960942531315,127.21025702154864,459.7982638385306,459.79670752745744,125.87737354242181,125.87716156774884,5.625895172152693,5.626015773455032,0.017828404550211993,1072.0,11.0
3022,87.0,127.21025702154864,127.21090017046818,459.79670752745744,459.7975876247535,125.87716156774884,125.877024884098,5.626015773455032,5.626104519689241,0.018660451018063424,1072.0,11.0
3023,87.0,127.21090017046818,127.21067719137098,459.7975876247535,459.79791312250256,125.877024884098,125.87735885846614,5.626104519689241,5.626155939926264,0.018497993494688697,1072.0,11.0
3024,87.0,127.21067719137098,127.21072647650028,459.79791312250256,459.7980064842915,125.87735885846614,125.87738896233463,5.626155939926264,5.626172539805275,0.012906308698167612,1072.0,11.0
3025,87.0,127.20309857889875,127.20309746955206,459.7828360485793,459.7828418972634,125.87491596719663,125.87491859455228,5.624917633783651,5.624919905233233,0.002349024645601402,1073.0,11.0
3026,87.0,128.10236350602366,128.10270751873583,454.3653609747171,454.3641280279818,112.80496637679246,112.80323523056306,6.097803458820929,6.097918010752638,0.005774948610206973,1076.0,11.0
3027,87.0,128.10270751873583,128.10403542198546,454.3641280279818,454.36197796362023,112.80323523056306,112.79942598838461,6.097918010752638,6.098164651079511,0.028381470502919833,1076.0,11.0
3028,87.0,128.10403542198546,128.1025472832593,454.36197796362023,454.3590040795777,112.79942598838461,112.79932181905221,6.098164651079511,6.098359464770244,0.0145391762635516,1076.0,11.0
3029,87.0,128.1025472832593,128.10011611894473,454.3590040795777,454.36027316196885,112.79932181905221,112.79933040104204,6.098359464770244,6.098528816772594,0.03447294732280449,1076.0,11.0
3030,87.0,128.10011611894473,128.09867708065215,454.36027316196885,454.359898087104,112.79933040104204,112.79931157726226,6.098528816772594,6.098638661641375,0.015664608491562246,1076.0,11.0
3031,87.0,128.09867708065215,128.0980883715174,454.359898087104,454.35968286206025,112.79931157726226,112.80005058519775,6.098638661641375,6.0987198346112805,0.015325276094438733,1076.0,11.0
3032,87.0,128.0980883715174,128.0978396872087,454.35968286206025,454.35925278581243,112.80005058519775,112.80009046325594,6.0987198346112805,6.098769894364267,0.012678052958758396,1076.0,11.0
3033,87.0,128.0978396872087,128.09782579997037,454.35925278581243,454.35922448174796,112.80009046325594,112.80028492178376,6.098769894364267,6.098795254805907,0.018068770740036932,1076.0,11.0
3034,87.0,127.45318098732837,127.45278446765788,454.986087071193,454.9856630591815,113.36520260271273,113.36540062450175,6.13312732466346,6.133185617901266,0.017709327145584024,1077.0,11.0
3035,87.0,127.45278446765788,127.45270573772272,454.9856630591815,454.9855182479153,113.36540062450175,113.36546586181139,6.133185617901266,6.133209104320429,0.017008118862239383,1077.0,11.0
3036,87.0,127.46437186781084,127.46451109316186,455.20365260799264,455.20377372148624,113.04523294100254,113.04501779754142,6.146024976700058,6.146058045091377,0.022260087761621153,1078.0,11.0
3037,87.0,127.46431275652878,127.46431547651457,455.20360496417834,455.2036013702702,113.04528791685695,113.04528135996831,6.146014986098479,6.146017592982375,0.0026690157421901473,1079.0,11.0
3038,87.0,126.52824158392973,126.52823553778076,455.1452623161116,455.145273216438,113.22382613527381,113.2238457327373,6.177862370549766,6.177867858585957,0.005168965545529219,1082.0,11.0
3039,87.0,122.269992226245,122.26939201691309,453.75464483013974,453.7549548981125,107.82486767815244,107.82509543107463,6.411960127881948,6.412008826795312,0.0047214439212095,1085.0,11.0
3040,87.0,122.26939201691309,122.26809642808223,453.7549548981125,453.7553008724436,107.82509543107463,107.8262460463864,6.412008826795312,6.4121328000251445,0.011573234289676443,1085.0,11.0
3041,87.0,122.26809642808223,122.26673180945923,453.7553008724436,453.75517914115136,107.8262460463864,107.82623881691367,6.4121328000251445,6.412236493774075,0.015558100062808583,1085.0,11.0
3042,87.0,122.26673180945923,122.26660754745676,453.75517914115136,453.7558149833393,107.82623881691367,107.82567143644724,6.412236493774075,6.412311083961903,0.016618840033781872,1085.0,11.0
3043,87.0,122.26660754745676,122.26623432856388,453.7558149833393,453.7557864645879,107.82567143644724,107.82566218642357,6.412311083961903,6.41235164788811,0.013916655530312618,1085.0,11.0
3044,87.0,122.26623432856388,122.26625631682312,453.7557864645879,453.75585343742324,107.82566218642357,107.82559230392049,6.41235164788811,6.4123670851993575,0.012174644173065593,1085.0,11.0
3045,87.0,122.26999050769493,122.26998633934855,453.7546445947497,453.7546442950981,107.82486611530797,107.8248622722504,6.411960910252746,6.411962980203355,0.0021521854977818305,1086.0,11.0
3046,87.0,117.45049495207624,117.45080081897007,434.8540749185104,434.85313066530597,136.11579069620208,136.11487515830873,5.490998188751349,5.491076538685427,0.0109992588382257,1091.0,11.0
3047,87.0,117.45080081897007,117.45189312083389,434.85313066530597,434.8515854297617,136.11487515830873,136.11255806784982,5.491076538685427,5.491256854816064,0.018567430313867164,1091.0,11.0
3048,87.0,117.45189312083389,117.44978131264494,434.8515854297617,434.85221125202304,136.11255806784982,136.1119860931469,5.491256854816064,5.491405069315576,0.011479615004919891,1091.0,11.0
3049,87.0,117.44978131264494,117.44842712864224,434.85221125202304,434.85196193237687,136.1119860931469,136.11073648503844,5.491405069315576,5.491533569259181,0.012686168166757526,1091.0,11.0
3050,87.0,117.44842712864224,117.44950901766488,434.85196193237687,434.85189341267085,136.11073648503844,136.1116552112569,5.491533569259181,5.491639956438413,0.018476679694241445,1091.0,11.0
3051,87.0,117.44950901766488,117.45008964676853,434.85189341267085,434.8523056604213,136.1116552112569,136.1120548019358,5.491639956438413,5.491711737590201,0.013637427492542632,1091.0,11.0
3052,87.0,117.45008964676853,117.45035438487271,434.8523056604213,434.8523380570887,136.1120548019358,136.11237260268553,5.491711737590201,5.491755481940305,0.017629105517243164,1091.0,11.0
3053,87.0,117.45035438487271,117.45031501926299,434.8523380570887,434.85237101007453,136.11237260268553,136.1124220015404,5.491755481940305,5.491767647255472,0.01003826553783494,1091.0,11.0
3054,87.0,116.8392129240497,116.83921650304708,434.5415381946088,434.5414930947004,137.1186979832625,137.11858198095612,5.531545352498615,5.531563532081393,0.013881213102737471,1093.0,11.0
3055,87.0,114.33820550400935,114.3372493679041,432.99828497057825,432.9981555959927,147.3279202676122,147.33166396200352,5.885910315893999,5.8860932559375,0.007907007968073441,1094.0,11.0
3056,87.0,114.3372493679041,114.33298981448311,432.9981555959927,432.9978872544774,147.33166396200352,147.33812141032163,5.8860932559375,5.886463742339519,0.030360202924527305,1094.0,11.0
3057,87.0,114.33298981448311,114.33388379886897,432.9978872544774,432.99382338981275,147.33812141032163,147.3426222115856,5.886463742339519,5.886772371867109,0.02420474278061097,1094.0,11.0
3058,87.0,114.33388379886897,114.33545882490077,432.99382338981275,432.9891648205597,147.3426222115856,147.34306784392555,5.886772371867109,5.8870338329858845,0.027771441772531043,1094.0,11.0
3059,87.0,114.33545882490077,114.33912415120228,432.9891648205597,432.9894585337064,147.34306784392555,147.34327759714475,5.8870338329858845,5.887243754947244,0.026438429375902052,1094.0,11.0
3060,87.0,114.33912415120228,114.33899379388797,432.9894585337064,432.988907253236,147.34327759714475,147.34582395085482,5.887243754947244,5.887407132932646,0.023185445232524263,1094.0,11.0
3061,87.0,114.33899379388797,114.33766395030344,432.988907253236,432.9900041556366,147.34582395085482,147.34616550450863,5.887407132932646,5.887530632596582,0.011981306182949772,1094.0,11.0
3062,87.0,114.33766395030344,114.33644165707264,432.9900041556366,432.9900751863432,147.34616550450863,147.34672751528493,5.887530632596582,5.887633106736756,0.014228792383648178,1094.0,11.0
3063,87.0,114.33644165707264,114.33724053894919,432.9900751863432,432.9901667181737,147.34672751528493,147.3470895564122,5.887633106736756,5.887708979499179,0.013300037309418703,1094.0,11.0
3064,87.0,114.33724053894919,114.33683022804334,432.9901667181737,432.9903442985499,147.3470895564122,147.3472620572817,5.887708979499179,5.887757615454944,0.018211633215331792,1094.0,11.0
3065,87.0,114.33683022804334,114.33685989935505,432.9903442985499,432.9902552277298,147.3472620572817,147.34727429822598,5.887757615454944,5.887772536261383,0.01184563655075985,1094.0,11.0
3066,87.0,113.16679359494188,113.16689580273894,427.2490190853265,427.24865832112266,142.34725054016042,142.3471347037429,6.1480700789301785,6.148100615907468,0.0022356556647979598,1095.0,11.0
3067,87.0,113.16689580273894,113.16742070397018,427.24865832112266,427.24798300688053,142.3471347037429,142.34633034709287,6.148100615907468,6.148193633646654,0.009229658233520914,1095.0,11.0
3068,87.0,113.16742070397018,113.16815366184953,427.24798300688053,427.2482347259996,142.34633034709287,142.34673645055827,6.148193633646654,6.148269078040326,0.01700642678908581,1095.0,11.0
3069,87.0,113.16815366184953,113.16804232358109,427.2482347259996,427.2480189083502,142.34673645055827,142.34645004221878,6.148269078040326,6.148309728186104,0.01835126431558187,1095.0,11.0
3070,87.0,113.16804232358109,113.16806680389618,427.2480189083502,427.2480044281495,142.34645004221878,142.34648638347625,6.148309728186104,6.148318648300414,0.007783066197816196,1095.0,11.0
3071,87.0,112.24410863537464,112.24411393323776,430.6208891661833,430.6209056169393,139.22244385486283,139.2224458697409,6.30447312986796,6.304476274188842,0.0026397003966301793,1096.0,11.0
3072,87.0,112.24411393323776,112.24412732430089,430.6209056169393,430.6209225338721,139.2224458697409,139.222469834194,6.304476274188842,6.304483190086035,0.006294598303249434,1096.0,11.0
3073,87.0,110.97831813755401,110.97836479265104,430.36275898912197,430.36273526144333,135.7247002502361,135.72462039339197,6.428852547668139,6.428867559642974,0.011903887788587674,1097.0,11.0
3074,87.0,110.9783115342237,110.97831720538395,430.36276409493803,430.36276241038667,135.7247286012204,135.72472662824853,6.428848553839163,6.4288507604004606,0.0022860619148996407,1098.0,11.0
3075,87.0,109.68683925307337,109.6867680713267,431.5326648780363,431.53294101897256,139.8506412892554,139.85161113541227,6.578244672911197,6.5783082920595675,0.004360618111726703,1101.0,11.0
3076,87.0,109.6867680713267,109.68677040637279,431.53294101897256,431.5328240090063,139.85161113541227,139.8540074113734,6.5783082920595675,6.578462185941623,0.010641726007689213,1101.0,11.0
3077,87.0,109.68677040637279,109.68628497567931,431.5328240090063,431.53289945597135,139.8540074113734,139.85595352013578,6.578462185941623,6.578597796069537,0.01333734554912212,1101.0,11.0
3078,87.0,109.68628497567931,109.68592029164286,431.53289945597135,431.53229244646366,139.85595352013578,139.85732047824627,6.578597796069537,6.578710335779365,0.014910255106697867,1101.0,11.0
3079,87.0,109.68592029164286,109.68587560451127,431.53229244646366,431.53269494644456,139.85732047824627,139.8582817079704,6.578710335779365,6.578795876546547,0.016122194461984492,1101.0,11.0
3080,87.0,109.68587560451127,109.68616866227899,431.53269494644456,431.53293243219804,139.8582817079704,139.85789432491237,6.578795876546547,6.578849022727904,0.014054726635694943,1101.0,11.0
3081,87.0,109.68616866227899,109.68624825206996,431.53293243219804,431.53275168662515,139.85789432491237,139.85792003151485,6.578849022727904,6.578874585374635,0.01818223390598902,1101.0,11.0
3082,87.0,109.68683870458399,109.68683594824418,431.53266693529866,431.53267324285133,139.85064029575872,139.85063696956658,6.578245450243277,6.578247986630015,0.002602445620312369,1102.0,11.0
3083,87.0,121.67330590686065,121.67329567738962,448.4563404129607,448.45598842738144,128.0414270854444,128.04150014141578,5.227921323944365,5.227950249963907,0.0026657583053671316,1106.0,11.0
3084,87.0,121.67329567738962,121.67333981944674,448.45598842738144,448.455038489833,128.04150014141578,128.0418912272716,5.227950249963907,5.228034925483674,0.01758055906212184,1106.0,11.0
3085,87.0,121.67333981944674,121.67381471313429,448.455038489833,448.4550510156138,128.0418912272716,128.0419963478763,5.228034925483674,5.228084107766917,0.023037867502046977,1106.0,11.0
3086,87.0,121.67381471313429,121.67384028170957,448.4550510156138,448.45507740869334,128.0419963478763,128.04201509592144,5.228084107766917,5.2280923443522,0.007284195498312943,1106.0,11.0
3087,87.0,121.67242817553071,121.67242500749349,448.4570223581537,448.4570287097022,128.04073966930005,128.04074113339942,5.227965675682981,5.227968120846768,0.002515786270614967,1109.0,11.0
3088,87.0,132.69763754191746,132.69789123849017,426.94394824401144,426.94322749237307,120.08864552164668,120.08865710767319,5.887769650799499,5.887838070193598,0.013032767753009893,1113.0,11.0
3089,87.0,132.69789123849017,132.6977079849525,426.94322749237307,426.94333721773984,120.08865710767319,120.08898047647433,5.887838070193598,5.887879674684675,0.016904014006689505,1113.0,11.0
3090,87.0,132.6977079849525,132.6976680056692,426.94333721773984,426.94337932954625,120.08898047647433,120.08901438263896,5.887879674684675,5.887891346056954,0.009705386917131256,1113.0,11.0
3091,87.0,141.85737641077623,141.8573837083456,425.4638545366276,425.46388935065215,110.5417138440727,110.54169105626616,6.331819945263143,6.331825716077132,0.0010184774922000655,1115.0,11.0
3092,87.0,141.8573837083456,141.85747962203556,425.46388935065215,425.46399229238466,110.54169105626616,110.54170416147288,6.331825716077132,6.331845638497916,0.014932106420521122,1115.0,11.0
3093,87.0,152.4880454504488,152.48830216662796,419.99580513686004,419.9953765991621,105.96552802584388,105.96516381590114,6.758797837778338,6.75884145825746,0.0014792023435771667,1116.0,11.0
3094,87.0,152.48830216662796,152.48898979939753,419.9953765991621,419.9942196495228,105.96516381590114,105.96415447489264,6.75884145825746,6.758961228669524,0.016619300149654785,1116.0,11.0
3095,87.0,152.48898979939753,152.48940723806018,419.9942196495228,419.9943702175773,105.96415447489264,105.96518547814385,6.758961228669524,6.759051334946264,0.011033759913139884,1116.0,11.0
3096,87.0,152.48940723806018,152.49006863989828,419.9943702175773,419.9940246973748,105.96518547814385,105.96500423173211,6.759051334946264,6.759119995906333,0.022668688071042456,1116.0,11.0
3097,87.0,152.49006863989828,152.49012210637892,419.9940246973748,419.99394358016343,105.96500423173211,105.9648541204604,6.759119995906333,6.759143630293785,0.017092493227124583,1116.0,11.0
3098,87.0,153.04964656505382,153.04974195125385,420.0997431628228,420.0997053046106,106.88373865680622,106.88409281224696,6.794867665749562,6.7948972175244045,0.002264030619899698,1118.0,11.0
3099,87.0,153.04974195125385,153.05018997189495,420.0997053046106,420.09959454292846,106.88409281224696,106.88504134548639,6.7948972175244045,6.794983443911312,0.01082563582466477,1118.0,11.0
3100,87.0,153.05018997189495,153.050298286319,420.09959454292846,420.1001649413847,106.88504134548639,106.88544988185681,6.794983443911312,6.795048299668155,0.012063614524957663,1118.0,11.0
3101,87.0,153.050298286319,153.04996504855754,420.1001649413847,420.1000745563891,106.88544988185681,106.88532273361575,6.795048299668155,6.795088346552778,0.0188825597081711,1118.0,11.0
3102,87.0,153.04996504855754,153.04992881944423,420.1000745563891,420.1000627388779,106.88532273361575,106.88532296422224,6.795088346552778,6.795096132113632,0.006950285437214765,1118.0,11.0
3103,87.0,176.14532143000855,176.14528881805185,431.61414849576977,431.6141430629141,85.22340266049221,85.22329086961479,7.918722116329395,7.918739451533055,0.013362837220567168,1121.0,11.0
3104,87.0,176.5036074166416,176.50361940563283,431.0391026552259,431.03910230416403,86.1958921408266,86.19597867001696,7.958254019838156,7.958268101895559,0.011304066639196178,1123.0,11.0
3105,87.0,176.50360935464232,176.50361267418504,431.03910157129275,431.0390952595488,86.1958659462924,86.19586722793096,7.958250507759927,7.958252952570624,0.002515449636533588,1124.0,11.0
3106,87.0,178.4761906594372,178.47615156889756,429.47039801084884,429.4698667252327,85.53209552565829,85.53118401414727,8.04518462538802,8.045250051413841,0.0024583151068960016,1127.0,11.0
3107,87.0,178.47615156889756,178.47548486573305,429.4698667252327,429.4680681199238,85.53118401414727,85.52940939902683,8.045250051413841,8.04541363480191,0.014689976677208255,1127.0,11.0
3108,87.0,178.47548486573305,178.47511339357848,429.4680681199238,429.4700202893355,85.52940939902683,85.52885142533157,8.04541363480191,8.045551947675307,0.014287774274701083,1127.0,11.0
3109,87.0,178.47511339357848,178.47443307649036,429.4700202893355,429.47138819950885,85.52885142533157,85.5285315514278,8.045551947675307,8.045665582253026,0.011281944076496889,1127.0,11.0
3110,87.0,178.47443307649036,178.4736471212607,429.47138819950885,429.4719721489837,85.5285315514278,85.52786930161342,8.045665582253026,8.04575904415783,0.023687225871438282,1127.0,11.0
3111,87.0,178.4736471212607,178.4734618002297,429.4719721489837,429.4718285879164,85.52786930161342,85.5282514302079,8.04575904415783,8.045805352796997,0.023088666630983398,1127.0,11.0
3112,87.0,178.4734618002297,178.47347634493306,429.4718285879164,429.47184735649716,85.5282514302079,85.5282670451833,8.045805352796997,8.045811678499957,0.005836299190327743,1127.0,11.0
3113,87.0,178.4761884573847,178.47618323364338,429.4703989285789,429.47040345286723,85.53209574152464,85.53209758788036,8.045185417896732,8.045187841246403,0.002494978987784093,1128.0,11.0
3114,87.0,117.43509143387692,117.43507536169811,454.5892575443292,454.5892527087781,141.31559263166034,141.31557251894566,4.612397379296026,4.61240335209138,0.0055577178533445125,1133.0,11.0
3115,87.0,117.43509584681517,117.43509648336195,454.58926131118017,454.589266982386,141.31560097368464,141.31560296723575,4.612396258282215,4.612398418470184,0.002240822042236741,1134.0,11.0
3116,87.0,119.45062914169675,119.59923583835082,453.229101763376,453.0815529186445,139.08497389711806,138.73612867306912,4.719303247587229,4.732892558087399,0.6737499770896238,1137.0,11.0
3117,87.0,119.59923583835082,119.6307656862397,453.0815529186445,453.03681356530177,138.73612867306912,138.63785095062198,4.732892558087399,4.736650384923439,0.2946257571519797,1137.0,11.0
3118,87.0,119.6307656862397,119.86481803161507,453.03681356530177,452.76729294506896,138.63785095062198,137.86339256257193,4.736650384923439,4.765140923176064,1.4550390167272413,1137.0,11.0
3119,87.0,119.86481803161507,120.13002253118029,452.76729294506896,452.77230547566313,137.86339256257193,137.2171075276002,4.765140923176064,4.788496540103783,1.2886908845823448,1137.0,11.0
3120,87.0,120.13002253118029,120.25888872730107,452.77230547566313,452.769056368655,137.2171075276002,136.66989435098824,4.788496540103783,4.807310936200395,1.085227402535689,1137.0,11.0
3121,87.0,120.25888872730107,120.5882902601616,452.769056368655,452.8290584872402,136.66989435098824,136.3727680396506,4.807310936200395,4.822314705805189,0.7784982265284237,1137.0,11.0
3122,87.0,120.5882902601616,120.79906971817101,452.8290584872402,452.99028783545816,136.3727680396506,136.42503205864645,4.822314705805189,4.831396691589383,0.5119719810262434,1137.0,11.0
3123,87.0,120.79906971817101,121.01348164623164,452.99028783545816,453.142150592026,136.42503205864645,136.5533001944544,4.831396691589383,4.841241555932873,0.4993160317574167,1137.0,11.0
3124,87.0,121.01348164623164,121.2264803866556,453.142150592026,453.2366265467781,136.5533001944544,136.61422815180987,4.841241555932873,4.849376689481487,0.4607022034848774,1137.0,11.0
3125,87.0,121.2264803866556,121.19733146580225,453.2366265467781,453.4068899413248,136.61422815180987,136.7022722284736,4.849376689481487,4.855955591507655,0.3537677789180776,1137.0,11.0
3126,87.0,121.19733146580225,121.24105138369978,453.4068899413248,453.4240528147933,136.7022722284736,136.8535330272303,4.855955591507655,4.861359373925821,0.39888405157110773,1137.0,11.0
3127,87.0,121.24105138369978,121.20565790397382,453.4240528147933,453.4677148113651,136.8535330272303,136.90580996000074,4.861359373925821,4.864004691607545,0.12938324707349672,1137.0,11.0
3128,87.0,121.20565790397382,121.21538738483487,453.4677148113651,453.50697843253477,136.90580996000074,136.92224653055723,4.864004691607545,4.865612195445272,0.08672648149306955,1137.0,11.0
3129,87.0,121.21538738483487,121.21672343491582,453.50697843253477,453.5328005732911,136.92224653055723,136.94805819893097,4.865612195445272,4.866981507773852,0.08089694286616494,1137.0,11.0
3130,87.0,121.21672343491582,121.23532663674273,453.5328005732911,453.556434829877,136.94805819893097,136.94614915292442,4.866981507773852,4.868135819814538,0.07513027609867863,1137.0,11.0
3131,87.0,121.23532663674273,121.25611218202968,453.556434829877,453.5673148845728,136.94614915292442,136.9531031534893,4.868135819814538,4.869098158608915,0.07037427779195227,1137.0,11.0
3132,87.0,121.25611218202968,121.25156841789558,453.5673148845728,453.5861067583636,136.9531031534893,136.95391348104204,4.869098158608915,4.869884667855068,0.03554544943816999,1137.0,11.0
3133,87.0,121.25156841789558,121.23801074256384,453.5861067583636,453.5781662347654,136.95391348104204,136.96006188067759,4.869884667855068,4.870584936661801,0.04654948223913716,1137.0,11.0
3134,87.0,121.23801074256384,121.23282210902445,453.5781662347654,453.5659331727319,136.96006188067759,136.9636325130963,4.870584936661801,4.871175418259841,0.029942467651982645,1137.0,11.0
3135,87.0,121.23282210902445,121.22569637463191,453.5659331727319,453.55784541001765,136.9636325130963,136.95871213105855,4.871175418259841,4.871697435308337,0.04218449753291711,1137.0,11.0
3136,87.0,121.22569637463191,121.22311296067294,453.55784541001765,453.5492244367764,136.95871213105855,136.95636767805928,4.871697435308337,4.8721263032093525,0.02578173419134706,1137.0,11.0
3137,87.0,121.22311296067294,121.22015377866664,453.5492244367764,453.5428243798621,136.95636767805928,136.9597872869487,4.8721263032093525,4.872500424465561,0.03057644363778454,1137.0,11.0
3138,87.0,121.22015377866664,121.21633626717428,453.5428243798621,453.53829224354257,136.9597872869487,136.96163672316428,4.872500424465561,4.8728120953018905,0.017113302075792078,1137.0,11.0
3139,87.0,121.21633626717428,121.21384809854752,453.53829224354257,453.53427215782006,136.96163672316428,136.96414526897428,4.8728120953018905,4.873090119060258,0.02510226751906444,1137.0,11.0
3140,87.0,121.21384809854752,121.21030985000841,453.53427215782006,453.5322432641372,136.96414526897428,136.96324046536878,4.873090119060258,4.8733206483742135,0.020225446799220677,1137.0,11.0
3141,87.0,121.21030985000841,121.2090591012532,453.5322432641372,453.53204447360804,136.96324046536878,136.96629486360015,4.8733206483742135,4.87351458276108,0.014743765901407736,1137.0,11.0
3142,87.0,121.2090591012532,121.21072503353398,453.53204447360804,453.5299128091019,136.96629486360015,136.96652513187186,4.87351458276108,4.873682722703977,0.016986250527563324,1137.0,11.0
3143,87.0,121.21072503353398,121.20983562241524,453.5299128091019,453.5282923659608,136.96652513187186,136.96747098112164,4.873682722703977,4.8738216209336445,0.019508060627123246,1137.0,11.0
3144,87.0,121.20983562241524,121.2094079472322,453.5282923659608,453.52735098133417,136.96747098112164,136.9665343051383,4.8738216209336445,4.873926645850099,0.01916126796203498,1137.0,11.0
3145,87.0,121.2094079472322,121.20969557346157,453.52735098133417,453.5266438186175,136.9665343051383,136.96664080416076,4.873926645850099,4.8739954946592885,0.015391321036768366,1137.0,11.0
3146,87.0,121.20969557346157,121.21001866876868,453.5266438186175,453.52667442114597,136.96664080416076,136.9667214174529,4.8739954946592885,4.874032825442706,0.01729478999634815,1137.0,11.0
3147,87.0,121.21001866876868,121.21001696925578,453.52667442114597,453.5267051479712,136.9667214174529,136.96669564037217,4.874032825442706,4.874040903963607,0.007167610567201093,1137.0,11.0
3148,87.0,122.88727824175578,122.88865612700519,455.465810689914,455.46657163146165,144.51331689269085,144.51528816081023,4.94622573100029,4.946355542226563,0.012827919690083088,1140.0,11.0
3149,87.0,122.88865612700519,122.89092974182395,455.46657163146165,455.4682311568642,144.51528816081023,144.51936153509328,4.946355542226563,4.946617548785728,0.023388741649699663,1140.0,11.0
3150,87.0,122.89092974182395,122.89396125638689,455.4682311568642,455.4690385661303,144.51936153509328,144.5216533046357,4.946617548785728,4.946835937725962,0.023364182972918465,1140.0,11.0
3151,87.0,122.89396125638689,122.89519378917933,455.4690385661303,455.4714040801667,144.5216533046357,144.52281945273654,4.946835937725962,4.947012731973784,0.012553233610772123,1140.0,11.0
3152,87.0,122.89519378917933,122.89609329511276,455.4714040801667,455.473076612837,144.52281945273654,144.52432796953997,4.947012731973784,4.947167820779593,0.017585520034530025,1140.0,11.0
3153,87.0,122.89609329511276,122.89623809583661,455.473076612837,455.4740376535234,144.52432796953997,144.52283069639,4.947167820779593,4.9472926842546725,0.017120420653953198,1140.0,11.0
3154,87.0,122.89623809583661,122.89688422687337,455.4740376535234,455.4731513345308,144.52283069639,144.5233239484274,4.9472926842546725,4.947387290256361,0.011391285621321598,1140.0,11.0
3155,87.0,122.89688422687337,122.89724454124402,455.4731513345308,455.47328044379856,144.5233239484274,144.5240645790743,4.947387290256361,4.9474601556447455,0.014169405730963648,1140.0,11.0
3156,87.0,122.89724454124402,122.89700714917379,455.47328044379856,455.47296316739374,144.5240645790743,144.52418827296702,4.9474601556447455,4.947503917407491,0.015625526947930832,1140.0,11.0
3157,87.0,122.89700714917379,122.89707766276959,455.47296316739374,455.47300750194444,144.52418827296702,144.5242389891358,4.947503917407491,4.947519159244806,0.012050417251409602,1140.0,11.0
3158,87.0,109.88151117509933,109.88048559423541,460.46783267305784,460.4700976343987,140.52142321265734,140.5216133533414,5.429727336955766,5.429855630475548,0.006657611202131546,1141.0,11.0
3159,87.0,109.88048559423541,109.87777201374442,460.4700976343987,460.47458812434024,140.5216133533414,140.5213836519245,5.429855630475548,5.430129660157255,0.01854558185094949,1141.0,11.0
3160,87.0,109.87777201374442,109.8804848669716,460.47458812434024,460.4777939682259,140.5213836519245,140.52262947687586,5.430129660157255,5.430368518004087,0.021568906740716084,1141.0,11.0
3161,87.0,109.8804848669716,109.88371491520029,460.4777939682259,460.47695302107405,140.52262947687586,140.5218070068059,5.430368518004087,5.43056804941565,0.026144525814925018,1141.0,11.0
3162,87.0,109.88371491520029,109.8857917677554,460.47695302107405,460.47591673592734,140.5218070068059,140.52119874700497,5.43056804941565,5.430721956140921,0.018802698012636235,1141.0,11.0
3163,87.0,109.8857917677554,109.88658941303575,460.47591673592734,460.4744362175429,140.52119874700497,140.52155215115934,5.430721956140921,5.430843528104894,0.019502319292344354,1141.0,11.0
3164,87.0,109.88658941303575,109.88701923298902,460.4744362175429,460.4735735442059,140.52155215115934,140.5211054847673,5.430843528104894,5.430930185766447,0.017319559785962342,1141.0,11.0
3165,87.0,109.88701923298902,109.88719169877444,460.4735735442059,460.4731164232262,140.5211054847673,140.5212931322696,5.430930185766447,5.430982076385571,0.016551905145734746,1141.0,11.0
3166,87.0,109.88719169877444,109.88722605934613,460.4731164232262,460.473031511493,140.5212931322696,140.52140390357619,5.430982076385571,5.431002246402088,0.01507946045358308,1141.0,11.0
3167,87.0,109.88151200267552,109.88151646316332,460.46783402435733,460.4678359271199,140.5214255869227,140.5214332785361,5.429728232047359,5.429731089474933,0.002903177917989606,1142.0,11.0
3168,87.0,121.20565790397382,121.19560961981215,453.4677148113651,453.4688343123197,136.90580996000074,136.92482475443992,4.864004691607545,4.864797555473081,0.034412674706939074,1146.0,11.0
3169,87.0,121.19560961981215,121.18356576203799,453.4688343123197,453.45870978712867,136.92482475443992,136.96247084113656,4.864797555473081,4.866309584129671,0.09618748398904808,1146.0,11.0
3170,87.0,121.18356576203799,121.1732998474054,453.45870978712867,453.4322003264924,136.96247084113656,136.97929100846522,4.866309584129671,4.867561317785533,0.07612560372302571,1146.0,11.0
3171,87.0,121.1732998474054,121.15620677764124,453.4322003264924,453.41850568428754,136.97929100846522,136.99538846951742,4.867561317785533,4.868615873757526,0.07142429031271215,1146.0,11.0
3172,87.0,121.15620677764124,121.13855588700679,453.41850568428754,453.4309933588685,136.99538846951742,136.99216832905057,4.868615873757526,4.869488911032448,0.05842799761383184,1146.0,11.0
3173,87.0,121.13855588700679,121.14138811407415,453.4309933588685,453.4228779460197,136.99216832905057,136.97669056721463,4.869488911032448,4.870218241554828,0.06670509294875633,1146.0,11.0
3174,87.0,121.14138811407415,121.13727478177354,453.4228779460197,453.4104426384947,136.97669056721463,136.97478591192947,4.870218241554828,4.8707900525756,0.029014984620508832,1146.0,11.0
3175,87.0,121.13727478177354,121.13817880726813,453.4104426384947,453.3994088329623,136.97478591192947,136.9775222696877,4.8707900525756,4.87129597094171,0.03713924741927118,1146.0,11.0
3176,87.0,121.13817880726813,121.1347610288547,453.3994088329623,453.40118422348485,136.9775222696877,136.98585211802018,4.87129597094171,4.871720279898201,0.023249239671735335,1146.0,11.0
3177,87.0,121.1347610288547,121.13014841429613,453.40118422348485,453.3980813797434,136.98585211802018,136.99140809919373,4.871720279898201,4.87209527173249,0.04104332373584503,1146.0,11.0
3178,87.0,121.13014841429613,121.12896982867494,453.3980813797434,453.39251872644246,136.99140809919373,136.99180553784169,4.87209527173249,4.872387062951204,0.027975839515169233,1146.0,11.0
3179,87.0,121.12896982867494,121.12651294159237,453.39251872644246,453.38892378611297,136.99180553784169,136.99147481317542,4.872387062951204,4.872625359905134,0.012629501933374178,1146.0,11.0
3180,87.0,121.12651294159237,121.12733899581133,453.38892378611297,453.390346247425,136.99147481317542,136.99490683046764,4.872625359905134,4.872840435895126,0.01185827763048011,1146.0,11.0
3181,87.0,121.12733899581133,121.12759234154979,453.390346247425,453.3921611152826,136.99490683046764,136.99765554765585,4.872840435895126,4.873034241468118,0.015862952833056495,1146.0,11.0
3182,87.0,121.12759234154979,121.12603736666124,453.3921611152826,453.39274055587975,136.99765554765585,136.99974592968437,4.873034241468118,4.87320032087371,0.012814544484420282,1146.0,11.0
3183,87.0,121.12603736666124,121.12575196751659,453.39274055587975,453.3929170216147,136.99974592968437,137.0019052993861,4.87320032087371,4.873344334706778,0.01717300545271078,1146.0,11.0
3184,87.0,121.12575196751659,121.12616205942315,453.3929170216147,453.39331626786117,137.0019052993861,137.00337350764298,4.873344334706778,4.87345873184171,0.013952728398259482,1146.0,11.0
3185,87.0,121.12616205942315,121.12656134413044,453.39331626786117,453.3924004284107,137.00337350764298,137.00385436729002,4.87345873184171,4.87354806083697,0.01333022593833309,1146.0,11.0
3186,87.0,121.12656134413044,121.12696064016136,453.3924004284107,453.39257340212805,137.00385436729002,137.00438184352782,4.87354806083697,4.873611170334284,0.016707870038779913,1146.0,11.0
3187,87.0,121.12696064016136,121.12714130257773,453.39257340212805,453.39247462879496,137.00438184352782,137.00425446103026,4.873611170334284,4.873640642263288,0.020339071682970663,1146.0,11.0
3188,87.0,122.80671505286656,122.80670659076414,453.6621266636732,453.6621336071653,139.2348573837109,139.23486819222063,4.94874834026264,4.94875126632303,0.00143153059697844,1147.0,11.0
3189,87.0,122.80670659076414,122.8066955777571,453.6621336071653,453.6621472473109,139.23486819222063,139.2348985191363,4.94875126632303,4.948758600140291,0.006611816271560995,1147.0,11.0
3190,87.0,128.09659184296746,128.09660647160825,452.96961096501735,452.96953064498257,142.64491510698662,142.64493993569582,5.159956422068403,5.159970269119667,0.01115085842550875,1148.0,11.0
3191,87.0,132.7530462650552,132.75365000424443,455.0945655682517,455.0949039232449,143.7260771113486,143.72593240768552,5.334450401560444,5.334498839404495,0.001793703146911617,1149.0,11.0
3192,87.0,132.75365000424443,132.7551991387182,455.0949039232449,455.0957775167017,143.72593240768552,143.72541796118603,5.334498839404495,5.334626947957299,0.013396085958391691,1149.0,11.0
3193,87.0,132.7551991387182,132.7559780384741,455.0957775167017,455.0946395000883,143.72541796118603,143.72558734694806,5.334626947957299,5.334731668577361,0.01713793076217287,1149.0,11.0
3194,87.0,132.7559780384741,132.75676113769387,455.0946395000883,455.0943906668607,143.72558734694806,143.72569924647598,5.334731668577361,5.334804255215114,0.01743010121192318,1149.0,11.0
3195,87.0,132.75676113769387,132.75647869349604,455.0943906668607,455.0945099107106,143.72569924647598,143.72582119901418,5.334804255215114,5.334841220247114,0.02253873216056798,1149.0,11.0
3196,87.0,132.75647869349604,132.75648063741158,455.0945099107106,455.0945128818583,143.72582119901418,143.72581917585018,5.334841220247114,5.334842877518522,0.0017373242160944775,1149.0,11.0
3197,87.0,132.75304696984017,132.75305230032885,455.094563958268,455.0945609104444,143.72607555910926,143.7260795719548,5.334451168099136,5.334453633577547,0.0025351380007424124,1150.0,11.0
3198,87.0,132.20111225481156,132.2009157391131,454.7472700709459,454.7467321660919,144.20376184862454,144.20438127836107,5.36141402011735,5.361466795018214,0.0033368891691486838,1153.0,11.0
3199,87.0,132.2009157391131,132.19945935728362,454.7467321660919,454.7448776233776,144.20438127836107,144.20518544998782,5.361466795018214,5.361624888474992,0.038263194365662064,1153.0,11.0
3200,87.0,132.19945935728362,132.19932404498397,454.7448776233776,454.7440163279155,144.20518544998782,144.20592466051394,5.361624888474992,5.361716161075949,0.012547213745446402,1153.0,11.0
3201,87.0,132.19932404498397,132.19948075135875,454.7440163279155,454.74447334529333,144.20592466051394,144.20648557977648,5.361716161075949,5.361783022732078,0.015375543490611238,1153.0,11.0
3202,87.0,132.19948075135875,132.1993612333611,454.74447334529333,454.7443648086061,144.20648557977648,144.20675222104288,5.361783022732078,5.361818476963978,0.018106795643711232,1153.0,11.0
3203,87.0,132.1993612333611,132.1993787631149,454.7443648086061,454.74434949551494,144.20675222104288,144.2067611505085,5.361818476963978,5.361824245183559,0.005394536297283113,1153.0,11.0
3204,87.0,132.20111051357955,132.20110595118956,454.7472712398221,454.7472771867504,144.2037623614919,144.20376499953102,5.361414725901218,5.361417330426838,0.002666794137247877,1154.0,11.0
3205,87.0,121.45273178267587,121.45137238951847,451.3548032126431,451.3552125485397,133.33130595138203,133.33035139990187,4.932303155216029,4.93242434449582,0.012593268196393812,1157.0,11.0
3206,87.0,121.45137238951847,121.45174951647725,451.3552125485397,451.3557683493829,133.33035139990187,133.3292592000716,4.93242434449582,4.932523317085428,0.016479060374063992,1157.0,11.0
3207,87.0,121.45174951647725,121.45159444605133,451.3557683493829,451.35650070797584,133.3292592000716,133.32923105332998,4.932523317085428,4.932590755950693,0.016761219996689905,1157.0,11.0
3208,87.0,121.45159444605133,121.45170671977307,451.35650070797584,451.3563572482095,133.32923105332998,133.32900987552551,4.932590755950693,4.932624088765464,0.01526171376380848,1157.0,11.0
3209,87.0,121.45170671977307,121.45172623825275,451.3563572482095,451.3563594187305,133.32900987552551,133.32904455586083,4.932624088765464,4.932632126012406,0.007137090864879089,1157.0,11.0
3210,87.0,121.45312333004047,121.45312007087239,451.3546579496302,451.35465494244016,133.33177341907864,133.33177824985873,4.932259799161888,4.932262082658924,0.002360672522951981,1158.0,11.0
3211,87.0,117.26754960645876,117.26755365957982,454.6213520809394,454.6213665263226,141.48892829711818,141.48891773023246,4.601451119459122,4.6014557720648295,0.004480790257357162,1161.0,11.0
3212,87.0,117.26754715916738,117.26754475791128,454.62134569752845,454.62134191357535,141.48893193039765,141.48893782728675,4.601450460876676,4.601452942757326,0.00255074,1162.0,11.0
3213,87.0,117.1480448175034,117.14802535415781,454.68604745389104,454.6860745746446,141.62194505945894,141.62191755319273,4.595108034833099,4.595116553439039,0.0074910584844550595,1167.0,11.0
3214,87.0,117.14805451204627,117.14805950293496,454.68604689512966,454.6860496448195,141.6219569268527,141.62196241684956,4.595106237180187,4.59510883416912,0.0026596918248343124,1168.0,11.0
3215,87.0,116.54087636899278,116.54087698132466,455.79742040967193,455.7972604402984,143.00287604257585,143.00287829332007,4.532529348914993,4.532551147726187,0.01603716836993859,1171.0,11.0
3216,87.0,116.54086225341305,116.54086099791387,455.79746818399343,455.7974675003264,143.00285864692688,143.00285076186674,4.532523201620004,4.532525821316931,0.00268108,1172.0,11.0
3217,87.0,119.45343961023718,119.45314586095404,450.28364832923853,450.28212503602117,136.72203352707513,136.72083676294503,4.827724544685586,4.827829741125477,0.005480202295771453,1175.0,11.0
3218,87.0,119.45314586095404,119.45272963676294,450.28212503602117,450.2814598786971,136.72083676294503,136.71649579684143,4.827829741125477,4.828069858202092,0.027981962657285666,1175.0,11.0
3219,87.0,119.45272963676294,119.45180106834582,450.2814598786971,450.27981118717645,136.71649579684143,136.71907640914822,4.828069858202092,4.82825921245866,0.017150343784718934,1175.0,11.0
3220,87.0,119.45180106834582,119.45311283714787,450.27981118717645,450.27778904501986,136.71907640914822,136.718331550519,4.82825921245866,4.8284187278365245,0.009636552490205591,1175.0,11.0
3221,87.0,119.45311283714787,119.45413863958633,450.27778904501986,450.27723818261876,136.718331550519,136.72015354787294,4.8284187278365245,4.828561665098874,0.01595644448365799,1175.0,11.0
3222,87.0,119.45413863958633,119.45449009553481,450.27723818261876,450.27838559717094,136.72015354787294,136.72120588109829,4.828561665098874,4.828677092796544,0.016119949056966024,1175.0,11.0
3223,87.0,119.45449009553481,119.45356067074438,450.27838559717094,450.27855456087116,136.72120588109829,136.7216809123239,4.828677092796544,4.828763465483272,0.016428619337547197,1175.0,11.0
3224,87.0,119.45356067074438,119.4534028512963,450.27855456087116,450.27842342868246,136.7216809123239,136.72218532669834,4.828763465483272,4.8288168898370465,0.01409588508174041,1175.0,11.0
3225,87.0,119.4534028512963,119.45326032093836,450.27842342868246,450.2784981639118,136.72218532669834,136.72230564003635,4.8288168898370465,4.8288426183569735,0.018275170662941646,1175.0,11.0
3226,87.0,132.06017538870123,132.06283152446605,449.61311628618506,449.6155292002767,125.97580430064609,125.9722670833329,5.380738045554786,5.380965010416719,0.013715485945432199,1178.0,11.0
3227,87.0,132.06283152446605,132.06695281416899,449.6155292002767,449.62300166988234,125.9722670833329,125.96767998685156,5.380965010416719,5.381408229296306,0.029189113517154974,1178.0,11.0
3228,87.0,132.06695281416899,132.07252370979432,449.62300166988234,449.6286023031762,125.96767998685156,125.96632443259209,5.381408229296306,5.381789085664242,0.021062332428561755,1178.0,11.0
3229,87.0,132.07252370979432,132.07716160202358,449.6286023031762,449.625018065905,125.96632443259209,125.96273936713393,5.381789085664242,5.382126413807567,0.028137784100676116,1178.0,11.0
3230,87.0,132.07716160202358,132.08026381301872,449.625018065905,449.6281948571235,125.96273936713393,125.9658745698155,5.382126413807567,5.382407751308978,0.02177464799539261,1178.0,11.0
3231,87.0,132.08026381301872,132.07907177824777,449.6281948571235,449.6289692895025,125.9658745698155,125.97004427510524,5.382407751308978,5.382647624715481,0.014876004055522472,1178.0,11.0
3232,87.0,132.07907177824777,132.0758118492385,449.6289692895025,449.62821116449004,125.97004427510524,125.97172512501092,5.382647624715481,5.382860162006504,0.018624032061413956,1178.0,11.0
3233,87.0,132.0758118492385,132.07365602158467,449.62821116449004,449.62620788829565,125.97172512501092,125.97131315672382,5.382860162006504,5.383039603982077,0.009871490231082013,1178.0,11.0
3234,87.0,132.07365602158467,132.0715088034309,449.62620788829565,449.6269943085974,125.97131315672382,125.97010730067989,5.383039603982077,5.383201929483827,0.012769059350195134,1178.0,11.0
3235,87.0,132.0715088034309,132.07086819432774,449.6269943085974,449.6282672064419,125.97010730067989,125.96855479316989,5.383201929483827,5.383342287487511,0.030820754494164136,1178.0,11.0
3236,87.0,132.07086819432774,132.07040919674108,449.6282672064419,449.62876484204037,125.96855479316989,125.96775303454346,5.383342287487511,5.383428194558934,0.009951561005382494,1178.0,11.0
3237,87.0,132.07040919674108,132.07049217720106,449.62876484204037,449.6294022961949,125.96775303454346,125.9674034436354,5.383428194558934,5.383494493656678,0.03607197298047619,1178.0,11.0
3238,87.0,132.07049217720106,132.07049708316464,449.6294022961949,449.6294071851679,125.9674034436354,125.96740577872102,5.383494493656678,5.383496953107034,0.002529398958075864,1178.0,11.0
3239,87.0,129.9417108780488,129.9417211193965,441.8087986381664,441.80873074841054,129.1396009583864,129.13955492619326,5.670391698276813,5.670401506946633,0.0010201798626012254,1179.0,11.0
3240,87.0,129.9417211193965,129.9417920483253,441.80873074841054,441.80852707914545,129.13955492619326,129.13943986285418,5.670401506946633,5.6704311848970175,0.0204508054458011,1179.0,11.0
3241,87.0,126.44271919956194,126.44261887206949,439.29727338676986,439.29730290415574,135.94460060090938,135.94462336171642,5.939027251874838,5.939039017465479,0.0013061551479968002,1181.0,11.0
3242,87.0,126.44261887206949,126.44229943431716,439.29730290415574,439.2973483475504,135.94462336171642,135.9446113439658,5.939039017465479,5.9390753993455245,0.014383157870771551,1181.0,11.0
3243,87.0,126.44229943431716,126.44229852614544,439.2973483475504,439.29740455474666,135.9446113439658,135.94457688860814,5.9390753993455245,5.9390869076790205,0.009594835197635937,1181.0,11.0
3244,87.0,126.4441051561801,126.44435360017334,439.2939951147723,439.29338986687264,135.9467853739544,135.94681159921464,5.939179018222465,5.939240162321627,0.022048760592109643,1183.0,11.0
3245,87.0,126.44435360017334,126.44442142049127,439.29338986687264,439.29347743723366,135.94681159921464,135.94687389412414,5.939240162321627,5.9392586118780635,0.014045650655423767,1183.0,11.0
3246,87.0,133.22963225787637,133.22966314230786,439.3600834047908,439.3601048626225,130.1230127915438,130.122914709355,6.237438987028078,6.237450682869648,0.001031712821210367,1185.0,11.0
3247,87.0,133.22966314230786,133.2297427169887,439.3601048626225,439.3602016942289,130.122914709355,130.12262759310244,6.237450682869648,6.237486268083417,0.023568827973904215,1185.0,11.0
3248,87.0,134.687459057104,134.6883653080318,438.3133869831756,438.3132501715339,132.1824162401549,132.18233104986638,6.328557409067476,6.328615213979649,0.00917654660315112,1186.0,11.0
3249,87.0,134.6883653080318,134.68978139455035,438.3132501715339,438.31198952221274,132.18233104986638,132.1835204259782,6.328615213979649,6.328761688623398,0.03412236954143744,1186.0,11.0
3250,87.0,134.68978139455035,134.69023032227187,438.31198952221274,438.31257767245626,132.1835204259782,132.18276446503666,6.328761688623398,6.328848085974612,0.008778296644088949,1186.0,11.0
3251,87.0,134.69023032227187,134.69066720685865,438.31257767245626,438.3129324863151,132.18276446503666,132.18222951797128,6.328848085974612,6.328917301666453,0.018754626453132337,1186.0,11.0
3252,87.0,134.69066720685865,134.69049433961948,438.3129324863151,438.3131138854139,132.18222951797128,132.18230596419625,6.328917301666453,6.328948519301937,0.01903916339934719,1186.0,11.0
3253,87.0,134.69049433961948,134.69048846451656,438.3131138854139,438.3131141038988,132.18230596419625,132.18230736770414,6.328948519301937,6.328950679336707,0.0022406722413294278,1186.0,11.0
3254,87.0,116.0390380876579,116.05237815219057,456.9955922950603,456.99608089526964,144.38911867674864,144.39570425508558,4.471257813646159,4.47182800253251,0.032043643033842974,1189.0,11.0
3255,87.0,116.05237815219057,116.06999162179416,456.99608089526964,457.00856173058554,144.39570425508558,144.4130429597371,4.47182800253251,4.47289972681645,0.07679211566890862,1189.0,11.0
3256,87.0,116.06999162179416,116.07340020380298,457.00856173058554,457.02470513959577,144.4130429597371,144.42752411237655,4.47289972681645,4.473775951040283,0.05888503711869402,1189.0,11.0
3257,87.0,116.07340020380298,116.066990670631,457.02470513959577,457.0386232934278,144.42752411237655,144.43650510475123,4.473775951040283,4.474507259400501,0.044611665916762036,1189.0,11.0
3258,87.0,116.066990670631,116.05520023642657,457.0386232934278,457.03568034606496,144.43650510475123,144.44483424241034,4.474507259400501,4.475132276676252,0.03458749430655177,1189.0,11.0
3259,87.0,116.05520023642657,116.04561571801078,457.03568034606496,457.0309620525821,144.44483424241034,144.4513045070459,4.475132276676252,4.475677362353368,0.07105294191969674,1189.0,11.0
3260,87.0,116.04561571801078,116.04832838593113,457.0309620525821,457.03428534063175,144.4513045070459,144.44427944169257,4.475677362353368,4.4760663611963505,0.05221321568682499,1189.0,11.0
3261,87.0,116.04832838593113,116.04652537757727,457.03428534063175,457.03646284574677,144.44427944169257,144.4395876451104,4.4760663611963505,4.4763493699353605,0.02319442621334327,1189.0,11.0
3262,87.0,116.04652537757727,116.04434417704113,457.03646284574677,457.0382723775873,144.4395876451104,144.43752776928588,4.4763493699353605,4.476540418015529,0.012479069742908055,1189.0,11.0
3263,87.0,116.04434417704113,116.04322653094748,457.0382723775873,457.03764663216197,144.43752776928588,144.43553895206998,4.476540418015529,4.476692776739831,0.022850823823058083,1189.0,11.0
3264,87.0,116.04322653094748,116.04182972839047,457.03764663216197,457.0379969673992,144.43553895206998,144.4349722168642,4.476692776739831,4.476805730802897,0.009360715347292773,1189.0,11.0
3265,87.0,116.04182972839047,116.04070646671985,457.0379969673992,457.0384773008592,144.4349722168642,144.4348080537482,4.476805730802897,4.476901993579187,0.018946269390482724,1189.0,11.0
3266,87.0,116.04070646671985,116.04016545501318,457.0384773008592,457.0385085738327,144.4348080537482,144.43449116328324,4.476901993579187,4.476961284225525,0.027046811766652794,1189.0,11.0
3267,87.0,116.04016545501318,116.04017864746004,457.0385085738327,457.03854005791766,144.43449116328324,144.43445474196074,4.476961284225525,4.476970717221762,0.008151909728676729,1189.0,11.0
3268,87.0,116.36446146662479,116.3645002445027,456.1497699604885,456.1497437925085,143.50145068880207,143.50161505545722,4.520895060820289,4.520911694070187,0.0013303784980659248,1191.0,11.0
3269,87.0,116.3645002445027,116.36470750994779,456.1497437925085,456.1497733364182,143.50161505545722,143.50209407589608,4.520911694070187,4.520963541301612,0.021575174925932476,1191.0,11.0
3270,87.0,116.36470750994779,116.36472342588392,456.1497733364182,456.14983681644696,143.50209407589608,143.50212213901688,4.520963541301612,4.520975702124014,0.010035251300538537,1191.0,11.0
3271,87.0,116.36446306746839,116.36446861202066,456.1497699342102,456.14976843603773,143.50144930535066,143.5014447081406,4.520895760885476,4.52089823129424,0.0025398299291034647,1192.0,11.0
3272,87.0,118.52962572043016,118.58212612784743,451.80747798106006,451.67358412532985,137.02946214584009,136.84790048328014,4.780876903479272,4.788631443638375,0.7286363779901716,1196.0,11.0
3273,87.0,118.58212612784743,118.63874207440145,451.67358412532985,451.47854153901943,136.84790048328014,136.63534466303852,4.788631443638375,4.798484694729872,0.6601341641754198,1196.0,11.0
3274,87.0,118.63874207440145,118.6364078354346,451.47854153901943,451.46748176900365,136.63534466303852,136.62735475471342,4.798484694729872,4.7989503081969955,0.01846787474662791,1196.0,11.0
3275,87.0,118.6364078354346,118.63277739409622,451.46748176900365,451.34932984311706,136.62735475471342,136.54808596575253,4.7989503081969955,4.803743786173015,0.21065112672036176,1196.0,11.0
3276,87.0,118.63277739409622,118.77821589231337,451.34932984311706,451.17744692254035,136.54808596575253,136.53578023577256,4.803743786173015,4.811370005504737,0.6514816677835208,1196.0,11.0
3277,87.0,118.77821589231337,118.88222866780004,451.17744692254035,451.0562903014599,136.53578023577256,136.53397520466996,4.811370005504737,4.8168169590806205,0.3112166026858826,1196.0,11.0
3278,87.0,118.88222866780004,118.87101233426472,451.0562903014599,451.00405011842804,136.53397520466996,136.48209939565447,4.8168169590806205,4.819375486035476,0.11248596618087534,1196.0,11.0
3279,87.0,118.87101233426472,118.8911987244717,451.00405011842804,450.90931932271724,136.48209939565447,136.4170801776548,4.819375486035476,4.823399410371494,0.211368314339232,1196.0,11.0
3280,87.0,118.8911987244717,118.97412574864218,450.90931932271724,450.9235635311114,136.4170801776548,136.46427653334385,4.823399410371494,4.826756298342336,0.2129319524991088,1196.0,11.0
3281,87.0,118.97412574864218,119.04328546391973,450.9235635311114,450.89933398684605,136.46427653334385,136.44174888319256,4.826756298342336,4.829458365330862,0.16405928943154904,1196.0,11.0
3282,87.0,119.04328546391973,119.08350083407,450.89933398684605,450.8736964523603,136.44174888319256,136.40233889444454,4.829458365330862,4.831670651721474,0.17278442262089422,1196.0,11.0
3283,87.0,119.08350083407,119.12221402933028,450.8736964523603,450.85035684978595,136.40233889444454,136.3899540791087,4.831670651721474,4.833385005245581,0.12864881039185538,1196.0,11.0
3284,87.0,119.12221402933028,119.1524023677277,450.85035684978595,450.8398618240999,136.3899540791087,136.37289567964126,4.833385005245581,4.834744030206382,0.12091559528761955,1196.0,11.0
3285,87.0,119.1524023677277,119.15514188123385,450.8398618240999,450.8578419984466,136.37289567964126,136.35317855630834,4.834744030206382,4.835786470708307,0.055535208172644596,1196.0,11.0
3286,87.0,119.15514188123385,119.16808274640452,450.8578419984466,450.8533824853281,136.35317855630834,136.33509743396036,4.835786470708307,4.8366875526077875,0.05509366919236179,1196.0,11.0
3287,87.0,119.16808274640452,119.16377470275017,450.8533824853281,450.85705017758653,136.33509743396036,136.3172543578401,4.8366875526077875,4.837452160712992,0.045239245011159064,1196.0,11.0
3288,87.0,119.16377470275017,119.15856749260952,450.85705017758653,450.8483540898425,136.3172543578401,136.30538857914536,4.837452160712992,4.838107984977215,0.052364546006738386,1196.0,11.0
3289,87.0,119.15856749260952,119.1586973068473,450.8483540898425,450.8443078894,136.30538857914536,136.29388750704152,4.838107984977215,4.838642396579349,0.03598087360419425,1196.0,11.0
3290,87.0,119.1586973068473,119.16798336567858,450.8443078894,450.84082908315077,136.29388750704152,136.2926935647649,4.838642396579349,4.839096643930294,0.034849535157716965,1196.0,11.0
3291,87.0,119.16798336567858,119.1755673053287,450.84082908315077,450.8418901328029,136.2926935647649,136.2904437174022,4.839096643930294,4.839476237526867,0.029262790957489862,1196.0,11.0
3292,87.0,119.1755673053287,119.17716641568234,450.8418901328029,450.8450178394186,136.2904437174022,136.28508203257172,4.839476237526867,4.839795772164712,0.03085888401681005,1196.0,11.0
3293,87.0,119.17716641568234,119.18199431716354,450.8450178394186,450.8457263999188,136.28508203257172,136.28520196052304,4.839795772164712,4.840054952330903,0.01593741657929991,1196.0,11.0
3294,87.0,119.18199431716354,119.18467578605805,450.8457263999188,450.8457624611141,136.28520196052304,136.28836745181175,4.840054952330903,4.840284280552766,0.01925944798238676,1196.0,11.0
3295,87.0,119.18467578605805,119.18773404294181,450.8457624611141,450.84535074784014,136.28836745181175,136.2895910496436,4.840284280552766,4.840478773631557,0.014881772358619491,1196.0,11.0
3296,87.0,119.18773404294181,119.18816011967924,450.84535074784014,450.847086960984,136.2895910496436,136.29164380877097,4.840478773631557,4.8406472198893296,0.019471523543693296,1196.0,11.0
3297,87.0,119.18816011967924,119.1883101339188,450.847086960984,450.8482198809326,136.29164380877097,136.29001093611188,4.8406472198893296,4.8407821574180865,0.0129306497696797,1196.0,11.0
3298,87.0,119.1883101339188,119.18679558294043,450.8482198809326,450.8479781623131,136.29001093611188,136.29014983047693,4.8407821574180865,4.840894723028941,0.01743788537482363,1196.0,11.0
3299,87.0,119.18679558294043,119.18648221636184,450.8479781623131,450.8474264170335,136.29014983047693,136.2894270897287,4.840894723028941,4.840975460083009,0.01638345553774459,1196.0,11.0
3300,87.0,119.18648221636184,119.18683245416143,450.8474264170335,450.84729366009987,136.2894270897287,136.28969907006135,4.840975460083009,4.841022871758483,0.023279901726304588,1196.0,11.0
3301,87.0,119.18683245416143,119.18681085219404,450.84729366009987,450.84727495549424,136.28969907006135,136.28968630988143,4.841022871758483,4.84102964279186,0.0061829334743163135,1196.0,11.0
3302,87.0,125.20566445479855,125.20832256811539,434.4887843567908,434.4887696159649,130.37554175257836,130.37391232412617,5.438583170529899,5.4387371131648505,0.0063351563329008004,1198.0,11.0
3303,87.0,125.20832256811539,125.21328614063694,434.4887696159649,434.4895785771164,130.37391232412617,130.37001208332816,5.4387371131648505,5.439054874088902,0.029359421657662012,1198.0,11.0
3304,87.0,125.21328614063694,125.21753980971474,434.4895785771164,434.4919517486431,130.37001208332816,130.36939223632265,5.439054874088902,5.439315225292157,0.018366175417150927,1198.0,11.0
3305,87.0,125.21753980971474,125.22144451831359,434.4919517486431,434.4913996072126,130.36939223632265,130.37039072874276,5.439315225292157,5.439541215462333,0.01605106895655825,1198.0,11.0
3306,87.0,125.22144451831359,125.22415687414964,434.4913996072126,434.493285641813,130.37039072874276,130.3696881546856,5.439541215462333,5.439738186267593,0.014105226969925704,1198.0,11.0
3307,87.0,125.22415687414964,125.22663401445925,434.493285641813,434.4936417024616,130.3696881546856,130.36841689138834,5.439738186267593,5.439910394690415,0.017549161087824023,1198.0,11.0
3308,87.0,125.22663401445925,125.22859354210016,434.4936417024616,434.493431988673,130.36841689138834,130.36925487397008,5.439910394690415,5.440052357575939,0.01686326478311369,1198.0,11.0
3309,87.0,125.22859354210016,125.22926537310714,434.493431988673,434.49328676413734,130.36925487397008,130.37063912298646,5.440052357575939,5.440165205816447,0.02133939080720686,1198.0,11.0
3310,87.0,125.22926537310714,125.22896191842173,434.49328676413734,434.4940604131292,130.37063912298646,130.3707743393707,5.440165205816447,5.4402385922572245,0.015543506799478784,1198.0,11.0
3311,87.0,125.22896191842173,125.22878649239445,434.4940604131292,434.494344998701,130.3707743393707,130.3705806913354,5.4402385922572245,5.440280102226018,0.018287290237623113,1198.0,11.0
3312,87.0,125.22878649239445,125.22875413704146,434.494344998701,434.4943124185297,130.3705806913354,130.37060335671762,5.440280102226018,5.440289708007236,0.008275154834429397,1198.0,11.0
3313,87.0,128.57055841375535,128.6171833189978,416.47455628804875,416.4438050801874,125.63924924123307,125.63791670814608,6.069951710054456,6.071879969608655,0.08719614169577537,1199.0,11.0
3314,87.0,128.6171833189978,128.72123935511962,416.4438050801874,416.4361255477267,125.63791670814608,125.65994894288224,6.071879969608655,6.075572809438118,0.25315632166447716,1199.0,11.0
3315,87.0,128.72123935511962,128.7943498369092,416.4361255477267,416.4675177714251,125.65994894288224,125.6369604266586,6.075572809438118,6.0784783646857505,0.15487670991629637,1199.0,11.0
3316,87.0,128.7943498369092,128.84287206138592,416.4675177714251,416.439000083972,125.6369604266586,125.59762021497212,6.0784783646857505,6.08091583026046,0.12856278520691564,1199.0,11.0
3317,87.0,128.84287206138592,128.89273839155618,416.439000083972,416.41092982819765,125.59762021497212,125.59640675526259,6.08091583026046,6.082974575894176,0.11568791988168564,1199.0,11.0
3318,87.0,128.89273839155618,128.91057396642165,416.41092982819765,416.37435418609647,125.59640675526259,125.57237786847493,6.082974575894176,6.08470181491464,0.09614990928046942,1199.0,11.0
3319,87.0,128.91057396642165,128.94541069646795,416.37435418609647,416.3738173058265,125.57237786847493,125.55433081628902,6.08470181491464,6.086161570003425,0.07642949521614313,1199.0,11.0
3320,87.0,128.94541069646795,128.97249171089294,416.3738173058265,416.3700499368732,125.55433081628902,125.5356950474978,6.086161570003425,6.087415239503235,0.10944077913459803,1199.0,11.0
3321,87.0,128.97249171089294,128.98726504058354,416.3700499368732,416.35098118761726,125.5356950474978,125.54112024648732,6.087415239503235,6.088386261703992,0.0473271063429303,1199.0,11.0
3322,87.0,128.98726504058354,128.99793440960022,416.35098118761726,416.34559446036593,125.54112024648732,125.54928792051737,6.088386261703992,6.088966743179906,0.03579522585470215,1199.0,11.0
3323,87.0,128.99793440960022,129.00294873709794,416.34559446036593,416.34933039845345,125.54928792051737,125.55302773846927,6.088966743179906,6.08931996500189,0.02448137232154449,1199.0,11.0
3324,87.0,129.00294873709794,129.00816735884862,416.34933039845345,416.34636500889127,125.55302773846927,125.5531951897618,6.08931996500189,6.0896237145783525,0.08869980705787753,1199.0,11.0
3325,87.0,129.00816735884862,129.00811183141585,416.34636500889127,416.346306901751,125.5531951897618,125.55532423913232,6.0896237145783525,6.089765164847371,0.013054531462437815,1199.0,11.0
3326,87.0,129.00811183141585,129.00867026801347,416.346306901751,416.34777958549864,125.55532423913232,125.55586847785746,6.089765164847371,6.089884138540641,0.011182461808061735,1199.0,11.0
3327,87.0,129.00867026801347,129.008540761255,416.34777958549864,416.34898913654206,125.55586847785746,125.55544931107572,6.089884138540641,6.089983353038785,0.015395004317884325,1199.0,11.0
3328,87.0,129.008540761255,129.0082606580077,416.34898913654206,416.34876760583694,125.55544931107572,125.55474767665382,6.089983353038785,6.09005326486774,0.011716311289794813,1199.0,11.0
3329,87.0,129.0082606580077,129.00822506334165,416.34876760583694,416.3490730750318,125.55474767665382,125.55506407237462,6.09005326486774,6.0900990351764035,0.015102542192350856,1199.0,11.0
3330,87.0,129.00822506334165,129.0083409269147,416.3490730750318,416.3490446863043,125.55506407237462,125.55507202283195,6.0900990351764035,6.090116688992758,0.013559167967097897,1199.0,11.0
3331,87.0,128.1685685911909,128.1599575398166,416.1812087553843,416.17527226940285,125.58525081908522,125.58153289982286,6.086648731289962,6.087089123332447,0.019716773363883597,1201.0,11.0
3332,87.0,128.1599575398166,128.14495590668116,416.17527226940285,416.1680321215223,125.58153289982286,125.56795676211227,6.087089123332447,6.087949411391026,0.04867045318152706,1201.0,11.0
3333,87.0,128.14495590668116,128.1371479424669,416.1680321215223,416.1826606255821,125.56795676211227,125.56088333149944,6.087949411391026,6.088689998633188,0.05072851367497387,1201.0,11.0
3334,87.0,128.1371479424669,128.1462409388136,416.1826606255821,416.17986697013123,125.56088333149944,125.57193459452904,6.088689998633188,6.089309664345308,0.05261145729618969,1201.0,11.0
3335,87.0,128.1462409388136,128.1555557197551,416.17986697013123,416.177765485785,125.57193459452904,125.57782723821495,6.089309664345308,6.089808936772775,0.03679710592399021,1201.0,11.0
3336,87.0,128.1555557197551,128.15521923708425,416.177765485785,416.18516909811405,125.57782723821495,125.58297743177147,6.089808936772775,6.09022759731812,0.03739408865124077,1201.0,11.0
3337,87.0,128.15521923708425,128.15921369333006,416.18516909811405,416.1906634934031,125.58297743177147,125.5844457323584,6.09022759731812,6.090567955244779,0.06084588491902258,1201.0,11.0
3338,87.0,128.15921369333006,128.16050830763385,416.1906634934031,416.1905545982425,125.5844457323584,125.58820979604127,6.090567955244779,6.090790376493337,0.0204926730915798,1201.0,11.0
3339,87.0,128.16050830763385,128.16101246220754,416.1905545982425,416.19140234906206,125.58820979604127,125.59116446458634,6.090790376493337,6.0909760553499925,0.011831521027906687,1201.0,11.0
3340,87.0,128.16101246220754,128.16110963534098,416.19140234906206,416.19279727018494,125.59116446458634,125.59341174055962,6.0909760553499925,6.091141143719062,0.013452398192614078,1201.0,11.0
3341,87.0,128.16110963534098,128.16045555749798,416.19279727018494,416.19354151614226,125.59341174055962,125.5915139750081,6.091141143719062,6.0912830769103135,0.016988149474539936,1201.0,11.0
3342,87.0,128.16045555749798,128.1600097408416,416.19354151614226,416.1931577654009,125.5915139750081,125.59009004836916,6.0912830769103135,6.091395675823708,0.0633031626054629,1201.0,11.0
3343,87.0,132.27805043112133,132.27806006862528,418.1067786136855,418.10682261836354,124.20048639864058,124.20048495312999,6.244921182695908,6.2449299541672225,0.007675300303767756,1202.0,11.0
3344,87.0,133.12430834268906,133.1243049273701,417.9117323962813,417.9118339464782,123.63015771339822,123.62998410801461,6.279582162938231,6.279607911708999,0.018286508348224574,1204.0,11.0
3345,87.0,139.35926813839697,139.35931235278298,411.38678752018484,411.38665948250934,122.82224957432386,122.82235729589024,6.5818168880611,6.581833271147054,0.001683760303747247,1206.0,11.0
3346,87.0,139.35931235278298,139.35941552538168,411.38665948250934,411.3861217228179,122.82235729589024,122.8225248165077,6.581833271147054,6.581888701749979,0.015347141461276031,1206.0,11.0
3347,87.0,139.35941552538168,139.3593550492937,411.3861217228179,411.3862074576734,122.8225248165077,122.82235983715138,6.581888701749979,6.581913923111848,0.017990620635544338,1206.0,11.0
3348,87.0,139.36107692038175,139.36106264110572,411.4008421982251,411.4008827625632,122.6714516494834,122.6714502334374,6.586871708311391,6.586880195115801,0.007467805078388129,1209.0,11.0
3349,87.0,131.88704689125439,131.8869942040418,402.4094490321617,402.4092098049686,107.34293567368715,107.34248229996135,7.22994961592159,7.230000919019695,0.01697412776186416,1211.0,11.0
3350,87.0,131.8869942040418,131.8869820796992,402.4092098049686,402.40908409992625,107.34248229996135,107.34244299148816,7.230000919019695,7.230019910091974,0.014373610366554865,1211.0,11.0
3351,87.0,131.63842410817668,131.6382162401368,402.33904731707753,402.33913408073744,108.18823078820121,108.18901762358522,7.25941300668398,7.2594670591487676,0.005026471146513551,1213.0,11.0
3352,87.0,131.6382162401368,131.63767066043778,402.33913408073744,402.33874869316367,108.18901762358522,108.19088875242717,7.2594670591487676,7.2596016968015595,0.008633244740533995,1213.0,11.0
3353,87.0,131.63767066043778,131.63682852236917,402.33874869316367,402.3402046764171,108.19088875242717,108.19087482087862,7.2596016968015595,7.2597214543941,0.014718815799901674,1213.0,11.0
3354,87.0,131.63682852236917,131.63759148171664,402.3402046764171,402.3399602850228,108.19087482087862,108.19000225541606,7.2597214543941,7.25981505550176,0.01240038015725793,1213.0,11.0
3355,87.0,131.63759148171664,131.63829726163692,402.3399602850228,402.339917293531,108.19000225541606,108.19034193324312,7.25981505550176,7.2598847843973715,0.009392271336778862,1213.0,11.0
3356,87.0,131.63829726163692,131.63818220775266,402.339917293531,402.3400211924129,108.19034193324312,108.1898638773147,7.2598847843973715,7.259935151345004,0.017461476188398235,1213.0,11.0
3357,87.0,131.63818220775266,131.63811228585112,402.3400211924129,402.34005275820215,108.1898638773147,108.18977467853856,7.259935151345004,7.259952601725882,0.013433912690971734,1213.0,11.0
3358,87.0,131.6384238871879,131.63842525493118,402.33904692224087,402.3390517970383,108.18822903321556,108.18822292512064,7.2594135991609265,7.259416200888213,0.0026641575129764524,1214.0,11.0
3359,87.0,125.38417772869022,125.38421088405237,409.02892288922277,409.02887824616175,128.6963299900712,128.696314252471,6.380713355057556,6.380723827459912,0.008883999180111759,1218.0,11.0
3360,87.0,112.00688511100961,112.00683488613204,401.58551687333335,401.5853457816417,137.55175379268664,137.55185153436668,6.970632463316607,6.970651477639654,0.001603666369389036,1219.0,11.0
3361,87.0,112.00683488613204,112.00669948184554,401.5853457816417,401.5847858189196,137.55185153436668,137.55203092311916,6.970651477639654,6.970709074596264,0.015403246234025099,1219.0,11.0
3362,87.0,112.00669948184554,112.00660012552548,401.5847858189196,401.58495176550184,137.55203092311916,137.55193794861717,6.970709074596264,6.970736065690496,0.018978448248095352,1219.0,11.0
3363,87.0,111.7090143669657,111.70851740553842,401.88468459548403,401.8849115957936,137.48446519582905,137.48386093713617,6.984908080324988,6.98497973986923,0.024030544033943675,1221.0,11.0
3364,87.0,111.70851740553842,111.70845337881171,401.8849115957936,401.8850341712893,137.48386093713617,137.48374411856648,6.98497973986923,6.985003587286915,0.01721376807033563,1221.0,11.0
3365,87.0,111.70916232364705,111.7091677373995,401.88456285967396,401.8845608724224,137.48464777027192,137.48464475340074,6.984885977674405,6.9848882494653965,0.0023493549103757254,1222.0,11.0
3366,87.0,111.70055908245476,111.70053185620654,401.8650480628966,401.8649780282247,137.60482534166692,137.60494895434837,6.988961802464415,6.9889820659104736,0.015134946561539016,1225.0,11.0
3367,87.0,115.57501742268944,115.5751465502555,406.32254946234815,406.32261417052615,137.42720162932793,137.42718919798418,7.1890382759418285,7.1890585707036685,0.01515353019018877,1228.0,11.0
3368,87.0,114.61570263057442,114.61569503043059,405.61395577622744,405.61395460849997,137.03750988079221,137.03748664514333,7.230883729884693,7.23088942379233,0.005334945427697987,1229.0,11.0
3369,87.0,114.56954191615276,114.56953415457352,405.67940660531275,405.6794213876067,137.40628513201835,137.4063062498681,7.243471295071904,7.2434773838135795,0.005649645098556719,1231.0,11.0
3370,87.0,114.58860483863728,114.5884634961661,405.3366443595388,405.3364534226317,137.39644370054322,137.39632605453318,7.254924802472601,7.254947830112445,0.001726349464187043,1233.0,11.0
3371,87.0,114.5884634961661,114.5883075271563,405.3364534226317,405.3357407406564,137.39632605453318,137.39600383603124,7.254947830112445,7.255018399333427,0.017085249170119176,1233.0,11.0
3372,87.0,114.5883075271563,114.58830329678082,405.3357407406564,405.3354284852343,137.39600383603124,137.39604047414647,7.255018399333427,7.255054080001959,0.0231691151894655,1233.0,11.0
3373,87.0,114.58860402254793,114.58860479518005,405.3366448800671,405.3366463825663,137.39644594891593,137.3964508281544,7.254925602354489,7.254927543227634,0.0020240073472473667,1234.0,11.0
3374,87.0,118.63874207440145,118.64631554131913,451.47854153901943,451.4815862685244,136.63534466303852,136.6192719678877,4.798484694729872,4.799159235593706,0.029151932986932198,1237.0,11.0
3375,87.0,118.64631554131913,118.67256080947303,451.4815862685244,451.4956145850768,136.6192719678877,136.60132197526124,4.799159235593706,4.8004688165062674,0.07444380585820365,1237.0,11.0
3376,87.0,118.67256080947303,118.67672331531575,451.4956145850768,451.5235700502173,136.60132197526124,136.59518095509517,4.8004688165062674,4.801582104584947,0.05648158314921208,1237.0,11.0
3377,87.0,118.67672331531575,118.68580876763374,451.5235700502173,451.5369552485023,136.59518095509517,136.61382724859615,4.801582104584947,4.802551810496844,0.08908762901912526,1237.0,11.0
3378,87.0,118.68580876763374,118.70078120207339,451.5369552485023,451.5473686243091,136.61382724859615,136.61381670256839,4.802551810496844,4.803299709305444,0.043427125809754975,1237.0,11.0
3379,87.0,118.70078120207339,118.70725117188813,451.5473686243091,451.5553807927016,136.61381670256839,136.6250870682145,4.803299709305444,4.803943597309874,0.048635799346265815,1237.0,11.0
3380,87.0,118.70725117188813,118.71510141438193,451.5553807927016,451.56215124783887,136.6250870682145,136.6313461042576,4.803943597309874,4.804475011863112,0.042817475254090784,1237.0,11.0
3381,87.0,118.71510141438193,118.72221695591489,451.56215124783887,451.5615657924508,136.6313461042576,136.6376223412847,4.804475011863112,4.80491150024523,0.06880222482987737,1237.0,11.0
3382,87.0,118.72221695591489,118.72625052646042,451.5615657924508,451.55747173150087,136.6376223412847,136.63729825472686,4.80491150024523,4.805205511294994,0.032327781384193094,1237.0,11.0
3383,87.0,118.72625052646042,118.7283439634728,451.55747173150087,451.5602151133482,136.63729825472686,136.63972940255235,4.805205511294994,4.805437830459753,0.021244634559117005,1237.0,11.0
3384,87.0,118.7283439634728,118.7314873195639,451.5602151133482,451.5594260895189,136.63972940255235,136.63908432251844,4.805437830459753,4.8056316749498835,0.01267025642743048,1237.0,11.0
3385,87.0,118.7314873195639,118.7319930462065,451.5594260895189,451.5596809565612,136.63908432251844,136.64182052768976,4.8056316749498835,4.8058033184474835,0.014835990363694766,1237.0,11.0
3386,87.0,118.7319930462065,118.72992935316279,451.5596809565612,451.5603836862895,136.64182052768976,136.64228636913418,4.8058033184474835,4.8059493823157755,0.0116849802577157,1237.0,11.0
3387,87.0,118.72992935316279,118.72941657800784,451.5603836862895,451.5589570064518,136.64228636913418,136.643271581052,4.8059493823157755,4.806075374011282,0.010829533260282022,1237.0,11.0
3388,87.0,118.72941657800784,118.72950900255084,451.5589570064518,451.557648591575,136.643271581052,136.64385239119986,4.806075374011282,4.806182470732728,0.02051135445211549,1237.0,11.0
3389,87.0,118.72950900255084,118.72874872076628,451.557648591575,451.55767162355625,136.64385239119986,136.6437701502462,4.806182470732728,4.806250947120576,0.014285694423351116,1237.0,11.0
3390,87.0,118.72874872076628,118.7286596111672,451.55767162355625,451.55793598507506,136.6437701502462,136.64354767452397,4.806250947120576,4.806290100634724,0.017103564111513883,1237.0,11.0
3391,87.0,118.7286596111672,118.7286627758632,451.55793598507506,451.55798151593535,136.64354767452397,136.64357102526327,4.806290100634724,4.806299714601173,0.008280980953826612,1237.0,11.0
3392,87.0,118.63277739409622,118.62508398070563,451.34932984311706,451.34389132682384,136.54808596575253,136.546909541406,4.803743786173015,4.804128336128866,0.02143833532623091,1239.0,11.0
3393,87.0,118.62508398070563,118.60870038184251,451.34389132682384,451.33572479733357,136.546909541406,136.5472900180627,4.804128336128866,4.8048787531969674,0.035913040928189637,1239.0,11.0
3394,87.0,118.60870038184251,118.60339964987877,451.33572479733357,451.3304146346021,136.5472900180627,136.56124179158854,4.8048787531969674,4.805542872779542,0.0931461344527179,1239.0,11.0
3395,87.0,118.60339964987877,118.6032174767131,451.3304146346021,451.3286961979704,136.56124179158854,136.57100053563687,4.805542872779542,4.8059942758875325,0.03169765631628249,1239.0,11.0
3396,87.0,118.6032174767131,118.60449115858796,451.3286961979704,451.33646630607757,136.57100053563687,136.56916702936522,4.8059942758875325,4.806377751222837,0.02459623644667453,1239.0,11.0
3397,87.0,118.60449115858796,118.60192620572839,451.33646630607757,451.3417628856158,136.56916702936522,136.56586061425884,4.806377751222837,4.806710434946313,0.031164117350806667,1239.0,11.0
3398,87.0,118.60192620572839,118.5969626900973,451.3417628856158,451.34300040163936,136.56586061425884,136.56506198159713,4.806710434946313,4.806981499795704,0.030509475935200592,1239.0,11.0
3399,87.0,118.5969626900973,118.60042351248339,451.34300040163936,451.3437553201725,136.56506198159713,136.56373933620733,4.806981499795704,4.8071955383631995,0.03688404033556851,1239.0,11.0
3400,87.0,118.60042351248339,118.60234834924329,451.3437553201725,451.3449994899526,136.56373933620733,136.5639231476171,4.8071955383631995,4.807344845941375,0.02567501952667575,1239.0,11.0
3401,87.0,118.60234834924329,118.60290849239705,451.3449994899526,451.3441807765811,136.5639231476171,136.56294724863596,4.807344845941375,4.807449680239363,0.015088405681863482,1239.0,11.0
3402,87.0,118.60290849239705,118.60330293699788,451.3441807765811,451.34357239812664,136.56294724863596,136.56241975347862,4.807449680239363,4.8075264646002065,0.010087586417297713,1239.0,11.0
3403,87.0,118.60330293699788,118.60386384576334,451.34357239812664,451.3434577994802,136.56241975347862,136.56230348863917,4.8075264646002065,4.8075827133307065,0.017080836512418755,1239.0,11.0
3404,87.0,118.60386384576334,118.60392357000569,451.3434577994802,451.34336353858663,136.56230348863917,136.5624328316183,4.8075827133307065,4.807605575890835,0.016651090752155276,1239.0,11.0
3405,87.0,118.89521373515541,118.89529852231303,450.9431225199505,450.9431184859898,136.44274727994792,136.44276958425996,4.821930510778392,4.821944640050019,0.011334785806983978,1241.0,11.0
3406,87.0,118.89518475937018,118.89518114063405,450.9431212638824,450.94312416655464,136.44273728325658,136.44273190084897,4.8219267301067745,4.821929142469006,0.00248448547951023,1242.0,11.0
3407,87.0,118.63379418369433,118.6337980548607,451.41751717967725,451.417520302527,136.59304374464918,136.5930405262436,4.8009746735207,4.800976804225841,0.0022119505430546905,1245.0,11.0
3408,87.0,116.8867355615824,116.8867025809221,437.34191686880314,437.3418384807566,130.475234159635,130.47505831526212,5.31622232649804,5.316240248650053,0.01058859802346428,1246.0,11.0
3409,87.0,116.8867025809221,116.88668501019336,437.3418384807566,437.3417211925365,130.47505831526212,130.47468038569696,5.316240248650053,5.316282526989871,0.01773772119315648,1246.0,11.0
3410,87.0,116.88668501019336,116.88663167462661,437.3417211925365,437.341742394829,130.47468038569696,130.47465851473208,5.316282526989871,5.316293465735819,0.009205846966723913,1246.0,11.0
3411,87.0,117.46905261335084,117.46970738550752,436.52801627312147,436.5270210457694,130.57402765340242,130.5739567727061,5.3497664627139345,5.3498383454723335,0.0015875779895902866,1247.0,11.0
3412,87.0,117.46970738550752,117.47222243837605,436.5270210457694,436.52557415223583,130.5739567727061,130.57351124084107,5.3498383454723335,5.350016210348373,0.01815842660500442,1247.0,11.0
3413,87.0,117.47222243837605,117.47359682630243,436.52557415223583,436.523807316201,130.57351124084107,130.57354686584387,5.350016210348373,5.350162713708138,0.011408171853944458,1247.0,11.0
3414,87.0,117.47359682630243,117.47206851296171,436.523807316201,436.5228502554588,130.57354686584387,130.57325450325806,5.350162713708138,5.350289623094509,0.018413244643574998,1247.0,11.0
3415,87.0,117.47206851296171,117.47147149452174,436.5228502554588,436.5226676599236,130.57325450325806,130.57223070507357,5.350289623094509,5.350384034796103,0.014371414702325367,1247.0,11.0
3416,87.0,117.47147149452174,117.47182438460409,436.5226676599236,436.5225671843098,130.57223070507357,130.57159194741723,5.350384034796103,5.350450655881089,0.015197364811641198,1247.0,11.0
3417,87.0,117.47182438460409,117.47207360013883,436.5225671843098,436.5224076234314,130.57159194741723,130.5714896181501,5.350450655881089,5.350486227141231,0.011890510278628069,1247.0,11.0
3418,87.0,117.47207360013883,117.47206577093479,436.5224076234314,436.5223980802774,130.5714896181501,130.57139816252285,5.350486227141231,5.350500875544375,0.011671130336837459,1247.0,11.0
3419,87.0,117.29226059349142,117.29242504167719,436.9003516482856,436.90041239995514,130.44305843124462,130.44303164775084,5.36419598961282,5.364219483290255,0.01701226034688891,1249.0,11.0
3420,87.0,118.06735928577754,118.06737765256575,437.57227581029883,437.5722940701345,131.3013032052333,131.30132699398413,5.408806997661638,5.40881435177916,0.00662711881224951,1250.0,11.0
3421,87.0,118.06735637847287,118.067357284814,437.5722641197061,437.5722573268523,131.30129596958312,131.30129181584562,5.408805346160085,5.408807965857012,0.00268108,1251.0,11.0
3422,87.0,118.23063330447519,118.2306382842642,437.37504778386057,437.37504874207315,131.4203314441735,131.42032919484862,5.4182234620756,5.4182254997373045,0.002120274617565051,1254.0,11.0
3423,87.0,118.04869389355534,118.049316697317,431.27999194573465,431.27992173200073,135.2632303803444,135.26337702476445,5.658645177711719,5.658690177777224,0.003109349768448448,1255.0,11.0
3424,87.0,118.049316697317,118.05079526396182,431.27992173200073,431.2792296721191,135.26337702476445,135.2637728072862,5.658690177777224,5.658809823403048,0.0597369654128691,1255.0,11.0
3425,87.0,118.05079526396182,118.05079433470901,431.2792296721191,431.27927376231156,135.2637728072862,135.26377776610994,5.658809823403048,5.658818498741785,0.007605392995515187,1255.0,11.0
3426,87.0,118.04869533207591,118.0487001384242,431.2799909100995,431.27998837808275,135.2632285811879,135.26322335332742,5.658646003358348,5.658648515663127,0.002579627253685907,1256.0,11.0
3427,87.0,115.371709469313,115.37173484352381,458.1729819765502,458.1728176584017,145.72651197528626,145.72656660162485,4.405692912482012,4.405716180741893,0.01688350911342042,1259.0,11.0
3428,87.0,115.37171506490215,115.3717102130151,458.17303055829973,458.1730350590421,145.72648072619498,145.72648368181328,4.405686258296734,4.405688703635171,0.0025159527775601223,1260.0,11.0
3429,87.0,114.98021193411383,114.98017021174567,459.5701861545187,459.570248153629,147.152883062978,147.1527614843579,4.33782032862846,4.337834961001301,0.0010547556230488012,1263.0,11.0
3430,87.0,114.98017021174567,114.98000850988706,459.570248153629,459.57041146543116,147.1527614843579,147.15239488237876,4.337834961001301,4.33788007761218,0.01940375349393315,1263.0,11.0
3431,87.0,114.98000850988706,114.98000769916109,459.57041146543116,459.5704666483656,147.15239488237876,147.15241395607976,4.33788007761218,4.337890627609604,0.008937770474290656,1263.0,11.0
3432,87.0,114.98021186327883,114.98021217097512,459.57018818676545,459.5701948631401,147.15288183262504,147.15287791485616,4.337821105257795,4.337823664833557,0.002624379737086977,1264.0,11.0
3433,87.0,114.72418778587478,114.72413317545477,460.39885354177676,460.39883745204463,148.2333230451374,148.23328989480513,4.29156076921033,4.2915722707864665,0.009590245797275793,1267.0,11.0
3434,87.0,114.7242049100038,114.72420100619374,460.39886041248326,460.3988668263975,148.23333159714545,148.2333287656259,4.2915577750598946,4.291560397243337,0.00268342,1268.0,11.0
3435,87.0,115.89153457448029,115.89150850972915,456.94941247597234,456.9493993357155,143.11544015594112,143.11542875306174,4.501078864268612,4.501085641972699,0.006188086811751196,1271.0,11.0
3436,87.0,117.66388434002756,117.66387373100636,455.4271881984217,455.4270708413536,139.9731286802059,139.97309096185145,4.6316895902585,4.6317026803896795,0.001258608864970805,1273.0,11.0
3437,87.0,117.66387373100636,117.66369690911452,455.4270708413536,455.4268340440068,139.97309096185145,139.9728565047291,4.6317026803896795,4.631743468549776,0.01516858978894408,1273.0,11.0
3438,87.0,117.66369690911452,117.66374851670312,455.4268340440068,455.4268960758247,139.9728565047291,139.972879154081,4.631743468549776,4.631757137770019,0.01103458206822856,1273.0,11.0
3439,87.0,118.88815834659574,118.8882640030657,455.97579161809165,455.97573383846446,138.76622746512524,138.76581735214316,4.6918831060450135,4.691916218915122,0.0017386619876914261,1275.0,11.0
3440,87.0,118.8882640030657,118.88857801013535,455.97573383846446,455.9757072155201,138.76581735214316,138.76465010181963,4.691916218915122,4.692011179666112,0.009762492350700794,1275.0,11.0
3441,87.0,118.88857801013535,118.88858368728616,455.9757072155201,455.9759873938625,138.76465010181963,138.7654967244388,4.692011179666112,4.692087666089596,0.02133616652881157,1275.0,11.0
3442,87.0,118.88858368728616,118.888484847954,455.9759873938625,455.9757570117458,138.7654967244388,138.7653610513026,4.692087666089596,4.692120871635615,0.019246574861757525,1275.0,11.0
3443,87.0,118.888484847954,118.88849067599851,455.9757570117458,455.9757557088134,138.7653610513026,138.765353005637,4.692120871635615,4.692123926771192,0.003085501562673759,1275.0,11.0
3444,87.0,127.0037252344268,127.0037278149864,464.15875575737243,464.15874670245404,144.8171069532231,144.81713240765214,5.126077922267662,5.126084045920382,0.005677246072825874,1276.0,11.0
3445,87.0,127.62966633520439,127.62984981067386,464.9947322950123,464.99475975347696,144.8716397399872,144.87161698217622,5.160959003116162,5.160976822619624,0.005971416623284421,1277.0,11.0
3446,87.0,127.62984981067386,127.63027137861812,464.99475975347696,464.9947487508389,144.87161698217622,144.87150225930387,5.160976822619624,5.161022272658022,0.022976987574270805,1277.0,11.0
3447,87.0,127.63027137861812,127.63028507386909,464.9947487508389,464.99473375838835,144.87150225930387,144.87148608129638,5.161022272658022,5.161028207983284,0.005527924060569289,1277.0,11.0
3448,87.0,123.76817496242995,123.7679474338881,469.2351736752838,469.23532155710393,146.0739424761302,146.07417369969556,5.356432153410172,5.356471282008431,0.025372009228202947,1279.0,11.0
3449,87.0,129.80153078010224,129.80172356013526,477.6720372627963,477.6721516807508,141.24007586388362,141.2402444247069,5.738132860429727,5.738165675450119,0.0221268892832909,1280.0,11.0
3450,87.0,127.85132930411676,127.85132179069142,477.77804985559385,477.77805355104647,140.39830474968667,140.39831024024323,5.809062328600665,5.809065382241749,0.0030841316475827283,1281.0,11.0
3451,87.0,125.26194289156047,125.2612177417215,475.7407100314084,475.7407632830551,138.86407576473945,138.8643840374103,5.930294986665372,5.93034770607994,0.0031318084008866427,1283.0,11.0
3452,87.0,125.2612177417215,125.25944503823105,475.7407632830551,475.7409046531281,138.8643840374103,138.8652502759231,5.93034770607994,5.93048192797439,0.016238672874188877,1283.0,11.0
3453,87.0,125.25944503823105,125.25828716314064,475.7409046531281,475.74168638349,138.8652502759231,138.86546521870724,5.93048192797439,5.930587920521694,0.010851566610246683,1283.0,11.0
3454,87.0,125.25828716314064,125.25760347719543,475.74168638349,475.74188752123155,138.86546521870724,138.86624228471806,5.930587920521694,5.930674119630464,0.01708786305590337,1283.0,11.0
3455,87.0,125.25760347719543,125.25721732309512,475.74188752123155,475.74220979696736,138.86624228471806,138.86609877925704,5.930674119630464,5.930725986227999,0.01712247862551316,1283.0,11.0
3456,87.0,125.25721732309512,125.25721543513271,475.74220979696736,475.7420772218778,138.86609877925704,138.86611980037156,5.930725986227999,5.930745182571959,0.01449729401044151,1283.0,11.0
3457,87.0,125.2619420782822,125.26194271987052,475.74070944049134,475.7407074193663,138.86407363497085,138.8640663802667,5.930295765847971,5.930298282459917,0.0025837114375574415,1284.0,11.0
3458,87.0,114.67949204714996,114.67967263290787,460.53313547196467,460.53299499858105,148.4331526239455,148.43319086464822,4.28340413630294,4.283432701436576,0.01984499459021378,1288.0,11.0
3459,87.0,114.67942935855588,114.67942289339399,460.533177392466,460.533176119742,148.43313897080515,148.43314093439932,4.283395812380014,4.28339817100217,0.0024330211932054435,1289.0,11.0
