,event,xi,xf,yi,yf,zi,zf,ti,tf,E,ParticleID,PDG
0,94.0,115.0,114.99786961172686,475.0,473.61439809191205,150.0,150.00288536316106,0.0,0.0817025191218876,5.956984631016859,1.0,321.0
1,94.0,114.99786961172686,115.05244560429517,473.61439809191205,472.3624198012785,150.00288536316106,149.99352238028695,0.0817025191218876,0.1572367553819889,5.604558727676874,1.0,321.0
2,94.0,115.05244560429517,115.055854546911,472.3624198012785,472.274557334755,149.99352238028695,149.9918138633198,0.1572367553819889,0.16265652496910296,0.32565125870462597,1.0,321.0
3,94.0,115.055854546911,115.47616532951929,472.274557334755,472.022556501746,149.9918138633198,150.12613741201102,0.16265652496910296,0.2004548714026902,3.8706907689349483,2.0,321.0
4,94.0,115.47616532951929,115.85299994021227,472.022556501746,471.80974418872756,150.12613741201102,150.2565099361862,0.2004548714026902,0.23506388186615562,3.450387113981629,2.0,321.0
5,94.0,115.85299994021227,116.19333761498149,471.80974418872756,471.62465279217906,150.2565099361862,150.37200611164025,0.23506388186615562,0.2668938303835044,3.4872957282555346,2.0,321.0
6,94.0,116.19333761498149,116.49188683944696,471.62465279217906,471.4606316686701,150.37200611164025,150.48324295879047,0.2668938303835044,0.2959802987858229,3.0474176752405806,2.0,321.0
7,94.0,116.49188683944696,116.76054923613154,471.4606316686701,471.3128431573364,150.48324295879047,150.57536320201777,0.2959802987858229,0.32272600416759445,2.6907479129675216,2.0,321.0
8,94.0,116.76054923613154,117.00635820972941,471.3128431573364,471.1868327064559,150.57536320201777,150.65691265057583,0.32272600416759445,0.3474507855143507,2.4841792643812237,2.0,321.0
9,94.0,117.00635820972941,117.2288550821359,471.1868327064559,471.07627255457663,150.65691265057583,150.7323297708387,0.3474507855143507,0.37034980239606285,2.3381649496529695,2.0,321.0
10,94.0,117.2288550821359,117.4271192953735,471.07627255457663,470.97277125799036,150.7323297708387,150.80158312881093,0.37034980239606285,0.3915671145375005,2.5440655013136673,2.0,321.0
11,94.0,117.4271192953735,117.60168465733359,470.97277125799036,470.87889384507935,150.80158312881093,150.8636595390106,0.3915671145375005,0.4109971243947556,2.167265182682825,2.0,321.0
12,94.0,117.60168465733359,117.75875288014467,470.87889384507935,470.79625804445834,150.8636595390106,150.92031287621526,0.4109971243947556,0.42894120952828385,2.072263613718005,2.0,321.0
13,94.0,117.75875288014467,117.89943069932494,470.79625804445834,470.72405771732895,150.92031287621526,150.9734836314651,0.42894120952828385,0.44549760944785133,2.0953395478351062,2.0,321.0
14,94.0,117.89943069932494,118.02334484586564,470.72405771732895,470.65912549634714,150.9734836314651,151.02215835504668,0.44549760944785133,0.4606853583052309,1.9057670654254897,2.0,321.0
15,94.0,118.02334484586564,118.13571067889981,470.65912549634714,470.6035975182498,151.02215835504668,151.063551604333,0.4606853583052309,0.47465989047705176,1.6689453572034294,2.0,321.0
16,94.0,118.13571067889981,118.23724710856236,470.6035975182498,470.5550806272789,151.063551604333,151.10093178565543,0.47465989047705176,0.48759811602134123,1.5994438298436005,2.0,321.0
17,94.0,118.23724710856236,118.32966326984965,470.5550806272789,470.510395509861,151.10093178565543,151.12872629384725,0.48759811602134123,0.49956733398654324,1.5721300591553926,2.0,321.0
18,94.0,118.32966326984965,118.41325953167316,470.510395509861,470.4724459910073,151.12872629384725,151.15289890252376,0.49956733398654324,0.5106081188683058,1.3327188205605536,2.0,321.0
19,94.0,118.41325953167316,118.48914950273317,470.4724459910073,470.440133419521,151.15289890252376,151.17630761127336,0.5106081188683058,0.5208814391031868,1.2846245243288958,2.0,321.0
20,94.0,118.48914950273317,118.5567177747348,470.440133419521,470.41011527782837,151.17630761127336,151.19886223034564,0.5208814391031868,0.5304330770435604,1.1642879673861277,2.0,321.0
21,94.0,118.5567177747348,118.61836013558232,470.41011527782837,470.3833037013043,151.19886223034564,151.2184674413297,0.5304330770435604,0.5393476422930659,1.2273209868771051,2.0,321.0
22,94.0,118.61836013558232,118.67336203741453,470.3833037013043,470.3575675924455,151.2184674413297,151.23426184785598,0.5393476422930659,0.5476104057968354,1.0699327202507092,2.0,321.0
23,94.0,118.67336203741453,118.7231055020662,470.3575675924455,470.3336923250616,151.23426184785598,151.24750629785666,0.5476104057968354,0.555323144889158,1.1763906844647125,2.0,321.0
24,94.0,118.7231055020662,118.76725408177012,470.3336923250616,470.31160881452905,151.24750629785666,151.25824309828516,0.555323144889158,0.5624523676933957,0.9761268809382341,2.0,321.0
25,94.0,118.76725408177012,118.80680103279458,470.31160881452905,470.2910498614915,151.25824309828516,151.2681115321457,0.5624523676933957,0.569115375440612,1.008463586658303,2.0,321.0
26,94.0,118.80680103279458,118.84192697708859,470.2910498614915,470.2719296095929,151.2681115321457,151.27671827353657,0.569115375440612,0.5753147623341764,0.9920101944357164,2.0,321.0
27,94.0,118.84192697708859,118.87290879431643,470.2719296095929,470.25456894601956,151.27671827353657,151.28525568536492,0.5753147623341764,0.5810770017002596,0.9561885550847059,2.0,321.0
28,94.0,118.87290879431643,118.8997859347887,470.25456894601956,470.2382267239042,151.28525568536492,151.2937016088287,0.5810770017002596,0.5864371265146793,0.8572219323442399,2.0,321.0
29,94.0,118.8997859347887,118.92347697705051,470.2382267239042,470.222912830746,151.2937016088287,151.30143133541995,0.5864371265146793,0.5914546244136685,0.7786637820470246,2.0,321.0
30,94.0,118.92347697705051,118.94503307324831,470.222912830746,470.209019064581,151.30143133541995,151.30778959713342,0.5914546244136685,0.5961773240378562,0.7868566493492848,2.0,321.0
31,94.0,118.94503307324831,118.9648360859151,470.209019064581,470.19733327714465,151.30778959713342,151.3137331998263,0.5961773240378562,0.6006199745386231,0.7803340371852597,2.0,321.0
32,94.0,118.9648360859151,118.98319927562947,470.19733327714465,470.18779197320725,151.3137331998263,151.31870755486568,0.6006199745386231,0.6048049223994827,0.7626615366816561,2.0,321.0
33,94.0,118.98319927562947,118.99960462596077,470.18779197320725,470.1795240776795,151.31870755486568,151.32375068284395,0.6048049223994827,0.6087600411178956,0.7397849471665014,2.0,321.0
34,94.0,118.99960462596077,119.01419344463905,470.1795240776795,470.17217431382517,151.32375068284395,151.32863982535156,0.6087600411178956,0.6125165063368398,0.7250312022616545,2.0,321.0
35,94.0,119.01419344463905,119.02745931915179,470.17217431382517,470.1660625704041,151.32863982535156,151.33302013881888,0.6125165063368398,0.6161057152932314,0.6967816610087033,2.0,321.0
36,94.0,119.02745931915179,119.03955553535351,470.1660625704041,470.16120189145676,151.33302013881888,151.33707920846334,0.6161057152932314,0.6195644220758707,0.7428084778705217,2.0,321.0
37,94.0,119.03955553535351,119.05038192255674,470.16120189145676,470.156803466195,151.33707920846334,151.340138244554,0.6195644220758707,0.6229220340271595,0.8116194107014307,2.0,321.0
38,94.0,119.05038192255674,119.05964777778502,470.156803466195,470.1527411675244,151.340138244554,151.3427110243701,0.6229220340271595,0.6262158999707576,0.8173805741623164,2.0,321.0
39,94.0,119.05964777778502,119.06722151779334,470.1527411675244,470.14917945583,151.3427110243701,151.34480211835645,0.6262158999707576,0.6294509844206173,0.921508990324363,2.0,321.0
40,94.0,119.06722151779334,119.07133720830316,470.14917945583,470.1472031350004,151.34480211835645,151.34595062407496,0.6294509844206173,0.6318705210957528,1.043101083227367,2.0,321.0
41,94.0,115.055854546911,115.05581407444473,472.274557334755,472.2743905301094,149.9918138633198,149.99179476599005,0.16265652496910296,0.16335633566960958,0.9392390281593672,9.0,1000180380.0
42,94.0,115.05581407444473,115.05581430796556,472.2743905301094,472.27435117933226,149.99179476599005,149.99179482209965,0.16335633566960958,0.16376816857356466,0.1795714793043961,9.0,1000180380.0
43,94.0,115.13389710364952,115.13387316065132,471.64554629595125,471.64554471779263,143.40693915295557,143.406933932979,0.383321272797689,0.3833269799960061,0.005345615690482201,10.0,11.0
44,94.0,116.39121406068982,116.39178766416644,471.9624852156695,471.9624387695388,141.70928538706085,141.7090745832938,0.45458713688104074,0.45464539550943517,0.0179579600036066,12.0,11.0
45,94.0,116.39178766416644,116.39192230859999,471.9624387695388,471.96252048999565,141.7090745832938,141.70914486258968,0.45464539550943517,0.4546684179519794,0.016742793240333332,12.0,11.0
46,94.0,118.27272287065361,118.27234913668538,464.6227722118582,464.6215688082155,143.3574330341242,143.3572701135369,0.7132202223826121,0.7132959823078552,0.003388087332378276,13.0,11.0
47,94.0,118.27234913668538,118.27139924446585,464.6215688082155,464.61883454215075,143.3572701135369,143.3579587016487,0.7132959823078552,0.7134755876461745,0.021477801589762865,13.0,11.0
48,94.0,118.27139924446585,118.27283462068404,464.61883454215075,464.61872412966443,143.3579587016487,143.35955994348154,0.7134755876461745,0.7136181023516843,0.013677133799730566,13.0,11.0
49,94.0,118.27283462068404,118.27334213872443,464.61872412966443,464.6191787873069,143.35955994348154,143.3580393340843,0.7136181023516843,0.7137370714788043,0.017500836987453635,13.0,11.0
50,94.0,118.27334213872443,118.2722758668843,464.6191787873069,464.6191916552567,143.3580393340843,143.3578772007709,0.7137370714788043,0.7138246709150455,0.013855893895299965,13.0,11.0
51,94.0,118.2722758668843,118.27258466612741,464.6191916552567,464.6189112205575,143.3578772007709,143.35836221363144,0.7138246709150455,0.7138847844312542,0.015071225388757183,13.0,11.0
52,94.0,118.27258466612741,118.27266915294703,464.6189112205575,464.6191383561487,143.35836221363144,143.35840441765959,0.7138847844312542,0.7139145992025616,0.020524903441876328,13.0,11.0
53,94.0,118.27272466883201,118.27272989946532,464.62277322043394,464.62277656070444,143.35743159550617,143.35742902554938,0.7132210445871388,0.7132233659329108,0.0023971829603831566,14.0,11.0
54,94.0,115.134784467685,115.13478739896823,471.6474302865079,471.647437037673,143.40432071664944,143.40432272521554,0.3834317970613472,0.38343432985332393,0.0025990420686002897,17.0,11.0
55,94.0,116.23906281292469,116.23945553244894,471.49712008634623,471.49736686328276,149.71863873769638,149.71876943622675,0.21075243223396364,0.21078854278365033,0.002342927522679655,20.0,11.0
56,94.0,116.23945553244894,116.24056288966365,471.49736686328276,471.49795203048245,149.71876943622675,149.71923990416005,0.21078854278365033,0.21089052056426125,0.00974237705442052,20.0,11.0
57,94.0,116.24056288966365,116.24151122476765,471.49795203048245,471.4982906916287,149.71923990416005,149.71909508805876,0.21089052056426125,0.21097455732254636,0.013941803825226955,20.0,11.0
58,94.0,116.24151122476765,116.24121844342156,471.4982906916287,471.49877694780827,149.71909508805876,149.7192193301292,0.21097455732254636,0.21103058385943854,0.02853784513466525,20.0,11.0
59,94.0,116.24121844342156,116.24123801668625,471.49877694780827,471.498782762068,149.7192193301292,149.7192095977412,0.21103058385943854,0.21103597086489823,0.005087026663791495,20.0,11.0
60,94.0,116.23906260724978,116.23906265149101,471.49711839304837,471.49711312928866,149.71863713082212,149.71863232093222,0.21075321749130488,0.21075563561605226,0.0024899901397908157,21.0,11.0
61,94.0,116.40275321149207,116.40286129378535,471.24520286149254,471.2451564385069,149.5724324907476,149.5725715876551,0.22189732238770887,0.22191468981928136,0.0010970459831468953,26.0,11.0
62,94.0,116.40286129378535,116.40320429498308,471.2451564385069,471.24531061023197,149.5725715876551,149.57300501449518,0.22191468981928136,0.22197020608436235,0.014351164924812039,26.0,11.0
63,94.0,116.40320429498308,116.40299155512496,471.24531061023197,471.2452761503367,149.57300501449518,149.57299975308632,0.22197020608436235,0.22199728639390395,0.019027866639175106,26.0,11.0
64,94.0,119.07462306838707,119.07455035752382,467.960629443976,467.9603839296009,145.0173824366011,145.0174934145148,0.4293403801332931,0.42936398924579866,0.0022063758222190645,27.0,11.0
65,94.0,119.07455035752382,119.07415039326528,467.9603839296009,467.95962489247495,145.0174934145148,145.01760623437295,0.42936398924579866,0.4294388384907302,0.012615578531110392,27.0,11.0
66,94.0,119.07415039326528,119.07447646233695,467.95962489247495,467.9593290839599,145.01760623437295,145.0178069665284,0.4294388384907302,0.42948782042336053,0.020354998988972695,27.0,11.0
67,94.0,119.07447646233695,119.07443382730669,467.9593290839599,467.9593648047018,145.0178069665284,145.01776578298956,0.42948782042336053,0.42949973547930076,0.009869989493010468,27.0,11.0
68,94.0,121.96707854191361,121.96809053057339,467.3217571638664,467.32144236481963,139.95542391685413,139.9550596726639,0.6249747423504088,0.6250433889567234,0.0073323135749135725,29.0,11.0
69,94.0,121.96809053057339,121.97013164191576,467.32144236481963,467.3209476444821,139.9550596726639,139.95363388392215,0.6250433889567234,0.6252036105617623,0.011004375104082023,29.0,11.0
70,94.0,121.97013164191576,121.97073679975574,467.3209476444821,467.32289711555234,139.95363388392215,139.95423251213978,0.6252036105617623,0.6253449029640995,0.01184225484043118,29.0,11.0
71,94.0,121.97073679975574,121.97208396555334,467.32289711555234,467.32227299545565,139.95423251213978,139.95507136386257,0.6253449029640995,0.6254658209243693,0.017743042729387728,29.0,11.0
72,94.0,121.97208396555334,121.9729602479907,467.32227299545565,467.32164958959254,139.95507136386257,139.9553353621068,0.6254658209243693,0.6255550671644688,0.01430317041628987,29.0,11.0
73,94.0,121.9729602479907,121.97250695215928,467.32164958959254,467.3221116458055,139.9553353621068,139.95542018856787,0.6255550671644688,0.6256160772796334,0.018622366165515214,29.0,11.0
74,94.0,121.97250695215928,121.97236700130892,467.3221116458055,467.3220858311207,139.95542018856787,139.95553775272828,0.6256160772796334,0.6256402653568904,0.01740722413852229,29.0,11.0
75,94.0,116.31877673855669,116.31874865738493,472.4267024169976,472.4268243465973,117.91242194646358,117.91242356804666,1.402871468956548,1.4028847767672334,0.00104368845710919,30.0,11.0
76,94.0,116.31874865738493,116.31868148607539,472.4268243465973,472.42718710133414,117.91242356804666,117.91249045257864,1.4028847767672334,1.4029253816452967,0.024837581009195968,30.0,11.0
77,94.0,116.31868148607539,116.31867990626593,472.42718710133414,472.4271879723622,117.91249045257864,117.9124922813257,1.4029253816452967,1.4029265972881166,0.001274159486440378,30.0,11.0
78,94.0,113.22201967598167,113.22258303056847,467.2449176254378,467.2443002634397,102.53097003308017,102.53006511654851,1.9540399459474218,1.9541133034066738,0.0033898500391745822,33.0,11.0
79,94.0,113.22258303056847,113.22313697941274,467.2443002634397,467.2420410677282,102.53006511654851,102.52818779026313,1.9541133034066738,1.954293512939955,0.018630842263128392,33.0,11.0
80,94.0,113.22313697941274,113.22089634244927,467.2420410677282,467.2417395309899,102.52818779026313,102.52840261832168,1.954293512939955,1.954441513531509,0.016527864713294458,33.0,11.0
81,94.0,113.22089634244927,113.22061985178034,467.2417395309899,467.24265973210214,102.52840261832168,102.52702675106714,1.954441513531509,1.954561076900756,0.017844986541979187,33.0,11.0
82,94.0,113.22061985178034,113.22138772318628,467.24265973210214,467.24224016404213,102.52702675106714,102.5263962100217,1.954561076900756,1.9546486725317824,0.012653101925593086,33.0,11.0
83,94.0,113.22138772318628,113.22170522878011,467.24224016404213,467.24242715035734,102.5263962100217,102.52582927507804,1.9546486725317824,1.9547112667745723,0.017911057725035713,33.0,11.0
84,94.0,113.22170522878011,113.2216213691595,467.24242715035734,467.2423189749361,102.52582927507804,102.52566635952833,1.9547112667745723,1.9547380908497884,0.01888583457747931,33.0,11.0
85,94.0,110.80980611537859,110.80918017463992,466.49629819682804,466.49648225900785,102.62362880169242,102.62381371913884,2.0383452006339224,2.0383921532697906,0.0039467389474133665,35.0,11.0
86,94.0,110.80918017463992,110.80762509795125,466.49648225900785,466.4969109042466,102.62381371913884,102.62437887452786,2.0383921532697906,2.038513265824477,0.012206749652314905,35.0,11.0
87,94.0,110.80762509795125,110.80738310929567,466.4969109042466,466.49661014085706,102.62437887452786,102.62561352461054,2.038513265824477,2.0386128562206975,0.01287728735344462,35.0,11.0
88,94.0,110.80738310929567,110.80731693274501,466.49661014085706,466.4968399459087,102.62561352461054,102.62645392325189,2.0386128562206975,2.0386882279044016,0.009175770029029712,35.0,11.0
89,94.0,110.80731693274501,110.8068128062387,466.4968399459087,466.49705504085404,102.62645392325189,102.62623563188757,2.0386882279044016,2.038744884112694,0.012911066722814845,35.0,11.0
90,94.0,110.8068128062387,110.80662107080896,466.49705504085404,466.4971688208819,102.62623563188757,102.62610908200142,2.038744884112694,2.0387756118669986,0.02101720440935902,35.0,11.0
91,94.0,112.94507192110768,112.9450580102604,460.15741405883426,460.15738787427546,98.808704927656,98.80870974682117,2.2962263681553705,2.2962329462980957,0.006033431516181279,39.0,11.0
92,94.0,114.8478243141017,114.84783484177747,459.18668938098773,459.1866844995273,96.77133366640973,96.77133575392699,2.3946894221804644,2.394692841014443,0.0034150844242629287,40.0,11.0
93,94.0,114.86168802975003,114.86251396652833,459.18200800106194,459.1815929916558,96.72236287044619,96.7209280210083,2.3963931807653736,2.3964886446398306,0.003661257231195665,42.0,11.0
94,94.0,114.86251396652833,114.86342142580615,459.1815929916558,459.18029581751006,96.7209280210083,96.71747175597484,2.3964886446398306,2.3967035412601776,0.01700748421504752,42.0,11.0
95,94.0,114.86342142580615,114.86480365371206,459.18029581751006,459.1814550669307,96.71747175597484,96.71496437161055,2.3967035412601776,2.3968880912762924,0.015254400859003968,42.0,11.0
96,94.0,114.86480365371206,114.86699909683776,459.1814550669307,459.1811859809277,96.71496437161055,96.71381853942438,2.3968880912762924,2.3970461687280027,0.010811987402048988,42.0,11.0
97,94.0,114.86699909683776,114.86859359395032,459.1811859809277,459.18227457011074,96.71381853942438,96.71302106993532,2.3970461687280027,2.3971856554620583,0.019282894256048747,42.0,11.0
98,94.0,114.86859359395032,114.86889473179335,459.18227457011074,459.18364314495204,96.71302106993532,96.71321232062428,2.3971856554620583,2.397291690472321,0.03601317065973407,42.0,11.0
99,94.0,114.86889473179335,114.86864533783178,459.18364314495204,459.18370269019834,96.71321232062428,96.71303227206913,2.397291690472321,2.397327277844789,0.014953568089045228,42.0,11.0
100,94.0,114.86864533783178,114.8686988637854,459.18370269019834,459.1837145750419,96.71303227206913,96.71303368987553,2.397327277844789,2.397337365973181,0.008616371741703406,42.0,11.0
101,94.0,114.86168763393292,114.8616864022479,459.18200835323285,459.1820094491016,96.72236573753622,96.72237465921174,2.3963940950337035,2.3963969481357608,0.002899164640972023,43.0,11.0
102,94.0,113.57039051913898,113.57042627128108,475.04954531369856,475.0497685104307,153.23937932430724,153.23909189590316,0.3135252547951555,0.31356511900931144,0.014197600611356628,45.0,11.0
103,94.0,113.57042627128108,113.57049920066618,475.0497685104307,475.049754760388,153.23909189590316,153.23914379600734,0.31356511900931144,0.31357957030781086,0.011543761306861971,45.0,11.0
104,94.0,109.7765020960035,109.76759320982667,483.0990138728745,483.1067000949753,166.36893606257553,166.37782406312132,0.8425808778656486,0.8431473702145937,0.016954640575195568,46.0,11.0
105,94.0,109.76759320982667,109.75066989649592,483.1067000949753,483.1162291928901,166.37782406312132,166.39817879307918,0.8431473702145937,0.8442341894881266,0.05491045034097726,46.0,11.0
106,94.0,109.75066989649592,109.76032781140327,483.1162291928901,483.1379797153683,166.39817879307918,166.40121066987064,0.8442341894881266,0.8451801769003795,0.07064349822243925,46.0,11.0
107,94.0,109.76032781140327,109.75393505351126,483.1379797153683,483.15282980936644,166.40121066987064,166.41095359405753,0.8451801769003795,0.8459502586897721,0.05650345690226183,46.0,11.0
108,94.0,109.75393505351126,109.73983789381494,483.15282980936644,483.1487588036219,166.41095359405753,166.41407724038478,0.8459502586897721,0.8465847990527715,0.04456585195418527,46.0,11.0
109,94.0,109.73983789381494,109.73515870535076,483.1487588036219,483.15930932989096,166.41407724038478,166.41039164566135,0.8465847990527715,0.8471164383356554,0.03416741487715113,46.0,11.0
110,94.0,109.73515870535076,109.73059686401434,483.15930932989096,483.16820644669315,166.41039164566135,166.41109324134192,0.8471164383356554,0.8475719763654467,0.039234239329259055,46.0,11.0
111,94.0,109.73059686401434,109.72495351317286,483.16820644669315,483.17100283499474,166.41109324134192,166.41564618276047,0.8475719763654467,0.8479436388696271,0.042129795685476916,46.0,11.0
112,94.0,109.72495351317286,109.72342679607743,483.17100283499474,483.17616206422656,166.41564618276047,166.4142166864066,0.8479436388696271,0.8482301827403806,0.030743494617664062,46.0,11.0
113,94.0,109.72342679607743,109.72036390543697,483.17616206422656,483.17726466236337,166.4142166864066,166.41674458212117,0.8482301827403806,0.8484583890037559,0.01797262182747432,46.0,11.0
114,94.0,109.72036390543697,109.71848971030224,483.17726466236337,483.17571110564256,166.41674458212117,166.41444654898677,0.8484583890037559,0.8486540855859754,0.020042952093514168,46.0,11.0
115,94.0,109.71848971030224,109.71647512174914,483.17571110564256,483.1742699080097,166.41444654898677,166.4138442906706,0.8486540855859754,0.8488147910862425,0.010495117793765137,46.0,11.0
116,94.0,109.71647512174914,109.71660354065764,483.1742699080097,483.17500580425667,166.4138442906706,166.41182172716037,0.8488147910862425,0.8489574398480858,0.011889626302949732,46.0,11.0
117,94.0,109.71660354065764,109.71711817904577,483.17500580425667,483.17660090212456,166.41182172716037,166.41225510924443,0.8489574398480858,0.8490796441198353,0.021732789273721336,46.0,11.0
118,94.0,109.71711817904577,109.7164331916919,483.17660090212456,483.1763883630382,166.41225510924443,166.41295452155148,0.8490796441198353,0.8491627631532027,0.01800634594311843,46.0,11.0
119,94.0,109.7164331916919,109.71600366533247,483.1763883630382,483.17642598169687,166.41295452155148,166.41281733680745,0.8491627631532027,0.8492093877393003,0.014152112597263697,46.0,11.0
120,94.0,109.71600366533247,109.71613138692166,483.17642598169687,483.17647418608783,166.41281733680745,166.4128535154093,0.8492093877393003,0.8492293019112481,0.01492718934365961,46.0,11.0
121,94.0,110.1086721553421,110.11057495781647,482.9227252035391,482.9227970696737,166.78229808467353,166.78282912711376,0.8612211965327038,0.8613282188987424,0.004605028003845824,47.0,11.0
122,94.0,110.11057495781647,110.11432865762156,482.9227970696737,482.9219394832004,166.78282912711376,166.7847403938178,0.8613282188987424,0.8615637209232544,0.016538893077751148,47.0,11.0
123,94.0,110.11432865762156,110.11465980597968,482.9219394832004,482.9200889929154,166.7847403938178,166.7877795663568,0.8615637209232544,0.8617690245705768,0.03348509725880168,47.0,11.0
124,94.0,110.11465980597968,110.11410104188636,482.9200889929154,482.91810524640334,166.7877795663568,166.78867164092628,0.8617690245705768,0.8619158524645679,0.010692011835382468,47.0,11.0
125,94.0,110.11410104188636,110.11285210834801,482.91810524640334,482.91917883139206,166.78867164092628,166.78780991269142,0.8619158524645679,0.8620443197212736,0.016620000854793093,47.0,11.0
126,94.0,110.11285210834801,110.11211848341448,482.91917883139206,482.91842054599084,166.78780991269142,166.78707028385037,0.8620443197212736,0.862143634627185,0.020887297045203534,47.0,11.0
127,94.0,110.11211848341448,110.11165261030646,482.91842054599084,482.9187537282648,166.78707028385037,166.78683274543545,0.862143634627185,0.8622023919949178,0.023831948319842082,47.0,11.0
128,94.0,110.11165261030646,110.11157264665648,482.9187537282648,482.9187255368635,166.78683274543545,166.78683222683418,0.8622023919949178,0.8622161755885402,0.011109400410652413,47.0,11.0
129,94.0,107.69165005500312,107.69169293393114,479.0850885606691,479.0851034914099,169.84284599277188,169.8429232633896,1.0437280236933844,1.0437376699349619,0.0011702594081238718,48.0,11.0
130,94.0,107.69169293393114,107.69143589282798,479.0851034914099,479.0851363667268,169.8429232633896,169.842681297589,1.0437376699349619,1.04377663912691,0.012488237125163842,48.0,11.0
131,94.0,107.69143589282798,107.69148929285174,479.0851363667268,479.08520677719343,169.842681297589,169.84261873411094,1.04377663912691,1.043793074517301,0.012803527018602818,48.0,11.0
132,94.0,96.4928526236272,96.49168257912501,469.52019793284506,469.51909885906696,169.88325070025058,169.8828839102581,1.5349874586011827,1.5350802758616005,0.019183563903293895,50.0,11.0
133,94.0,96.49168257912501,96.48936306014511,469.51909885906696,469.51714488175367,169.8828839102581,169.88267023998617,1.5350802758616005,1.5352627165759853,0.018854236348190598,50.0,11.0
134,94.0,96.48936306014511,96.4893107901294,469.51714488175367,469.5155511686747,169.88267023998617,169.88434184571548,1.5352627165759853,1.5354125264001608,0.01108269543566052,50.0,11.0
135,94.0,96.4893107901294,96.48903319106635,469.5155511686747,469.51377768044676,169.88434184571548,169.884983843188,1.5354125264001608,1.5355433036732369,0.01236308974728861,50.0,11.0
136,94.0,96.48903319106635,96.48840397375217,469.51377768044676,469.51432801189065,169.884983843188,169.88620126500132,1.5355433036732369,1.5356526062548987,0.011314439634118769,50.0,11.0
137,94.0,96.48840397375217,96.48731115057788,469.51432801189065,469.5142521041116,169.88620126500132,169.8860990006178,1.5356526062548987,1.5357414458240473,0.009399142245093653,50.0,11.0
138,94.0,96.48731115057788,96.48703935876291,469.5142521041116,469.51370971833967,169.8860990006178,169.88558069913455,1.5357414458240473,1.5358120400301636,0.015026604538065256,50.0,11.0
139,94.0,96.48703935876291,96.48725999357107,469.51370971833967,469.5134763939366,169.88558069913455,169.88540853988553,1.5358120400301636,1.5358517997638215,0.02568899572243115,50.0,11.0
140,94.0,96.81143712063196,96.8119966071192,469.7949541337745,469.795314484351,169.95357953565332,169.95375759152537,1.5492282590900461,1.5492917108507178,0.01701469836356826,52.0,11.0
141,94.0,96.8119966071192,96.81188890642332,469.795314484351,469.7954139721056,169.95375759152537,169.9535685839059,1.5492917108507178,1.5493209240608872,0.02019848656269374,52.0,11.0
142,94.0,96.4573193428167,96.45728083880607,469.63697064612205,469.6369629292282,169.65377618930464,169.65374254130666,1.5655503774787762,1.5655571931953263,0.0011374117436581841,54.0,11.0
143,94.0,96.45728083880607,96.45712510818745,469.6369629292282,469.63692775224774,169.65374254130666,169.6537274436351,1.5655571931953263,1.5655790296117245,0.01605898902463636,54.0,11.0
144,94.0,96.57214368132882,96.57220215709009,469.2594606579379,469.2598766397632,170.63769311333036,170.63806618968457,1.6009111756160375,1.6009516077861863,0.0018139074492009742,55.0,11.0
145,94.0,96.57220215709009,96.57204089223389,469.2598766397632,469.2612860491098,170.63806618968457,170.6387155454492,1.6009516077861863,1.6010652059370192,0.017445460946283468,55.0,11.0
146,94.0,96.57204089223389,96.57292938491534,469.2612860491098,469.2616741874498,170.6387155454492,170.63856944519384,1.6010652059370192,1.601147063955519,0.02209285224335715,55.0,11.0
147,94.0,96.57292938491534,96.57280211765745,469.2616741874498,469.2619774387699,170.63856944519384,170.63860991966106,1.601147063955519,1.6011841446224588,0.01800002871133792,55.0,11.0
148,94.0,96.57280211765745,96.572823961679,469.2619774387699,469.26196912261923,170.63860991966106,170.63858720257932,1.6011841446224588,1.601191113317227,0.006334991035581675,55.0,11.0
149,94.0,96.57214407281897,96.57214587035148,469.25946314230197,469.25947070933864,170.637693044698,170.63769308071636,1.6009119980980167,1.6009145646046679,0.0026309284331535966,56.0,11.0
150,94.0,116.7664154469079,116.76641452834508,488.00745928832674,488.00745940730667,156.08172365626007,156.0817253152756,7.694282364849998,7.694335272291869,0.02670279213314238,59.0,1000180400.0
151,94.0,121.04685811481947,121.04685791199832,497.3630689437725,497.36306923811105,154.07035608499194,154.07035644659274,12.373890381258294,12.373911484900152,0.012018321408254606,60.0,1000180400.0
152,94.0,123.6893121980489,123.68931618047142,500.3158443155914,500.3158427653132,151.812906935983,151.81290583485537,14.414282089759373,14.414377616029567,0.04418729280731643,61.0,1000180400.0
153,94.0,122.49460376640863,122.49454068697943,507.4441206392274,507.44417922876454,149.5892178821822,149.5892622904734,17.826348672713635,17.82689624535829,0.24498181267758595,62.0,1000180400.0
154,94.0,128.35881888122722,128.3588417955449,479.1829558460853,479.18292850573624,151.77687643766802,151.77687217633206,31.55213282019293,31.552532707355038,0.16711399094969018,63.0,1000180400.0
155,94.0,89.11351145084929,89.11351143103789,494.5827490428357,494.5827490677696,164.17804595766242,164.17804589103523,53.20535825738922,53.20536410935502,0.003296965359238112,65.0,1000180400.0
156,94.0,86.36804786848901,86.36804597482603,495.73585423370423,495.7358573550273,165.87784888791145,165.8778472986002,54.89402641985481,54.89411525541957,0.041594239243508434,66.0,1000180400.0
157,94.0,85.05383276878707,85.05383278407365,494.55180312726395,494.55180318750456,168.75214743712954,168.75214748027406,56.57235962768173,56.5723655673889,0.003359127099793717,67.0,1000180400.0
158,94.0,72.9661292848093,72.96612724600209,479.45363589925336,479.4535508834206,188.20995148148543,188.20994226707552,70.22599496744817,70.2264560014832,0.1968977162740484,68.0,1000180400.0
159,94.0,74.74570699642737,74.74570711723011,492.3903609040377,492.39036112685545,172.67063719407662,172.67063731558312,80.83048168188053,80.83049571269589,0.008308854013645683,69.0,1000180400.0
160,94.0,73.7758782645721,73.7758781473383,495.7355250972876,495.7355252185187,162.49942958445268,162.4994296034725,86.45946038236997,86.45947041389236,0.0059258313542929755,70.0,1000180400.0
161,94.0,75.91044508012214,75.91045979616092,496.60798512771555,496.6079942923244,148.55564075793262,148.55561845608787,93.87070870974567,93.87105077563768,0.14118788186008896,71.0,1000180400.0
162,94.0,75.73075339094898,75.73072805654193,496.4881987031754,496.4881931691689,148.644065988527,148.64408156423136,93.99785823739451,93.99821599293834,0.14802405671993232,72.0,1000180400.0
163,94.0,76.18701492931596,76.18702152825868,496.3795274832023,496.37952745287083,148.30663718781037,148.30663899653055,94.32670798576126,94.32683790621462,0.05742694678255332,73.0,1000180400.0
164,94.0,70.5077560250727,70.50775533375361,493.4432978655403,493.4432953205651,133.92330887635237,133.92330828161295,103.44802366787418,103.44809142592236,0.032958092668714224,74.0,1000180400.0
165,94.0,69.93342336839792,69.93342330710944,496.4625142620563,496.4625316732466,130.72875636939435,130.72875172349453,106.04431402740443,106.0445673511722,0.10476966336637678,75.0,1000180400.0
166,94.0,68.5037469443212,68.50374834679693,486.0151901361297,486.0151886201734,127.33655640584887,127.33655716402102,112.76566089459575,112.7657195475166,0.029127909430169976,76.0,1000180400.0
167,94.0,66.62223387211037,66.62223401655837,485.15095532694994,485.15095497947397,125.68825493262382,125.68825476446527,114.38815808846688,114.38817630439337,0.010599813188766873,77.0,1000180400.0
168,94.0,49.310775768606035,49.31077461052708,488.5780264671363,488.57802470170645,116.65388479024918,116.65388399361188,126.59208063310128,126.59214034287953,0.029572991324005073,79.0,1000180400.0
169,94.0,45.26625214883956,45.26624348576303,497.6617968251553,497.6618010913277,115.2956790576438,115.29568019434778,132.8356186229325,132.8357844736644,0.07116075511957694,80.0,1000180400.0
170,94.0,53.88595957276033,53.885973118050096,500.3228790143241,500.32288577755514,112.33035842654233,112.33034703089216,138.90448095273763,138.90474304715886,0.10822481213101448,81.0,1000180400.0
171,94.0,45.06982381587583,45.0698240623682,492.1011057102586,492.1011052929366,129.7457276001662,129.74573867846732,153.04904457701213,153.0492262388481,0.07714426960035359,82.0,1000180400.0
172,94.0,18.95200000071094,18.95199778620445,473.22136690361765,473.2213666691161,84.24952181643073,84.24952174560778,191.56472165506275,191.56478083183376,0.029348551083143465,83.0,1000180400.0
173,94.0,31.742680366158602,31.742685194163194,467.8830946296124,467.8830978730446,66.19883196040641,66.19882683615012,207.5002641874322,207.50040588151705,0.06196330192386572,84.0,1000180400.0
174,94.0,31.495623141164703,31.495623244609003,467.32057034863203,467.3205702691513,66.3336037607838,66.33360401797255,207.95402042421793,207.9540347012464,0.008447195610487849,85.0,1000180400.0
175,94.0,29.70043056254459,29.700430508639993,465.11840737331914,465.1184074136355,65.43347449449676,65.4334744545875,210.1130990949427,210.11310515820756,0.0034487767916384325,86.0,1000180400.0
176,94.0,28.799028403905663,28.79902855663793,462.7046129148557,462.7046023698137,65.13928183031967,65.13927772372425,211.99507086564807,211.99525510601293,0.0781239513000715,87.0,1000180400.0
177,94.0,27.686835112258297,27.6868330926582,464.8389313365823,464.8389327034689,66.71212388439558,66.71212333449546,214.16840176530192,214.1684659159251,0.03144131426948908,88.0,1000180400.0
178,94.0,60.48246836925083,60.48247253504924,471.072263111305,471.0722637247997,114.19008231092558,114.19008309580731,258.81218347836943,258.81227701312906,0.04341660661124355,89.0,1000180400.0
179,94.0,51.99103908584017,51.991038978194936,470.08368123089514,470.0836818664525,120.21368885441186,120.21368971835493,267.06072848454005,267.06076394012524,0.019136366704900994,90.0,1000180400.0
180,94.0,37.23061895960198,37.23061118043472,456.59849555580956,456.59849320458306,116.39974158109983,116.39974080675692,283.2997768065083,283.2999236783458,0.06396369765218014,91.0,1000180400.0
181,94.0,81.38375846501047,81.38376821380459,449.2375435965806,449.2375426330503,115.43103415607679,115.4310350257875,320.49431893481983,320.49448610509336,0.07165875835754645,92.0,1000180400.0
182,94.0,10.637641097020424,10.637640823590838,451.1915707980834,451.1915703542953,100.63421235204612,100.63421246792544,383.60816771376864,383.6081895523291,0.012378343686044478,93.0,1000180400.0
183,94.0,103.6620691988744,103.66206639155078,467.9349575871439,467.9348721642558,142.02236966223785,142.0222922774537,5.6331673803854665,5.633840001400772,0.3419922512999253,254.0,1000180400.0
184,94.0,105.32429728742459,105.3242734207493,469.58169223681597,469.5817163706147,145.06547691453156,145.0655689570247,7.1454175418687305,7.145974363458332,0.25069620656032204,255.0,1000180400.0
185,94.0,100.99833066687432,100.99832176971206,473.76716774669046,473.7671930120153,140.0266295704908,140.02659989194348,10.358406920558709,10.358835054548365,0.18053370064411417,257.0,1000180400.0
186,94.0,100.99906673252661,100.99906891480762,473.76799375794764,473.76799390562365,140.02641488326003,140.0264123505023,10.358444949143045,10.358446398461641,0.0015224336064494155,260.0,11.0
187,94.0,101.10749514592678,101.13695441923088,473.8531582913598,473.86579806577686,139.96531531009575,139.93998150818922,10.363473439182055,10.36490087220391,0.15148044122907106,263.0,11.0
188,94.0,101.13695441923088,101.20025392393312,473.86579806577686,473.9033730687585,139.93998150818922,139.92416380621287,10.36490087220391,10.3675575083806,0.1264212108345307,263.0,11.0
189,94.0,101.20025392393312,101.25027692181195,473.9033730687585,473.93390260935865,139.92416380621287,139.94958564689415,10.3675575083806,10.369836426460797,0.11869230968335821,263.0,11.0
190,94.0,101.25027692181195,101.26847814970571,473.93390260935865,473.9449045278965,139.94958564689415,139.99861400904265,10.369836426460797,10.371769255148688,0.186711767418307,263.0,11.0
191,94.0,101.26847814970571,101.23480826696498,473.9449045278965,473.9428300210987,139.99861400904265,140.0155259222625,10.371769255148688,10.373178769959427,0.08575362396716699,263.0,11.0
192,94.0,101.23480826696498,101.22712118517266,473.9428300210987,473.95418211331764,140.0155259222625,140.04323222296267,10.373178769959427,10.374359204330416,0.07059397984333947,263.0,11.0
193,94.0,101.22712118517266,101.2437809313303,473.95418211331764,473.93927972498113,140.04323222296267,140.0556217171328,10.374359204330416,10.37535855441185,0.06687855442401373,263.0,11.0
194,94.0,101.2437809313303,101.26432728854817,473.93927972498113,473.94053509032153,140.0556217171328,140.05417823023976,10.37535855441185,10.376189449727972,0.05408146555935133,263.0,11.0
195,94.0,101.26432728854817,101.27426200621366,473.94053509032153,473.9417293453991,140.05417823023976,140.04063837002695,10.376189449727972,10.376888459890427,0.04551736768402903,263.0,11.0
196,94.0,101.27426200621366,101.2761834844123,473.9417293453991,473.9338471051825,140.04063837002695,140.0294845746865,10.376888459890427,10.377480116726852,0.029095722552453244,263.0,11.0
197,94.0,101.2761834844123,101.26836692223091,473.9338471051825,473.9310956762321,140.0294845746865,140.0208971875353,10.377480116726852,10.378005190293738,0.04668439970261538,263.0,11.0
198,94.0,101.26836692223091,101.26491621169994,473.9310956762321,473.9285765735858,140.0208971875353,140.01284273390354,10.378005190293738,10.378427283583033,0.06088252735138376,263.0,11.0
199,94.0,101.26491621169994,101.2659026803541,473.9285765735858,473.92298109319273,140.01284273390354,140.01158695104158,10.378427283583033,10.378723751867014,0.01593169900481139,263.0,11.0
200,94.0,101.2659026803541,101.26132376833303,473.92298109319273,473.92161224136487,140.01158695104158,140.0131845062144,10.378723751867014,10.37898928103034,0.020228571553052885,263.0,11.0
201,94.0,101.26132376833303,101.26255362582316,473.92161224136487,473.91894551352505,140.0131845062144,140.0160538568577,10.37898928103034,10.379216833466083,0.01649072292311755,263.0,11.0
202,94.0,101.26255362582316,101.26342065370771,473.91894551352505,473.9156691049905,140.0160538568577,140.01586217610975,10.379216833466083,10.379414533700766,0.02221321597566748,263.0,11.0
203,94.0,101.26342065370771,101.2611753326172,473.9156691049905,473.91457065945144,140.01586217610975,140.01608328765272,10.379414533700766,10.37957344097548,0.014704525329815279,263.0,11.0
204,94.0,101.2611753326172,101.25923789842878,473.91457065945144,473.91490250427535,140.01608328765272,140.01610788345906,10.37957344097548,10.379707074559853,0.012731122746553625,263.0,11.0
205,94.0,101.25923789842878,101.25867987729731,473.91490250427535,473.916225272105,140.01610788345906,140.01660979992522,10.379707074559853,10.379818656841561,0.018456071364546793,263.0,11.0
206,94.0,101.25867987729731,101.25798324420182,473.916225272105,473.91586783596415,140.01660979992522,140.01707550502107,10.379818656841561,10.37989632209278,0.013800155045696443,263.0,11.0
207,94.0,101.25798324420182,101.25809047529239,473.91586783596415,473.9154211729918,140.01707550502107,140.01724780271383,10.37989632209278,10.37994580532118,0.015993427637935625,263.0,11.0
208,94.0,101.25809047529239,101.25801771723033,473.9154211729918,473.9154195880413,140.01724780271383,140.01713543384133,10.37994580532118,10.37996496360213,0.014474385456507345,263.0,11.0
209,94.0,101.9888088421595,101.98873075703683,456.5250231433389,456.5242390948632,150.8679940582436,150.86768859845668,11.04700266403647,11.04705808224576,0.0025714991851034435,264.0,11.0
210,94.0,101.98873075703683,101.98862863944703,456.5242390948632,456.5223488734795,150.86768859845668,150.86671633098658,11.04705808224576,11.047199415074273,0.013783857348044536,264.0,11.0
211,94.0,101.98862863944703,101.98994478728622,456.5223488734795,456.52314602833184,150.86671633098658,150.86728014399853,11.047199415074273,11.047317001364869,0.01380221759599766,264.0,11.0
212,94.0,101.98994478728622,101.99109868682281,456.52314602833184,456.5232811515757,150.86728014399853,150.86711380388905,11.047317001364869,11.047409991740894,0.015740952372549993,264.0,11.0
213,94.0,101.99109868682281,101.99078878072669,456.5232811515757,456.52318996938357,150.86711380388905,150.86652614692025,11.047409991740894,11.04747220998686,0.021727117938901325,264.0,11.0
214,94.0,101.99078878072669,101.99067489300816,456.52318996938357,456.523152807367,150.86652614692025,150.86645259273334,11.04747220998686,11.047492057544893,0.014887462452325067,264.0,11.0
215,94.0,102.49750726341067,102.49736858823125,458.33207014195006,458.33216919902605,153.36714078044466,153.36734005269372,11.151264402625342,11.151287029963017,0.002920686561968461,266.0,11.0
216,94.0,102.49736858823125,102.4968507120594,458.33216919902605,458.3324191447615,153.36734005269372,153.36786696445796,11.151287029963017,11.151356468527332,0.013715827958231612,266.0,11.0
217,94.0,102.4968507120594,102.49665182724193,458.3324191447615,458.3321164189721,153.36786696445796,153.36799124522707,11.151356468527332,11.151397709171011,0.017078510508663575,266.0,11.0
218,94.0,102.49665182724193,102.49666846066611,458.3321164189721,458.33215697733385,153.36799124522707,153.3680366009175,11.151397709171011,11.151408858287725,0.009350027414388777,266.0,11.0
219,94.0,103.31512699787247,103.31514197133717,459.7082229718659,459.70821771476284,151.9097388847822,151.90973353624483,11.223475329519633,11.223479694058836,0.0042374164244207,269.0,11.0
220,94.0,102.00169583523856,102.00159853929256,461.42885193155337,461.42911981508917,145.55686570407346,145.55665545451242,11.44735565728924,11.447394596228904,0.01896792005532562,271.0,11.0
221,94.0,102.00159853929256,102.00158121643922,461.42911981508917,461.42909342919575,145.55665545451242,145.55666261490842,11.447394596228904,11.447401530346125,0.00630860653190346,271.0,11.0
222,94.0,100.69182017459543,100.69182336971838,460.2513070401531,460.25128918403436,145.6337060304257,145.63367927202728,11.50615231752988,11.50615924577945,0.006304096139080303,272.0,11.0
223,94.0,100.52438709625257,100.5243857305038,459.9147034423292,459.9147048872225,146.0837790661887,146.08377896240003,11.52571157084584,11.525712598927804,0.001069453717282111,273.0,11.0
224,94.0,100.36650759223258,100.36650195891718,459.19725130355346,459.19723479720307,146.47107718498754,146.4710590836914,11.553414204729474,11.553420006503067,0.005421387944795622,274.0,11.0
225,94.0,100.41611491762413,100.41610739963977,459.2879250971837,459.28793463564,146.8225693168592,146.8225736014311,11.565637395476587,11.565641030289665,0.003606654988575835,276.0,11.0
226,94.0,100.77081440266083,100.77044605161055,459.0699395239978,459.06966754520136,147.31284362243068,147.31338767705412,11.587090836557865,11.587139178231368,0.0018387311666060815,277.0,11.0
227,94.0,100.77044605161055,100.76940507360912,459.06966754520136,459.06884782925164,147.31338767705412,147.3147492603571,11.587139178231368,11.587269638052897,0.014433459210608167,277.0,11.0
228,94.0,100.76940507360912,100.77049154385416,459.06884782925164,459.0683085563566,147.3147492603571,147.31404910215966,11.587269638052897,11.587374946144763,0.010654318913695258,277.0,11.0
229,94.0,100.77049154385416,100.77050630563927,459.0683085563566,459.06784633036375,147.31404910215966,147.31310835308295,11.587374946144763,11.58746079065002,0.01074689186394163,277.0,11.0
230,94.0,100.77050630563927,100.7702177776982,459.06784633036375,459.06791161335923,147.31310835308295,147.31374950995772,11.58746079065002,11.587525392904366,0.015864702805495526,277.0,11.0
231,94.0,100.7702177776982,100.77005705069284,459.06791161335923,459.0677550565614,147.31374950995772,147.3135893934707,11.587525392904366,11.587557793099833,0.021908219196841446,277.0,11.0
232,94.0,100.7708151271853,100.77081833092078,459.06993907899613,459.06993768548637,147.31284579432787,147.31285251405882,11.58709160857188,11.587094128702532,0.0025870469964238622,278.0,11.0
233,94.0,91.52658731451277,91.52657278896419,455.95200267939043,455.9519890900466,160.07920598515767,160.079215967903,27.214577935338653,27.21486997835249,0.12023879627882723,282.0,1000180400.0
234,94.0,100.62210767386179,100.62210769768973,461.02198102500216,461.02198099324204,159.02505153956298,159.02505147536533,33.681603575204946,33.68160950655718,0.0033531562912475906,283.0,1000180400.0
235,94.0,109.24480504921061,109.24480522085187,467.91497275429174,467.9149727351828,160.85731626132025,160.85731600823496,40.60434847001289,40.60436334434863,0.008785003430804844,284.0,1000180400.0
236,94.0,116.4126093327473,116.41262101037437,477.4214179940669,477.4214329135267,169.36396526075458,169.36396927196094,49.685773219265975,49.68603919554253,0.10976269052863306,285.0,1000180400.0
237,94.0,109.55215501845905,109.55214028335554,468.9288091146139,468.9287999010834,171.82777053452148,171.82777058454712,56.929342013769734,56.92958917555145,0.10235768488676748,286.0,1000180400.0
238,94.0,117.02080120253154,117.02081755592148,470.53051794316553,470.5305162159665,173.5814845162074,173.5814878166032,62.222247193312455,62.2224884555817,0.10005982844820847,287.0,1000180400.0
239,94.0,49.63203621221504,49.63202495580865,501.643875607652,501.6438847018956,162.42774100421062,162.42773689740497,115.27053489796856,115.27075887602032,0.09338681471246855,288.0,1000180400.0
240,94.0,57.75797807061447,57.757978048851385,490.10678115111796,490.10678070836775,168.23827089773096,168.2382727603562,126.57014248870244,126.57019568191039,0.026823693426577012,289.0,1000180400.0
241,94.0,67.65645454940845,67.65645420340877,480.8167251647211,480.81672480123115,156.53718108225797,156.5371806993225,140.02996103113523,140.0299855700534,0.013700902652218806,290.0,1000180400.0
242,94.0,68.17139987004256,68.17141327704441,480.7755166181735,480.7755162957577,156.43682269058556,156.43682061802514,140.42812665460883,140.4283353926223,0.08750167266689603,291.0,1000180400.0
243,94.0,53.04969521180158,53.049683853634406,480.25909269969117,480.25909167350136,158.16029390387232,158.16029404774767,152.54272971662246,152.54291494319367,0.07849897570782059,292.0,1000180400.0
244,94.0,68.25851706167491,68.25851753601188,482.5346700464438,482.5346699354788,159.61607819735374,159.61607753700702,165.45784511609352,165.4578745377745,0.016105336326074332,293.0,1000180400.0
245,94.0,72.09669664098053,72.09670199670705,484.82539077857456,484.8253915124716,166.7135876453614,166.7135941551994,172.54729338287777,172.54744394658402,0.06539264583998616,294.0,1000180400.0
246,94.0,51.92261042977596,51.9226074794462,487.8765815299474,487.87658121134353,150.18197948013872,150.18197412335357,195.8027103925937,195.80283063151134,0.05370413681827643,295.0,1000180400.0
247,94.0,53.82280711689019,53.82280870670009,492.18132078785567,492.18132143334196,169.3887597839536,169.38876096531322,214.06345846145547,214.06351490927966,0.02819840540425846,296.0,1000180400.0
248,94.0,94.49137274678749,94.39088308798407,502.3378179222408,502.47470709399175,155.80782510555994,155.81446082921659,1.3930168738829383,1.3987216307536516,0.23694304337306799,413.0,11.0
249,94.0,94.39088308798407,94.17175873601558,502.47470709399175,502.74977949260835,155.81446082921659,155.80699285873624,1.3987216307536516,1.4105382459508853,0.7666239669614564,413.0,11.0
250,94.0,94.17175873601558,94.08447772690998,502.74977949260835,502.92638421380786,155.80699285873624,155.6193968103183,1.4105382459508853,1.4197076701320197,0.5683311645112077,413.0,11.0
251,94.0,94.08447772690998,93.94604717414195,502.92638421380786,502.94502416409415,155.6193968103183,155.4576817912547,1.4197076701320197,1.4269426027946128,0.4016543958277297,413.0,11.0
252,94.0,93.94604717414195,93.82865620272744,502.94502416409415,503.0326145897355,155.4576817912547,155.3654534882767,1.4269426027946128,1.4328328885796997,0.4256507722937614,413.0,11.0
253,94.0,93.82865620272744,93.81893884946173,503.0326145897355,503.0214713747071,155.3654534882767,155.27855473083315,1.4328328885796997,1.4358596104071126,0.16574408926157352,413.0,11.0
254,94.0,93.81893884946173,93.78712278081082,503.0214713747071,503.0462672549071,155.27855473083315,155.2239106348651,1.4358596104071126,1.4382722983055325,0.1443750318430861,413.0,11.0
255,94.0,93.78712278081082,93.76569967960049,503.0462672549071,503.09102885199457,155.2239106348651,155.24792546337613,1.4382722983055325,1.440261125354046,0.12075665875729714,413.0,11.0
256,94.0,93.76569967960049,93.73075509687882,503.09102885199457,503.1188749226343,155.24792546337613,155.24477688563954,1.440261125354046,1.4419063050173697,0.21594901797701074,413.0,11.0
257,94.0,93.73075509687882,93.72544412780796,503.1188749226343,503.14473688887074,155.24477688563954,155.25250228157054,1.4419063050173697,1.4429719474734755,0.12067823178357336,413.0,11.0
258,94.0,93.72544412780796,93.72836692515014,503.14473688887074,503.15473615899754,155.25250228157054,155.2370401422642,1.4429719474734755,1.4437339720444748,0.05608171166974932,413.0,11.0
259,94.0,93.72836692515014,93.72250862505938,503.15473615899754,503.1531588348341,155.2370401422642,155.2235290902682,1.4437339720444748,1.4443617505120117,0.07020442463659475,413.0,11.0
260,94.0,93.72250862505938,93.7224695102888,503.1531588348341,503.15976293860376,155.2235290902682,155.21554555722898,1.4443617505120117,1.444829686904706,0.03409053601767057,413.0,11.0
261,94.0,93.7224695102888,93.72841620506514,503.15976293860376,503.15685308020574,155.21554555722898,155.21041910327975,1.444829686904706,1.4452240133762333,0.03247093765639912,413.0,11.0
262,94.0,93.72841620506514,93.72418749924887,503.15685308020574,503.15210672813737,155.21041910327975,155.20861790437863,1.4452240133762333,1.445551179075339,0.0310296088453575,413.0,11.0
263,94.0,93.72418749924887,93.72083354333934,503.15210672813737,503.1491280162809,155.20861790437863,155.2062916534966,1.445551179075339,1.4458172675433183,0.024091896643378272,413.0,11.0
264,94.0,93.72083354333934,93.72171495634059,503.1491280162809,503.1454326549845,155.2062916534966,155.20736544173894,1.4458172675433183,1.4460382705052193,0.018629384174726617,413.0,11.0
265,94.0,93.72171495634059,93.72091730102456,503.1454326549845,503.14453390218443,155.20736544173894,155.2102871450742,1.4460382705052193,1.4462258626164188,0.01748478449918059,413.0,11.0
266,94.0,93.72091730102456,93.72041059288212,503.14453390218443,503.14592177829053,155.2102871450742,155.21226910786663,1.4462258626164188,1.446383079290632,0.012803455390822104,413.0,11.0
267,94.0,93.72041059288212,93.72057889002272,503.14592177829053,503.1439404766684,155.21226910786663,155.21206573348218,1.446383079290632,1.4465182913502164,0.008181827841560744,413.0,11.0
268,94.0,93.72057889002272,93.72055802582567,503.1439404766684,503.1422462240938,155.21206573348218,155.21229168800198,1.4465182913502164,1.4466394123726116,0.01566936393434534,413.0,11.0
269,94.0,93.72055802582567,93.71999890949965,503.1422462240938,503.1432352563208,155.21229168800198,155.21260731374608,1.4466394123726116,1.4467327116051039,0.01400612246297085,413.0,11.0
270,94.0,93.71999890949965,93.72006658725017,503.1432352563208,503.14376845065215,155.21260731374608,155.21310002779583,1.4467327116051039,1.4467988392192568,0.014176579734647492,413.0,11.0
271,94.0,93.72006658725017,93.72011762012797,503.14376845065215,503.1440758287457,155.21310002779583,155.21321318215377,1.4467988392192568,1.4468359314195829,0.02434089821848838,413.0,11.0
272,94.0,94.49137274678749,94.43951992338232,502.3378179222408,502.48013900519675,155.80782510555994,155.76995816886426,1.3930168738829383,1.3982637030852545,0.23459961861186188,414.0,-11.0
273,94.0,94.43951992338232,94.39676984652921,502.48013900519675,502.6162682333323,155.76995816886426,155.74502722038082,1.3982637030852545,1.4031356060327003,0.2586166196660356,414.0,-11.0
274,94.0,94.39676984652921,94.21493208512885,502.6162682333323,502.844760916216,155.74502722038082,155.72876985889647,1.4031356060327003,1.4129847374244557,0.5705749795511277,414.0,-11.0
275,94.0,94.21493208512885,94.2339062671035,502.844760916216,503.04526547765124,155.72876985889647,155.61124624625012,1.4129847374244557,1.420867366701776,0.48067184880826536,414.0,-11.0
276,94.0,94.2339062671035,94.11183237162007,503.04526547765124,503.1644091049314,155.61124624625012,155.67998415640787,1.420867366701776,1.4271176020435918,0.4260146114194844,414.0,-11.0
277,94.0,94.11183237162007,94.09772878608939,503.1644091049314,503.224165582374,155.67998415640787,155.8054446605218,1.4271176020435918,1.431902743760599,0.2712145561372413,414.0,-11.0
278,94.0,94.09772878608939,94.11120994358052,503.224165582374,503.23296794904024,155.8054446605218,155.82629620997812,1.431902743760599,1.4328126107754808,0.03312261478526049,414.0,-11.0
279,94.0,94.11120994358052,94.12713395753988,503.23296794904024,503.3082848987521,155.82629620997812,155.8813109118335,1.4328126107754808,1.4361098658373586,0.1894745957203342,414.0,-11.0
280,94.0,94.12713395753988,94.1565715081961,503.3082848987521,503.3072723451519,155.8813109118335,155.95223384882047,1.4361098658373586,1.4388177519778835,0.1855948680395829,414.0,-11.0
281,94.0,94.1565715081961,94.12804113007329,503.3072723451519,503.3564800571915,155.95223384882047,155.97090313159913,1.4388177519778835,1.4409648647996443,0.15943989098809766,414.0,-11.0
282,94.0,94.12804113007329,94.15589466078202,503.3564800571915,503.3287668216368,155.97090313159913,155.94721052467415,1.4409648647996443,1.4426470521996322,0.14725817418985085,414.0,-11.0
283,94.0,94.15589466078202,94.18147278488638,503.3287668216368,503.3158910155197,155.94721052467415,155.92963283769924,1.4426470521996322,1.443917920568391,0.14544360681616572,414.0,-11.0
284,94.0,94.18147278488638,94.18144697091245,503.3158910155197,503.33126148069096,155.92963283769924,155.94584213641778,1.443917920568391,1.444806255483151,0.04739020899271327,414.0,-11.0
285,94.0,94.18144697091245,94.1727213099066,503.33126148069096,503.3307912534941,155.94584213641778,155.96260283395395,1.444806255483151,1.4455758470963693,0.04067300540173956,414.0,-11.0
286,94.0,94.1727213099066,94.15977238215328,503.3307912534941,503.3322653149955,155.96260283395395,155.97202276966746,1.4455758470963693,1.4462468627224219,0.03654634273424028,414.0,-11.0
287,94.0,94.15977238215328,94.14678871243552,503.3322653149955,503.3363176393418,155.97202276966746,155.97087282593114,1.4462468627224219,1.446831826701463,0.044413109758698395,414.0,-11.0
288,94.0,94.14678871243552,94.14238159331886,503.3363176393418,503.3462013788174,155.97087282593114,155.9717111815489,1.446831826701463,1.4473160662883484,0.027053102663808854,414.0,-11.0
289,94.0,94.14238159331886,94.1354790856563,503.3462013788174,503.35116389319035,155.9717111815489,155.96806739320076,1.4473160662883484,1.4477413366590328,0.02982382968518405,414.0,-11.0
290,94.0,94.1354790856563,94.1304627508337,503.35116389319035,503.34653970882334,155.96806739320076,155.97136426803772,1.4477413366590328,1.4481039583515307,0.03049029215549525,414.0,-11.0
291,94.0,94.1304627508337,94.13261371503616,503.34653970882334,503.3409520518083,155.97136426803772,155.97139281639951,1.4481039583515307,1.4484054447214252,0.01828475827788353,414.0,-11.0
292,94.0,94.13261371503616,94.13454996624128,503.3409520518083,503.33785586153147,155.97139281639951,155.97495074277603,1.4484054447214252,1.4486718570198573,0.01549198497607581,414.0,-11.0
293,94.0,94.13454996624128,94.13553048984346,503.33785586153147,503.33358336194135,155.97495074277603,155.97510360328354,1.4486718570198573,1.4489095621089152,0.02596806913558072,414.0,-11.0
294,94.0,94.13553048984346,94.13642952929682,503.33358336194135,503.3314152773667,155.97510360328354,155.9728091702623,1.4489095621089152,1.4491013353527207,0.01632367330343853,414.0,-11.0
295,94.0,94.13642952929682,94.13680030795884,503.3314152773667,503.3291133462952,155.9728091702623,155.97155440272894,1.4491013353527207,1.4492655878888645,0.04273143727981633,414.0,-11.0
296,94.0,94.13680030795884,94.13689619711405,503.3291133462952,503.3293551375456,155.97155440272894,155.97270575631967,1.4492655878888645,1.4493591201253668,0.018852007836592955,414.0,-11.0
297,94.0,94.13689619711405,94.13664869287007,503.3293551375456,503.3290992330375,155.97270575631967,155.97318201311833,1.4493591201253668,1.4494165583158514,0.031214721887793635,414.0,-11.0
298,94.0,94.13664869287007,94.13665556326828,503.3290992330375,503.3291004627834,155.97318201311833,155.97318644168854,1.4494165583158514,1.4494194878562547,0.002278443694227344,414.0,-11.0
299,94.0,94.7158907291603,94.71682147010554,503.7205013642115,503.7209033773215,155.74961941895944,155.7500561431085,1.4739015985558865,1.473968583288632,0.004468151272835814,419.0,11.0
300,94.0,94.71682147010554,94.7193396347498,503.7209033773215,503.7219430223119,155.7500561431085,155.74972785815055,1.473968583288632,1.4741380047291361,0.03056028970270181,419.0,11.0
301,94.0,94.7193396347498,94.7202610851287,503.7219430223119,503.72102934177036,155.74972785815055,155.75070200800423,1.4741380047291361,1.4742547753846682,0.013204750476165084,419.0,11.0
302,94.0,94.7202610851287,94.71974590226931,503.72102934177036,503.7217304818246,155.75070200800423,155.75149597927788,1.4742547753846682,1.4743480031977614,0.027311234610867867,419.0,11.0
303,94.0,94.71974590226931,94.71979488778967,503.7217304818246,503.7213851175649,155.75149597927788,155.75154039433875,1.4743480031977614,1.474386737707637,0.018645271655569527,419.0,11.0
304,94.0,94.71979488778967,94.71980804749084,503.7213851175649,503.72140842591307,155.75154039433875,155.75156182042093,1.474386737707637,1.4743939608324643,0.006528214688921924,419.0,11.0
305,94.0,96.77879457228673,96.7784074292117,505.15401626865844,505.1548155562692,151.9159499490387,151.9153879861912,1.6267873779275193,1.6268530053800438,0.0027774715279675352,421.0,11.0
306,94.0,96.7784074292117,96.77726668758496,505.1548155562692,505.1568903267597,151.9153879861912,151.91449764479088,1.6268530053800438,1.6270128253413343,0.01718772578326066,421.0,11.0
307,94.0,96.77726668758496,96.77695055906683,505.1568903267597,505.15875690097283,151.91449764479088,151.9143920577777,1.6270128253413343,1.6271431030852408,0.00922825354265195,421.0,11.0
308,94.0,96.77695055906683,96.77751168540917,505.15875690097283,505.1601248464669,151.9143920577777,151.9149314676311,1.6271431030852408,1.627257401400469,0.01714403923218382,421.0,11.0
309,94.0,96.77751168540917,96.7775017429298,505.1601248464669,505.16077859804346,151.9149314676311,151.91569232471545,1.627257401400469,1.6273406039778027,0.012667948145249939,421.0,11.0
310,94.0,96.7775017429298,96.77781731843979,505.16077859804346,505.16040193598957,151.91569232471545,151.91604654686924,1.6273406039778027,1.6273983662756153,0.03210399560635229,421.0,11.0
311,94.0,96.77781731843979,96.77782101320811,505.16040193598957,505.1603997105511,151.91604654686924,151.91605146746076,1.6273983662756153,1.6274006464005168,0.002357413532490034,421.0,11.0
312,94.0,118.49533666549128,118.49535093230097,495.98747567984503,495.9875101116501,140.53013883556963,140.5301272237017,2.499982922954957,2.499990842799037,0.007050103034624583,422.0,11.0
313,94.0,122.97625950626585,122.97626348916074,492.46556037027756,492.4655625538887,138.57519608511174,138.5751998398248,2.7009636829570045,2.700965806059151,0.002204491290255982,423.0,11.0
314,94.0,144.97993742000432,144.98001425408856,470.704452794208,470.7042711458277,124.05746925006335,124.05755923510492,3.8411907882983076,3.8412179793094805,0.01908913609948579,424.0,11.0
315,94.0,145.87796616235104,145.87939857233195,470.43391410421873,470.4335883294631,123.22419496031247,123.22305482418969,3.883029911025739,3.88313161163946,0.004472250461169762,426.0,11.0
316,94.0,145.87939857233195,145.88250732198918,470.4335883294631,470.43241328899364,123.22305482418969,123.22060806695181,3.88313161163946,3.8833600402779904,0.01603330099237502,426.0,11.0
317,94.0,145.88250732198918,145.88489525037892,470.43241328899364,470.4300781570067,123.22060806695181,123.22140473377263,3.8833600402779904,3.8835594035072827,0.024114017185490853,426.0,11.0
318,94.0,145.88489525037892,145.8854475311575,470.4300781570067,470.4318419903101,123.22140473377263,123.22304717653512,3.8835594035072827,3.883716644149912,0.011743276400951881,426.0,11.0
319,94.0,145.8854475311575,145.88652002927734,470.4318419903101,470.433573789932,123.22304717653512,123.22309325070708,3.883716644149912,3.8838536992927595,0.015482595439617369,426.0,11.0
320,94.0,145.88652002927734,145.88525422388892,470.433573789932,470.4343680852404,123.22309325070708,123.22304868969113,3.8838536992927595,3.8839639486491007,0.015113435868667884,426.0,11.0
321,94.0,145.88525422388892,145.88517903296355,470.4343680852404,470.43507044859945,123.22304868969113,123.22374837737227,3.8839639486491007,3.8840466222133427,0.018405551820997318,426.0,11.0
322,94.0,145.88517903296355,145.88509831820755,470.43507044859945,470.4354477390135,123.22374837737227,123.22354639225368,3.8840466222133427,3.884091954656354,0.018218861741078254,426.0,11.0
323,94.0,145.88509831820755,145.8850464449108,470.4354477390135,470.43549881792217,123.22354639225368,123.22355704929737,3.884091954656354,3.884104404159181,0.010228442689032977,426.0,11.0
324,94.0,145.12562855781272,145.1256531504858,478.53047791524193,478.5305200626869,127.62137101800666,127.62149004411913,4.191383738990508,4.19139732353896,0.0012446308600191725,427.0,11.0
325,94.0,145.1256531504858,145.12569282879537,478.5305200626869,478.5306111223905,127.62149004411913,127.6218572788069,4.19139732353896,4.191438365205125,0.020464355242307622,427.0,11.0
326,94.0,145.12569282879537,145.1257047373491,478.5306111223905,478.5305969251225,127.6218572788069,127.62187913404962,4.191438365205125,4.191444727703712,0.005865140833556905,427.0,11.0
327,94.0,145.06536892447141,145.06533166800412,478.58170229398837,478.5817157237704,127.5755989232764,127.5756249733201,4.194434699556424,4.194443791574868,0.007907205608136602,428.0,11.0
328,94.0,143.79288306474425,143.792853339465,484.97896936533664,484.9788495034951,112.9171779240611,112.91697867377263,4.729611472656947,4.72964025786146,0.019965246297179075,429.0,11.0
329,94.0,142.70542955804868,142.70540383178812,484.30064961703204,484.3004351823755,112.62704502019578,112.626992304754,4.773443658584264,4.773471352723688,0.019366892634879746,430.0,11.0
330,94.0,142.4392548003874,142.43923347817943,491.47396409862466,491.4739543295358,108.62200310254586,108.62198510170478,5.04841207508386,5.048418579752965,0.005976231680065393,433.0,11.0
331,94.0,146.67054534518041,146.6693430654662,494.86539643232874,494.8663887188548,109.01994879632484,109.01951218224413,5.232775257065809,5.232891838935755,0.021849978248045944,437.0,11.0
332,94.0,146.6693430654662,146.6696091741529,494.8663887188548,494.8662846498602,109.01951218224413,109.02035909115288,5.232891838935755,5.232968449370952,0.011699139390029836,437.0,11.0
333,94.0,146.6696091741529,146.66953289371412,494.8662846498602,494.86585527132104,109.02035909115288,109.02066866805035,5.232968449370952,5.233021170560158,0.01397402096769708,437.0,11.0
334,94.0,146.66953289371412,146.66965035782147,494.86585527132104,494.86577640220014,109.02066866805035,109.02053188533905,5.233021170560158,5.23304651186335,0.018058021923800113,437.0,11.0
335,94.0,146.6704849737022,146.67048661919006,494.8499808170398,494.84998688223385,109.01888449491574,109.01888093305402,5.233232788729102,5.233235228441866,0.002510588865677329,440.0,11.0
336,94.0,86.99350426145605,86.987319273012,498.50232884531596,498.4987121308388,158.73022393438004,158.7344176775419,1.751333859104549,1.751678671360806,0.0199660113357484,443.0,11.0
337,94.0,86.987319273012,86.97459353936539,498.4987121308388,498.4942175522234,158.7344176775419,158.74192400673104,1.751678671360806,1.7523287744148677,0.043291714084331856,443.0,11.0
338,94.0,86.97459353936539,86.96383315551506,498.4942175522234,498.5004660654964,158.74192400673104,158.74399243429949,1.7523287744148677,1.7528783201101028,0.035916468823403026,443.0,11.0
339,94.0,86.96383315551506,86.9657207940493,498.5004660654964,498.493294482534,158.74399243429949,158.73671531295128,1.7528783201101028,1.7533473126839674,0.0351204380415934,443.0,11.0
340,94.0,86.9657207940493,86.96993567894809,498.493294482534,498.50028196239066,158.73671531295128,158.73844806080066,1.7533473126839674,1.7537404758184185,0.028995941208169396,443.0,11.0
341,94.0,86.96993567894809,86.97255297863492,498.50028196239066,498.50609867511287,158.73844806080066,158.74068896827023,1.7537404758184185,1.754073561321437,0.023854337370301817,443.0,11.0
342,94.0,86.97255297863492,86.97527556745881,498.50609867511287,498.5016319181617,158.74068896827023,158.73885443417748,1.754073561321437,1.7543591726147498,0.018275120772194235,443.0,11.0
343,94.0,86.97527556745881,86.97206773728753,498.5016319181617,498.4994557714423,158.73885443417748,158.73625431302222,1.7543591726147498,1.7546097249265744,0.06538478385700282,443.0,11.0
344,94.0,86.97206773728753,86.97190378952476,498.4994557714423,498.49770820431786,158.73625431302222,158.7353401300066,1.7546097249265744,1.7547439923776518,0.01456928473354532,443.0,11.0
345,94.0,86.97190378952476,86.97084815287296,498.49770820431786,498.4974374483663,158.7353401300066,158.7363279561477,1.7547439923776518,1.754852987793012,0.011655461282684744,443.0,11.0
346,94.0,86.97084815287296,86.97014773896633,498.4974374483663,498.49826258224283,158.7363279561477,158.7363765959736,1.754852987793012,1.7549408640424673,0.013500667756637155,443.0,11.0
347,94.0,86.97014773896633,86.97004838253287,498.49826258224283,498.49763017248324,158.7363765959736,158.73651481926476,1.7549408640424673,1.755002017629789,0.013736085312853762,443.0,11.0
348,94.0,86.97004838253287,86.96997047768699,498.49763017248324,498.49760541024733,158.73651481926476,158.73678861410244,1.755002017629789,1.7550352819803616,0.015752392017581298,443.0,11.0
349,94.0,86.96997047768699,86.9699487132862,498.49760541024733,498.49760288462505,158.73678861410244,158.73681593050264,1.7550352819803616,1.7550426140848372,0.006610524743286619,443.0,11.0
350,94.0,87.1593998682006,87.15944342122542,498.6023186863052,498.60230605354656,158.65516864451746,158.65507436344743,1.758263055444538,1.758274711448763,0.0010392240178367913,444.0,11.0
351,94.0,87.15944342122542,87.15954550514769,498.60230605354656,498.6022213389727,158.65507436344743,158.65479161593663,1.758274711448763,1.758310216670576,0.012458962895523118,444.0,11.0
352,94.0,87.15954550514769,87.15952811996968,498.6022213389727,498.602291860941,158.65479161593663,158.6547489139835,1.758310216670576,1.7583239379496225,0.011068652219840373,444.0,11.0
353,94.0,93.941477882429,93.94147232360382,507.07598470113714,507.07600767775796,167.18014727579492,167.18021880708946,2.2186272745129565,2.2186399369072936,0.010370296720425824,445.0,11.0
354,94.0,93.94147994953926,93.94147968787809,507.07597470614155,507.0759712428188,167.1801209423481,167.18011536903856,2.2186237929358414,2.2186260786621856,0.0023628264800685554,446.0,11.0
355,94.0,99.31977828216462,99.32018150024359,510.3585395428975,510.3593496360627,163.49245814640972,163.49108997142721,2.4621480377169855,2.4622406322591144,0.00453602451022419,450.0,11.0
356,94.0,99.32018150024359,99.32152903762476,510.3593496360627,510.36039073564996,163.49108997142721,163.48788733325065,2.4622406322591144,2.462448200984531,0.018414319737750366,450.0,11.0
357,94.0,99.32152903762476,99.32382943943507,510.36039073564996,510.3591920150001,163.48788733325065,163.48911667397306,2.462448200984531,2.4626232123461005,0.009613675211217648,450.0,11.0
358,94.0,99.32382943943507,99.32479541405857,510.3591920150001,510.35689110939967,163.48911667397306,163.48922677044726,2.4626232123461005,2.462781599355128,0.025264227342174157,450.0,11.0
359,94.0,99.32479541405857,99.3232316093593,510.35689110939967,510.3568287411542,163.48922677044726,163.48947665594523,2.462781599355128,2.4628964572847285,0.014734874597270171,450.0,11.0
360,94.0,99.3232316093593,99.3222120444765,510.3568287411542,510.35705806192834,163.48947665594523,163.48916033768558,2.4628964572847285,2.462984818238514,0.01687811566556632,450.0,11.0
361,94.0,99.3222120444765,99.32216722527457,510.35705806192834,510.3568026951819,163.48916033768558,163.4896591808214,2.462984818238514,2.463039507240943,0.014062551142235875,450.0,11.0
362,94.0,99.32216722527457,99.32200207390004,510.3568026951819,510.35691910965335,163.4896591808214,163.4895904992131,2.463039507240943,2.4630663891617313,0.018917924977290536,450.0,11.0
363,94.0,99.31977665703755,99.31977236073874,510.35853986184054,510.3585419476678,163.4924599874002,163.4924651266769,2.4621488468810377,2.4621512382992687,0.002464456309730862,451.0,11.0
364,94.0,97.30118931829033,97.30205330133967,500.34347167359357,500.3410061844669,157.0444880446126,157.0448169947832,1.5820211232037076,1.5821536418394748,0.005812439935533091,454.0,11.0
365,94.0,97.30205330133967,97.3061365745991,500.3410061844669,500.3368256027178,157.0448169947832,157.0445969962214,1.5821536418394748,1.5824512521880227,0.02125040901594511,454.0,11.0
366,94.0,97.3061365745991,97.30603515122603,500.3368256027178,500.332394439227,157.0445969962214,157.04271692423762,1.5824512521880227,1.5827077504885998,0.020473634844439485,454.0,11.0
367,94.0,97.30603515122603,97.30448515425788,500.332394439227,500.3356599742905,157.04271692423762,157.0441433230091,1.5827077504885998,1.5829261749986157,0.026623068798956415,454.0,11.0
368,94.0,97.30448515425788,97.30537557570047,500.3356599742905,500.33829560347147,157.0441433230091,157.0442321416412,1.5829261749986157,1.5830973405255162,0.012343238539168255,454.0,11.0
369,94.0,97.30537557570047,97.30573061179089,500.33829560347147,500.3405768430679,157.0442321416412,157.04411635480807,1.5830973405255162,1.5832472161157984,0.012375497925164384,454.0,11.0
370,94.0,97.30573061179089,97.30745165788315,500.3405768430679,500.3400654282565,157.04411635480807,157.0446094849276,1.5832472161157984,1.5833758365827793,0.010351167767754983,454.0,11.0
371,94.0,97.30745165788315,97.3063952504996,500.3400654282565,500.33986586391165,157.0446094849276,157.04565915389585,1.5833758365827793,1.5834864736944314,0.012971420609588207,454.0,11.0
372,94.0,97.3063952504996,97.30571227707892,500.33986586391165,500.34062022759446,157.04565915389585,157.0453255587948,1.5834864736944314,1.5835736283332271,0.013675378313977025,454.0,11.0
373,94.0,97.30571227707892,97.3053760239359,500.34062022759446,500.3406339816285,157.0453255587948,157.0458676027542,1.5835736283332271,1.583633625135659,0.013528916713671381,454.0,11.0
374,94.0,97.3053760239359,97.30561895217434,500.3406339816285,500.3405076665581,157.0458676027542,157.0459151806875,1.583633625135659,1.5836662197993765,0.01424261932393002,454.0,11.0
375,94.0,97.30561895217434,97.30562497295253,500.3405076665581,500.3405525457546,157.0459151806875,157.0459232743107,1.5836662197993765,1.583675119381151,0.007768203667744243,454.0,11.0
376,94.0,93.81893884946173,93.82815844769348,503.0214713747071,503.023622257643,155.27855473083315,155.2681029949976,1.4358596104071126,1.4364044224849446,0.032440140469175205,457.0,11.0
377,94.0,93.82815844769348,93.84358900489912,503.023622257643,503.0240492612991,155.2681029949976,155.24761795128273,1.4364044224849446,1.4374069571968038,0.047106358523036095,457.0,11.0
378,94.0,93.84358900489912,93.86026882841975,503.0240492612991,503.01686014686345,155.24761795128273,155.23492746666585,1.4374069571968038,1.43829019684739,0.06496306877385903,457.0,11.0
379,94.0,93.86026882841975,93.86043594030502,503.01686014686345,503.0092763808422,155.23492746666585,155.21911915246508,1.43829019684739,1.4390135923565972,0.03422026795086065,457.0,11.0
380,94.0,93.86043594030502,93.86045221539125,503.0092763808422,503.02109359855046,155.21911915246508,155.22868859048506,1.4390135923565972,1.4396553324823762,0.03379595699728236,457.0,11.0
381,94.0,93.86045221539125,93.85296194708889,503.02109359855046,503.021637538912,155.22868859048506,155.23929214037014,1.4396553324823762,1.440218489672293,0.05608702559945699,457.0,11.0
382,94.0,93.85296194708889,93.86220561788312,503.021637538912,503.0194295356775,155.23929214037014,155.23840869571035,1.440218489672293,1.4406564061739713,0.025648266205297192,457.0,11.0
383,94.0,93.86220561788312,93.86476603095984,503.0194295356775,503.01392970485995,155.23840869571035,155.23307762489893,1.4406564061739713,1.4410395682644694,0.029631961490035382,457.0,11.0
384,94.0,93.86476603095984,93.86810706051392,503.01392970485995,503.0086980217824,155.23307762489893,155.23122166466302,1.4410395682644694,1.4413617792946267,0.017503036663228364,457.0,11.0
385,94.0,93.86810706051392,93.87014407126813,503.0086980217824,503.00418178657753,155.23122166466302,155.22863001871332,1.4413617792946267,1.441649280945324,0.0222009058300479,457.0,11.0
386,94.0,93.87014407126813,93.87296488116914,503.00418178657753,503.00269864267455,155.22863001871332,155.22540959930942,1.441649280945324,1.441894272827979,0.022231141003106056,457.0,11.0
387,94.0,93.87296488116914,93.87347512119479,503.00269864267455,502.99969587688247,155.22540959930942,155.22722918365884,1.441894272827979,1.4420984906405083,0.015751320158454627,457.0,11.0
388,94.0,93.87347512119479,93.87427425083658,502.99969587688247,502.99957156442576,155.22722918365884,155.23001636696074,1.4420984906405083,1.4422748905111225,0.020810593715147395,457.0,11.0
389,94.0,93.87427425083658,93.8745552945177,502.99957156442576,502.998113194369,155.23001636696074,155.23151575613144,1.4422748905111225,1.4424153944559834,0.012655385240814254,457.0,11.0
390,94.0,93.8745552945177,93.87343403581494,502.998113194369,502.99716483384583,155.23151575613144,155.2307394242834,1.4424153944559834,1.4425341037223964,0.020989703202593066,457.0,11.0
391,94.0,93.87343403581494,93.87333166107017,502.99716483384583,502.9962136010628,155.2307394242834,155.2306520882176,1.4425341037223964,1.4426147776535736,0.012347151297529996,457.0,11.0
392,94.0,93.87333166107017,93.87340111916032,502.9962136010628,502.995653127187,155.2306520882176,155.23053690171122,1.4426147776535736,1.4426704754291109,0.015672935052227624,457.0,11.0
393,94.0,93.87340111916032,93.87339207670058,502.995653127187,502.99573579281196,155.23053690171122,155.2303640717307,1.4426704754291109,1.4426953467578436,0.017793543517382666,457.0,11.0
394,94.0,119.07133720830316,115.8350095420088,470.1472031350004,465.2836168487993,151.34595062407496,150.60199123906105,34.95651533023081,35.17181546566626,11.957654204564907,459.0,-13.0
395,94.0,115.8350095420088,114.2184317867174,465.2836168487993,462.46773713627255,150.60199123906105,150.11522919186106,35.17181546566626,35.29306608618203,6.645460591173842,459.0,-13.0
396,94.0,114.2184317867174,112.8453404714589,462.46773713627255,459.8641854805438,150.11522919186106,149.63760896872395,35.29306608618203,35.403939169058994,5.980937215379015,459.0,-13.0
397,94.0,112.8453404714589,112.67810308212306,459.8641854805438,459.5407139244459,149.63760896872395,149.5731508679735,35.403939169058994,35.417781666185256,0.6473531962288611,459.0,-13.0
398,94.0,112.67810308212306,112.27473117276104,459.5407139244459,458.7823056489795,149.5731508679735,149.42547175638467,35.417781666185256,35.450441128515635,1.6355812942648302,459.0,-13.0
399,94.0,112.27473117276104,111.10637500417336,458.7823056489795,456.60074678607043,149.42547175638467,149.08969241757814,35.450441128515635,35.54424221157825,5.09959142338821,459.0,-13.0
400,94.0,111.10637500417336,109.20360174663881,456.60074678607043,452.9315594044121,149.08969241757814,148.63146701376604,35.54424221157825,35.7015445598505,8.285868474545717,459.0,-13.0
401,94.0,109.20360174663881,108.18436474356199,452.9315594044121,451.03439919180784,148.63146701376604,148.3665033459781,35.7015445598505,35.78455655742303,4.15709846591113,459.0,-13.0
402,94.0,108.18436474356199,106.49105657241395,451.03439919180784,447.96676069303794,148.3665033459781,147.78227832619874,35.78455655742303,35.92131610226798,7.341958587027103,459.0,-13.0
403,94.0,106.49105657241395,104.99006004500384,447.96676069303794,445.1824630554597,147.78227832619874,147.27781347075208,35.92131610226798,36.04615674892,7.326596354767196,459.0,-13.0
404,94.0,104.99006004500384,103.61184974509642,445.1824630554597,442.70057447827423,147.27781347075208,146.91579180239472,36.04615674892,36.15927489190445,6.327242255613654,459.0,-13.0
405,94.0,103.61184974509642,103.40459822638968,442.70057447827423,442.3215252428498,146.91579180239472,146.8696447625981,36.15927489190445,36.17668668110216,0.9397272269056738,459.0,-13.0
406,94.0,103.40459822638968,102.24478254466449,442.3215252428498,440.1057388243703,146.8696447625981,146.6072806910719,36.17668668110216,36.277779971826966,5.377721075770249,459.0,-13.0
407,94.0,102.24478254466449,101.38644002252784,440.1057388243703,438.5919925925133,146.6072806910719,146.3943745393729,36.277779971826966,36.34922349710751,4.073259962786877,459.0,-13.0
408,94.0,101.38644002252784,100.42016874408361,438.5919925925133,437.08991156050797,146.3943745393729,146.2129938486585,36.34922349710751,36.42340943869287,4.371420974985801,459.0,-13.0
409,94.0,100.42016874408361,99.33742097755834,437.08991156050797,435.58650645756177,146.2129938486585,146.02539806408544,36.42340943869287,36.50152948752458,4.832572273279839,459.0,-13.0
410,94.0,99.33742097755834,98.38781713393378,435.58650645756177,434.2370058820503,146.02539806408544,145.81311465147886,36.50152948752458,36.572528680405014,3.943683381382453,459.0,-13.0
411,94.0,98.38781713393378,97.47588074712935,434.2370058820503,433.0479722257302,145.81311465147886,145.6600644154397,36.572528680405014,36.63781936730252,3.8025724999720785,459.0,-13.0
412,94.0,97.47588074712935,96.60923036806204,433.0479722257302,432.0121024181387,145.6600644154397,145.51231612109072,36.63781936730252,36.697701034448905,3.575571298240132,459.0,-13.0
413,94.0,96.60923036806204,96.48806427622057,432.0121024181387,431.87413737640236,145.51231612109072,145.50070097180964,36.697701034448905,36.705952042072795,0.48568175546062387,459.0,-13.0
414,94.0,96.48806427622057,95.68247287571967,431.87413737640236,430.9978821316581,145.50070097180964,145.4838695278494,36.705952042072795,36.759588611602666,3.197192869576232,459.0,-13.0
415,94.0,95.68247287571967,94.98379641000005,430.9978821316581,430.18293670241655,145.4838695278494,145.53257941157347,36.759588611602666,36.80886471339011,3.3739809748886715,459.0,-13.0
416,94.0,94.98379641000005,94.6324937119862,430.18293670241655,429.77701517175126,145.53257941157347,145.56240157524064,36.80886471339011,36.83403297626765,1.3497807658635983,459.0,-13.0
417,94.0,94.6324937119862,94.03805753468289,429.77701517175126,429.1076180122306,145.56240157524064,145.57745785074422,36.83403297626765,36.87644677080615,2.4221340726209317,459.0,-13.0
418,94.0,94.03805753468289,93.48825074376305,429.1076180122306,428.5078153233832,145.57745785074422,145.62478301392852,36.87644677080615,36.91572774627588,2.614661798920788,459.0,-13.0
419,94.0,93.48825074376305,92.98533806368114,428.5078153233832,427.98674537196547,145.62478301392852,145.72585448489687,36.91572774627588,36.95169310203567,2.5140520100110786,459.0,-13.0
420,94.0,92.98533806368114,92.96705449242988,427.98674537196547,427.96829661334016,145.72585448489687,145.7298629011902,36.95169310203567,36.95301395768043,0.05813881884569934,459.0,-13.0
421,94.0,92.96705449242988,92.63233157401918,427.96829661334016,427.63306586359874,145.7298629011902,145.819212110981,36.95301395768043,36.977336260962545,1.9938735064572966,459.0,-13.0
422,94.0,92.63233157401918,92.24997658178108,427.63306586359874,427.22737542236734,145.819212110981,145.94249138598116,36.977336260962545,37.006803675091085,2.21811686595256,459.0,-13.0
423,94.0,92.24997658178108,91.928682412835,427.22737542236734,426.8432976776415,145.94249138598116,146.02949367332826,37.006803675091085,37.03365677788515,1.9590146845352805,459.0,-13.0
424,94.0,91.928682412835,91.64583166421819,426.8432976776415,426.489533306118,146.02949367332826,146.0742051032541,37.03365677788515,37.058255624982166,1.8847650355575702,459.0,-13.0
425,94.0,91.64583166421819,91.38156792822431,426.489533306118,426.1813348351423,146.0742051032541,146.08619127643922,37.058255624982166,37.08073730065906,1.682558941432602,459.0,-13.0
426,94.0,91.38156792822431,91.13980969691605,426.1813348351423,425.908974206076,146.08619127643922,146.0942020333905,37.08073730065906,37.101374524565585,1.4479054066683816,459.0,-13.0
427,94.0,91.13980969691605,90.90908450578225,425.908974206076,425.6737772707388,146.0942020333905,146.10556599910757,37.101374524565585,37.120461051007844,1.3195726786945268,459.0,-13.0
428,94.0,90.90908450578225,90.88862061140803,425.6737772707388,425.6543192991604,146.10556599910757,146.10558983335866,37.120461051007844,37.1221311397144,0.10268602231270474,459.0,-13.0
429,94.0,90.88862061140803,90.68619648062939,425.6543192991604,425.44656187099855,146.10558983335866,146.10252250837016,37.1221311397144,37.13940841157993,1.5299642498865782,459.0,-13.0
430,94.0,90.68619648062939,90.51253415134813,425.44656187099855,425.25741470000946,146.10252250837016,146.10253806614392,37.13940841157993,37.15513432658936,1.3810844835410787,459.0,-13.0
431,94.0,90.51253415134813,90.36449755920935,425.25741470000946,425.0836237645177,146.10253806614392,146.10846227234111,37.15513432658936,37.169499114947,0.9961295929154647,459.0,-13.0
432,94.0,90.36449755920935,90.22629857102655,425.0836237645177,424.9279087869778,146.10846227234111,146.12291092291184,37.169499114947,37.18290662687102,0.9863156804846422,459.0,-13.0
433,94.0,90.22629857102655,90.09918663926155,424.9279087869778,424.78710752022397,146.12291092291184,146.13333689787976,37.18290662687102,37.19538750863547,1.1696114039780507,459.0,-13.0
434,94.0,90.09918663926155,89.98048623035031,424.78710752022397,424.66733430141164,146.13333689787976,146.1406670053073,37.19538750863547,37.20679872690719,1.0986201792473775,459.0,-13.0
435,94.0,89.98048623035031,89.8943570068507,424.66733430141164,424.57912576236475,146.1406670053073,146.14421412722692,37.20679872690719,37.215385325482934,0.9297192378259483,459.0,-13.0
436,94.0,89.8943570068507,89.80250293804838,424.57912576236475,424.4805859354102,146.14421412722692,146.14741292153235,37.215385325482934,37.22502275623795,0.7505673839718879,459.0,-13.0
437,94.0,89.80250293804838,89.71667997748851,424.4805859354102,424.39254970299606,146.14741292153235,146.15230105806413,37.22502275623795,37.23403095468334,0.8715853966545632,459.0,-13.0
438,94.0,89.71667997748851,89.64045007331059,424.39254970299606,424.31372840043184,146.15230105806413,146.16168177866194,37.23403095468334,37.242326649971474,1.013504119290646,459.0,-13.0
439,94.0,89.64045007331059,89.57480878195062,424.31372840043184,424.24586602725486,146.16168177866194,146.17773700720392,37.242326649971474,37.24981874397304,0.635697483904148,459.0,-13.0
440,94.0,89.57480878195062,89.51239049405439,424.24586602725486,424.18626597200245,146.17773700720392,146.19070602168958,37.24981874397304,37.256821157081966,0.7782422225657849,459.0,-13.0
441,94.0,89.51239049405439,89.45491849347326,424.18626597200245,424.13507154061597,146.19070602168958,146.19772097465503,37.256821157081966,37.26324029517884,0.6489447662160328,459.0,-13.0
442,94.0,89.45491849347326,89.40279568590779,424.13507154061597,424.0890857518487,146.19772097465503,146.19559694795618,37.26324029517884,37.26918765542844,0.6867574194498098,459.0,-13.0
443,94.0,89.40279568590779,89.3559163396851,424.0890857518487,424.04905410948106,146.19559694795618,146.19309267091774,37.26918765542844,37.27465122912643,0.562259898067537,459.0,-13.0
444,94.0,89.3559163396851,89.31236108628619,424.04905410948106,424.01453583362473,146.19309267091774,146.19528073692317,37.27465122912643,37.279731457125976,0.5432085115074547,459.0,-13.0
445,94.0,89.31236108628619,89.27277300883615,424.01453583362473,423.98430690887,146.19528073692317,146.20014229507913,37.279731457125976,37.28445307483717,0.5081283908425944,459.0,-13.0
446,94.0,89.27277300883615,89.23916471147925,423.98430690887,423.95482290266284,146.20014229507913,146.20613446348526,37.28445307483717,37.28885047379737,0.49046606983158825,459.0,-13.0
447,94.0,89.23916471147925,89.2076076612947,423.95482290266284,423.9295729111403,146.20613446348526,146.2099700489455,37.28885047379737,37.29294604888971,0.4373239549838558,459.0,-13.0
448,94.0,89.2076076612947,89.17782798423025,423.9295729111403,423.90829303044677,146.2099700489455,146.2136985125507,37.29294604888971,37.29678247899505,0.4238416289363713,459.0,-13.0
449,94.0,89.17782798423025,89.15065632317867,423.90829303044677,423.8895557427542,146.2136985125507,146.21778531176506,37.29678247899505,37.30037746057311,0.5258082639715698,459.0,-13.0
450,94.0,89.15065632317867,89.13084523225207,423.8895557427542,423.86813700669944,146.21778531176506,146.21976499507838,37.30037746057311,37.30368759413195,0.4377094058901948,459.0,-13.0
451,94.0,89.13084523225207,89.11390449266808,423.86813700669944,423.8484282443677,146.21976499507838,146.2222025230961,37.30368759413195,37.306774373091855,0.3448212841042528,459.0,-13.0
452,94.0,89.11390449266808,89.09912508661967,423.8484282443677,423.82981759353135,146.2222025230961,146.22305804975525,37.306774373091855,37.30969481249966,0.365284938180025,459.0,-13.0
453,94.0,89.09912508661967,89.08636954129898,423.82981759353135,423.81259687925666,146.22305804975525,146.22439602790107,37.30969481249966,37.312449935732914,0.3701780789069249,459.0,-13.0
454,94.0,89.08636954129898,89.07501314588775,423.81259687925666,423.79707593686936,146.22439602790107,146.2259851140507,37.312449935732914,37.315051077064325,0.354430375008669,459.0,-13.0
455,94.0,89.07501314588775,89.06471995119519,423.79707593686936,423.7830817372903,146.2259851140507,146.22582669277566,37.315051077064325,37.31751963339961,0.4020821559281957,459.0,-13.0
456,94.0,89.06471995119519,89.0556681593976,423.7830817372903,423.7708007953378,146.22582669277566,146.2239615257981,37.31751963339961,37.31985782117619,0.3700647401935745,459.0,-13.0
457,94.0,89.0556681593976,89.04811993305141,423.7708007953378,423.75944346756324,146.2239615257981,146.22283751016496,37.31985782117619,37.32209726257052,0.4319781754508118,459.0,-13.0
458,94.0,89.04811993305141,89.04225292421545,423.75944346756324,423.7491210405763,146.22283751016496,146.2227426891209,37.32209726257052,37.3242509380607,0.3933870011191554,459.0,-13.0
459,94.0,89.04225292421545,89.0368724224097,423.7491210405763,423.7403369527343,146.2227426891209,146.2226054857854,37.3242509380607,37.326353608061844,0.4624270560416376,459.0,-13.0
460,94.0,89.0368724224097,89.03258844165404,423.7403369527343,423.733458250477,146.2226054857854,146.22395440416318,37.326353608061844,37.32838211704226,0.4572104023258185,459.0,-13.0
461,94.0,89.03258844165404,89.0307061259214,423.733458250477,423.7300520181194,146.22395440416318,146.22494564555475,37.32838211704226,37.32973698472103,0.5027744212496568,459.0,-13.0
462,94.0,89.0307061259214,89.03068936430267,423.7300520181194,423.73003520021604,146.22494564555475,146.22494881780054,37.32973698472103,37.329781123716316,0.008659107885663018,459.0,-13.0
463,94.0,89.03068936430267,89.0306818540397,423.73003520021604,423.73002759732924,146.22494881780054,146.22494865294192,37.329781123716316,37.32980883645981,0.008826203259677336,459.0,-13.0
464,94.0,114.2184317867174,114.20997207446688,462.46773713627255,462.46668346866636,150.11522919186106,150.11143501584968,35.29306608618203,35.29344681707413,0.01934934297265036,460.0,11.0
465,94.0,114.20997207446688,114.19314786068415,462.46668346866636,462.462208298283,150.11143501584968,150.10957141636737,35.29344681707413,35.294169326772256,0.05631350342588221,460.0,11.0
466,94.0,114.19314786068415,114.18245366162603,462.462208298283,462.45813560137003,150.10957141636737,150.11715005427135,35.294169326772256,35.29475860302586,0.04321010287621418,460.0,11.0
467,94.0,114.18245366162603,114.17714161211822,462.45813560137003,462.4562864068101,150.11715005427135,150.1265990378505,35.29475860302586,35.295249722871766,0.0874154879818096,460.0,11.0
468,94.0,114.17714161211822,114.17810557228913,462.4562864068101,462.45034309778885,150.1265990378505,150.12738290388774,35.295249722871766,35.29555609749834,0.018707499471961694,460.0,11.0
469,94.0,114.17810557228913,114.18028002486801,462.45034309778885,462.4456877037718,150.12738290388774,150.12709763426972,35.29555609749834,35.29582591060093,0.020669320010587848,460.0,11.0
470,94.0,114.18028002486801,114.17983828202651,462.4456877037718,462.4459684528567,150.12709763426972,150.12294469437626,35.29582591060093,35.296056768189885,0.019907530823714187,460.0,11.0
471,94.0,114.17983828202651,114.18082396680188,462.4459684528567,462.4438426843655,150.12294469437626,150.1205827237298,35.296056768189885,35.29625158173309,0.012273688833808326,460.0,11.0
472,94.0,114.18082396680188,114.17912957194297,462.4438426843655,462.4435579828455,150.1205827237298,150.11833240737934,35.29625158173309,35.29642486164841,0.021977988443921268,460.0,11.0
473,94.0,114.17912957194297,114.17751196618129,462.4435579828455,462.4446011775869,150.11833240737934,150.118887331178,35.29642486164841,35.29656028355231,0.011084280373999458,460.0,11.0
474,94.0,114.17751196618129,114.17669330556728,462.4446011775869,462.4459905296732,150.118887331178,150.11892575829788,35.29656028355231,35.29667657185395,0.022923169593530943,460.0,11.0
475,94.0,114.17669330556728,114.17588930086613,462.4459905296732,462.44617881835813,150.11892575829788,150.11870728858003,35.29667657185395,35.2967507233954,0.021049046389761062,460.0,11.0
476,94.0,114.17588930086613,114.17567571720488,462.44617881835813,462.4460401168023,150.11870728858003,150.11863243938816,35.2967507233954,35.29678224182983,0.014081748934622223,460.0,11.0
477,94.0,114.17567571720488,114.175643599958,462.4460401168023,462.44606710405225,150.11863243938816,150.11863374489258,35.29678224182983,35.29679057993047,0.007358826163174395,460.0,11.0
478,94.0,112.8453404714589,112.85075988480227,459.8641854805438,459.860223153682,149.63760896872395,149.63880347458468,35.403939169058994,35.40422540396181,0.013482898000649213,461.0,11.0
479,94.0,112.85075988480227,112.86441457201632,459.860223153682,459.85889942832534,149.63880347458468,149.64439626883092,35.40422540396181,35.40485333272944,0.05140291042007177,461.0,11.0
480,94.0,112.86441457201632,112.8725769607249,459.85889942832534,459.86464386733303,149.64439626883092,149.65013477240709,35.40485333272944,35.40536320905294,0.07750464174324438,461.0,11.0
481,94.0,112.8725769607249,112.87676330928382,459.86464386733303,459.87021658252263,149.65013477240709,149.64925276024258,35.40536320905294,35.40570647164956,0.022870072090548886,461.0,11.0
482,94.0,112.87676330928382,112.87433438881283,459.87021658252263,459.8697135443007,149.64925276024258,149.64396451604756,35.40570647164956,35.406003811417776,0.01938086935463952,461.0,11.0
483,94.0,112.87433438881283,112.87264976979377,459.8697135443007,459.86723388266785,149.64396451604756,149.6400932839774,35.406003811417776,35.406263601278,0.019619937694904152,461.0,11.0
484,94.0,112.87264976979377,112.86945384769342,459.86723388266785,459.86963648832034,149.6400932839774,149.6401906989497,35.406263601278,35.40648675046985,0.03575753314362646,461.0,11.0
485,94.0,112.86945384769342,112.86816551274576,459.86963648832034,459.87179527661664,149.6401906989497,149.64047719620783,35.40648675046985,35.40664660241054,0.02396626520133779,461.0,11.0
486,94.0,112.86816551274576,112.86945966567905,459.87179527661664,459.8724385525402,149.64047719620783,149.63966259673177,35.40664660241054,35.40676520448421,0.022615475288543026,461.0,11.0
487,94.0,112.86945966567905,112.87019425273135,459.8724385525402,459.8724074885016,149.63966259673177,149.63913241309606,35.40676520448421,35.40684259163354,0.015250304664388169,461.0,11.0
488,94.0,112.87019425273135,112.87005988120934,459.8724074885016,459.8724153781679,149.63913241309606,149.63870617983952,35.40684259163354,35.40688879985654,0.01303705736781712,461.0,11.0
489,94.0,112.87005988120934,112.86994090806809,459.8724153781679,459.87249195875756,149.63870617983952,149.6386391804204,35.40688879985654,35.40691025765148,0.015838830634403507,461.0,11.0
490,94.0,112.67810308212306,112.6798552979202,459.5407139244459,459.5354676681542,149.5731508679735,149.57500906240833,35.417781666185256,35.41803836193061,0.012898874102869438,462.0,11.0
491,94.0,112.6798552979202,112.67828972709317,459.5354676681542,459.52539146115106,149.57500906240833,149.57950271922303,35.41803836193061,35.41853482382217,0.03172694157788846,462.0,11.0
492,94.0,112.67828972709317,112.67650595359335,459.52539146115106,459.5181638976019,149.57950271922303,149.58498588345168,35.41853482382217,35.41896167938404,0.040844954730620116,462.0,11.0
493,94.0,112.67650595359335,112.6756395191725,459.5181638976019,459.5130732351516,149.58498588345168,149.58966574543985,35.41896167938404,35.41930277241008,0.017508931365772785,462.0,11.0
494,94.0,112.6756395191725,112.67751316270099,459.5130732351516,459.5116348080813,149.58966574543985,149.59420683902954,35.41930277241008,35.41956118687409,0.014732295579068877,462.0,11.0
495,94.0,112.67751316270099,112.67538268289498,459.5116348080813,459.5108855464352,149.59420683902954,149.59827001101922,35.41956118687409,35.419810969842196,0.01993257782430701,462.0,11.0
496,94.0,112.67538268289498,112.67219662654001,459.5108855464352,459.50892338518213,149.59827001101922,149.59795282739242,35.419810969842196,35.42002392385087,0.020733940085577218,462.0,11.0
497,94.0,112.67219662654001,112.67365041851747,459.50892338518213,459.50939048185046,149.59795282739242,149.60041448687664,35.42002392385087,35.42020008905496,0.0481915079241478,462.0,11.0
498,94.0,112.67365041851747,112.67444689297781,459.50939048185046,459.50899343028607,149.60041448687664,149.60115863617028,35.42020008905496,35.42029231990384,0.015798411315504905,462.0,11.0
499,94.0,112.67444689297781,112.67411147519738,459.50899343028607,459.5084374168064,149.60115863617028,149.60106336972493,35.42029231990384,35.420353567682064,0.012481499149439903,462.0,11.0
500,94.0,112.67411147519738,112.67439755474295,459.5084374168064,459.50850462481264,149.60106336972493,149.6009486140169,35.420353567682064,35.42038933600951,0.019584231457081394,462.0,11.0
501,94.0,112.67439755474295,112.67440987024706,459.50850462481264,459.5084948390381,149.6009486140169,149.6009482566441,35.42038933600951,35.42039351464275,0.00407884911838436,462.0,11.0
502,94.0,112.27473117276104,112.27883408453904,458.7823056489795,458.77296176414455,149.42547175638467,149.43021726428626,35.450441128515635,35.45088694903389,0.08902449194731617,463.0,11.0
503,94.0,112.27883408453904,112.29088804009714,458.77296176414455,458.7628164427773,149.43021726428626,149.43618042317468,35.45088694903389,35.451586304064506,0.0496440989174949,463.0,11.0
504,94.0,112.29088804009714,112.28827280133002,458.7628164427773,458.7567677316839,149.43618042317468,149.42435951854068,35.451586304064506,35.45216874743653,0.0548547612535478,463.0,11.0
505,94.0,112.28827280133002,112.28800341204779,458.7567677316839,458.7466873088762,149.42435951854068,149.4235835537735,35.45216874743653,35.45262761963432,0.02970294466840553,463.0,11.0
506,94.0,112.28800341204779,112.28404292558018,458.7466873088762,458.73948050069504,149.4235835537735,149.42523712427322,35.45262761963432,35.45302249832157,0.03075095995346659,463.0,11.0
507,94.0,112.28404292558018,112.28264048120373,458.73948050069504,458.73305476289534,149.42523712427322,149.42390288580467,35.45302249832157,35.45335367080879,0.024075891401221926,463.0,11.0
508,94.0,112.28264048120373,112.2867982576585,458.73305476289534,458.7318677867208,149.42390288580467,149.42052631680826,35.45335367080879,35.453637011642485,0.03240034907299066,463.0,11.0
509,94.0,112.2867982576585,112.287122974082,458.7318677867208,458.72828067743677,149.42052631680826,149.4222088730241,35.453637011642485,35.453859159880786,0.021028741871003665,463.0,11.0
510,94.0,112.287122974082,112.28672419213346,458.72828067743677,458.7252927791011,149.4222088730241,149.4228753798694,35.453859159880786,35.45404363546325,0.011788555029888627,463.0,11.0
511,94.0,112.28672419213346,112.28788220338576,458.7252927791011,458.72344883201424,149.4228753798694,149.42141460504723,35.45404363546325,35.45420761498383,0.01810036228337696,463.0,11.0
512,94.0,112.28788220338576,112.28919950322366,458.72344883201424,458.7223049824215,149.42141460504723,149.42054450633952,35.45420761498383,35.45434046888713,0.0210914335865378,463.0,11.0
513,94.0,112.28919950322366,112.28917963882081,458.7223049824215,458.72116088233787,149.42054450633952,149.42010757830383,35.45434046888713,35.454436303171,0.012635544694138464,463.0,11.0
514,94.0,112.28917963882081,112.2897998465586,458.72116088233787,458.72165270680716,149.42010757830383,149.42030408622162,35.454436303171,35.45450802257715,0.018896947679021343,463.0,11.0
515,94.0,112.2897998465586,112.28966936874008,458.72165270680716,458.7218600700468,149.42030408622162,149.42045174769498,35.45450802257715,35.454541314048946,0.022377135665907717,463.0,11.0
516,94.0,111.10637500417336,111.08479575366809,456.60074678607043,456.59695474983255,149.08969241757814,149.08689205395765,35.54424221157825,35.54505423966651,0.03315870774807585,464.0,11.0
517,94.0,111.08479575366809,111.04330435885636,456.59695474983255,456.5943704100041,149.08689205395765,149.08632852970158,35.54505423966651,35.546592106376806,0.07402576104835681,464.0,11.0
518,94.0,111.04330435885636,111.0504795481456,456.5943704100041,456.58172174122046,149.08632852970158,149.1187564986099,35.546592106376806,35.5479280456875,0.0734330932583876,464.0,11.0
519,94.0,111.0504795481456,111.069031426428,456.58172174122046,456.5636921874764,149.1187564986099,149.13346300134313,35.5479280456875,35.54906952155252,0.11802228424999031,464.0,11.0
520,94.0,111.069031426428,111.07979602954772,456.5636921874764,456.5457388399826,149.13346300134313,149.13457862000186,35.54906952155252,35.549911706760874,0.07659648344501398,464.0,11.0
521,94.0,111.07979602954772,111.08814059989827,456.5457388399826,456.53255646299374,149.13457862000186,149.13389821789795,35.549911706760874,35.550567910111596,0.04519660389323478,464.0,11.0
522,94.0,111.08814059989827,111.0879847070626,456.53255646299374,456.5301742872005,149.13389821789795,149.14632768535552,35.550567910111596,35.5511189928067,0.032821080198318836,464.0,11.0
523,94.0,111.0879847070626,111.08621187426702,456.5301742872005,456.53708734030334,149.14632768535552,149.15418886664335,35.5511189928067,35.55159630349004,0.04984844239673973,464.0,11.0
524,94.0,111.08621187426702,111.08057354688984,456.53708734030334,456.5421016805161,149.15418886664335,149.15587724966775,35.55159630349004,35.551966473118014,0.01943669455198693,464.0,11.0
525,94.0,111.08057354688984,111.07733367886087,456.5421016805161,456.54699743238825,149.15587724966775,149.15267551891674,35.551966473118014,35.552296722072676,0.022302425902417027,464.0,11.0
526,94.0,111.07733367886087,111.07635076166494,456.54699743238825,456.5509967879922,149.15267551891674,149.14895366335247,35.552296722072676,35.552582630152024,0.02045514530222746,464.0,11.0
527,94.0,111.07635076166494,111.07674961482208,456.5509967879922,456.5536571489103,149.14895366335247,149.1452548301042,35.552582630152024,35.55282936628609,0.018918406354409254,464.0,11.0
528,94.0,111.07674961482208,111.07732566758564,456.5536571489103,456.5568223937333,149.1452548301042,149.1471404661556,35.55282936628609,35.553041224410705,0.018166324298585345,464.0,11.0
529,94.0,111.07732566758564,111.0801299053289,456.5568223937333,456.55586404707117,149.1471404661556,149.14688005060276,35.553041224410705,35.55322081017447,0.015001375223460654,464.0,11.0
530,94.0,111.0801299053289,111.08114774167942,456.55586404707117,456.55371086554544,149.14688005060276,149.14711669847148,35.55322081017447,35.553374440225845,0.017722477185355023,464.0,11.0
531,94.0,111.08114774167942,111.08107648743928,456.55371086554544,456.55216886272166,149.14711669847148,149.1479422851759,35.553374440225845,35.553497603367184,0.015472542485710129,464.0,11.0
532,94.0,111.08107648743928,111.08116053917597,456.55216886272166,456.55123576217255,149.1479422851759,149.14873080314044,35.553497603367184,35.55359342045985,0.011863946921795425,464.0,11.0
533,94.0,111.08116053917597,111.08099477218659,456.55123576217255,456.5520348913989,149.14873080314044,149.1489285127382,35.55359342045985,35.553666667632385,0.014967737520527387,464.0,11.0
534,94.0,111.08099477218659,111.08098859928157,456.5520348913989,456.5523120884959,149.1489285127382,149.14864114520472,35.553666667632385,35.55370919841721,0.02706850618480869,464.0,11.0
535,94.0,103.40459822638968,103.4087099038433,442.3215252428498,442.3137165993315,146.8696447625981,146.87275016710305,36.17668668110216,36.1770681762102,0.01770829435870789,465.0,11.0
536,94.0,103.4087099038433,103.41332780559833,442.3137165993315,442.29757213973363,146.87275016710305,146.87832949998713,36.1770681762102,36.17779716703983,0.0473280227705937,465.0,11.0
537,94.0,103.41332780559833,103.41756680128852,442.29757213973363,442.28674482396247,146.87832949998713,146.8696835738777,36.17779716703983,36.17841358502579,0.03785595861021557,465.0,11.0
538,94.0,103.41756680128852,103.41913935475625,442.28674482396247,442.28460839562086,146.8696835738777,146.85792760937588,36.17841358502579,36.17894291008851,0.047074241870632715,465.0,11.0
539,94.0,103.41913935475625,103.42348710991935,442.28460839562086,442.2814461597985,146.85792760937588,146.85045712237667,36.17894291008851,36.179368210576804,0.021935743020978494,465.0,11.0
540,94.0,103.42348710991935,103.42680712434665,442.2814461597985,442.2754179862891,146.85045712237667,146.84646137357754,36.179368210576804,36.17974691337659,0.030050578057072133,465.0,11.0
541,94.0,103.42680712434665,103.42611681128372,442.2754179862891,442.2694505046021,146.84646137357754,146.844411929905,36.17974691337659,36.180064015359186,0.022723473518038915,465.0,11.0
542,94.0,103.42611681128372,103.42211780776282,442.2694505046021,442.2675544225116,146.844411929905,146.84716418117767,36.180064015359186,36.18033644919316,0.01901271731584989,465.0,11.0
543,94.0,103.42211780776282,103.41783160264166,442.2675544225116,442.267407956234,146.84716418117767,146.84663070562095,36.18033644919316,36.18057289836466,0.022817306194357442,465.0,11.0
544,94.0,103.41783160264166,103.41772007086392,442.267407956234,442.2707013757828,146.84663070562095,146.84614050361364,36.18057289836466,36.180767904655056,0.01996167801642993,465.0,11.0
545,94.0,103.41772007086392,103.42011768581744,442.2707013757828,442.2713165055622,146.84614050361364,146.84669874152567,36.180767904655056,36.18092808015189,0.01448820886390357,465.0,11.0
546,94.0,103.42011768581744,103.42122568578918,442.2713165055622,442.27227981190725,146.84669874152567,146.84534068489404,36.18092808015189,36.181063348292824,0.009886663771527061,465.0,11.0
547,94.0,103.42122568578918,103.42038469489876,442.27227981190725,442.2729447490827,146.84534068489404,146.8440847036854,36.181063348292824,36.18118156631955,0.016639438259642203,465.0,11.0
548,94.0,103.42038469489876,103.41982085408544,442.2729447490827,442.2728109099982,146.8440847036854,146.84315844688345,36.18118156631955,36.18126996986871,0.01536278941067818,465.0,11.0
549,94.0,103.41982085408544,103.419330192154,442.2728109099982,442.2726776880442,146.84315844688345,146.84349086253076,36.18126996986871,36.1813278507371,0.016276764198818173,465.0,11.0
550,94.0,103.419330192154,103.41927298191854,442.2726776880442,442.27280794749066,146.84349086253076,146.8433498705798,36.1813278507371,36.18135351969909,0.0182418155402975,465.0,11.0
551,94.0,101.38644002252784,101.39556000395454,438.5919925925133,438.5653575890882,146.3943745393729,146.3914068692691,36.34922349710751,36.35024143177137,0.04981073623272878,466.0,11.0
552,94.0,101.39556000395454,101.41608326711034,438.5653575890882,438.516361732539,146.3914068692691,146.390933945242,36.35024143177137,36.352163639640985,0.10280539109905312,466.0,11.0
553,94.0,101.41608326711034,101.43334253424757,438.516361732539,438.518941607512,146.390933945242,146.35015092086323,36.352163639640985,36.35379437283777,0.11363932479580399,466.0,11.0
554,94.0,101.43334253424757,101.42341138867106,438.518941607512,438.5517215882868,146.35015092086323,146.3427479854987,36.35379437283777,36.35511363926357,0.3353290066283437,466.0,11.0
555,94.0,101.42341138867106,101.4235558853436,438.5517215882868,438.5620066638909,146.3427479854987,146.34633307666337,36.35511363926357,36.355600994254715,0.03179382780119587,466.0,11.0
556,94.0,101.4235558853436,101.42437309999369,438.5620066638909,438.5586216729421,146.34633307666337,146.33802855614107,36.355600994254715,36.35601891221494,0.02985173236831638,466.0,11.0
557,94.0,101.42437309999369,101.42503031937967,438.5586216729421,438.5516443463295,146.33802855614107,146.33586111859643,36.35601891221494,36.356374026695036,0.02271058685672475,466.0,11.0
558,94.0,101.42503031937967,101.42724956382611,438.5516443463295,438.5462230146507,146.33586111859643,146.33401701746436,36.356374026695036,36.356683117683914,0.015662786273974095,466.0,11.0
559,94.0,101.42724956382611,101.43103204643486,438.5462230146507,438.54457313356517,146.33401701746436,146.33059693988054,36.356683117683914,36.356961443234795,0.09997153692587776,466.0,11.0
560,94.0,101.43103204643486,101.4317134789909,438.54457313356517,438.5455879966504,146.33059693988054,146.33019631019965,36.356961443234795,36.35706064328848,0.013890405698646406,466.0,11.0
561,94.0,101.4317134789909,101.43170396922773,438.5455879966504,438.54620611038064,146.33019631019965,146.3296355743718,36.35706064328848,36.35713356725441,0.013835115766907024,466.0,11.0
562,94.0,101.43170396922773,101.43155913812583,438.54620611038064,438.5461135823636,146.3296355743718,146.33002392167455,36.35713356725441,36.357178068369066,0.012467689272475565,466.0,11.0
563,94.0,101.43155913812583,101.43160178634479,438.5461135823636,438.5462594652131,146.33002392167455,146.3300247400951,36.357178068369066,36.35719907113094,0.015571814891073713,466.0,11.0
564,94.0,100.42016874408361,100.42143811602234,437.08991156050797,437.0801272374521,146.2129938486585,146.2145481820121,36.42340943869287,36.42381340936135,0.01786616347312915,467.0,11.0
565,94.0,100.42143811602234,100.4245990191655,437.0801272374521,437.06329956826784,146.2145481820121,146.22217852924734,36.42381340936135,36.42457894145982,0.06709685110814151,467.0,11.0
566,94.0,100.4245990191655,100.42194127450945,437.06329956826784,437.06688118657485,146.22217852924734,146.23563778294888,36.42457894145982,36.4251843392358,0.03077648818871511,467.0,11.0
567,94.0,100.42194127450945,100.41494624330163,437.06688118657485,437.07410363919143,146.23563778294888,146.24254695502083,36.4251843392358,36.42571899834511,0.03456995439944084,467.0,11.0
568,94.0,100.41494624330163,100.40884563694395,437.07410363919143,437.0745570887031,146.24254695502083,146.25055647945436,36.42571899834511,36.426176572202415,0.037309609135206936,467.0,11.0
569,94.0,100.40884563694395,100.40268919825766,437.0745570887031,437.07498955022055,146.25055647945436,146.25553492464036,36.426176572202415,36.426554197303325,0.0320042078906353,467.0,11.0
570,94.0,100.40268919825766,100.40171959038983,437.07498955022055,437.07397112565934,146.25553492464036,146.24947564295607,36.426554197303325,36.42686636366275,0.0263454302807402,467.0,11.0
571,94.0,100.40171959038983,100.40009496958834,437.07397112565934,437.07398127048873,146.24947564295607,146.2448311579372,36.42686636366275,36.42712712779936,0.018090777279675046,467.0,11.0
572,94.0,100.40009496958834,100.39855267079955,437.07398127048873,437.0773961346648,146.2448311579372,146.24319197855775,36.42712712779936,36.42735402272211,0.021347686631218356,467.0,11.0
573,94.0,100.39834970100299,100.39691608508959,437.0777771101463,437.0801006877321,146.2430662815072,146.24249820722954,36.42738067367785,36.42755207504046,0.01946504048312363,467.0,11.0
574,94.0,100.39691608508959,100.39588411921815,437.0801006877321,437.08167472641225,146.24249820722954,146.24167372303717,36.42755207504046,36.427689951263346,0.017738895365575585,467.0,11.0
575,94.0,100.39588411921815,100.39525803371194,437.08167472641225,437.0829265939071,146.24167372303717,146.24135852504418,36.427689951263346,36.42779706027682,0.027724978458954188,467.0,11.0
576,94.0,100.39525803371194,100.39522013576193,437.0829265939071,437.0832509831688,146.24135852504418,146.24091945356878,36.42779706027682,36.42785067653431,0.018404913746430572,467.0,11.0
577,94.0,100.39522013576193,100.39518077845386,437.0832509831688,437.08330875089814,146.24091945356878,146.24081308389674,36.42785067653431,36.42786914745809,0.014058638515619358,467.0,11.0
578,94.0,96.48806427622057,96.4832078014455,431.87413737640236,431.86762855534164,145.50070097180964,145.4933937085579,36.705952042072795,36.70638777435326,0.026542277106959673,468.0,11.0
579,94.0,96.4832078014455,96.47895287574975,431.86762855534164,431.85625899390425,145.4933937085579,145.47731372583362,36.70638777435326,36.70720185727305,0.059107206566202004,468.0,11.0
580,94.0,96.47895287574975,96.47544774642851,431.85625899390425,431.8455888046213,145.47731372583362,145.4658754170685,36.70720185727305,36.70787262223267,0.03406370468401067,468.0,11.0
581,94.0,96.47544774642851,96.48508048294354,431.8455888046213,431.8419124990587,145.4658754170685,145.45675099615514,36.70787262223267,36.70846341512242,0.039087279782576194,468.0,11.0
582,94.0,96.48508048294354,96.48102682820019,431.8419124990587,431.831756909048,145.45675099615514,145.45394190536578,36.70846341512242,36.70896519379707,0.03404756273214101,468.0,11.0
583,94.0,96.48102682820019,96.47962708993809,431.831756909048,431.8243343076717,145.45394190536578,145.45927993564368,36.70896519379707,36.7093921781046,0.03650581610482554,468.0,11.0
584,94.0,96.47962708993809,96.4744983836505,431.8243343076717,431.8206730574822,145.45927993564368,145.46277182705356,36.7093921781046,36.70974227779349,0.020222284159126712,468.0,11.0
585,94.0,96.4744983836505,96.47027951012603,431.8206730574822,431.8188912816945,145.46277182705356,145.45867607790876,36.70974227779349,36.71005147095896,0.0273625589012585,468.0,11.0
586,94.0,96.47027951012603,96.47317406180159,431.8188912816945,431.81765108320076,145.45867607790876,145.4550506247117,36.71005147095896,36.71030746664951,0.047973279309155,468.0,11.0
587,94.0,96.47317406180159,96.4755794025224,431.81765108320076,431.81805201059797,145.4550506247117,145.45629743377225,36.71030746664951,36.71047665450668,0.01440034600447279,468.0,11.0
588,94.0,96.4755794025224,96.47516301240839,431.81805201059797,431.8159961290884,145.45629743377225,145.4569373742446,36.71047665450668,36.71062103180834,0.013933959067215512,468.0,11.0
589,94.0,96.47516301240839,96.47455828301374,431.8159961290884,431.8154807748462,145.4569373742446,145.4584346509946,36.71062103180834,36.71074143779708,0.015006493117658025,468.0,11.0
590,94.0,96.47455828301374,96.47518407673593,431.8154807748462,431.8152821342912,145.4584346509946,145.45744528572834,36.71074143779708,36.71083519666575,0.015537070041809611,468.0,11.0
591,94.0,96.47518407673593,96.4747637919072,431.8152821342912,431.8149614380608,145.45744528572834,145.45700245163655,36.71083519666575,36.710898697383534,0.012515185886018722,468.0,11.0
592,94.0,96.4747637919072,96.47461917517352,431.8149614380608,431.81465471449627,145.45700245163655,145.45703480750566,36.710898697383534,36.71093653875995,0.02472178820121662,468.0,11.0
593,94.0,94.6324937119862,94.6267168675691,429.77701517175126,429.7678521615232,145.56240157524064,145.56678936688752,36.83403297626765,36.83449483405008,0.02355320647558314,469.0,11.0
594,94.0,94.6267168675691,94.61932128915083,429.7678521615232,429.74984165557515,145.56678936688752,145.57675073362338,36.83449483405008,36.8353682140709,0.04512926146345791,469.0,11.0
595,94.0,94.61932128915083,94.62462028294877,429.74984165557515,429.74787366925483,145.57675073362338,145.5945151848013,36.8353682140709,36.83613016613489,0.038131760454047633,469.0,11.0
596,94.0,94.62462028294877,94.63322207335487,429.74787366925483,429.7554176273805,145.5945151848013,145.60571653208777,36.83613016613489,36.83680027161379,0.04363170016927316,469.0,11.0
597,94.0,94.63322207335487,94.63456094696234,429.7554176273805,429.742417709367,145.60571653208777,145.6044353157934,36.83680027161379,36.83736835275189,0.04899358232336631,469.0,11.0
598,94.0,94.63456094696234,94.63665017166385,429.742417709367,429.7391171046523,145.6044353157934,145.5951305024491,36.83736835275189,36.837826405186135,0.03647303689429152,469.0,11.0
599,94.0,94.63665017166385,94.63831810365329,429.7391171046523,429.7351831170134,145.5951305024491,145.58838160506227,36.837826405186135,36.83820623988625,0.024163223927433523,469.0,11.0
600,94.0,94.63831810365329,94.64421912395638,429.7351831170134,429.733045223711,145.58838160506227,145.59067357722773,36.83820623988625,36.83853628562352,0.04064456175741362,469.0,11.0
601,94.0,94.64421912395638,94.642666243019,429.733045223711,429.7373767090747,145.59067357722773,145.58989474184654,36.83853628562352,36.83878680913703,0.03144793392473211,469.0,11.0
602,94.0,94.642666243019,94.63949197490123,429.7373767090747,429.73743884052357,145.58989474184654,145.5907404940638,36.83878680913703,36.83897984504502,0.014922505548378182,469.0,11.0
603,94.0,94.63949197490123,94.63745809991926,429.73743884052357,429.7381059807691,145.5907404940638,145.59236736346458,36.83897984504502,36.8391467990085,0.017032936514112106,469.0,11.0
604,94.0,94.63745809991926,94.63769487556856,429.7381059807691,429.7366607660415,145.59236736346458,145.59380168712858,36.8391467990085,36.839284440378705,0.013780561908341295,469.0,11.0
605,94.0,94.63769487556856,94.63699973659979,429.7366607660415,429.73545331367825,145.59380168712858,145.5930892392023,36.839284440378705,36.839398277781896,0.016521222264230466,469.0,11.0
606,94.0,94.63699973659979,94.63657059277215,429.73545331367825,429.7362372848268,145.5930892392023,145.59260851217303,36.839398277781896,36.83948216615147,0.013922672063015961,469.0,11.0
607,94.0,94.63657059277215,94.63679238425628,429.7362372848268,429.73651447586997,145.59260851217303,145.59306630390236,36.83948216615147,36.839538070690985,0.019844258966502347,469.0,11.0
608,94.0,94.63679238425628,94.63678819392536,429.73651447586997,429.7366320932729,145.59306630390236,145.59309861981004,36.839538070690985,36.83955598958596,0.013721835076771945,469.0,11.0
609,94.0,92.96705449242988,92.95958788397665,427.96829661334016,427.964212794547,145.7298629011902,145.7302992124707,36.95301395768043,36.953363319343346,0.013344338366280446,470.0,11.0
610,94.0,92.95958788397665,92.94290057005317,427.964212794547,427.95968108025147,145.7302992124707,145.72895002036597,36.953363319343346,36.954080090828235,0.034009637277323417,470.0,11.0
611,94.0,92.94290057005317,92.95008389108332,427.95968108025147,427.9498689008495,145.72895002036597,145.7377946801027,36.954080090828235,36.954715861994124,0.0706893719288954,470.0,11.0
612,94.0,92.95008389108332,92.95827214578466,427.9498689008495,427.9450255314382,145.7377946801027,145.74232492874324,36.954715861994124,36.95519023284317,0.03382084842893878,470.0,11.0
613,94.0,92.95827214578466,92.96119018348234,427.9450255314382,427.94077696295255,145.74232492874324,145.7491512867565,36.95519023284317,36.95559131542339,0.03610638914297058,470.0,11.0
614,94.0,92.96119018348234,92.9594319782154,427.94077696295255,427.9465517873812,145.7491512867565,145.75177917583693,36.95559131542339,36.955917577770656,0.019944036286851107,470.0,11.0
615,94.0,92.9594319782154,92.95604346642423,427.9465517873812,427.9478845949531,145.75177917583693,145.75599422872637,36.955917577770656,36.956204239074474,0.02034523911652447,470.0,11.0
616,94.0,92.95604346642423,92.95158363324998,427.9478845949531,427.9476337144238,145.75599422872637,145.75491021826622,36.956204239074474,36.95645190693831,0.02775221210788971,470.0,11.0
617,94.0,92.95158363324998,92.94972823164419,427.9476337144238,427.95006699851353,145.75491021826622,145.7534842014219,36.95645190693831,36.95664881007655,0.022700918435320926,470.0,11.0
618,94.0,92.94972823164419,92.94874504172489,427.95006699851353,427.94962814216126,145.7534842014219,145.7512569915533,36.95664881007655,36.95680610561004,0.01642028024030204,470.0,11.0
619,94.0,92.94874504172489,92.94723722459199,427.94962814216126,427.9485231805922,145.7512569915533,145.75134326734852,36.95680610561004,36.956935183662466,0.013743642042536346,470.0,11.0
620,94.0,92.94723722459199,92.9462961769277,427.9485231805922,427.948385977986,145.75134326734852,145.75236616456544,36.956935183662466,36.95704028888644,0.014015558733717182,470.0,11.0
621,94.0,92.9462961769277,92.94662547630102,427.948385977986,427.94842665775667,145.75236616456544,145.7532413244018,36.95704028888644,36.95711947108122,0.013623915077985754,470.0,11.0
622,94.0,92.94662547630102,92.94654356334496,427.94842665775667,427.94835370161957,145.7532413244018,145.75374694675168,36.95711947108122,36.95717092515122,0.017314314358619524,470.0,11.0
623,94.0,92.94654356334496,92.9465477796471,427.94835370161957,427.94846575255804,145.75374694675168,145.75368515171587,36.95717092515122,36.95718947458075,0.014106323673847978,470.0,11.0
624,94.0,92.63233157401918,92.63201353952277,427.63306586359874,427.6238002200609,145.819212110981,145.8194452366714,36.977336260962545,36.97771531032828,0.013796223101110333,471.0,11.0
625,94.0,92.63201353952277,92.63271932281788,427.6238002200609,427.6062659571088,145.8194452366714,145.81728553534293,36.97771531032828,36.97844382354291,0.058590190358282286,471.0,11.0
626,94.0,92.63271932281788,92.6268538736245,427.6062659571088,427.59384614395503,145.81728553534293,145.81761181713654,36.97844382354291,36.97903358355778,0.0290607979901664,471.0,11.0
627,94.0,92.6268538736245,92.6317958971992,427.59384614395503,427.58644272577595,145.81761181713654,145.82548643880983,36.97903358355778,36.97955688695678,0.024360883158720075,471.0,11.0
628,94.0,92.6317958971992,92.62993884043972,427.58644272577595,427.57833022686043,145.82548643880983,145.8317056522287,36.97955688695678,36.98002585951797,0.023796704460052536,471.0,11.0
629,94.0,92.62993884043972,92.63634160236876,427.57833022686043,427.57742799202407,145.8317056522287,145.83794725381267,36.98002585951797,36.980443107633015,0.024974444810085147,471.0,11.0
630,94.0,92.63634160236876,92.64130459750376,427.57742799202407,427.5793770799478,145.83794725381267,145.84334042579104,36.980443107633015,36.98080766300525,0.029400852863880323,471.0,11.0
631,94.0,92.64130459750376,92.64605978145713,427.5793770799478,427.58270439085436,145.84334042579104,145.84169206867844,36.98080766300525,36.981112530955635,0.018507278384797602,471.0,11.0
632,94.0,92.64605978145713,92.64803343816396,427.58270439085436,427.5872683429441,145.84169206867844,145.842909312921,36.981112530955635,36.981381270303125,0.05314367021248833,471.0,11.0
633,94.0,92.64803343816396,92.65077933721577,427.5872683429441,427.5869302466561,145.842909312921,145.8433254875243,36.981381270303125,36.98155307145958,0.014688210731240428,471.0,11.0
634,94.0,92.65077933721577,92.6521498575198,427.5869302466561,427.58566745485933,145.8433254875243,145.84456489389783,36.98155307145958,36.98169954552125,0.04180230479206478,471.0,11.0
635,94.0,92.6521498575198,92.65272859894657,427.58566745485933,427.5854590645163,145.84456489389783,145.84403620779642,36.98169954552125,36.98177098008955,0.016425604703840895,471.0,11.0
636,94.0,92.65272859894657,92.65304046969746,427.5854590645163,427.58549180970306,145.84403620779642,145.8441683417163,36.98177098008955,36.98180879207416,0.022760122736645436,471.0,11.0
637,94.0,92.65304046969746,92.65303649666677,427.58549180970306,427.5854944365284,145.8441683417163,145.8441693262294,36.98180879207416,36.98181065593273,0.0019467573655382112,471.0,11.0
638,94.0,90.88862061140803,90.8831011307951,425.6543192991604,425.65224872483714,146.10558983335866,146.10947749379923,37.1221311397144,37.12243181967097,0.02441176941143633,472.0,11.0
639,94.0,90.8831011307951,90.87294959449007,425.65224872483714,425.6498853645322,146.10947749379923,146.11695683651288,37.12243181967097,37.1229890762419,0.029290085154367616,472.0,11.0
640,94.0,90.87294959449007,90.86224875521802,425.6498853645322,425.6479589913858,146.11695683651288,146.11530979325687,37.1229890762419,37.1234802141923,0.03269277088193736,472.0,11.0
641,94.0,90.86224875521802,90.85845967262634,425.6479589913858,425.65599507294775,146.11530979325687,146.11358021850498,37.1234802141923,37.12389985344207,0.028239882811392256,472.0,11.0
642,94.0,90.85845967262634,90.86366939272492,425.65599507294775,425.653405442868,146.11358021850498,146.10890005687168,37.12389985344207,37.124259953116514,0.02868100982858261,472.0,11.0
643,94.0,90.86366939272492,90.8670299633238,425.653405442868,425.64886092682184,146.10890005687168,146.1107934165209,37.124259953116514,37.124561986381146,0.023624889801757958,472.0,11.0
644,94.0,90.8670299633238,90.86854691808159,425.64886092682184,425.652361120228,146.1107934165209,146.1137202968296,37.124561986381146,37.124818228669,0.02340905671119776,472.0,11.0
645,94.0,90.86854691808159,90.8701748047163,425.652361120228,425.6546832939076,146.1137202968296,146.11617791892735,37.124818228669,37.125031075248415,0.014777610508580405,472.0,11.0
646,94.0,90.8701748047163,90.87008329832868,425.6546832939076,425.65586931689296,146.11617791892735,146.11907682148052,37.125031075248415,37.12521755613565,0.01936825855816543,472.0,11.0
647,94.0,90.87008329832868,90.87082937901343,425.65586931689296,425.65524228457537,146.11907682148052,146.12124497604424,37.12521755613565,37.12537044269856,0.010753996296401065,472.0,11.0
648,94.0,90.87082937901343,90.86910702268145,425.65524228457537,425.65440261339006,146.12124497604424,146.12073792610522,37.12537044269856,37.125504855756446,0.023504270687189292,472.0,11.0
649,94.0,90.86910702268145,90.86993368871343,425.65440261339006,425.65481699467534,146.12073792610522,146.12001257006435,37.125504855756446,37.12559793702725,0.02309153909140868,472.0,11.0
650,94.0,90.86993368871343,90.87013701266991,425.65481699467534,425.65502035022547,146.12001257006435,146.11965505546968,37.12559793702725,37.12564504152208,0.017596746809203832,472.0,11.0
651,94.0,90.87013701266991,90.87018389248314,425.65502035022547,425.65507915155894,146.11965505546968,146.11960049902535,37.12564504152208,37.125659760940195,0.011716689765256291,472.0,11.0
652,94.0,89.0306818540397,88.95233291350789,423.73002759732924,424.68159311571816,146.22494865294192,146.51604385546824,55.0989100348838,55.13221318908395,1.648637781928476,475.0,-11.0
653,94.0,88.95233291350789,88.99134805283617,424.68159311571816,425.2395680797933,146.51604385546824,146.65383039415514,55.13221318908395,55.15143352272155,1.1136910949747592,475.0,-11.0
654,94.0,88.99134805283617,88.97329273214126,425.2395680797933,426.06957104705526,146.65383039415514,146.94241134150232,55.15143352272155,55.18075992897467,1.6741201783061959,475.0,-11.0
655,94.0,88.97329273214126,88.47879189470072,426.06957104705526,427.26971951062944,146.94241134150232,147.47149263809803,55.18075992897467,55.227534207540465,3.1519653662037044,475.0,-11.0
656,94.0,88.47879189470072,88.42951216359444,427.26971951062944,427.50326994978093,147.47149263809803,147.57005247274165,55.227534207540465,55.23619819825858,0.5194190949851424,475.0,-11.0
657,94.0,88.42951216359444,88.39910851479428,427.50326994978093,427.6859136981604,147.57005247274165,147.56436214596675,55.23619819825858,55.242492681931786,0.3072025798907461,475.0,-11.0
658,94.0,88.39910851479428,88.24659591745959,427.6859136981604,427.7002880266242,147.56436214596675,147.54656117295167,55.242492681931786,55.24776038607162,0.30842576624041695,475.0,-11.0
659,94.0,88.24659591745959,88.27972768688485,427.7002880266242,427.78143225982404,147.54656117295167,147.6337211262658,55.24776038607162,55.25201581187346,0.2566113565697341,475.0,-11.0
660,94.0,88.27972768688485,88.29108437726507,427.78143225982404,427.8672588089721,147.6337211262658,147.68116894390158,55.25201581187346,55.255448747231654,0.16439758108529676,475.0,-11.0
661,94.0,88.29108437726507,88.31180966725827,427.8672588089721,427.9420743432337,147.68116894390158,147.710935502313,55.255448747231654,55.25836660880813,0.14650550419735597,475.0,-11.0
662,94.0,88.31180966725827,88.26569207151125,427.9420743432337,427.955278379811,147.710935502313,147.76131873024667,55.25836660880813,55.26083523831569,0.12734090936500625,475.0,-11.0
663,94.0,88.26569207151125,88.2295872138491,427.955278379811,427.9874435647831,147.76131873024667,147.79346157586667,55.26083523831569,55.26292253367849,0.09789322352262265,475.0,-11.0
664,94.0,88.2295872138491,88.23963673667606,427.9874435647831,428.00133402068025,147.79346157586667,147.8398446087114,55.26292253367849,55.264723590249694,0.11504376885722661,475.0,-11.0
665,94.0,88.23963673667606,88.27272847162723,428.00133402068025,428.0127914861003,147.8398446087114,147.85843385411323,55.264723590249694,55.26619746326997,0.10637865947339878,475.0,-11.0
666,94.0,88.27272847162723,88.28927085148975,428.0127914861003,428.0288965155686,147.85843385411323,147.87907867614422,55.26619746326997,55.26737964414627,0.05891714075364348,475.0,-11.0
667,94.0,88.28927085148975,88.31096903965188,428.0288965155686,428.02262203386545,147.87907867614422,147.89273417912187,55.26737964414627,55.26840672977759,0.05389629963015802,475.0,-11.0
668,94.0,88.31096903965188,88.32742543955375,428.02262203386545,428.00888652073525,147.89273417912187,147.8989741022234,55.26840672977759,55.26929461890534,0.05995298693789676,475.0,-11.0
669,94.0,88.32742543955375,88.33056461763229,428.00888652073525,427.9924725705234,147.8989741022234,147.905677014422,55.26929461890534,55.270033022562785,0.05847772262396847,475.0,-11.0
670,94.0,88.33056461763229,88.33285807256479,427.9924725705234,427.98006366453745,147.905677014422,147.91183598573411,55.270033022562785,55.270631948556684,0.036884670716877135,475.0,-11.0
671,94.0,88.33285807256479,88.33733968214008,427.98006366453745,427.98154079713277,147.91183598573411,147.92252659190723,55.270631948556684,55.27114637831695,0.03340924571917599,475.0,-11.0
672,94.0,88.33733968214008,88.33982335105267,427.98154079713277,427.98541842126735,147.92252659190723,147.93102651212675,55.27114637831695,55.27158709983913,0.028913113914591154,475.0,-11.0
673,94.0,88.33982335105267,88.3410645108747,427.98541842126735,427.98571825886836,147.93102651212675,147.9389441228297,55.27158709983913,55.2719664479532,0.03261639085513733,475.0,-11.0
674,94.0,88.3410645108747,88.34232252892635,427.98571825886836,427.98343567840374,147.9389441228297,147.9446666293182,55.2719664479532,55.27227963720628,0.027007846494007892,475.0,-11.0
675,94.0,88.34232252892635,88.34728688880136,427.98343567840374,427.9833867339109,147.9446666293182,147.9448657570985,55.27227963720628,55.2725408588271,0.016046968475066044,475.0,-11.0
676,94.0,88.34728688880136,88.35078673427002,427.9833867339109,427.9856505271881,147.9448657570985,147.94409508582436,55.2725408588271,55.27277254226044,0.025041955988085698,475.0,-11.0
677,94.0,88.35078673427002,88.35219114137854,427.9856505271881,427.9869982953266,147.94409508582436,147.9415722954691,55.27277254226044,55.272960221773744,0.011808278357118283,475.0,-11.0
678,94.0,88.35219114137854,88.3512414866826,427.9869982953266,427.98574153070393,147.9415722954691,147.93934542758257,55.272960221773744,55.273127998237136,0.023606542725256238,475.0,-11.0
679,94.0,88.3512414866826,88.34965898830076,427.98574153070393,427.98561212172854,147.93934542758257,147.93833883184396,55.273127998237136,55.27325710172694,0.012103170885328952,475.0,-11.0
680,94.0,88.34965898830076,88.34847657472139,427.98561212172854,427.98563820563623,147.93833883184396,147.9374553482956,55.27325710172694,55.27336631886639,0.013489857648408855,475.0,-11.0
681,94.0,88.34847657472139,88.34861837403791,427.98563820563623,427.98463392900356,147.9374553482956,147.9372154905321,55.27336631886639,55.27345206834092,0.015176833311366933,475.0,-11.0
682,94.0,88.34861837403791,88.34915136696613,427.98463392900356,427.98445573392826,147.9372154905321,147.93709358730206,55.27345206834092,55.273508129867444,0.021440720510929896,475.0,-11.0
683,94.0,88.34915136696613,88.3492000897832,427.98445573392826,427.98450084178194,147.93709358730206,147.93716537076102,55.273508129867444,55.27352383945399,0.011383381259499514,475.0,-11.0
684,94.0,87.26979491883331,87.26960474938679,432.3107937869983,432.3108135303357,156.66190327724303,156.6621269352464,55.60036129138983,55.60039527790311,0.02274047286676387,481.0,11.0
685,94.0,87.96584365794469,87.96718233166247,433.87941822386836,433.87981836530525,163.41106664117237,163.41615664848692,55.8326446441575,55.83288071948888,0.006341639923448769,483.0,11.0
686,94.0,87.96718233166247,87.96826259124451,433.87981836530525,433.8800729610547,163.41615664848692,163.42662500722284,55.83288071948888,55.83335472498791,0.041903729618033445,483.0,11.0
687,94.0,87.96826259124451,87.97192054768297,433.8800729610547,433.87973925413434,163.42662500722284,163.43383234378035,55.83335472498791,55.83373838451907,0.022453224090755255,483.0,11.0
688,94.0,87.97192054768297,87.97384483160513,433.87973925413434,433.8753850786399,163.43383234378035,163.4387828434261,55.83373838451907,55.83407559983897,0.025223484187191083,483.0,11.0
689,94.0,87.97384483160513,87.97226370374777,433.8753850786399,433.87132696289274,163.4387828434261,163.44226505964457,55.83407559983897,55.8343625059431,0.030919568532731017,483.0,11.0
690,94.0,87.97226370374777,87.97603203094805,433.87132696289274,433.8729855528028,163.44226505964457,163.44246391153143,55.8343625059431,55.83459072962293,0.015288395769141242,483.0,11.0
691,94.0,87.97603203094805,87.97603567971603,433.8729855528028,433.87303087133495,163.44246391153143,163.4390040214612,55.83459072962293,55.83479122369064,0.009050122431803836,483.0,11.0
692,94.0,87.97603567971603,87.97695788092986,433.87303087133495,433.87161761969,163.4390040214612,163.43641887382805,55.83479122369064,55.83497569877197,0.0203039372633455,483.0,11.0
693,94.0,87.97695788092986,87.97892819008436,433.87161761969,433.8726927066735,163.43641887382805,163.43691816741847,55.83497569877197,55.83512501119508,0.012919836283961249,483.0,11.0
694,94.0,87.97892819008436,87.97928771153859,433.8726927066735,433.8731563552295,163.43691816741847,163.4386527364124,55.83512501119508,55.83525213115112,0.02174632389820814,483.0,11.0
695,94.0,87.97928771153859,87.97984820201603,433.8731563552295,433.87268045189876,163.4386527364124,163.43784287567115,55.83525213115112,55.83534060617131,0.01193516500165394,483.0,11.0
696,94.0,87.97984820201603,87.97988206940164,433.87268045189876,433.8733216897593,163.43784287567115,163.43815193746818,55.83534060617131,55.835405642350366,0.01427368489881779,483.0,11.0
697,94.0,87.97988206940164,87.98019719434684,433.8733216897593,433.87334840190323,163.43815193746818,163.43813728215963,55.835405642350366,55.83544150337411,0.021912066466063848,483.0,11.0
698,94.0,87.98019719434684,87.98019687585538,433.87334840190323,433.8733526989463,163.43813728215963,163.43813730025607,55.83544150337411,55.835443220905745,0.0017986795590952294,483.0,11.0
699,94.0,79.58145686285874,79.58079150143041,435.85680873552394,435.85727725301285,162.69099163270877,162.69115366543525,56.12099247267068,56.12104704485076,0.0029080071317326194,486.0,11.0
700,94.0,79.58079150143041,79.57931281629841,435.85727725301285,435.8587556333704,162.69115366543525,162.69104317811988,56.12104704485076,56.12118676764461,0.021388301311426924,486.0,11.0
701,94.0,79.57931281629841,79.57798438610419,435.8587556333704,435.85853838055334,162.69104317811988,162.69111807271298,56.12118676764461,56.121289293996234,0.022971524306048745,486.0,11.0
702,94.0,79.57798438610419,79.57751833488095,435.85853838055334,435.85819158185825,162.69111807271298,162.6913079771624,56.121289293996234,56.12134743440475,0.011154451598864449,486.0,11.0
703,94.0,79.57751833488095,79.57780689578456,435.85819158185825,435.85819777804943,162.6913079771624,162.69119100692083,56.12134743440475,56.12138286527213,0.021076627854829843,486.0,11.0
704,94.0,79.57780689578456,79.57781219896566,435.85819777804943,435.85820144759975,162.69119100692083,162.69119311709133,56.12138286527213,56.12138520269832,0.0024126573823057516,486.0,11.0
705,94.0,79.6124875182831,79.61246647515267,434.74107225083037,434.74105910018625,162.4931370401618,162.49310400162352,56.158804243368195,56.158810137306745,0.0014796343485520523,487.0,11.0
706,94.0,79.61246647515267,79.61240375429423,434.74105910018625,434.74100836949657,162.49310400162352,162.49302554534663,56.158810137306745,56.15882703602288,0.013092421021003865,487.0,11.0
707,94.0,79.61248677471998,79.6124829572071,434.74107069995307,434.7410668180037,162.4931351728643,162.49313007679916,56.158805073279105,56.15880756681681,0.002561816183730336,488.0,11.0
708,94.0,79.54283996544513,79.54278513280535,433.231905903637,433.2319279595269,163.5814386929419,163.581417617781,56.2209151771728,56.22092628447626,0.00932141868133026,491.0,11.0
709,94.0,78.92222997397316,78.92246675352189,432.8343536263066,432.8330742649914,163.57269495268264,163.57186837626546,56.24549867741708,56.24558683824834,0.0056822886499015455,493.0,11.0
710,94.0,78.92246675352189,78.9230755358716,432.8330742649914,432.83016262755143,163.57186837626546,163.5702318310941,56.24558683824834,56.24578455857304,0.023321663427710543,493.0,11.0
711,94.0,78.9230755358716,78.92271153186687,432.83016262755143,432.8277445049888,163.5702318310941,163.56990072167807,56.24578455857304,56.2459415759397,0.012065848604766824,493.0,11.0
712,94.0,78.92271153186687,78.92164858106862,432.8277445049888,432.82761497234605,163.56990072167807,163.5716149620152,56.2459415759397,56.24607785515591,0.009246902703262953,493.0,11.0
713,94.0,78.92164858106862,78.92164930130579,432.82761497234605,432.8281284104717,163.5716149620152,163.57000068779442,56.24607785515591,56.24619820778469,0.010082416962093171,493.0,11.0
714,94.0,78.92164930130579,78.92124214211415,432.8281284104717,432.82779481594997,163.57000068779442,163.56875763542556,56.24619820778469,56.24630082739271,0.01431128495185723,493.0,11.0
715,94.0,78.92124214211415,78.92075053045133,432.82779481594997,432.8273688930365,163.56875763542556,163.56816223461777,56.24630082739271,56.24637669771403,0.011290611077360384,493.0,11.0
716,94.0,78.92075053045133,78.92054286213803,432.8273688930365,432.8269582332073,163.56816223461777,163.56843660705218,56.24637669771403,56.24642948820204,0.011330646508438826,493.0,11.0
717,94.0,78.92054286213803,78.92061519287161,432.8269582332073,432.8267628644401,163.56843660705218,163.56857551075288,56.24642948820204,56.24645969141533,0.020734814300158784,493.0,11.0
718,94.0,78.92222825715356,78.92222193523374,432.8343544059568,432.8343555337933,163.57269541180176,163.57269968411293,56.245499319477275,56.245501871331335,0.00261708,494.0,11.0
719,94.0,88.64147530520167,88.63907893450273,426.81299046678504,426.8097372797821,145.5746003965508,145.57071481233282,55.36202572131482,55.3622741401166,0.006398701929016309,498.0,11.0
720,94.0,88.63907893450273,88.63469478914902,426.8097372797821,426.8029385804638,145.57071481233282,145.5631475827772,55.3622741401166,55.36276820127936,0.03665344420035421,498.0,11.0
721,94.0,88.63469478914902,88.63940045179577,426.8029385804638,426.7993215490598,145.5631475827772,145.5565171674103,55.36276820127936,55.36318216543637,0.02228891520581128,498.0,11.0
722,94.0,88.63940045179577,88.63890431509643,426.7993215490598,426.80108733716344,145.5565171674103,145.54909335163933,55.36318216543637,55.36354911325527,0.023012062069316358,498.0,11.0
723,94.0,88.63890431509643,88.63564300433698,426.80108733716344,426.7977879095255,145.54909335163933,145.54465579697606,55.36354911325527,55.3638690313935,0.020969353266759118,498.0,11.0
724,94.0,88.63564300433698,88.63781575217148,426.7977879095255,426.79561900014744,145.54465579697606,145.54025600159395,55.3638690313935,55.364147568095994,0.01837053420260845,498.0,11.0
725,94.0,88.63781575217148,88.63349055008243,426.79561900014744,426.7960613730901,145.54025600159395,145.53911476064542,55.364147568095994,55.364391104806764,0.01700520887000187,498.0,11.0
726,94.0,88.63349055008243,88.63304158074283,426.7960613730901,426.79640635829566,145.53911476064542,145.54280964903245,55.364391104806764,55.36460333718771,0.017240304934147355,498.0,11.0
727,94.0,88.63304158074283,88.63073968847232,426.79640635829566,426.79445587017756,145.54280964903245,145.542947431576,55.36460333718771,55.36478490317561,0.01535602689732685,498.0,11.0
728,94.0,88.63073968847232,88.63280588767904,426.79445587017756,426.79566155005625,145.542947431576,145.54333032277,55.36478490317561,55.364939872975114,0.013122931436066222,498.0,11.0
729,94.0,88.63280588767904,88.63220533058723,426.79566155005625,426.7962721023911,145.54333032277,145.54507172083348,55.364939872975114,55.36507229662051,0.019634160060224688,498.0,11.0
730,94.0,88.63220533058723,88.6318841700668,426.7962721023911,426.7966984032869,145.54507172083348,145.54621842083344,55.36507229662051,55.36517032357569,0.055116364166561085,498.0,11.0
731,94.0,93.4579720981379,93.45828784036726,429.8235101612906,429.8235912519796,145.98855505750313,145.98821521881004,55.55199106992864,55.55202668388418,0.0021747181979196663,500.0,11.0
732,94.0,93.45828784036726,93.45914937164157,429.8235912519796,429.82389177928536,145.98821521881004,145.98728803369775,55.55202668388418,55.5521266673906,0.012365691137465292,500.0,11.0
733,94.0,93.45914937164157,93.45862588404852,429.82389177928536,429.82319890512235,145.98728803369775,145.98751311824458,55.5521266673906,55.55220347967476,0.01495338752696366,500.0,11.0
734,94.0,93.45862588404852,93.45850101913445,429.82319890512235,429.82362515975035,145.98751311824458,145.98746198121023,55.55220347967476,55.55224969695258,0.028880314012123376,500.0,11.0
735,94.0,93.80982421429329,93.80997317637647,431.1625891167776,431.16255854436423,148.82780668137542,148.8281868960758,55.65735869392771,55.65739076042073,0.004876129534104051,502.0,11.0
736,94.0,93.80997317637647,93.81033072768463,431.16255854436423,431.1623590967438,148.8281868960758,148.8291663255384,55.65739076042073,55.65747737564456,0.02700702953975705,502.0,11.0
737,94.0,93.81033072768463,93.81024774201539,431.1623590967438,431.1624109037301,148.8291663255384,148.82942433627443,55.65747737564456,55.657509800730516,0.014231554826405667,502.0,11.0
738,94.0,93.81024774201539,93.81025594129174,431.1624109037301,431.1624552189228,148.82942433627443,148.82942799036914,55.657509800730516,55.65751859217795,0.0076898059864683975,502.0,11.0
739,94.0,92.2233740821253,92.22335790973007,433.8157624904311,433.8159003938923,147.19845335111035,147.1982675625217,55.77391987491842,55.773940733461956,0.00136419137823604,503.0,11.0
740,94.0,92.22335790973007,92.2234933017825,433.8159003938923,433.81614476900205,147.1982675625217,147.19761526361634,55.773940733461956,55.77400556841285,0.0168604695339462,503.0,11.0
741,94.0,92.2234933017825,92.22347926043884,433.81614476900205,433.8163998921491,147.19761526361634,147.1975921858811,55.77400556841285,55.77403631225853,0.013390333694385123,503.0,11.0
742,94.0,92.22347926043884,92.22348569055723,433.8163998921491,433.81636667361244,147.1975921858811,147.19756301191842,55.77403631225853,55.774045028990294,0.007635514313037498,503.0,11.0
743,94.0,91.89485776568814,91.89486171485777,433.3952396450053,433.3951787967788,148.09903375787252,148.09909562055796,55.808960336614795,55.808974361430366,0.011266795681578512,504.0,11.0
744,94.0,89.20183627723783,89.2020882780076,434.8151912253834,434.8159182047417,148.45097646932925,148.4510641987117,55.91118312448969,55.91123490983867,0.002966579170385654,506.0,11.0
745,94.0,89.2020882780076,89.20286570447868,434.8159182047417,434.8176761227504,148.4510641987117,148.45150350057725,55.91123490983867,55.911368826605475,0.013772934646801915,506.0,11.0
746,94.0,89.20286570447868,89.20259833299497,434.8176761227504,434.8184201241544,148.45150350057725,148.4502393687005,55.911368826605475,55.91147886615358,0.0106309160819296,506.0,11.0
747,94.0,89.20259833299497,89.20275211537717,434.8184201241544,434.81729450152807,148.4502393687005,148.45022004356917,55.91147886615358,55.9115697540469,0.051216269189769244,506.0,11.0
748,94.0,89.20183655394239,89.20183732833101,434.81519020881143,434.8151873638211,148.4509741479688,148.450967651382,55.91118395785679,55.91118637687882,0.002490847032286569,507.0,11.0
749,94.0,88.0611476745084,88.06565639126566,429.03151165119925,429.07153032758595,148.50670915552786,148.53372226606376,55.297237154254525,55.29892140324258,0.06541150716009309,510.0,11.0
750,94.0,88.06565639126566,88.09270530567957,429.07153032758595,429.13381481574925,148.53372226606376,148.5986375045582,55.29892140324258,55.3021945824119,0.17265319615763824,510.0,11.0
751,94.0,88.09270530567957,88.03864939905317,429.13381481574925,429.18177291832205,148.5986375045582,148.56956293218693,55.3021945824119,55.30493724470494,0.15433889463401138,510.0,11.0
752,94.0,88.03864939905317,87.99866469027816,429.18177291832205,429.19709157447124,148.56956293218693,148.61702687039767,55.30493724470494,55.3072176246135,0.15304362793381257,510.0,11.0
753,94.0,87.99866469027816,87.96953544951822,429.19709157447124,429.2383389636194,148.61702687039767,148.61869055364429,55.3072176246135,55.309053484739856,0.10154562685405889,510.0,11.0
754,94.0,87.96953544951822,87.98530483235211,429.2383389636194,429.2708720693123,148.61869055364429,148.63996579045323,55.309053484739856,55.31060381200283,0.13337242167251886,510.0,11.0
755,94.0,87.98530483235211,88.00610968607549,429.2708720693123,429.2700179119453,148.63996579045323,148.6632012981227,55.31060381200283,55.31179393442524,0.06089952443915606,510.0,11.0
756,94.0,88.00610968607549,88.02503307765338,429.2700179119453,429.25839801302993,148.6632012981227,148.67778454702434,55.31179393442524,55.31282762153901,0.0770468760748732,510.0,11.0
757,94.0,88.02503307765338,88.03070442175616,429.25839801302993,429.25123614180893,148.67778454702434,148.69654517722716,55.31282762153901,55.31366649187919,0.04383829286950269,510.0,11.0
758,94.0,88.03070442175616,88.03495368509888,429.25123614180893,429.2349871441976,148.69654517722716,148.7023325626336,55.31366649187919,55.31439792249737,0.05259283110178791,510.0,11.0
759,94.0,88.03495368509888,88.03154844622978,429.2349871441976,429.23915610660714,148.7023325626336,148.68918188932568,55.31439792249737,55.31500441178116,0.04534490753138476,510.0,11.0
760,94.0,88.03154844622978,88.03417343935413,429.23915610660714,429.250108910505,148.68918188932568,148.68804084617358,55.31500441178116,55.31550730931999,0.02897891486736951,510.0,11.0
761,94.0,88.03417343935413,88.04357391639215,429.250108910505,429.2483416052336,148.68804084617358,148.6876126497588,55.31550730931999,55.31594633554597,0.051063536888317135,510.0,11.0
762,94.0,88.04357391639215,88.04752042525563,429.2483416052336,429.25275955589643,148.6876126497588,148.6844270284841,55.31594633554597,55.31627809386201,0.030867590926795047,510.0,11.0
763,94.0,88.04752042525563,88.05148274136177,429.25275955589643,429.2494923642179,148.6844270284841,148.6850199279926,55.31627809386201,55.316548850955904,0.024820461171291074,510.0,11.0
764,94.0,88.05148274136177,88.05245855086955,429.2494923642179,429.2500840442789,148.6850199279926,148.68887759227854,55.316548850955904,55.31677297254187,0.021874841704071793,510.0,11.0
765,94.0,88.05245855086955,88.05255778776544,429.2500840442789,429.2471074486555,148.68887759227854,148.68972534107857,55.31677297254187,55.316957853978295,0.018010383503939378,510.0,11.0
766,94.0,88.05255778776544,88.05176615944507,429.2471074486555,429.2488802880408,148.68972534107857,148.6883248549659,55.316957853978295,55.31711151090021,0.031118520159630306,510.0,11.0
767,94.0,88.05176615944507,88.05291855846731,429.2488802880408,429.24909882802615,148.6883248549659,148.6877784666616,55.31711151090021,55.31721112108629,0.01167255259722787,510.0,11.0
768,94.0,88.05291855846731,88.05235595989157,429.24909882802615,429.24856041094336,148.6877784666616,148.68825444784656,55.31721112108629,55.31728888781835,0.013963487625306758,510.0,11.0
769,94.0,88.05235595989157,88.0520392698166,429.24856041094336,429.2488861049936,148.68825444784656,148.68843133082436,55.31728888781835,55.31733814069866,0.014027889252695012,510.0,11.0
770,94.0,88.0520392698166,88.05209356393587,429.2488861049936,429.2488795837433,148.68843133082436,148.68827556060458,55.31733814069866,55.31736044261672,0.016328371344305686,510.0,11.0
771,94.0,67.11087238091939,67.11096963911459,390.61831398385385,390.6181037165824,126.85743024597454,126.85729548592501,56.92562418525131,56.925647544925376,0.0018368022316557497,511.0,11.0
772,94.0,67.11096963911459,67.11110330970828,390.6181037165824,390.61745288226405,126.85729548592501,126.8568793798208,56.925647544925376,56.925717242746295,0.01067781965244276,511.0,11.0
773,94.0,67.11110330970828,67.11109236042937,390.61745288226405,390.6170799789575,126.8568793798208,126.85659932168036,56.925717242746295,56.92576492531146,0.025982180969559763,511.0,11.0
774,94.0,67.11109236042937,67.11110379942372,390.6170799789575,390.61708509730533,126.85659932168036,126.85660242926437,56.92576492531146,56.92576856654944,0.0036123157150606024,511.0,11.0
775,94.0,66.49134147698805,66.49132744036855,390.5442208576309,390.5441611328444,126.82441897123229,126.82445137472766,56.94646965538627,56.946481592035724,0.009884539488199484,512.0,11.0
776,94.0,60.29060967371147,60.290609373618715,393.33184020983776,393.33183862817134,126.09904133280938,126.09904381591086,57.17454634699974,57.174547682302794,0.0014020205920085497,513.0,11.0
777,94.0,59.67428529679377,59.6743040237699,393.7324300036863,393.73290667636627,125.8638637650243,125.86401036074415,57.200301756837185,57.20035186528929,0.01759003955055404,516.0,11.0
778,94.0,59.6743040237699,59.674367954709055,393.73290667636627,393.7328134331632,125.86401036074415,125.86402369422524,57.20035186528929,57.20036890562122,0.013180340543721074,516.0,11.0
779,94.0,60.33652099023743,60.336472886482305,398.6890932085417,398.68904065215077,119.33685843896517,119.33684637833247,57.47456141029193,57.474569241148046,0.0013659199612100876,518.0,11.0
780,94.0,60.336472886482305,60.33641629548847,398.68904065215077,398.68872294885136,119.33684637833247,119.33695449585784,57.474569241148046,57.47460705701059,0.02201122465072598,518.0,11.0
781,94.0,60.33641629548847,60.3364164260817,398.68872294885136,398.6887291954436,119.33695449585784,119.33695963827304,57.47460705701059,57.474609694294735,0.002697622574977524,518.0,11.0
782,94.0,62.72798523308916,62.72835502860105,399.86552238768587,399.86685803555775,119.40812269188056,119.40905115056896,57.56349341053083,57.5635870076232,0.0038362759378841632,520.0,11.0
783,94.0,62.72835502860105,62.72820843624953,399.86685803555775,399.86908727072927,119.40905115056896,119.41205839995726,57.5635870076232,57.56379958626043,0.019473752720992516,520.0,11.0
784,94.0,62.72820843624953,62.72762553616582,399.86908727072927,399.86726142284914,119.41205839995726,119.41428596019159,57.56379958626043,57.56397758554493,0.021117441226228786,520.0,11.0
785,94.0,62.72762553616582,62.725559284350325,399.86726142284914,399.8673019317887,119.41428596019159,119.41375907877261,57.56397758554493,57.564119138642276,0.019590216451460186,520.0,11.0
786,94.0,62.725559284350325,62.72426651902707,399.8673019317887,399.8676795943104,119.41375907877261,119.41323659327972,57.564119138642276,57.56422676333127,0.016983300705189948,520.0,11.0
787,94.0,62.72426651902707,62.724777920817544,399.8676795943104,399.8673088217661,119.41323659327972,119.4138583030314,57.56422676333127,57.564302910814,0.038565692259941,520.0,11.0
788,94.0,62.724777920817544,62.72478244117374,399.8673088217661,399.867287843641,119.4138583030314,119.41385927896428,57.564302910814,57.56430810617489,0.004930707649823486,520.0,11.0
789,94.0,62.72798443431007,62.727981847163754,399.86552023940146,399.86551361128625,119.40812163220808,119.4081190802378,57.56349423564125,57.56349675241142,0.002583861444282026,521.0,11.0
790,94.0,81.27030991184583,81.09404882409497,458.03162064119596,458.4175159833673,160.31304395554855,160.4153879521417,56.36516002585604,56.379733706761,0.6924603550608395,524.0,11.0
791,94.0,81.09404882409497,81.06011450911879,458.4175159833673,458.4664674303068,160.4153879521417,160.42743095167808,56.379733706761,56.381763346966004,0.12515621212998862,524.0,11.0
792,94.0,81.06011450911879,80.86817865962476,458.4664674303068,458.8910340723545,160.42743095167808,160.41049275497807,56.381763346966004,56.39738551076903,0.8660401472307558,524.0,11.0
793,94.0,80.86817865962476,80.78060114343296,458.8910340723545,459.25552259477735,160.41049275497807,160.4264773620556,56.39738551076903,56.40998097589223,0.8708283766501241,524.0,11.0
794,94.0,80.78060114343296,80.66939654715115,459.25552259477735,459.34876846031057,160.4264773620556,160.252227023118,56.40998097589223,56.41761964233553,0.42643758358122164,524.0,11.0
795,94.0,80.66939654715115,80.61317207773973,459.34876846031057,459.41467941439487,160.252227023118,160.16960469333492,56.41761964233553,56.4216664999605,0.18138855267581802,524.0,11.0
796,94.0,80.61317207773973,80.59722275049504,459.41467941439487,459.49163852257954,160.16960469333492,160.0240796378774,56.4216664999605,56.42730215084208,0.4547363883225045,524.0,11.0
797,94.0,80.59722275049504,80.5777919423828,459.49163852257954,459.444811765398,160.0240796378774,159.9310228989703,56.42730215084208,56.43095245969743,0.29276275301319077,524.0,11.0
798,94.0,80.5777919423828,80.5609692408598,459.444811765398,459.3860742801409,159.9310228989703,159.89367941322058,56.43095245969743,56.43348719833312,0.2177712162083123,524.0,11.0
799,94.0,80.5609692408598,80.58047243525027,459.3860742801409,459.337657588543,159.89367941322058,159.8903124099389,56.43348719833312,56.435382272716524,0.12231358439958936,524.0,11.0
800,94.0,80.58047243525027,80.59297531398944,459.337657588543,459.2976261355736,159.8903124099389,159.88963149606298,56.435382272716524,56.43693243716368,0.3701726833139061,524.0,11.0
801,94.0,80.59297531398944,80.58494963802852,459.2976261355736,459.28618326565555,159.88963149606298,159.8882276410573,56.43693243716368,56.43753315269688,0.03151285348073968,524.0,11.0
802,94.0,80.58494963802852,80.59017071600417,459.28618326565555,459.27534897379957,159.8882276410573,159.88817725806206,56.43753315269688,56.43806158566356,0.09661977299634984,524.0,11.0
803,94.0,80.59017071600417,80.59471403594512,459.27534897379957,459.2711111553279,159.88817725806206,159.88643309825855,56.43806158566356,56.438382794469504,0.022679537686834086,524.0,11.0
804,94.0,80.59471403594512,80.5993202104392,459.2711111553279,459.270170121266,159.88643309825855,159.88890810442837,56.438382794469504,56.438659263919156,0.019063359378975353,524.0,11.0
805,94.0,80.5993202104392,80.60199847991898,459.270170121266,459.27237498911643,159.88890810442837,159.89163813550965,56.438659263919156,56.43889951061451,0.023371622593252695,524.0,11.0
806,94.0,80.60199847991898,80.6024127735428,459.27237498911643,459.2756247998233,159.89163813550965,159.89075388688133,56.43889951061451,56.43909715724567,0.013121243981908509,524.0,11.0
807,94.0,80.6024127735428,80.60276213210722,459.2756247998233,459.2780644002848,159.89075388688133,159.89220639638714,56.43909715724567,56.43927173420667,0.020834407537048377,524.0,11.0
808,94.0,80.60276213210722,80.60163050990522,459.2780644002848,459.2785809733558,159.89220639638714,159.89386279237894,56.43927173420667,56.43941039922812,0.01272581335445036,524.0,11.0
809,94.0,80.60163050990522,80.60080322765023,459.2785809733558,459.27718939700816,159.89386279237894,159.893768875793,56.43941039922812,56.43952712083323,0.027104865289814827,524.0,11.0
810,94.0,80.60080322765023,80.60104580107159,459.27718939700816,459.2765007349135,159.893768875793,159.89375121827237,56.43952712083323,56.43959332814282,0.012176800016922708,524.0,11.0
811,94.0,80.60104580107159,80.60127122382444,459.2765007349135,459.2765256915911,159.89375121827237,159.89344420413573,56.43959332814282,56.439634470569345,0.024824702509475324,524.0,11.0
812,94.0,80.60127122382444,80.60127408293916,459.2765256915911,459.2765251982365,159.89344420413573,159.89344607918554,56.439634470569345,56.4396359510154,0.0015549594052728342,524.0,11.0
813,94.0,77.78162395225813,77.78089371189101,449.7830410488735,449.78197930618205,157.04836278155767,157.04776725069584,56.683129268147106,56.68321171704357,0.004004214322945906,525.0,11.0
814,94.0,77.78089371189101,77.7801864614251,449.78197930618205,449.7789986103764,157.04776725069584,157.0466423946512,56.68321171704357,56.68340380175491,0.021146141114105493,525.0,11.0
815,94.0,77.7801864614251,77.77793423412925,449.7789986103764,449.7780867578078,157.0466423946512,157.04665142651552,56.68340380175491,56.683559097004206,0.02466345409560158,525.0,11.0
816,94.0,77.77793423412925,77.77711681828873,449.7780867578078,449.77871641782747,157.04665142651552,157.0455029245925,56.683559097004206,56.68367186403183,0.01104181307429791,525.0,11.0
817,94.0,77.77711681828873,77.77623157593655,449.77871641782747,449.77816930838964,157.0455029245925,157.04604565677917,56.68367186403183,56.68376485749373,0.01551169124517993,525.0,11.0
818,94.0,77.77623157593655,77.7760738974003,449.77816930838964,449.7785077008266,157.04604565677917,157.04661119030027,56.68376485749373,56.68382755197996,0.011874246029324163,525.0,11.0
819,94.0,77.7760738974003,77.77635864889649,449.7785077008266,449.77870212040744,157.04661119030027,157.04657489158487,56.68382755197996,56.68386588604316,0.024391820486502187,525.0,11.0
820,94.0,77.84846998186302,77.8506654472311,449.7690618783769,449.7685048393156,157.10475921882136,157.10506631789104,56.6860835930111,56.686202557482275,0.014605673418708626,526.0,11.0
821,94.0,77.8506654472311,77.8548461415143,449.7685048393156,449.7685637825036,157.10506631789104,157.10702094282522,56.686202557482275,56.686450993202406,0.03195435805344572,526.0,11.0
822,94.0,77.8548461415143,77.85321936836608,449.7685637825036,449.7660965943231,157.10702094282522,157.10829751691634,56.686450993202406,56.68664117356019,0.013435776662876575,526.0,11.0
823,94.0,77.85321936836608,77.85508273572155,449.7660965943231,449.76504064885694,157.10829751691634,157.10668055311365,56.68664117356019,56.686807905962176,0.013281943668474756,526.0,11.0
824,94.0,77.85508273572155,77.85550195909778,449.76504064885694,449.76644969152187,157.10668055311365,157.10506811871466,56.686807905962176,56.68695176600472,0.014996737327374901,526.0,11.0
825,94.0,77.85550195909778,77.85566822147214,449.76644969152187,449.76498382615347,157.10506811871466,157.1043342251784,56.68695176600472,56.68706980281127,0.011879262830562414,526.0,11.0
826,94.0,77.85566822147214,77.85526040335229,449.76498382615347,449.7640202786887,157.1043342251784,157.10365832051224,56.68706980281127,56.68716677932326,0.013107281959710438,526.0,11.0
827,94.0,77.85526040335229,77.8551248677027,449.7640202786887,449.7647623703976,157.10365832051224,157.10333555781753,56.68716677932326,56.68723881218105,0.01468304753393523,526.0,11.0
828,94.0,77.8551248677027,77.85535658933942,449.7647623703976,449.7644834837353,157.10333555781753,157.1034820294173,56.68723881218105,56.68728069396999,0.015423624397357434,526.0,11.0
829,94.0,77.85535658933942,77.85530943294731,449.7644834837353,449.764459034477,157.1034820294173,157.10355170448003,56.68728069396999,56.687294805757375,0.011323412359858403,526.0,11.0
830,94.0,77.84847113527562,77.84847020164574,449.7690644178476,449.7690725528679,157.1047588570983,157.10475677830794,56.6860844752606,56.68608719175927,0.002771899878816319,527.0,11.0
831,94.0,81.06011450911879,80.96214418896885,458.4664674303068,458.60583427687163,160.42743095167808,160.51381770690597,56.381763346966004,56.38816767705109,0.30491379539045643,529.0,11.0
832,94.0,80.96214418896885,80.84382928218221,458.60583427687163,458.9296152148225,160.51381770690597,160.70815864925243,56.38816767705109,56.401445281808606,0.7338384470264282,529.0,11.0
833,94.0,80.84382928218221,81.02045673507749,458.9296152148225,459.03044404253615,160.70815864925243,160.93259819441235,56.401445281808606,56.41163169180141,0.5530121908647797,529.0,11.0
834,94.0,81.02045673507749,81.02153059971667,459.03044404253615,459.23516001961855,160.93259819441235,161.0838250538008,56.41163169180141,56.42022024173417,0.47384995457853407,529.0,11.0
835,94.0,81.02153059971667,81.03719268299196,459.23516001961855,459.28621815244986,161.0838250538008,161.14900388703444,56.42022024173417,56.42307550494197,0.15424275739089052,529.0,11.0
836,94.0,81.03719268299196,81.03242975989983,459.28621815244986,459.3932397077894,161.14900388703444,161.30392986088262,56.42307550494197,56.4294713679435,0.4600360377817637,529.0,11.0
837,94.0,81.03242975989983,81.07313770546776,459.3932397077894,459.49926587341935,161.30392986088262,161.38991189473612,56.4294713679435,56.434347988311515,0.3657514827845841,529.0,11.0
838,94.0,81.07313770546776,81.05864740157384,459.49926587341935,459.5723088513554,161.38991189473612,161.4666378687719,56.434347988311515,56.438050123503295,0.20742564345489933,529.0,11.0
839,94.0,81.05864740157384,80.99017826464205,459.5723088513554,459.62519638814246,161.4666378687719,161.454676428765,56.438050123503295,56.44110509651467,0.1862438226878449,529.0,11.0
840,94.0,80.99017826464205,80.99529499969793,459.62519638814246,459.69431282165397,161.454676428765,161.46603775744822,56.44110509651467,56.44359427422825,0.17563757895856696,529.0,11.0
841,94.0,80.99529499969793,80.96495095467229,459.69431282165397,459.7218565286192,161.46603775744822,161.42989968086508,56.44359427422825,56.445566808835146,0.10545451750137105,529.0,11.0
842,94.0,80.96495095467229,80.9459509275897,459.7218565286192,459.722439469297,161.42989968086508,161.3884438996368,56.445566808835146,56.44723906809884,0.11023455406897315,529.0,11.0
843,94.0,80.9459509275897,80.91398047743935,459.722439469297,459.72976174435644,161.3884438996368,161.3724139102591,56.44723906809884,56.44860740605987,0.0732330387566619,529.0,11.0
844,94.0,80.91398047743935,80.9069520998405,459.72976174435644,459.7282441688688,161.3724139102591,161.37857600155817,56.44860740605987,56.44896929783158,0.015475752416586233,529.0,11.0
845,94.0,80.9069520998405,80.8806881636886,459.7282441688688,459.73126146434134,161.37857600155817,161.38858111751682,56.44896929783158,56.45006060838183,0.0759567866244167,529.0,11.0
846,94.0,80.8806881636886,80.8643208581075,459.73126146434134,459.7448230928188,161.38858111751682,161.39615875194107,56.45006060838183,56.45095786308486,0.09858077816809883,529.0,11.0
847,94.0,80.8643208581075,80.86182289834515,459.7448230928188,459.73392801412393,161.39615875194107,161.40707073642943,56.45095786308486,56.451614228821576,0.032731766227533474,529.0,11.0
848,94.0,80.86182289834515,80.85737386673,459.73392801412393,459.74086774941696,161.40707073642943,161.41771217163551,56.451614228821576,56.4521940750466,0.03091170519422697,529.0,11.0
849,94.0,80.85737386673,80.84970221259054,459.74086774941696,459.73926936451363,161.41771217163551,161.42613215101477,56.4521940750466,56.45270356051207,0.025191499631558364,529.0,11.0
850,94.0,80.84970221259054,80.84125380559695,459.73926936451363,459.7419338306465,161.42613215101477,161.43071186717603,56.45270356051207,56.45315723750221,0.027034999791113318,529.0,11.0
851,94.0,80.84125380559695,80.8341959284929,459.7419338306465,459.74368060597345,161.43071186717603,161.434927554689,56.45315723750221,56.453552739122415,0.03380773511670944,529.0,11.0
852,94.0,80.8341959284929,80.83367980985852,459.74368060597345,459.7474053824579,161.434927554689,161.44031050561645,56.453552739122415,56.45387832789123,0.02128169118594243,529.0,11.0
853,94.0,80.83367980985852,80.83825659303415,459.7474053824579,459.7475933428312,161.44031050561645,161.44333244520686,56.45387832789123,56.45416173064999,0.08168197953816914,529.0,11.0
854,94.0,80.83825659303415,80.83882964054847,459.7475933428312,459.74615654097363,161.44333244520686,161.44204991715776,56.45416173064999,56.45429744742456,0.012442772002103107,529.0,11.0
855,94.0,80.83882964054847,80.83809791379274,459.74615654097363,459.74483827305846,161.44204991715776,161.44249572378038,56.45429744742456,56.45441166305976,0.011253389589921604,529.0,11.0
856,94.0,80.83809791379274,80.83800298744862,459.74483827305846,459.7450486594662,161.44249572378038,161.443667145172,56.45441166305976,56.454505786090635,0.014063011760013596,529.0,11.0
857,94.0,80.83800298744862,80.83822814675203,459.7450486594662,459.74574931339555,161.443667145172,161.44375633221972,56.454505786090635,56.45457271477266,0.015788785390090362,529.0,11.0
858,94.0,80.83822814675203,80.83811895105747,459.74574931339555,459.74595527957797,161.44375633221972,161.4435629037811,56.45457271477266,56.454607433187654,0.023120944673056504,529.0,11.0
859,94.0,80.61317207773973,80.61401990290926,459.41467941439487,459.42647154637245,160.16960469333492,160.17271847763502,56.4216664999605,56.42214471844222,0.021614476903896375,531.0,11.0
860,94.0,80.61401990290926,80.6076265720937,459.42647154637245,459.44944735982347,160.17271847763502,160.17399365462435,56.42214471844222,56.42308702211525,0.09898756859368947,531.0,11.0
861,94.0,80.6076265720937,80.59290938294723,459.44944735982347,459.45756070108484,160.17399365462435,160.1741317363754,56.42308702211525,56.423784980009465,0.031082424947430517,531.0,11.0
862,94.0,80.59290938294723,80.5793645009156,459.45756070108484,459.46330138445944,160.1741317363754,160.174218591112,56.423784980009465,56.42440924869518,0.03622910521416684,531.0,11.0
863,94.0,80.5793645009156,80.56943574085214,459.46330138445944,459.4670027932174,160.174218591112,160.18059221018217,56.42440924869518,56.424949872687954,0.06584471179696717,531.0,11.0
864,94.0,80.56943574085214,80.56165368987448,459.4670027932174,459.467483333092,160.18059221018217,160.18375538229537,56.424949872687954,56.425345730914664,0.02417478997862197,531.0,11.0
865,94.0,80.56165368987448,80.55810200312207,459.467483333092,459.4676863327453,160.18375538229537,160.18988157208875,56.425345730914664,56.4256912389892,0.03405119950898992,531.0,11.0
866,94.0,80.55810200312207,80.55751137451861,459.4676863327453,459.4633753766135,160.18988157208875,160.19298133626003,56.4256912389892,56.42596887931709,0.029110526035328547,531.0,11.0
867,94.0,80.55751137451861,80.55739294133592,459.4633753766135,459.4595751083219,160.19298133626003,160.1941945085867,56.42596887931709,56.426191674691204,0.01814477594089635,531.0,11.0
868,94.0,80.55739294133592,80.557908251559,459.4595751083219,459.45641384306117,160.1941945085867,160.19451538065536,56.426191674691204,56.42638184870594,0.026438886666152843,531.0,11.0
869,94.0,80.557908251559,80.55762604666067,459.45641384306117,459.45559140502945,160.19451538065536,160.19652767563827,56.42638184870594,56.4265261815349,0.016332968225333377,531.0,11.0
870,94.0,80.55762604666067,80.55842250928745,459.45559140502945,459.4544265190305,160.19652767563827,160.19730505522642,56.4265261815349,56.42664237015837,0.016143480557565357,531.0,11.0
871,94.0,80.55842250928745,80.5589673572413,459.4544265190305,459.4538896808032,160.19730505522642,160.19805441629472,56.42664237015837,56.42672951923552,0.016154881923955818,531.0,11.0
872,94.0,80.5589673572413,80.55849313016016,459.4538896808032,459.4539074194615,160.19805441629472,160.1977488378697,56.42672951923552,56.42678436764433,0.01698161314913471,531.0,11.0
873,94.0,80.55849313016016,80.55852640973197,459.4539074194615,459.4538634759335,160.1977488378697,160.19759793348754,56.42678436764433,56.426806232807394,0.01607566343126434,531.0,11.0
874,94.0,79.46983673683447,79.46607245968406,458.6928873138187,458.6931297111981,157.08554950336037,157.0834043264442,56.53585120273017,56.536052368179334,0.007030623488795771,533.0,11.0
875,94.0,79.46607245968406,79.45913399606226,458.6931297111981,458.6938971478012,157.0834043264442,157.07829307454864,56.536052368179334,56.536457126108516,0.03433190966301815,533.0,11.0
876,94.0,79.45913399606226,79.46280825816604,458.6938971478012,458.69004995334706,157.07829307454864,157.07410996369714,56.536457126108516,56.53679047761018,0.037637558038735835,533.0,11.0
877,94.0,79.46280825816604,79.4628230802211,458.69004995334706,458.6853832734665,157.07410996369714,157.07555147590068,56.53679047761018,56.53704978565823,0.022720694036238862,533.0,11.0
878,94.0,79.4628230802211,79.46384118889713,458.6853832734665,458.6818846740367,157.07555147590068,157.0768024196286,56.53704978565823,56.537266811668445,0.03267787327253778,533.0,11.0
879,94.0,79.46384118889713,79.46289764295557,458.6818846740367,458.67967595255385,157.0768024196286,157.0775644553444,56.537266811668445,56.53742619095752,0.024228600890798046,533.0,11.0
880,94.0,79.46289764295557,79.46245755707136,458.67967595255385,458.67812640896335,157.0775644553444,157.07787459249442,56.53742619095752,56.53754385956675,0.016132280948581913,533.0,11.0
881,94.0,79.46245755707136,79.4614967498269,458.67812640896335,458.67810641505577,157.07787459249442,157.07840743227834,56.53754385956675,56.53763262075292,0.014362080506211444,533.0,11.0
882,94.0,79.4614967498269,79.46087999831167,458.67810641505577,458.67828646488704,157.07840743227834,157.07843693377276,56.53763262075292,56.53769297131518,0.011772161624678675,533.0,11.0
883,94.0,79.46087999831167,79.46064212426998,458.67828646488704,458.6781738408449,157.07843693377276,157.07825151229588,56.53769297131518,56.53772927613921,0.015662670061737254,533.0,11.0
884,94.0,79.46064212426998,79.46064178797066,458.6781738408449,458.67820315685583,157.07825151229588,157.07820952110163,56.53772927613921,56.5377388828941,0.008275847935122236,533.0,11.0
885,94.0,79.4698374366941,79.46984042331374,458.6928891025028,458.69289280023486,157.0855479822243,157.08554303461912,56.53585200368703,56.53585435885875,0.002429708778735731,534.0,11.0
886,94.0,76.8910461835336,76.89087800741162,462.7630904152144,462.7631191233485,155.21059024426458,155.2103653315125,56.656981216266196,56.65701418710561,0.013099347156289637,537.0,11.0
887,94.0,76.89087800741162,76.89082331965133,462.7631191233485,462.76314201356934,155.2103653315125,155.21035417986496,56.65701418710561,56.65702498575821,0.009109489520457535,537.0,11.0
888,94.0,79.75395745029132,79.75499295768391,461.9919618927091,461.9921728506777,158.31540544537842,158.3165691850781,56.800195448146134,56.80030964871727,0.009853803957295008,539.0,11.0
889,94.0,79.75499295768391,79.75595117708033,461.9921728506777,461.99290303247716,158.3165691850781,158.31627603097508,56.80030964871727,56.8004063095487,0.012498687855861085,539.0,11.0
890,94.0,79.75595117708033,79.75656972722285,461.99290303247716,461.9926180423924,158.31627603097508,158.31675795197026,56.8004063095487,56.800479214321356,0.021070211573729333,539.0,11.0
891,94.0,79.75656972722285,79.75633601933703,461.9926180423924,461.9926087086513,158.31675795197026,158.3168508138383,56.800479214321356,56.80050952880027,0.020794817116852,539.0,11.0
892,94.0,79.74878066954376,79.74878162796433,461.9875740757748,461.98757001563126,158.31467021608154,158.31467534397308,56.80036825438964,56.80037055045759,0.0023728128063487436,542.0,11.0
893,94.0,80.87256942851923,80.8726557593141,459.88987955096917,459.8898358852651,161.49358666366095,161.49364360168693,56.45569083183118,56.455707701013374,0.013074063010216248,548.0,11.0
894,94.0,80.87254389423637,80.87254659039958,459.88989802686854,459.88990462151185,161.4935646466203,161.4935620399727,56.45568609312312,56.45568861615298,0.0025897946468717717,549.0,11.0
895,94.0,81.04517881309503,81.04508221165521,459.31069870600396,459.3105572357728,161.184240888037,161.1842482069673,56.42453981734078,56.424562741703454,0.016686555308774775,553.0,11.0
896,94.0,81.0452056961595,81.04520791250522,459.3107436459075,459.3107387299427,161.18425050755067,161.1842482572883,56.42453341466314,56.42453552549126,0.0021924372888829056,554.0,11.0
897,94.0,80.74829457738574,80.74799395839267,460.57638263253045,460.5762914264781,162.28536294128222,162.28553864205466,56.4807525054436,56.48077835794151,0.00202906548060986,558.0,11.0
898,94.0,80.74799395839267,80.74649648997469,460.5762914264781,460.5761333642905,162.28553864205466,162.28511759744907,56.48077835794151,56.48089212895279,0.015159243151963053,558.0,11.0
899,94.0,80.74649648997469,80.7463491047266,460.5761333642905,460.57604109416724,162.28511759744907,162.28407418876807,56.48089212895279,56.4809785264166,0.017018559572417623,558.0,11.0
900,94.0,80.7463491047266,80.7459291182922,460.57604109416724,460.576353548921,162.28407418876807,162.28400505536553,56.4809785264166,56.48103075462471,0.01664339139410712,558.0,11.0
901,94.0,80.7459291182922,80.74578507033151,460.576353548921,460.57636244815905,162.28400505536553,162.28401823784927,56.48103075462471,56.48105104489885,0.015150867503547442,558.0,11.0
902,94.0,80.7482968389403,80.74830378969455,460.57638323138025,460.57638509270845,162.28536393512135,162.28536746220584,56.480753336387885,56.48075595608481,0.00268108,559.0,11.0
903,94.0,88.829254436219,88.82852490937071,426.53323717569094,426.53473853411253,147.17333669007544,147.1726837379126,55.19869376380631,55.19879309044902,0.004754344651802089,562.0,11.0
904,94.0,88.82852490937071,88.82648261049731,426.53473853411253,426.5379111090144,147.1726837379126,147.17170487431628,55.19879309044902,55.199012016325725,0.014181834712545633,562.0,11.0
905,94.0,88.82648261049731,88.82428236189278,426.5379111090144,426.53548755303564,147.17170487431628,147.17132801440448,55.199012016325725,55.19920545385985,0.01771457478328452,562.0,11.0
906,94.0,88.82428236189278,88.82683052565743,426.53548755303564,426.53594852077305,147.17132801440448,147.17130853045134,55.19920545385985,55.199367978399216,0.015898610638382122,562.0,11.0
907,94.0,88.82683052565743,88.82867800964334,426.53594852077305,426.5365354259182,147.17130853045134,147.17082335689244,55.199367978399216,55.19950316427468,0.011827700645459729,562.0,11.0
908,94.0,88.82867800964334,88.82962723670038,426.5365354259182,426.5373888514773,147.17082335689244,147.1717591685264,55.19950316427468,55.199617914482815,0.014822818982590894,562.0,11.0
909,94.0,88.82962723670038,88.82879036096563,426.5373888514773,426.5367921152386,147.1717591685264,147.17211282570676,55.199617914482815,55.199705995540256,0.01420526755609336,562.0,11.0
910,94.0,88.82879036096563,88.82833718937148,426.5367921152386,426.53639089048266,147.17211282570676,147.1723111669036,55.199705995540256,55.19976591783798,0.01493406093853187,562.0,11.0
911,94.0,88.82833718937148,88.8281732953847,426.53639089048266,426.5365751378581,147.1723111669036,147.17232393286622,55.19976591783798,55.19979581537595,0.020569686512849836,562.0,11.0
912,94.0,88.19702934793801,88.19612124729312,430.0806707937958,430.0828483867311,151.1238204542821,151.1248259745326,55.37705019482795,55.377181211644654,0.005035767517371926,564.0,11.0
913,94.0,88.19612124729312,88.19444159572677,430.0828483867311,430.08701153780595,151.1248259745326,151.12800743096025,55.377181211644654,55.37746519212697,0.019017175249575025,564.0,11.0
914,94.0,88.19444159572677,88.19695562381472,430.08701153780595,430.0906993854337,151.12800743096025,151.12909724799843,55.37746519212697,55.37771277211364,0.018683895489580295,564.0,11.0
915,94.0,88.19695562381472,88.19919289651548,430.0906993854337,430.09311314165933,151.12909724799843,151.12728193547815,55.37771277211364,55.377925867535396,0.017761713539482898,564.0,11.0
916,94.0,88.19919289651548,88.19904600945223,430.09311314165933,430.0954224478961,151.12728193547815,151.1253436908498,55.377925867535396,55.37810735536379,0.018274467467857176,564.0,11.0
917,94.0,88.19904600945223,88.19935841556207,430.0954224478961,430.0947546094709,151.1253436908498,151.12315293483084,55.37810735536379,55.37825722603099,0.018934778589490872,564.0,11.0
918,94.0,88.19935841556207,88.19839138280915,430.0947546094709,430.0936251862915,151.12315293483084,151.1224789563817,55.37825722603099,55.37837449510318,0.01488801202266118,564.0,11.0
919,94.0,88.19839138280915,88.19792746962563,430.0936251862915,430.0926438013083,151.1224789563817,151.12215778034354,55.37837449510318,55.37846514444799,0.015615218577668026,564.0,11.0
920,94.0,88.19792746962563,88.19749820584164,430.0926438013083,430.09304244341746,151.12215778034354,151.1219101954118,55.37846514444799,55.37852500171169,0.01466221294392283,564.0,11.0
921,94.0,88.19749820584164,88.19749432361026,430.09304244341746,430.0931722006908,151.1219101954118,151.12212615942497,55.37852500171169,55.378555344583525,0.020810119885884534,564.0,11.0
922,94.0,88.70075620875491,88.69882066606408,430.6419323950734,430.64551591402494,152.47455244632744,152.48441417661078,55.428652811009606,55.42908041942085,0.013698721954967347,567.0,11.0
923,94.0,88.69882066606408,88.69398913371771,430.64551591402494,430.6507029673734,152.48441417661078,152.5034781800508,55.42908041942085,55.42990110777361,0.04868466061755332,567.0,11.0
924,94.0,88.69398913371771,88.70111409700827,430.6507029673734,430.66417740384594,152.5034781800508,152.5108313760521,55.42990110777361,55.43060316697515,0.054904872022680754,567.0,11.0
925,94.0,88.70111409700827,88.70655497455309,430.66417740384594,430.6596287558894,152.5108313760521,152.49961937817642,55.43060316697515,55.43117608063599,0.10234875816106971,567.0,11.0
926,94.0,88.70655497455309,88.71025248760877,430.6596287558894,430.65831301771277,152.49961937817642,152.49360691677344,55.43117608063599,55.4315252527817,0.034668595039324464,567.0,11.0
927,94.0,88.71025248760877,88.71272208638491,430.65831301771277,430.65471510963835,152.49360691677344,152.49042713725058,55.4315252527817,55.431805160745114,0.022091522438238406,567.0,11.0
928,94.0,88.71272208638491,88.71065282768024,430.65471510963835,430.6525517222616,152.49042713725058,152.487260889109,55.431805160745114,55.432043072363086,0.025906636527531765,567.0,11.0
929,94.0,88.71065282768024,88.7087015873387,430.6525517222616,430.6501657718233,152.487260889109,152.48627341206225,55.432043072363086,55.43223400058685,0.014830211751699419,567.0,11.0
930,94.0,88.7087015873387,88.70945753155694,430.6501657718233,430.6476361732613,152.48627341206225,152.48645007613246,55.43223400058685,55.43239905544232,0.023579154248538816,567.0,11.0
931,94.0,88.70945753155694,88.71050647466048,430.6476361732613,430.6464596059046,152.48645007613246,152.48562830466102,55.43239905544232,55.432523553120234,0.015327944125100317,567.0,11.0
932,94.0,88.71050647466048,88.71109762089868,430.6464596059046,430.64563798493157,152.48562830466102,152.4863701056758,55.432523553120234,55.432621037730684,0.01872357162428506,567.0,11.0
933,94.0,88.71109762089868,88.71049290324387,430.64563798493157,430.64554488776986,152.4863701056758,152.48613696239642,55.432621037730684,55.4326821802217,0.025101962731745437,567.0,11.0
934,94.0,88.71049290324387,88.71043313951904,430.64554488776986,430.6455882883596,152.48613696239642,152.48609854890256,55.4326821802217,55.432695783929915,0.010991670421966134,567.0,11.0
935,94.0,88.90886994713954,88.9090107894021,430.57937782145456,430.5795337632816,152.40303075809427,152.40282639814487,55.4362840514704,55.436308994830185,0.0010634504277157216,568.0,11.0
936,94.0,88.9090107894021,88.90930677578457,430.5795337632816,430.57999315575563,152.40282639814487,152.4021330674497,55.436308994830185,55.436384926891954,0.013084523333684525,568.0,11.0
937,94.0,88.90930677578457,88.90892844075874,430.57999315575563,430.5797812591883,152.4021330674497,152.4023525514623,55.436384926891954,55.43643406939853,0.020655312031302685,568.0,11.0
938,94.0,88.90892844075874,88.90895427568678,430.5797812591883,430.57983739242206,152.4023525514623,152.4023278295162,55.43643406939853,55.436445655309576,0.009647481046586671,568.0,11.0
939,94.0,90.41153071447722,90.4113707721871,427.5655814903824,427.56551147551806,152.31313639936346,152.3132268688619,55.5486643574018,55.54868968457416,0.018050084484865003,569.0,11.0
940,94.0,102.86017714362872,102.8610443459975,418.71810262477595,418.7178614127132,145.6344075934458,145.63435966786975,56.10466968559935,56.104728051063,0.0013655204362248922,571.0,11.0
941,94.0,102.8610443459975,102.86311514638392,418.7178614127132,418.71693888287683,145.63435966786975,145.6345016099074,56.104728051063,56.104876070952876,0.01124904310302546,571.0,11.0
942,94.0,102.86311514638392,102.86415399159735,418.71693888287683,418.7157120953017,145.6345016099074,145.63355887157252,56.104876070952876,56.10500477281936,0.015493834243581922,571.0,11.0
943,94.0,102.86415399159735,102.86518176231523,418.7157120953017,418.7155870483498,145.63355887157252,145.6327230440588,56.10500477281936,56.10510635985441,0.014144986972573832,571.0,11.0
944,94.0,102.86518176231523,102.86548299763726,418.7155870483498,418.71635476521186,145.6327230440588,145.6324500072962,56.10510635985441,56.105181418710785,0.012468134233910777,571.0,11.0
945,94.0,102.86548299763726,102.86543241858578,418.71635476521186,418.7163172736493,145.6324500072962,145.63196317113287,56.105181418710785,56.1052309231271,0.019069567497151493,571.0,11.0
946,94.0,102.86543241858578,102.86545037989083,418.7163172736493,418.7162665496527,145.63196317113287,145.63189259848826,56.1052309231271,56.1052451658299,0.011408504222361903,571.0,11.0
947,94.0,98.70168158790423,98.70027859067719,416.788366821006,416.7873204830066,142.202014958985,142.2015492375526,56.29570113163038,56.29580096797949,0.005974483731574323,573.0,11.0
948,94.0,98.70027859067719,98.69805188545382,416.7873204830066,416.78535803861814,142.2015492375526,142.19897421094058,56.29580096797949,56.296021202334316,0.013860026535254366,573.0,11.0
949,94.0,98.69805188545382,98.6974158429222,416.78535803861814,416.7853404043793,142.19897421094058,142.19569744966333,56.296021202334316,56.29621648248629,0.015290590290099632,573.0,11.0
950,94.0,98.6974158429222,98.69642926813844,416.7853404043793,416.7832340531897,142.19569744966333,142.19428072622944,56.29621648248629,56.29638498877601,0.014044957682374475,573.0,11.0
951,94.0,98.69642926813844,98.69489592224507,416.7832340531897,416.78181467281854,142.19428072622944,142.19494221296262,56.29638498877601,56.29652930009551,0.013466736379437764,573.0,11.0
952,94.0,98.69489592224507,98.69352706465625,416.78181467281854,416.7809420024986,142.19494221296262,142.19440498949783,56.29652930009551,56.296650449512484,0.010947592505262104,573.0,11.0
953,94.0,98.69352706465625,98.69393724947517,416.7809420024986,416.78133233787383,142.19440498949783,142.1931945531948,56.296650449512484,56.296752342497214,0.011558784004821425,573.0,11.0
954,94.0,98.69393724947517,98.69340124420476,416.78133233787383,416.78067289404237,142.1931945531948,142.19275416039065,56.296752342497214,56.296832802427765,0.035505964200306425,573.0,11.0
955,94.0,98.69340124420476,98.69335792185406,416.78067289404237,416.7806312727952,142.19275416039065,142.1927959626119,56.296832802427765,56.296845204860084,0.010197008727974563,573.0,11.0
956,94.0,98.70168343452777,98.70168919168171,416.7883666609447,416.788366161927,142.20201670914508,142.20202216555833,56.295701964997484,56.29570456988666,0.0026671366482288812,574.0,11.0
957,94.0,100.3959150650995,100.39592582764517,437.07979364475216,437.07982192524867,146.24672165003682,146.2467182706593,36.42754389379734,36.42755053488149,0.00608231967396557,578.0,11.0
958,94.0,100.39591342340302,100.39591480674872,437.0797826070701,437.0797775225422,146.2467242951647,146.24673014637764,36.42754263425737,36.427545222575674,0.002651516357681642,579.0,11.0
959,94.0,112.64980376919388,112.64979035715787,459.46714556693524,459.46709489671895,149.5971481046389,149.59708652628925,35.421316220722105,35.42132954332753,0.010807065818069252,583.0,11.0
960,94.0,112.64981596272885,112.64981715929488,459.4671484170907,459.46714680556886,149.59717323832547,149.59717957638992,35.42131282487971,35.42131512991083,0.002381460471076767,584.0,11.0
