,event,pixel_x,pixel_y,reset_time,TSLR,nMCParticles,MC_TrackIDs,MC_Weights
0,14,133,1081,0.0001797030934512763,0.0001797030934512763,3,"[159, 199, 231]","[1804, 4443, 13]"
1,14,133,1081,0.0001805130934512759,8.099999999995806e-07,2,"[159, 199]","[4161, 2094]"
2,14,133,1081,0.0001812830934512755,7.699999999996013e-07,3,"[159, 199, 201]","[4911, 934, 447]"
3,14,133,1081,0.00018174309345127525,4.599999999997618e-07,3,"[159, 199, 201]","[2458, 258, 3542]"
4,14,133,1081,0.00018208309345127508,3.3999999999982395e-07,3,"[159, 199, 201]","[1297, 94, 4854]"
5,14,133,1081,0.00018248309345127487,3.999999999997929e-07,4,"[159, 160, 199, 201]","[737, 2, 51, 5473]"
6,14,133,1081,0.0001834130934512744,9.299999999995185e-07,4,"[159, 160, 199, 201]","[189, 1825, 21, 4219]"
7,14,133,1081,0.0001843330934512739,9.199999999995236e-07,5,"[159, 160, 201, 343, 345]","[4, 6158, 12, 4, 1]"
8,14,133,1082,0.00017899326481175248,0.00017899326481175248,3,"[159, 221, 231]","[4276, 487, 1487]"
9,14,133,1082,0.00018014326481175189,1.1499999999994045e-06,2,"[159, 221]","[6045, 226]"
10,14,133,1082,0.00018274326481175054,2.5999999999986537e-06,3,"[159, 160, 201]","[1900, 7, 4326]"
11,14,134,1080,0.00018398972781171708,0.00018398972781171708,7,"[159, 160, 162, 199, 339, 343, 345]","[240, 2572, 142, 3313, 1, 18, 1]"
12,14,134,1080,0.00018558972781171625,1.5999999999991715e-06,4,"[159, 160, 162, 343]","[173, 4829, 1207, 12]"
13,14,134,1081,0.0001796299526147105,0.0001796299526147105,3,"[159, 199, 231]","[879, 5382, 24]"
14,14,134,1081,0.0001803899526147101,7.599999999996065e-07,2,"[159, 199]","[1206, 5069]"
15,14,134,1081,0.00018102995261470978,6.399999999996686e-07,3,"[159, 199, 201]","[1327, 4916, 18]"
16,14,134,1081,0.00018147995261470954,4.49999999999767e-07,3,"[159, 199, 201]","[1659, 4205, 316]"
17,14,134,1081,0.00018182995261470936,3.4999999999981877e-07,3,"[159, 199, 201]","[2125, 3567, 621]"
18,14,134,1081,0.0001821299526147092,2.9999999999984466e-07,3,"[159, 199, 201]","[2713, 3032, 558]"
19,14,134,1081,0.00018241995261470906,2.8999999999984984e-07,6,"[159, 160, 199, 201, 339, 340]","[3299, 9, 2566, 418, 3, 1]"
20,14,134,1081,0.0001826999526147089,2.79999999999855e-07,7,"[159, 160, 199, 201, 339, 340, 343]","[3536, 137, 2093, 368, 1, 2, 1]"
21,14,134,1081,0.00018299995261470876,2.9999999999984466e-07,7,"[159, 160, 199, 201, 339, 340, 345]","[3713, 1104, 1306, 263, 6, 3, 2]"
22,14,134,1081,0.00018323995261470863,2.3999999999987573e-07,9,"[159, 160, 162, 199, 201, 339, 340, 343, 345]","[2713, 2912, 1, 438, 53, 7, 1, 5, 28]"
23,14,134,1081,0.00018342995261470853,1.8999999999990162e-07,9,"[159, 160, 162, 199, 201, 339, 340, 343, 345]","[1865, 4078, 3, 127, 5, 5, 2, 10, 64]"
24,14,134,1081,0.00018359995261470844,1.6999999999991197e-07,7,"[159, 160, 162, 199, 343, 345, 346]","[1558, 4785, 35, 26, 27, 170, 1]"
25,14,134,1081,0.00018374995261470837,1.4999999999992233e-07,9,"[159, 160, 162, 199, 339, 340, 343, 345, 346]","[1330, 4473, 84, 6, 2, 1, 44, 176, 2]"
26,14,134,1081,0.00018390995261470828,1.5999999999991715e-07,8,"[159, 160, 162, 199, 339, 343, 345, 346]","[1406, 4388, 232, 3, 1, 62, 235, 3]"
27,14,134,1081,0.0001840799526147082,1.6999999999991197e-07,6,"[159, 160, 162, 343, 345, 346]","[1435, 3788, 521, 66, 215, 3]"
28,14,134,1081,0.0001842799526147081,1.9999999999989644e-07,6,"[159, 160, 162, 343, 345, 346]","[1764, 3271, 1075, 54, 148, 2]"
29,14,134,1081,0.00018451995261470797,2.3999999999987573e-07,5,"[159, 160, 162, 343, 345]","[1990, 2692, 1485, 22, 80]"
30,14,134,1081,0.00018479995261470782,2.79999999999855e-07,5,"[159, 160, 162, 343, 345]","[2263, 2738, 1140, 7, 10]"
31,14,134,1081,0.00018514995261470764,3.4999999999981877e-07,5,"[159, 160, 162, 343, 345]","[2596, 3266, 377, 3, 1]"
32,14,134,1081,0.00018552995261470745,3.7999999999980324e-07,3,"[159, 160, 162]","[2464, 3698, 30]"
33,14,134,1081,0.00018595995261470722,4.2999999999977735e-07,2,"[159, 160]","[2410, 3833]"
34,14,134,1081,0.00018650995261470694,5.499999999997152e-07,2,"[159, 160]","[2602, 3644]"
35,14,134,1082,0.00017816138222198006,0.00017816138222198006,2,"[159, 231]","[4257, 2051]"
36,14,134,1082,0.00017839138222197994,2.299999999998809e-07,1,[159],[6534]
37,14,134,1082,0.00017855138222197986,1.5999999999991715e-07,1,[159],[5918]
38,14,134,1082,0.00017872138222197977,1.6999999999991197e-07,1,[159],[6311]
39,14,134,1082,0.00017892138222197967,1.9999999999989644e-07,1,[159],[6335]
40,14,134,1082,0.0001792713822219795,3.4999999999981877e-07,1,[159],[6160]
41,14,134,1082,0.0001831213822219775,3.8499999999980065e-06,3,"[159, 160, 201]","[3544, 2249, 416]"
42,14,134,1082,0.00018381138222197714,6.899999999996427e-07,3,"[160, 201, 345]","[6239, 6, 1]"
43,14,134,1083,0.00017875669968254733,0.00017875669968254733,2,"[159, 231]","[6314, 1]"
44,14,135,1081,0.00018593629757514483,0.00018593629757514483,6,"[159, 160, 162, 199, 340, 345]","[3086, 2944, 224, 4, 1, 31]"
45,14,135,1081,0.00018679629757514438,8.599999999995547e-07,2,"[159, 160]","[2855, 3411]"
46,14,135,1082,0.0001789657358363717,0.0001789657358363717,1,[159],[6288]
47,14,135,1083,0.00017920691269363292,0.00017920691269363292,1,[159],[6264]
48,14,208,1076,0.000835511237232701,0.000835511237232701,1,[73],[6258]
49,14,212,1088,0.0008836721235116007,0.0008836721235116007,4,"[23, 39, 67, 70]","[1517, 4762, 4, 2]"
50,14,212,1089,0.000883034302242457,0.000883034302242457,4,"[23, 39, 67, 70]","[3466, 2880, 1, 2]"
51,14,212,1089,0.0008835743022424596,5.400000000026477e-07,3,"[23, 39, 67]","[2128, 4072, 3]"
52,14,212,1089,0.0008841943022424627,6.2000000000304e-07,4,"[23, 39, 67, 70]","[1513, 4762, 4, 3]"
53,14,213,1088,0.0008849666189836031,0.0008849666189836031,2,"[23, 39]","[5008, 1252]"
54,14,213,1089,0.0008832001776386671,0.0008832001776386671,2,"[23, 39]","[5457, 811]"
55,14,213,1089,0.0008838601776386704,6.600000000032361e-07,3,"[23, 39, 67]","[5362, 943, 1]"
56,14,213,1089,0.0008844701776386734,6.10000000002991e-07,2,"[23, 39]","[5604, 607]"
57,14,213,1089,0.0008851201776386765,6.500000000031871e-07,2,"[23, 39]","[6021, 210]"
58,14,213,1089,0.0008859901776386808,8.700000000042658e-07,2,"[23, 39]","[6250, 33]"
59,14,213,1089,0.0008878201776386898,1.8300000000089729e-06,2,"[23, 38]","[6142, 61]"
60,14,213,1090,0.0008862239188383579,0.0008862239188383579,3,"[23, 38, 39]","[6074, 102, 74]"
61,14,213,1090,0.0008869939188383617,7.700000000037755e-07,2,"[23, 38]","[5451, 868]"
62,14,213,1090,0.0008875239188383643,5.300000000025987e-07,3,"[23, 37, 38]","[4853, 1, 1386]"
63,14,213,1090,0.0008881039188383672,5.800000000028439e-07,3,"[23, 37, 38]","[4595, 2, 1640]"
64,14,213,1091,0.000887897709265924,0.000887897709265924,4,"[23, 37, 38, 84]","[4144, 25, 2108, 1]"
65,14,213,1091,0.0008888077092659285,9.100000000044619e-07,3,"[23, 37, 38]","[5114, 234, 893]"
66,14,214,1089,0.0008868276637563062,0.0008868276637563062,3,"[23, 38, 39]","[6253, 3, 1]"
67,14,214,1090,0.0008877787199582919,0.0008877787199582919,4,"[23, 37, 38, 84]","[5792, 10, 469, 1]"
68,14,214,1091,0.0008884468111448189,0.0008884468111448189,4,"[23, 37, 38, 84]","[5176, 662, 443, 4]"
69,14,214,1091,0.0008890568111448219,6.10000000002991e-07,4,"[23, 37, 38, 84]","[4961, 1304, 35, 1]"
70,14,214,1091,0.000889686811144825,6.30000000003089e-07,3,"[23, 37, 38]","[4845, 1382, 8]"
71,14,214,1092,0.0008897768088069459,0.0008897768088069459,3,"[23, 37, 38]","[5118, 1145, 3]"
72,14,214,1092,0.0008918668088069561,2.0900000000102477e-06,2,"[23, 37]","[6036, 201]"
73,14,215,1092,0.0008906694523987562,0.0008906694523987562,2,"[23, 37]","[6163, 97]"
74,14,215,1092,0.0008916694523987611,1.0000000000049032e-06,1,[23],[6261]
75,14,215,1092,0.0008927394523987664,1.0700000000052464e-06,1,[23],[6260]
76,14,215,1093,0.0008932179157439004,0.0008932179157439004,1,[23],[6288]
77,14,215,1093,0.0008943979157439062,1.1800000000057858e-06,1,[23],[6225]
78,14,215,1093,0.0008959079157439136,1.5100000000074039e-06,1,[23],[6237]
79,14,216,1093,0.0008953386337668745,0.0008953386337668745,1,[23],[6284]
80,14,216,1093,0.000897498633766885,2.160000000010591e-06,1,[23],[6220]
81,14,216,1094,0.0008967924305217642,0.0008967924305217642,1,[23],[6290]
82,14,216,1094,0.0008978924305217696,1.1000000000053935e-06,1,[23],[6238]
83,14,216,1094,0.0008989824305217749,1.0900000000053445e-06,1,[23],[6277]
84,14,216,1094,0.000900222430521781,1.24000000000608e-06,1,[23],[6219]
85,14,216,1094,0.0009021124305217903,1.890000000009267e-06,1,[23],[6242]
86,14,217,1093,0.0009037811108686609,0.0009037811108686609,2,"[23, 34]","[6143, 119]"
87,14,217,1093,0.0009056211108686699,1.840000000009022e-06,2,"[23, 34]","[3990, 2263]"
88,14,217,1094,0.0009003691819234241,0.0009003691819234241,1,[23],[6271]
89,14,217,1094,0.0009019191819234317,1.5500000000076e-06,1,[23],[6256]
90,14,217,1094,0.0009031491819234377,1.230000000006031e-06,2,"[23, 34]","[6246, 25]"
91,14,217,1094,0.0009041791819234427,1.0300000000050503e-06,2,"[23, 34]","[5502, 728]"
92,14,217,1094,0.0009049491819234465,7.700000000037755e-07,2,"[23, 34]","[4052, 2192]"
93,14,217,1094,0.0009057491819234504,8.000000000039226e-07,2,"[23, 34]","[4079, 2206]"
94,14,217,1094,0.0009070091819234566,1.260000000006178e-06,2,"[23, 34]","[5530, 685]"
95,14,217,1094,0.0009098191819234704,2.810000000013778e-06,3,"[23, 34, 90]","[6207, 4, 23]"
96,14,218,1093,0.000908965994587562,0.000908965994587562,3,"[23, 34, 90]","[5577, 673, 14]"
97,14,218,1093,0.0009145459945875894,5.58000000002736e-06,4,"[23, 32, 90, 91]","[6204, 7, 24, 2]"
98,14,218,1094,0.0009066645007920741,0.0009066645007920741,2,"[23, 34]","[4924, 1332]"
99,14,218,1094,0.0009081645007920815,1.5000000000073548e-06,3,"[23, 34, 90]","[6237, 2, 5]"
100,14,218,1094,0.0009092445007920868,1.0800000000052955e-06,3,"[23, 90, 91]","[6241, 63, 4]"
101,14,218,1094,0.0009102045007920915,9.60000000004707e-07,3,"[23, 90, 91]","[6132, 74, 2]"
102,14,218,1094,0.0009112145007920964,1.0100000000049522e-06,3,"[23, 90, 91]","[6220, 27, 1]"
103,14,218,1094,0.000912364500792102,1.1500000000056387e-06,2,"[23, 90]","[6250, 1]"
104,14,218,1094,0.0009142545007921113,1.890000000009267e-06,2,"[23, 32]","[6224, 24]"
105,14,219,1093,0.0009153233991418978,0.0009153233991418978,4,"[23, 32, 34, 90]","[5875, 384, 1, 4]"
106,14,219,1093,0.0009205633991419235,5.240000000025693e-06,6,"[23, 29, 32, 94, 100, 102]","[4500, 58, 517, 9, 1064, 94]"
107,14,219,1093,0.0009265133991419527,5.950000000029174e-06,3,"[23, 29, 100]","[4359, 313, 1575]"
108,14,219,1093,0.0009302333991419709,3.72000000001824e-06,2,"[23, 122]","[6263, 3]"
109,14,219,1093,0.0009335433991419872,3.3100000000162296e-06,3,"[23, 122, 123]","[6227, 7, 1]"
110,14,219,1094,0.0009121805800460754,0.0009121805800460754,3,"[23, 34, 90]","[6250, 2, 13]"
111,14,219,1094,0.0009134305800460815,1.250000000006129e-06,2,"[23, 32]","[6282, 3]"
112,14,219,1094,0.000914360580046086,9.3000000000456e-07,2,"[23, 32]","[5979, 225]"
113,14,219,1094,0.0009151405800460899,7.800000000038245e-07,2,"[23, 32]","[5209, 1059]"
114,14,219,1094,0.0009158705800460935,7.300000000035793e-07,2,"[23, 32]","[4616, 1619]"
115,14,219,1094,0.000916790580046098,9.20000000004511e-07,3,"[23, 32, 94]","[5253, 985, 17]"
116,14,219,1094,0.0009178705800461033,1.0800000000052955e-06,4,"[23, 32, 94, 100]","[6109, 106, 24, 1]"
117,14,219,1094,0.0009190205800461089,1.1500000000056387e-06,5,"[23, 29, 32, 94, 100]","[6134, 13, 2, 5, 113]"
118,14,219,1094,0.0009199105800461133,8.900000000043639e-07,3,"[23, 29, 100]","[4404, 389, 1446]"
119,14,219,1094,0.000920470580046116,5.600000000027458e-07,3,"[23, 29, 100]","[2487, 1330, 2475]"
120,14,219,1094,0.0009208905800461181,4.2000000000205935e-07,3,"[23, 29, 100]","[1729, 2093, 2425]"
121,14,219,1094,0.00092129058004612,4.000000000019613e-07,3,"[23, 29, 100]","[1607, 2629, 2104]"
122,14,219,1094,0.0009217405800461222,4.5000000000220645e-07,3,"[23, 29, 100]","[1606, 2887, 1620]"
123,14,219,1094,0.0009224305800461256,6.900000000033832e-07,3,"[23, 29, 100]","[2595, 2624, 1077]"
124,14,219,1094,0.0009237605800461321,1.3300000000065213e-06,3,"[23, 29, 100]","[5106, 917, 193]"
125,14,219,1094,0.000925570580046141,1.8100000000088748e-06,3,"[23, 29, 100]","[6225, 11, 3]"
126,14,219,1094,0.000928430580046155,2.860000000014023e-06,1,[23],[6249]
127,14,219,1095,0.0009203962296974546,0.0009203962296974546,5,"[23, 29, 32, 94, 100]","[4362, 1029, 305, 4, 572]"
128,14,219,1095,0.0009216162296974606,1.220000000005982e-06,3,"[23, 29, 100]","[874, 4366, 1027]"
129,14,220,1092,0.0009355574316049939,0.0009355574316049939,5,"[23, 100, 102, 122, 123]","[5413, 30, 814, 1, 1]"
130,14,220,1092,0.0009382874316050073,2.7300000000133858e-06,1,[23],[6263]
131,14,220,1092,0.0009414774316050229,3.1900000000156413e-06,2,"[23, 131]","[6226, 9]"
132,14,220,1093,0.0009210124352346361,0.0009210124352346361,6,"[23, 29, 32, 94, 100, 102]","[1613, 63, 115, 3, 4458, 32]"
133,14,220,1093,0.0009256524352346589,4.640000000022751e-06,3,"[23, 29, 100]","[3282, 162, 2778]"
134,14,220,1093,0.0009282324352346715,2.5800000000126503e-06,1,[23],[6272]
135,14,220,1093,0.0009298424352346794,1.6100000000078942e-06,3,"[23, 122, 123]","[6243, 5, 2]"
136,14,220,1093,0.0009311424352346858,1.3000000000063742e-06,3,"[23, 122, 123]","[6230, 10, 2]"
137,14,220,1093,0.0009323324352346916,1.1900000000058348e-06,1,[23],[6268]
138,14,220,1093,0.0009334724352346972,1.1400000000055897e-06,1,[23],[6253]
139,14,220,1093,0.000934662435234703,1.1900000000058348e-06,1,[23],[6215]
140,14,220,1093,0.0009360524352347099,1.3900000000068155e-06,1,[23],[6248]
141,14,220,1093,0.0009374824352347169,1.4300000000070116e-06,1,[23],[6284]
142,14,220,1093,0.0009389224352347239,1.4400000000070606e-06,1,[23],[6240]
143,14,220,1093,0.000940572435234732,1.6500000000080903e-06,2,"[23, 131]","[6252, 1]"
144,14,220,1093,0.000942802435234743,2.230000000010934e-06,2,"[23, 131]","[6024, 211]"
145,14,220,1094,0.0009187387915279788,0.0009187387915279788,4,"[23, 32, 94, 100]","[5666, 504, 10, 92]"
146,14,220,1094,0.0009199187915279846,1.1800000000057858e-06,3,"[23, 29, 100]","[2635, 117, 3478]"
147,14,220,1094,0.000920418791527987,5.000000000024516e-07,3,"[23, 29, 100]","[1233, 390, 4633]"
148,14,220,1094,0.000920828791527989,4.100000000020103e-07,3,"[23, 29, 100]","[1109, 733, 4484]"
149,14,220,1094,0.000921228791527991,4.000000000019613e-07,3,"[23, 29, 100]","[1052, 1054, 4080]"
150,14,220,1094,0.0009217287915279935,5.000000000024516e-07,3,"[23, 29, 100]","[1366, 1534, 3428]"
151,14,220,1094,0.0009225787915279976,8.500000000041677e-07,3,"[23, 29, 100]","[2621, 1678, 1865]"
152,14,220,1094,0.000924088791528005,1.5100000000074039e-06,3,"[23, 29, 100]","[5618, 430, 199]"
153,14,220,1094,0.0009256887915280129,1.6000000000078451e-06,2,"[23, 29]","[6243, 1]"
154,14,220,1094,0.0009274187915280214,1.7300000000084826e-06,1,[23],[6289]
155,14,220,1094,0.0009296187915280321,2.200000000010787e-06,2,"[23, 122]","[6207, 1]"
156,14,220,1095,0.0009219132647840275,0.0009219132647840275,4,"[23, 29, 32, 100]","[1802, 2250, 31, 2181]"
157,14,221,1092,0.0009428115276016409,0.0009428115276016409,4,"[23, 100, 102, 131]","[6036, 4, 1, 215]"
158,14,221,1092,0.0009458515276016558,3.0400000000149058e-06,2,"[23, 131]","[6070, 188]"
159,14,221,1092,0.0009494915276016736,3.6400000000178477e-06,3,"[10, 23, 24]","[135, 5902, 201]"
160,14,221,1093,0.0009403311038148654,0.0009403311038148654,4,"[23, 29, 100, 123]","[5942, 2, 309, 2]"
161,14,221,1093,0.0009424511038148758,2.120000000010395e-06,2,"[23, 131]","[5996, 264]"
162,14,221,1093,0.0009439011038148829,1.4500000000071097e-06,2,"[23, 131]","[5804, 441]"
163,14,221,1093,0.0009452811038148897,1.3800000000067664e-06,2,"[23, 131]","[6222, 24]"
164,14,221,1093,0.0009467511038148969,1.4700000000072077e-06,1,[23],[6263]
165,14,221,1093,0.000948391103814905,1.6400000000080413e-06,3,"[10, 23, 24]","[9, 6203, 24]"
166,14,221,1093,0.0009497411038149116,1.3500000000066193e-06,3,"[10, 23, 24]","[1194, 4286, 820]"
167,14,221,1093,0.0009504611038149151,7.200000000035303e-07,3,"[10, 23, 24]","[3412, 1968, 874]"
168,14,221,1093,0.0009512211038149188,7.600000000037264e-07,3,"[10, 23, 24]","[4309, 1428, 469]"
169,14,222,1092,0.0009502521306415317,0.0009502521306415317,5,"[10, 23, 24, 127, 131]","[2056, 3707, 465, 32, 8]"
170,14,222,1093,0.0009488891619338513,0.0009488891619338513,5,"[10, 23, 24, 127, 131]","[1053, 5034, 143, 7, 16]"
171,14,222,1093,0.0009494791619338542,5.900000000028929e-07,3,"[10, 23, 24]","[4590, 1402, 443]"
172,14,222,1093,0.0009497791619338556,3.0000000000147097e-07,3,"[10, 23, 24]","[4951, 771, 363]"
173,14,222,1093,0.0009500191619338568,2.4000000000117677e-07,3,"[10, 23, 24]","[5406, 631, 337]"
174,14,222,1093,0.0009502291619338578,2.1000000000102968e-07,3,"[10, 23, 24]","[5382, 584, 298]"
175,14,222,1093,0.0009504291619338588,2.0000000000098064e-07,3,"[10, 23, 24]","[5514, 556, 234]"
176,14,222,1093,0.0009506291619338598,2.0000000000098064e-07,3,"[10, 23, 24]","[5437, 502, 204]"
177,14,222,1093,0.0009508491619338609,2.200000000010787e-07,3,"[10, 23, 24]","[5645, 511, 151]"
178,14,222,1093,0.0009511091619338622,2.6000000000127484e-07,3,"[10, 23, 24]","[5495, 504, 124]"
179,14,222,1093,0.0009515291619338642,4.2000000000205935e-07,3,"[10, 23, 24]","[5666, 567, 78]"
180,14,222,1094,0.0009496151944656092,0.0009496151944656092,4,"[10, 23, 24, 131]","[6072, 219, 31, 1]"
181,14,222,1094,0.000950175194465612,5.600000000027458e-07,3,"[10, 23, 24]","[6162, 49, 30]"
182,14,222,1094,0.0009508151944656151,6.400000000031381e-07,3,"[10, 23, 24]","[6151, 61, 34]"
183,14,223,1093,0.0009497522941070412,0.0009497522941070412,5,"[10, 23, 24, 127, 128]","[5965, 30, 9, 248, 1]"
184,14,223,1093,0.0009504922941070449,7.400000000036284e-07,3,"[10, 23, 24]","[6268, 32, 14]"
185,14,223,1094,0.0009489007978246527,0.0009489007978246527,2,"[10, 23]","[6377, 1]"
186,14,223,1094,0.0009492507978246544,3.500000000017161e-07,2,"[10, 24]","[6136, 1]"
187,14,223,1094,0.0009495207978246558,2.7000000000132387e-07,1,[10],[6253]
188,14,223,1094,0.000949770797824657,2.500000000012258e-07,2,"[10, 24]","[6406, 1]"
189,14,223,1094,0.0009500207978246582,2.500000000012258e-07,3,"[10, 23, 24]","[6093, 1, 1]"
190,14,223,1094,0.0009503407978246598,3.2000000000156903e-07,1,[10],[6368]
191,14,223,1094,0.0009508907978246625,5.500000000026968e-07,1,[10],[6155]
192,14,223,1095,0.0009490998761044088,0.0009490998761044088,1,[10],[6253]
193,14,223,1095,0.000949759876104412,6.600000000032361e-07,1,[10],[6298]
194,14,224,1094,0.0009493498928026438,0.0009493498928026438,2,"[10, 127]","[6279, 1]"
195,14,224,1094,0.0009504798928026494,1.1300000000055406e-06,1,[10],[6234]
196,14,224,1095,0.0009483750959267188,0.0009483750959267188,1,[10],[6292]
197,14,224,1095,0.0009487450959267206,3.700000000018142e-07,1,[10],[6377]
198,14,224,1095,0.0009490350959267221,2.9000000000142193e-07,1,[10],[6282]
199,14,224,1095,0.0009493050959267234,2.7000000000132387e-07,1,[10],[6193]
200,14,224,1095,0.0009496050959267249,3.0000000000147097e-07,1,[10],[6154]
201,14,224,1095,0.000950045095926727,4.400000000021574e-07,1,[10],[6264]
202,14,224,1096,0.000948624915743368,0.000948624915743368,1,[10],[6305]
203,14,224,1096,0.0009493649157433716,7.400000000036284e-07,1,[10],[6246]
204,14,225,1095,0.0009488350156889529,0.0009488350156889529,1,[10],[6280]
205,14,225,1096,0.0009478245661866861,0.0009478245661866861,2,"[10, 95]","[6309, 39]"
206,14,225,1096,0.0009481845661866878,3.6000000000176516e-07,1,[10],[6153]
207,14,225,1096,0.0009484745661866893,2.9000000000142193e-07,1,[10],[6279]
208,14,225,1096,0.0009487545661866906,2.800000000013729e-07,1,[10],[6280]
209,14,225,1096,0.0009490645661866922,3.1000000000152e-07,1,[10],[6259]
210,14,225,1096,0.0009495245661866944,4.600000000022555e-07,1,[10],[6190]
211,14,225,1097,0.0009480512816776403,0.0009480512816776403,3,"[10, 46, 95]","[6211, 18, 43]"
212,14,225,1097,0.000948811281677644,7.600000000037264e-07,1,[10],[6257]
213,14,226,1096,0.0009482848944677122,0.0009482848944677122,2,"[10, 95]","[6210, 57]"
214,14,226,1096,0.0009500948944677211,1.8100000000088748e-06,1,[10],[6236]
215,14,226,1097,0.0009471947237190408,0.0009471947237190408,3,"[10, 46, 95]","[6004, 209, 62]"
216,14,226,1097,0.0009476047237190428,4.100000000020103e-07,1,[10],[6279]
217,14,226,1097,0.0009479347237190444,3.3000000000161806e-07,1,[10],[6269]
218,14,226,1097,0.0009482747237190461,3.400000000016671e-07,1,[10],[6321]
219,14,226,1097,0.0009487047237190482,4.300000000021084e-07,1,[10],[6154]
220,14,226,1098,0.0009466168618188613,0.0009466168618188613,4,"[10, 46, 47, 95]","[2360, 3914, 8, 1]"
221,14,226,1098,0.0009473768618188651,7.600000000037264e-07,1,[10],[6231]
222,14,226,1098,0.0009480168618188682,6.400000000031381e-07,1,[10],[6300]
223,14,227,1097,0.0009479466449959966,0.0009479466449959966,2,"[10, 46]","[6243, 39]"
224,14,227,1098,0.0009464033594006281,0.0009464033594006281,3,"[10, 46, 47]","[5739, 581, 1]"
225,14,227,1098,0.0009468433594006303,4.400000000021574e-07,1,[10],[6257]
226,14,227,1098,0.000947193359400632,3.500000000017161e-07,1,[10],[6283]
227,14,227,1098,0.0009475533594006338,3.6000000000176516e-07,1,[10],[6277]
228,14,227,1098,0.0009480633594006363,5.100000000025006e-07,1,[10],[6140]
229,14,227,1099,0.0009462574001846631,0.0009462574001846631,2,"[10, 46]","[6170, 146]"
230,14,227,1099,0.0009468174001846659,5.600000000027458e-07,1,[10],[6187]
231,14,227,1099,0.0009474774001846691,6.600000000032361e-07,1,[10],[6269]
232,14,228,1099,0.0009457745673113399,0.0009457745673113399,1,[10],[6299]
233,14,228,1099,0.0009462645673113423,4.900000000024026e-07,1,[10],[6247]
234,14,228,1099,0.0009467345673113446,4.700000000023045e-07,1,[10],[6229]
235,14,228,1099,0.0009475245673113484,7.900000000038735e-07,1,[10],[6255]
236,14,228,1100,0.0009453461861960732,0.0009453461861960732,1,[10],[6352]
237,14,228,1100,0.0009458661861960758,5.200000000025497e-07,1,[10],[6241]
238,14,228,1100,0.0009464161861960785,5.500000000026968e-07,1,[10],[6215]
239,14,229,1100,0.0009450275699310574,0.0009450275699310574,2,"[10, 20]","[6275, 12]"
240,14,229,1100,0.0009455975699310602,5.700000000027948e-07,2,"[10, 20]","[6242, 2]"
241,14,229,1100,0.0009463475699310639,7.500000000036774e-07,2,"[10, 20]","[6225, 1]"
242,14,229,1101,0.0009442931403723075,0.0009442931403723075,2,"[10, 20]","[5746, 542]"
243,14,229,1101,0.0009447731403723099,4.800000000023535e-07,2,"[10, 20]","[5973, 368]"
244,14,229,1101,0.0009451831403723119,4.100000000020103e-07,2,"[10, 20]","[5941, 275]"
245,14,229,1101,0.0009457231403723146,5.400000000026477e-07,2,"[10, 20]","[6045, 169]"
246,14,229,1102,0.0009449642958855946,0.0009449642958855946,2,"[10, 20]","[5112, 1170]"
247,14,230,1101,0.0009441748149409307,0.0009441748149409307,2,"[10, 20]","[5301, 970]"
248,14,230,1101,0.0009448048149409338,6.30000000003089e-07,2,"[10, 20]","[5221, 1051]"
249,14,230,1101,0.0009459448149409394,1.1400000000055897e-06,2,"[10, 20]","[5351, 856]"
250,14,230,1102,0.0009434153948723095,0.0009434153948723095,2,"[10, 20]","[6094, 221]"
251,14,230,1102,0.0009438553948723117,4.400000000021574e-07,2,"[10, 20]","[5810, 444]"
252,14,230,1102,0.0009442353948723135,3.800000000018632e-07,2,"[10, 20]","[5665, 662]"
253,14,230,1102,0.0009446553948723156,4.2000000000205935e-07,2,"[10, 20]","[5405, 801]"
254,14,230,1102,0.0009455153948723198,8.600000000042168e-07,2,"[10, 20]","[5127, 1052]"
255,14,230,1103,0.0009437940489516151,0.0009437940489516151,2,"[10, 20]","[6269, 6]"
256,14,231,1102,0.0009437878450119579,0.0009437878450119579,2,"[10, 20]","[6246, 32]"
257,14,231,1103,0.0009425711122418151,0.0009425711122418151,1,[10],[6342]
258,14,231,1103,0.0009430511122418175,4.800000000023535e-07,1,[10],[6272]
259,14,231,1103,0.0009434811122418196,4.300000000021084e-07,1,[10],[6148]
260,14,231,1103,0.0009441111122418227,6.30000000003089e-07,1,[10],[6273]
261,14,231,1104,0.0009425459827015738,0.0009425459827015738,2,"[10, 19]","[6252, 13]"
262,14,231,1104,0.0009435559827015787,1.0100000000049522e-06,1,[10],[6260]
263,14,232,1103,0.0009440689773994709,0.0009440689773994709,2,"[10, 19]","[6247, 5]"
264,14,232,1104,0.0009416943954275439,0.0009416943954275439,2,"[10, 19]","[5841, 410]"
265,14,232,1104,0.0009421843954275463,4.900000000024026e-07,2,"[10, 19]","[6081, 200]"
266,14,232,1104,0.0009426643954275486,4.800000000023535e-07,2,"[10, 19]","[6117, 117]"
267,14,232,1104,0.0009435143954275528,8.500000000041677e-07,2,"[10, 19]","[6220, 39]"
268,14,232,1105,0.0009414673417015803,0.0009414673417015803,2,"[10, 19]","[5287, 1023]"
269,14,232,1105,0.0009420873417015834,6.2000000000304e-07,2,"[10, 19]","[5363, 872]"
270,14,232,1105,0.0009434173417015899,1.3300000000065213e-06,2,"[10, 19]","[5585, 621]"
271,14,233,1105,0.0009408629309385349,0.0009408629309385349,2,"[10, 19]","[5979, 328]"
272,14,233,1105,0.0009413229309385372,4.600000000022555e-07,2,"[10, 19]","[5858, 441]"
273,14,233,1105,0.0009417429309385392,4.2000000000205935e-07,2,"[10, 19]","[5712, 514]"
274,14,233,1105,0.0009423229309385421,5.800000000028439e-07,2,"[10, 19]","[5658, 566]"
275,14,233,1106,0.000940833635334362,0.000940833635334362,2,"[10, 19]","[6291, 11]"
276,14,233,1106,0.0009415936353343657,7.600000000037264e-07,2,"[10, 19]","[6180, 40]"
277,14,234,1106,0.0009401322092971422,0.0009401322092971422,1,[10],[6286]
278,14,234,1106,0.0009406222092971446,4.900000000024026e-07,1,[10],[6265]
279,14,234,1106,0.0009410922092971469,4.700000000023045e-07,1,[10],[6261]
280,14,234,1106,0.0009420122092971514,9.20000000004511e-07,2,"[10, 19]","[6194, 1]"
281,14,234,1107,0.0009401988313734273,0.0009401988313734273,1,[10],[6318]
282,14,234,1107,0.0009413288313734328,1.1300000000055406e-06,1,[10],[6194]
283,14,235,1106,0.0009416223873595017,0.0009416223873595017,1,[10],[6256]
284,14,235,1107,0.000939352156561869,0.000939352156561869,1,[10],[6343]
285,14,235,1107,0.0009398321565618714,4.800000000023535e-07,1,[10],[6210]
286,14,235,1107,0.0009403021565618737,4.700000000023045e-07,1,[10],[6282]
287,14,235,1107,0.0009411621565618779,8.600000000042168e-07,1,[10],[6177]
288,14,235,1108,0.000939664551844282,0.000939664551844282,1,[10],[6260]
289,14,236,1107,0.0009401245175529429,0.0009401245175529429,1,[10],[6253]
290,14,236,1108,0.0009387128179516536,0.0009387128179516536,1,[10],[6277]
291,14,236,1108,0.000939202817951656,4.900000000024026e-07,1,[10],[6369]
292,14,236,1108,0.0009396828179516584,4.800000000023535e-07,1,[10],[6212]
293,14,236,1109,0.000939351635765814,0.000939351635765814,1,[10],[6267]
294,14,237,1108,0.000939215813747376,0.000939215813747376,1,[10],[6250]
295,14,237,1109,0.0009382080640761645,0.0009382080640761645,1,[10],[6337]
296,14,237,1109,0.0009386880640761668,4.800000000023535e-07,1,[10],[6168]
297,14,237,1109,0.0009392080640761694,5.200000000025497e-07,1,[10],[6249]
298,14,237,1110,0.0009399238368370721,0.0009399238368370721,1,[10],[6253]
299,14,238,1109,0.0009385258523707464,0.0009385258523707464,1,[10],[6250]
300,14,238,1110,0.0009377475551091714,0.0009377475551091714,2,"[10, 18]","[6334, 7]"
301,14,238,1110,0.0009382575551091739,5.100000000025006e-07,2,"[10, 18]","[6182, 1]"
302,14,238,1110,0.0009388675551091769,6.10000000002991e-07,2,"[10, 18]","[6257, 2]"
303,14,239,1110,0.0009378111733240244,0.0009378111733240244,2,"[10, 18]","[6078, 205]"
304,14,239,1110,0.0009388811733240296,1.0700000000052464e-06,2,"[10, 18]","[6104, 124]"
305,14,239,1111,0.0009371622583036012,0.0009371622583036012,2,"[10, 18]","[5023, 1325]"
306,14,239,1111,0.0009376222583036035,4.600000000022555e-07,2,"[10, 18]","[4885, 1280]"
307,14,239,1111,0.0009380622583036056,4.400000000021574e-07,2,"[10, 18]","[5045, 1296]"
308,14,239,1111,0.0009388622583036096,8.000000000039226e-07,2,"[10, 18]","[4952, 1203]"
309,14,239,1151,0.0008844478327427479,0.0008844478327427479,4,"[351, 352, 400, 401]","[42, 6136, 114, 4]"
310,14,239,1152,0.0008810896407652684,0.0008810896407652684,2,"[351, 352]","[740, 5557]"
311,14,239,1152,0.0008822196407652739,1.1300000000055406e-06,1,[352],[6266]
312,14,239,1152,0.0008831696407652786,9.500000000046581e-07,2,"[352, 400]","[6186, 4]"
313,14,239,1152,0.0008842896407652841,1.1200000000054916e-06,2,"[352, 400]","[6209, 46]"
314,14,239,1153,0.0008793961948507911,0.0008793961948507911,4,"[351, 352, 404, 405]","[322, 5926, 18, 1]"
315,14,239,1153,0.0008802861948507954,8.900000000043639e-07,2,"[352, 404]","[6289, 4]"
316,14,239,1153,0.0008813861948508008,1.1000000000053935e-06,1,[352],[6190]
317,14,240,1111,0.0009370975851018524,0.0009370975851018524,2,"[10, 18]","[5433, 819]"
318,14,240,1111,0.0009377275851018555,6.30000000003089e-07,2,"[10, 18]","[5142, 1145]"
319,14,240,1111,0.0009389575851018615,1.230000000006031e-06,2,"[10, 18]","[4714, 1500]"
320,14,240,1112,0.0009367577556754035,0.0009367577556754035,2,"[10, 18]","[6270, 92]"
321,14,240,1112,0.0009372877556754061,5.300000000025987e-07,2,"[10, 18]","[5988, 186]"
322,14,240,1112,0.0009379477556754094,6.600000000032361e-07,2,"[10, 18]","[5856, 366]"
323,14,240,1151,0.0008842553607156841,0.0008842553607156841,4,"[351, 352, 400, 401]","[2175, 4079, 32, 2]"
324,14,240,1151,0.0008851053607156883,8.500000000041677e-07,3,"[352, 400, 401]","[6246, 25, 3]"
325,14,240,1151,0.0008858253607156918,7.200000000035303e-07,3,"[352, 396, 400]","[6216, 1, 8]"
326,14,240,1151,0.0008868553607156969,1.0300000000050503e-06,3,"[352, 396, 397]","[6229, 1, 2]"
327,14,240,1151,0.0008890353607157076,2.180000000010689e-06,3,"[352, 393, 397]","[6229, 13, 1]"
328,14,240,1152,0.000874396255368741,0.000874396255368741,1,[351],[6275]
329,14,240,1152,0.0008749962553687439,6.000000000029419e-07,1,[351],[6342]
330,14,240,1152,0.0008756962553687473,7.000000000034323e-07,1,[351],[6138]
331,14,240,1152,0.0008809962553687733,5.300000000025987e-06,2,"[351, 352]","[4828, 1419]"
332,14,240,1152,0.000883776255368787,2.780000000013631e-06,2,"[352, 400]","[6242, 7]"
333,14,240,1152,0.0008857362553687966,1.9600000000096103e-06,2,"[352, 400]","[6241, 26]"
334,14,240,1152,0.0008880062553688077,2.2700000000111303e-06,5,"[352, 393, 396, 397, 400]","[6228, 6, 5, 2, 1]"
335,14,240,1153,0.0008748792806592255,0.0008748792806592255,1,[351],[6259]
336,14,240,1153,0.0008777792806592397,2.9000000000142193e-06,3,"[351, 352, 409]","[4501, 1659, 97]"
337,14,240,1153,0.0008790792806592461,1.3000000000063742e-06,5,"[351, 352, 404, 405, 409]","[508, 5660, 22, 2, 58]"
338,14,240,1153,0.0008808292806592547,1.7500000000085806e-06,5,"[351, 352, 404, 405, 409]","[14, 6206, 12, 1, 4]"
339,14,240,1154,0.0008773173950084418,0.0008773173950084418,4,"[351, 352, 404, 409]","[1100, 4817, 1, 354]"
340,14,240,1154,0.0008779073950084447,5.900000000028929e-07,4,"[351, 352, 404, 409]","[698, 5228, 2, 343]"
341,14,240,1154,0.0008786073950084482,7.000000000034323e-07,5,"[351, 352, 404, 405, 409]","[411, 5594, 4, 3, 231]"
342,14,241,1112,0.0009365912518012162,0.0009365912518012162,1,[10],[6261]
343,14,241,1112,0.0009372912518012197,7.000000000034323e-07,2,"[10, 18]","[6290, 2]"
344,14,241,1113,0.0009362203065293483,0.0009362203065293483,1,[10],[6341]
345,14,241,1113,0.0009367903065293511,5.700000000027948e-07,1,[10],[6170]
346,14,241,1113,0.0009377003065293556,9.100000000044619e-07,1,[10],[6260]
347,14,241,1151,0.0008862449585326675,0.0008862449585326675,4,"[351, 352, 396, 397]","[2799, 3465, 1, 1]"
348,14,241,1151,0.000887974958532676,1.7300000000084826e-06,4,"[352, 393, 396, 397]","[6231, 3, 1, 2]"
349,14,241,1152,0.0008751801611273248,0.0008751801611273248,1,[351],[6300]
350,14,241,1152,0.000876030161127329,8.500000000041677e-07,1,[351],[6206]
351,14,241,1152,0.0008767501611273325,7.200000000035303e-07,1,[351],[6317]
352,14,241,1152,0.0008775601611273365,8.100000000039716e-07,1,[351],[6219]
353,14,241,1152,0.0008868601611273821,9.3000000000456e-06,4,"[351, 352, 396, 397]","[2809, 3403, 2, 1]"
354,14,241,1152,0.0008888201611273917,1.9600000000096103e-06,3,"[352, 393, 397]","[6237, 16, 1]"
355,14,241,1153,0.000876503165640072,0.000876503165640072,3,"[351, 352, 409]","[6226, 22, 52]"
356,14,241,1153,0.0008771531656400752,6.500000000031871e-07,3,"[351, 352, 409]","[5963, 67, 209]"
357,14,241,1153,0.0008776631656400777,5.100000000025006e-07,3,"[351, 352, 409]","[5804, 140, 303]"
358,14,241,1153,0.0008790631656400846,1.4000000000068645e-06,4,"[351, 352, 404, 409]","[5503, 273, 1, 441]"
359,14,241,1154,0.0008767201645800992,0.0008767201645800992,3,"[351, 352, 409]","[3436, 2224, 609]"
360,14,241,1154,0.000877090164580101,3.700000000018142e-07,3,"[351, 352, 409]","[3688, 1831, 779]"
361,14,241,1154,0.0008773901645801025,3.0000000000147097e-07,3,"[351, 352, 409]","[3768, 1664, 966]"
362,14,241,1154,0.0008776701645801039,2.800000000013729e-07,3,"[351, 352, 409]","[3640, 1488, 1037]"
363,14,241,1154,0.0008780201645801056,3.500000000017161e-07,3,"[351, 352, 409]","[3639, 1422, 1080]"
364,14,241,1154,0.00087891016458011,8.900000000043639e-07,3,"[351, 352, 409]","[3508, 1467, 1259]"
365,14,241,1155,0.0008766336868108139,0.0008766336868108139,3,"[351, 352, 409]","[1190, 5065, 45]"
366,14,241,1155,0.0008770936868108161,4.600000000022555e-07,3,"[351, 352, 409]","[1835, 4420, 74]"
367,14,241,1155,0.0008775136868108182,4.2000000000205935e-07,3,"[351, 352, 409]","[2228, 3860, 129]"
368,14,241,1155,0.0008781936868108215,6.800000000033342e-07,3,"[351, 352, 409]","[2746, 3296, 167]"
369,14,242,1113,0.0009360145747994785,0.0009360145747994785,1,[10],[6262]
370,14,242,1113,0.0009366845747994818,6.700000000032852e-07,1,[10],[6325]
371,14,242,1114,0.0009356913706849553,0.0009356913706849553,1,[10],[6261]
372,14,242,1114,0.0009363113706849583,6.2000000000304e-07,1,[10],[6315]
373,14,242,1154,0.0008779536939318848,0.0008779536939318848,3,"[351, 352, 409]","[5103, 842, 312]"
374,14,242,1155,0.0008766054882103735,0.0008766054882103735,3,"[351, 352, 409]","[3413, 2928, 3]"
375,14,242,1155,0.0008769854882103754,3.800000000018632e-07,3,"[351, 352, 409]","[3592, 2731, 3]"
376,14,242,1155,0.0008772954882103769,3.1000000000152e-07,3,"[351, 352, 409]","[3650, 2565, 7]"
377,14,242,1155,0.0008776154882103785,3.2000000000156903e-07,3,"[351, 352, 409]","[3675, 2573, 5]"
378,14,242,1155,0.0008780354882103805,4.2000000000205935e-07,3,"[351, 352, 409]","[3447, 2693, 5]"
379,14,242,1156,0.0008770490400019699,0.0008770490400019699,2,"[351, 352]","[3560, 2718]"
380,14,242,1156,0.000877679040001973,6.30000000003089e-07,2,"[351, 352]","[2494, 3756]"
381,14,242,1156,0.0008787490400019783,1.0700000000052464e-06,2,"[351, 352]","[1443, 4782]"
382,14,243,1114,0.0009354128534828232,0.0009354128534828232,1,[10],[6309]
383,14,243,1114,0.0009360328534828262,6.2000000000304e-07,1,[10],[6214]
384,14,243,1115,0.0009351889362737093,0.0009351889362737093,1,[10],[6301]
385,14,243,1115,0.0009358489362737125,6.600000000032361e-07,1,[10],[6288]
386,14,243,1155,0.0008774879749667478,0.0008774879749667478,2,"[351, 352]","[5004, 1283]"
387,14,243,1156,0.0008767844287184731,0.0008767844287184731,2,"[351, 352]","[5745, 571]"
388,14,243,1156,0.0008772744287184755,4.900000000024026e-07,2,"[351, 352]","[4849, 1430]"
389,14,243,1156,0.0008776744287184774,4.000000000019613e-07,2,"[351, 352]","[3481, 2696]"
390,14,243,1156,0.0008781044287184795,4.300000000021084e-07,2,"[351, 352]","[2228, 4103]"
391,14,243,1156,0.000878594428718482,4.900000000024026e-07,2,"[351, 352]","[1027, 5152]"
392,14,243,1156,0.0008801544287184896,1.560000000007649e-06,2,"[351, 352]","[261, 5962]"
393,14,244,1115,0.0009348824158951457,0.0009348824158951457,1,[10],[6312]
394,14,244,1115,0.0009354724158951486,5.900000000028929e-07,1,[10],[6248]
395,14,244,1115,0.0009365424158951539,1.0700000000052464e-06,1,[10],[6205]
396,14,244,1116,0.0009347087376164748,0.0009347087376164748,1,[10],[6309]
397,14,244,1116,0.0009354387376164783,7.300000000035793e-07,1,[10],[6223]
398,14,244,1156,0.0008773225943103286,0.0008773225943103286,3,"[351, 352, 410]","[5997, 323, 9]"
399,14,244,1156,0.0008778425943103312,5.200000000025497e-07,3,"[351, 352, 410]","[4815, 1403, 17]"
400,14,244,1156,0.0008782925943103334,4.5000000000220645e-07,3,"[351, 352, 410]","[3433, 2809, 30]"
401,14,244,1156,0.0008787325943103356,4.400000000021574e-07,4,"[351, 352, 410, 411]","[1976, 4295, 15, 2]"
402,14,244,1156,0.0008793125943103384,5.800000000028439e-07,3,"[351, 352, 410]","[855, 5310, 12]"
403,14,244,1157,0.0008792899515074466,0.0008792899515074466,3,"[351, 352, 410]","[3053, 3188, 21]"
404,14,245,1116,0.0009342947550906445,0.0009342947550906445,1,[10],[6294]
405,14,245,1116,0.0009348947550906475,6.000000000029419e-07,1,[10],[6227]
406,14,245,1116,0.0009360947550906534,1.2000000000058839e-06,1,[10],[6230]
407,14,245,1117,0.0009341060560919092,0.0009341060560919092,1,[10],[6271]
408,14,245,1117,0.000934886056091913,7.800000000038245e-07,1,[10],[6229]
409,14,245,1156,0.0008780034631658015,0.0008780034631658015,4,"[351, 352, 410, 411]","[5486, 764, 86, 3]"
410,14,245,1156,0.0008784934631658039,4.900000000024026e-07,4,"[351, 352, 410, 411]","[4090, 2062, 59, 1]"
411,14,245,1156,0.0008788934631658059,4.000000000019613e-07,4,"[351, 352, 410, 411]","[3044, 3122, 34, 1]"
412,14,245,1156,0.0008793034631658079,4.100000000020103e-07,4,"[351, 352, 410, 411]","[2283, 3994, 21, 1]"
413,14,245,1156,0.0008798734631658107,5.700000000027948e-07,3,"[351, 352, 410]","[1533, 4715, 11]"
414,14,245,1157,0.0008791296546365765,0.0008791296546365765,4,"[351, 352, 410, 411]","[3989, 2216, 69, 3]"
415,14,246,1117,0.0009336340834632493,0.0009336340834632493,1,[10],[6325]
416,14,246,1117,0.0009342140834632521,5.800000000028439e-07,1,[10],[6199]
417,14,246,1117,0.0009350740834632563,8.600000000042168e-07,1,[10],[6233]
418,14,246,1118,0.0009335066927798345,0.0009335066927798345,2,"[10, 17]","[6171, 115]"
419,14,246,1118,0.0009343466927798387,8.400000000041187e-07,2,"[10, 17]","[6206, 23]"
420,14,246,1156,0.0008787269308754751,0.0008787269308754751,3,"[351, 352, 410]","[4581, 1682, 11]"
421,14,246,1156,0.0008791769308754774,4.5000000000220645e-07,2,"[351, 352]","[3645, 2631]"
422,14,246,1156,0.0008795569308754792,3.800000000018632e-07,2,"[351, 352]","[3037, 3183]"
423,14,246,1156,0.0008799569308754812,4.000000000019613e-07,2,"[351, 352]","[2780, 3561]"
424,14,246,1156,0.0008805869308754843,6.30000000003089e-07,2,"[351, 352]","[2469, 3687]"
425,14,246,1157,0.0008797490660956175,0.0008797490660956175,3,"[351, 352, 410]","[3390, 2856, 5]"
426,14,247,1118,0.0009329084208452226,0.0009329084208452226,3,"[10, 17, 155]","[5396, 929, 14]"
427,14,247,1118,0.0009334284208452251,5.200000000025497e-07,2,"[10, 17]","[5664, 611]"
428,14,247,1118,0.000934008420845228,5.800000000028439e-07,2,"[10, 17]","[5670, 510]"
429,14,247,1119,0.0009328823949262726,0.0009328823949262726,2,"[10, 17]","[5101, 1164]"
430,14,247,1119,0.0009336623949262764,7.800000000038245e-07,2,"[10, 17]","[5048, 1242]"
431,14,247,1156,0.0008796304057793649,0.0008796304057793649,2,"[351, 352]","[3687, 2619]"
432,14,247,1156,0.0008801204057793673,4.900000000024026e-07,2,"[351, 352]","[3214, 3036]"
433,14,247,1156,0.0008805904057793696,4.700000000023045e-07,2,"[351, 352]","[3104, 3143]"
434,14,247,1156,0.0008813204057793732,7.300000000035793e-07,2,"[351, 352]","[2961, 3267]"
435,14,247,1157,0.0008810504690741814,0.0008810504690741814,2,"[351, 352]","[3026, 3238]"
436,14,248,1119,0.0009324252306550915,0.0009324252306550915,4,"[10, 17, 153, 155]","[6197, 137, 1, 2]"
437,14,248,1119,0.0009329952306550942,5.700000000027948e-07,2,"[10, 17]","[6001, 239]"
438,14,248,1119,0.0009338852306550986,8.900000000043639e-07,2,"[10, 17]","[5884, 333]"
439,14,248,1120,0.0009326768909489414,0.0009326768909489414,2,"[10, 17]","[6293, 2]"
440,14,249,1120,0.0009318319696296926,0.0009318319696296926,2,"[10, 153]","[6299, 5]"
441,14,249,1120,0.0009324219696296954,5.900000000028929e-07,1,[10],[6232]
442,14,249,1120,0.0009333319696296999,9.100000000044619e-07,1,[10],[6239]
443,14,249,1121,0.0009320959757333862,0.0009320959757333862,1,[10],[6300]
444,14,250,1121,0.0009311683787589517,0.0009311683787589517,1,[10],[6316]
445,14,250,1121,0.0009317283787589545,5.600000000027458e-07,1,[10],[6256]
446,14,250,1121,0.000932448378758958,7.200000000035303e-07,1,[10],[6212]
447,14,250,1122,0.0009315337823088284,0.0009315337823088284,1,[10],[6263]
448,14,251,1122,0.0009304722804775798,0.0009304722804775798,2,"[10, 16]","[5774, 502]"
449,14,251,1122,0.0009310122804775824,5.400000000026477e-07,2,"[10, 16]","[6052, 181]"
450,14,251,1122,0.0009316422804775855,6.30000000003089e-07,2,"[10, 16]","[6159, 114]"
451,14,251,1123,0.0009306111262922501,0.0009306111262922501,2,"[10, 16]","[4487, 1795]"
452,14,252,1122,0.0009305496026824924,0.0009305496026824924,3,"[10, 16, 192]","[2943, 3329, 8]"
453,14,252,1123,0.0009295898270676945,0.0009295898270676945,2,"[10, 16]","[3785, 2484]"
454,14,252,1123,0.0009299798270676964,3.9000000000191225e-07,2,"[10, 16]","[3636, 2608]"
455,14,252,1123,0.000930299827067698,3.2000000000156903e-07,2,"[10, 16]","[3629, 2801]"
456,14,252,1123,0.0009306098270676995,3.1000000000152e-07,2,"[10, 16]","[3400, 2804]"
457,14,252,1123,0.0009310098270677014,4.000000000019613e-07,2,"[10, 16]","[3359, 2819]"
458,14,252,1123,0.0009325098270677088,1.5000000000073548e-06,2,"[10, 16]","[3233, 2942]"
459,14,252,1124,0.0009301425546391718,0.0009301425546391718,2,"[10, 16]","[5971, 292]"
460,14,253,1123,0.0009306300858186485,0.0009306300858186485,2,"[10, 16]","[5153, 1120]"
461,14,253,1124,0.0009290839667173962,0.0009290839667173962,2,"[10, 16]","[6325, 3]"
462,14,253,1124,0.0009296339667173989,5.500000000026968e-07,2,"[10, 16]","[6254, 8]"
463,14,253,1124,0.0009302539667174019,6.2000000000304e-07,2,"[10, 16]","[6141, 20]"
464,14,253,1125,0.0009292475422039198,0.0009292475422039198,1,[10],[6310]
465,14,254,1125,0.0009283982151399946,0.0009283982151399946,1,[10],[6326]
466,14,254,1125,0.0009289382151399972,5.400000000026477e-07,1,[10],[6285]
467,14,254,1125,0.0009295482151400002,6.10000000002991e-07,1,[10],[6156]
468,14,254,1126,0.0009284300449908158,0.0009284300449908158,1,[10],[6282]
469,14,254,1126,0.0009300100449908236,1.580000000007747e-06,1,[10],[6218]
470,14,255,1126,0.000927711671143106,0.000927711671143106,1,[10],[6292]
471,14,255,1126,0.0009282616711431087,5.500000000026968e-07,1,[10],[6291]
472,14,255,1126,0.0009289416711431121,6.800000000033342e-07,1,[10],[6170]
473,14,255,1127,0.0009276668589836728,0.0009276668589836728,1,[10],[6263]
474,14,255,1127,0.0009287468589836781,1.0800000000052955e-06,1,[10],[6253]
475,14,256,1127,0.0009270815429271261,0.0009270815429271261,1,[10],[6257]
476,14,256,1127,0.000927681542927129,6.000000000029419e-07,1,[10],[6324]
477,14,256,1127,0.0009286415429271337,9.60000000004707e-07,1,[10],[6175]
478,14,256,1128,0.000927006978333585,0.000927006978333585,1,[10],[6253]
479,14,256,1128,0.0009280869783335903,1.0800000000052955e-06,1,[10],[6261]
480,14,257,1128,0.0009265600692289427,0.0009265600692289427,1,[10],[6258]
481,14,257,1128,0.000927240069228946,6.800000000033342e-07,1,[10],[6295]
482,14,257,1129,0.0009263528602978641,0.0009263528602978641,1,[10],[6343]
483,14,257,1129,0.0009270828602978676,7.300000000035793e-07,1,[10],[6208]
484,14,258,1129,0.0009261119862932738,0.0009261119862932738,1,[10],[6256]
485,14,258,1129,0.0009269219862932778,8.100000000039716e-07,1,[10],[6287]
486,14,258,1130,0.0009257255432092217,0.0009257255432092217,1,[10],[6335]
487,14,258,1130,0.0009263655432092248,6.400000000031381e-07,1,[10],[6209]
488,14,259,1130,0.0009256909558969847,0.0009256909558969847,2,"[10, 15]","[6255, 1]"
489,14,259,1130,0.0009268809558969905,1.1900000000058348e-06,1,[10],[6256]
490,14,259,1131,0.000925112429414238,0.000925112429414238,2,"[10, 15]","[6201, 137]"
491,14,259,1131,0.0009257124294142409,6.000000000029419e-07,2,"[10, 15]","[6139, 57]"
492,14,259,1131,0.000926752429414246,1.0400000000050993e-06,2,"[10, 15]","[6200, 20]"
493,14,260,1131,0.0009252190139206283,0.0009252190139206283,2,"[10, 15]","[5467, 814]"
494,14,260,1132,0.0009245063744500617,0.0009245063744500617,2,"[10, 15]","[5335, 970]"
495,14,260,1132,0.0009250163744500642,5.100000000025006e-07,2,"[10, 15]","[5260, 1027]"
496,14,260,1132,0.0009255563744500669,5.400000000026477e-07,2,"[10, 15]","[5163, 1004]"
497,14,261,1132,0.0009250013407120613,0.0009250013407120613,2,"[10, 15]","[6098, 188]"
498,14,261,1133,0.00092416630645897,0.00092416630645897,2,"[10, 15]","[6249, 1]"
499,14,261,1133,0.0009247263064589727,5.600000000027458e-07,2,"[10, 15]","[6251, 2]"
500,14,261,1133,0.0009255763064589769,8.500000000041677e-07,2,"[10, 15]","[6254, 5]"
501,14,261,1134,0.0009253293673424248,0.0009253293673424248,1,[10],[6250]
502,14,262,1133,0.0009248664688663686,0.0009248664688663686,1,[10],[6282]
503,14,262,1134,0.0009237638060414122,0.0009237638060414122,1,[10],[6334]
504,14,262,1134,0.0009243038060414148,5.400000000026477e-07,1,[10],[6214]
505,14,262,1134,0.0009250838060414187,7.800000000038245e-07,1,[10],[6222]
506,14,262,1135,0.0009244709878807714,0.0009244709878807714,2,"[10, 14]","[6254, 4]"
507,14,263,1134,0.0009248775252340532,0.0009248775252340532,2,"[10, 14]","[6247, 5]"
508,14,263,1135,0.0009233212855214655,0.0009233212855214655,2,"[10, 14]","[6013, 326]"
509,14,263,1135,0.0009238612855214681,5.400000000026477e-07,2,"[10, 14]","[5941, 280]"
510,14,263,1135,0.0009245412855214715,6.800000000033342e-07,2,"[10, 14]","[6045, 209]"
511,14,263,1136,0.0009236604807613318,0.0009236604807613318,2,"[10, 14]","[5288, 975]"
512,14,264,1135,0.000924482003873657,0.000924482003873657,2,"[10, 14]","[5082, 1175]"
513,14,264,1136,0.0009228899199202373,0.0009228899199202373,2,"[10, 14]","[5906, 426]"
514,14,264,1136,0.0009234199199202399,5.300000000025987e-07,2,"[10, 14]","[5579, 601]"
515,14,264,1136,0.0009240899199202432,6.700000000032852e-07,2,"[10, 14]","[5369, 933]"
516,14,264,1137,0.0009232539648345718,0.0009232539648345718,3,"[10, 13, 14]","[6226, 3, 28]"
517,14,265,1137,0.0009224195726819024,0.0009224195726819024,2,"[10, 13]","[5993, 275]"
518,14,265,1137,0.0009230095726819053,5.900000000028929e-07,2,"[10, 13]","[6074, 194]"
519,14,265,1137,0.0009240095726819102,1.0000000000049032e-06,3,"[10, 13, 14]","[6120, 105, 2]"
520,14,265,1138,0.0009224804536511707,0.0009224804536511707,3,"[10, 12, 13]","[4819, 28, 1473]"
521,14,265,1138,0.0009236704536511765,1.1900000000058348e-06,3,"[10, 12, 13]","[4967, 1, 1222]"
522,14,266,1138,0.0009217150471176876,0.0009217150471176876,3,"[10, 12, 13]","[3704, 2035, 564]"
523,14,266,1138,0.0009222750471176904,5.600000000027458e-07,3,"[10, 12, 13]","[5106, 146, 1025]"
524,14,266,1138,0.000922805047117693,5.300000000025987e-07,3,"[10, 12, 13]","[5016, 36, 1192]"
525,14,266,1139,0.0009208209681101523,0.0009208209681101523,3,"[10, 12, 13]","[428, 5828, 2]"
526,14,266,1139,0.0009216809681101565,8.600000000042168e-07,3,"[10, 12, 13]","[2402, 3811, 32]"
527,14,266,1139,0.0009225509681101608,8.700000000042658e-07,3,"[10, 12, 13]","[4705, 1438, 159]"
528,14,267,1138,0.0009233686909515513,0.0009233686909515513,3,"[10, 12, 13]","[3752, 2439, 62]"
529,14,267,1139,0.0009206978478968306,0.0009206978478968306,2,"[10, 12]","[853, 5475]"
530,14,267,1139,0.0009212878478968335,5.900000000028929e-07,2,"[10, 12]","[2770, 3468]"
531,14,267,1139,0.0009217478478968357,4.600000000022555e-07,3,"[10, 12, 13]","[3905, 2301, 1]"
532,14,267,1139,0.0009222378478968381,4.900000000024026e-07,3,"[10, 12, 13]","[4567, 1666, 1]"
533,14,267,1140,0.0009217729799371071,0.0009217729799371071,2,"[10, 12]","[5123, 1159]"
534,14,268,1140,0.0009211051804255153,0.0009211051804255153,2,"[10, 12]","[6320, 10]"
535,14,268,1140,0.0009216651804255181,5.600000000027458e-07,2,"[10, 12]","[6183, 6]"
536,14,268,1140,0.0009226251804255228,9.60000000004707e-07,2,"[10, 12]","[6220, 21]"
537,14,268,1141,0.0009220681171225538,0.0009220681171225538,1,[10],[6251]
538,14,269,1140,0.0009221723695265376,0.0009221723695265376,1,[10],[6260]
539,14,269,1141,0.0009207050911078632,0.0009207050911078632,1,[10],[6261]
540,14,269,1141,0.0009212950911078661,5.900000000028929e-07,1,[10],[6318]
541,14,269,1141,0.0009223850911078714,1.0900000000053445e-06,1,[10],[6171]
542,14,270,1141,0.0009211551405155916,0.0009211551405155916,1,[10],[6254]
543,14,270,1142,0.0009203232131092464,0.0009203232131092464,1,[10],[6310]
544,14,270,1142,0.0009209232131092494,6.000000000029419e-07,1,[10],[6272]
545,14,270,1142,0.0009225632131092574,1.6400000000080413e-06,1,[10],[6168]
546,14,271,1142,0.0009204828887823457,0.0009204828887823457,1,[10],[6301]
547,14,271,1143,0.0009199774243785192,0.0009199774243785192,1,[10],[6320]
548,14,271,1143,0.0009206474243785225,6.700000000032852e-07,1,[10],[6246]
549,14,272,1143,0.0009199110230584657,0.0009199110230584657,2,"[10, 11]","[6302, 14]"
550,14,272,1143,0.0009208910230584705,9.800000000048052e-07,2,"[10, 11]","[6193, 5]"
551,14,272,1144,0.0009196227460117428,0.0009196227460117428,2,"[10, 11]","[5873, 467]"
552,14,272,1144,0.0009203327460117462,7.100000000034813e-07,2,"[10, 11]","[5899, 288]"
553,14,273,1144,0.0009193050408497141,0.0009193050408497141,2,"[10, 11]","[5121, 1138]"
554,14,273,1144,0.0009199450408497172,6.400000000031381e-07,2,"[10, 11]","[5171, 1125]"
555,14,273,1145,0.0009192752288981088,0.0009192752288981088,2,"[10, 11]","[5774, 516]"
556,14,273,1145,0.0009201652288981132,8.900000000043639e-07,2,"[10, 11]","[5561, 698]"
557,14,274,1145,0.0009189078799539884,0.0009189078799539884,2,"[10, 11]","[6260, 12]"
558,14,274,1145,0.0009195878799539918,6.800000000033342e-07,2,"[10, 11]","[6230, 26]"
559,14,274,1146,0.0009189170811546361,0.0009189170811546361,1,[10],[6262]
560,14,275,1146,0.0009184256658531733,0.0009184256658531733,1,[10],[6286]
561,14,275,1146,0.0009190856658531766,6.600000000032361e-07,1,[10],[6255]
562,14,275,1147,0.000918568974244805,0.000918568974244805,1,[10],[6262]
563,14,276,1147,0.0009179279267247539,0.0009179279267247539,1,[10],[6250]
564,14,276,1147,0.0009185379267247569,6.10000000002991e-07,1,[10],[6276]
565,14,276,1148,0.0009182199443315682,0.0009182199443315682,1,[10],[6252]
566,14,277,1148,0.0009174571452163339,0.0009174571452163339,1,[10],[6284]
567,14,277,1148,0.0009180471452163367,5.900000000028929e-07,1,[10],[6231]
568,14,277,1148,0.0009201071452163468,2.0600000000101006e-06,1,[10],[6235]
569,14,277,1149,0.000917900841441786,0.000917900841441786,1,[10],[6280]
570,14,278,1149,0.0009169723385047367,0.0009169723385047367,2,"[7, 10]","[4, 6253]"
571,14,278,1149,0.0009175623385047396,5.900000000028929e-07,2,"[7, 10]","[2, 6251]"
572,14,278,1149,0.0009185723385047445,1.0100000000049522e-06,1,[10],[6242]
573,14,278,1150,0.0009177574067311335,0.0009177574067311335,2,"[7, 10]","[160, 6115]"
574,14,279,1150,0.0009164954050442586,0.0009164954050442586,2,"[7, 10]","[3049, 3229]"
575,14,279,1150,0.0009170754050442614,5.800000000028439e-07,2,"[7, 10]","[2345, 3955]"
576,14,279,1150,0.0009180354050442661,9.60000000004707e-07,2,"[7, 10]","[1722, 4451]"
577,14,280,1150,0.0009168009570461486,0.0009168009570461486,2,"[7, 10]","[5855, 410]"
578,14,280,1151,0.0009159078060937534,0.0009159078060937534,3,"[7, 8, 10]","[6234, 59, 13]"
579,14,280,1151,0.0009164678060937561,5.600000000027458e-07,3,"[7, 8, 10]","[6243, 7, 26]"
580,14,280,1151,0.0009172278060937598,7.600000000037264e-07,2,"[7, 10]","[6125, 51]"
581,14,281,1151,0.0009154626850851924,0.0009154626850851924,2,"[7, 8]","[3471, 2845]"
582,14,281,1151,0.0009161526850851958,6.900000000033832e-07,2,"[7, 8]","[5160, 1047]"
583,14,281,1152,0.0009149819060781751,0.0009149819060781751,2,"[7, 8]","[2543, 3795]"
584,14,281,1152,0.0009154719060781775,4.900000000024026e-07,2,"[7, 8]","[3607, 2684]"
585,14,281,1152,0.0009159219060781797,4.5000000000220645e-07,2,"[7, 8]","[4127, 2040]"
586,14,281,1152,0.0009166819060781834,7.600000000037264e-07,2,"[7, 8]","[4767, 1447]"
587,14,282,1151,0.0009166200061980086,0.0009166200061980086,2,"[7, 8]","[1894, 4364]"
588,14,282,1152,0.0009147421266115257,0.0009147421266115257,2,"[7, 8]","[3581, 2709]"
589,14,282,1152,0.000915202126611528,4.600000000022555e-07,2,"[7, 8]","[3987, 2290]"
590,14,282,1152,0.0009156421266115301,4.400000000021574e-07,2,"[7, 8]","[4227, 2036]"
591,14,282,1152,0.0009163221266115334,6.800000000033342e-07,2,"[7, 8]","[4483, 1739]"
592,14,282,1153,0.0009151467152285829,0.0009151467152285829,2,"[7, 8]","[6154, 143]"
593,14,283,1153,0.0009143364653519495,0.0009143364653519495,2,"[7, 8]","[6295, 1]"
594,14,283,1153,0.0009149064653519523,5.700000000027948e-07,1,[7],[6288]
595,14,283,1153,0.0009156664653519561,7.600000000037264e-07,2,"[7, 8]","[6208, 2]"
596,14,283,1154,0.0009154908841072971,0.0009154908841072971,1,[7],[6251]
597,14,284,1153,0.0009148337370086623,0.0009148337370086623,1,[7],[6269]
598,14,284,1154,0.0009137276654554818,0.0009137276654554818,2,"[1, 7]","[3, 6278]"
599,14,284,1154,0.0009142976654554846,5.700000000027948e-07,1,[7],[6298]
600,14,284,1154,0.0009151476654554887,8.500000000041677e-07,1,[7],[6195]
601,14,285,1154,0.0009136200435999533,0.0009136200435999533,2,"[1, 7]","[297, 5964]"
602,14,285,1154,0.0009147500435999588,1.1300000000055406e-06,2,"[1, 7]","[70, 6186]"
603,14,285,1155,0.0009127052978943234,0.0009127052978943234,2,"[1, 7]","[4261, 2044]"
604,14,285,1155,0.0009131552978943257,4.5000000000220645e-07,2,"[1, 7]","[3484, 2840]"
605,14,285,1155,0.0009135652978943277,4.100000000020103e-07,2,"[1, 7]","[2898, 3297]"
606,14,285,1155,0.0009141252978943304,5.600000000027458e-07,2,"[1, 7]","[2155, 4055]"
607,14,285,1156,0.0009124167569372439,0.0009124167569372439,2,"[1, 7]","[6246, 66]"
608,14,285,1156,0.000912856756937246,4.400000000021574e-07,2,"[1, 7]","[6120, 110]"
609,14,285,1156,0.0009132867569372481,4.300000000021084e-07,2,"[1, 7]","[6091, 143]"
610,14,285,1156,0.0009140167569372517,7.300000000035793e-07,2,"[1, 7]","[5997, 240]"
611,14,285,1157,0.000912282143221574,0.000912282143221574,1,[1],[6250]
612,14,285,1157,0.0009128121432215766,5.300000000025987e-07,1,[1],[6253]
613,14,285,1157,0.0009134821432215799,6.700000000032852e-07,2,"[1, 7]","[6251, 1]"
614,14,285,1158,0.0009122365643340633,0.0009122365643340633,1,[1],[6254]
615,14,285,1158,0.0009130465643340673,8.100000000039716e-07,1,[1],[6264]
616,14,285,1159,0.0009121948020355056,0.0009121948020355056,1,[1],[6258]
617,14,285,1160,0.0009124680194851401,0.0009124680194851401,1,[1],[6252]
618,14,286,1155,0.0009123820751975205,0.0009123820751975205,2,"[1, 7]","[5710, 593]"
619,14,286,1155,0.0009127520751975223,3.700000000018142e-07,2,"[1, 7]","[5614, 745]"
620,14,286,1155,0.0009130420751975237,2.9000000000142193e-07,2,"[1, 7]","[5411, 888]"
621,14,286,1155,0.0009133220751975251,2.800000000013729e-07,2,"[1, 7]","[5125, 1003]"
622,14,286,1155,0.0009136620751975268,3.400000000016671e-07,2,"[1, 7]","[5039, 1123]"
623,14,286,1155,0.00091432207519753,6.600000000032361e-07,2,"[1, 7]","[4781, 1490]"
624,14,286,1156,0.0009120125418634751,0.0009120125418634751,2,"[1, 7]","[6366, 17]"
625,14,286,1156,0.0009123025418634765,2.9000000000142193e-07,2,"[1, 7]","[6128, 29]"
626,14,286,1156,0.0009125225418634776,2.200000000010787e-07,2,"[1, 7]","[6436, 48]"
627,14,286,1156,0.0009127025418634785,1.8000000000088258e-07,2,"[1, 7]","[6092, 35]"
628,14,286,1156,0.0009128725418634793,1.7000000000083355e-07,2,"[1, 7]","[6131, 41]"
629,14,286,1156,0.0009130525418634802,1.8000000000088258e-07,2,"[1, 7]","[6418, 56]"
630,14,286,1156,0.0009132325418634811,1.8000000000088258e-07,2,"[1, 7]","[6208, 67]"
631,14,286,1156,0.0009134325418634821,2.0000000000098064e-07,2,"[1, 7]","[5952, 71]"
632,14,286,1156,0.0009137025418634834,2.7000000000132387e-07,2,"[1, 7]","[6109, 77]"
633,14,286,1156,0.0009143025418634863,6.000000000029419e-07,2,"[1, 7]","[6127, 112]"
634,14,286,1157,0.000911805710945878,0.000911805710945878,1,[1],[6394]
635,14,286,1157,0.0009121157109458796,3.1000000000152e-07,1,[1],[6306]
636,14,286,1157,0.0009123457109458807,2.3000000000112774e-07,1,[1],[6254]
637,14,286,1157,0.0009125457109458817,2.0000000000098064e-07,1,[1],[6336]
638,14,286,1157,0.0009127357109458826,1.900000000009316e-07,1,[1],[6185]
639,14,286,1157,0.0009129257109458835,1.900000000009316e-07,1,[1],[6114]
640,14,286,1157,0.0009131457109458846,2.200000000010787e-07,1,[1],[6295]
641,14,286,1157,0.000913425710945886,2.800000000013729e-07,1,[1],[6122]
642,14,286,1157,0.000914035710945889,6.10000000002991e-07,1,[1],[6281]
643,14,286,1158,0.0009115370023531165,0.0009115370023531165,1,[1],[6364]
644,14,286,1158,0.000911847002353118,3.1000000000152e-07,1,[1],[6209]
645,14,286,1158,0.0009120870023531192,2.4000000000117677e-07,1,[1],[6466]
646,14,286,1158,0.0009122870023531202,2.0000000000098064e-07,1,[1],[6131]
647,14,286,1158,0.0009124870023531212,2.0000000000098064e-07,1,[1],[6198]
648,14,286,1158,0.0009126970023531222,2.1000000000102968e-07,1,[1],[6296]
649,14,286,1158,0.0009129470023531234,2.500000000012258e-07,1,[1],[6279]
650,14,286,1158,0.0009133070023531252,3.6000000000176516e-07,1,[1],[6178]
651,14,286,1159,0.0009112207373211751,0.0009112207373211751,1,[1],[6333]
652,14,286,1159,0.0009115407373211766,3.2000000000156903e-07,1,[1],[6337]
653,14,286,1159,0.0009117707373211778,2.3000000000112774e-07,1,[1],[6144]
654,14,286,1159,0.0009119807373211788,2.1000000000102968e-07,1,[1],[6399]
655,14,286,1159,0.0009121807373211798,2.0000000000098064e-07,1,[1],[6271]
656,14,286,1159,0.0009123907373211808,2.1000000000102968e-07,1,[1],[6215]
657,14,286,1159,0.000912640737321182,2.500000000012258e-07,1,[1],[6215]
658,14,286,1159,0.0009130007373211838,3.6000000000176516e-07,1,[1],[6199]
659,14,286,1160,0.0009109694915356841,0.0009109694915356841,1,[1],[6309]
660,14,286,1160,0.0009112894915356857,3.2000000000156903e-07,1,[1],[6408]
661,14,286,1160,0.0009115194915356868,2.3000000000112774e-07,1,[1],[6093]
662,14,286,1160,0.0009117294915356878,2.1000000000102968e-07,1,[1],[6211]
663,14,286,1160,0.0009119394915356888,2.1000000000102968e-07,1,[1],[6306]
664,14,286,1160,0.0009121594915356899,2.200000000010787e-07,1,[1],[6244]
665,14,286,1160,0.0009124294915356912,2.7000000000132387e-07,1,[1],[6245]
666,14,286,1160,0.0009128894915356935,4.600000000022555e-07,1,[1],[6222]
667,14,286,1161,0.0009107786482707607,0.0009107786482707607,1,[1],[6314]
668,14,286,1161,0.0009111086482707624,3.3000000000161806e-07,1,[1],[6267]
669,14,286,1161,0.0009113486482707635,2.4000000000117677e-07,1,[1],[6251]
670,14,286,1161,0.0009115686482707646,2.200000000010787e-07,1,[1],[6259]
671,14,286,1161,0.0009117886482707657,2.200000000010787e-07,1,[1],[6307]
672,14,286,1161,0.0009120286482707669,2.4000000000117677e-07,1,[1],[6111]
673,14,286,1161,0.0009123586482707685,3.3000000000161806e-07,1,[1],[6253]
674,14,286,1162,0.0009106270839528805,0.0009106270839528805,1,[1],[6265]
675,14,286,1162,0.0009109570839528821,3.3000000000161806e-07,1,[1],[6241]
676,14,286,1162,0.0009112170839528834,2.6000000000127484e-07,1,[1],[6347]
677,14,286,1162,0.0009114470839528845,2.3000000000112774e-07,1,[1],[6154]
678,14,286,1162,0.0009116970839528857,2.500000000012258e-07,1,[1],[6434]
679,14,286,1162,0.0009119970839528872,3.0000000000147097e-07,1,[1],[6238]
680,14,286,1162,0.0009125070839528897,5.100000000025006e-07,1,[1],[6109]
681,14,286,1163,0.0009105239569438419,0.0009105239569438419,1,[1],[6370]
682,14,286,1163,0.0009108739569438436,3.500000000017161e-07,1,[1],[6289]
683,14,286,1163,0.0009111439569438449,2.7000000000132387e-07,1,[1],[6147]
684,14,286,1163,0.0009114039569438462,2.6000000000127484e-07,1,[1],[6260]
685,14,286,1163,0.0009117139569438477,3.1000000000152e-07,1,[1],[6355]
686,14,286,1163,0.00091217395694385,4.600000000022555e-07,1,[1],[6105]
687,14,286,1164,0.0009104225355279864,0.0009104225355279864,1,[1],[6288]
688,14,286,1164,0.0009107925355279882,3.700000000018142e-07,1,[1],[6322]
689,14,286,1164,0.0009111025355279897,3.1000000000152e-07,1,[1],[6154]
690,14,286,1164,0.0009114225355279913,3.2000000000156903e-07,1,[1],[6257]
691,14,286,1164,0.0009118525355279934,4.300000000021084e-07,1,[1],[6234]
692,14,286,1165,0.0009103555154684116,0.0009103555154684116,1,[1],[6320]
693,14,286,1165,0.0009107655154684136,4.100000000020103e-07,1,[1],[6295]
694,14,286,1165,0.0009111255154684154,3.6000000000176516e-07,1,[1],[6205]
695,14,286,1165,0.0009115755154684176,4.5000000000220645e-07,1,[1],[6248]
696,14,286,1166,0.0009103578035697315,0.0009103578035697315,1,[1],[6298]
697,14,286,1166,0.000910867803569734,5.100000000025006e-07,1,[1],[6321]
698,14,286,1166,0.0009114078035697366,5.400000000026477e-07,1,[1],[6159]
699,14,286,1167,0.0009105178611939627,0.0009105178611939627,1,[1],[6322]
700,14,286,1167,0.0009112778611939665,7.600000000037264e-07,1,[1],[6229]
701,14,286,1168,0.0009107518027830336,0.0009107518027830336,1,[1],[6282]
702,14,286,1169,0.0009115473375091303,0.0009115473375091303,1,[1],[6262]
703,14,287,1161,0.0009119541198320234,0.0009119541198320234,1,[1],[6257]
704,14,287,1162,0.000911331162519677,0.000911331162519677,1,[1],[6269]
705,14,287,1162,0.0009127811625196841,1.4500000000071097e-06,1,[1],[6232]
706,14,287,1163,0.0009109534084112036,0.0009109534084112036,1,[1],[6280]
707,14,287,1163,0.0009115834084112066,6.30000000003089e-07,1,[1],[6265]
708,14,287,1164,0.0009106582793632206,0.0009106582793632206,1,[1],[6282]
709,14,287,1164,0.0009111782793632231,5.200000000025497e-07,1,[1],[6296]
710,14,287,1164,0.0009118082793632262,6.30000000003089e-07,1,[1],[6177]
711,14,287,1165,0.0009104072553211542,0.0009104072553211542,1,[1],[6325]
712,14,287,1165,0.0009108472553211564,4.400000000021574e-07,1,[1],[6209]
713,14,287,1165,0.0009112772553211585,4.300000000021084e-07,1,[1],[6299]
714,14,287,1165,0.000912007255321162,7.300000000035793e-07,1,[1],[6180]
715,14,287,1166,0.0009101965901471333,0.0009101965901471333,1,[1],[6279]
716,14,287,1166,0.0009106165901471353,4.2000000000205935e-07,1,[1],[6284]
717,14,287,1166,0.000910966590147137,3.500000000017161e-07,1,[1],[6195]
718,14,287,1166,0.0009114065901471392,4.400000000021574e-07,1,[1],[6339]
719,14,287,1167,0.0009100619800192299,0.0009100619800192299,1,[1],[6256]
720,14,287,1167,0.0009104419800192318,3.800000000018632e-07,1,[1],[6413]
721,14,287,1167,0.0009107519800192333,3.1000000000152e-07,1,[1],[6100]
722,14,287,1167,0.000911101980019235,3.500000000017161e-07,1,[1],[6358]
723,14,287,1167,0.0009116519800192377,5.500000000026968e-07,1,[1],[6180]
724,14,287,1168,0.0009099715450971078,0.0009099715450971078,1,[1],[6378]
725,14,287,1168,0.0009103315450971096,3.6000000000176516e-07,1,[1],[6334]
726,14,287,1168,0.000910621545097111,2.9000000000142193e-07,1,[1],[6264]
727,14,287,1168,0.0009109115450971124,2.9000000000142193e-07,1,[1],[6219]
728,14,287,1168,0.0009112615450971142,3.500000000017161e-07,1,[1],[6083]
729,14,287,1168,0.0009123815450971197,1.1200000000054916e-06,1,[1],[6225]
730,14,287,1169,0.0009099116923799882,0.0009099116923799882,1,[1],[6391]
731,14,287,1169,0.0009102516923799899,3.400000000016671e-07,1,[1],[6186]
732,14,287,1169,0.0009105316923799912,2.800000000013729e-07,1,[1],[6331]
733,14,287,1169,0.0009107916923799925,2.6000000000127484e-07,1,[1],[6220]
734,14,287,1169,0.000911091692379994,3.0000000000147097e-07,1,[1],[6299]
735,14,287,1169,0.0009115516923799962,4.600000000022555e-07,1,[1],[6167]
736,14,287,1170,0.0009098988360558798,0.0009098988360558798,1,[1],[6360]
737,14,287,1170,0.0009102488360558815,3.500000000017161e-07,1,[1],[6286]
738,14,287,1170,0.0009105288360558829,2.800000000013729e-07,1,[1],[6298]
739,14,287,1170,0.0009107788360558841,2.500000000012258e-07,1,[1],[6080]
740,14,287,1170,0.0009110688360558856,2.9000000000142193e-07,1,[1],[6246]
741,14,287,1170,0.0009114988360558877,4.300000000021084e-07,1,[1],[6238]
742,14,287,1171,0.0009099304925717326,0.0009099304925717326,1,[1],[6340]
743,14,287,1171,0.0009102804925717343,3.500000000017161e-07,1,[1],[6214]
744,14,287,1171,0.0009105604925717357,2.800000000013729e-07,1,[1],[6209]
745,14,287,1171,0.0009108404925717371,2.800000000013729e-07,1,[1],[6301]
746,14,287,1171,0.0009111904925717388,3.500000000017161e-07,1,[1],[6305]
747,14,287,1171,0.000911850492571742,6.600000000032361e-07,1,[1],[6135]
748,14,287,1172,0.0009100082888495778,0.0009100082888495778,1,[1],[6355]
749,14,287,1172,0.0009103982888495798,3.9000000000191225e-07,1,[1],[6277]
750,14,287,1172,0.0009107182888495813,3.2000000000156903e-07,1,[1],[6146]
751,14,287,1172,0.0009110782888495831,3.6000000000176516e-07,1,[1],[6368]
752,14,287,1172,0.0009116882888495861,6.10000000002991e-07,1,[1],[6115]
753,14,287,1173,0.0009100741281738675,0.0009100741281738675,1,[1],[6339]
754,14,287,1173,0.0009105041281738697,4.300000000021084e-07,1,[1],[6317]
755,14,287,1173,0.0009108941281738716,3.9000000000191225e-07,1,[1],[6178]
756,14,287,1173,0.0009114541281738743,5.600000000027458e-07,1,[1],[6172]
757,14,287,1174,0.0009101519005146286,0.0009101519005146286,1,[1],[6299]
758,14,287,1174,0.000910641900514631,4.900000000024026e-07,1,[1],[6307]
759,14,287,1174,0.0009111819005146336,5.400000000026477e-07,1,[1],[6204]
760,14,287,1175,0.0009101909159168776,0.0009101909159168776,2,"[1, 5]","[6240, 41]"
761,14,287,1175,0.0009107709159168804,5.800000000028439e-07,2,"[1, 5]","[6189, 50]"
762,14,287,1175,0.0009119909159168864,1.220000000005982e-06,2,"[1, 5]","[6208, 33]"
763,14,287,1176,0.0009102321693438941,0.0009102321693438941,2,"[1, 5]","[5573, 697]"
764,14,287,1176,0.0009109121693438975,6.800000000033342e-07,2,"[1, 5]","[5598, 666]"
765,14,287,1177,0.0009103839974608976,0.0009103839974608976,3,"[1, 4, 5]","[6080, 56, 152]"
766,14,287,1177,0.0009117739974609044,1.3900000000068155e-06,3,"[1, 4, 5]","[5974, 43, 202]"
767,14,287,1178,0.0009103872133464846,0.0009103872133464846,3,"[1, 3, 4]","[5471, 170, 640]"
768,14,287,1179,0.0009104392416609444,0.0009104392416609444,3,"[1, 3, 4]","[5175, 1025, 117]"
769,14,287,1180,0.0009107679612343483,0.0009107679612343483,3,"[1, 2, 3]","[5869, 318, 85]"
770,14,287,1181,0.000911029323895725,0.000911029323895725,2,"[1, 2]","[5665, 591]"
771,14,288,1170,0.0009114475843830872,0.0009114475843830872,1,[1],[6256]
772,14,288,1171,0.0009107127003735577,0.0009107127003735577,1,[1],[6311]
773,14,288,1172,0.0009104231886289364,0.0009104231886289364,1,[1],[6307]
774,14,288,1172,0.00091116318862894,7.400000000036284e-07,1,[1],[6263]
775,14,288,1173,0.0009102421475808168,0.0009102421475808168,1,[1],[6337]
776,14,288,1173,0.0009107621475808194,5.200000000025497e-07,1,[1],[6171]
777,14,288,1173,0.000911492147580823,7.300000000035793e-07,1,[1],[6243]
778,14,288,1174,0.0009100816948405001,0.0009100816948405001,1,[1],[6290]
779,14,288,1174,0.0009105416948405024,4.600000000022555e-07,1,[1],[6216]
780,14,288,1174,0.0009110116948405047,4.700000000023045e-07,1,[1],[6354]
781,14,288,1175,0.0009099632098715348,0.0009099632098715348,2,"[1, 5]","[6311, 50]"
782,14,288,1175,0.0009103732098715368,4.100000000020103e-07,2,"[1, 5]","[6229, 45]"
783,14,288,1175,0.0009107332098715386,3.6000000000176516e-07,2,"[1, 5]","[6071, 53]"
784,14,288,1175,0.0009112032098715409,4.700000000023045e-07,2,"[1, 5]","[6213, 59]"
785,14,288,1176,0.0009098219657694507,0.0009098219657694507,2,"[1, 5]","[5634, 683]"
786,14,288,1176,0.0009101919657694526,3.700000000018142e-07,2,"[1, 5]","[5656, 617]"
787,14,288,1176,0.000910491965769454,3.0000000000147097e-07,2,"[1, 5]","[5623, 628]"
788,14,288,1176,0.0009108119657694556,3.2000000000156903e-07,2,"[1, 5]","[5519, 645]"
789,14,288,1176,0.0009112719657694579,4.600000000022555e-07,2,"[1, 5]","[5574, 684]"
790,14,288,1177,0.0009097834463846139,0.0009097834463846139,4,"[1, 3, 4, 5]","[6154, 1, 77, 115]"
791,14,288,1177,0.0009101634463846158,3.800000000018632e-07,3,"[1, 4, 5]","[5955, 72, 128]"
792,14,288,1177,0.0009104934463846174,3.3000000000161806e-07,3,"[1, 4, 5]","[6232, 57, 154]"
793,14,288,1177,0.000910833446384619,3.400000000016671e-07,3,"[1, 4, 5]","[5914, 64, 125]"
794,14,288,1177,0.0009114034463846218,5.700000000027948e-07,3,"[1, 4, 5]","[5994, 64, 147]"
795,14,288,1178,0.0009096850303033847,0.0009096850303033847,3,"[1, 3, 4]","[5457, 246, 604]"
796,14,288,1178,0.0009100450303033865,3.6000000000176516e-07,3,"[1, 3, 4]","[5515, 227, 645]"
797,14,288,1178,0.0009103250303033879,2.800000000013729e-07,3,"[1, 3, 4]","[5345, 178, 631]"
798,14,288,1178,0.0009106050303033892,2.800000000013729e-07,4,"[1, 3, 4, 5]","[5478, 147, 721, 1]"
799,14,288,1178,0.0009109350303033909,3.3000000000161806e-07,3,"[1, 3, 4]","[5348, 137, 650]"
800,14,288,1178,0.0009116350303033943,7.000000000034323e-07,3,"[1, 3, 4]","[5373, 117, 714]"
801,14,288,1179,0.0009096226885685935,0.0009096226885685935,4,"[1, 2, 3, 4]","[5001, 5, 1179, 89]"
802,14,288,1179,0.0009099826885685953,3.6000000000176516e-07,4,"[1, 2, 3, 4]","[5199, 3, 996, 85]"
803,14,288,1179,0.0009102626885685967,2.800000000013729e-07,4,"[1, 2, 3, 4]","[5296, 3, 905, 88]"
804,14,288,1179,0.000910532688568598,2.7000000000132387e-07,4,"[1, 2, 3, 4]","[5299, 1, 883, 104]"
805,14,288,1179,0.0009108426885685995,3.1000000000152e-07,4,"[1, 2, 3, 4]","[5380, 3, 752, 129]"
806,14,288,1179,0.000911342688568602,5.000000000024516e-07,4,"[1, 2, 3, 4]","[5325, 1, 664, 112]"
807,14,288,1180,0.0009096310031002145,0.0009096310031002145,3,"[1, 2, 3]","[5797, 371, 114]"
808,14,288,1180,0.0009100010031002163,3.700000000018142e-07,3,"[1, 2, 3]","[5849, 354, 109]"
809,14,288,1180,0.0009103010031002178,3.0000000000147097e-07,3,"[1, 2, 3]","[5843, 377, 79]"
810,14,288,1180,0.0009105910031002192,2.9000000000142193e-07,3,"[1, 2, 3]","[5776, 338, 74]"
811,14,288,1180,0.000910961003100221,3.700000000018142e-07,3,"[1, 2, 3]","[5823, 337, 51]"
812,14,288,1181,0.0009095827203774568,0.0009095827203774568,2,"[1, 2]","[5704, 560]"
813,14,288,1181,0.0009099527203774586,3.700000000018142e-07,2,"[1, 2]","[5714, 604]"
814,14,288,1181,0.0009102527203774601,3.0000000000147097e-07,2,"[1, 2]","[5667, 591]"
815,14,288,1181,0.0009105427203774615,2.9000000000142193e-07,2,"[1, 2]","[5662, 601]"
816,14,288,1181,0.0009109127203774634,3.700000000018142e-07,2,"[1, 2]","[5602, 611]"
817,14,288,1182,0.0009096021955035803,0.0009096021955035803,2,"[1, 2]","[6358, 12]"
818,14,288,1182,0.0009099821955035821,3.800000000018632e-07,2,"[1, 2]","[6231, 18]"
819,14,288,1182,0.0009102921955035836,3.1000000000152e-07,2,"[1, 2]","[6146, 16]"
820,14,288,1182,0.0009106221955035853,3.3000000000161806e-07,2,"[1, 2]","[6222, 17]"
821,14,288,1182,0.0009111221955035877,5.000000000024516e-07,2,"[1, 2]","[6293, 13]"
822,14,288,1183,0.0009095836586779974,0.0009095836586779974,1,[1],[6287]
823,14,288,1183,0.0009099536586779992,3.700000000018142e-07,1,[1],[6248]
824,14,288,1183,0.0009102736586780008,3.2000000000156903e-07,1,[1],[6348]
825,14,288,1183,0.0009106036586780024,3.3000000000161806e-07,1,[1],[6288]
826,14,288,1183,0.0009110636586780047,4.600000000022555e-07,1,[1],[6166]
827,14,288,1184,0.0009095996184488348,0.0009095996184488348,1,[1],[6260]
828,14,288,1184,0.0009099796184488366,3.800000000018632e-07,1,[1],[6396]
829,14,288,1184,0.0009102896184488381,3.1000000000152e-07,1,[1],[6301]
830,14,288,1184,0.0009106196184488398,3.3000000000161806e-07,1,[1],[6185]
831,14,288,1184,0.0009111096184488422,4.900000000024026e-07,1,[1],[6145]
832,14,288,1185,0.0009095967058559433,0.0009095967058559433,1,[1],[6263]
833,14,288,1185,0.0009099767058559451,3.800000000018632e-07,1,[1],[6240]
834,14,288,1185,0.0009103067058559468,3.3000000000161806e-07,1,[1],[6410]
835,14,288,1185,0.0009106467058559484,3.400000000016671e-07,1,[1],[6104]
836,14,288,1185,0.0009111967058559511,5.500000000026968e-07,1,[1],[6298]
837,14,288,1186,0.0009096021843667257,0.0009096021843667257,1,[1],[6384]
838,14,288,1186,0.0009099821843667275,3.800000000018632e-07,1,[1],[6236]
839,14,288,1186,0.0009102921843667291,3.1000000000152e-07,1,[1],[6200]
840,14,288,1186,0.0009106421843667308,3.500000000017161e-07,1,[1],[6246]
841,14,288,1186,0.0009111721843667334,5.300000000025987e-07,1,[1],[6205]
842,14,288,1187,0.0009096093161642029,0.0009096093161642029,1,[1],[6310]
843,14,288,1187,0.0009099993161642048,3.9000000000191225e-07,1,[1],[6313]
844,14,288,1187,0.0009103193161642064,3.2000000000156903e-07,1,[1],[6282]
845,14,288,1187,0.0009106693161642081,3.500000000017161e-07,1,[1],[6119]
846,14,288,1187,0.0009112693161642111,6.000000000029419e-07,1,[1],[6262]
847,14,288,1188,0.0009099715956010703,0.0009099715956010703,1,[1],[6309]
848,14,288,1188,0.0009106315956010735,6.600000000032361e-07,1,[1],[6241]
849,14,313,1173,0.0009017962368210699,0.0009017962368210699,2,"[413, 414]","[3436, 2879]"
850,14,313,1173,0.0009025062368210734,7.100000000034813e-07,2,"[413, 414]","[3317, 2921]"
851,14,314,1173,0.0009012020642820992,0.0009012020642820992,2,"[413, 414]","[3489, 2830]"
852,14,314,1173,0.0009016120642821012,4.100000000020103e-07,2,"[413, 414]","[3305, 3002]"
853,14,314,1173,0.0009019520642821029,3.400000000016671e-07,2,"[413, 414]","[3227, 3042]"
854,14,314,1173,0.0009023320642821048,3.800000000018632e-07,2,"[413, 414]","[3045, 3100]"
855,14,314,1173,0.0009031620642821088,8.300000000040697e-07,2,"[413, 414]","[2991, 3225]"
856,14,314,1174,0.0009015876778129022,0.0009015876778129022,2,"[413, 414]","[3628, 2660]"
857,14,314,1174,0.0009027576778129079,1.1700000000057368e-06,2,"[413, 414]","[3036, 3192]"
858,14,315,1173,0.0009014636606537219,0.0009014636606537219,2,"[413, 414]","[3259, 3039]"
859,14,315,1173,0.0009025936606537274,1.1300000000055406e-06,2,"[413, 414]","[2681, 3532]"
860,14,315,1174,0.0009007172624844761,0.0009007172624844761,2,"[413, 414]","[3993, 2319]"
861,14,315,1174,0.000901117262484478,4.000000000019613e-07,2,"[413, 414]","[3407, 2781]"
862,14,315,1174,0.0009014572624844797,3.400000000016671e-07,2,"[413, 414]","[3256, 3055]"
863,14,315,1174,0.0009018272624844815,3.700000000018142e-07,2,"[413, 414]","[2938, 3342]"
864,14,315,1174,0.0009024772624844847,6.500000000031871e-07,2,"[413, 414]","[2718, 3456]"
865,14,316,1174,0.0009005030764299875,0.0009005030764299875,3,"[413, 414, 856]","[3778, 2530, 1]"
866,14,316,1174,0.0009009430764299897,4.400000000021574e-07,3,"[413, 414, 856]","[3170, 3147, 1]"
867,14,316,1174,0.0009013230764299916,3.800000000018632e-07,3,"[413, 414, 857]","[2737, 3428, 1]"
868,14,316,1174,0.0009018430764299941,5.200000000025497e-07,2,"[413, 414]","[2445, 3819]"
869,14,316,1175,0.0009004875513991325,0.0009004875513991325,3,"[413, 414, 857]","[4405, 1870, 2]"
870,14,316,1175,0.0009010375513991352,5.500000000026968e-07,4,"[413, 414, 856, 857]","[3741, 2549, 1, 2]"
871,14,316,1175,0.0009017275513991385,6.900000000033832e-07,4,"[413, 414, 856, 857]","[3002, 3204, 1, 1]"
872,14,317,1174,0.0009012113045938021,0.0009012113045938021,3,"[413, 414, 857]","[2497, 3789, 2]"
873,14,317,1175,0.000899931370927126,0.000899931370927126,2,"[413, 414]","[4547, 1783]"
874,14,317,1175,0.0009003213709271279,3.9000000000191225e-07,2,"[413, 414]","[3647, 2547]"
875,14,317,1175,0.0009006513709271295,3.3000000000161806e-07,2,"[413, 414]","[3380, 2989]"
876,14,317,1175,0.0009009713709271311,3.2000000000156903e-07,2,"[413, 414]","[2828, 3374]"
877,14,317,1175,0.0009014013709271332,4.300000000021084e-07,2,"[413, 414]","[2400, 3814]"
878,14,317,1176,0.0009009865891023944,0.0009009865891023944,2,"[413, 414]","[4832, 1434]"
879,14,318,1175,0.0008999533783124152,0.0008999533783124152,4,"[413, 414, 853, 854]","[3653, 2647, 8, 1]"
880,14,318,1175,0.0009004833783124178,5.300000000025987e-07,3,"[413, 414, 853]","[2522, 3735, 11]"
881,14,318,1175,0.0009010933783124208,6.10000000002991e-07,4,"[413, 414, 853, 854]","[1765, 4418, 10, 1]"
882,14,318,1176,0.0008995667282996923,0.0008995667282996923,3,"[413, 414, 853]","[5179, 1118, 14]"
883,14,318,1176,0.0009000367282996946,4.700000000023045e-07,3,"[413, 414, 853]","[4404, 1770, 18]"
884,14,318,1176,0.0009004967282996969,4.600000000022555e-07,3,"[413, 414, 853]","[3786, 2545, 21]"
885,14,318,1176,0.0009012567282997006,7.600000000037264e-07,3,"[413, 414, 853]","[2803, 3338, 34]"
886,14,319,1176,0.0008992482446846785,0.0008992482446846785,4,"[413, 414, 853, 854]","[4707, 1625, 11, 1]"
887,14,319,1176,0.0008996782446846806,4.300000000021084e-07,4,"[413, 414, 853, 854]","[3604, 2622, 17, 1]"
888,14,319,1176,0.0009000382446846824,3.6000000000176516e-07,3,"[413, 414, 853]","[2808, 3337, 23]"
889,14,319,1176,0.0009004482446846844,4.100000000020103e-07,3,"[413, 414, 853]","[2307, 3989, 40]"
890,14,319,1176,0.0009012582446846884,8.100000000039716e-07,4,"[413, 414, 853, 854]","[1486, 4648, 46, 1]"
891,14,319,1177,0.0008994773048459084,0.0008994773048459084,2,"[413, 414]","[5688, 580]"
892,14,319,1177,0.0009006973048459144,1.220000000005982e-06,3,"[413, 414, 853]","[4550, 1703, 4]"
893,14,320,1176,0.0008994998736592517,0.0008994998736592517,2,"[413, 414]","[2488, 3762]"
894,14,320,1176,0.0009002298736592553,7.300000000035793e-07,3,"[413, 414, 853]","[1225, 5084, 3]"
895,14,320,1177,0.0008987170312343848,0.0008987170312343848,2,"[413, 414]","[5558, 761]"
896,14,320,1177,0.0008991770312343871,4.600000000022555e-07,2,"[413, 414]","[4719, 1546]"
897,14,320,1177,0.0008995870312343891,4.100000000020103e-07,2,"[413, 414]","[3966, 2225]"
898,14,320,1177,0.0009001070312343916,5.200000000025497e-07,2,"[413, 414]","[2979, 3246]"
899,14,321,1177,0.0008986439773620037,0.0008986439773620037,3,"[413, 414, 419]","[4227, 2116, 5]"
900,14,321,1177,0.0008991339773620061,4.900000000024026e-07,3,"[413, 414, 419]","[2676, 3469, 8]"
901,14,321,1177,0.0008995939773620083,4.600000000022555e-07,3,"[413, 414, 419]","[1792, 4496, 12]"
902,14,321,1177,0.0009002639773620116,6.700000000032852e-07,3,"[413, 414, 419]","[990, 5208, 9]"
903,14,321,1178,0.000898388981249535,0.000898388981249535,3,"[413, 414, 419]","[5999, 288, 14]"
904,14,321,1178,0.0008990089812495381,6.2000000000304e-07,3,"[413, 414, 419]","[5363, 815, 23]"
905,14,321,1178,0.0009003489812495447,1.3400000000065703e-06,3,"[413, 414, 419]","[4144, 2079, 34]"
906,14,322,1177,0.0008990360575448919,0.0008990360575448919,3,"[413, 414, 419]","[1234, 4369, 681]"
907,14,322,1177,0.0009000060575448967,9.700000000047561e-07,3,"[413, 414, 419]","[265, 5223, 756]"
908,14,322,1178,0.0008979791277226148,0.0008979791277226148,3,"[413, 414, 419]","[5511, 703, 111]"
909,14,322,1178,0.0008984491277226172,4.700000000023045e-07,3,"[413, 414, 419]","[4312, 1564, 327]"
910,14,322,1178,0.0008988591277226192,4.100000000020103e-07,3,"[413, 414, 419]","[3271, 2450, 592]"
911,14,322,1178,0.0008993091277226214,4.5000000000220645e-07,3,"[413, 414, 419]","[2128, 3172, 873]"
912,14,322,1178,0.000900249127722626,9.40000000004609e-07,3,"[413, 414, 419]","[1102, 3935, 1214]"
913,14,322,1179,0.00089843439107083,0.00089843439107083,3,"[413, 414, 419]","[6174, 107, 11]"
914,14,323,1178,0.000898126434939175,0.000898126434939175,3,"[413, 414, 419]","[3084, 3081, 119]"
915,14,323,1178,0.0008986564349391776,5.300000000025987e-07,3,"[413, 414, 419]","[1318, 4712, 285]"
916,14,323,1178,0.0008991664349391801,5.100000000025006e-07,3,"[413, 414, 419]","[630, 5083, 471]"
917,14,323,1178,0.0009005364349391868,1.3700000000067174e-06,3,"[413, 414, 419]","[173, 5151, 895]"
918,14,323,1179,0.0008974695572021954,0.0008974695572021954,2,"[413, 414]","[6088, 216]"
919,14,323,1179,0.0008980095572021981,5.400000000026477e-07,3,"[413, 414, 421]","[5654, 641, 1]"
920,14,323,1179,0.0008986195572022011,6.10000000002991e-07,3,"[413, 414, 419]","[4631, 1532, 8]"
921,14,324,1178,0.0008987609996359589,0.0008987609996359589,4,"[413, 414, 419, 421]","[371, 5839, 1, 90]"
922,14,324,1179,0.0008973662234977449,0.0008973662234977449,3,"[413, 414, 421]","[4976, 1103, 216]"
923,14,324,1179,0.0008978962234977475,5.300000000025987e-07,3,"[413, 414, 421]","[3342, 2577, 344]"
924,14,324,1179,0.0008983762234977498,4.800000000023535e-07,3,"[413, 414, 421]","[2023, 3801, 381]"
925,14,324,1179,0.0008990762234977532,7.000000000034323e-07,3,"[413, 414, 421]","[962, 4957, 352]"
926,14,324,1180,0.0008971988022475271,0.0008971988022475271,3,"[413, 414, 421]","[6172, 59, 33]"
927,14,324,1180,0.0008980388022475312,8.400000000041187e-07,3,"[413, 414, 421]","[5846, 314, 95]"
928,14,325,1179,0.0008974184002507479,0.0008974184002507479,3,"[413, 414, 421]","[907, 3018, 2332]"
929,14,325,1179,0.00089785840025075,4.400000000021574e-07,3,"[413, 414, 421]","[317, 3579, 2424]"
930,14,325,1179,0.0008982384002507519,3.800000000018632e-07,3,"[413, 414, 421]","[170, 3659, 2400]"
931,14,325,1179,0.0008987084002507542,4.700000000023045e-07,3,"[413, 414, 421]","[76, 3834, 2351]"
932,14,325,1180,0.0008968761066843735,0.0008968761066843735,4,"[413, 414, 421, 1035]","[5650, 498, 113, 1]"
933,14,325,1180,0.0008974461066843763,5.700000000027948e-07,4,"[413, 414, 421, 1035]","[4607, 1308, 326, 1]"
934,14,325,1180,0.0008980861066843794,6.400000000031381e-07,4,"[413, 414, 421, 1035]","[3239, 2412, 608, 1]"
935,14,325,1181,0.0008968787375099901,0.0008968787375099901,5,"[413, 414, 884, 1035, 1036]","[6188, 11, 62, 10, 3]"
936,14,325,1181,0.0008978087375099946,9.3000000000456e-07,5,"[413, 414, 884, 1035, 1036]","[6146, 25, 82, 9, 2]"
937,14,326,1179,0.0008981071225839403,0.0008981071225839403,3,"[413, 414, 421]","[19, 5347, 904]"
938,14,326,1180,0.0008972080480898569,0.0008972080480898569,4,"[413, 414, 421, 884]","[1047, 5181, 57, 2]"
939,14,326,1180,0.0008977880480898597,5.800000000028439e-07,4,"[413, 414, 421, 884]","[424, 5773, 80, 2]"
940,14,326,1180,0.0008987180480898643,9.3000000000456e-07,3,"[413, 414, 421]","[181, 5897, 107]"
941,14,326,1181,0.0008966899805578171,0.0008966899805578171,5,"[413, 414, 884, 1035, 1036]","[5398, 197, 666, 9, 3]"
942,14,326,1181,0.0008973699805578205,6.800000000033342e-07,5,"[413, 414, 884, 1035, 1036]","[4761, 420, 1061, 8, 1]"
943,14,326,1182,0.0008964011922614814,0.0008964011922614814,2,"[413, 884]","[5196, 1131]"
944,14,326,1182,0.0008969111922614839,5.100000000025006e-07,2,"[413, 884]","[4344, 1929]"
945,14,326,1182,0.0008974011922614863,4.900000000024026e-07,4,"[413, 414, 884, 1035]","[3454, 1, 2716, 3]"
946,14,326,1182,0.0008987211922614928,1.3200000000064722e-06,2,"[413, 884]","[2150, 4077]"
947,14,327,1180,0.0008969970836541313,0.0008969970836541313,3,"[413, 414, 422]","[5, 6247, 7]"
948,14,327,1180,0.0008976770836541347,6.800000000033342e-07,3,"[413, 414, 422]","[3, 6293, 5]"
949,14,327,1181,0.0008972333260776165,0.0008972333260776165,4,"[413, 414, 422, 884]","[1046, 4786, 74, 352]"
950,14,327,1182,0.0008964575786360846,0.0008964575786360846,4,"[413, 414, 422, 884]","[5995, 28, 1, 301]"
951,14,327,1182,0.0008973175786360888,8.600000000042168e-07,4,"[413, 414, 422, 884]","[5313, 41, 4, 839]"
952,14,327,1183,0.0008960382078355008,0.0008960382078355008,2,"[413, 884]","[6276, 5]"
953,14,327,1183,0.0008966782078355039,6.400000000031381e-07,2,"[413, 884]","[6267, 19]"
954,14,328,1180,0.0008973793453979131,0.0008973793453979131,2,"[414, 422]","[5243, 1025]"
955,14,328,1181,0.0008962232537761192,0.0008962232537761192,3,"[413, 414, 422]","[1, 4818, 1474]"
956,14,328,1181,0.0008967132537761216,4.900000000024026e-07,3,"[413, 414, 422]","[2, 4652, 1586]"
957,14,328,1181,0.0008972232537761241,5.100000000025006e-07,3,"[413, 414, 422]","[3, 4725, 1542]"
958,14,328,1183,0.0008962292541803051,0.0008962292541803051,3,"[413, 414, 885]","[6267, 3, 1]"
959,14,328,1184,0.0008955745418303892,0.0008955745418303892,2,"[413, 885]","[6224, 84]"
960,14,328,1184,0.0008961745418303921,6.000000000029419e-07,2,"[413, 885]","[6234, 42]"
961,14,328,1184,0.0008977045418303996,1.530000000007502e-06,2,"[413, 885]","[6144, 22]"
962,14,329,1180,0.0008978126702697951,0.0008978126702697951,2,"[414, 422]","[897, 5354]"
963,14,329,1180,0.0008992126702698019,1.4000000000068645e-06,2,"[414, 422]","[30, 6241]"
964,14,329,1181,0.0008956733492964241,0.0008956733492964241,2,"[414, 422]","[4972, 1370]"
965,14,329,1181,0.0008960933492964261,4.2000000000205935e-07,2,"[414, 422]","[3709, 2489]"
966,14,329,1181,0.0008964233492964278,3.3000000000161806e-07,2,"[414, 422]","[2966, 3249]"
967,14,329,1181,0.0008967533492964294,3.3000000000161806e-07,2,"[414, 422]","[2470, 3873]"
968,14,329,1181,0.0008971133492964311,3.6000000000176516e-07,2,"[414, 422]","[1916, 4335]"
969,14,329,1181,0.0008976433492964337,5.300000000025987e-07,2,"[414, 422]","[1246, 4983]"
970,14,329,1181,0.0008985333492964381,8.900000000043639e-07,2,"[414, 422]","[393, 5791]"
971,14,329,1182,0.0008959912835380684,0.0008959912835380684,2,"[414, 422]","[5982, 305]"
972,14,329,1184,0.0008959411156692651,0.0008959411156692651,4,"[413, 885, 955, 1031]","[5293, 971, 3, 2]"
973,14,329,1185,0.0008947855114967162,0.0008947855114967162,5,"[413, 885, 955, 1030, 1031]","[3461, 2805, 10, 10, 1]"
974,14,329,1185,0.0008952055114967183,4.2000000000205935e-07,4,"[413, 885, 955, 1030]","[3700, 2579, 2, 6]"
975,14,329,1185,0.0008955755114967201,3.700000000018142e-07,5,"[413, 885, 955, 1030, 1031]","[3890, 2376, 9, 5, 2]"
976,14,329,1185,0.0008960055114967222,4.300000000021084e-07,4,"[413, 885, 955, 1030]","[3901, 2246, 12, 5]"
977,14,329,1186,0.000895180674649219,0.000895180674649219,4,"[413, 885, 955, 1030]","[4563, 1717, 6, 8]"
978,14,330,1180,0.0008983707704776022,0.0008983707704776022,2,"[414, 422]","[48, 6208]"
979,14,330,1181,0.0008959896395912258,0.0008959896395912258,2,"[414, 422]","[4677, 1575]"
980,14,330,1181,0.0008967796395912297,7.900000000038735e-07,2,"[414, 422]","[1246, 5049]"
981,14,330,1181,0.0008974396395912329,6.600000000032361e-07,2,"[414, 422]","[252, 6015]"
982,14,330,1181,0.0008983996395912376,9.60000000004707e-07,2,"[414, 422]","[23, 6195]"
983,14,330,1182,0.0008947702731582223,0.0008947702731582223,2,"[414, 422]","[6314, 1]"
984,14,330,1182,0.0008953702731582252,6.000000000029419e-07,2,"[414, 422]","[6253, 22]"
985,14,330,1182,0.000896140273158229,7.700000000037755e-07,2,"[414, 422]","[5931, 241]"
986,14,330,1185,0.0008947624339552557,0.0008947624339552557,5,"[413, 885, 955, 1030, 1031]","[1861, 4438, 4, 19, 1]"
987,14,330,1185,0.0008955224339552595,7.600000000037264e-07,4,"[413, 885, 955, 1030]","[2363, 3844, 8, 23]"
988,14,330,1186,0.0008939592717103312,0.0008939592717103312,3,"[413, 885, 1030]","[2612, 3734, 1]"
989,14,330,1186,0.0008943892717103333,4.300000000021084e-07,3,"[413, 885, 1030]","[3274, 2891, 2]"
990,14,330,1186,0.000894749271710335,3.6000000000176516e-07,3,"[413, 885, 1030]","[3737, 2607, 6]"
991,14,330,1186,0.0008951292717103369,3.800000000018632e-07,3,"[413, 885, 1030]","[3985, 2208, 7]"
992,14,330,1186,0.0008957492717103399,6.2000000000304e-07,4,"[413, 885, 1030, 1031]","[4134, 2078, 8, 2]"
993,14,330,1187,0.0008943237528207736,0.0008943237528207736,3,"[413, 885, 965]","[5469, 809, 3]"
994,14,330,1187,0.0008959537528207816,1.6300000000079922e-06,2,"[413, 885]","[5871, 348]"
995,14,331,1182,0.0008942439355981998,0.0008942439355981998,1,[414],[6271]
996,14,331,1182,0.0008949839355982034,7.400000000036284e-07,1,[414],[6251]
997,14,331,1183,0.000894253550956707,0.000894253550956707,1,[414],[6271]
998,14,331,1186,0.0008935640758421807,0.0008935640758421807,5,"[413, 885, 965, 1055, 1056]","[406, 5773, 132, 3, 3]"
999,14,331,1186,0.0008942740758421842,7.100000000034813e-07,5,"[413, 885, 965, 1055, 1056]","[1085, 5115, 20, 1, 2]"
1000,14,331,1187,0.0008930781563767589,0.0008930781563767589,3,"[413, 885, 965]","[1436, 3940, 921]"
1001,14,331,1187,0.0008936381563767617,5.600000000027458e-07,3,"[413, 885, 965]","[3303, 2664, 361]"
1002,14,331,1187,0.0008940981563767639,4.600000000022555e-07,3,"[413, 885, 965]","[4184, 1837, 144]"
1003,14,331,1187,0.0008947081563767669,6.10000000002991e-07,3,"[413, 885, 965]","[5007, 1176, 48]"
1004,14,331,1188,0.0008934175827667171,0.0008934175827667171,3,"[413, 885, 965]","[5384, 374, 540]"
1005,14,331,1188,0.0008941675827667208,7.500000000036774e-07,3,"[413, 885, 965]","[5877, 55, 287]"
1006,14,332,1183,0.0008931420474610984,0.0008931420474610984,1,[414],[6295]
1007,14,332,1183,0.0008937420474611013,6.000000000029419e-07,1,[414],[6214]
1008,14,332,1183,0.0008947120474611061,9.700000000047561e-07,1,[414],[6258]
1009,14,332,1185,0.0008939173826077754,0.0008939173826077754,5,"[414, 885, 1055, 1056, 1098]","[18, 24, 3269, 2935, 44]"
1010,14,332,1186,0.0008943562965662533,0.0008943562965662533,7,"[413, 885, 965, 1055, 1056, 1058, 1098]","[26, 3115, 776, 1049, 1099, 8, 178]"
1011,14,332,1187,0.0008919629337913979,0.0008919629337913979,6,"[413, 885, 965, 1056, 1058, 1098]","[3, 5137, 1198, 1, 1, 2]"
1012,14,332,1187,0.0008924529337914003,4.900000000024026e-07,4,"[413, 885, 965, 1098]","[45, 3636, 2496, 3]"
1013,14,332,1187,0.0008928529337914022,4.000000000019613e-07,5,"[413, 885, 965, 1056, 1098]","[163, 3148, 3066, 3, 2]"
1014,14,332,1187,0.0008932529337914042,4.000000000019613e-07,5,"[413, 885, 965, 1055, 1098]","[279, 2615, 3240, 2, 10]"
1015,14,332,1187,0.000893822933791407,5.700000000027948e-07,6,"[413, 885, 965, 1055, 1056, 1098]","[550, 2229, 3447, 2, 2, 2]"
1016,14,332,1188,0.0008919093234578386,0.0008919093234578386,3,"[413, 885, 965]","[253, 5349, 693]"
1017,14,332,1188,0.0008925493234578418,6.400000000031381e-07,3,"[413, 885, 965]","[1466, 1968, 2848]"
1018,14,332,1188,0.0008929393234578437,3.9000000000191225e-07,3,"[413, 885, 965]","[2060, 751, 3554]"
1019,14,332,1188,0.0008932293234578451,2.9000000000142193e-07,3,"[413, 885, 965]","[2124, 307, 3655]"
1020,14,332,1188,0.0008935093234578465,2.800000000013729e-07,3,"[413, 885, 965]","[2238, 164, 3861]"
1021,14,332,1188,0.0008938093234578479,3.0000000000147097e-07,3,"[413, 885, 965]","[2123, 75, 4134]"
1022,14,332,1188,0.0008941793234578497,3.700000000018142e-07,3,"[413, 885, 965]","[1967, 45, 4117]"
1023,14,332,1189,0.000892652349704641,0.000892652349704641,4,"[413, 885, 965, 998]","[5654, 447, 218, 3]"
1024,14,332,1189,0.0008932223497046438,5.700000000027948e-07,3,"[413, 885, 965]","[5645, 4, 569]"
1025,14,332,1189,0.0008939723497046474,7.500000000036774e-07,2,"[413, 965]","[5184, 1043]"
1026,14,333,1183,0.0008927944770174797,0.0008927944770174797,1,[414],[6288]
1027,14,333,1183,0.0008942544770174869,1.4600000000071587e-06,2,"[414, 1056]","[6214, 1]"
1028,14,333,1184,0.0008922113059239301,0.0008922113059239301,3,"[414, 1055, 1056]","[6288, 13, 4]"
1029,14,333,1184,0.0008931613059239348,9.500000000046581e-07,4,"[414, 1055, 1056, 1098]","[5960, 178, 100, 1]"
1030,14,333,1185,0.0008929225989402409,0.0008929225989402409,5,"[414, 1055, 1056, 1058, 1098]","[792, 2438, 2204, 95, 756]"
1031,14,333,1185,0.0008933925989402432,4.700000000023045e-07,5,"[414, 1055, 1056, 1058, 1098]","[43, 3015, 2871, 17, 356]"
1032,14,333,1185,0.000893762598940245,3.700000000018142e-07,5,"[414, 1055, 1056, 1058, 1098]","[12, 3210, 2742, 13, 187]"
1033,14,333,1185,0.0008941825989402471,4.2000000000205935e-07,5,"[414, 1055, 1056, 1058, 1098]","[1, 3653, 2558, 7, 100]"
1034,14,333,1185,0.0008948025989402501,6.2000000000304e-07,5,"[414, 1055, 1056, 1058, 1098]","[1, 4272, 1938, 1, 28]"
1035,14,333,1186,0.0008925250246424593,0.0008925250246424593,9,"[414, 885, 965, 1055, 1056, 1058, 1098, 1120, 1143]","[2, 46, 24, 300, 2425, 1179, 2304, 1, 1]"
1036,14,333,1186,0.0008930050246424617,4.800000000023535e-07,6,"[885, 965, 1055, 1056, 1058, 1098]","[26, 26, 732, 2790, 622, 2080]"
1037,14,333,1186,0.0008934150246424637,4.100000000020103e-07,6,"[885, 965, 1055, 1056, 1058, 1098]","[15, 17, 1267, 2942, 359, 1608]"
1038,14,333,1186,0.0008938650246424659,4.5000000000220645e-07,6,"[885, 965, 1055, 1056, 1058, 1098]","[11, 9, 2265, 2828, 181, 1027]"
1039,14,333,1186,0.0008944450246424687,5.800000000028439e-07,6,"[885, 965, 1055, 1056, 1058, 1098]","[4, 4, 3660, 2025, 47, 456]"
1040,14,333,1187,0.0008924496723063655,0.0008924496723063655,8,"[413, 885, 965, 1055, 1056, 1058, 1098, 1120]","[1, 3921, 847, 1, 1056, 251, 194, 9]"
1041,14,333,1187,0.0008942196723063742,1.7700000000086787e-06,7,"[413, 885, 965, 1055, 1056, 1058, 1098]","[7, 796, 3257, 58, 1298, 315, 497]"
1042,14,333,1188,0.0008902818210099504,0.0008902818210099504,3,"[885, 998, 1056]","[6174, 82, 1]"
1043,14,333,1188,0.0008910918210099544,8.100000000039716e-07,4,"[413, 885, 965, 1056]","[5, 6248, 11, 10]"
1044,14,333,1188,0.00089224182100996,1.1500000000056387e-06,4,"[413, 885, 965, 1056]","[114, 5434, 621, 56]"
1045,14,333,1188,0.0008934118210099657,1.1700000000057368e-06,4,"[413, 885, 965, 1056]","[527, 830, 4881, 47]"
1046,14,333,1188,0.0008944618210099709,1.0500000000051484e-06,4,"[413, 885, 965, 1056]","[293, 31, 5902, 2]"
1047,14,333,1189,0.0008893671310537364,0.0008893671310537364,2,"[885, 998]","[5562, 728]"
1048,14,333,1189,0.0008912971310537459,1.930000000009463e-06,3,"[413, 885, 998]","[273, 5768, 169]"
1049,14,333,1189,0.0008928071310537533,1.5100000000074039e-06,3,"[413, 885, 965]","[5701, 437, 124]"
1050,14,333,1190,0.0008917774192351164,0.0008917774192351164,4,"[413, 885, 887, 998]","[4451, 1665, 13, 137]"
1051,14,333,1190,0.0008923874192351194,6.10000000002991e-07,2,"[413, 887]","[6235, 5]"
1052,14,333,1190,0.0008930874192351228,7.000000000034323e-07,4,"[413, 887, 965, 1040]","[6248, 4, 1, 6]"
1053,14,333,1191,0.0008925783516641773,0.0008925783516641773,4,"[413, 885, 887, 971]","[5711, 35, 506, 1]"
1054,14,334,1184,0.0008911033592940823,0.0008911033592940823,1,[414],[6269]
1055,14,334,1184,0.0008918233592940858,7.200000000035303e-07,2,"[414, 1055]","[6280, 1]"
1056,14,334,1184,0.0008931133592940922,1.2900000000063251e-06,4,"[414, 1055, 1056, 1098]","[6186, 7, 6, 1]"
1057,14,334,1185,0.0008914204030646346,0.0008914204030646346,4,"[414, 1056, 1058, 1098]","[6208, 16, 21, 25]"
1058,14,334,1185,0.0008936504030646455,2.230000000010934e-06,6,"[414, 1055, 1056, 1058, 1098, 1143]","[2190, 687, 1573, 315, 1480, 2]"
1059,14,334,1186,0.000892117884243457,0.000892117884243457,8,"[414, 885, 1055, 1056, 1058, 1098, 1120, 1142]","[118, 1, 5, 2931, 1752, 1548, 14, 1]"
1060,14,334,1186,0.0008925078842434589,3.9000000000191225e-07,6,"[1055, 1056, 1058, 1098, 1142, 1143]","[13, 2528, 1513, 2243, 1, 2]"
1061,14,334,1186,0.0008928078842434604,3.0000000000147097e-07,6,"[1055, 1056, 1058, 1098, 1142, 1143]","[53, 2406, 1156, 2553, 3, 1]"
1062,14,334,1186,0.0008930978842434618,2.9000000000142193e-07,6,"[1055, 1056, 1058, 1098, 1142, 1143]","[85, 2237, 949, 2915, 3, 1]"
1063,14,334,1186,0.0008934178842434634,3.2000000000156903e-07,5,"[1055, 1056, 1058, 1098, 1142]","[178, 2039, 702, 3298, 3]"
1064,14,334,1186,0.0008938278842434654,4.100000000020103e-07,7,"[1055, 1056, 1058, 1098, 1131, 1142, 1143]","[467, 1781, 499, 3542, 1, 7, 2]"
1065,14,334,1186,0.0008945078842434687,6.800000000033342e-07,6,"[1055, 1056, 1058, 1098, 1131, 1142]","[1258, 1068, 196, 3725, 8, 1]"
1066,14,334,1187,0.0008917188201284753,0.0008917188201284753,6,"[885, 1056, 1058, 1098, 1120, 1121]","[104, 5700, 187, 68, 239, 6]"
1067,14,334,1187,0.000892268820128478,5.500000000026968e-07,5,"[885, 965, 1056, 1058, 1098]","[11, 2, 5687, 358, 238]"
1068,14,334,1187,0.0008928188201284807,5.500000000026968e-07,5,"[885, 965, 1056, 1058, 1098]","[2, 1, 5059, 522, 664]"
1069,14,334,1187,0.0008936788201284849,8.600000000042168e-07,8,"[965, 1055, 1056, 1058, 1098, 1131, 1142, 1143]","[8, 4, 3428, 507, 2203, 2, 2, 1]"
1070,14,334,1188,0.0008910673731074992,0.0008910673731074992,5,"[885, 998, 1056, 1120, 1121]","[4038, 182, 1948, 87, 2]"
1071,14,334,1189,0.0008878727626481216,0.0008878727626481216,2,"[885, 998]","[6126, 151]"
1072,14,334,1189,0.0008887027626481256,8.300000000040697e-07,2,"[885, 998]","[5583, 670]"
1073,14,334,1189,0.0008896927626481305,9.900000000048542e-07,3,"[885, 998, 1056]","[5412, 850, 10]"
1074,14,334,1190,0.0008863842197576186,0.0008863842197576186,5,"[885, 969, 971, 993, 999]","[6242, 2, 8, 6, 15]"
1075,14,334,1190,0.0008873242197576232,9.40000000004609e-07,3,"[885, 998, 999]","[6255, 6, 2]"
1076,14,334,1190,0.0008890042197576315,1.6800000000082374e-06,2,"[885, 998]","[6101, 124]"
1077,14,334,1190,0.0008925042197576486,3.5000000000171613e-06,5,"[413, 885, 887, 998, 1040]","[5374, 552, 233, 96, 7]"
1078,14,334,1191,0.000890870781441524,0.000890870781441524,10,"[413, 885, 887, 969, 971, 981, 982, 993, 998, 999]","[2553, 2558, 546, 4, 591, 5, 1, 14, 1, 15]"
1079,14,334,1191,0.000891480781441527,6.10000000002991e-07,2,"[413, 887]","[4952, 1385]"
1080,14,334,1191,0.0008919507814415293,4.700000000023045e-07,2,"[413, 887]","[4668, 1489]"
1081,14,334,1191,0.0008926807814415329,7.300000000035793e-07,3,"[413, 887, 1040]","[4597, 1638, 4]"
1082,14,334,1192,0.0008906732203373917,0.0008906732203373917,5,"[413, 885, 887, 971, 981]","[4095, 1539, 120, 575, 2]"
1083,14,334,1192,0.0008913032203373948,6.30000000003089e-07,2,"[413, 887]","[5900, 349]"
1084,14,334,1192,0.0008920132203373983,7.100000000034813e-07,2,"[413, 887]","[5413, 758]"
1085,14,334,1193,0.000890605089072864,0.000890605089072864,4,"[413, 885, 887, 971]","[5956, 290, 1, 4]"
1086,14,334,1193,0.0008915050890728684,9.000000000044129e-07,2,"[413, 887]","[6250, 3]"
1087,14,334,1194,0.0008905888151093018,0.0008905888151093018,1,[413],[6286]
1088,14,335,1184,0.0008919531746278841,0.0008919531746278841,1,[414],[6250]
1089,14,335,1185,0.0008895160654911806,0.0008895160654911806,1,[414],[6263]
1090,14,335,1185,0.0008902160654911841,7.000000000034323e-07,1,[414],[6307]
1091,14,335,1185,0.0008911860654911888,9.700000000047561e-07,2,"[414, 1098]","[6207, 2]"
1092,14,335,1186,0.0008929893147480953,0.0008929893147480953,7,"[414, 1056, 1058, 1098, 1120, 1142, 1143]","[3382, 618, 202, 2068, 1, 5, 1]"
1093,14,335,1186,0.0008938893147480997,9.000000000044129e-07,6,"[1055, 1056, 1058, 1098, 1131, 1142]","[1, 169, 56, 6043, 2, 5]"
1094,14,335,1186,0.0008946293147481033,7.400000000036284e-07,7,"[1055, 1056, 1058, 1098, 1131, 1142, 1143]","[4, 17, 9, 6195, 32, 1, 1]"
1095,14,335,1187,0.0008919695686140176,0.0008919695686140176,6,"[414, 1056, 1058, 1098, 1120, 1121]","[20, 6082, 10, 42, 106, 2]"
1096,14,335,1187,0.0008934495686140248,1.4800000000072568e-06,3,"[1056, 1058, 1098]","[2878, 43, 3327]"
1097,14,335,1187,0.0008941695686140284,7.200000000035303e-07,4,"[1056, 1058, 1098, 1131]","[92, 7, 6154, 9]"
1098,14,335,1187,0.0008947995686140315,6.30000000003089e-07,3,"[1056, 1098, 1131]","[16, 6194, 61]"
1099,14,335,1187,0.0008960095686140374,1.2100000000059329e-06,3,"[1058, 1098, 1131]","[1, 5956, 257]"
1100,14,335,1188,0.0008902047033627883,0.0008902047033627883,5,"[885, 998, 1056, 1120, 1121]","[40, 4, 6164, 44, 1]"
1101,14,335,1188,0.0008908347033627914,6.30000000003089e-07,2,"[885, 1056]","[2, 6296]"
1102,14,335,1188,0.0008916147033627952,7.800000000038245e-07,1,[1056],[6269]
1103,14,335,1190,0.0008846235473595765,0.0008846235473595765,9,"[885, 969, 971, 981, 989, 990, 993, 994, 999]","[5544, 497, 57, 1, 2, 3, 115, 4, 46]"
1104,14,335,1190,0.000885743547359582,1.1200000000054916e-06,4,"[885, 969, 993, 999]","[5525, 4, 13, 714]"
1105,14,335,1190,0.0008873235473595897,1.580000000007747e-06,2,"[885, 999]","[5144, 1099]"
1106,14,335,1191,0.0008724181698980557,0.0008724181698980557,4,"[885, 971, 981, 982]","[2283, 3999, 21, 1]"
1107,14,335,1191,0.0008736081698980615,1.1900000000058348e-06,3,"[885, 971, 981]","[3082, 3116, 20]"
1108,14,335,1191,0.0008827481698981064,9.140000000044815e-06,6,"[885, 969, 971, 981, 989, 993]","[5560, 474, 198, 2, 1, 5]"
1109,14,335,1191,0.0008843281698981141,1.580000000007747e-06,6,"[885, 969, 989, 993, 994, 999]","[5249, 886, 6, 90, 4, 25]"
1110,14,335,1191,0.0008859681698981222,1.6400000000080413e-06,5,"[885, 969, 990, 993, 999]","[4766, 34, 2, 35, 1392]"
1111,14,335,1192,0.0008720985740284687,0.0008720985740284687,3,"[885, 971, 981]","[3651, 2681, 19]"
1112,14,335,1192,0.0008725485740284709,4.5000000000220645e-07,4,"[885, 971, 981, 982]","[4284, 1977, 9, 1]"
1113,14,335,1192,0.0008729485740284729,4.000000000019613e-07,4,"[885, 971, 981, 982]","[4828, 1393, 12, 2]"
1114,14,335,1192,0.0008733685740284749,4.2000000000205935e-07,4,"[885, 971, 981, 982]","[5279, 858, 4, 3]"
1115,14,335,1192,0.0008739685740284779,6.000000000029419e-07,3,"[885, 971, 981]","[5938, 372, 2]"
1116,14,335,1192,0.0008748685740284823,9.000000000044129e-07,2,"[885, 971]","[6141, 54]"
1117,14,335,1192,0.0008759885740284878,1.1200000000054916e-06,1,[885],[6277]
1118,14,335,1192,0.0008773085740284943,1.3200000000064722e-06,1,[885],[6220]
1119,14,335,1192,0.000880728574028511,3.420000000016769e-06,1,[885],[6246]
1120,14,335,1193,0.0008768126154551813,0.0008768126154551813,3,"[885, 971, 981]","[6183, 71, 1]"
1121,14,335,1193,0.0008907126154552495,1.3900000000068155e-05,2,"[413, 885]","[4842, 1426]"
1122,14,335,1194,0.0008901738609448078,0.0008901738609448078,2,"[413, 885]","[6247, 8]"
1123,14,335,1194,0.000891233860944813,1.0600000000051974e-06,1,[413],[6249]
1124,14,335,1195,0.0008895244911976799,0.0008895244911976799,2,"[413, 888]","[5946, 306]"
1125,14,335,1195,0.0008901744911976831,6.500000000031871e-07,2,"[413, 888]","[6121, 164]"
1126,14,335,1196,0.0008888936304011863,0.0008888936304011863,4,"[413, 587, 888, 1099]","[3445, 2, 2791, 22]"
1127,14,335,1196,0.0008892836304011882,3.9000000000191225e-07,2,"[413, 888]","[3622, 2627]"
1128,14,335,1196,0.00088964363040119,3.6000000000176516e-07,2,"[413, 888]","[3826, 2578]"
1129,14,335,1196,0.000890063630401192,4.2000000000205935e-07,2,"[413, 888]","[3702, 2470]"
1130,14,335,1197,0.0008887579571251133,0.0008887579571251133,5,"[413, 587, 888, 1099, 1102]","[2405, 273, 684, 2936, 20]"
1131,14,335,1197,0.0008893879571251164,6.30000000003089e-07,2,"[413, 888]","[4799, 1410]"
1132,14,335,1197,0.0008899979571251194,6.10000000002991e-07,2,"[413, 888]","[4962, 1320]"
1133,14,335,1198,0.0008892217627391772,0.0008892217627391772,5,"[413, 587, 888, 1099, 1102]","[3004, 657, 4, 2562, 48]"
1134,14,336,1185,0.0008890194509075481,0.0008890194509075481,1,[414],[6252]
1135,14,336,1185,0.000890629450907556,1.6100000000078942e-06,1,[414],[6260]
1136,14,336,1186,0.000888186077129833,0.000888186077129833,1,[414],[6277]
1137,14,336,1186,0.0008891160771298376,9.3000000000456e-07,1,[414],[6259]
1138,14,336,1188,0.0008905511461078095,0.0008905511461078095,2,"[414, 1056]","[2, 6289]"
1139,14,336,1188,0.0008931711461078224,2.6200000000128464e-06,2,"[1056, 1098]","[6208, 1]"
1140,14,336,1189,0.0008908598300014394,0.0008908598300014394,4,"[885, 969, 999, 1056]","[19, 4, 19, 6254]"
1141,14,336,1189,0.000891809830001444,9.500000000046581e-07,1,[1056],[6228]
1142,14,336,1189,0.0008927998300014489,9.900000000048542e-07,1,[1056],[6244]
1143,14,336,1189,0.0008938198300014539,1.0200000000050013e-06,1,[1056],[6236]
1144,14,336,1189,0.0008956398300014628,1.8200000000089239e-06,1,[1056],[6256]
1145,14,336,1190,0.0008851849609255572,0.0008851849609255572,8,"[885, 969, 971, 981, 989, 990, 993, 999]","[4822, 989, 18, 1, 4, 4, 16, 397]"
1146,14,336,1190,0.0008939849609256004,8.800000000043148e-06,4,"[885, 993, 999, 1056]","[292, 1, 2770, 3191]"
1147,14,336,1191,0.0008784565452075353,0.0008784565452075353,4,"[885, 971, 981, 982]","[4734, 1512, 15, 2]"
1148,14,336,1191,0.0008799865452075428,1.530000000007502e-06,1,[885],[6292]
1149,14,336,1191,0.0008810165452075478,1.0300000000050503e-06,2,"[885, 969]","[6249, 4]"
1150,14,336,1191,0.0008819165452075522,9.000000000044129e-07,2,"[885, 969]","[6049, 152]"
1151,14,336,1191,0.0008827965452075565,8.800000000043148e-07,4,"[885, 969, 993, 994]","[5351, 932, 2, 1]"
1152,14,336,1191,0.0008839465452075622,1.1500000000056387e-06,4,"[885, 969, 993, 999]","[4572, 1625, 4, 7]"
1153,14,336,1191,0.0008866665452075755,2.7200000000133367e-06,6,"[885, 969, 989, 990, 993, 999]","[1840, 259, 1, 2, 12, 4136]"
1154,14,336,1192,0.0008727783106004711,0.0008727783106004711,4,"[885, 971, 981, 982]","[5049, 1197, 6, 1]"
1155,14,336,1192,0.0008740183106004771,1.24000000000608e-06,3,"[885, 971, 981]","[5889, 357, 1]"
1156,14,336,1192,0.000877048310600492,3.0300000000148567e-06,2,"[885, 971]","[6254, 5]"
1157,14,336,1192,0.0008782483106004979,1.2000000000058839e-06,1,[885],[6262]
1158,14,336,1192,0.0008790683106005019,8.200000000040206e-07,1,[885],[6303]
1159,14,336,1192,0.0008800583106005068,9.900000000048542e-07,1,[885],[6202]
1160,14,336,1196,0.0008901332004909601,0.0008901332004909601,4,"[413, 888, 1099, 1102]","[2248, 3951, 64, 1]"
1161,14,336,1197,0.0008879008355477311,0.0008879008355477311,5,"[413, 587, 888, 1099, 1102]","[113, 52, 20, 5978, 89]"
1162,14,336,1197,0.0008895608355477392,1.6600000000081393e-06,2,"[413, 888]","[5236, 1030]"
1163,14,336,1198,0.0008881960735605417,0.0008881960735605417,4,"[413, 587, 1099, 1102]","[718, 159, 5238, 146]"
1164,14,336,1198,0.0008891860735605466,9.900000000048542e-07,1,[413],[6278]
1165,14,336,1198,0.0008898260735605497,6.400000000031381e-07,2,"[413, 888]","[6278, 3]"
1166,14,336,1199,0.0008889622866943076,0.0008889622866943076,4,"[413, 587, 1099, 1102]","[6299, 1, 38, 3]"
1167,14,336,1199,0.0008895322866943104,5.700000000027948e-07,1,[413],[6257]
1168,14,336,1199,0.0008908022866943166,1.270000000006227e-06,1,[413],[6156]
1169,14,336,1200,0.0008892407655314233,0.0008892407655314233,1,[413],[6278]
1170,14,337,1186,0.0008871401884010673,0.0008871401884010673,1,[414],[6311]
1171,14,337,1186,0.000887890188401071,7.500000000036774e-07,1,[414],[6215]
1172,14,337,1187,0.0008872554814512159,0.0008872554814512159,1,[414],[6256]
1173,14,337,1189,0.0008936266604422077,0.0008936266604422077,1,[1056],[6259]
1174,14,337,1189,0.0008948266604422135,1.2000000000058839e-06,1,[1056],[6284]
1175,14,337,1189,0.0008963866604422212,1.560000000007649e-06,1,[1056],[6229]
1176,14,337,1190,0.0008950782086385149,0.0008950782086385149,4,"[885, 969, 999, 1056]","[210, 20, 76, 5970]"
1177,14,337,1190,0.0008958882086385189,8.100000000039716e-07,1,[1056],[6273]
1178,14,337,1190,0.0008964582086385216,5.700000000027948e-07,1,[1056],[6244]
1179,14,337,1190,0.0008970382086385245,5.800000000028439e-07,1,[1056],[6241]
1180,14,337,1200,0.000889041138144273,0.000889041138144273,1,[413],[6283]
1181,14,337,1200,0.0008900111381442777,9.700000000047561e-07,1,[413],[6242]
1182,14,337,1201,0.0008887172881979658,0.0008887172881979658,1,[413],[6310]
1183,14,337,1201,0.0008892672881979685,5.500000000026968e-07,1,[413],[6230]
1184,14,337,1201,0.0008901972881979731,9.3000000000456e-07,1,[413],[6216]
1185,14,337,1202,0.0008887734699915793,0.0008887734699915793,1,[413],[6311]
1186,14,337,1202,0.0008895334699915831,7.600000000037264e-07,1,[413],[6218]
1187,14,338,1187,0.0008855418565267477,0.0008855418565267477,1,[414],[6267]
1188,14,338,1187,0.0008862318565267511,6.900000000033832e-07,1,[414],[6245]
1189,14,338,1187,0.0008871618565267557,9.3000000000456e-07,1,[414],[6253]
1190,14,338,1202,0.0008890634191207795,0.0008890634191207795,1,[413],[6290]
1191,14,338,1203,0.0008883052323920875,0.0008883052323920875,1,[413],[6325]
1192,14,338,1203,0.0008888952323920904,5.900000000028929e-07,1,[413],[6245]
1193,14,338,1203,0.0008906752323920991,1.7800000000087277e-06,1,[413],[6180]
1194,14,338,1204,0.0008891050170003181,0.0008891050170003181,1,[413],[6251]
1195,14,339,1187,0.0008851241618171229,0.0008851241618171229,1,[414],[6277]
1196,14,339,1188,0.0008841852751431886,0.0008841852751431886,3,"[414, 649, 985]","[6237, 24, 3]"
1197,14,339,1188,0.0008850352751431928,8.500000000041677e-07,2,"[414, 649]","[6275, 1]"
1198,14,339,1204,0.0008878755868303787,0.0008878755868303787,2,"[413, 915]","[6225, 47]"
1199,14,339,1204,0.0008885955868303822,7.200000000035303e-07,2,"[413, 915]","[6256, 14]"
1200,14,339,1205,0.0008877175125431595,0.0008877175125431595,2,"[413, 915]","[4390, 1904]"
1201,14,339,1206,0.0008887147084800634,0.0008887147084800634,2,"[413, 915]","[665, 5585]"
1202,14,340,1188,0.0008831070143594699,0.0008831070143594699,4,"[414, 425, 649, 985]","[4366, 2, 1928, 1]"
1203,14,340,1188,0.0008838870143594738,7.800000000038245e-07,2,"[414, 649]","[5498, 770]"
1204,14,340,1189,0.0008824852184803484,0.0008824852184803484,6,"[414, 425, 583, 649, 985, 986]","[4105, 101, 1, 2066, 14, 1]"
1205,14,340,1189,0.0008831352184803516,6.500000000031871e-07,4,"[414, 425, 583, 649]","[4313, 24, 1, 1900]"
1206,14,340,1189,0.0008845952184803588,1.4600000000071587e-06,3,"[414, 425, 649]","[4956, 8, 1262]"
1207,14,340,1205,0.0008870374801506996,0.0008870374801506996,3,"[413, 902, 915]","[4242, 2, 2077]"
1208,14,340,1205,0.0008875374801507021,5.000000000024516e-07,2,"[413, 915]","[4690, 1629]"
1209,14,340,1205,0.0008880274801507045,4.900000000024026e-07,3,"[413, 902, 915]","[4858, 1, 1273]"
1210,14,340,1206,0.0008864517801780683,0.0008864517801780683,3,"[413, 902, 915]","[1260, 5, 5141]"
1211,14,340,1206,0.0008868217801780701,3.700000000018142e-07,3,"[413, 902, 915]","[1537, 7, 4692]"
1212,14,340,1206,0.0008871117801780716,2.9000000000142193e-07,3,"[413, 902, 915]","[1644, 2, 4489]"
1213,14,340,1206,0.000887411780178073,3.0000000000147097e-07,4,"[413, 902, 903, 915]","[1905, 2, 1, 4353]"
1214,14,340,1206,0.0008877817801780748,3.700000000018142e-07,3,"[413, 902, 915]","[2164, 3, 4158]"
1215,14,340,1206,0.0008886017801780789,8.200000000040206e-07,3,"[413, 902, 915]","[2379, 2, 3781]"
1216,14,340,1207,0.0008871834614726308,0.0008871834614726308,4,"[413, 902, 903, 915]","[281, 2, 1, 5978]"
1217,14,341,1189,0.0008817546541068777,0.0008817546541068777,4,"[414, 425, 583, 649]","[3642, 794, 84, 1737]"
1218,14,341,1189,0.0008821846541068798,4.300000000021084e-07,4,"[414, 425, 583, 649]","[2950, 647, 77, 2588]"
1219,14,341,1189,0.0008825446541068816,3.6000000000176516e-07,4,"[414, 425, 583, 649]","[2691, 547, 103, 3062]"
1220,14,341,1189,0.0008829246541068834,3.800000000018632e-07,4,"[414, 425, 583, 649]","[2430, 372, 113, 3263]"
1221,14,341,1189,0.0008835646541068866,6.400000000031381e-07,4,"[414, 425, 583, 649]","[2512, 241, 84, 3326]"
1222,14,341,1190,0.0008810374643138039,0.0008810374643138039,4,"[414, 425, 583, 649]","[5301, 414, 114, 527]"
1223,14,341,1190,0.0008814574643138059,4.2000000000205935e-07,4,"[414, 425, 583, 649]","[3761, 918, 317, 1234]"
1224,14,341,1190,0.0008817474643138073,2.9000000000142193e-07,4,"[414, 425, 583, 649]","[2952, 1220, 414, 1695]"
1225,14,341,1190,0.0008819874643138085,2.4000000000117677e-07,4,"[414, 425, 583, 649]","[2298, 1272, 540, 2074]"
1226,14,341,1190,0.0008822174643138096,2.3000000000112774e-07,4,"[414, 425, 583, 649]","[1837, 1452, 575, 2393]"
1227,14,341,1190,0.0008824574643138108,2.4000000000117677e-07,4,"[414, 425, 583, 649]","[1462, 1476, 680, 2671]"
1228,14,341,1190,0.0008827174643138121,2.6000000000127484e-07,4,"[414, 425, 583, 649]","[1186, 1527, 690, 2790]"
1229,14,341,1190,0.0008830774643138139,3.6000000000176516e-07,5,"[414, 425, 583, 585, 649]","[1014, 1553, 756, 2, 3019]"
1230,14,341,1190,0.0008842774643138198,1.2000000000058839e-06,5,"[414, 425, 583, 585, 649]","[668, 1985, 686, 26, 2759]"
1231,14,341,1191,0.0008811988792553024,0.0008811988792553024,5,"[414, 425, 525, 583, 649]","[4102, 69, 1, 30, 2113]"
1232,14,341,1191,0.0008817588792553051,5.600000000027458e-07,4,"[414, 425, 583, 649]","[898, 283, 70, 5081]"
1233,14,341,1191,0.0008821288792553069,3.700000000018142e-07,5,"[414, 425, 583, 585, 649]","[340, 370, 119, 1, 5349]"
1234,14,341,1191,0.0008824788792553087,3.500000000017161e-07,5,"[414, 425, 583, 585, 649]","[146, 525, 148, 1, 5446]"
1235,14,341,1191,0.0008829088792553108,4.300000000021084e-07,5,"[414, 425, 583, 585, 649]","[59, 697, 153, 4, 5333]"
1236,14,341,1191,0.0008841088792553167,1.2000000000058839e-06,5,"[414, 425, 583, 585, 649]","[26, 1505, 135, 60, 4443]"
1237,14,341,1192,0.0008821952151905613,0.0008821952151905613,5,"[414, 425, 525, 526, 649]","[452, 1, 232, 1, 5585]"
1238,14,341,1206,0.0008867059928046248,0.0008867059928046248,6,"[413, 893, 901, 902, 903, 915]","[5433, 44, 13, 18, 3, 782]"
1239,14,341,1206,0.0008872359928046274,5.300000000025987e-07,5,"[413, 893, 901, 902, 915]","[5555, 16, 9, 19, 699]"
1240,14,341,1206,0.0008879159928046307,6.800000000033342e-07,6,"[413, 893, 901, 902, 903, 915]","[5460, 30, 8, 14, 3, 696]"
1241,14,342,1190,0.0008811780973671998,0.0008811780973671998,4,"[414, 425, 583, 649]","[5540, 458, 209, 98]"
1242,14,342,1190,0.0008818380973672031,6.600000000032361e-07,4,"[414, 425, 583, 649]","[2723, 1975, 1122, 468]"
1243,14,342,1190,0.0008823080973672054,4.700000000023045e-07,4,"[414, 425, 583, 649]","[1047, 3082, 1593, 555]"
1244,14,342,1190,0.0008827480973672075,4.400000000021574e-07,5,"[414, 425, 583, 585, 649]","[442, 3706, 1485, 8, 569]"
1245,14,342,1190,0.0008832680973672101,5.200000000025497e-07,5,"[414, 425, 583, 585, 649]","[149, 4323, 1207, 48, 474]"
1246,14,342,1190,0.0008838880973672131,6.2000000000304e-07,5,"[414, 425, 583, 585, 649]","[25, 5376, 465, 156, 207]"
1247,14,342,1190,0.0008845680973672165,6.800000000033342e-07,5,"[414, 425, 583, 585, 649]","[2, 5968, 80, 188, 25]"
1248,14,342,1191,0.0008797478036799284,0.0008797478036799284,1,[414],[6302]
1249,14,342,1191,0.000880467803679932,7.200000000035303e-07,4,"[414, 425, 583, 649]","[6168, 7, 2, 43]"
1250,14,342,1191,0.0008814778036799369,1.0100000000049522e-06,5,"[414, 425, 583, 585, 649]","[4819, 334, 74, 1, 1044]"
1251,14,342,1191,0.000882317803679941,8.400000000041187e-07,5,"[414, 425, 583, 585, 649]","[848, 2080, 340, 8, 2967]"
1252,14,342,1191,0.0008829578036799442,6.400000000031381e-07,5,"[414, 425, 583, 585, 649]","[82, 3651, 309, 72, 2199]"
1253,14,342,1191,0.0008836378036799475,6.800000000033342e-07,5,"[414, 425, 583, 585, 649]","[13, 4739, 137, 342, 931]"
1254,14,342,1191,0.0008844978036799517,8.600000000042168e-07,4,"[425, 583, 585, 649]","[5449, 30, 657, 143]"
1255,14,342,1192,0.0008793178293091541,0.0008793178293091541,3,"[414, 523, 525]","[6191, 1, 62]"
1256,14,342,1192,0.0008806978293091609,1.3800000000067664e-06,2,"[414, 649]","[6186, 69]"
1257,14,342,1206,0.0008865999039376288,0.0008865999039376288,6,"[413, 893, 901, 902, 903, 915]","[3016, 2621, 675, 1, 1, 2]"
1258,14,342,1206,0.0008871699039376316,5.700000000027948e-07,4,"[413, 893, 901, 915]","[3577, 1990, 624, 1]"
1259,14,342,1206,0.0008881099039376362,9.40000000004609e-07,4,"[413, 893, 901, 902]","[4023, 1645, 579, 1]"
1260,14,342,1207,0.0008866282583893484,0.0008866282583893484,3,"[413, 893, 901]","[3305, 2237, 825]"
1261,14,342,1207,0.0008871682583893511,5.400000000026477e-07,3,"[413, 893, 901]","[3795, 1611, 756]"
1262,14,342,1207,0.0008878982583893546,7.300000000035793e-07,3,"[413, 893, 901]","[4264, 1283, 683]"
1263,14,342,1213,0.0008808611538914522,0.0008808611538914522,2,"[466, 467]","[6264, 5]"
1264,14,343,1192,0.0008788818450113706,0.0008788818450113706,2,"[414, 523]","[6286, 1]"
1265,14,343,1192,0.0008799318450113758,1.0500000000051484e-06,2,"[414, 523]","[6215, 1]"
1266,14,343,1193,0.0008779896828165293,0.0008779896828165293,3,"[414, 523, 525]","[6206, 46, 2]"
1267,14,343,1193,0.0008786796828165326,6.900000000033832e-07,2,"[414, 523]","[6191, 106]"
1268,14,343,1194,0.0008791510841144916,0.0008791510841144916,2,"[414, 523]","[6112, 141]"
1269,14,343,1206,0.0008863151201402147,0.0008863151201402147,3,"[413, 893, 901]","[326, 5773, 213]"
1270,14,343,1206,0.0008868951201402175,5.800000000028439e-07,3,"[413, 893, 901]","[877, 5043, 364]"
1271,14,343,1206,0.0008876251201402211,7.300000000035793e-07,3,"[413, 893, 901]","[1801, 3933, 451]"
1272,14,343,1207,0.0008863960326750546,0.0008863960326750546,3,"[413, 893, 901]","[1179, 4838, 304]"
1273,14,343,1207,0.000886886032675057,4.900000000024026e-07,3,"[413, 893, 901]","[2629, 3190, 449]"
1274,14,343,1207,0.0008873060326750591,4.2000000000205935e-07,3,"[413, 893, 901]","[3723, 2111, 357]"
1275,14,343,1207,0.0008877560326750613,4.5000000000220645e-07,3,"[413, 893, 901]","[4815, 1199, 247]"
1276,14,343,1207,0.0008884960326750649,7.400000000036284e-07,3,"[413, 893, 901]","[5620, 473, 139]"
1277,14,343,1213,0.0008813638200701117,0.0008813638200701117,2,"[466, 467]","[6251, 2]"
1278,14,344,1193,0.0008787085794592325,0.0008787085794592325,2,"[414, 523]","[6250, 19]"
1279,14,344,1194,0.0008767818761745715,0.0008767818761745715,1,[414],[6285]
1280,14,344,1194,0.0008773918761745745,6.10000000002991e-07,1,[414],[6270]
1281,14,344,1194,0.0008783318761745791,9.40000000004609e-07,2,"[414, 523]","[6213, 5]"
1282,14,344,1195,0.0008776292235733611,0.0008776292235733611,2,"[414, 592]","[6262, 3]"
1283,14,344,1207,0.0008877095883241153,0.0008877095883241153,3,"[413, 893, 901]","[5095, 1211, 12]"
1284,14,344,1207,0.0008883495883241185,6.400000000031381e-07,3,"[413, 893, 901]","[6154, 40, 1]"
1285,14,344,1207,0.0008893295883241233,9.800000000048052e-07,2,"[413, 893]","[6263, 4]"
1286,14,345,1194,0.0008770403218117163,0.0008770403218117163,1,[414],[6267]
1287,14,345,1195,0.0008759707370435495,0.0008759707370435495,1,[414],[6333]
1288,14,345,1195,0.0008764207370435517,4.5000000000220645e-07,1,[414],[6313]
1289,14,345,1195,0.0008768507370435538,4.300000000021084e-07,1,[414],[6225]
1290,14,345,1195,0.000877510737043557,6.600000000032361e-07,1,[414],[6172]
1291,14,345,1199,0.0008716640294621861,0.0008716640294621861,1,[463],[6271]
1292,14,345,1203,0.0008677868173279515,0.0008677868173279515,1,[463],[6256]
1293,14,345,1204,0.0008681879262660456,0.0008681879262660456,1,[463],[6277]
1294,14,345,1205,0.0008747089598056869,0.0008747089598056869,3,"[463, 464, 490]","[5109, 1140, 2]"
1295,14,345,1207,0.0008887806222710087,0.0008887806222710087,2,"[413, 463]","[6183, 121]"
1296,14,345,1207,0.0008897406222710134,9.60000000004707e-07,2,"[413, 894]","[6227, 4]"
1297,14,345,1208,0.0008892817634484357,0.0008892817634484357,2,"[413, 894]","[6294, 2]"
1298,14,346,1191,0.000891549748690712,0.000891549748690712,3,"[689, 690, 754]","[2472, 3271, 538]"
1299,14,346,1192,0.0008911560032057004,0.0008911560032057004,4,"[689, 690, 750, 754]","[2547, 3050, 1, 697]"
1300,14,346,1195,0.0008765025374156811,0.0008765025374156811,1,[414],[6253]
1301,14,346,1195,0.0008773725374156854,8.700000000042658e-07,1,[414],[6283]
1302,14,346,1199,0.0008704789459177617,0.0008704789459177617,1,[463],[6287]
1303,14,346,1199,0.0008713789459177661,9.000000000044129e-07,1,[463],[6223]
1304,14,346,1200,0.0008691040918573711,0.0008691040918573711,1,[463],[6268]
1305,14,346,1200,0.0008698140918573746,7.100000000034813e-07,1,[463],[6266]
1306,14,346,1200,0.0008707040918573789,8.900000000043639e-07,1,[463],[6229]
1307,14,346,1201,0.0008677807501119119,0.0008677807501119119,1,[463],[6283]
1308,14,346,1201,0.0008686407501119161,8.600000000042168e-07,1,[463],[6269]
1309,14,346,1201,0.0008703907501119247,1.7500000000085806e-06,1,[463],[6207]
1310,14,346,1202,0.0008666290712818584,0.0008666290712818584,1,[463],[6316]
1311,14,346,1202,0.0008672790712818616,6.500000000031871e-07,1,[463],[6258]
1312,14,346,1203,0.0008664146422722017,0.0008664146422722017,1,[463],[6261]
1313,14,346,1203,0.0008669546422722044,5.400000000026477e-07,1,[463],[6318]
1314,14,346,1203,0.000867694642272208,7.400000000036284e-07,1,[463],[6209]
1315,14,346,1204,0.0008674002455608365,0.0008674002455608365,1,[463],[6265]
1316,14,346,1204,0.0008684202455608415,1.0200000000050013e-06,1,[463],[6253]
1317,14,346,1204,0.0008694002455608463,9.800000000048052e-07,1,[463],[6255]
1318,14,346,1205,0.000869209556686502,0.000869209556686502,2,"[463, 490]","[6283, 4]"
1319,14,346,1205,0.0008697195566865045,5.100000000025006e-07,2,"[463, 490]","[6332, 4]"
1320,14,346,1205,0.000870229556686507,5.100000000025006e-07,2,"[463, 490]","[6173, 5]"
1321,14,346,1205,0.0008732095566865216,2.9800000000146116e-06,3,"[463, 464, 490]","[5644, 568, 4]"
1322,14,346,1205,0.0008746195566865286,1.4100000000069135e-06,1,[464],[6267]
1323,14,346,1206,0.000869596452577776,0.000869596452577776,2,"[463, 490]","[6240, 15]"
1324,14,346,1206,0.0008701264525777786,5.300000000025987e-07,2,"[463, 490]","[6336, 4]"
1325,14,346,1206,0.0008707064525777814,5.800000000028439e-07,2,"[463, 490]","[6231, 4]"
1326,14,346,1206,0.0008753864525778044,4.680000000022947e-06,3,"[463, 464, 490]","[4598, 1569, 3]"
1327,14,346,1207,0.0008897670452908352,0.0008897670452908352,4,"[413, 463, 464, 894]","[4997, 1044, 2, 210]"
1328,14,346,1207,0.0008908570452908405,1.0900000000053445e-06,2,"[413, 894]","[5282, 1002]"
1329,14,346,1208,0.0008898388351866263,0.0008898388351866263,2,"[413, 894]","[5979, 337]"
1330,14,346,1208,0.0008906188351866302,7.800000000038245e-07,2,"[413, 894]","[5203, 1061]"
1331,14,347,1191,0.0008910084192795117,0.0008910084192795117,5,"[689, 690, 750, 751, 754]","[2245, 3289, 2, 1, 766]"
1332,14,347,1192,0.0008901530132641298,0.0008901530132641298,4,"[689, 690, 750, 754]","[2154, 3940, 8, 220]"
1333,14,347,1192,0.0008905330132641316,3.800000000018632e-07,5,"[689, 690, 750, 751, 754]","[2757, 3314, 8, 1, 322]"
1334,14,347,1192,0.0008908330132641331,3.0000000000147097e-07,4,"[689, 690, 750, 754]","[2857, 2819, 2, 384]"
1335,14,347,1192,0.0008911430132641346,3.1000000000152e-07,4,"[689, 690, 750, 754]","[3053, 2727, 6, 466]"
1336,14,347,1192,0.0008915330132641366,3.9000000000191225e-07,5,"[689, 690, 750, 751, 754]","[3225, 2515, 1, 1, 525]"
1337,14,347,1201,0.0008680186076997604,0.0008680186076997604,1,[463],[6252]
1338,14,347,1202,0.000867556034623962,0.000867556034623962,1,[463],[6255]
1339,14,347,1205,0.0008934674951154868,0.0008934674951154868,5,"[413, 463, 464, 490, 895]","[1202, 1893, 899, 3, 2253]"
1340,14,347,1206,0.000892741284078296,0.000892741284078296,6,"[413, 463, 464, 490, 894, 895]","[2452, 2383, 156, 4, 4, 1266]"
1341,14,347,1206,0.0008936212840783003,8.800000000043148e-07,2,"[413, 895]","[5069, 1196]"
1342,14,347,1207,0.0008912457530174979,0.0008912457530174979,4,"[413, 463, 464, 894]","[4576, 106, 1, 1574]"
1343,14,347,1207,0.0008921457530175023,9.000000000044129e-07,3,"[413, 894, 895]","[6032, 278, 2]"
1344,14,347,1207,0.0008928157530175056,6.700000000032852e-07,3,"[413, 894, 895]","[6165, 21, 15]"
1345,14,347,1207,0.00089371575301751,9.000000000044129e-07,2,"[413, 895]","[6246, 16]"
1346,14,347,1208,0.0008910559209688994,0.0008910559209688994,2,"[413, 894]","[4023, 2277]"
1347,14,347,1208,0.0008927359209689077,1.6800000000082374e-06,2,"[413, 894]","[5538, 671]"
1348,14,348,1192,0.0008900978828274464,0.0008900978828274464,4,"[689, 690, 750, 754]","[1825, 4473, 16, 4]"
1349,14,348,1192,0.0008905778828274488,4.800000000023535e-07,5,"[689, 690, 750, 751, 754]","[2563, 3645, 9, 1, 14]"
1350,14,348,1192,0.0008910678828274512,4.900000000024026e-07,5,"[689, 690, 750, 751, 754]","[3287, 2980, 10, 1, 17]"
1351,14,348,1193,0.000890059733674026,0.000890059733674026,4,"[689, 690, 750, 841]","[2505, 3820, 2, 2]"
1352,14,348,1193,0.0008905697336740284,5.100000000025006e-07,3,"[689, 690, 841]","[3474, 2782, 3]"
1353,14,348,1193,0.000891099733674031,5.300000000025987e-07,6,"[689, 690, 750, 751, 754, 841]","[4171, 2084, 1, 1, 1, 3]"
1354,14,348,1205,0.000893130090952574,0.000893130090952574,2,"[413, 895]","[2647, 3630]"
1355,14,348,1205,0.0008940400909525785,9.100000000044619e-07,2,"[413, 895]","[4478, 1764]"
1356,14,348,1206,0.0008927005236937797,0.0008927005236937797,3,"[413, 463, 895]","[3865, 4, 2410]"
1357,14,348,1206,0.0008931505236937819,4.5000000000220645e-07,2,"[413, 895]","[4623, 1692]"
1358,14,348,1206,0.0008935605236937839,4.100000000020103e-07,2,"[413, 895]","[4965, 1279]"
1359,14,348,1206,0.0008940705236937864,5.100000000025006e-07,3,"[413, 895, 897]","[5462, 798, 1]"
1360,14,348,1206,0.0008963205236937975,2.2500000000110322e-06,4,"[413, 895, 897, 898]","[5780, 306, 60, 5]"
1361,14,348,1207,0.0008936006961851735,0.0008936006961851735,3,"[413, 894, 895]","[6171, 12, 80]"
1362,14,349,1193,0.0008895607715700353,0.0008895607715700353,4,"[689, 690, 693, 841]","[2032, 4205, 41, 8]"
1363,14,349,1193,0.0008899807715700373,4.2000000000205935e-07,4,"[689, 690, 693, 841]","[2411, 3822, 15, 14]"
1364,14,349,1193,0.000890330771570039,3.500000000017161e-07,4,"[689, 690, 693, 841]","[2893, 3312, 4, 20]"
1365,14,349,1193,0.0008907207715700409,3.9000000000191225e-07,4,"[689, 690, 693, 841]","[3525, 2757, 4, 13]"
1366,14,349,1193,0.0008913607715700441,6.400000000031381e-07,3,"[689, 690, 841]","[4011, 2143, 20]"
1367,14,349,1194,0.0008899737846966166,0.0008899737846966166,6,"[689, 690, 693, 835, 836, 841]","[4193, 1779, 324, 1, 1, 10]"
1368,14,349,1194,0.0008915537846966243,1.580000000007747e-06,4,"[689, 690, 693, 841]","[4657, 1437, 73, 29]"
1369,14,350,1193,0.0008895891680892707,0.0008895891680892707,4,"[689, 690, 693, 836]","[1540, 3807, 917, 1]"
1370,14,350,1193,0.0008903091680892742,7.200000000035303e-07,4,"[689, 690, 693, 841]","[1676, 4105, 490, 4]"
1371,14,350,1194,0.0008887310213912778,0.0008887310213912778,5,"[689, 690, 693, 835, 836]","[3938, 890, 1484, 2, 1]"
1372,14,350,1194,0.0008891310213912797,4.000000000019613e-07,5,"[689, 690, 693, 835, 836]","[3225, 1434, 1656, 3, 1]"
1373,14,350,1194,0.0008894410213912813,3.1000000000152e-07,4,"[689, 690, 693, 835]","[2779, 1838, 1687, 1]"
1374,14,350,1194,0.0008897310213912827,2.9000000000142193e-07,4,"[689, 690, 693, 836]","[2501, 2017, 1577, 2]"
1375,14,350,1194,0.0008900610213912843,3.3000000000161806e-07,6,"[689, 690, 693, 835, 836, 841]","[2478, 2311, 1469, 1, 1, 2]"
1376,14,350,1194,0.0008905910213912869,5.300000000025987e-07,4,"[689, 690, 693, 836]","[2399, 2638, 1226, 1]"
1377,14,350,1195,0.0008900100631994607,0.0008900100631994607,5,"[689, 690, 693, 829, 835]","[5103, 324, 828, 1, 1]"
1378,14,351,1194,0.0008888609766965162,0.0008888609766965162,4,"[689, 690, 693, 829]","[4571, 1132, 572, 4]"
1379,14,351,1194,0.0008894609766965191,6.000000000029419e-07,4,"[689, 690, 693, 744]","[1886, 3584, 861, 1]"
1380,14,351,1194,0.0008899309766965214,4.700000000023045e-07,3,"[689, 690, 693]","[804, 4636, 702]"
1381,14,351,1194,0.0008905309766965244,6.000000000029419e-07,6,"[689, 690, 693, 744, 745, 836]","[361, 5371, 547, 3, 1, 1]"
1382,14,351,1195,0.0008877998288470097,0.0008877998288470097,5,"[689, 690, 693, 829, 830]","[6196, 1, 2, 64, 5]"
1383,14,351,1195,0.0008885198288470132,7.200000000035303e-07,5,"[689, 690, 693, 829, 830]","[6179, 45, 18, 29, 1]"
1384,14,351,1195,0.0008896098288470186,1.0900000000053445e-06,5,"[689, 690, 693, 744, 829]","[4971, 1123, 118, 1, 11]"
1385,14,352,1194,0.0008903185917996731,0.0008903185917996731,6,"[689, 690, 693, 744, 745, 829]","[483, 5749, 7, 13, 3, 2]"
1386,14,352,1195,0.0008878658391252394,0.0008878658391252394,4,"[689, 690, 829, 830]","[6229, 5, 47, 1]"
1387,14,352,1195,0.0008897858391252488,1.920000000009414e-06,6,"[689, 690, 744, 745, 829, 830]","[3009, 3177, 6, 2, 23, 3]"
1388,14,352,1195,0.0008904958391252523,7.100000000034813e-07,3,"[689, 690, 744]","[19, 6284, 4]"
1389,14,352,1195,0.0008914958391252572,1.0000000000049032e-06,4,"[690, 693, 744, 745]","[6213, 1, 5, 1]"
1390,14,352,1196,0.0008869043625488211,0.0008869043625488211,3,"[689, 829, 830]","[6269, 2, 1]"
1391,14,352,1196,0.0008876643625488249,7.600000000037264e-07,2,"[689, 829]","[6247, 8]"
1392,14,353,1195,0.000890434786414574,0.000890434786414574,2,"[689, 690]","[672, 5647]"
1393,14,353,1195,0.000891244786414578,8.100000000039716e-07,1,[690],[6191]
1394,14,353,1196,0.0008868668323164995,0.0008868668323164995,1,[689],[6276]
1395,14,353,1196,0.0008901768323165157,3.3100000000162296e-06,2,"[689, 690]","[3882, 2351]"
1396,14,353,1196,0.00089104683231652,8.700000000042658e-07,1,[690],[6253]
1397,14,353,1197,0.0008859796892113942,0.0008859796892113942,2,"[689, 760]","[6261, 2]"
1398,14,353,1197,0.0008867296892113979,7.500000000036774e-07,1,[689],[6313]
1399,14,354,1196,0.000890870214439855,0.000890870214439855,2,"[689, 690]","[805, 5450]"
1400,14,354,1196,0.000891690214439859,8.200000000040206e-07,1,[690],[6290]
1401,14,354,1197,0.0008858618432528755,0.0008858618432528755,2,"[689, 760]","[6101, 230]"
1402,14,354,1197,0.0008903518432528975,4.4900000000220154e-06,3,"[689, 690, 760]","[5199, 967, 27]"
1403,14,354,1197,0.0008913118432529022,9.60000000004707e-07,1,[690],[6231]
1404,14,354,1197,0.0008919618432529054,6.500000000031871e-07,1,[690],[6271]
1405,14,354,1198,0.0008847001762426779,0.0008847001762426779,2,"[689, 760]","[4706, 1550]"
1406,14,354,1198,0.0008852701762426807,5.700000000027948e-07,2,"[689, 760]","[4885, 1411]"
1407,14,354,1198,0.0008859201762426839,6.500000000031871e-07,3,"[689, 760, 780]","[5249, 951, 1]"
1408,14,354,1198,0.0008914201762427108,5.500000000026968e-06,3,"[689, 690, 760]","[3527, 2450, 280]"
1409,14,354,1198,0.000892470176242716,1.0500000000051484e-06,1,[690],[6271]
1410,14,354,1199,0.0008924296671916828,0.0008924296671916828,4,"[689, 690, 760, 780]","[3564, 1758, 934, 3]"
1411,14,355,1198,0.0008845290592187815,0.0008845290592187815,4,"[689, 760, 780, 781]","[5689, 581, 15, 1]"
1412,14,355,1198,0.0008859590592187885,1.4300000000070116e-06,3,"[689, 760, 780]","[4792, 1304, 126]"
1413,14,355,1198,0.000892189059218819,6.230000000030547e-06,5,"[689, 690, 760, 780, 781]","[420, 5670, 132, 43, 1]"
1414,14,355,1198,0.0008938790592188273,1.6900000000082864e-06,1,[690],[6231]
1415,14,355,1199,0.0008833221988753247,0.0008833221988753247,2,"[689, 760]","[6311, 6]"
1416,14,355,1199,0.0008841321988753287,8.100000000039716e-07,4,"[689, 760, 780, 801]","[6164, 59, 8, 3]"
1417,14,355,1199,0.0008912421988753635,7.110000000034862e-06,5,"[689, 690, 760, 780, 781]","[5176, 197, 405, 417, 4]"
1418,14,355,1199,0.000892772198875371,1.530000000007502e-06,1,[690],[6339]
1419,14,355,1199,0.0008934721988753745,7.000000000034323e-07,1,[690],[6200]
1420,14,355,1199,0.0008949921988753819,1.5200000000074529e-06,3,"[690, 732, 733]","[6213, 1, 1]"
1421,14,355,1200,0.0008933287206617556,0.0008933287206617556,5,"[689, 690, 732, 780, 801]","[2884, 3368, 6, 17, 1]"
1422,14,355,1200,0.0008941587206617597,8.300000000040697e-07,2,"[690, 732]","[6247, 23]"
1423,14,355,1200,0.0008951087206617643,9.500000000046581e-07,3,"[690, 732, 733]","[6160, 57, 4]"
1424,14,356,1199,0.0008827731789463612,0.0008827731789463612,1,[689],[6255]
1425,14,356,1199,0.0008857331789463757,2.9600000000145135e-06,4,"[689, 780, 781, 801]","[5921, 319, 1, 4]"
1426,14,356,1200,0.000881652060706734,0.000881652060706734,1,[689],[6282]
1427,14,356,1200,0.0008825020607067382,8.500000000041677e-07,1,[689],[6239]
1428,14,356,1200,0.0008939420607067943,1.1440000000056093e-05,4,"[689, 690, 732, 780]","[4454, 1751, 13, 29]"
1429,14,356,1200,0.0008953320607068011,1.3900000000068155e-06,3,"[690, 732, 733]","[6197, 40, 2]"
1430,14,356,1201,0.0008951441335740895,0.0008951441335740895,4,"[689, 690, 732, 733]","[2360, 3884, 7, 2]"
1431,14,356,1201,0.0008961041335740942,9.60000000004707e-07,2,"[690, 732]","[6251, 1]"
1432,14,356,1201,0.0008970041335740986,9.000000000044129e-07,1,[690],[6268]
1433,14,356,1201,0.0008984141335741055,1.4100000000069135e-06,3,"[690, 698, 728]","[6149, 107, 1]"
1434,14,356,1202,0.0008979418928063942,0.0008979418928063942,4,"[689, 690, 698, 728]","[27, 6077, 150, 8]"
1435,14,356,1202,0.0008989418928063991,1.0000000000049032e-06,4,"[690, 698, 728, 729]","[4979, 1193, 98, 1]"
1436,14,356,1202,0.0009001718928064052,1.230000000006031e-06,4,"[690, 698, 728, 729]","[4505, 1542, 185, 5]"
1437,14,357,1200,0.000881031645210471,0.000881031645210471,1,[689],[6322]
1438,14,357,1200,0.0008823816452104776,1.3500000000066193e-06,1,[689],[6191]
1439,14,357,1201,0.0008804692950644328,0.0008804692950644328,3,"[689, 762, 763]","[6251, 3, 1]"
1440,14,357,1201,0.0008810792950644358,6.10000000002991e-07,3,"[689, 762, 763]","[6326, 4, 2]"
1441,14,357,1201,0.0008955492950645067,1.447000000007095e-05,4,"[689, 690, 762, 763]","[5793, 344, 21, 5]"
1442,14,357,1201,0.0009013692950645353,5.820000000028537e-06,3,"[690, 698, 728]","[5839, 410, 9]"
1443,14,357,1202,0.0008984161108651864,0.0008984161108651864,7,"[689, 690, 698, 728, 762, 763, 794]","[2867, 2653, 475, 31, 181, 52, 5]"
1444,14,357,1202,0.000899576110865192,1.1600000000056877e-06,4,"[690, 698, 728, 729]","[4679, 1433, 151, 2]"
1445,14,357,1202,0.0009005361108651968,9.60000000004707e-07,3,"[690, 698, 728]","[5690, 469, 82]"
1446,14,357,1202,0.0009014361108652012,9.000000000044129e-07,3,"[690, 698, 728]","[6250, 35, 9]"
1447,14,357,1202,0.0009021361108652046,7.000000000034323e-07,2,"[690, 698]","[6276, 3]"
1448,14,357,1202,0.0009026961108652073,5.600000000027458e-07,1,[690],[6243]
1449,14,357,1202,0.0009032061108652098,5.100000000025006e-07,1,[690],[6189]
1450,14,357,1202,0.0009038261108652129,6.2000000000304e-07,1,[690],[6254]
1451,14,357,1203,0.0009027491619156941,0.0009027491619156941,8,"[689, 690, 698, 728, 729, 762, 763, 794]","[21, 5939, 199, 81, 1, 18, 8, 4]"
1452,14,357,1203,0.0009036491619156985,9.000000000044129e-07,1,[690],[6245]
1453,14,358,1201,0.0008806215097105279,0.0008806215097105279,4,"[689, 762, 763, 794]","[6001, 178, 83, 10]"
1454,14,358,1201,0.0008812815097105311,6.600000000032361e-07,4,"[689, 762, 763, 794]","[5701, 322, 213, 17]"
1455,14,358,1202,0.0008804822743377832,0.0008804822743377832,4,"[689, 762, 763, 794]","[4213, 775, 1107, 234]"
1456,14,358,1202,0.0008808822743377852,4.000000000019613e-07,4,"[689, 762, 763, 794]","[3741, 922, 1356, 304]"
1457,14,358,1202,0.0008812122743377868,3.3000000000161806e-07,4,"[689, 762, 763, 794]","[3279, 988, 1500, 435]"
1458,14,358,1202,0.0008815622743377885,3.500000000017161e-07,4,"[689, 762, 763, 794]","[2786, 1060, 1826, 542]"
1459,14,358,1202,0.0008820422743377909,4.800000000023535e-07,4,"[689, 762, 763, 794]","[2124, 1058, 2344, 681]"
1460,14,358,1202,0.0009023022743378902,2.026000000009934e-05,7,"[689, 690, 698, 728, 762, 763, 794]","[799, 1962, 12, 3, 582, 2423, 466]"
1461,14,358,1203,0.0009028181184969758,0.0009028181184969758,7,"[689, 690, 698, 762, 763, 794, 797]","[894, 1207, 1, 344, 2585, 1225, 1]"
1462,14,359,1202,0.0008802357812931017,0.0008802357812931017,5,"[689, 762, 763, 778, 794]","[4914, 107, 1056, 11, 201]"
1463,14,359,1202,0.0008806457812931037,4.100000000020103e-07,5,"[689, 762, 763, 778, 794]","[3962, 228, 1748, 14, 436]"
1464,14,359,1202,0.0008809657812931052,3.2000000000156903e-07,5,"[689, 762, 763, 778, 794]","[3156, 253, 2095, 13, 659]"
1465,14,359,1202,0.0008812657812931067,3.0000000000147097e-07,5,"[689, 762, 763, 778, 794]","[2651, 313, 2493, 1, 821]"
1466,14,359,1202,0.0008815957812931083,3.3000000000161806e-07,5,"[689, 762, 763, 778, 794]","[1898, 357, 2862, 2, 1012]"
1467,14,359,1202,0.0008820357812931105,4.400000000021574e-07,6,"[689, 762, 763, 778, 794, 797]","[1245, 281, 3589, 1, 1197, 1]"
1468,14,359,1203,0.0008812117333308323,0.0008812117333308323,7,"[689, 762, 763, 778, 794, 795, 797]","[2944, 65, 2272, 15, 966, 1, 24]"
1469,14,360,1202,0.0008800366366676782,0.0008800366366676782,6,"[689, 762, 763, 766, 778, 794]","[5920, 1, 11, 318, 16, 1]"
1470,14,360,1202,0.0008808866366676823,8.500000000041677e-07,5,"[689, 763, 766, 778, 794]","[6142, 69, 29, 17, 28]"
1471,14,360,1203,0.0008802230860021655,0.0008802230860021655,8,"[689, 763, 766, 768, 778, 794, 795, 797]","[5826, 9, 409, 1, 12, 6, 1, 2]"
1472,14,360,1203,0.0008829330860021788,2.7100000000132877e-06,8,"[689, 763, 766, 778, 794, 795, 797, 798]","[4001, 88, 23, 16, 49, 816, 1243, 4]"
1473,14,361,1202,0.0008785007613868854,0.0008785007613868854,3,"[689, 766, 768]","[388, 5827, 40]"
1474,14,361,1202,0.0008793507613868896,8.500000000041677e-07,3,"[689, 766, 768]","[1989, 4240, 69]"
1475,14,361,1202,0.0008805307613868954,1.1800000000057858e-06,4,"[689, 766, 768, 774]","[4129, 2011, 63, 1]"
1476,14,361,1203,0.0008783360989456161,0.0008783360989456161,3,"[689, 766, 768]","[1076, 4945, 233]"
1477,14,361,1203,0.0008789960989456193,6.600000000032361e-07,3,"[689, 766, 768]","[2913, 2967, 481]"
1478,14,361,1203,0.0008794660989456216,4.700000000023045e-07,4,"[689, 766, 768, 774]","[3761, 1983, 397, 3]"
1479,14,361,1203,0.0008800460989456245,5.800000000028439e-07,5,"[689, 766, 768, 774, 795]","[4598, 1457, 226, 12, 1]"
1480,14,362,1202,0.0008779680230498986,0.0008779680230498986,3,"[689, 766, 768]","[967, 5300, 35]"
1481,14,362,1202,0.000878868023049903,9.000000000044129e-07,3,"[689, 766, 768]","[1148, 4839, 269]"
1482,14,362,1203,0.0008770957509439498,0.0008770957509439498,5,"[689, 766, 768, 770, 771]","[3930, 2317, 16, 1, 1]"
1483,14,362,1203,0.0008776757509439526,5.800000000028439e-07,5,"[689, 766, 768, 770, 771]","[2775, 3369, 158, 1, 1]"
1484,14,362,1203,0.0008780857509439546,4.100000000020103e-07,4,"[689, 766, 768, 770]","[3054, 2749, 443, 1]"
1485,14,362,1203,0.0008784357509439563,3.500000000017161e-07,5,"[689, 766, 768, 770, 771]","[3439, 2022, 820, 1, 1]"
1486,14,362,1203,0.000878775750943958,3.400000000016671e-07,4,"[689, 766, 768, 774]","[3538, 1425, 1265, 1]"
1487,14,362,1203,0.0008791457509439598,3.700000000018142e-07,4,"[689, 766, 768, 774]","[3647, 1021, 1576, 9]"
1488,14,362,1203,0.0008796657509439624,5.200000000025497e-07,4,"[689, 766, 768, 774]","[3597, 711, 1871, 33]"
1489,14,363,1203,0.0008763853445667364,0.0008763853445667364,3,"[689, 766, 770]","[6260, 9, 1]"
1490,14,363,1203,0.0008770153445667395,6.30000000003089e-07,5,"[689, 766, 768, 770, 771]","[6185, 55, 2, 4, 3]"
1491,14,363,1203,0.0008777653445667432,7.500000000036774e-07,5,"[689, 766, 768, 770, 771]","[6065, 154, 18, 5, 2]"
1492,14,363,1203,0.0008792653445667505,1.5000000000073548e-06,5,"[689, 766, 768, 770, 774]","[5761, 162, 319, 1, 2]"
1493,14,366,1261,0.0008055186258580873,0.0008055186258580873,1,[510],[6257]
1494,14,366,1261,0.0008061186258580903,6.000000000029419e-07,1,[510],[6257]
1495,14,370,1284,0.0008751340305731913,0.0008751340305731913,3,"[938, 951, 952]","[6264, 1, 1]"
1496,14,371,1283,0.0008748324364463258,0.0008748324364463258,3,"[938, 951, 952]","[6297, 1, 2]"
1497,14,371,1283,0.0008755024364463291,6.700000000032852e-07,3,"[938, 951, 952]","[6227, 1, 2]"
1498,14,371,1284,0.0008737792029214425,0.0008737792029214425,1,[938],[6251]
1499,14,371,1284,0.0008745292029214462,7.500000000036774e-07,1,[938],[6323]
1500,14,371,1284,0.0008752592029214498,7.300000000035793e-07,3,"[938, 951, 952]","[6201, 1, 1]"
1501,14,374,1263,0.0008090479113943115,0.0008090479113943115,3,"[529, 530, 580]","[251, 6054, 4]"
1502,14,374,1263,0.0008097779113943151,7.300000000035793e-07,4,"[529, 530, 580, 581]","[1043, 5130, 13, 6]"
1503,14,374,1264,0.0008097871281439026,0.0008097871281439026,4,"[529, 530, 580, 581]","[162, 6080, 6, 4]"
1504,14,378,1213,0.0008783226350198102,0.0008783226350198102,1,[860],[6282]
1505,14,378,1214,0.00088012126167209,0.00088012126167209,2,"[860, 861]","[6180, 72]"
1506,14,378,1226,0.0008389313630423088,0.0008389313630423088,1,[814],[6321]
1507,14,378,1226,0.0008397413630423128,8.100000000039716e-07,1,[814],[6211]
1508,14,379,1209,0.0008738083045278216,0.0008738083045278216,1,[784],[6279]
1509,14,379,1213,0.0008807195604080513,0.0008807195604080513,2,"[860, 861]","[5205, 1057]"
1510,14,379,1214,0.0008769953531807299,0.0008769953531807299,1,[860],[6250]
1511,14,379,1214,0.0008776053531807329,6.10000000002991e-07,2,"[860, 878]","[6252, 1]"
1512,14,379,1214,0.000878845353180739,1.24000000000608e-06,1,[860],[6256]
1513,14,379,1214,0.0008813253531807511,2.48000000001216e-06,4,"[860, 861, 873, 874]","[317, 5949, 1, 2]"
1514,14,379,1215,0.0008778096961936353,0.0008778096961936353,2,"[860, 878]","[6239, 19]"
1515,14,380,1214,0.0008782122335448182,0.0008782122335448182,3,"[785, 860, 878]","[67, 6185, 4]"
1516,14,380,1215,0.0008768104045579515,0.0008768104045579515,2,"[860, 878]","[6222, 75]"
1517,14,380,1215,0.0008774604045579547,6.500000000031871e-07,2,"[860, 878]","[5795, 426]"
1518,14,380,1215,0.0008782304045579584,7.700000000037755e-07,2,"[860, 878]","[5210, 1077]"
1519,14,380,1216,0.0008779719922206092,0.0008779719922206092,2,"[860, 878]","[3752, 2509]"
1520,14,380,1216,0.0008787919922206133,8.200000000040206e-07,2,"[860, 878]","[4114, 2149]"
1521,14,381,1216,0.0008785527084164804,0.0008785527084164804,2,"[860, 878]","[3943, 2355]"
1522,14,381,1216,0.0008793427084164843,7.900000000038735e-07,2,"[860, 878]","[5658, 549]"
1523,14,381,1217,0.0008791920306837702,0.0008791920306837702,3,"[860, 878, 879]","[6210, 61, 20]"
1524,14,381,1217,0.0008801120306837747,9.20000000004511e-07,2,"[860, 879]","[6206, 6]"
1525,14,382,1217,0.0008786110599019941,0.0008786110599019941,2,"[860, 879]","[5185, 1104]"
1526,14,382,1217,0.0008792110599019971,6.000000000029419e-07,2,"[860, 879]","[5441, 848]"
1527,14,382,1217,0.0008803010599020024,1.0900000000053445e-06,2,"[860, 879]","[5646, 527]"
1528,14,382,1218,0.0008791009418750889,0.0008791009418750889,2,"[860, 879]","[4502, 1762]"
1529,14,383,1217,0.0008782314831893278,0.0008782314831893278,2,"[860, 879]","[5673, 585]"
1530,14,383,1217,0.0008789714831893314,7.400000000036284e-07,2,"[860, 879]","[5234, 1053]"
1531,14,383,1218,0.0008779473527611558,0.0008779473527611558,2,"[860, 879]","[5976, 301]"
1532,14,383,1218,0.0008784873527611585,5.400000000026477e-07,2,"[860, 879]","[5698, 557]"
1533,14,383,1218,0.0008790673527611613,5.800000000028439e-07,2,"[860, 879]","[5388, 866]"
1534,14,384,1217,0.0008789545429624653,0.0008789545429624653,2,"[860, 879]","[6240, 17]"
1535,14,384,1218,0.0008783018692417736,0.0008783018692417736,2,"[860, 879]","[6242, 9]"
1536,14,384,1218,0.0008793318692417786,1.0300000000050503e-06,2,"[860, 879]","[6236, 17]"
1537,14,387,1220,0.0008210029537951759,0.0008210029537951759,2,"[598, 599]","[3673, 2593]"
1538,14,387,1220,0.0008214829537951783,4.800000000023535e-07,2,"[598, 599]","[3422, 2845]"
1539,14,387,1220,0.0008219829537951807,5.000000000024516e-07,2,"[598, 599]","[3414, 2927]"
1540,14,387,1221,0.0008218113858411483,0.0008218113858411483,2,"[598, 599]","[1796, 4479]"
1541,14,388,1220,0.0008205045869895914,0.0008205045869895914,3,"[598, 599, 630]","[5090, 717, 502]"
1542,14,388,1220,0.000821034586989594,5.300000000025987e-07,2,"[598, 599]","[4878, 1431]"
1543,14,388,1220,0.0008215245869895964,4.900000000024026e-07,2,"[598, 599]","[3960, 2182]"
1544,14,388,1220,0.0008223145869896003,7.900000000038735e-07,2,"[598, 599]","[2979, 3299]"
1545,14,388,1221,0.0008206081362725624,0.0008206081362725624,3,"[598, 599, 630]","[4710, 1436, 170]"
1546,14,388,1221,0.0008212181362725654,6.10000000002991e-07,2,"[598, 599]","[2925, 3289]"
1547,14,388,1221,0.0008217881362725682,5.700000000027948e-07,2,"[598, 599]","[1509, 4741]"
1548,14,388,1221,0.000822358136272571,5.700000000027948e-07,2,"[598, 599]","[480, 5832]"
1549,14,388,1221,0.0008228681362725734,5.100000000025006e-07,2,"[598, 599]","[100, 6180]"
1550,14,388,1221,0.0008233481362725758,4.800000000023535e-07,2,"[598, 599]","[7, 6157]"
1551,14,388,1221,0.0008240581362725793,7.100000000034813e-07,2,"[598, 599]","[1, 6216]"
1552,14,389,1220,0.0008198074074377641,0.0008198074074377641,3,"[598, 599, 630]","[1945, 1, 4306]"
1553,14,389,1221,0.0008196009841286076,0.0008196009841286076,4,"[517, 598, 599, 630]","[1, 4582, 2, 1723]"
1554,14,389,1221,0.0008202709841286109,6.700000000032852e-07,3,"[517, 598, 599]","[4, 6203, 12]"
1555,14,389,1221,0.0008213509841286162,1.0800000000052955e-06,3,"[517, 598, 599]","[45, 5941, 247]"
1556,14,390,1221,0.0008191385441762687,0.0008191385441762687,2,"[598, 630]","[6110, 162]"
1557,14,390,1221,0.0008197185441762715,5.800000000028439e-07,2,"[517, 598]","[6, 6250]"
1558,14,390,1221,0.0008205585441762756,8.400000000041187e-07,3,"[517, 520, 598]","[231, 2, 6020]"
1559,14,391,1221,0.0008182772852116155,0.0008182772852116155,1,[598],[6304]
1560,14,391,1221,0.0008189872852116189,7.100000000034813e-07,1,[598],[6290]
1561,14,391,1221,0.0008203672852116257,1.3800000000067664e-06,2,"[517, 598]","[34, 6124]"
1562,14,392,1221,0.0008169542896241582,0.0008169542896241582,1,[598],[6327]
1563,14,392,1221,0.0008176542896241616,7.000000000034323e-07,1,[598],[6250]
1564,14,392,1221,0.0008185742896241661,9.20000000004511e-07,1,[598],[6204]
1565,14,393,1220,0.0008156348748147305,0.0008156348748147305,1,[598],[6297]
1566,14,393,1221,0.0008158646052275032,0.0008158646052275032,1,[598],[6266]
1567,14,393,1221,0.0008169446052275085,1.0800000000052955e-06,1,[598],[6269]
1568,14,394,1220,0.0008139200356077277,0.0008139200356077277,2,"[598, 643]","[6259, 20]"
1569,14,394,1220,0.0008146900356077315,7.700000000037755e-07,2,"[598, 643]","[6279, 5]"
1570,14,394,1221,0.0008158591239984406,0.0008158591239984406,2,"[598, 643]","[6246, 6]"
1571,14,395,1220,0.0008129850952274635,0.0008129850952274635,2,"[598, 643]","[5630, 622]"
1572,14,395,1220,0.0008134750952274659,4.900000000024026e-07,2,"[598, 643]","[5483, 900]"
1573,14,395,1220,0.0008139750952274684,5.000000000024516e-07,2,"[598, 643]","[5167, 997]"
1574,14,395,1221,0.0008148216619624836,0.0008148216619624836,2,"[598, 643]","[5391, 859]"
1575,14,396,1220,0.0008135729421948588,0.0008135729421948588,2,"[598, 643]","[4978, 1334]"
1576,14,396,1220,0.0008146929421948643,1.1200000000054916e-06,2,"[598, 643]","[5093, 1117]"
1577,14,396,1221,0.0008137480579527393,0.0008137480579527393,2,"[598, 643]","[5932, 400]"
1578,14,396,1221,0.0008144180579527426,6.700000000032852e-07,2,"[598, 643]","[6055, 168]"
1579,14,397,1221,0.0008141699809411003,0.0008141699809411003,2,"[598, 643]","[6256, 1]"
1580,14,397,1221,0.0008147799809411033,6.10000000002991e-07,1,[598],[6313]
1581,14,397,1222,0.00081464377679673,0.00081464377679673,1,[598],[6260]
1582,14,398,1221,0.0008133615518710985,0.0008133615518710985,1,[598],[6303]
1583,14,398,1221,0.0008141515518711024,7.900000000038735e-07,1,[598],[6239]
1584,14,398,1221,0.000815291551871108,1.1400000000055897e-06,1,[598],[6214]
1585,14,398,1222,0.0008138921220503183,0.0008138921220503183,1,[598],[6257]
1586,14,398,1222,0.0008149021220503232,1.0100000000049522e-06,1,[598],[6270]
1587,14,399,1221,0.0008120568737178771,0.0008120568737178771,1,[598],[6288]
1588,14,399,1221,0.0008125668737178796,5.100000000025006e-07,1,[598],[6333]
1589,14,399,1221,0.000813056873717882,4.900000000024026e-07,1,[598],[6156]
1590,14,399,1221,0.0008139868737178866,9.3000000000456e-07,1,[598],[6249]
1591,14,399,1222,0.000813535228879204,0.000813535228879204,1,[598],[6288]
