,event,pixel_x,pixel_y,reset_time,TSLR,nMCParticles,MC_TrackIDs,MC_Weights
0,62,23,1119,0.0013946515676143598,0.0013946515676143598,1,[1015],[6286]
1,62,23,1119,0.0013957115676143535,1.0599999999937049e-06,1,[1015],[6260]
2,62,23,1120,0.0013949964778005482,0.0013949964778005482,1,[1015],[6289]
3,62,23,1120,0.0013962564778005407,1.259999999992517e-06,1,[1015],[6228]
4,62,28,1099,0.0012965907608959038,0.0012965907608959038,2,"[647, 648]","[4677, 1614]"
5,62,28,1099,0.0012971707608959004,5.799999999965555e-07,2,"[647, 648]","[3671, 2552]"
6,62,28,1099,0.0012977007608958972,5.299999999968524e-07,2,"[647, 648]","[2942, 3322]"
7,62,28,1099,0.0012984807608958926,7.799999999953677e-07,2,"[647, 648]","[2079, 4157]"
8,62,28,1100,0.0012969961664187667,0.0012969961664187667,2,"[647, 648]","[4429, 1831]"
9,62,28,1100,0.001297946166418761,9.499999999943581e-07,2,"[647, 648]","[2844, 3448]"
10,62,29,1099,0.00129750060611982,0.00129750060611982,2,"[647, 648]","[3487, 2775]"
11,62,36,1121,0.001237899384566699,0.001237899384566699,2,"[872, 895]","[6203, 57]"
12,62,36,1121,0.0012392093845666912,1.3099999999922202e-06,1,[872],[6256]
13,62,36,1122,0.0012374788936960093,0.0012374788936960093,2,"[872, 895]","[6253, 16]"
14,62,36,1122,0.0012381688936960052,6.899999999959022e-07,1,[872],[6307]
15,62,36,1122,0.001239048893696,8.799999999947739e-07,1,[872],[6183]
16,62,36,1122,0.0012408288936959894,1.779999999989429e-06,2,"[872, 893]","[6065, 212]"
17,62,36,1122,0.0012419588936959827,1.1299999999932892e-06,2,"[872, 893]","[4795, 1484]"
18,62,36,1123,0.0012387563103864628,0.0012387563103864628,3,"[872, 893, 895]","[6251, 1, 1]"
19,62,36,1123,0.0012401463103864545,1.389999999991745e-06,2,"[872, 893]","[6256, 17]"
20,62,36,1123,0.001241396310386447,1.2499999999925765e-06,2,"[872, 893]","[5837, 391]"
21,62,37,1121,0.001237931543991394,0.001237931543991394,2,"[872, 895]","[5991, 311]"
22,62,37,1121,0.0012454815439913493,7.549999999955162e-06,5,"[872, 893, 900, 903, 904]","[6022, 136, 4, 36, 1]"
23,62,37,1122,0.0012374858564969404,0.0012374858564969404,2,"[872, 895]","[6195, 75]"
24,62,37,1122,0.0012383758564969351,8.899999999947145e-07,1,[872],[6262]
25,62,37,1122,0.0012408758564969203,2.499999999985153e-06,3,"[872, 875, 893]","[6098, 1, 153]"
26,62,37,1122,0.0012418058564969147,9.299999999944769e-07,2,"[872, 893]","[5522, 712]"
27,62,37,1122,0.0012426558564969097,8.49999999994952e-07,2,"[872, 893]","[5379, 892]"
28,62,37,1123,0.0012409616195900497,0.0012409616195900497,2,"[872, 893]","[6171, 100]"
29,62,37,1123,0.0012424016195900411,1.4399999999914481e-06,2,"[872, 893]","[5561, 691]"
30,62,38,1122,0.0012414373074486628,0.0012414373074486628,4,"[872, 875, 893, 895]","[6073, 197, 6, 13]"
31,62,38,1122,0.0012429773074486537,1.5399999999908542e-06,2,"[872, 893]","[6191, 20]"
32,62,38,1123,0.0012418025458331562,0.0012418025458331562,3,"[872, 875, 893]","[6232, 15, 6]"
33,62,63,1093,0.0012055131959944545,0.0012055131959944545,2,"[609, 646]","[6017, 236]"
34,62,63,1093,0.0012071531959944447,1.6399999999902604e-06,2,"[609, 646]","[6110, 145]"
35,62,63,1094,0.0012050003412296779,0.0012050003412296779,2,"[609, 646]","[5359, 918]"
36,62,63,1094,0.0012056003412296743,5.999999999964367e-07,2,"[609, 646]","[5543, 721]"
37,62,63,1094,0.00120632034122967,7.199999999957241e-07,2,"[609, 646]","[5598, 629]"
38,62,64,1094,0.0012045944577415521,0.0012045944577415521,2,"[609, 646]","[5395, 928]"
39,62,64,1094,0.0012051744577415487,5.799999999965555e-07,2,"[609, 646]","[4966, 1322]"
40,62,64,1094,0.0012058244577415448,6.499999999961398e-07,2,"[609, 646]","[4630, 1526]"
41,62,65,1094,0.0012046410029777897,0.0012046410029777897,2,"[609, 646]","[6233, 60]"
42,62,65,1095,0.0012044942864002845,0.0012044942864002845,3,"[609, 610, 646]","[6251, 16, 8]"
43,62,66,1095,0.0012048525876369209,0.0012048525876369209,3,"[609, 610, 611]","[6203, 63, 3]"
44,62,83,1112,0.0012985325188562098,0.0012985325188562098,3,"[970, 981, 982]","[6302, 3, 2]"
45,62,83,1112,0.0012994425188562044,9.099999999945957e-07,2,"[970, 981]","[6212, 1]"
46,62,84,1112,0.0012981657702429291,0.0012981657702429291,3,"[970, 981, 982]","[6309, 10, 1]"
47,62,84,1112,0.0012989257702429246,7.599999999954865e-07,3,"[970, 981, 982]","[6217, 9, 3]"
48,62,84,1112,0.0013006757702429142,1.749999999989607e-06,3,"[970, 981, 982]","[6195, 6, 1]"
49,62,84,1113,0.00129774150242544,0.00129774150242544,3,"[970, 981, 994]","[6264, 3, 2]"
50,62,84,1113,0.0012985415024254353,7.99999999995249e-07,4,"[970, 981, 982, 994]","[6275, 4, 1, 2]"
51,62,85,1102,0.0013686802133841657,0.0013686802133841657,1,[972],[6255]
52,62,85,1103,0.0013679286090121543,0.0013679286090121543,2,"[972, 973]","[6269, 2]"
53,62,85,1113,0.0012973784976290069,0.0012973784976290069,2,"[970, 994]","[6243, 15]"
54,62,85,1113,0.0012982884976290015,9.099999999945957e-07,4,"[970, 982, 994, 995]","[6243, 1, 8, 1]"
55,62,85,1114,0.0012973537419007288,0.0012973537419007288,2,"[970, 994]","[6239, 13]"
56,62,85,1114,0.0012988037419007202,1.4499999999913887e-06,3,"[970, 994, 995]","[6232, 20, 3]"
57,62,86,1113,0.0012980792496618814,0.0012980792496618814,3,"[970, 994, 995]","[6244, 7, 4]"
58,62,86,1114,0.0012967272251937173,0.0012967272251937173,2,"[970, 994]","[6257, 4]"
59,62,86,1114,0.0012992372251937024,2.5099999999850936e-06,4,"[970, 994, 995, 996]","[6167, 8, 65, 1]"
60,62,94,1115,0.0011721387279336616,0.0011721387279336616,1,[801],[6307]
61,62,94,1115,0.0011727787279336578,6.399999999961992e-07,1,[801],[6267]
62,62,94,1115,0.0011734487279336538,6.69999999996021e-07,1,[801],[6255]
63,62,94,1115,0.001174578727933647,1.1299999999932892e-06,1,[801],[6194]
64,62,94,1116,0.0011729075816985385,0.0011729075816985385,1,[801],[6260]
65,62,94,1116,0.0011740675816985316,1.159999999993111e-06,1,[801],[6268]
66,62,94,1116,0.0011757875816985214,1.7199999999897853e-06,1,[801],[6238]
67,62,95,1115,0.0011729938290687288,0.0011729938290687288,1,[801],[6277]
68,62,95,1115,0.0011750238290687168,2.0299999999879442e-06,2,"[801, 830]","[6224, 4]"
69,62,95,1115,0.0011759438290687113,9.199999999945363e-07,3,"[801, 830, 831]","[6262, 3, 1]"
70,62,95,1115,0.001176833829068706,8.899999999947145e-07,2,"[801, 830]","[6274, 4]"
71,62,95,1116,0.0011742548479643346,0.0011742548479643346,1,[801],[6270]
72,62,95,1116,0.0011764748479643214,2.219999999986816e-06,1,[801],[6243]
73,62,96,1113,0.0011770049121749258,0.0011770049121749258,6,"[801, 819, 830, 833, 836, 837]","[4261, 1927, 24, 17, 33, 1]"
74,62,96,1114,0.0011760605443885165,0.0011760605443885165,7,"[801, 819, 830, 831, 833, 836, 837]","[5523, 578, 141, 6, 13, 8, 1]"
75,62,96,1114,0.0011767005443885127,6.399999999961992e-07,6,"[801, 819, 830, 833, 836, 837]","[5503, 722, 31, 2, 7, 1]"
76,62,96,1114,0.0011777405443885065,1.0399999999938236e-06,5,"[801, 819, 830, 831, 836]","[5310, 905, 10, 1, 11]"
77,62,96,1115,0.0011764255536558996,0.0011764255536558996,4,"[801, 819, 830, 831]","[6185, 29, 55, 2]"
78,62,97,1113,0.0011761749051184542,0.0011761749051184542,7,"[801, 819, 830, 831, 833, 836, 837]","[4760, 1394, 1, 1, 137, 18, 1]"
79,62,97,1113,0.0011767949051184506,6.199999999963179e-07,5,"[801, 819, 833, 836, 837]","[4699, 1505, 20, 20, 1]"
80,62,97,1113,0.0011775949051184458,7.99999999995249e-07,4,"[801, 819, 833, 836]","[4737, 1432, 10, 21]"
81,62,97,1114,0.001176429320106488,0.001176429320106488,6,"[801, 819, 830, 833, 836, 837]","[4430, 1690, 31, 104, 33, 2]"
82,62,97,1114,0.0011777293201064804,1.2999999999922796e-06,6,"[801, 819, 830, 833, 836, 837]","[4070, 2103, 4, 21, 20, 1]"
83,62,98,1112,0.0011771987191878022,0.0011771987191878022,3,"[801, 819, 833]","[6277, 4, 4]"
84,62,98,1113,0.0011769913902926735,0.0011769913902926735,4,"[801, 819, 833, 836]","[6093, 175, 40, 2]"
85,62,99,1112,0.001176938021587872,0.001176938021587872,1,[801],[6287]
86,62,99,1112,0.0011778480215878667,9.099999999945957e-07,1,[801],[6214]
87,62,100,1111,0.0011776153110484922,0.0011776153110484922,1,[801],[6265]
88,62,100,1112,0.00117691969335389,0.00117691969335389,1,[801],[6255]
89,62,100,1112,0.0011783296933538816,1.4099999999916263e-06,1,[801],[6251]
90,62,101,1111,0.0011771723087278902,0.0011771723087278902,1,[801],[6284]
91,62,101,1112,0.0011765819595229367,0.0011765819595229367,1,[801],[6267]
92,62,101,1112,0.0011778019595229294,1.2199999999927547e-06,1,[801],[6246]
93,62,102,1111,0.001177110227633746,0.001177110227633746,2,"[801, 816]","[5842, 423]"
94,62,102,1112,0.001176066882227448,0.001176066882227448,2,"[801, 816]","[5941, 328]"
95,62,102,1112,0.0011769368822274427,8.699999999948332e-07,2,"[801, 816]","[6018, 223]"
96,62,103,1111,0.0011762878311050175,0.0011762878311050175,2,"[801, 816]","[3586, 2683]"
97,62,103,1112,0.0011754410216878563,0.0011754410216878563,2,"[801, 816]","[4900, 1379]"
98,62,103,1112,0.001176011021687853,5.699999999966149e-07,2,"[801, 816]","[4554, 1687]"
99,62,103,1112,0.0011766110216878494,5.999999999964367e-07,2,"[801, 816]","[4421, 1863]"
100,62,104,1112,0.0011751981726983683,0.0011751981726983683,2,"[801, 816]","[6021, 263]"
101,62,104,1112,0.001175768172698365,5.699999999966149e-07,2,"[801, 816]","[5821, 444]"
102,62,104,1112,0.001176418172698361,6.499999999961398e-07,2,"[801, 816]","[5528, 680]"
103,62,105,1112,0.0011746587377275415,0.0011746587377275415,2,"[801, 814]","[6289, 10]"
104,62,105,1112,0.0011754787377275366,8.199999999951302e-07,2,"[801, 816]","[6246, 3]"
105,62,105,1112,0.0011768287377275286,1.3499999999919826e-06,2,"[801, 816]","[6213, 3]"
106,62,105,1113,0.001175476307984907,0.001175476307984907,2,"[801, 814]","[6243, 23]"
107,62,106,1112,0.0011735897656617266,0.0011735897656617266,2,"[801, 814]","[5774, 512]"
108,62,106,1112,0.0011754097656617158,1.8199999999891914e-06,2,"[801, 814]","[6201, 17]"
109,62,106,1113,0.0011727473418202028,0.0011727473418202028,2,"[801, 814]","[5093, 1201]"
110,62,106,1113,0.001173907341820196,1.159999999993111e-06,2,"[801, 814]","[5878, 365]"
111,62,107,1112,0.001174046211979376,0.001174046211979376,2,"[801, 814]","[5316, 937]"
112,62,107,1113,0.0011714869812641977,0.0011714869812641977,2,"[801, 814]","[5786, 519]"
113,62,107,1113,0.0011722469812641932,7.599999999954865e-07,2,"[801, 814]","[5241, 1016]"
114,62,107,1113,0.001173296981264187,1.0499999999937643e-06,2,"[801, 814]","[5009, 1198]"
115,62,108,1113,0.0011706513101512113,0.0011706513101512113,2,"[801, 814]","[6283, 2]"
116,62,108,1113,0.0011715313101512061,8.799999999947739e-07,2,"[801, 814]","[6224, 21]"
117,62,109,1113,0.0011712390635756885,0.0011712390635756885,1,[801],[6260]
118,62,126,1114,0.0011922298747886547,0.0011922298747886547,1,[1210],[6258]
119,62,155,1120,0.0011051963569259648,0.0011051963569259648,1,[495],[6271]
120,62,164,1129,0.001108821477317718,0.001108821477317718,1,[1114],[6254]
121,62,165,1127,0.0011212545782286008,0.0011212545782286008,5,"[999, 1114, 1171, 1172, 1186]","[6174, 30, 65, 2, 3]"
122,62,165,1128,0.0011187368212139835,0.0011187368212139835,3,"[999, 1114, 1186]","[48, 5260, 942]"
123,62,165,1128,0.0011212268212139687,2.4899999999852124e-06,1,[999],[6261]
124,62,165,1129,0.0011073829989502963,0.0011073829989502963,1,[1114],[6319]
125,62,165,1129,0.0011078929989502932,5.099999999969712e-07,1,[1114],[6262]
126,62,165,1129,0.0011083129989502907,4.199999999975057e-07,1,[1114],[6198]
127,62,165,1129,0.001108772998950288,4.5999999999726815e-07,1,[1114],[6245]
128,62,165,1129,0.0011095029989502837,7.299999999956647e-07,1,[1114],[6251]
129,62,165,1130,0.0011076895256007737,0.0011076895256007737,1,[1114],[6311]
130,62,165,1130,0.0011087695256007672,1.079999999993586e-06,1,[1114],[6224]
131,62,166,1128,0.001108987962462486,0.001108987962462486,3,"[1114, 1147, 1148]","[6243, 13, 6]"
132,62,166,1129,0.0011078316755515972,0.0011078316755515972,3,"[1114, 1147, 1148]","[6257, 1, 13]"
133,62,166,1129,0.0011084516755515935,6.199999999963179e-07,2,"[1114, 1148]","[6282, 7]"
134,62,166,1129,0.0011090816755515898,6.299999999962586e-07,2,"[1114, 1148]","[6184, 10]"
135,62,167,1126,0.0011118393035014604,0.0011118393035014604,6,"[384, 908, 998, 1114, 1147, 1169]","[5550, 8, 328, 6, 7, 352]"
136,62,167,1127,0.0011104786864280037,0.0011104786864280037,7,"[384, 908, 1114, 1147, 1148, 1168, 1169]","[3207, 9, 672, 954, 15, 26, 1381]"
137,62,167,1127,0.0011120186864279945,1.5399999999908542e-06,6,"[384, 908, 998, 1114, 1147, 1169]","[6223, 2, 1, 1, 5, 14]"
138,62,167,1127,0.0011131986864279875,1.1799999999929922e-06,3,"[384, 797, 798]","[6245, 13, 2]"
139,62,167,1127,0.001114798686427978,1.599999999990498e-06,3,"[384, 797, 798]","[6204, 43, 4]"
140,62,167,1127,0.0011174086864279625,2.6099999999844997e-06,3,"[384, 797, 798]","[6237, 5, 1]"
141,62,167,1128,0.001108021098642464,0.001108021098642464,6,"[384, 1114, 1147, 1148, 1168, 1169]","[1, 4768, 849, 637, 12, 26]"
142,62,167,1128,0.0011087710986424596,7.499999999955459e-07,5,"[384, 1114, 1147, 1148, 1169]","[6, 4078, 1518, 592, 49]"
143,62,167,1128,0.0011141810986424275,5.409999999967871e-06,6,"[384, 797, 1114, 1147, 1148, 1169]","[1479, 9, 2610, 1676, 373, 68]"
144,62,167,1129,0.0011079357718595964,0.0011079357718595964,3,"[1114, 1147, 1148]","[4946, 92, 1259]"
145,62,167,1129,0.0011085757718595926,6.399999999961992e-07,3,"[1114, 1147, 1148]","[4887, 158, 1189]"
146,62,167,1129,0.0011097857718595854,1.209999999992814e-06,3,"[1114, 1147, 1148]","[4903, 282, 1045]"
147,62,168,1125,0.001110308876957248,0.001110308876957248,3,"[384, 998, 1169]","[268, 6003, 9]"
148,62,168,1125,0.0011115288769572408,1.2199999999927547e-06,2,"[384, 998]","[36, 6200]"
149,62,168,1126,0.0011085928893147753,0.0011085928893147753,7,"[384, 792, 998, 1114, 1147, 1168, 1169]","[4918, 2, 36, 257, 22, 95, 931]"
150,62,168,1126,0.00110947288931477,8.799999999947739e-07,7,"[384, 908, 998, 1114, 1147, 1168, 1169]","[4836, 1, 528, 8, 10, 1, 885]"
151,62,168,1126,0.0011104528893147642,9.7999999999418e-07,4,"[384, 998, 1147, 1169]","[3784, 2143, 3, 306]"
152,62,168,1126,0.0011129528893147494,2.499999999985153e-06,4,"[384, 797, 998, 1169]","[3897, 1, 2322, 21]"
153,62,168,1127,0.001107151744840636,0.001107151744840636,7,"[384, 792, 1114, 1118, 1147, 1168, 1169]","[540, 5, 3622, 1, 340, 1621, 167]"
154,62,168,1127,0.0011078017448406322,6.499999999961398e-07,6,"[384, 1114, 1147, 1148, 1168, 1169]","[1217, 2336, 907, 7, 966, 848]"
155,62,168,1127,0.0011082917448406292,4.8999999999709e-07,6,"[384, 1114, 1147, 1148, 1168, 1169]","[1845, 1327, 1153, 8, 443, 1517]"
156,62,168,1127,0.0011087517448406265,4.5999999999726815e-07,6,"[384, 1114, 1147, 1148, 1168, 1169]","[2216, 680, 1146, 6, 183, 2006]"
157,62,168,1127,0.0011092417448406236,4.8999999999709e-07,7,"[384, 998, 1114, 1147, 1148, 1168, 1169]","[2783, 3, 275, 1003, 1, 58, 2130]"
158,62,168,1127,0.0011099717448406193,7.299999999956647e-07,6,"[384, 998, 1114, 1147, 1168, 1169]","[3749, 5, 99, 648, 14, 1666]"
159,62,168,1127,0.0011116117448406095,1.6399999999902604e-06,6,"[384, 998, 1114, 1147, 1168, 1169]","[5679, 24, 6, 109, 1, 396]"
160,62,168,1127,0.0011135217448405982,1.909999999988657e-06,5,"[384, 797, 798, 998, 1169]","[6223, 18, 2, 1, 1]"
161,62,168,1127,0.0011147017448405912,1.1799999999929922e-06,3,"[384, 797, 798]","[6227, 26, 2]"
162,62,168,1127,0.0011155217448405863,8.199999999951302e-07,2,"[384, 797]","[6248, 4]"
163,62,168,1127,0.0011161617448405825,6.399999999961992e-07,1,[384],[6341]
164,62,168,1127,0.0011167317448405791,5.699999999966149e-07,1,[384],[6250]
165,62,168,1127,0.001117431744840575,6.999999999958428e-07,1,[384],[6160]
166,62,168,1128,0.001107132373544057,0.001107132373544057,6,"[384, 1114, 1147, 1148, 1168, 1169]","[9, 3981, 720, 235, 1324, 25]"
167,62,168,1128,0.0011076023735440543,4.6999999999720876e-07,6,"[384, 1114, 1147, 1148, 1168, 1169]","[14, 3785, 1368, 429, 693, 53]"
168,62,168,1128,0.0011079523735440522,3.499999999979214e-07,6,"[384, 1114, 1147, 1148, 1168, 1169]","[17, 3301, 1886, 508, 485, 85]"
169,62,168,1128,0.0011082723735440503,3.199999999980996e-07,6,"[384, 1114, 1147, 1148, 1168, 1169]","[22, 2789, 2328, 550, 282, 113]"
170,62,168,1128,0.0011086223735440482,3.499999999979214e-07,6,"[384, 1114, 1147, 1148, 1168, 1169]","[39, 2365, 3033, 549, 194, 164]"
171,62,168,1128,0.0011090523735440456,4.299999999974463e-07,6,"[384, 1114, 1147, 1148, 1168, 1169]","[51, 2002, 3322, 525, 97, 214]"
172,62,168,1128,0.0011101523735440391,1.0999999999934673e-06,7,"[384, 1114, 1115, 1147, 1148, 1168, 1169]","[123, 1217, 1, 4092, 438, 33, 295]"
173,62,168,1128,0.0011159823735440045,5.829999999965377e-06,7,"[384, 797, 1114, 1121, 1147, 1148, 1169]","[5906, 6, 24, 2, 325, 18, 18]"
174,62,168,1128,0.0011170223735439983,1.0399999999938236e-06,1,[384],[6208]
175,62,168,1129,0.0011079495867132969,0.0011079495867132969,4,"[1114, 1147, 1148, 1168]","[2842, 339, 3086, 58]"
176,62,168,1129,0.0011086795867132925,7.299999999956647e-07,6,"[1114, 1115, 1147, 1148, 1168, 1169]","[2491, 1, 622, 3108, 11, 2]"
177,62,169,1126,0.0011071214912021334,0.0011071214912021334,8,"[384, 792, 1114, 1115, 1117, 1118, 1168, 1169]","[4005, 598, 1479, 34, 3, 5, 137, 8]"
178,62,169,1126,0.0011081514912021273,1.029999999993883e-06,9,"[384, 792, 998, 1114, 1115, 1118, 1147, 1168, 1169]","[5775, 135, 5, 160, 1, 2, 3, 92, 97]"
179,62,169,1126,0.0011098614912021171,1.7099999999898446e-06,7,"[384, 792, 998, 1114, 1147, 1168, 1169]","[5402, 4, 516, 22, 4, 20, 251]"
180,62,169,1127,0.0011058666491317764,0.0011058666491317764,9,"[384, 792, 1114, 1115, 1117, 1118, 1147, 1168, 1206]","[523, 278, 4989, 100, 15, 52, 1, 375, 1]"
181,62,169,1127,0.001106436649131773,5.699999999966149e-07,9,"[384, 792, 1114, 1115, 1117, 1118, 1147, 1168, 1169]","[1135, 335, 3574, 58, 9, 71, 12, 1030, 2]"
182,62,169,1127,0.0011068666491317704,4.299999999974463e-07,9,"[384, 792, 1114, 1115, 1117, 1118, 1147, 1168, 1169]","[1710, 276, 2699, 41, 4, 54, 31, 1496, 12]"
183,62,169,1127,0.0011072566491317681,3.8999999999768387e-07,10,"[384, 792, 1114, 1115, 1117, 1118, 1147, 1148, 1168, 1169]","[2110, 171, 2161, 24, 2, 42, 57, 1, 1554, 32]"
184,62,169,1127,0.0011076666491317657,4.099999999975651e-07,9,"[384, 792, 1114, 1115, 1117, 1118, 1147, 1168, 1169]","[2623, 119, 1605, 16, 3, 28, 132, 1591, 109]"
185,62,169,1127,0.0011081766491317627,5.099999999969712e-07,9,"[384, 792, 1114, 1115, 1117, 1118, 1147, 1168, 1169]","[3285, 49, 1120, 5, 1, 16, 225, 1339, 297]"
186,62,169,1127,0.0011090066491317577,8.299999999950708e-07,9,"[384, 792, 998, 1114, 1115, 1118, 1147, 1168, 1169]","[3873, 12, 1, 504, 1, 4, 356, 727, 721]"
187,62,169,1127,0.0011161366491317154,7.129999999957656e-06,8,"[384, 797, 998, 1114, 1115, 1147, 1168, 1169]","[5367, 1, 14, 47, 2, 149, 81, 559]"
188,62,169,1128,0.001106878238345373,0.001106878238345373,10,"[384, 792, 1114, 1115, 1117, 1118, 1147, 1148, 1168, 1169]","[89, 28, 3259, 67, 6, 258, 83, 12, 2457, 2]"
189,62,169,1128,0.001107688238345368,8.099999999951896e-07,9,"[384, 792, 1114, 1115, 1118, 1147, 1148, 1168, 1169]","[117, 11, 2224, 33, 76, 405, 41, 3333, 21]"
190,62,169,1128,0.001109228238345359,1.5399999999908542e-06,9,"[384, 792, 1114, 1115, 1118, 1147, 1148, 1168, 1169]","[173, 2, 1752, 22, 23, 1612, 108, 2416, 126]"
191,62,170,1117,0.0010944481047103383,0.0010944481047103383,3,"[492, 501, 502]","[4713, 1042, 534]"
192,62,170,1118,0.0010930466066961107,0.0010930466066961107,3,"[492, 501, 502]","[5675, 52, 581]"
193,62,170,1118,0.0010936266066961073,5.799999999965555e-07,3,"[492, 501, 502]","[5066, 185, 999]"
194,62,170,1118,0.0010940966066961045,4.6999999999720876e-07,3,"[492, 501, 502]","[4880, 349, 979]"
195,62,170,1118,0.0010945666066961017,4.6999999999720876e-07,3,"[492, 501, 502]","[4782, 609, 883]"
196,62,170,1118,0.0010951666066960982,5.999999999964367e-07,3,"[492, 501, 502]","[4924, 815, 531]"
197,62,170,1126,0.0011054297786816986,0.0011054297786816986,9,"[384, 792, 1114, 1115, 1117, 1118, 1143, 1168, 1206]","[1395, 337, 2986, 1245, 81, 3, 226, 2, 28]"
198,62,170,1126,0.0011062697786816936,8.399999999950114e-07,9,"[384, 792, 1114, 1115, 1117, 1118, 1143, 1168, 1206]","[3306, 1273, 756, 720, 180, 14, 1, 2, 1]"
199,62,170,1126,0.001107039778681689,7.699999999954271e-07,7,"[384, 792, 1114, 1115, 1117, 1118, 1168]","[4061, 1494, 215, 274, 136, 40, 6]"
200,62,170,1127,0.0011043489884202454,0.0011043489884202454,9,"[384, 792, 1114, 1115, 1117, 1118, 1143, 1206, 1207]","[163, 12, 4622, 1151, 28, 9, 243, 49, 1]"
201,62,170,1127,0.0011049589884202418,6.099999999963773e-07,9,"[384, 792, 1114, 1115, 1117, 1118, 1143, 1168, 1206]","[549, 143, 3670, 1586, 172, 70, 48, 2, 22]"
202,62,170,1127,0.0011053889884202392,4.299999999974463e-07,9,"[384, 792, 1114, 1115, 1117, 1118, 1143, 1168, 1206]","[982, 373, 2782, 1610, 333, 208, 12, 9, 10]"
203,62,170,1127,0.0011057289884202372,3.399999999979808e-07,9,"[384, 792, 1114, 1115, 1117, 1118, 1143, 1168, 1206]","[1266, 624, 1913, 1544, 432, 362, 3, 14, 1]"
204,62,170,1127,0.0011060389884202354,3.0999999999815897e-07,8,"[384, 792, 1114, 1115, 1117, 1118, 1168, 1207]","[1626, 779, 1487, 1476, 498, 510, 18, 1]"
205,62,170,1127,0.0011063189884202337,2.7999999999833713e-07,7,"[384, 792, 1114, 1115, 1117, 1118, 1168]","[1693, 910, 991, 1360, 503, 606, 30]"
206,62,170,1127,0.001106608988420232,2.8999999999827775e-07,8,"[384, 792, 1114, 1115, 1117, 1118, 1168, 1206]","[1980, 1085, 748, 1243, 451, 704, 69, 1]"
207,62,170,1127,0.00110694898842023,3.399999999979808e-07,8,"[384, 792, 1114, 1115, 1117, 1118, 1168, 1169]","[2249, 1038, 620, 1173, 380, 819, 73, 1]"
208,62,170,1127,0.0011073989884202273,4.4999999999732754e-07,8,"[384, 792, 1114, 1115, 1117, 1118, 1147, 1168]","[2452, 1018, 416, 1014, 265, 845, 1, 112]"
209,62,170,1128,0.0011061690794620536,0.0011061690794620536,9,"[384, 792, 1114, 1115, 1117, 1118, 1143, 1168, 1206]","[136, 74, 1668, 2153, 310, 1907, 10, 41, 5]"
210,62,170,1128,0.001106959079462049,7.899999999953083e-07,7,"[384, 792, 1114, 1115, 1117, 1118, 1168]","[128, 101, 321, 3021, 204, 2369, 141]"
211,62,170,1128,0.001109629079462033,2.6699999999841434e-06,9,"[384, 792, 1114, 1115, 1117, 1118, 1121, 1147, 1168]","[120, 45, 161, 3642, 72, 1785, 1, 2, 337]"
212,62,170,1129,0.00110761737496903,0.00110761737496903,6,"[384, 1114, 1115, 1117, 1118, 1168]","[1, 5, 6131, 2, 147, 8]"
213,62,170,1129,0.0011092173749690205,1.599999999990498e-06,4,"[1115, 1118, 1121, 1168]","[6193, 5, 1, 7]"
214,62,170,1129,0.0011102173749690145,9.999999999940612e-07,3,"[1114, 1115, 1121]","[1, 6250, 9]"
215,62,170,1129,0.0011108373749690109,6.199999999963179e-07,2,"[1115, 1121]","[6255, 47]"
216,62,170,1129,0.0011115573749690066,7.199999999957241e-07,2,"[1115, 1121]","[6069, 151]"
217,62,170,1130,0.0011083047474410232,0.0011083047474410232,1,[1115],[6280]
218,62,170,1130,0.0011097847474410144,1.4799999999912106e-06,2,"[1115, 1121]","[6223, 1]"
219,62,171,1118,0.0010950280413372353,0.0010950280413372353,3,"[492, 501, 502]","[5252, 301, 697]"
220,62,171,1120,0.0010965171373346094,0.0010965171373346094,6,"[385, 411, 492, 514, 515, 574]","[22, 6, 8, 2700, 2970, 552]"
221,62,171,1121,0.001094390522309855,0.001094390522309855,5,"[385, 411, 514, 515, 574]","[979, 468, 342, 4494, 12]"
222,62,171,1121,0.0010952705223098499,8.799999999947739e-07,5,"[385, 411, 514, 515, 574]","[363, 85, 1083, 4593, 153]"
223,62,171,1121,0.0010959905223098456,7.199999999957241e-07,5,"[385, 411, 514, 515, 574]","[134, 6, 2842, 2709, 545]"
224,62,171,1121,0.0010967805223098409,7.899999999953083e-07,6,"[385, 411, 514, 515, 574, 594]","[41, 1, 4373, 935, 885, 8]"
225,62,171,1122,0.0010950605639239944,0.0010950605639239944,5,"[385, 411, 514, 515, 574]","[2698, 549, 714, 2283, 6]"
226,62,171,1126,0.001103429554467207,0.001103429554467207,5,"[384, 1114, 1115, 1143, 1206]","[446, 3778, 696, 1351, 9]"
227,62,171,1126,0.0011042195544672022,7.899999999953083e-07,8,"[384, 792, 1114, 1115, 1117, 1143, 1206, 1207]","[1033, 1, 2631, 1121, 6, 1401, 28, 3]"
228,62,171,1126,0.0011050395544671974,8.199999999951302e-07,7,"[384, 792, 1114, 1115, 1117, 1143, 1206]","[2458, 13, 1457, 1610, 43, 675, 16]"
229,62,171,1126,0.0011060695544671912,1.029999999993883e-06,8,"[384, 792, 1114, 1115, 1117, 1118, 1143, 1206]","[3855, 154, 420, 1422, 263, 5, 95, 11]"
230,62,171,1127,0.0011028359237401036,0.0011028359237401036,6,"[384, 924, 1114, 1115, 1143, 1206]","[304, 1, 3492, 1800, 671, 19]"
231,62,171,1127,0.0011033259237401007,4.8999999999709e-07,6,"[384, 1114, 1115, 1117, 1143, 1206]","[394, 2987, 1874, 1, 978, 25]"
232,62,171,1127,0.0011036959237400985,3.6999999999780264e-07,7,"[384, 1114, 1115, 1117, 1143, 1206, 1207]","[530, 2688, 2062, 4, 914, 27, 1]"
233,62,171,1127,0.0011040359237400965,3.399999999979808e-07,6,"[384, 1114, 1115, 1117, 1143, 1206]","[808, 2443, 2291, 10, 804, 32]"
234,62,171,1127,0.0011043559237400946,3.199999999980996e-07,9,"[384, 792, 1114, 1115, 1117, 1118, 1143, 1206, 1207]","[1075, 4, 2052, 2366, 37, 2, 641, 24, 1]"
235,62,171,1127,0.0011047059237400925,3.499999999979214e-07,9,"[384, 792, 1114, 1115, 1117, 1118, 1143, 1206, 1207]","[1440, 4, 1692, 2600, 86, 8, 417, 23, 1]"
236,62,171,1127,0.0011050659237400904,3.5999999999786203e-07,8,"[384, 792, 1114, 1115, 1117, 1118, 1143, 1206]","[1814, 20, 1240, 2592, 205, 24, 232, 25]"
237,62,171,1127,0.001105455923740088,3.8999999999768387e-07,8,"[384, 792, 1114, 1115, 1117, 1118, 1143, 1206]","[2071, 49, 797, 2644, 524, 118, 101, 13]"
238,62,171,1127,0.0011058559237400857,3.999999999976245e-07,8,"[384, 792, 1114, 1115, 1117, 1118, 1143, 1206]","[2147, 110, 395, 2563, 759, 206, 18, 5]"
239,62,171,1127,0.001106305923740083,4.4999999999732754e-07,7,"[384, 792, 1114, 1115, 1117, 1118, 1143]","[1899, 187, 162, 2558, 1035, 418, 7]"
240,62,171,1127,0.0011068759237400797,5.699999999966149e-07,8,"[384, 792, 1114, 1115, 1117, 1118, 1143, 1206]","[1443, 289, 57, 2643, 1109, 667, 1, 1]"
241,62,171,1128,0.0011059096103642051,0.0011059096103642051,9,"[384, 792, 1114, 1115, 1117, 1118, 1143, 1206, 1207]","[400, 7, 1057, 3853, 325, 532, 114, 15, 1]"
242,62,171,1128,0.0011067596103642,8.49999999994952e-07,6,"[384, 792, 1114, 1115, 1117, 1118]","[86, 18, 12, 4705, 305, 1128]"
243,62,171,1128,0.0011075396103641954,7.799999999953677e-07,6,"[384, 792, 1114, 1115, 1117, 1118]","[24, 7, 5, 5237, 125, 840]"
244,62,171,1129,0.0011070687432595345,0.0011070687432595345,4,"[384, 1115, 1117, 1118]","[1, 6241, 1, 47]"
245,62,171,1129,0.0011079587432595293,8.899999999947145e-07,3,"[1115, 1117, 1118]","[6191, 2, 20]"
246,62,171,1129,0.0011104887432595142,2.529999999984975e-06,3,"[1115, 1118, 1121]","[6242, 3, 3]"
247,62,171,1130,0.001109053282527376,0.001109053282527376,1,[1115],[6264]
248,62,172,1120,0.0010958281324498123,0.0010958281324498123,5,"[385, 411, 514, 515, 574]","[291, 56, 1639, 4024, 260]"
249,62,172,1120,0.0010981081324497987,2.2799999999864595e-06,5,"[385, 514, 515, 574, 594]","[68, 4824, 604, 733, 2]"
250,62,172,1121,0.001092722721593279,0.001092722721593279,4,"[385, 411, 514, 515]","[1073, 299, 1325, 3562]"
251,62,172,1121,0.0010933027215932756,5.799999999965555e-07,4,"[385, 411, 514, 515]","[1392, 731, 1307, 2870]"
252,62,172,1121,0.001093732721593273,4.299999999974463e-07,5,"[385, 411, 514, 515, 574]","[1467, 800, 1307, 2700, 1]"
253,62,172,1121,0.0010940927215932709,3.5999999999786203e-07,5,"[385, 411, 514, 515, 574]","[1497, 607, 1182, 2878, 2]"
254,62,172,1121,0.0010944327215932689,3.399999999979808e-07,5,"[385, 411, 514, 515, 574]","[1616, 436, 1197, 3050, 13]"
255,62,172,1121,0.001094762721593267,3.299999999980402e-07,5,"[385, 411, 514, 515, 574]","[1718, 274, 1299, 3030, 23]"
256,62,172,1121,0.001095082721593265,3.199999999980996e-07,5,"[385, 411, 514, 515, 574]","[1660, 131, 1576, 2840, 86]"
257,62,172,1121,0.001095402721593263,3.199999999980996e-07,5,"[385, 411, 514, 515, 574]","[1523, 70, 1969, 2478, 137]"
258,62,172,1121,0.0010957327215932611,3.299999999980402e-07,5,"[385, 411, 514, 515, 574]","[1340, 28, 2585, 2012, 245]"
259,62,172,1121,0.001096082721593259,3.499999999979214e-07,5,"[385, 411, 514, 515, 574]","[1062, 6, 3407, 1293, 396]"
260,62,172,1121,0.0010964827215932567,3.999999999976245e-07,5,"[385, 411, 514, 515, 574]","[788, 4, 4158, 813, 496]"
261,62,172,1121,0.0010970527215932533,5.699999999966149e-07,5,"[385, 514, 515, 574, 594]","[413, 4819, 382, 648, 1]"
262,62,172,1122,0.0010921000947050712,0.0010921000947050712,4,"[385, 411, 514, 515]","[2269, 78, 719, 3228]"
263,62,172,1122,0.0010925700947050684,4.6999999999720876e-07,5,"[385, 411, 448, 514, 515]","[2929, 163, 2, 674, 2511]"
264,62,172,1122,0.0010929200947050663,3.499999999979214e-07,6,"[385, 411, 448, 449, 514, 515]","[3019, 325, 3, 1, 693, 2154]"
265,62,172,1122,0.0010932500947050644,3.299999999980402e-07,5,"[385, 411, 448, 514, 515]","[3070, 412, 3, 830, 1932]"
266,62,172,1122,0.0010935800947050624,3.299999999980402e-07,5,"[385, 411, 448, 514, 515]","[2889, 588, 2, 1025, 1812]"
267,62,172,1122,0.0010939400947050603,3.5999999999786203e-07,5,"[385, 411, 448, 514, 515]","[2744, 592, 2, 1190, 1647]"
268,62,172,1122,0.0010943600947050578,4.199999999975057e-07,4,"[385, 411, 514, 515]","[2642, 604, 1626, 1377]"
269,62,172,1122,0.0010948900947050546,5.299999999968524e-07,5,"[385, 411, 514, 515, 574]","[2571, 425, 2178, 1089, 3]"
270,62,172,1122,0.0010955900947050505,6.999999999958428e-07,5,"[385, 411, 514, 515, 574]","[2637, 176, 2717, 756, 20]"
271,62,172,1122,0.0010970600947050417,1.46999999999127e-06,6,"[385, 411, 514, 515, 574, 593]","[2243, 16, 3517, 321, 81, 1]"
272,62,172,1126,0.0011023264056733715,0.0011023264056733715,5,"[384, 789, 1114, 1115, 1143]","[1141, 1, 4237, 881, 54]"
273,62,172,1126,0.0011032764056733658,9.499999999943581e-07,5,"[384, 1114, 1115, 1143, 1206]","[1833, 3171, 860, 347, 1]"
274,62,172,1126,0.0011044564056733588,1.1799999999929922e-06,5,"[384, 1114, 1115, 1117, 1143]","[3026, 1636, 847, 1, 721]"
275,62,172,1127,0.001101277948819683,0.001101277948819683,6,"[384, 789, 924, 1114, 1115, 1143]","[1058, 326, 9, 2613, 2259, 1]"
276,62,172,1127,0.0011018279488196798,5.499999999967337e-07,4,"[384, 1114, 1115, 1143]","[1175, 2731, 2327, 12]"
277,62,172,1127,0.0011022279488196775,3.999999999976245e-07,5,"[384, 1114, 1115, 1143, 1206]","[1333, 2537, 2380, 34, 1]"
278,62,172,1127,0.0011025679488196754,3.399999999979808e-07,4,"[384, 1114, 1115, 1143]","[1499, 2276, 2360, 89]"
279,62,172,1127,0.0011028979488196735,3.299999999980402e-07,4,"[384, 1114, 1115, 1143]","[1776, 2035, 2401, 157]"
280,62,172,1127,0.0011032279488196715,3.299999999980402e-07,4,"[384, 1114, 1115, 1143]","[1862, 1824, 2349, 236]"
281,62,172,1127,0.0011035879488196694,3.5999999999786203e-07,5,"[384, 1114, 1115, 1143, 1206]","[2165, 1490, 2216, 336, 1]"
282,62,172,1127,0.0011040179488196668,4.299999999974463e-07,5,"[384, 1114, 1115, 1143, 1206]","[2503, 1123, 2085, 420, 2]"
283,62,172,1127,0.0011046979488196628,6.799999999959616e-07,6,"[384, 1114, 1115, 1117, 1143, 1206]","[3193, 848, 1817, 5, 419, 2]"
284,62,172,1128,0.0011038748700984717,0.0011038748700984717,7,"[384, 789, 924, 1114, 1115, 1143, 1206]","[909, 1069, 46, 722, 3485, 32, 1]"
285,62,173,1121,0.0010924507702779825,0.0010924507702779825,5,"[385, 411, 448, 514, 515]","[318, 32, 3, 2795, 3115]"
286,62,173,1121,0.0010935707702779758,1.1199999999933485e-06,5,"[385, 411, 448, 514, 515]","[1122, 198, 7, 3025, 1895]"
287,62,173,1121,0.0010949307702779677,1.3599999999919232e-06,7,"[385, 409, 411, 448, 514, 515, 574]","[3295, 1, 258, 1, 1901, 800, 1]"
288,62,173,1121,0.0010960407702779612,1.109999999993408e-06,5,"[385, 411, 514, 515, 574]","[5164, 32, 810, 221, 16]"
289,62,173,1122,0.0010916973482865157,0.0010916973482865157,5,"[385, 411, 448, 514, 515]","[630, 2, 6, 1986, 3670]"
290,62,173,1122,0.0010921973482865127,4.999999999970306e-07,6,"[385, 411, 448, 449, 514, 515]","[1564, 20, 4, 1, 1786, 2949]"
291,62,173,1122,0.0010925873482865104,3.8999999999768387e-07,6,"[385, 411, 448, 449, 514, 515]","[2261, 34, 11, 3, 1599, 2255]"
292,62,173,1122,0.0010929773482865081,3.8999999999768387e-07,6,"[385, 411, 448, 449, 514, 515]","[3028, 53, 12, 3, 1513, 1693]"
293,62,173,1122,0.0010933773482865057,3.999999999976245e-07,5,"[385, 411, 448, 514, 515]","[3805, 108, 16, 1306, 1083]"
294,62,173,1122,0.001093837348286503,4.5999999999726815e-07,5,"[385, 411, 448, 514, 515]","[4288, 137, 15, 1065, 630]"
295,62,173,1122,0.0010944073482864996,5.699999999966149e-07,5,"[385, 411, 448, 514, 515]","[4947, 142, 9, 886, 338]"
296,62,173,1122,0.0010950373482864959,6.299999999962586e-07,6,"[385, 409, 411, 448, 514, 515]","[5407, 1, 75, 3, 589, 108]"
297,62,173,1122,0.001095687348286492,6.499999999961398e-07,5,"[385, 409, 411, 514, 515]","[5796, 1, 7, 409, 31]"
298,62,173,1122,0.0010964373482864876,7.499999999955459e-07,4,"[385, 411, 514, 515]","[5944, 2, 267, 9]"
299,62,173,1123,0.0010942173187683249,0.0010942173187683249,6,"[385, 411, 448, 449, 514, 515]","[5151, 7, 20, 3, 351, 721]"
300,62,173,1126,0.001100926942943684,0.001100926942943684,4,"[384, 789, 1114, 1115]","[1221, 77, 3471, 1486]"
301,62,173,1126,0.0011022369429436762,1.3099999999922202e-06,4,"[384, 1114, 1115, 1143]","[1838, 3273, 1161, 1]"
302,62,173,1127,0.0010978899896691764,0.0010978899896691764,5,"[384, 789, 924, 1114, 1115]","[100, 6047, 4, 72, 38]"
303,62,173,1127,0.0010993999896691674,1.5099999999910324e-06,5,"[384, 789, 924, 1114, 1115]","[1624, 1924, 12, 1436, 1301]"
304,62,173,1127,0.0011000099896691638,6.099999999963773e-07,5,"[384, 789, 924, 1114, 1115]","[1982, 71, 3, 2125, 2121]"
305,62,173,1127,0.0011004099896691614,3.999999999976245e-07,4,"[384, 789, 1114, 1115]","[1860, 11, 2057, 2235]"
306,62,173,1127,0.0011007399896691594,3.299999999980402e-07,4,"[384, 789, 1114, 1115]","[1922, 1, 2163, 2279]"
307,62,173,1127,0.0011010399896691577,2.9999999999821836e-07,3,"[384, 1114, 1115]","[1942, 2112, 2133]"
308,62,173,1127,0.0011013399896691559,2.9999999999821836e-07,3,"[384, 1114, 1115]","[1990, 2051, 2204]"
309,62,173,1127,0.001101659989669154,3.199999999980996e-07,3,"[384, 1114, 1115]","[2075, 2006, 2223]"
310,62,173,1127,0.0011020199896691518,3.5999999999786203e-07,3,"[384, 1114, 1115]","[2286, 1794, 2124]"
311,62,173,1127,0.001102499989669149,4.799999999971494e-07,3,"[384, 1114, 1115]","[2569, 1611, 2020]"
312,62,173,1127,0.001103499989669143,9.999999999940612e-07,4,"[384, 1114, 1115, 1143]","[3274, 1124, 1828, 3]"
313,62,173,1128,0.0010968239770699118,0.0010968239770699118,3,"[384, 789, 1115]","[1, 6267, 1]"
314,62,173,1128,0.0010975139770699077,6.899999999959022e-07,5,"[384, 789, 924, 1114, 1115]","[12, 6236, 6, 2, 2]"
315,62,173,1128,0.0010982139770699035,6.999999999958428e-07,5,"[384, 789, 924, 1114, 1115]","[45, 6193, 29, 9, 15]"
316,62,173,1128,0.0010997839770698942,1.569999999990676e-06,5,"[384, 789, 924, 1114, 1115]","[544, 5075, 34, 180, 365]"
317,62,173,1128,0.0011029439770698754,3.1599999999812334e-06,5,"[384, 789, 924, 1114, 1115]","[2246, 95, 1, 838, 3056]"
318,62,174,1121,0.0010959046357402762,0.0010959046357402762,5,"[385, 409, 448, 514, 515]","[4618, 510, 2, 634, 514]"
319,62,174,1122,0.0010940020295014334,0.0010940020295014334,6,"[385, 409, 448, 449, 514, 515]","[3593, 2, 12, 2, 1239, 1403]"
320,62,174,1122,0.001095072029501427,1.0699999999936455e-06,6,"[385, 409, 411, 448, 514, 515]","[6089, 150, 1, 1, 16, 3]"
321,62,174,1122,0.001095752029501423,6.799999999959616e-07,3,"[385, 409, 514]","[5996, 256, 1]"
322,62,174,1122,0.0010963820295014192,6.299999999962586e-07,2,"[385, 409]","[5918, 321]"
323,62,174,1126,0.0010997169451893328,0.0010997169451893328,5,"[384, 788, 789, 1114, 1115]","[1044, 2, 300, 3044, 1868]"
324,62,174,1126,0.001121416945189204,2.1699999999871128e-05,5,"[384, 1114, 1115, 1150, 1151]","[1036, 2656, 1354, 1196, 5]"
325,62,174,1127,0.0010968954155220166,0.0010968954155220166,5,"[384, 788, 789, 1114, 1115]","[790, 25, 5235, 114, 103]"
326,62,174,1127,0.001097505415522013,6.099999999963773e-07,4,"[384, 789, 1114, 1115]","[1215, 4055, 530, 462]"
327,62,174,1127,0.00109799541552201,4.8999999999709e-07,4,"[384, 789, 1114, 1115]","[1648, 2606, 1126, 960]"
328,62,174,1127,0.0010983954155220077,3.999999999976245e-07,4,"[384, 789, 1114, 1115]","[1902, 1275, 1611, 1345]"
329,62,174,1127,0.0010987454155220056,3.499999999979214e-07,4,"[384, 789, 1114, 1115]","[2017, 568, 2016, 1692]"
330,62,174,1127,0.0010990754155220037,3.299999999980402e-07,5,"[384, 789, 924, 1114, 1115]","[2120, 247, 1, 2070, 1961]"
331,62,174,1127,0.0010993754155220019,2.9999999999821836e-07,4,"[384, 789, 1114, 1115]","[1946, 105, 2138, 1991]"
332,62,174,1127,0.001099675415522,2.9999999999821836e-07,4,"[384, 789, 1114, 1115]","[1873, 40, 2224, 2007]"
333,62,174,1127,0.0011000054155219981,3.299999999980402e-07,4,"[384, 789, 1114, 1115]","[2013, 18, 2179, 2089]"
334,62,174,1127,0.0011003854155219959,3.7999999999774325e-07,4,"[384, 789, 1114, 1115]","[1943, 6, 2072, 2245]"
335,62,174,1127,0.0011009054155219928,5.199999999969118e-07,3,"[384, 1114, 1115]","[2053, 2009, 2152]"
336,62,174,1127,0.0011205354155218762,1.962999999988342e-05,5,"[384, 1114, 1115, 1150, 1151]","[2338, 1710, 2028, 129, 1]"
337,62,174,1128,0.0010967375189867455,0.0010967375189867455,5,"[384, 788, 789, 1114, 1115]","[372, 36, 5892, 2, 8]"
338,62,174,1128,0.0010973975189867416,6.599999999960804e-07,5,"[384, 788, 789, 1114, 1115]","[547, 5, 5574, 53, 54]"
339,62,174,1128,0.0010980575189867376,6.599999999960804e-07,4,"[384, 789, 1114, 1115]","[848, 5067, 179, 188]"
340,62,174,1128,0.001098997518986732,9.399999999944175e-07,5,"[384, 789, 924, 1114, 1115]","[1714, 3366, 2, 522, 601]"
341,62,174,1128,0.0011023075189867124,3.3099999999803426e-06,4,"[384, 789, 1114, 1115]","[2756, 602, 997, 1866]"
342,62,175,1121,0.0010957274647524276,0.0010957274647524276,4,"[385, 409, 514, 515]","[4229, 2029, 4, 1]"
343,62,175,1121,0.0010967974647524213,1.0699999999936455e-06,2,"[385, 409]","[4246, 2020]"
344,62,175,1122,0.0010954702128184695,0.0010954702128184695,4,"[385, 409, 514, 515]","[4734, 1520, 5, 3]"
345,62,175,1122,0.0010961702128184654,6.999999999958428e-07,2,"[385, 409]","[4661, 1640]"
346,62,175,1127,0.0010960739968012224,0.0010960739968012224,5,"[384, 788, 789, 1114, 1115]","[3880, 1560, 849, 10, 12]"
347,62,175,1127,0.0010967839968012182,7.099999999957834e-07,5,"[384, 788, 789, 1114, 1115]","[3425, 403, 2082, 167, 131]"
348,62,175,1127,0.001097343996801215,5.599999999966743e-07,5,"[384, 788, 789, 1114, 1115]","[2980, 59, 2213, 524, 471]"
349,62,175,1127,0.001097843996801212,4.999999999970306e-07,5,"[384, 788, 789, 1114, 1115]","[2501, 14, 1524, 1207, 988]"
350,62,175,1127,0.0010983639968012088,5.199999999969118e-07,5,"[384, 788, 789, 1114, 1115]","[2048, 4, 845, 1814, 1582]"
351,62,175,1127,0.0010989739968012052,6.099999999963773e-07,4,"[384, 789, 1114, 1115]","[1697, 299, 2258, 2002]"
352,62,175,1127,0.0011005639968011958,1.5899999999905573e-06,4,"[384, 789, 1114, 1115]","[1469, 50, 2436, 2248]"
353,62,175,1128,0.0010960859945644392,0.0010960859945644392,5,"[384, 788, 789, 1114, 1115]","[3771, 1865, 648, 1, 1]"
354,62,175,1128,0.0010970059945644337,9.199999999945363e-07,5,"[384, 788, 789, 1114, 1115]","[3450, 545, 2134, 57, 36]"
355,62,175,1128,0.0010981159945644271,1.109999999993408e-06,5,"[384, 788, 789, 1114, 1115]","[2993, 56, 2562, 344, 307]"
356,62,176,1121,0.001096295311895932,0.001096295311895932,2,"[385, 409]","[5870, 397]"
357,62,176,1122,0.0010941461628553018,0.0010941461628553018,4,"[385, 409, 462, 503]","[6269, 3, 3, 2]"
358,62,176,1122,0.001094956162855297,8.099999999951896e-07,2,"[385, 409]","[6181, 73]"
359,62,176,1122,0.0010958261628552918,8.699999999948332e-07,2,"[385, 409]","[6077, 191]"
360,62,176,1127,0.0010949285891760044,0.0010949285891760044,4,"[384, 788, 789, 961]","[5712, 542, 3, 1]"
361,62,176,1127,0.0010961185891759974,1.1899999999929328e-06,4,"[384, 788, 789, 1114]","[4552, 1598, 89, 3]"
362,62,176,1128,0.0010943734162548917,0.0010943734162548917,4,"[384, 788, 960, 961]","[6080, 175, 2, 1]"
363,62,176,1128,0.0010954034162548856,1.029999999993883e-06,3,"[384, 788, 789]","[5060, 1207, 8]"
364,62,176,1128,0.0010967534162548776,1.3499999999919826e-06,4,"[384, 788, 789, 1115]","[4414, 1662, 147, 1]"
365,62,177,1122,0.0010935185649628752,0.0010935185649628752,4,"[385, 462, 481, 503]","[6026, 33, 1, 212]"
366,62,177,1122,0.0010951985649628653,1.6799999999900228e-06,2,"[385, 462]","[6226, 2]"
367,62,177,1123,0.001091503122636256,0.001091503122636256,6,"[385, 407, 462, 463, 481, 503]","[5255, 296, 31, 1, 7, 686]"
368,62,177,1123,0.0010924231226362505,9.199999999945363e-07,4,"[385, 407, 462, 463]","[6171, 9, 102, 5]"
369,62,177,1123,0.0010932631226362455,8.399999999950114e-07,3,"[385, 462, 463]","[6125, 83, 1]"
370,62,177,1127,0.0010939777675596472,0.0010939777675596472,4,"[384, 788, 960, 961]","[6244, 1, 6, 2]"
371,62,177,1128,0.0010921733479256903,0.0010921733479256903,3,"[384, 960, 961]","[6284, 18, 1]"
372,62,177,1128,0.0010931133479256847,9.399999999944175e-07,3,"[384, 960, 961]","[6206, 12, 2]"
373,62,177,1128,0.0010943833479256772,1.2699999999924577e-06,3,"[384, 788, 960]","[6220, 6, 2]"
374,62,178,1123,0.0010884965881149187,0.0010884965881149187,4,"[385, 407, 481, 503]","[810, 54, 163, 5236]"
375,62,178,1123,0.0010901865881149087,1.6899999999899634e-06,2,"[385, 407]","[4497, 1795]"
376,62,178,1123,0.0010913365881149019,1.1499999999931704e-06,3,"[385, 407, 462]","[4808, 1414, 3]"
377,62,178,1124,0.0010890639051499224,0.0010890639051499224,4,"[385, 407, 481, 503]","[5392, 481, 9, 425]"
378,62,178,1124,0.0010898939051499175,8.299999999950708e-07,2,"[385, 407]","[4302, 1955]"
379,62,178,1124,0.0010907139051499126,8.199999999951302e-07,2,"[385, 407]","[3825, 2412]"
380,62,178,1128,0.001090190426416386,0.001090190426416386,3,"[384, 964, 965]","[6241, 6, 4]"
381,62,178,1128,0.0010911104264163805,9.199999999945363e-07,3,"[384, 960, 964]","[6251, 3, 5]"
382,62,178,1128,0.0010921604264163742,1.0499999999937643e-06,3,"[384, 960, 961]","[6251, 9, 1]"
383,62,179,1123,0.0010907944716011576,0.0010907944716011576,4,"[385, 407, 481, 503]","[4416, 730, 113, 992]"
384,62,179,1124,0.0010869553231414686,0.0010869553231414686,3,"[385, 481, 503]","[6179, 4, 79]"
385,62,179,1124,0.0010879453231414627,9.899999999941206e-07,2,"[385, 407]","[6239, 3]"
386,62,179,1124,0.0010889853231414565,1.0399999999938236e-06,2,"[385, 407]","[6185, 113]"
387,62,179,1128,0.0010881844413216483,0.0010881844413216483,1,[384],[6314]
388,62,179,1128,0.0010893144413216416,1.1299999999932892e-06,1,[384],[6224]
389,62,179,1128,0.0010910744413216312,1.7599999999895477e-06,3,"[384, 964, 965]","[6221, 5, 3]"
390,62,179,1129,0.00109116593256433,0.00109116593256433,2,"[384, 965]","[6251, 2]"
391,62,180,1124,0.0010848973520609356,0.0010848973520609356,1,[385],[6283]
392,62,180,1124,0.0010860873520609285,1.1899999999929328e-06,1,[385],[6233]
393,62,180,1124,0.0010878073520609183,1.7199999999897853e-06,1,[385],[6239]
394,62,180,1125,0.0010845094041279485,0.0010845094041279485,2,"[385, 406]","[6253, 2]"
395,62,180,1125,0.001086639404127936,2.1299999999873503e-06,1,[385],[6249]
396,62,180,1128,0.0010861786441043395,0.0010861786441043395,2,"[384, 783]","[6290, 1]"
397,62,180,1128,0.0010874886441043317,1.3099999999922202e-06,1,[384],[6249]
398,62,180,1129,0.0010866791393667526,0.0010866791393667526,1,[384],[6272]
399,62,181,1124,0.0010840528258796974,0.0010840528258796974,3,"[385, 406, 1227]","[6215, 34, 3]"
400,62,181,1125,0.0010813442242123572,0.0010813442242123572,4,"[385, 403, 406, 1227]","[5760, 3, 524, 5]"
401,62,181,1125,0.0010824042242123509,1.0599999999937049e-06,3,"[385, 406, 1227]","[6235, 1, 2]"
402,62,181,1125,0.0010834542242123446,1.0499999999937643e-06,2,"[385, 1227]","[6224, 1]"
403,62,181,1128,0.0010841152165693608,0.0010841152165693608,3,"[384, 783, 1224]","[5751, 491, 25]"
404,62,181,1128,0.0010860052165693496,1.8899999999887757e-06,1,[384],[6244]
405,62,181,1129,0.0010835761558358617,0.0010835761558358617,3,"[384, 783, 1224]","[5480, 767, 21]"
406,62,181,1129,0.0010851761558358522,1.599999999990498e-06,2,"[384, 783]","[6233, 18]"
407,62,182,1125,0.0010788042208685384,0.0010788042208685384,4,"[385, 403, 406, 474]","[4731, 1088, 464, 3]"
408,62,182,1125,0.0010796242208685335,8.199999999951302e-07,3,"[385, 403, 406]","[4499, 522, 1246]"
409,62,182,1125,0.001080394220868529,7.699999999954271e-07,3,"[385, 403, 406]","[4852, 175, 1183]"
410,62,182,1125,0.0010814842208685224,1.0899999999935267e-06,3,"[385, 403, 406]","[5796, 33, 425]"
411,62,182,1126,0.0010791648449089263,0.0010791648449089263,5,"[385, 403, 406, 468, 474]","[5095, 783, 376, 1, 6]"
412,62,182,1126,0.0010833848449089013,4.219999999974938e-06,3,"[385, 403, 406]","[5031, 176, 1032]"
413,62,182,1128,0.0010823094100433815,0.0010823094100433815,3,"[384, 783, 1224]","[4614, 1510, 142]"
414,62,182,1129,0.0010813951431783062,0.0010813951431783062,3,"[384, 783, 1224]","[5401, 776, 84]"
415,62,182,1129,0.001082265143178301,8.699999999948332e-07,3,"[384, 783, 1224]","[4712, 1562, 15]"
416,62,182,1129,0.001083285143178295,1.0199999999939424e-06,3,"[384, 783, 1224]","[5023, 1198, 1]"
417,62,183,1125,0.001077088479613146,0.001077088479613146,7,"[385, 402, 403, 468, 469, 474, 475]","[4057, 50, 2134, 3, 3, 39, 2]"
418,62,183,1125,0.0010778284796131416,7.399999999956053e-07,5,"[385, 403, 406, 468, 474]","[3088, 3202, 1, 2, 10]"
419,62,183,1125,0.001078428479613138,5.999999999964367e-07,5,"[385, 403, 406, 468, 474]","[2499, 3736, 18, 1, 2]"
420,62,183,1125,0.0010790584796131343,6.299999999962586e-07,3,"[385, 403, 406]","[2264, 3867, 87]"
421,62,183,1125,0.0010803884796131264,1.3299999999921014e-06,3,"[385, 403, 406]","[2219, 3638, 336]"
422,62,183,1126,0.0010764346985528942,0.0010764346985528942,8,"[385, 402, 403, 468, 469, 474, 475, 480]","[4611, 279, 1311, 6, 2, 44, 1, 1]"
423,62,183,1126,0.0010771746985528898,7.399999999956053e-07,7,"[385, 402, 403, 468, 469, 474, 475]","[3995, 3, 2289, 3, 1, 42, 1]"
424,62,183,1126,0.001077814698552886,6.399999999961992e-07,7,"[385, 402, 403, 468, 469, 474, 475]","[3486, 2, 2660, 9, 1, 18, 1]"
425,62,183,1126,0.0010785846985528814,7.699999999954271e-07,4,"[385, 403, 406, 474]","[3187, 3087, 15, 2]"
426,62,183,1129,0.00107947371899113,0.00107947371899113,1,[384],[6299]
427,62,183,1129,0.0010804137189911244,9.399999999944175e-07,3,"[384, 783, 1224]","[6233, 9, 3]"
428,62,183,1129,0.001081823718991116,1.4099999999916263e-06,3,"[384, 783, 1224]","[6046, 167, 6]"
429,62,184,1125,0.0010771322071829426,0.0010771322071829426,6,"[385, 402, 403, 474, 475, 480]","[3986, 1174, 1078, 25, 2, 5]"
430,62,184,1126,0.0010745606334493362,0.0010745606334493362,4,"[385, 402, 403, 480]","[3870, 2408, 5, 10]"
431,62,184,1126,0.0010751906334493324,6.299999999962586e-07,5,"[385, 402, 403, 474, 480]","[3696, 2513, 44, 3, 4]"
432,62,184,1126,0.0010758106334493288,6.199999999963179e-07,7,"[385, 402, 403, 468, 474, 475, 480]","[4203, 1872, 188, 1, 8, 1, 4]"
433,62,184,1126,0.0010766306334493239,8.199999999951302e-07,5,"[385, 402, 403, 468, 474]","[4499, 792, 895, 2, 18]"
434,62,184,1126,0.001078810633449311,2.1799999999870534e-06,7,"[385, 402, 403, 468, 469, 474, 475]","[2944, 77, 3168, 4, 2, 23, 2]"
435,62,184,1129,0.0010776979877299623,0.0010776979877299623,1,[384],[6260]
436,62,184,1129,0.0010785679877299572,8.699999999948332e-07,1,[384],[6265]
437,62,184,1129,0.0010795779877299512,1.0099999999940018e-06,1,[384],[6238]
438,62,185,1126,0.0010738593771489281,0.0010738593771489281,3,"[385, 402, 480]","[5945, 317, 1]"
439,62,185,1126,0.0010748293771489224,9.699999999942394e-07,3,"[385, 402, 480]","[4644, 1593, 5]"
440,62,185,1127,0.0010725898246028316,0.0010725898246028316,2,"[385, 402]","[6279, 3]"
441,62,185,1127,0.0010737498246028248,1.159999999993111e-06,2,"[385, 402]","[6220, 29]"
442,62,185,1129,0.0010760139481061414,0.0010760139481061414,2,"[384, 385]","[6255, 23]"
443,62,185,1129,0.0010768939481061361,8.799999999947739e-07,1,[384],[6265]
444,62,185,1129,0.0010779639481061298,1.0699999999936455e-06,1,[384],[6215]
445,62,186,1127,0.0010712101791729581,0.0010712101791729581,1,[385],[6267]
446,62,186,1127,0.0010723701791729512,1.159999999993111e-06,1,[385],[6262]
447,62,186,1128,0.001070390453653816,0.001070390453653816,1,[385],[6262]
448,62,186,1128,0.0010720004536538064,1.6099999999904385e-06,2,"[384, 385]","[6, 6233]"
449,62,186,1129,0.0010742561322943662,0.0010742561322943662,2,"[384, 385]","[5331, 963]"
450,62,186,1129,0.0010752561322943603,9.999999999940612e-07,1,[384],[6245]
451,62,186,1129,0.0010765961322943523,1.339999999992042e-06,1,[384],[6220]
452,62,186,1130,0.0010753599329841534,0.0010753599329841534,2,"[384, 415]","[6147, 127]"
453,62,187,1128,0.0010689596141333281,0.0010689596141333281,2,"[385, 511]","[6263, 3]"
454,62,187,1128,0.001069809614133323,8.49999999994952e-07,1,[385],[6278]
455,62,187,1128,0.0010726096141333065,2.7999999999833713e-06,2,"[384, 385]","[76, 6130]"
456,62,187,1129,0.0010697795333930895,0.0010697795333930895,3,"[384, 385, 511]","[38, 6215, 7]"
457,62,187,1129,0.0010727595333930719,2.9799999999823024e-06,2,"[384, 385]","[5262, 1003]"
458,62,187,1129,0.001074089533393064,1.3299999999921014e-06,1,[384],[6253]
459,62,187,1130,0.0010729787492505345,0.0010729787492505345,3,"[384, 385, 415]","[6166, 114, 2]"
460,62,188,1128,0.0010688950708507582,0.0010688950708507582,2,"[385, 511]","[6246, 17]"
461,62,188,1129,0.0010673850723263098,0.0010673850723263098,3,"[384, 385, 511]","[6, 6232, 12]"
462,62,188,1129,0.0010684450723263035,1.0599999999937049e-06,3,"[384, 385, 511]","[80, 6145, 28]"
463,62,188,1129,0.0010707350723262899,2.2899999999864e-06,3,"[384, 385, 511]","[2857, 3385, 11]"
464,62,188,1129,0.001073255072326275,2.519999999985034e-06,2,"[384, 385]","[6235, 10]"
465,62,188,1130,0.0010702568584374428,0.0010702568584374428,4,"[384, 385, 393, 511]","[4641, 1470, 152, 2]"
466,62,188,1130,0.0010714668584374356,1.209999999992814e-06,2,"[384, 385]","[6263, 1]"
467,62,189,1129,0.0010660473129799064,0.0010660473129799064,4,"[384, 385, 393, 396]","[5, 5768, 25, 509]"
468,62,189,1129,0.0010670973129799002,1.0499999999937643e-06,4,"[384, 385, 396, 511]","[85, 6075, 57, 2]"
469,62,189,1129,0.001069647312979885,2.549999999984856e-06,4,"[384, 385, 396, 511]","[2437, 3786, 4, 4]"
470,62,189,1130,0.001065250158187346,0.001065250158187346,4,"[384, 385, 393, 396]","[7, 1416, 4279, 555]"
471,62,189,1130,0.0010675401581873324,2.2899999999864e-06,5,"[384, 385, 393, 396, 778]","[1727, 4004, 1, 511, 43]"
472,62,189,1130,0.0010687701581873251,1.2299999999926953e-06,4,"[384, 385, 396, 778]","[5945, 272, 2, 7]"
473,62,189,1130,0.0010697001581873196,9.299999999944769e-07,2,"[384, 385]","[6232, 12]"
474,62,189,1130,0.0010719601581873062,2.2599999999865783e-06,1,[384],[6238]
475,62,189,1131,0.0010589805634068433,0.0010589805634068433,1,[393],[6257]
476,62,189,1131,0.0010597205634068389,7.399999999956053e-07,1,[393],[6299]
477,62,189,1131,0.0010606505634068333,9.299999999944769e-07,1,[393],[6246]
478,62,189,1131,0.0010616405634068275,9.899999999941206e-07,1,[393],[6199]
479,62,189,1131,0.0010646005634068099,2.959999999982421e-06,3,"[385, 393, 396]","[12, 6221, 17]"
480,62,189,1132,0.001061451013500022,0.001061451013500022,1,[393],[6257]
481,62,190,1129,0.0010650675337320612,0.0010650675337320612,7,"[384, 385, 393, 396, 597, 598, 778]","[18, 4235, 208, 1798, 2, 1, 2]"
482,62,190,1129,0.001066267533732054,1.1999999999928734e-06,5,"[384, 385, 396, 597, 778]","[119, 4006, 2090, 1, 23]"
483,62,190,1130,0.001062394128597352,0.001062394128597352,2,"[385, 393]","[83, 6173]"
484,62,190,1130,0.0010635641285973451,1.1699999999930516e-06,6,"[384, 385, 393, 396, 597, 598]","[8, 1278, 4889, 92, 7, 1]"
485,62,190,1130,0.0010645541285973393,9.899999999941206e-07,6,"[384, 385, 393, 396, 597, 778]","[97, 3972, 710, 1458, 10, 10]"
486,62,190,1130,0.0010651841285973355,6.299999999962586e-07,6,"[384, 385, 393, 396, 597, 778]","[363, 3266, 29, 2513, 1, 50]"
487,62,190,1130,0.001065794128597332,6.099999999963773e-07,4,"[384, 385, 396, 778]","[978, 2526, 2535, 231]"
488,62,190,1130,0.0010665341285973275,7.399999999956053e-07,4,"[384, 385, 396, 778]","[2694, 1422, 1394, 722]"
489,62,190,1130,0.001067294128597323,7.599999999954865e-07,4,"[384, 385, 396, 778]","[4738, 378, 245, 916]"
490,62,190,1130,0.0010681741285973178,8.799999999947739e-07,4,"[384, 385, 396, 778]","[5725, 59, 19, 431]"
491,62,190,1131,0.0010600066108899847,0.0010600066108899847,1,[393],[6252]
492,62,190,1131,0.0010613966108899764,1.389999999991745e-06,1,[393],[6281]
493,62,190,1131,0.0010622866108899712,8.899999999947145e-07,2,"[385, 393]","[12, 6263]"
494,62,190,1131,0.0010635566108899636,1.2699999999924577e-06,4,"[384, 385, 393, 396]","[6, 131, 6066, 6]"
495,62,190,1131,0.0010674666108899404,3.909999999976779e-06,6,"[384, 385, 393, 396, 597, 778]","[3814, 457, 680, 318, 1, 985]"
496,62,191,1130,0.0010622378694588605,0.0010622378694588605,5,"[384, 385, 393, 597, 601]","[4, 1346, 4940, 1, 2]"
497,62,191,1130,0.001062827869458857,5.899999999964961e-07,7,"[384, 385, 393, 597, 598, 601, 602]","[38, 2351, 3849, 3, 1, 2, 1]"
498,62,191,1130,0.0010633878694588537,5.599999999966743e-07,7,"[384, 385, 393, 396, 597, 601, 602]","[191, 3628, 2453, 7, 11, 3, 1]"
499,62,191,1130,0.00106400786945885,6.199999999963179e-07,7,"[384, 385, 393, 396, 597, 601, 602]","[601, 4453, 1065, 70, 16, 1, 1]"
500,62,191,1130,0.0010647378694588457,7.299999999956647e-07,7,"[384, 385, 393, 396, 597, 598, 778]","[1857, 3936, 205, 263, 14, 2, 9]"
501,62,191,1130,0.001065527869458841,7.899999999953083e-07,6,"[384, 385, 393, 396, 597, 778]","[3752, 1773, 5, 560, 5, 126]"
502,62,191,1130,0.0010664378694588356,9.099999999945957e-07,5,"[384, 385, 396, 597, 778]","[4736, 407, 370, 1, 758]"
503,62,191,1131,0.00106257190522946,0.00106257190522946,5,"[384, 385, 393, 601, 602]","[46, 870, 5363, 1, 1]"
504,62,191,1131,0.0010639519052294518,1.3799999999918044e-06,7,"[384, 385, 393, 396, 597, 598, 601]","[910, 1730, 3580, 1, 4, 2, 5]"
505,62,191,1131,0.001065591905229442,1.6399999999902604e-06,7,"[384, 385, 393, 396, 597, 598, 778]","[5265, 680, 186, 39, 2, 1, 84]"
506,62,192,1130,0.0010618317471213867,0.0010618317471213867,6,"[384, 385, 393, 601, 605, 776]","[147, 3833, 2260, 2, 6, 45]"
507,62,192,1130,0.001062471747121383,6.399999999961992e-07,6,"[384, 385, 393, 601, 605, 776]","[410, 3343, 2448, 4, 1, 21]"
508,62,192,1130,0.0010631117471213791,6.399999999961992e-07,7,"[384, 385, 393, 598, 601, 602, 776]","[973, 3407, 1856, 1, 8, 2, 10]"
509,62,192,1130,0.001063971747121374,8.599999999948926e-07,6,"[384, 385, 393, 396, 597, 598]","[2646, 2897, 731, 1, 3, 1]"
510,62,192,1130,0.0010657917471213632,1.8199999999891914e-06,6,"[384, 385, 393, 597, 598, 778]","[5213, 905, 70, 1, 1, 6]"
511,62,192,1131,0.0010617409523091192,0.0010617409523091192,5,"[384, 385, 393, 605, 776]","[428, 4162, 1619, 20, 75]"
512,62,192,1131,0.001062450952309115,7.099999999957834e-07,7,"[384, 385, 393, 601, 602, 606, 776]","[1195, 2775, 2202, 2, 1, 1, 46]"
513,62,192,1131,0.0010631609523091108,7.099999999957834e-07,6,"[384, 385, 393, 601, 602, 776]","[2603, 2059, 1596, 1, 1, 12]"
514,62,192,1131,0.0010640009523091058,8.399999999950114e-07,6,"[384, 385, 393, 601, 602, 776]","[4745, 938, 545, 1, 1, 2]"
515,62,192,1131,0.001065320952309098,1.3199999999921608e-06,4,"[384, 385, 393, 597]","[6026, 179, 29, 1]"
516,62,193,1130,0.001061440117531825,0.001061440117531825,6,"[384, 385, 393, 605, 606, 776]","[642, 4379, 107, 26, 3, 1132]"
517,62,193,1130,0.0010626701175318178,1.2299999999926953e-06,5,"[384, 385, 393, 605, 776]","[1970, 2502, 361, 5, 1378]"
518,62,193,1131,0.0010603741519438319,0.0010603741519438319,6,"[384, 385, 393, 605, 606, 776]","[773, 5103, 8, 19, 1, 354]"
519,62,193,1131,0.0010609341519438285,5.599999999966743e-07,6,"[384, 385, 393, 605, 606, 776]","[1299, 3929, 27, 22, 2, 996]"
520,62,193,1131,0.0010613841519438259,4.4999999999732754e-07,6,"[384, 385, 393, 605, 606, 776]","[1871, 3052, 52, 17, 1, 1356]"
521,62,193,1131,0.0010618041519438234,4.199999999975057e-07,6,"[384, 385, 393, 605, 606, 776]","[2422, 2213, 113, 16, 2, 1441]"
522,62,193,1131,0.0010622641519438206,4.5999999999726815e-07,5,"[384, 385, 393, 605, 776]","[3218, 1608, 132, 6, 1286]"
523,62,193,1131,0.001062884151943817,6.199999999963179e-07,5,"[384, 385, 393, 605, 776]","[4332, 870, 145, 4, 829]"
524,62,193,1131,0.001064554151943807,1.6699999999900822e-06,5,"[384, 385, 393, 601, 776]","[5593, 316, 82, 1, 248]"
525,62,194,1130,0.0010621261625695952,0.0010621261625695952,5,"[384, 385, 393, 605, 776]","[1835, 2756, 1, 5, 1657]"
526,62,194,1131,0.001059192075686139,0.001059192075686139,4,"[384, 385, 605, 776]","[1612, 4691, 1, 7]"
527,62,194,1131,0.0010597420756861358,5.499999999967337e-07,4,"[384, 385, 605, 776]","[2033, 4213, 1, 55]"
528,62,194,1131,0.001060202075686133,4.5999999999726815e-07,3,"[384, 385, 776]","[2499, 3607, 148]"
529,62,194,1131,0.0010606220756861305,4.199999999975057e-07,4,"[384, 385, 605, 776]","[2919, 2769, 3, 470]"
530,62,194,1131,0.0010610920756861277,4.6999999999720876e-07,4,"[384, 385, 605, 776]","[3307, 1957, 2, 978]"
531,62,194,1131,0.0010616620756861244,5.699999999966149e-07,5,"[384, 385, 605, 606, 776]","[3509, 1119, 2, 2, 1688]"
532,62,194,1131,0.0010628620756861172,1.1999999999928734e-06,5,"[384, 385, 393, 605, 776]","[3486, 371, 1, 3, 2302]"
533,62,194,1132,0.0010607371190658218,0.0010607371190658218,3,"[384, 385, 776]","[2936, 3259, 64]"
534,62,195,1131,0.0010579543462444247,0.0010579543462444247,2,"[384, 385]","[2581, 3679]"
535,62,195,1131,0.0010585543462444211,5.999999999964367e-07,2,"[384, 385]","[2837, 3498]"
536,62,195,1131,0.0010590443462444182,4.8999999999709e-07,2,"[384, 385]","[2941, 3255]"
537,62,195,1131,0.001059574346244415,5.299999999968524e-07,4,"[384, 385, 776, 1265]","[3313, 2968, 1, 1]"
538,62,195,1131,0.00106043434624441,8.599999999948926e-07,3,"[384, 385, 776]","[3856, 2315, 10]"
539,62,195,1132,0.001058326917991604,0.001058326917991604,2,"[384, 385]","[2820, 3454]"
540,62,195,1132,0.0010594169179915975,1.0899999999935267e-06,2,"[384, 385]","[3336, 2917]"
541,62,196,1131,0.0010566481046955483,0.0010566481046955483,5,"[384, 385, 389, 766, 770]","[2923, 3160, 118, 75, 7]"
542,62,196,1131,0.0010573481046955442,6.999999999958428e-07,5,"[384, 385, 389, 766, 767]","[3076, 3220, 7, 11, 1]"
543,62,196,1131,0.0010579681046955405,6.199999999963179e-07,3,"[384, 385, 389]","[3232, 2935, 2]"
544,62,196,1131,0.0010589181046955348,9.499999999943581e-07,5,"[384, 385, 389, 766, 1265]","[3456, 2792, 1, 1, 14]"
545,62,196,1132,0.001056468815332698,0.001056468815332698,6,"[384, 385, 389, 766, 767, 770]","[2917, 3098, 88, 148, 1, 18]"
546,62,196,1132,0.0010571888153326936,7.199999999957241e-07,5,"[384, 385, 389, 766, 770]","[3096, 3140, 14, 24, 1]"
547,62,196,1132,0.0010578888153326895,6.999999999958428e-07,4,"[384, 385, 389, 766]","[3338, 2875, 3, 7]"
548,62,196,1132,0.0010595988153326793,1.7099999999898446e-06,3,"[384, 385, 1265]","[3681, 2515, 36]"
549,62,197,1131,0.0010551348534432608,0.0010551348534432608,6,"[384, 385, 389, 766, 770, 1264]","[2138, 1716, 2344, 72, 13, 8]"
550,62,197,1131,0.0010557248534432573,5.899999999964961e-07,7,"[384, 385, 389, 766, 767, 770, 1264]","[1797, 1666, 2665, 97, 3, 24, 1]"
551,62,197,1131,0.001056294853443254,5.699999999966149e-07,6,"[384, 385, 389, 766, 770, 771]","[2069, 1919, 2110, 155, 17, 1]"
552,62,197,1131,0.0010571548534432488,8.599999999948926e-07,6,"[384, 385, 389, 766, 770, 771]","[2474, 2267, 1336, 129, 16, 1]"
553,62,197,1132,0.0010547073012980765,0.0010547073012980765,7,"[384, 385, 389, 766, 767, 770, 1264]","[2961, 2457, 857, 29, 1, 9, 18]"
554,62,197,1132,0.0010552173012980735,5.099999999969712e-07,7,"[384, 385, 389, 766, 770, 771, 1264]","[2507, 2336, 1292, 67, 28, 1, 6]"
555,62,197,1132,0.001055627301298071,4.099999999975651e-07,8,"[384, 385, 389, 766, 767, 770, 771, 1264]","[2527, 2230, 1323, 114, 1, 24, 4, 2]"
556,62,197,1132,0.0010560173012980688,3.8999999999768387e-07,8,"[384, 385, 389, 766, 767, 770, 771, 1264]","[2511, 2269, 1258, 146, 2, 24, 3, 1]"
557,62,197,1132,0.001056487301298066,4.6999999999720876e-07,5,"[384, 385, 389, 766, 770]","[2687, 2400, 1022, 166, 28]"
558,62,197,1132,0.0010572573012980614,7.699999999954271e-07,7,"[384, 385, 389, 766, 767, 770, 771]","[2875, 2535, 631, 139, 1, 16, 1]"
559,62,198,1131,0.0010544716746264632,0.0010544716746264632,6,"[384, 385, 389, 766, 770, 1264]","[2846, 2583, 814, 1, 1, 9]"
560,62,198,1131,0.0010553116746264582,8.399999999950114e-07,6,"[384, 385, 389, 766, 770, 1264]","[1555, 1692, 3064, 5, 4, 6]"
561,62,198,1131,0.001056181674626453,8.699999999948332e-07,6,"[384, 385, 389, 766, 770, 1264]","[920, 987, 4249, 19, 6, 1]"
562,62,198,1132,0.001053202727391006,0.001053202727391006,4,"[384, 385, 389, 1264]","[3455, 2869, 5, 1]"
563,62,198,1132,0.0010537527273910027,5.499999999967337e-07,4,"[384, 385, 389, 1264]","[3167, 3005, 80, 4]"
564,62,198,1132,0.0010541827273910002,4.299999999974463e-07,6,"[384, 385, 389, 766, 770, 1264]","[2902, 3137, 238, 1, 1, 16]"
565,62,198,1132,0.0010545727273909978,3.8999999999768387e-07,6,"[384, 385, 389, 766, 770, 1264]","[2665, 2968, 509, 1, 2, 7]"
566,62,198,1132,0.0010549727273909955,3.999999999976245e-07,6,"[384, 385, 389, 766, 770, 1264]","[2510, 2839, 917, 8, 7, 17]"
567,62,198,1132,0.0010554227273909928,4.4999999999732754e-07,6,"[384, 385, 389, 766, 770, 1264]","[2041, 2505, 1666, 7, 11, 9]"
568,62,198,1132,0.0010560827273909889,6.599999999960804e-07,6,"[384, 385, 389, 766, 770, 1264]","[1711, 1999, 2423, 23, 21, 5]"
569,62,199,1132,0.0010516670934504898,0.0010516670934504898,2,"[384, 385]","[3458, 2810]"
570,62,199,1132,0.0010522370934504864,5.699999999966149e-07,2,"[384, 385]","[3278, 3025]"
571,62,199,1132,0.0010526670934504839,4.299999999974463e-07,2,"[384, 385]","[3140, 3059]"
572,62,199,1132,0.0010530870934504814,4.199999999975057e-07,2,"[384, 385]","[3086, 3216]"
573,62,199,1132,0.0010535870934504784,4.999999999970306e-07,3,"[384, 385, 1264]","[2950, 3289, 1]"
574,62,199,1132,0.0010543870934504737,7.99999999995249e-07,4,"[384, 385, 389, 1264]","[2732, 3463, 16, 1]"
575,62,199,1133,0.0010533948191197285,0.0010533948191197285,2,"[384, 385]","[3133, 3124]"
576,62,200,1132,0.0010502150260080542,0.0010502150260080542,2,"[384, 385]","[3306, 3026]"
577,62,200,1132,0.0010507950260080507,5.799999999965555e-07,2,"[384, 385]","[3281, 3004]"
578,62,200,1132,0.001051255026008048,4.5999999999726815e-07,2,"[384, 385]","[3233, 3031]"
579,62,200,1132,0.0010517250260080452,4.6999999999720876e-07,2,"[384, 385]","[3065, 3054]"
580,62,200,1132,0.0010523450260080415,6.199999999963179e-07,2,"[384, 385]","[3069, 3248]"
581,62,200,1133,0.001050650435241007,0.001050650435241007,2,"[384, 385]","[3262, 3044]"
582,62,200,1133,0.0010518204352410001,1.1699999999930516e-06,2,"[384, 385]","[3080, 3142]"
583,62,201,1132,0.00104960598754726,0.00104960598754726,2,"[384, 385]","[3247, 3034]"
584,62,201,1132,0.0010503459875472556,7.399999999956053e-07,2,"[384, 385]","[3297, 2974]"
585,62,201,1132,0.0010514259875472492,1.079999999993586e-06,2,"[384, 385]","[3188, 3019]"
586,62,201,1133,0.00104974194079261,0.00104974194079261,2,"[384, 385]","[3304, 3006]"
587,62,201,1133,0.0010507819407926037,1.0399999999938236e-06,2,"[384, 385]","[3146, 3056]"
588,62,286,1164,0.0009104788856201516,0.0009104788856201516,1,[1],[6252]
589,62,286,1165,0.0009098586131112342,0.0009098586131112342,1,[1],[6255]
590,62,286,1166,0.0009095568818361223,0.0009095568818361223,1,[1],[6296]
591,62,286,1167,0.0009094172314533756,0.0009094172314533756,1,[1],[6253]
592,62,286,1168,0.0009093863975793457,0.0009093863975793457,1,[1],[6275]
593,62,286,1169,0.0009094314835368924,0.0009094314835368924,1,[1],[6296]
594,62,286,1170,0.0009095255557415375,0.0009095255557415375,1,[1],[6270]
595,62,286,1171,0.0009101434823428847,0.0009101434823428847,1,[1],[6257]
596,62,287,1154,0.0009089116236079733,0.0009089116236079733,2,"[1, 5]","[5522, 734]"
597,62,287,1154,0.0009095116236079762,6.000000000029419e-07,2,"[1, 5]","[5930, 316]"
598,62,287,1155,0.0009088818865373468,0.0009088818865373468,2,"[1, 5]","[6308, 24]"
599,62,287,1155,0.0009093518865373491,4.700000000023045e-07,2,"[1, 5]","[6171, 11]"
600,62,287,1155,0.0009098518865373516,5.000000000024516e-07,2,"[1, 5]","[6284, 10]"
601,62,287,1156,0.0009090797644585606,0.0009090797644585606,1,[1],[6264]
602,62,287,1156,0.000909559764458563,4.800000000023535e-07,1,[1],[6304]
603,62,287,1156,0.0009100597644585654,5.000000000024516e-07,1,[1],[6201]
604,62,287,1157,0.0009091367779502096,0.0009091367779502096,1,[1],[6273]
605,62,287,1157,0.0009095767779502118,4.400000000021574e-07,1,[1],[6335]
606,62,287,1157,0.0009099767779502137,4.000000000019613e-07,1,[1],[6166]
607,62,287,1157,0.000910646777950217,6.700000000032852e-07,1,[1],[6261]
608,62,287,1158,0.0009090824632242807,0.0009090824632242807,1,[1],[6356]
609,62,287,1158,0.0009094724632242826,3.9000000000191225e-07,1,[1],[6347]
610,62,287,1158,0.0009098024632242843,3.3000000000161806e-07,1,[1],[6144]
611,62,287,1158,0.0009101824632242861,3.800000000018632e-07,1,[1],[6247]
612,62,287,1158,0.00091096246322429,7.800000000038245e-07,1,[1],[6163]
613,62,287,1159,0.0009089906391307813,0.0009089906391307813,1,[1],[6386]
614,62,287,1159,0.0009093506391307831,3.6000000000176516e-07,1,[1],[6229]
615,62,287,1159,0.0009096506391307846,3.0000000000147097e-07,1,[1],[6335]
616,62,287,1159,0.000909940639130786,2.9000000000142193e-07,1,[1],[6235]
617,62,287,1159,0.0009103206391307878,3.800000000018632e-07,1,[1],[6144]
618,62,287,1160,0.0009088389591950844,0.0009088389591950844,1,[1],[6256]
619,62,287,1160,0.0009091989591950862,3.6000000000176516e-07,1,[1],[6414]
620,62,287,1160,0.0009094689591950875,2.7000000000132387e-07,1,[1],[6181]
621,62,287,1160,0.0009097189591950887,2.500000000012258e-07,1,[1],[6202]
622,62,287,1160,0.0009100089591950901,2.9000000000142193e-07,1,[1],[6358]
623,62,287,1160,0.0009104089591950921,4.000000000019613e-07,1,[1],[6129]
624,62,287,1161,0.0009087064293101749,0.0009087064293101749,1,[1],[6320]
625,62,287,1161,0.0009090564293101766,3.500000000017161e-07,1,[1],[6276]
626,62,287,1161,0.0009093164293101779,2.6000000000127484e-07,1,[1],[6334]
627,62,287,1161,0.000909556429310179,2.4000000000117677e-07,1,[1],[6176]
628,62,287,1161,0.0009098164293101803,2.6000000000127484e-07,1,[1],[6146]
629,62,287,1161,0.000910166429310182,3.500000000017161e-07,1,[1],[6365]
630,62,287,1162,0.000908617783442954,0.000908617783442954,1,[1],[6383]
631,62,287,1162,0.0009089477834429556,3.3000000000161806e-07,1,[1],[6307]
632,62,287,1162,0.0009091977834429568,2.500000000012258e-07,1,[1],[6085]
633,62,287,1162,0.000909437783442958,2.4000000000117677e-07,1,[1],[6389]
634,62,287,1162,0.0009096777834429592,2.4000000000117677e-07,1,[1],[6155]
635,62,287,1162,0.0009099877834429607,3.1000000000152e-07,1,[1],[6289]
636,62,287,1162,0.0009105877834429636,6.000000000029419e-07,1,[1],[6150]
637,62,287,1163,0.0009085713784950983,0.0009085713784950983,1,[1],[6376]
638,62,287,1163,0.0009089013784950999,3.3000000000161806e-07,1,[1],[6277]
639,62,287,1163,0.0009091513784951011,2.500000000012258e-07,1,[1],[6219]
640,62,287,1163,0.0009093813784951022,2.3000000000112774e-07,1,[1],[6311]
641,62,287,1163,0.0009096213784951034,2.4000000000117677e-07,1,[1],[6090]
642,62,287,1163,0.0009099113784951048,2.9000000000142193e-07,1,[1],[6247]
643,62,287,1163,0.0009104413784951074,5.300000000025987e-07,1,[1],[6284]
644,62,287,1164,0.0009085694110202164,0.0009085694110202164,1,[1],[6335]
645,62,287,1164,0.000908909411020218,3.400000000016671e-07,1,[1],[6338]
646,62,287,1164,0.0009091694110202193,2.6000000000127484e-07,1,[1],[6224]
647,62,287,1164,0.0009094194110202205,2.500000000012258e-07,1,[1],[6326]
648,62,287,1164,0.0009096794110202218,2.6000000000127484e-07,1,[1],[6136]
649,62,287,1164,0.0009100294110202235,3.500000000017161e-07,1,[1],[6249]
650,62,287,1165,0.0009085429997100675,0.0009085429997100675,1,[1],[6343]
651,62,287,1165,0.0009088929997100692,3.500000000017161e-07,1,[1],[6237]
652,62,287,1165,0.0009091629997100705,2.7000000000132387e-07,1,[1],[6239]
653,62,287,1165,0.0009094229997100718,2.6000000000127484e-07,1,[1],[6373]
654,62,287,1165,0.0009097229997100733,3.0000000000147097e-07,1,[1],[6191]
655,62,287,1165,0.0009101729997100755,4.5000000000220645e-07,1,[1],[6158]
656,62,287,1166,0.0009084675436741781,0.0009084675436741781,1,[1],[6345]
657,62,287,1166,0.0009088175436741798,3.500000000017161e-07,1,[1],[6254]
658,62,287,1166,0.0009090875436741811,2.7000000000132387e-07,1,[1],[6152]
659,62,287,1166,0.0009093575436741825,2.7000000000132387e-07,1,[1],[6280]
660,62,287,1166,0.0009096875436741841,3.3000000000161806e-07,1,[1],[6362]
661,62,287,1166,0.0009102175436741867,5.300000000025987e-07,1,[1],[6195]
662,62,287,1167,0.0009084122969185666,0.0009084122969185666,1,[1],[6350]
663,62,287,1167,0.0009087622969185683,3.500000000017161e-07,1,[1],[6321]
664,62,287,1167,0.0009090422969185697,2.800000000013729e-07,1,[1],[6297]
665,62,287,1167,0.000909302296918571,2.6000000000127484e-07,1,[1],[6057]
666,62,287,1167,0.0009096122969185725,3.1000000000152e-07,1,[1],[6300]
667,62,287,1167,0.0009101022969185749,4.900000000024026e-07,1,[1],[6193]
668,62,287,1168,0.0009083741923931407,0.0009083741923931407,1,[1],[6370]
669,62,287,1168,0.0009087141923931424,3.400000000016671e-07,1,[1],[6135]
670,62,287,1168,0.0009089941923931437,2.800000000013729e-07,1,[1],[6287]
671,62,287,1168,0.000909264192393145,2.7000000000132387e-07,1,[1],[6252]
672,62,287,1168,0.0009095841923931466,3.2000000000156903e-07,1,[1],[6318]
673,62,287,1168,0.0009101041923931492,5.200000000025497e-07,1,[1],[6211]
674,62,287,1169,0.0009083463269002282,0.0009083463269002282,1,[1],[6312]
675,62,287,1169,0.00090870632690023,3.6000000000176516e-07,1,[1],[6334]
676,62,287,1169,0.0009089863269002314,2.800000000013729e-07,1,[1],[6176]
677,62,287,1169,0.0009092663269002327,2.800000000013729e-07,1,[1],[6278]
678,62,287,1169,0.0009095963269002343,3.3000000000161806e-07,1,[1],[6291]
679,62,287,1169,0.0009102363269002375,6.400000000031381e-07,1,[1],[6126]
680,62,287,1170,0.0009083073792746676,0.0009083073792746676,1,[1],[6376]
681,62,287,1170,0.0009086573792746693,3.500000000017161e-07,1,[1],[6276]
682,62,287,1170,0.0009089373792746707,2.800000000013729e-07,1,[1],[6166]
683,62,287,1170,0.000909207379274672,2.7000000000132387e-07,1,[1],[6237]
684,62,287,1170,0.0009095273792746736,3.2000000000156903e-07,1,[1],[6324]
685,62,287,1170,0.0009100873792746763,5.600000000027458e-07,1,[1],[6177]
686,62,287,1171,0.0009082521350158506,0.0009082521350158506,1,[1],[6282]
687,62,287,1171,0.0009086121350158524,3.6000000000176516e-07,1,[1],[6320]
688,62,287,1171,0.0009088921350158538,2.800000000013729e-07,1,[1],[6152]
689,62,287,1171,0.0009091921350158552,3.0000000000147097e-07,1,[1],[6416]
690,62,287,1171,0.000909542135015857,3.500000000017161e-07,1,[1],[6161]
691,62,287,1171,0.000910372135015861,8.300000000040697e-07,1,[1],[6179]
692,62,287,1172,0.00090818691542353,0.00090818691542353,1,[1],[6274]
693,62,287,1172,0.0009085469154235318,3.6000000000176516e-07,1,[1],[6345]
694,62,287,1172,0.0009088269154235331,2.800000000013729e-07,1,[1],[6307]
695,62,287,1172,0.0009091069154235345,2.800000000013729e-07,1,[1],[6210]
696,62,287,1172,0.0009094469154235362,3.400000000016671e-07,1,[1],[6274]
697,62,287,1172,0.0009101269154235395,6.800000000033342e-07,1,[1],[6109]
698,62,287,1173,0.0009081677951096229,0.0009081677951096229,1,[1],[6298]
699,62,287,1173,0.0009085277951096246,3.6000000000176516e-07,1,[1],[6249]
700,62,287,1173,0.0009088177951096261,2.9000000000142193e-07,1,[1],[6351]
701,62,287,1173,0.0009090977951096274,2.800000000013729e-07,1,[1],[6130]
702,62,287,1173,0.0009094477951096291,3.500000000017161e-07,1,[1],[6276]
703,62,287,1173,0.0009102977951096333,8.500000000041677e-07,1,[1],[6204]
704,62,287,1174,0.0009082109718256611,0.0009082109718256611,1,[1],[6318]
705,62,287,1174,0.0009085809718256629,3.700000000018142e-07,1,[1],[6374]
706,62,287,1174,0.0009088709718256643,2.9000000000142193e-07,1,[1],[6245]
707,62,287,1174,0.0009091609718256657,2.9000000000142193e-07,1,[1],[6224]
708,62,287,1174,0.0009095409718256676,3.800000000018632e-07,1,[1],[6207]
709,62,287,1175,0.00090831340411424,0.00090831340411424,1,[1],[6257]
710,62,287,1175,0.0009087034041142419,3.9000000000191225e-07,1,[1],[6249]
711,62,287,1175,0.0009090334041142435,3.3000000000161806e-07,1,[1],[6347]
712,62,287,1175,0.0009093734041142452,3.400000000016671e-07,1,[1],[6214]
713,62,287,1175,0.000909943404114248,5.700000000027948e-07,1,[1],[6220]
714,62,287,1176,0.0009084717962298246,0.0009084717962298246,2,"[1, 3]","[6263, 103]"
715,62,287,1176,0.0009088617962298265,3.9000000000191225e-07,2,"[1, 3]","[6147, 72]"
716,62,287,1176,0.0009092117962298282,3.500000000017161e-07,2,"[1, 3]","[6171, 92]"
717,62,287,1176,0.0009096117962298302,4.000000000019613e-07,2,"[1, 3]","[6191, 79]"
718,62,287,1177,0.0009085834266803961,0.0009085834266803961,2,"[1, 3]","[5571, 723]"
719,62,287,1177,0.0009089934266803981,4.100000000020103e-07,2,"[1, 3]","[5557, 679]"
720,62,287,1177,0.0009093534266803999,3.6000000000176516e-07,2,"[1, 3]","[5597, 698]"
721,62,287,1177,0.000909793426680402,4.400000000021574e-07,2,"[1, 3]","[5551, 666]"
722,62,287,1178,0.000908872943119334,0.000908872943119334,2,"[1, 3]","[6199, 135]"
723,62,287,1178,0.0009093429431193363,4.700000000023045e-07,2,"[1, 3]","[6109, 107]"
724,62,287,1178,0.0009098429431193387,5.000000000024516e-07,2,"[1, 3]","[6130, 80]"
725,62,287,1179,0.0009091594852730183,0.0009091594852730183,1,[1],[6291]
726,62,287,1179,0.000909719485273021,5.600000000027458e-07,1,[1],[6267]
727,62,287,1179,0.0009107494852730261,1.0300000000050503e-06,1,[1],[6213]
728,62,287,1180,0.0009094465272472305,0.0009094465272472305,2,"[1, 2]","[6303, 4]"
729,62,287,1180,0.000910146527247234,7.000000000034323e-07,2,"[1, 2]","[6244, 4]"
730,62,287,1181,0.000909752091493501,0.000909752091493501,2,"[1, 2]","[5942, 361]"
731,62,287,1181,0.0009107520914935059,1.0000000000049032e-06,3,"[1, 2, 1382]","[5731, 473, 1]"
732,62,287,1182,0.0009101111314470604,0.0009101111314470604,4,"[1, 2, 1381, 1382]","[5669, 634, 1, 3]"
733,62,287,1183,0.0009106629916493629,0.0009106629916493629,2,"[1, 2]","[6252, 14]"
734,62,288,1153,0.0009088337875884626,0.0009088337875884626,2,"[1, 5]","[1797, 4463]"
735,62,288,1154,0.0009074066731555902,0.0009074066731555902,2,"[1, 5]","[180, 6071]"
736,62,288,1154,0.0009080866731555936,6.800000000033342e-07,2,"[1, 5]","[2364, 4011]"
737,62,288,1154,0.0009084366731555953,3.500000000017161e-07,2,"[1, 5]","[4098, 2168]"
738,62,288,1154,0.0009086766731555964,2.4000000000117677e-07,2,"[1, 5]","[4719, 1491]"
739,62,288,1154,0.0009088766731555974,2.0000000000098064e-07,2,"[1, 5]","[5125, 1110]"
740,62,288,1154,0.0009090566731555983,1.8000000000088258e-07,2,"[1, 5]","[5451, 784]"
741,62,288,1154,0.0009092266731555991,1.7000000000083355e-07,2,"[1, 5]","[5515, 714]"
742,62,288,1154,0.0009094066731556,1.8000000000088258e-07,2,"[1, 5]","[5752, 584]"
743,62,288,1154,0.000909606673155601,2.0000000000098064e-07,2,"[1, 5]","[5869, 506]"
744,62,288,1154,0.0009098366731556021,2.3000000000112774e-07,2,"[1, 5]","[5702, 441]"
745,62,288,1154,0.0009101966731556039,3.6000000000176516e-07,2,"[1, 5]","[5785, 354]"
746,62,288,1155,0.0009084251924878113,0.0009084251924878113,2,"[1, 5]","[5764, 549]"
747,62,288,1155,0.0009087351924878128,3.1000000000152e-07,2,"[1, 5]","[6155, 87]"
748,62,288,1155,0.000908965192487814,2.3000000000112774e-07,2,"[1, 5]","[6162, 39]"
749,62,288,1155,0.0009091551924878149,1.900000000009316e-07,2,"[1, 5]","[6349, 29]"
750,62,288,1155,0.0009093351924878158,1.8000000000088258e-07,2,"[1, 5]","[6371, 28]"
751,62,288,1155,0.0009095151924878167,1.8000000000088258e-07,2,"[1, 5]","[6139, 26]"
752,62,288,1155,0.0009097051924878176,1.900000000009316e-07,2,"[1, 5]","[6046, 18]"
753,62,288,1155,0.0009099451924878188,2.4000000000117677e-07,2,"[1, 5]","[6241, 12]"
754,62,288,1155,0.0009103151924878206,3.700000000018142e-07,2,"[1, 5]","[6336, 9]"
755,62,288,1156,0.000908707014067911,0.000908707014067911,1,[1],[6320]
756,62,288,1156,0.0009090270140679126,3.2000000000156903e-07,1,[1],[6282]
757,62,288,1156,0.0009092670140679138,2.4000000000117677e-07,1,[1],[6315]
758,62,288,1156,0.0009094770140679148,2.1000000000102968e-07,1,[1],[6267]
759,62,288,1156,0.0009096870140679158,2.1000000000102968e-07,1,[1],[6315]
760,62,288,1156,0.0009099070140679169,2.200000000010787e-07,1,[1],[6061]
761,62,288,1156,0.0009101970140679183,2.9000000000142193e-07,1,[1],[6370]
762,62,288,1156,0.0009107270140679209,5.300000000025987e-07,1,[1],[6097]
763,62,288,1157,0.0009088963975500118,0.0009088963975500118,1,[1],[6265]
764,62,288,1157,0.0009092363975500134,3.400000000016671e-07,1,[1],[6318]
765,62,288,1157,0.0009094963975500147,2.6000000000127484e-07,1,[1],[6305]
766,62,288,1157,0.0009097363975500159,2.4000000000117677e-07,1,[1],[6332]
767,62,288,1157,0.0009099863975500171,2.500000000012258e-07,1,[1],[6066]
768,62,288,1157,0.0009103063975500187,3.2000000000156903e-07,1,[1],[6238]
769,62,288,1157,0.0009110963975500225,7.900000000038735e-07,1,[1],[6244]
770,62,288,1158,0.0009090378355525782,0.0009090378355525782,1,[1],[6334]
771,62,288,1158,0.00090940783555258,3.700000000018142e-07,1,[1],[6196]
772,62,288,1158,0.0009097178355525815,3.1000000000152e-07,1,[1],[6297]
773,62,288,1158,0.0009100378355525831,3.2000000000156903e-07,1,[1],[6240]
774,62,288,1158,0.0009104878355525853,4.5000000000220645e-07,1,[1],[6215]
775,62,288,1159,0.0009091400367279694,0.0009091400367279694,1,[1],[6286]
776,62,288,1159,0.0009095900367279716,4.5000000000220645e-07,1,[1],[6290]
777,62,288,1159,0.0009100000367279736,4.100000000020103e-07,1,[1],[6184]
778,62,288,1159,0.0009107100367279771,7.100000000034813e-07,1,[1],[6265]
779,62,288,1160,0.0009092378305788207,0.0009092378305788207,1,[1],[6333]
780,62,288,1160,0.0009097878305788234,5.500000000026968e-07,1,[1],[6191]
781,62,288,1160,0.0009106578305788277,8.700000000042658e-07,1,[1],[6244]
782,62,288,1161,0.0009093332958568954,0.0009093332958568954,1,[1],[6252]
783,62,288,1161,0.0009102232958568998,8.900000000043639e-07,1,[1],[6262]
784,62,288,1162,0.0009095885029945551,0.0009095885029945551,1,[1],[6270]
785,62,288,1163,0.0009103949180441363,0.0009103949180441363,1,[1],[6261]
786,62,288,1174,0.0009092863383135217,0.0009092863383135217,1,[1],[6262]
787,62,288,1175,0.0009090558886875656,0.0009090558886875656,1,[1],[6262]
788,62,288,1176,0.0009089331665169504,0.0009089331665169504,2,"[1, 3]","[6180, 112]"
789,62,288,1176,0.000909863166516955,9.3000000000456e-07,2,"[1, 3]","[6072, 142]"
790,62,288,1177,0.0009088456724696385,0.0009088456724696385,2,"[1, 3]","[5534, 737]"
791,62,288,1177,0.0009094256724696413,5.800000000028439e-07,2,"[1, 3]","[5541, 741]"
792,62,288,1177,0.0009107456724696478,1.3200000000064722e-06,2,"[1, 3]","[5523, 676]"
793,62,288,1178,0.0009089647882246568,0.0009089647882246568,2,"[1, 3]","[6244, 109]"
794,62,288,1178,0.0009095147882246595,5.500000000026968e-07,2,"[1, 3]","[6158, 86]"
795,62,288,1178,0.0009103447882246636,8.300000000040697e-07,2,"[1, 3]","[6134, 46]"
796,62,288,1179,0.0009090877153631857,0.0009090877153631857,1,[1],[6310]
797,62,288,1179,0.0009095877153631882,5.000000000024516e-07,1,[1],[6249]
798,62,288,1179,0.000910167715363191,5.800000000028439e-07,1,[1],[6210]
799,62,288,1180,0.0009091704340696259,0.0009091704340696259,2,"[1, 2]","[6355, 4]"
800,62,288,1180,0.0009096204340696281,4.5000000000220645e-07,2,"[1, 2]","[6223, 8]"
801,62,288,1180,0.0009100504340696302,4.300000000021084e-07,2,"[1, 2]","[6170, 1]"
802,62,288,1180,0.0009108604340696342,8.100000000039716e-07,2,"[1, 2]","[6233, 13]"
803,62,288,1181,0.0009092668910781542,0.0009092668910781542,4,"[1, 2, 1381, 1382]","[5936, 389, 1, 1]"
804,62,288,1181,0.0009096668910781562,4.000000000019613e-07,2,"[1, 2]","[5720, 495]"
805,62,288,1181,0.0009100168910781579,3.500000000017161e-07,4,"[1, 2, 1381, 1382]","[5812, 552, 1, 1]"
806,62,288,1181,0.0009104068910781598,3.9000000000191225e-07,3,"[1, 2, 1381]","[5643, 582, 1]"
807,62,288,1181,0.0009115368910781654,1.1300000000055406e-06,3,"[1, 2, 1382]","[5490, 628, 3]"
808,62,288,1182,0.0009093717984168311,0.0009093717984168311,2,"[1, 2]","[5691, 618]"
809,62,288,1182,0.000909751798416833,3.800000000018632e-07,2,"[1, 2]","[5681, 579]"
810,62,288,1182,0.0009100817984168346,3.3000000000161806e-07,4,"[1, 2, 1381, 1382]","[5767, 582, 1, 2]"
811,62,288,1182,0.0009104217984168362,3.400000000016671e-07,3,"[1, 2, 1381]","[5588, 528, 2]"
812,62,288,1182,0.000910991798416839,5.700000000027948e-07,3,"[1, 2, 1381]","[5747, 513, 1]"
813,62,288,1183,0.000909487397971616,0.000909487397971616,2,"[1, 2]","[6374, 7]"
814,62,288,1183,0.0009098673979716179,3.800000000018632e-07,2,"[1, 2]","[6161, 10]"
815,62,288,1183,0.0009101973979716195,3.3000000000161806e-07,2,"[1, 2]","[6306, 5]"
816,62,288,1183,0.0009105673979716213,3.700000000018142e-07,2,"[1, 2]","[6197, 5]"
817,62,288,1183,0.0009112473979716246,6.800000000033342e-07,2,"[1, 2]","[6202, 3]"
818,62,288,1184,0.0009095645145567512,0.0009095645145567512,1,[1],[6330]
819,62,288,1184,0.0009099545145567531,3.9000000000191225e-07,1,[1],[6326]
820,62,288,1184,0.0009102845145567548,3.3000000000161806e-07,1,[1],[6209]
821,62,288,1184,0.0009106445145567565,3.6000000000176516e-07,1,[1],[6218]
822,62,288,1184,0.0009112945145567597,6.500000000031871e-07,1,[1],[6216]
823,62,288,1185,0.0009096216006717891,0.0009096216006717891,1,[1],[6392]
824,62,288,1185,0.000910001600671791,3.800000000018632e-07,1,[1],[6173]
825,62,288,1185,0.0009103416006717926,3.400000000016671e-07,1,[1],[6294]
826,62,288,1185,0.0009107016006717944,3.6000000000176516e-07,1,[1],[6159]
827,62,288,1185,0.000911431600671798,7.300000000035793e-07,1,[1],[6238]
828,62,288,1186,0.0009096153143130008,0.0009096153143130008,1,[1],[6268]
829,62,288,1186,0.0009099953143130026,3.800000000018632e-07,1,[1],[6233]
830,62,288,1186,0.0009103253143130042,3.3000000000161806e-07,1,[1],[6307]
831,62,288,1186,0.000910675314313006,3.500000000017161e-07,1,[1],[6192]
832,62,288,1186,0.0009112753143130089,6.000000000029419e-07,1,[1],[6279]
833,62,288,1187,0.0009096126470710665,0.0009096126470710665,1,[1],[6321]
834,62,288,1187,0.0009100026470710684,3.9000000000191225e-07,1,[1],[6290]
835,62,288,1187,0.00091033264707107,3.3000000000161806e-07,1,[1],[6248]
836,62,288,1187,0.0009107026470710719,3.700000000018142e-07,1,[1],[6259]
837,62,288,1187,0.0009113626470710751,6.600000000032361e-07,1,[1],[6141]
838,62,288,1188,0.0009099933812567962,0.0009099933812567962,1,[1],[6305]
839,62,288,1188,0.0009106733812567995,6.800000000033342e-07,1,[1],[6241]
840,62,289,1153,0.0009078262821118801,0.0009078262821118801,2,"[1, 5]","[8, 6242]"
841,62,289,1154,0.000904458623698326,0.000904458623698326,1,[5],[6277]
842,62,289,1154,0.0009053986236983306,9.40000000004609e-07,1,[5],[6281]
843,62,289,1154,0.0009062286236983346,8.300000000040697e-07,1,[5],[6223]
844,62,289,1154,0.0009072586236983397,1.0300000000050503e-06,2,"[1, 5]","[5, 6249]"
845,62,289,1154,0.0009094286236983503,2.17000000001064e-06,2,"[1, 5]","[1524, 4692]"
846,62,290,1154,0.0009014956285319478,0.0009014956285319478,1,[5],[6299]
847,62,290,1154,0.0009024156285319523,9.20000000004511e-07,1,[5],[6226]
848,62,290,1154,0.0009032156285319563,8.000000000039226e-07,1,[5],[6269]
849,62,290,1154,0.0009041556285319609,9.40000000004609e-07,1,[5],[6262]
850,62,290,1154,0.0009068456285319741,2.6900000000131897e-06,1,[5],[6194]
851,62,291,1154,0.0008985613519046947,0.0008985613519046947,1,[5],[6263]
852,62,291,1154,0.0008994813519046992,9.20000000004511e-07,1,[5],[6292]
853,62,291,1154,0.0009002713519047031,7.900000000038735e-07,1,[5],[6198]
854,62,291,1154,0.0009011913519047076,9.20000000004511e-07,1,[5],[6293]
855,62,291,1154,0.0009037613519047202,2.5700000000126013e-06,1,[5],[6204]
856,62,292,1154,0.0008956937759229175,0.0008956937759229175,2,"[5, 6]","[6244, 7]"
857,62,292,1154,0.0008966437759229222,9.500000000046581e-07,1,[5],[6281]
858,62,292,1154,0.0008974737759229263,8.300000000040697e-07,1,[5],[6223]
859,62,292,1154,0.0008985037759229313,1.0300000000050503e-06,1,[5],[6292]
860,62,292,1155,0.0008984510044488851,0.0008984510044488851,2,"[5, 6]","[6246, 4]"
861,62,293,1154,0.0008925435024602523,0.0008925435024602523,2,"[5, 6]","[4762, 1548]"
862,62,293,1154,0.0008935435024602572,1.0000000000049032e-06,2,"[5, 6]","[5450, 802]"
863,62,293,1154,0.000894513502460262,9.700000000047561e-07,2,"[5, 6]","[6137, 87]"
864,62,293,1154,0.0008956935024602678,1.1800000000057858e-06,1,[5],[6243]
865,62,293,1155,0.0008933359262705999,0.0008933359262705999,2,"[5, 6]","[4611, 1657]"
866,62,294,1154,0.0008902757337679808,0.0008902757337679808,2,"[5, 6]","[6271, 4]"
867,62,294,1154,0.0008914157337679864,1.1400000000055897e-06,2,"[5, 6]","[5898, 344]"
868,62,294,1154,0.0008923457337679909,9.3000000000456e-07,2,"[5, 6]","[4251, 1988]"
869,62,294,1154,0.000893785733767998,1.4400000000070606e-06,2,"[5, 6]","[3839, 2405]"
870,62,294,1155,0.0008899028261138271,0.0008899028261138271,1,[5],[6271]
871,62,294,1155,0.0008913928261138344,1.4900000000073058e-06,2,"[5, 6]","[5984, 278]"
872,62,294,1155,0.0008927628261138411,1.3700000000067174e-06,2,"[5, 6]","[3741, 2489]"
873,62,295,1154,0.0008881132816925609,0.0008881132816925609,1,[5],[6265]
874,62,295,1154,0.0008910032816925751,2.8900000000141703e-06,2,"[5, 6]","[6236, 1]"
875,62,295,1155,0.0008863670339360902,0.0008863670339360902,1,[5],[6292]
876,62,295,1155,0.0008874470339360954,1.0800000000052955e-06,1,[5],[6262]
877,62,295,1155,0.0008885070339361006,1.0600000000051974e-06,1,[5],[6213]
878,62,295,1155,0.000890617033936111,2.1100000000103458e-06,2,"[5, 6]","[6235, 1]"
879,62,296,1154,0.000889051990311261,0.000889051990311261,1,[5],[6250]
880,62,296,1155,0.0008831611502277404,0.0008831611502277404,1,[5],[6255]
881,62,296,1155,0.0008841411502277452,9.800000000048052e-07,1,[5],[6263]
882,62,296,1155,0.0008849811502277494,8.400000000041187e-07,1,[5],[6254]
883,62,296,1155,0.0008860111502277544,1.0300000000050503e-06,1,[5],[6246]
884,62,297,1155,0.0008801720274468587,0.0008801720274468587,1,[5],[6253]
885,62,297,1155,0.0008811620274468636,9.900000000048542e-07,1,[5],[6270]
886,62,297,1155,0.0008820220274468678,8.600000000042168e-07,1,[5],[6248]
887,62,297,1155,0.0008830620274468729,1.0400000000050993e-06,1,[5],[6230]
888,62,297,1156,0.0008832940040925551,0.0008832940040925551,1,[5],[6254]
889,62,298,1155,0.0008772705787959781,0.0008772705787959781,2,"[5, 7]","[6004, 273]"
890,62,298,1155,0.0008783205787959833,1.0500000000051484e-06,2,"[5, 7]","[6244, 1]"
891,62,298,1155,0.0008794005787959886,1.0800000000052955e-06,1,[5],[6257]
892,62,298,1155,0.000881310578795998,1.910000000009365e-06,1,[5],[6225]
893,62,298,1156,0.0008772614058331443,0.0008772614058331443,2,"[5, 7]","[5769, 498]"
894,62,298,1156,0.0008791214058331534,1.86000000000912e-06,2,"[5, 7]","[6255, 1]"
895,62,299,1155,0.0008749048897322568,0.0008749048897322568,2,"[5, 7]","[5844, 435]"
896,62,299,1155,0.0008760848897322625,1.1800000000057858e-06,2,"[5, 7]","[5127, 1104]"
897,62,299,1155,0.0008781548897322727,2.0700000000101497e-06,2,"[5, 7]","[6030, 215]"
898,62,299,1156,0.0008738839769067414,0.0008738839769067414,2,"[5, 7]","[6245, 30]"
899,62,299,1156,0.0008749039769067464,1.0200000000050013e-06,2,"[5, 7]","[5476, 754]"
900,62,299,1156,0.0008757539769067505,8.500000000041677e-07,2,"[5, 7]","[4779, 1527]"
901,62,299,1156,0.0008770439769067569,1.2900000000063251e-06,2,"[5, 7]","[5406, 810]"
902,62,300,1155,0.0008732343694298579,0.0008732343694298579,1,[5],[6262]
903,62,300,1156,0.0008705648752646585,0.0008705648752646585,2,"[5, 8]","[6271, 4]"
904,62,300,1156,0.0008715348752646632,9.700000000047561e-07,1,[5],[6242]
905,62,300,1156,0.0008723848752646674,8.500000000041677e-07,1,[5],[6236]
906,62,300,1156,0.0008734348752646726,1.0500000000051484e-06,2,"[5, 7]","[6252, 1]"
907,62,301,1156,0.0008669770827043812,0.0008669770827043812,2,"[5, 8]","[4341, 1917]"
908,62,301,1156,0.0008680070827043863,1.0300000000050503e-06,2,"[5, 8]","[5937, 356]"
909,62,301,1156,0.0008688370827043903,8.300000000040697e-07,2,"[5, 8]","[6212, 11]"
910,62,301,1156,0.0008696570827043944,8.200000000040206e-07,1,[5],[6278]
911,62,301,1156,0.0008707270827043996,1.0700000000052464e-06,1,[5],[6230]
912,62,302,1156,0.000864124802784399,0.000864124802784399,3,"[5, 8, 9]","[5721, 78, 453]"
913,62,302,1156,0.000864924802784403,8.000000000039226e-07,3,"[5, 8, 9]","[5172, 1124, 7]"
914,62,302,1156,0.0008653948027844053,4.700000000023045e-07,2,"[5, 8]","[3855, 2374]"
915,62,302,1156,0.0008657748027844071,3.800000000018632e-07,2,"[5, 8]","[3234, 3093]"
916,62,302,1156,0.0008661248027844088,3.500000000017161e-07,2,"[5, 8]","[2878, 3354]"
917,62,302,1156,0.0008665048027844107,3.800000000018632e-07,2,"[5, 8]","[2962, 3314]"
918,62,302,1156,0.0008670048027844132,5.000000000024516e-07,2,"[5, 8]","[3371, 2845]"
919,62,302,1156,0.0008680548027844183,1.0500000000051484e-06,2,"[5, 8]","[4606, 1562]"
920,62,302,1157,0.0008657825767900569,0.0008657825767900569,3,"[5, 8, 9]","[5392, 698, 189]"
921,62,303,1156,0.0008612632267110672,0.0008612632267110672,2,"[5, 9]","[6200, 51]"
922,62,303,1156,0.0008621432267110715,8.800000000043148e-07,2,"[5, 9]","[5629, 681]"
923,62,303,1156,0.0008628332267110749,6.900000000033832e-07,2,"[5, 9]","[5058, 1184]"
924,62,303,1156,0.0008635632267110784,7.300000000035793e-07,3,"[5, 8, 9]","[5227, 1, 977]"
925,62,303,1156,0.0008646532267110838,1.0900000000053445e-06,3,"[5, 8, 9]","[5867, 96, 281]"
926,62,303,1157,0.0008618120080856136,0.0008618120080856136,2,"[5, 9]","[6171, 112]"
927,62,303,1157,0.0008634420080856215,1.6300000000079922e-06,2,"[5, 9]","[5282, 940]"
928,62,304,1156,0.0008585561058193872,0.0008585561058193872,1,[5],[6291]
929,62,304,1156,0.0008596961058193928,1.1400000000055897e-06,1,[5],[6220]
930,62,304,1156,0.0008608761058193986,1.1800000000057858e-06,2,"[5, 9]","[6272, 1]"
931,62,304,1157,0.0008580918826899459,0.0008580918826899459,1,[5],[6280]
932,62,304,1157,0.0008592818826899518,1.1900000000058348e-06,1,[5],[6248]
933,62,304,1157,0.0008605818826899581,1.3000000000063742e-06,1,[5],[6237]
934,62,305,1156,0.0008560976664227799,0.0008560976664227799,1,[5],[6272]
935,62,305,1156,0.0008578376664227884,1.7400000000085316e-06,1,[5],[6248]
936,62,305,1157,0.000854633872506787,0.000854633872506787,2,"[5, 10]","[6266, 1]"
937,62,305,1157,0.0008556038725067918,9.700000000047561e-07,1,[5],[6236]
938,62,305,1157,0.000856463872506796,8.600000000042168e-07,1,[5],[6281]
939,62,305,1157,0.0008574338725068008,9.700000000047561e-07,1,[5],[6231]
940,62,306,1156,0.0008543808937711331,0.0008543808937711331,2,"[5, 10]","[6127, 130]"
941,62,306,1157,0.0008511949918350475,0.0008511949918350475,2,"[5, 10]","[5186, 1072]"
942,62,306,1157,0.0008522449918350526,1.0500000000051484e-06,2,"[5, 10]","[6215, 35]"
943,62,306,1157,0.0008530049918350563,7.600000000037264e-07,1,[5],[6243]
944,62,306,1157,0.00085375499183506,7.500000000036774e-07,1,[5],[6261]
945,62,306,1157,0.0008547149918350647,9.60000000004707e-07,1,[5],[6284]
946,62,307,1157,0.0008479640760202125,0.0008479640760202125,2,"[5, 10]","[6236, 42]"
947,62,307,1157,0.0008487540760202163,7.900000000038735e-07,2,"[5, 10]","[5436, 799]"
948,62,307,1157,0.0008492740760202189,5.200000000025497e-07,2,"[5, 10]","[4337, 1962]"
949,62,307,1157,0.000849694076020221,4.2000000000205935e-07,2,"[5, 10]","[3676, 2584]"
950,62,307,1157,0.0008500940760202229,4.000000000019613e-07,2,"[5, 10]","[3488, 2730]"
951,62,307,1157,0.0008505640760202252,4.700000000023045e-07,2,"[5, 10]","[3792, 2490]"
952,62,307,1157,0.0008512840760202287,7.200000000035303e-07,2,"[5, 10]","[4749, 1445]"
953,62,307,1157,0.0008535440760202398,2.2600000000110813e-06,2,"[5, 10]","[6035, 199]"
954,62,307,1158,0.0008510569860089278,0.0008510569860089278,2,"[5, 10]","[4997, 1258]"
955,62,308,1157,0.0008448519187483919,0.0008448519187483919,1,[5],[6267]
956,62,308,1157,0.0008458219187483967,9.700000000047561e-07,1,[5],[6249]
957,62,308,1157,0.0008466119187484005,7.900000000038735e-07,1,[5],[6241]
958,62,308,1157,0.0008474319187484046,8.200000000040206e-07,2,"[5, 10]","[6317, 2]"
959,62,308,1157,0.00084853191874841,1.1000000000053935e-06,2,"[5, 10]","[6073, 127]"
960,62,308,1157,0.0008506919187484205,2.160000000010591e-06,2,"[5, 10]","[3794, 2434]"
961,62,308,1158,0.0008455150939608397,0.0008455150939608397,1,[5],[6261]
962,62,308,1158,0.000848025093960852,2.510000000012307e-06,2,"[5, 10]","[6240, 4]"
963,62,309,1157,0.0008421140157145058,0.0008421140157145058,2,"[5, 11]","[6236, 51]"
964,62,309,1157,0.0008433040157145116,1.1900000000058348e-06,1,[5],[6223]
965,62,309,1157,0.0008445040157145175,1.2000000000058839e-06,1,[5],[6248]
966,62,309,1158,0.0008413256518236933,0.0008413256518236933,2,"[5, 11]","[6118, 183]"
967,62,309,1158,0.000842485651823699,1.1600000000056877e-06,1,[5],[6218]
968,62,309,1158,0.0008436656518237048,1.1800000000057858e-06,1,[5],[6261]
969,62,309,1158,0.0008470156518237212,3.3500000000164258e-06,1,[5],[6220]
970,62,309,1194,0.0011330095170774463,0.0011330095170774463,4,"[105, 300, 310, 312]","[1, 6218, 25, 6]"
971,62,309,1197,0.0011409446370977644,0.0011409446370977644,7,"[105, 307, 314, 315, 316, 318, 319]","[5544, 613, 64, 6, 2, 57, 4]"
972,62,310,1157,0.0008399965833809654,0.0008399965833809654,2,"[5, 11]","[5108, 1173]"
973,62,310,1157,0.0008434265833809822,3.430000000016818e-06,2,"[5, 11]","[6177, 44]"
974,62,310,1158,0.0008377697694463277,0.0008377697694463277,2,"[5, 11]","[6063, 233]"
975,62,310,1158,0.0008384997694463312,7.300000000035793e-07,2,"[5, 11]","[5160, 1098]"
976,62,310,1158,0.0008390497694463339,5.500000000026968e-07,2,"[5, 11]","[4656, 1547]"
977,62,310,1158,0.0008396297694463368,5.800000000028439e-07,2,"[5, 11]","[4985, 1260]"
978,62,310,1158,0.0008403997694463405,7.700000000037755e-07,2,"[5, 11]","[5773, 509]"
979,62,310,1158,0.0008416897694463469,1.2900000000063251e-06,2,"[5, 11]","[6189, 51]"
980,62,310,1192,0.00112506114525962,0.00112506114525962,4,"[105, 106, 300, 301]","[1963, 2105, 2163, 35]"
981,62,310,1193,0.001125135947991067,0.001125135947991067,4,"[105, 106, 300, 301]","[1045, 1230, 3934, 66]"
982,62,310,1193,0.0011269559479910561,1.8199999999891914e-06,8,"[105, 106, 297, 298, 300, 301, 310, 312]","[628, 877, 23, 1, 4590, 80, 1, 37]"
983,62,310,1193,0.0011300559479910377,3.0999999999815897e-06,7,"[105, 106, 297, 300, 301, 312, 360]","[832, 778, 25, 4571, 1, 55, 2]"
984,62,310,1194,0.001129165563866405,0.001129165563866405,7,"[105, 106, 297, 300, 301, 312, 360]","[339, 174, 3, 5726, 10, 14, 2]"
985,62,310,1194,0.0011301555638663992,9.899999999941206e-07,4,"[105, 106, 300, 361]","[237, 47, 6030, 1]"
986,62,310,1194,0.001130705563866396,5.499999999967337e-07,3,"[105, 106, 300]","[135, 16, 6019]"
987,62,310,1194,0.0011312855638663925,5.799999999965555e-07,3,"[105, 106, 300]","[147, 24, 6139]"
988,62,310,1195,0.0011368816651014997,0.0011368816651014997,7,"[105, 106, 300, 308, 336, 337, 360]","[2153, 5, 4046, 30, 14, 1, 1]"
989,62,310,1196,0.0011378662360391326,0.0011378662360391326,7,"[105, 300, 308, 314, 315, 318, 336]","[6098, 17, 136, 14, 6, 5, 7]"
990,62,310,1196,0.0011390562360391256,1.1899999999929328e-06,3,"[105, 307, 308]","[6252, 7, 3]"
991,62,310,1196,0.00113998623603912,9.299999999944769e-07,2,"[105, 307]","[6222, 49]"
992,62,310,1196,0.001141526236039111,1.5399999999908542e-06,2,"[105, 307]","[5900, 284]"
993,62,310,1197,0.0011395372328495842,0.0011395372328495842,8,"[105, 307, 308, 314, 315, 316, 318, 319]","[5951, 132, 18, 49, 7, 5, 118, 4]"
994,62,310,1197,0.00114023723284958,6.999999999958428e-07,2,"[105, 307]","[5761, 477]"
995,62,310,1197,0.001140757232849577,5.199999999969118e-07,2,"[105, 307]","[5494, 807]"
996,62,310,1197,0.0011412872328495738,5.299999999968524e-07,2,"[105, 307]","[5254, 952]"
997,62,310,1197,0.0011421172328495688,8.299999999950708e-07,2,"[105, 307]","[5351, 886]"
998,62,310,1198,0.0011411738664361447,0.0011411738664361447,5,"[105, 307, 314, 318, 319]","[5734, 496, 7, 39, 2]"
999,62,310,1198,0.0011420938664361393,9.199999999945363e-07,2,"[105, 307]","[6024, 226]"
1000,62,311,1158,0.00083492315079412,0.00083492315079412,1,[5],[6277]
1001,62,311,1158,0.000835723150794124,8.000000000039226e-07,1,[5],[6311]
1002,62,311,1158,0.0008363931507941272,6.700000000032852e-07,1,[5],[6232]
1003,62,311,1158,0.0008370531507941305,6.600000000032361e-07,2,"[5, 11]","[6214, 2]"
1004,62,311,1158,0.0008378231507941343,7.700000000037755e-07,2,"[5, 11]","[6158, 68]"
1005,62,311,1158,0.0008391331507941407,1.3100000000064232e-06,2,"[5, 11]","[5557, 689]"
1006,62,311,1159,0.0008365847668710094,0.0008365847668710094,1,[5],[6262]
1007,62,311,1192,0.0011231793865000513,0.0011231793865000513,4,"[105, 106, 300, 301]","[2566, 2289, 1435, 6]"
1008,62,311,1192,0.0011237793865000478,5.999999999964367e-07,4,"[105, 106, 300, 301]","[2670, 2096, 1509, 32]"
1009,62,311,1192,0.0011242893865000447,5.099999999969712e-07,4,"[105, 106, 300, 301]","[2603, 2082, 1422, 111]"
1010,62,311,1192,0.0011248493865000414,5.599999999966743e-07,5,"[105, 106, 297, 300, 301]","[2583, 2177, 1, 1153, 289]"
1011,62,311,1192,0.0011255493865000373,6.999999999958428e-07,5,"[105, 106, 297, 300, 301]","[2592, 2267, 4, 842, 549]"
1012,62,311,1192,0.0011267193865000303,1.1699999999930516e-06,6,"[105, 106, 297, 298, 300, 301]","[2526, 2639, 46, 1, 494, 519]"
1013,62,311,1193,0.0011236713822051626,0.0011236713822051626,4,"[105, 106, 300, 301]","[2204, 1807, 2259, 59]"
1014,62,311,1193,0.0011243113822051588,6.399999999961992e-07,4,"[105, 106, 300, 301]","[2095, 1568, 2317, 217]"
1015,62,311,1193,0.001124801382205156,4.8999999999709e-07,5,"[105, 106, 297, 300, 301]","[1856, 1556, 1, 2378, 452]"
1016,62,311,1193,0.0011252413822051533,4.399999999973869e-07,5,"[105, 106, 297, 300, 301]","[1883, 1594, 2, 2206, 648]"
1017,62,311,1193,0.0011256513822051509,4.099999999975651e-07,5,"[105, 106, 297, 300, 301]","[1936, 1639, 16, 2070, 594]"
1018,62,311,1193,0.0011260513822051485,3.999999999976245e-07,5,"[105, 106, 297, 300, 301]","[1991, 1733, 27, 1978, 443]"
1019,62,311,1193,0.001126461382205146,4.099999999975651e-07,6,"[105, 106, 297, 298, 300, 301]","[2103, 1881, 59, 1, 1926, 284]"
1020,62,311,1193,0.0011268813822051436,4.199999999975057e-07,7,"[105, 106, 297, 298, 300, 301, 312]","[2162, 1996, 111, 2, 1895, 128, 2]"
1021,62,311,1193,0.001127301382205141,4.199999999975057e-07,7,"[105, 106, 297, 298, 300, 301, 312]","[2271, 2037, 131, 1, 1818, 36, 1]"
1022,62,311,1193,0.0011277313822051385,4.299999999974463e-07,7,"[105, 106, 297, 298, 300, 301, 312]","[2300, 2058, 140, 2, 1692, 10, 1]"
1023,62,311,1193,0.0011281913822051358,4.5999999999726815e-07,7,"[105, 106, 297, 300, 301, 360, 361]","[2325, 2227, 89, 1625, 3, 1, 1]"
1024,62,311,1193,0.001128671382205133,4.799999999971494e-07,5,"[105, 106, 297, 298, 300]","[2209, 2271, 34, 2, 1736]"
1025,62,311,1193,0.0011291913822051298,5.199999999969118e-07,5,"[105, 106, 297, 300, 360]","[2041, 2301, 9, 1884, 4]"
1026,62,311,1193,0.0011297613822051264,5.699999999966149e-07,5,"[105, 106, 297, 300, 360]","[1822, 2297, 1, 2122, 4]"
1027,62,311,1193,0.0011304513822051224,6.899999999959022e-07,6,"[105, 106, 297, 300, 360, 361]","[1595, 2439, 1, 2181, 7, 1]"
1028,62,311,1193,0.001131691382205115,1.2399999999926359e-06,3,"[105, 106, 300]","[1223, 3377, 1594]"
1029,62,311,1194,0.0011268533432800315,0.0011268533432800315,6,"[105, 106, 297, 300, 301, 312]","[824, 493, 32, 4790, 136, 2]"
1030,62,311,1194,0.001127943343280025,1.0899999999935267e-06,5,"[105, 106, 297, 300, 360]","[1385, 628, 27, 4213, 1]"
1031,62,311,1194,0.0011287433432800203,7.99999999995249e-07,5,"[105, 106, 297, 300, 360]","[1913, 719, 5, 3608, 1]"
1032,62,311,1194,0.0011294033432800164,6.599999999960804e-07,5,"[105, 106, 300, 360, 361]","[2078, 780, 3443, 1, 1]"
1033,62,311,1194,0.001129973343280013,5.699999999966149e-07,5,"[105, 106, 300, 360, 361]","[2257, 812, 3102, 7, 1]"
1034,62,311,1194,0.0011305333432800096,5.599999999966743e-07,5,"[105, 106, 300, 360, 361]","[2618, 896, 2809, 1, 1]"
1035,62,311,1194,0.001131153343280006,6.199999999963179e-07,5,"[105, 106, 300, 360, 361]","[3003, 1174, 2039, 1, 1]"
1036,62,311,1194,0.0011319233432800014,7.699999999954271e-07,3,"[105, 106, 300]","[3624, 1612, 1011]"
1037,62,311,1194,0.001132983343279995,1.0599999999937049e-06,4,"[105, 106, 110, 300]","[3797, 2266, 1, 192]"
1038,62,311,1194,0.0011346433432799852,1.6599999999901416e-06,4,"[105, 106, 110, 300]","[2641, 3293, 285, 3]"
1039,62,311,1195,0.0011328080695331667,0.0011328080695331667,3,"[105, 106, 300]","[5273, 144, 878]"
1040,62,311,1195,0.0011340780695331591,1.2699999999924577e-06,5,"[105, 106, 110, 300, 336]","[6075, 163, 9, 1, 1]"
1041,62,311,1195,0.0011351780695331526,1.0999999999934673e-06,6,"[105, 106, 110, 308, 336, 337]","[5909, 200, 83, 8, 29, 1]"
1042,62,311,1195,0.0011365880695331442,1.4099999999916263e-06,8,"[105, 106, 110, 111, 112, 308, 336, 337]","[5543, 311, 141, 28, 5, 84, 142, 2]"
1043,62,311,1196,0.0011359698853585336,0.0011359698853585336,5,"[105, 106, 300, 308, 336]","[6079, 1, 1, 124, 93]"
1044,62,311,1196,0.0011371898853585263,1.2199999999927547e-06,5,"[105, 111, 308, 336, 337]","[5855, 2, 309, 72, 2]"
1045,62,311,1196,0.001138919885358516,1.7299999999897259e-06,7,"[105, 106, 111, 112, 308, 336, 337]","[6140, 2, 1, 6, 60, 9, 1]"
1046,62,312,1158,0.0008324930725202294,0.0008324930725202294,1,[5],[6282]
1047,62,312,1158,0.0008334730725202342,9.800000000048052e-07,1,[5],[6228]
1048,62,312,1158,0.0008344030725202388,9.3000000000456e-07,1,[5],[6272]
1049,62,312,1158,0.0008357630725202455,1.3600000000066684e-06,1,[5],[6232]
1050,62,312,1159,0.0008318543626401105,0.0008318543626401105,1,[5],[6280]
1051,62,312,1159,0.0008329943626401161,1.1400000000055897e-06,1,[5],[6246]
1052,62,312,1159,0.0008343643626401228,1.3700000000067174e-06,1,[5],[6228]
1053,62,312,1192,0.0011263824671230048,0.0011263824671230048,5,"[105, 106, 297, 300, 301]","[3242, 1900, 7, 456, 646]"
1054,62,312,1193,0.0011258813397426438,0.0011258813397426438,5,"[105, 106, 297, 300, 301]","[3129, 1465, 11, 655, 992]"
1055,62,312,1193,0.0011274213397426346,1.5399999999908542e-06,5,"[105, 106, 297, 300, 301]","[3289, 2213, 100, 380, 285]"
1056,62,312,1193,0.0011287613397426267,1.339999999992042e-06,8,"[105, 106, 297, 298, 300, 301, 360, 361]","[2678, 2870, 75, 3, 629, 4, 2, 1]"
1057,62,312,1193,0.001130211339742618,1.4499999999913887e-06,5,"[105, 106, 297, 300, 361]","[1979, 3622, 4, 626, 1]"
1058,62,312,1193,0.0011323013397426056,2.089999999987588e-06,4,"[105, 106, 300, 360]","[834, 5286, 128, 1]"
1059,62,312,1193,0.0011363713397425815,4.069999999975829e-06,5,"[105, 106, 110, 111, 112]","[70, 5129, 1018, 20, 3]"
1060,62,312,1194,0.0011296377030655285,0.0011296377030655285,7,"[105, 106, 297, 300, 301, 360, 361]","[2877, 1503, 19, 1823, 51, 2, 1]"
1061,62,312,1194,0.001131237703065519,1.599999999990498e-06,4,"[105, 106, 300, 360]","[3298, 2598, 368, 6]"
1062,62,312,1194,0.0011325377030655113,1.2999999999922796e-06,3,"[105, 106, 300]","[2656, 3561, 15]"
1063,62,312,1194,0.0011337077030655043,1.1699999999930516e-06,3,"[105, 106, 110]","[1603, 4605, 71]"
1064,62,312,1194,0.0011347077030654984,9.999999999940612e-07,4,"[105, 106, 110, 111]","[622, 4628, 961, 3]"
1065,62,312,1194,0.0011355077030654936,7.99999999995249e-07,6,"[105, 106, 110, 111, 112, 336]","[149, 3979, 2096, 29, 1, 1]"
1066,62,312,1194,0.001136287703065489,7.799999999953677e-07,5,"[105, 106, 110, 111, 112]","[44, 4001, 1879, 281, 54]"
1067,62,312,1194,0.001137137703065484,8.49999999994952e-07,7,"[105, 106, 110, 111, 112, 233, 336]","[8, 3994, 629, 1072, 512, 1, 1]"
1068,62,312,1194,0.001137987703065479,8.49999999994952e-07,5,"[106, 110, 111, 112, 233]","[3397, 66, 1279, 1565, 4]"
1069,62,312,1194,0.0011390077030654729,1.0199999999939424e-06,6,"[106, 110, 111, 112, 233, 234]","[3214, 1, 516, 2461, 21, 1]"
1070,62,312,1194,0.001144377703065441,5.369999999968109e-06,5,"[106, 111, 112, 233, 234]","[4091, 29, 2070, 32, 1]"
1071,62,312,1195,0.001134007479407659,0.001134007479407659,5,"[105, 106, 110, 300, 336]","[5607, 549, 30, 68, 2]"
1072,62,312,1195,0.0011359674794076474,1.95999999998836e-06,7,"[105, 106, 110, 111, 112, 308, 336]","[3863, 1694, 569, 79, 11, 4, 44]"
1073,62,312,1195,0.0011377574794076367,1.7899999999893695e-06,9,"[105, 106, 110, 111, 112, 233, 308, 336, 337]","[532, 3036, 176, 1083, 1360, 2, 10, 41, 2]"
1074,62,312,1195,0.00113890747940763,1.1499999999931704e-06,7,"[105, 106, 110, 111, 112, 233, 234]","[9, 2416, 1, 384, 3452, 10, 1]"
1075,62,312,1195,0.0011400374794076232,1.1299999999932892e-06,6,"[105, 106, 111, 112, 233, 234]","[4, 2402, 36, 3812, 20, 1]"
1076,62,312,1195,0.0011418474794076124,1.8099999999892508e-06,4,"[106, 112, 233, 234]","[2376, 3818, 6, 1]"
1077,62,313,1158,0.0008308759632346864,0.0008308759632346864,1,[5],[6274]
1078,62,313,1159,0.0008282821498937987,0.0008282821498937987,1,[5],[6294]
1079,62,313,1159,0.0008291221498938028,8.400000000041187e-07,1,[5],[6222]
1080,62,313,1159,0.0008298121498938062,6.900000000033832e-07,1,[5],[6302]
1081,62,313,1159,0.0008304921498938096,6.800000000033342e-07,1,[5],[6247]
1082,62,313,1159,0.0008313421498938137,8.500000000041677e-07,1,[5],[6208]
1083,62,313,1159,0.0008337021498938253,2.3600000000115716e-06,1,[5],[6232]
1084,62,313,1194,0.0011379700351028116,0.0011379700351028116,8,"[105, 106, 110, 111, 112, 233, 300, 301]","[87, 4057, 430, 588, 1081, 6, 3, 1]"
1085,62,313,1194,0.001139580035102802,1.6099999999904385e-06,5,"[106, 111, 112, 233, 234]","[3588, 137, 2494, 35, 1]"
1086,62,313,1194,0.001141420035102791,1.8399999999890726e-06,4,"[106, 111, 112, 233]","[4773, 1, 1478, 17]"
1087,62,313,1195,0.0011387797694158096,0.0011387797694158096,8,"[105, 106, 110, 111, 112, 233, 234, 336]","[74, 2612, 66, 401, 3116, 23, 2, 2]"
1088,62,313,1195,0.001139739769415804,9.599999999942987e-07,5,"[106, 111, 112, 233, 234]","[2388, 10, 3793, 20, 1]"
1089,62,313,1195,0.0011404697694157996,7.299999999956647e-07,3,"[106, 112, 233]","[2566, 3691, 9]"
1090,62,313,1195,0.0011411097694157958,6.399999999961992e-07,3,"[106, 112, 233]","[2760, 3506, 4]"
1091,62,313,1195,0.0011417097694157922,5.999999999964367e-07,2,"[106, 112]","[2835, 3391]"
1092,62,313,1195,0.0011422997694157887,5.899999999964961e-07,2,"[106, 112]","[2844, 3431]"
1093,62,313,1195,0.0011428797694157853,5.799999999965555e-07,2,"[106, 112]","[2872, 3382]"
1094,62,313,1195,0.0011435097694157815,6.299999999962586e-07,2,"[106, 112]","[2968, 3274]"
1095,62,313,1195,0.0011442997694157768,7.899999999953083e-07,2,"[106, 112]","[3253, 3011]"
1096,62,313,1195,0.001145289769415771,9.899999999941206e-07,4,"[106, 112, 240, 241]","[3189, 3041, 1, 1]"
1097,62,313,1195,0.0011468997694157614,1.6099999999904385e-06,6,"[106, 112, 240, 241, 244, 245]","[2886, 3322, 1, 2, 3, 2]"
1098,62,313,1196,0.0011421709985635364,0.0011421709985635364,6,"[105, 106, 111, 112, 233, 336]","[14, 632, 3, 5602, 1, 2]"
1099,62,313,1196,0.0011432109985635302,1.0399999999938236e-06,2,"[106, 112]","[452, 5835]"
1100,62,313,1196,0.0011439509985635258,7.399999999956053e-07,2,"[106, 112]","[377, 5852]"
1101,62,313,1196,0.0011446509985635217,6.999999999958428e-07,2,"[106, 112]","[405, 5825]"
1102,62,313,1196,0.0011455009985635166,8.49999999994952e-07,5,"[106, 112, 240, 241, 244]","[497, 5773, 3, 1, 1]"
1103,62,314,1159,0.0008253410697459114,0.0008253410697459114,1,[5],[6281]
1104,62,314,1159,0.0008261710697459154,8.300000000040697e-07,1,[5],[6242]
1105,62,314,1159,0.0008268410697459187,6.700000000032852e-07,1,[5],[6295]
1106,62,314,1159,0.0008274810697459218,6.400000000031381e-07,1,[5],[6219]
1107,62,314,1159,0.0008282310697459255,7.500000000036774e-07,1,[5],[6216]
1108,62,314,1159,0.0008295210697459319,1.2900000000063251e-06,1,[5],[6270]
1109,62,314,1160,0.0008263369433022943,0.0008263369433022943,1,[5],[6254]
1110,62,314,1195,0.0011432935943565064,0.0011432935943565064,3,"[106, 112, 233]","[3588, 2677, 2]"
1111,62,314,1195,0.0011444935943564992,1.1999999999928734e-06,3,"[106, 112, 240]","[3806, 2440, 1]"
1112,62,314,1195,0.0011453535943564941,8.599999999948926e-07,3,"[106, 112, 244]","[3609, 2694, 1]"
1113,62,314,1195,0.0011461635943564893,8.099999999951896e-07,4,"[106, 112, 240, 241]","[3832, 2353, 1, 2]"
1114,62,314,1195,0.0011471735943564833,1.0099999999940018e-06,4,"[106, 112, 240, 245]","[4977, 1273, 1, 1]"
1115,62,314,1195,0.0011486135943564748,1.4399999999914481e-06,3,"[106, 112, 245]","[6132, 114, 1]"
1116,62,314,1196,0.0011440022864993376,0.0011440022864993376,3,"[106, 112, 366]","[584, 5678, 5]"
1117,62,314,1196,0.0011447922864993329,7.899999999953083e-07,3,"[106, 112, 240]","[549, 5688, 1]"
1118,62,314,1196,0.0011455022864993287,7.099999999957834e-07,4,"[106, 112, 240, 245]","[758, 5550, 1, 1]"
1119,62,314,1196,0.0011465122864993227,1.0099999999940018e-06,5,"[106, 112, 240, 244, 245]","[1634, 4554, 2, 3, 1]"
1120,62,314,1196,0.0011487522864993094,2.239999999986697e-06,4,"[106, 112, 240, 244]","[5252, 1012, 1, 1]"
1121,62,315,1159,0.0008230763977786951,0.0008230763977786951,1,[5],[6290]
1122,62,315,1159,0.0008241263977787003,1.0500000000051484e-06,1,[5],[6247]
1123,62,315,1159,0.0008252263977787057,1.1000000000053935e-06,1,[5],[6232]
1124,62,315,1160,0.000822122736927956,0.000822122736927956,1,[5],[6252]
1125,62,315,1160,0.000823122736927961,1.0000000000049032e-06,1,[5],[6309]
1126,62,315,1160,0.0008241027369279658,9.800000000048052e-07,1,[5],[6204]
1127,62,315,1160,0.0008260827369279755,1.9800000000097084e-06,1,[5],[6235]
1128,62,315,1195,0.0011497300331180915,0.0011497300331180915,2,"[106, 112]","[6001, 271]"
1129,62,315,1195,0.0011520300331180778,2.2999999999863407e-06,1,[106],[6244]
1130,62,315,1196,0.0011499629265143765,0.0011499629265143765,3,"[106, 112, 240]","[5655, 610, 1]"
1131,62,315,1196,0.0011512529265143689,1.289999999992339e-06,1,[106],[6238]
1132,62,315,1196,0.0011525229265143613,1.2699999999924577e-06,1,[106],[6270]
1133,62,316,1159,0.0008220555200998197,0.0008220555200998197,1,[5],[6272]
1134,62,316,1160,0.000819077530242631,0.000819077530242631,1,[5],[6308]
1135,62,316,1160,0.0008198275302426347,7.500000000036774e-07,1,[5],[6208]
1136,62,316,1160,0.0008204675302426378,6.400000000031381e-07,1,[5],[6261]
1137,62,316,1160,0.000821107530242641,6.400000000031381e-07,1,[5],[6289]
1138,62,316,1160,0.0008218475302426446,7.400000000036284e-07,1,[5],[6216]
1139,62,316,1160,0.0008236775302426536,1.8300000000089729e-06,1,[5],[6219]
1140,62,316,1196,0.0011528264776551641,0.0011528264776551641,1,[106],[6262]
1141,62,316,1196,0.0011539564776551574,1.1299999999932892e-06,1,[106],[6277]
1142,62,316,1196,0.0011549864776551513,1.029999999993883e-06,1,[106],[6263]
1143,62,316,1196,0.0011564264776551428,1.4399999999914481e-06,1,[106],[6204]
1144,62,316,1197,0.0011589172506592793,0.0011589172506592793,1,[106],[6251]
1145,62,317,1160,0.0008166210622019231,0.0008166210622019231,1,[5],[6298]
1146,62,317,1160,0.0008173510622019267,7.300000000035793e-07,1,[5],[6233]
1147,62,317,1160,0.0008179710622019297,6.2000000000304e-07,1,[5],[6225]
1148,62,317,1160,0.000818641062201933,6.700000000032852e-07,1,[5],[6246]
1149,62,317,1160,0.0008195410622019374,9.000000000044129e-07,1,[5],[6273]
1150,62,317,1161,0.0008174883228303456,0.0008174883228303456,1,[5],[6274]
1151,62,317,1196,0.0011560353902698042,0.0011560353902698042,1,[106],[6285]
1152,62,317,1196,0.0011573553902697964,1.3199999999921608e-06,1,[106],[6227]
1153,62,317,1196,0.001158925390269787,1.569999999990676e-06,1,[106],[6259]
1154,62,317,1197,0.0011575299212994,0.0011575299212994,1,[106],[6257]
1155,62,317,1197,0.001159409921299389,1.879999999988835e-06,1,[106],[6246]
1156,62,318,1160,0.0008147496802407894,0.0008147496802407894,1,[5],[6271]
1157,62,318,1160,0.0008157096802407941,9.60000000004707e-07,1,[5],[6272]
1158,62,318,1160,0.0008167996802407994,1.0900000000053445e-06,1,[5],[6217]
1159,62,318,1161,0.0008139748684545202,0.0008139748684545202,1,[5],[6303]
1160,62,318,1161,0.0008148848684545246,9.100000000044619e-07,1,[5],[6262]
1161,62,318,1161,0.0008158448684545293,9.60000000004707e-07,1,[5],[6230]
1162,62,318,1196,0.0011600251353334281,0.0011600251353334281,1,[106],[6259]
1163,62,318,1197,0.001159647134944526,0.001159647134944526,1,[106],[6268]
1164,62,318,1197,0.0011608771349445187,1.2299999999926953e-06,1,[106],[6250]
1165,62,318,1197,0.001162177134944511,1.2999999999922796e-06,1,[106],[6260]
1166,62,318,1197,0.0011649671349444944,2.7899999999834307e-06,2,"[106, 211]","[6228, 3]"
1167,62,318,1198,0.0011663255096353402,0.0011663255096353402,3,"[106, 211, 212]","[6254, 6, 1]"
1168,62,319,1160,0.0008140880761289726,0.0008140880761289726,1,[5],[6262]
1169,62,319,1161,0.000811174494058555,0.000811174494058555,1,[5],[6288]
1170,62,319,1161,0.0008119044940585586,7.300000000035793e-07,1,[5],[6324]
1171,62,319,1161,0.0008124844940585615,5.800000000028439e-07,1,[5],[6163]
1172,62,319,1161,0.0008130944940585645,6.10000000002991e-07,1,[5],[6274]
1173,62,319,1161,0.0008139044940585684,8.100000000039716e-07,1,[5],[6201]
1174,62,319,1197,0.0011627657279131664,0.0011627657279131664,1,[106],[6276]
1175,62,319,1197,0.0011645757279131557,1.8099999999892508e-06,3,"[106, 211, 212]","[6208, 11, 5]"
1176,62,319,1198,0.0011646801988213907,0.0011646801988213907,3,"[106, 211, 212]","[6252, 16, 2]"
1177,62,319,1198,0.0011659301988213833,1.2499999999925765e-06,3,"[106, 211, 212]","[6236, 8, 1]"
1178,62,319,1198,0.0011670301988213768,1.0999999999934673e-06,2,"[106, 211]","[6250, 1]"
1179,62,319,1198,0.00116819019882137,1.159999999993111e-06,1,[106],[6240]
1180,62,319,1198,0.00116985019882136,1.6599999999901416e-06,1,[106],[6264]
1181,62,319,1199,0.0011687787170297128,0.0011687787170297128,3,"[106, 211, 212]","[6267, 1, 1]"
1182,62,319,1199,0.0011702987170297038,1.519999999990973e-06,1,[106],[6258]
1183,62,319,1199,0.001171598717029696,1.2999999999922796e-06,1,[106],[6260]
1184,62,319,1199,0.001173128717029687,1.5299999999909136e-06,1,[106],[6230]
1185,62,319,1200,0.0011744588336477931,0.0011744588336477931,1,[106],[6268]
1186,62,320,1161,0.0008089316287641383,0.0008089316287641383,1,[5],[6305]
1187,62,320,1161,0.0008096916287641421,7.600000000037264e-07,1,[5],[6268]
1188,62,320,1161,0.0008103116287641451,6.2000000000304e-07,1,[5],[6229]
1189,62,320,1161,0.0008109816287641484,6.700000000032852e-07,1,[5],[6224]
1190,62,320,1161,0.0008120616287641537,1.0800000000052955e-06,1,[5],[6231]
1191,62,320,1162,0.0008091072290142144,0.0008091072290142144,1,[5],[6263]
1192,62,320,1162,0.0008112872290142251,2.180000000010689e-06,1,[5],[6244]
1193,62,320,1198,0.0011713278579932418,0.0011713278579932418,2,"[106, 211]","[6249, 1]"
1194,62,320,1199,0.0011713099794356694,0.0011713099794356694,2,"[88, 106]","[1, 6270]"
1195,62,320,1199,0.0011733599794356573,2.0499999999878254e-06,1,[106],[6262]
1196,62,320,1199,0.0011760099794356415,2.649999999984262e-06,1,[106],[6234]
1197,62,320,1200,0.0011745529732671667,0.0011745529732671667,3,"[88, 90, 106]","[6, 12, 6244]"
1198,62,320,1200,0.001175842973267159,1.289999999992339e-06,1,[106],[6241]
1199,62,320,1200,0.001176842973267153,9.999999999940612e-07,1,[106],[6253]
1200,62,320,1200,0.0011784929732671433,1.649999999990201e-06,1,[106],[6250]
1201,62,321,1161,0.0008074925831966133,0.0008074925831966133,1,[5],[6279]
1202,62,321,1161,0.0008087125831966193,1.220000000005982e-06,1,[5],[6244]
1203,62,321,1162,0.0008059504152623931,0.0008059504152623931,2,"[5, 12]","[6271, 1]"
1204,62,321,1162,0.0008066904152623967,7.400000000036284e-07,1,[5],[6283]
1205,62,321,1162,0.0008073104152623998,6.2000000000304e-07,1,[5],[6207]
1206,62,321,1162,0.0008080604152624034,7.500000000036774e-07,1,[5],[6298]
1207,62,321,1162,0.0008099504152624127,1.890000000009267e-06,1,[5],[6194]
1208,62,321,1200,0.0011773543822948323,0.0011773543822948323,4,"[84, 88, 90, 106]","[34, 165, 363, 5717]"
1209,62,321,1200,0.0011783543822948264,9.999999999940612e-07,1,[106],[6238]
1210,62,321,1200,0.00117942438229482,1.0699999999936455e-06,1,[106],[6246]
1211,62,321,1201,0.0011799549847471315,0.0011799549847471315,3,"[88, 90, 106]","[47, 213, 5990]"
1212,62,322,1162,0.0008034520146865271,0.0008034520146865271,2,"[5, 12]","[4961, 1319]"
1213,62,322,1162,0.0008041820146865307,7.300000000035793e-07,2,"[5, 12]","[6074, 213]"
1214,62,322,1162,0.0008047420146865335,5.600000000027458e-07,2,"[5, 12]","[6241, 25]"
1215,62,322,1162,0.000805262014686536,5.200000000025497e-07,2,"[5, 12]","[6171, 3]"
1216,62,322,1162,0.000805882014686539,6.2000000000304e-07,1,[5],[6285]
1217,62,322,1162,0.0008069120146865441,1.0300000000050503e-06,1,[5],[6235]
1218,62,322,1163,0.0008040056871572453,0.0008040056871572453,2,"[5, 12]","[4755, 1506]"
1219,62,322,1200,0.0011797043856007613,0.0011797043856007613,5,"[84, 85, 88, 90, 106]","[514, 4, 52, 156, 5532]"
1220,62,322,1200,0.0011810443856007534,1.339999999992042e-06,1,[106],[6263]
1221,62,322,1201,0.001180627174554428,0.001180627174554428,4,"[84, 88, 90, 106]","[6, 16, 107, 6137]"
1222,62,322,1201,0.0011823971745544175,1.7699999999894883e-06,1,[106],[6247]
1223,62,323,1162,0.0008019195902264791,0.0008019195902264791,2,"[5, 12]","[5961, 340]"
1224,62,323,1162,0.0008026695902264828,7.500000000036774e-07,2,"[5, 12]","[4859, 1406]"
1225,62,323,1162,0.0008033395902264861,6.700000000032852e-07,2,"[5, 12]","[4653, 1578]"
1226,62,323,1162,0.0008044895902264917,1.1500000000056387e-06,2,"[5, 12]","[5513, 711]"
1227,62,323,1163,0.0008009016874554858,0.0008009016874554858,2,"[5, 12]","[6286, 4]"
1228,62,323,1163,0.0008016816874554896,7.800000000038245e-07,2,"[5, 12]","[6083, 170]"
1229,62,323,1163,0.0008023216874554928,6.400000000031381e-07,2,"[5, 12]","[5401, 824]"
1230,62,323,1163,0.000802981687455496,6.600000000032361e-07,2,"[5, 12]","[4556, 1690]"
1231,62,323,1163,0.0008045116874555035,1.530000000007502e-06,2,"[5, 12]","[4744, 1504]"
1232,62,323,1200,0.0011833888253006757,0.0011833888253006757,3,"[84, 90, 106]","[71, 1, 6189]"
1233,62,323,1201,0.0011824297274313509,0.0011824297274313509,2,"[106, 205]","[6269, 1]"
1234,62,323,1201,0.0011836097274313439,1.1799999999929922e-06,3,"[106, 205, 208]","[6246, 7, 5]"
1235,62,323,1201,0.0011851797274313345,1.569999999990676e-06,3,"[106, 205, 208]","[6216, 4, 5]"
1236,62,324,1162,0.0008027924002225245,0.0008027924002225245,2,"[5, 12]","[6219, 31]"
1237,62,324,1163,0.0007981016077330505,0.0007981016077330505,1,[5],[6261]
1238,62,324,1163,0.0007988016077330539,7.000000000034323e-07,1,[5],[6307]
1239,62,324,1163,0.0007993516077330566,5.500000000026968e-07,1,[5],[6283]
1240,62,324,1163,0.000799851607733059,5.000000000024516e-07,1,[5],[6157]
1241,62,324,1163,0.0008004116077330618,5.600000000027458e-07,1,[5],[6270]
1242,62,324,1163,0.0008011316077330653,7.200000000035303e-07,1,[5],[6232]
1243,62,324,1164,0.0008007932474449333,0.0008007932474449333,1,[5],[6253]
1244,62,324,1201,0.0011849347000959013,0.0011849347000959013,2,"[106, 205]","[6257, 1]"
1245,62,324,1201,0.001185994700095895,1.0599999999937049e-06,1,[106],[6261]
1246,62,325,1163,0.0007959208005639091,0.0007959208005639091,1,[5],[6258]
1247,62,325,1163,0.0007967608005639132,8.400000000041187e-07,1,[5],[6244]
1248,62,325,1163,0.0007974608005639166,7.000000000034323e-07,1,[5],[6309]
1249,62,325,1163,0.0007982208005639204,7.600000000037264e-07,1,[5],[6205]
1250,62,325,1163,0.0007995508005639269,1.3300000000065213e-06,1,[5],[6253]
1251,62,325,1164,0.000794814285867271,0.000794814285867271,1,[5],[6299]
1252,62,325,1164,0.0007957042858672753,8.900000000043639e-07,1,[5],[6246]
1253,62,325,1164,0.0007965142858672793,8.100000000039716e-07,1,[5],[6251]
1254,62,325,1164,0.0007975342858672843,1.0200000000050013e-06,1,[5],[6206]
1255,62,325,1201,0.001186660076437934,0.001186660076437934,1,[106],[6298]
1256,62,325,1201,0.0011877300764379277,1.0699999999936455e-06,2,"[106, 118]","[6236, 3]"
1257,62,325,1202,0.0012551227455711643,0.0012551227455711643,3,"[106, 118, 247]","[5006, 117, 1144]"
1258,62,326,1163,0.000795547381793561,0.000795547381793561,1,[5],[6258]
1259,62,326,1164,0.0007917194127726992,0.0007917194127726992,1,[5],[6295]
1260,62,326,1164,0.0007924394127727028,7.200000000035303e-07,1,[5],[6256]
1261,62,326,1164,0.0007929994127727055,5.600000000027458e-07,1,[5],[6256]
1262,62,326,1164,0.000793499412772708,5.000000000024516e-07,1,[5],[6293]
1263,62,326,1164,0.0007939794127727103,4.800000000023535e-07,1,[5],[6220]
1264,62,326,1164,0.0007945094127727129,5.300000000025987e-07,1,[5],[6203]
1265,62,326,1164,0.0007952094127727164,7.000000000034323e-07,1,[5],[6250]
1266,62,326,1164,0.0007973194127727267,2.1100000000103458e-06,1,[5],[6229]
1267,62,326,1165,0.0007932914332047216,0.0007932914332047216,1,[5],[6261]
1268,62,326,1201,0.0011883598142333944,0.0011883598142333944,4,"[92, 106, 118, 215]","[1, 5897, 367, 9]"
1269,62,326,1201,0.0011893998142333882,1.0399999999938236e-06,3,"[106, 118, 215]","[4791, 1418, 34]"
1270,62,326,1201,0.0011908998142333793,1.4999999999910918e-06,3,"[106, 118, 215]","[4777, 1428, 41]"
1271,62,326,1202,0.001189771316927303,0.001189771316927303,3,"[106, 118, 215]","[4948, 1307, 3]"
1272,62,326,1202,0.0012560613169269094,6.628999999960632e-05,4,"[106, 118, 215, 247]","[3840, 510, 2, 1895]"
1273,62,327,1164,0.000789393151496322,0.000789393151496322,1,[5],[6284]
1274,62,327,1164,0.0007902531514963262,8.600000000042168e-07,1,[5],[6277]
1275,62,327,1164,0.0007909931514963298,7.400000000036284e-07,1,[5],[6266]
1276,62,327,1164,0.0007917931514963338,8.000000000039226e-07,1,[5],[6211]
1277,62,327,1164,0.0007930131514963397,1.220000000005982e-06,1,[5],[6213]
1278,62,327,1165,0.0007884010197391008,0.0007884010197391008,1,[5],[6282]
1279,62,327,1165,0.0007892210197391048,8.200000000040206e-07,1,[5],[6237]
1280,62,327,1165,0.0007899510197391084,7.300000000035793e-07,1,[5],[6255]
1281,62,327,1165,0.0007908010197391125,8.500000000041677e-07,1,[5],[6246]
1282,62,327,1165,0.0007928410197391225,2.0400000000100026e-06,1,[5],[6232]
1283,62,327,1201,0.0011903512449758422,0.0011903512449758422,6,"[91, 92, 93, 106, 118, 215]","[32, 195, 5, 4114, 1230, 680]"
1284,62,327,1201,0.0011920912449758319,1.7399999999896665e-06,4,"[106, 118, 191, 215]","[6030, 127, 2, 96]"
1285,62,327,1202,0.0011911702568893556,0.0011911702568893556,6,"[91, 92, 93, 106, 118, 215]","[20, 92, 2, 5366, 785, 12]"
1286,62,327,1202,0.0011927602568893461,1.5899999999905573e-06,5,"[106, 118, 191, 192, 215]","[6248, 5, 9, 2, 1]"
1287,62,328,1164,0.0007883666558214118,0.0007883666558214118,2,"[5, 13]","[6257, 1]"
1288,62,328,1165,0.0007853380949095617,0.0007853380949095617,2,"[5, 13]","[6177, 108]"
1289,62,328,1165,0.000786028094909565,6.900000000033832e-07,2,"[5, 13]","[6291, 2]"
1290,62,328,1165,0.0007865580949095676,5.300000000025987e-07,1,[5],[6247]
1291,62,328,1165,0.0007870180949095699,4.600000000022555e-07,1,[5],[6251]
1292,62,328,1165,0.0007874980949095723,4.800000000023535e-07,1,[5],[6282]
1293,62,328,1165,0.0007880180949095748,5.200000000025497e-07,1,[5],[6221]
1294,62,328,1165,0.0007887180949095782,7.000000000034323e-07,1,[5],[6171]
1295,62,328,1165,0.0007912080949095904,2.490000000012209e-06,1,[5],[6251]
1296,62,328,1201,0.0011943841454794474,0.0011943841454794474,9,"[91, 92, 93, 106, 118, 186, 187, 191, 215]","[41, 234, 2, 5754, 11, 4, 4, 48, 166]"
1297,62,328,1202,0.0011934687816071027,0.0011934687816071027,10,"[91, 92, 93, 106, 118, 186, 187, 191, 192, 215]","[24, 119, 2, 6073, 4, 5, 1, 56, 1, 2]"
1298,62,328,1202,0.001194758781607095,1.289999999992339e-06,5,"[106, 186, 187, 191, 192]","[6195, 5, 1, 35, 3]"
1299,62,328,1209,0.001271945188335665,0.001271945188335665,1,[269],[6252]
1300,62,329,1165,0.0007830284443939572,0.0007830284443939572,2,"[5, 13]","[5919, 397]"
1301,62,329,1165,0.0007836284443939602,6.000000000029419e-07,2,"[5, 13]","[5292, 949]"
1302,62,329,1165,0.0007840884443939624,4.600000000022555e-07,2,"[5, 13]","[5321, 955]"
1303,62,329,1165,0.0007845384443939646,4.5000000000220645e-07,2,"[5, 13]","[5621, 589]"
1304,62,329,1165,0.000785008444393967,4.700000000023045e-07,2,"[5, 13]","[6005, 245]"
1305,62,329,1165,0.0007855584443939697,5.500000000026968e-07,2,"[5, 13]","[6221, 65]"
1306,62,329,1165,0.0007864084443939738,8.500000000041677e-07,2,"[5, 13]","[6177, 6]"
1307,62,329,1166,0.0007827969090283622,0.0007827969090283622,2,"[5, 13]","[6196, 113]"
1308,62,329,1166,0.0007836869090283666,8.900000000043639e-07,2,"[5, 13]","[5554, 655]"
1309,62,329,1166,0.0007847369090283717,1.0500000000051484e-06,2,"[5, 13]","[5433, 838]"
1310,62,329,1201,0.0011956164840276806,0.0011956164840276806,4,"[106, 122, 192, 215]","[6171, 92, 1, 2]"
1311,62,329,1201,0.0011964864840276754,8.699999999948332e-07,2,"[106, 122]","[5916, 380]"
1312,62,329,1202,0.0011953275376796167,0.0011953275376796167,4,"[106, 122, 187, 191]","[6280, 5, 1, 2]"
1313,62,329,1202,0.0011965175376796096,1.1899999999929328e-06,2,"[106, 122]","[6138, 79]"
1314,62,330,1165,0.0007818143828079241,0.0007818143828079241,1,[5],[6280]
1315,62,330,1165,0.0007829343828079296,1.1200000000054916e-06,2,"[5, 13]","[6130, 111]"
1316,62,330,1165,0.0007849643828079395,2.0300000000099535e-06,2,"[5, 13]","[5381, 849]"
1317,62,330,1166,0.0007797799818154403,0.0007797799818154403,1,[5],[6268]
1318,62,330,1166,0.0007804299818154435,6.500000000031871e-07,1,[5],[6290]
1319,62,330,1166,0.000780939981815446,5.100000000025006e-07,1,[5],[6334]
1320,62,330,1166,0.0007814099818154483,4.700000000023045e-07,1,[5],[6236]
1321,62,330,1166,0.0007818999818154507,4.900000000024026e-07,1,[5],[6196]
1322,62,330,1166,0.0007824899818154536,5.900000000028929e-07,2,"[5, 13]","[6183, 8]"
1323,62,330,1166,0.0007834899818154585,1.0000000000049032e-06,2,"[5, 13]","[6098, 146]"
1324,62,330,1201,0.0011958655194285607,0.0011958655194285607,2,"[106, 122]","[5274, 1038]"
1325,62,330,1201,0.0011963655194285577,4.999999999970306e-07,2,"[106, 122]","[4727, 1473]"
1326,62,330,1201,0.001196815519428555,4.4999999999732754e-07,2,"[106, 122]","[4610, 1754]"
1327,62,330,1201,0.0011973755194285517,5.599999999966743e-07,2,"[106, 122]","[4116, 2031]"
1328,62,330,1202,0.0011973864386290644,0.0011973864386290644,2,"[106, 122]","[4952, 1302]"
1329,62,331,1166,0.0007770410594464363,0.0007770410594464363,1,[5],[6274]
1330,62,331,1166,0.0007777510594464398,7.100000000034813e-07,1,[5],[6304]
1331,62,331,1166,0.0007782710594464423,5.200000000025497e-07,1,[5],[6205]
1332,62,331,1166,0.0007787410594464446,4.700000000023045e-07,1,[5],[6312]
1333,62,331,1166,0.0007791810594464468,4.400000000021574e-07,1,[5],[6247]
1334,62,331,1166,0.000779641059446449,4.600000000022555e-07,1,[5],[6163]
1335,62,331,1166,0.0007801910594464517,5.500000000026968e-07,1,[5],[6251]
1336,62,331,1166,0.0007811710594464565,9.800000000048052e-07,1,[5],[6269]
1337,62,331,1167,0.0007766124659315845,0.0007766124659315845,1,[5],[6267]
1338,62,331,1167,0.0007778024659315904,1.1900000000058348e-06,1,[5],[6286]
1339,62,331,1167,0.0007791924659315972,1.3900000000068155e-06,1,[5],[6204]
1340,62,331,1201,0.0011977952631594675,0.0011977952631594675,2,"[106, 122]","[4750, 1505]"
1341,62,332,1166,0.0007754075562948352,0.0007754075562948352,1,[5],[6251]
1342,62,332,1166,0.0007765075562948406,1.1000000000053935e-06,1,[5],[6261]
1343,62,332,1166,0.000777627556294846,1.1200000000054916e-06,1,[5],[6275]
1344,62,332,1167,0.0007729945036886492,0.0007729945036886492,1,[5],[6317]
1345,62,332,1167,0.000773554503688652,5.600000000027458e-07,1,[5],[6210]
1346,62,332,1167,0.0007739945036886541,4.400000000021574e-07,1,[5],[6304]
1347,62,332,1167,0.0007743945036886561,4.000000000019613e-07,1,[5],[6282]
1348,62,332,1167,0.0007747745036886579,3.800000000018632e-07,1,[5],[6243]
1349,62,332,1167,0.0007751745036886599,4.000000000019613e-07,1,[5],[6284]
1350,62,332,1167,0.0007756145036886621,4.400000000021574e-07,1,[5],[6231]
1351,62,332,1167,0.0007761345036886646,5.200000000025497e-07,1,[5],[6232]
1352,62,332,1167,0.0007768745036886682,7.400000000036284e-07,1,[5],[6193]
1353,62,333,1167,0.0007710091585116897,0.0007710091585116897,1,[5],[6301]
1354,62,333,1167,0.0007715491585116923,5.400000000026477e-07,1,[5],[6265]
1355,62,333,1167,0.0007719491585116943,4.000000000019613e-07,1,[5],[6287]
1356,62,333,1167,0.0007722791585116959,3.3000000000161806e-07,1,[5],[6230]
1357,62,333,1167,0.0007726091585116975,3.3000000000161806e-07,1,[5],[6288]
1358,62,333,1167,0.0007729491585116992,3.400000000016671e-07,1,[5],[6236]
1359,62,333,1167,0.0007733291585117011,3.800000000018632e-07,1,[5],[6148]
1360,62,333,1167,0.0007738291585117035,5.000000000024516e-07,1,[5],[6339]
1361,62,333,1167,0.0007747991585117083,9.700000000047561e-07,1,[5],[6164]
1362,62,333,1168,0.0007706857768799796,0.0007706857768799796,1,[5],[6274]
1363,62,333,1168,0.0007714057768799832,7.200000000035303e-07,1,[5],[6268]
1364,62,333,1168,0.0007720557768799863,6.500000000031871e-07,1,[5],[6225]
1365,62,333,1168,0.0007729357768799907,8.800000000043148e-07,1,[5],[6283]
1366,62,333,1207,0.0011993282936537284,0.0011993282936537284,3,"[147, 148, 172]","[153, 7, 6095]"
1367,62,334,1167,0.0007696510204520769,0.0007696510204520769,2,"[5, 15]","[5976, 280]"
1368,62,334,1167,0.0007704510204520808,8.000000000039226e-07,2,"[5, 15]","[6320, 3]"
1369,62,334,1167,0.0007712410204520847,7.900000000038735e-07,1,[5],[6190]
1370,62,334,1167,0.0007732610204520946,2.0200000000099045e-06,2,"[5, 18]","[6226, 12]"
1371,62,334,1168,0.0007682833446000841,0.0007682833446000841,2,"[5, 15]","[4837, 1514]"
1372,62,334,1168,0.0007687133446000862,4.300000000021084e-07,2,"[5, 15]","[5810, 425]"
1373,62,334,1168,0.0007690233446000877,3.1000000000152e-07,2,"[5, 15]","[6041, 185]"
1374,62,334,1168,0.0007693033446000891,2.800000000013729e-07,2,"[5, 15]","[6218, 77]"
1375,62,334,1168,0.0007695633446000903,2.6000000000127484e-07,2,"[5, 15]","[6332, 30]"
1376,62,334,1168,0.0007698233446000916,2.6000000000127484e-07,2,"[5, 15]","[6240, 13]"
1377,62,334,1168,0.0007700933446000929,2.7000000000132387e-07,2,"[5, 15]","[6229, 2]"
1378,62,334,1168,0.0007703933446000944,3.0000000000147097e-07,2,"[5, 15]","[6205, 2]"
1379,62,334,1168,0.0007707433446000961,3.500000000017161e-07,1,[5],[6100]
1380,62,334,1168,0.0007712533446000986,5.100000000025006e-07,2,"[5, 18]","[6301, 4]"
1381,62,334,1207,0.0011997005820457423,0.0011997005820457423,3,"[147, 148, 172]","[481, 316, 5463]"
1382,62,335,1167,0.0007691991897366993,0.0007691991897366993,2,"[5, 15]","[3057, 3196]"
1383,62,335,1168,0.0007673745562708136,0.0007673745562708136,2,"[5, 15]","[1048, 5247]"
1384,62,335,1168,0.0007677045562708152,3.3000000000161806e-07,2,"[5, 15]","[1896, 4426]"
1385,62,335,1168,0.0007679545562708165,2.500000000012258e-07,2,"[5, 15]","[2572, 3826]"
1386,62,335,1168,0.0007681545562708174,2.0000000000098064e-07,2,"[5, 15]","[2933, 3073]"
1387,62,335,1168,0.0007683545562708184,2.0000000000098064e-07,2,"[5, 15]","[3585, 2682]"
1388,62,335,1168,0.0007685545562708194,2.0000000000098064e-07,2,"[5, 15]","[4167, 2148]"
1389,62,335,1168,0.0007687645562708204,2.1000000000102968e-07,2,"[5, 15]","[4466, 1725]"
1390,62,335,1168,0.0007690145562708217,2.500000000012258e-07,2,"[5, 15]","[5062, 1239]"
1391,62,335,1168,0.0007693445562708233,3.3000000000161806e-07,2,"[5, 15]","[5420, 782]"
1392,62,335,1168,0.0007699645562708263,6.2000000000304e-07,2,"[5, 15]","[5886, 365]"
1393,62,335,1168,0.0007728245562708403,2.860000000014023e-06,4,"[5, 15, 18, 19]","[2367, 18, 3748, 71]"
1394,62,335,1168,0.0007743645562708479,1.540000000007551e-06,3,"[18, 19, 78]","[4742, 1403, 106]"
1395,62,336,1167,0.0007748533812976672,0.0007748533812976672,5,"[5, 15, 18, 19, 78]","[59, 398, 1825, 3054, 934]"
1396,62,336,1168,0.0007729286999929661,0.0007729286999929661,5,"[5, 15, 18, 19, 78]","[731, 2821, 2407, 315, 3]"
1397,62,336,1168,0.0007736986999929699,7.700000000037755e-07,3,"[18, 19, 78]","[4014, 2154, 136]"
1398,62,336,1168,0.000774118699992972,4.2000000000205935e-07,3,"[18, 19, 78]","[3272, 2533, 419]"
1399,62,336,1168,0.0007744686999929737,3.500000000017161e-07,3,"[18, 19, 78]","[3109, 2504, 704]"
1400,62,336,1168,0.0007747886999929753,3.2000000000156903e-07,3,"[18, 19, 78]","[2886, 2450, 956]"
1401,62,336,1168,0.0007751186999929769,3.3000000000161806e-07,3,"[18, 19, 78]","[2964, 2105, 1068]"
1402,62,336,1168,0.000775558699992979,4.400000000021574e-07,3,"[18, 19, 78]","[3472, 1730, 1101]"
1403,62,336,1168,0.0007763486999929829,7.900000000038735e-07,4,"[18, 19, 20, 78]","[4547, 923, 19, 683]"
1404,62,337,1168,0.0007757973234733715,0.0007757973234733715,4,"[18, 19, 20, 78]","[5021, 848, 40, 390]"
1405,62,337,1168,0.0007765973234733754,8.000000000039226e-07,4,"[18, 19, 20, 78]","[5524, 35, 669, 35]"
1406,62,337,1168,0.0007771673234733782,5.700000000027948e-07,4,"[18, 19, 20, 78]","[4405, 2, 1845, 2]"
1407,62,337,1168,0.0007777773234733812,6.10000000002991e-07,2,"[18, 20]","[3506, 2719]"
1408,62,342,1211,0.00119953851439206,0.00119953851439206,2,"[150, 173]","[2, 6255]"
1409,62,342,1212,0.00119870432088773,0.00119870432088773,1,[173],[6270]
1410,62,342,1212,0.0011993443208877263,6.399999999961992e-07,1,[173],[6230]
1411,62,342,1212,0.0012002843208877207,9.399999999944175e-07,1,[173],[6268]
1412,62,343,1212,0.0011996502176177281,0.0011996502176177281,1,[173],[6279]
1413,62,362,1164,0.0008380285525970448,0.0008380285525970448,3,"[23, 55, 56]","[6239, 51, 1]"
1414,62,362,1164,0.0008391085525970501,1.0800000000052955e-06,4,"[23, 39, 55, 56]","[6151, 22, 74, 1]"
1415,62,362,1164,0.0008405685525970573,1.4600000000071587e-06,4,"[23, 39, 40, 55]","[5484, 681, 41, 8]"
1416,62,362,1165,0.0008384394573693652,0.0008384394573693652,3,"[23, 55, 56]","[6117, 150, 4]"
1417,62,363,1164,0.0008399604703243624,0.0008399604703243624,5,"[23, 39, 40, 55, 56]","[5323, 835, 108, 13, 1]"
1418,62,363,1164,0.0008406204703243656,6.600000000032361e-07,3,"[23, 39, 40]","[3864, 1829, 584]"
1419,62,363,1164,0.0008411904703243684,5.700000000027948e-07,3,"[23, 39, 40]","[3452, 1541, 1266]"
1420,62,363,1164,0.0008418404703243716,6.500000000031871e-07,3,"[23, 39, 40]","[3769, 730, 1725]"
1421,62,363,1164,0.0008541704703244321,1.2330000000060457e-05,4,"[23, 39, 40, 43]","[5094, 134, 982, 1]"
1422,62,363,1165,0.000841087279265464,0.000841087279265464,4,"[23, 39, 40, 55]","[4200, 1208, 836, 18]"
1423,62,363,1165,0.0008431072792654739,2.0200000000099045e-06,3,"[23, 39, 40]","[4460, 342, 1439]"
1424,62,363,1221,0.0013079994649489992,0.0013079994649489992,1,[223],[6265]
1425,62,363,1221,0.0013094894649489904,1.4899999999911512e-06,1,[223],[6241]
1426,62,364,1164,0.0008426727105300169,0.0008426727105300169,3,"[23, 39, 40]","[5283, 167, 849]"
1427,62,364,1164,0.000844112710530024,1.4400000000070606e-06,2,"[23, 40]","[6193, 20]"
1428,62,364,1164,0.000853902710530072,9.790000000048002e-06,4,"[23, 43, 44, 47]","[6224, 28, 2, 5]"
1429,62,364,1164,0.0008548027105300764,9.000000000044129e-07,4,"[23, 43, 44, 47]","[6139, 93, 4, 3]"
1430,62,364,1164,0.0008561027105300828,1.3000000000063742e-06,3,"[23, 43, 44]","[6190, 51, 1]"
1431,62,364,1165,0.0008431488573310591,0.0008431488573310591,3,"[23, 39, 40]","[5805, 63, 406]"
1432,62,364,1165,0.0008443288573310648,1.1800000000057858e-06,2,"[23, 40]","[6238, 1]"
1433,62,364,1165,0.0008544088573311143,1.0080000000049424e-05,3,"[23, 43, 47]","[6247, 13, 1]"
1434,62,365,1164,0.000845161722690493,0.000845161722690493,1,[23],[6291]
1435,62,365,1164,0.0008460717226904975,9.100000000044619e-07,1,[23],[6219]
1436,62,365,1164,0.0008476717226905053,1.6000000000078451e-06,1,[23],[6251]
1437,62,365,1164,0.0008497517226905155,2.0800000000101987e-06,1,[23],[6243]
1438,62,365,1164,0.0008517117226905252,1.9600000000096103e-06,2,"[23, 47]","[6253, 1]"
1439,62,365,1164,0.0008530317226905316,1.3200000000064722e-06,3,"[23, 43, 47]","[6112, 1, 150]"
1440,62,365,1164,0.000853931722690536,9.000000000044129e-07,4,"[23, 43, 44, 47]","[5896, 15, 1, 318]"
1441,62,365,1164,0.0008545517226905391,6.2000000000304e-07,4,"[23, 43, 44, 47]","[6165, 23, 1, 117]"
1442,62,365,1164,0.0008550717226905416,5.200000000025497e-07,3,"[23, 43, 47]","[6259, 23, 20]"
1443,62,365,1164,0.0008556217226905443,5.500000000026968e-07,3,"[23, 43, 47]","[6178, 13, 4]"
1444,62,365,1165,0.0008451653063308341,0.0008451653063308341,1,[23],[6298]
1445,62,365,1165,0.0008474153063308451,2.2500000000110322e-06,1,[23],[6210]
1446,62,365,1165,0.0008532653063308738,5.850000000028684e-06,3,"[23, 43, 47]","[6214, 1, 28]"
1447,62,365,1165,0.0008552653063308836,2.0000000000098064e-06,4,"[23, 43, 44, 47]","[6249, 10, 1, 34]"
1448,62,366,1164,0.0008469478835302019,0.0008469478835302019,1,[23],[6278]
1449,62,366,1164,0.0008488678835302113,1.920000000009414e-06,1,[23],[6238]
1450,62,366,1164,0.0008505478835302196,1.6800000000082374e-06,1,[23],[6251]
1451,62,366,1164,0.0008523178835302283,1.7700000000086787e-06,2,"[23, 47]","[6213, 20]"
1452,62,366,1164,0.0008545778835302393,2.2600000000110813e-06,2,"[23, 47]","[5803, 453]"
1453,62,366,1165,0.0008503289526353143,0.0008503289526353143,1,[23],[6252]
