,event,pixel_x,pixel_y,reset_time,TSLR,nMCParticles,MC_TrackIDs,MC_Weights
0,66,242,1122,0.0010299628630124104,0.0010299628630124104,3,"[5, 17, 20]","[3989, 2272, 6]"
1,66,243,1122,0.0010263907708960446,0.0010263907708960446,1,[5],[6255]
2,66,243,1122,0.0010272607708960394,8.699999999948332e-07,2,"[5, 17]","[6300, 12]"
3,66,243,1122,0.0010278107708960361,5.499999999967337e-07,2,"[5, 17]","[6077, 109]"
4,66,243,1122,0.0010282407708960336,4.299999999974463e-07,2,"[5, 17]","[5956, 450]"
5,66,243,1122,0.0010285807708960315,3.399999999979808e-07,2,"[5, 17]","[5302, 874]"
6,66,243,1122,0.0010288907708960297,3.0999999999815897e-07,2,"[5, 17]","[4649, 1597]"
7,66,243,1122,0.0010292007708960279,3.0999999999815897e-07,2,"[5, 17]","[4133, 2173]"
8,66,243,1122,0.001029510770896026,3.0999999999815897e-07,3,"[5, 17, 20]","[3249, 2875, 4]"
9,66,243,1122,0.0010298907708960238,3.7999999999774325e-07,3,"[5, 17, 20]","[2684, 3524, 35]"
10,66,243,1122,0.00103052077089602,6.299999999962586e-07,3,"[5, 17, 20]","[1801, 4093, 354]"
11,66,243,1122,0.0010316307708960134,1.109999999993408e-06,3,"[5, 17, 20]","[364, 1658, 4259]"
12,66,243,1122,0.0010324507708960086,8.199999999951302e-07,3,"[5, 17, 20]","[6, 52, 6164]"
13,66,243,1123,0.0010233869990244398,0.0010233869990244398,1,[5],[6279]
14,66,243,1123,0.001024216999024435,8.299999999950708e-07,1,[5],[6265]
15,66,243,1123,0.0010248169990244313,5.999999999964367e-07,1,[5],[6241]
16,66,243,1123,0.0010253269990244283,5.099999999969712e-07,1,[5],[6304]
17,66,243,1123,0.0010257969990244255,4.6999999999720876e-07,1,[5],[6278]
18,66,243,1123,0.001026226999024423,4.299999999974463e-07,1,[5],[6143]
19,66,243,1123,0.0010266569990244204,4.299999999974463e-07,1,[5],[6266]
20,66,243,1123,0.001027076999024418,4.199999999975057e-07,2,"[5, 17]","[6314, 1]"
21,66,243,1123,0.0010275169990244153,4.399999999973869e-07,2,"[5, 17]","[6247, 14]"
22,66,243,1123,0.0010279669990244126,4.4999999999732754e-07,2,"[5, 17]","[6115, 75]"
23,66,243,1123,0.0010284769990244096,5.099999999969712e-07,2,"[5, 17]","[5895, 373]"
24,66,243,1123,0.0010290269990244063,5.499999999967337e-07,2,"[5, 17]","[5018, 1256]"
25,66,243,1123,0.0010296869990244024,6.599999999960804e-07,3,"[5, 17, 20]","[3482, 2728, 5]"
26,66,243,1123,0.0010315669990243912,1.879999999988835e-06,3,"[5, 17, 20]","[1435, 3722, 1060]"
27,66,243,1124,0.0010230484853156836,0.0010230484853156836,1,[5],[6256]
28,66,243,1124,0.0010252984853156703,2.2499999999866377e-06,1,[5],[6251]
29,66,244,1121,0.001032277399525323,0.001032277399525323,3,"[5, 17, 20]","[234, 88, 5937]"
30,66,244,1121,0.0010329873995253188,7.099999999957834e-07,1,[20],[6310]
31,66,244,1122,0.0010274952840175992,0.0010274952840175992,2,"[5, 17]","[6247, 6]"
32,66,244,1122,0.0010294152840175878,1.9199999999885975e-06,3,"[5, 17, 20]","[5460, 812, 1]"
33,66,244,1122,0.0010320052840175724,2.5899999999846185e-06,3,"[5, 17, 20]","[1053, 1077, 4108]"
34,66,244,1122,0.0010333052840175647,1.2999999999922796e-06,1,[20],[6249]
35,66,244,1123,0.0010217078994575453,0.0010217078994575453,1,[5],[6267]
36,66,244,1123,0.00102258789945754,8.799999999947739e-07,1,[5],[6259]
37,66,244,1123,0.001023287899457536,6.999999999958428e-07,1,[5],[6275]
38,66,244,1123,0.0010239178994575322,6.299999999962586e-07,1,[5],[6212]
39,66,244,1123,0.0010245578994575284,6.399999999961992e-07,1,[5],[6270]
40,66,244,1123,0.001025287899457524,7.299999999956647e-07,1,[5],[6269]
41,66,244,1123,0.001026117899457519,8.299999999950708e-07,1,[5],[6222]
42,66,244,1123,0.0010272178994575126,1.0999999999934673e-06,1,[5],[6237]
43,66,244,1123,0.0010294178994574995,2.1999999999869346e-06,2,"[5, 17]","[5854, 389]"
44,66,244,1124,0.0010187024886450136,0.0010187024886450136,1,[5],[6300]
45,66,244,1124,0.0010195424886450086,8.399999999950114e-07,1,[5],[6279]
46,66,244,1124,0.001020132488645005,5.899999999964961e-07,1,[5],[6281]
47,66,244,1124,0.0010206224886450022,4.8999999999709e-07,1,[5],[6219]
48,66,244,1124,0.0010210624886449996,4.399999999973869e-07,1,[5],[6174]
49,66,244,1124,0.001021482488644997,4.199999999975057e-07,1,[5],[6260]
50,66,244,1124,0.0010219224886449945,4.399999999973869e-07,1,[5],[6279]
51,66,244,1124,0.0010224224886449915,4.999999999970306e-07,1,[5],[6277]
52,66,244,1124,0.0010230424886449878,6.199999999963179e-07,1,[5],[6258]
53,66,244,1124,0.0010240524886449818,1.0099999999940018e-06,1,[5],[6195]
54,66,244,1125,0.001018499084862853,0.001018499084862853,1,[5],[6276]
55,66,244,1125,0.0010206290848628404,2.1299999999873503e-06,1,[5],[6231]
56,66,245,1120,0.0010330010609032577,0.0010330010609032577,1,[20],[6302]
57,66,245,1120,0.0010337310609032533,7.299999999956647e-07,1,[20],[6222]
58,66,245,1121,0.0010330491929987215,0.0010330491929987215,1,[20],[6261]
59,66,245,1124,0.001016797852044585,0.001016797852044585,1,[5],[6264]
60,66,245,1124,0.0010178778520445785,1.079999999993586e-06,1,[5],[6296]
61,66,245,1124,0.0010187478520445733,8.699999999948332e-07,1,[5],[6252]
62,66,245,1124,0.0010196078520445682,8.599999999948926e-07,1,[5],[6256]
63,66,245,1124,0.0010207378520445615,1.1299999999932892e-06,1,[5],[6199]
64,66,245,1125,0.0010141220024076944,0.0010141220024076944,1,[5],[6265]
65,66,245,1125,0.0010149320024076896,8.099999999951896e-07,1,[5],[6290]
66,66,245,1125,0.001015532002407686,5.999999999964367e-07,1,[5],[6236]
67,66,245,1125,0.0010160720024076828,5.39999999996793e-07,1,[5],[6277]
68,66,245,1125,0.0010165920024076797,5.199999999969118e-07,1,[5],[6296]
69,66,245,1125,0.0010171520024076764,5.599999999966743e-07,1,[5],[6229]
70,66,245,1125,0.0010177820024076726,6.299999999962586e-07,1,[5],[6243]
71,66,245,1125,0.0010186120024076677,8.299999999950708e-07,1,[5],[6203]
72,66,245,1125,0.001021082002407653,2.469999999985331e-06,1,[5],[6211]
73,66,245,1126,0.0010149991939884299,0.0010149991939884299,1,[5],[6254]
74,66,246,1119,0.0010336249931690333,0.0010336249931690333,1,[20],[6320]
75,66,246,1119,0.001034354993169029,7.299999999956647e-07,1,[20],[6236]
76,66,246,1120,0.0010337138287674773,0.0010337138287674773,1,[20],[6295]
77,66,246,1125,0.001012127505480525,0.001012127505480525,1,[5],[6287]
78,66,246,1125,0.0010130375054805197,9.099999999945957e-07,1,[5],[6274]
79,66,246,1125,0.0010137675054805154,7.299999999956647e-07,1,[5],[6215]
80,66,246,1125,0.001014507505480511,7.399999999956053e-07,1,[5],[6258]
81,66,246,1125,0.0010153775054805058,8.699999999948332e-07,1,[5],[6254]
82,66,246,1125,0.001017177505480495,1.7999999999893102e-06,1,[5],[6225]
83,66,246,1126,0.0010102117658750394,0.0010102117658750394,1,[5],[6283]
84,66,246,1126,0.0010110717658750343,8.599999999948926e-07,1,[5],[6263]
85,66,246,1126,0.0010117417658750303,6.69999999996021e-07,1,[5],[6228]
86,66,246,1126,0.0010123817658750265,6.399999999961992e-07,1,[5],[6309]
87,66,246,1126,0.0010130817658750224,6.999999999958428e-07,1,[5],[6209]
88,66,246,1126,0.0010141017658750163,1.0199999999939424e-06,1,[5],[6225]
89,66,247,1117,0.0010342483822935952,0.0010342483822935952,2,"[20, 21]","[4418, 1843]"
90,66,247,1118,0.0010337306844204626,0.0010337306844204626,2,"[20, 21]","[5731, 534]"
91,66,247,1118,0.0010344406844204584,7.099999999957834e-07,2,"[20, 21]","[5982, 309]"
92,66,247,1119,0.001034411916673239,0.001034411916673239,2,"[20, 21]","[6290, 9]"
93,66,247,1126,0.0010078975843814662,0.0010078975843814662,1,[5],[6320]
94,66,247,1126,0.0010086375843814618,7.399999999956053e-07,1,[5],[6223]
95,66,247,1126,0.001009257584381458,6.199999999963179e-07,1,[5],[6314]
96,66,247,1126,0.0010098575843814545,5.999999999964367e-07,1,[5],[6202]
97,66,247,1126,0.0010105275843814506,6.69999999996021e-07,1,[5],[6247]
98,66,247,1126,0.001011457584381445,9.299999999944769e-07,1,[5],[6220]
99,66,247,1127,0.0010072761426580302,0.0010072761426580302,1,[5],[6282]
100,66,247,1127,0.0010082561426580244,9.7999999999418e-07,1,[5],[6285]
101,66,247,1127,0.0010093961426580176,1.1399999999932298e-06,1,[5],[6196]
102,66,247,1374,0.0008084024175933289,0.0008084024175933289,1,[162],[6295]
103,66,248,1116,0.0010346618519478854,0.0010346618519478854,2,"[20, 21]","[6127, 160]"
104,66,248,1117,0.001033611067294888,0.001033611067294888,2,"[20, 21]","[4466, 1815]"
105,66,248,1117,0.0010342110672948844,5.999999999964367e-07,2,"[20, 21]","[5160, 1061]"
106,66,248,1117,0.0010350310672948796,8.199999999951302e-07,2,"[20, 21]","[5580, 677]"
107,66,248,1118,0.0010345569747531305,0.0010345569747531305,2,"[20, 21]","[4983, 1298]"
108,66,248,1126,0.0010072844103177882,0.0010072844103177882,2,"[5, 15]","[6261, 3]"
109,66,248,1126,0.001010004410317772,2.7199999999838465e-06,1,[5],[6239]
110,66,248,1127,0.0010049944430330859,0.0010049944430330859,2,"[5, 15]","[6134, 209]"
111,66,248,1127,0.0010055944430330823,5.999999999964367e-07,2,"[5, 15]","[6185, 11]"
112,66,248,1127,0.0010060844430330794,4.8999999999709e-07,2,"[5, 15]","[6242, 2]"
113,66,248,1127,0.0010065644430330765,4.799999999971494e-07,2,"[5, 15]","[6268, 1]"
114,66,248,1127,0.0010071144430330733,5.499999999967337e-07,1,[5],[6202]
115,66,248,1127,0.001007984443033068,8.699999999948332e-07,1,[5],[6276]
116,66,248,1128,0.001006372480715805,0.001006372480715805,2,"[5, 15]","[6019, 243]"
117,66,249,1115,0.0010349433072218048,0.0010349433072218048,1,[20],[6310]
118,66,249,1116,0.0010344011221652281,0.0010344011221652281,2,"[20, 21]","[6278, 3]"
119,66,249,1116,0.0010351411221652237,7.399999999956053e-07,1,[20],[6261]
120,66,249,1127,0.0010037581811130373,0.0010037581811130373,2,"[5, 15]","[5373, 912]"
121,66,249,1127,0.0010043981811130335,6.399999999961992e-07,2,"[5, 15]","[5414, 815]"
122,66,249,1127,0.00100497818111303,5.799999999965555e-07,2,"[5, 15]","[5785, 513]"
123,66,249,1127,0.0010057081811130257,7.299999999956647e-07,2,"[5, 15]","[6051, 190]"
124,66,249,1128,0.0010030577466912801,0.0010030577466912801,2,"[5, 15]","[5993, 291]"
125,66,249,1128,0.0010037077466912763,6.499999999961398e-07,2,"[5, 15]","[5561, 744]"
126,66,249,1128,0.001004267746691273,5.599999999966743e-07,2,"[5, 15]","[5368, 909]"
127,66,249,1128,0.0010049777466912687,7.099999999957834e-07,2,"[5, 15]","[5322, 842]"
128,66,250,1114,0.001035174273477885,0.001035174273477885,1,[20],[6263]
129,66,250,1115,0.0010347200509957214,0.0010347200509957214,1,[20],[6281]
130,66,250,1115,0.0010354100509957173,6.899999999959022e-07,1,[20],[6240]
131,66,250,1127,0.0010053010609749494,0.0010053010609749494,2,"[5, 15]","[5764, 489]"
132,66,250,1128,0.0010015381061672245,0.0010015381061672245,1,[5],[6314]
133,66,250,1128,0.001002128106167221,5.899999999964961e-07,2,"[5, 15]","[6291, 1]"
134,66,250,1128,0.001002618106167218,4.8999999999709e-07,2,"[5, 15]","[6199, 10]"
135,66,250,1128,0.001003138106167215,5.199999999969118e-07,2,"[5, 15]","[6185, 66]"
136,66,250,1128,0.0010038981061672105,7.599999999954865e-07,2,"[5, 15]","[6026, 198]"
137,66,250,1129,0.0010018090841276916,0.0010018090841276916,1,[5],[6270]
138,66,251,1113,0.0010354091086007685,0.0010354091086007685,1,[20],[6253]
139,66,251,1114,0.0010348603978404289,0.0010348603978404289,1,[20],[6307]
140,66,251,1114,0.0010355503978404248,6.899999999959022e-07,1,[20],[6244]
141,66,251,1128,0.0010010437620872935,0.0010010437620872935,1,[5],[6286]
142,66,251,1128,0.0010024137620872854,1.3699999999918638e-06,1,[5],[6229]
143,66,251,1129,0.0009995535133238344,0.0009995535133238344,1,[5],[6283]
144,66,251,1129,0.0010001935133238306,6.399999999961992e-07,1,[5],[6263]
145,66,251,1129,0.0010007535133238273,5.599999999966743e-07,1,[5],[6227]
146,66,251,1129,0.0010015035133238228,7.499999999955459e-07,1,[5],[6289]
147,66,252,1112,0.0010355686773983028,0.0010355686773983028,2,"[20, 867]","[6293, 20]"
148,66,252,1112,0.001037048677398294,1.4799999999912106e-06,1,[20],[6192]
149,66,252,1113,0.0010348568643439764,0.0010348568643439764,2,"[20, 867]","[6264, 14]"
150,66,252,1113,0.0010354868643439727,6.299999999962586e-07,1,[20],[6296]
151,66,252,1113,0.0010365068643439666,1.0199999999939424e-06,1,[20],[6202]
152,66,252,1129,0.0009982710819155785,0.0009982710819155785,1,[5],[6253]
153,66,252,1129,0.0009989810819155743,7.099999999957834e-07,1,[5],[6342]
154,66,252,1129,0.0009996510819155703,6.69999999996021e-07,1,[5],[6235]
155,66,252,1129,0.0010007810819155636,1.1299999999932892e-06,1,[5],[6189]
156,66,252,1130,0.0009976307751762563,0.0009976307751762563,1,[5],[6294]
157,66,252,1130,0.0009984507751762514,8.199999999951302e-07,1,[5],[6214]
158,66,252,1130,0.000999550775176245,1.0999999999934673e-06,1,[5],[6247]
159,66,253,1112,0.0010356093612196816,0.0010356093612196816,2,"[20, 867]","[6031, 222]"
160,66,253,1112,0.0010371393612196725,1.5299999999909136e-06,1,[20],[6259]
161,66,253,1113,0.0010363429349452967,0.0010363429349452967,2,"[20, 867]","[6082, 175]"
162,66,253,1129,0.0009989683975465695,0.0009989683975465695,1,[5],[6258]
163,66,253,1130,0.0009958087023832869,0.0009958087023832869,2,"[5, 14]","[6263, 10]"
164,66,253,1130,0.000996448702383283,6.399999999961992e-07,1,[5],[6285]
165,66,253,1130,0.00099697870238328,5.299999999968524e-07,1,[5],[6261]
166,66,253,1130,0.0009975387023832766,5.599999999966743e-07,1,[5],[6266]
167,66,253,1130,0.0009984187023832714,8.799999999947739e-07,1,[5],[6207]
168,66,253,1131,0.0009960581892922678,0.0009960581892922678,2,"[5, 14]","[6200, 56]"
169,66,254,1130,0.0009949668420483743,0.0009949668420483743,2,"[5, 14]","[5749, 516]"
170,66,254,1130,0.000996026842048368,1.0599999999937049e-06,2,"[5, 14]","[6229, 25]"
171,66,254,1131,0.0009933952366647533,0.0009933952366647533,2,"[5, 14]","[5026, 1244]"
172,66,254,1131,0.0009939752366647499,5.799999999965555e-07,2,"[5, 14]","[5097, 1178]"
173,66,254,1131,0.000994475236664747,4.999999999970306e-07,2,"[5, 14]","[5387, 825]"
174,66,254,1131,0.0009950252366647437,5.499999999967337e-07,2,"[5, 14]","[5845, 442]"
175,66,254,1131,0.000995795236664739,7.699999999954271e-07,2,"[5, 14]","[6131, 135]"
176,66,255,1131,0.0009922317051896743,0.0009922317051896743,2,"[5, 14]","[6232, 48]"
177,66,255,1131,0.00099297170518967,7.399999999956053e-07,2,"[5, 14]","[5932, 359]"
178,66,255,1131,0.000993621705189666,6.499999999961398e-07,2,"[5, 14]","[5308, 921]"
179,66,255,1131,0.000994491705189661,8.699999999948332e-07,2,"[5, 14]","[4958, 1249]"
180,66,255,1132,0.0009914350114791331,0.0009914350114791331,1,[5],[6273]
181,66,255,1132,0.000992305011479128,8.699999999948332e-07,2,"[5, 14]","[6242, 8]"
182,66,255,1132,0.0009934250114791213,1.1199999999933485e-06,2,"[5, 14]","[6088, 142]"
183,66,256,1132,0.0009895560534617027,0.0009895560534617027,1,[5],[6304]
184,66,256,1132,0.0009902260534616987,6.69999999996021e-07,1,[5],[6242]
185,66,256,1132,0.0009907960534616953,5.699999999966149e-07,1,[5],[6243]
186,66,256,1132,0.0009914560534616914,6.599999999960804e-07,1,[5],[6250]
187,66,256,1132,0.0009932560534616807,1.7999999999893102e-06,2,"[5, 14]","[6214, 2]"
188,66,256,1133,0.0009896012828322543,0.0009896012828322543,2,"[5, 13]","[6255, 1]"
189,66,257,1132,0.000988881671017262,0.000988881671017262,2,"[5, 13]","[6252, 8]"
190,66,257,1132,0.0009901816710172543,1.2999999999922796e-06,1,[5],[6245]
191,66,257,1133,0.0009871726535851785,0.0009871726535851785,2,"[5, 13]","[5919, 342]"
192,66,257,1133,0.0009878226535851747,6.499999999961398e-07,2,"[5, 13]","[6335, 23]"
193,66,257,1133,0.0009883426535851716,5.199999999969118e-07,2,"[5, 13]","[6150, 1]"
194,66,257,1133,0.0009889126535851682,5.699999999966149e-07,2,"[5, 13]","[6277, 1]"
195,66,257,1133,0.0009898226535851628,9.099999999945957e-07,1,[5],[6231]
196,66,258,1133,0.000985873629494878,0.000985873629494878,2,"[5, 13]","[5031, 1290]"
197,66,258,1133,0.0009865036294948743,6.299999999962586e-07,2,"[5, 13]","[4964, 1279]"
198,66,258,1133,0.0009870836294948709,5.799999999965555e-07,2,"[5, 13]","[5459, 826]"
199,66,258,1133,0.0009878136294948665,7.299999999956647e-07,2,"[5, 13]","[5877, 326]"
200,66,258,1134,0.0009851986320920869,0.0009851986320920869,2,"[5, 13]","[5989, 318]"
201,66,258,1134,0.0009859286320920825,7.299999999956647e-07,2,"[5, 13]","[5320, 928]"
202,66,258,1134,0.0009866186320920784,6.899999999959022e-07,2,"[5, 13]","[5052, 1213]"
203,66,258,1134,0.0009888586320920651,2.239999999986697e-06,2,"[5, 13]","[5347, 834]"
204,66,259,1133,0.0009879956984688374,0.0009879956984688374,2,"[5, 13]","[5618, 632]"
205,66,259,1134,0.0009834862481301035,0.0009834862481301035,1,[5],[6315]
206,66,259,1134,0.0009841462481300996,6.599999999960804e-07,2,"[5, 13]","[6279, 1]"
207,66,259,1134,0.0009847062481300962,5.599999999966743e-07,2,"[5, 13]","[6151, 7]"
208,66,259,1134,0.0009853562481300924,6.499999999961398e-07,2,"[5, 13]","[6213, 70]"
209,66,259,1134,0.0009868962481300832,1.5399999999908542e-06,2,"[5, 13]","[5767, 458]"
210,66,259,1135,0.0009836490761370312,0.0009836490761370312,1,[5],[6272]
211,66,260,1134,0.0009829963381641031,0.0009829963381641031,1,[5],[6284]
212,66,260,1134,0.000985026338164091,2.0299999999879442e-06,1,[5],[6217]
213,66,260,1135,0.000981253909780963,0.000981253909780963,1,[5],[6271]
214,66,260,1135,0.0009819139097809592,6.599999999960804e-07,1,[5],[6233]
215,66,260,1135,0.0009825339097809555,6.199999999963179e-07,1,[5],[6294]
216,66,260,1135,0.0009833539097809506,8.199999999951302e-07,1,[5],[6242]
217,66,261,1135,0.0009802003964546585,0.0009802003964546585,2,"[5, 11]","[6258, 1]"
218,66,261,1135,0.0009810103964546537,8.099999999951896e-07,1,[5],[6294]
219,66,261,1135,0.0009820103964546477,9.999999999940612e-07,1,[5],[6198]
220,66,261,1136,0.0009792561911046137,0.0009792561911046137,3,"[5, 11, 12]","[5981, 99, 179]"
221,66,261,1136,0.000980046191104609,7.899999999953083e-07,3,"[5, 11, 12]","[6246, 2, 10]"
222,66,261,1136,0.0009809361911046037,8.899999999947145e-07,1,[5],[6247]
223,66,262,1136,0.0009774505773081728,0.0009774505773081728,4,"[5, 10, 11, 12]","[3644, 9, 1420, 1213]"
224,66,262,1136,0.0009779405773081699,4.8999999999709e-07,3,"[5, 11, 12]","[3594, 1078, 1545]"
225,66,262,1136,0.0009783605773081674,4.199999999975057e-07,3,"[5, 11, 12]","[4026, 809, 1544]"
226,66,262,1136,0.0009787805773081649,4.199999999975057e-07,3,"[5, 11, 12]","[4474, 447, 1301]"
227,66,262,1136,0.0009793105773081617,5.299999999968524e-07,3,"[5, 11, 12]","[5123, 221, 859]"
228,66,262,1136,0.0009804005773081553,1.0899999999935267e-06,3,"[5, 11, 12]","[5864, 42, 300]"
229,66,262,1137,0.0009772987437671433,0.0009772987437671433,4,"[5, 10, 11, 12]","[4611, 151, 732, 787]"
230,66,262,1137,0.0009779687437671393,6.69999999996021e-07,4,"[5, 10, 11, 12]","[3391, 2, 944, 1905]"
231,66,262,1137,0.000978708743767135,7.399999999956053e-07,4,"[5, 10, 11, 12]","[3082, 1, 716, 2465]"
232,66,263,1136,0.0009774451362873694,0.0009774451362873694,4,"[5, 10, 11, 12]","[4481, 219, 855, 746]"
233,66,263,1136,0.0009784551362873634,1.0099999999940018e-06,4,"[5, 10, 11, 12]","[2896, 1, 1218, 2088]"
234,66,263,1137,0.0009755609707089413,0.0009755609707089413,3,"[5, 10, 11]","[4890, 1397, 4]"
235,66,263,1137,0.000976110970708944,5.500000000026968e-07,4,"[5, 10, 11, 12]","[4972, 1229, 16, 6]"
236,66,263,1137,0.000976600970708946,4.900000000019689e-07,4,"[5, 10, 11, 12]","[5365, 861, 60, 59]"
237,66,263,1137,0.0009771209707089429,5.199999999969118e-07,4,"[5, 10, 11, 12]","[5367, 387, 210, 234]"
238,66,263,1137,0.000977760970708939,6.399999999961992e-07,4,"[5, 10, 11, 12]","[4751, 106, 520, 900]"
239,66,263,1137,0.0009791809707089306,1.419999999991567e-06,4,"[5, 10, 11, 12]","[3053, 6, 689, 2428]"
240,66,263,1138,0.0009762132025864325,0.0009762132025864325,2,"[5, 10]","[5345, 918]"
241,66,264,1137,0.0009751192011278524,0.0009751192011278524,2,"[5, 10]","[5992, 274]"
242,66,264,1137,0.0009761192011278573,1.0000000000049032e-06,2,"[5, 10]","[5396, 850]"
243,66,264,1138,0.0009737465590592539,0.0009737465590592539,2,"[5, 10]","[6283, 1]"
244,66,264,1138,0.0009744565590592574,7.100000000034813e-07,2,"[5, 10]","[6298, 19]"
245,66,264,1138,0.0009751365590592607,6.800000000033342e-07,2,"[5, 10]","[6142, 74]"
246,66,264,1138,0.0009763465590592667,1.2100000000059329e-06,2,"[5, 10]","[5856, 343]"
247,66,265,1138,0.0009725793365317155,0.0009725793365317155,1,[5],[6286]
248,66,265,1138,0.0009733393365317192,7.600000000037264e-07,1,[5],[6219]
249,66,265,1138,0.0009741993365317234,8.600000000042168e-07,1,[5],[6275]
250,66,265,1139,0.000971861702869432,0.000971861702869432,1,[5],[6263]
251,66,265,1139,0.0009727717028694365,9.100000000044619e-07,1,[5],[6297]
252,66,266,1139,0.0009701594958173339,0.0009701594958173339,2,"[5, 9]","[6201, 100]"
253,66,266,1139,0.0009708294958173371,6.700000000032852e-07,2,"[5, 9]","[6202, 6]"
254,66,266,1139,0.0009714294958173401,6.000000000029419e-07,1,[5],[6265]
255,66,266,1139,0.0009721894958173438,7.600000000037264e-07,1,[5],[6248]
256,66,266,1140,0.0009703226575471039,0.0009703226575471039,2,"[5, 9]","[5808, 451]"
257,66,267,1139,0.0009696680854742197,0.0009696680854742197,2,"[5, 9]","[5549, 728]"
258,66,267,1140,0.0009679431023348821,0.0009679431023348821,2,"[5, 9]","[6011, 308]"
259,66,267,1140,0.000968543102334885,6.000000000029419e-07,2,"[5, 9]","[5350, 910]"
260,66,267,1140,0.0009690131023348873,4.700000000023045e-07,2,"[5, 9]","[4941, 1244]"
261,66,267,1140,0.0009695431023348899,5.300000000025987e-07,2,"[5, 9]","[4983, 1323]"
262,66,267,1140,0.0009704331023348943,8.900000000043639e-07,2,"[5, 9]","[5200, 1004]"
263,66,268,1140,0.0009669587243743238,0.0009669587243743238,2,"[5, 9]","[6254, 3]"
264,66,268,1140,0.0009677587243743278,8.000000000039226e-07,2,"[5, 9]","[6220, 29]"
265,66,268,1140,0.0009687587243743327,1.0000000000049032e-06,2,"[5, 9]","[6028, 255]"
266,66,268,1141,0.0009660736190116057,0.0009660736190116057,1,[5],[6281]
267,66,268,1141,0.0009669036190116097,8.300000000040697e-07,1,[5],[6270]
268,66,268,1141,0.0009680336190116153,1.1300000000055406e-06,2,"[5, 9]","[6225, 9]"
269,66,269,1141,0.0009645956959382605,0.0009645956959382605,1,[5],[6325]
270,66,269,1141,0.0009652756959382639,6.800000000033342e-07,1,[5],[6183]
271,66,269,1141,0.0009659556959382672,6.800000000033342e-07,1,[5],[6319]
272,66,269,1141,0.0009674556959382746,1.5000000000073548e-06,1,[5],[6177]
273,66,269,1142,0.0009645674779373224,0.0009645674779373224,1,[5],[6266]
274,66,270,1141,0.0009645826394135625,0.0009645826394135625,1,[5],[6255]
275,66,270,1142,0.0009624764405489701,0.0009624764405489701,1,[5],[6257]
276,66,270,1142,0.0009631564405489734,6.800000000033342e-07,1,[5],[6304]
277,66,270,1142,0.0009637864405489765,6.30000000003089e-07,1,[5],[6238]
278,66,270,1142,0.0009648264405489816,1.0400000000050993e-06,1,[5],[6218]
279,66,271,1142,0.0009616344463042409,0.0009616344463042409,1,[5],[6306]
280,66,271,1142,0.0009625944463042456,9.60000000004707e-07,1,[5],[6204]
281,66,271,1143,0.0009606334009071701,0.0009606334009071701,1,[5],[6257]
282,66,271,1143,0.000961423400907174,7.900000000038735e-07,1,[5],[6272]
283,66,271,1143,0.000962453400907179,1.0300000000050503e-06,1,[5],[6255]
284,66,272,1143,0.0009592819720299373,0.0009592819720299373,1,[5],[6272]
285,66,272,1143,0.000960031972029941,7.500000000036774e-07,1,[5],[6292]
286,66,272,1143,0.0009608219720299449,7.900000000038735e-07,1,[5],[6189]
287,66,272,1144,0.0009590488368963532,0.0009590488368963532,1,[5],[6293]
288,66,273,1143,0.0009598601742427691,0.0009598601742427691,1,[5],[6250]
289,66,273,1144,0.000957145528563563,0.000957145528563563,1,[5],[6280]
290,66,273,1144,0.0009578155285635663,6.700000000032852e-07,1,[5],[6300]
291,66,273,1144,0.0009584555285635694,6.400000000031381e-07,1,[5],[6190]
292,66,273,1144,0.0009597355285635757,1.2800000000062761e-06,1,[5],[6239]
293,66,273,1145,0.0009586906023256155,0.0009586906023256155,1,[5],[6250]
294,66,274,1144,0.0009565597310641238,0.0009565597310641238,1,[5],[6274]
295,66,274,1144,0.0009579797310641308,1.4200000000069626e-06,1,[5],[6235]
296,66,274,1145,0.0009551815716849887,0.0009551815716849887,1,[5],[6296]
297,66,274,1145,0.0009559115716849922,7.300000000035793e-07,1,[5],[6212]
298,66,274,1145,0.0009566915716849961,7.800000000038245e-07,1,[5],[6256]
299,66,275,1145,0.0009541097014436001,0.0009541097014436001,1,[5],[6260]
300,66,275,1145,0.000954909701443604,8.000000000039226e-07,1,[5],[6302]
301,66,275,1145,0.0009560297014436095,1.1200000000054916e-06,1,[5],[6204]
302,66,275,1146,0.0009534599241003215,0.0009534599241003215,1,[5],[6259]
303,66,275,1146,0.0009544799241003265,1.0200000000050013e-06,1,[5],[6249]
304,66,276,1146,0.0009517652160471125,0.0009517652160471125,1,[5],[6296]
305,66,276,1146,0.0009524952160471161,7.300000000035793e-07,1,[5],[6270]
306,66,276,1146,0.0009532252160471197,7.300000000035793e-07,1,[5],[6202]
307,66,276,1147,0.0009521981074016877,0.0009521981074016877,1,[5],[6270]
308,66,277,1146,0.0009512736302840288,0.0009512736302840288,1,[5],[6273]
309,66,277,1147,0.0009494909714554719,0.0009494909714554719,1,[5],[6269]
310,66,277,1147,0.0009502409714554756,7.500000000036774e-07,1,[5],[6283]
311,66,277,1147,0.0009509909714554793,7.500000000036774e-07,1,[5],[6205]
312,66,278,1147,0.0009482518421634564,0.0009482518421634564,1,[5],[6308]
313,66,278,1147,0.0009490918421634605,8.400000000041187e-07,1,[5],[6252]
314,66,278,1147,0.0009502018421634659,1.1100000000054426e-06,1,[5],[6208]
315,66,278,1148,0.0009475733226261646,0.0009475733226261646,1,[5],[6293]
316,66,278,1148,0.0009486633226261699,1.0900000000053445e-06,1,[5],[6238]
317,66,279,1148,0.0009457295971322003,0.0009457295971322003,1,[5],[6261]
318,66,279,1148,0.0009464495971322038,7.200000000035303e-07,1,[5],[6279]
319,66,279,1148,0.0009471195971322071,6.700000000032852e-07,1,[5],[6238]
320,66,279,1148,0.000948309597132213,1.1900000000058348e-06,1,[5],[6226]
321,66,279,1149,0.0009465748145144919,0.0009465748145144919,1,[5],[6257]
322,66,279,1315,0.0008362772843515944,0.0008362772843515944,3,"[92, 144, 275]","[4244, 5, 2053]"
323,66,279,1315,0.0008373572843515997,1.0800000000052955e-06,2,"[92, 144]","[6241, 2]"
324,66,279,1315,0.0008387972843516068,1.4400000000070606e-06,1,[92],[6207]
325,66,279,1315,0.0008418172843516216,3.0200000000148077e-06,2,"[92, 111]","[6265, 1]"
326,66,279,1315,0.0008430372843516276,1.220000000005982e-06,2,"[92, 111]","[6207, 64]"
327,66,279,1315,0.0008437072843516309,6.700000000032852e-07,2,"[92, 111]","[6024, 270]"
328,66,279,1315,0.0008446372843516354,9.3000000000456e-07,3,"[92, 111, 112]","[5638, 540, 1]"
329,66,279,1316,0.0008383028836230431,0.0008383028836230431,3,"[92, 144, 275]","[3879, 8, 2367]"
330,66,279,1316,0.0008398928836230509,1.5900000000077961e-06,1,[92],[6302]
331,66,279,1316,0.000840932883623056,1.0400000000050993e-06,1,[92],[6237]
332,66,279,1316,0.0008418028836230602,8.700000000042658e-07,1,[92],[6265]
333,66,279,1316,0.0008426428836230644,8.400000000041187e-07,1,[92],[6203]
334,66,279,1316,0.0008438128836230701,1.1700000000057368e-06,2,"[92, 111]","[6237, 2]"
335,66,280,1148,0.0009451219490225555,0.0009451219490225555,1,[5],[6272]
336,66,280,1148,0.0009477719490225685,2.6500000000129935e-06,1,[5],[6229]
337,66,280,1149,0.0009435879459541993,0.0009435879459541993,1,[5],[6303]
338,66,280,1149,0.0009443879459542032,8.000000000039226e-07,1,[5],[6218]
339,66,280,1149,0.0009452879459542076,9.000000000044129e-07,1,[5],[6270]
340,66,280,1314,0.0008349356241889,0.0008349356241889,2,"[92, 275]","[6212, 63]"
341,66,280,1314,0.0008370856241889105,2.150000000010542e-06,1,[92],[6227]
342,66,280,1315,0.0007649910066146595,0.0007649910066146595,1,[275],[6300]
343,66,280,1315,0.0007659810066146643,9.900000000048542e-07,1,[275],[6217]
344,66,280,1315,0.0008348710066150021,6.889000000033778e-05,3,"[92, 275, 276]","[5121, 1125, 49]"
345,66,280,1315,0.0008359310066150073,1.0600000000051974e-06,1,[92],[6196]
346,66,280,1315,0.0008372110066150136,1.2800000000062761e-06,1,[92],[6250]
347,66,280,1315,0.0008407910066150311,3.5800000000175535e-06,1,[92],[6244]
348,66,280,1316,0.0007644843592196643,0.0007644843592196643,1,[275],[6302]
349,66,280,1316,0.0007649343592196665,4.5000000000220645e-07,1,[275],[6334]
350,66,280,1316,0.0007653543592196685,4.2000000000205935e-07,1,[275],[6129]
351,66,280,1316,0.0007661443592196724,7.900000000038735e-07,1,[275],[6237]
352,66,280,1316,0.0008387243592200283,7.258000000035588e-05,4,"[92, 149, 275, 276]","[3232, 2, 2220, 804]"
353,66,280,1316,0.0008432143592200503,4.4900000000220154e-06,1,[92],[6242]
354,66,280,1317,0.0007658222562901057,0.0007658222562901057,1,[275],[6252]
355,66,281,1149,0.0009420892303293537,0.0009420892303293537,1,[5],[6264]
356,66,281,1149,0.0009429192303293578,8.300000000040697e-07,1,[5],[6241]
357,66,281,1149,0.0009438992303293626,9.800000000048052e-07,1,[5],[6258]
358,66,281,1150,0.000941764500658721,0.000941764500658721,1,[5],[6287]
359,66,281,1150,0.0009435445006587297,1.7800000000087277e-06,1,[5],[6225]
360,66,281,1314,0.000834196952601248,0.000834196952601248,3,"[92, 275, 276]","[6278, 10, 1]"
361,66,281,1314,0.0008350669526012523,8.700000000042658e-07,1,[92],[6252]
362,66,281,1315,0.0008336650597211693,0.0008336650597211693,3,"[92, 275, 276]","[1809, 3989, 477]"
363,66,281,1315,0.0008347050597211744,1.0400000000050993e-06,1,[92],[6252]
364,66,281,1316,0.0007647969626914735,0.0007647969626914735,1,[275],[6331]
365,66,281,1316,0.0007657369626914781,9.40000000004609e-07,1,[275],[6177]
366,66,281,1316,0.000771616962691507,5.880000000028831e-06,1,[275],[6264]
367,66,281,1316,0.0007731069626915143,1.4900000000073058e-06,2,"[275, 276]","[6100, 175]"
368,66,281,1316,0.0007739269626915183,8.200000000040206e-07,2,"[275, 276]","[4686, 1539]"
369,66,281,1316,0.0007746069626915216,6.800000000033342e-07,2,"[275, 276]","[3002, 3233]"
370,66,281,1317,0.0007649948986111401,0.0007649948986111401,1,[275],[6325]
371,66,281,1317,0.0007658048986111441,8.100000000039716e-07,1,[275],[6208]
372,66,281,1317,0.0007664848986111474,6.800000000033342e-07,1,[275],[6280]
373,66,281,1317,0.0007671648986111507,6.800000000033342e-07,1,[275],[6188]
374,66,281,1317,0.0007680548986111551,8.900000000043639e-07,1,[275],[6299]
375,66,281,1317,0.0007690848986111602,1.0300000000050503e-06,1,[275],[6217]
376,66,281,1317,0.0007700448986111649,9.60000000004707e-07,1,[275],[6292]
377,66,281,1317,0.0007709148986111691,8.700000000042658e-07,1,[275],[6240]
378,66,281,1317,0.0007718248986111736,9.100000000044619e-07,1,[275],[6210]
379,66,281,1317,0.0007730048986111794,1.1800000000057858e-06,2,"[275, 276]","[6238, 18]"
380,66,282,1149,0.000942512956335614,0.000942512956335614,1,[5],[6253]
381,66,282,1150,0.0009395953988616028,0.0009395953988616028,1,[5],[6310]
382,66,282,1150,0.0009403153988616063,7.200000000035303e-07,1,[5],[6197]
383,66,282,1150,0.0009410353988616099,7.200000000035303e-07,1,[5],[6249]
384,66,282,1150,0.0009425353988616172,1.5000000000073548e-06,1,[5],[6247]
385,66,282,1314,0.0008335949237307321,0.0008335949237307321,1,[92],[6304]
386,66,282,1314,0.0008343349237307357,7.400000000036284e-07,1,[92],[6222]
387,66,282,1315,0.0008346384281639855,0.0008346384281639855,4,"[92, 149, 275, 276]","[6162, 1, 51, 36]"
388,66,282,1317,0.0007687849373218219,0.0007687849373218219,1,[275],[6252]
389,66,283,1150,0.0009385215242341004,0.0009385215242341004,1,[5],[6314]
390,66,283,1150,0.0009395615242341055,1.0400000000050993e-06,1,[5],[6240]
391,66,283,1151,0.0009375062506917028,0.0009375062506917028,1,[5],[6260]
392,66,283,1151,0.0009384462506917074,9.40000000004609e-07,1,[5],[6267]
393,66,283,1151,0.0009405762506917179,2.130000000010444e-06,1,[5],[6225]
394,66,283,1314,0.000832845466320991,0.000832845466320991,1,[92],[6279]
395,66,283,1314,0.000833455466320994,6.10000000002991e-07,1,[92],[6295]
396,66,283,1314,0.000834475466320999,1.0200000000050013e-06,1,[92],[6187]
397,66,284,1151,0.0009357244528311443,0.0009357244528311443,2,"[5, 8]","[6129, 151]"
398,66,284,1151,0.000936484452831148,7.600000000037264e-07,2,"[5, 8]","[6259, 1]"
399,66,284,1151,0.0009372244528311517,7.400000000036284e-07,1,[5],[6258]
400,66,284,1151,0.0009391944528311613,1.9700000000096593e-06,1,[5],[6204]
401,66,284,1152,0.0009361344335232708,0.0009361344335232708,2,"[5, 8]","[5807, 473]"
402,66,284,1313,0.0008314221337970336,0.0008314221337970336,3,"[92, 159, 160]","[6272, 5, 1]"
403,66,284,1313,0.0008322121337970375,7.900000000038735e-07,1,[92],[6281]
404,66,284,1313,0.0008334021337970433,1.1900000000058348e-06,1,[92],[6197]
405,66,284,1314,0.0008325049296026121,0.0008325049296026121,1,[92],[6321]
406,66,285,1151,0.0009349704183594043,0.0009349704183594043,2,"[5, 8]","[5121, 1140]"
407,66,285,1152,0.000933440561406708,0.000933440561406708,2,"[5, 8]","[5547, 765]"
408,66,285,1152,0.0009341205614067114,6.800000000033342e-07,2,"[5, 8]","[4746, 1549]"
409,66,285,1152,0.0009347405614067144,6.2000000000304e-07,2,"[5, 8]","[4603, 1574]"
410,66,285,1152,0.0009358305614067197,1.0900000000053445e-06,2,"[5, 8]","[5321, 920]"
411,66,285,1312,0.0008293673705406022,0.0008293673705406022,4,"[92, 104, 159, 160]","[6099, 2, 154, 5]"
412,66,285,1312,0.0008300873705406058,7.200000000035303e-07,3,"[92, 159, 160]","[6235, 23, 2]"
413,66,285,1312,0.0008310273705406104,9.40000000004609e-07,2,"[92, 159]","[6253, 2]"
414,66,285,1313,0.0008309214230556952,0.0008309214230556952,2,"[92, 159]","[6262, 4]"
415,66,285,1313,0.0008325914230557034,1.6700000000081884e-06,1,[92],[6236]
416,66,286,1152,0.000932034818263308,0.000932034818263308,2,"[5, 8]","[6250, 1]"
417,66,286,1152,0.0009329848182633127,9.500000000046581e-07,2,"[5, 8]","[6265, 44]"
418,66,286,1152,0.0009342948182633191,1.3100000000064232e-06,2,"[5, 8]","[5735, 470]"
419,66,286,1153,0.0009316609548714452,0.0009316609548714452,1,[5],[6257]
420,66,286,1292,0.0007991234471583804,0.0007991234471583804,2,"[91, 262]","[5821, 454]"
421,66,286,1293,0.0008000016720974781,0.0008000016720974781,2,"[91, 262]","[5981, 271]"
422,66,286,1293,0.0008117216720975356,1.1720000000057466e-05,4,"[91, 262, 268, 271]","[6077, 18, 1, 154]"
423,66,286,1294,0.0008095950786199242,0.0008095950786199242,4,"[91, 262, 271, 272]","[6221, 2, 40, 1]"
424,66,286,1310,0.0008274320627199584,0.0008274320627199584,3,"[92, 104, 105]","[3178, 1895, 1241]"
425,66,286,1310,0.0008286020627199641,1.1700000000057368e-06,3,"[92, 104, 105]","[2634, 1666, 1887]"
426,66,286,1311,0.0008272237154672205,0.0008272237154672205,3,"[92, 104, 105]","[2949, 2505, 878]"
427,66,286,1311,0.0008277037154672228,4.800000000023535e-07,3,"[92, 104, 105]","[3338, 1961, 985]"
428,66,286,1311,0.0008281637154672251,4.600000000022555e-07,3,"[92, 104, 105]","[3844, 1439, 937]"
429,66,286,1311,0.0008287937154672282,6.30000000003089e-07,3,"[92, 104, 105]","[4860, 708, 662]"
430,66,286,1312,0.000829736406871498,0.000829736406871498,5,"[92, 104, 105, 140, 159]","[6154, 85, 26, 7, 1]"
431,66,287,1153,0.0009293076024270297,0.0009293076024270297,2,"[5, 7]","[5891, 414]"
432,66,287,1153,0.0009301176024270337,8.100000000039716e-07,2,"[5, 7]","[6220, 45]"
433,66,287,1153,0.0009309676024270378,8.500000000041677e-07,2,"[5, 7]","[6204, 1]"
434,66,287,1168,0.0009137513330113149,0.0009137513330113149,1,[1],[6275]
435,66,287,1169,0.0009132654175205478,0.0009132654175205478,1,[1],[6258]
436,66,287,1170,0.0009129607381283932,0.0009129607381283932,1,[1],[6267]
437,66,287,1171,0.0009126314026504512,0.0009126314026504512,1,[1],[6278]
438,66,287,1172,0.0009123476339223817,0.0009123476339223817,1,[1],[6255]
439,66,287,1173,0.0009121061708368285,0.0009121061708368285,1,[1],[6301]
440,66,287,1174,0.000911835081379698,0.000911835081379698,1,[1],[6268]
441,66,287,1175,0.0009116621154325915,0.0009116621154325915,1,[1],[6305]
442,66,287,1176,0.0009114229554008113,0.0009114229554008113,1,[1],[6278]
443,66,287,1177,0.0009112562114053506,0.0009112562114053506,1,[1],[6268]
444,66,287,1178,0.0009111913040092407,0.0009111913040092407,2,"[1, 3]","[6253, 8]"
445,66,287,1179,0.0009110648869489072,0.0009110648869489072,2,"[1, 3]","[5724, 531]"
446,66,287,1180,0.0009111208033576575,0.0009111208033576575,2,"[1, 3]","[5832, 418]"
447,66,287,1181,0.0009113350711428758,0.0009113350711428758,2,"[1, 3]","[6250, 5]"
448,66,287,1292,0.0007985076079449318,0.0007985076079449318,2,"[91, 262]","[5380, 968]"
449,66,287,1292,0.0007989776079449341,4.700000000023045e-07,3,"[91, 262, 263]","[4996, 1209, 5]"
450,66,287,1292,0.0007994276079449363,4.5000000000220645e-07,4,"[91, 262, 263, 264]","[4929, 1263, 1, 2]"
451,66,287,1292,0.0008001376079449398,7.100000000034813e-07,5,"[91, 262, 263, 264, 268]","[5226, 1071, 1, 3, 1]"
452,66,287,1292,0.0008034276079449559,3.2900000000161316e-06,3,"[91, 262, 268]","[5922, 186, 90]"
453,66,287,1293,0.0007987958108891367,0.0007987958108891367,3,"[91, 262, 264]","[5730, 544, 1]"
454,66,287,1293,0.0007996858108891411,8.900000000043639e-07,4,"[91, 262, 264, 268]","[5434, 831, 1, 1]"
455,66,287,1293,0.0008015458108891502,1.86000000000912e-06,4,"[91, 262, 264, 268]","[5880, 239, 1, 107]"
456,66,287,1293,0.0008026658108891557,1.1200000000054916e-06,2,"[91, 268]","[6188, 81]"
457,66,287,1293,0.0008035658108891601,9.000000000044129e-07,2,"[91, 268]","[6217, 3]"
458,66,287,1293,0.0008045558108891649,9.900000000048542e-07,1,[91],[6248]
459,66,287,1293,0.0008061558108891728,1.6000000000078451e-06,1,[91],[6256]
460,66,287,1293,0.0008088358108891859,2.6800000000131406e-06,1,[91],[6247]
461,66,287,1293,0.0008120558108892017,3.2200000000157884e-06,1,[91],[6253]
462,66,287,1294,0.0008048501558169669,0.0008048501558169669,3,"[91, 262, 268]","[6268, 1, 3]"
463,66,287,1294,0.0008065401558169752,1.6900000000082864e-06,1,[91],[6236]
464,66,287,1294,0.0008081401558169831,1.6000000000078451e-06,1,[91],[6245]
465,66,287,1294,0.0008096901558169907,1.5500000000076e-06,1,[91],[6256]
466,66,287,1294,0.0008110401558169973,1.3500000000066193e-06,1,[91],[6241]
467,66,287,1294,0.0008118201558170011,7.800000000038245e-07,1,[91],[6334]
468,66,287,1294,0.0008124701558170043,6.500000000031871e-07,1,[91],[6232]
469,66,287,1294,0.0008135701558170097,1.1000000000053935e-06,1,[91],[6187]
470,66,287,1310,0.0008267299368117539,0.0008267299368117539,3,"[92, 104, 105]","[5939, 278, 137]"
471,66,287,1310,0.0008272099368117563,4.800000000023535e-07,3,"[92, 104, 105]","[5486, 421, 279]"
472,66,287,1310,0.0008277499368117589,5.400000000026477e-07,3,"[92, 104, 105]","[5142, 535, 543]"
473,66,287,1311,0.0008274903388881592,0.0008274903388881592,3,"[92, 104, 105]","[3737, 1825, 743]"
474,66,288,1153,0.0009280155916970487,0.0009280155916970487,2,"[5, 7]","[5524, 757]"
475,66,288,1153,0.0009290355916970537,1.0200000000050013e-06,2,"[5, 7]","[5130, 1116]"
476,66,288,1154,0.0009268683944113142,0.0009268683944113142,3,"[5, 6, 7]","[6232, 4, 40]"
477,66,288,1154,0.0009277583944113186,8.900000000043639e-07,2,"[5, 7]","[5834, 464]"
478,66,288,1154,0.0009287183944113233,9.60000000004707e-07,2,"[5, 7]","[4940, 1250]"
479,66,288,1161,0.0009169373730013889,0.0009169373730013889,1,[1],[6273]
480,66,288,1162,0.0009153229513760414,0.0009153229513760414,1,[1],[6317]
481,66,288,1162,0.0009158829513760442,5.600000000027458e-07,1,[1],[6249]
482,66,288,1162,0.0009166829513760481,8.000000000039226e-07,1,[1],[6186]
483,66,288,1163,0.0009145902705461863,0.0009145902705461863,1,[1],[6286]
484,66,288,1163,0.0009150002705461883,4.100000000020103e-07,1,[1],[6369]
485,66,288,1163,0.00091533027054619,3.3000000000161806e-07,1,[1],[6129]
486,66,288,1163,0.0009157002705461918,3.700000000018142e-07,1,[1],[6324]
487,66,288,1163,0.0009162702705461946,5.700000000027948e-07,1,[1],[6167]
488,66,288,1164,0.000914085175878483,0.000914085175878483,1,[1],[6344]
489,66,288,1164,0.0009144551758784848,3.700000000018142e-07,1,[1],[6326]
490,66,288,1164,0.0009147451758784863,2.9000000000142193e-07,1,[1],[6225]
491,66,288,1164,0.0009150351758784877,2.9000000000142193e-07,1,[1],[6290]
492,66,288,1164,0.0009153551758784893,3.2000000000156903e-07,1,[1],[6072]
493,66,288,1164,0.0009159451758784921,5.900000000028929e-07,1,[1],[6301]
494,66,288,1165,0.0009136705895519138,0.0009136705895519138,1,[1],[6377]
495,66,288,1165,0.0009140205895519155,3.500000000017161e-07,1,[1],[6181]
496,66,288,1165,0.0009142905895519168,2.7000000000132387e-07,1,[1],[6291]
497,66,288,1165,0.0009145505895519181,2.6000000000127484e-07,1,[1],[6368]
498,66,288,1165,0.0009148205895519194,2.7000000000132387e-07,1,[1],[6106]
499,66,288,1165,0.0009151905895519212,3.700000000018142e-07,1,[1],[6237]
500,66,288,1166,0.0009132967675001035,0.0009132967675001035,1,[1],[6380]
501,66,288,1166,0.0009136567675001052,3.6000000000176516e-07,1,[1],[6303]
502,66,288,1166,0.0009139267675001066,2.7000000000132387e-07,1,[1],[6228]
503,66,288,1166,0.0009141767675001078,2.500000000012258e-07,1,[1],[6173]
504,66,288,1166,0.0009144567675001092,2.800000000013729e-07,1,[1],[6363]
505,66,288,1166,0.0009148167675001109,3.6000000000176516e-07,1,[1],[6142]
506,66,288,1167,0.0009129263521938853,0.0009129263521938853,1,[1],[6250]
507,66,288,1167,0.000913286352193887,3.6000000000176516e-07,1,[1],[6410]
508,66,288,1167,0.0009135563521938884,2.7000000000132387e-07,1,[1],[6119]
509,66,288,1167,0.0009138263521938897,2.7000000000132387e-07,1,[1],[6452]
510,66,288,1167,0.000914096352193891,2.7000000000132387e-07,1,[1],[6163]
511,66,288,1167,0.0009144663521938928,3.700000000018142e-07,1,[1],[6230]
512,66,288,1168,0.0009125671074511951,0.0009125671074511951,1,[1],[6269]
513,66,288,1168,0.0009129171074511968,3.500000000017161e-07,1,[1],[6319]
514,66,288,1168,0.0009131871074511981,2.7000000000132387e-07,1,[1],[6233]
515,66,288,1168,0.0009134271074511993,2.4000000000117677e-07,1,[1],[6262]
516,66,288,1168,0.0009136871074512005,2.6000000000127484e-07,1,[1],[6203]
517,66,288,1168,0.0009140171074512022,3.3000000000161806e-07,1,[1],[6341]
518,66,288,1168,0.0009147371074512057,7.200000000035303e-07,1,[1],[6141]
519,66,288,1169,0.0009122747483034115,0.0009122747483034115,1,[1],[6282]
520,66,288,1169,0.0009126347483034132,3.6000000000176516e-07,1,[1],[6296]
521,66,288,1169,0.0009129147483034146,2.800000000013729e-07,1,[1],[6232]
522,66,288,1169,0.0009131747483034159,2.6000000000127484e-07,1,[1],[6195]
523,66,288,1169,0.0009134647483034173,2.9000000000142193e-07,1,[1],[6248]
524,66,288,1169,0.0009138947483034194,4.300000000021084e-07,1,[1],[6254]
525,66,288,1170,0.0009120280114865032,0.0009120280114865032,1,[1],[6264]
526,66,288,1170,0.0009124080114865051,3.800000000018632e-07,1,[1],[6289]
527,66,288,1170,0.0009127180114865066,3.1000000000152e-07,1,[1],[6242]
528,66,288,1170,0.0009130280114865081,3.1000000000152e-07,1,[1],[6273]
529,66,288,1170,0.0009134380114865101,4.100000000020103e-07,1,[1],[6252]
530,66,288,1171,0.0009117697279423315,0.0009117697279423315,1,[1],[6308]
531,66,288,1171,0.0009121397279423333,3.700000000018142e-07,1,[1],[6376]
532,66,288,1171,0.0009124497279423348,3.1000000000152e-07,1,[1],[6202]
533,66,288,1171,0.0009127597279423364,3.1000000000152e-07,1,[1],[6120]
534,66,288,1171,0.0009131997279423385,4.400000000021574e-07,1,[1],[6330]
535,66,288,1172,0.0009115214743715038,0.0009115214743715038,1,[1],[6391]
536,66,288,1172,0.0009118914743715056,3.700000000018142e-07,1,[1],[6217]
537,66,288,1172,0.000912191474371507,3.0000000000147097e-07,1,[1],[6227]
538,66,288,1172,0.0009125014743715086,3.1000000000152e-07,1,[1],[6325]
539,66,288,1172,0.0009128914743715105,3.9000000000191225e-07,1,[1],[6209]
540,66,288,1173,0.0009112861218235061,0.0009112861218235061,1,[1],[6303]
541,66,288,1173,0.0009116561218235079,3.700000000018142e-07,1,[1],[6344]
542,66,288,1173,0.0009119561218235094,3.0000000000147097e-07,1,[1],[6209]
543,66,288,1173,0.0009122661218235109,3.1000000000152e-07,1,[1],[6313]
544,66,288,1173,0.0009126661218235129,4.000000000019613e-07,1,[1],[6164]
545,66,288,1174,0.0009110564774993889,0.0009110564774993889,1,[1],[6343]
546,66,288,1174,0.0009114364774993908,3.800000000018632e-07,1,[1],[6283]
547,66,288,1174,0.0009117364774993923,3.0000000000147097e-07,1,[1],[6246]
548,66,288,1174,0.0009120364774993937,3.0000000000147097e-07,1,[1],[6150]
549,66,288,1174,0.0009124364774993957,4.000000000019613e-07,1,[1],[6334]
550,66,288,1175,0.0009108376827351919,0.0009108376827351919,1,[1],[6360]
551,66,288,1175,0.0009112076827351937,3.700000000018142e-07,1,[1],[6153]
552,66,288,1175,0.0009115176827351952,3.1000000000152e-07,1,[1],[6294]
553,66,288,1175,0.0009118276827351968,3.1000000000152e-07,1,[1],[6310]
554,66,288,1175,0.0009122376827351988,4.100000000020103e-07,1,[1],[6170]
555,66,288,1176,0.0009106396012660003,0.0009106396012660003,1,[1],[6345]
556,66,288,1176,0.0009110096012660021,3.700000000018142e-07,1,[1],[6228]
557,66,288,1176,0.0009113196012660036,3.1000000000152e-07,1,[1],[6325]
558,66,288,1176,0.0009116296012660051,3.1000000000152e-07,1,[1],[6236]
559,66,288,1176,0.0009120496012660072,4.2000000000205935e-07,1,[1],[6148]
560,66,288,1177,0.0009104686271809346,0.0009104686271809346,1,[1],[6326]
561,66,288,1177,0.0009108486271809364,3.800000000018632e-07,1,[1],[6286]
562,66,288,1177,0.000911168627180938,3.2000000000156903e-07,1,[1],[6301]
563,66,288,1177,0.0009115186271809397,3.500000000017161e-07,1,[1],[6246]
564,66,288,1177,0.0009120186271809422,5.000000000024516e-07,1,[1],[6151]
565,66,288,1178,0.0009103358503714997,0.0009103358503714997,2,"[1, 3]","[6366, 15]"
566,66,288,1178,0.0009107158503715016,3.800000000018632e-07,2,"[1, 3]","[6164, 5]"
567,66,288,1178,0.0009110358503715032,3.2000000000156903e-07,2,"[1, 3]","[6355, 6]"
568,66,288,1178,0.0009113658503715048,3.3000000000161806e-07,2,"[1, 3]","[6100, 5]"
569,66,288,1178,0.0009118758503715073,5.100000000025006e-07,2,"[1, 3]","[6248, 2]"
570,66,288,1179,0.0009101654060184526,0.0009101654060184526,2,"[1, 3]","[5750, 615]"
571,66,288,1179,0.0009105354060184544,3.700000000018142e-07,2,"[1, 3]","[5828, 478]"
572,66,288,1179,0.0009108254060184558,2.9000000000142193e-07,2,"[1, 3]","[5782, 444]"
573,66,288,1179,0.0009111254060184573,3.0000000000147097e-07,2,"[1, 3]","[5721, 407]"
574,66,288,1179,0.0009115154060184592,3.9000000000191225e-07,2,"[1, 3]","[5893, 396]"
575,66,288,1180,0.0009100754776228946,0.0009100754776228946,2,"[1, 3]","[5909, 392]"
576,66,288,1180,0.0009104454776228964,3.700000000018142e-07,2,"[1, 3]","[5846, 358]"
577,66,288,1180,0.0009107554776228979,3.1000000000152e-07,2,"[1, 3]","[5884, 391]"
578,66,288,1180,0.0009110754776228995,3.2000000000156903e-07,2,"[1, 3]","[5975, 369]"
579,66,288,1180,0.0009115154776229016,4.400000000021574e-07,2,"[1, 3]","[5838, 372]"
580,66,288,1181,0.000910014831337296,0.000910014831337296,2,"[1, 3]","[6306, 2]"
581,66,288,1181,0.0009103948313372979,3.800000000018632e-07,2,"[1, 3]","[6338, 3]"
582,66,288,1181,0.0009107148313372994,3.2000000000156903e-07,2,"[1, 3]","[6229, 2]"
583,66,288,1181,0.0009110548313373011,3.400000000016671e-07,2,"[1, 3]","[6208, 1]"
584,66,288,1181,0.0009115948313373037,5.400000000026477e-07,2,"[1, 3]","[6197, 3]"
585,66,288,1182,0.0009099113118296588,0.0009099113118296588,1,[1],[6343]
586,66,288,1182,0.0009102813118296606,3.700000000018142e-07,1,[1],[6178]
587,66,288,1182,0.0009106113118296622,3.3000000000161806e-07,1,[1],[6366]
588,66,288,1182,0.0009109413118296638,3.3000000000161806e-07,1,[1],[6134]
589,66,288,1182,0.0009114613118296664,5.200000000025497e-07,1,[1],[6299]
590,66,288,1183,0.0009098467789584401,0.0009098467789584401,1,[1],[6322]
591,66,288,1183,0.000910216778958442,3.700000000018142e-07,1,[1],[6267]
592,66,288,1183,0.0009105267789584435,3.1000000000152e-07,1,[1],[6366]
593,66,288,1183,0.000910836778958445,3.1000000000152e-07,1,[1],[6176]
594,66,288,1183,0.0009112767789584472,4.400000000021574e-07,1,[1],[6161]
595,66,288,1184,0.0009097568066005723,0.0009097568066005723,2,"[1, 2]","[6195, 63]"
596,66,288,1184,0.0009101468066005742,3.9000000000191225e-07,2,"[1, 2]","[6347, 47]"
597,66,288,1184,0.0009104468066005757,3.0000000000147097e-07,2,"[1, 2]","[6117, 44]"
598,66,288,1184,0.0009107468066005772,3.0000000000147097e-07,2,"[1, 2]","[6158, 31]"
599,66,288,1184,0.0009111468066005791,4.000000000019613e-07,2,"[1, 2]","[6204, 45]"
600,66,288,1185,0.0009096803920661449,0.0009096803920661449,2,"[1, 2]","[5739, 653]"
601,66,288,1185,0.0009100303920661466,3.500000000017161e-07,2,"[1, 2]","[5455, 665]"
602,66,288,1185,0.000910320392066148,2.9000000000142193e-07,2,"[1, 2]","[5797, 660]"
603,66,288,1185,0.0009105903920661494,2.7000000000132387e-07,2,"[1, 2]","[5519, 718]"
604,66,288,1185,0.0009109103920661509,3.2000000000156903e-07,2,"[1, 2]","[5410, 654]"
605,66,288,1185,0.0009115003920661538,5.900000000028929e-07,2,"[1, 2]","[5559, 690]"
606,66,288,1186,0.0009096729555562077,0.0009096729555562077,2,"[1, 2]","[6154, 150]"
607,66,288,1186,0.0009100429555562095,3.700000000018142e-07,2,"[1, 2]","[6052, 146]"
608,66,288,1186,0.000910352955556211,3.1000000000152e-07,2,"[1, 2]","[6227, 167]"
609,66,288,1186,0.0009106629555562125,3.1000000000152e-07,2,"[1, 2]","[5957, 160]"
610,66,288,1186,0.0009110929555562146,4.300000000021084e-07,2,"[1, 2]","[6070, 194]"
611,66,288,1187,0.0009096353900625165,0.0009096353900625165,2,"[1, 2]","[6279, 1]"
612,66,288,1187,0.0009100153900625183,3.800000000018632e-07,1,[1],[6327]
613,66,288,1187,0.0009103253900625199,3.1000000000152e-07,1,[1],[6244]
614,66,288,1187,0.0009106553900625215,3.3000000000161806e-07,1,[1],[6219]
615,66,288,1187,0.0009111353900625238,4.800000000023535e-07,1,[1],[6206]
616,66,288,1188,0.0009099782759860314,0.0009099782759860314,1,[1],[6273]
617,66,288,1188,0.0009106082759860345,6.30000000003089e-07,1,[1],[6235]
618,66,288,1292,0.0008000406044412274,0.0008000406044412274,5,"[91, 262, 263, 264, 268]","[6024, 263, 4, 2, 1]"
619,66,288,1292,0.000801580604441235,1.540000000007551e-06,3,"[91, 262, 268]","[6156, 14, 44]"
620,66,288,1293,0.000800850290448066,0.000800850290448066,5,"[91, 262, 263, 264, 268]","[6147, 81, 3, 1, 23]"
621,66,288,1293,0.0008024602904480739,1.6100000000078942e-06,3,"[91, 262, 268]","[6138, 1, 142]"
622,66,288,1293,0.0008120102904481207,9.550000000046826e-06,2,"[91, 268]","[6210, 8]"
623,66,288,1294,0.0008125419572159991,0.0008125419572159991,2,"[91, 268]","[6289, 1]"
624,66,288,1294,0.0008133019572160029,7.600000000037264e-07,1,[91],[6235]
625,66,288,1294,0.0008139819572160062,6.800000000033342e-07,1,[91],[6289]
626,66,288,1294,0.0008153319572160128,1.3500000000066193e-06,1,[91],[6193]
627,66,288,1308,0.0008266718879661581,0.0008266718879661581,2,"[92, 187]","[4333, 1969]"
628,66,288,1309,0.000826245255640922,0.000826245255640922,2,"[92, 187]","[5834, 526]"
629,66,288,1309,0.0008267452556409245,5.000000000024516e-07,2,"[92, 187]","[5675, 518]"
630,66,288,1309,0.0008273952556409277,6.500000000031871e-07,2,"[92, 187]","[5750, 475]"
631,66,288,1310,0.0008275442243963343,0.0008275442243963343,4,"[92, 104, 105, 187]","[6241, 5, 3, 3]"
632,66,289,1154,0.0009247701124682312,0.0009247701124682312,2,"[5, 6]","[5411, 867]"
633,66,289,1154,0.0009256001124682353,8.300000000040697e-07,2,"[5, 6]","[6231, 62]"
634,66,289,1154,0.000926350112468239,7.500000000036774e-07,2,"[5, 6]","[6206, 6]"
635,66,289,1154,0.0009275201124682447,1.1700000000057368e-06,2,"[5, 7]","[6211, 19]"
636,66,289,1155,0.0009247254289500503,0.0009247254289500503,3,"[1, 5, 6]","[1, 5005, 1278]"
637,66,289,1159,0.0009169514875917619,0.0009169514875917619,1,[1],[6280]
638,66,289,1159,0.0009176314875917653,6.800000000033342e-07,1,[1],[6229]
639,66,289,1160,0.0009160473530683414,0.0009160473530683414,1,[1],[6274]
640,66,289,1160,0.0009164273530683433,3.800000000018632e-07,1,[1],[6326]
641,66,289,1160,0.0009167273530683447,3.0000000000147097e-07,1,[1],[6290]
642,66,289,1160,0.0009170073530683461,2.800000000013729e-07,1,[1],[6110]
643,66,289,1160,0.0009173373530683477,3.3000000000161806e-07,1,[1],[6253]
644,66,289,1160,0.0009178873530683504,5.500000000026968e-07,1,[1],[6248]
645,66,289,1161,0.0009154587172198091,0.0009154587172198091,1,[1],[6365]
646,66,289,1161,0.0009157887172198107,3.3000000000161806e-07,1,[1],[6162]
647,66,289,1161,0.000916048717219812,2.6000000000127484e-07,1,[1],[6329]
648,66,289,1161,0.0009162687172198131,2.200000000010787e-07,1,[1],[6213]
649,66,289,1161,0.0009164887172198142,2.200000000010787e-07,1,[1],[6262]
650,66,289,1161,0.0009167387172198154,2.500000000012258e-07,1,[1],[6408]
651,66,289,1161,0.0009170487172198169,3.1000000000152e-07,1,[1],[6144]
652,66,289,1161,0.0009176587172198199,6.10000000002991e-07,1,[1],[6167]
653,66,289,1162,0.0009150718997341573,0.0009150718997341573,1,[1],[6359]
654,66,289,1162,0.0009154318997341591,3.6000000000176516e-07,1,[1],[6321]
655,66,289,1162,0.0009157118997341605,2.800000000013729e-07,1,[1],[6186]
656,66,289,1162,0.0009159718997341618,2.6000000000127484e-07,1,[1],[6190]
657,66,289,1162,0.0009162518997341631,2.800000000013729e-07,1,[1],[6221]
658,66,289,1162,0.0009166518997341651,4.000000000019613e-07,1,[1],[6344]
659,66,289,1163,0.0009148405933556294,0.0009148405933556294,1,[1],[6287]
660,66,289,1163,0.0009153105933556317,4.700000000023045e-07,1,[1],[6226]
661,66,289,1163,0.000915780593355634,4.700000000023045e-07,1,[1],[6239]
662,66,289,1163,0.0009166705933556383,8.900000000043639e-07,1,[1],[6261]
663,66,289,1164,0.0009146406998529054,0.0009146406998529054,1,[1],[6288]
664,66,289,1164,0.0009153906998529091,7.500000000036774e-07,1,[1],[6224]
665,66,289,1165,0.0009145010526218538,0.0009145010526218538,1,[1],[6303]
666,66,289,1166,0.0009147209221052222,0.0009147209221052222,1,[1],[6258]
667,66,289,1292,0.0008205998928006577,0.0008205998928006577,5,"[91, 92, 95, 253, 257]","[6211, 13, 18, 5, 4]"
668,66,289,1293,0.000817017337842708,0.000817017337842708,2,"[91, 268]","[6265, 1]"
669,66,289,1293,0.0008182573378427141,1.24000000000608e-06,1,[91],[6243]
670,66,289,1294,0.0008147621064287017,0.0008147621064287017,1,[91],[6251]
671,66,289,1294,0.0008155821064287057,8.200000000040206e-07,1,[91],[6283]
672,66,289,1294,0.0008164021064287097,8.200000000040206e-07,1,[91],[6282]
673,66,289,1306,0.0008269109357965787,0.0008269109357965787,2,"[92, 100]","[1197, 5064]"
674,66,289,1307,0.0008261424012283555,0.0008261424012283555,3,"[92, 100, 187]","[5915, 340, 25]"
675,66,289,1308,0.0008257864242139826,0.0008257864242139826,2,"[92, 187]","[5703, 664]"
676,66,289,1308,0.0008262564242139849,4.700000000023045e-07,3,"[92, 100, 187]","[5114, 1, 1148]"
677,66,289,1308,0.0008267264242139872,4.700000000023045e-07,2,"[92, 187]","[4661, 1463]"
678,66,289,1309,0.0008267263006195984,0.0008267263006195984,2,"[92, 187]","[4667, 1584]"
679,66,290,1154,0.0009239885324541448,0.0009239885324541448,2,"[5, 6]","[5342, 917]"
680,66,290,1155,0.0009221660810396357,0.0009221660810396357,3,"[1, 5, 6]","[97, 6189, 21]"
681,66,290,1155,0.0009229060810396393,7.400000000036284e-07,2,"[5, 6]","[5992, 235]"
682,66,290,1155,0.0009235660810396426,6.600000000032361e-07,2,"[5, 6]","[5537, 705]"
683,66,290,1155,0.0009243860810396466,8.200000000040206e-07,2,"[5, 6]","[5025, 1206]"
684,66,290,1156,0.0009246834159609641,0.0009246834159609641,3,"[1, 5, 6]","[3596, 2608, 46]"
685,66,290,1157,0.0009177650848030565,0.0009177650848030565,1,[1],[6298]
686,66,290,1157,0.000918275084803059,5.100000000025006e-07,1,[1],[6291]
687,66,290,1157,0.0009188150848030616,5.400000000026477e-07,1,[1],[6168]
688,66,290,1158,0.0009169131769810821,0.0009169131769810821,1,[1],[6255]
689,66,290,1158,0.0009172531769810838,3.400000000016671e-07,1,[1],[6407]
690,66,290,1158,0.000917503176981085,2.500000000012258e-07,1,[1],[6322]
691,66,290,1158,0.0009177231769810861,2.200000000010787e-07,1,[1],[6268]
692,66,290,1158,0.0009179331769810871,2.1000000000102968e-07,1,[1],[6092]
693,66,290,1158,0.0009181631769810883,2.3000000000112774e-07,1,[1],[6265]
694,66,290,1158,0.0009184531769810897,2.9000000000142193e-07,1,[1],[6266]
695,66,290,1158,0.0009189531769810921,5.000000000024516e-07,1,[1],[6171]
696,66,290,1159,0.0009165072505059754,0.0009165072505059754,1,[1],[6316]
697,66,290,1159,0.000916827250505977,3.2000000000156903e-07,1,[1],[6233]
698,66,290,1159,0.0009170672505059782,2.4000000000117677e-07,1,[1],[6324]
699,66,290,1159,0.0009172772505059792,2.1000000000102968e-07,1,[1],[6434]
700,66,290,1159,0.0009174772505059802,2.0000000000098064e-07,1,[1],[6212]
701,66,290,1159,0.0009176772505059812,2.0000000000098064e-07,1,[1],[6052]
702,66,290,1159,0.0009179172505059824,2.4000000000117677e-07,1,[1],[6224]
703,66,290,1159,0.000918257250505984,3.400000000016671e-07,1,[1],[6331]
704,66,290,1160,0.0009163890776977136,0.0009163890776977136,1,[1],[6371]
705,66,290,1160,0.0009168090776977156,4.2000000000205935e-07,1,[1],[6150]
706,66,290,1160,0.0009171990776977176,3.9000000000191225e-07,1,[1],[6257]
707,66,290,1160,0.0009176690776977199,4.700000000023045e-07,1,[1],[6226]
708,66,290,1161,0.0009168423875389225,0.0009168423875389225,1,[1],[6267]
709,66,290,1288,0.0008233984081100614,0.0008233984081100614,2,"[91, 92]","[3577, 2689]"
710,66,290,1288,0.0008241584081100651,7.600000000037264e-07,2,"[91, 92]","[3357, 2924]"
711,66,290,1289,0.0008224219274670062,0.0008224219274670062,4,"[91, 92, 94, 257]","[4212, 2057, 3, 2]"
712,66,290,1289,0.0008229119274670086,4.900000000024026e-07,2,"[91, 92]","[3797, 2560]"
713,66,290,1289,0.0008233519274670108,4.400000000021574e-07,2,"[91, 92]","[3405, 2822]"
714,66,290,1289,0.0008239919274670139,6.400000000031381e-07,2,"[91, 92]","[3152, 2999]"
715,66,290,1290,0.0008212823598153641,0.0008212823598153641,7,"[91, 92, 94, 95, 253, 254, 257]","[3616, 676, 1124, 1, 26, 2, 830]"
716,66,290,1290,0.0008217623598153665,4.800000000023535e-07,5,"[91, 92, 94, 95, 257]","[3603, 1535, 506, 2, 587]"
717,66,290,1290,0.0008221623598153685,4.000000000019613e-07,4,"[91, 92, 94, 257]","[3531, 2117, 312, 344]"
718,66,290,1290,0.0008225523598153704,3.9000000000191225e-07,4,"[91, 92, 94, 257]","[3253, 2572, 208, 178]"
719,66,290,1290,0.0008231323598153732,5.800000000028439e-07,4,"[91, 92, 94, 257]","[2932, 3180, 95, 72]"
720,66,290,1291,0.0008201649555079418,0.0008201649555079418,7,"[91, 92, 94, 95, 253, 254, 257]","[4570, 117, 1185, 109, 166, 6, 149]"
721,66,290,1291,0.0008206249555079441,4.600000000022555e-07,7,"[91, 92, 94, 95, 253, 254, 257]","[3509, 411, 1546, 297, 76, 1, 466]"
722,66,290,1291,0.0008209649555079458,3.400000000016671e-07,6,"[91, 92, 94, 95, 253, 257]","[2765, 799, 1521, 450, 37, 753]"
723,66,290,1291,0.0008212549555079472,2.9000000000142193e-07,6,"[91, 92, 94, 95, 253, 257]","[2255, 1174, 1420, 457, 24, 842]"
724,66,290,1291,0.0008215449555079486,2.9000000000142193e-07,6,"[91, 92, 94, 95, 253, 257]","[1932, 1620, 1283, 472, 3, 996]"
725,66,290,1291,0.0008218649555079502,3.2000000000156903e-07,6,"[91, 92, 94, 95, 253, 257]","[1639, 2002, 1125, 465, 2, 937]"
726,66,290,1291,0.0008223149555079524,4.5000000000220645e-07,5,"[91, 92, 94, 95, 257]","[1363, 2587, 988, 348, 906]"
727,66,290,1292,0.0008189828521302903,0.0008189828521302903,5,"[91, 92, 94, 95, 253]","[6286, 3, 4, 1, 1]"
728,66,290,1292,0.0008197828521302942,8.000000000039226e-07,5,"[91, 92, 94, 95, 253]","[5901, 161, 53, 152, 12]"
729,66,290,1292,0.0008204528521302975,6.700000000032852e-07,7,"[91, 92, 94, 95, 253, 254, 257]","[3743, 1079, 146, 1201, 11, 1, 11]"
730,66,290,1292,0.0008209428521302999,4.900000000024026e-07,6,"[91, 92, 94, 95, 253, 257]","[1515, 2181, 163, 2377, 3, 13]"
731,66,290,1292,0.000821382852130302,4.400000000021574e-07,5,"[91, 92, 94, 95, 257]","[601, 2569, 108, 2979, 36]"
732,66,290,1292,0.0008219228521303047,5.400000000026477e-07,5,"[91, 92, 94, 95, 257]","[234, 2876, 97, 2983, 38]"
733,66,290,1293,0.000817846015753199,0.000817846015753199,1,[91],[6277]
734,66,290,1293,0.0008195760157532075,1.7300000000084826e-06,4,"[91, 92, 95, 232]","[5955, 251, 5, 13]"
735,66,290,1293,0.0008209860157532144,1.4100000000069135e-06,4,"[91, 92, 95, 232]","[537, 5317, 322, 133]"
736,66,290,1294,0.0008198903315601006,0.0008198903315601006,3,"[91, 92, 232]","[4388, 1487, 406]"
737,66,290,1294,0.000820990331560106,1.1000000000053935e-06,2,"[92, 232]","[4514, 1730]"
738,66,290,1295,0.0008217973441032046,0.0008217973441032046,3,"[91, 92, 232]","[244, 5573, 434]"
739,66,290,1304,0.0008259302453686478,0.0008259302453686478,2,"[92, 100]","[6235, 18]"
740,66,290,1305,0.0008255085151061526,0.0008255085151061526,2,"[92, 100]","[5103, 1161]"
741,66,290,1305,0.000826418515106157,9.100000000044619e-07,2,"[92, 100]","[2638, 3633]"
742,66,290,1306,0.0008253027154027797,0.0008253027154027797,2,"[92, 100]","[4792, 1575]"
743,66,290,1306,0.0008256727154027816,3.700000000018142e-07,2,"[92, 100]","[3678, 2611]"
744,66,290,1306,0.000825962715402783,2.9000000000142193e-07,2,"[92, 100]","[2924, 3194]"
745,66,290,1306,0.0008262527154027844,2.9000000000142193e-07,2,"[92, 100]","[2334, 4100]"
746,66,290,1306,0.000826572715402786,3.2000000000156903e-07,2,"[92, 100]","[1714, 4386]"
747,66,290,1306,0.0008270627154027884,4.900000000024026e-07,2,"[92, 100]","[1118, 5165]"
748,66,290,1307,0.0008256115102689549,0.0008256115102689549,2,"[92, 100]","[5999, 285]"
749,66,290,1307,0.0008262315102689579,6.2000000000304e-07,2,"[92, 100]","[5722, 566]"
750,66,291,1155,0.0009198419348343493,0.0009198419348343493,2,"[1, 5]","[4416, 1909]"
751,66,291,1155,0.0009207619348343538,9.20000000004511e-07,2,"[1, 5]","[1326, 4897]"
752,66,291,1155,0.0009215619348343577,8.000000000039226e-07,2,"[1, 5]","[118, 6089]"
753,66,291,1155,0.0009226019348343628,1.0400000000050993e-06,3,"[1, 5, 6]","[8, 6268, 2]"
754,66,291,1156,0.0009181403498162074,0.0009181403498162074,2,"[1, 5]","[6364, 20]"
755,66,291,1156,0.0009184603498162089,3.2000000000156903e-07,2,"[1, 5]","[6109, 57]"
756,66,291,1156,0.0009187103498162102,2.500000000012258e-07,2,"[1, 5]","[6360, 112]"
757,66,291,1156,0.0009189103498162112,2.0000000000098064e-07,2,"[1, 5]","[5907, 167]"
758,66,291,1156,0.0009191103498162121,2.0000000000098064e-07,2,"[1, 5]","[6139, 224]"
759,66,291,1156,0.0009193003498162131,1.900000000009316e-07,2,"[1, 5]","[5812, 294]"
760,66,291,1156,0.0009195103498162141,2.1000000000102968e-07,2,"[1, 5]","[5919, 427]"
761,66,291,1156,0.0009197503498162153,2.4000000000117677e-07,2,"[1, 5]","[5640, 700]"
762,66,291,1156,0.0009200503498162167,3.0000000000147097e-07,2,"[1, 5]","[4987, 1051]"
763,66,291,1156,0.0009205603498162192,5.100000000025006e-07,2,"[1, 5]","[3968, 2319]"
764,66,291,1156,0.0009219503498162261,1.3900000000068155e-06,2,"[1, 5]","[1260, 4914]"
765,66,291,1157,0.000917553554662137,0.000917553554662137,1,[1],[6364]
766,66,291,1157,0.0009178835546621386,3.3000000000161806e-07,1,[1],[6302]
767,66,291,1157,0.0009181235546621397,2.4000000000117677e-07,1,[1],[6177]
768,66,291,1157,0.0009183335546621408,2.1000000000102968e-07,2,"[1, 5]","[6400, 2]"
769,66,291,1157,0.0009185235546621417,1.900000000009316e-07,1,[1],[6221]
770,66,291,1157,0.0009187135546621426,1.900000000009316e-07,1,[1],[6283]
771,66,291,1157,0.0009189135546621436,2.0000000000098064e-07,2,"[1, 5]","[6137, 3]"
772,66,291,1157,0.0009191435546621448,2.3000000000112774e-07,2,"[1, 5]","[6155, 4]"
773,66,291,1157,0.0009194835546621464,3.400000000016671e-07,2,"[1, 5]","[6347, 5]"
774,66,291,1157,0.0009205035546621514,1.0200000000050013e-06,2,"[1, 5]","[6048, 54]"
775,66,291,1158,0.0009174560385319179,0.0009174560385319179,1,[1],[6343]
776,66,291,1158,0.0009179260385319202,4.700000000023045e-07,1,[1],[6226]
777,66,291,1158,0.0009183760385319224,4.5000000000220645e-07,1,[1],[6230]
778,66,291,1158,0.0009191960385319264,8.200000000040206e-07,1,[1],[6212]
779,66,291,1288,0.0008235666148224292,0.0008235666148224292,2,"[91, 92]","[3228, 3087]"
780,66,291,1288,0.0008246966148224347,1.1300000000055406e-06,2,"[91, 92]","[3027, 3176]"
781,66,291,1289,0.0008227305925521775,0.0008227305925521775,3,"[91, 92, 94]","[3126, 3153, 5]"
782,66,291,1289,0.0008233805925521807,6.500000000031871e-07,2,"[91, 92]","[2750, 3530]"
783,66,291,1289,0.0008251205925521892,1.7400000000085316e-06,2,"[91, 92]","[2468, 3719]"
784,66,291,1290,0.0008218140083359725,0.0008218140083359725,6,"[91, 92, 94, 95, 253, 257]","[1992, 2082, 1908, 2, 1, 282]"
785,66,291,1290,0.0008225540083359761,7.400000000036284e-07,4,"[91, 92, 94, 257]","[2076, 3693, 411, 85]"
786,66,291,1291,0.0008206711217022244,0.0008206711217022244,6,"[91, 92, 94, 95, 253, 257]","[782, 556, 4442, 334, 17, 121]"
787,66,291,1291,0.0008212211217022271,5.500000000026968e-07,6,"[91, 92, 94, 95, 253, 257]","[648, 1585, 3182, 604, 2, 244]"
788,66,291,1291,0.0008217311217022296,5.100000000025006e-07,5,"[91, 92, 94, 95, 257]","[538, 2561, 2409, 561, 284]"
789,66,291,1291,0.0008224811217022333,7.500000000036774e-07,5,"[91, 92, 94, 95, 257]","[436, 3463, 1562, 444, 235]"
790,66,291,1292,0.0008208186683649961,0.0008208186683649961,7,"[91, 92, 94, 95, 232, 253, 257]","[673, 2943, 455, 2224, 1, 3, 10]"
791,66,291,1292,0.0008213486683649987,5.300000000025987e-07,5,"[91, 92, 94, 95, 257]","[63, 3280, 207, 2680, 3]"
792,66,291,1292,0.000822018668365002,6.700000000032852e-07,5,"[91, 92, 94, 95, 257]","[30, 3430, 112, 2646, 13]"
793,66,291,1293,0.0008206897362556866,0.0008206897362556866,4,"[91, 92, 95, 232]","[128, 5661, 124, 357]"
794,66,291,1293,0.0008214997362556906,8.100000000039716e-07,4,"[91, 92, 95, 232]","[2, 5759, 284, 205]"
795,66,291,1294,0.0008200368212927054,0.0008200368212927054,3,"[91, 92, 232]","[10, 4484, 1873]"
796,66,291,1294,0.0008204768212927076,4.400000000021574e-07,2,"[92, 232]","[3972, 2210]"
797,66,291,1294,0.0008209168212927097,4.400000000021574e-07,2,"[92, 232]","[3872, 2419]"
798,66,291,1294,0.0008218768212927144,9.60000000004707e-07,2,"[92, 232]","[3437, 2744]"
799,66,291,1295,0.0008197680608649018,0.0008197680608649018,2,"[92, 232]","[6130, 156]"
800,66,291,1295,0.0008203580608649047,5.900000000028929e-07,2,"[92, 232]","[5835, 395]"
801,66,291,1295,0.0008217380608649114,1.3800000000067664e-06,2,"[92, 232]","[5345, 892]"
802,66,291,1296,0.0008193237616338059,0.0008193237616338059,2,"[92, 97]","[5842, 415]"
803,66,291,1296,0.0008198837616338086,5.600000000027458e-07,2,"[92, 97]","[5945, 303]"
804,66,291,1296,0.0008208237616338132,9.40000000004609e-07,2,"[92, 97]","[6077, 168]"
805,66,291,1297,0.0008190856697505972,0.0008190856697505972,2,"[92, 97]","[4363, 1928]"
806,66,291,1297,0.0008195756697505996,4.900000000024026e-07,2,"[92, 97]","[4590, 1712]"
807,66,291,1297,0.0008201356697506024,5.600000000027458e-07,2,"[92, 97]","[4712, 1493]"
808,66,291,1298,0.0008197423363250852,0.0008197423363250852,3,"[92, 97, 204]","[5957, 306, 15]"
809,66,291,1298,0.0008204423363250887,7.000000000034323e-07,3,"[92, 97, 204]","[6165, 103, 34]"
810,66,291,1299,0.000820482292969431,0.000820482292969431,2,"[92, 204]","[6132, 153]"
811,66,291,1299,0.0008211522929694343,6.700000000032852e-07,2,"[92, 204]","[6157, 159]"
812,66,291,1300,0.0008212335491436256,0.0008212335491436256,2,"[92, 204]","[6265, 18]"
813,66,291,1300,0.0008219335491436291,7.000000000034323e-07,2,"[92, 204]","[6303, 1]"
814,66,291,1301,0.0008220088006354825,0.0008220088006354825,1,[92],[6303]
815,66,291,1301,0.000822718800635486,7.100000000034813e-07,1,[92],[6223]
816,66,291,1302,0.0008227856776112455,0.0008227856776112455,1,[92],[6261]
817,66,291,1302,0.0008235356776112491,7.500000000036774e-07,1,[92],[6276]
818,66,291,1303,0.0008235605004784947,0.0008235605004784947,1,[92],[6324]
819,66,291,1303,0.0008243405004784985,7.800000000038245e-07,1,[92],[6200]
820,66,291,1304,0.000824340490119356,0.000824340490119356,1,[92],[6258]
821,66,291,1304,0.0008252004901193602,8.600000000042168e-07,2,"[92, 100]","[6277, 5]"
822,66,291,1305,0.0008250936667545039,0.0008250936667545039,2,"[92, 100]","[5919, 350]"
823,66,291,1305,0.0008258636667545076,7.700000000037755e-07,2,"[92, 100]","[5127, 1131]"
824,66,291,1306,0.0008258304389022071,0.0008258304389022071,2,"[92, 100]","[4817, 1467]"
825,66,292,1155,0.0009202064143548722,0.0009202064143548722,2,"[1, 5]","[4684, 1598]"
826,66,292,1156,0.0009186675881975485,0.0009186675881975485,2,"[1, 5]","[6147, 146]"
827,66,292,1156,0.0009190975881975506,4.300000000021084e-07,2,"[1, 5]","[5999, 276]"
828,66,292,1156,0.0009194575881975523,3.6000000000176516e-07,2,"[1, 5]","[5797, 456]"
829,66,292,1156,0.0009198475881975543,3.9000000000191225e-07,2,"[1, 5]","[5503, 679]"
830,66,292,1156,0.0009204775881975573,6.30000000003089e-07,2,"[1, 5]","[4911, 1357]"
831,66,292,1157,0.0009196366611328915,0.0009196366611328915,2,"[1, 5]","[6246, 26]"
832,66,303,1157,0.0008966727716936151,0.0008966727716936151,3,"[313, 314, 1110]","[3103, 3187, 2]"
833,66,304,1156,0.0008957678877258616,0.0008957678877258616,4,"[313, 314, 1110, 1111]","[3718, 2523, 56, 5]"
834,66,304,1156,0.0008977778877258714,2.0100000000098555e-06,3,"[313, 314, 1110]","[3594, 2604, 2]"
835,66,304,1157,0.0008944617914999787,0.0008944617914999787,4,"[313, 314, 1110, 1111]","[2952, 3284, 30, 3]"
836,66,304,1157,0.0008950417914999815,5.800000000028439e-07,3,"[313, 314, 1110]","[2988, 3301, 42]"
837,66,304,1157,0.0008955117914999838,4.700000000023045e-07,3,"[313, 314, 1110]","[2910, 3316, 24]"
838,66,304,1157,0.0008959717914999861,4.600000000022555e-07,3,"[313, 314, 1110]","[3040, 3131, 24]"
839,66,304,1157,0.0008965417914999889,5.700000000027948e-07,3,"[313, 314, 1110]","[3279, 2963, 8]"
840,66,305,1156,0.00089535737236764,0.00089535737236764,3,"[313, 314, 1110]","[4606, 1645, 15]"
841,66,305,1157,0.0008928991838467939,0.0008928991838467939,2,"[313, 314]","[4767, 1544]"
842,66,305,1157,0.0008934191838467964,5.200000000025497e-07,2,"[313, 314]","[3359, 2855]"
843,66,305,1157,0.0008938191838467984,4.000000000019613e-07,3,"[313, 314, 1110]","[2902, 3375, 2]"
844,66,305,1157,0.0008941991838468002,3.800000000018632e-07,3,"[313, 314, 1110]","[2867, 3412, 7]"
845,66,305,1157,0.0008946391838468024,4.400000000021574e-07,3,"[313, 314, 1110]","[2805, 3367, 11]"
846,66,305,1157,0.0008953091838468057,6.700000000032852e-07,4,"[313, 314, 1110, 1111]","[2842, 3361, 34, 2]"
847,66,306,1157,0.0008912304387867291,0.0008912304387867291,2,"[313, 314]","[6234, 16]"
848,66,306,1157,0.0008920104387867329,7.800000000038245e-07,2,"[313, 314]","[6021, 278]"
849,66,306,1157,0.0008926604387867361,6.500000000031871e-07,2,"[313, 314]","[4660, 1642]"
850,66,306,1157,0.0008931804387867386,5.200000000025497e-07,2,"[313, 314]","[2724, 3430]"
851,66,306,1157,0.0008936904387867411,5.100000000025006e-07,2,"[313, 314]","[1635, 4616]"
852,66,306,1157,0.0008946604387867459,9.700000000047561e-07,2,"[313, 314]","[1182, 5069]"
853,66,306,1158,0.0008935117763031367,0.0008935117763031367,2,"[313, 314]","[2338, 3924]"
854,66,307,1157,0.0008893723707343508,0.0008893723707343508,2,"[313, 353]","[6274, 37]"
855,66,307,1157,0.0008902123707343549,8.400000000041187e-07,1,[313],[6237]
856,66,307,1157,0.0008911723707343596,9.60000000004707e-07,2,"[313, 314]","[6220, 2]"
857,66,307,1157,0.0008932723707343699,2.1000000000102968e-06,2,"[313, 314]","[3387, 2856]"
858,66,307,1157,0.0008949423707343781,1.6700000000081884e-06,2,"[313, 314]","[33, 6208]"
859,66,307,1158,0.0008929921113228641,0.0008929921113228641,3,"[313, 314, 353]","[4218, 2027, 10]"
860,66,307,1158,0.0008939421113228688,9.500000000046581e-07,2,"[313, 314]","[3, 6301]"
861,66,307,1158,0.0008948821113228734,9.40000000004609e-07,1,[314],[6234]
862,66,307,1158,0.0008965321113228815,1.6500000000080903e-06,1,[314],[6224]
863,66,307,1158,0.0008981721113228895,1.6400000000080413e-06,2,"[314, 317]","[6246, 13]"
864,66,307,1158,0.0008993421113228953,1.1700000000057368e-06,2,"[314, 317]","[5711, 547]"
865,66,307,1158,0.0009001921113228994,8.500000000041677e-07,2,"[314, 317]","[5074, 1168]"
866,66,307,1159,0.0008995969772274719,0.0008995969772274719,3,"[313, 314, 317]","[4, 5647, 620]"
867,66,308,1157,0.0008873543909890752,0.0008873543909890752,2,"[313, 353]","[4242, 2071]"
868,66,308,1157,0.000888114390989079,7.600000000037264e-07,2,"[313, 353]","[4743, 1525]"
869,66,308,1157,0.0008890243909890834,9.100000000044619e-07,2,"[313, 353]","[5697, 479]"
870,66,308,1157,0.0008950343909891129,6.010000000029468e-06,3,"[313, 314, 353]","[4396, 1827, 36]"
871,66,308,1158,0.0008887697661964658,0.0008887697661964658,3,"[313, 353, 1086]","[4908, 1341, 1]"
872,66,308,1158,0.0008948897661964958,6.120000000030008e-06,3,"[313, 314, 353]","[1481, 4742, 33]"
873,66,308,1158,0.0008961197661965019,1.230000000006031e-06,1,[314],[6273]
874,66,308,1158,0.0008971897661965071,1.0700000000052464e-06,2,"[314, 347]","[6249, 1]"
875,66,308,1158,0.0008983997661965131,1.2100000000059329e-06,3,"[314, 317, 347]","[6228, 17, 7]"
876,66,308,1158,0.0008998497661965202,1.4500000000071097e-06,3,"[314, 317, 347]","[5738, 461, 22]"
877,66,308,1159,0.0009000366976660294,0.0009000366976660294,5,"[313, 314, 317, 347, 353]","[14, 5801, 426, 22, 6]"
878,66,309,1157,0.0008859813093707758,0.0008859813093707758,4,"[313, 353, 355, 1086]","[5639, 72, 530, 20]"
879,66,309,1157,0.0008869513093707806,9.700000000047561e-07,3,"[313, 353, 355]","[5291, 979, 13]"
880,66,309,1157,0.0008881013093707862,1.1500000000056387e-06,2,"[313, 353]","[3954, 2277]"
881,66,309,1158,0.0008863141552789761,0.0008863141552789761,5,"[313, 353, 355, 1086, 1087]","[5613, 61, 510, 76, 2]"
882,66,310,1157,0.0008843775828316961,0.0008843775828316961,4,"[313, 355, 1086, 1087]","[4625, 1643, 28, 1]"
883,66,310,1157,0.0008852975828317006,9.20000000004511e-07,2,"[313, 355]","[4172, 2079]"
884,66,310,1158,0.0008841048617490488,0.0008841048617490488,5,"[313, 355, 357, 1086, 1087]","[5071, 989, 1, 205, 6]"
885,66,310,1158,0.0008849248617490528,8.200000000040206e-07,2,"[313, 355]","[4337, 1935]"
886,66,311,1157,0.0008836279494058456,0.0008836279494058456,5,"[313, 355, 357, 1084, 1086]","[5932, 31, 314, 2, 1]"
887,66,311,1158,0.0008823152616824417,0.0008823152616824417,4,"[313, 357, 1084, 1086]","[5515, 781, 7, 8]"
888,66,311,1158,0.0008832852616824465,9.700000000047561e-07,5,"[313, 355, 357, 1084, 1086]","[6181, 14, 5, 6, 2]"
889,66,311,1158,0.000885645261682458,2.3600000000115716e-06,4,"[313, 355, 1084, 1086]","[5817, 412, 2, 1]"
890,66,312,1157,0.0008813077995618155,0.0008813077995618155,2,"[313, 357]","[2213, 4037]"
891,66,312,1158,0.0008802159603236113,0.0008802159603236113,2,"[313, 357]","[3497, 2770]"
892,66,312,1158,0.0008807259603236138,5.100000000025006e-07,2,"[313, 357]","[2955, 3286]"
893,66,312,1158,0.000881185960323616,4.600000000022555e-07,2,"[313, 357]","[3191, 3056]"
894,66,312,1158,0.0008817659603236189,5.800000000028439e-07,2,"[313, 357]","[3953, 2323]"
895,66,313,1158,0.0008790711252350892,0.0008790711252350892,2,"[313, 357]","[6310, 18]"
896,66,313,1158,0.0008798811252350931,8.100000000039716e-07,2,"[313, 357]","[5981, 253]"
897,66,313,1158,0.0008808011252350976,9.20000000004511e-07,2,"[313, 357]","[4966, 1240]"
898,66,314,1158,0.0008774740109035743,0.0008774740109035743,1,[313],[6306]
899,66,314,1158,0.0008783340109035785,8.600000000042168e-07,1,[313],[6260]
900,66,314,1158,0.0008800740109035871,1.7400000000085316e-06,2,"[313, 357]","[6183, 1]"
901,66,315,1158,0.0008759180202098647,0.0008759180202098647,3,"[313, 361, 976]","[5711, 459, 144]"
902,66,315,1158,0.0008769580202098697,1.0400000000050993e-06,2,"[313, 361]","[6209, 2]"
903,66,315,1159,0.0008766467665018482,0.0008766467665018482,3,"[313, 361, 976]","[5230, 771, 268]"
904,66,316,1158,0.000873985252735763,0.000873985252735763,4,"[313, 361, 362, 976]","[3309, 1949, 186, 862]"
905,66,316,1158,0.0008746952527357664,7.100000000034813e-07,4,"[313, 361, 362, 976]","[3691, 1923, 21, 624]"
906,66,316,1158,0.0008757652527357717,1.0700000000052464e-06,4,"[313, 361, 362, 976]","[4870, 1054, 2, 264]"
907,66,316,1159,0.0008736710827076837,0.0008736710827076837,4,"[313, 361, 362, 976]","[2955, 1842, 300, 1248]"
908,66,316,1159,0.0008742010827076863,5.300000000025987e-07,4,"[313, 361, 362, 976]","[2593, 2294, 46, 1226]"
909,66,316,1159,0.0008747610827076891,5.600000000027458e-07,4,"[313, 361, 362, 976]","[2990, 2295, 17, 949]"
910,66,316,1159,0.0008761610827076959,1.4000000000068645e-06,4,"[313, 361, 362, 976]","[4307, 1458, 3, 480]"
911,66,317,1158,0.0008731453708591288,0.0008731453708591288,4,"[313, 361, 362, 976]","[4972, 51, 1222, 23]"
912,66,317,1158,0.0008742953708591344,1.1500000000056387e-06,4,"[313, 361, 362, 976]","[4701, 399, 979, 173]"
913,66,317,1159,0.0008724692090362912,0.0008724692090362912,4,"[313, 361, 362, 976]","[5517, 5, 724, 14]"
914,66,317,1159,0.0008730892090362942,6.2000000000304e-07,4,"[313, 361, 362, 976]","[4992, 48, 1233, 41]"
915,66,317,1159,0.0008736992090362972,6.10000000002991e-07,4,"[313, 361, 362, 976]","[4631, 196, 1262, 147]"
916,66,317,1159,0.0008747692090363024,1.0700000000052464e-06,4,"[313, 361, 362, 976]","[4427, 681, 696, 406]"
917,66,318,1158,0.0008741136737319235,0.0008741136737319235,2,"[313, 362]","[5950, 301]"
918,66,318,1159,0.0008711591730272663,0.0008711591730272663,1,[313],[6294]
919,66,318,1159,0.0008718791730272698,7.200000000035303e-07,2,"[313, 362]","[6247, 10]"
920,66,318,1159,0.000872729173027274,8.500000000041677e-07,2,"[313, 362]","[6071, 155]"
921,66,319,1159,0.0008697801788620168,0.0008697801788620168,2,"[313, 658]","[6270, 1]"
922,66,319,1159,0.0008705301788620205,7.500000000036774e-07,1,[313],[6285]
923,66,319,1159,0.0008714901788620252,9.60000000004707e-07,1,[313],[6222]
924,66,320,1159,0.0008684333521948531,0.0008684333521948531,2,"[313, 658]","[6289, 23]"
925,66,320,1159,0.0008692533521948571,8.200000000040206e-07,2,"[313, 658]","[6216, 15]"
926,66,321,1159,0.0008670477325727038,0.0008670477325727038,4,"[313, 367, 658, 661]","[5667, 552, 3, 28]"
927,66,321,1159,0.0008680077325727085,9.60000000004707e-07,3,"[313, 367, 658]","[6294, 3, 1]"
928,66,321,1160,0.0008678826482823321,0.0008678826482823321,3,"[313, 367, 661]","[5845, 372, 40]"
929,66,322,1159,0.0008633226340586453,0.0008633226340586453,5,"[313, 367, 586, 587, 661]","[26, 6185, 9, 1, 92]"
930,66,322,1159,0.0008642526340586499,9.3000000000456e-07,3,"[313, 367, 661]","[418, 5279, 537]"
931,66,322,1159,0.0008650026340586536,7.500000000036774e-07,3,"[313, 367, 661]","[1473, 3681, 1089]"
932,66,322,1159,0.000865692634058657,6.900000000033832e-07,3,"[313, 367, 661]","[2923, 2358, 959]"
933,66,322,1159,0.0008665726340586613,8.800000000043148e-07,3,"[313, 367, 661]","[4619, 1137, 481]"
934,66,322,1160,0.0008630252625648852,0.0008630252625648852,3,"[313, 367, 661]","[16, 6182, 75]"
935,66,322,1160,0.0008642452625648912,1.220000000005982e-06,3,"[313, 367, 661]","[646, 4651, 964]"
936,66,322,1160,0.0008650652625648952,8.200000000040206e-07,3,"[313, 367, 661]","[2072, 2402, 1759]"
937,66,322,1160,0.0008657752625648987,7.100000000034813e-07,3,"[313, 367, 661]","[3197, 1631, 1438]"
938,66,322,1160,0.0008670352625649049,1.260000000006178e-06,3,"[313, 367, 661]","[4702, 887, 628]"
939,66,323,1159,0.0008632307020752088,0.0008632307020752088,6,"[313, 367, 580, 586, 587, 661]","[659, 3455, 1, 34, 9, 2148]"
940,66,323,1159,0.0008639807020752125,7.500000000036774e-07,4,"[313, 367, 580, 661]","[1606, 2274, 1, 2345]"
941,66,323,1159,0.0008646707020752159,6.900000000033832e-07,3,"[313, 367, 661]","[2422, 1480, 2380]"
942,66,323,1159,0.0008656607020752207,9.900000000048542e-07,3,"[313, 367, 661]","[2908, 1137, 2184]"
943,66,323,1160,0.0008627449137904777,0.0008627449137904777,5,"[313, 367, 586, 587, 661]","[747, 2845, 5, 1, 2719]"
944,66,323,1160,0.0008633449137904806,6.000000000029419e-07,3,"[313, 367, 661]","[1648, 1762, 2844]"
945,66,323,1160,0.000863834913790483,4.900000000024026e-07,3,"[313, 367, 661]","[2406, 985, 2864]"
946,66,323,1160,0.0008642749137904852,4.400000000021574e-07,3,"[313, 367, 661]","[2863, 630, 2819]"
947,66,323,1160,0.0008647349137904874,4.600000000022555e-07,3,"[313, 367, 661]","[3072, 476, 2583]"
948,66,323,1160,0.0008653949137904907,6.600000000032361e-07,3,"[313, 367, 661]","[3332, 484, 2447]"
949,66,324,1159,0.0008626955822046233,0.0008626955822046233,6,"[313, 367, 369, 580, 586, 661]","[1592, 1, 2, 29, 1, 4670]"
950,66,324,1160,0.0008612106773687596,0.0008612106773687596,4,"[313, 369, 580, 661]","[886, 14, 22, 5353]"
951,66,324,1160,0.0008618506773687627,6.400000000031381e-07,4,"[313, 369, 580, 661]","[1930, 1, 68, 4241]"
952,66,324,1160,0.0008623406773687651,4.900000000024026e-07,5,"[313, 367, 580, 581, 661]","[2687, 2, 72, 1, 3509]"
953,66,324,1160,0.0008627806773687673,4.400000000021574e-07,5,"[313, 367, 580, 581, 661]","[3287, 4, 51, 1, 2956]"
954,66,324,1160,0.0008632606773687696,4.800000000023535e-07,4,"[313, 367, 580, 661]","[3833, 8, 28, 2349]"
955,66,324,1160,0.000863960677368773,7.000000000034323e-07,4,"[313, 367, 580, 661]","[4307, 3, 7, 1932]"
956,66,325,1159,0.0008621194662396854,0.0008621194662396854,5,"[313, 369, 580, 661, 687]","[2052, 281, 24, 3893, 9]"
957,66,325,1160,0.0008592596121325715,0.0008592596121325715,3,"[313, 369, 661]","[332, 61, 5880]"
958,66,325,1160,0.0008599096121325747,6.500000000031871e-07,3,"[313, 369, 661]","[1128, 339, 4844]"
959,66,325,1160,0.000860379612132577,4.700000000023045e-07,3,"[313, 369, 661]","[1936, 495, 3775]"
960,66,325,1160,0.0008608096121325791,4.300000000021084e-07,4,"[313, 369, 580, 661]","[2713, 567, 2, 2978]"
961,66,325,1160,0.0008612296121325812,4.2000000000205935e-07,4,"[313, 369, 580, 661]","[3469, 410, 17, 2328]"
962,66,325,1160,0.0008617196121325836,4.900000000024026e-07,5,"[313, 369, 580, 581, 661]","[4175, 227, 34, 1, 1799]"
963,66,325,1160,0.0008624396121325871,7.200000000035303e-07,5,"[313, 369, 580, 581, 661]","[4960, 61, 103, 5, 1152]"
964,66,326,1160,0.000857161932603584,0.000857161932603584,3,"[313, 661, 916]","[47, 6262, 3]"
965,66,326,1160,0.000857971932603588,8.100000000039716e-07,3,"[313, 575, 661]","[448, 1, 5778]"
966,66,326,1160,0.000858591932603591,6.2000000000304e-07,5,"[313, 369, 575, 576, 661]","[1511, 7, 6, 2, 4768]"
967,66,326,1160,0.0008591119326035936,5.200000000025497e-07,5,"[313, 369, 575, 576, 661]","[2686, 48, 10, 1, 3425]"
968,66,326,1160,0.000859611932603596,5.000000000024516e-07,4,"[313, 369, 575, 661]","[3911, 235, 5, 2171]"
969,66,326,1160,0.0008601219326035986,5.100000000025006e-07,3,"[313, 369, 661]","[4405, 628, 1195]"
970,66,326,1160,0.0008607319326036015,6.10000000002991e-07,4,"[313, 369, 575, 661]","[4426, 1219, 1, 626]"
971,66,326,1161,0.0008596222425520361,0.0008596222425520361,6,"[313, 369, 575, 576, 661, 916]","[1764, 30, 9, 1, 4449, 6]"
972,66,327,1160,0.0008550310534710691,0.0008550310534710691,3,"[661, 916, 917]","[6174, 109, 2]"
973,66,327,1160,0.0008561610534710746,1.1300000000055406e-06,3,"[313, 661, 916]","[126, 6096, 1]"
974,66,327,1160,0.0008571010534710792,9.40000000004609e-07,3,"[313, 575, 661]","[1257, 2, 5012]"
975,66,327,1160,0.000857881053471083,7.800000000038245e-07,3,"[313, 575, 661]","[3705, 8, 2514]"
976,66,327,1160,0.0008586210534710867,7.400000000036284e-07,4,"[313, 575, 576, 661]","[5360, 24, 2, 945]"
977,66,327,1160,0.000859711053471092,1.0900000000053445e-06,5,"[313, 369, 575, 576, 661]","[5912, 2, 23, 3, 244]"
978,66,327,1161,0.0008534432954414198,0.0008534432954414198,3,"[661, 916, 917]","[6255, 26, 1]"
979,66,327,1161,0.0008548332954414266,1.3900000000068155e-06,4,"[313, 661, 916, 917]","[1, 6164, 83, 5]"
980,66,327,1161,0.0008564832954414347,1.6500000000080903e-06,4,"[313, 661, 916, 917]","[156, 6061, 15, 1]"
981,66,327,1161,0.0008591532954414478,2.6700000000130916e-06,4,"[313, 575, 576, 661]","[4298, 13, 1, 1928]"
982,66,328,1160,0.000855824160942543,0.000855824160942543,5,"[313, 571, 661, 916, 917]","[1349, 1, 4869, 31, 2]"
983,66,328,1160,0.0008570041609425488,1.1800000000057858e-06,2,"[313, 661]","[6009, 265]"
984,66,328,1160,0.0008581841609425545,1.1800000000057858e-06,2,"[313, 661]","[6201, 55]"
985,66,328,1161,0.0008497378529724802,0.0008497378529724802,1,[661],[6278]
986,66,328,1161,0.0008507978529724854,1.0600000000051974e-06,1,[661],[6238]
987,66,328,1161,0.0008517178529724899,9.20000000004511e-07,1,[661],[6256]
988,66,328,1161,0.0008527078529724948,9.900000000048542e-07,2,"[661, 916]","[6245, 2]"
989,66,328,1161,0.0008543478529725028,1.6400000000080413e-06,3,"[313, 661, 916]","[11, 6204, 18]"
990,66,328,1161,0.0008571078529725164,2.760000000013533e-06,3,"[313, 661, 916]","[4396, 1843, 10]"
991,66,328,1162,0.0008440914687676014,0.0008440914687676014,2,"[634, 661]","[88, 6167]"
992,66,328,1162,0.0008449014687676054,8.100000000039716e-07,1,[661],[6310]
993,66,328,1162,0.00084584146876761,9.40000000004609e-07,1,[661],[6228]
994,66,328,1162,0.0008468314687676148,9.900000000048542e-07,1,[661],[6215]
995,66,328,1162,0.00084788146876762,1.0500000000051484e-06,1,[661],[6277]
996,66,328,1162,0.0008493814687676273,1.5000000000073548e-06,1,[661],[6248]
997,66,328,1163,0.0008442001236971584,0.0008442001236971584,2,"[634, 661]","[117, 6139]"
998,66,328,1163,0.0008455801236971652,1.3800000000067664e-06,1,[661],[6263]
999,66,329,1160,0.0008556160268920468,0.0008556160268920468,3,"[313, 373, 661]","[6125, 1, 182]"
1000,66,329,1160,0.0008568760268920529,1.260000000006178e-06,3,"[313, 662, 663]","[6213, 1, 2]"
1001,66,329,1161,0.0008516792200763973,0.0008516792200763973,1,[661],[6253]
1002,66,329,1161,0.0008559392200764181,4.260000000020888e-06,5,"[313, 373, 661, 662, 663]","[5663, 2, 448, 60, 89]"
1003,66,329,1162,0.0008472688801353909,0.0008472688801353909,2,"[634, 661]","[212, 6069]"
1004,66,329,1162,0.0008488088801353984,1.540000000007551e-06,1,[661],[6242]
1005,66,330,1160,0.0008540960771630541,0.0008540960771630541,4,"[313, 373, 530, 531]","[4719, 1373, 214, 2]"
1006,66,330,1160,0.0008552660771630598,1.1700000000057368e-06,4,"[313, 373, 662, 663]","[6093, 103, 7, 6]"
1007,66,330,1161,0.0008542082315727165,0.0008542082315727165,7,"[313, 373, 530, 531, 661, 662, 663]","[4595, 1248, 199, 15, 20, 20, 188]"
1008,66,330,1161,0.0008552482315727216,1.0400000000050993e-06,5,"[313, 373, 662, 663, 696]","[4253, 37, 490, 1441, 1]"
1009,66,330,1161,0.0008560782315727256,8.300000000040697e-07,4,"[313, 662, 663, 696]","[1469, 2099, 2709, 2]"
1010,66,330,1161,0.0008574582315727324,1.3800000000067664e-06,4,"[313, 662, 663, 696]","[356, 3151, 2709, 3]"
1011,66,330,1162,0.0008555337609696241,0.0008555337609696241,11,"[313, 373, 530, 634, 661, 662, 663, 683, 693, 694, 696]","[43, 8, 2, 2, 75, 980, 5191, 1, 2, 1, 4]"
1012,66,330,1162,0.0008563737609696282,8.400000000041187e-07,4,"[313, 662, 663, 696]","[9, 2129, 4083, 3]"
1013,66,331,1160,0.0008517067014728694,0.0008517067014728694,5,"[313, 373, 530, 531, 532]","[841, 3909, 698, 834, 1]"
1014,66,331,1160,0.000852446701472873,7.400000000036284e-07,4,"[313, 373, 530, 531]","[2241, 2726, 1194, 73]"
1015,66,331,1160,0.0008531167014728763,6.700000000032852e-07,4,"[313, 373, 530, 531]","[3414, 2113, 762, 1]"
1016,66,331,1160,0.0008541067014728812,9.900000000048542e-07,4,"[313, 373, 530, 663]","[4484, 1531, 177, 1]"
1017,66,331,1161,0.0008511519831259623,0.0008511519831259623,5,"[313, 373, 530, 531, 532]","[240, 4492, 156, 1397, 10]"
1018,66,331,1161,0.0008520319831259667,8.800000000043148e-07,4,"[313, 373, 530, 531]","[1542, 3533, 820, 395]"
1019,66,331,1161,0.00085271198312597,6.800000000033342e-07,7,"[313, 373, 530, 531, 662, 663, 683]","[2932, 2408, 834, 38, 5, 5, 1]"
1020,66,331,1161,0.0008534619831259737,7.500000000036774e-07,8,"[313, 373, 530, 531, 662, 663, 683, 693]","[3937, 1776, 371, 2, 35, 117, 11, 1]"
1021,66,331,1161,0.0008544719831259786,1.0100000000049522e-06,8,"[313, 373, 530, 662, 663, 683, 693, 697]","[3133, 805, 42, 693, 1475, 47, 17, 1]"
1022,66,331,1161,0.0008553019831259827,8.300000000040697e-07,8,"[313, 373, 530, 662, 663, 683, 693, 694]","[603, 82, 1, 2678, 2852, 36, 17, 1]"
1023,66,331,1161,0.0008561519831259869,8.500000000041677e-07,6,"[313, 662, 663, 683, 693, 696]","[76, 3958, 2170, 3, 1, 1]"
1024,66,331,1162,0.0008541342506450701,0.0008541342506450701,10,"[313, 373, 530, 531, 532, 662, 663, 683, 693, 694]","[92, 215, 13, 44, 3, 628, 4645, 601, 19, 5]"
1025,66,331,1162,0.0008545642506450722,4.300000000021084e-07,6,"[313, 662, 663, 683, 693, 694]","[6, 978, 4974, 366, 21, 1]"
1026,66,331,1162,0.0008549142506450739,3.500000000017161e-07,6,"[313, 662, 663, 683, 693, 694]","[3, 1401, 4588, 229, 11, 1]"
1027,66,331,1162,0.0008552642506450757,3.500000000017161e-07,4,"[662, 663, 683, 693]","[1855, 4222, 128, 12]"
1028,66,331,1162,0.0008556742506450777,4.100000000020103e-07,7,"[313, 662, 663, 683, 693, 694, 696]","[1, 2396, 3767, 54, 3, 1, 1]"
1029,66,331,1162,0.000856354250645081,6.800000000033342e-07,3,"[662, 663, 683]","[3208, 2990, 19]"
1030,66,332,1160,0.0008503694553926533,0.0008503694553926533,5,"[313, 373, 530, 531, 532]","[667, 5218, 1, 335, 43]"
1031,66,332,1160,0.0008514094553926584,1.0400000000050993e-06,4,"[313, 373, 530, 531]","[3093, 2457, 48, 639]"
1032,66,332,1160,0.0008524094553926633,1.0000000000049032e-06,5,"[313, 373, 530, 531, 697]","[4759, 1144, 219, 161, 2]"
1033,66,332,1161,0.0008487258098370097,0.0008487258098370097,4,"[313, 373, 531, 532]","[2, 5456, 4, 805]"
1034,66,332,1161,0.000849205809837012,4.800000000023535e-07,4,"[313, 373, 531, 532]","[38, 5474, 20, 750]"
1035,66,332,1161,0.0008495958098370139,3.9000000000191225e-07,4,"[313, 373, 531, 532]","[105, 5537, 85, 630]"
1036,66,332,1161,0.0008499958098370159,4.000000000019613e-07,4,"[313, 373, 531, 532]","[302, 5201, 231, 447]"
1037,66,332,1161,0.0008504358098370181,4.400000000021574e-07,5,"[313, 373, 530, 531, 532]","[721, 4798, 1, 526, 237]"
1038,66,332,1161,0.0008509358098370205,5.000000000024516e-07,5,"[313, 373, 530, 531, 532]","[1710, 3709, 10, 737, 73]"
1039,66,332,1161,0.0008515058098370233,5.700000000027948e-07,5,"[313, 373, 530, 531, 532]","[3114, 2461, 45, 590, 13]"
1040,66,332,1161,0.0008522458098370269,7.400000000036284e-07,7,"[313, 373, 530, 531, 662, 663, 697]","[4422, 1322, 156, 259, 11, 1, 2]"
1041,66,332,1161,0.0008540458098370358,1.8000000000088258e-06,10,"[313, 373, 530, 531, 662, 663, 683, 693, 697, 698]","[3817, 488, 149, 28, 1419, 136, 103, 2, 127, 2]"
1042,66,332,1162,0.0008511444222328437,0.0008511444222328437,5,"[313, 373, 531, 532, 662]","[42, 4515, 35, 1657, 1]"
1043,66,332,1162,0.0008539444222328574,2.800000000013729e-06,11,"[313, 373, 530, 531, 532, 662, 663, 683, 693, 694, 697]","[105, 63, 1, 13, 3, 3838, 784, 1436, 8, 1, 8]"
1044,66,332,1162,0.0008544844222328601,5.400000000026477e-07,7,"[313, 662, 663, 683, 693, 694, 697]","[1, 3793, 1150, 1361, 14, 1, 5]"
1045,66,332,1162,0.0008550344222328628,5.500000000026968e-07,4,"[662, 663, 683, 693]","[3892, 1266, 1010, 4]"
1046,66,333,1160,0.0008496123308075214,0.0008496123308075214,6,"[313, 373, 375, 531, 532, 533]","[1669, 4528, 28, 1, 72, 1]"
1047,66,333,1160,0.0008507723308075271,1.1600000000056877e-06,4,"[313, 373, 531, 532]","[4479, 1729, 14, 20]"
1048,66,333,1161,0.0008486039513670561,0.0008486039513670561,6,"[313, 373, 375, 532, 877, 1019]","[333, 4928, 51, 974, 1, 32]"
1049,66,333,1161,0.000849003951367058,4.000000000019613e-07,5,"[313, 373, 375, 376, 532]","[622, 4554, 5, 1, 1048]"
1050,66,333,1161,0.0008493339513670596,3.3000000000161806e-07,5,"[313, 373, 375, 376, 532]","[933, 4414, 2, 2, 1013]"
1051,66,333,1161,0.0008496439513670612,3.1000000000152e-07,3,"[313, 373, 532]","[1311, 4040, 918]"
1052,66,333,1161,0.0008499939513670629,3.500000000017161e-07,4,"[313, 373, 376, 532]","[1936, 3552, 1, 739]"
1053,66,333,1161,0.0008504539513670651,4.600000000022555e-07,5,"[313, 373, 531, 532, 662]","[3131, 2508, 3, 466, 1]"
1054,66,333,1161,0.0008512739513670692,8.200000000040206e-07,5,"[313, 373, 531, 532, 662]","[4893, 1133, 12, 200, 7]"
1055,66,333,1161,0.0008542039513670835,2.9300000000143664e-06,8,"[313, 373, 531, 532, 662, 683, 697, 698]","[2725, 80, 5, 1, 2937, 4, 488, 5]"
1056,66,333,1162,0.0008496887490287741,0.0008496887490287741,7,"[313, 373, 375, 532, 876, 877, 1019]","[54, 3709, 3, 2367, 12, 20, 106]"
1057,66,333,1162,0.0008529887490287903,3.3000000000161806e-06,7,"[313, 373, 532, 662, 663, 683, 697]","[171, 1200, 729, 4159, 1, 4, 3]"
1058,66,333,1162,0.0008537187490287939,7.300000000035793e-07,4,"[662, 663, 683, 697]","[6173, 1, 24, 19]"
1059,66,333,1162,0.0008547987490287992,1.0800000000052955e-06,4,"[662, 663, 683, 697]","[6164, 3, 84, 15]"
1060,66,334,1160,0.000848687115959068,0.000848687115959068,7,"[313, 373, 375, 376, 533, 535, 1019]","[2031, 36, 2760, 531, 875, 25, 3]"
1061,66,334,1161,0.0008473779665704939,0.0008473779665704939,10,"[313, 373, 375, 376, 377, 532, 533, 876, 877, 1019]","[533, 2, 3217, 273, 2, 1, 243, 28, 9, 1974]"
1062,66,334,1161,0.0008480979665704974,7.200000000035303e-07,6,"[313, 373, 375, 376, 532, 533]","[1800, 25, 3658, 772, 2, 15]"
1063,66,334,1161,0.0008487179665705004,6.2000000000304e-07,5,"[313, 373, 375, 376, 532]","[3284, 74, 2060, 780, 14]"
1064,66,334,1161,0.0008493979665705038,6.800000000033342e-07,5,"[313, 373, 375, 376, 532]","[4920, 166, 786, 373, 29]"
1065,66,334,1161,0.0008507479665705104,1.3500000000066193e-06,6,"[313, 373, 375, 376, 532, 662]","[5748, 187, 146, 79, 36, 18]"
1066,66,334,1162,0.0008440310292414413,0.0008440310292414413,3,"[876, 877, 1019]","[3370, 2649, 237]"
1067,66,334,1162,0.0008513310292414771,7.3000000000357935e-06,8,"[313, 373, 375, 376, 377, 532, 662, 1019]","[380, 63, 377, 98, 1, 64, 895, 4371]"
1068,66,334,1162,0.0008524010292414823,1.0700000000052464e-06,2,"[313, 662]","[2, 6293]"
1069,66,334,1162,0.0008530810292414856,6.800000000033342e-07,1,[662],[6261]
1070,66,334,1163,0.0008332872361754409,0.0008332872361754409,2,"[876, 877]","[3149, 3106]"
1071,66,335,1160,0.0008476208331099154,0.0008476208331099154,7,"[313, 375, 376, 377, 533, 535, 1019]","[1592, 1568, 973, 57, 2097, 2, 3]"
1072,66,335,1160,0.0008489108331099217,1.2900000000063251e-06,5,"[313, 375, 376, 377, 533]","[2199, 1771, 2210, 1, 38]"
1073,66,335,1161,0.0008466839305925867,0.0008466839305925867,8,"[313, 375, 376, 377, 533, 876, 877, 1019]","[3143, 787, 280, 748, 378, 114, 8, 807]"
1074,66,335,1161,0.0008471939305925892,5.100000000025006e-07,6,"[313, 375, 376, 377, 533, 1019]","[3083, 1798, 1021, 236, 93, 12]"
1075,66,335,1161,0.000847553930592591,3.6000000000176516e-07,5,"[313, 375, 376, 377, 533]","[2780, 2022, 1517, 66, 26]"
1076,66,335,1161,0.0008478439305925924,2.9000000000142193e-07,5,"[313, 375, 376, 377, 533]","[2352, 2000, 1858, 29, 13]"
1077,66,335,1161,0.0008481339305925938,2.9000000000142193e-07,5,"[313, 375, 376, 377, 533]","[2190, 1883, 2080, 3, 3]"
1078,66,335,1161,0.0008484739305925955,3.400000000016671e-07,4,"[313, 375, 376, 377]","[2124, 1799, 2310, 5]"
1079,66,335,1161,0.0008490139305925981,5.400000000026477e-07,4,"[313, 375, 376, 377]","[2274, 1589, 2319, 2]"
1080,66,335,1162,0.0008307101082869866,0.0008307101082869866,2,"[876, 877]","[6258, 26]"
1081,66,335,1162,0.0008317401082869917,1.0300000000050503e-06,2,"[876, 877]","[5757, 473]"
1082,66,335,1162,0.0008454201082870587,1.3680000000067076e-05,5,"[313, 377, 876, 877, 1019]","[35, 16, 3407, 1444, 1338]"
1083,66,335,1162,0.0008510001082870861,5.58000000002736e-06,6,"[313, 375, 376, 377, 662, 1019]","[1197, 473, 472, 212, 3338, 619]"
1084,66,335,1162,0.0008517201082870896,7.200000000035303e-07,1,[662],[6232]
1085,66,335,1162,0.0008524401082870931,7.200000000035303e-07,1,[662],[6239]
1086,66,335,1163,0.0008306932193038157,0.0008306932193038157,2,"[876, 877]","[6252, 28]"
1087,66,335,1163,0.0008316932193038206,1.0000000000049032e-06,2,"[876, 877]","[5763, 495]"
1088,66,335,1163,0.0008512832193039167,1.9590000000096054e-05,5,"[313, 662, 876, 877, 1019]","[2, 977, 3586, 1602, 47]"
1089,66,336,1161,0.0008455402405494064,0.0008455402405494064,7,"[313, 375, 376, 377, 533, 876, 1019]","[5635, 1, 1, 563, 1, 58, 3]"
1090,66,336,1161,0.0008461602405494095,6.2000000000304e-07,4,"[313, 376, 377, 533]","[4784, 2, 1466, 1]"
1091,66,336,1161,0.0008467202405494122,5.600000000027458e-07,5,"[313, 375, 376, 377, 533]","[4507, 9, 29, 1708, 3]"
1092,66,336,1161,0.0008476202405494166,9.000000000044129e-07,5,"[313, 375, 376, 377, 533]","[4610, 55, 233, 1342, 3]"
1093,66,336,1162,0.0008296721477569274,0.0008296721477569274,1,[876],[6252]
1094,66,336,1162,0.0008447821477570015,1.5110000000074088e-05,5,"[313, 377, 876, 877, 1019]","[444, 5, 5788, 11, 2]"
1095,66,336,1162,0.0008501621477570279,5.380000000026379e-06,6,"[313, 375, 376, 377, 662, 1019]","[2909, 6, 27, 992, 2339, 2]"
1096,66,336,1162,0.0008508921477570314,7.300000000035793e-07,1,[662],[6297]
1097,66,336,1162,0.0008514921477570344,6.000000000029419e-07,1,[662],[6239]
1098,66,336,1163,0.0008292969773042455,0.0008292969773042455,2,"[876, 906]","[6307, 1]"
1099,66,336,1163,0.00083021697730425,9.20000000004511e-07,1,[876],[6241]
1100,66,336,1163,0.0008513869773043539,2.11700000001038e-05,5,"[313, 377, 662, 876, 877]","[1, 1, 2986, 3208, 12]"
1101,66,337,1161,0.0008440532722115079,0.0008440532722115079,2,"[313, 876]","[6302, 23]"
1102,66,337,1161,0.0008448732722115119,8.200000000040206e-07,2,"[313, 377]","[6220, 6]"
1103,66,337,1161,0.0008460532722115177,1.1800000000057858e-06,2,"[313, 377]","[6134, 81]"
1104,66,337,1162,0.0008296977146708672,0.0008296977146708672,2,"[876, 906]","[6226, 47]"
1105,66,337,1162,0.0008452477146709434,1.5550000000076245e-05,5,"[313, 377, 517, 876, 906]","[5022, 2, 1, 1195, 13]"
1106,66,337,1162,0.0008499277146709664,4.680000000022947e-06,5,"[313, 377, 662, 704, 727]","[1124, 56, 5102, 27, 16]"
1107,66,337,1162,0.0008505477146709694,6.2000000000304e-07,3,"[662, 704, 727]","[6195, 1, 1]"
1108,66,337,1162,0.0008514277146709737,8.800000000043148e-07,2,"[662, 727]","[6223, 1]"
1109,66,337,1163,0.00082878114680845,0.00082878114680845,2,"[876, 906]","[6046, 247]"
1110,66,337,1163,0.0008293311468084526,5.500000000026968e-07,2,"[876, 906]","[5933, 346]"
1111,66,337,1163,0.0008301011468084564,7.700000000037755e-07,2,"[876, 906]","[5751, 452]"
1112,66,338,1161,0.0008425427237371986,0.0008425427237371986,4,"[313, 517, 549, 876]","[6192, 120, 6, 1]"
1113,66,338,1161,0.0008435027237372033,9.60000000004707e-07,3,"[313, 517, 549]","[6110, 95, 3]"
1114,66,338,1162,0.0008420468887362019,0.0008420468887362019,4,"[313, 517, 876, 906]","[2584, 27, 3005, 638]"
1115,66,338,1162,0.0008440268887362116,1.9800000000097084e-06,2,"[313, 517]","[6158, 92]"
1116,66,338,1162,0.0008488968887362355,4.870000000023879e-06,6,"[313, 662, 704, 727, 856, 857]","[933, 2072, 1649, 1410, 188, 1]"
1117,66,338,1162,0.000849406888736238,5.100000000025006e-07,4,"[662, 704, 727, 856]","[3600, 1447, 1043, 226]"
1118,66,338,1162,0.0008498568887362402,4.5000000000220645e-07,4,"[662, 704, 727, 856]","[4303, 1020, 656, 200]"
1119,66,338,1162,0.0008504768887362432,6.2000000000304e-07,4,"[662, 704, 727, 856]","[5082, 687, 366, 136]"
1120,66,338,1163,0.000828801153391317,0.000828801153391317,3,"[876, 906, 907]","[3982, 2324, 1]"
1121,66,338,1163,0.0008291911533913189,3.9000000000191225e-07,2,"[876, 906]","[3876, 2467]"
1122,66,338,1163,0.0008295011533913204,3.1000000000152e-07,2,"[876, 906]","[3914, 2305]"
1123,66,338,1163,0.0008298311533913221,3.3000000000161806e-07,2,"[876, 906]","[3932, 2279]"
1124,66,338,1163,0.0008303111533913244,4.800000000023535e-07,3,"[876, 906, 907]","[4136, 2038, 1]"
1125,66,338,1163,0.0008493611533914178,1.9050000000093406e-05,9,"[313, 517, 662, 704, 727, 856, 857, 876, 906]","[34, 1, 1446, 706, 577, 140, 1, 2442, 898]"
1126,66,339,1161,0.0008412208226061847,0.0008412208226061847,4,"[313, 513, 517, 549]","[6159, 1, 4, 90]"
1127,66,339,1161,0.0008424208226061906,1.2000000000058839e-06,3,"[313, 517, 549]","[5000, 124, 1150]"
1128,66,339,1162,0.0008411372552708603,0.0008411372552708603,5,"[313, 517, 549, 876, 906]","[6062, 2, 9, 82, 104]"
1129,66,339,1162,0.0008431872552708703,2.0500000000100516e-06,3,"[313, 517, 549]","[5976, 142, 130]"
1130,66,339,1162,0.0008484972552708964,5.310000000026036e-06,8,"[313, 517, 549, 662, 704, 727, 856, 857]","[227, 22, 43, 2290, 1721, 830, 1231, 1]"
1131,66,339,1162,0.000848827255270898,3.3000000000161806e-07,4,"[662, 704, 727, 856]","[2320, 1838, 657, 1497]"
1132,66,339,1162,0.0008490772552708992,2.500000000012258e-07,4,"[662, 704, 727, 856]","[2304, 1795, 601, 1574]"
1133,66,339,1162,0.0008492972552709003,2.200000000010787e-07,4,"[662, 704, 727, 856]","[2237, 1767, 561, 1642]"
1134,66,339,1162,0.0008495172552709014,2.200000000010787e-07,5,"[662, 704, 727, 856, 857]","[2181, 1758, 482, 1687, 2]"
1135,66,339,1162,0.0008497772552709026,2.6000000000127484e-07,5,"[662, 704, 727, 856, 857]","[2276, 1726, 459, 1929, 2]"
1136,66,339,1162,0.0008501172552709043,3.400000000016671e-07,4,"[662, 704, 727, 856]","[2029, 1651, 352, 2130]"
1137,66,339,1162,0.0008514472552709108,1.3300000000065213e-06,4,"[662, 704, 727, 856]","[1762, 1311, 252, 2851]"
1138,66,339,1163,0.0008486970783683209,0.0008486970783683209,13,"[313, 517, 662, 704, 727, 856, 857, 876, 906, 907, 908, 920, 938]","[88, 1, 1088, 654, 271, 1205, 1, 1068, 1839, 62, 2, 3, 1]"
1139,66,339,1163,0.0008493470783683241,6.500000000031871e-07,4,"[662, 704, 727, 856]","[1821, 1247, 370, 2856]"
1140,66,339,1163,0.0008499770783683272,6.30000000003089e-07,5,"[662, 704, 727, 856, 857]","[1370, 1069, 281, 3493, 1]"
1141,66,340,1161,0.0008398935365175407,0.0008398935365175407,7,"[313, 513, 514, 549, 568, 1021, 1030]","[5652, 101, 1, 331, 4, 3, 158]"
1142,66,340,1161,0.0008408935365175456,1.0000000000049032e-06,3,"[313, 513, 549]","[4188, 17, 2070]"
1143,66,340,1161,0.0008416735365175494,7.800000000038245e-07,4,"[313, 513, 517, 549]","[1102, 1, 1, 5166]"
1144,66,340,1161,0.0008423435365175527,6.700000000032852e-07,3,"[313, 517, 549]","[205, 1, 6075]"
1145,66,340,1161,0.0008434635365175582,1.1200000000054916e-06,3,"[313, 517, 549]","[15, 1, 6166]"
1146,66,340,1162,0.0008392781470126439,0.0008392781470126439,6,"[313, 513, 549, 568, 920, 1030]","[3075, 79, 3106, 15, 2, 4]"
1147,66,340,1162,0.0008403381470126491,1.0600000000051974e-06,5,"[313, 513, 514, 549, 568]","[5954, 46, 1, 235, 4]"
1148,66,340,1162,0.0008480481470126869,7.710000000037804e-06,9,"[313, 513, 517, 549, 568, 662, 704, 727, 856]","[3696, 6, 2, 1872, 1, 533, 15, 3, 107]"
1149,66,340,1162,0.0008489981470126915,9.500000000046581e-07,6,"[662, 704, 715, 723, 727, 856]","[4503, 174, 2, 1, 12, 1578]"
1150,66,340,1162,0.0008494881470126939,4.900000000024026e-07,6,"[662, 704, 715, 719, 727, 856]","[4155, 177, 2, 3, 10, 1930]"
1151,66,340,1162,0.0008499581470126962,4.700000000023045e-07,8,"[662, 704, 715, 716, 719, 723, 727, 856]","[3884, 154, 7, 1, 19, 1, 7, 2136]"
1152,66,340,1162,0.0008506581470126997,7.000000000034323e-07,10,"[662, 704, 715, 716, 719, 720, 723, 724, 727, 856]","[3861, 95, 21, 3, 30, 2, 6, 1, 2, 2235]"
1153,66,340,1163,0.0008491611171430938,0.0008491611171430938,11,"[313, 536, 549, 662, 704, 727, 856, 907, 908, 920, 938]","[126, 1, 854, 2049, 77, 3, 2058, 10, 1, 965, 141]"
1154,66,340,1163,0.000850021117143098,8.600000000042168e-07,7,"[662, 704, 715, 719, 723, 727, 856]","[2208, 75, 4, 10, 2, 8, 3941]"
1155,66,340,1164,0.0008290845586039411,0.0008290845586039411,3,"[907, 920, 938]","[26, 5856, 388]"
1156,66,340,1164,0.0008303745586039474,1.2900000000063251e-06,4,"[906, 907, 920, 938]","[1, 16, 3552, 2690]"
1157,66,341,1160,0.000852768740924882,0.000852768740924882,7,"[313, 513, 549, 662, 1021, 1030, 1031]","[49, 3, 1165, 4147, 190, 706, 2]"
1158,66,341,1161,0.0008375821427290584,0.0008375821427290584,7,"[313, 513, 549, 568, 1021, 1030, 1031]","[960, 4, 1197, 56, 1235, 2814, 7]"
1159,66,341,1161,0.0008387821427290643,1.2000000000058839e-06,5,"[313, 513, 514, 549, 568]","[4787, 118, 2, 798, 535]"
1160,66,341,1161,0.0008396221427290684,8.400000000041187e-07,5,"[313, 513, 514, 549, 568]","[3622, 189, 2, 2045, 402]"
1161,66,341,1161,0.0008404121427290723,7.900000000038735e-07,5,"[313, 513, 514, 549, 568]","[1282, 82, 2, 4815, 80]"
1162,66,341,1161,0.0008410921427290756,6.800000000033342e-07,4,"[313, 513, 549, 568]","[236, 9, 6031, 4]"
1163,66,341,1161,0.0008419321427290797,8.400000000041187e-07,3,"[313, 513, 549]","[18, 1, 6195]"
1164,66,341,1161,0.0008514221427291263,9.490000000046532e-06,6,"[313, 549, 662, 715, 719, 856]","[1, 2754, 3503, 4, 4, 1]"
1165,66,341,1161,0.0008525621427291319,1.1400000000055897e-06,2,"[662, 719]","[6251, 1]"
1166,66,341,1162,0.0008350574962825898,0.0008350574962825898,4,"[549, 920, 1021, 1030]","[6110, 1, 71, 90]"
1167,66,341,1162,0.0008356574962825928,6.000000000029419e-07,3,"[313, 549, 568]","[2, 6260, 1]"
1168,66,341,1162,0.0008362974962825959,6.400000000031381e-07,3,"[313, 549, 568]","[19, 6210, 1]"
1169,66,341,1162,0.0008370974962825998,8.000000000039226e-07,4,"[313, 513, 549, 568]","[291, 1, 5967, 61]"
1170,66,341,1162,0.000837737496282603,6.400000000031381e-07,4,"[313, 513, 549, 568]","[1172, 13, 4525, 502]"
1171,66,341,1162,0.0008381974962826052,4.600000000022555e-07,5,"[313, 513, 514, 549, 568]","[1873, 27, 1, 3248, 1055]"
1172,66,341,1162,0.0008385874962826071,3.9000000000191225e-07,4,"[313, 513, 549, 568]","[2159, 58, 2802, 1327]"
1173,66,341,1162,0.000838957496282609,3.700000000018142e-07,4,"[313, 513, 549, 568]","[2240, 95, 2520, 1392]"
1174,66,341,1162,0.000839367496282611,4.100000000020103e-07,5,"[313, 513, 514, 549, 568]","[2180, 121, 1, 2757, 1197]"
1175,66,341,1162,0.0008399074962826136,5.400000000026477e-07,4,"[313, 513, 549, 568]","[1948, 89, 3351, 770]"
1176,66,341,1162,0.0008410574962826193,1.1500000000056387e-06,5,"[313, 513, 514, 549, 568]","[987, 47, 1, 4967, 259]"
1177,66,341,1162,0.0008500774962826635,9.020000000044227e-06,8,"[313, 549, 662, 715, 719, 720, 723, 856]","[43, 1934, 4166, 25, 21, 1, 2, 42]"
1178,66,341,1162,0.0008508174962826671,7.400000000036284e-07,8,"[662, 715, 716, 719, 720, 723, 724, 856]","[6209, 38, 3, 31, 2, 4, 2, 19]"
1179,66,341,1162,0.0008515274962826706,7.100000000034813e-07,7,"[662, 715, 719, 720, 723, 724, 856]","[6195, 15, 11, 2, 4, 1, 4]"
1180,66,341,1163,0.0008358483025716324,0.0008358483025716324,3,"[549, 920, 938]","[3809, 2077, 382]"
1181,66,341,1163,0.000839858302571652,4.010000000019662e-06,4,"[313, 513, 549, 568]","[119, 2, 5677, 435]"
1182,66,341,1164,0.0008286942923604348,0.0008286942923604348,2,"[920, 938]","[5981, 320]"
1183,66,341,1164,0.0008292242923604374,5.300000000025987e-07,2,"[920, 938]","[5089, 1153]"
1184,66,341,1164,0.0008296742923604396,4.5000000000220645e-07,2,"[920, 938]","[4050, 2282]"
1185,66,341,1164,0.000830164292360442,4.900000000024026e-07,2,"[920, 938]","[3039, 3181]"
1186,66,341,1164,0.0008311442923604469,9.800000000048052e-07,2,"[920, 938]","[2062, 4107]"
1187,66,342,1160,0.0008508996673923015,0.0008508996673923015,8,"[313, 549, 568, 662, 1021, 1025, 1030, 1031]","[51, 35, 2, 5730, 288, 3, 142, 1]"
1188,66,342,1160,0.0008514496673923042,5.500000000026968e-07,1,[662],[6381]
1189,66,342,1160,0.0008519296673923065,4.800000000023535e-07,1,[662],[6178]
1190,66,342,1160,0.0008525796673923097,6.500000000031871e-07,1,[662],[6225]
1191,66,342,1161,0.0008372749681450723,0.0008372749681450723,6,"[313, 549, 568, 1021, 1025, 1030]","[3877, 167, 45, 1667, 1, 518]"
1192,66,342,1161,0.0008384649681450781,1.1900000000058348e-06,4,"[313, 513, 549, 568]","[5249, 5, 261, 710]"
1193,66,342,1161,0.0008502349681451358,1.1770000000057711e-05,5,"[313, 513, 549, 568, 662]","[1667, 8, 3193, 1096, 286]"
1194,66,342,1161,0.000851704968145143,1.4700000000072077e-06,1,[662],[6309]
1195,66,342,1161,0.000852304968145146,6.000000000029419e-07,1,[662],[6203]
1196,66,342,1161,0.0008534349681451515,1.1300000000055406e-06,1,[662],[6245]
1197,66,342,1162,0.0008369215791438736,0.0008369215791438736,5,"[313, 549, 568, 1021, 1030]","[2834, 3215, 67, 113, 21]"
1198,66,342,1162,0.0008376715791438773,7.500000000036774e-07,4,"[313, 513, 549, 568]","[4195, 2, 1317, 760]"
1199,66,342,1162,0.0008382015791438799,5.300000000025987e-07,4,"[313, 513, 549, 568]","[2994, 2, 1285, 2057]"
1200,66,342,1162,0.0008386615791438821,4.600000000022555e-07,4,"[313, 513, 549, 568]","[1690, 4, 1554, 2900]"
1201,66,342,1162,0.0008392115791438848,5.500000000026968e-07,4,"[313, 513, 549, 568]","[913, 7, 2072, 3266]"
1202,66,342,1162,0.0008405615791438915,1.3500000000066193e-06,4,"[313, 513, 549, 568]","[332, 11, 3577, 2317]"
1203,66,342,1162,0.0008530115791439525,1.2450000000061045e-05,4,"[313, 549, 568, 662]","[3, 600, 32, 5611]"
1204,66,343,1160,0.000852031420474378,0.000852031420474378,6,"[313, 662, 1021, 1023, 1025, 1026]","[56, 5943, 1, 159, 87, 4]"
1205,66,343,1161,0.0008365136272237603,0.0008365136272237603,5,"[313, 1021, 1023, 1025, 1026]","[5865, 23, 360, 39, 3]"
1206,66,343,1161,0.0008519836272238362,1.5470000000075853e-05,4,"[313, 549, 568, 662]","[5223, 2, 36, 951]"
1207,66,343,1162,0.0008365139181351902,0.0008365139181351902,4,"[313, 549, 1021, 1023]","[6258, 3, 1, 12]"
1208,66,343,1162,0.0008524039181352681,1.5890000000077912e-05,4,"[313, 549, 568, 662]","[6007, 32, 166, 21]"
1209,66,344,1161,0.0008026310107606077,0.0008026310107606077,2,"[1023, 1025]","[6239, 17]"
1210,66,344,1161,0.0008354210107607685,3.2790000000160776e-05,2,"[313, 1023]","[5674, 611]"
1211,66,344,1161,0.000836751010760775,1.3300000000065213e-06,1,[313],[6215]
1212,66,344,1162,0.000835728656485563,0.000835728656485563,3,"[313, 977, 1023]","[6116, 2, 146]"
1213,66,345,1161,0.0008343838985489072,0.0008343838985489072,2,"[313, 1023]","[5007, 1250]"
1214,66,345,1161,0.0008352638985489115,8.800000000043148e-07,1,[313],[6245]
1215,66,345,1162,0.0008351270664321643,0.0008351270664321643,3,"[313, 977, 1023]","[6259, 1, 29]"
1216,66,346,1161,0.0008335800145151783,0.0008335800145151783,2,"[313, 484]","[6245, 35]"
1217,66,346,1161,0.0008343700145151822,7.900000000038735e-07,2,"[313, 484]","[6270, 5]"
1218,66,346,1162,0.000834663775712367,0.000834663775712367,3,"[313, 484, 569]","[6241, 6, 3]"
1219,66,347,1161,0.0008322807480202744,0.0008322807480202744,2,"[313, 484]","[6224, 30]"
1220,66,347,1161,0.0008329507480202777,6.700000000032852e-07,2,"[313, 484]","[6203, 69]"
1221,66,347,1161,0.0008338007480202819,8.500000000041677e-07,2,"[313, 484]","[6152, 94]"
1222,66,347,1162,0.000833922811549475,0.000833922811549475,2,"[313, 484]","[6203, 57]"
1223,66,348,1161,0.0008309254958722225,0.0008309254958722225,1,[313],[6275]
1224,66,348,1161,0.0008315554958722255,6.30000000003089e-07,1,[313],[6230]
1225,66,348,1161,0.0008322054958722287,6.500000000031871e-07,2,"[313, 484]","[6241, 4]"
1226,66,348,1164,0.0008270857348630311,0.0008270857348630311,1,[939],[6306]
1227,66,348,1164,0.0008276557348630339,5.700000000027948e-07,1,[939],[6258]
1228,66,348,1164,0.0008283057348630371,6.500000000031871e-07,1,[939],[6252]
1229,66,349,1161,0.0008299657682389638,0.0008299657682389638,1,[313],[6267]
1230,66,349,1161,0.0008305957682389669,6.30000000003089e-07,1,[313],[6318]
1231,66,349,1161,0.0008315357682389715,9.40000000004609e-07,1,[313],[6173]
1232,66,350,1161,0.0008297086801065434,0.0008297086801065434,1,[313],[6292]
1233,66,350,1162,0.0008297381135757169,0.0008297381135757169,1,[313],[6298]
1234,66,351,1162,0.0008289185196944294,0.0008289185196944294,1,[313],[6291]
1235,66,351,1162,0.0008294585196944321,5.400000000026477e-07,1,[313],[6233]
1236,66,351,1162,0.0008304185196944368,9.60000000004707e-07,1,[313],[6228]
1237,66,352,1162,0.0008288657393870604,0.0008288657393870604,2,"[313, 1035]","[6322, 1]"
1238,66,352,1162,0.000829405739387063,5.400000000026477e-07,1,[313],[6286]
1239,66,352,1162,0.0008302357393870671,8.300000000040697e-07,1,[313],[6149]
1240,66,352,1163,0.0008293288716041262,0.0008293288716041262,3,"[313, 1035, 1036]","[5719, 476, 80]"
1241,66,352,1177,0.0007797080349010478,0.0007797080349010478,3,"[629, 654, 655]","[6275, 1, 3]"
1242,66,352,1177,0.0007803080349010508,6.000000000029419e-07,3,"[629, 654, 655]","[6269, 3, 2]"
1243,66,353,1163,0.0008292548431707863,0.0008292548431707863,3,"[313, 1035, 1036]","[1167, 4842, 246]"
1244,66,353,1164,0.0008113853203007172,0.0008113853203007172,2,"[1035, 1036]","[6268, 1]"
1245,66,353,1164,0.0008122453203007215,8.600000000042168e-07,2,"[1035, 1036]","[6249, 21]"
1246,66,353,1164,0.0008153653203007367,3.120000000015298e-06,2,"[1035, 1036]","[5829, 382]"
1247,66,354,1164,0.0008102481533538922,0.0008102481533538922,1,[1035],[6374]
1248,66,354,1164,0.0008106981533538944,4.5000000000220645e-07,1,[1035],[6298]
1249,66,354,1164,0.0008111181533538964,4.2000000000205935e-07,1,[1035],[6170]
1250,66,354,1164,0.0008117681533538996,6.500000000031871e-07,1,[1035],[6177]
1251,66,355,1164,0.0008111526287744835,0.0008111526287744835,1,[1035],[6279]
1252,66,355,1165,0.0008138152773569391,0.0008138152773569391,2,"[1003, 1035]","[4477, 1776]"
1253,66,357,1166,0.0008115464724738074,0.0008115464724738074,3,"[593, 594, 597]","[6257, 6, 2]"
1254,66,357,1167,0.0008109082412625127,0.0008109082412625127,3,"[593, 594, 597]","[6347, 1, 5]"
1255,66,357,1167,0.0008115882412625161,6.800000000033342e-07,1,[593],[6155]
1256,66,358,1167,0.0008108800195119949,0.0008108800195119949,2,"[593, 597]","[4486, 1769]"
1257,66,358,1167,0.0008120300195120006,1.1500000000056387e-06,1,[593],[6260]
1258,66,359,1166,0.0008078583709743921,0.0008078583709743921,1,[597],[6252]
1259,66,359,1167,0.0008072154989708615,0.0008072154989708615,1,[597],[6316]
1260,66,359,1167,0.000808345498970867,1.1300000000055406e-06,1,[597],[6205]
1261,66,360,1166,0.0008063099695799088,0.0008063099695799088,4,"[597, 628, 1093, 1094]","[5910, 335, 4, 1]"
1262,66,360,1167,0.0008054902337458632,0.0008054902337458632,4,"[597, 628, 1093, 1094]","[5662, 579, 12, 10]"
1263,66,360,1167,0.0008062902337458672,8.000000000039226e-07,1,[597],[6315]
1264,66,360,1167,0.0008072602337458719,9.700000000047561e-07,1,[597],[6181]
1265,66,361,1166,0.0008028433370396449,0.0008028433370396449,4,"[597, 628, 1093, 1094]","[5602, 649, 13, 8]"
1266,66,361,1166,0.0008042433370396518,1.4000000000068645e-06,2,"[597, 628]","[3690, 2568]"
1267,66,361,1167,0.0008021152283149602,0.0008021152283149602,4,"[597, 628, 1093, 1094]","[6072, 124, 35, 37]"
1268,66,361,1167,0.0008030252283149647,9.100000000044619e-07,2,"[597, 628]","[4837, 1461]"
1269,66,361,1167,0.0008036752283149678,6.500000000031871e-07,2,"[597, 628]","[3802, 2444]"
1270,66,361,1167,0.0008043852283149713,7.100000000034813e-07,2,"[597, 628]","[4352, 1852]"
1271,66,361,1167,0.0008053052283149758,9.20000000004511e-07,2,"[597, 628]","[5809, 435]"
1272,66,362,1166,0.0008009080023150558,0.0008009080023150558,2,"[597, 1093]","[6274, 2]"
1273,66,362,1166,0.000801548002315059,6.400000000031381e-07,1,[597],[6287]
1274,66,362,1166,0.0008033780023150679,1.8300000000089729e-06,2,"[597, 628]","[5996, 196]"
1275,66,362,1167,0.0008010188716551576,0.0008010188716551576,2,"[597, 1094]","[6302, 1]"
1276,66,362,1167,0.0008016788716551608,6.600000000032361e-07,2,"[597, 628]","[6266, 5]"
1277,66,362,1167,0.0008030688716551676,1.3900000000068155e-06,2,"[597, 628]","[5994, 198]"
1278,66,370,1168,0.0007784099454747586,0.0007784099454747586,2,"[1091, 1109]","[4492, 1889]"
1279,66,370,1168,0.0007788399454747607,4.300000000021084e-07,2,"[1091, 1109]","[4592, 1534]"
1280,66,370,1168,0.000779309945474763,4.700000000023045e-07,2,"[1091, 1109]","[4754, 1489]"
1281,66,370,1168,0.0007837599454747848,4.450000000021819e-06,3,"[1073, 1091, 1109]","[418, 4735, 1102]"
1282,66,373,1159,0.0008107112023477919,0.0008107112023477919,1,[485],[6320]
1283,66,373,1159,0.000811751202347797,1.0400000000050993e-06,1,[485],[6211]
1284,66,374,1159,0.0008099638315707231,0.0008099638315707231,1,[485],[6302]
1285,66,374,1159,0.0008109238315707278,9.60000000004707e-07,1,[485],[6216]
1286,66,374,1160,0.0008097064815896061,0.0008097064815896061,1,[485],[6261]
1287,66,374,1160,0.0008102164815896086,5.100000000025006e-07,1,[485],[6286]
1288,66,374,1160,0.0008106764815896108,4.600000000022555e-07,1,[485],[6264]
1289,66,374,1160,0.000811316481589614,6.400000000031381e-07,1,[485],[6220]
1290,66,375,1159,0.0008098572648339924,0.0008098572648339924,1,[485],[6288]
1291,66,375,1160,0.0008098095337359244,0.0008098095337359244,1,[485],[6320]
1292,66,376,1174,0.0008201110020085608,0.0008201110020085608,1,[420],[6270]
1293,66,377,1174,0.0008198636895277709,0.0008198636895277709,1,[420],[6281]
1294,66,377,1174,0.0008205536895277743,6.900000000033832e-07,1,[420],[6236]
1295,66,377,1175,0.0008215462915437475,0.0008215462915437475,1,[420],[6256]
1296,66,377,1178,0.0008262441503774713,0.0008262441503774713,3,"[420, 421, 439]","[5070, 532, 679]"
1297,66,377,1178,0.0008276641503774782,1.4200000000069626e-06,2,"[420, 439]","[6209, 35]"
1298,66,377,1179,0.0008245662897690586,0.0008245662897690586,3,"[420, 421, 439]","[5519, 18, 738]"
1299,66,377,1179,0.0008252962897690621,7.300000000035793e-07,2,"[420, 439]","[4411, 1845]"
1300,66,377,1179,0.0008259662897690654,6.700000000032852e-07,2,"[420, 439]","[4792, 1466]"
1301,66,377,1179,0.0008266162897690686,6.500000000031871e-07,2,"[420, 439]","[5830, 461]"
1302,66,377,1179,0.0008272162897690716,6.000000000029419e-07,2,"[420, 439]","[6129, 42]"
1303,66,377,1179,0.0008278862897690748,6.700000000032852e-07,2,"[420, 439]","[6288, 2]"
1304,66,378,1175,0.0008202157300464991,0.0008202157300464991,1,[420],[6282]
1305,66,378,1175,0.000820805730046502,5.900000000028929e-07,1,[420],[6253]
1306,66,378,1177,0.0008108718635043727,0.0008108718635043727,1,[421],[6306]
1307,66,378,1177,0.0008195718635044154,8.700000000042658e-06,2,"[420, 421]","[61, 6134]"
1308,66,378,1177,0.0008219918635044272,2.4200000000118658e-06,1,[420],[6259]
1309,66,378,1178,0.0008102507265900589,0.0008102507265900589,1,[421],[6308]
1310,66,378,1178,0.0008110607265900629,8.100000000039716e-07,1,[421],[6219]
1311,66,378,1178,0.0008217107265901151,1.065000000005222e-05,2,"[420, 421]","[3329, 2896]"
1312,66,378,1178,0.0008228207265901206,1.1100000000054426e-06,1,[420],[6250]
1313,66,378,1178,0.0008235307265901241,7.100000000034813e-07,2,"[420, 439]","[6269, 2]"
1314,66,378,1178,0.0008246307265901295,1.1000000000053935e-06,2,"[420, 439]","[6172, 59]"
1315,66,378,1179,0.0008237356884168808,0.0008237356884168808,3,"[420, 421, 439]","[5929, 322, 22]"
1316,66,378,1179,0.000824595688416885,8.600000000042168e-07,2,"[420, 439]","[5944, 304]"
1317,66,378,1179,0.0008260456884168921,1.4500000000071097e-06,2,"[420, 439]","[5097, 1133]"
1318,66,379,1175,0.0008214811300610473,0.0008214811300610473,1,[420],[6252]
1319,66,379,1176,0.0008206317419364317,0.0008206317419364317,2,"[420, 421]","[6243, 68]"
1320,66,379,1176,0.0008211417419364342,5.100000000025006e-07,1,[420],[6216]
1321,66,379,1176,0.0008218417419364377,7.000000000034323e-07,1,[420],[6258]
1322,66,379,1177,0.0008203390173555399,0.0008203390173555399,2,"[420, 421]","[2499, 3804]"
1323,66,379,1177,0.0008210090173555431,6.700000000032852e-07,1,[420],[6300]
1324,66,379,1177,0.000821589017355546,5.800000000028439e-07,1,[420],[6209]
1325,66,379,1178,0.0008209195751893304,0.0008209195751893304,2,"[420, 421]","[1588, 4675]"
1326,66,379,1178,0.0008231195751893412,2.200000000010787e-06,1,[420],[6240]
1327,66,381,1159,0.0007550827280740676,0.0007550827280740676,3,"[940, 973, 974]","[6331, 8, 1]"
1328,66,381,1159,0.0007556127280740702,5.300000000025987e-07,3,"[940, 973, 974]","[6182, 5, 2]"
1329,66,381,1159,0.0007563327280740738,7.200000000035303e-07,3,"[940, 973, 974]","[6262, 2, 4]"
1330,66,381,1160,0.00075511905369611,0.00075511905369611,3,"[940, 973, 974]","[6304, 3, 4]"
1331,66,381,1160,0.0007556690536961127,5.500000000026968e-07,3,"[940, 973, 974]","[6250, 1, 1]"
1332,66,381,1160,0.0007562790536961157,6.10000000002991e-07,2,"[940, 973]","[6188, 4]"
1333,66,381,1160,0.0007576090536961222,1.3300000000065213e-06,2,"[940, 973]","[6250, 2]"
1334,66,382,1160,0.0007561679678768786,0.0007561679678768786,2,"[940, 973]","[6283, 1]"
1335,66,385,1147,0.0007834616778430461,0.0007834616778430461,3,"[487, 509, 510]","[6255, 2, 1]"
1336,66,386,1146,0.0007840842099003466,0.0007840842099003466,3,"[487, 509, 510]","[6243, 5, 2]"
1337,66,386,1147,0.0007831623028802788,0.0007831623028802788,2,"[487, 509]","[6254, 7]"
1338,66,394,1008,0.0011132173651775903,0.0011132173651775903,3,"[51, 67, 68]","[6252, 9, 1]"
1339,66,394,1173,0.0007627659307495604,0.0007627659307495604,3,"[978, 998, 999]","[6316, 3, 1]"
1340,66,394,1173,0.000763485930749564,7.200000000035303e-07,3,"[978, 998, 999]","[6269, 4, 3]"
1341,66,394,1174,0.000763083199077601,0.000763083199077601,3,"[978, 998, 999]","[6279, 6, 1]"
1342,66,395,1008,0.001110779324756546,0.001110779324756546,2,"[51, 67]","[6267, 21]"
1343,66,395,1008,0.0011115393247565415,7.599999999954865e-07,1,[51],[6217]
1344,66,395,1008,0.0011123293247565368,7.899999999953083e-07,1,[51],[6302]
1345,66,395,1008,0.0011133393247565308,1.0099999999940018e-06,1,[51],[6221]
1346,66,395,1173,0.0007634036421195888,0.0007634036421195888,3,"[978, 998, 999]","[6257, 3, 1]"
1347,66,404,1145,0.0006290865873286141,0.0006290865873286141,1,[598],[6268]
1348,66,404,1145,0.0006298265873286177,7.400000000036284e-07,1,[598],[6256]
1349,66,404,1146,0.000628815439634643,0.000628815439634643,1,[598],[6305]
1350,66,404,1146,0.0006292954396346454,4.800000000023535e-07,1,[598],[6245]
1351,66,404,1146,0.0006300454396346491,7.500000000036774e-07,1,[598],[6210]
1352,66,405,1145,0.0006295743552207317,0.0006295743552207317,1,[598],[6262]
1353,66,405,1146,0.0006299475424094047,0.0006299475424094047,1,[598],[6270]
1354,66,433,1210,0.0008298528028380581,0.0008298528028380581,1,[550],[6259]
1355,66,433,1210,0.0008303528028380606,5.000000000024516e-07,1,[550],[6257]
1356,66,433,1210,0.0008309328028380634,5.800000000028439e-07,2,"[526, 550]","[1, 6246]"
1357,66,434,1210,0.0008304487029917704,0.0008304487029917704,1,[550],[6292]
1358,66,438,1231,0.00078160253858698,0.00078160253858698,1,[1005],[6255]
1359,66,460,1202,0.0007936566112117142,0.0007936566112117142,4,"[449, 450, 452, 455]","[2289, 2279, 1696, 1]"
1360,66,460,1202,0.0007941066112117164,4.5000000000220645e-07,4,"[449, 450, 452, 455]","[1836, 2851, 1606, 10]"
1361,66,460,1202,0.0007945466112117185,4.400000000021574e-07,4,"[449, 450, 452, 455]","[1487, 3197, 1474, 46]"
1362,66,460,1202,0.0007955766112117236,1.0300000000050503e-06,4,"[449, 450, 452, 455]","[1021, 3530, 1082, 599]"
1363,66,471,1158,0.0007812595099882125,0.0007812595099882125,2,"[728, 729]","[4799, 1464]"
1364,66,471,1159,0.0007808208117674738,0.0007808208117674738,2,"[728, 729]","[3738, 2564]"
1365,66,471,1159,0.0007817808117674785,9.60000000004707e-07,2,"[728, 729]","[2176, 4069]"
1366,66,472,1158,0.0007797762318820481,0.0007797762318820481,2,"[728, 729]","[6238, 54]"
1367,66,472,1158,0.0007805462318820519,7.700000000037755e-07,2,"[728, 729]","[5771, 444]"
1368,66,472,1159,0.000780057163982743,0.000780057163982743,2,"[728, 729]","[5512, 800]"
1369,66,472,1159,0.0007806871639827461,6.30000000003089e-07,2,"[728, 729]","[2878, 3419]"
1370,66,472,1159,0.0007811771639827485,4.900000000024026e-07,2,"[728, 729]","[1232, 4929]"
1371,66,472,1159,0.000781897163982752,7.200000000035303e-07,2,"[728, 729]","[605, 5647]"
1372,66,473,1158,0.0007796314044310297,0.0007796314044310297,2,"[728, 729]","[6337, 6]"
1373,66,473,1158,0.0007802214044310326,5.900000000028929e-07,2,"[728, 729]","[6169, 42]"
1374,66,473,1158,0.0007813514044310381,1.1300000000055406e-06,2,"[728, 729]","[5844, 367]"
1375,66,473,1159,0.000779900874728146,0.000779900874728146,2,"[728, 729]","[6070, 265]"
1376,66,473,1159,0.0007805508747281492,6.500000000031871e-07,2,"[728, 729]","[4512, 1741]"
1377,66,473,1159,0.0007810208747281515,4.700000000023045e-07,3,"[728, 729, 809]","[2737, 3492, 2]"
1378,66,473,1159,0.0007814508747281536,4.300000000021084e-07,4,"[728, 729, 809, 810]","[2037, 4266, 2, 1]"
1379,66,473,1159,0.0007820008747281563,5.500000000026968e-07,3,"[728, 729, 809]","[1608, 4521, 1]"
1380,66,474,1158,0.0007804304707008487,0.0007804304707008487,2,"[728, 729]","[6260, 4]"
1381,66,474,1159,0.0007804721210052561,0.0007804721210052561,2,"[728, 729]","[5744, 567]"
1382,66,474,1159,0.0007811521210052594,6.800000000033342e-07,4,"[728, 729, 809, 810]","[3874, 2352, 5, 1]"
1383,66,474,1159,0.0007818221210052627,6.700000000032852e-07,3,"[728, 729, 809]","[2440, 3773, 7]"
1384,66,474,1160,0.0007811525720855819,0.0007811525720855819,5,"[728, 729, 769, 809, 810]","[104, 6174, 40, 4, 1]"
1385,66,474,1160,0.0007816925720855846,5.400000000026477e-07,4,"[728, 729, 769, 809]","[42, 6183, 7, 3]"
1386,66,474,1160,0.0007825325720855887,8.400000000041187e-07,5,"[728, 729, 769, 809, 810]","[32, 6181, 2, 4, 1]"
1387,66,474,1161,0.0007812720261983545,0.0007812720261983545,3,"[729, 769, 805]","[4860, 1430, 9]"
1388,66,474,1161,0.0007822820261983595,1.0100000000049522e-06,3,"[729, 769, 805]","[5944, 205, 79]"
1389,66,475,1160,0.0007819280817353755,0.0007819280817353755,3,"[728, 729, 769]","[3, 5730, 532]"
1390,66,475,1161,0.0007802729743657422,0.0007802729743657422,2,"[729, 769]","[802, 5537]"
1391,66,475,1161,0.0007807829743657447,5.100000000025006e-07,3,"[729, 769, 805]","[1548, 4672, 2]"
1392,66,475,1161,0.0007812929743657472,5.100000000025006e-07,3,"[729, 769, 805]","[2763, 3422, 30]"
1393,66,475,1161,0.0007819329743657503,6.400000000031381e-07,3,"[729, 769, 805]","[4644, 1511, 104]"
1394,66,475,1161,0.000783702974365759,1.7700000000086787e-06,4,"[729, 769, 805, 806]","[5745, 189, 279, 2]"
1395,66,475,1162,0.0007809955991281379,0.0007809955991281379,3,"[729, 769, 805]","[1894, 4368, 10]"
1396,66,482,1303,0.000863273460576547,0.000863273460576547,1,[388],[6276]
1397,66,483,1303,0.0008637563109273028,0.0008637563109273028,1,[388],[6298]
1398,66,483,1304,0.0008635793188650612,0.0008635793188650612,1,[388],[6275]
1399,66,483,1304,0.0008643093188650647,7.300000000035793e-07,1,[388],[6289]
1400,66,483,1304,0.0008660093188650731,1.7000000000083355e-06,1,[388],[6191]
1401,66,484,1304,0.0008647570850433689,0.0008647570850433689,1,[388],[6292]
1402,66,484,1304,0.0008659570850433748,1.2000000000058839e-06,1,[388],[6215]
1403,66,484,1305,0.0008654624609633617,0.0008654624609633617,1,[388],[6298]
1404,66,484,1305,0.0008661624609633651,7.000000000034323e-07,1,[388],[6244]
1405,66,484,1305,0.0008670324609633694,8.700000000042658e-07,1,[388],[6221]
1406,66,485,1305,0.0008657876605336225,0.0008657876605336225,1,[388],[6333]
1407,66,485,1305,0.0008662776605336249,4.900000000024026e-07,1,[388],[6216]
1408,66,485,1305,0.0008668376605336277,5.600000000027458e-07,1,[388],[6244]
1409,66,485,1306,0.0008662542861328636,0.0008662542861328636,1,[388],[6310]
1410,66,486,1305,0.000866325400307152,0.000866325400307152,1,[388],[6255]
1411,66,486,1306,0.0008657788692214675,0.0008657788692214675,1,[388],[6278]
1412,66,486,1306,0.0008666188692214716,8.400000000041187e-07,1,[388],[6222]
1413,66,523,1181,0.0008070496687698259,0.0008070496687698259,2,"[815, 816]","[6251, 3]"
