,event,pixel_x,pixel_y,reset_time,TSLR,nMCParticles,MC_TrackIDs,MC_Weights
0,58,284,1142,0.0008004199655966016,0.0008004199655966016,2,"[945, 978]","[6248, 28]"
1,58,284,1142,0.0008011999655966054,7.800000000038245e-07,2,"[945, 978]","[6134, 97]"
2,58,285,1142,0.0008007535129184918,0.0008007535129184918,2,"[945, 978]","[6267, 11]"
3,58,285,1142,0.0008015535129184958,8.000000000039226e-07,2,"[945, 978]","[6271, 22]"
4,58,285,1142,0.0008023635129184997,8.100000000039716e-07,2,"[945, 978]","[6240, 8]"
5,58,285,1142,0.0008031235129185034,7.600000000037264e-07,1,[945],[6242]
6,58,285,1142,0.0008049735129185125,1.850000000009071e-06,1,[945],[6192]
7,58,286,1142,0.0008032506755495518,0.0008032506755495518,1,[945],[6253]
8,58,286,1142,0.0008039706755495553,7.200000000035303e-07,1,[945],[6262]
9,58,286,1142,0.00080493067554956,9.60000000004707e-07,2,"[944, 945]","[1, 6234]"
10,58,286,1143,0.0008059522963002333,0.0008059522963002333,2,"[944, 945]","[14, 6239]"
11,58,286,1156,0.0009135220456173627,0.0009135220456173627,2,"[1, 5]","[6253, 5]"
12,58,286,1157,0.0009126608438511194,0.0009126608438511194,1,[1],[6304]
13,58,286,1157,0.0009132408438511223,5.800000000028439e-07,1,[1],[6198]
14,58,286,1157,0.0009141408438511267,9.000000000044129e-07,1,[1],[6261]
15,58,286,1158,0.0009121508719288778,0.0009121508719288778,1,[1],[6335]
16,58,286,1158,0.0009125808719288799,4.300000000021084e-07,1,[1],[6222]
17,58,286,1158,0.0009129808719288818,4.000000000019613e-07,1,[1],[6222]
18,58,286,1158,0.0009135708719288847,5.900000000028929e-07,1,[1],[6286]
19,58,286,1159,0.0009118053510912994,0.0009118053510912994,1,[1],[6272]
20,58,286,1159,0.0009122153510913014,4.100000000020103e-07,1,[1],[6357]
21,58,286,1159,0.0009125553510913031,3.400000000016671e-07,1,[1],[6254]
22,58,286,1159,0.0009129253510913049,3.700000000018142e-07,1,[1],[6193]
23,58,286,1159,0.0009136353510913084,7.100000000034813e-07,1,[1],[6183]
24,58,286,1160,0.000911571788825846,0.000911571788825846,1,[1],[6339]
25,58,286,1160,0.0009119617888258479,3.9000000000191225e-07,1,[1],[6249]
26,58,286,1160,0.0009122917888258496,3.3000000000161806e-07,1,[1],[6232]
27,58,286,1160,0.0009126617888258514,3.700000000018142e-07,1,[1],[6309]
28,58,286,1160,0.0009133217888258546,6.600000000032361e-07,1,[1],[6133]
29,58,286,1161,0.0009113436348311154,0.0009113436348311154,1,[1],[6304]
30,58,286,1161,0.0009117336348311173,3.9000000000191225e-07,1,[1],[6262]
31,58,286,1161,0.0009120536348311189,3.2000000000156903e-07,1,[1],[6238]
32,58,286,1161,0.0009124236348311207,3.700000000018142e-07,1,[1],[6295]
33,58,286,1161,0.0009130436348311238,6.2000000000304e-07,1,[1],[6182]
34,58,286,1162,0.000911139722557432,0.000911139722557432,1,[1],[6352]
35,58,286,1162,0.0009115197225574339,3.800000000018632e-07,1,[1],[6280]
36,58,286,1162,0.0009118297225574354,3.1000000000152e-07,1,[1],[6267]
37,58,286,1162,0.000912149722557437,3.2000000000156903e-07,1,[1],[6192]
38,58,286,1162,0.0009126197225574393,4.700000000023045e-07,1,[1],[6239]
39,58,286,1163,0.0009110225646670616,0.0009110225646670616,1,[1],[6302]
40,58,286,1163,0.0009114025646670635,3.800000000018632e-07,1,[1],[6253]
41,58,286,1163,0.0009117225646670651,3.2000000000156903e-07,1,[1],[6397]
42,58,286,1163,0.0009120525646670667,3.3000000000161806e-07,1,[1],[6202]
43,58,286,1163,0.0009125425646670691,4.900000000024026e-07,1,[1],[6097]
44,58,286,1164,0.0009108995911460262,0.0009108995911460262,1,[1],[6277]
45,58,286,1164,0.000911269591146028,3.700000000018142e-07,1,[1],[6366]
46,58,286,1164,0.0009115595911460294,2.9000000000142193e-07,1,[1],[6116]
47,58,286,1164,0.0009118695911460309,3.1000000000152e-07,1,[1],[6288]
48,58,286,1164,0.000912289591146033,4.2000000000205935e-07,1,[1],[6226]
49,58,286,1165,0.0009107887585226813,0.0009107887585226813,1,[1],[6324]
50,58,286,1165,0.0009111587585226832,3.700000000018142e-07,1,[1],[6286]
51,58,286,1165,0.0009114587585226846,3.0000000000147097e-07,1,[1],[6191]
52,58,286,1165,0.0009117687585226862,3.1000000000152e-07,1,[1],[6271]
53,58,286,1165,0.0009121887585226882,4.2000000000205935e-07,1,[1],[6284]
54,58,286,1166,0.0009106568842128087,0.0009106568842128087,1,[1],[6287]
55,58,286,1166,0.0009110168842128105,3.6000000000176516e-07,1,[1],[6219]
56,58,286,1166,0.0009113168842128119,3.0000000000147097e-07,1,[1],[6444]
57,58,286,1166,0.0009116168842128134,3.0000000000147097e-07,1,[1],[6229]
58,58,286,1166,0.0009119968842128153,3.800000000018632e-07,1,[1],[6132]
59,58,286,1167,0.0009105814240978832,0.0009105814240978832,1,[1],[6341]
60,58,286,1167,0.000910961424097885,3.800000000018632e-07,1,[1],[6360]
61,58,286,1167,0.0009112614240978865,3.0000000000147097e-07,1,[1],[6225]
62,58,286,1167,0.000911561424097888,3.0000000000147097e-07,1,[1],[6104]
63,58,286,1167,0.0009119914240978901,4.300000000021084e-07,1,[1],[6226]
64,58,286,1168,0.000910533023776179,0.000910533023776179,1,[1],[6309]
65,58,286,1168,0.000910933023776181,4.000000000019613e-07,1,[1],[6311]
66,58,286,1168,0.0009112630237761826,3.3000000000161806e-07,1,[1],[6162]
67,58,286,1168,0.0009116330237761844,3.700000000018142e-07,1,[1],[6233]
68,58,286,1168,0.0009123930237761881,7.600000000037264e-07,1,[1],[6241]
69,58,286,1169,0.0009104799827165733,0.0009104799827165733,1,[1],[6272]
70,58,286,1169,0.0009108999827165754,4.2000000000205935e-07,1,[1],[6360]
71,58,286,1169,0.0009112599827165772,3.6000000000176516e-07,1,[1],[6253]
72,58,286,1169,0.0009116999827165793,4.400000000021574e-07,1,[1],[6147]
73,58,286,1170,0.000910468207773979,0.000910468207773979,1,[1],[6257]
74,58,286,1170,0.0009109082077739812,4.400000000021574e-07,1,[1],[6290]
75,58,286,1170,0.0009113482077739833,4.400000000021574e-07,1,[1],[6238]
76,58,286,1170,0.0009122182077739876,8.700000000042658e-07,1,[1],[6228]
77,58,286,1171,0.0009104425739979451,0.0009104425739979451,1,[1],[6326]
78,58,286,1171,0.0009109525739979476,5.100000000025006e-07,1,[1],[6204]
79,58,286,1171,0.0009115725739979507,6.2000000000304e-07,1,[1],[6280]
80,58,286,1172,0.0009103995334537785,0.0009103995334537785,1,[1],[6357]
81,58,286,1172,0.0009109695334537813,5.700000000027948e-07,1,[1],[6189]
82,58,286,1172,0.000912319533453788,1.3500000000066193e-06,1,[1],[6206]
83,58,286,1173,0.000910379248162397,0.000910379248162397,1,[1],[6265]
84,58,286,1173,0.0009110492481624003,6.700000000032852e-07,1,[1],[6264]
85,58,286,1174,0.0009104504174304597,0.0009104504174304597,1,[1],[6267]
86,58,286,1174,0.0009115604174304651,1.1100000000054426e-06,1,[1],[6239]
87,58,286,1175,0.0009108443636476692,0.0009108443636476692,1,[1],[6290]
88,58,286,1176,0.0012660931643037705,0.0012660931643037705,2,"[1, 119]","[5098, 1152]"
89,58,287,1142,0.000805707623903178,0.000805707623903178,4,"[944, 945, 984, 985]","[379, 5668, 8, 239]"
90,58,287,1142,0.0008064576239031817,7.500000000036774e-07,2,"[944, 945]","[2595, 3656]"
91,58,287,1142,0.0008070376239031846,5.800000000028439e-07,2,"[944, 945]","[4029, 2237]"
92,58,287,1142,0.0008083876239031912,1.3500000000066193e-06,2,"[944, 945]","[4754, 1436]"
93,58,287,1143,0.000807240331523024,0.000807240331523024,3,"[944, 945, 985]","[1383, 4679, 200]"
94,58,287,1154,0.0009128395161179282,0.0009128395161179282,3,"[1, 5, 1146]","[69, 6157, 34]"
95,58,287,1155,0.0009123222465695141,0.0009123222465695141,4,"[1, 5, 1146, 1147]","[572, 5701, 45, 1]"
96,58,287,1155,0.0009129522465695172,6.30000000003089e-07,4,"[1, 5, 1146, 1147]","[3315, 2791, 76, 3]"
97,58,287,1155,0.0009132922465695188,3.400000000016671e-07,4,"[1, 5, 1146, 1147]","[4728, 1587, 41, 1]"
98,58,287,1155,0.0009135522465695201,2.6000000000127484e-07,4,"[1, 5, 1146, 1147]","[5145, 1216, 33, 1]"
99,58,287,1155,0.0009137622465695211,2.1000000000102968e-07,3,"[1, 5, 1146]","[5105, 880, 27]"
100,58,287,1155,0.0009139722465695222,2.1000000000102968e-07,3,"[1, 5, 1146]","[5492, 792, 11]"
101,58,287,1155,0.0009141922465695232,2.200000000010787e-07,3,"[1, 5, 1146]","[5671, 673, 5]"
102,58,287,1155,0.0009144422465695245,2.500000000012258e-07,3,"[1, 5, 1146]","[5628, 570, 3]"
103,58,287,1155,0.000914762246569526,3.2000000000156903e-07,3,"[1, 5, 1146]","[5658, 543, 2]"
104,58,287,1155,0.0009161622465695329,1.4000000000068645e-06,3,"[1, 5, 1146]","[5738, 448, 1]"
105,58,287,1156,0.0009125476185363764,0.0009125476185363764,4,"[1, 5, 1146, 1147]","[6162, 152, 2, 1]"
106,58,287,1156,0.0009128576185363779,3.1000000000152e-07,3,"[1, 5, 1146]","[6336, 74, 1]"
107,58,287,1156,0.000913067618536379,2.1000000000102968e-07,3,"[1, 5, 1146]","[6014, 50, 2]"
108,58,287,1156,0.0009132576185363799,1.900000000009316e-07,2,"[1, 5]","[6395, 57]"
109,58,287,1156,0.0009134176185363807,1.6000000000078451e-07,2,"[1, 5]","[6071, 42]"
110,58,287,1156,0.0009135776185363815,1.6000000000078451e-07,2,"[1, 5]","[6420, 42]"
111,58,287,1156,0.0009137376185363822,1.6000000000078451e-07,2,"[1, 5]","[6207, 46]"
112,58,287,1156,0.000913897618536383,1.6000000000078451e-07,3,"[1, 5, 1146]","[5995, 54, 1]"
113,58,287,1156,0.000914087618536384,1.900000000009316e-07,2,"[1, 5]","[6344, 45]"
114,58,287,1156,0.0009143176185363851,2.3000000000112774e-07,3,"[1, 5, 1146]","[6066, 50, 2]"
115,58,287,1156,0.0009146676185363868,3.500000000017161e-07,2,"[1, 5]","[6144, 52]"
116,58,287,1157,0.0009121753584463973,0.0009121753584463973,1,[1],[6250]
117,58,287,1157,0.000912505358446399,3.3000000000161806e-07,1,[1],[6456]
118,58,287,1157,0.0009127353584464001,2.3000000000112774e-07,1,[1],[6219]
119,58,287,1157,0.0009129353584464011,2.0000000000098064e-07,1,[1],[6205]
120,58,287,1157,0.000913125358446402,1.900000000009316e-07,1,[1],[6134]
121,58,287,1157,0.000913325358446403,2.0000000000098064e-07,1,[1],[6426]
122,58,287,1157,0.000913545358446404,2.200000000010787e-07,1,[1],[6214]
123,58,287,1157,0.0009138253584464054,2.800000000013729e-07,1,[1],[6096]
124,58,287,1157,0.0009143853584464082,5.600000000027458e-07,1,[1],[6281]
125,58,287,1158,0.0009119448187628874,0.0009119448187628874,1,[1],[6293]
126,58,287,1158,0.000912284818762889,3.400000000016671e-07,1,[1],[6233]
127,58,287,1158,0.0009125548187628904,2.7000000000132387e-07,1,[1],[6379]
128,58,287,1158,0.0009127948187628916,2.4000000000117677e-07,1,[1],[6278]
129,58,287,1158,0.0009130448187628928,2.500000000012258e-07,1,[1],[6183]
130,58,287,1158,0.0009133548187628943,3.1000000000152e-07,1,[1],[6147]
131,58,287,1158,0.0009140448187628977,6.900000000033832e-07,1,[1],[6274]
132,58,287,1159,0.0009117483461202037,0.0009117483461202037,1,[1],[6283]
133,58,287,1159,0.0009121283461202055,3.800000000018632e-07,1,[1],[6390]
134,58,287,1159,0.000912418346120207,2.9000000000142193e-07,1,[1],[6130]
135,58,287,1159,0.0009127283461202085,3.1000000000152e-07,1,[1],[6393]
136,58,287,1159,0.0009131083461202103,3.800000000018632e-07,1,[1],[6165]
137,58,287,1160,0.0009115880156590364,0.0009115880156590364,1,[1],[6341]
138,58,287,1160,0.0009119880156590384,4.000000000019613e-07,1,[1],[6214]
139,58,287,1160,0.0009123380156590401,3.500000000017161e-07,1,[1],[6338]
140,58,287,1160,0.000912718015659042,3.800000000018632e-07,1,[1],[6190]
141,58,287,1160,0.0009135680156590461,8.500000000041677e-07,1,[1],[6185]
142,58,287,1161,0.0009114325967935637,0.0009114325967935637,1,[1],[6311]
143,58,287,1161,0.0009118625967935658,4.300000000021084e-07,1,[1],[6251]
144,58,287,1161,0.0009122625967935677,4.000000000019613e-07,1,[1],[6285]
145,58,287,1161,0.0009128525967935706,5.900000000028929e-07,1,[1],[6221]
146,58,287,1162,0.0009113345576389052,0.0009113345576389052,1,[1],[6338]
147,58,287,1162,0.0009117945576389074,4.600000000022555e-07,1,[1],[6290]
148,58,287,1162,0.0009122645576389097,4.700000000023045e-07,1,[1],[6136]
149,58,287,1163,0.0009112795041805777,0.0009112795041805777,1,[1],[6318]
150,58,287,1163,0.0009117995041805802,5.200000000025497e-07,1,[1],[6287]
151,58,287,1163,0.0009124295041805833,6.30000000003089e-07,1,[1],[6210]
152,58,287,1164,0.0009111909087304212,0.0009111909087304212,1,[1],[6321]
153,58,287,1164,0.0009117309087304238,5.400000000026477e-07,1,[1],[6253]
154,58,287,1164,0.0009124809087304275,7.500000000036774e-07,1,[1],[6177]
155,58,287,1165,0.0009111528494644803,0.0009111528494644803,1,[1],[6258]
156,58,287,1165,0.0009117628494644833,6.10000000002991e-07,1,[1],[6305]
157,58,287,1166,0.000911038172465756,0.000911038172465756,1,[1],[6291]
158,58,287,1166,0.000911668172465759,6.30000000003089e-07,1,[1],[6218]
159,58,287,1167,0.0009109241194304585,0.0009109241194304585,1,[1],[6297]
160,58,287,1167,0.0009115241194304614,6.000000000029419e-07,1,[1],[6272]
161,58,287,1168,0.0009107939497068501,0.0009107939497068501,1,[1],[6338]
162,58,287,1168,0.0009113539497068528,5.600000000027458e-07,1,[1],[6231]
163,58,287,1168,0.000912203949706857,8.500000000041677e-07,1,[1],[6185]
164,58,287,1169,0.0009106246102778479,0.0009106246102778479,1,[1],[6263]
165,58,287,1169,0.0009111246102778503,5.000000000024516e-07,1,[1],[6244]
166,58,287,1169,0.0009117046102778532,5.800000000028439e-07,1,[1],[6264]
167,58,287,1170,0.0009104924095910789,0.0009104924095910789,1,[1],[6283]
168,58,287,1170,0.0009109524095910811,4.600000000022555e-07,1,[1],[6324]
169,58,287,1170,0.0009114224095910834,4.700000000023045e-07,1,[1],[6180]
170,58,287,1171,0.0009103348133345103,0.0009103348133345103,1,[1],[6259]
171,58,287,1171,0.0009107948133345125,4.600000000022555e-07,1,[1],[6346]
172,58,287,1171,0.0009112248133345146,4.300000000021084e-07,1,[1],[6146]
173,58,287,1171,0.000912114813334519,8.900000000043639e-07,1,[1],[6255]
174,58,287,1172,0.0009101632812121707,0.0009101632812121707,1,[1],[6315]
175,58,287,1172,0.0009105832812121728,4.2000000000205935e-07,1,[1],[6300]
176,58,287,1172,0.0009109632812121746,3.800000000018632e-07,1,[1],[6280]
177,58,287,1172,0.0009114732812121771,5.100000000025006e-07,1,[1],[6163]
178,58,287,1173,0.0009100041203269194,0.0009100041203269194,1,[1],[6299]
179,58,287,1173,0.0009104041203269214,4.000000000019613e-07,1,[1],[6365]
180,58,287,1173,0.000910734120326923,3.3000000000161806e-07,1,[1],[6233]
181,58,287,1173,0.0009111141203269248,3.800000000018632e-07,1,[1],[6169]
182,58,287,1173,0.000911954120326929,8.400000000041187e-07,1,[1],[6203]
183,58,287,1174,0.0009099010982781591,0.0009099010982781591,1,[1],[6282]
184,58,287,1174,0.000910291098278161,3.9000000000191225e-07,1,[1],[6379]
185,58,287,1174,0.0009106110982781626,3.2000000000156903e-07,1,[1],[6093]
186,58,287,1174,0.0009109710982781644,3.6000000000176516e-07,1,[1],[6265]
187,58,287,1174,0.0009116010982781675,6.30000000003089e-07,1,[1],[6282]
188,58,287,1175,0.0009098132885145086,0.0009098132885145086,1,[1],[6272]
189,58,287,1175,0.0009101932885145105,3.800000000018632e-07,1,[1],[6385]
190,58,287,1175,0.0009104932885145119,3.0000000000147097e-07,1,[1],[6125]
191,58,287,1175,0.0009108032885145135,3.1000000000152e-07,1,[1],[6294]
192,58,287,1175,0.0009112232885145155,4.2000000000205935e-07,1,[1],[6186]
193,58,287,1176,0.0009097757041146676,0.0009097757041146676,1,[1],[6385]
194,58,287,1176,0.0009101357041146694,3.6000000000176516e-07,1,[1],[6200]
195,58,287,1176,0.0009104357041146709,3.0000000000147097e-07,1,[1],[6374]
196,58,287,1176,0.0009107257041146723,2.9000000000142193e-07,1,[1],[6144]
197,58,287,1176,0.0009110957041146741,3.700000000018142e-07,1,[1],[6172]
198,58,287,1177,0.0009097874949793249,0.0009097874949793249,1,[1],[6340]
199,58,287,1177,0.0009101674949793268,3.800000000018632e-07,1,[1],[6286]
200,58,287,1177,0.0009104774949793283,3.1000000000152e-07,1,[1],[6299]
201,58,287,1177,0.0009108074949793299,3.3000000000161806e-07,1,[1],[6163]
202,58,287,1177,0.0009113074949793324,5.000000000024516e-07,1,[1],[6225]
203,58,287,1178,0.0009098377744141716,0.0009098377744141716,1,[1],[6375]
204,58,287,1178,0.0009102377744141736,4.000000000019613e-07,1,[1],[6181]
205,58,287,1178,0.0009105877744141753,3.500000000017161e-07,1,[1],[6207]
206,58,287,1178,0.0009110277744141774,4.400000000021574e-07,1,[1],[6370]
207,58,287,1179,0.0009098575131255644,0.0009098575131255644,2,"[1, 4]","[6262, 3]"
208,58,287,1179,0.0009102975131255666,4.400000000021574e-07,2,"[1, 4]","[6342, 1]"
209,58,287,1179,0.0009106975131255685,4.000000000019613e-07,2,"[1, 4]","[6193, 3]"
210,58,287,1179,0.0009113275131255716,6.30000000003089e-07,2,"[1, 4]","[6228, 3]"
211,58,287,1180,0.0009098534878263331,0.0009098534878263331,2,"[1, 4]","[5715, 553]"
212,58,287,1180,0.0009103234878263354,4.700000000023045e-07,2,"[1, 4]","[5862, 445]"
213,58,287,1180,0.0009108034878263378,4.800000000023535e-07,2,"[1, 4]","[5872, 391]"
214,58,287,1181,0.000909874891552615,0.000909874891552615,3,"[1, 3, 4]","[5482, 12, 781]"
215,58,287,1181,0.0009103848915526175,5.100000000025006e-07,3,"[1, 3, 4]","[5638, 11, 648]"
216,58,287,1181,0.0009109748915526204,5.900000000028929e-07,3,"[1, 3, 4]","[5624, 16, 557]"
217,58,287,1182,0.0009100015443063384,0.0009100015443063384,3,"[1, 3, 4]","[5696, 577, 14]"
218,58,287,1182,0.0009106515443063416,6.500000000031871e-07,3,"[1, 3, 4]","[5604, 649, 10]"
219,58,287,1183,0.0009102882894644196,0.0009102882894644196,2,"[1, 3]","[5844, 453]"
220,58,287,1184,0.0009107884725901333,0.0009107884725901333,3,"[1, 2, 3]","[6002, 257, 1]"
221,58,287,1185,0.000911493227304978,0.000911493227304978,2,"[1, 2]","[5692, 564]"
222,58,288,1153,0.0009075093771719521,0.0009075093771719521,1,[5],[6256]
223,58,288,1154,0.0009062520147683268,0.0009062520147683268,1,[5],[6259]
224,58,288,1154,0.0009074920147683329,1.24000000000608e-06,1,[5],[6277]
225,58,288,1154,0.0009084820147683378,9.900000000048542e-07,1,[5],[6248]
226,58,288,1154,0.0009094720147683426,9.900000000048542e-07,1,[5],[6266]
227,58,288,1154,0.0009106220147683483,1.1500000000056387e-06,1,[5],[6212]
228,58,288,1154,0.0009130320147683601,2.4100000000118168e-06,3,"[1, 5, 1146]","[29, 6184, 31]"
229,58,288,1155,0.000910292718935511,0.000910292718935511,1,[5],[6267]
230,58,288,1155,0.0009119527189355191,1.6600000000081393e-06,4,"[1, 5, 1146, 1147]","[25, 6196, 15, 1]"
231,58,288,1155,0.0009133727189355261,1.4200000000069626e-06,4,"[1, 5, 1146, 1147]","[1693, 4475, 102, 2]"
232,58,288,1155,0.0009144727189355315,1.1000000000053935e-06,3,"[1, 5, 1146]","[4658, 1539, 30]"
233,58,288,1156,0.0009140637304268644,0.0009140637304268644,3,"[1, 5, 1146]","[5890, 363, 4]"
234,58,288,1177,0.0009111150388477149,0.0009111150388477149,1,[1],[6265]
235,58,288,1178,0.0009105149094665201,0.0009105149094665201,1,[1],[6274]
236,58,288,1179,0.0009101969950287551,0.0009101969950287551,3,"[1, 4, 903]","[6303, 8, 1]"
237,58,288,1179,0.0009109669950287589,7.700000000037755e-07,2,"[1, 4]","[6222, 3]"
238,58,288,1180,0.000909914761503645,0.000909914761503645,2,"[1, 4]","[5607, 706]"
239,58,288,1180,0.0009104147615036475,5.000000000024516e-07,2,"[1, 4]","[5694, 570]"
240,58,288,1180,0.0009110047615036504,5.900000000028929e-07,2,"[1, 4]","[5786, 438]"
241,58,288,1181,0.0009097287601840005,0.0009097287601840005,3,"[1, 3, 4]","[5646, 8, 659]"
242,58,288,1181,0.0009101587601840027,4.300000000021084e-07,3,"[1, 3, 4]","[5620, 10, 643]"
243,58,288,1181,0.0009105387601840045,3.800000000018632e-07,3,"[1, 3, 4]","[5670, 17, 503]"
244,58,288,1181,0.000911048760184007,5.100000000025006e-07,3,"[1, 3, 4]","[5777, 15, 469]"
245,58,288,1182,0.000909634102880678,0.000909634102880678,3,"[1, 3, 4]","[5795, 530, 7]"
246,58,288,1182,0.0009100241028806799,3.9000000000191225e-07,3,"[1, 3, 4]","[5691, 535, 7]"
247,58,288,1182,0.0009103441028806815,3.2000000000156903e-07,3,"[1, 3, 4]","[5626, 612, 5]"
248,58,288,1182,0.0009107041028806833,3.6000000000176516e-07,3,"[1, 3, 4]","[5604, 648, 4]"
249,58,288,1182,0.0009113241028806863,6.2000000000304e-07,3,"[1, 3, 4]","[5557, 655, 7]"
250,58,288,1183,0.0009096065745438687,0.0009096065745438687,2,"[1, 3]","[6038, 265]"
251,58,288,1183,0.0009100065745438707,4.000000000019613e-07,2,"[1, 3]","[5919, 299]"
252,58,288,1183,0.0009103365745438723,3.3000000000161806e-07,3,"[1, 2, 3]","[5929, 1, 324]"
253,58,288,1183,0.0009107165745438742,3.800000000018632e-07,3,"[1, 2, 3]","[5950, 1, 338]"
254,58,288,1183,0.0009115365745438782,8.200000000040206e-07,3,"[1, 2, 3]","[5808, 1, 379]"
255,58,288,1184,0.0009095638229061285,0.0009095638229061285,2,"[1, 2]","[6092, 251]"
256,58,288,1184,0.0009099438229061304,3.800000000018632e-07,3,"[1, 2, 3]","[5994, 312, 3]"
257,58,288,1184,0.0009102638229061319,3.2000000000156903e-07,3,"[1, 2, 3]","[5933, 321, 3]"
258,58,288,1184,0.0009106138229061336,3.500000000017161e-07,3,"[1, 2, 3]","[5881, 352, 1]"
259,58,288,1184,0.0009111838229061364,5.700000000027948e-07,3,"[1, 2, 3]","[5756, 365, 1]"
260,58,288,1185,0.0009095270369531587,0.0009095270369531587,2,"[1, 2]","[5843, 472]"
261,58,288,1185,0.0009098870369531604,3.6000000000176516e-07,2,"[1, 2]","[5893, 501]"
262,58,288,1185,0.0009101670369531618,2.800000000013729e-07,2,"[1, 2]","[5547, 502]"
263,58,288,1185,0.0009104670369531633,3.0000000000147097e-07,2,"[1, 2]","[5764, 600]"
264,58,288,1185,0.0009108370369531651,3.700000000018142e-07,2,"[1, 2]","[5554, 631]"
265,58,288,1186,0.000909544586825786,0.000909544586825786,2,"[1, 2]","[6356, 13]"
266,58,288,1186,0.0009099145868257878,3.700000000018142e-07,2,"[1, 2]","[6180, 10]"
267,58,288,1186,0.0009102145868257893,3.0000000000147097e-07,2,"[1, 2]","[6228, 12]"
268,58,288,1186,0.0009105345868257908,3.2000000000156903e-07,2,"[1, 2]","[6280, 13]"
269,58,288,1186,0.0009109645868257929,4.300000000021084e-07,2,"[1, 2]","[6151, 9]"
270,58,288,1187,0.0009095631744172454,0.0009095631744172454,1,[1],[6376]
271,58,288,1187,0.0009099331744172472,3.700000000018142e-07,1,[1],[6136]
272,58,288,1187,0.0009102531744172487,3.2000000000156903e-07,1,[1],[6401]
273,58,288,1187,0.0009105731744172503,3.2000000000156903e-07,1,[1],[6102]
274,58,288,1187,0.0009110331744172526,4.600000000022555e-07,1,[1],[6306]
275,58,288,1188,0.0009099450654315367,0.0009099450654315367,1,[1],[6254]
276,58,288,1188,0.0009105750654315398,6.30000000003089e-07,1,[1],[6329]
277,58,289,1152,0.0008977824431601011,0.0008977824431601011,4,"[5, 872, 873, 923]","[6238, 7, 8, 4]"
278,58,289,1153,0.0008991175948042385,0.0008991175948042385,3,"[5, 872, 873]","[6280, 1, 1]"
279,58,289,1153,0.0009005275948042454,1.4100000000069135e-06,1,[5],[6230]
280,58,289,1153,0.0009016875948042511,1.1600000000056877e-06,1,[5],[6247]
281,58,289,1153,0.0009028175948042566,1.1300000000055406e-06,1,[5],[6272]
282,58,289,1153,0.0009042575948042637,1.4400000000070606e-06,1,[5],[6244]
283,58,289,1153,0.0009078575948042813,3.6000000000176516e-06,1,[5],[6226]
284,58,289,1154,0.0009036309921807084,0.0009036309921807084,1,[5],[6280]
285,58,289,1154,0.000905390992180717,1.7600000000086297e-06,1,[5],[6243]
286,58,289,1154,0.000907020992180725,1.6300000000079922e-06,1,[5],[6239]
287,58,290,1148,0.0008733797181157485,0.0008733797181157485,1,[5],[6273]
288,58,290,1148,0.0008749597181157562,1.580000000007747e-06,1,[5],[6239]
289,58,290,1148,0.0008762897181157627,1.3300000000065213e-06,1,[5],[6260]
290,58,290,1148,0.0008774997181157687,1.2100000000059329e-06,2,"[5, 862]","[6246, 4]"
291,58,290,1148,0.0008787997181157751,1.3000000000063742e-06,2,"[5, 862]","[6213, 19]"
292,58,290,1148,0.0008813597181157876,2.5600000000125522e-06,3,"[5, 852, 862]","[5942, 296, 17]"
293,58,290,1149,0.0008791900401645506,0.0008791900401645506,3,"[5, 852, 862]","[6236, 2, 42]"
294,58,290,1149,0.0008805900401645574,1.4000000000068645e-06,3,"[5, 852, 862]","[5946, 277, 8]"
295,58,290,1149,0.0008816500401645626,1.0600000000051974e-06,2,"[5, 852]","[5618, 679]"
296,58,290,1149,0.0008827900401645682,1.1400000000055897e-06,2,"[5, 852]","[5987, 234]"
297,58,290,1149,0.0008846600401645774,1.870000000009169e-06,2,"[5, 852]","[6217, 9]"
298,58,290,1150,0.000884116515636658,0.000884116515636658,3,"[5, 852, 862]","[6234, 32, 3]"
299,58,290,1150,0.0008855865156366653,1.4700000000072077e-06,3,"[5, 865, 872]","[6257, 1, 4]"
300,58,290,1150,0.0008868765156366716,1.2900000000063251e-06,3,"[5, 865, 872]","[6153, 78, 6]"
301,58,290,1150,0.000888396515636679,1.5200000000074529e-06,3,"[5, 865, 872]","[6153, 60, 21]"
302,58,290,1151,0.0008889192142712557,0.0008889192142712557,4,"[5, 865, 872, 873]","[5830, 9, 417, 16]"
303,58,290,1151,0.0008901692142712619,1.250000000006129e-06,5,"[5, 872, 873, 923, 1131]","[5410, 650, 155, 20, 5]"
304,58,290,1151,0.0008910292142712661,8.600000000042168e-07,5,"[5, 872, 873, 923, 1131]","[4935, 717, 452, 154, 5]"
305,58,290,1151,0.0008917792142712698,7.500000000036774e-07,4,"[5, 872, 873, 923]","[4499, 709, 671, 400]"
306,58,290,1151,0.000892639214271274,8.600000000042168e-07,4,"[5, 872, 873, 923]","[4470, 629, 685, 416]"
307,58,290,1151,0.0008943692142712825,1.7300000000084826e-06,4,"[5, 872, 873, 923]","[5636, 225, 291, 106]"
308,58,290,1152,0.0008916798711927556,0.0008916798711927556,5,"[5, 872, 873, 923, 1131]","[1860, 1762, 1234, 1439, 5]"
309,58,290,1152,0.0008926098711927601,9.3000000000456e-07,4,"[5, 872, 873, 923]","[2494, 1056, 1242, 1425]"
310,58,290,1152,0.0008937198711927656,1.1100000000054426e-06,4,"[5, 872, 873, 923]","[5015, 403, 531, 303]"
311,58,290,1152,0.0008947598711927707,1.0400000000050993e-06,4,"[5, 872, 873, 923]","[6223, 25, 33, 6]"
312,58,290,1152,0.0008957598711927756,1.0000000000049032e-06,2,"[5, 872]","[6231, 1]"
313,58,290,1152,0.0008969898711927816,1.230000000006031e-06,1,[5],[6216]
314,58,290,1152,0.0009012698711928026,4.280000000020986e-06,1,[5],[6247]
315,58,290,1153,0.0008975473968088876,0.0008975473968088876,4,"[5, 872, 873, 923]","[6051, 58, 40, 124]"
316,58,290,1153,0.000899257396808896,1.7100000000083845e-06,1,[5],[6235]
317,58,290,1153,0.0009019473968089091,2.6900000000131897e-06,1,[5],[6247]
318,58,291,1147,0.0009341610412858753,0.0009341610412858753,5,"[5, 299, 300, 852, 862]","[5174, 503, 574, 1, 1]"
319,58,291,1148,0.000872135141215816,0.000872135141215816,1,[5],[6286]
320,58,291,1148,0.0008727251412158189,5.900000000028929e-07,1,[5],[6223]
321,58,291,1148,0.0008734051412158222,6.800000000033342e-07,1,[5],[6245]
322,58,291,1148,0.000874585141215828,1.1800000000057858e-06,1,[5],[6279]
323,58,291,1148,0.0008766751412158382,2.0900000000102477e-06,1,[5],[6222]
324,58,291,1148,0.0008792051412158506,2.530000000012405e-06,2,"[5, 862]","[6100, 152]"
325,58,291,1149,0.0008784761051941157,0.0008784761051941157,3,"[5, 862, 872]","[6089, 165, 1]"
326,58,291,1149,0.0008813061051941296,2.830000000013876e-06,4,"[5, 852, 862, 872]","[5481, 493, 272, 22]"
327,58,291,1149,0.0008841661051941436,2.860000000014023e-06,3,"[5, 852, 872]","[5849, 334, 44]"
328,58,291,1150,0.0008847793380376308,0.0008847793380376308,5,"[5, 852, 862, 865, 872]","[4040, 23, 5, 1, 2196]"
329,58,291,1150,0.0008865793380376396,1.8000000000088258e-06,4,"[5, 865, 872, 873]","[3964, 116, 2158, 10]"
330,58,291,1150,0.00088868933803765,2.1100000000103458e-06,4,"[5, 865, 872, 873]","[4081, 144, 1779, 245]"
331,58,291,1151,0.0008865876161786855,0.0008865876161786855,4,"[5, 865, 872, 873]","[480, 4, 5730, 54]"
332,58,291,1151,0.0008876676161786908,1.0800000000052955e-06,4,"[5, 865, 872, 873]","[757, 11, 4970, 502]"
333,58,291,1151,0.0008884076161786945,7.400000000036284e-07,4,"[5, 872, 873, 1131]","[865, 4341, 1095, 1]"
334,58,291,1151,0.0008889876161786973,5.800000000028439e-07,5,"[5, 872, 873, 1131, 1132]","[912, 3611, 1666, 6, 1]"
335,58,291,1151,0.0008895176161786999,5.300000000025987e-07,5,"[5, 872, 873, 923, 1131]","[927, 3197, 2127, 4, 16]"
336,58,291,1151,0.0008899976161787023,4.800000000023535e-07,6,"[5, 872, 873, 923, 1131, 1132]","[965, 2834, 2395, 8, 31, 2]"
337,58,291,1151,0.0008904776161787046,4.800000000023535e-07,6,"[5, 872, 873, 923, 1131, 1132]","[937, 2558, 2649, 113, 19, 2]"
338,58,291,1151,0.000890967616178707,4.900000000024026e-07,6,"[5, 872, 873, 923, 1131, 1132]","[927, 2243, 2713, 363, 9, 1]"
339,58,291,1151,0.0008914676161787095,5.000000000024516e-07,5,"[5, 872, 873, 923, 1131]","[868, 1874, 2637, 860, 6]"
340,58,291,1151,0.0008920676161787124,6.000000000029419e-07,4,"[5, 872, 873, 923]","[798, 1662, 2441, 1309]"
341,58,291,1152,0.000889938962378431,0.000889938962378431,6,"[5, 872, 873, 923, 1131, 1132]","[90, 3940, 2177, 58, 20, 3]"
342,58,291,1152,0.000890758962378435,8.200000000040206e-07,5,"[5, 872, 873, 923, 1131]","[145, 2556, 2688, 872, 11]"
343,58,291,1152,0.0008912589623784375,5.000000000024516e-07,4,"[5, 872, 873, 923]","[132, 1726, 2256, 2127]"
344,58,291,1152,0.0008916489623784394,3.9000000000191225e-07,4,"[5, 872, 873, 923]","[141, 1432, 1939, 2740]"
345,58,291,1152,0.0008920489623784414,4.000000000019613e-07,4,"[5, 872, 873, 923]","[192, 1284, 1886, 2976]"
346,58,291,1152,0.000892588962378444,5.400000000026477e-07,4,"[5, 872, 873, 923]","[260, 1208, 1846, 2846]"
347,58,292,1143,0.0008209953151475329,0.0008209953151475329,3,"[872, 1016, 1017]","[6205, 65, 2]"
348,58,292,1143,0.0008217753151475367,7.800000000038245e-07,1,[872],[6236]
349,58,292,1143,0.0008225853151475407,8.100000000039716e-07,1,[872],[6256]
350,58,292,1143,0.0008233653151475445,7.800000000038245e-07,1,[872],[6241]
351,58,292,1143,0.0008241753151475485,8.100000000039716e-07,1,[872],[6283]
352,58,292,1143,0.000825105315147553,9.3000000000456e-07,3,"[872, 937, 943]","[6215, 1, 3]"
353,58,292,1144,0.0008199658423856664,0.0008199658423856664,2,"[872, 1016]","[6296, 7]"
354,58,292,1144,0.0008214158423856735,1.4500000000071097e-06,1,[872],[6205]
355,58,292,1144,0.0008258258423856951,4.410000000021623e-06,3,"[872, 937, 943]","[6220, 6, 18]"
356,58,292,1145,0.0009367283288165602,0.0009367283288165602,5,"[299, 300, 302, 872, 943]","[306, 776, 2697, 2494, 1]"
357,58,292,1145,0.0009375883288165644,8.600000000042168e-07,3,"[299, 300, 302]","[586, 1477, 4197]"
358,58,292,1145,0.0009386183288165695,1.0300000000050503e-06,5,"[299, 300, 302, 745, 786]","[1129, 2905, 2146, 36, 1]"
359,58,292,1145,0.0009402583288165775,1.6400000000080413e-06,6,"[299, 300, 302, 745, 786, 787]","[1133, 4735, 161, 220, 1, 1]"
360,58,292,1146,0.0009353595489588748,0.0009353595489588748,4,"[299, 300, 302, 872]","[2800, 3426, 58, 8]"
361,58,292,1146,0.0009359395489588776,5.800000000028439e-07,3,"[299, 300, 302]","[2556, 3311, 362]"
362,58,292,1146,0.0009363695489588797,4.300000000021084e-07,3,"[299, 300, 302]","[2405, 3044, 863]"
363,58,292,1146,0.0009367395489588815,3.700000000018142e-07,3,"[299, 300, 302]","[2136, 2678, 1364]"
364,58,292,1146,0.0009370895489588832,3.500000000017161e-07,3,"[299, 300, 302]","[2115, 2532, 1742]"
365,58,292,1146,0.000937459548958885,3.700000000018142e-07,4,"[299, 300, 302, 745]","[2027, 2260, 1938, 2]"
366,58,292,1146,0.0009379095489588873,4.5000000000220645e-07,4,"[299, 300, 302, 745]","[2078, 2273, 1823, 3]"
367,58,292,1146,0.0009387195489588912,8.100000000039716e-07,4,"[299, 300, 302, 745]","[2402, 2427, 1355, 22]"
368,58,292,1147,0.0009346852557078985,0.0009346852557078985,4,"[5, 299, 300, 862]","[82, 2993, 3258, 1]"
369,58,292,1147,0.0009353152557079016,6.30000000003089e-07,2,"[299, 300]","[3049, 3131]"
370,58,292,1147,0.0009359752557079049,6.600000000032361e-07,3,"[299, 300, 302]","[3174, 3094, 6]"
371,58,292,1147,0.0009371952557079108,1.220000000005982e-06,3,"[299, 300, 302]","[3338, 2831, 57]"
372,58,292,1149,0.000881205265792762,0.000881205265792762,8,"[5, 852, 862, 872, 925, 930, 1092, 1118]","[258, 3, 40, 5836, 115, 2, 5, 1]"
373,58,292,1150,0.0008802456592010162,0.0008802456592010162,3,"[5, 872, 925]","[1, 6229, 28]"
374,58,292,1150,0.0008814756592010223,1.230000000006031e-06,2,"[5, 872]","[1, 6272]"
375,58,292,1150,0.0008824756592010272,1.0000000000049032e-06,2,"[5, 872]","[1, 6219]"
376,58,292,1150,0.0008834856592010321,1.0100000000049522e-06,2,"[5, 872]","[1, 6282]"
377,58,292,1150,0.0008847056592010381,1.220000000005982e-06,3,"[5, 872, 873]","[3, 6215, 17]"
378,58,292,1150,0.0008864856592010468,1.7800000000087277e-06,3,"[5, 872, 873]","[10, 4976, 1269]"
379,58,292,1151,0.0008842923927139962,0.0008842923927139962,2,"[872, 873]","[6278, 1]"
380,58,292,1151,0.0008857423927140033,1.4500000000071097e-06,2,"[872, 873]","[5849, 383]"
381,58,292,1151,0.0008866423927140077,9.000000000044129e-07,3,"[5, 872, 873]","[3, 3799, 2510]"
382,58,292,1151,0.0008872823927140108,6.400000000031381e-07,3,"[5, 872, 873]","[1, 2450, 3816]"
383,58,292,1151,0.0008878623927140137,5.800000000028439e-07,3,"[5, 872, 873]","[3, 1805, 4352]"
384,58,292,1151,0.0008884923927140167,6.30000000003089e-07,3,"[5, 872, 873]","[2, 1571, 4729]"
385,58,292,1151,0.0008892823927140206,7.900000000038735e-07,4,"[5, 872, 873, 1131]","[2, 1306, 4932, 3]"
386,58,292,1151,0.0008912723927140304,1.9900000000097574e-06,5,"[5, 872, 873, 923, 1131]","[5, 1292, 4863, 46, 9]"
387,58,292,1152,0.0008921423592654929,0.0008921423592654929,5,"[5, 872, 873, 923, 1131]","[2, 1610, 4067, 568, 4]"
388,58,293,1143,0.0008208003927565351,0.0008208003927565351,2,"[872, 912]","[6259, 1]"
389,58,293,1143,0.000822210392756542,1.4100000000069135e-06,1,[872],[6241]
390,58,293,1143,0.000824650392756554,2.440000000011964e-06,3,"[872, 937, 943]","[6250, 1, 1]"
391,58,293,1143,0.0008259403927565603,1.2900000000063251e-06,3,"[872, 937, 943]","[6219, 20, 21]"
392,58,293,1143,0.0008271803927565664,1.24000000000608e-06,3,"[872, 937, 943]","[6166, 79, 30]"
393,58,293,1143,0.0008291003927565758,1.920000000009414e-06,3,"[872, 937, 943]","[6206, 14, 2]"
394,58,293,1143,0.0009443403927571408,0.00011524000000056505,3,"[299, 300, 872]","[9, 5220, 1025]"
395,58,293,1143,0.0009465103927571515,2.17000000001064e-06,3,"[299, 300, 304]","[5, 5666, 575]"
396,58,293,1144,0.0008198412587963846,0.0008198412587963846,2,"[872, 912]","[6261, 1]"
397,58,293,1144,0.0008205812587963882,7.400000000036284e-07,1,[872],[6312]
398,58,293,1144,0.0008241112587964055,3.5300000000173084e-06,1,[872],[6176]
399,58,293,1144,0.0008265612587964175,2.450000000012013e-06,3,"[872, 937, 943]","[6192, 27, 56]"
400,58,293,1144,0.0008277012587964231,1.1400000000055897e-06,3,"[872, 937, 943]","[6226, 21, 22]"
401,58,293,1144,0.0008288012587964285,1.1000000000053935e-06,3,"[872, 937, 943]","[6225, 2, 2]"
402,58,293,1144,0.0008304312587964365,1.6300000000079922e-06,1,[872],[6231]
403,58,293,1144,0.0009407812587969776,0.00011035000000054107,5,"[299, 300, 302, 745, 872]","[621, 3830, 31, 81, 1687]"
404,58,293,1144,0.0009418212587969827,1.0400000000050993e-06,3,"[299, 300, 745]","[682, 5606, 3]"
405,58,293,1144,0.0009426712587969868,8.500000000041677e-07,2,"[299, 300]","[643, 5601]"
406,58,293,1144,0.0009437812587969923,1.1100000000054426e-06,2,"[299, 300]","[503, 5751]"
407,58,293,1145,0.000937103692090148,0.000937103692090148,4,"[299, 300, 302, 872]","[363, 451, 1358, 4102]"
408,58,293,1145,0.0009384436920901546,1.3400000000065703e-06,5,"[299, 300, 302, 745, 786]","[2270, 2308, 1378, 268, 2]"
409,58,293,1145,0.0009391236920901579,6.800000000033342e-07,6,"[299, 300, 302, 745, 786, 787]","[2681, 2604, 101, 914, 3, 2]"
410,58,293,1145,0.0009396236920901604,5.000000000024516e-07,5,"[299, 300, 302, 745, 786]","[2622, 2567, 5, 1074, 1]"
411,58,293,1145,0.0009400936920901627,4.700000000023045e-07,5,"[299, 300, 745, 786, 787]","[2701, 2662, 821, 1, 1]"
412,58,293,1145,0.0009406136920901652,5.200000000025497e-07,4,"[299, 300, 745, 786]","[2946, 2847, 507, 3]"
413,58,293,1145,0.0009412636920901684,6.500000000031871e-07,3,"[299, 300, 745]","[3148, 2930, 150]"
414,58,293,1145,0.0009424236920901741,1.1600000000056877e-06,3,"[299, 300, 745]","[3257, 2936, 22]"
415,58,293,1146,0.0009370009839778738,0.0009370009839778738,4,"[299, 300, 302, 872]","[2890, 2200, 1178, 41]"
416,58,293,1146,0.000937860983977878,8.600000000042168e-07,4,"[299, 300, 302, 745]","[3159, 1737, 1274, 28]"
417,58,293,1146,0.0009387509839778824,8.900000000043639e-07,6,"[299, 300, 302, 745, 786, 787]","[3910, 1586, 486, 314, 1, 1]"
418,58,293,1146,0.0009398509839778878,1.1000000000053935e-06,6,"[299, 300, 302, 745, 786, 787]","[3761, 1099, 49, 1284, 1, 2]"
419,58,293,1148,0.0008656482588711818,0.0008656482588711818,3,"[872, 930, 1013]","[4631, 1628, 4]"
420,58,293,1148,0.0008717682588712118,6.120000000030008e-06,9,"[872, 930, 1084, 1085, 1088, 1089, 1092, 1095, 1117]","[5101, 487, 56, 2, 1, 2, 588, 2, 5]"
421,58,293,1149,0.0008701689643167887,0.0008701689643167887,6,"[872, 930, 1084, 1088, 1089, 1092]","[3624, 2499, 15, 1, 1, 116]"
422,58,293,1149,0.0008724489643167999,2.2800000000111793e-06,10,"[872, 925, 1084, 1085, 1088, 1089, 1092, 1095, 1117, 1118]","[4988, 53, 79, 2, 3, 2, 1138, 1, 8, 1]"
423,58,293,1149,0.0008737289643168061,1.2800000000062761e-06,4,"[872, 925, 1085, 1092]","[4445, 1805, 1, 27]"
424,58,293,1149,0.0008744289643168096,7.000000000034323e-07,2,"[872, 925]","[2873, 3368]"
425,58,293,1149,0.0008750689643168127,6.400000000031381e-07,3,"[872, 925, 1122]","[2823, 3419, 8]"
426,58,293,1149,0.0008757789643168162,7.100000000034813e-07,3,"[872, 925, 1122]","[3711, 2493, 53]"
427,58,293,1149,0.0008765789643168201,8.000000000039226e-07,3,"[872, 925, 1122]","[4921, 1248, 105]"
428,58,293,1149,0.0008775389643168248,9.60000000004707e-07,3,"[872, 925, 1122]","[5697, 440, 48]"
429,58,293,1149,0.000878998964316832,1.4600000000071587e-06,3,"[872, 925, 1122]","[6212, 43, 2]"
430,58,293,1150,0.0008758110415545006,0.0008758110415545006,7,"[872, 925, 930, 1084, 1092, 1117, 1122]","[1554, 4616, 36, 1, 18, 2, 44]"
431,58,293,1150,0.0008780510415545116,2.240000000010983e-06,3,"[872, 925, 1122]","[5350, 804, 83]"
432,58,293,1150,0.0008796010415545192,1.5500000000076e-06,3,"[872, 925, 1122]","[6253, 3, 1]"
433,58,293,1150,0.0008813110415545276,1.7100000000083845e-06,1,[872],[6251]
434,58,293,1150,0.0008850410415545459,3.730000000018289e-06,2,"[872, 873]","[4460, 1798]"
435,58,293,1150,0.000886081041554551,1.0400000000050993e-06,2,"[872, 873]","[108, 6180]"
436,58,293,1150,0.0008871410415545562,1.0600000000051974e-06,2,"[872, 873]","[32, 6183]"
437,58,293,1151,0.000886222649808688,0.000886222649808688,3,"[872, 873, 925]","[1625, 4633, 24]"
438,58,293,1151,0.000887452649808694,1.230000000006031e-06,2,"[872, 873]","[53, 6196]"
439,58,294,1141,0.0009506498270264041,0.0009506498270264041,3,"[299, 300, 304]","[10, 6258, 18]"
440,58,294,1142,0.0009467051316894961,0.0009467051316894961,5,"[299, 300, 304, 872, 912]","[7, 3951, 2308, 14, 17]"
441,58,294,1142,0.0009476551316895007,9.500000000046581e-07,3,"[299, 300, 304]","[27, 4839, 1374]"
442,58,294,1142,0.0009486051316895054,9.500000000046581e-07,3,"[299, 300, 304]","[41, 6013, 179]"
443,58,294,1142,0.0009499351316895119,1.3300000000065213e-06,4,"[299, 300, 304, 764]","[71, 6172, 10, 1]"
444,58,294,1143,0.0009439368888177871,0.0009439368888177871,5,"[299, 300, 872, 912, 937]","[226, 2455, 3460, 140, 1]"
445,58,294,1143,0.0009452068888177933,1.270000000006227e-06,3,"[299, 300, 304]","[487, 5520, 279]"
446,58,294,1143,0.0009459268888177969,7.200000000035303e-07,3,"[299, 300, 304]","[357, 4167, 1692]"
447,58,294,1143,0.0009464968888177996,5.700000000027948e-07,3,"[299, 300, 304]","[305, 3065, 2855]"
448,58,294,1143,0.0009471368888178028,6.400000000031381e-07,3,"[299, 300, 304]","[350, 2760, 3188]"
449,58,294,1144,0.0008292959469272549,0.0008292959469272549,3,"[872, 912, 943]","[6296, 11, 1]"
450,58,294,1144,0.0008303159469272599,1.0200000000050013e-06,1,[872],[6199]
451,58,294,1144,0.000831355946927265,1.0400000000050993e-06,1,[872],[6252]
452,58,294,1144,0.0009412459469278038,0.00010989000000053881,4,"[299, 300, 745, 872]","[840, 555, 13, 4842]"
453,58,294,1144,0.0009427759469278113,1.530000000007502e-06,2,"[299, 300]","[4026, 2229]"
454,58,294,1144,0.0009436459469278156,8.700000000042658e-07,2,"[299, 300]","[4201, 2059]"
455,58,294,1144,0.0009445359469278199,8.900000000043639e-07,3,"[299, 300, 304]","[4295, 1986, 3]"
456,58,294,1144,0.0009459159469278267,1.3800000000067664e-06,3,"[299, 300, 304]","[4519, 1621, 79]"
457,58,294,1145,0.000831497125474258,0.000831497125474258,1,[872],[6272]
458,58,294,1145,0.0008325071254742629,1.0100000000049522e-06,1,[872],[6273]
459,58,294,1145,0.0008336371254742685,1.1300000000055406e-06,1,[872],[6240]
460,58,294,1145,0.0009397071254747886,0.00010607000000052008,9,"[299, 300, 302, 745, 786, 872, 1005, 1006, 1009]","[1150, 170, 9, 491, 1, 4391, 1, 2, 1]"
461,58,294,1145,0.0009414071254747969,1.7000000000083355e-06,4,"[299, 300, 745, 787]","[5540, 470, 274, 1]"
462,58,294,1145,0.0009425671254748026,1.1600000000056877e-06,3,"[299, 300, 745]","[5862, 371, 2]"
463,58,294,1145,0.0009444271254748117,1.86000000000912e-06,2,"[299, 300]","[6040, 190]"
464,58,294,1146,0.0008380416350155653,0.0008380416350155653,4,"[872, 1006, 1009, 1010]","[6240, 2, 8, 1]"
465,58,294,1147,0.0008470274037584293,0.0008470274037584293,2,"[872, 1009]","[6250, 2]"
466,58,294,1147,0.0008493274037584406,2.3000000000112774e-06,2,"[872, 1013]","[6261, 5]"
467,58,294,1147,0.0008511574037584496,1.8300000000089729e-06,2,"[872, 1013]","[5916, 322]"
468,58,294,1147,0.0008531974037584596,2.0400000000100026e-06,2,"[872, 1013]","[6160, 108]"
469,58,294,1147,0.000855727403758472,2.530000000012405e-06,1,[872],[6238]
470,58,294,1147,0.0008604974037584954,4.770000000023388e-06,1,[872],[6244]
471,58,294,1148,0.0008510854748547741,0.0008510854748547741,2,"[872, 1013]","[6025, 251]"
472,58,294,1148,0.0008530554748547838,1.9700000000096593e-06,2,"[872, 1013]","[6153, 86]"
473,58,294,1148,0.0008545554748547911,1.5000000000073548e-06,1,[872],[6245]
474,58,294,1148,0.0008559054748547977,1.3500000000066193e-06,1,[872],[6265]
475,58,294,1148,0.0008570954748548036,1.1900000000058348e-06,1,[872],[6270]
476,58,294,1148,0.0008582254748548091,1.1300000000055406e-06,1,[872],[6235]
477,58,294,1148,0.0008592854748548143,1.0600000000051974e-06,1,[872],[6235]
478,58,294,1148,0.0008603254748548194,1.0400000000050993e-06,1,[872],[6283]
479,58,294,1148,0.0008613554748548245,1.0300000000050503e-06,1,[872],[6265]
480,58,294,1148,0.0008623654748548294,1.0100000000049522e-06,2,"[872, 930]","[6200, 1]"
481,58,294,1148,0.0008633954748548345,1.0300000000050503e-06,2,"[872, 930]","[6171, 105]"
482,58,294,1148,0.0008642354748548386,8.400000000041187e-07,2,"[872, 930]","[4855, 1433]"
483,58,294,1148,0.0008647754748548412,5.400000000026477e-07,2,"[872, 930]","[3127, 3128]"
484,58,294,1148,0.0008652254748548434,4.5000000000220645e-07,2,"[872, 930]","[2505, 3699]"
485,58,294,1148,0.0008657154748548458,4.900000000024026e-07,2,"[872, 930]","[2615, 3701]"
486,58,294,1148,0.0008663154748548488,6.000000000029419e-07,2,"[872, 930]","[3347, 2842]"
487,58,294,1148,0.0008672754748548535,9.60000000004707e-07,2,"[872, 930]","[5026, 1229]"
488,58,294,1148,0.0008688854748548614,1.6100000000078942e-06,2,"[872, 930]","[6136, 83]"
489,58,294,1148,0.0008711554748548725,2.2700000000111303e-06,9,"[872, 1084, 1085, 1088, 1089, 1092, 1095, 1117, 1118]","[5564, 59, 1, 2, 1, 574, 35, 2, 3]"
490,58,294,1149,0.0008638988845259817,0.0008638988845259817,2,"[872, 930]","[5549, 717]"
491,58,294,1149,0.0008647888845259861,8.900000000043639e-07,2,"[872, 930]","[1524, 4714]"
492,58,294,1149,0.000865368884525989,5.800000000028439e-07,2,"[872, 930]","[1194, 5062]"
493,58,294,1149,0.0008661688845259929,8.000000000039226e-07,2,"[872, 930]","[1968, 4303]"
494,58,294,1149,0.0008679088845260014,1.7400000000085316e-06,2,"[872, 930]","[5103, 1127]"
495,58,294,1149,0.0008698888845260111,1.9800000000097084e-06,5,"[872, 930, 1084, 1092, 1095]","[6211, 1, 7, 51, 1]"
496,58,294,1149,0.0008713888845260185,1.5000000000073548e-06,9,"[872, 1084, 1085, 1088, 1089, 1092, 1095, 1117, 1118]","[4949, 102, 4, 1, 4, 1123, 53, 16, 4]"
497,58,294,1149,0.0008730088845260264,1.6200000000079432e-06,8,"[872, 925, 1084, 1085, 1092, 1095, 1117, 1118]","[4814, 733, 30, 1, 545, 88, 5, 1]"
498,58,294,1149,0.0008738888845260307,8.800000000043148e-07,4,"[872, 925, 1092, 1095]","[2179, 4085, 3, 2]"
499,58,294,1149,0.0008744788845260336,5.900000000028929e-07,3,"[872, 925, 1122]","[1336, 4877, 24]"
500,58,294,1149,0.0008750388845260364,5.600000000027458e-07,3,"[872, 925, 1122]","[1069, 5049, 142]"
501,58,294,1149,0.000875578884526039,5.400000000026477e-07,3,"[872, 925, 1122]","[946, 4865, 512]"
502,58,294,1149,0.0008760688845260414,4.900000000024026e-07,3,"[872, 925, 1122]","[772, 4610, 860]"
503,58,294,1149,0.0008766188845260441,5.500000000026968e-07,3,"[872, 925, 1122]","[668, 4526, 1012]"
504,58,294,1149,0.0008843588845260821,7.740000000037951e-06,4,"[872, 873, 925, 1122]","[1116, 377, 3918, 798]"
505,58,294,1150,0.0008744012393323269,0.0008744012393323269,7,"[872, 925, 930, 1084, 1092, 1095, 1122]","[522, 5529, 148, 5, 36, 4, 15]"
506,58,294,1150,0.0008755612393323326,1.1600000000056877e-06,3,"[872, 925, 1122]","[251, 5660, 383]"
507,58,294,1150,0.0008765412393323374,9.800000000048052e-07,3,"[872, 925, 1122]","[242, 4894, 1062]"
508,58,294,1150,0.0008838712393323733,7.330000000035941e-06,4,"[872, 873, 925, 1122]","[596, 2742, 2434, 496]"
509,58,294,1150,0.0008847512393323776,8.800000000043148e-07,1,[873],[6308]
510,58,294,1150,0.0008855612393323816,8.100000000039716e-07,1,[873],[6189]
511,58,295,1139,0.0009560494921559965,0.0009560494921559965,7,"[299, 300, 310, 669, 670, 675, 748]","[682, 5499, 8, 43, 4, 20, 1]"
512,58,295,1139,0.0009575394921560038,1.4900000000073058e-06,6,"[299, 300, 310, 669, 670, 675]","[845, 4948, 467, 9, 1, 11]"
513,58,295,1140,0.0009529686533125479,0.0009529686533125479,4,"[299, 300, 748, 760]","[500, 5526, 260, 2]"
514,58,295,1140,0.0009539386533125527,9.700000000047561e-07,4,"[299, 300, 669, 748]","[710, 5519, 2, 44]"
515,58,295,1140,0.0009547986533125569,8.600000000042168e-07,6,"[299, 300, 669, 670, 675, 748]","[825, 5396, 11, 1, 3, 6]"
516,58,295,1140,0.0009559686533125627,1.1700000000057368e-06,6,"[299, 300, 310, 669, 670, 675]","[863, 5290, 2, 38, 2, 21]"
517,58,295,1141,0.0009505836104078805,0.0009505836104078805,5,"[299, 300, 304, 748, 764]","[1084, 5200, 1, 8, 2]"
518,58,295,1141,0.0009514836104078849,9.000000000044129e-07,4,"[299, 300, 748, 760]","[1284, 4783, 189, 1]"
519,58,295,1141,0.0009522736104078887,7.900000000038735e-07,4,"[299, 300, 748, 760]","[1090, 4452, 713, 3]"
520,58,295,1141,0.0009532236104078934,9.500000000046581e-07,5,"[299, 300, 748, 760, 761]","[1116, 4090, 1012, 5, 1]"
521,58,295,1142,0.000948619381282034,0.000948619381282034,6,"[299, 300, 304, 764, 765, 912]","[2773, 2936, 540, 15, 2, 17]"
522,58,295,1142,0.0009496293812820389,1.0100000000049522e-06,5,"[299, 300, 304, 764, 765]","[3808, 2366, 1, 59, 1]"
523,58,295,1142,0.0009506793812820441,1.0500000000051484e-06,5,"[299, 300, 748, 764, 765]","[4095, 2127, 1, 43, 1]"
524,58,295,1143,0.0009466043839211059,0.0009466043839211059,5,"[299, 300, 304, 872, 912]","[4769, 551, 798, 27, 173]"
525,58,295,1143,0.0009474843839211102,8.800000000043148e-07,3,"[299, 300, 304]","[5268, 388, 588]"
526,58,295,1143,0.0009483343839211144,8.500000000041677e-07,4,"[299, 300, 304, 764]","[5849, 282, 106, 1]"
527,58,295,1143,0.0009498343839211218,1.5000000000073548e-06,5,"[299, 300, 304, 764, 765]","[5953, 215, 4, 39, 1]"
528,58,295,1144,0.0009445305671520162,0.0009445305671520162,5,"[299, 300, 304, 872, 912]","[4323, 34, 1, 1884, 9]"
529,58,295,1144,0.000945720567152022,1.1900000000058348e-06,3,"[299, 300, 304]","[6233, 24, 3]"
530,58,295,1144,0.0009468605671520276,1.1400000000055897e-06,3,"[299, 300, 304]","[6192, 18, 43]"
531,58,295,1145,0.0008333684265535198,0.0008333684265535198,1,[872],[6259]
532,58,295,1145,0.0008347884265535268,1.4200000000069626e-06,3,"[872, 1005, 1006]","[6237, 4, 4]"
533,58,295,1145,0.0009426784265540558,0.00010789000000052901,8,"[299, 300, 745, 867, 868, 872, 1005, 1009]","[509, 1, 1, 9, 49, 5669, 1, 8]"
534,58,295,1146,0.0008350308694945735,0.0008350308694945735,3,"[872, 1005, 1006]","[6277, 3, 3]"
535,58,295,1146,0.0008361108694945788,1.0800000000052955e-06,2,"[872, 1009]","[6259, 2]"
536,58,295,1146,0.0008370108694945832,9.000000000044129e-07,3,"[872, 1009, 1010]","[6217, 23, 3]"
537,58,295,1146,0.0008379008694945876,8.900000000043639e-07,3,"[872, 1009, 1010]","[6144, 77, 1]"
538,58,295,1146,0.0008389408694945927,1.0400000000050993e-06,3,"[872, 1009, 1010]","[6187, 80, 4]"
539,58,295,1146,0.0008407408694946015,1.8000000000088258e-06,2,"[872, 1009]","[6213, 17]"
540,58,295,1146,0.0008441708694946183,3.430000000016818e-06,1,[872],[6259]
541,58,295,1147,0.0008395919922728788,0.0008395919922728788,3,"[872, 1009, 1010]","[6239, 39, 1]"
542,58,295,1147,0.0008413819922728875,1.7900000000087768e-06,1,[872],[6229]
543,58,295,1147,0.0008426719922728939,1.2900000000063251e-06,1,[872],[6271]
544,58,295,1147,0.0008438219922728995,1.1500000000056387e-06,1,[872],[6259]
545,58,295,1147,0.0008449119922729048,1.0900000000053445e-06,1,[872],[6216]
546,58,295,1147,0.0008460419922729104,1.1300000000055406e-06,1,[872],[6246]
547,58,295,1147,0.0008473119922729166,1.270000000006227e-06,1,[872],[6292]
548,58,295,1147,0.0008488819922729243,1.570000000007698e-06,2,"[872, 1013]","[6210, 1]"
549,58,295,1147,0.0008516219922729378,2.740000000013435e-06,2,"[872, 1013]","[6010, 249]"
550,58,295,1148,0.0008505059960109831,0.0008505059960109831,2,"[872, 1013]","[6172, 78]"
551,58,295,1148,0.0008552959960110066,4.790000000023486e-06,2,"[872, 1013]","[6131, 121]"
552,58,295,1148,0.0008600259960110298,4.730000000023192e-06,1,[872],[6252]
553,58,295,1148,0.0008655959960110571,5.570000000027311e-06,2,"[872, 930]","[5024, 1222]"
554,58,295,1149,0.0008765150490963802,0.0008765150490963802,9,"[872, 925, 930, 1013, 1014, 1084, 1092, 1095, 1122]","[2477, 1634, 1503, 2, 2, 8, 25, 77, 537]"
555,58,295,1150,0.0008836573425311019,0.0008836573425311019,7,"[872, 873, 925, 930, 1014, 1095, 1122]","[8, 4427, 1339, 6, 58, 1, 416]"
556,58,295,1150,0.0008842673425311049,6.10000000002991e-07,1,[873],[6303]
557,58,295,1150,0.0008848073425311076,5.400000000026477e-07,1,[873],[6284]
558,58,295,1150,0.0008854473425311107,6.400000000031381e-07,1,[873],[6209]
559,58,295,1150,0.0008863773425311153,9.3000000000456e-07,1,[873],[6236]
560,58,295,1151,0.0008845882464305964,0.0008845882464305964,4,"[873, 925, 1014, 1122]","[6291, 5, 15, 1]"
561,58,295,1151,0.0008852082464305994,6.2000000000304e-07,1,[873],[6231]
562,58,295,1151,0.0008857782464306022,5.700000000027948e-07,1,[873],[6242]
563,58,295,1151,0.0008866482464306065,8.700000000042658e-07,1,[873],[6216]
564,58,295,1184,0.001052727848941399,0.001052727848941399,3,"[10, 198, 202]","[6170, 78, 2]"
565,58,295,1185,0.0010512480779477425,0.0010512480779477425,5,"[10, 198, 199, 202, 203]","[6148, 133, 1, 2, 1]"
566,58,296,1132,0.0009664794571748308,0.0009664794571748308,2,"[299, 751]","[6247, 18]"
567,58,296,1133,0.0009650849932492704,0.0009650849932492704,3,"[299, 750, 751]","[6147, 170, 4]"
568,58,296,1133,0.0009657549932492737,6.700000000032852e-07,3,"[299, 750, 751]","[6189, 33, 4]"
569,58,296,1133,0.000966624993249278,8.700000000042658e-07,3,"[299, 750, 751]","[6229, 13, 1]"
570,58,296,1134,0.0009644681371227473,0.0009644681371227473,2,"[299, 750]","[4165, 2106]"
571,58,296,1134,0.0009656581371227531,1.1900000000058348e-06,3,"[299, 313, 750]","[3824, 7, 2398]"
572,58,296,1135,0.0009650222070026984,0.0009650222070026984,4,"[299, 300, 313, 750]","[4646, 13, 69, 1524]"
573,58,296,1136,0.0009673662681227674,0.0009673662681227674,5,"[299, 300, 313, 314, 750]","[2449, 2352, 1422, 23, 8]"
574,58,296,1137,0.0009622910885228268,0.0009622910885228268,4,"[299, 300, 310, 615]","[1019, 5229, 5, 4]"
575,58,296,1137,0.0009650610885228403,2.770000000013582e-06,3,"[299, 300, 313]","[11, 6233, 1]"
576,58,296,1138,0.0009578701704637231,0.0009578701704637231,6,"[299, 300, 310, 615, 669, 675]","[3805, 1790, 667, 1, 2, 1]"
577,58,296,1138,0.0009588301704637278,9.60000000004707e-07,4,"[299, 300, 310, 615]","[2642, 3150, 442, 12]"
578,58,296,1138,0.0009598301704637327,1.0000000000049032e-06,5,"[299, 300, 310, 615, 616]","[1010, 5138, 63, 41, 3]"
579,58,296,1138,0.000960920170463738,1.0900000000053445e-06,5,"[299, 300, 310, 615, 616]","[111, 6116, 2, 6, 2]"
580,58,296,1138,0.0009631701704637491,2.2500000000110322e-06,2,"[299, 300]","[5, 6244]"
581,58,296,1139,0.0009555776206864768,0.0009555776206864768,6,"[299, 300, 310, 669, 675, 748]","[4048, 2198, 6, 19, 7, 3]"
582,58,296,1139,0.0009562576206864801,6.800000000033342e-07,6,"[299, 300, 310, 669, 670, 675]","[3888, 2323, 58, 5, 1, 15]"
583,58,296,1139,0.0009567476206864826,4.900000000024026e-07,5,"[299, 300, 310, 669, 675]","[3788, 2207, 252, 3, 6]"
584,58,296,1139,0.0009571776206864847,4.300000000021084e-07,5,"[299, 300, 310, 615, 675]","[3527, 2194, 552, 1, 3]"
585,58,296,1139,0.0009576076206864868,4.300000000021084e-07,4,"[299, 300, 310, 675]","[3177, 2188, 919, 1]"
586,58,296,1139,0.0009580976206864892,4.900000000024026e-07,4,"[299, 300, 310, 615]","[2676, 2377, 1156, 1]"
587,58,296,1139,0.0009588676206864929,7.700000000037755e-07,4,"[299, 300, 310, 615]","[1858, 3285, 1029, 4]"
588,58,296,1140,0.0009532375377928137,0.0009532375377928137,5,"[299, 300, 748, 760, 761]","[4302, 719, 1265, 8, 3]"
589,58,296,1140,0.0009540575377928177,8.200000000040206e-07,3,"[299, 300, 748]","[5091, 1035, 144]"
590,58,296,1140,0.0009546775377928207,6.2000000000304e-07,4,"[299, 300, 669, 748]","[4866, 1360, 4, 13]"
591,58,296,1140,0.0009552775377928237,6.000000000029419e-07,4,"[299, 300, 669, 670]","[4712, 1534, 17, 1]"
592,58,296,1140,0.0009560075377928272,7.300000000035793e-07,5,"[299, 300, 310, 669, 675]","[4418, 1771, 3, 19, 7]"
593,58,296,1140,0.0009575275377928347,1.5200000000074529e-06,5,"[299, 300, 310, 669, 675]","[4016, 2085, 103, 7, 11]"
594,58,296,1141,0.0009513257312651384,0.0009513257312651384,6,"[299, 300, 748, 760, 761, 765]","[5503, 186, 588, 2, 1, 1]"
595,58,296,1141,0.0009519557312651415,6.30000000003089e-07,4,"[299, 300, 748, 760]","[4276, 171, 1833, 12]"
596,58,296,1141,0.0009524357312651439,4.800000000023535e-07,5,"[299, 300, 748, 760, 761]","[3550, 172, 2453, 12, 2]"
597,58,296,1141,0.0009529557312651464,5.200000000025497e-07,5,"[299, 300, 748, 760, 761]","[3829, 189, 2334, 5, 1]"
598,58,296,1141,0.0009536657312651499,7.100000000034813e-07,5,"[299, 300, 748, 760, 761]","[4266, 291, 1595, 8, 2]"
599,58,296,1142,0.0009497567842094047,0.0009497567842094047,5,"[299, 300, 304, 764, 1025]","[6164, 17, 1, 77, 1]"
600,58,296,1142,0.00095082678420941,1.0700000000052464e-06,4,"[299, 300, 748, 764]","[6208, 29, 8, 47]"
601,58,296,1142,0.0009525967842094186,1.7700000000086787e-06,5,"[299, 300, 748, 760, 764]","[5524, 26, 657, 2, 6]"
602,58,296,1143,0.0009491818832064342,0.0009491818832064342,4,"[299, 764, 912, 1025]","[6241, 28, 1, 3]"
603,58,296,1146,0.0008900426704916025,0.0008900426704916025,6,"[867, 868, 869, 872, 1009, 1010]","[2, 121, 1, 6094, 31, 1]"
604,58,296,1147,0.0008469205639436943,0.0008469205639436943,2,"[872, 1009]","[6247, 5]"
605,58,296,1150,0.0008852170309504848,0.0008852170309504848,3,"[873, 1014, 1122]","[6058, 203, 1]"
606,58,296,1151,0.0008847847837867704,0.0008847847837867704,2,"[873, 1014]","[6213, 55]"
607,58,296,1151,0.0008855547837867742,7.700000000037755e-07,1,[873],[6269]
608,58,296,1184,0.0010511619594422749,0.0010511619594422749,4,"[10, 198, 199, 202]","[6170, 99, 1, 2]"
609,58,296,1185,0.0010507567823217997,0.0010507567823217997,3,"[10, 198, 202]","[6124, 139, 2]"
610,58,296,1185,0.0010514967823217953,7.399999999956053e-07,5,"[10, 198, 199, 202, 203]","[6081, 157, 3, 3, 1]"
611,58,296,1185,0.0010521067823217917,6.099999999963773e-07,5,"[10, 198, 199, 202, 203]","[6216, 77, 1, 5, 3]"
612,58,296,1185,0.0010527867823217876,6.799999999959616e-07,4,"[10, 198, 202, 203]","[6194, 36, 6, 2]"
613,58,296,1185,0.0010541667823217795,1.3799999999918044e-06,4,"[10, 198, 202, 203]","[6208, 5, 1, 1]"
614,58,296,1186,0.001054268673979303,0.001054268673979303,4,"[10, 198, 199, 202]","[6228, 22, 1, 1]"
615,58,297,1132,0.0009663151362345984,0.0009663151362345984,2,"[299, 751]","[6281, 2]"
616,58,297,1133,0.0009651773154503443,0.0009651773154503443,3,"[299, 750, 751]","[6046, 241, 1]"
617,58,297,1133,0.0009659373154503481,7.600000000037264e-07,2,"[299, 750]","[6188, 56]"
618,58,297,1133,0.0009666473154503516,7.100000000034813e-07,2,"[299, 750]","[6233, 10]"
619,58,297,1134,0.0009636997015040703,0.0009636997015040703,2,"[299, 750]","[5493, 809]"
620,58,297,1134,0.0009642897015040732,5.900000000028929e-07,2,"[299, 750]","[4517, 1711]"
621,58,297,1134,0.0009648397015040759,5.500000000026968e-07,2,"[299, 750]","[4029, 2196]"
622,58,297,1134,0.0009659997015040815,1.1600000000056877e-06,4,"[299, 300, 313, 750]","[3815, 1, 49, 2386]"
623,58,297,1135,0.000962058200456073,0.000962058200456073,3,"[299, 300, 750]","[6263, 1, 1]"
624,58,297,1135,0.0009629082004560771,8.500000000041677e-07,2,"[299, 750]","[6270, 20]"
625,58,297,1135,0.0009637582004560813,8.500000000041677e-07,3,"[299, 300, 750]","[5914, 2, 347]"
626,58,297,1135,0.0009649582004560872,1.2000000000058839e-06,5,"[299, 300, 313, 314, 750]","[4179, 49, 257, 3, 1715]"
627,58,297,1135,0.0009662682004560936,1.3100000000064232e-06,5,"[299, 300, 313, 314, 750]","[467, 775, 4036, 194, 831]"
628,58,297,1135,0.0009671282004560978,8.600000000042168e-07,5,"[299, 300, 313, 314, 750]","[4, 1730, 3558, 866, 30]"
629,58,297,1135,0.0009684482004561043,1.3200000000064722e-06,3,"[300, 313, 314]","[3915, 1102, 1246]"
630,58,297,1136,0.0009605438019096702,0.0009605438019096702,2,"[299, 300]","[6276, 2]"
631,58,297,1136,0.0009613038019096739,7.600000000037264e-07,2,"[299, 300]","[6219, 4]"
632,58,297,1136,0.0009623838019096792,1.0800000000052955e-06,2,"[299, 300]","[6159, 104]"
633,58,297,1136,0.0009648538019096913,2.470000000012111e-06,5,"[299, 300, 313, 314, 750]","[2120, 3963, 153, 3, 8]"
634,58,297,1136,0.0009657438019096957,8.900000000043639e-07,5,"[299, 300, 313, 314, 750]","[5, 4325, 1867, 37, 5]"
635,58,297,1136,0.0009662738019096983,5.300000000025987e-07,3,"[300, 313, 314]","[3435, 2708, 182]"
636,58,297,1136,0.0009667138019097004,4.400000000021574e-07,3,"[300, 313, 314]","[3165, 2656, 401]"
637,58,297,1136,0.0009672138019097029,5.000000000024516e-07,3,"[300, 313, 314]","[3321, 2250, 688]"
638,58,297,1136,0.0009681438019097075,9.3000000000456e-07,3,"[300, 313, 314]","[3808, 1339, 1073]"
639,58,297,1137,0.0009594747002561265,0.0009594747002561265,2,"[299, 300]","[6250, 46]"
640,58,297,1137,0.0009603347002561307,8.600000000042168e-07,2,"[299, 300]","[6045, 196]"
641,58,297,1137,0.0009618947002561384,1.560000000007649e-06,2,"[299, 300]","[4237, 1983]"
642,58,297,1137,0.000963454700256146,1.560000000007649e-06,2,"[299, 300]","[224, 6055]"
643,58,297,1137,0.0009647247002561522,1.270000000006227e-06,2,"[300, 313]","[6232, 5]"
644,58,297,1138,0.0009581149929812612,0.0009581149929812612,3,"[299, 300, 310]","[6061, 152, 57]"
645,58,297,1138,0.0009587749929812644,6.600000000032361e-07,3,"[299, 300, 310]","[6011, 224, 16]"
646,58,297,1138,0.0009594949929812679,7.200000000035303e-07,5,"[299, 300, 310, 615, 616]","[5724, 524, 5, 2, 1]"
647,58,297,1138,0.0009612149929812764,1.7200000000084335e-06,4,"[299, 300, 615, 616]","[3523, 2715, 3, 1]"
648,58,297,1139,0.0009577687234309493,0.0009577687234309493,5,"[299, 300, 310, 669, 675]","[5854, 277, 122, 1, 1]"
649,58,297,1177,0.0010108183520360727,0.0010108183520360727,3,"[10, 11, 12]","[2791, 3438, 31]"
650,58,297,1177,0.0010122683520360641,1.4499999999913887e-06,3,"[10, 11, 12]","[2956, 3316, 1]"
651,58,297,1178,0.0010134226420903292,0.0010134226420903292,3,"[10, 11, 12]","[2640, 3608, 3]"
652,58,297,1185,0.0010535183863269065,0.0010535183863269065,3,"[10, 198, 199]","[6253, 17, 1]"
653,58,297,1185,0.0010545083863269006,9.899999999941206e-07,1,[10],[6259]
654,58,297,1185,0.0010552183863268964,7.099999999957834e-07,1,[10],[6309]
655,58,297,1185,0.0010563783863268895,1.159999999993111e-06,1,[10],[6174]
656,58,298,1134,0.0009701400355456915,0.0009701400355456915,5,"[299, 300, 313, 314, 750]","[875, 5199, 11, 34, 165]"
657,58,298,1134,0.0009713600355456975,1.220000000005982e-06,1,[300],[6217]
658,58,298,1134,0.0009735800355457083,2.220000000010885e-06,1,[300],[6250]
659,58,298,1135,0.0009672977141597034,0.0009672977141597034,5,"[299, 300, 313, 314, 750]","[2076, 1969, 1041, 1125, 76]"
660,58,298,1135,0.0009684777141597092,1.1800000000057858e-06,3,"[300, 313, 314]","[5200, 126, 905]"
661,58,298,1135,0.0009693677141597135,8.900000000043639e-07,3,"[300, 313, 314]","[6198, 3, 83]"
662,58,298,1135,0.0009703877141597185,1.0200000000050013e-06,2,"[300, 314]","[6196, 2]"
663,58,298,1136,0.0009661287891139102,0.0009661287891139102,4,"[299, 300, 313, 314]","[3779, 1710, 657, 114]"
664,58,298,1136,0.0009674187891139165,1.2900000000063251e-06,3,"[300, 313, 314]","[3741, 1267, 1251]"
665,58,298,1137,0.0009615428622077852,0.0009615428622077852,4,"[299, 300, 1068, 1069]","[6200, 10, 5, 35]"
666,58,298,1177,0.0010105198303961475,0.0010105198303961475,3,"[10, 11, 12]","[2824, 3477, 15]"
667,58,298,1177,0.0010112598303961432,7.399999999956053e-07,3,"[10, 11, 12]","[2989, 3207, 4]"
668,58,298,1177,0.0010119898303961388,7.299999999956647e-07,3,"[10, 11, 12]","[3174, 3139, 2]"
669,58,298,1177,0.0010128898303961335,8.999999999946551e-07,2,"[10, 11]","[3336, 2869]"
670,58,298,1177,0.0010142798303961252,1.389999999991745e-06,3,"[10, 11, 185]","[3562, 2651, 1]"
671,58,298,1178,0.0010119819894597768,0.0010119819894597768,3,"[10, 11, 12]","[2844, 3422, 3]"
672,58,298,1178,0.0010129419894597711,9.599999999942987e-07,2,"[10, 11]","[2886, 3392]"
673,58,298,1178,0.001013641989459767,6.999999999958428e-07,2,"[10, 11]","[2956, 3330]"
674,58,298,1178,0.0010142619894597633,6.199999999963179e-07,3,"[10, 11, 185]","[3057, 3148, 3]"
675,58,298,1178,0.00101483198945976,5.699999999966149e-07,3,"[10, 11, 185]","[3025, 3228, 42]"
676,58,298,1178,0.0010153919894597566,5.599999999966743e-07,3,"[10, 11, 185]","[3005, 3004, 220]"
677,58,298,1178,0.0010159319894597534,5.39999999996793e-07,3,"[10, 11, 185]","[2797, 2771, 646]"
678,58,298,1178,0.0010164719894597502,5.39999999996793e-07,3,"[10, 11, 185]","[2742, 2370, 1197]"
679,58,298,1178,0.0010171019894597464,6.299999999962586e-07,3,"[10, 11, 185]","[2691, 2145, 1352]"
680,58,298,1178,0.0010181319894597403,1.029999999993883e-06,3,"[10, 11, 185]","[3263, 2170, 812]"
681,58,298,1179,0.0010161465652440086,0.0010161465652440086,3,"[10, 11, 185]","[1962, 3895, 402]"
682,58,298,1179,0.0010171765652440025,1.029999999993883e-06,3,"[10, 11, 185]","[1920, 3662, 674]"
683,58,298,1179,0.001018086565243997,9.099999999945957e-07,3,"[10, 11, 185]","[2082, 3950, 208]"
684,58,298,1179,0.0010190165652439916,9.299999999944769e-07,4,"[10, 11, 185, 186]","[2067, 4225, 16, 4]"
685,58,298,1179,0.0010200765652439853,1.0599999999937049e-06,4,"[10, 11, 186, 286]","[1912, 4109, 135, 30]"
686,58,298,1179,0.0010220165652439737,1.9399999999884787e-06,5,"[10, 11, 186, 187, 286]","[1659, 3998, 449, 6, 135]"
687,58,298,1180,0.0010220187352880795,0.0010220187352880795,6,"[10, 11, 185, 186, 187, 286]","[380, 5746, 7, 91, 4, 41]"
688,58,298,1184,0.001053638304379676,0.001053638304379676,2,"[10, 195]","[5605, 658]"
689,58,298,1184,0.0010547383043796694,1.0999999999934673e-06,1,[10],[6286]
690,58,298,1185,0.0010546770705398584,0.0010546770705398584,2,"[10, 195]","[6252, 26]"
691,58,298,1185,0.0010556770705398525,9.999999999940612e-07,1,[10],[6231]
692,58,299,1132,0.0009751858846927064,0.0009751858846927064,3,"[300, 729, 1056]","[1205, 4791, 261]"
693,58,299,1133,0.0009735265485478228,0.0009735265485478228,2,"[300, 729]","[6034, 237]"
694,58,299,1133,0.0009744665485478274,9.40000000004609e-07,2,"[300, 729]","[5475, 762]"
695,58,299,1133,0.0009755165485478325,1.0500000000051484e-06,2,"[300, 729]","[5669, 596]"
696,58,299,1134,0.0009719178880658416,0.0009719178880658416,1,[300],[6269]
697,58,299,1134,0.0009731978880658478,1.2800000000062761e-06,1,[300],[6234]
698,58,299,1138,0.0006784458836341867,0.0006784458836341867,2,"[1068, 1069]","[2138, 4121]"
699,58,299,1178,0.0010161224784894526,0.0010161224784894526,3,"[10, 11, 185]","[3457, 2341, 458]"
700,58,299,1178,0.001017902478489442,1.779999999989429e-06,3,"[10, 11, 185]","[3884, 1352, 1028]"
701,58,299,1178,0.001020272478489428,2.369999999985925e-06,5,"[10, 11, 185, 186, 286]","[5032, 753, 49, 409, 8]"
702,58,299,1179,0.001017863303662344,0.001017863303662344,4,"[10, 11, 185, 186]","[3064, 2774, 448, 1]"
703,58,299,1179,0.0010189733036623373,1.109999999993408e-06,5,"[10, 11, 185, 186, 286]","[3607, 2547, 8, 60, 2]"
704,58,299,1179,0.001019713303662333,7.399999999956053e-07,4,"[10, 11, 186, 286]","[3580, 2011, 689, 34]"
705,58,299,1179,0.0010202333036623298,5.199999999969118e-07,4,"[10, 11, 186, 286]","[2823, 1536, 1774, 95]"
706,58,299,1179,0.0010206733036623272,4.399999999973869e-07,5,"[10, 11, 186, 187, 286]","[2471, 1263, 2428, 8, 127]"
707,58,299,1179,0.0010210733036623248,3.999999999976245e-07,5,"[10, 11, 186, 187, 286]","[2232, 1121, 2613, 37, 147]"
708,58,299,1179,0.0010214933036623223,4.199999999975057e-07,5,"[10, 11, 186, 187, 286]","[2544, 1087, 2357, 155, 155]"
709,58,299,1179,0.0010219833036623194,4.8999999999709e-07,5,"[10, 11, 186, 187, 286]","[2634, 1096, 1899, 546, 99]"
710,58,299,1179,0.0010225933036623158,6.099999999963773e-07,5,"[10, 11, 186, 187, 286]","[2750, 1015, 1055, 1335, 50]"
711,58,299,1179,0.0010234733036623106,8.799999999947739e-07,5,"[10, 11, 186, 187, 286]","[2832, 979, 427, 2007, 7]"
712,58,299,1180,0.0010210338655234495,0.0010210338655234495,6,"[10, 11, 185, 186, 187, 286]","[1048, 4002, 2, 1113, 11, 87]"
713,58,299,1180,0.0010220738655234434,1.0399999999938236e-06,5,"[10, 11, 186, 187, 286]","[1121, 4109, 683, 263, 66]"
714,58,299,1180,0.0010229238655234383,8.49999999994952e-07,5,"[10, 11, 186, 187, 286]","[1122, 4434, 105, 580, 4]"
715,58,299,1180,0.0010237638655234333,8.399999999950114e-07,5,"[10, 11, 186, 187, 286]","[1089, 4799, 23, 370, 1]"
716,58,299,1180,0.0010246938655234278,9.299999999944769e-07,4,"[10, 11, 186, 187]","[1138, 5038, 3, 81]"
717,58,299,1180,0.0010260438655234198,1.3499999999919826e-06,4,"[10, 11, 187, 188]","[1047, 5181, 4, 1]"
718,58,299,1181,0.0010254785809922444,0.0010254785809922444,4,"[10, 11, 186, 187]","[50, 6202, 3, 3]"
719,58,299,1181,0.0010269985809922353,1.519999999990973e-06,3,"[10, 11, 188]","[43, 6226, 2]"
720,58,299,1181,0.0010286585809922255,1.6599999999901416e-06,3,"[10, 11, 188]","[27, 6112, 98]"
721,58,299,1182,0.0010504384323227,0.0010504384323227,7,"[10, 11, 154, 160, 188, 195, 206]","[174, 6063, 3, 4, 3, 3, 1]"
722,58,299,1183,0.00105122062546134,0.00105122062546134,6,"[10, 11, 154, 160, 195, 206]","[4261, 447, 2, 1, 1589, 16]"
723,58,299,1183,0.0010529706254613295,1.749999999989607e-06,3,"[10, 195, 206]","[4264, 1923, 6]"
724,58,299,1184,0.001051085482560864,0.001051085482560864,4,"[10, 11, 195, 206]","[3524, 2, 2718, 11]"
725,58,299,1184,0.0010517454825608602,6.599999999960804e-07,4,"[10, 195, 206, 207]","[3724, 2605, 6, 1]"
726,58,299,1184,0.001052455482560856,7.099999999957834e-07,3,"[10, 195, 206]","[4577, 1589, 4]"
727,58,299,1184,0.00105347548256085,1.0199999999939424e-06,2,"[10, 195]","[5840, 417]"
728,58,300,1079,0.0006045104951179167,0.0006045104951179167,1,[817],[6271]
729,58,300,1080,0.0006040294139739338,0.0006040294139739338,1,[817],[6344]
730,58,300,1080,0.0006050294139739387,1.0000000000049032e-06,1,[817],[6164]
731,58,300,1131,0.0009794969666586638,0.0009794969666586638,7,"[300, 573, 575, 729, 1056, 1058, 1063]","[4483, 1698, 2, 14, 11, 6, 51]"
732,58,300,1131,0.0009823869666586466,2.889999999982837e-06,3,"[300, 573, 575]","[4589, 730, 918]"
733,58,300,1132,0.0009767364750355421,0.0009767364750355421,7,"[300, 729, 1056, 1058, 1059, 1063, 1064]","[5753, 332, 24, 21, 3, 171, 2]"
734,58,300,1132,0.0009777464750355361,1.0099999999940018e-06,2,"[300, 573]","[6194, 4]"
735,58,300,1132,0.00097877647503553,1.029999999993883e-06,2,"[300, 573]","[6225, 27]"
736,58,300,1132,0.0009818464750355118,3.069999999981768e-06,3,"[300, 573, 575]","[5307, 45, 891]"
737,58,300,1133,0.0009757396790374983,0.0009757396790374983,4,"[300, 729, 1058, 1063]","[6169, 110, 1, 2]"
738,58,300,1133,0.0009781896790374927,2.4499999999943404e-06,2,"[300, 729]","[6220, 3]"
739,58,300,1138,0.0006798579743770966,0.0006798579743770966,2,"[1068, 1069]","[4466, 1784]"
740,58,300,1178,0.001023069470348376,0.001023069470348376,5,"[10, 11, 185, 186, 187]","[711, 16, 5, 5148, 372]"
741,58,300,1179,0.0010206953121997076,0.0010206953121997076,6,"[10, 11, 185, 186, 187, 286]","[957, 91, 4, 5194, 20, 12]"
742,58,300,1179,0.0010212753121997041,5.799999999965555e-07,5,"[10, 11, 186, 187, 286]","[723, 32, 5300, 155, 16]"
743,58,300,1179,0.0010217553121997013,4.799999999971494e-07,5,"[10, 11, 186, 187, 286]","[969, 34, 4782, 481, 10]"
744,58,300,1179,0.0010222253121996985,4.6999999999720876e-07,5,"[10, 11, 186, 187, 286]","[1023, 46, 4074, 1161, 6]"
745,58,300,1179,0.0010226853121996957,4.5999999999726815e-07,5,"[10, 11, 186, 187, 286]","[1268, 34, 3127, 1748, 3]"
746,58,300,1179,0.0010232653121996923,5.799999999965555e-07,4,"[10, 11, 186, 187]","[1829, 45, 2206, 2179]"
747,58,300,1179,0.0010243953121996856,1.1299999999932892e-06,4,"[10, 11, 186, 187]","[3701, 58, 919, 1570]"
748,58,300,1179,0.0010268053121996713,2.4099999999856875e-06,6,"[10, 11, 186, 187, 188, 281]","[6057, 47, 26, 66, 17, 16]"
749,58,300,1180,0.0010230253829882398,0.0010230253829882398,5,"[10, 11, 186, 187, 286]","[1705, 689, 2573, 1288, 11]"
750,58,300,1180,0.0010246953829882298,1.6699999999900822e-06,4,"[10, 11, 186, 187]","[4200, 1305, 109, 665]"
751,58,300,1180,0.0010259153829882226,1.2199999999927547e-06,6,"[10, 11, 186, 187, 188, 281]","[5031, 1207, 1, 5, 3, 1]"
752,58,300,1180,0.0010269753829882163,1.0599999999937049e-06,4,"[10, 11, 188, 281]","[5089, 898, 235, 28]"
753,58,300,1180,0.0010278453829882111,8.699999999948332e-07,5,"[10, 11, 188, 281, 282]","[4035, 528, 1629, 85, 2]"
754,58,300,1180,0.0010284853829882073,6.399999999961992e-07,5,"[10, 11, 188, 281, 282]","[2856, 245, 3063, 64, 1]"
755,58,300,1180,0.0010290753829882038,5.899999999964961e-07,4,"[10, 11, 188, 281]","[2377, 126, 3675, 30]"
756,58,300,1180,0.0010298553829881992,7.799999999953677e-07,4,"[10, 11, 188, 281]","[2647, 72, 3547, 8]"
757,58,300,1180,0.0010323653829881843,2.5099999999850936e-06,4,"[10, 11, 188, 281]","[4949, 45, 1226, 2]"
758,58,300,1181,0.0010272724873182679,0.0010272724873182679,6,"[10, 11, 186, 187, 188, 281]","[704, 5424, 1, 4, 142, 1]"
759,58,300,1181,0.001028412487318261,1.1399999999932298e-06,4,"[10, 11, 188, 281]","[633, 4311, 1350, 3]"
760,58,300,1181,0.001029282487318256,8.699999999948332e-07,4,"[10, 11, 188, 281]","[592, 3446, 2208, 3]"
761,58,300,1181,0.0010304924873182487,1.209999999992814e-06,3,"[10, 11, 188]","[725, 3917, 1563]"
762,58,300,1182,0.0010301670576157768,0.0010301670576157768,3,"[10, 11, 188]","[1, 6241, 25]"
763,58,300,1182,0.0010314070576157694,1.2399999999926359e-06,2,"[10, 11]","[3, 6253]"
764,58,300,1182,0.001032497057615763,1.0899999999935267e-06,3,"[10, 11, 160]","[5, 6240, 5]"
765,58,300,1182,0.0010339470576157543,1.4499999999913887e-06,4,"[10, 11, 154, 160]","[4, 6210, 2, 27]"
766,58,300,1182,0.001047987057615671,1.403999999991662e-05,7,"[10, 11, 154, 157, 160, 192, 193]","[580, 5168, 467, 1, 14, 2, 2]"
767,58,300,1183,0.0010348433775874914,0.0010348433775874914,4,"[11, 154, 157, 160]","[6179, 64, 1, 22]"
768,58,300,1183,0.0010377033775874744,2.859999999983015e-06,3,"[11, 154, 157]","[5541, 693, 4]"
769,58,300,1183,0.0010496133775874036,1.1909999999929269e-05,6,"[10, 11, 17, 154, 195, 206]","[4885, 1336, 12, 4, 8, 2]"
770,58,300,1183,0.0010504333775873988,8.199999999951302e-07,4,"[10, 195, 206, 207]","[6200, 63, 9, 2]"
771,58,300,1183,0.0010512033775873942,7.699999999954271e-07,4,"[10, 195, 206, 207]","[5976, 269, 17, 1]"
772,58,300,1184,0.001051391855337559,0.001051391855337559,8,"[10, 11, 17, 154, 157, 195, 206, 207]","[4665, 611, 16, 31, 1, 918, 24, 3]"
773,58,301,1130,0.0009795532323925132,0.0009795532323925132,2,"[300, 573]","[81, 6201]"
774,58,301,1130,0.0009806532323925067,1.0999999999934673e-06,2,"[300, 573]","[846, 5378]"
775,58,301,1130,0.000982123232392498,1.46999999999127e-06,3,"[300, 573, 575]","[5171, 1097, 1]"
776,58,301,1130,0.0009833632323924906,1.2399999999926359e-06,3,"[300, 573, 575]","[6229, 8, 2]"
777,58,301,1131,0.000979063652767784,0.000979063652767784,5,"[300, 573, 1058, 1059, 1063]","[1693, 4467, 26, 1, 114]"
778,58,301,1131,0.00097970365276778,6.399999999961992e-07,3,"[300, 573, 575]","[2035, 4204, 2]"
779,58,301,1131,0.0009803236527677764,6.199999999963179e-07,3,"[300, 573, 575]","[3072, 3159, 14]"
780,58,301,1131,0.000981053652767772,7.299999999956647e-07,3,"[300, 573, 575]","[4629, 1546, 67]"
781,58,301,1131,0.0009820336527677663,9.7999999999418e-07,3,"[300, 573, 575]","[5765, 295, 175]"
782,58,301,1132,0.0009796957235411554,0.0009796957235411554,7,"[300, 573, 575, 1058, 1059, 1063, 1064]","[5440, 204, 3, 79, 5, 536, 8]"
783,58,301,1136,0.0006266132652894926,0.0006266132652894926,2,"[1031, 1045]","[6230, 44]"
784,58,301,1142,0.0007396575294014097,0.0007396575294014097,4,"[815, 833, 835, 843]","[5383, 308, 542, 26]"
785,58,301,1142,0.0007436175294014291,3.960000000019417e-06,4,"[815, 833, 847, 848]","[5111, 1112, 18, 2]"
786,58,301,1143,0.0007351562956197595,0.0007351562956197595,3,"[815, 835, 843]","[4921, 1396, 5]"
787,58,301,1143,0.0007361062956197642,9.500000000046581e-07,4,"[815, 835, 843, 844]","[4530, 1631, 32, 1]"
788,58,301,1143,0.0007390962956197788,2.9900000000146606e-06,5,"[815, 833, 835, 843, 844]","[5928, 50, 244, 27, 1]"
789,58,301,1179,0.0010305042360992623,0.0010305042360992623,6,"[10, 186, 187, 188, 281, 282]","[2793, 2760, 198, 325, 173, 3]"
790,58,301,1180,0.0010277949623150899,0.0010277949623150899,6,"[10, 11, 186, 187, 188, 281]","[4691, 23, 207, 55, 1130, 146]"
791,58,301,1180,0.001028794962315084,9.999999999940612e-07,5,"[10, 11, 188, 281, 282]","[3512, 8, 2651, 130, 2]"
792,58,301,1180,0.0010298249623150778,1.029999999993883e-06,4,"[10, 11, 188, 281]","[4143, 5, 2083, 20]"
793,58,301,1180,0.0010311149623150702,1.289999999992339e-06,4,"[10, 11, 188, 281]","[5766, 6, 458, 1]"
794,58,301,1180,0.001032474962315062,1.3599999999919232e-06,2,"[10, 188]","[6214, 7]"
795,58,301,1180,0.001033994962315053,1.519999999990973e-06,1,[10],[6243]
796,58,301,1180,0.001036344962315039,2.349999999986044e-06,3,"[10, 209, 210]","[6248, 7, 3]"
797,58,301,1181,0.0010313343738112134,0.0010313343738112134,4,"[10, 11, 188, 281]","[3390, 643, 2218, 6]"
798,58,301,1181,0.0010339743738111977,2.6399999999843216e-06,4,"[10, 11, 188, 210]","[5970, 302, 2, 1]"
799,58,301,1181,0.0010357443738111872,1.7699999999894883e-06,6,"[10, 11, 154, 192, 209, 210]","[6159, 50, 3, 1, 5, 1]"
800,58,301,1181,0.0010374043738111773,1.6599999999901416e-06,6,"[10, 11, 154, 192, 209, 210]","[6063, 14, 4, 167, 1, 3]"
801,58,301,1181,0.0010394443738111652,2.039999999987885e-06,4,"[10, 11, 192, 193]","[4543, 3, 1273, 441]"
802,58,301,1181,0.0010412443738111545,1.7999999999893102e-06,3,"[10, 192, 193]","[2568, 69, 3635]"
803,58,301,1181,0.001048064373811114,6.819999999959497e-06,2,"[10, 193]","[5011, 1206]"
804,58,301,1182,0.0010350374016413716,0.0010350374016413716,6,"[10, 11, 154, 157, 160, 188]","[118, 6022, 113, 1, 11, 8]"
805,58,301,1182,0.0010381074016413533,3.069999999981768e-06,6,"[10, 11, 154, 157, 192, 193]","[803, 4604, 657, 1, 162, 2]"
806,58,301,1182,0.0010433074016413225,5.199999999969118e-06,5,"[10, 11, 17, 192, 193]","[3703, 996, 19, 241, 1297]"
807,58,301,1182,0.001046567401641303,3.2599999999806395e-06,1,[10],[6281]
808,58,301,1182,0.001047757401641296,1.1899999999929328e-06,1,[10],[6225]
809,58,301,1182,0.0010487174016412903,9.599999999942987e-07,1,[10],[6273]
810,58,301,1183,0.0010356935512460207,0.0010356935512460207,4,"[11, 154, 157, 160]","[5609, 659, 1, 10]"
811,58,301,1183,0.0010369435512460133,1.2499999999925765e-06,3,"[11, 154, 157]","[5585, 681, 1]"
812,58,301,1183,0.0010380635512460066,1.1199999999933485e-06,2,"[11, 154]","[6161, 92]"
813,58,301,1183,0.0010392035512459998,1.1399999999932298e-06,3,"[11, 17, 154]","[6196, 7, 1]"
814,58,301,1183,0.001040703551245991,1.4999999999910918e-06,4,"[10, 11, 17, 193]","[6, 5951, 298, 3]"
815,58,301,1183,0.0010462135512459582,5.509999999967277e-06,3,"[10, 11, 17]","[424, 4364, 1452]"
816,58,301,1183,0.0010488035512459428,2.5899999999846185e-06,2,"[10, 11]","[6262, 10]"
817,58,301,1183,0.0010504035512459333,1.599999999990498e-06,1,[10],[6239]
818,58,301,1184,0.0010406976471815056,0.0010406976471815056,3,"[11, 17, 154]","[5575, 655, 37]"
819,58,301,1184,0.0010427576471814934,2.059999999987766e-06,2,"[11, 17]","[3784, 2450]"
820,58,302,1128,0.0009864562142390602,0.0009864562142390602,1,[300],[6263]
821,58,302,1129,0.0009841330995063484,0.0009841330995063484,2,"[300, 573]","[6226, 47]"
822,58,302,1129,0.000985023099506343,8.899999999947145e-07,1,[300],[6281]
823,58,302,1129,0.000986213099506336,1.1899999999929328e-06,1,[300],[6228]
824,58,302,1130,0.0009824057470585283,0.0009824057470585283,2,"[300, 573]","[3133, 3149]"
825,58,302,1130,0.0009837657470585202,1.3599999999919232e-06,1,[300],[6250]
826,58,302,1133,0.0006295026416574457,0.0006295026416574457,3,"[1031, 1043, 1059]","[3845, 2410, 1]"
827,58,302,1133,0.0006321126416574585,2.6100000000127974e-06,2,"[1031, 1043]","[6158, 97]"
828,58,302,1134,0.0006269331316066941,0.0006269331316066941,2,"[1031, 1043]","[6325, 13]"
829,58,302,1134,0.0006275531316066971,6.2000000000304e-07,2,"[1031, 1043]","[5997, 211]"
830,58,302,1134,0.0006281731316067001,6.2000000000304e-07,2,"[1031, 1043]","[5206, 1052]"
831,58,302,1134,0.0006288731316067036,7.000000000034323e-07,2,"[1031, 1043]","[4164, 2039]"
832,58,302,1134,0.0006299931316067091,1.1200000000054916e-06,2,"[1031, 1043]","[5092, 1182]"
833,58,302,1134,0.000631213131606715,1.220000000005982e-06,2,"[1031, 1043]","[6241, 20]"
834,58,302,1134,0.000632433131606721,1.220000000005982e-06,1,[1031],[6212]
835,58,302,1135,0.0006261887304514145,0.0006261887304514145,2,"[1031, 1045]","[6342, 4]"
836,58,302,1135,0.0006266787304514169,4.900000000024026e-07,2,"[1031, 1045]","[6244, 2]"
837,58,302,1135,0.0006273887304514204,7.100000000034813e-07,1,[1031],[6185]
838,58,302,1136,0.0006254365930093053,0.0006254365930093053,2,"[1031, 1045]","[6167, 171]"
839,58,302,1136,0.0006259365930093078,5.000000000024516e-07,2,"[1031, 1045]","[6173, 97]"
840,58,302,1136,0.0006265365930093107,6.000000000029419e-07,2,"[1031, 1045]","[6135, 32]"
841,58,302,1137,0.0006248800079328258,0.0006248800079328258,2,"[1031, 1045]","[6306, 22]"
842,58,302,1137,0.0006252800079328278,4.000000000019613e-07,2,"[1031, 1045]","[6187, 35]"
843,58,302,1137,0.0006256700079328297,3.9000000000191225e-07,2,"[1031, 1045]","[6252, 51]"
844,58,302,1137,0.0006263100079328328,6.400000000031381e-07,2,"[1031, 1045]","[6141, 36]"
845,58,302,1142,0.0007366086535336325,0.0007366086535336325,4,"[815, 835, 843, 844]","[5743, 450, 55, 2]"
846,58,302,1142,0.0007389286535336439,2.3200000000113755e-06,5,"[815, 833, 835, 843, 844]","[6170, 80, 6, 10, 1]"
847,58,302,1142,0.0007402086535336502,1.2800000000062761e-06,2,"[815, 833]","[4546, 1690]"
848,58,302,1142,0.0007415686535336568,1.3600000000066684e-06,4,"[815, 833, 847, 848]","[4918, 1360, 1, 1]"
849,58,302,1143,0.000733753193871638,0.000733753193871638,2,"[815, 835]","[6285, 25]"
850,58,302,1143,0.0007342631938716405,5.100000000025006e-07,2,"[815, 835]","[6101, 119]"
851,58,302,1143,0.0007346831938716426,4.2000000000205935e-07,2,"[815, 835]","[5884, 362]"
852,58,302,1143,0.0007351331938716448,4.5000000000220645e-07,3,"[815, 835, 843]","[5543, 724, 7]"
853,58,302,1143,0.0007357031938716476,5.700000000027948e-07,4,"[815, 835, 843, 844]","[5179, 1059, 32, 2]"
854,58,302,1143,0.0007364831938716514,7.800000000038245e-07,4,"[815, 835, 843, 844]","[5542, 636, 57, 4]"
855,58,302,1143,0.0007373731938716558,8.900000000043639e-07,3,"[815, 835, 843]","[6150, 53, 33]"
856,58,302,1143,0.0007383531938716606,9.800000000048052e-07,4,"[815, 833, 835, 843]","[6248, 7, 1, 1]"
857,58,302,1143,0.0007395531938716664,1.2000000000058839e-06,2,"[815, 833]","[5870, 372]"
858,58,302,1143,0.0007410631938716738,1.5100000000074039e-06,2,"[815, 833]","[4486, 1723]"
859,58,302,1144,0.0007342384106659236,0.0007342384106659236,2,"[815, 835]","[6253, 5]"
860,58,302,1180,0.0010393949058377784,0.0010393949058377784,7,"[10, 188, 192, 193, 209, 210, 281]","[5805, 41, 255, 149, 1, 1, 5]"
861,58,302,1181,0.0010368897720222899,0.0010368897720222899,6,"[10, 11, 188, 192, 209, 210]","[6165, 2, 9, 82, 5, 2]"
862,58,302,1181,0.001038059772022283,1.1699999999930516e-06,3,"[10, 192, 193]","[5001, 1237, 39]"
863,58,302,1181,0.001038899772022278,8.399999999950114e-07,3,"[10, 192, 193]","[4296, 1537, 458]"
864,58,302,1181,0.0010396097720222737,7.099999999957834e-07,3,"[10, 192, 193]","[3682, 616, 1936]"
865,58,302,1181,0.0010401597720222705,5.499999999967337e-07,3,"[10, 192, 193]","[2752, 104, 3411]"
866,58,302,1181,0.0010406497720222676,4.8999999999709e-07,3,"[10, 192, 193]","[2256, 10, 3989]"
867,58,302,1181,0.0010411297720222647,4.799999999971494e-07,3,"[10, 192, 193]","[2097, 1, 4106]"
868,58,302,1181,0.0010418097720222607,6.799999999959616e-07,2,"[10, 193]","[2738, 3489]"
869,58,302,1181,0.0010433997720222512,1.5899999999905573e-06,2,"[10, 193]","[5099, 1158]"
870,58,302,1182,0.0010400305542817832,0.0010400305542817832,6,"[10, 11, 17, 154, 192, 193]","[3687, 483, 1, 23, 928, 1133]"
871,58,302,1182,0.001041580554281774,1.5499999999907949e-06,5,"[10, 11, 17, 192, 193]","[3224, 79, 27, 7, 2930]"
872,58,302,1182,0.0010433805542817633,1.7999999999893102e-06,4,"[10, 11, 17, 193]","[5718, 36, 20, 461]"
873,58,302,1182,0.0010449005542817543,1.519999999990973e-06,2,"[10, 11]","[6266, 8]"
874,58,302,1182,0.0010462105542817465,1.3099999999922202e-06,2,"[10, 11]","[6268, 2]"
875,58,302,1182,0.001047470554281739,1.259999999992517e-06,2,"[10, 11]","[6215, 1]"
876,58,302,1183,0.0010405746800726879,0.0010405746800726879,6,"[10, 11, 17, 154, 192, 193]","[16, 5414, 766, 47, 4, 6]"
877,58,302,1183,0.0010419246800726799,1.3499999999919826e-06,4,"[10, 11, 17, 193]","[33, 3250, 3002, 6]"
878,58,302,1183,0.001044264680072666,2.339999999986103e-06,3,"[10, 11, 17]","[221, 4878, 1125]"
879,58,302,1184,0.0010410412331529177,0.0010410412331529177,3,"[11, 17, 154]","[3112, 3172, 1]"
880,58,302,1184,0.0010419112331529125,8.699999999948332e-07,2,"[11, 17]","[2481, 3752]"
881,58,302,1184,0.0010429612331529063,1.0499999999937643e-06,2,"[11, 17]","[4384, 1874]"
882,58,302,1184,0.0010441412331528993,1.1799999999929922e-06,2,"[11, 17]","[6089, 164]"
883,58,302,1184,0.0010452912331528925,1.1499999999931704e-06,2,"[11, 17]","[6246, 1]"
884,58,302,1184,0.0010467812331528836,1.4899999999911512e-06,2,"[10, 11]","[2, 6241]"
885,58,303,1126,0.000990241057662551,0.000990241057662551,3,"[300, 319, 449]","[4293, 1953, 5]"
886,58,303,1127,0.0009878247926634713,0.0009878247926634713,4,"[300, 319, 449, 450]","[5829, 402, 44, 3]"
887,58,303,1127,0.000988534792663467,7.099999999957834e-07,4,"[300, 319, 449, 450]","[4781, 1426, 37, 3]"
888,58,303,1127,0.0009892647926634628,7.299999999956647e-07,4,"[300, 319, 449, 450]","[3728, 2483, 19, 3]"
889,58,303,1128,0.0009865991037057004,0.0009865991037057004,2,"[300, 449]","[6268, 2]"
890,58,303,1128,0.0009875591037056947,9.599999999942987e-07,4,"[300, 319, 449, 450]","[6264, 13, 11, 1]"
891,58,303,1129,0.0009879370071601131,0.0009879370071601131,1,[300],[6252]
892,58,303,1134,0.0006288070590835489,0.0006288070590835489,2,"[1031, 1043]","[4216, 2070]"
893,58,303,1143,0.0007347781386935109,0.0007347781386935109,2,"[815, 835]","[6262, 3]"
894,58,303,1184,0.001046056341149239,0.001046056341149239,2,"[11, 17]","[5719, 537]"
895,58,303,1184,0.0010476263411492296,1.569999999990676e-06,1,[11],[6247]
896,58,303,1184,0.0010490363411492212,1.4099999999916263e-06,1,[11],[6276]
897,58,303,1184,0.0010508863411492102,1.8499999999890132e-06,1,[11],[6240]
898,58,303,1185,0.0010489467994652753,0.0010489467994652753,3,"[11, 17, 34]","[6240, 9, 1]"
899,58,303,1185,0.0010507067994652648,1.7599999999895477e-06,1,[11],[6275]
900,58,303,1185,0.0010525567994652538,1.8499999999890132e-06,1,[11],[6230]
901,58,304,1125,0.0009907683215643504,0.0009907683215643504,2,"[300, 319]","[6253, 5]"
902,58,304,1125,0.0009940683215643308,3.299999999980402e-06,1,[300],[6242]
903,58,304,1126,0.0009891675305510163,0.0009891675305510163,3,"[300, 319, 449]","[5007, 1315, 2]"
904,58,304,1126,0.0009898575305510122,6.899999999959022e-07,2,"[300, 319]","[5615, 622]"
905,58,304,1126,0.0009906775305510073,8.199999999951302e-07,2,"[300, 319]","[5951, 281]"
906,58,304,1127,0.000988593906557723,0.000988593906557723,5,"[300, 319, 449, 450, 1075]","[4315, 1972, 17, 1, 4]"
907,58,304,1127,0.0009893539065577185,7.599999999954865e-07,3,"[300, 319, 449]","[3426, 2784, 7]"
908,58,304,1184,0.0010539683020624013,0.0010539683020624013,2,"[11, 17]","[6250, 1]"
909,58,304,1185,0.0010519868283068545,0.0010519868283068545,2,"[11, 34]","[6270, 3]"
910,58,304,1185,0.0010533768283068463,1.389999999991745e-06,1,[11],[6263]
911,58,304,1185,0.0010545668283068392,1.1899999999929328e-06,1,[11],[6240]
912,58,304,1185,0.0010557968283068319,1.2299999999926953e-06,2,"[11, 22]","[6249, 3]"
913,58,304,1185,0.0010573868283068224,1.5899999999905573e-06,2,"[11, 22]","[6116, 122]"
914,58,304,1185,0.0010770168283067059,1.962999999988342e-05,4,"[11, 22, 213, 230]","[5806, 67, 344, 21]"
915,58,305,1123,0.0009938713223561733,0.0009938713223561733,1,[300],[6251]
916,58,305,1124,0.0009919103834985243,0.0009919103834985243,1,[300],[6267]
917,58,305,1124,0.0009926903834985197,7.799999999953677e-07,1,[300],[6263]
918,58,305,1124,0.000994640383498508,1.9499999999884193e-06,1,[300],[6220]
919,58,305,1125,0.0009911467380325726,0.0009911467380325726,1,[300],[6267]
920,58,305,1125,0.0009922267380325662,1.079999999993586e-06,1,[300],[6241]
921,58,305,1184,0.0010757975033048178,0.0010757975033048178,3,"[11, 22, 213]","[4170, 392, 1707]"
922,58,305,1184,0.0010771475033048098,1.3499999999919826e-06,3,"[213, 230, 231]","[6223, 10, 1]"
923,58,305,1184,0.001078637503304801,1.4899999999911512e-06,3,"[213, 230, 231]","[6240, 10, 3]"
924,58,305,1185,0.0010566916638047382,0.0010566916638047382,2,"[11, 22]","[5796, 477]"
925,58,305,1185,0.0010579816638047305,1.289999999992339e-06,2,"[11, 22]","[5197, 1067]"
926,58,305,1185,0.0010591616638047235,1.1799999999929922e-06,2,"[11, 22]","[6017, 238]"
927,58,305,1185,0.0010601816638047175,1.0199999999939424e-06,2,"[11, 22]","[6236, 4]"
928,58,305,1185,0.0010608816638047133,6.999999999958428e-07,1,[11],[6222]
929,58,305,1185,0.00106145166380471,5.699999999966149e-07,1,[11],[6340]
930,58,305,1185,0.0010620916638047061,6.399999999961992e-07,1,[11],[6216]
931,58,305,1185,0.0010762316638046221,1.4139999999916025e-05,3,"[11, 213, 230]","[4216, 1979, 1]"
932,58,305,1185,0.0010775516638046143,1.3199999999921608e-06,3,"[213, 230, 231]","[6274, 37, 2]"
933,58,305,1185,0.001078461663804609,9.099999999945957e-07,2,"[213, 230]","[6172, 19]"
934,58,305,1186,0.0010604649908352273,0.0010604649908352273,5,"[11, 22, 34, 36, 37]","[6000, 206, 1, 52, 1]"
935,58,305,1186,0.0010776449908351253,1.717999999989797e-05,3,"[11, 213, 230]","[5942, 294, 4]"
936,58,306,1122,0.0009945947966718042,0.0009945947966718042,1,[300],[6290]
937,58,306,1122,0.0009955047966717988,9.099999999945957e-07,1,[300],[6214]
938,58,306,1123,0.0009935102243104614,0.0009935102243104614,1,[300],[6315]
939,58,306,1123,0.0009943202243104566,8.099999999951896e-07,1,[300],[6201]
940,58,306,1124,0.000993833971768111,0.000993833971768111,1,[300],[6253]
941,58,306,1184,0.0010775208637390985,0.0010775208637390985,4,"[11, 22, 213, 231]","[858, 76, 5318, 1]"
942,58,306,1185,0.0010613245439615453,0.0010613245439615453,3,"[11, 22, 36]","[5917, 354, 4]"
943,58,306,1185,0.0010767445439614537,1.5419999999908424e-05,2,"[11, 213]","[4167, 2064]"
944,58,307,1120,0.0009970267078495906,0.0009970267078495906,2,"[300, 446]","[6238, 40]"
945,58,307,1121,0.0009958820631161735,0.0009958820631161735,2,"[300, 446]","[6273, 2]"
946,58,307,1121,0.0009965620631161695,6.799999999959616e-07,2,"[300, 446]","[6240, 1]"
947,58,307,1121,0.000998012063116161,1.4499999999913887e-06,2,"[300, 446]","[6233, 7]"
948,58,307,1122,0.000995570153138013,0.000995570153138013,1,[300],[6272]
949,58,308,1114,0.0010307203479742123,0.0010307203479742123,2,"[619, 816]","[4056, 2235]"
950,58,308,1114,0.001031600347974207,8.799999999947739e-07,1,[619],[6273]
951,58,308,1115,0.0010317402298560684,0.0010317402298560684,2,"[619, 816]","[6248, 3]"
952,58,308,1119,0.0009971386868433477,0.0009971386868433477,2,"[300, 446]","[6237, 24]"
953,58,308,1120,0.0009965412648688119,0.0009965412648688119,2,"[300, 446]","[6212, 103]"
954,58,308,1120,0.000997201264868808,6.599999999960804e-07,2,"[300, 446]","[6138, 91]"
955,58,308,1150,0.000849263848386043,0.000849263848386043,1,[918],[6278]
956,58,308,1151,0.0008499535199489096,0.0008499535199489096,1,[918],[6254]
957,58,309,1113,0.0006509881655994714,0.0006509881655994714,1,[816],[6268]
958,58,309,1114,0.0006514911862228741,0.0006514911862228741,1,[816],[6262]
959,58,309,1118,0.00099735630878078,0.00099735630878078,3,"[300, 441, 442]","[6297, 3, 1]"
960,58,309,1118,0.0009982463087807748,8.899999999947145e-07,3,"[300, 441, 442]","[6193, 5, 2]"
961,58,309,1119,0.000997065326868134,0.000997065326868134,1,[300],[6306]
962,58,309,1119,0.0009978653268681293,7.99999999995249e-07,3,"[300, 441, 446]","[6216, 2, 2]"
963,58,310,1116,0.0009991082027778096,0.0009991082027778096,1,[300],[6252]
964,58,310,1117,0.0009976078395630618,0.0009976078395630618,2,"[300, 441]","[6321, 1]"
965,58,310,1117,0.0009982278395630581,6.199999999963179e-07,1,[300],[6241]
966,58,310,1117,0.000999437839563051,1.209999999992814e-06,1,[300],[6190]
967,58,310,1118,0.0009976849864223264,0.0009976849864223264,3,"[300, 441, 442]","[6292, 5, 4]"
968,58,310,1118,0.0009994049864223162,1.7199999999897853e-06,3,"[300, 441, 442]","[6195, 4, 1]"
969,58,311,1115,0.0009986976934969803,0.0009986976934969803,1,[300],[6260]
970,58,311,1116,0.0009980417976302948,0.0009980417976302948,1,[300],[6318]
971,58,311,1116,0.0009986517976302912,6.099999999963773e-07,1,[300],[6273]
972,58,311,1116,0.0009996617976302852,1.0099999999940018e-06,1,[300],[6182]
973,58,311,1117,0.000998631203302529,0.000998631203302529,1,[300],[6250]
974,58,311,1125,0.0007480469922484,0.0007480469922484,1,[1136],[6258]
975,58,311,1125,0.0007485569922484025,5.100000000025006e-07,1,[1136],[6242]
976,58,311,1125,0.0007493269922484063,7.700000000037755e-07,1,[1136],[6252]
977,58,312,1111,0.001030326438581215,0.001030326438581215,2,"[300, 593]","[2, 6276]"
978,58,312,1114,0.0009989118497734503,0.0009989118497734503,1,[300],[6296]
979,58,312,1114,0.000999641849773446,7.299999999956647e-07,2,"[300, 437]","[6266, 1]"
980,58,312,1115,0.0009986186128070887,0.0009986186128070887,1,[300],[6260]
981,58,312,1115,0.0009993686128070842,7.499999999955459e-07,1,[300],[6286]
982,58,313,1112,0.0010005186244825366,0.0010005186244825366,2,"[300, 437]","[6263, 41]"
983,58,313,1113,0.000999479415062998,0.000999479415062998,3,"[300, 437, 438]","[6170, 105, 2]"
984,58,313,1113,0.0010000794150629945,5.999999999964367e-07,3,"[300, 437, 438]","[6139, 121, 3]"
985,58,313,1113,0.0010008794150629897,7.99999999995249e-07,3,"[300, 437, 438]","[6167, 72, 1]"
986,58,313,1114,0.0009995224627364961,0.0009995224627364961,2,"[300, 437]","[6273, 15]"
987,58,314,1111,0.0010009311575667804,0.0010009311575667804,1,[300],[6305]
988,58,314,1111,0.0010017011575667758,7.699999999954271e-07,1,[300],[6253]
989,58,314,1112,0.0010004054767267625,0.0010004054767267625,2,"[300, 437]","[6270, 8]"
990,58,314,1112,0.0010011154767267582,7.099999999957834e-07,1,[300],[6224]
991,58,315,1109,0.0010026615679651677,0.0010026615679651677,1,[300],[6260]
992,58,315,1110,0.001001327742911758,0.001001327742911758,1,[300],[6294]
993,58,315,1110,0.0010019477429117542,6.199999999963179e-07,1,[300],[6237]
994,58,315,1111,0.0010014692332958068,0.0010014692332958068,1,[300],[6287]
995,58,316,1109,0.0010018888401381832,0.0010018888401381832,1,[300],[6325]
996,58,316,1109,0.0010025388401381794,6.499999999961398e-07,1,[300],[6175]
997,58,316,1110,0.001002826375942165,0.001002826375942165,1,[300],[6262]
998,58,317,1108,0.0010030326324303816,0.0010030326324303816,1,[300],[6283]
999,58,317,1108,0.0010038826324303765,8.49999999994952e-07,3,"[300, 411, 412]","[6241, 1, 2]"
1000,58,317,1109,0.00100296685106177,0.00100296685106177,1,[300],[6303]
1001,58,317,1109,0.0010475168510615054,4.4549999999735426e-05,5,"[300, 411, 545, 569, 570]","[5619, 1, 576, 2, 2]"
1002,58,318,1101,0.0010473628132455807,0.0010473628132455807,6,"[453, 454, 507, 510, 515, 530]","[3740, 254, 631, 5, 1, 1640]"
1003,58,318,1102,0.0010405533830794911,0.0010405533830794911,2,"[453, 454]","[2031, 4222]"
1004,58,318,1102,0.0010445533830794674,3.999999999976245e-06,3,"[453, 454, 507]","[5242, 995, 24]"
1005,58,318,1102,0.0010455933830794612,1.0399999999938236e-06,4,"[453, 507, 510, 515]","[6007, 226, 1, 4]"
1006,58,318,1102,0.0010464333830794562,8.399999999950114e-07,5,"[453, 507, 515, 516, 530]","[5908, 314, 5, 5, 26]"
1007,58,318,1102,0.0010471833830794518,7.499999999955459e-07,6,"[453, 507, 510, 515, 516, 530]","[6015, 120, 1, 8, 1, 99]"
1008,58,318,1102,0.0010482033830794457,1.0199999999939424e-06,5,"[453, 507, 515, 516, 530]","[5974, 29, 5, 1, 270]"
1009,58,318,1103,0.0010380111239999606,0.0010380111239999606,2,"[453, 454]","[2903, 3397]"
1010,58,318,1103,0.001038631123999957,6.199999999963179e-07,2,"[453, 454]","[2886, 3353]"
1011,58,318,1103,0.0010392611239999532,6.299999999962586e-07,2,"[453, 454]","[2867, 3395]"
1012,58,318,1103,0.0010404911239999459,1.2299999999926953e-06,2,"[453, 454]","[2912, 3299]"
1013,58,318,1103,0.0010465011239999102,6.009999999964308e-06,4,"[453, 454, 507, 515]","[5795, 471, 6, 4]"
1014,58,318,1103,0.0010472311239999059,7.299999999956647e-07,3,"[453, 507, 515]","[6289, 2, 4]"
1015,58,318,1103,0.0010480711239999009,8.399999999950114e-07,2,"[453, 507]","[6192, 1]"
1016,58,318,1104,0.001046381178392897,0.001046381178392897,2,"[453, 454]","[3416, 2840]"
1017,58,318,1108,0.0010035325762721135,0.0010035325762721135,1,[300],[6265]
1018,58,318,1108,0.0010041525762721098,6.199999999963179e-07,3,"[300, 411, 412]","[6260, 6, 3]"
1019,58,318,1108,0.001005472576272102,1.3199999999921608e-06,3,"[300, 411, 412]","[6216, 5, 2]"
1020,58,318,1109,0.0010457918524218682,0.0010457918524218682,5,"[300, 411, 412, 545, 569]","[4953, 1, 1, 1308, 5]"
1021,58,318,1109,0.0010474518524218584,1.6599999999901416e-06,3,"[545, 569, 570]","[6248, 6, 3]"
1022,58,318,1109,0.0010497918524218445,2.339999999986103e-06,3,"[545, 563, 569]","[6226, 2, 3]"
1023,58,318,1110,0.0010485650433103254,0.0010485650433103254,4,"[300, 545, 569, 570]","[16, 6218, 11, 5]"
1024,58,318,1186,0.0011244671329434964,0.0011244671329434964,4,"[117, 141, 149, 150]","[4392, 1861, 11, 1]"
1025,58,318,1187,0.0011232473732000223,0.0011232473732000223,4,"[117, 141, 149, 150]","[3925, 2311, 26, 3]"
1026,58,318,1187,0.0011245573732000145,1.3099999999922202e-06,4,"[117, 141, 149, 150]","[5495, 720, 29, 1]"
1027,58,318,1187,0.0011279873731999941,3.42999999997963e-06,4,"[117, 141, 149, 150]","[6210, 29, 1, 1]"
1028,58,319,1101,0.001042445719566425,0.001042445719566425,2,"[453, 454]","[913, 5362]"
1029,58,319,1101,0.0010450857195664093,2.6399999999843216e-06,5,"[453, 454, 507, 510, 530]","[4600, 1605, 19, 1, 1]"
1030,58,319,1101,0.0010476257195663943,2.5399999999849154e-06,7,"[453, 454, 507, 510, 515, 516, 530]","[1224, 3, 111, 2, 1, 1, 4966]"
1031,58,319,1101,0.0010484557195663893,8.299999999950708e-07,2,"[453, 530]","[26, 6175]"
1032,58,319,1102,0.0010396984216834374,0.0010396984216834374,2,"[453, 454]","[2411, 3842]"
1033,58,319,1102,0.0010403184216834338,6.199999999963179e-07,2,"[453, 454]","[2388, 3973]"
1034,58,319,1102,0.0010408284216834307,5.099999999969712e-07,2,"[453, 454]","[2408, 3832]"
1035,58,319,1102,0.0010413284216834278,4.999999999970306e-07,2,"[453, 454]","[2506, 3733]"
1036,58,319,1102,0.0010419284216834242,5.999999999964367e-07,2,"[453, 454]","[3085, 3095]"
1037,58,319,1102,0.0010427484216834193,8.199999999951302e-07,2,"[453, 454]","[4531, 1732]"
1038,58,319,1102,0.0010436184216834142,8.699999999948332e-07,2,"[453, 454]","[5876, 397]"
1039,58,319,1102,0.0010444184216834094,7.99999999995249e-07,3,"[453, 454, 507]","[6213, 21, 3]"
1040,58,319,1102,0.0010454584216834032,1.0399999999938236e-06,4,"[453, 454, 507, 530]","[6158, 1, 45, 2]"
1041,58,319,1102,0.001047338421683392,1.879999999988835e-06,4,"[453, 507, 515, 530]","[5876, 119, 6, 274]"
1042,58,319,1103,0.0010387998370658613,0.0010387998370658613,2,"[453, 454]","[3448, 2877]"
1043,58,319,1103,0.001039529837065857,7.299999999956647e-07,2,"[453, 454]","[3465, 2711]"
1044,58,319,1103,0.0010402598370658526,7.299999999956647e-07,2,"[453, 454]","[3663, 2596]"
1045,58,319,1103,0.0010415698370658448,1.3099999999922202e-06,2,"[453, 454]","[4161, 2102]"
1046,58,319,1103,0.001046909837065813,5.339999999968287e-06,5,"[453, 454, 507, 515, 516]","[6018, 232, 2, 1, 2]"
1047,58,319,1108,0.0010036328614739908,0.0010036328614739908,2,"[300, 407]","[6301, 1]"
1048,58,319,1108,0.001004282861473987,6.499999999961398e-07,1,[300],[6214]
1049,58,319,1108,0.0010483328614737254,4.4049999999738396e-05,2,"[300, 545]","[5476, 769]"
1050,58,319,1108,0.0010507828614737108,2.44999999998545e-06,3,"[545, 563, 564]","[6205, 55, 3]"
1051,58,319,1108,0.0010522428614737022,1.4599999999913293e-06,3,"[545, 563, 564]","[6179, 52, 1]"
1052,58,319,1108,0.001053622861473694,1.3799999999918044e-06,2,"[545, 563]","[6261, 4]"
1053,58,319,1108,0.0010547028614736876,1.079999999993586e-06,1,[545],[6249]
1054,58,319,1108,0.0010555828614736823,8.799999999947739e-07,1,[545],[6273]
1055,58,319,1109,0.0010467793351042227,0.0010467793351042227,4,"[300, 545, 569, 570]","[4565, 1700, 1, 1]"
1056,58,319,1109,0.0010482693351042138,1.4899999999911512e-06,1,[545],[6286]
1057,58,319,1109,0.0010492693351042079,9.999999999940612e-07,2,"[545, 564]","[6249, 1]"
1058,58,319,1109,0.0010505493351042003,1.2799999999923983e-06,3,"[545, 563, 564]","[6193, 44, 1]"
1059,58,319,1109,0.0010527093351041874,2.159999999987172e-06,3,"[545, 563, 564]","[6150, 65, 2]"
1060,58,319,1186,0.001127428528350332,0.001127428528350332,4,"[117, 141, 149, 150]","[6071, 183, 4, 2]"
1061,58,319,1187,0.0011252666374362615,0.0011252666374362615,4,"[117, 141, 149, 150]","[5967, 275, 10, 2]"
1062,58,319,1187,0.001126526637436254,1.259999999992517e-06,1,[117],[6258]
1063,58,319,1187,0.0011276666374362473,1.1399999999932298e-06,1,[117],[6243]
1064,58,319,1187,0.001129406637436237,1.7399999999896665e-06,1,[117],[6248]
1065,58,320,1085,0.0011188855197869047,0.0011188855197869047,3,"[634, 660, 692]","[6241, 6, 3]"
1066,58,320,1086,0.0011154574409335419,0.0011154574409335419,4,"[634, 645, 660, 692]","[6193, 15, 1, 57]"
1067,58,320,1086,0.0011167174409335344,1.259999999992517e-06,2,"[634, 660]","[6237, 14]"
1068,58,320,1086,0.001117967440933527,1.2499999999925765e-06,3,"[634, 660, 661]","[6249, 12, 4]"
1069,58,320,1086,0.0011222074409335018,4.2399999999748195e-06,3,"[634, 660, 661]","[6213, 4, 1]"
1070,58,320,1087,0.0011119418583623944,0.0011119418583623944,4,"[634, 645, 665, 692]","[4049, 2172, 7, 24]"
1071,58,320,1087,0.0011132118583623868,1.2699999999924577e-06,4,"[634, 645, 665, 692]","[6235, 24, 3, 9]"
1072,58,320,1087,0.001114191858362381,9.7999999999418e-07,2,"[634, 692]","[6244, 1]"
1073,58,320,1087,0.0011155718583623728,1.3799999999918044e-06,1,[634],[6237]
1074,58,320,1088,0.0011090384909659674,0.0011090384909659674,2,"[634, 645]","[5628, 662]"
1075,58,320,1088,0.0011098084909659629,7.699999999954271e-07,2,"[634, 645]","[4173, 2097]"
1076,58,320,1088,0.0011104984909659588,6.899999999959022e-07,3,"[634, 645, 665]","[3648, 2583, 2]"
1077,58,320,1088,0.0011114884909659529,9.899999999941206e-07,4,"[634, 645, 665, 666]","[4292, 1955, 7, 1]"
1078,58,320,1088,0.001113308490965942,1.8199999999891914e-06,3,"[634, 645, 665]","[5937, 265, 18]"
1079,58,320,1089,0.0011104187262215178,0.0011104187262215178,2,"[634, 645]","[5648, 603]"
1080,58,320,1100,0.0010449279921440127,0.0010449279921440127,2,"[454, 506]","[6249, 2]"
1081,58,320,1101,0.0010420767863245322,0.0010420767863245322,2,"[453, 454]","[194, 6059]"
1082,58,320,1101,0.0010428567863245276,7.799999999953677e-07,2,"[453, 454]","[167, 6110]"
1083,58,320,1101,0.0010437567863245223,8.999999999946551e-07,2,"[453, 454]","[202, 6020]"
1084,58,320,1102,0.0010414605355472681,0.0010414605355472681,2,"[453, 454]","[2119, 4153]"
1085,58,320,1102,0.0010427505355472605,1.289999999992339e-06,2,"[453, 454]","[2025, 4213]"
1086,58,320,1108,0.0010033957939018835,0.0010033957939018835,3,"[300, 407, 408]","[6275, 23, 3]"
1087,58,320,1108,0.0010041157939018792,7.199999999957241e-07,2,"[300, 407]","[6235, 13]"
1088,58,320,1108,0.0010515457939015975,4.742999999971832e-05,6,"[300, 407, 408, 545, 563, 564]","[4475, 4, 1, 1716, 16, 1]"
1089,58,320,1108,0.0010537457939015845,2.1999999999869346e-06,2,"[545, 563]","[6292, 1]"
1090,58,320,1108,0.0010545257939015798,7.799999999953677e-07,1,[545],[6236]
1091,58,320,1108,0.001055185793901576,6.599999999960804e-07,1,[545],[6258]
1092,58,320,1108,0.0010562557939015696,1.0699999999936455e-06,1,[545],[6231]
1093,58,320,1109,0.001051952929590293,0.001051952929590293,6,"[300, 407, 408, 545, 563, 564]","[3844, 6, 1, 2383, 23, 1]"
1094,58,320,1187,0.0011285861909479027,0.0011285861909479027,1,[117],[6260]
1095,58,320,1187,0.001129726190947896,1.1399999999932298e-06,1,[117],[6266]
1096,58,320,1187,0.0011307861909478896,1.0599999999937049e-06,1,[117],[6274]
1097,58,321,1084,0.0011210182380677024,0.0011210182380677024,2,"[634, 648]","[6245, 64]"
1098,58,321,1084,0.0011219782380676967,9.599999999942987e-07,2,"[634, 648]","[5993, 203]"
1099,58,321,1085,0.0011195101655141443,0.0011195101655141443,4,"[634, 660, 661, 692]","[6098, 1, 1, 203]"
1100,58,321,1085,0.0011204601655141386,9.499999999943581e-07,2,"[634, 648]","[6216, 5]"
1101,58,321,1085,0.0011215401655141322,1.079999999993586e-06,2,"[634, 648]","[6139, 101]"
1102,58,321,1086,0.0011153342076787582,0.0011153342076787582,3,"[634, 645, 692]","[2242, 513, 3507]"
1103,58,321,1086,0.0011188542076787373,3.5199999999790954e-06,3,"[634, 660, 661]","[6237, 15, 2]"
1104,58,321,1087,0.00110968631210185,0.00110968631210185,3,"[634, 645, 692]","[232, 6032, 15]"
1105,58,321,1087,0.0011104663121018453,7.799999999953677e-07,4,"[634, 645, 665, 692]","[450, 5697, 1, 133]"
1106,58,321,1087,0.0011116563121018382,1.1899999999929328e-06,5,"[634, 645, 665, 666, 692]","[1843, 3639, 8, 1, 719]"
1107,58,321,1087,0.0011132663121018287,1.6099999999904385e-06,4,"[634, 645, 665, 692]","[5483, 255, 10, 521]"
1108,58,321,1087,0.0011161563121018115,2.889999999982837e-06,3,"[634, 665, 692]","[6201, 1, 12]"
1109,58,321,1088,0.0011094947208913862,0.0011094947208913862,2,"[634, 645]","[1889, 4440]"
1110,58,321,1088,0.001110024720891383,5.299999999968524e-07,2,"[634, 645]","[1261, 4976]"
1111,58,321,1088,0.0011105047208913802,4.799999999971494e-07,5,"[634, 645, 665, 666, 692]","[1504, 4718, 1, 1, 1]"
1112,58,321,1088,0.0011110747208913768,5.699999999966149e-07,4,"[634, 645, 665, 666]","[2118, 4147, 10, 1]"
1113,58,321,1088,0.001112074720891371,9.999999999940612e-07,5,"[634, 645, 665, 666, 692]","[3978, 2177, 19, 4, 5]"
1114,58,321,1094,0.0010579864442134043,0.0010579864442134043,1,[454],[6252]
1115,58,321,1095,0.0010562705937628954,0.0010562705937628954,1,[454],[6295]
1116,58,321,1095,0.0010569105937628916,6.399999999961992e-07,1,[454],[6256]
1117,58,321,1095,0.0010577305937628867,8.199999999951302e-07,1,[454],[6221]
1118,58,321,1096,0.001056330259114671,0.001056330259114671,2,"[454, 457]","[6276, 1]"
1119,58,321,1100,0.0010440503344964407,0.0010440503344964407,2,"[454, 506]","[6262, 20]"
1120,58,321,1100,0.0010448003344964362,7.499999999955459e-07,2,"[454, 506]","[6239, 61]"
1121,58,321,1100,0.001046020334496429,1.2199999999927547e-06,2,"[454, 506]","[5995, 177]"
1122,58,321,1101,0.001044212610112412,0.001044212610112412,3,"[453, 454, 506]","[2, 6257, 2]"
1123,58,321,1108,0.0010031185411587152,0.0010031185411587152,4,"[300, 328, 407, 408]","[6061, 187, 6, 3]"
1124,58,321,1108,0.0010037985411587111,6.799999999959616e-07,4,"[300, 328, 407, 408]","[6128, 135, 7, 1]"
1125,58,321,1187,0.0011308564013601744,0.0011308564013601744,1,[117],[6280]
1126,58,321,1187,0.0011318064013601688,9.499999999943581e-07,1,[117],[6252]
1127,58,321,1187,0.0011341064013601551,2.2999999999863407e-06,2,"[117, 143]","[6209, 10]"
1128,58,322,1084,0.0011215051140442797,0.0011215051140442797,3,"[634, 648, 651]","[5395, 933, 1]"
1129,58,322,1084,0.0011221951140442756,6.899999999959022e-07,3,"[634, 648, 651]","[5030, 1144, 1]"
1130,58,322,1084,0.0011229551140442711,7.599999999954865e-07,4,"[634, 648, 651, 652]","[5480, 821, 6, 2]"
1131,58,322,1085,0.001122088289773191,0.001122088289773191,3,"[634, 648, 692]","[4956, 1102, 245]"
1132,58,322,1085,0.0011235082897731825,1.419999999991567e-06,3,"[634, 648, 651]","[5506, 699, 8]"
1133,58,322,1087,0.0011096445163802653,0.0011096445163802653,3,"[634, 645, 692]","[7, 6280, 16]"
1134,58,322,1087,0.0011107945163802584,1.1499999999931704e-06,3,"[634, 645, 692]","[13, 5936, 273]"
1135,58,322,1088,0.0011107077303401573,0.0011107077303401573,3,"[634, 645, 692]","[59, 6210, 1]"
1136,58,322,1095,0.0010553741620198424,0.0010553741620198424,2,"[454, 457]","[5972, 321]"
1137,58,322,1095,0.001056614162019835,1.2399999999926359e-06,1,[454],[6275]
1138,58,322,1096,0.0010535898861433626,0.0010535898861433626,2,"[454, 457]","[3929, 2321]"
1139,58,322,1096,0.0010547398861433558,1.1499999999931704e-06,1,[454],[6264]
1140,58,322,1096,0.0010555698861433509,8.299999999950708e-07,1,[454],[6252]
1141,58,322,1096,0.0010564998861433454,9.299999999944769e-07,1,[454],[6240]
1142,58,322,1099,0.0010453796931434213,0.0010453796931434213,3,"[433, 454, 506]","[3, 6231, 67]"
1143,58,322,1099,0.0010461796931434165,7.99999999995249e-07,2,"[454, 506]","[6215, 34]"
1144,58,322,1100,0.0010452954992101154,0.0010452954992101154,2,"[454, 506]","[6090, 184]"
1145,58,322,1107,0.0010013154095632902,0.0010013154095632902,2,"[300, 328]","[6211, 43]"
1146,58,322,1107,0.001002195409563285,8.799999999947739e-07,2,"[300, 328]","[5737, 509]"
1147,58,322,1107,0.0010029054095632808,7.099999999957834e-07,2,"[300, 328]","[4821, 1454]"
1148,58,322,1107,0.0010037254095632759,8.199999999951302e-07,2,"[300, 328]","[4032, 2227]"
1149,58,322,1108,0.0010025631398537461,0.0010025631398537461,2,"[300, 328]","[4730, 1571]"
1150,58,322,1108,0.0010031731398537425,6.099999999963773e-07,2,"[300, 328]","[3849, 2401]"
1151,58,322,1108,0.0010038131398537387,6.399999999961992e-07,2,"[300, 328]","[3469, 2796]"
1152,58,322,1186,0.0011337001525186386,0.0011337001525186386,2,"[117, 143]","[5884, 374]"
1153,58,322,1187,0.0011324519326272012,0.0011324519326272012,2,"[117, 143]","[6247, 34]"
1154,58,322,1187,0.0011334319326271954,9.7999999999418e-07,2,"[117, 143]","[5981, 281]"
1155,58,323,1084,0.0011234188047959362,0.0011234188047959362,4,"[634, 648, 651, 652]","[5728, 534, 10, 3]"
1156,58,323,1085,0.0015626803349890024,0.0015626803349890024,8,"[634, 648, 651, 652, 656, 657, 692, 695]","[5476, 312, 19, 4, 168, 3, 3, 265]"
1157,58,323,1095,0.0010539133509393714,0.0010539133509393714,2,"[454, 457]","[2983, 3289]"
1158,58,323,1096,0.0010478891576463248,0.0010478891576463248,2,"[454, 457]","[2, 6281]"
1159,58,323,1096,0.0010484791576463213,5.899999999964961e-07,2,"[454, 457]","[7, 6261]"
1160,58,323,1096,0.0010493191576463163,8.399999999950114e-07,2,"[454, 457]","[58, 6183]"
1161,58,323,1096,0.0010519291576463008,2.6099999999844997e-06,2,"[454, 457]","[4788, 1490]"
1162,58,323,1096,0.0010527091576462962,7.799999999953677e-07,1,[454],[6221]
1163,58,323,1096,0.001053409157646292,6.999999999958428e-07,1,[454],[6258]
1164,58,323,1096,0.0010543191576462866,9.099999999945957e-07,1,[454],[6206]
1165,58,323,1097,0.0010480623391310965,0.0010480623391310965,3,"[433, 454, 457]","[44, 1042, 5223]"
1166,58,323,1097,0.0010486223391310931,5.599999999966743e-07,2,"[454, 457]","[1020, 5275]"
1167,58,323,1097,0.0010491823391310898,5.599999999966743e-07,2,"[454, 457]","[1591, 4584]"
1168,58,323,1097,0.0010500223391310848,8.399999999950114e-07,2,"[454, 457]","[3568, 2689]"
1169,58,323,1097,0.0010510923391310785,1.0699999999936455e-06,2,"[454, 457]","[5940, 284]"
1170,58,323,1097,0.001052172339131072,1.079999999993586e-06,2,"[454, 457]","[6280, 6]"
1171,58,323,1098,0.0010466087786356402,0.0010466087786356402,4,"[433, 434, 454, 457]","[2025, 3, 4212, 44]"
1172,58,323,1098,0.001047498778635635,8.899999999947145e-07,2,"[454, 457]","[5505, 712]"
1173,58,323,1098,0.001048158778635631,6.599999999960804e-07,2,"[454, 457]","[4384, 1875]"
1174,58,323,1098,0.0010487887786356273,6.299999999962586e-07,2,"[454, 457]","[3857, 2447]"
1175,58,323,1098,0.001049678778635622,8.899999999947145e-07,2,"[454, 457]","[4160, 2064]"
1176,58,323,1099,0.0010461086914007919,0.0010461086914007919,5,"[433, 434, 454, 457, 506]","[1354, 2, 4909, 1, 2]"
1177,58,323,1099,0.0010472286914007852,1.1199999999933485e-06,2,"[454, 457]","[6220, 12]"
1178,58,323,1107,0.0010010220076862642,0.0010010220076862642,3,"[300, 328, 879]","[6260, 2, 6]"
1179,58,323,1107,0.0010018520076862593,8.299999999950708e-07,2,"[300, 328]","[6207, 54]"
1180,58,323,1107,0.0010030420076862522,1.1899999999929328e-06,2,"[300, 328]","[5533, 728]"
1181,58,323,1108,0.0010034467125158632,0.0010034467125158632,3,"[300, 328, 879]","[4181, 2038, 49]"
1182,58,323,1186,0.0011340996988874023,0.0011340996988874023,2,"[117, 143]","[5188, 1129]"
1183,58,323,1186,0.001135009698887397,9.099999999945957e-07,2,"[117, 143]","[5543, 678]"
1184,58,323,1187,0.0011339094789155836,0.0011339094789155836,2,"[117, 143]","[5089, 1170]"
1185,58,323,1187,0.0011351194789155764,1.209999999992814e-06,2,"[117, 143]","[5247, 1041]"
1186,58,324,1085,0.0015636290170859028,0.0015636290170859028,5,"[634, 648, 651, 656, 695]","[133, 1, 1, 1, 6126]"
1187,58,324,1096,0.0010518548023881772,0.0010518548023881772,2,"[454, 457]","[1907, 4361]"
1188,58,324,1097,0.0010488825641535044,0.0010488825641535044,3,"[433, 454, 457]","[202, 1289, 4763]"
1189,58,324,1097,0.0010505025641534948,1.6199999999903791e-06,2,"[454, 457]","[4227, 2060]"
1190,58,324,1097,0.0010523525641534838,1.8499999999890132e-06,2,"[454, 457]","[6191, 20]"
1191,58,324,1098,0.0010076554647447224,0.0010076554647447224,2,"[433, 434]","[6258, 2]"
1192,58,324,1098,0.0010483554647444807,4.069999999975829e-05,4,"[433, 434, 454, 457]","[735, 1, 3789, 1726]"
1193,58,324,1098,0.0010502754647444693,1.9199999999885975e-06,2,"[454, 457]","[4298, 1941]"
1194,58,324,1186,0.0011348413715620757,0.0011348413715620757,2,"[117, 143]","[6200, 86]"
1195,58,324,1186,0.0011355413715620716,6.999999999958428e-07,4,"[117, 143, 145, 146]","[6269, 11, 1, 1]"
1196,58,324,1186,0.0011366313715620651,1.0899999999935267e-06,3,"[117, 143, 145]","[6179, 1, 16]"
1197,58,325,1185,0.0011356741790389238,0.0011356741790389238,3,"[117, 145, 146]","[5793, 461, 25]"
1198,58,325,1185,0.0011363341790389199,6.599999999960804e-07,4,"[117, 145, 146, 147]","[5095, 1160, 52, 3]"
1199,58,325,1185,0.001137154179038915,8.199999999951302e-07,4,"[117, 145, 146, 147]","[4172, 1957, 39, 2]"
1200,58,325,1186,0.0011356925242739662,0.0011356925242739662,3,"[117, 145, 146]","[5989, 292, 12]"
1201,58,325,1186,0.0011366725242739604,9.7999999999418e-07,3,"[117, 145, 146]","[4933, 1301, 21]"
1202,58,326,1184,0.0011385024947859997,0.0011385024947859997,4,"[117, 145, 146, 147]","[5966, 285, 4, 1]"
1203,58,326,1185,0.0011361001332098521,0.0011361001332098521,3,"[117, 145, 146]","[4485, 1773, 28]"
1204,58,326,1185,0.001136640133209849,5.39999999996793e-07,3,"[117, 145, 146]","[4149, 2124, 18]"
1205,58,326,1185,0.001137150133209846,5.099999999969712e-07,3,"[117, 145, 146]","[4022, 2211, 11]"
1206,58,326,1185,0.0011378501332098417,6.999999999958428e-07,3,"[117, 145, 146]","[4280, 1916, 6]"
1207,58,326,1186,0.0011368936218372383,0.0011368936218372383,4,"[117, 145, 146, 147]","[2542, 3724, 19, 2]"
1208,58,327,1184,0.0011387875262481631,0.0011387875262481631,2,"[117, 145]","[6274, 11]"
1209,58,327,1184,0.001140847526248151,2.059999999987766e-06,1,[117],[6221]
1210,58,327,1185,0.0011380180142738325,0.0011380180142738325,3,"[117, 145, 146]","[5880, 422, 1]"
1211,58,327,1185,0.0011389780142738268,9.599999999942987e-07,2,"[117, 145]","[6259, 29]"
1212,58,327,1185,0.001139618014273823,6.399999999961992e-07,2,"[117, 145]","[6241, 1]"
1213,58,327,1185,0.0011403180142738189,6.999999999958428e-07,1,[117],[6185]
1214,58,327,1194,0.0012555909745516403,0.0012555909745516403,2,"[235, 236]","[4347, 1949]"
1215,58,327,1194,0.0012573909745516297,1.7999999999893102e-06,2,"[235, 236]","[4873, 1336]"
1216,58,327,1195,0.0012557356712949075,0.0012557356712949075,3,"[235, 236, 270]","[4886, 1382, 1]"
1217,58,328,1102,0.0010027120660890754,0.0010027120660890754,3,"[370, 403, 404]","[6201, 75, 7]"
1218,58,328,1185,0.00113986444409766,0.00113986444409766,1,[117],[6307]
1219,58,328,1194,0.0012558567191993976,0.0012558567191993976,3,"[235, 236, 270]","[5870, 367, 14]"
1220,58,328,1195,0.0012553280584687392,0.0012553280584687392,4,"[235, 236, 270, 271]","[6175, 130, 16, 3]"
1221,58,328,1195,0.0012563980584687328,1.0699999999936455e-06,4,"[235, 236, 270, 271]","[6031, 141, 7, 2]"
1222,58,333,1061,0.0011750654126940455,0.0011750654126940455,2,"[693, 714]","[6258, 10]"
1223,58,333,1062,0.0011737421634341928,0.0011737421634341928,1,[693],[6260]
1224,58,333,1062,0.001174732163434187,9.899999999941206e-07,1,[693],[6271]
1225,58,334,1060,0.0011755849719301882,0.0011755849719301882,4,"[693, 714, 715, 716]","[4418, 1552, 243, 56]"
1226,58,334,1060,0.0011765149719301826,9.299999999944769e-07,4,"[693, 714, 715, 716]","[3350, 2806, 83, 17]"
1227,58,334,1061,0.0011748842589162456,0.0011748842589162456,5,"[595, 693, 714, 715, 716]","[5, 6108, 184, 7, 3]"
1228,58,334,1061,0.0011755542589162416,6.69999999996021e-07,3,"[693, 714, 715]","[5745, 509, 8]"
1229,58,334,1061,0.0011762342589162376,6.799999999959616e-07,3,"[693, 714, 715]","[5301, 929, 5]"
1230,58,334,1062,0.0011756877734894124,0.0011756877734894124,3,"[595, 693, 714]","[7, 6241, 19]"
1231,58,335,1059,0.0011749755030554588,0.0011749755030554588,6,"[595, 693, 714, 715, 716, 718]","[1, 2832, 1454, 945, 812, 285]"
1232,58,335,1059,0.0011755955030554551,6.199999999963179e-07,7,"[693, 714, 715, 716, 718, 720, 724]","[1875, 2931, 604, 461, 314, 1, 2]"
1233,58,335,1059,0.0011761955030554516,5.999999999964367e-07,9,"[693, 714, 715, 716, 718, 720, 721, 724, 727]","[1226, 4194, 344, 222, 264, 1, 1, 2, 2]"
1234,58,335,1059,0.0011777055030554426,1.5099999999910324e-06,7,"[693, 714, 715, 716, 718, 721, 727]","[482, 5345, 127, 78, 199, 1, 1]"
1235,58,335,1060,0.0011746033102088842,0.0011746033102088842,7,"[595, 693, 714, 715, 716, 718, 724]","[19, 3528, 523, 1417, 807, 23, 1]"
1236,58,335,1060,0.0011750533102088815,4.4999999999732754e-07,5,"[693, 714, 715, 716, 718]","[3288, 1174, 1125, 605, 20]"
1237,58,335,1060,0.0011754133102088794,3.5999999999786203e-07,5,"[693, 714, 715, 716, 718]","[3008, 1857, 947, 414, 21]"
1238,58,335,1060,0.0011757533102088773,3.399999999979808e-07,5,"[693, 714, 715, 716, 718]","[2724, 2564, 763, 306, 20]"
1239,58,335,1060,0.0011761033102088753,3.499999999979214e-07,7,"[693, 714, 715, 716, 718, 720, 727]","[2259, 3128, 520, 208, 14, 1, 1]"
1240,58,335,1060,0.0011765533102088726,4.4999999999732754e-07,6,"[693, 714, 715, 716, 718, 724]","[1808, 3991, 363, 113, 15, 2]"
1241,58,335,1060,0.0011777733102088653,1.2199999999927547e-06,8,"[693, 714, 715, 716, 718, 720, 721, 724]","[1176, 4765, 178, 43, 8, 1, 1, 2]"
1242,58,335,1061,0.0011757737308593053,0.0011757737308593053,5,"[595, 693, 714, 715, 716]","[1034, 3723, 1113, 309, 94]"
1243,58,336,1059,0.0011744760196474209,0.0011744760196474209,5,"[693, 714, 715, 716, 718]","[3941, 1262, 172, 366, 571]"
1244,58,336,1059,0.0011748960196474184,4.199999999975057e-07,6,"[693, 714, 715, 716, 718, 720]","[3302, 1918, 150, 264, 655, 2]"
1245,58,336,1059,0.0011752160196474165,3.199999999980996e-07,6,"[693, 714, 715, 716, 718, 724]","[2820, 2357, 128, 205, 733, 1]"
1246,58,336,1059,0.0011755160196474147,2.9999999999821836e-07,8,"[693, 714, 715, 716, 718, 720, 721, 724]","[2466, 2788, 111, 176, 795, 1, 1, 4]"
1247,58,336,1059,0.0011758260196474129,3.0999999999815897e-07,8,"[693, 714, 715, 716, 718, 721, 724, 727]","[1959, 3290, 115, 122, 766, 1, 4, 1]"
1248,58,336,1059,0.0011761660196474108,3.399999999979808e-07,8,"[693, 714, 715, 716, 718, 721, 724, 727]","[1508, 3642, 95, 78, 749, 2, 8, 2]"
1249,58,336,1059,0.0011767360196474075,5.699999999966149e-07,7,"[693, 714, 715, 716, 718, 724, 727]","[1070, 4411, 44, 69, 665, 4, 1]"
1250,58,336,1060,0.00117474139152653,0.00117474139152653,6,"[595, 693, 714, 715, 716, 718]","[218, 3617, 758, 765, 859, 105]"
1251,58,336,1060,0.0011753313915265264,5.899999999964961e-07,6,"[693, 714, 715, 716, 718, 724]","[3149, 1610, 706, 595, 144, 1]"
1252,58,336,1060,0.001175901391526523,5.699999999966149e-07,7,"[693, 714, 715, 716, 718, 721, 724]","[2492, 2657, 520, 400, 173, 2, 1]"
1253,58,336,1060,0.0011770013915265165,1.0999999999934673e-06,7,"[693, 714, 715, 716, 718, 720, 724]","[1508, 4055, 333, 185, 156, 1, 3]"
1254,58,336,1061,0.0011299043439497957,0.0011299043439497957,1,[595],[6291]
1255,58,336,1062,0.0011294102760832738,0.0011294102760832738,1,[595],[6345]
1256,58,336,1062,0.0011299802760832704,5.699999999966149e-07,1,[595],[6217]
1257,58,336,1062,0.0011305902760832668,6.099999999963773e-07,1,[595],[6197]
1258,58,337,1059,0.0011747822936772321,0.0011747822936772321,5,"[693, 714, 715, 716, 718]","[5909, 272, 3, 8, 133]"
1259,58,337,1059,0.0011755922936772273,8.099999999951896e-07,7,"[693, 714, 715, 716, 718, 720, 724]","[5280, 669, 1, 4, 267, 1, 1]"
1260,58,339,1054,0.001140289664114291,0.001140289664114291,2,"[598, 614]","[6282, 2]"
1261,58,339,1054,0.0011413696641142845,1.079999999993586e-06,2,"[598, 614]","[6222, 42]"
1262,58,339,1054,0.0011435796641142714,2.2099999999868752e-06,2,"[598, 614]","[5527, 681]"
1263,58,339,1055,0.0011396023786189064,0.0011396023786189064,1,[598],[6288]
1264,58,339,1055,0.0011414323786188955,1.829999999989132e-06,2,"[598, 614]","[6219, 1]"
1265,58,340,1053,0.0011423222937003488,0.0011423222937003488,2,"[598, 614]","[4149, 2121]"
1266,58,340,1053,0.0011431022937003442,7.799999999953677e-07,2,"[598, 614]","[4033, 2243]"
1267,58,340,1053,0.0011440622937003385,9.599999999942987e-07,2,"[598, 614]","[4999, 1242]"
1268,58,340,1054,0.0011415499494593123,0.0011415499494593123,2,"[598, 614]","[5830, 427]"
1269,58,340,1054,0.0011423499494593076,7.99999999995249e-07,2,"[598, 614]","[4883, 1382]"
1270,58,340,1054,0.001143119949459303,7.699999999954271e-07,2,"[598, 614]","[4381, 1871]"
1271,58,341,1052,0.0011451636108495088,0.0011451636108495088,2,"[598, 614]","[6232, 34]"
1272,58,341,1053,0.0011433677111474235,0.0011433677111474235,2,"[598, 614]","[5532, 757]"
1273,58,341,1053,0.0011440877111474192,7.199999999957241e-07,2,"[598, 614]","[6174, 99]"
1274,58,341,1053,0.0011447477111474153,6.599999999960804e-07,2,"[598, 614]","[6176, 16]"
1275,58,341,1053,0.00114562771114741,8.799999999947739e-07,1,[598],[6258]
1276,58,341,1054,0.0011443135313135501,0.0011443135313135501,2,"[598, 614]","[5474, 776]"
1277,58,433,1229,0.0016161929862731409,0.0016161929862731409,4,"[48, 49, 96, 97]","[3191, 3083, 10, 3]"
1278,58,433,1229,0.0016182429862731287,2.0499999999878254e-06,4,"[48, 49, 96, 97]","[3636, 2586, 2, 1]"
1279,58,433,1230,0.001615710337453278,0.001615710337453278,4,"[48, 49, 96, 97]","[2863, 3402, 8, 1]"
1280,58,433,1230,0.0016166903374532722,9.7999999999418e-07,3,"[48, 49, 96]","[2780, 3490, 13]"
1281,58,433,1230,0.0016178003374532656,1.109999999993408e-06,4,"[48, 49, 96, 97]","[2683, 3541, 4, 1]"
1282,58,433,1230,0.0016201803374532515,2.3799999999858656e-06,2,"[48, 49]","[2970, 3253]"
1283,58,434,1229,0.0016175627865875526,0.0016175627865875526,4,"[48, 49, 96, 97]","[3246, 3001, 3, 2]"
1284,58,434,1229,0.0016195427865875408,1.979999999988241e-06,4,"[48, 49, 96, 99]","[4388, 1876, 1, 6]"
1285,58,434,1229,0.0016213927865875298,1.8499999999890132e-06,3,"[48, 49, 99]","[5380, 603, 275]"
1286,58,434,1229,0.0016229627865875205,1.569999999990676e-06,5,"[48, 49, 53, 99, 113]","[4484, 85, 1, 1673, 2]"
1287,58,434,1230,0.0016166457301944803,0.0016166457301944803,3,"[48, 49, 96]","[2477, 3772, 9]"
1288,58,434,1230,0.001617705730194474,1.0599999999937049e-06,3,"[48, 49, 96]","[2154, 4093, 3]"
1289,58,434,1230,0.0016185757301944688,8.699999999948332e-07,2,"[48, 49]","[2113, 4145]"
1290,58,434,1230,0.0016194557301944636,8.799999999947739e-07,2,"[48, 49]","[2250, 4047]"
1291,58,434,1230,0.001620415730194458,9.599999999942987e-07,3,"[48, 49, 99]","[2470, 3736, 8]"
1292,58,434,1230,0.00162173573019445,1.3199999999921608e-06,6,"[48, 49, 53, 92, 93, 99]","[3013, 2965, 1, 4, 1, 258]"
1293,58,434,1231,0.001620023814970426,0.001620023814970426,3,"[48, 49, 53]","[847, 5417, 1]"
1294,58,435,1227,0.0016262192068586736,0.0016262192068586736,2,"[48, 99]","[6254, 10]"
1295,58,435,1227,0.0016271892068586678,9.699999999942394e-07,1,[48],[6246]
1296,58,435,1228,0.0016234413263073854,0.0016234413263073854,3,"[48, 49, 99]","[5005, 3, 1244]"
1297,58,435,1228,0.001624531326307379,1.0899999999935267e-06,3,"[48, 99, 113]","[5773, 498, 3]"
1298,58,435,1228,0.001625711326307372,1.1799999999929922e-06,2,"[48, 99]","[6173, 86]"
1299,58,435,1228,0.0016268513263073651,1.1399999999932298e-06,2,"[48, 99]","[6262, 1]"
1300,58,435,1229,0.001621517486840585,0.001621517486840585,5,"[48, 49, 96, 99, 113]","[4368, 859, 1, 1048, 2]"
1301,58,435,1229,0.0016222774868405805,7.599999999954865e-07,5,"[48, 49, 99, 113, 114]","[3516, 67, 2634, 4, 1]"
1302,58,435,1229,0.0016228174868405773,5.39999999996793e-07,4,"[48, 49, 99, 113]","[3038, 29, 3231, 6]"
1303,58,435,1229,0.0016233274868405743,5.099999999969712e-07,4,"[48, 49, 99, 113]","[2922, 15, 3339, 4]"
1304,58,435,1229,0.0016239074868405708,5.799999999965555e-07,4,"[48, 49, 99, 113]","[3076, 5, 3091, 12]"
1305,58,435,1229,0.0016250874868405638,1.1799999999929922e-06,5,"[48, 49, 99, 113, 114]","[3824, 3, 2397, 16, 3]"
1306,58,435,1230,0.0016203453504339247,0.0016203453504339247,4,"[48, 49, 92, 99]","[1444, 4797, 1, 25]"
1307,58,435,1230,0.001621665350433917,1.3199999999921608e-06,5,"[48, 49, 53, 92, 99]","[1783, 3805, 14, 15, 674]"
1308,58,435,1230,0.001622645350433911,9.7999999999418e-07,6,"[48, 49, 53, 92, 99, 113]","[1594, 2153, 68, 25, 2385, 3]"
1309,58,435,1230,0.0016237853504339043,1.1399999999932298e-06,6,"[48, 49, 53, 92, 99, 113]","[1227, 1149, 135, 22, 3697, 12]"
1310,58,435,1231,0.001621357952774625,0.001621357952774625,5,"[48, 49, 53, 92, 99]","[125, 6061, 46, 35, 9]"
1311,58,435,1231,0.0016226479527746173,1.289999999992339e-06,6,"[48, 49, 53, 92, 93, 99]","[58, 5660, 363, 115, 1, 61]"
1312,58,435,1231,0.0016252979527746016,2.649999999984262e-06,5,"[48, 49, 53, 92, 99]","[16, 4991, 1007, 60, 143]"
1313,58,436,1227,0.00162680507031506,0.00162680507031506,2,"[48, 99]","[6269, 4]"
1314,58,436,1228,0.0016245548092689139,0.0016245548092689139,3,"[48, 99, 113]","[5396, 861, 5]"
1315,58,436,1228,0.0016258348092689063,1.2799999999923983e-06,2,"[48, 99]","[6196, 57]"
1316,58,436,1228,0.0016276948092688952,1.8599999999889538e-06,1,[48],[6242]
1317,58,436,1229,0.0016232924069877483,0.0016232924069877483,5,"[48, 49, 53, 99, 113]","[1890, 59, 4, 4326, 11]"
1318,58,436,1229,0.0016254224069877357,2.1299999999873503e-06,7,"[48, 49, 53, 92, 99, 113, 114]","[3201, 13, 2, 1, 2983, 15, 2]"
1319,58,436,1230,0.001623675342640191,0.001623675342640191,8,"[48, 49, 53, 92, 93, 99, 113, 114]","[434, 2543, 452, 34, 2, 2793, 6, 1]"
1320,58,436,1231,0.0016228901501383313,0.0016228901501383313,6,"[48, 49, 53, 92, 93, 99]","[8, 4979, 1166, 69, 3, 49]"
1321,58,436,1231,0.0016240801501383243,1.1899999999929328e-06,6,"[48, 49, 53, 92, 93, 99]","[2, 4848, 1338, 21, 1, 48]"
1322,58,436,1231,0.0016259401501383132,1.8599999999889538e-06,5,"[49, 53, 54, 92, 99]","[5742, 469, 12, 2, 7]"
1323,58,436,1232,0.0016251284873848686,0.0016251284873848686,6,"[49, 53, 54, 92, 93, 99]","[5330, 902, 4, 15, 1, 1]"
1324,58,436,1232,0.0016275384873848543,2.4099999999856875e-06,3,"[49, 53, 54]","[5556, 15, 695]"
1325,58,436,1232,0.001631458487384831,3.91999999997672e-06,3,"[49, 54, 55]","[5162, 1052, 20]"
1326,58,436,1233,0.0016361612813012186,0.0016361612813012186,5,"[49, 53, 54, 55, 56]","[4736, 17, 504, 249, 752]"
1327,58,437,1231,0.0016274272678016774,0.0016274272678016774,6,"[49, 53, 54, 92, 93, 99]","[5669, 364, 219, 1, 1, 5]"
1328,58,437,1232,0.0016269193879449467,0.0016269193879449467,3,"[49, 53, 54]","[5640, 108, 535]"
1329,58,437,1232,0.0016282693879449387,1.3499999999919826e-06,2,"[49, 54]","[4730, 1513]"
1330,58,437,1232,0.0016295993879449308,1.3299999999921014e-06,3,"[49, 54, 55]","[5407, 821, 1]"
1331,58,437,1232,0.001631259387944921,1.6599999999901416e-06,3,"[49, 54, 55]","[6025, 68, 174]"
1332,58,437,1232,0.0016335393879449074,2.2799999999864595e-06,3,"[49, 55, 56]","[4834, 1385, 22]"
1333,58,437,1232,0.0016360593879448924,2.519999999985034e-06,4,"[49, 55, 56, 88]","[3923, 197, 2127, 2]"
1334,58,437,1232,0.0016384293879448783,2.369999999985925e-06,4,"[49, 56, 88, 89]","[3932, 2309, 2, 2]"
1335,58,437,1233,0.0016298688249874356,0.0016298688249874356,4,"[49, 53, 54, 55]","[5365, 2, 875, 8]"
1336,58,437,1233,0.0016317188249874246,1.8499999999890132e-06,3,"[49, 54, 55]","[5518, 4, 760]"
1337,58,437,1233,0.0016330688249874166,1.3499999999919826e-06,3,"[49, 55, 56]","[4314, 1893, 16]"
1338,58,437,1233,0.0016346288249874073,1.5599999999907355e-06,3,"[49, 55, 56]","[4713, 748, 801]"
1339,58,437,1233,0.0016356488249874013,1.0199999999939424e-06,4,"[49, 55, 56, 88]","[3183, 28, 3058, 1]"
1340,58,437,1233,0.0016364488249873965,7.99999999995249e-07,4,"[49, 56, 88, 89]","[2294, 3925, 1, 2]"
1341,58,437,1233,0.0016374888249873903,1.0399999999938236e-06,4,"[49, 56, 88, 89]","[2242, 4002, 5, 2]"
1342,58,438,1231,0.0016417708086242104,0.0016417708086242104,5,"[49, 53, 54, 55, 56]","[6118, 3, 56, 46, 40]"
1343,58,438,1231,0.001644690808624193,2.9199999999826587e-06,1,[49],[6239]
1344,58,438,1232,0.0016327593131456708,0.0016327593131456708,5,"[49, 53, 54, 55, 56]","[5075, 1, 310, 880, 1]"
1345,58,438,1232,0.001636419313145649,3.659999999978264e-06,4,"[49, 55, 56, 89]","[4383, 472, 1404, 1]"
1346,58,438,1232,0.0016381893131456385,1.7699999999894883e-06,2,"[49, 56]","[5408, 827]"
1347,58,438,1232,0.0016398093131456289,1.6199999999903791e-06,2,"[49, 56]","[6228, 50]"
1348,58,438,1232,0.001641139313145621,1.3299999999921014e-06,1,[49],[6220]
1349,58,438,1232,0.0016425993131456123,1.4599999999913293e-06,1,[49],[6261]
1350,58,438,1233,0.0016327261944176182,0.0016327261944176182,4,"[49, 54, 55, 56]","[4365, 93, 1813, 1]"
1351,58,438,1233,0.0016350761944176043,2.349999999986044e-06,3,"[49, 55, 56]","[4327, 1032, 872]"
1352,58,438,1233,0.0016363661944175966,1.289999999992339e-06,5,"[49, 55, 56, 88, 89]","[3271, 4, 2970, 2, 3]"
1353,58,438,1233,0.0016377061944175886,1.339999999992042e-06,3,"[49, 56, 88]","[3706, 2569, 1]"
1354,58,438,1233,0.0016414261944175665,3.7199999999779076e-06,2,"[49, 56]","[5805, 422]"
1355,58,439,1230,0.0016425533162805293,0.0016425533162805293,1,[49],[6289]
1356,58,439,1231,0.0016420257790259799,0.0016420257790259799,2,"[49, 55]","[6269, 1]"
1357,58,439,1231,0.001642845779025975,8.199999999951302e-07,1,[49],[6250]
1358,58,439,1231,0.0016442257790259668,1.3799999999918044e-06,1,[49],[6239]
1359,58,439,1232,0.0016418632212658315,0.0016418632212658315,5,"[49, 54, 55, 56, 88]","[6139, 1, 65, 67, 1]"
1360,58,440,1230,0.0016421918855654201,0.0016421918855654201,1,[49],[6307]
1361,58,440,1230,0.0016432018855654141,1.0099999999940018e-06,1,[49],[6221]
1362,58,440,1231,0.0016429645579592157,0.0016429645579592157,1,[49],[6255]
