,event,pixel_x,pixel_y,reset_time,TSLR,nMCParticles,MC_TrackIDs,MC_Weights
0,8,194,1192,0.0008824718117692797,0.0008824718117692797,1,[557],[6255]
1,8,195,1185,0.0009368403198776159,0.0009368403198776159,1,[109],[6332]
2,8,195,1185,0.0009372003198776177,3.6000000000176516e-07,1,[109],[6181]
3,8,195,1185,0.0009375003198776191,3.0000000000147097e-07,1,[109],[6263]
4,8,195,1185,0.0009378003198776206,3.0000000000147097e-07,1,[109],[6325]
5,8,195,1185,0.0009381603198776224,3.6000000000176516e-07,1,[109],[6250]
6,8,195,1185,0.0009389703198776264,8.100000000039716e-07,1,[109],[6160]
7,8,195,1186,0.0009370655179081332,0.0009370655179081332,1,[109],[6289]
8,8,195,1186,0.0009374855179081353,4.2000000000205935e-07,1,[109],[6236]
9,8,195,1186,0.0009378755179081372,3.9000000000191225e-07,1,[109],[6258]
10,8,195,1186,0.0009383855179081397,5.100000000025006e-07,1,[109],[6279]
11,8,196,1183,0.0009376418939846736,0.0009376418939846736,1,[109],[6252]
12,8,196,1184,0.0009362968745150541,0.0009362968745150541,1,[109],[6258]
13,8,196,1184,0.0009366368745150558,3.400000000016671e-07,1,[109],[6400]
14,8,196,1184,0.000936886874515057,2.500000000012258e-07,1,[109],[6255]
15,8,196,1184,0.0009371168745150581,2.3000000000112774e-07,1,[109],[6351]
16,8,196,1184,0.0009373368745150592,2.200000000010787e-07,1,[109],[6006]
17,8,196,1184,0.0009375968745150605,2.6000000000127484e-07,1,[109],[6352]
18,8,196,1184,0.0009379368745150621,3.400000000016671e-07,1,[109],[6137]
19,8,196,1185,0.0009363811884930078,0.0009363811884930078,1,[109],[6262]
20,8,196,1185,0.0009366811884930093,3.0000000000147097e-07,1,[109],[6478]
21,8,196,1185,0.0009368811884930102,2.0000000000098064e-07,1,[109],[6175]
22,8,196,1185,0.0009370611884930111,1.8000000000088258e-07,1,[109],[6430]
23,8,196,1185,0.0009372111884930119,1.5000000000073548e-07,1,[109],[6068]
24,8,196,1185,0.0009373611884930126,1.5000000000073548e-07,1,[109],[6318]
25,8,196,1185,0.0009375111884930133,1.5000000000073548e-07,1,[109],[6317]
26,8,196,1185,0.0009376611884930141,1.5000000000073548e-07,1,[109],[6055]
27,8,196,1185,0.0009378311884930149,1.7000000000083355e-07,1,[109],[6374]
28,8,196,1185,0.0009380411884930159,2.1000000000102968e-07,1,[109],[6282]
29,8,196,1185,0.0009383311884930173,2.9000000000142193e-07,1,[109],[6126]
30,8,196,1185,0.0009395411884930233,1.2100000000059329e-06,1,[109],[6115]
31,8,196,1186,0.0009372721498335527,0.0009372721498335527,1,[109],[6283]
32,8,196,1186,0.0009379021498335558,6.30000000003089e-07,1,[109],[6247]
33,8,197,1182,0.0009361085733725924,0.0009361085733725924,1,[109],[6323]
34,8,197,1182,0.0009368885733725962,7.800000000038245e-07,1,[109],[6197]
35,8,197,1183,0.0009357227244762131,0.0009357227244762131,1,[109],[6286]
36,8,197,1183,0.0009360427244762147,3.2000000000156903e-07,1,[109],[6270]
37,8,197,1183,0.0009362727244762158,2.3000000000112774e-07,1,[109],[6255]
38,8,197,1183,0.0009364727244762168,2.0000000000098064e-07,1,[109],[6280]
39,8,197,1183,0.0009366727244762178,2.0000000000098064e-07,1,[109],[6425]
40,8,197,1183,0.0009368627244762187,1.900000000009316e-07,1,[109],[6021]
41,8,197,1183,0.0009370827244762198,2.200000000010787e-07,1,[109],[6311]
42,8,197,1183,0.0009373627244762212,2.800000000013729e-07,1,[109],[6216]
43,8,197,1183,0.0009378827244762237,5.200000000025497e-07,1,[109],[6251]
44,8,197,1184,0.0009360683275062346,0.0009360683275062346,1,[109],[6327]
45,8,197,1184,0.0009363983275062362,3.3000000000161806e-07,1,[109],[6301]
46,8,197,1184,0.0009366483275062374,2.500000000012258e-07,1,[109],[6406]
47,8,197,1184,0.0009368583275062384,2.1000000000102968e-07,1,[109],[6152]
48,8,197,1184,0.0009370683275062395,2.1000000000102968e-07,1,[109],[6093]
49,8,197,1184,0.0009372983275062406,2.3000000000112774e-07,1,[109],[6377]
50,8,197,1184,0.000937578327506242,2.800000000013729e-07,1,[109],[6173]
51,8,197,1184,0.0009380583275062443,4.800000000023535e-07,1,[109],[6233]
52,8,197,1185,0.0009373267923823687,0.0009373267923823687,1,[109],[6264]
53,8,198,1181,0.0009351588222687115,0.0009351588222687115,1,[109],[6340]
54,8,198,1181,0.0009356388222687139,4.800000000023535e-07,1,[109],[6238]
55,8,198,1181,0.0009360988222687161,4.600000000022555e-07,1,[109],[6268]
56,8,198,1181,0.0009370088222687206,9.100000000044619e-07,1,[109],[6156]
57,8,198,1182,0.0009350989309227823,0.0009350989309227823,1,[109],[6260]
58,8,198,1182,0.0009354289309227839,3.3000000000161806e-07,1,[109],[6405]
59,8,198,1182,0.0009356589309227851,2.3000000000112774e-07,1,[109],[6287]
60,8,198,1182,0.000935858930922786,2.0000000000098064e-07,1,[109],[6304]
61,8,198,1182,0.0009360389309227869,1.8000000000088258e-07,1,[109],[6134]
62,8,198,1182,0.0009362289309227879,1.900000000009316e-07,1,[109],[6428]
63,8,198,1182,0.0009364289309227888,2.0000000000098064e-07,1,[109],[6090]
64,8,198,1182,0.00093666893092279,2.4000000000117677e-07,1,[109],[6168]
65,8,198,1182,0.0009370189309227917,3.500000000017161e-07,1,[109],[6252]
66,8,198,1183,0.0009357564412793191,0.0009357564412793191,1,[109],[6316]
67,8,198,1183,0.0009361764412793212,4.2000000000205935e-07,1,[109],[6319]
68,8,198,1183,0.0009365164412793228,3.400000000016671e-07,1,[109],[6156]
69,8,198,1183,0.0009369064412793248,3.9000000000191225e-07,1,[109],[6283]
70,8,198,1183,0.0009376464412793284,7.400000000036284e-07,1,[109],[6217]
71,8,199,1180,0.0009343983583560158,0.0009343983583560158,1,[109],[6341]
72,8,199,1180,0.0009347983583560177,4.000000000019613e-07,1,[109],[6338]
73,8,199,1180,0.0009351183583560193,3.2000000000156903e-07,1,[109],[6084]
74,8,199,1180,0.0009354783583560211,3.6000000000176516e-07,1,[109],[6361]
75,8,199,1180,0.0009359983583560236,5.200000000025497e-07,1,[109],[6148]
76,8,199,1181,0.000934510702448216,0.000934510702448216,1,[109],[6308]
77,8,199,1181,0.0009348507024482176,3.400000000016671e-07,1,[109],[6363]
78,8,199,1181,0.0009350907024482188,2.4000000000117677e-07,1,[109],[6194]
79,8,199,1181,0.0009353007024482198,2.1000000000102968e-07,1,[109],[6375]
80,8,199,1181,0.0009355007024482208,2.0000000000098064e-07,1,[109],[6039]
81,8,199,1181,0.0009357207024482219,2.200000000010787e-07,1,[109],[6496]
82,8,199,1181,0.0009359607024482231,2.4000000000117677e-07,1,[109],[6081]
83,8,199,1181,0.0009363107024482248,3.500000000017161e-07,1,[109],[6272]
84,8,199,1182,0.0009354852427340751,0.0009354852427340751,1,[109],[6270]
85,8,199,1182,0.0009361752427340785,6.900000000033832e-07,1,[109],[6268]
86,8,200,1179,0.0009336830692580008,0.0009336830692580008,1,[109],[6321]
87,8,200,1179,0.0009340530692580027,3.700000000018142e-07,1,[109],[6282]
88,8,200,1179,0.0009343530692580041,3.0000000000147097e-07,1,[109],[6258]
89,8,200,1179,0.0009346330692580055,2.800000000013729e-07,1,[109],[6160]
90,8,200,1179,0.0009349730692580072,3.400000000016671e-07,1,[109],[6307]
91,8,200,1179,0.0009355230692580099,5.500000000026968e-07,1,[109],[6175]
92,8,200,1180,0.0009339701972477374,0.0009339701972477374,1,[109],[6273]
93,8,200,1180,0.0009343201972477391,3.500000000017161e-07,1,[109],[6261]
94,8,200,1180,0.0009345901972477404,2.7000000000132387e-07,1,[109],[6231]
95,8,200,1180,0.0009348401972477416,2.500000000012258e-07,1,[109],[6273]
96,8,200,1180,0.0009351001972477429,2.6000000000127484e-07,1,[109],[6416]
97,8,200,1180,0.0009354001972477444,3.0000000000147097e-07,1,[109],[6089]
98,8,200,1180,0.000935930197247747,5.300000000025987e-07,1,[109],[6276]
99,8,200,1181,0.0009353381630785382,0.0009353381630785382,1,[109],[6275]
100,8,201,1177,0.0009337679428698724,0.0009337679428698724,2,"[109, 555]","[6260, 2]"
101,8,201,1178,0.0009329505474512152,0.0009329505474512152,1,[109],[6308]
102,8,201,1178,0.000933310547451217,3.6000000000176516e-07,1,[109],[6257]
103,8,201,1178,0.0009335805474512183,2.7000000000132387e-07,1,[109],[6364]
104,8,201,1178,0.0009338305474512195,2.500000000012258e-07,1,[109],[6298]
105,8,201,1178,0.0009340805474512208,2.500000000012258e-07,1,[109],[6041]
106,8,201,1178,0.0009344005474512223,3.2000000000156903e-07,1,[109],[6249]
107,8,201,1178,0.000934950547451225,5.500000000026968e-07,1,[109],[6271]
108,8,201,1179,0.0009333775354205874,0.0009333775354205874,1,[109],[6268]
109,8,201,1179,0.0009337575354205893,3.800000000018632e-07,1,[109],[6397]
110,8,201,1179,0.0009340575354205907,3.0000000000147097e-07,1,[109],[6288]
111,8,201,1179,0.0009343475354205922,2.9000000000142193e-07,1,[109],[6123]
112,8,201,1179,0.0009346875354205938,3.400000000016671e-07,1,[109],[6265]
113,8,201,1179,0.0009353075354205969,6.2000000000304e-07,1,[109],[6171]
114,8,202,1176,0.0009328995301952169,0.0009328995301952169,3,"[109, 116, 555]","[5174, 17, 1103]"
115,8,202,1177,0.0009322057095109685,0.0009322057095109685,3,"[109, 116, 555]","[5066, 1, 1277]"
116,8,202,1177,0.0009325857095109704,3.800000000018632e-07,2,"[109, 116]","[6256, 3]"
117,8,202,1177,0.0009328557095109717,2.7000000000132387e-07,2,"[109, 116]","[6280, 3]"
118,8,202,1177,0.0009330957095109729,2.4000000000117677e-07,2,"[109, 116]","[6326, 2]"
119,8,202,1177,0.000933325709510974,2.3000000000112774e-07,2,"[109, 116]","[6150, 1]"
120,8,202,1177,0.0009335857095109753,2.6000000000127484e-07,1,[109],[6274]
121,8,202,1177,0.000933935709510977,3.500000000017161e-07,2,"[109, 116]","[6134, 1]"
122,8,202,1178,0.0009327924276328641,0.0009327924276328641,2,"[109, 555]","[6301, 17]"
123,8,202,1178,0.0009332024276328661,4.100000000020103e-07,1,[109],[6283]
124,8,202,1178,0.0009335524276328678,3.500000000017161e-07,1,[109],[6329]
125,8,202,1178,0.0009339124276328696,3.6000000000176516e-07,1,[109],[6132]
126,8,202,1178,0.0009344924276328725,5.800000000028439e-07,1,[109],[6232]
127,8,203,1176,0.0009256614847576804,0.0009256614847576804,1,[555],[6255]
128,8,203,1176,0.000931901484757711,6.240000000030596e-06,3,"[109, 116, 555]","[1492, 20, 4747]"
129,8,203,1176,0.0009328914847577159,9.900000000048542e-07,2,"[109, 116]","[6185, 63]"
130,8,203,1177,0.0009257357938709116,0.0009257357938709116,1,[555],[6254]
131,8,203,1177,0.0009318157938709414,6.0800000000298116e-06,3,"[109, 116, 555]","[1448, 6, 4832]"
132,8,203,1177,0.0009326257938709454,8.100000000039716e-07,2,"[109, 116]","[6221, 14]"
133,8,203,1177,0.0009331857938709481,5.600000000027458e-07,2,"[109, 116]","[6269, 10]"
134,8,203,1177,0.0009342457938709533,1.0600000000051974e-06,2,"[109, 116]","[6193, 8]"
135,8,209,1210,0.0008921705640795959,0.0008921705640795959,1,[578],[6284]
136,8,210,1210,0.0008918776383543585,0.0008918776383543585,1,[578],[6289]
137,8,210,1210,0.0008928476383543633,9.700000000047561e-07,1,[578],[6221]
138,8,210,1210,0.0008938276383543681,9.800000000048052e-07,1,[578],[6248]
139,8,210,1211,0.0008925077252010995,0.0008925077252010995,1,[578],[6257]
140,8,210,1211,0.0008938077252011059,1.3000000000063742e-06,1,[578],[6253]
141,8,259,1146,0.0009774817141540396,0.0009774817141540396,4,"[6, 11, 13, 17]","[2694, 1, 3523, 36]"
142,8,259,1147,0.0009769872597952815,0.0009769872597952815,4,"[6, 11, 13, 17]","[3425, 3, 2821, 40]"
143,8,259,1147,0.0009781872597952744,1.1999999999928734e-06,3,"[6, 13, 17]","[1525, 4635, 51]"
144,8,260,1146,0.0009759577189436765,0.0009759577189436765,4,"[6, 11, 13, 17]","[5480, 215, 560, 5]"
145,8,260,1146,0.0009767377189436783,7.800000000018729e-07,3,"[6, 13, 17]","[2890, 3441, 13]"
146,8,260,1146,0.0009772277189436754,4.8999999999709e-07,3,"[6, 13, 17]","[1312, 4856, 14]"
147,8,260,1146,0.0009777077189436726,4.799999999971494e-07,3,"[6, 13, 17]","[665, 5580, 13]"
148,8,260,1146,0.0009786177189436672,9.099999999945957e-07,3,"[6, 13, 17]","[364, 5832, 11]"
149,8,260,1147,0.0009747671283966211,0.0009747671283966211,3,"[6, 11, 13]","[5371, 871, 8]"
150,8,260,1147,0.0009755971283966252,8.300000000040697e-07,3,"[6, 11, 13]","[5910, 144, 203]"
151,8,260,1147,0.0009761971283966281,6.000000000029419e-07,4,"[6, 11, 13, 17]","[4810, 22, 1446, 3]"
152,8,260,1147,0.0009766171283966296,4.2000000000151725e-07,4,"[6, 11, 13, 17]","[2886, 1, 3336, 8]"
153,8,260,1147,0.0009769471283966277,3.299999999980402e-07,3,"[6, 13, 17]","[1713, 4584, 8]"
154,8,260,1147,0.000977237128396626,2.8999999999827775e-07,3,"[6, 13, 17]","[1103, 5265, 10]"
155,8,260,1147,0.0009775071283966244,2.699999999983965e-07,3,"[6, 13, 17]","[659, 5416, 6]"
156,8,260,1147,0.0009778271283966225,3.199999999980996e-07,3,"[6, 13, 17]","[507, 5739, 8]"
157,8,260,1147,0.0009783071283966196,4.799999999971494e-07,3,"[6, 13, 17]","[297, 5911, 9]"
158,8,261,1146,0.0009751155512592219,0.0009751155512592219,3,"[6, 11, 13]","[5504, 761, 12]"
159,8,261,1146,0.0009770455512592262,1.930000000004259e-06,3,"[6, 11, 13]","[1483, 53, 4693]"
160,8,261,1146,0.0009776555512592225,6.099999999963773e-07,2,"[6, 13]","[44, 6310]"
161,8,261,1146,0.000978425551259218,7.699999999954271e-07,2,"[6, 13]","[12, 6177]"
162,8,261,1147,0.000972686091647766,0.000972686091647766,2,"[6, 11]","[6212, 95]"
163,8,261,1147,0.0009733960916477695,7.100000000034813e-07,2,"[6, 11]","[5757, 469]"
164,8,261,1147,0.0009739760916477724,5.800000000028439e-07,2,"[6, 11]","[5198, 1070]"
165,8,261,1147,0.0009745760916477753,6.000000000029419e-07,3,"[6, 11, 13]","[4996, 1208, 1]"
166,8,261,1147,0.0009755760916477802,1.0000000000049032e-06,3,"[6, 11, 13]","[5282, 861, 117]"
167,8,261,1147,0.0009766360916477845,1.06000000000433e-06,3,"[6, 11, 13]","[1790, 56, 4468]"
168,8,261,1147,0.0009770260916477822,3.8999999999768387e-07,3,"[6, 11, 13]","[174, 1, 6117]"
169,8,261,1147,0.0009773060916477806,2.7999999999833713e-07,2,"[6, 13]","[58, 6178]"
170,8,261,1147,0.000977556091647779,2.499999999985153e-07,2,"[6, 13]","[20, 6334]"
171,8,261,1147,0.0009777960916477777,2.399999999985747e-07,2,"[6, 13]","[15, 6096]"
172,8,261,1147,0.000978076091647776,2.7999999999833713e-07,2,"[6, 13]","[7, 6232]"
173,8,261,1147,0.0009785160916477734,4.399999999973869e-07,2,"[6, 13]","[5, 6217]"
174,8,262,1146,0.0009771067279844474,0.0009771067279844474,3,"[6, 11, 13]","[3083, 51, 3171]"
175,8,262,1146,0.0009779067279844427,7.99999999995249e-07,1,[13],[6265]
176,8,262,1147,0.0009707073134866166,0.0009707073134866166,1,[6],[6285]
177,8,262,1147,0.0009714873134866204,7.800000000038245e-07,1,[6],[6246]
178,8,262,1147,0.0009722073134866239,7.200000000035303e-07,1,[6],[6249]
179,8,262,1147,0.0009731673134866286,9.60000000004707e-07,2,"[6, 11]","[6235, 17]"
180,8,262,1147,0.0009765473134866452,3.380000000016573e-06,3,"[6, 11, 13]","[3388, 228, 2663]"
181,8,262,1147,0.0009770273134866426,4.799999999973662e-07,2,"[6, 13]","[1, 6210]"
182,8,262,1147,0.0009773173134866408,2.8999999999827775e-07,1,[13],[6354]
183,8,262,1147,0.0009775473134866395,2.2999999999863407e-07,1,[13],[6141]
184,8,262,1147,0.0009777673134866382,2.1999999999869346e-07,1,[13],[6366]
185,8,262,1147,0.0009779973134866368,2.2999999999863407e-07,1,[13],[6322]
186,8,262,1147,0.0009782573134866353,2.599999999984559e-07,1,[13],[6074]
187,8,262,1147,0.000978647313486633,3.8999999999768387e-07,1,[13],[6239]
188,8,262,1148,0.0009771254611108304,0.0009771254611108304,3,"[6, 11, 13]","[5603, 27, 626]"
189,8,263,1146,0.0009777299770678254,0.0009777299770678254,2,"[6, 13]","[1106, 5164]"
190,8,263,1147,0.0009687557489684764,0.0009687557489684764,1,[6],[6305]
191,8,263,1147,0.0009695757489684804,8.200000000040206e-07,1,[6],[6220]
192,8,263,1147,0.0009704157489684845,8.400000000041187e-07,1,[6],[6282]
193,8,263,1147,0.000972555748968495,2.140000000010493e-06,1,[6],[6198]
194,8,263,1147,0.0009769657489685122,4.410000000017178e-06,2,"[6, 13]","[212, 6165]"
195,8,263,1147,0.0009772857489685103,3.199999999980996e-07,1,[13],[6138]
196,8,263,1147,0.0009775257489685089,2.399999999985747e-07,1,[13],[6449]
197,8,263,1147,0.0009777257489685077,1.9999999999881224e-07,1,[13],[6087]
198,8,263,1147,0.0009779257489685065,1.9999999999881224e-07,1,[13],[6262]
199,8,263,1147,0.0009781357489685053,2.0999999999875285e-07,1,[13],[6272]
200,8,263,1147,0.0009783757489685038,2.399999999985747e-07,1,[13],[6333]
201,8,263,1147,0.0009787057489685019,3.299999999980402e-07,1,[13],[6091]
202,8,263,1148,0.0009694208776177175,0.0009694208776177175,1,[6],[6278]
203,8,263,1148,0.000977490877617747,8.070000000029594e-06,2,"[6, 13]","[4618, 1627]"
204,8,264,1146,0.0009784453622833672,0.0009784453622833672,2,"[6, 13]","[341, 5915]"
205,8,264,1147,0.00096698511575367,0.00096698511575367,1,[6],[6292]
206,8,264,1147,0.0009680451157536752,1.0600000000051974e-06,1,[6],[6217]
207,8,264,1147,0.0009699751157536846,1.930000000009463e-06,1,[6],[6246]
208,8,264,1147,0.000977055115753714,7.080000000029402e-06,2,"[6, 13]","[470, 5900]"
209,8,264,1147,0.0009773751157537121,3.199999999980996e-07,1,[13],[6247]
210,8,264,1147,0.0009776051157537108,2.2999999999863407e-07,1,[13],[6384]
211,8,264,1147,0.0009778051157537096,1.9999999999881224e-07,1,[13],[6307]
212,8,264,1147,0.0009779851157537085,1.7999999999893102e-07,1,[13],[6078]
213,8,264,1147,0.0009781751157537074,1.8999999999887163e-07,1,[13],[6355]
214,8,264,1147,0.0009783751157537062,1.9999999999881224e-07,1,[13],[6075]
215,8,264,1147,0.0009786251157537047,2.499999999985153e-07,1,[13],[6271]
216,8,264,1147,0.0009789951157537025,3.6999999999780264e-07,1,[13],[6200]
217,8,264,1148,0.000966744402043231,0.000966744402043231,1,[6],[6276]
218,8,264,1148,0.0009679244020432368,1.1800000000057858e-06,1,[6],[6252]
219,8,264,1148,0.0009772944020432748,9.370000000038028e-06,2,"[6, 13]","[4765, 1483]"
220,8,264,1148,0.0009787444020432662,1.4499999999913887e-06,1,[13],[6242]
221,8,265,1147,0.0009655358659675685,0.0009655358659675685,1,[6],[6254]
222,8,265,1147,0.0009689658659675853,3.430000000016818e-06,1,[6],[6247]
223,8,265,1147,0.0009772258659676185,8.260000000033236e-06,2,"[6, 13]","[28, 6338]"
224,8,265,1147,0.0009775358659676167,3.0999999999815897e-07,1,[13],[6193]
225,8,265,1147,0.0009777658659676153,2.2999999999863407e-07,1,[13],[6298]
226,8,265,1147,0.0009779658659676142,1.9999999999881224e-07,1,[13],[6442]
227,8,265,1147,0.000978145865967613,1.7999999999893102e-07,1,[13],[6191]
228,8,265,1147,0.000978325865967612,1.7999999999893102e-07,1,[13],[6367]
229,8,265,1147,0.0009785158659676109,1.8999999999887163e-07,1,[13],[6000]
230,8,265,1147,0.0009787458659676095,2.2999999999863407e-07,1,[13],[6238]
231,8,265,1147,0.0009790858659676075,3.399999999979808e-07,1,[13],[6249]
232,8,265,1148,0.0009643811515993786,0.0009643811515993786,1,[6],[6283]
233,8,265,1148,0.000965271151599383,8.900000000043639e-07,1,[6],[6217]
234,8,265,1148,0.0009662311515993877,9.60000000004707e-07,1,[6],[6274]
235,8,265,1148,0.0009774011515994334,1.117000000004577e-05,2,"[6, 13]","[4410, 1824]"
236,8,265,1148,0.0009783911515994276,9.899999999941206e-07,1,[13],[6297]
237,8,266,1147,0.0009665584640195016,0.0009665584640195016,1,[6],[6250]
238,8,266,1147,0.0009774084640195456,1.0850000000043984e-05,2,"[6, 13]","[42, 6214]"
239,8,266,1147,0.0009777184640195437,3.0999999999815897e-07,1,[13],[6248]
240,8,266,1147,0.0009779484640195424,2.2999999999863407e-07,1,[13],[6301]
241,8,266,1147,0.0009781384640195412,1.8999999999887163e-07,1,[13],[6210]
242,8,266,1147,0.0009783184640195402,1.7999999999893102e-07,1,[13],[6371]
243,8,266,1147,0.0009784984640195391,1.7999999999893102e-07,1,[13],[6270]
244,8,266,1147,0.000978688464019538,1.8999999999887163e-07,1,[13],[6186]
245,8,266,1147,0.0009789084640195367,2.1999999999869346e-07,1,[13],[6168]
246,8,266,1147,0.0009792184640195348,3.0999999999815897e-07,1,[13],[6264]
247,8,266,1147,0.0009804884640195273,1.2699999999924577e-06,1,[13],[6231]
248,8,266,1148,0.0009620497465011034,0.0009620497465011034,1,[6],[6315]
249,8,266,1148,0.0009628197465011072,7.700000000037755e-07,1,[6],[6200]
250,8,266,1148,0.0009635297465011107,7.100000000034813e-07,1,[6],[6293]
251,8,266,1148,0.0009644797465011153,9.500000000046581e-07,1,[6],[6243]
252,8,266,1148,0.0009775997465011684,1.3120000000053055e-05,2,"[6, 13]","[3444, 2766]"
253,8,266,1148,0.000978349746501164,7.499999999955459e-07,1,[13],[6245]
254,8,266,1148,0.0009791397465011592,7.899999999953083e-07,1,[13],[6312]
255,8,267,1147,0.0009774484276660592,0.0009774484276660592,2,"[6, 13]","[2380, 3984]"
256,8,267,1147,0.0009778384276660568,3.8999999999768387e-07,1,[13],[6180]
257,8,267,1147,0.0009780884276660554,2.499999999985153e-07,1,[13],[6344]
258,8,267,1147,0.0009782884276660542,1.9999999999881224e-07,1,[13],[6213]
259,8,267,1147,0.000978468427666053,1.7999999999893102e-07,1,[13],[6246]
260,8,267,1147,0.000978648427666052,1.7999999999893102e-07,1,[13],[6284]
261,8,267,1147,0.000978838427666051,1.8999999999887163e-07,1,[13],[6298]
262,8,267,1147,0.0009790484276660497,2.0999999999875285e-07,1,[13],[6295]
263,8,267,1147,0.000979308427666048,2.599999999984559e-07,1,[13],[6114]
264,8,267,1147,0.0009797884276660453,4.799999999971494e-07,1,[13],[6234]
265,8,267,1148,0.0009599706502169487,0.0009599706502169487,2,"[6, 10]","[6248, 6]"
266,8,267,1148,0.0009607706502169527,8.000000000039226e-07,1,[6],[6267]
267,8,267,1148,0.0009614806502169561,7.100000000034813e-07,1,[6],[6297]
268,8,267,1148,0.0009624406502169608,9.60000000004707e-07,1,[6],[6200]
269,8,267,1148,0.0009776606502170237,1.522000000006281e-05,2,"[6, 13]","[3470, 2833]"
270,8,267,1148,0.0009782406502170202,5.799999999965555e-07,1,[13],[6257]
271,8,267,1148,0.0009786506502170178,4.099999999975651e-07,1,[13],[6263]
272,8,267,1148,0.0009790806502170152,4.299999999974463e-07,1,[13],[6234]
273,8,267,1148,0.0009800606502170094,9.7999999999418e-07,1,[13],[6192]
274,8,267,1149,0.0009618796758001704,0.0009618796758001704,2,"[6, 10]","[6246, 7]"
275,8,268,1147,0.0009778996446895025,0.0009778996446895025,3,"[6, 10, 13]","[627, 22, 5711]"
276,8,268,1147,0.0009782396446895005,3.399999999979808e-07,1,[13],[6291]
277,8,268,1147,0.000978489644689499,2.499999999985153e-07,1,[13],[6404]
278,8,268,1147,0.0009786996446894977,2.0999999999875285e-07,1,[13],[6090]
279,8,268,1147,0.0009789096446894965,2.0999999999875285e-07,1,[13],[6328]
280,8,268,1147,0.0009791196446894952,2.0999999999875285e-07,1,[13],[6080]
281,8,268,1147,0.0009793796446894937,2.599999999984559e-07,1,[13],[6420]
282,8,268,1147,0.0009797396446894915,3.5999999999786203e-07,1,[13],[6091]
283,8,268,1148,0.0009577986968538728,0.0009577986968538728,2,"[6, 10]","[4262, 1999]"
284,8,268,1148,0.0009587586968538775,9.60000000004707e-07,2,"[6, 10]","[5937, 302]"
285,8,268,1148,0.000959678696853882,9.20000000004511e-07,2,"[6, 10]","[6271, 17]"
286,8,268,1148,0.0009769086968539628,1.7230000000080796e-05,2,"[6, 13]","[6096, 119]"
287,8,268,1148,0.0009780886968539558,1.1799999999929922e-06,1,[13],[6276]
288,8,268,1148,0.0009784586968539536,3.6999999999780264e-07,1,[13],[6382]
289,8,268,1148,0.000978738696853952,2.7999999999833713e-07,1,[13],[6177]
290,8,268,1148,0.0009790086968539504,2.699999999983965e-07,1,[13],[6248]
291,8,268,1148,0.0009793186968539485,3.0999999999815897e-07,1,[13],[6333]
292,8,268,1148,0.000979758696853946,4.399999999973869e-07,1,[13],[6105]
293,8,268,1149,0.0009577375432851453,0.0009577375432851453,2,"[6, 10]","[4284, 1982]"
294,8,268,1149,0.000959087543285152,1.3500000000066193e-06,2,"[6, 10]","[5955, 310]"
295,8,269,1147,0.0009788192978746402,0.0009788192978746402,3,"[6, 10, 13]","[126, 124, 6011]"
296,8,269,1147,0.0009799292978746336,1.109999999993408e-06,1,[13],[6256]
297,8,269,1148,0.0009562298232402263,0.0009562298232402263,2,"[6, 10]","[4119, 2181]"
298,8,269,1148,0.0009569298232402297,7.000000000034323e-07,2,"[6, 10]","[2913, 3375]"
299,8,269,1148,0.0009576598232402333,7.300000000035793e-07,2,"[6, 10]","[2971, 3215]"
300,8,269,1148,0.0009778798232403182,2.022000000008494e-05,3,"[6, 10, 13]","[3732, 1512, 1003]"
301,8,269,1148,0.0009789798232403117,1.0999999999934673e-06,1,[13],[6230]
302,8,269,1149,0.0009555089499275248,0.0009555089499275248,2,"[6, 10]","[5736, 558]"
303,8,269,1149,0.0009561889499275281,6.800000000033342e-07,2,"[6, 10]","[4299, 1968]"
304,8,269,1149,0.0009567089499275306,5.200000000025497e-07,2,"[6, 10]","[3452, 2830]"
305,8,269,1149,0.0009572389499275332,5.300000000025987e-07,2,"[6, 10]","[3235, 2940]"
306,8,269,1149,0.0009580389499275372,8.000000000039226e-07,2,"[6, 10]","[3541, 2694]"
307,8,270,1148,0.0009567309187566102,0.0009567309187566102,2,"[6, 10]","[5799, 459]"
308,8,270,1149,0.0009532876565400135,0.0009532876565400135,1,[6],[6283]
309,8,270,1149,0.0009540776565400173,7.900000000038735e-07,1,[6],[6240]
310,8,270,1149,0.0009547576565400207,6.800000000033342e-07,2,"[6, 10]","[6250, 11]"
311,8,270,1149,0.0009556276565400249,8.700000000042658e-07,2,"[6, 10]","[6114, 114]"
312,8,271,1149,0.0009512796961281487,0.0009512796961281487,1,[6],[6276]
313,8,271,1149,0.0009520996961281527,8.200000000040206e-07,1,[6],[6242]
314,8,271,1149,0.0009528496961281564,7.500000000036774e-07,1,[6],[6299]
315,8,271,1149,0.0009539496961281618,1.1000000000053935e-06,1,[6],[6198]
316,8,271,1150,0.0009521820685099412,0.0009521820685099412,1,[6],[6268]
317,8,272,1149,0.000949557510852046,0.000949557510852046,2,"[6, 9]","[5986, 318]"
318,8,272,1149,0.0009506175108520512,1.0600000000051974e-06,2,"[6, 9]","[6200, 1]"
319,8,272,1149,0.0009524575108520602,1.840000000009022e-06,1,[6],[6254]
320,8,272,1150,0.0009489409210974756,0.0009489409210974756,2,"[6, 9]","[5594, 680]"
321,8,272,1150,0.000950030921097481,1.0900000000053445e-06,2,"[6, 9]","[6230, 9]"
322,8,272,1150,0.0009520009210974906,1.9700000000096593e-06,1,[6],[6243]
323,8,273,1149,0.0009479797211266927,0.0009479797211266927,2,"[6, 9]","[4262, 2028]"
324,8,273,1150,0.0009465315076270971,0.0009465315076270971,2,"[6, 9]","[5880, 451]"
325,8,273,1150,0.0009471715076271002,6.400000000031381e-07,2,"[6, 9]","[4826, 1469]"
326,8,273,1150,0.0009476915076271028,5.200000000025497e-07,2,"[6, 9]","[4393, 1819]"
327,8,273,1150,0.0009482515076271055,5.600000000027458e-07,2,"[6, 9]","[4553, 1642]"
328,8,273,1150,0.00094917150762711,9.20000000004511e-07,2,"[6, 9]","[5328, 897]"
329,8,274,1150,0.0009446395911154624,0.0009446395911154624,1,[6],[6306]
330,8,274,1150,0.0009454395911154663,8.000000000039226e-07,2,"[6, 9]","[6257, 1]"
331,8,274,1150,0.0009461395911154698,7.000000000034323e-07,2,"[6, 9]","[6189, 24]"
332,8,274,1150,0.0009469795911154739,8.400000000041187e-07,2,"[6, 9]","[6004, 222]"
333,8,275,1150,0.0009428153086372731,0.0009428153086372731,1,[6],[6255]
334,8,275,1150,0.0009437853086372779,9.700000000047561e-07,1,[6],[6282]
335,8,275,1150,0.0009450453086372841,1.260000000006178e-06,1,[6],[6224]
336,8,275,1151,0.0009427982053763173,0.0009427982053763173,1,[6],[6277]
337,8,275,1151,0.0009448382053763273,2.0400000000100026e-06,1,[6],[6234]
338,8,276,1150,0.0009415464520172637,0.0009415464520172637,1,[6],[6274]
339,8,276,1151,0.0009401700561870191,0.0009401700561870191,1,[6],[6293]
340,8,276,1151,0.0009410600561870234,8.900000000043639e-07,1,[6],[6210]
341,8,276,1151,0.0009421200561870286,1.0600000000051974e-06,1,[6],[6269]
342,8,277,1151,0.0009378963904885031,0.0009378963904885031,1,[6],[6317]
343,8,277,1151,0.0009387063904885071,8.100000000039716e-07,1,[6],[6234]
344,8,277,1151,0.0009394663904885108,7.600000000037264e-07,1,[6],[6211]
345,8,277,1151,0.0009406763904885167,1.2100000000059329e-06,1,[6],[6262]
346,8,278,1151,0.0009360066741246188,0.0009360066741246188,1,[6],[6274]
347,8,278,1151,0.0009369066741246232,9.000000000044129e-07,1,[6],[6279]
348,8,278,1151,0.000937886674124628,9.800000000048052e-07,1,[6],[6216]
349,8,278,1152,0.0009365679665596009,0.0009365679665596009,1,[6],[6252]
350,8,279,1151,0.0009344806625331942,0.0009344806625331942,1,[6],[6287]
351,8,279,1151,0.0009360906625332021,1.6100000000078942e-06,1,[6],[6239]
352,8,279,1152,0.0009335171682996648,0.0009335171682996648,1,[6],[6305]
353,8,279,1152,0.0009345471682996699,1.0300000000050503e-06,1,[6],[6258]
354,8,279,1152,0.0009362371682996782,1.6900000000082864e-06,1,[6],[6201]
355,8,280,1151,0.0009343915740690034,0.0009343915740690034,1,[6],[6254]
356,8,280,1152,0.0009311568776086953,0.0009311568776086953,1,[6],[6269]
357,8,280,1152,0.0009319668776086993,8.100000000039716e-07,1,[6],[6261]
358,8,280,1152,0.0009327168776087029,7.500000000036774e-07,1,[6],[6221]
359,8,280,1152,0.0009338268776087084,1.1100000000054426e-06,1,[6],[6265]
360,8,281,1152,0.0009291220080239968,0.0009291220080239968,1,[6],[6313]
361,8,281,1152,0.0009299320080240008,8.100000000039716e-07,1,[6],[6272]
362,8,281,1152,0.0009306820080240045,7.500000000036774e-07,1,[6],[6192]
363,8,281,1152,0.0009318420080240102,1.1600000000056877e-06,1,[6],[6243]
364,8,281,1153,0.0009304349014448275,0.0009304349014448275,1,[6],[6256]
365,8,282,1152,0.0009274086821292451,0.0009274086821292451,1,[6],[6282]
366,8,282,1152,0.0009284486821292502,1.0400000000050993e-06,1,[6],[6224]
367,8,282,1152,0.0009303086821292594,1.86000000000912e-06,1,[6],[6252]
368,8,282,1153,0.0009269838421700419,0.0009269838421700419,2,"[6, 8]","[6294, 1]"
369,8,282,1153,0.0009282138421700479,1.230000000006031e-06,1,[6],[6216]
370,8,283,1152,0.0009262875305606049,0.0009262875305606049,2,"[6, 8]","[6152, 98]"
371,8,283,1153,0.0009243361103043728,0.0009243361103043728,2,"[6, 8]","[5310, 954]"
372,8,283,1153,0.000925196110304377,8.600000000042168e-07,2,"[6, 8]","[6223, 54]"
373,8,283,1153,0.0009260161103043811,8.200000000040206e-07,1,[6],[6239]
374,8,283,1153,0.0009273961103043878,1.3800000000067664e-06,1,[6],[6220]
375,8,284,1153,0.0009223473618810319,0.0009223473618810319,2,"[6, 8]","[5471, 780]"
376,8,284,1153,0.000922987361881035,6.400000000031381e-07,2,"[6, 8]","[4479, 1865]"
377,8,284,1153,0.0009234973618810375,5.100000000025006e-07,2,"[6, 8]","[4227, 1985]"
378,8,284,1153,0.0009240973618810405,6.000000000029419e-07,2,"[6, 8]","[4744, 1449]"
379,8,284,1153,0.0009252873618810463,1.1900000000058348e-06,2,"[6, 8]","[5713, 554]"
380,8,285,1153,0.0009207393154270397,0.0009207393154270397,1,[6],[6308]
381,8,285,1153,0.0009216393154270441,9.000000000044129e-07,2,"[6, 8]","[6255, 8]"
382,8,285,1153,0.0009227093154270494,1.0700000000052464e-06,2,"[6, 8]","[6006, 180]"
383,8,285,1154,0.0009210531991668399,0.0009210531991668399,1,[6],[6263]
384,8,286,1153,0.0009194612673362,0.0009194612673362,1,[6],[6266]
385,8,286,1153,0.0009214612673362099,2.0000000000098064e-06,1,[6],[6242]
386,8,286,1154,0.0009184558590856571,0.0009184558590856571,1,[6],[6262]
387,8,286,1154,0.0009194358590856619,9.800000000048052e-07,1,[6],[6279]
388,8,286,1154,0.0009211858590856705,1.7500000000085806e-06,1,[6],[6218]
389,8,287,1154,0.0009163130899977324,0.0009163130899977324,2,"[6, 7]","[6289, 1]"
390,8,287,1154,0.0009170830899977362,7.700000000037755e-07,1,[6],[6248]
391,8,287,1154,0.00091786308999774,7.800000000038245e-07,1,[6],[6229]
392,8,287,1154,0.0009201430899977512,2.2800000000111793e-06,1,[6],[6234]
393,8,288,1154,0.0009142583569060134,0.0009142583569060134,3,"[1, 6, 7]","[24, 5083, 1155]"
394,8,288,1154,0.0009150883569060174,8.300000000040697e-07,2,"[6, 7]","[6165, 87]"
395,8,288,1154,0.0009158683569060213,7.800000000038245e-07,2,"[6, 7]","[6268, 5]"
396,8,288,1154,0.0009173383569060285,1.4700000000072077e-06,1,[6],[6217]
397,8,288,1155,0.0009156907636901562,0.0009156907636901562,3,"[1, 6, 7]","[195, 5338, 724]"
398,8,288,1160,0.000913390195715009,0.000913390195715009,1,[1],[6252]
399,8,288,1161,0.0009125752482549143,0.0009125752482549143,1,[1],[6264]
400,8,288,1162,0.0009122532234053834,0.0009122532234053834,1,[1],[6272]
401,8,288,1163,0.0009120111933032495,0.0009120111933032495,1,[1],[6250]
402,8,288,1164,0.0009118542154438861,0.0009118542154438861,1,[1],[6320]
403,8,288,1164,0.0009129842154438916,1.1300000000055406e-06,1,[1],[6186]
404,8,288,1165,0.0009117333073581723,0.0009117333073581723,1,[1],[6325]
405,8,288,1165,0.0009126233073581767,8.900000000043639e-07,1,[1],[6180]
406,8,288,1166,0.0009115747172267563,0.0009115747172267563,1,[1],[6251]
407,8,288,1166,0.0009123047172267599,7.300000000035793e-07,1,[1],[6314]
408,8,288,1167,0.0009114076713917332,0.0009114076713917332,1,[1],[6274]
409,8,288,1167,0.000911987671391736,5.800000000028439e-07,1,[1],[6235]
410,8,288,1167,0.000913617671391744,1.6300000000079922e-06,1,[1],[6241]
411,8,288,1168,0.0009112934598949619,0.0009112934598949619,1,[1],[6341]
412,8,288,1168,0.0009118034598949644,5.100000000025006e-07,1,[1],[6236]
413,8,288,1168,0.0009124034598949674,6.000000000029419e-07,1,[1],[6190]
414,8,288,1169,0.0009111494875630476,0.0009111494875630476,2,"[1, 4]","[6294, 15]"
415,8,288,1169,0.00091162948756305,4.800000000023535e-07,2,"[1, 4]","[6269, 19]"
416,8,288,1169,0.0009121294875630525,5.000000000024516e-07,2,"[1, 4]","[6191, 9]"
417,8,288,1170,0.000910998785677381,0.000910998785677381,3,"[1, 4, 1588]","[5823, 499, 1]"
418,8,288,1170,0.0009114287856773831,4.300000000021084e-07,4,"[1, 4, 1587, 1588]","[5729, 506, 2, 1]"
419,8,288,1170,0.000911818785677385,3.9000000000191225e-07,3,"[1, 4, 1588]","[5783, 479, 2]"
420,8,288,1170,0.0009124087856773879,5.900000000028929e-07,3,"[1, 4, 1587]","[5835, 418, 1]"
421,8,288,1171,0.000910944534587464,0.000910944534587464,3,"[1, 4, 1588]","[6094, 225, 1]"
422,8,288,1171,0.0009113745345874662,4.300000000021084e-07,2,"[1, 4]","[6000, 220]"
423,8,288,1171,0.0009117845345874682,4.100000000020103e-07,4,"[1, 4, 1587, 1588]","[5992, 263, 1, 1]"
424,8,288,1171,0.0009124145345874713,6.30000000003089e-07,2,"[1, 4]","[5973, 267]"
425,8,288,1172,0.0009108783330559372,0.0009108783330559372,2,"[1, 4]","[6275, 1]"
426,8,288,1172,0.0009113183330559393,4.400000000021574e-07,1,[1],[6315]
427,8,288,1172,0.0009117283330559413,4.100000000020103e-07,1,[1],[6204]
428,8,288,1172,0.0009124083330559447,6.800000000033342e-07,1,[1],[6238]
429,8,288,1173,0.0009107744801797274,0.0009107744801797274,1,[1],[6354]
430,8,288,1173,0.0009111944801797295,4.2000000000205935e-07,1,[1],[6183]
431,8,288,1173,0.0009115944801797314,4.000000000019613e-07,1,[1],[6282]
432,8,288,1173,0.0009121644801797342,5.700000000027948e-07,1,[1],[6208]
433,8,288,1174,0.0009106476220371455,0.0009106476220371455,1,[1],[6271]
434,8,288,1174,0.0009110776220371476,4.300000000021084e-07,1,[1],[6357]
435,8,288,1174,0.0009114476220371495,3.700000000018142e-07,1,[1],[6127]
436,8,288,1174,0.000911957622037152,5.100000000025006e-07,1,[1],[6293]
437,8,288,1175,0.0009105248759325819,0.0009105248759325819,1,[1],[6345]
438,8,288,1175,0.0009109348759325839,4.100000000020103e-07,1,[1],[6261]
439,8,288,1175,0.0009112948759325857,3.6000000000176516e-07,1,[1],[6265]
440,8,288,1175,0.0009117448759325879,4.5000000000220645e-07,1,[1],[6203]
441,8,288,1176,0.0009103812618204,0.0009103812618204,1,[1],[6285]
442,8,288,1176,0.000910791261820402,4.100000000020103e-07,1,[1],[6343]
443,8,288,1176,0.0009111312618204037,3.400000000016671e-07,1,[1],[6208]
444,8,288,1176,0.0009115312618204057,4.000000000019613e-07,1,[1],[6256]
445,8,288,1176,0.0009132712618204142,1.7400000000085316e-06,1,[1],[6159]
446,8,288,1177,0.0009102579398808434,0.0009102579398808434,1,[1],[6345]
447,8,288,1177,0.0009106479398808453,3.9000000000191225e-07,1,[1],[6344]
448,8,288,1177,0.0009109679398808469,3.2000000000156903e-07,1,[1],[6135]
449,8,288,1177,0.0009113179398808486,3.500000000017161e-07,1,[1],[6191]
450,8,288,1177,0.0009118779398808514,5.600000000027458e-07,1,[1],[6241]
451,8,288,1178,0.0009101625391086265,0.0009101625391086265,1,[1],[6295]
452,8,288,1178,0.0009105425391086284,3.800000000018632e-07,1,[1],[6372]
453,8,288,1178,0.0009108425391086298,3.0000000000147097e-07,1,[1],[6152]
454,8,288,1178,0.0009111625391086314,3.2000000000156903e-07,1,[1],[6313]
455,8,288,1178,0.0009116225391086337,4.600000000022555e-07,1,[1],[6155]
456,8,288,1179,0.0009100843786170992,0.0009100843786170992,1,[1],[6351]
457,8,288,1179,0.0009104743786171011,3.9000000000191225e-07,1,[1],[6278]
458,8,288,1179,0.0009107943786171027,3.2000000000156903e-07,1,[1],[6275]
459,8,288,1179,0.0009111343786171043,3.400000000016671e-07,1,[1],[6141]
460,8,288,1179,0.000911684378617107,5.500000000026968e-07,1,[1],[6209]
461,8,288,1180,0.0009099920194030183,0.0009099920194030183,1,[1],[6256]
462,8,288,1180,0.0009103720194030202,3.800000000018632e-07,1,[1],[6268]
463,8,288,1180,0.0009106920194030218,3.2000000000156903e-07,2,"[1, 3]","[6295, 1]"
464,8,288,1180,0.0009110320194030234,3.400000000016671e-07,1,[1],[6271]
465,8,288,1180,0.0009115720194030261,5.400000000026477e-07,2,"[1, 3]","[6167, 1]"
466,8,288,1181,0.0009098578027667257,0.0009098578027667257,2,"[1, 3]","[5842, 409]"
467,8,288,1181,0.0009102278027667275,3.700000000018142e-07,2,"[1, 3]","[5907, 361]"
468,8,288,1181,0.000910527802766729,3.0000000000147097e-07,2,"[1, 3]","[5908, 327]"
469,8,288,1181,0.0009108478027667306,3.2000000000156903e-07,2,"[1, 3]","[6125, 281]"
470,8,288,1181,0.0009112578027667326,4.100000000020103e-07,2,"[1, 3]","[5862, 260]"
471,8,288,1182,0.0009097439899742754,0.0009097439899742754,2,"[1, 3]","[5486, 837]"
472,8,288,1182,0.0009100939899742771,3.500000000017161e-07,2,"[1, 3]","[5488, 741]"
473,8,288,1182,0.0009103739899742785,2.800000000013729e-07,2,"[1, 3]","[5538, 749]"
474,8,288,1182,0.0009106539899742798,2.800000000013729e-07,2,"[1, 3]","[5627, 672]"
475,8,288,1182,0.0009109639899742814,3.1000000000152e-07,2,"[1, 3]","[5510, 622]"
476,8,288,1182,0.000911513989974284,5.500000000026968e-07,2,"[1, 3]","[5641, 601]"
477,8,288,1183,0.0009097400738560895,0.0009097400738560895,2,"[1, 3]","[6317, 37]"
478,8,288,1183,0.0009101100738560913,3.700000000018142e-07,2,"[1, 3]","[6216, 28]"
479,8,288,1183,0.0009104100738560927,3.0000000000147097e-07,3,"[1, 2, 3]","[6237, 1, 22]"
480,8,288,1183,0.0009107100738560942,3.0000000000147097e-07,2,"[1, 3]","[6125, 19]"
481,8,288,1183,0.0009111200738560962,4.100000000020103e-07,2,"[1, 3]","[6277, 19]"
482,8,288,1184,0.0009096733373008578,0.0009096733373008578,2,"[1, 2]","[6081, 172]"
483,8,288,1184,0.0009100333373008595,3.6000000000176516e-07,2,"[1, 2]","[6141, 180]"
484,8,288,1184,0.000910333337300861,3.0000000000147097e-07,2,"[1, 2]","[6160, 158]"
485,8,288,1184,0.0009106233373008624,2.9000000000142193e-07,2,"[1, 2]","[6015, 161]"
486,8,288,1184,0.0009109933373008642,3.700000000018142e-07,2,"[1, 2]","[6049, 177]"
487,8,288,1185,0.0009096213033221128,0.0009096213033221128,2,"[1, 2]","[5520, 751]"
488,8,288,1185,0.0009099913033221146,3.700000000018142e-07,2,"[1, 2]","[5607, 734]"
489,8,288,1185,0.0009102713033221159,2.800000000013729e-07,2,"[1, 2]","[5356, 787]"
490,8,288,1185,0.0009105713033221174,3.0000000000147097e-07,2,"[1, 2]","[5545, 768]"
491,8,288,1185,0.0009109413033221192,3.700000000018142e-07,2,"[1, 2]","[5465, 732]"
492,8,288,1186,0.0009096727041037535,0.0009096727041037535,2,"[1, 2]","[6223, 50]"
493,8,288,1186,0.0009100727041037555,4.000000000019613e-07,2,"[1, 2]","[6205, 64]"
494,8,288,1186,0.0009104127041037572,3.400000000016671e-07,2,"[1, 2]","[6214, 55]"
495,8,288,1186,0.0009108027041037591,3.9000000000191225e-07,2,"[1, 2]","[6243, 52]"
496,8,288,1186,0.000911802704103764,1.0000000000049032e-06,2,"[1, 2]","[6099, 46]"
497,8,288,1187,0.000909668440382108,0.000909668440382108,1,[1],[6297]
498,8,288,1187,0.00091006844038211,4.000000000019613e-07,1,[1],[6338]
499,8,288,1187,0.0009104184403821117,3.500000000017161e-07,1,[1],[6157]
500,8,288,1187,0.0009108284403821137,4.100000000020103e-07,1,[1],[6215]
501,8,288,1188,0.0009100238832803851,0.0009100238832803851,1,[1],[6272]
502,8,288,1188,0.0009107538832803886,7.300000000035793e-07,1,[1],[6242]
503,8,289,1154,0.0009122977617120143,0.0009122977617120143,3,"[1, 6, 7]","[3680, 2325, 308]"
504,8,289,1154,0.0009130277617120179,7.300000000035793e-07,3,"[1, 6, 7]","[1398, 3564, 1249]"
505,8,289,1154,0.0009137177617120212,6.900000000033832e-07,3,"[1, 6, 7]","[318, 4128, 1824]"
506,8,289,1154,0.0009148477617120268,1.1300000000055406e-06,3,"[1, 6, 7]","[26, 4919, 1262]"
507,8,289,1155,0.0009114427708811553,0.0009114427708811553,3,"[1, 6, 7]","[5771, 472, 8]"
508,8,289,1155,0.0009118127708811571,3.700000000018142e-07,3,"[1, 6, 7]","[5705, 619, 25]"
509,8,289,1155,0.0009121027708811585,2.9000000000142193e-07,3,"[1, 6, 7]","[5520, 797, 53]"
510,8,289,1155,0.0009123727708811598,2.7000000000132387e-07,3,"[1, 6, 7]","[5118, 896, 118]"
511,8,289,1155,0.0009126727708811613,3.0000000000147097e-07,3,"[1, 6, 7]","[4768, 1269, 250]"
512,8,289,1155,0.0009130527708811632,3.800000000018632e-07,3,"[1, 6, 7]","[3965, 1721, 467]"
513,8,289,1155,0.0009137427708811666,6.900000000033832e-07,3,"[1, 6, 7]","[2418, 2822, 1005]"
514,8,289,1156,0.0009115912878574477,0.0009115912878574477,3,"[1, 6, 7]","[6250, 5, 1]"
515,8,289,1156,0.0009119412878574495,3.500000000017161e-07,2,"[1, 6]","[6271, 8]"
516,8,289,1156,0.0009122212878574508,2.800000000013729e-07,3,"[1, 6, 7]","[6408, 8, 2]"
517,8,289,1156,0.000912471287857452,2.500000000012258e-07,2,"[1, 6]","[6254, 8]"
518,8,289,1156,0.0009127612878574535,2.9000000000142193e-07,2,"[1, 6]","[6087, 15]"
519,8,289,1156,0.0009131712878574555,4.100000000020103e-07,3,"[1, 6, 7]","[6252, 12, 1]"
520,8,289,1157,0.0009115759959796933,0.0009115759959796933,1,[1],[6253]
521,8,289,1157,0.0009118959959796949,3.2000000000156903e-07,1,[1],[6278]
522,8,289,1157,0.0009121559959796962,2.6000000000127484e-07,1,[1],[6492]
523,8,289,1157,0.0009123759959796973,2.200000000010787e-07,1,[1],[6202]
524,8,289,1157,0.0009126059959796984,2.3000000000112774e-07,1,[1],[6297]
525,8,289,1157,0.0009128659959796997,2.6000000000127484e-07,1,[1],[6141]
526,8,289,1157,0.0009132559959797016,3.9000000000191225e-07,1,[1],[6175]
527,8,289,1158,0.0009114660090512798,0.0009114660090512798,1,[1],[6365]
528,8,289,1158,0.0009117760090512813,3.1000000000152e-07,1,[1],[6195]
529,8,289,1158,0.0009120160090512825,2.4000000000117677e-07,1,[1],[6345]
530,8,289,1158,0.0009122260090512835,2.1000000000102968e-07,1,[1],[6295]
531,8,289,1158,0.0009124260090512845,2.0000000000098064e-07,1,[1],[6075]
532,8,289,1158,0.0009126560090512856,2.3000000000112774e-07,1,[1],[6444]
533,8,289,1158,0.000912926009051287,2.7000000000132387e-07,1,[1],[6038]
534,8,289,1158,0.0009134060090512893,4.800000000023535e-07,1,[1],[6253]
535,8,289,1159,0.0009113797115951996,0.0009113797115951996,1,[1],[6263]
536,8,289,1159,0.0009116997115952011,3.2000000000156903e-07,1,[1],[6387]
537,8,289,1159,0.0009119297115952023,2.3000000000112774e-07,1,[1],[6233]
538,8,289,1159,0.0009121397115952033,2.1000000000102968e-07,1,[1],[6416]
539,8,289,1159,0.0009123397115952043,2.0000000000098064e-07,1,[1],[6139]
540,8,289,1159,0.0009125497115952053,2.1000000000102968e-07,1,[1],[6273]
541,8,289,1159,0.0009128097115952066,2.6000000000127484e-07,1,[1],[6179]
542,8,289,1159,0.0009132397115952087,4.300000000021084e-07,1,[1],[6188]
543,8,289,1160,0.0009113309458602201,0.0009113309458602201,1,[1],[6289]
544,8,289,1160,0.0009116509458602217,3.2000000000156903e-07,1,[1],[6293]
545,8,289,1160,0.0009118909458602229,2.4000000000117677e-07,1,[1],[6379]
546,8,289,1160,0.0009120909458602239,2.0000000000098064e-07,1,[1],[6147]
547,8,289,1160,0.0009122909458602248,2.0000000000098064e-07,1,[1],[6320]
548,8,289,1160,0.0009125009458602259,2.1000000000102968e-07,1,[1],[6168]
549,8,289,1160,0.0009127709458602272,2.7000000000132387e-07,1,[1],[6338]
550,8,289,1160,0.0009131909458602293,4.2000000000205935e-07,1,[1],[6097]
551,8,289,1161,0.0009113522838277705,0.0009113522838277705,1,[1],[6319]
552,8,289,1161,0.0009116822838277721,3.3000000000161806e-07,1,[1],[6410]
553,8,289,1161,0.0009119222838277733,2.4000000000117677e-07,1,[1],[6185]
554,8,289,1161,0.0009121322838277743,2.1000000000102968e-07,1,[1],[6138]
555,8,289,1161,0.0009123522838277754,2.200000000010787e-07,1,[1],[6299]
556,8,289,1161,0.0009126022838277766,2.500000000012258e-07,1,[1],[6276]
557,8,289,1161,0.0009129322838277782,3.3000000000161806e-07,1,[1],[6126]
558,8,289,1162,0.0009113407054851035,0.0009113407054851035,1,[1],[6265]
559,8,289,1162,0.0009116807054851051,3.400000000016671e-07,1,[1],[6350]
560,8,289,1162,0.0009119307054851063,2.500000000012258e-07,1,[1],[6260]
561,8,289,1162,0.0009121607054851075,2.3000000000112774e-07,1,[1],[6160]
562,8,289,1162,0.0009124107054851087,2.500000000012258e-07,1,[1],[6332]
563,8,289,1162,0.0009127107054851102,3.0000000000147097e-07,1,[1],[6186]
564,8,289,1162,0.0009133107054851131,6.000000000029419e-07,1,[1],[6225]
565,8,289,1163,0.0009112841869073102,0.0009112841869073102,1,[1],[6303]
566,8,289,1163,0.0009116341869073119,3.500000000017161e-07,1,[1],[6403]
567,8,289,1163,0.0009118941869073132,2.6000000000127484e-07,1,[1],[6141]
568,8,289,1163,0.0009121341869073144,2.4000000000117677e-07,1,[1],[6176]
569,8,289,1163,0.0009124141869073158,2.800000000013729e-07,1,[1],[6368]
570,8,289,1163,0.0009127841869073176,3.700000000018142e-07,1,[1],[6216]
571,8,289,1164,0.0009112069580204448,0.0009112069580204448,1,[1],[6352]
572,8,289,1164,0.0009115569580204465,3.500000000017161e-07,1,[1],[6262]
573,8,289,1164,0.0009118369580204479,2.800000000013729e-07,1,[1],[6382]
574,8,289,1164,0.0009120869580204491,2.500000000012258e-07,1,[1],[6039]
575,8,289,1164,0.0009123869580204506,3.0000000000147097e-07,1,[1],[6328]
576,8,289,1164,0.0009128369580204528,4.5000000000220645e-07,1,[1],[6179]
577,8,289,1165,0.0009111652283916334,0.0009111652283916334,1,[1],[6328]
578,8,289,1165,0.0009115252283916352,3.6000000000176516e-07,1,[1],[6286]
579,8,289,1165,0.0009118052283916366,2.800000000013729e-07,1,[1],[6163]
580,8,289,1165,0.000912095228391638,2.9000000000142193e-07,1,[1],[6396]
581,8,289,1165,0.0009124252283916396,3.3000000000161806e-07,1,[1],[6077]
582,8,289,1165,0.0009132052283916434,7.800000000038245e-07,1,[1],[6262]
583,8,289,1166,0.0009111250878914913,0.0009111250878914913,1,[1],[6252]
584,8,289,1166,0.0009114950878914931,3.700000000018142e-07,1,[1],[6344]
585,8,289,1166,0.0009117950878914946,3.0000000000147097e-07,1,[1],[6289]
586,8,289,1166,0.0009121050878914961,3.1000000000152e-07,1,[1],[6293]
587,8,289,1166,0.000912495087891498,3.9000000000191225e-07,1,[1],[6093]
588,8,289,1167,0.0009110859090404905,0.0009110859090404905,1,[1],[6292]
589,8,289,1167,0.0009114659090404924,3.800000000018632e-07,1,[1],[6302]
590,8,289,1167,0.0009117759090404939,3.1000000000152e-07,1,[1],[6356]
591,8,289,1167,0.0009121059090404955,3.3000000000161806e-07,1,[1],[6191]
592,8,289,1167,0.0009125759090404978,4.700000000023045e-07,1,[1],[6180]
593,8,289,1168,0.000911063521724963,0.000911063521724963,1,[1],[6351]
594,8,289,1168,0.0009114535217249649,3.9000000000191225e-07,1,[1],[6327]
595,8,289,1168,0.0009117735217249665,3.2000000000156903e-07,1,[1],[6211]
596,8,289,1168,0.0009121235217249682,3.500000000017161e-07,1,[1],[6245]
597,8,289,1168,0.0009127235217249711,6.000000000029419e-07,1,[1],[6126]
598,8,289,1169,0.0009110505998000194,0.0009110505998000194,2,"[1, 4]","[6240, 15]"
599,8,289,1169,0.0009114605998000214,4.100000000020103e-07,2,"[1, 4]","[6350, 20]"
600,8,289,1169,0.0009118205998000232,3.6000000000176516e-07,2,"[1, 4]","[6206, 9]"
601,8,289,1169,0.0009122805998000254,4.600000000022555e-07,2,"[1, 4]","[6185, 6]"
602,8,289,1170,0.0009109878875008164,0.0009109878875008164,4,"[1, 4, 1587, 1588]","[5745, 525, 1, 3]"
603,8,289,1170,0.0009114078875008184,4.2000000000205935e-07,2,"[1, 4]","[5817, 517]"
604,8,289,1170,0.0009117878875008203,3.800000000018632e-07,3,"[1, 4, 1587]","[5750, 429, 2]"
605,8,289,1170,0.0009122978875008228,5.100000000025006e-07,3,"[1, 4, 1588]","[5761, 487, 1]"
606,8,289,1171,0.0009109973707340679,0.0009109973707340679,2,"[1, 4]","[6030, 248]"
607,8,289,1171,0.0009114673707340702,4.700000000023045e-07,3,"[1, 4, 1588]","[6076, 284, 1]"
608,8,289,1171,0.0009119373707340725,4.700000000023045e-07,2,"[1, 4]","[5918, 292]"
609,8,289,1172,0.0009110312715506916,0.0009110312715506916,1,[1],[6285]
610,8,289,1172,0.0009115612715506942,5.300000000025987e-07,2,"[1, 4]","[6344, 2]"
611,8,289,1172,0.0009122712715506977,7.100000000034813e-07,2,"[1, 4]","[6155, 1]"
612,8,289,1173,0.0009109820745824971,0.0009109820745824971,1,[1],[6329]
613,8,289,1173,0.0009115420745824999,5.600000000027458e-07,1,[1],[6203]
614,8,289,1173,0.0009126820745825055,1.1400000000055897e-06,1,[1],[6233]
615,8,289,1174,0.00091094504914531,0.00091094504914531,1,[1],[6321]
616,8,289,1174,0.0009116050491453133,6.600000000032361e-07,1,[1],[6207]
617,8,289,1175,0.0009109280002949952,0.0009109280002949952,1,[1],[6261]
618,8,289,1175,0.0009117580002949993,8.300000000040697e-07,1,[1],[6255]
619,8,289,1176,0.000910896422520558,0.000910896422520558,1,[1],[6256]
620,8,289,1176,0.0009120964225205639,1.2000000000058839e-06,1,[1],[6256]
621,8,289,1177,0.0009109535632558144,0.0009109535632558144,1,[1],[6265]
622,8,289,1178,0.0009110317644424905,0.0009110317644424905,1,[1],[6274]
623,8,289,1179,0.0009112318649448934,0.0009112318649448934,1,[1],[6270]
624,8,289,1180,0.0009114216939346624,0.0009114216939346624,1,[1],[6266]
625,8,289,1181,0.0009115067774998767,0.0009115067774998767,2,"[1, 3]","[5888, 368]"
626,8,289,1182,0.0009112462338704266,0.0009112462338704266,2,"[1, 3]","[5375, 875]"
627,8,290,1154,0.0009121965968554938,0.0009121965968554938,3,"[1, 6, 7]","[5073, 1221, 16]"
628,8,290,1155,0.0009113154815400901,0.0009113154815400901,2,"[1, 6]","[6094, 278]"
629,8,290,1155,0.0009116354815400917,3.2000000000156903e-07,3,"[1, 6, 7]","[5893, 297, 1]"
630,8,290,1155,0.0009118754815400929,2.4000000000117677e-07,3,"[1, 6, 7]","[5897, 290, 2]"
631,8,290,1155,0.000912095481540094,2.200000000010787e-07,3,"[1, 6, 7]","[5899, 353, 7]"
632,8,290,1155,0.000912315481540095,2.200000000010787e-07,3,"[1, 6, 7]","[5871, 428, 4]"
633,8,290,1155,0.0009125554815400962,2.4000000000117677e-07,3,"[1, 6, 7]","[5804, 421, 9]"
634,8,290,1155,0.0009128654815400977,3.1000000000152e-07,3,"[1, 6, 7]","[5774, 499, 16]"
635,8,290,1155,0.0009135954815401013,7.300000000035793e-07,3,"[1, 6, 7]","[5449, 651, 71]"
636,8,290,1156,0.0009115723008902312,0.0009115723008902312,2,"[1, 6]","[6259, 7]"
637,8,290,1156,0.000911942300890233,3.700000000018142e-07,2,"[1, 6]","[6409, 5]"
638,8,290,1156,0.0009122123008902343,2.7000000000132387e-07,3,"[1, 6, 7]","[6115, 4, 1]"
639,8,290,1156,0.0009124723008902356,2.6000000000127484e-07,2,"[1, 6]","[6284, 3]"
640,8,290,1156,0.000912762300890237,2.9000000000142193e-07,2,"[1, 6]","[6166, 6]"
641,8,290,1156,0.0009131923008902391,4.300000000021084e-07,3,"[1, 6, 7]","[6247, 7, 1]"
642,8,290,1157,0.000911865107067886,0.000911865107067886,1,[1],[6338]
643,8,290,1157,0.0009123151070678882,4.5000000000220645e-07,1,[1],[6276]
644,8,290,1157,0.0009127351070678903,4.2000000000205935e-07,1,[1],[6243]
645,8,290,1157,0.0009135551070678943,8.200000000040206e-07,1,[1],[6144]
646,8,290,1158,0.0009120458626765935,0.0009120458626765935,1,[1],[6256]
647,8,290,1158,0.0009127258626765968,6.800000000033342e-07,1,[1],[6253]
648,8,290,1159,0.000912410018280014,0.000912410018280014,1,[1],[6257]
649,8,290,1160,0.0009130831923216947,0.0009130831923216947,1,[1],[6258]
650,8,291,1121,0.0009246013208297727,0.0009246013208297727,2,"[40, 70]","[5116, 1191]"
651,8,291,1121,0.0009258113208297787,1.2100000000059329e-06,2,"[40, 70]","[5693, 530]"
652,8,292,1120,0.0009225776060389005,0.0009225776060389005,4,"[40, 70, 74, 75]","[6241, 6, 2, 3]"
653,8,292,1120,0.0009240676060389078,1.4900000000073058e-06,4,"[40, 70, 74, 75]","[5764, 519, 3, 2]"
654,8,292,1121,0.0009229213323641054,0.0009229213323641054,4,"[40, 70, 74, 75]","[6138, 110, 6, 1]"
655,8,292,1121,0.0009237713323641095,8.500000000041677e-07,2,"[40, 70]","[5263, 1052]"
656,8,292,1121,0.0009244013323641126,6.30000000003089e-07,2,"[40, 70]","[4473, 1730]"
657,8,292,1121,0.0009252413323641167,8.400000000041187e-07,2,"[40, 70]","[4380, 1849]"
658,8,292,1144,0.000897359181270085,0.000897359181270085,1,[586],[6295]
659,8,292,1144,0.0008994591812700953,2.1000000000102968e-06,1,[586],[6209]
660,8,292,1145,0.0008978748655624635,0.0008978748655624635,1,[586],[6300]
661,8,292,1145,0.0008986648655624674,7.900000000038735e-07,1,[586],[6221]
662,8,293,1118,0.0009205628962685909,0.0009205628962685909,2,"[40, 78]","[6262, 1]"
663,8,293,1119,0.0009202664990475944,0.0009202664990475944,2,"[40, 78]","[6268, 3]"
664,8,293,1119,0.0009215964990476009,1.3300000000065213e-06,1,[40],[6238]
665,8,293,1120,0.0009207563805387012,0.0009207563805387012,2,"[40, 78]","[6261, 1]"
666,8,293,1120,0.000921326380538704,5.700000000027948e-07,1,[40],[6325]
667,8,293,1120,0.0009219963805387073,6.700000000032852e-07,2,"[40, 74]","[6216, 1]"
668,8,293,1121,0.0009225131957938177,0.0009225131957938177,3,"[40, 70, 75]","[6260, 1, 1]"
669,8,293,1141,0.000894768875340168,0.000894768875340168,3,"[586, 704, 733]","[6184, 3, 110]"
670,8,293,1142,0.000895079734512956,0.000895079734512956,3,"[586, 704, 733]","[6307, 3, 3]"
671,8,293,1142,0.00089588973451296,8.100000000039716e-07,2,"[586, 704]","[6204, 3]"
672,8,293,1143,0.000895828927636792,0.000895828927636792,1,[586],[6302]
673,8,293,1143,0.0008965589276367956,7.300000000035793e-07,1,[586],[6252]
674,8,293,1144,0.0008969690807799903,0.0008969690807799903,1,[586],[6304]
675,8,293,1144,0.0008981890807799963,1.220000000005982e-06,1,[586],[6207]
676,8,294,1118,0.0009204770368038776,0.0009204770368038776,2,"[40, 78]","[6237, 30]"
677,8,294,1119,0.0009199322128394304,0.0009199322128394304,2,"[40, 78]","[5951, 390]"
678,8,294,1119,0.0009205222128394333,5.900000000028929e-07,1,[40],[6199]
679,8,294,1119,0.0009211622128394364,6.400000000031381e-07,1,[40],[6241]
680,8,294,1120,0.000921040594658543,0.000921040594658543,2,"[40, 78]","[6190, 66]"
681,8,294,1137,0.0008917612111981829,0.0008917612111981829,3,"[586, 631, 700]","[5994, 223, 74]"
682,8,294,1138,0.0008923450975448177,0.0008923450975448177,4,"[586, 631, 700, 701]","[4859, 1278, 114, 2]"
683,8,294,1138,0.0008931450975448216,8.000000000039226e-07,4,"[586, 631, 700, 701]","[5268, 1008, 31, 1]"
684,8,294,1139,0.0008931375912383946,0.0008931375912383946,3,"[586, 631, 700]","[6210, 65, 1]"
685,8,294,1139,0.000893817591238398,6.800000000033342e-07,3,"[586, 631, 733]","[6261, 9, 1]"
686,8,294,1140,0.0008936705597900672,0.0008936705597900672,2,"[586, 733]","[6189, 141]"
687,8,294,1140,0.0008943105597900704,6.400000000031381e-07,2,"[586, 733]","[6062, 140]"
688,8,294,1141,0.0008944327426480637,0.0008944327426480637,3,"[586, 704, 733]","[5821, 1, 446]"
689,8,294,1141,0.0008957527426480702,1.3200000000064722e-06,3,"[586, 704, 733]","[6170, 2, 64]"
690,8,295,1133,0.0008872806906193082,0.0008872806906193082,3,"[586, 632, 689]","[5709, 275, 298]"
691,8,295,1134,0.0008873621146840412,0.0008873621146840412,2,"[586, 632]","[3465, 2797]"
692,8,295,1134,0.000887932114684044,5.700000000027948e-07,2,"[586, 632]","[4013, 2283]"
693,8,295,1134,0.0008885821146840472,6.500000000031871e-07,2,"[586, 632]","[4738, 1490]"
694,8,295,1135,0.0008885416958343444,0.0008885416958343444,2,"[586, 632]","[5475, 791]"
695,8,295,1135,0.000889261695834348,7.200000000035303e-07,2,"[586, 632]","[6263, 53]"
696,8,295,1135,0.0008901616958343524,9.000000000044129e-07,2,"[586, 632]","[6197, 6]"
697,8,295,1136,0.0008898540237062815,0.0008898540237062815,2,"[586, 632]","[6315, 1]"
698,8,295,1136,0.0008905840237062851,7.300000000035793e-07,1,[586],[6185]
699,8,295,1136,0.0008922940237062935,1.7100000000083845e-06,3,"[586, 631, 700]","[6252, 3, 1]"
700,8,295,1137,0.0008912085460464538,0.0008912085460464538,3,"[586, 631, 700]","[6247, 33, 5]"
701,8,295,1137,0.0008921785460464586,9.700000000047561e-07,4,"[586, 631, 700, 701]","[5891, 311, 50, 2]"
702,8,295,1138,0.0008925013129318361,0.0008925013129318361,4,"[586, 631, 700, 701]","[5087, 1108, 70, 1]"
703,8,296,1131,0.0008853327147837398,0.0008853327147837398,2,"[586, 689]","[6262, 3]"
704,8,296,1131,0.0008863227147837446,9.900000000048542e-07,2,"[586, 689]","[6223, 24]"
705,8,296,1132,0.0008856854143029266,0.0008856854143029266,2,"[586, 689]","[5991, 317]"
706,8,296,1132,0.0008862154143029292,5.300000000025987e-07,2,"[586, 689]","[5677, 602]"
707,8,296,1132,0.000886785414302932,5.700000000027948e-07,2,"[586, 689]","[5406, 821]"
708,8,296,1133,0.0008867315750229642,0.0008867315750229642,3,"[586, 632, 689]","[5367, 38, 864]"
709,8,296,1133,0.0008879315750229701,1.2000000000058839e-06,3,"[586, 632, 689]","[5646, 218, 385]"
710,8,296,1134,0.0008881221906149214,0.0008881221906149214,3,"[586, 632, 689]","[3673, 2572, 7]"
711,8,297,1129,0.0008846922012310016,0.0008846922012310016,2,"[586, 635]","[1818, 4456]"
712,8,297,1130,0.0008838889965331715,0.0008838889965331715,2,"[586, 635]","[2995, 3283]"
713,8,297,1130,0.0008844389965331742,5.500000000026968e-07,2,"[586, 635]","[4915, 1345]"
714,8,297,1130,0.0008849889965331769,5.500000000026968e-07,2,"[586, 635]","[5560, 679]"
715,8,297,1131,0.0008849507251607688,0.0008849507251607688,2,"[586, 635]","[6255, 63]"
716,8,297,1131,0.000885800725160773,8.500000000041677e-07,3,"[586, 635, 689]","[6210, 4, 1]"
717,8,298,1129,0.0008837587710424398,0.0008837587710424398,2,"[586, 635]","[1159, 5165]"
718,8,298,1129,0.0008844687710424432,7.100000000034813e-07,2,"[586, 635]","[3222, 2998]"
719,8,298,1129,0.0008853487710424475,8.800000000043148e-07,2,"[586, 635]","[5098, 1133]"
720,8,298,1130,0.0008836460060006432,0.0008836460060006432,2,"[586, 635]","[1343, 4986]"
721,8,298,1130,0.000884226006000646,5.800000000028439e-07,2,"[586, 635]","[2834, 3405]"
722,8,298,1130,0.000884836006000649,6.10000000002991e-07,2,"[586, 635]","[4121, 2099]"
723,8,299,1128,0.0008866029634272722,0.0008866029634272722,2,"[586, 635]","[6267, 1]"
724,8,299,1129,0.0008851174447919683,0.0008851174447919683,2,"[586, 635]","[6058, 245]"
725,8,299,1129,0.000885877444791972,7.600000000037264e-07,2,"[586, 635]","[6274, 6]"
726,8,299,1129,0.000886687444791976,8.100000000039716e-07,1,[586],[6192]
727,8,300,1127,0.0008894706956630835,0.0008894706956630835,2,"[586, 637]","[6282, 3]"
728,8,300,1128,0.0008873882796020169,0.0008873882796020169,3,"[586, 637, 641]","[6259, 4, 2]"
729,8,300,1128,0.0008880782796020203,6.900000000033832e-07,3,"[586, 637, 641]","[6251, 3, 3]"
730,8,300,1128,0.0008887582796020236,6.800000000033342e-07,3,"[586, 637, 641]","[6273, 3, 1]"
731,8,300,1129,0.0008874408898098923,0.0008874408898098923,1,[586],[6289]
732,8,301,1127,0.0008892368866975228,0.0008892368866975228,1,[586],[6320]
733,8,301,1127,0.0008901568866975273,9.20000000004511e-07,1,[586],[6189]
734,8,301,1128,0.0008885804058121155,0.0008885804058121155,1,[586],[6258]
735,8,301,1128,0.0008900304058121226,1.4500000000071097e-06,1,[586],[6245]
736,8,303,1103,0.000808005177603744,0.000808005177603744,3,"[588, 595, 623]","[6255, 1, 4]"
737,8,303,1104,0.000808289009976503,0.000808289009976503,2,"[588, 623]","[6242, 63]"
738,8,303,1104,0.0008094690099765088,1.1800000000057858e-06,1,[588],[6199]
739,8,304,1094,0.0007926265266975143,0.0007926265266975143,1,[588],[6264]
740,8,304,1094,0.0007933065266975177,6.800000000033342e-07,1,[588],[6293]
741,8,304,1094,0.0007949765266975258,1.6700000000081884e-06,1,[588],[6193]
742,8,304,1095,0.0007939293058280984,0.0007939293058280984,1,[588],[6252]
743,8,304,1095,0.0007949793058281035,1.0500000000051484e-06,1,[588],[6248]
744,8,304,1095,0.00079629930582811,1.3200000000064722e-06,1,[588],[6259]
745,8,304,1096,0.000797554381483046,0.000797554381483046,2,"[588, 610]","[6272, 8]"
746,8,304,1096,0.0007992643814830544,1.7100000000083845e-06,4,"[588, 608, 610, 611]","[6123, 49, 54, 6]"
747,8,304,1101,0.0008049561229338275,0.0008049561229338275,2,"[588, 621]","[6205, 65]"
748,8,304,1102,0.0008054415706921388,0.0008054415706921388,3,"[588, 595, 621]","[6322, 1, 5]"
749,8,304,1102,0.000806101570692142,6.600000000032361e-07,2,"[588, 621]","[6243, 1]"
750,8,304,1102,0.0008070315706921466,9.3000000000456e-07,1,[588],[6178]
751,8,304,1103,0.0008065596004273542,0.0008065596004273542,3,"[588, 595, 623]","[6019, 218, 55]"
752,8,304,1103,0.0008072796004273577,7.200000000035303e-07,1,[588],[6247]
753,8,304,1103,0.0008086196004273643,1.3400000000065703e-06,1,[588],[6214]
754,8,304,1104,0.0008081126441333497,0.0008081126441333497,4,"[588, 595, 623, 624]","[4252, 994, 1016, 11]"
755,8,305,1094,0.0007925195082692064,0.0007925195082692064,1,[588],[6282]
756,8,305,1094,0.000793039508269209,5.200000000025497e-07,1,[588],[6297]
757,8,305,1094,0.0007937095082692123,6.700000000032852e-07,1,[588],[6204]
758,8,305,1095,0.0007941106920163253,0.0007941106920163253,1,[588],[6283]
759,8,305,1095,0.0007959506920163343,1.840000000009022e-06,1,[588],[6228]
760,8,305,1095,0.0007988806920163487,2.9300000000143664e-06,3,"[588, 610, 611]","[6221, 21, 1]"
761,8,305,1096,0.0007977202431807422,0.0007977202431807422,2,"[588, 610]","[6225, 30]"
762,8,305,1096,0.0007988502431807477,1.1300000000055406e-06,4,"[588, 608, 610, 611]","[6125, 94, 49, 2]"
763,8,305,1096,0.0007996702431807517,8.200000000040206e-07,3,"[588, 608, 610]","[5257, 990, 14]"
764,8,305,1096,0.0008006102431807563,9.40000000004609e-07,2,"[588, 608]","[3698, 2528]"
765,8,305,1097,0.0007996655225403135,0.0007996655225403135,3,"[588, 608, 610]","[4707, 1555, 3]"
766,8,305,1097,0.0008001455225403159,4.800000000023535e-07,2,"[588, 608]","[4474, 1823]"
767,8,305,1097,0.0008005555225403179,4.100000000020103e-07,2,"[588, 608]","[4584, 1690]"
768,8,305,1097,0.0008010855225403205,5.300000000025987e-07,2,"[588, 608]","[4914, 1297]"
769,8,305,1098,0.0008009272327627661,0.0008009272327627661,2,"[588, 608]","[6266, 66]"
770,8,305,1098,0.0008016072327627694,6.800000000033342e-07,2,"[588, 608]","[6209, 2]"
771,8,305,1098,0.0008033072327627778,1.7000000000083355e-06,1,[588],[6208]
772,8,305,1099,0.000801960573624904,0.000801960573624904,1,[588],[6252]
773,8,305,1099,0.0008026105736249072,6.500000000031871e-07,1,[588],[6306]
774,8,305,1099,0.0008038705736249133,1.260000000006178e-06,1,[588],[6201]
775,8,305,1100,0.000802906352023343,0.000802906352023343,1,[588],[6309]
776,8,305,1100,0.0008035563520233462,6.500000000031871e-07,2,"[588, 621]","[6261, 1]"
777,8,305,1100,0.0008045563520233511,1.0000000000049032e-06,2,"[588, 621]","[6187, 21]"
778,8,305,1101,0.0008040632899506684,0.0008040632899506684,2,"[588, 621]","[6216, 42]"
779,8,305,1101,0.0008048932899506725,8.300000000040697e-07,2,"[588, 621]","[6172, 100]"
780,8,305,1102,0.0008070654161125852,0.0008070654161125852,3,"[588, 595, 621]","[6238, 1, 13]"
781,8,305,1104,0.0007567917320418227,0.0007567917320418227,1,[595],[6250]
782,8,306,1094,0.0007918044387526711,0.0007918044387526711,1,[588],[6275]
783,8,306,1094,0.000792394438752674,5.900000000028929e-07,1,[588],[6227]
784,8,306,1094,0.0007930744387526774,6.800000000033342e-07,1,[588],[6314]
785,8,307,1093,0.00079161986548924,0.00079161986548924,1,[588],[6263]
786,8,307,1094,0.0007907455875840087,0.0007907455875840087,1,[588],[6341]
787,8,307,1094,0.0007913255875840116,5.800000000028439e-07,1,[588],[6222]
788,8,307,1094,0.0007919855875840148,6.600000000032361e-07,1,[588],[6243]
789,8,308,1093,0.0007912330283954418,0.0007912330283954418,1,[588],[6257]
790,8,308,1094,0.0007898411073323068,0.0007898411073323068,1,[588],[6320]
791,8,308,1094,0.000790301107332309,4.600000000022555e-07,1,[588],[6318]
792,8,308,1094,0.0007907311073323111,4.300000000021084e-07,1,[588],[6247]
793,8,308,1094,0.0007913511073323142,6.2000000000304e-07,1,[588],[6156]
794,8,309,1102,0.0007674243859053632,0.0007674243859053632,1,[590],[6297]
795,8,310,1102,0.0007672769792990616,0.0007672769792990616,1,[590],[6268]
796,8,310,1102,0.0007682269792990662,9.500000000046581e-07,1,[590],[6250]
797,8,313,1116,0.0008520325311771631,0.0008520325311771631,2,"[656, 657]","[4452, 1853]"
798,8,313,1116,0.0008528725311771672,8.400000000041187e-07,2,"[656, 657]","[1973, 4231]"
799,8,313,1116,0.000854452531177175,1.580000000007747e-06,2,"[656, 657]","[395, 5861]"
800,8,314,1115,0.0008504723343812048,0.0008504723343812048,4,"[656, 683, 685, 686]","[4962, 1214, 91, 4]"
801,8,314,1115,0.0008527223343812158,2.2500000000110322e-06,3,"[656, 657, 683]","[4910, 755, 576]"
802,8,314,1115,0.0008536923343812206,9.700000000047561e-07,2,"[656, 657]","[41, 6215]"
803,8,314,1115,0.0008541523343812229,4.600000000022555e-07,2,"[656, 657]","[1, 6297]"
804,8,314,1115,0.0008546223343812252,4.700000000023045e-07,1,[657],[6197]
805,8,314,1116,0.0008509961784937212,0.0008509961784937212,4,"[656, 657, 683, 685]","[6022, 44, 258, 6]"
806,8,314,1116,0.0008516461784937244,6.500000000031871e-07,3,"[656, 657, 683]","[5880, 312, 32]"
807,8,314,1116,0.000852376178493728,7.300000000035793e-07,3,"[656, 657, 683]","[4414, 1790, 4]"
808,8,314,1116,0.0008532061784937321,8.300000000040697e-07,2,"[656, 657]","[1207, 5052]"
809,8,314,1116,0.0008539361784937357,7.300000000035793e-07,2,"[656, 657]","[91, 6172]"
810,8,314,1116,0.0008553361784937425,1.4000000000068645e-06,2,"[656, 657]","[5, 6216]"
811,8,315,1114,0.0008473356393205992,0.0008473356393205992,2,"[656, 685]","[6158, 111]"
812,8,315,1114,0.0008486056393206055,1.270000000006227e-06,4,"[656, 683, 685, 686]","[6220, 3, 29, 1]"
813,8,315,1115,0.000845651252603383,0.000845651252603383,2,"[656, 685]","[6327, 9]"
814,8,315,1115,0.0008461912526033856,5.400000000026477e-07,2,"[656, 685]","[6238, 24]"
815,8,315,1115,0.0008467012526033881,5.100000000025006e-07,3,"[656, 685, 686]","[6131, 72, 2]"
816,8,315,1115,0.0008473812526033915,6.800000000033342e-07,4,"[656, 683, 685, 686]","[6136, 1, 122, 2]"
817,8,315,1115,0.0008484612526033968,1.0800000000052955e-06,4,"[656, 683, 685, 686]","[6086, 72, 59, 1]"
818,8,315,1115,0.0008492412526034006,7.800000000038245e-07,2,"[656, 683]","[5288, 945]"
819,8,315,1115,0.0008497712526034032,5.300000000025987e-07,2,"[656, 683]","[4054, 2222]"
820,8,315,1115,0.0008502012526034053,4.300000000021084e-07,2,"[656, 683]","[3319, 2924]"
821,8,315,1115,0.0008506812526034076,4.800000000023535e-07,2,"[656, 683]","[3104, 3171]"
822,8,315,1115,0.0008517912526034131,1.1100000000054426e-06,3,"[656, 657, 683]","[3438, 1, 2758]"
823,8,315,1116,0.0008501573380212629,0.0008501573380212629,3,"[656, 683, 685]","[5271, 1009, 5]"
824,8,315,1116,0.0008532073380212779,3.050000000014955e-06,4,"[656, 657, 671, 683]","[4979, 171, 2, 1064]"
825,8,316,1115,0.0008463610294053057,0.0008463610294053057,1,[656],[6265]
826,8,316,1115,0.0008502310294053246,3.8700000000189754e-06,3,"[656, 683, 685]","[5678, 546, 13]"
827,8,348,1280,0.0012043203049762756,0.0012043203049762756,2,"[21, 39]","[4444, 1812]"
828,8,349,1279,0.00120240596824341,0.00120240596824341,2,"[21, 39]","[6123, 190]"
829,8,349,1279,0.001203265968243405,8.599999999948926e-07,2,"[21, 39]","[5636, 557]"
830,8,349,1280,0.0012025081135364855,0.0012025081135364855,2,"[21, 39]","[5608, 668]"
831,8,349,1280,0.0012032381135364811,7.299999999956647e-07,2,"[21, 39]","[4877, 1369]"
832,8,349,1280,0.001204118113536476,8.799999999947739e-07,2,"[21, 39]","[4517, 1723]"
833,8,350,1279,0.0012029516805267205,0.0012029516805267205,2,"[21, 39]","[6239, 34]"
834,8,370,1201,0.0007712413174530214,0.0007712413174530214,4,"[747, 748, 750, 1278]","[1232, 784, 3383, 912]"
835,8,370,1201,0.0007716513174530234,4.100000000020103e-07,4,"[747, 748, 750, 1278]","[1340, 1242, 2675, 970]"
836,8,370,1201,0.0007719913174530251,3.400000000016671e-07,4,"[747, 748, 750, 1278]","[1776, 1681, 2116, 814]"
837,8,370,1201,0.0007723013174530266,3.1000000000152e-07,4,"[747, 748, 750, 1278]","[2120, 2028, 1458, 567]"
838,8,370,1201,0.0007726213174530282,3.2000000000156903e-07,4,"[747, 748, 750, 1278]","[2407, 2402, 1013, 398]"
839,8,370,1201,0.0007730213174530302,4.000000000019613e-07,4,"[747, 748, 750, 1278]","[2706, 2710, 597, 185]"
840,8,370,1201,0.0007737913174530339,7.700000000037755e-07,4,"[747, 748, 750, 1278]","[3041, 2896, 263, 63]"
841,8,370,1202,0.000772198739128386,0.000772198739128386,4,"[747, 748, 750, 1278]","[1234, 1557, 2618, 868]"
842,8,371,1201,0.0007705314433659931,0.0007705314433659931,5,"[747, 748, 750, 1278, 1281]","[3931, 1362, 736, 137, 177]"
843,8,371,1201,0.0007709714433659952,4.400000000021574e-07,5,"[747, 748, 750, 1278, 1281]","[2630, 1715, 1539, 402, 14]"
844,8,371,1201,0.0007712814433659968,3.1000000000152e-07,5,"[747, 748, 750, 1278, 1281]","[2114, 1684, 1817, 573, 4]"
845,8,371,1201,0.0007715614433659981,2.800000000013729e-07,4,"[747, 748, 750, 1278]","[1931, 1811, 1891, 705]"
846,8,371,1201,0.0007718414433659995,2.800000000013729e-07,4,"[747, 748, 750, 1278]","[1838, 1760, 1851, 805]"
847,8,371,1201,0.000772151443366001,3.1000000000152e-07,4,"[747, 748, 750, 1278]","[1661, 1893, 1710, 818]"
848,8,371,1201,0.0007726214433660033,4.700000000023045e-07,4,"[747, 748, 750, 1278]","[1885, 2169, 1504, 773]"
849,8,371,1202,0.0007700076550027553,0.0007700076550027553,5,"[747, 748, 750, 1278, 1281]","[3280, 2393, 40, 3, 547]"
850,8,371,1202,0.000770557655002758,5.500000000026968e-07,5,"[747, 748, 750, 1278, 1281]","[2713, 3131, 248, 38, 202]"
851,8,371,1202,0.0007710076550027602,4.5000000000220645e-07,5,"[747, 748, 750, 1278, 1281]","[2218, 3237, 505, 133, 72]"
852,8,371,1202,0.0007714676550027625,4.600000000022555e-07,5,"[747, 748, 750, 1278, 1281]","[1954, 3089, 877, 328, 27]"
853,8,371,1202,0.0007721376550027658,6.700000000032852e-07,5,"[747, 748, 750, 1278, 1281]","[1633, 2922, 1128, 547, 3]"
854,8,372,1201,0.0007702165944442011,0.0007702165944442011,5,"[747, 748, 781, 1281, 1282]","[3987, 609, 6, 1666, 9]"
855,8,372,1202,0.000768312537801024,0.000768312537801024,5,"[747, 748, 781, 1281, 1282]","[4449, 849, 1, 106, 926]"
856,8,372,1202,0.0007688025378010264,4.900000000024026e-07,4,"[747, 748, 1281, 1282]","[3891, 1641, 654, 40]"
857,8,372,1202,0.0007691425378010281,3.400000000016671e-07,4,"[747, 748, 1281, 1282]","[3127, 1886, 1358, 5]"
858,8,372,1202,0.0007694025378010294,2.6000000000127484e-07,4,"[747, 748, 1281, 1282]","[2407, 1982, 1838, 2]"
859,8,372,1202,0.0007696325378010305,2.3000000000112774e-07,3,"[747, 748, 1281]","[1993, 2050, 2267]"
860,8,372,1202,0.0007698525378010316,2.200000000010787e-07,3,"[747, 748, 1281]","[1820, 1953, 2456]"
861,8,372,1202,0.0007700725378010327,2.200000000010787e-07,3,"[747, 748, 1281]","[1596, 1982, 2687]"
862,8,372,1202,0.0007703125378010338,2.4000000000117677e-07,3,"[747, 748, 1281]","[1431, 1925, 2807]"
863,8,372,1202,0.0007706125378010353,3.0000000000147097e-07,5,"[747, 748, 750, 1278, 1281]","[1246, 2142, 1, 1, 2819]"
864,8,372,1202,0.000771152537801038,5.400000000026477e-07,5,"[747, 748, 750, 1278, 1281]","[1242, 2429, 5, 1, 2523]"
865,8,372,1203,0.0007688609936698608,0.0007688609936698608,4,"[747, 748, 1281, 1282]","[1169, 3740, 65, 1337]"
866,8,372,1203,0.0007701409936698671,1.2800000000062761e-06,4,"[747, 748, 1281, 1282]","[561, 4464, 1165, 5]"
867,8,373,1202,0.0007666879555416677,0.0007666879555416677,4,"[747, 748, 781, 1282]","[3220, 39, 2, 3003]"
868,8,373,1202,0.0007672679555416705,5.800000000028439e-07,3,"[747, 748, 1282]","[3396, 161, 2749]"
869,8,373,1202,0.0007677979555416731,5.300000000025987e-07,4,"[747, 748, 1281, 1282]","[3922, 469, 1, 1870]"
870,8,373,1202,0.0007683679555416759,5.700000000027948e-07,4,"[747, 748, 1281, 1282]","[4133, 1067, 31, 943]"
871,8,373,1202,0.0007691579555416798,7.900000000038735e-07,4,"[747, 748, 1281, 1282]","[3475, 2007, 536, 256]"
872,8,373,1202,0.0007701079555416844,9.500000000046581e-07,4,"[747, 748, 1281, 1282]","[1264, 1484, 3485, 12]"
873,8,373,1203,0.0007662524206881507,0.0007662524206881507,3,"[747, 748, 1282]","[1767, 522, 4020]"
874,8,373,1203,0.0007666224206881525,3.700000000018142e-07,3,"[747, 748, 1282]","[1103, 815, 4357]"
875,8,373,1203,0.0007669024206881539,2.800000000013729e-07,3,"[747, 748, 1282]","[951, 1053, 4177]"
876,8,373,1203,0.0007671624206881552,2.6000000000127484e-07,3,"[747, 748, 1282]","[903, 1443, 3928]"
877,8,373,1203,0.0007674324206881565,2.7000000000132387e-07,3,"[747, 748, 1282]","[880, 1983, 3461]"
878,8,373,1203,0.000767732420688158,3.0000000000147097e-07,3,"[747, 748, 1282]","[871, 2625, 2772]"
879,8,373,1203,0.0007680924206881597,3.6000000000176516e-07,3,"[747, 748, 1282]","[854, 3501, 1879]"
880,8,373,1203,0.0007685924206881622,5.000000000024516e-07,4,"[747, 748, 1281, 1282]","[717, 4548, 11, 863]"
881,8,373,1203,0.0007700324206881692,1.4400000000070606e-06,4,"[747, 748, 1281, 1282]","[465, 5164, 451, 169]"
882,8,373,1204,0.0007668573659661195,0.0007668573659661195,3,"[747, 748, 1282]","[25, 1275, 4973]"
883,8,373,1204,0.000767567365966123,7.100000000034813e-07,3,"[747, 748, 1282]","[4, 1283, 4984]"
884,8,374,1202,0.0007667263829233296,0.0007667263829233296,4,"[747, 748, 1282, 1440]","[5745, 35, 483, 1]"
885,8,374,1203,0.0007650746944399462,0.0007650746944399462,5,"[747, 748, 1282, 1440, 1443]","[6080, 179, 11, 10, 3]"
886,8,374,1203,0.0007658146944399498,7.400000000036284e-07,4,"[747, 748, 1282, 1440]","[5007, 998, 285, 1]"
887,8,374,1203,0.0007663946944399527,5.800000000028439e-07,4,"[747, 748, 1282, 1440]","[3259, 1991, 985, 1]"
888,8,374,1203,0.0007669246944399553,5.300000000025987e-07,3,"[747, 748, 1282]","[1832, 2706, 1705]"
889,8,374,1203,0.0007675746944399585,6.500000000031871e-07,3,"[747, 748, 1282]","[1025, 3200, 2003]"
890,8,374,1204,0.0007657070026119875,0.0007657070026119875,4,"[747, 748, 1282, 1440]","[583, 5630, 56, 2]"
891,8,374,1204,0.000766417002611991,7.100000000034813e-07,3,"[747, 748, 1282]","[70, 5815, 390]"
892,8,374,1204,0.0007672170026119949,8.000000000039226e-07,3,"[747, 748, 1282]","[20, 5038, 1187]"
893,8,375,1203,0.0007634840247380314,0.0007634840247380314,3,"[747, 748, 1440]","[6255, 2, 2]"
894,8,375,1203,0.000764214024738035,7.300000000035793e-07,4,"[747, 748, 1440, 1443]","[6222, 16, 18, 4]"
895,8,375,1203,0.0007651740247380397,9.60000000004707e-07,4,"[747, 748, 1440, 1443]","[6030, 213, 14, 2]"
896,8,375,1204,0.0007641454177734029,0.0007641454177734029,3,"[747, 748, 1440]","[3696, 2591, 1]"
897,8,375,1204,0.0007649554177734069,8.100000000039716e-07,4,"[747, 748, 1440, 1443]","[768, 5490, 1, 1]"
898,8,375,1204,0.0007657654177734109,8.100000000039716e-07,2,"[747, 748]","[195, 6067]"
899,8,375,1205,0.000764377275649382,0.000764377275649382,2,"[747, 748]","[11, 6240]"
900,8,376,1203,0.0007625843103274193,0.0007625843103274193,1,[747],[6273]
901,8,376,1203,0.0007642943103274277,1.7100000000083845e-06,2,"[747, 748]","[6232, 2]"
902,8,376,1204,0.0007619554225264138,0.0007619554225264138,2,"[747, 748]","[6252, 29]"
903,8,376,1204,0.000763015422526419,1.0600000000051974e-06,2,"[747, 748]","[5830, 424]"
904,8,376,1205,0.0007627037826625293,0.0007627037826625293,2,"[747, 748]","[190, 6070]"
905,8,376,1205,0.0007633737826625326,6.700000000032852e-07,2,"[747, 748]","[17, 6301]"
906,8,376,1205,0.0007641537826625364,7.800000000038245e-07,2,"[747, 748]","[2, 6210]"
907,8,377,1204,0.0007602630624416716,0.0007602630624416716,5,"[747, 1286, 1287, 1436, 1437]","[6063, 178, 50, 10, 2]"
908,8,377,1204,0.0007609830624416751,7.200000000035303e-07,6,"[747, 748, 1286, 1287, 1436, 1437]","[6218, 2, 18, 3, 11, 2]"
909,8,377,1204,0.0007619030624416796,9.20000000004511e-07,5,"[747, 748, 1286, 1436, 1437]","[6207, 10, 2, 3, 2]"
910,8,377,1205,0.0007620565554509745,0.0007620565554509745,5,"[747, 748, 1286, 1287, 1436]","[2007, 3996, 180, 88, 6]"
911,8,377,1206,0.0007609487700273056,0.0007609487700273056,4,"[747, 748, 1286, 1287]","[1, 6320, 1, 1]"
912,8,377,1206,0.0007616587700273091,7.100000000034813e-07,1,[748],[6257]
913,8,377,1206,0.0007626187700273138,9.60000000004707e-07,1,[748],[6192]
914,8,378,1204,0.0007588759872403769,0.0007588759872403769,3,"[747, 1286, 1287]","[3622, 1104, 1573]"
915,8,378,1204,0.0007593859872403794,5.100000000025006e-07,5,"[747, 1286, 1287, 1436, 1437]","[3267, 1524, 1428, 3, 2]"
916,8,378,1204,0.0007598959872403819,5.100000000025006e-07,4,"[747, 1286, 1287, 1436]","[3616, 1595, 1074, 5]"
917,8,378,1204,0.0007610759872403877,1.1800000000057858e-06,5,"[747, 1286, 1287, 1436, 1437]","[4497, 1152, 532, 10, 2]"
918,8,378,1205,0.0007588180117067364,0.0007588180117067364,4,"[747, 748, 1286, 1287]","[3612, 3, 669, 1978]"
919,8,378,1205,0.0007594180117067393,6.000000000029419e-07,4,"[747, 748, 1286, 1287]","[2516, 8, 1354, 2449]"
920,8,378,1205,0.0007603980117067441,9.800000000048052e-07,5,"[747, 748, 1286, 1287, 1436]","[2252, 105, 1752, 2060, 2]"
921,8,378,1206,0.000760098627312536,0.000760098627312536,6,"[747, 748, 1273, 1274, 1286, 1287]","[68, 6109, 8, 1, 13, 54]"
922,8,378,1206,0.0007610586273125407,9.60000000004707e-07,3,"[748, 1286, 1287]","[6278, 2, 2]"
923,8,378,1207,0.0007595090765950516,0.0007595090765950516,3,"[748, 1273, 1274]","[6285, 20, 1]"
924,8,378,1207,0.0007607090765950575,1.2000000000058839e-06,3,"[748, 1273, 1274]","[6199, 4, 1]"
925,8,379,1204,0.0007589396104376199,0.0007589396104376199,4,"[747, 1286, 1287, 1289]","[5100, 205, 975, 4]"
926,8,379,1205,0.0007573502357300254,0.0007573502357300254,6,"[747, 1286, 1287, 1289, 1290, 1291]","[6069, 1, 2, 198, 10, 9]"
927,8,379,1205,0.0007580502357300288,7.000000000034323e-07,4,"[747, 1286, 1287, 1289]","[6084, 10, 143, 2]"
928,8,379,1205,0.0007588002357300325,7.500000000036774e-07,3,"[747, 1286, 1287]","[5246, 130, 916]"
929,8,379,1207,0.0007581950921501862,0.0007581950921501862,3,"[748, 752, 1273]","[6291, 9, 3]"
930,8,379,1207,0.0007589250921501897,7.300000000035793e-07,3,"[748, 1273, 1274]","[6230, 20, 2]"
931,8,379,1208,0.0007581101701497701,0.0007581101701497701,2,"[748, 752]","[6068, 196]"
932,8,380,1205,0.0007553516323505609,0.0007553516323505609,6,"[747, 1289, 1290, 1291, 1292, 1428]","[1725, 2912, 911, 693, 1, 27]"
933,8,380,1205,0.0007558816323505635,5.300000000025987e-07,6,"[747, 1289, 1290, 1291, 1428, 1429]","[2572, 2037, 800, 848, 20, 1]"
934,8,380,1205,0.0007563416323505658,4.600000000022555e-07,6,"[747, 1289, 1290, 1291, 1428, 1429]","[3316, 1725, 528, 636, 20, 3]"
935,8,380,1205,0.0007568816323505684,5.400000000026477e-07,6,"[747, 1289, 1290, 1291, 1428, 1429]","[4598, 1140, 210, 307, 7, 1]"
936,8,380,1205,0.0007578616323505732,9.800000000048052e-07,5,"[747, 1289, 1290, 1291, 1428]","[5665, 429, 44, 81, 4]"
937,8,380,1206,0.0007552429834592467,0.0007552429834592467,6,"[747, 1289, 1290, 1291, 1292, 1428]","[1010, 4098, 416, 788, 2, 7]"
938,8,380,1206,0.0007560129834592505,7.700000000037755e-07,5,"[747, 1289, 1290, 1291, 1428]","[1735, 2112, 675, 1717, 21]"
939,8,380,1208,0.0007563452598944594,0.0007563452598944594,2,"[748, 752]","[5199, 1109]"
940,8,380,1208,0.0007568852598944621,5.400000000026477e-07,2,"[748, 752]","[4943, 1349]"
941,8,380,1208,0.0007574052598944646,5.200000000025497e-07,2,"[748, 752]","[4995, 1159]"
942,8,380,1208,0.0007590952598944729,1.6900000000082864e-06,2,"[748, 752]","[5662, 584]"
943,8,380,1209,0.0007572887191773776,0.0007572887191773776,2,"[748, 752]","[5741, 516]"
944,8,380,1217,0.0007285880299400922,0.0007285880299400922,1,[748],[6292]
945,8,380,1217,0.0007294580299400965,8.700000000042658e-07,1,[748],[6228]
946,8,381,1205,0.0007545249465604678,0.0007545249465604678,6,"[747, 1289, 1290, 1291, 1292, 1428]","[3003, 2120, 107, 96, 952, 2]"
947,8,381,1205,0.0007552649465604715,7.400000000036284e-07,7,"[747, 1289, 1290, 1291, 1292, 1428, 1429]","[3213, 1637, 591, 762, 90, 4, 1]"
948,8,381,1205,0.0007559249465604747,6.600000000032361e-07,7,"[747, 1289, 1290, 1291, 1292, 1428, 1429]","[2707, 1189, 910, 1419, 6, 10, 1]"
949,8,381,1206,0.0007527830611968535,0.0007527830611968535,4,"[747, 1289, 1292, 1432]","[212, 5862, 204, 3]"
950,8,381,1206,0.0007534430611968567,6.600000000032361e-07,5,"[747, 1289, 1291, 1292, 1432]","[927, 4579, 1, 719, 5]"
951,8,381,1206,0.0007539430611968592,5.000000000024516e-07,5,"[747, 1289, 1290, 1291, 1292]","[1655, 3859, 7, 7, 748]"
952,8,381,1206,0.0007544230611968615,4.800000000023535e-07,7,"[747, 1289, 1290, 1291, 1292, 1428, 1432]","[2255, 3361, 48, 69, 531, 2, 4]"
953,8,381,1206,0.000754933061196864,5.100000000025006e-07,5,"[747, 1289, 1290, 1291, 1292]","[2690, 2745, 172, 424, 195]"
954,8,381,1206,0.0007554930611968668,5.600000000027458e-07,7,"[747, 1289, 1290, 1291, 1292, 1428, 1429]","[2644, 1798, 403, 1391, 44, 8, 1]"
955,8,381,1206,0.0007562830611968707,7.900000000038735e-07,6,"[747, 1289, 1290, 1291, 1292, 1428]","[1964, 1082, 539, 2599, 5, 7]"
956,8,381,1208,0.000756623433652468,0.000756623433652468,3,"[748, 752, 1289]","[5769, 323, 164]"
957,8,381,1209,0.0007550153675709812,0.0007550153675709812,1,[748],[6260]
958,8,381,1209,0.0007556353675709842,6.2000000000304e-07,2,"[748, 752]","[6313, 4]"
959,8,381,1209,0.0007564853675709884,8.500000000041677e-07,2,"[748, 752]","[6144, 49]"
960,8,381,1216,0.0007287260278749814,0.0007287260278749814,1,[748],[6250]
961,8,381,1216,0.0007295060278749852,7.800000000038245e-07,1,[748],[6279]
962,8,381,1217,0.0007284425873317894,0.0007284425873317894,1,[748],[6289]
963,8,381,1217,0.0007290025873317921,5.600000000027458e-07,1,[748],[6238]
964,8,381,1217,0.0007299425873317967,9.40000000004609e-07,1,[748],[6240]
965,8,382,1205,0.0007557524514302214,0.0007557524514302214,6,"[747, 1289, 1290, 1291, 1292, 1432]","[4146, 215, 2, 8, 1875, 4]"
966,8,382,1206,0.0007520003659882498,0.0007520003659882498,4,"[747, 1289, 1292, 1432]","[1494, 4788, 17, 7]"
967,8,382,1206,0.0007526903659882531,6.900000000033832e-07,5,"[747, 1289, 1292, 1432, 1433]","[3627, 2293, 239, 60, 1]"
968,8,382,1206,0.0007532003659882556,5.100000000025006e-07,5,"[747, 1289, 1292, 1432, 1433]","[4171, 1217, 743, 131, 1]"
969,8,382,1206,0.0007537003659882581,5.000000000024516e-07,5,"[747, 1289, 1292, 1432, 1433]","[4059, 727, 1344, 103, 1]"
970,8,382,1206,0.0007545103659882621,8.100000000039716e-07,6,"[747, 1289, 1291, 1292, 1432, 1433]","[4059, 501, 3, 1614, 92, 2]"
971,8,382,1207,0.0007500093919609803,0.0007500093919609803,3,"[747, 1289, 1396]","[2, 6189, 107]"
972,8,382,1207,0.0007506893919609837,6.800000000033342e-07,3,"[747, 1289, 1396]","[9, 6228, 1]"
973,8,382,1207,0.0007513593919609869,6.700000000032852e-07,3,"[747, 1289, 1432]","[40, 6220, 1]"
974,8,382,1207,0.0007525793919609929,1.220000000005982e-06,4,"[747, 1289, 1292, 1432]","[393, 5809, 3, 21]"
975,8,382,1208,0.0007495150378837119,0.0007495150378837119,2,"[1289, 1396]","[5393, 903]"
976,8,382,1209,0.0007544528073590151,0.0007544528073590151,3,"[748, 1289, 1396]","[5576, 557, 153]"
977,8,382,1209,0.0007558928073590222,1.4400000000070606e-06,1,[748],[6215]
978,8,382,1210,0.0007536350232766495,0.0007536350232766495,2,"[748, 1289]","[6314, 1]"
979,8,382,1210,0.0007543950232766532,7.600000000037264e-07,1,[748],[6242]
980,8,382,1216,0.0007289502070994885,0.0007289502070994885,1,[748],[6305]
981,8,382,1216,0.0007304402070994958,1.4900000000073058e-06,1,[748],[6200]
982,8,382,1217,0.0007288113754086433,0.0007288113754086433,1,[748],[6286]
983,8,382,1217,0.000729561375408647,7.500000000036774e-07,1,[748],[6240]
984,8,383,1206,0.000751449062326407,0.000751449062326407,6,"[747, 1289, 1374, 1396, 1401, 1432]","[5592, 257, 421, 1, 1, 1]"
985,8,383,1206,0.0007520990623264102,6.500000000031871e-07,5,"[747, 1289, 1292, 1374, 1432]","[6073, 45, 2, 113, 6]"
986,8,383,1206,0.000752869062326414,7.700000000037755e-07,5,"[747, 1289, 1292, 1374, 1432]","[6185, 20, 5, 10, 30]"
987,8,383,1207,0.0007501566573711116,0.0007501566573711116,6,"[747, 1289, 1374, 1396, 1399, 1406]","[201, 4239, 38, 1772, 15, 1]"
988,8,383,1207,0.0007524566573711229,2.3000000000112774e-06,5,"[747, 1289, 1374, 1396, 1432]","[3838, 1986, 390, 14, 7]"
989,8,383,1208,0.0007479296606075084,0.0007479296606075084,3,"[1289, 1396, 1399]","[4264, 2046, 1]"
990,8,383,1208,0.0007482796606075101,3.500000000017161e-07,2,"[1289, 1396]","[3657, 2537]"
991,8,383,1208,0.0007485496606075114,2.7000000000132387e-07,3,"[1289, 1396, 1399]","[3434, 2857, 1]"
992,8,383,1208,0.0007488096606075127,2.6000000000127484e-07,3,"[1289, 1396, 1399]","[3271, 2969, 1]"
993,8,383,1208,0.0007490896606075141,2.800000000013729e-07,2,"[1289, 1396]","[3326, 2934]"
994,8,383,1208,0.0007494896606075161,4.000000000019613e-07,2,"[1289, 1396]","[3471, 2782]"
995,8,383,1209,0.0007488067884348219,0.0007488067884348219,2,"[1289, 1396]","[4289, 1988]"
996,8,383,1210,0.0007527382551960235,0.0007527382551960235,5,"[748, 1256, 1289, 1315, 1396]","[6271, 33, 13, 1, 5]"
997,8,383,1210,0.0007534082551960268,6.700000000032852e-07,2,"[748, 1256]","[6176, 5]"
998,8,383,1211,0.0007523223298739565,0.0007523223298739565,4,"[748, 1256, 1257, 1315]","[5926, 362, 5, 8]"
999,8,383,1211,0.0007532623298739611,9.40000000004609e-07,3,"[748, 1256, 1257]","[6049, 152, 1]"
1000,8,383,1217,0.0007284979154741661,0.0007284979154741661,1,[748],[6279]
1001,8,383,1217,0.0007289579154741684,4.600000000022555e-07,1,[748],[6316]
1002,8,383,1217,0.0007294379154741707,4.800000000023535e-07,1,[748],[6190]
1003,8,383,1218,0.0007306131775709608,0.0007306131775709608,1,[748],[6250]
1004,8,384,1206,0.0007466316847582817,0.0007466316847582817,2,"[1289, 1399]","[6314, 3]"
1005,8,384,1206,0.0007481816847582893,1.5500000000076e-06,6,"[747, 1289, 1399, 1401, 1402, 1405]","[18, 6081, 77, 7, 2, 2]"
1006,8,384,1206,0.0007504316847583004,2.2500000000110322e-06,4,"[747, 1289, 1374, 1399]","[5041, 758, 475, 48]"
1007,8,384,1206,0.0007511816847583041,7.500000000036774e-07,2,"[747, 1374]","[5136, 1086]"
1008,8,384,1207,0.0007473678942422732,0.0007473678942422732,6,"[1289, 1396, 1399, 1401, 1402, 1405]","[5613, 3, 644, 2, 3, 5]"
1009,8,384,1207,0.0007478878942422757,5.200000000025497e-07,7,"[747, 1289, 1396, 1399, 1401, 1402, 1405]","[12, 5159, 17, 1038, 4, 1, 12]"
1010,8,384,1207,0.0007484478942422785,5.600000000027458e-07,7,"[747, 1289, 1396, 1399, 1401, 1405, 1406]","[80, 4874, 70, 1280, 3, 14, 2]"
1011,8,384,1207,0.0007498178942422852,1.3700000000067174e-06,7,"[747, 1289, 1374, 1396, 1399, 1401, 1405]","[2525, 2596, 55, 160, 851, 1, 6]"
1012,8,384,1207,0.0007508378942422902,1.0200000000050013e-06,5,"[747, 1289, 1374, 1396, 1399]","[5414, 14, 805, 5, 10]"
1013,8,384,1208,0.0007475908424137037,0.0007475908424137037,4,"[1289, 1396, 1399, 1405]","[5912, 138, 220, 3]"
1014,8,384,1208,0.0007480408424137059,4.5000000000220645e-07,4,"[1289, 1396, 1399, 1405]","[5764, 334, 238, 3]"
1015,8,384,1208,0.0007485008424137082,4.600000000022555e-07,5,"[747, 1289, 1396, 1399, 1405]","[1, 5188, 710, 238, 2]"
1016,8,384,1208,0.0007497708424137144,1.270000000006227e-06,6,"[747, 1289, 1396, 1399, 1405, 1406]","[21, 4397, 1667, 163, 3, 1]"
1017,8,384,1211,0.0007512433840996879,0.0007512433840996879,4,"[748, 1256, 1315, 1316]","[5554, 33, 753, 5]"
1018,8,384,1211,0.0007517633840996904,5.200000000025497e-07,3,"[748, 1256, 1257]","[6185, 77, 1]"
1019,8,384,1211,0.000752283384099693,5.200000000025497e-07,3,"[748, 1256, 1257]","[6164, 86, 1]"
1020,8,384,1212,0.0007519852150851516,0.0007519852150851516,6,"[748, 758, 1256, 1315, 1316, 1323]","[6015, 3, 12, 228, 1, 1]"
1021,8,384,1217,0.0007298970600291949,0.0007298970600291949,1,[748],[6293]
1022,8,384,1218,0.0007298088534830441,0.0007298088534830441,1,[748],[6254]
1023,8,384,1218,0.0007304688534830473,6.600000000032361e-07,1,[748],[6275]
1024,8,384,1218,0.0007313288534830515,8.600000000042168e-07,1,[748],[6253]
1025,8,385,1205,0.0007465363524042976,0.0007465363524042976,1,[1289],[6265]
1026,8,385,1206,0.0007458274219581205,0.0007458274219581205,1,[1289],[6259]
1027,8,385,1206,0.0007463174219581229,4.900000000024026e-07,2,"[1289, 1399]","[6287, 2]"
1028,8,385,1206,0.0007468874219581257,5.700000000027948e-07,3,"[747, 1289, 1399]","[5, 6238, 3]"
1029,8,385,1206,0.0007488774219581354,1.9900000000097574e-06,6,"[747, 1289, 1399, 1401, 1402, 1405]","[1425, 4674, 122, 3, 1, 1]"
1030,8,385,1207,0.0007475841371995793,0.0007475841371995793,7,"[747, 1289, 1399, 1401, 1402, 1405, 1406]","[420, 4897, 923, 4, 2, 7, 2]"
1031,8,385,1207,0.0007482241371995824,6.400000000031381e-07,7,"[747, 1289, 1399, 1401, 1402, 1405, 1406]","[1656, 3316, 1352, 1, 1, 11, 2]"
1032,8,385,1207,0.0007488041371995853,5.800000000028439e-07,5,"[747, 1289, 1399, 1401, 1405]","[3585, 1711, 854, 2, 4]"
1033,8,385,1207,0.0007494341371995884,6.30000000003089e-07,5,"[747, 1289, 1399, 1401, 1402]","[5618, 437, 271, 1, 1]"
1034,8,385,1207,0.000750374137199593,9.40000000004609e-07,4,"[747, 1289, 1374, 1399]","[6106, 38, 17, 23]"
1035,8,385,1211,0.0007517278077418055,0.0007517278077418055,10,"[747, 748, 758, 760, 1256, 1305, 1315, 1316, 1325, 1326]","[551, 5253, 16, 3, 1, 78, 331, 4, 23, 1]"
1036,8,385,1212,0.0007500693478505827,0.0007500693478505827,9,"[747, 748, 758, 760, 1305, 1315, 1323, 1331, 1333]","[737, 3786, 1237, 360, 115, 70, 9, 1, 1]"
1037,8,385,1212,0.0007505993478505853,5.300000000025987e-07,3,"[748, 758, 760]","[5274, 819, 138]"
1038,8,385,1212,0.0007511193478505878,5.200000000025497e-07,3,"[748, 758, 760]","[5738, 472, 49]"
1039,8,385,1213,0.0007511673900705025,0.0007511673900705025,6,"[747, 748, 758, 760, 1305, 1323]","[7, 3006, 2469, 699, 1, 72]"
1040,8,385,1218,0.0007311328821366601,0.0007311328821366601,2,"[748, 766]","[6291, 1]"
1041,8,385,1218,0.0007319128821366639,7.800000000038245e-07,2,"[748, 766]","[6277, 8]"
1042,8,385,1218,0.0007326928821366677,7.800000000038245e-07,2,"[748, 766]","[6092, 111]"
1043,8,385,1218,0.0007338128821366732,1.1200000000054916e-06,2,"[748, 766]","[5365, 882]"
1044,8,386,1207,0.0007475525963785322,0.0007475525963785322,3,"[747, 1289, 1399]","[6301, 28, 3]"
1045,8,386,1207,0.0007481725963785353,6.2000000000304e-07,3,"[747, 1289, 1399]","[6200, 5, 4]"
1046,8,386,1207,0.0007489125963785389,7.400000000036284e-07,3,"[747, 1289, 1399]","[6250, 6, 3]"
1047,8,386,1210,0.0007092308037669979,0.0007092308037669979,4,"[747, 1307, 1325, 1326]","[5913, 162, 175, 3]"
1048,8,386,1211,0.0007094027453101576,0.0007094027453101576,7,"[747, 1305, 1307, 1311, 1315, 1325, 1326]","[6162, 44, 1, 2, 2, 79, 1]"
1049,8,386,1211,0.0007102527453101618,8.500000000041677e-07,3,"[747, 1305, 1325]","[5281, 867, 86]"
1050,8,386,1211,0.0007109327453101651,6.800000000033342e-07,3,"[747, 1305, 1325]","[3976, 2273, 11]"
1051,8,386,1211,0.0007117627453101692,8.300000000040697e-07,3,"[747, 1305, 1325]","[3763, 2461, 1]"
1052,8,386,1211,0.0007140127453101802,2.2500000000110322e-06,3,"[747, 1305, 1333]","[5792, 456, 2]"
1053,8,386,1212,0.0007108260480592193,0.0007108260480592193,2,"[747, 1305]","[3033, 3276]"
1054,8,386,1212,0.000711596048059223,7.700000000037755e-07,4,"[747, 1305, 1331, 1333]","[3268, 2933, 3, 10]"
1055,8,386,1212,0.0007124760480592274,8.800000000043148e-07,5,"[747, 1305, 1331, 1333, 1334]","[5205, 915, 39, 80, 1]"
1056,8,386,1212,0.0007134360480592321,9.60000000004707e-07,4,"[747, 1305, 1331, 1333]","[5897, 42, 107, 228]"
1057,8,386,1212,0.0007148960480592392,1.4600000000071587e-06,3,"[747, 1331, 1333]","[6143, 25, 57]"
1058,8,386,1212,0.0007494660480594087,3.4570000000169504e-05,5,"[747, 748, 758, 760, 1319]","[2519, 2039, 1071, 604, 8]"
1059,8,386,1212,0.0007500860480594118,6.2000000000304e-07,3,"[748, 758, 760]","[2862, 2598, 885]"
1060,8,386,1212,0.0007506560480594146,5.700000000027948e-07,3,"[748, 758, 760]","[2782, 2786, 608]"
1061,8,386,1213,0.0007489479061862705,0.0007489479061862705,11,"[747, 748, 758, 760, 796, 797, 1305, 1323, 1331, 1333, 1334]","[372, 5186, 199, 204, 5, 2, 32, 6, 104, 181, 2]"
1062,8,386,1213,0.0007495379061862734,5.900000000028929e-07,5,"[748, 758, 760, 796, 797]","[4583, 1036, 660, 1, 2]"
1063,8,386,1213,0.0007500179061862757,4.800000000023535e-07,5,"[748, 758, 760, 796, 797]","[3481, 1893, 898, 1, 1]"
1064,8,386,1213,0.0007505979061862786,5.800000000028439e-07,4,"[748, 758, 760, 796]","[2704, 2684, 762, 2]"
1065,8,386,1218,0.0007334366036877185,0.0007334366036877185,2,"[748, 766]","[4767, 1490]"
1066,8,386,1218,0.0007343266036877228,8.900000000043639e-07,3,"[748, 766, 788]","[4834, 1470, 3]"
1067,8,386,1218,0.0007352766036877275,9.500000000046581e-07,3,"[748, 766, 788]","[5857, 300, 32]"
1068,8,386,1218,0.0007363266036877327,1.0500000000051484e-06,4,"[748, 766, 788, 789]","[6218, 7, 54, 2]"
1069,8,386,1219,0.0007349892143491164,0.0007349892143491164,3,"[748, 766, 788]","[4862, 1400, 7]"
1070,8,387,1207,0.0007464914813183432,0.0007464914813183432,4,"[747, 1294, 1368, 1409]","[6312, 14, 4, 2]"
1071,8,387,1207,0.0007472314813183468,7.400000000036284e-07,1,[747],[6175]
1072,8,387,1208,0.0007090546022388788,0.0007090546022388788,1,[747],[6250]
1073,8,387,1208,0.000746634602239063,3.758000000018426e-05,3,"[747, 1294, 1368]","[6206, 45, 15]"
1074,8,387,1209,0.0007074469787898874,0.0007074469787898874,2,"[747, 1307]","[6210, 110]"
1075,8,387,1209,0.0007079269787898897,4.800000000023535e-07,2,"[747, 1307]","[6237, 27]"
1076,8,387,1209,0.0007082969787898916,3.700000000018142e-07,2,"[747, 1307]","[6256, 11]"
1077,8,387,1209,0.0007086569787898933,3.6000000000176516e-07,2,"[747, 1307]","[6267, 2]"
1078,8,387,1209,0.0007091569787898958,5.000000000024516e-07,2,"[747, 1307]","[6190, 2]"
1079,8,387,1210,0.0007072769408225486,0.0007072769408225486,2,"[747, 1307]","[6097, 166]"
1080,8,387,1210,0.0007078669408225515,5.900000000028929e-07,2,"[747, 1307]","[6232, 88]"
1081,8,387,1210,0.0007086469408225553,7.800000000038245e-07,3,"[747, 1307, 1311]","[6127, 32, 10]"
1082,8,387,1211,0.0007089612446091194,0.0007089612446091194,5,"[747, 1305, 1307, 1311, 1325]","[6195, 11, 4, 41, 3]"
1083,8,387,1211,0.000710091244609125,1.1300000000055406e-06,5,"[747, 1305, 1311, 1312, 1325]","[5187, 969, 113, 2, 4]"
1084,8,387,1211,0.0007110612446091297,9.700000000047561e-07,4,"[747, 1305, 1311, 1325]","[2006, 4194, 29, 2]"
1085,8,387,1211,0.0007150812446091495,4.020000000019711e-06,5,"[747, 1305, 1311, 1331, 1333]","[3807, 2431, 1, 3, 4]"
1086,8,387,1212,0.0007108834132991513,0.0007108834132991513,3,"[747, 1305, 1311]","[980, 5284, 6]"
1087,8,387,1212,0.0007128734132991611,1.9900000000097574e-06,5,"[747, 1305, 1331, 1333, 1334]","[2036, 3810, 118, 274, 4]"
1088,8,387,1212,0.0007143934132991686,1.5200000000074529e-06,5,"[747, 1305, 1331, 1333, 1334]","[5904, 1, 117, 254, 1]"
1089,8,387,1212,0.000715293413299173,9.000000000044129e-07,3,"[747, 1331, 1333]","[6246, 2, 2]"
1090,8,387,1212,0.0007160934132991769,8.000000000039226e-07,3,"[747, 1319, 1333]","[6227, 29, 1]"
1091,8,387,1212,0.000716933413299181,8.400000000041187e-07,3,"[747, 1319, 1320]","[6093, 125, 2]"
1092,8,387,1212,0.000717943413299186,1.0100000000049522e-06,3,"[747, 1319, 1320]","[6210, 68, 4]"
1093,8,387,1212,0.0007194034132991931,1.4600000000071587e-06,2,"[747, 1319]","[6215, 6]"
1094,8,387,1213,0.0007478567972091412,0.0007478567972091412,8,"[747, 748, 796, 1305, 1319, 1331, 1333, 1334]","[2089, 3672, 2, 49, 20, 148, 272, 3]"
1095,8,387,1213,0.0007490867972091473,1.230000000006031e-06,5,"[748, 758, 760, 796, 797]","[6259, 9, 6, 12, 3]"
1096,8,387,1214,0.0007460218669757258,0.0007460218669757258,1,[748],[6287]
1097,8,387,1214,0.0007468218669757298,8.000000000039226e-07,1,[748],[6215]
1098,8,387,1214,0.0007476718669757339,8.500000000041677e-07,1,[748],[6301]
1099,8,387,1215,0.0007442486760422119,0.0007442486760422119,6,"[748, 762, 763, 792, 793, 795]","[5281, 505, 464, 1, 1, 1]"
1100,8,387,1215,0.0007455186760422181,1.270000000006227e-06,2,"[748, 762]","[6250, 4]"
1101,8,387,1216,0.0007406981811052247,0.0007406981811052247,4,"[748, 762, 763, 795]","[5434, 510, 9, 340]"
1102,8,387,1216,0.0007415981811052291,9.000000000044129e-07,6,"[748, 762, 763, 792, 793, 795]","[4451, 1124, 199, 5, 2, 436]"
1103,8,387,1216,0.000742588181105234,9.900000000048542e-07,6,"[748, 762, 763, 792, 793, 795]","[3700, 1528, 957, 24, 2, 79]"
1104,8,387,1217,0.0007380403973481381,0.0007380403973481381,4,"[748, 762, 766, 788]","[6249, 53, 1, 1]"
1105,8,387,1217,0.0007388403973481421,8.000000000039226e-07,2,"[748, 762]","[6211, 37]"
1106,8,387,1217,0.0007395603973481456,7.200000000035303e-07,3,"[748, 762, 795]","[6031, 144, 38]"
1107,8,387,1217,0.0007404103973481498,8.500000000041677e-07,3,"[748, 762, 795]","[5465, 406, 368]"
1108,8,387,1217,0.0007423703973481594,1.9600000000096103e-06,5,"[748, 762, 763, 792, 795]","[3878, 1027, 24, 1, 1316]"
1109,8,387,1218,0.0007364750375945992,0.0007364750375945992,5,"[748, 762, 766, 788, 789]","[6180, 27, 47, 25, 2]"
1110,8,387,1218,0.0007375750375946046,1.1000000000053935e-06,2,"[748, 788]","[6259, 2]"
1111,8,388,1207,0.0007451261894509107,0.0007451261894509107,7,"[747, 1294, 1296, 1350, 1368, 1371, 1409]","[2689, 1837, 6, 5, 1712, 3, 4]"
1112,8,388,1207,0.0007465561894509177,1.4300000000070116e-06,4,"[747, 1294, 1368, 1371]","[5734, 454, 53, 3]"
1113,8,388,1208,0.0007431145299131045,0.0007431145299131045,8,"[747, 1294, 1296, 1297, 1350, 1352, 1353, 1368]","[4009, 107, 942, 8, 925, 5, 1, 274]"
1114,8,388,1208,0.0007439845299131088,8.700000000042658e-07,6,"[747, 1294, 1296, 1350, 1368, 1369]","[3244, 1344, 75, 62, 1528, 1]"
1115,8,388,1208,0.0007445645299131116,5.800000000028439e-07,5,"[747, 1294, 1296, 1350, 1368]","[2914, 2140, 1, 1, 1191]"
1116,8,388,1208,0.0007451645299131146,6.000000000029419e-07,5,"[747, 1294, 1368, 1369, 1371]","[3867, 1927, 501, 1, 4]"
1117,8,388,1208,0.0007459745299131185,8.100000000039716e-07,4,"[747, 1294, 1368, 1371]","[5151, 920, 120, 1]"
1118,8,388,1209,0.0007421417512141443,0.0007421417512141443,8,"[747, 1296, 1297, 1307, 1350, 1352, 1353, 1356]","[5291, 416, 189, 2, 341, 6, 1, 6]"
1119,8,388,1211,0.0007219562923315861,0.0007219562923315861,5,"[747, 1305, 1311, 1312, 1319]","[6011, 95, 138, 4, 2]"
1120,8,388,1211,0.0007271362923316115,5.180000000025399e-06,1,[747],[6250]
1121,8,388,1212,0.0007181729710322841,0.0007181729710322841,7,"[747, 1305, 1311, 1319, 1320, 1331, 1333]","[6058, 136, 1, 53, 3, 3, 4]"
1122,8,388,1212,0.0007192429710322893,1.0700000000052464e-06,1,[747],[6262]
1123,8,388,1212,0.0007200929710322935,8.500000000041677e-07,1,[747],[6251]
1124,8,388,1212,0.0007208829710322974,7.900000000038735e-07,1,[747],[6290]
1125,8,388,1212,0.0007216929710323013,8.100000000039716e-07,1,[747],[6255]
1126,8,388,1212,0.0007227129710323063,1.0200000000050013e-06,1,[747],[6189]
1127,8,388,1212,0.0007240829710323131,1.3700000000067174e-06,1,[747],[6264]
1128,8,388,1212,0.0007281629710323331,4.080000000020005e-06,1,[747],[6233]
1129,8,388,1215,0.0007430088172270315,0.0007430088172270315,5,"[748, 762, 763, 792, 795]","[3028, 1790, 1464, 12, 9]"
1130,8,388,1215,0.000744128817227037,1.1200000000054916e-06,3,"[748, 762, 763]","[5406, 633, 203]"
1131,8,388,1215,0.0007459388172270458,1.8100000000088748e-06,3,"[748, 762, 763]","[6188, 17, 5]"
1132,8,388,1216,0.000740458662560171,0.000740458662560171,5,"[748, 762, 763, 792, 795]","[1629, 3498, 10, 1, 1135]"
1133,8,388,1216,0.0007410186625601738,5.600000000027458e-07,5,"[748, 762, 763, 792, 795]","[1671, 3005, 127, 1, 1513]"
1134,8,388,1216,0.0007414286625601758,4.100000000020103e-07,5,"[748, 762, 763, 792, 795]","[1807, 2982, 417, 6, 964]"
1135,8,388,1216,0.0007417986625601776,3.700000000018142e-07,6,"[748, 762, 763, 792, 793, 795]","[1983, 3010, 890, 16, 2, 432]"
1136,8,388,1216,0.0007421386625601793,3.400000000016671e-07,6,"[748, 762, 763, 792, 793, 795]","[1901, 2874, 1304, 9, 2, 183]"
1137,8,388,1216,0.000742488662560181,3.500000000017161e-07,6,"[748, 762, 763, 792, 793, 795]","[2011, 2628, 1527, 19, 1, 60]"
1138,8,388,1216,0.0007429486625601833,4.600000000022555e-07,6,"[748, 762, 763, 792, 793, 795]","[2311, 2325, 1559, 15, 1, 15]"
1139,8,388,1216,0.000744108662560189,1.1600000000056877e-06,5,"[748, 762, 763, 792, 795]","[3467, 1823, 867, 9, 1]"
1140,8,388,1217,0.0007348260275688818,0.0007348260275688818,1,[762],[6276]
1141,8,388,1217,0.0007371760275688933,2.3500000000115226e-06,2,"[748, 762]","[47, 6181]"
1142,8,388,1217,0.0007387960275689013,1.6200000000079432e-06,3,"[748, 762, 795]","[760, 5527, 3]"
1143,8,388,1217,0.000739546027568905,7.500000000036774e-07,3,"[748, 762, 795]","[953, 5105, 157]"
1144,8,388,1217,0.000740176027568908,6.30000000003089e-07,3,"[748, 762, 795]","[1027, 4297, 1008]"
1145,8,388,1217,0.0007406760275689105,5.000000000024516e-07,4,"[748, 762, 763, 795]","[875, 3215, 1, 2094]"
1146,8,388,1217,0.0007412060275689131,5.300000000025987e-07,5,"[748, 762, 763, 792, 795]","[752, 2679, 8, 1, 2830]"
1147,8,388,1217,0.0007424560275689192,1.250000000006129e-06,5,"[748, 762, 763, 792, 795]","[835, 2861, 104, 1, 2406]"
1148,8,388,1218,0.0007353794484876252,0.0007353794484876252,2,"[748, 762]","[3, 6262]"
1149,8,389,1208,0.0007419301815319609,0.0007419301815319609,10,"[747, 1294, 1296, 1297, 1345, 1350, 1352, 1353, 1356, 1368]","[3051, 2, 1463, 414, 1, 1380, 6, 3, 4, 2]"
1150,8,389,1208,0.0007425701815319641,6.400000000031381e-07,8,"[747, 1294, 1296, 1297, 1350, 1352, 1353, 1368]","[2819, 20, 1849, 2, 1436, 12, 2, 39]"
1151,8,389,1208,0.0007432301815319673,6.600000000032361e-07,8,"[747, 1294, 1296, 1297, 1350, 1352, 1353, 1368]","[3688, 258, 1173, 1, 782, 2, 2, 386]"
1152,8,389,1208,0.0007438301815319702,6.000000000029419e-07,5,"[747, 1294, 1296, 1350, 1368]","[3496, 1281, 260, 148, 1110]"
1153,8,389,1208,0.0007443601815319728,5.300000000025987e-07,6,"[747, 1294, 1296, 1350, 1368, 1369]","[2544, 2336, 23, 11, 1295, 1]"
1154,8,389,1208,0.0007451101815319765,7.500000000036774e-07,5,"[747, 1294, 1296, 1368, 1369]","[2148, 3061, 4, 984, 3]"
1155,8,389,1209,0.0007395042887991624,0.0007395042887991624,5,"[747, 1297, 1345, 1347, 1356]","[5185, 410, 12, 1, 703]"
1156,8,389,1209,0.0007402242887991659,7.200000000035303e-07,5,"[747, 1296, 1297, 1350, 1356]","[4304, 4, 1881, 4, 20]"
1157,8,389,1209,0.0007407942887991687,5.700000000027948e-07,5,"[747, 1296, 1297, 1350, 1356]","[4033, 32, 2204, 28, 1]"
1158,8,389,1209,0.0007413842887991716,5.900000000028929e-07,5,"[747, 1296, 1297, 1350, 1352]","[4284, 337, 1328, 241, 3]"
1159,8,389,1209,0.0007419942887991746,6.10000000002991e-07,5,"[747, 1296, 1297, 1350, 1352]","[3909, 1138, 327, 864, 5]"
1160,8,389,1209,0.000742684288799178,6.900000000033832e-07,7,"[747, 1296, 1297, 1350, 1352, 1353, 1368]","[3280, 1822, 27, 1161, 7, 1, 1]"
1161,8,389,1210,0.0007379539132884742,0.0007379539132884742,7,"[747, 1299, 1300, 1311, 1345, 1347, 1356]","[5930, 13, 20, 1, 14, 1, 303]"
1162,8,389,1210,0.0007394739132884817,1.5200000000074529e-06,5,"[747, 1297, 1345, 1347, 1356]","[5217, 47, 11, 3, 958]"
1163,8,389,1211,0.0007264337855150703,0.0007264337855150703,1,[747],[6255]
1164,8,389,1211,0.0007284937855150804,2.0600000000101006e-06,1,[747],[6259]
1165,8,389,1211,0.000730653785515091,2.160000000010591e-06,1,[747],[6261]
1166,8,389,1211,0.0007346837855151107,4.03000000001976e-06,3,"[747, 1299, 1300]","[4638, 1003, 596]"
1167,8,389,1212,0.0007244537255125211,0.0007244537255125211,1,[747],[6256]
1168,8,389,1212,0.0007260537255125289,1.6000000000078451e-06,1,[747],[6258]
1169,8,389,1212,0.0007273337255125352,1.2800000000062761e-06,1,[747],[6267]
1170,8,389,1212,0.0007285937255125414,1.260000000006178e-06,1,[747],[6236]
1171,8,389,1212,0.0007302337255125494,1.6400000000080413e-06,1,[747],[6253]
1172,8,389,1217,0.000734521896391606,0.000734521896391606,1,[762],[6309]
1173,8,389,1217,0.0007352218963916095,7.000000000034323e-07,1,[762],[6283]
1174,8,389,1217,0.0007358418963916125,6.2000000000304e-07,1,[762],[6193]
1175,8,389,1217,0.0007365218963916158,6.800000000033342e-07,1,[762],[6245]
1176,8,389,1217,0.0007372818963916196,7.600000000037264e-07,1,[762],[6246]
1177,8,389,1217,0.0007380818963916235,8.000000000039226e-07,1,[762],[6242]
1178,8,389,1217,0.0007390918963916284,1.0100000000049522e-06,1,[762],[6267]
1179,8,389,1218,0.0007349635973658887,0.0007349635973658887,2,"[762, 1263]","[6272, 1]"
1180,8,389,1218,0.0007381735973659044,3.2100000000157393e-06,1,[762],[6230]
1181,8,390,1209,0.000740306045677697,0.000740306045677697,4,"[747, 1297, 1345, 1356]","[4791, 681, 13, 770]"
1182,8,390,1210,0.000736393684366659,0.000736393684366659,4,"[747, 1299, 1300, 1339]","[5776, 93, 385, 2]"
1183,8,390,1210,0.000737423684366664,1.0300000000050503e-06,4,"[747, 1345, 1347, 1356]","[6179, 3, 1, 96]"
1184,8,390,1210,0.0007385336843666694,1.1100000000054426e-06,5,"[747, 1297, 1345, 1347, 1356]","[5398, 1, 21, 3, 822]"
1185,8,390,1211,0.0007314645922052846,0.0007314645922052846,3,"[747, 1300, 1339]","[6239, 23, 3]"
1186,8,390,1211,0.0007326045922052902,1.1400000000055897e-06,3,"[747, 1299, 1300]","[4442, 166, 1661]"
1187,8,390,1211,0.0007331145922052927,5.100000000025006e-07,3,"[747, 1299, 1300]","[2615, 758, 2872]"
1188,8,390,1211,0.0007335145922052947,4.000000000019613e-07,3,"[747, 1299, 1300]","[2158, 1472, 2631]"
1189,8,390,1211,0.0007338945922052965,3.800000000018632e-07,3,"[747, 1299, 1300]","[2302, 2117, 1849]"
1190,8,390,1211,0.0007343145922052986,4.2000000000205935e-07,3,"[747, 1299, 1300]","[2880, 2325, 1120]"
1191,8,390,1211,0.0007348545922053012,5.400000000026477e-07,3,"[747, 1299, 1300]","[4077, 1678, 408]"
1192,8,390,1211,0.000735614592205305,7.600000000037264e-07,3,"[747, 1299, 1300]","[5678, 522, 45]"
1193,8,390,1211,0.0007371245922053124,1.5100000000074039e-06,3,"[747, 1299, 1356]","[6196, 13, 1]"
1194,8,390,1212,0.0007310864230805163,0.0007310864230805163,2,"[747, 1300]","[6277, 1]"
1195,8,390,1212,0.0007328164230805248,1.7300000000084826e-06,3,"[747, 1299, 1300]","[5493, 193, 585]"
1196,8,390,1212,0.0007338164230805297,1.0000000000049032e-06,3,"[747, 1299, 1300]","[2691, 2073, 1502]"
1197,8,393,1218,0.0007411490022587121,0.0007411490022587121,2,"[1082, 1083]","[1037, 5231]"
1198,8,394,1218,0.0007396401800883409,0.0007396401800883409,3,"[1082, 1083, 1363]","[3, 6299, 14]"
1199,8,394,1218,0.0007401901800883436,5.500000000026968e-07,2,"[1082, 1083]","[31, 6192]"
1200,8,394,1218,0.0007409301800883472,7.400000000036284e-07,2,"[1082, 1083]","[154, 6061]"
1201,8,395,1217,0.0007408266942988223,0.0007408266942988223,1,[1083],[6291]
1202,8,395,1217,0.0007420366942988282,1.2100000000059329e-06,1,[1083],[6216]
1203,8,395,1218,0.0007400231875116439,0.0007400231875116439,3,"[1083, 1363, 1364]","[6241, 88, 1]"
1204,8,395,1218,0.0007407231875116474,7.000000000034323e-07,1,[1083],[6198]
1205,8,396,1217,0.0007410384719189085,0.0007410384719189085,2,"[1083, 1558]","[6286, 6]"
1206,8,396,1217,0.0007416084719189113,5.700000000027948e-07,1,[1083],[6211]
1207,8,396,1217,0.0007421184719189138,5.100000000025006e-07,1,[1083],[6314]
1208,8,396,1217,0.0007427784719189171,6.600000000032361e-07,1,[1083],[6228]
1209,8,396,1218,0.0007415442782146847,0.0007415442782146847,2,"[1083, 1363]","[6247, 6]"
1210,8,399,1214,0.0007230197792847912,0.0007230197792847912,4,"[1088, 1456, 1457, 1545]","[15, 3407, 2835, 1]"
1211,8,399,1215,0.0007218576525885981,0.0007218576525885981,5,"[1088, 1091, 1456, 1457, 1545]","[1, 9, 2586, 3699, 1]"
1212,8,399,1215,0.0007223276525886004,4.700000000023045e-07,4,"[1456, 1457, 1544, 1545]","[3279, 2947, 1, 1]"
1213,8,399,1215,0.0007227676525886025,4.400000000021574e-07,3,"[1456, 1457, 1544]","[3597, 2749, 2]"
1214,8,399,1215,0.000723477652588606,7.100000000034813e-07,3,"[1456, 1457, 1545]","[3532, 2605, 1]"
1215,8,399,1263,0.0006702358784192652,0.0006702358784192652,1,[802],[6257]
1216,8,400,1215,0.0007206568869405135,0.0007206568869405135,3,"[1456, 1457, 1459]","[1142, 5150, 5]"
1217,8,400,1215,0.0007211068869405157,4.5000000000220645e-07,3,"[1456, 1457, 1545]","[2341, 3898, 1]"
1218,8,400,1215,0.0007214368869405173,3.3000000000161806e-07,2,"[1456, 1457]","[3000, 3222]"
1219,8,400,1215,0.0007217468869405189,3.1000000000152e-07,2,"[1456, 1457]","[3373, 2894]"
1220,8,400,1215,0.0007220768869405205,3.3000000000161806e-07,3,"[1456, 1457, 1544]","[3752, 2473, 1]"
1221,8,400,1215,0.0007224968869405225,4.2000000000205935e-07,4,"[1456, 1457, 1544, 1545]","[4066, 2230, 2, 3]"
1222,8,400,1216,0.000721038166542689,0.000721038166542689,4,"[1091, 1456, 1457, 1459]","[1, 1732, 4539, 18]"
1223,8,400,1216,0.0007229181665426983,1.880000000009218e-06,2,"[1456, 1457]","[4033, 2177]"
1224,8,401,1215,0.0007200190900042639,0.0007200190900042639,3,"[1456, 1457, 1459]","[842, 4640, 787]"
1225,8,401,1215,0.0007207690900042676,7.500000000036774e-07,3,"[1456, 1457, 1459]","[3274, 2963, 52]"
1226,8,401,1215,0.0007215990900042717,8.300000000040697e-07,3,"[1456, 1457, 1459]","[4650, 1559, 1]"
1227,8,401,1216,0.0007185796982445455,0.0007185796982445455,4,"[1456, 1457, 1459, 1461]","[4, 4892, 1336, 20]"
1228,8,401,1216,0.0007191596982445484,5.800000000028439e-07,3,"[1456, 1457, 1459]","[42, 4110, 2117]"
1229,8,401,1216,0.0007196396982445507,4.800000000023535e-07,3,"[1456, 1457, 1459]","[361, 4190, 1680]"
1230,8,401,1216,0.0007201396982445532,5.000000000024516e-07,3,"[1456, 1457, 1459]","[1534, 3860, 887]"
1231,8,401,1216,0.0007206696982445558,5.300000000025987e-07,3,"[1456, 1457, 1459]","[3556, 2524, 225]"
1232,8,401,1216,0.0007212596982445587,5.900000000028929e-07,3,"[1456, 1457, 1459]","[4950, 1188, 28]"
1233,8,402,1215,0.0007202852663275166,0.0007202852663275166,4,"[1456, 1457, 1459, 1461]","[4335, 999, 964, 1]"
1234,8,402,1216,0.0007161347452817795,0.0007161347452817795,3,"[1457, 1461, 1510]","[4773, 1450, 54]"
1235,8,402,1216,0.000717254745281785,1.1200000000054916e-06,3,"[1457, 1459, 1461]","[5865, 9, 376]"
1236,8,402,1216,0.0007181147452817892,8.600000000042168e-07,4,"[1456, 1457, 1459, 1461]","[6, 5839, 382, 3]"
1237,8,402,1216,0.0007188547452817929,7.400000000036284e-07,3,"[1456, 1457, 1459]","[126, 3994, 2198]"
1238,8,402,1216,0.0007195347452817962,6.800000000033342e-07,3,"[1456, 1457, 1459]","[1120, 2157, 2945]"
1239,8,402,1216,0.0007202147452817995,6.800000000033342e-07,3,"[1456, 1457, 1459]","[3982, 814, 1497]"
1240,8,402,1216,0.0007209647452818032,7.500000000036774e-07,3,"[1456, 1457, 1459]","[5747, 176, 252]"
1241,8,402,1217,0.0007153695979303764,0.0007153695979303764,3,"[1457, 1461, 1510]","[5271, 966, 26]"
1242,8,402,1217,0.0007162895979303809,9.20000000004511e-07,2,"[1457, 1461]","[4587, 1668]"
1243,8,402,1217,0.0007183995979303913,2.1100000000103458e-06,3,"[1457, 1459, 1461]","[5722, 46, 470]"
1244,8,403,1215,0.0007191051558990619,0.0007191051558990619,7,"[1456, 1457, 1459, 1461, 1510, 1539, 1547]","[6219, 19, 6, 2, 1, 2, 3]"
1245,8,403,1215,0.0007199651558990662,8.600000000042168e-07,2,"[1456, 1459]","[6295, 1]"
1246,8,403,1216,0.0007173674300842114,0.0007173674300842114,6,"[1456, 1457, 1461, 1495, 1510, 1547]","[58, 5283, 828, 1, 67, 15]"
1247,8,403,1216,0.0007198974300842238,2.530000000012405e-06,4,"[1456, 1457, 1459, 1461]","[5993, 274, 32, 3]"
1248,8,403,1217,0.0007146272858523312,0.0007146272858523312,8,"[1457, 1461, 1495, 1497, 1508, 1510, 1534, 1547]","[5197, 62, 900, 9, 118, 32, 1, 2]"
1249,8,403,1217,0.0007151072858523335,4.800000000023535e-07,2,"[1457, 1461]","[6079, 184]"
1250,8,403,1217,0.0007155272858523356,4.2000000000205935e-07,2,"[1457, 1461]","[5995, 299]"
1251,8,403,1217,0.0007159972858523379,4.700000000023045e-07,2,"[1457, 1461]","[5819, 383]"
1252,8,403,1217,0.0007168672858523422,8.700000000042658e-07,2,"[1457, 1461]","[5811, 369]"
1253,8,403,1218,0.0007020451840657474,0.0007020451840657474,4,"[1495, 1508, 1534, 1535]","[5136, 1133, 12, 1]"
1254,8,403,1218,0.0007033251840657537,1.2800000000062761e-06,4,"[1495, 1508, 1534, 1535]","[4408, 1811, 4, 2]"
1255,8,403,1218,0.0007161551840658166,1.2830000000062908e-05,5,"[1457, 1461, 1495, 1497, 1508]","[5439, 10, 530, 207, 104]"
1256,8,404,1215,0.0007174665313984301,0.0007174665313984301,5,"[1456, 1538, 1539, 1540, 1547]","[5837, 236, 30, 3, 228]"
1257,8,404,1215,0.0007179465313984324,4.800000000023535e-07,3,"[1456, 1538, 1539]","[5787, 394, 31]"
1258,8,404,1215,0.0007184365313984348,4.900000000024026e-07,4,"[1456, 1538, 1539, 1540]","[5731, 541, 18, 1]"
1259,8,404,1215,0.0007191665313984384,7.300000000035793e-07,4,"[1456, 1538, 1539, 1540]","[5403, 773, 10, 1]"
1260,8,404,1216,0.0007179007982299729,0.0007179007982299729,6,"[1456, 1457, 1495, 1538, 1539, 1547]","[1541, 222, 31, 43, 2, 4413]"
1261,8,404,1217,0.0007040438709068527,0.0007040438709068527,3,"[1495, 1508, 1534]","[6053, 220, 2]"
1262,8,404,1217,0.0007057038709068609,1.6600000000081393e-06,2,"[1495, 1508]","[6251, 3]"
1263,8,404,1217,0.0007155038709069089,9.800000000048052e-06,5,"[1457, 1461, 1495, 1497, 1547]","[3135, 1, 2357, 49, 698]"
1264,8,404,1217,0.000716953870906916,1.4500000000071097e-06,2,"[1457, 1461]","[6237, 1]"
1265,8,404,1218,0.0007015600874514333,0.0007015600874514333,4,"[1495, 1508, 1534, 1535]","[5569, 738, 38, 6]"
1266,8,404,1218,0.0007019800874514354,4.2000000000205935e-07,4,"[1495, 1508, 1534, 1535]","[5043, 1224, 19, 2]"
1267,8,404,1218,0.0007023400874514371,3.6000000000176516e-07,4,"[1495, 1508, 1534, 1535]","[4765, 1366, 11, 1]"
1268,8,404,1218,0.0007027700874514392,4.300000000021084e-07,3,"[1495, 1508, 1534]","[4792, 1492, 10]"
1269,8,404,1218,0.0007034600874514426,6.900000000033832e-07,3,"[1495, 1508, 1534]","[5190, 1030, 4]"
1270,8,404,1218,0.0007046800874514486,1.220000000005982e-06,2,"[1495, 1508]","[6064, 138]"
1271,8,404,1218,0.000709660087451473,4.980000000024418e-06,2,"[1495, 1497]","[6224, 25]"
1272,8,404,1218,0.0007162100874515051,6.550000000032116e-06,3,"[1457, 1497, 1547]","[4535, 1734, 1]"
1273,8,405,1215,0.0007171340492296827,0.0007171340492296827,4,"[1456, 1538, 1539, 1547]","[5180, 472, 8, 672]"
1274,8,405,1215,0.0007175040492296846,3.700000000018142e-07,3,"[1456, 1538, 1539]","[5349, 946, 3]"
1275,8,405,1215,0.000717794049229686,2.9000000000142193e-07,4,"[1456, 1538, 1539, 1540]","[4886, 1318, 4, 2]"
1276,8,405,1215,0.0007180840492296874,2.9000000000142193e-07,4,"[1456, 1538, 1539, 1540]","[4342, 1850, 10, 1]"
1277,8,405,1215,0.0007184240492296891,3.400000000016671e-07,3,"[1456, 1538, 1539]","[3550, 2767, 7]"
1278,8,405,1215,0.0007189140492296915,4.900000000024026e-07,3,"[1456, 1538, 1539]","[2127, 4024, 5]"
1279,8,405,1216,0.000713112344517296,0.000713112344517296,3,"[1445, 1495, 1547]","[2, 10, 6286]"
1280,8,405,1216,0.0007135923445172984,4.800000000023535e-07,1,[1547],[6229]
1281,8,405,1216,0.0007142523445173016,6.600000000032361e-07,1,[1547],[6283]
1282,8,405,1216,0.0007179123445173195,3.6600000000179458e-06,4,"[1456, 1538, 1539, 1547]","[4183, 238, 3, 1778]"
1283,8,405,1217,0.0007132361493368931,0.0007132361493368931,4,"[1495, 1497, 1508, 1547]","[4260, 3, 4, 1998]"
1284,8,405,1218,0.0007052558669743169,0.0007052558669743169,3,"[1495, 1508, 1534]","[6197, 62, 1]"
1285,8,406,1215,0.0007174333718760695,0.0007174333718760695,5,"[1445, 1448, 1456, 1538, 1547]","[293, 810, 5064, 51, 39]"
1286,8,406,1215,0.0007181233718760729,6.900000000033832e-07,2,"[1456, 1538]","[6064, 199]"
1287,8,406,1216,0.0007175883049811414,0.0007175883049811414,5,"[1445, 1448, 1456, 1538, 1547]","[1804, 46, 1868, 4, 2532]"
1288,8,407,1215,0.0007000655994191354,0.0007000655994191354,1,[1448],[6254]
1289,8,407,1216,0.0007067174452021971,0.0007067174452021971,2,"[1445, 1448]","[5910, 406]"
1290,8,407,1216,0.0007071674452021993,4.5000000000220645e-07,1,[1445],[6305]
1291,8,407,1216,0.0007076374452022016,4.700000000023045e-07,1,[1445],[6194]
1292,8,408,1216,0.0007074891746677723,0.0007074891746677723,2,"[1445, 1448]","[6250, 21]"
1293,8,414,1220,0.0006681468801634403,0.0006681468801634403,2,"[1548, 1557]","[4729, 1528]"
1294,8,414,1220,0.0006685268801634421,3.800000000018632e-07,2,"[1548, 1557]","[4803, 1457]"
1295,8,414,1220,0.000668906880163444,3.800000000018632e-07,2,"[1548, 1557]","[4830, 1501]"
1296,8,414,1220,0.0006695568801634472,6.500000000031871e-07,2,"[1548, 1557]","[4751, 1430]"
1297,8,418,1236,0.0007105611490953336,0.0007105611490953336,4,"[1109, 1110, 1114, 1251]","[3731, 2533, 1, 2]"
1298,8,418,1236,0.000711061149095336,5.000000000024516e-07,2,"[1109, 1110]","[3297, 3008]"
1299,8,418,1236,0.0007116111490953387,5.500000000026968e-07,2,"[1109, 1110]","[2834, 3353]"
1300,8,418,1237,0.000710904742151987,0.000710904742151987,2,"[1109, 1110]","[1170, 5099]"
1301,8,419,1236,0.0007096788753492679,0.0007096788753492679,5,"[1109, 1110, 1246, 1251, 1252]","[3172, 3123, 5, 16, 2]"
1302,8,419,1236,0.0007101388753492702,4.600000000022555e-07,3,"[1109, 1110, 1251]","[3076, 3177, 7]"
1303,8,419,1236,0.0007105488753492722,4.100000000020103e-07,3,"[1109, 1110, 1251]","[3177, 3158, 4]"
1304,8,419,1236,0.0007109888753492744,4.400000000021574e-07,4,"[1109, 1110, 1251, 1252]","[2759, 3329, 1, 1]"
1305,8,419,1236,0.000711938875349279,9.500000000046581e-07,2,"[1109, 1110]","[2190, 4054]"
1306,8,419,1237,0.0007092359358934376,0.0007092359358934376,5,"[1109, 1110, 1246, 1247, 1251]","[2606, 3722, 18, 1, 13]"
1307,8,419,1237,0.0007096059358934394,3.700000000018142e-07,5,"[1109, 1110, 1246, 1251, 1252]","[1915, 4234, 6, 9, 3]"
1308,8,419,1237,0.0007099059358934409,3.0000000000147097e-07,5,"[1109, 1110, 1246, 1247, 1251]","[1777, 4549, 4, 1, 7]"
1309,8,419,1237,0.0007101859358934423,2.800000000013729e-07,5,"[1109, 1110, 1246, 1247, 1251]","[1630, 4602, 1, 1, 4]"
1310,8,419,1237,0.000710525935893444,3.400000000016671e-07,4,"[1109, 1110, 1251, 1252]","[1487, 4803, 7, 3]"
1311,8,419,1237,0.0007110759358934466,5.500000000026968e-07,4,"[1109, 1110, 1251, 1252]","[1345, 4783, 2, 1]"
1312,8,420,1237,0.0007085844959911646,0.0007085844959911646,5,"[1109, 1110, 1246, 1247, 1251]","[6202, 53, 29, 1, 2]"
1313,8,420,1237,0.0007091644959911675,5.800000000028439e-07,5,"[1109, 1110, 1246, 1247, 1251]","[6015, 225, 52, 5, 2]"
1314,8,420,1237,0.0007098944959911711,7.300000000035793e-07,6,"[1109, 1110, 1246, 1247, 1251, 1252]","[5363, 730, 73, 1, 10, 1]"
1315,8,421,1237,0.0007079740359176164,0.0007079740359176164,1,[1109],[6304]
1316,8,421,1237,0.0007088940359176209,9.20000000004511e-07,2,"[1109, 1246]","[6194, 4]"
1317,8,421,1238,0.0007079486731669964,0.0007079486731669964,2,"[1109, 1115]","[6284, 2]"
1318,8,422,1238,0.0007065558863637591,0.0007065558863637591,1,[1109],[6252]
1319,8,422,1238,0.0007071858863637622,6.30000000003089e-07,1,[1109],[6339]
1320,8,422,1238,0.0007084358863637683,1.250000000006129e-06,1,[1109],[6159]
1321,8,423,1238,0.0007058444189997729,0.0007058444189997729,1,[1109],[6280]
1322,8,423,1238,0.0007066044189997766,7.600000000037264e-07,1,[1109],[6233]
1323,8,423,1239,0.0007061318383772501,0.0007061318383772501,1,[1109],[6288]
1324,8,424,1239,0.0007045500081193952,0.0007045500081193952,1,[1109],[6290]
1325,8,424,1239,0.0007051900081193983,6.400000000031381e-07,1,[1109],[6269]
1326,8,425,1239,0.0007037415615314463,0.0007037415615314463,2,"[1109, 1140]","[6270, 68]"
1327,8,425,1239,0.0007044215615314496,6.800000000033342e-07,2,"[1109, 1140]","[6170, 30]"
1328,8,425,1240,0.0007046911679957147,0.0007046911679957147,2,"[1109, 1140]","[5947, 313]"
1329,8,426,1239,0.0007031936126562067,0.0007031936126562067,3,"[1109, 1140, 1141]","[4926, 1277, 54]"
1330,8,426,1239,0.0007041836126562115,9.900000000048542e-07,3,"[1109, 1140, 1141]","[3250, 2976, 17]"
1331,8,426,1240,0.0007026624269190531,0.0007026624269190531,3,"[1109, 1140, 1141]","[5100, 1039, 151]"
1332,8,426,1240,0.0007031524269190555,4.900000000024026e-07,3,"[1109, 1140, 1141]","[4095, 2097, 95]"
1333,8,426,1240,0.0007035924269190577,4.400000000021574e-07,3,"[1109, 1140, 1141]","[3050, 3122, 44]"
1334,8,426,1240,0.0007041424269190604,5.500000000026968e-07,3,"[1109, 1140, 1141]","[1869, 4392, 18]"
1335,8,427,1239,0.0007028852504925321,0.0007028852504925321,3,"[1109, 1140, 1141]","[4275, 169, 1842]"
1336,8,427,1240,0.000701824143279177,0.000701824143279177,3,"[1109, 1140, 1141]","[5092, 6, 1224]"
1337,8,427,1240,0.000702234143279179,4.100000000020103e-07,3,"[1109, 1140, 1141]","[4399, 46, 1835]"
1338,8,427,1240,0.0007025841432791808,3.500000000017161e-07,3,"[1109, 1140, 1141]","[3644, 123, 2565]"
1339,8,427,1240,0.0007029541432791826,3.700000000018142e-07,3,"[1109, 1140, 1141]","[2813, 362, 2957]"
1340,8,427,1240,0.0007034741432791851,5.200000000025497e-07,3,"[1109, 1140, 1141]","[2077, 1079, 3094]"
1341,8,427,1240,0.0007050441432791928,1.570000000007698e-06,3,"[1109, 1140, 1141]","[640, 3892, 1654]"
1342,8,428,1240,0.0007011222564227964,0.0007011222564227964,2,"[1109, 1141]","[6298, 17]"
1343,8,428,1240,0.0007017022564227992,5.800000000028439e-07,2,"[1109, 1141]","[6132, 148]"
1344,8,428,1240,0.000702472256422803,7.700000000037755e-07,2,"[1109, 1141]","[5250, 921]"
1345,8,429,1240,0.0007002743254458705,0.0007002743254458705,1,[1109],[6312]
1346,8,429,1240,0.0007008743254458735,6.000000000029419e-07,1,[1109],[6239]
1347,8,429,1240,0.0007020343254458792,1.1600000000056877e-06,1,[1109],[6214]
1348,8,430,1240,0.0006994343757719573,0.0006994343757719573,2,"[1109, 1143]","[6306, 1]"
1349,8,430,1240,0.0007000243757719601,5.900000000028929e-07,1,[1109],[6240]
1350,8,430,1240,0.0007010843757719653,1.0600000000051974e-06,1,[1109],[6203]
1351,8,431,1240,0.0006984242775747644,0.0006984242775747644,4,"[1109, 1143, 1236, 1237]","[5222, 1012, 30, 2]"
1352,8,431,1240,0.0006990442775747674,6.2000000000304e-07,4,"[1109, 1143, 1236, 1237]","[6013, 195, 26, 1]"
1353,8,431,1240,0.0006998342775747713,7.900000000038735e-07,3,"[1109, 1143, 1236]","[6202, 33, 29]"
1354,8,432,1240,0.0006970001674848643,0.0006970001674848643,3,"[1109, 1143, 1144]","[5902, 321, 61]"
1355,8,432,1240,0.0006975301674848669,5.300000000025987e-07,3,"[1109, 1143, 1236]","[5289, 982, 3]"
1356,8,432,1240,0.0006980001674848692,4.700000000023045e-07,4,"[1109, 1143, 1236, 1237]","[4798, 1507, 6, 1]"
1357,8,432,1240,0.0006986101674848722,6.10000000002991e-07,4,"[1109, 1143, 1236, 1237]","[4514, 1610, 12, 1]"
1358,8,433,1240,0.0006955376566262616,0.0006955376566262616,2,"[1109, 1144]","[4808, 1500]"
1359,8,433,1240,0.0006960876566262643,5.500000000026968e-07,2,"[1109, 1144]","[4725, 1524]"
1360,8,433,1240,0.000696637656626267,5.500000000026968e-07,3,"[1109, 1143, 1144]","[5372, 2, 910]"
1361,8,433,1240,0.0006976176566262718,9.800000000048052e-07,3,"[1109, 1143, 1144]","[5913, 36, 233]"
1362,8,433,1241,0.0006963018298898054,0.0006963018298898054,2,"[1109, 1144]","[5358, 906]"
1363,8,434,1240,0.0006955006106754251,0.0006955006106754251,3,"[1109, 1144, 1239]","[5733, 534, 2]"
1364,8,434,1241,0.000693209349104642,0.000693209349104642,2,"[1109, 1239]","[6284, 2]"
1365,8,434,1241,0.000694029349104646,8.200000000040206e-07,2,"[1109, 1144]","[6260, 1]"
1366,8,434,1241,0.0006950093491046508,9.800000000048052e-07,2,"[1109, 1144]","[6180, 37]"
1367,8,435,1241,0.0006921815452896912,0.0006921815452896912,3,"[1109, 1232, 1239]","[5402, 7, 866]"
1368,8,435,1241,0.0006932815452896966,1.1000000000053935e-06,2,"[1109, 1239]","[5316, 909]"
1369,8,435,1242,0.0006902651761158633,0.0006902651761158633,3,"[1109, 1232, 1233]","[6232, 51, 1]"
1370,8,435,1242,0.000691005176115867,7.400000000036284e-07,2,"[1109, 1232]","[6269, 4]"
1371,8,435,1242,0.0006917851761158708,7.800000000038245e-07,3,"[1109, 1232, 1239]","[6246, 2, 5]"
1372,8,435,1243,0.0006898990362198673,0.0006898990362198673,2,"[1109, 1232]","[6252, 4]"
1373,8,436,1242,0.0006908973706712557,0.0006908973706712557,3,"[1109, 1232, 1233]","[5553, 700, 11]"
1374,8,436,1243,0.0006877286000689907,0.0006877286000689907,4,"[1109, 1220, 1221, 1232]","[6266, 9, 6, 1]"
1375,8,436,1243,0.0006884986000689944,7.700000000037755e-07,3,"[1109, 1220, 1232]","[6260, 1, 4]"
1376,8,436,1243,0.0006893786000689988,8.800000000043148e-07,2,"[1109, 1232]","[6231, 14]"
1377,8,436,1244,0.0006864754115870626,0.0006864754115870626,3,"[1109, 1220, 1221]","[6210, 33, 15]"
1378,8,436,1244,0.0006874754115870675,1.0000000000049032e-06,2,"[1109, 1220]","[6210, 68]"
1379,8,437,1244,0.0006845601713879369,0.0006845601713879369,2,"[1109, 1221]","[6223, 65]"
1380,8,437,1244,0.0006853501713879408,7.900000000038735e-07,1,[1109],[6233]
1381,8,437,1244,0.0006861801713879448,8.300000000040697e-07,2,"[1109, 1220]","[6244, 9]"
1382,8,437,1245,0.000684406540348443,0.000684406540348443,2,"[1109, 1221]","[6258, 1]"
1383,8,438,1244,0.0006851580646438717,0.0006851580646438717,2,"[1109, 1221]","[6255, 3]"
1384,8,438,1245,0.0006816470823908693,0.0006816470823908693,1,[1109],[6292]
1385,8,438,1245,0.0006823470823908727,7.000000000034323e-07,1,[1109],[6212]
1386,8,438,1245,0.0006830370823908761,6.900000000033832e-07,1,[1109],[6280]
1387,8,438,1245,0.0006842170823908819,1.1800000000057858e-06,1,[1109],[6222]
1388,8,439,1245,0.0006802791257747481,0.0006802791257747481,1,[1109],[6272]
1389,8,439,1245,0.0006812091257747527,9.3000000000456e-07,1,[1109],[6279]
1390,8,439,1246,0.0006802154305586638,0.0006802154305586638,1,[1109],[6282]
1391,8,440,1246,0.0006786139092408788,0.0006786139092408788,3,"[1109, 1159, 1160]","[6291, 3, 3]"
1392,8,440,1246,0.0006791739092408815,5.600000000027458e-07,3,"[1109, 1159, 1160]","[6296, 3, 1]"
1393,8,440,1246,0.000680093909240886,9.20000000004511e-07,3,"[1109, 1159, 1160]","[6168, 3, 3]"
1394,8,441,1246,0.0006783556260575396,0.0006783556260575396,3,"[1109, 1159, 1160]","[6311, 1, 2]"
1395,8,441,1246,0.0006790856260575432,7.300000000035793e-07,2,"[1109, 1160]","[6233, 2]"
1396,8,441,1247,0.0006780753597514577,0.0006780753597514577,1,[1109],[6266]
1397,8,441,1247,0.0006789053597514617,8.300000000040697e-07,1,[1109],[6242]
1398,8,442,1247,0.0006754179177148553,0.0006754179177148553,1,[1109],[6287]
1399,8,442,1247,0.0006763379177148598,9.20000000004511e-07,1,[1109],[6259]
1400,8,442,1247,0.0006770679177148634,7.300000000035793e-07,1,[1109],[6279]
1401,8,442,1247,0.0006777879177148669,7.200000000035303e-07,1,[1109],[6222]
1402,8,442,1247,0.0006789479177148726,1.1600000000056877e-06,1,[1109],[6210]
1403,8,442,1248,0.000674917950885793,0.000674917950885793,1,[1109],[6255]
1404,8,442,1248,0.0006771979508858042,2.2800000000111793e-06,1,[1109],[6249]
1405,8,443,1247,0.0006680326936384268,0.0006680326936384268,1,[1109],[6280]
1406,8,443,1247,0.0006694526936384338,1.4200000000069626e-06,1,[1109],[6230]
1407,8,443,1247,0.0006711926936384423,1.7400000000085316e-06,1,[1109],[6248]
1408,8,443,1247,0.0006726026936384492,1.4100000000069135e-06,1,[1109],[6282]
1409,8,443,1247,0.0006744226936384581,1.8200000000089239e-06,1,[1109],[6215]
1410,8,443,1248,0.0006687945123063049,0.0006687945123063049,1,[1109],[6262]
1411,8,443,1248,0.0006708945123063152,2.1000000000102968e-06,1,[1109],[6258]
1412,8,443,1248,0.0006724645123063229,1.570000000007698e-06,1,[1109],[6262]
1413,8,443,1248,0.0006732845123063269,8.200000000040206e-07,1,[1109],[6230]
1414,8,443,1248,0.0006743345123063321,1.0500000000051484e-06,1,[1109],[6268]
1415,8,444,1247,0.000667137444102664,0.000667137444102664,1,[1109],[6278]
1416,8,444,1247,0.0006678474441026675,7.100000000034813e-07,1,[1109],[6258]
1417,8,444,1247,0.0006694574441026754,1.6100000000078942e-06,1,[1109],[6225]
1418,8,444,1247,0.0006728374441026919,3.380000000016573e-06,1,[1109],[6239]
1419,8,444,1248,0.0006682022234341515,0.0006682022234341515,1,[1109],[6271]
1420,8,444,1248,0.0006710122234341653,2.810000000013778e-06,1,[1109],[6230]
1421,8,497,1295,0.0005997877767870371,0.0005997877767870371,1,[812],[6258]
1422,8,498,1295,0.0005989913388251703,0.0005989913388251703,1,[812],[6307]
1423,8,498,1295,0.000599551338825173,5.600000000027458e-07,1,[812],[6273]
1424,8,498,1295,0.0006013213388251817,1.7700000000086787e-06,1,[812],[6170]
1425,8,498,1296,0.0005992175917331242,0.0005992175917331242,1,[812],[6290]
1426,8,499,1296,0.0005979296891171679,0.0005979296891171679,1,[812],[6361]
1427,8,499,1296,0.0005983796891171701,4.5000000000220645e-07,1,[812],[6190]
1428,8,499,1296,0.0005989396891171729,5.600000000027458e-07,1,[812],[6241]
1429,8,500,1296,0.0005978647714406101,0.0005978647714406101,1,[812],[6290]
1430,8,500,1297,0.0005972527001393287,0.0005972527001393287,1,[812],[6303]
1431,8,500,1297,0.0005978027001393314,5.500000000026968e-07,1,[812],[6209]
1432,8,501,1297,0.000596780459028203,0.000596780459028203,3,"[812, 1075, 1076]","[6223, 81, 1]"
1433,8,501,1297,0.0005973104590282056,5.300000000025987e-07,3,"[812, 1075, 1076]","[6204, 20, 1]"
1434,8,501,1298,0.0005968187927272021,0.0005968187927272021,3,"[812, 1075, 1076]","[6036, 276, 1]"
1435,8,502,1298,0.0005959225714398541,0.0005959225714398541,3,"[812, 1075, 1076]","[6231, 66, 1]"
1436,8,502,1298,0.0005963625714398563,4.400000000021574e-07,3,"[812, 1075, 1076]","[6159, 116, 3]"
1437,8,502,1298,0.0005968525714398587,4.900000000024026e-07,3,"[812, 1075, 1076]","[6087, 113, 2]"
1438,8,503,1298,0.0005964019844974754,0.0005964019844974754,1,[812],[6260]
1439,8,503,1299,0.0005951186751481843,0.0005951186751481843,1,[812],[6332]
1440,8,503,1299,0.0005956486751481869,5.300000000025987e-07,1,[812],[6212]
1441,8,503,1299,0.0005965186751481911,8.700000000042658e-07,1,[812],[6208]
1442,8,504,1299,0.0005949628749315966,0.0005949628749315966,1,[812],[6287]
1443,8,504,1300,0.0005940459483578732,0.0005940459483578732,1,[812],[6261]
1444,8,504,1300,0.0005945959483578759,5.500000000026968e-07,1,[812],[6350]
1445,8,504,1300,0.0005956559483578811,1.0600000000051974e-06,1,[812],[6150]
1446,8,505,1300,0.000594034094125315,0.000594034094125315,1,[812],[6254]
1447,8,505,1301,0.0005929516629190201,0.0005929516629190201,2,"[812, 998]","[6310, 1]"
1448,8,505,1301,0.0005934816629190227,5.300000000025987e-07,1,[812],[6193]
1449,8,505,1301,0.0005944216629190273,9.40000000004609e-07,1,[812],[6260]
1450,8,506,1301,0.000593158852866235,0.000593158852866235,1,[812],[6252]
1451,8,506,1302,0.0005919612770106995,0.0005919612770106995,3,"[812, 997, 998]","[6327, 3, 3]"
1452,8,506,1302,0.000592461277010702,5.000000000024516e-07,3,"[812, 997, 998]","[6164, 3, 2]"
1453,8,506,1302,0.000593481277010707,1.0200000000050013e-06,2,"[812, 997]","[6252, 1]"
1454,8,507,1303,0.0005914361366908933,0.0005914361366908933,2,"[812, 1001]","[6246, 35]"
1455,8,507,1303,0.0005918661366908954,4.300000000021084e-07,2,"[812, 1001]","[6260, 3]"
1456,8,507,1303,0.0005924161366908981,5.500000000026968e-07,1,[812],[6240]
1457,8,507,1304,0.000591488859966549,0.000591488859966549,3,"[812, 957, 1001]","[6289, 14, 30]"
1458,8,507,1304,0.0005923988599665534,9.100000000044619e-07,2,"[812, 957]","[6164, 18]"
1459,8,508,1304,0.0005913441521946257,0.0005913441521946257,5,"[812, 957, 958, 1001, 1002]","[6175, 47, 2, 42, 10]"
1460,8,508,1304,0.0005921741521946297,8.300000000040697e-07,4,"[812, 957, 958, 1001]","[6180, 48, 3, 1]"
1461,8,508,1305,0.0005908335804766614,0.0005908335804766614,2,"[812, 957]","[6329, 11]"
1462,8,508,1305,0.0005913135804766638,4.800000000023535e-07,3,"[812, 957, 958]","[6252, 18, 2]"
1463,8,508,1305,0.0005921335804766678,8.200000000040206e-07,3,"[812, 957, 958]","[6128, 27, 1]"
1464,8,508,1306,0.0005904240619166062,0.0005904240619166062,3,"[812, 839, 1004]","[6043, 3, 251]"
1465,8,508,1306,0.0005909740619166089,5.500000000026968e-07,2,"[812, 840]","[6243, 2]"
1466,8,508,1307,0.0005904173525308595,0.0005904173525308595,6,"[812, 832, 839, 840, 1004, 1005]","[5373, 13, 3, 1, 859, 2]"
1467,8,508,1308,0.0005899203220347024,0.0005899203220347024,3,"[812, 832, 1004]","[5877, 371, 3]"
1468,8,508,1309,0.0005842662999996559,0.0005842662999996559,3,"[812, 834, 835]","[6277, 3, 2]"
1469,8,508,1309,0.0005858462999996637,1.580000000007747e-06,1,[812],[6247]
1470,8,508,1309,0.0005874862999996717,1.6400000000080413e-06,1,[812],[6272]
1471,8,508,1309,0.0005886662999996775,1.1800000000057858e-06,2,"[812, 832]","[6205, 28]"
1472,8,508,1309,0.0005898162999996831,1.1500000000056387e-06,2,"[812, 832]","[6154, 74]"
1473,8,508,1310,0.0005842197031603996,0.0005842197031603996,3,"[812, 834, 835]","[6237, 11, 3]"
1474,8,509,1306,0.0005909636289203606,0.0005909636289203606,3,"[812, 839, 840]","[6257, 5, 2]"
1475,8,509,1307,0.0005899018514654726,0.0005899018514654726,4,"[812, 832, 839, 840]","[6217, 114, 1, 1]"
1476,8,509,1307,0.0005904818514654754,5.800000000028439e-07,4,"[812, 832, 839, 840]","[6158, 35, 4, 1]"
1477,8,509,1308,0.0005887870772468217,0.0005887870772468217,2,"[812, 832]","[2981, 3340]"
1478,8,509,1308,0.0005891770772468236,3.9000000000191225e-07,2,"[812, 832]","[2842, 3407]"
1479,8,509,1308,0.000589467077246825,2.9000000000142193e-07,2,"[812, 832]","[3428, 2829]"
1480,8,509,1308,0.0005897470772468264,2.800000000013729e-07,2,"[812, 832]","[3660, 2513]"
1481,8,509,1308,0.0005900970772468281,3.500000000017161e-07,2,"[812, 832]","[4210, 2121]"
1482,8,509,1309,0.0005832078467534527,0.0005832078467534527,4,"[812, 834, 835, 844]","[6230, 16, 2, 2]"
1483,8,509,1309,0.000584287846753458,1.0800000000052955e-06,3,"[812, 834, 844]","[6298, 1, 5]"
1484,8,509,1309,0.0005851278467534621,8.400000000041187e-07,2,"[812, 844]","[6196, 3]"
1485,8,509,1309,0.0005860878467534668,9.60000000004707e-07,2,"[812, 844]","[6258, 1]"
1486,8,509,1309,0.0005872078467534723,1.1200000000054916e-06,2,"[812, 832]","[6263, 17]"
1487,8,509,1309,0.0005881878467534771,9.800000000048052e-07,2,"[812, 832]","[5132, 1082]"
1488,8,509,1309,0.0005887978467534801,6.10000000002991e-07,2,"[812, 832]","[3232, 3047]"
1489,8,509,1309,0.0005892978467534826,5.000000000024516e-07,2,"[812, 832]","[2667, 3652]"
1490,8,509,1309,0.0005900578467534863,7.600000000037264e-07,2,"[812, 832]","[2823, 3348]"
1491,8,509,1310,0.0005827492879888351,0.0005827492879888351,4,"[812, 834, 835, 844]","[6268, 12, 1, 1]"
1492,8,509,1310,0.0005837192879888398,9.700000000047561e-07,4,"[812, 834, 835, 844]","[6209, 7, 2, 40]"
1493,8,521,1328,0.0005905677439599112,0.0005905677439599112,1,[960],[6258]
1494,8,521,1329,0.0005913322817778351,0.0005913322817778351,1,[960],[6263]
